Date,Hour,Charging energy,Price,Energy Purchase from grid,Cost of energy supply from grid at DT,Cost of energy supply on route,EVs slow charging,EVs fast charging 50kW,EVs fast charging 150kW,EVs fast charging 350kW,EVs route charging,Slow Charging pertime,Fast Charging pertime 50kW,Fast Charging pertime 150kW,Fast Charging pertime 350kW,Route Charging pertime
1,0,0.0,0.02325168,0.0,0.0,0.0,0.0,0.0,0.0,0.0,0.0,0.0,0.0,0.0,0.0,0.0
1,1,0.0,0.0159638399999999,0.0,0.0,0.0,0.0,0.0,0.0,0.0,0.0,0.0,0.0,0.0,0.0,0.0
1,2,0.0,0.0010411199999999,0.0,0.0,0.0,0.0,0.0,0.0,0.0,0.0,0.0,0.0,0.0,0.0,0.0
1,3,0.0,0.00092544,0.0,0.0,0.0,0.0,0.0,0.0,0.0,0.0,0.0,0.0,0.0,0.0,0.0
1,4,0.0,0.0005784,0.0,0.0,0.0,0.0,0.0,0.0,0.0,0.0,0.0,0.0,0.0,0.0,0.0
1,5,0.0,0.00092544,0.0,0.0,0.0,0.0,0.0,0.0,0.0,0.0,0.0,0.0,0.0,0.0,0.0
1,6,0.0,0.0010411199999999,0.0,0.0,0.0,0.0,0.0,0.0,0.0,0.0,0.0,0.0,0.0,0.0,0.0
1,7,0.0,0.00613104,0.0,0.0,0.0,0.0,0.0,0.0,0.0,0.0,0.0,0.0,0.0,0.0,0.0
1,8,0.0,0.0234830399999999,0.0,0.0,0.0,0.0,0.0,0.0,0.0,0.0,0.0,0.0,0.0,0.0,0.0
1,9,0.0,0.0358608,0.0,0.0,0.0,0.0,0.0,0.0,0.0,0.0,0.0,0.0,0.0,0.0,0.0
1,10,0.0,0.0512462399999999,0.0,0.0,0.0,0.0,0.0,0.0,0.0,0.0,0.0,0.0,0.0,0.0,0.0
1,11,0.0,0.0701020799999999,0.0,0.0,0.0,0.0,0.0,0.0,0.0,0.0,0.0,0.0,0.0,0.0,0.0
1,12,0.0,0.0701020799999999,0.0,0.0,0.0,0.0,0.0,0.0,0.0,0.0,0.0,0.0,0.0,0.0,0.0
1,13,0.0,0.06570624,0.0,0.0,0.0,0.0,0.0,0.0,0.0,0.0,0.0,0.0,0.0,0.0,0.0
1,14,2.3565699137331504,0.20486928,2.4445745993082477,0.0,21.756713933843404,0.0,0.0,0.0,0.0,1.0,0.0,0.0,0.0,0.0,2.3565699137331504
1,15,3.6125369382859835,0.2789044799999999,3.747444956728199,0.0,33.35226011488097,0.0,0.0,0.0,0.0,1.0,0.0,0.0,0.0,0.0,3.6125369382859835
1,16,4.95025986728407,0.42269472,5.135124343655674,0.0,45.70260665853551,0.0,0.0,0.0,0.0,3.0,0.0,0.0,0.0,0.0,4.95025986728407
1,17,19.12727613628926,0.53247504,19.841572755486787,0.0,176.58999752383238,0.0,0.0,0.0,0.0,7.0,0.0,0.0,0.0,0.0,19.12727613628926
1,18,22.949644613603418,0.62733264,23.80668528382098,0.0,211.87949902600673,0.0,0.0,0.0,0.0,6.0,0.0,0.0,0.0,0.0,22.949644613603418
1,19,31.69925076723723,0.62039184,32.88304021497639,10.032862273858923,156.02005376391227,2.0,0.0,0.0,0.0,8.0,14.8,0.0,0.0,0.0,16.899250767237234
1,20,42.25199974720438,0.5558424,43.829875256436075,22.604635684647306,48.48837940883706,5.0,0.0,0.0,0.0,4.0,37.0,0.0,0.0,0.0,5.251999747204373
1,21,55.67681257817632,0.51685824,57.756029645411125,25.62495698432928,99.33878273513051,7.0,0.0,0.0,0.0,4.0,44.91697139203409,0.0,0.0,0.0,10.759841186142225
1,22,51.694808248669474,0.5316652799999999,53.625319760030585,30.285718729363197,0.0,7.0,0.0,0.0,0.0,0.0,51.694808248669474,0.0,0.0,0.0,0.0
1,23,51.69480824866946,0.40488,53.625319760030564,23.486817548498188,0.0,7.0,0.0,0.0,0.0,0.0,51.69480824866946,0.0,0.0,0.0,0.0
2,0,45.27012318766594,0.66990288,46.96070870089828,33.013513463572544,0.0,7.0,0.0,0.0,0.0,0.0,45.27012318766594,0.0,0.0,0.0,0.0
2,1,48.354865832497154,0.59771856,50.16064920383522,31.642268499428486,0.0,9.0,0.0,0.0,0.0,0.0,48.354865832497154,0.0,0.0,0.0,0.0
2,2,51.694808248669474,0.61148448,53.625319760030585,34.56604885235305,0.0,8.0,0.0,0.0,0.0,0.0,51.694808248669474,0.0,0.0,0.0,0.0
2,3,42.75967526465771,0.5108428799999999,44.356509610640785,24.12740758435962,0.0,8.0,0.0,0.0,0.0,0.0,42.75967526465771,0.0,0.0,0.0,0.0
2,4,44.85291511856199,0.57932544,46.52792024747095,28.49488202984231,0.0,7.0,0.0,0.0,0.0,0.0,44.85291511856199,0.0,0.0,0.0,0.0
2,5,51.694808248669474,0.81820464,53.625319760030585,45.65148353319772,0.0,7.0,0.0,0.0,0.0,0.0,51.694808248669474,0.0,0.0,0.0,0.0
2,6,41.69555148985703,1.18641408,43.252646773710616,52.74721173780666,0.0,8.0,0.0,0.0,0.0,0.0,41.69555148985703,0.0,0.0,0.0,0.0
2,7,51.69480824866946,1.59858192,53.625319760030564,87.4994647066606,0.0,7.0,0.0,0.0,0.0,0.0,51.69480824866946,0.0,0.0,0.0,0.0
2,8,15.368218562776423,1.68869664,15.942135438564756,27.449115232545722,0.0,3.0,0.0,0.0,0.0,0.0,15.368218562776423,0.0,0.0,0.0,0.0
2,9,7.4,1.7010744,7.6763485477178435,13.312127136929462,0.0,1.0,0.0,0.0,0.0,0.0,7.4,0.0,0.0,0.0,0.0
2,10,7.4,1.68441648,7.6763485477178435,13.184255136929462,0.0,1.0,0.0,0.0,0.0,0.0,7.4,0.0,0.0,0.0,0.0
2,11,0.0,1.6582728,0.0,0.0,0.0,0.0,0.0,0.0,0.0,0.0,0.0,0.0,0.0,0.0,0.0
2,12,0.0,1.67018784,0.0,0.0,0.0,0.0,0.0,0.0,0.0,0.0,0.0,0.0,0.0,0.0,0.0
2,13,0.0,1.6630156799999996,0.0,0.0,0.0,0.0,0.0,0.0,0.0,0.0,0.0,0.0,0.0,0.0,0.0
2,14,0.0,1.7143775999999995,0.0,0.0,0.0,0.0,0.0,0.0,0.0,0.0,0.0,0.0,0.0,0.0,0.0
2,15,3.438459730827143,1.79697312,3.5668669406920577,0.0,31.745115772159316,0.0,0.0,0.0,0.0,1.0,0.0,0.0,0.0,0.0,3.438459730827143
2,16,0.0,1.88431152,0.0,0.0,0.0,0.0,0.0,0.0,0.0,0.0,0.0,0.0,0.0,0.0,0.0
2,17,0.0,1.96656,0.0,0.0,0.0,0.0,0.0,0.0,0.0,0.0,0.0,0.0,0.0,0.0,0.0
2,18,3.756654696716975,2.02139232,3.896944706137941,0.0,34.68280788462768,0.0,0.0,0.0,0.0,1.0,0.0,0.0,0.0,0.0,3.756654696716975
2,19,21.70853431674849,1.90247328,22.51922646965611,43.587613040935096,0.0,3.0,0.0,0.0,0.0,0.0,21.70853431674849,0.0,0.0,0.0,0.0
2,20,50.20829875518672,1.769904,52.083297463886645,93.90639366057746,0.0,7.0,0.0,0.0,0.0,0.0,50.20829875518672,0.0,0.0,0.0,0.0
2,21,51.69480824866945,1.6388385599999995,53.625319760030564,89.65823989912502,0.0,7.0,0.0,0.0,0.0,0.0,51.69480824866945,0.0,0.0,0.0,0.0
2,22,46.464273207178906,1.5231585600000002,48.19945353441796,75.01081215026022,0.0,7.0,0.0,0.0,0.0,0.0,46.464273207178906,0.0,0.0,0.0,0.0
2,23,44.294808248669455,1.3657180800000002,45.94897121231272,64.27425168918256,0.0,7.0,0.0,0.0,0.0,0.0,44.294808248669455,0.0,0.0,0.0,0.0
3,0,44.782594958674565,0.91167408,46.454974023521345,43.889455344496284,0.0,7.0,0.0,0.0,0.0,0.0,44.782594958674565,0.0,0.0,0.0,0.0
3,1,37.609985422594164,0.85522224,39.01450769978648,34.657454872371574,0.0,7.0,0.0,0.0,0.0,0.0,37.609985422594164,0.0,0.0,0.0,0.0
3,2,51.694808248669474,0.85533792,53.625319760030585,47.64276754693647,0.0,7.0,0.0,0.0,0.0,0.0,51.694808248669474,0.0,0.0,0.0,0.0
3,3,51.69480824866946,0.82641792,53.625319760030564,46.09192329947637,0.0,7.0,0.0,0.0,0.0,0.0,51.69480824866946,0.0,0.0,0.0,0.0
3,4,51.69480824866945,0.83671344,53.625319760030564,46.64402385157216,0.0,7.0,0.0,0.0,0.0,0.0,51.69480824866945,0.0,0.0,0.0,0.0
3,5,51.694808248669474,0.89235552,53.625319760030585,49.62784818368538,0.0,7.0,0.0,0.0,0.0,0.0,51.694808248669474,0.0,0.0,0.0,0.0
3,6,48.830797768928406,1.18548864,50.65435453208341,61.72682099932936,0.0,7.0,0.0,0.0,0.0,0.0,48.830797768928406,0.0,0.0,0.0,0.0
3,7,50.35337493228177,1.79257728,52.23379142352881,95.3620462501954,0.0,7.0,0.0,0.0,0.0,0.0,50.35337493228177,0.0,0.0,0.0,0.0
3,8,35.40829875518672,1.89622656,36.73060036845096,70.86532285559821,0.0,6.0,0.0,0.0,0.0,0.0,35.40829875518672,0.0,0.0,0.0,0.0
3,9,10.315270454241862,1.93266576,10.70048802307247,8.884163630270846,55.011312809161176,1.0,0.0,0.0,0.0,1.0,4.35674174097991,0.0,0.0,0.0,5.958528713261951
3,10,0.0,1.95001776,0.0,0.0,0.0,0.0,0.0,0.0,0.0,0.0,0.0,0.0,0.0,0.0,0.0
3,11,0.0,1.96066032,0.0,0.0,0.0,0.0,0.0,0.0,0.0,0.0,0.0,0.0,0.0,0.0,0.0
3,12,0.0,1.902936,0.0,0.0,0.0,0.0,0.0,0.0,0.0,0.0,0.0,0.0,0.0,0.0,0.0
3,13,15.642646005255864,1.86140688,16.226811208771643,0.0,144.41861975806765,0.0,0.0,0.0,0.0,2.0,0.0,0.0,0.0,0.0,15.642646005255864
3,14,0.0,1.88627808,0.0,0.0,0.0,0.0,0.0,0.0,0.0,0.0,0.0,0.0,0.0,0.0,0.0
3,15,0.0,1.94030064,0.0,0.0,0.0,0.0,0.0,0.0,0.0,0.0,0.0,0.0,0.0,0.0,0.0
3,16,0.0,1.92734448,0.0,0.0,0.0,0.0,0.0,0.0,0.0,0.0,0.0,0.0,0.0,0.0,0.0
3,17,0.0,1.97488896,0.0,0.0,0.0,0.0,0.0,0.0,0.0,0.0,0.0,0.0,0.0,0.0,0.0
3,18,1.202001904644962,1.95418224,1.2468899425777615,0.0,11.097320488942078,0.0,0.0,0.0,0.0,1.0,0.0,0.0,0.0,0.0,1.202001904644962
3,19,7.4,1.86233232,7.6763485477178435,14.549999136929461,0.0,1.0,0.0,0.0,0.0,0.0,7.4,0.0,0.0,0.0,0.0
3,20,19.935694018372306,1.73080416,20.68018051698372,36.477856443458535,0.0,3.0,0.0,0.0,0.0,0.0,19.935694018372306,0.0,0.0,0.0,0.0
3,21,45.125145504342704,1.5159864,46.81031691321858,62.80879008893846,55.75510408397097,6.0,0.0,0.0,0.0,1.0,39.08605333165191,0.0,0.0,0.0,6.039092172690787
3,22,51.694808248669474,1.32187536,53.625319760030585,72.66098694696254,0.0,7.0,0.0,0.0,0.0,0.0,51.694808248669474,0.0,0.0,0.0,0.0
3,23,44.4,1.08345888,46.05809128630706,51.42657082157676,0.0,6.0,0.0,0.0,0.0,0.0,44.4,0.0,0.0,0.0,0.0
4,0,51.694808248669474,0.95875584,53.625319760030585,53.18858657585373,0.0,7.0,0.0,0.0,0.0,0.0,51.694808248669474,0.0,0.0,0.0,0.0
4,1,51.694808248669474,0.91202112,53.625319760030585,50.68242227195824,0.0,7.0,0.0,0.0,0.0,0.0,51.694808248669474,0.0,0.0,0.0,0.0
4,2,44.29480824866946,0.80895024,45.94897121231272,38.69134223708102,0.0,7.0,0.0,0.0,0.0,0.0,44.29480824866946,0.0,0.0,0.0,0.0
4,3,51.69480824866945,0.8011996800000001,53.625319760030564,44.73958711569118,0.0,7.0,0.0,0.0,0.0,0.0,51.69480824866945,0.0,0.0,0.0,0.0
4,4,51.69480824866945,0.830004,53.625319760030585,46.28422798616144,0.0,7.0,0.0,0.0,0.0,0.0,51.69480824866945,0.0,0.0,0.0,0.0
4,5,51.694808248669474,0.94545264,53.625319760030585,52.4751982220221,0.0,7.0,0.0,0.0,0.0,0.0,51.694808248669474,0.0,0.0,0.0,0.0
4,6,50.2082987551867,0.92671248,52.08329746388662,49.99019890539073,0.0,7.0,0.0,0.0,0.0,0.0,50.2082987551867,0.0,0.0,0.0,0.0
4,7,51.694808248669474,0.96396144,53.625319760030585,53.46773854039655,0.0,7.0,0.0,0.0,0.0,0.0,51.694808248669474,0.0,0.0,0.0,0.0
4,8,29.6,0.99797136,30.705394190871374,31.659452547717844,0.0,5.0,0.0,0.0,0.0,0.0,29.6,0.0,0.0,0.0,0.0
4,9,31.904184073682885,0.98756016,33.09562663245113,19.85513248571671,121.41736803513916,3.0,0.0,0.0,0.0,1.0,18.75290960335995,0.0,0.0,0.0,13.151274470322937
4,10,0.0,0.8785896,0.0,0.0,0.0,0.0,0.0,0.0,0.0,0.0,0.0,0.0,0.0,0.0,0.0
4,11,0.0,0.94522128,0.0,0.0,0.0,0.0,0.0,0.0,0.0,0.0,0.0,0.0,0.0,0.0,0.0
4,12,24.392754257841485,0.93573552,25.303686989462122,0.0,225.2028142062129,0.0,0.0,0.0,0.0,1.0,0.0,0.0,0.0,0.0,24.392754257841485
4,13,0.0,0.92220096,0.0,0.0,0.0,0.0,0.0,0.0,0.0,0.0,0.0,0.0,0.0,0.0,0.0
4,14,0.0,0.92798496,0.0,0.0,0.0,0.0,0.0,0.0,0.0,0.0,0.0,0.0,0.0,0.0,0.0
4,15,0.0,0.92243232,0.0,0.0,0.0,0.0,0.0,0.0,0.0,0.0,0.0,0.0,0.0,0.0,0.0
4,16,9.57408148334074,0.93492576,9.93161979599662,0.0,88.39141618436992,0.0,0.0,0.0,0.0,1.0,0.0,0.0,0.0,0.0,9.57408148334074
4,17,0.0,0.99669888,0.0,0.0,0.0,0.0,0.0,0.0,0.0,0.0,0.0,0.0,0.0,0.0,0.0
4,18,0.0,0.83613504,0.0,0.0,0.0,0.0,0.0,0.0,0.0,0.0,0.0,0.0,0.0,0.0,0.0
4,19,14.8,0.77054448,15.352697095435687,12.338110273858923,0.0,2.0,0.0,0.0,0.0,0.0,14.8,0.0,0.0,0.0,0.0
4,20,23.328257105083324,0.71871984,24.199436830999304,18.193616726372003,0.0,4.0,0.0,0.0,0.0,0.0,23.328257105083324,0.0,0.0,0.0,0.0
4,21,51.694808248669474,0.6623836799999999,53.625319760030585,37.29553472788279,0.0,7.0,0.0,0.0,0.0,0.0,51.694808248669474,0.0,0.0,0.0,0.0
4,22,51.69480824866945,0.43888992,53.625319760030564,25.31061038351125,0.0,7.0,0.0,0.0,0.0,0.0,51.69480824866945,0.0,0.0,0.0,0.0
4,23,51.694808248669474,0.3565257599999999,53.625319760030585,20.89380596674493,0.0,7.0,0.0,0.0,0.0,0.0,51.694808248669474,0.0,0.0,0.0,0.0
5,0,47.434593847368774,0.34738704,49.20601021511285,18.72224917695805,0.0,7.0,0.0,0.0,0.0,0.0,47.434593847368774,0.0,0.0,0.0,0.0
5,1,51.69480824866945,0.3256392,53.625319760030564,19.23750431045756,0.0,7.0,0.0,0.0,0.0,0.0,51.69480824866945,0.0,0.0,0.0,0.0
5,2,50.103107003856174,0.32020224,51.974177389892304,18.36259329400631,0.0,7.0,0.0,0.0,0.0,0.0,50.103107003856174,0.0,0.0,0.0,0.0
5,3,51.694808248669474,0.3211276799999999,53.625319760030585,18.995572607853788,0.0,7.0,0.0,0.0,0.0,0.0,51.694808248669474,0.0,0.0,0.0,0.0
5,4,51.69480824866946,0.33119184,53.625319760030564,19.535266405969896,0.0,7.0,0.0,0.0,0.0,0.0,51.69480824866946,0.0,0.0,0.0,0.0
5,5,39.792499564647315,0.4604064,41.27852651934369,20.371217019865835,0.0,7.0,0.0,0.0,0.0,0.0,39.792499564647315,0.0,0.0,0.0,0.0
5,6,51.69480824866945,0.7253136000000001,53.625319760030585,40.67017181035594,0.0,7.0,0.0,0.0,0.0,0.0,51.69480824866945,0.0,0.0,0.0,0.0
5,7,41.995485853941126,0.98941104,43.563782006162995,44.544448045455006,0.0,7.0,0.0,0.0,0.0,0.0,41.995485853941126,0.0,0.0,0.0,0.0
5,8,33.53170738103527,1.08207072,34.78392881850132,38.79001894495686,0.0,5.0,0.0,0.0,0.0,0.0,33.53170738103527,0.0,0.0,0.0,0.0
5,9,22.742073353618515,1.2484185600000002,23.591362400019207,30.23276877131076,0.0,5.0,0.0,0.0,0.0,0.0,22.742073353618515,0.0,0.0,0.0,0.0
5,10,0.0,1.48938,0.0,0.0,0.0,0.0,0.0,0.0,0.0,0.0,0.0,0.0,0.0,0.0,0.0
5,11,0.0,1.6153555199999998,0.0,0.0,0.0,0.0,0.0,0.0,0.0,0.0,0.0,0.0,0.0,0.0,0.0
5,12,0.0,1.61940432,0.0,0.0,0.0,0.0,0.0,0.0,0.0,0.0,0.0,0.0,0.0,0.0,0.0
5,13,0.0,1.64936544,0.0,0.0,0.0,0.0,0.0,0.0,0.0,0.0,0.0,0.0,0.0,0.0,0.0
5,14,0.0,1.7282592,0.0,0.0,0.0,0.0,0.0,0.0,0.0,0.0,0.0,0.0,0.0,0.0,0.0
5,15,6.714434692963915,1.7953536,6.965181216767547,0.0,61.99011282923117,0.0,0.0,0.0,0.0,1.0,0.0,0.0,0.0,0.0,6.714434692963915
5,16,0.0,1.95024912,0.0,0.0,0.0,0.0,0.0,0.0,0.0,0.0,0.0,0.0,0.0,0.0,0.0
5,17,0.0,2.19826704,0.0,0.0,0.0,0.0,0.0,0.0,0.0,0.0,0.0,0.0,0.0,0.0,0.0
5,18,0.0,2.19792,0.0,0.0,0.0,0.0,0.0,0.0,0.0,0.0,0.0,0.0,0.0,0.0,0.0
5,19,7.4,2.00947728,7.6763485477178435,15.679535136929465,0.0,1.0,0.0,0.0,0.0,0.0,7.4,0.0,0.0,0.0,0.0
5,20,37.0,1.8514584,38.38174273858922,72.33263568464731,0.0,5.0,0.0,0.0,0.0,0.0,37.0,0.0,0.0,0.0,0.0
5,21,23.064266212658097,1.71923616,23.92558735752915,41.92567187583717,0.0,4.0,0.0,0.0,0.0,0.0,23.064266212658097,0.0,0.0,0.0,0.0
5,22,51.694808248669474,1.6330545599999997,53.625319760030585,89.34807104963305,0.0,7.0,0.0,0.0,0.0,0.0,51.694808248669474,0.0,0.0,0.0,0.0
5,23,51.694808248669474,1.469136,53.625319760030585,80.5578858550293,0.0,7.0,0.0,0.0,0.0,0.0,51.694808248669474,0.0,0.0,0.0,0.0
6,0,44.983704959885216,1.24020528,46.6635943567274,59.41700107819921,0.0,7.0,0.0,0.0,0.0,0.0,44.983704959885216,0.0,0.0,0.0,0.0
6,1,49.75779918900662,1.1695247999999998,51.61597426245501,62.07465072419009,0.0,7.0,0.0,0.0,0.0,0.0,49.75779918900662,0.0,0.0,0.0,0.0
6,2,51.694808248669474,1.11897264,53.625319760030585,61.78026370678259,0.0,7.0,0.0,0.0,0.0,0.0,51.694808248669474,0.0,0.0,0.0,0.0
6,3,44.700400185815525,0.95250912,46.369709736323166,45.7024088078729,0.0,7.0,0.0,0.0,0.0,0.0,44.700400185815525,0.0,0.0,0.0,0.0
6,4,51.694808248669474,0.94776624,53.625319760030585,52.5992657618189,0.0,7.0,0.0,0.0,0.0,0.0,51.694808248669474,0.0,0.0,0.0,0.0
6,5,51.69480824866946,0.97205904,53.625319760030585,53.901974929685366,0.0,7.0,0.0,0.0,0.0,0.0,51.69480824866946,0.0,0.0,0.0,0.0
6,6,51.39123625519146,1.124988,53.310411053103174,61.738147315666154,0.0,7.0,0.0,0.0,0.0,0.0,51.39123625519146,0.0,0.0,0.0,0.0
6,7,49.828843203612685,1.2024936,51.68967137304221,63.867427134634156,0.0,7.0,0.0,0.0,0.0,0.0,49.828843203612685,0.0,0.0,0.0,0.0
6,8,51.694808248669474,1.25524368,53.625319760030585,69.08784180081452,0.0,7.0,0.0,0.0,0.0,0.0,51.694808248669474,0.0,0.0,0.0,0.0
6,9,14.8,1.27155456,15.352697095435687,20.02996627385892,0.0,2.0,0.0,0.0,0.0,0.0,14.8,0.0,0.0,0.0,0.0
6,10,0.0,1.27409952,0.0,0.0,0.0,0.0,0.0,0.0,0.0,0.0,0.0,0.0,0.0,0.0,0.0
6,11,0.0,1.2799992,0.0,0.0,0.0,0.0,0.0,0.0,0.0,0.0,0.0,0.0,0.0,0.0,0.0
6,12,0.0,1.2714388799999998,0.0,0.0,0.0,0.0,0.0,0.0,0.0,0.0,0.0,0.0,0.0,0.0,0.0
6,13,0.0,1.16940912,0.0,0.0,0.0,0.0,0.0,0.0,0.0,0.0,0.0,0.0,0.0,0.0,0.0
6,14,0.0,1.30787808,0.0,0.0,0.0,0.0,0.0,0.0,0.0,0.0,0.0,0.0,0.0,0.0,0.0
6,15,0.0,1.42066608,0.0,0.0,0.0,0.0,0.0,0.0,0.0,0.0,0.0,0.0,0.0,0.0,0.0
6,16,0.0,1.5688521599999998,0.0,0.0,0.0,0.0,0.0,0.0,0.0,0.0,0.0,0.0,0.0,0.0,0.0
6,17,0.0,1.74352896,0.0,0.0,0.0,0.0,0.0,0.0,0.0,0.0,0.0,0.0,0.0,0.0,0.0
6,18,0.0,1.64392848,0.0,0.0,0.0,0.0,0.0,0.0,0.0,0.0,0.0,0.0,0.0,0.0,0.0
6,19,22.200000000000003,1.38723456,23.02904564315353,32.708949410788385,0.0,3.0,0.0,0.0,0.0,0.0,22.200000000000003,0.0,0.0,0.0,0.0
6,20,51.69480824866945,1.24032096,53.625319760030585,68.28760616912511,0.0,7.0,0.0,0.0,0.0,0.0,51.69480824866945,0.0,0.0,0.0,0.0
6,21,43.67067776984856,1.16859936,45.30153295627445,54.438823160573904,0.0,8.0,0.0,0.0,0.0,0.0,43.67067776984856,0.0,0.0,0.0,0.0
6,22,48.875423365472734,0.858924,50.700646644681264,45.22619362257515,0.0,7.0,0.0,0.0,0.0,0.0,48.875423365472734,0.0,0.0,0.0,0.0
6,23,51.69480824866946,0.8298883199999999,53.62531976003059,46.278024609171595,0.0,8.0,0.0,0.0,0.0,0.0,51.69480824866946,0.0,0.0,0.0,0.0
7,0,51.69480824866946,0.82907856,53.62531976003058,46.2346009702427,0.0,9.0,0.0,0.0,0.0,0.0,51.69480824866946,0.0,0.0,0.0,0.0
7,1,51.694808248669474,0.80895024,53.625319760030585,45.15521337401049,0.0,7.0,0.0,0.0,0.0,0.0,51.694808248669474,0.0,0.0,0.0,0.0
7,2,47.738983599180266,0.8090659199999999,49.521767219066675,41.70554465007112,0.0,8.0,0.0,0.0,0.0,0.0,47.738983599180266,0.0,0.0,0.0,0.0
7,3,45.01928045233571,0.8207496,46.70049839453911,39.87520187397787,0.0,7.0,0.0,0.0,0.0,0.0,45.01928045233571,0.0,0.0,0.0,0.0
7,4,51.69480824866945,0.85406544,53.625319760030564,47.57453040004821,0.0,8.0,0.0,0.0,0.0,0.0,51.69480824866945,0.0,0.0,0.0,0.0
7,5,47.223401274647685,0.8706076800000001,48.98693078282956,44.26986556807149,0.0,7.0,0.0,0.0,0.0,0.0,47.223401274647685,0.0,0.0,0.0,0.0
7,6,51.69480824866946,0.9002217599999999,53.625319760030585,50.04967781899452,0.0,7.0,0.0,0.0,0.0,0.0,51.69480824866946,0.0,0.0,0.0,0.0
7,7,51.694808248669474,0.87882096,53.625319760030585,48.902053075874065,0.0,7.0,0.0,0.0,0.0,0.0,51.694808248669474,0.0,0.0,0.0,0.0
7,8,51.694808248669474,0.92520864,53.625319760030585,51.38960724880004,0.0,7.0,0.0,0.0,0.0,0.0,51.694808248669474,0.0,0.0,0.0,0.0
7,9,17.674549784254815,1.1232528,18.334595211882586,21.20126051012702,0.0,3.0,0.0,0.0,0.0,0.0,17.674549784254815,0.0,0.0,0.0,0.0
7,10,0.0,1.1290368000000002,0.0,0.0,0.0,0.0,0.0,0.0,0.0,0.0,0.0,0.0,0.0,0.0,0.0
7,11,15.767118420521607,0.9971616,16.355931971495444,0.0,145.56779454630947,0.0,0.0,0.0,0.0,2.0,0.0,0.0,0.0,0.0,15.767118420521607
7,12,34.45484453182314,0.99241872,35.7415399707709,0.0,318.099705739861,0.0,0.0,0.0,0.0,3.0,0.0,0.0,0.0,0.0,34.45484453182314
7,13,0.2731908516812112,1.06182672,0.28339299966930626,0.0,2.522197697056826,0.0,0.0,0.0,0.0,1.0,0.0,0.0,0.0,0.0,0.2731908516812112
7,14,9.724949530523462,0.93133968,10.088121919630149,0.0,89.78428508470833,0.0,0.0,0.0,0.0,1.0,0.0,0.0,0.0,0.0,9.724949530523462
7,15,27.80679667930064,0.91317792,28.84522477105876,0.0,256.722500462423,0.0,0.0,0.0,0.0,4.0,0.0,0.0,0.0,0.0,27.80679667930064
7,16,52.49674811224717,0.92463024,54.45720758531865,0.0,484.66914750933597,0.0,0.0,0.0,0.0,4.0,0.0,0.0,0.0,0.0,52.49674811224717
7,17,3.917402676626223,0.91017024,4.06369572264131,0.0,36.166891931507664,0.0,0.0,0.0,0.0,1.0,0.0,0.0,0.0,0.0,3.917402676626223
7,18,36.87198601877323,0.90669984,38.24894815225439,7.214231136929462,272.09613648037526,1.0,0.0,0.0,0.0,2.0,7.4,0.0,0.0,0.0,29.47198601877323
7,19,22.200000000000003,0.8605435199999999,23.02904564315353,20.579757410788382,0.0,3.0,0.0,0.0,0.0,0.0,22.200000000000003,0.0,0.0,0.0,0.0
7,20,72.83864665312186,0.7748246400000001,75.55876208830068,43.32521716200759,195.20763672160402,7.0,0.0,0.0,0.0,1.0,51.69480824866947,0.0,0.0,0.0,21.14383840445239
7,21,51.69480824866946,0.6939643200000001,53.625319760030564,38.9890566461092,0.0,8.0,0.0,0.0,0.0,0.0,51.69480824866946,0.0,0.0,0.0,0.0
7,22,51.69480824866945,0.5645184,53.625319760030585,32.047477794477864,0.0,9.0,0.0,0.0,0.0,0.0,51.69480824866945,0.0,0.0,0.0,0.0
7,23,51.694808248669474,0.4152912,53.625319760030585,24.04512147758383,0.0,7.0,0.0,0.0,0.0,0.0,51.694808248669474,0.0,0.0,0.0,0.0
8,0,51.694808248669474,0.28272192,53.625319760030585,16.9360514472268,0.0,8.0,0.0,0.0,0.0,0.0,51.694808248669474,0.0,0.0,0.0,0.0
8,1,51.694808248669474,0.1075824,53.625319760030585,7.544138684608527,0.0,8.0,0.0,0.0,0.0,0.0,51.694808248669474,0.0,0.0,0.0,0.0
8,2,51.69480824866946,0.1052688,53.625319760030564,7.4200711448117165,0.0,7.0,0.0,0.0,0.0,0.0,51.69480824866946,0.0,0.0,0.0,0.0
8,3,51.694808248669474,0.04812288,53.625319760030585,4.3556029118305934,0.0,10.0,0.0,0.0,0.0,0.0,51.694808248669474,0.0,0.0,0.0,0.0
8,4,51.69480824866945,0.06454944,53.62531976003058,5.236482444387921,0.0,9.0,0.0,0.0,0.0,0.0,51.69480824866945,0.0,0.0,0.0,0.0
8,5,51.69480824866948,0.1147545599999999,53.625319760030585,7.9287480579786225,0.0,9.0,0.0,0.0,0.0,0.0,51.69480824866948,0.0,0.0,0.0,0.0
8,6,51.69480824866947,0.10434336,53.625319760030585,7.370444128892996,0.0,10.0,0.0,0.0,0.0,0.0,51.69480824866947,0.0,0.0,0.0,0.0
8,7,51.69480824866946,0.19052496,53.625319760030564,11.991959986324044,0.0,7.0,0.0,0.0,0.0,0.0,51.69480824866946,0.0,0.0,0.0,0.0
8,8,66.67406510175542,0.31326144,69.16396794787907,18.57374297254464,138.29396887185172,7.0,0.0,0.0,0.0,1.0,51.69480824866946,0.0,0.0,0.0,14.97925685308596
8,9,11.897532306206447,0.33639744,12.341838491915404,2.836391136929461,41.52286050335829,1.0,0.0,0.0,0.0,1.0,7.4,0.0,0.0,0.0,4.497532306206447
8,10,44.617870632031114,0.40742496,46.28409816600738,3.3816231369294614,343.60897160277693,1.0,0.0,0.0,0.0,3.0,7.4,0.0,0.0,0.0,37.21787063203112
8,11,8.732088431072869,0.5436960000000001,9.058183019785135,0.0,80.6178288760877,0.0,0.0,0.0,0.0,1.0,0.0,0.0,0.0,0.0,8.732088431072869
8,12,37.208318428745926,0.5436960000000001,38.597840693719846,0.0,343.52078217410667,0.0,0.0,0.0,0.0,3.0,0.0,0.0,0.0,0.0,37.208318428745926
8,13,0.0,0.56636928,0.0,0.0,0.0,0.0,0.0,0.0,0.0,0.0,0.0,0.0,0.0,0.0,0.0
8,14,7.800169286011254,0.6351988799999999,8.091461914949434,0.0,72.01401104304998,0.0,0.0,0.0,0.0,2.0,0.0,0.0,0.0,0.0,7.800169286011254
8,15,2.637763586992707,0.7344523199999999,2.736269281112767,0.0,24.352796601903627,0.0,0.0,0.0,0.0,1.0,0.0,0.0,0.0,0.0,2.637763586992707
8,16,3.147180698361993,0.76476048,3.264710268010367,0.0,29.055921385292265,0.0,0.0,0.0,0.0,1.0,0.0,0.0,0.0,0.0,3.147180698361993
8,17,0.0,0.80038992,0.0,0.0,0.0,0.0,0.0,0.0,0.0,0.0,0.0,0.0,0.0,0.0,0.0
8,18,0.0,0.8087188799999999,0.0,0.0,0.0,0.0,0.0,0.0,0.0,0.0,0.0,0.0,0.0,0.0,0.0
8,19,14.8,0.75909216,15.352697095435687,12.162286273858923,0.0,2.0,0.0,0.0,0.0,0.0,14.8,0.0,0.0,0.0,0.0
8,20,37.0,0.7054166399999999,38.38174273858922,28.3455556846473,0.0,5.0,0.0,0.0,0.0,0.0,37.0,0.0,0.0,0.0,0.0
8,21,56.427142825095196,0.66411888,58.53438052395768,37.38858538273038,43.69064079895132,7.0,0.0,0.0,0.0,1.0,51.69480824866946,0.0,0.0,0.0,4.732334576425738
8,22,51.694808248669474,0.5786313599999999,53.625319760030585,32.80428978723838,0.0,7.0,0.0,0.0,0.0,0.0,51.694808248669474,0.0,0.0,0.0,0.0
8,23,48.93397099063597,0.53548272,50.76138069568049,28.862043906905505,0.0,7.0,0.0,0.0,0.0,0.0,48.93397099063597,0.0,0.0,0.0,0.0
9,0,46.88384068336061,0.79865472,48.6346895055608,40.45213255198467,0.0,8.0,0.0,0.0,0.0,0.0,46.88384068336061,0.0,0.0,0.0,0.0
9,1,44.294808248669455,0.7447478399999998,45.94897121231272,35.741308007719624,0.0,9.0,0.0,0.0,0.0,0.0,44.294808248669455,0.0,0.0,0.0,0.0
9,2,42.99263057113491,0.69731904,44.598164492878546,32.575348494650434,0.0,8.0,0.0,0.0,0.0,0.0,42.99263057113491,0.0,0.0,0.0,0.0
9,3,51.69480824866946,0.45589488,53.625319760030564,26.22250680101778,0.0,7.0,0.0,0.0,0.0,0.0,51.69480824866946,0.0,0.0,0.0,0.0
9,4,46.739072505705664,0.5476291200000001,48.48451504741252,28.15636975711064,0.0,7.0,0.0,0.0,0.0,0.0,46.739072505705664,0.0,0.0,0.0,0.0
9,5,47.20592804507976,0.79807632,48.968805026016355,40.70171115632178,0.0,8.0,0.0,0.0,0.0,0.0,47.20592804507976,0.0,0.0,0.0,0.0
9,6,51.694808248669474,1.20955008,53.625319760030585,66.63750788982759,0.0,7.0,0.0,0.0,0.0,0.0,51.694808248669474,0.0,0.0,0.0,0.0
9,7,50.80661579080559,1.48486848,52.703958289217425,80.00294745426677,0.0,8.0,0.0,0.0,0.0,0.0,50.80661579080559,0.0,0.0,0.0,0.0
9,8,51.69480824866946,1.7041977599999998,53.625319760030564,93.16314789838484,0.0,7.0,0.0,0.0,0.0,0.0,51.69480824866946,0.0,0.0,0.0,0.0
9,9,25.784173587442908,1.86314208,26.747068036766507,50.71891592793963,0.0,4.0,0.0,0.0,0.0,0.0,25.784173587442908,0.0,0.0,0.0,0.0
9,10,0.0,1.7830915199999997,0.0,0.0,0.0,0.0,0.0,0.0,0.0,0.0,0.0,0.0,0.0,0.0,0.0
9,11,0.0,1.79662608,0.0,0.0,0.0,0.0,0.0,0.0,0.0,0.0,0.0,0.0,0.0,0.0,0.0
9,12,0.0,1.57891632,0.0,0.0,0.0,0.0,0.0,0.0,0.0,0.0,0.0,0.0,0.0,0.0,0.0
9,13,0.0,1.54964928,0.0,0.0,0.0,0.0,0.0,0.0,0.0,0.0,0.0,0.0,0.0,0.0,0.0
9,14,2.767138853609399,1.60934016,2.8704759892213683,0.0,25.54723630407018,0.0,0.0,0.0,0.0,1.0,0.0,0.0,0.0,0.0,2.767138853609399
9,15,0.0,1.6934395199999996,0.0,0.0,0.0,0.0,0.0,0.0,0.0,0.0,0.0,0.0,0.0,0.0,0.0
9,16,0.0,1.8144408,0.0,0.0,0.0,0.0,0.0,0.0,0.0,0.0,0.0,0.0,0.0,0.0,0.0
9,17,0.0,1.90501824,0.0,0.0,0.0,0.0,0.0,0.0,0.0,0.0,0.0,0.0,0.0,0.0,0.0
9,18,0.0,1.88951712,0.0,0.0,0.0,0.0,0.0,0.0,0.0,0.0,0.0,0.0,0.0,0.0,0.0
9,19,7.4,1.8242736,7.6763485477178435,14.257847136929461,0.0,1.0,0.0,0.0,0.0,0.0,7.4,0.0,0.0,0.0,0.0
9,20,47.33021622932117,1.6781697599999998,49.09773467771907,84.01946863848397,0.0,7.0,0.0,0.0,0.0,0.0,47.33021622932117,0.0,0.0,0.0,0.0
9,21,47.776892472530704,1.55728416,49.56109177648413,78.82117531362663,0.0,7.0,0.0,0.0,0.0,0.0,47.776892472530704,0.0,0.0,0.0,0.0
9,22,51.69480824866947,0.96986112,53.625319760030585,53.784110766878406,0.0,8.0,0.0,0.0,0.0,0.0,51.69480824866947,0.0,0.0,0.0,0.0
9,23,51.69480824866945,0.93226512,53.625319760030564,51.76801324518027,0.0,7.0,0.0,0.0,0.0,0.0,51.69480824866945,0.0,0.0,0.0,0.0
10,0,51.69480824866946,0.8797464,53.625319760030564,48.95168009179277,0.0,7.0,0.0,0.0,0.0,0.0,51.69480824866946,0.0,0.0,0.0,0.0
10,1,48.67203922015052,0.9248616,50.48966724082004,48.367162413483555,0.0,7.0,0.0,0.0,0.0,0.0,48.67203922015052,0.0,0.0,0.0,0.0
10,2,51.69480824866946,0.91178976,53.625319760030564,50.67001551797854,0.0,7.0,0.0,0.0,0.0,0.0,51.69480824866946,0.0,0.0,0.0,0.0
10,3,44.492554005316435,0.92613408,46.154101665266026,44.27258724910792,0.0,7.0,0.0,0.0,0.0,0.0,44.492554005316435,0.0,0.0,0.0,0.0
10,4,51.69480824866945,0.96199488,53.62531976003057,53.362281131569254,0.0,8.0,0.0,0.0,0.0,0.0,51.69480824866945,0.0,0.0,0.0,0.0
10,5,51.69480824866946,1.0529193600000002,53.625319760030585,58.23813544558377,0.0,7.0,0.0,0.0,0.0,0.0,51.69480824866946,0.0,0.0,0.0,0.0
10,6,51.694808248669474,1.5344952,53.625319760030585,84.06279385428908,0.0,7.0,0.0,0.0,0.0,0.0,51.694808248669474,0.0,0.0,0.0,0.0
10,7,42.80829875518672,1.73450592,44.4069489161688,78.49398579335754,0.0,6.0,0.0,0.0,0.0,0.0,42.80829875518672,0.0,0.0,0.0,0.0
10,8,37.0,1.85701104,38.38174273858922,72.5457556846473,0.0,5.0,0.0,0.0,0.0,0.0,37.0,0.0,0.0,0.0,0.0
10,9,7.441709393007709,1.80194736,7.719615552912563,14.086463136929462,0.38507634623300113,1.0,0.0,0.0,0.0,1.0,7.4,0.0,0.0,0.0,0.04170939300770933
10,10,0.0,1.73450592,0.0,0.0,0.0,0.0,0.0,0.0,0.0,0.0,0.0,0.0,0.0,0.0,0.0
10,11,0.0,1.64161488,0.0,0.0,0.0,0.0,0.0,0.0,0.0,0.0,0.0,0.0,0.0,0.0,0.0
10,12,0.0,1.6203297600000002,0.0,0.0,0.0,0.0,0.0,0.0,0.0,0.0,0.0,0.0,0.0,0.0,0.0
10,13,0.0,1.61917296,0.0,0.0,0.0,0.0,0.0,0.0,0.0,0.0,0.0,0.0,0.0,0.0,0.0
10,14,0.0,1.6417305599999996,0.0,0.0,0.0,0.0,0.0,0.0,0.0,0.0,0.0,0.0,0.0,0.0,0.0
10,15,0.0,1.64751456,0.0,0.0,0.0,0.0,0.0,0.0,0.0,0.0,0.0,0.0,0.0,0.0,0.0
10,16,0.0,1.61153808,0.0,0.0,0.0,0.0,0.0,0.0,0.0,0.0,0.0,0.0,0.0,0.0,0.0
10,17,0.0,1.65225744,0.0,0.0,0.0,0.0,0.0,0.0,0.0,0.0,0.0,0.0,0.0,0.0,0.0
10,18,0.0,1.58574144,0.0,0.0,0.0,0.0,0.0,0.0,0.0,0.0,0.0,0.0,0.0,0.0,0.0
10,19,7.4,1.4050492799999998,7.6763485477178435,11.03973513692946,0.0,1.0,0.0,0.0,0.0,0.0,7.4,0.0,0.0,0.0,0.0
10,20,30.11671515704367,1.22204352,31.241405764568125,39.212448001088326,0.0,5.0,0.0,0.0,0.0,0.0,30.11671515704367,0.0,0.0,0.0,0.0
10,21,41.57596893449075,1.00097904,43.1285984797622,44.59837971249796,0.0,6.0,0.0,0.0,0.0,0.0,41.57596893449075,0.0,0.0,0.0,0.0
10,22,47.76451142710285,0.9179208,49.54824836836396,47.12141480188019,0.0,7.0,0.0,0.0,0.0,0.0,47.76451142710285,0.0,0.0,0.0,0.0
10,23,51.69480824866945,0.6451473600000001,53.625319760030564,36.371231556396566,0.0,7.0,0.0,0.0,0.0,0.0,51.69480824866945,0.0,0.0,0.0,0.0
11,0,51.694808248669474,0.48620304,53.625319760030585,27.84779157235595,0.0,7.0,0.0,0.0,0.0,0.0,51.694808248669474,0.0,0.0,0.0,0.0
11,1,51.69480824866946,0.32078064,53.625319760030564,18.976962476884268,0.0,7.0,0.0,0.0,0.0,0.0,51.69480824866946,0.0,0.0,0.0,0.0
11,2,51.69480824866946,0.29116656,53.625319760030564,17.38889796748514,0.0,7.0,0.0,0.0,0.0,0.0,51.69480824866946,0.0,0.0,0.0,0.0
11,3,14.419970274393462,0.26108976,14.95847538837496,4.400630284471937,0.0,6.0,0.0,0.0,0.0,0.0,14.419970274393462,0.0,0.0,0.0,0.0
11,4,51.694808248669474,0.2948683199999999,53.625319760030585,17.58740603116003,0.0,7.0,0.0,0.0,0.0,0.0,51.694808248669474,0.0,0.0,0.0,0.0
11,5,51.69480824866946,0.3077088,53.625319760030564,18.275980877032307,0.0,7.0,0.0,0.0,0.0,0.0,51.69480824866946,0.0,0.0,0.0,0.0
11,6,38.638135891353585,0.56151072,40.08105382920496,23.832624275742326,0.0,7.0,0.0,0.0,0.0,0.0,38.638135891353585,0.0,0.0,0.0,0.0
11,7,22.200000000000003,0.82699632,23.02904564315353,19.807197410788383,0.0,3.0,0.0,0.0,0.0,0.0,22.200000000000003,0.0,0.0,0.0,0.0
11,8,41.19455419371695,0.8411092799999998,42.73294003497609,37.35753274025962,0.0,6.0,0.0,0.0,0.0,0.0,41.19455419371695,0.0,0.0,0.0,0.0
11,9,20.60829875518672,0.8092972799999999,21.37790327301527,18.008687569291162,0.0,3.0,0.0,0.0,0.0,0.0,20.60829875518672,0.0,0.0,0.0,0.0
11,10,0.0,0.79691952,0.0,0.0,0.0,0.0,0.0,0.0,0.0,0.0,0.0,0.0,0.0,0.0,0.0
11,11,0.0,0.80154672,0.0,0.0,0.0,0.0,0.0,0.0,0.0,0.0,0.0,0.0,0.0,0.0,0.0
11,12,0.0,0.7965724799999999,0.0,0.0,0.0,0.0,0.0,0.0,0.0,0.0,0.0,0.0,0.0,0.0,0.0
11,13,0.0,0.7727423999999999,0.0,0.0,0.0,0.0,0.0,0.0,0.0,0.0,0.0,0.0,0.0,0.0,0.0
11,14,2.1303128158074514,0.8042073599999999,2.2098680661903023,0.0,19.66782578909369,0.0,0.0,0.0,0.0,1.0,0.0,0.0,0.0,0.0,2.1303128158074514
11,15,0.0,0.8781268799999999,0.0,0.0,0.0,0.0,0.0,0.0,0.0,0.0,0.0,0.0,0.0,0.0,0.0
11,16,0.0,0.8888851200000001,0.0,0.0,0.0,0.0,0.0,0.0,0.0,0.0,0.0,0.0,0.0,0.0,0.0
11,17,0.0,0.85695744,0.0,0.0,0.0,0.0,0.0,0.0,0.0,0.0,0.0,0.0,0.0,0.0,0.0
11,18,0.0,0.86852544,0.0,0.0,0.0,0.0,0.0,0.0,0.0,0.0,0.0,0.0,0.0,0.0,0.0
11,19,0.0,0.7865083199999999,0.0,0.0,0.0,0.0,0.0,0.0,0.0,0.0,0.0,0.0,0.0,0.0,0.0
11,20,51.69480824866945,0.7537708799999999,53.625319760030564,42.196202549856636,0.0,7.0,0.0,0.0,0.0,0.0,51.69480824866945,0.0,0.0,0.0,0.0
11,21,37.1458867935543,0.6941956799999999,38.53307758667459,28.02494086589325,0.0,6.0,0.0,0.0,0.0,0.0,37.1458867935543,0.0,0.0,0.0,0.0
11,22,51.69480824866946,0.5773588799999999,53.625319760030585,32.73605264035013,0.0,7.0,0.0,0.0,0.0,0.0,51.69480824866946,0.0,0.0,0.0,0.0
11,23,51.69480824866946,0.50112576,53.625319760030564,28.648027204045345,0.0,7.0,0.0,0.0,0.0,0.0,51.69480824866946,0.0,0.0,0.0,0.0
12,0,42.77837992051495,0.2299718399999999,44.37591278061717,11.674053026876472,0.0,7.0,0.0,0.0,0.0,0.0,42.77837992051495,0.0,0.0,0.0,0.0
12,1,47.13010646493704,0.0642023999999999,48.89015193458201,4.757129119599467,0.0,7.0,0.0,0.0,0.0,0.0,47.13010646493704,0.0,0.0,0.0,0.0
12,2,36.89480824866946,0.05425392,38.27262266459488,3.343263618433208,0.0,7.0,0.0,0.0,0.0,0.0,36.89480824866946,0.0,0.0,0.0,0.0
12,3,36.796967798729476,0.0011568,38.17112842191855,1.3076207121239793,0.0,6.0,0.0,0.0,0.0,0.0,36.796967798729476,0.0,0.0,0.0,0.0
12,4,44.4,0.03158064,46.05809128630706,2.979066821576764,0.0,6.0,0.0,0.0,0.0,0.0,44.4,0.0,0.0,0.0,0.0
12,5,51.694808248669474,0.28850592,53.625319760030585,17.246220296718818,0.0,7.0,0.0,0.0,0.0,0.0,51.694808248669474,0.0,0.0,0.0,0.0
12,6,43.20177702424257,0.41656368,44.815121394442514,20.151732405871748,0.0,7.0,0.0,0.0,0.0,0.0,43.20177702424257,0.0,0.0,0.0,0.0
12,7,22.200000000000003,0.6938486399999999,23.02904564315353,16.740933410788383,0.0,3.0,0.0,0.0,0.0,0.0,22.200000000000003,0.0,0.0,0.0,0.0
12,8,25.493459781507866,0.75400224,26.445497698659615,20.81531047652983,0.0,4.0,0.0,0.0,0.0,0.0,25.493459781507866,0.0,0.0,0.0,0.0
12,9,7.4,0.75226704,7.6763485477178435,6.028751136929461,0.0,1.0,0.0,0.0,0.0,0.0,7.4,0.0,0.0,0.0,0.0
12,10,0.0,0.7669583999999999,0.0,0.0,0.0,0.0,0.0,0.0,0.0,0.0,0.0,0.0,0.0,0.0,0.0
12,11,0.0,0.77181696,0.0,0.0,0.0,0.0,0.0,0.0,0.0,0.0,0.0,0.0,0.0,0.0,0.0
12,12,0.0,0.7704287999999999,0.0,0.0,0.0,0.0,0.0,0.0,0.0,0.0,0.0,0.0,0.0,0.0,0.0
12,13,0.0,0.8195927999999999,0.0,0.0,0.0,0.0,0.0,0.0,0.0,0.0,0.0,0.0,0.0,0.0,0.0
12,14,0.0,0.85325568,0.0,0.0,0.0,0.0,0.0,0.0,0.0,0.0,0.0,0.0,0.0,0.0,0.0
12,15,0.0,1.07455152,0.0,0.0,0.0,0.0,0.0,0.0,0.0,0.0,0.0,0.0,0.0,0.0,0.0
12,16,0.0,1.1186256,0.0,0.0,0.0,0.0,0.0,0.0,0.0,0.0,0.0,0.0,0.0,0.0,0.0
12,17,0.0,1.27178592,0.0,0.0,0.0,0.0,0.0,0.0,0.0,0.0,0.0,0.0,0.0,0.0,0.0
12,18,0.0,1.34906016,0.0,0.0,0.0,0.0,0.0,0.0,0.0,0.0,0.0,0.0,0.0,0.0,0.0
12,19,7.4,1.13794416,7.6763485477178435,8.989343136929461,0.0,1.0,0.0,0.0,0.0,0.0,7.4,0.0,0.0,0.0,0.0
12,20,29.6,0.85695744,30.705394190871374,27.329564547717847,0.0,4.0,0.0,0.0,0.0,0.0,29.6,0.0,0.0,0.0,0.0
12,21,51.69480824866946,0.8618159999999999,53.625319760030564,47.99015665836752,0.0,7.0,0.0,0.0,0.0,0.0,51.69480824866946,0.0,0.0,0.0,0.0
12,22,42.34844077732804,0.77320512,43.92991781880502,35.42091765848172,0.0,7.0,0.0,0.0,0.0,0.0,42.34844077732804,0.0,0.0,0.0,0.0
12,23,50.14378057502559,0.49152432,52.01636989110539,27.289052682989638,0.0,7.0,0.0,0.0,0.0,0.0,50.14378057502559,0.0,0.0,0.0,0.0
13,0,51.69480824866945,0.37757952,53.625319760030564,22.022820578895875,0.0,7.0,0.0,0.0,0.0,0.0,51.69480824866945,0.0,0.0,0.0,0.0
13,1,51.694808248669474,0.25299216,53.625319760030585,15.341783560837833,0.0,7.0,0.0,0.0,0.0,0.0,51.694808248669474,0.0,0.0,0.0,0.0
13,2,44.4,0.19133472,46.05809128630706,10.337034821576765,0.0,6.0,0.0,0.0,0.0,0.0,44.4,0.0,0.0,0.0,0.0
13,3,51.69480824866946,0.21354528,53.625319760030564,13.22643200730227,0.0,7.0,0.0,0.0,0.0,0.0,51.69480824866946,0.0,0.0,0.0,0.0
13,4,27.13724072717411,0.28711776,28.15066465474493,9.014342778253596,0.0,5.0,0.0,0.0,0.0,0.0,27.13724072717411,0.0,0.0,0.0,0.0
13,5,49.77269949245733,0.35074176,51.63143100877317,19.81829934972607,0.0,7.0,0.0,0.0,0.0,0.0,49.77269949245733,0.0,0.0,0.0,0.0
13,6,51.69480824866945,0.64884912,53.625319760030564,36.56973962007145,0.0,7.0,0.0,0.0,0.0,0.0,51.69480824866945,0.0,0.0,0.0,0.0
13,7,44.4,0.99218736,46.05809128630706,47.22277882157676,0.0,6.0,0.0,0.0,0.0,0.0,44.4,0.0,0.0,0.0,0.0
13,8,37.0,1.1059008,38.38174273858922,43.71683568464731,0.0,5.0,0.0,0.0,0.0,0.0,37.0,0.0,0.0,0.0,0.0
13,9,7.4,1.13632464,7.6763485477178435,8.976911136929461,0.0,1.0,0.0,0.0,0.0,0.0,7.4,0.0,0.0,0.0,0.0
13,10,7.4,1.07096544,7.6763485477178435,8.47519113692946,0.0,1.0,0.0,0.0,0.0,0.0,7.4,0.0,0.0,0.0,0.0
13,11,0.0720597853149109,0.98247024,0.07475081464202377,0.0,0.6652822503140116,0.0,0.0,0.0,0.0,1.0,0.0,0.0,0.0,0.0,0.0720597853149109
13,12,0.0,0.88529904,0.0,0.0,0.0,0.0,0.0,0.0,0.0,0.0,0.0,0.0,0.0,0.0,0.0
13,13,0.0,0.83254896,0.0,0.0,0.0,0.0,0.0,0.0,0.0,0.0,0.0,0.0,0.0,0.0,0.0
13,14,0.0,0.87176448,0.0,0.0,0.0,0.0,0.0,0.0,0.0,0.0,0.0,0.0,0.0,0.0,0.0
13,15,0.0,0.94649376,0.0,0.0,0.0,0.0,0.0,0.0,0.0,0.0,0.0,0.0,0.0,0.0,0.0
13,16,0.0,0.98686608,0.0,0.0,0.0,0.0,0.0,0.0,0.0,0.0,0.0,0.0,0.0,0.0,0.0
13,17,1.5023204199987727,1.1209392,1.5584236721978972,0.0,13.869970682561286,0.0,0.0,0.0,0.0,1.0,0.0,0.0,0.0,0.0,1.5023204199987727
13,18,0.0,1.1128416,0.0,0.0,0.0,0.0,0.0,0.0,0.0,0.0,0.0,0.0,0.0,0.0,0.0
13,19,0.0,1.05349776,0.0,0.0,0.0,0.0,0.0,0.0,0.0,0.0,0.0,0.0,0.0,0.0,0.0
13,20,51.694808248669474,0.98258592,53.625319760030585,54.466482235760836,0.0,7.0,0.0,0.0,0.0,0.0,51.694808248669474,0.0,0.0,0.0,0.0
13,21,44.369592173483255,0.8894635200000001,46.026547897804214,42.462414042046866,0.0,8.0,0.0,0.0,0.0,0.0,44.369592173483255,0.0,0.0,0.0,0.0
13,22,49.144341338537316,0.88506768,50.979607197652825,46.80782766798019,0.0,7.0,0.0,0.0,0.0,0.0,49.144341338537316,0.0,0.0,0.0,0.0
13,23,49.96052238439784,0.7900944,51.82626803360773,42.66309361816489,0.0,7.0,0.0,0.0,0.0,0.0,49.96052238439784,0.0,0.0,0.0,0.0
14,0,51.69480824866946,0.5750452799999999,53.625319760030564,32.61198510055331,0.0,7.0,0.0,0.0,0.0,0.0,51.69480824866946,0.0,0.0,0.0,0.0
14,1,50.69574826503622,0.51176832,52.58895048240273,28.65405309990997,0.0,7.0,0.0,0.0,0.0,0.0,50.69574826503622,0.0,0.0,0.0,0.0
14,2,46.12668337647041,0.5253028799999999,47.84925661459587,26.71916269944938,0.0,7.0,0.0,0.0,0.0,0.0,46.12668337647041,0.0,0.0,0.0,0.0
14,3,51.69480824866946,0.488748,53.625319760030564,27.984265866132425,0.0,7.0,0.0,0.0,0.0,0.0,51.69480824866946,0.0,0.0,0.0,0.0
14,4,41.024673979444344,0.4823856,42.55671574631156,21.937374150516863,0.0,7.0,0.0,0.0,0.0,0.0,41.024673979444344,0.0,0.0,0.0,0.0
14,5,51.69480824866946,0.48215424,53.625319760030564,27.63067337771153,0.0,7.0,0.0,0.0,0.0,0.0,51.69480824866946,0.0,0.0,0.0,0.0
14,6,51.69480824866945,0.5217168,53.625319760030564,29.75222830823692,0.0,7.0,0.0,0.0,0.0,0.0,51.69480824866945,0.0,0.0,0.0,0.0
14,7,43.01875343502503,0.6177311999999999,44.62526289940357,29.043513403134305,0.0,7.0,0.0,0.0,0.0,0.0,43.01875343502503,0.0,0.0,0.0,0.0
14,8,7.4,0.62039184,7.6763485477178435,5.016431136929461,0.0,1.0,0.0,0.0,0.0,0.0,7.4,0.0,0.0,0.0,0.0
14,9,13.759737270984914,0.65810352,14.273586380689746,8.434907513410717,18.42627502811366,2.0,0.0,0.0,0.0,1.0,11.763902537602714,0.0,0.0,0.0,1.9958347333821984
14,10,0.0,0.77181696,0.0,0.0,0.0,0.0,0.0,0.0,0.0,0.0,0.0,0.0,0.0,0.0,0.0
14,11,12.329129145241307,0.7583980800000001,12.789553055229574,0.0,113.82702219154321,0.0,0.0,0.0,0.0,1.0,0.0,0.0,0.0,0.0,12.329129145241307
14,12,0.0,0.75643152,0.0,0.0,0.0,0.0,0.0,0.0,0.0,0.0,0.0,0.0,0.0,0.0,0.0
14,13,31.21255239080812,0.7251979199999999,32.37816638050636,0.0,288.1656807865066,0.0,0.0,0.0,0.0,3.0,0.0,0.0,0.0,0.0,31.21255239080812
14,14,0.0,0.7745932799999999,0.0,0.0,0.0,0.0,0.0,0.0,0.0,0.0,0.0,0.0,0.0,0.0,0.0
14,15,9.859610491203805,0.8556849599999999,10.227811712867018,0.0,91.02752424451647,0.0,0.0,0.0,0.0,2.0,0.0,0.0,0.0,0.0,9.859610491203805
14,16,14.61055134337172,0.8781268799999999,15.156173592709253,0.0,134.88994497511237,0.0,0.0,0.0,0.0,1.0,0.0,0.0,0.0,0.0,14.61055134337172
14,17,0.0,0.8517518399999999,0.0,0.0,0.0,0.0,0.0,0.0,0.0,0.0,0.0,0.0,0.0,0.0,0.0
14,18,14.8,0.80409168,15.352697095435687,12.853150273858923,0.0,2.0,0.0,0.0,0.0,0.0,14.8,0.0,0.0,0.0,0.0
14,19,56.85169960995184,0.72542928,58.974792126506074,33.18760328344646,135.47780199751094,6.0,0.0,0.0,0.0,2.0,42.17747476437874,0.0,0.0,0.0,14.674224845573093
14,20,55.8970154939115,0.5960990399999999,57.98445590654722,33.740999712704266,38.79631170399805,7.0,0.0,0.0,0.0,1.0,51.694808248669474,0.0,0.0,0.0,4.202207245242035
14,21,51.479059358924886,0.50529024,53.40151385780591,28.75085386226744,0.0,8.0,0.0,0.0,0.0,0.0,51.479059358924886,0.0,0.0,0.0,0.0
14,22,51.29362035655871,0.4632984,53.20914974746755,26.4129368000033,0.0,7.0,0.0,0.0,0.0,0.0,51.29362035655871,0.0,0.0,0.0,0.0
14,23,49.861171733570494,0.4085817599999999,51.72320719250052,22.845197185628283,0.0,7.0,0.0,0.0,0.0,0.0,49.861171733570494,0.0,0.0,0.0,0.0
15,0,51.69480824866945,0.3169631999999999,53.625319760030564,18.772251036219526,0.0,7.0,0.0,0.0,0.0,0.0,51.69480824866945,0.0,0.0,0.0,0.0
15,1,51.694808248669474,0.31499664,53.625319760030585,18.666793627392252,0.0,7.0,0.0,0.0,0.0,0.0,51.694808248669474,0.0,0.0,0.0,0.0
15,2,51.69480824866947,0.28087104,53.62531976003058,16.83679741538935,0.0,9.0,0.0,0.0,0.0,0.0,51.69480824866947,0.0,0.0,0.0,0.0
15,3,48.616597510373445,0.150384,50.43215509374839,9.253493545221328,0.0,8.0,0.0,0.0,0.0,0.0,48.616597510373445,0.0,0.0,0.0,0.0
15,4,51.69480824866948,0.09231264,53.625319760030585,6.725292921949601,0.0,8.0,0.0,0.0,0.0,0.0,51.69480824866948,0.0,0.0,0.0,0.0
15,5,51.69480824866945,0.0561047999999999,53.625319760030564,4.783635924129568,0.0,8.0,0.0,0.0,0.0,0.0,51.69480824866945,0.0,0.0,0.0,0.0
15,6,51.69480824866945,0.0699863999999999,53.62531976003059,5.52804116291041,0.0,8.0,0.0,0.0,0.0,0.0,51.69480824866945,0.0,0.0,0.0,0.0
15,7,51.69480824866946,0.11672112,53.62531976003059,8.034205466805913,0.0,8.0,0.0,0.0,0.0,0.0,51.69480824866946,0.0,0.0,0.0,0.0
15,8,51.69480824866945,0.1622990399999999,53.625319760030564,10.478336000802997,0.0,7.0,0.0,0.0,0.0,0.0,51.69480824866945,0.0,0.0,0.0,0.0
15,9,44.4,0.22060176,46.05809128630706,11.685018821576765,0.0,6.0,0.0,0.0,0.0,0.0,44.4,0.0,0.0,0.0,0.0
15,10,12.314490475164906,0.20625744,12.774367712826667,1.8373911369294607,45.37237056946852,1.0,0.0,0.0,0.0,1.0,7.4,0.0,0.0,0.0,4.914490475164905
15,11,9.276278783905731,0.1353455999999999,9.622695833927107,0.0,85.64199292195126,0.0,0.0,0.0,0.0,1.0,0.0,0.0,0.0,0.0,9.276278783905731
15,12,0.0,0.0801662399999999,0.0,0.0,0.0,0.0,0.0,0.0,0.0,0.0,0.0,0.0,0.0,0.0,0.0
15,13,16.106947314213134,0.06987072,16.708451570760513,0.0,148.70521897976857,0.0,0.0,0.0,0.0,2.0,0.0,0.0,0.0,0.0,16.106947314213134
15,14,5.200758269123565,0.0704491199999999,5.39497745759706,0.0,48.01529937261383,0.0,0.0,0.0,0.0,1.0,0.0,0.0,0.0,0.0,5.200758269123565
15,15,0.0,0.2209488,0.0,0.0,0.0,0.0,0.0,0.0,0.0,0.0,0.0,0.0,0.0,0.0,0.0
15,16,0.0,0.31731024,0.0,0.0,0.0,0.0,0.0,0.0,0.0,0.0,0.0,0.0,0.0,0.0,0.0
15,17,0.0,0.3574511999999999,0.0,0.0,0.0,0.0,0.0,0.0,0.0,0.0,0.0,0.0,0.0,0.0,0.0
15,18,0.0,0.31939248,0.0,0.0,0.0,0.0,0.0,0.0,0.0,0.0,0.0,0.0,0.0,0.0,0.0
15,19,7.602307651588255,0.2996112,7.88621125683429,1.922163972242968,18.769536049281495,1.0,0.0,0.0,0.0,1.0,5.569292735688552,0.0,0.0,0.0,2.0330149158997033
15,20,44.4,0.14425296,46.05809128630706,8.168538821576764,0.0,6.0,0.0,0.0,0.0,0.0,44.4,0.0,0.0,0.0,0.0
15,21,51.69480824866946,0.24049872,53.625319760030564,14.671818845935068,0.0,7.0,0.0,0.0,0.0,0.0,51.69480824866946,0.0,0.0,0.0,0.0
15,22,51.2168043228268,0.35907072,53.12946506517303,20.83582056782376,0.0,7.0,0.0,0.0,0.0,0.0,51.2168043228268,0.0,0.0,0.0,0.0
15,23,48.93341137346353,0.37457184,50.760800179941434,20.693748809229056,0.0,7.0,0.0,0.0,0.0,0.0,48.93341137346353,0.0,0.0,0.0,0.0
16,0,51.69480824866946,0.4089288,53.625319760030564,23.703935743142594,0.0,8.0,0.0,0.0,0.0,0.0,51.69480824866946,0.0,0.0,0.0,0.0
16,1,44.449936323231256,0.41795184,46.10989245148472,20.797951832444294,0.0,7.0,0.0,0.0,0.0,0.0,44.449936323231256,0.0,0.0,0.0,0.0
16,2,51.69480824866946,0.41795184,53.625319760030585,24.187799148350155,0.0,7.0,0.0,0.0,0.0,0.0,51.69480824866946,0.0,0.0,0.0,0.0
16,3,51.694808248669474,0.44617776,53.625319760030585,25.701423133871195,0.0,7.0,0.0,0.0,0.0,0.0,51.694808248669474,0.0,0.0,0.0,0.0
16,4,51.694808248669474,0.48365808,53.625319760030585,27.711317278579468,0.0,7.0,0.0,0.0,0.0,0.0,51.694808248669474,0.0,0.0,0.0,0.0
16,5,51.69480824866945,0.52738512,53.625319760030585,30.05619378073912,0.0,7.0,0.0,0.0,0.0,0.0,51.69480824866945,0.0,0.0,0.0,0.0
16,6,51.69480824866945,0.77285808,53.625319760030564,43.2197597531803,0.0,7.0,0.0,0.0,0.0,0.0,51.69480824866945,0.0,0.0,0.0,0.0
16,7,51.69480824866945,1.00213584,53.625319760030564,55.514852947043835,0.0,7.0,0.0,0.0,0.0,0.0,51.69480824866945,0.0,0.0,0.0,0.0
16,8,37.91339228010728,1.03348512,39.329245103845736,41.94798760859471,0.0,6.0,0.0,0.0,0.0,0.0,37.91339228010728,0.0,0.0,0.0,0.0
16,9,14.8,1.05222528,15.352697095435687,16.66267027385892,0.0,2.0,0.0,0.0,0.0,0.0,14.8,0.0,0.0,0.0,0.0
16,10,0.0,1.14210864,0.0,0.0,0.0,0.0,0.0,0.0,0.0,0.0,0.0,0.0,0.0,0.0,0.0
16,11,0.0,1.1496278400000002,0.0,0.0,0.0,0.0,0.0,0.0,0.0,0.0,0.0,0.0,0.0,0.0,0.0
16,12,0.0,1.0411199999999998,0.0,0.0,0.0,0.0,0.0,0.0,0.0,0.0,0.0,0.0,0.0,0.0,0.0
16,13,0.0,1.2713232,0.0,0.0,0.0,0.0,0.0,0.0,0.0,0.0,0.0,0.0,0.0,0.0,0.0
16,14,0.0,1.58319648,0.0,0.0,0.0,0.0,0.0,0.0,0.0,0.0,0.0,0.0,0.0,0.0,0.0
16,15,0.0,1.6330545599999997,0.0,0.0,0.0,0.0,0.0,0.0,0.0,0.0,0.0,0.0,0.0,0.0,0.0
16,16,0.0,1.6905475199999995,0.0,0.0,0.0,0.0,0.0,0.0,0.0,0.0,0.0,0.0,0.0,0.0,0.0
16,17,0.0,1.5027988799999998,0.0,0.0,0.0,0.0,0.0,0.0,0.0,0.0,0.0,0.0,0.0,0.0,0.0
16,18,0.0,1.0285108799999998,0.0,0.0,0.0,0.0,0.0,0.0,0.0,0.0,0.0,0.0,0.0,0.0,0.0
16,19,7.4,0.92590272,7.6763485477178435,7.361639136929462,0.0,1.0,0.0,0.0,0.0,0.0,7.4,0.0,0.0,0.0,0.0
16,20,29.6,0.7624468799999999,30.705394190871374,24.427580547717845,0.0,4.0,0.0,0.0,0.0,0.0,29.6,0.0,0.0,0.0,0.0
16,21,51.155406365041515,0.69049392,53.065774237594944,38.398071598416344,0.0,7.0,0.0,0.0,0.0,0.0,51.155406365041515,0.0,0.0,0.0,0.0
16,22,45.05810444653317,0.59274432,46.74077224744105,29.25244682347462,0.0,7.0,0.0,0.0,0.0,0.0,45.05810444653317,0.0,0.0,0.0,0.0
16,23,50.48718670868014,0.5381433600000001,52.372600320207624,29.91750017885248,0.0,7.0,0.0,0.0,0.0,0.0,50.48718670868014,0.0,0.0,0.0,0.0
17,0,51.69480824866945,0.54519984,53.625319760030585,31.011513837174522,0.0,7.0,0.0,0.0,0.0,0.0,51.69480824866945,0.0,0.0,0.0,0.0
17,1,34.61574897812151,0.49672992,35.90845329680655,19.02537293757075,0.0,5.0,0.0,0.0,0.0,0.0,34.61574897812151,0.0,0.0,0.0,0.0
17,2,47.142638633763184,0.4875912,48.903152109712856,25.46344095578892,0.0,7.0,0.0,0.0,0.0,0.0,47.142638633763184,0.0,0.0,0.0,0.0
17,3,46.57593674681966,0.4719744,48.31528708176314,24.40281463364927,0.0,7.0,0.0,0.0,0.0,0.0,46.57593674681966,0.0,0.0,0.0,0.0
17,4,44.28633209747621,0.4814601599999999,45.940178524352916,23.6389856119196,0.0,7.0,0.0,0.0,0.0,0.0,44.28633209747621,0.0,0.0,0.0,0.0
17,5,51.694808248669474,0.529236,53.625319760030585,30.15544781257656,0.0,7.0,0.0,0.0,0.0,0.0,51.694808248669474,0.0,0.0,0.0,0.0
17,6,44.887564607408564,0.69604656,46.5638637006313,33.95188103762419,0.0,7.0,0.0,0.0,0.0,0.0,44.887564607408564,0.0,0.0,0.0,0.0
17,7,37.0,0.81982416,38.38174273858922,32.73671568464731,0.0,6.0,0.0,0.0,0.0,0.0,37.0,0.0,0.0,0.0,0.0
17,8,37.0,0.8487441600000001,38.38174273858922,33.846715684647315,0.0,5.0,0.0,0.0,0.0,0.0,37.0,0.0,0.0,0.0,0.0
17,9,19.520053672328036,0.8400681600000001,20.249018332290497,13.405486273858925,43.5772590080078,2.0,0.0,0.0,0.0,1.0,14.8,0.0,0.0,0.0,4.720053672328035
17,10,0.0,0.8554536,0.0,0.0,0.0,0.0,0.0,0.0,0.0,0.0,0.0,0.0,0.0,0.0,0.0
17,11,0.0,0.8809032000000001,0.0,0.0,0.0,0.0,0.0,0.0,0.0,0.0,0.0,0.0,0.0,0.0,0.0
17,12,0.0,0.92497728,0.0,0.0,0.0,0.0,0.0,0.0,0.0,0.0,0.0,0.0,0.0,0.0,0.0
17,13,0.0,0.86887248,0.0,0.0,0.0,0.0,0.0,0.0,0.0,0.0,0.0,0.0,0.0,0.0,0.0
17,14,0.0,0.83532528,0.0,0.0,0.0,0.0,0.0,0.0,0.0,0.0,0.0,0.0,0.0,0.0,0.0
17,15,0.0,0.8741937599999999,0.0,0.0,0.0,0.0,0.0,0.0,0.0,0.0,0.0,0.0,0.0,0.0,0.0
17,16,0.0,0.87951504,0.0,0.0,0.0,0.0,0.0,0.0,0.0,0.0,0.0,0.0,0.0,0.0,0.0
17,17,0.0,0.88564608,0.0,0.0,0.0,0.0,0.0,0.0,0.0,0.0,0.0,0.0,0.0,0.0,0.0
17,18,0.0,0.84978528,0.0,0.0,0.0,0.0,0.0,0.0,0.0,0.0,0.0,0.0,0.0,0.0,0.0
17,19,7.4,0.77725392,7.6763485477178435,6.220559136929462,0.0,2.0,0.0,0.0,0.0,0.0,7.4,0.0,0.0,0.0,0.0
17,20,7.4,0.69569952,7.6763485477178435,5.594519136929462,0.0,1.0,0.0,0.0,0.0,0.0,7.4,0.0,0.0,0.0,0.0
17,21,37.0,0.62154864,38.38174273858922,25.126555684647304,0.0,6.0,0.0,0.0,0.0,0.0,37.0,0.0,0.0,0.0,0.0
17,22,51.69480824866946,0.54855456,53.625319760030585,31.1914117698799,0.0,7.0,0.0,0.0,0.0,0.0,51.69480824866946,0.0,0.0,0.0,0.0
17,23,49.691745752828865,0.50135712,51.54745410044489,27.549903861855963,0.0,7.0,0.0,0.0,0.0,0.0,49.691745752828865,0.0,0.0,0.0,0.0
18,0,51.69480824866946,0.4609848,53.625319760030564,26.495455388570754,0.0,7.0,0.0,0.0,0.0,0.0,51.69480824866946,0.0,0.0,0.0,0.0
18,1,51.69480824866946,0.44814432,53.625319760030564,25.806880542698476,0.0,7.0,0.0,0.0,0.0,0.0,51.69480824866946,0.0,0.0,0.0,0.0
18,2,32.39012745861816,0.44756592,33.59971728072425,16.150239018479216,0.0,6.0,0.0,0.0,0.0,0.0,32.39012745861816,0.0,0.0,0.0,0.0
18,3,51.694808248669474,0.44328576,53.625319760030585,25.546338709125184,0.0,7.0,0.0,0.0,0.0,0.0,51.694808248669474,0.0,0.0,0.0,0.0
18,4,51.69480824866945,0.4939536,53.625319760030564,28.26341783067524,0.0,7.0,0.0,0.0,0.0,0.0,51.69480824866945,0.0,0.0,0.0,0.0
18,5,49.42420738977027,0.60234576,51.269924678184935,32.57925625227199,0.0,7.0,0.0,0.0,0.0,0.0,49.42420738977027,0.0,0.0,0.0,0.0
18,6,48.2371419587994,0.7727423999999999,50.03852900290395,40.32316830416973,0.0,7.0,0.0,0.0,0.0,0.0,48.2371419587994,0.0,0.0,0.0,0.0
18,7,51.694808248669474,0.92509296,53.625319760030585,51.38340387181019,0.0,7.0,0.0,0.0,0.0,0.0,51.694808248669474,0.0,0.0,0.0,0.0
18,8,37.0,0.95505408,38.38174273858922,37.927075684647306,0.0,6.0,0.0,0.0,0.0,0.0,37.0,0.0,0.0,0.0,0.0
18,9,21.52926077859346,0.95447568,22.333258069080358,13.531322224892822,76.82215975966807,2.0,0.0,0.0,0.0,1.0,13.20829875518672,0.0,0.0,0.0,8.320962023406743
18,10,7.4,1.04019456,7.6763485477178435,8.23898313692946,0.0,1.0,0.0,0.0,0.0,0.0,7.4,0.0,0.0,0.0,0.0
18,11,0.0,1.1446536,0.0,0.0,0.0,0.0,0.0,0.0,0.0,0.0,0.0,0.0,0.0,0.0,0.0
18,12,0.0,1.27167024,0.0,0.0,0.0,0.0,0.0,0.0,0.0,0.0,0.0,0.0,0.0,0.0,0.0
18,13,0.0,1.38283872,0.0,0.0,0.0,0.0,0.0,0.0,0.0,0.0,0.0,0.0,0.0,0.0,0.0
18,14,2.9369409270469844,1.43049888,3.046619218928407,0.0,27.114911048462826,0.0,0.0,0.0,0.0,1.0,0.0,0.0,0.0,0.0,2.9369409270469844
18,15,0.0,1.5362304,0.0,0.0,0.0,0.0,0.0,0.0,0.0,0.0,0.0,0.0,0.0,0.0,0.0
18,16,0.0,1.6568846399999997,0.0,0.0,0.0,0.0,0.0,0.0,0.0,0.0,0.0,0.0,0.0,0.0,0.0
18,17,0.0,1.7222438400000002,0.0,0.0,0.0,0.0,0.0,0.0,0.0,0.0,0.0,0.0,0.0,0.0,0.0
18,18,0.0,1.59036864,0.0,0.0,0.0,0.0,0.0,0.0,0.0,0.0,0.0,0.0,0.0,0.0,0.0
18,19,7.4,1.47075552,7.6763485477178435,11.544119136929462,0.0,1.0,0.0,0.0,0.0,0.0,7.4,0.0,0.0,0.0,0.0
18,20,22.200000000000003,1.39938096,23.02904564315353,32.98866941078839,0.0,4.0,0.0,0.0,0.0,0.0,22.200000000000003,0.0,0.0,0.0,0.0
18,21,22.200000000000003,1.3870032,23.02904564315353,32.70362141078839,0.0,3.0,0.0,0.0,0.0,0.0,22.200000000000003,0.0,0.0,0.0,0.0
18,22,49.057590256418784,0.95193072,50.88961644856721,50.127835530856004,0.0,7.0,0.0,0.0,0.0,0.0,49.057590256418784,0.0,0.0,0.0,0.0
18,23,49.058287984026606,0.87650736,50.89034023239276,46.29022802828856,0.0,7.0,0.0,0.0,0.0,0.0,49.058287984026606,0.0,0.0,0.0,0.0
19,0,51.69480824866945,0.96662208,53.625319760030585,53.610416211162885,0.0,7.0,0.0,0.0,0.0,0.0,51.69480824866945,0.0,0.0,0.0,0.0
19,1,40.20477675688484,0.96106944,41.70619995527474,41.46302945406352,0.0,6.0,0.0,0.0,0.0,0.0,40.20477675688484,0.0,0.0,0.0,0.0
19,2,49.96847998709563,0.9566736,51.83452280819049,51.304442244144816,0.0,7.0,0.0,0.0,0.0,0.0,49.96847998709563,0.0,0.0,0.0,0.0
19,3,51.69480824866945,0.98235456,53.625319760030564,54.45407548178114,0.0,7.0,0.0,0.0,0.0,0.0,51.69480824866945,0.0,0.0,0.0,0.0
19,4,50.10310700385617,1.07397312,51.97417738989229,57.53921472246151,0.0,7.0,0.0,0.0,0.0,0.0,50.10310700385617,0.0,0.0,0.0,0.0
19,5,36.224116484399545,1.21417728,37.57688431991655,46.86879406542016,0.0,7.0,0.0,0.0,0.0,0.0,36.224116484399545,0.0,0.0,0.0,0.0
19,6,51.69480824866945,1.3675689599999998,53.625319760030564,75.11132085794947,0.0,7.0,0.0,0.0,0.0,0.0,51.69480824866945,0.0,0.0,0.0,0.0
19,7,33.31922643025117,1.73080416,34.563512894451435,60.96672417873652,0.0,6.0,0.0,0.0,0.0,0.0,33.31922643025117,0.0,0.0,0.0,0.0
19,8,31.940404480246478,1.85007024,33.13319966830548,62.39545557133074,0.0,5.0,0.0,0.0,0.0,0.0,31.940404480246478,0.0,0.0,0.0,0.0
19,9,7.4,1.80321984,7.6763485477178435,14.096231136929461,0.0,1.0,0.0,0.0,0.0,0.0,7.4,0.0,0.0,0.0,0.0
19,10,0.0,1.79084208,0.0,0.0,0.0,0.0,0.0,0.0,0.0,0.0,0.0,0.0,0.0,0.0,0.0
19,11,1.4486386557435458,1.60367184,1.5027371947547157,0.0,13.374361033316971,0.0,0.0,0.0,0.0,1.0,0.0,0.0,0.0,0.0,1.4486386557435458
19,12,0.0,1.69436496,0.0,0.0,0.0,0.0,0.0,0.0,0.0,0.0,0.0,0.0,0.0,0.0,0.0
19,13,4.179103621482856,1.74861888,4.335169731828689,0.0,38.583010613275334,0.0,0.0,0.0,0.0,1.0,0.0,0.0,0.0,0.0,4.179103621482856
19,14,0.0,1.7970887999999998,0.0,0.0,0.0,0.0,0.0,0.0,0.0,0.0,0.0,0.0,0.0,0.0,0.0
19,15,0.0,1.97037744,0.0,0.0,0.0,0.0,0.0,0.0,0.0,0.0,0.0,0.0,0.0,0.0,0.0
19,16,0.0,2.0860574400000003,0.0,0.0,0.0,0.0,0.0,0.0,0.0,0.0,0.0,0.0,0.0,0.0,0.0
19,17,0.0,2.00994,0.0,0.0,0.0,0.0,0.0,0.0,0.0,0.0,0.0,0.0,0.0,0.0,0.0
19,18,0.0,1.81166448,0.0,0.0,0.0,0.0,0.0,0.0,0.0,0.0,0.0,0.0,0.0,0.0,0.0
19,19,7.4,1.7531304,7.6763485477178435,13.711727136929463,0.0,1.0,0.0,0.0,0.0,0.0,7.4,0.0,0.0,0.0,0.0
19,20,20.82201317477545,1.6848792,21.599598729020176,37.10766134480309,0.0,3.0,0.0,0.0,0.0,0.0,20.82201317477545,0.0,0.0,0.0,0.0
19,21,47.58159871939227,1.66185888,49.358504895635136,83.66063617638025,0.0,7.0,0.0,0.0,0.0,0.0,47.58159871939227,0.0,0.0,0.0,0.0
19,22,51.69480824866945,1.376592,53.625319760030564,75.59518426315701,0.0,7.0,0.0,0.0,0.0,0.0,51.69480824866945,0.0,0.0,0.0,0.0
19,23,51.694808248669474,1.2286372799999998,53.625319760030585,67.66106509315122,0.0,7.0,0.0,0.0,0.0,0.0,51.694808248669474,0.0,0.0,0.0,0.0
20,0,49.73550789692997,1.13239152,51.59285051548752,60.131029768428334,0.0,7.0,0.0,0.0,0.0,0.0,49.73550789692997,0.0,0.0,0.0,0.0
20,1,50.17420378424482,1.04031024,52.04792923676848,55.868780213542664,0.0,7.0,0.0,0.0,0.0,0.0,50.17420378424482,0.0,0.0,0.0,0.0
20,2,51.69480824866946,0.97738032,53.625319760030585,54.18733027121802,0.0,7.0,0.0,0.0,0.0,0.0,51.69480824866946,0.0,0.0,0.0,0.0
20,3,51.69480824866946,0.95655792,53.625319760030564,53.07072241304675,0.0,7.0,0.0,0.0,0.0,0.0,51.69480824866946,0.0,0.0,0.0,0.0
20,4,50.10310700385618,0.97321584,51.974177389892304,52.30243797841849,0.0,7.0,0.0,0.0,0.0,0.0,50.10310700385618,0.0,0.0,0.0,0.0
20,5,51.69480824866945,1.0405416,53.625319760030564,57.57437410767082,0.0,7.0,0.0,0.0,0.0,0.0,51.69480824866945,0.0,0.0,0.0,0.0
20,6,51.69480824866946,1.72802784,53.625319760030585,94.44104355829197,0.0,8.0,0.0,0.0,0.0,0.0,51.69480824866946,0.0,0.0,0.0,0.0
20,7,47.591276734358075,1.73450592,49.368544330246976,87.26413121992697,0.0,7.0,0.0,0.0,0.0,0.0,47.591276734358075,0.0,0.0,0.0,0.0
20,8,35.40829875518672,1.7571792,36.73060036845096,65.75802984315007,0.0,5.0,0.0,0.0,0.0,0.0,35.40829875518672,0.0,0.0,0.0,0.0
20,9,29.6,1.85076432,30.705394190871374,57.84479654771785,0.0,4.0,0.0,0.0,0.0,0.0,29.6,0.0,0.0,0.0,0.0
20,10,7.4,2.34899808,7.6763485477178435,18.285815136929465,0.0,1.0,0.0,0.0,0.0,0.0,7.4,0.0,0.0,0.0,0.0
20,11,3.784683474632804,2.23308672,3.9260202019012493,0.0,34.94157979692112,0.0,0.0,0.0,0.0,1.0,0.0,0.0,0.0,0.0,3.784683474632804
20,12,0.0,1.75185792,0.0,0.0,0.0,0.0,0.0,0.0,0.0,0.0,0.0,0.0,0.0,0.0,0.0
20,13,0.0,1.73196096,0.0,0.0,0.0,0.0,0.0,0.0,0.0,0.0,0.0,0.0,0.0,0.0,0.0
20,14,0.0,1.75417152,0.0,0.0,0.0,0.0,0.0,0.0,0.0,0.0,0.0,0.0,0.0,0.0,0.0
20,15,0.0,1.73126688,0.0,0.0,0.0,0.0,0.0,0.0,0.0,0.0,0.0,0.0,0.0,0.0,0.0
20,16,0.0,1.73161392,0.0,0.0,0.0,0.0,0.0,0.0,0.0,0.0,0.0,0.0,0.0,0.0,0.0
20,17,5.796256568442952,1.75960848,6.0127142826171704,0.0,53.51315711529282,0.0,0.0,0.0,0.0,1.0,0.0,0.0,0.0,0.0,5.796256568442952
20,18,0.0,1.78656192,0.0,0.0,0.0,0.0,0.0,0.0,0.0,0.0,0.0,0.0,0.0,0.0,0.0
20,19,7.4,1.732308,7.6763485477178435,13.551887136929462,0.0,1.0,0.0,0.0,0.0,0.0,7.4,0.0,0.0,0.0,0.0
20,20,50.20829875518672,1.12464096,52.083297463886645,60.2989668058057,0.0,8.0,0.0,0.0,0.0,0.0,50.20829875518672,0.0,0.0,0.0,0.0
20,21,51.694808248669474,1.0359143999999998,53.625319760030585,57.32623902807723,0.0,7.0,0.0,0.0,0.0,0.0,51.694808248669474,0.0,0.0,0.0,0.0
20,22,51.10295391219671,0.94013136,53.011362979457175,51.592320887950756,0.0,8.0,0.0,0.0,0.0,0.0,51.10295391219671,0.0,0.0,0.0,0.0
20,23,51.694808248669474,0.8671372799999999,53.625319760030585,48.27551199990018,0.0,7.0,0.0,0.0,0.0,0.0,51.694808248669474,0.0,0.0,0.0,0.0
21,0,49.99202621311321,0.7954156800000001,51.85894835385189,42.96595185947649,0.0,7.0,0.0,0.0,0.0,0.0,49.99202621311321,0.0,0.0,0.0,0.0
21,1,47.438375806720906,0.7748246400000001,49.20993340946152,39.75791773426318,0.0,7.0,0.0,0.0,0.0,0.0,47.438375806720906,0.0,0.0,0.0,0.0
21,2,51.69480824866946,0.7796832,53.625319760030585,43.585758995580896,0.0,7.0,0.0,0.0,0.0,0.0,51.69480824866946,0.0,0.0,0.0,0.0
21,3,46.711029016191624,0.7926393599999999,48.45542429065522,40.011551042294094,0.0,8.0,0.0,0.0,0.0,0.0,46.711029016191624,0.0,0.0,0.0,0.0
21,4,44.833537771081836,0.8007369599999999,46.507819264607726,38.779938631829936,0.0,8.0,0.0,0.0,0.0,0.0,44.833537771081836,0.0,0.0,0.0,0.0
21,5,49.548147434187605,0.80663664,51.398493188991296,43.16119797158644,0.0,7.0,0.0,0.0,0.0,0.0,49.548147434187605,0.0,0.0,0.0,0.0
21,6,51.69480824866947,0.8087188799999999,53.625319760030585,45.14280662003082,0.0,8.0,0.0,0.0,0.0,0.0,51.69480824866947,0.0,0.0,0.0,0.0
21,7,46.537966854125784,1.11492384,48.27589922627156,55.42188320919731,0.0,7.0,0.0,0.0,0.0,0.0,46.537966854125784,0.0,0.0,0.0,0.0
21,8,51.69480824866947,1.65237312,53.62531976003058,90.3840350069364,0.0,8.0,0.0,0.0,0.0,0.0,51.69480824866947,0.0,0.0,0.0,0.0
21,9,29.6,1.92422112,30.705394190871374,60.100316547717846,0.0,4.0,0.0,0.0,0.0,0.0,29.6,0.0,0.0,0.0,0.0
21,10,0.0,1.86580272,0.0,0.0,0.0,0.0,0.0,0.0,0.0,0.0,0.0,0.0,0.0,0.0,0.0
21,11,14.321905610789909,1.7574105599999998,14.856748558910695,0.0,132.2250621743052,0.0,0.0,0.0,0.0,2.0,0.0,0.0,0.0,0.0,14.321905610789909
21,12,23.91816630749544,1.6529515199999998,24.811375837650875,0.0,220.8212449550928,0.0,0.0,0.0,0.0,3.0,0.0,0.0,0.0,0.0,23.91816630749544
21,13,0.0,1.5161020799999998,0.0,0.0,0.0,0.0,0.0,0.0,0.0,0.0,0.0,0.0,0.0,0.0,0.0
21,14,0.0,1.51795296,0.0,0.0,0.0,0.0,0.0,0.0,0.0,0.0,0.0,0.0,0.0,0.0,0.0
21,15,40.45603061915583,1.5343795199999994,41.9668367418629,0.0,373.5048470025798,0.0,0.0,0.0,0.0,2.0,0.0,0.0,0.0,0.0,40.45603061915583
21,16,12.444540703039767,1.6283116799999997,12.909274588215526,0.0,114.89254383511819,0.0,0.0,0.0,0.0,2.0,0.0,0.0,0.0,0.0,12.444540703039767
21,17,27.286760158569532,2.01190656,28.30576779934599,0.0,251.92133341417932,0.0,0.0,0.0,0.0,2.0,0.0,0.0,0.0,0.0,27.286760158569532
21,18,36.03772074906177,2.0197728,37.3835277479894,0.0,332.7133969571056,0.0,0.0,0.0,0.0,3.0,0.0,0.0,0.0,0.0,36.03772074906177
21,19,57.91578117508571,1.62044544,60.07861117747482,63.4659556846473,193.10212910608183,5.0,0.0,0.0,0.0,2.0,37.0,0.0,0.0,0.0,20.91578117508572
21,20,69.42276939544121,1.55601168,72.0153209496278,85.21662197439937,163.67101058741545,8.0,0.0,0.0,0.0,1.0,51.69480824866946,0.0,0.0,0.0,17.72796114677174
21,21,51.69480824866945,1.4962051200000002,53.625319760030564,82.00947607065191,0.0,7.0,0.0,0.0,0.0,0.0,51.69480824866945,0.0,0.0,0.0,0.0
21,22,51.694808248669474,1.24784016,53.625319760030585,68.69082567346473,0.0,8.0,0.0,0.0,0.0,0.0,51.694808248669474,0.0,0.0,0.0,0.0
21,23,51.694808248669474,1.04019456,53.625319760030585,57.55576397670133,0.0,8.0,0.0,0.0,0.0,0.0,51.694808248669474,0.0,0.0,0.0,0.0
22,0,51.694808248669474,0.9184992,53.625319760030585,51.029811383389294,0.0,8.0,0.0,0.0,0.0,0.0,51.694808248669474,0.0,0.0,0.0,0.0
22,1,51.694808248669474,0.91583856,53.625319760030585,50.88713371262297,0.0,7.0,0.0,0.0,0.0,0.0,51.694808248669474,0.0,0.0,0.0,0.0
22,2,51.69480824866948,0.84515808,53.625319760030585,47.096870371830526,0.0,8.0,0.0,0.0,0.0,0.0,51.69480824866948,0.0,0.0,0.0,0.0
22,3,51.69480824866947,0.8265336,53.62531976003058,46.09812667646622,0.0,9.0,0.0,0.0,0.0,0.0,51.69480824866947,0.0,0.0,0.0,0.0
22,4,51.69480824866945,0.80987568,53.625319760030585,45.20484038992922,0.0,8.0,0.0,0.0,0.0,0.0,51.69480824866945,0.0,0.0,0.0,0.0
22,5,51.694808248669474,0.72404112,53.625319760030585,40.60193466346769,0.0,8.0,0.0,0.0,0.0,0.0,51.694808248669474,0.0,0.0,0.0,0.0
22,6,51.694808248669474,0.71050656,53.625319760030585,39.87613955565638,0.0,8.0,0.0,0.0,0.0,0.0,51.694808248669474,0.0,0.0,0.0,0.0
22,7,60.14071279241902,0.75099456,62.386631527405626,42.04732150210047,77.97567472963809,8.0,0.0,0.0,0.0,2.0,51.69480824866946,0.0,0.0,0.0,8.445904543749563
22,8,51.69480824866946,0.74463216,53.625319760030564,41.70613576765926,0.0,7.0,0.0,0.0,0.0,0.0,51.69480824866946,0.0,0.0,0.0,0.0
22,9,51.41231139603845,0.92474592,53.33227323240503,22.058277410788385,269.6987255443384,3.0,0.0,0.0,0.0,3.0,22.200000000000003,0.0,0.0,0.0,29.212311396038448
22,10,0.0,1.04088864,0.0,0.0,0.0,0.0,0.0,0.0,0.0,0.0,0.0,0.0,0.0,0.0,0.0
22,11,0.0,1.38816,0.0,0.0,0.0,0.0,0.0,0.0,0.0,0.0,0.0,0.0,0.0,0.0,0.0
22,12,37.253610952680454,1.25616912,38.644824639710016,0.0,343.9389392934192,0.0,0.0,0.0,0.0,3.0,0.0,0.0,0.0,0.0,37.253610952680454
22,13,1.845380134672352,1.3879286400000002,1.9142947455107384,0.0,17.037223235045573,0.0,0.0,0.0,0.0,2.0,0.0,0.0,0.0,0.0,1.845380134672352
22,14,22.04800706857373,1.61697504,22.87137662715118,0.0,203.55525198164545,0.0,0.0,0.0,0.0,4.0,0.0,0.0,0.0,0.0,22.04800706857373
22,15,1.1074266729620383,1.76157504,1.1487828557697495,0.0,10.22416741635077,0.0,0.0,0.0,0.0,1.0,0.0,0.0,0.0,0.0,1.1074266729620383
22,16,12.604815573007919,1.91716464,13.075534826771701,0.0,116.37225995826815,0.0,0.0,0.0,0.0,3.0,0.0,0.0,0.0,0.0,12.604815573007919
22,17,7.091038210577132,2.15211072,7.355848766158851,0.0,65.46705401881377,0.0,0.0,0.0,0.0,1.0,0.0,0.0,0.0,0.0,7.091038210577132
22,18,6.400692930437259,2.26513008,6.639722956885124,0.0,59.093534316277605,0.0,0.0,0.0,0.0,1.0,0.0,0.0,0.0,0.0,6.400692930437259
22,19,29.25533497191548,2.21249568,30.347857854684115,51.71392541078839,65.1374286826222,3.0,0.0,0.0,0.0,1.0,22.200000000000003,0.0,0.0,0.0,7.0553349719154825
22,20,51.69480824866945,1.32997296,53.625319760030585,73.09522333625138,0.0,7.0,0.0,0.0,0.0,0.0,51.69480824866945,0.0,0.0,0.0,0.0
22,21,57.747364607381854,0.6417926399999999,59.90390519437955,36.19133362369121,55.87941036570578,8.0,0.0,0.0,0.0,1.0,51.69480824866946,0.0,0.0,0.0,6.0525563587124
22,22,50.323013679465014,0.61796256,52.202296347992764,33.98696069820283,0.0,8.0,0.0,0.0,0.0,0.0,50.323013679465014,0.0,0.0,0.0,0.0
22,23,51.69480824866946,0.58753872,53.625319760030585,33.28194981545609,0.0,7.0,0.0,0.0,0.0,0.0,51.69480824866946,0.0,0.0,0.0,0.0
23,0,51.694808248669474,1.15865088,53.62531976003059,63.90802201429784,0.0,8.0,0.0,0.0,0.0,0.0,51.694808248669474,0.0,0.0,0.0,0.0
23,1,48.542750384148434,0.56902992,50.355550191025344,30.320583408078082,0.0,8.0,0.0,0.0,0.0,0.0,48.542750384148434,0.0,0.0,0.0,0.0
23,2,51.69480824866948,0.5483231999999999,53.62531976003059,31.179005015900216,0.0,8.0,0.0,0.0,0.0,0.0,51.69480824866948,0.0,0.0,0.0,0.0
23,3,51.69480824866945,0.5556110400000001,53.625319760030585,31.56981776626016,0.0,7.0,0.0,0.0,0.0,0.0,51.69480824866945,0.0,0.0,0.0,0.0
23,4,51.69480824866947,0.5662536,53.62531976003057,32.14052844932546,0.0,8.0,0.0,0.0,0.0,0.0,51.69480824866947,0.0,0.0,0.0,0.0
23,5,51.69480824866948,0.67823184,53.62531976003059,38.145397375490916,0.0,8.0,0.0,0.0,0.0,0.0,51.69480824866948,0.0,0.0,0.0,0.0
23,6,50.10310700385616,1.61281056,51.9741773898923,85.54484741333695,0.0,8.0,0.0,0.0,0.0,0.0,50.10310700385616,0.0,0.0,0.0,0.0
23,7,51.02881229950933,2.53940736,52.93445259285201,136.17426889268287,0.0,8.0,0.0,0.0,0.0,0.0,51.02881229950933,0.0,0.0,0.0,0.0
23,8,50.13010370720462,2.89107456,52.00218226888446,152.06345845515503,0.0,7.0,0.0,0.0,0.0,0.0,50.13010370720462,0.0,0.0,0.0,0.0
23,9,14.8,3.0290808,15.352697095435687,47.01273427385893,0.0,2.0,0.0,0.0,0.0,0.0,14.8,0.0,0.0,0.0,0.0
23,10,0.0,2.80165392,0.0,0.0,0.0,0.0,0.0,0.0,0.0,0.0,0.0,0.0,0.0,0.0,0.0
23,11,0.0,2.5808208,0.0,0.0,0.0,0.0,0.0,0.0,0.0,0.0,0.0,0.0,0.0,0.0,0.0
23,12,0.0,2.4767088,0.0,0.0,0.0,0.0,0.0,0.0,0.0,0.0,0.0,0.0,0.0,0.0,0.0
23,13,1.6174182693035741,2.45681184,1.677819781435243,0.0,14.932596054773663,0.0,0.0,0.0,0.0,1.0,0.0,0.0,0.0,0.0,1.6174182693035741
23,14,6.6505943502409,2.45981952,6.898956794855706,0.0,61.40071547421579,0.0,0.0,0.0,0.0,1.0,0.0,0.0,0.0,0.0,6.6505943502409
23,15,0.0,2.45218464,0.0,0.0,0.0,0.0,0.0,0.0,0.0,0.0,0.0,0.0,0.0,0.0,0.0
23,16,0.0,2.51742816,0.0,0.0,0.0,0.0,0.0,0.0,0.0,0.0,0.0,0.0,0.0,0.0,0.0
23,17,25.478019505141503,2.79008592,26.429480814462142,0.0,235.22237924871308,0.0,0.0,0.0,0.0,1.0,0.0,0.0,0.0,0.0,25.478019505141503
23,18,0.0,2.7749318400000003,0.0,0.0,0.0,0.0,0.0,0.0,0.0,0.0,0.0,0.0,0.0,0.0,0.0
23,19,7.4,1.3233792,7.6763485477178435,10.41280713692946,0.0,1.0,0.0,0.0,0.0,0.0,7.4,0.0,0.0,0.0,0.0
23,20,48.845449551264885,0.81820464,50.669553476415864,43.13522598120095,0.0,7.0,0.0,0.0,0.0,0.0,48.845449551264885,0.0,0.0,0.0,0.0
23,21,50.10310700385618,0.5891582399999999,51.974177389892304,32.34136014808218,0.0,7.0,0.0,0.0,0.0,0.0,50.10310700385618,0.0,0.0,0.0,0.0
23,22,50.29134042861339,0.53548272,52.1694402786446,29.662642254509308,0.0,7.0,0.0,0.0,0.0,0.0,50.29134042861339,0.0,0.0,0.0,0.0
23,23,50.10310700385618,0.48319536,51.974177389892304,26.83402662621831,0.0,7.0,0.0,0.0,0.0,0.0,50.10310700385618,0.0,0.0,0.0,0.0
24,0,51.69480824866946,0.31858272,53.625319760030564,18.859098314077297,0.0,8.0,0.0,0.0,0.0,0.0,51.69480824866946,0.0,0.0,0.0,0.0
24,1,51.694808248669474,0.3163847999999999,53.625319760030585,18.74123415127033,0.0,7.0,0.0,0.0,0.0,0.0,51.694808248669474,0.0,0.0,0.0,0.0
24,2,50.83917334524846,0.31650048,52.7377316859424,18.437136311516674,0.0,8.0,0.0,0.0,0.0,0.0,50.83917334524846,0.0,0.0,0.0,0.0
24,3,48.07206825201227,0.3191611199999999,49.867290717855056,17.566307679637223,0.0,7.0,0.0,0.0,0.0,0.0,48.07206825201227,0.0,0.0,0.0,0.0
24,4,51.694808248669474,0.32633328,53.625319760030585,19.27472457239661,0.0,7.0,0.0,0.0,0.0,0.0,51.694808248669474,0.0,0.0,0.0,0.0
24,5,49.419165799682276,0.35293968,51.264694812948434,19.79020638088827,0.0,7.0,0.0,0.0,0.0,0.0,49.419165799682276,0.0,0.0,0.0,0.0
24,6,51.694808248669474,0.60223008,53.625319760030585,34.069778693165816,0.0,7.0,0.0,0.0,0.0,0.0,51.694808248669474,0.0,0.0,0.0,0.0
24,7,51.694808248669474,1.55693712,53.625319760030585,85.26624899031812,0.0,7.0,0.0,0.0,0.0,0.0,51.694808248669474,0.0,0.0,0.0,0.0
24,8,38.06372651636943,1.42621872,39.485193481711036,57.62148201068289,0.0,6.0,0.0,0.0,0.0,0.0,38.06372651636943,0.0,0.0,0.0,0.0
24,9,0.0,2.25645408,0.0,0.0,0.0,0.0,0.0,0.0,0.0,0.0,0.0,0.0,0.0,0.0,0.0
24,10,0.0,2.67243936,0.0,0.0,0.0,0.0,0.0,0.0,0.0,0.0,0.0,0.0,0.0,0.0,0.0
24,11,0.0,2.5779288,0.0,0.0,0.0,0.0,0.0,0.0,0.0,0.0,0.0,0.0,0.0,0.0,0.0
24,12,0.0,2.44269888,0.0,0.0,0.0,0.0,0.0,0.0,0.0,0.0,0.0,0.0,0.0,0.0,0.0
24,13,0.0,2.3066592,0.0,0.0,0.0,0.0,0.0,0.0,0.0,0.0,0.0,0.0,0.0,0.0,0.0
24,14,0.0,2.41320048,0.0,0.0,0.0,0.0,0.0,0.0,0.0,0.0,0.0,0.0,0.0,0.0,0.0
24,15,7.153526609471811,2.43841872,7.4206707567134975,0.0,66.04396973475014,0.0,0.0,0.0,0.0,1.0,0.0,0.0,0.0,0.0,7.153526609471811
24,16,0.0,2.51476752,0.0,0.0,0.0,0.0,0.0,0.0,0.0,0.0,0.0,0.0,0.0,0.0,0.0
24,17,0.0,2.799456,0.0,0.0,0.0,0.0,0.0,0.0,0.0,0.0,0.0,0.0,0.0,0.0,0.0
24,18,0.0,1.63131936,0.0,0.0,0.0,0.0,0.0,0.0,0.0,0.0,0.0,0.0,0.0,0.0,0.0
24,19,7.4,0.9555168,7.6763485477178435,7.588967136929463,0.0,1.0,0.0,0.0,0.0,0.0,7.4,0.0,0.0,0.0,0.0
24,20,9.307503836689294,0.33107616,9.655086967520015,3.516152496297484,0.0,2.0,0.0,0.0,0.0,0.0,9.307503836689294,0.0,0.0,0.0,0.0
24,21,37.0,0.3151123199999999,38.38174273858922,13.364995684647301,0.0,6.0,0.0,0.0,0.0,0.0,37.0,0.0,0.0,0.0,0.0
24,22,44.294808248669455,0.2897784,45.94897121231272,14.835930306677593,0.0,7.0,0.0,0.0,0.0,0.0,44.294808248669455,0.0,0.0,0.0,0.0
24,23,51.69480824866946,0.2394576,53.625319760030585,14.615988453026514,0.0,7.0,0.0,0.0,0.0,0.0,51.69480824866946,0.0,0.0,0.0,0.0
25,0,51.694808248669474,0.1567464,53.625319760030585,10.18057390529067,0.0,7.0,0.0,0.0,0.0,0.0,51.694808248669474,0.0,0.0,0.0,0.0
25,1,51.694808248669474,0.104112,53.625319760030585,7.358037374913317,0.0,7.0,0.0,0.0,0.0,0.0,51.694808248669474,0.0,0.0,0.0,0.0
25,2,51.69480824866946,0.05298144,53.625319760030564,4.6161447454038855,0.0,7.0,0.0,0.0,0.0,0.0,51.69480824866946,0.0,0.0,0.0,0.0
25,3,51.694808248669474,0.0474288,53.625319760030585,4.318382649891551,0.0,7.0,0.0,0.0,0.0,0.0,51.694808248669474,0.0,0.0,0.0,0.0
25,4,51.694808248669474,0.07033344,53.625319760030585,5.546651293879937,0.0,7.0,0.0,0.0,0.0,0.0,51.694808248669474,0.0,0.0,0.0,0.0
25,5,51.694808248669474,0.12933024,53.625319760030585,8.710373558698508,0.0,7.0,0.0,0.0,0.0,0.0,51.694808248669474,0.0,0.0,0.0,0.0
25,6,42.32365145228216,0.30065232,43.90420275133004,14.653129526006786,0.0,7.0,0.0,0.0,0.0,0.0,42.32365145228216,0.0,0.0,0.0,0.0
25,7,46.505075903855804,0.32297856,48.24177998325292,17.17786354827353,0.0,7.0,0.0,0.0,0.0,0.0,46.505075903855804,0.0,0.0,0.0,0.0
25,8,25.950029525516122,0.33743856,26.919117765058225,9.974571133135093,0.0,4.0,0.0,0.0,0.0,0.0,25.950029525516122,0.0,0.0,0.0,0.0
25,9,14.8,0.33998352,15.352697095435687,5.727838273858922,0.0,2.0,0.0,0.0,0.0,0.0,14.8,0.0,0.0,0.0,0.0
25,10,0.0,0.33686016,0.0,0.0,0.0,0.0,0.0,0.0,0.0,0.0,0.0,0.0,0.0,0.0,0.0
25,11,0.0,0.33628176,0.0,0.0,0.0,0.0,0.0,0.0,0.0,0.0,0.0,0.0,0.0,0.0,0.0
25,12,0.0,0.32957232,0.0,0.0,0.0,0.0,0.0,0.0,0.0,0.0,0.0,0.0,0.0,0.0,0.0
25,13,0.0,0.3256392,0.0,0.0,0.0,0.0,0.0,0.0,0.0,0.0,0.0,0.0,0.0,0.0,0.0
25,14,0.0,0.33107616,0.0,0.0,0.0,0.0,0.0,0.0,0.0,0.0,0.0,0.0,0.0,0.0,0.0
25,15,0.0,0.33628176,0.0,0.0,0.0,0.0,0.0,0.0,0.0,0.0,0.0,0.0,0.0,0.0,0.0
25,16,0.0,0.34680864,0.0,0.0,0.0,0.0,0.0,0.0,0.0,0.0,0.0,0.0,0.0,0.0,0.0
25,17,0.0,0.35594736,0.0,0.0,0.0,0.0,0.0,0.0,0.0,0.0,0.0,0.0,0.0,0.0,0.0
25,18,0.0,0.3704073599999999,0.0,0.0,0.0,0.0,0.0,0.0,0.0,0.0,0.0,0.0,0.0,0.0,0.0
25,19,11.638167961052496,0.36855648,12.072788341340765,4.84911366896797,0.0,2.0,0.0,0.0,0.0,0.0,11.638167961052496,0.0,0.0,0.0,0.0
25,20,34.87007926524279,0.36473904,36.17228139548007,14.390745704987653,0.0,5.0,0.0,0.0,0.0,0.0,34.87007926524279,0.0,0.0,0.0,0.0
25,21,42.77528299772928,0.3823224,44.37270020511337,18.43341361368869,0.0,7.0,0.0,0.0,0.0,0.0,42.77528299772928,0.0,0.0,0.0,0.0
25,22,50.103107003856174,0.36103728,51.974177389892304,20.484960906689658,0.0,7.0,0.0,0.0,0.0,0.0,50.103107003856174,0.0,0.0,0.0,0.0
25,23,51.69480824866945,0.34715568,53.625319760030585,20.391332430567868,0.0,7.0,0.0,0.0,0.0,0.0,51.69480824866945,0.0,0.0,0.0,0.0
26,0,51.03480393029734,0.44906976,52.94066797748688,25.526389172944537,0.0,7.0,0.0,0.0,0.0,0.0,51.03480393029735,0.0,0.0,0.0,0.0
26,1,51.69480824866946,0.46225728,53.625319760030564,26.563692535458994,0.0,7.0,0.0,0.0,0.0,0.0,51.69480824866946,0.0,0.0,0.0,0.0
26,2,44.29480824866946,0.4626043199999999,45.94897121231272,22.77710352949905,0.0,7.0,0.0,0.0,0.0,0.0,44.29480824866946,0.0,0.0,0.0,0.0
26,3,38.79242635161062,0.4595966399999999,40.24110617386995,19.82665780174898,0.0,7.0,0.0,0.0,0.0,0.0,38.79242635161062,0.0,0.0,0.0,0.0
26,4,49.23927995525977,0.46272,51.078091239896025,25.325539198565252,0.0,7.0,0.0,0.0,0.0,0.0,49.23927995525977,0.0,0.0,0.0,0.0
26,5,51.69480824866945,0.4840051199999999,53.625319760030585,27.72992740954898,0.0,7.0,0.0,0.0,0.0,0.0,51.69480824866945,0.0,0.0,0.0,0.0
26,6,41.935330875611534,1.09791888,43.501380576360525,49.20088273792903,0.0,6.0,0.0,0.0,0.0,0.0,41.935330875611534,0.0,0.0,0.0,0.0
26,7,51.69480824866945,1.46844192,53.625319760030564,80.52066559309023,0.0,7.0,0.0,0.0,0.0,0.0,51.69480824866945,0.0,0.0,0.0,0.0
26,8,30.260137203309533,1.50626928,31.390183820860518,48.3210846673857,0.0,5.0,0.0,0.0,0.0,0.0,30.260137203309533,0.0,0.0,0.0,0.0
26,9,9.173342462765804,1.49932848,9.515915417806852,14.582459799518318,0.0,2.0,0.0,0.0,0.0,0.0,9.173342462765804,0.0,0.0,0.0,0.0
26,10,0.0,1.51795296,0.0,0.0,0.0,0.0,0.0,0.0,0.0,0.0,0.0,0.0,0.0,0.0,0.0
26,11,0.0,1.51783728,0.0,0.0,0.0,0.0,0.0,0.0,0.0,0.0,0.0,0.0,0.0,0.0,0.0
26,12,0.0,1.52327424,0.0,0.0,0.0,0.0,0.0,0.0,0.0,0.0,0.0,0.0,0.0,0.0,0.0
26,13,0.0,1.46022864,0.0,0.0,0.0,0.0,0.0,0.0,0.0,0.0,0.0,0.0,0.0,0.0,0.0
26,14,0.0,1.4373239999999998,0.0,0.0,0.0,0.0,0.0,0.0,0.0,0.0,0.0,0.0,0.0,0.0,0.0
26,15,0.0,1.5126316799999997,0.0,0.0,0.0,0.0,0.0,0.0,0.0,0.0,0.0,0.0,0.0,0.0,0.0
26,16,0.0,1.53865968,0.0,0.0,0.0,0.0,0.0,0.0,0.0,0.0,0.0,0.0,0.0,0.0,0.0
26,17,0.0,1.55404512,0.0,0.0,0.0,0.0,0.0,0.0,0.0,0.0,0.0,0.0,0.0,0.0,0.0
26,18,0.0,1.55925072,0.0,0.0,0.0,0.0,0.0,0.0,0.0,0.0,0.0,0.0,0.0,0.0,0.0
26,19,0.0,1.50418704,0.0,0.0,0.0,0.0,0.0,0.0,0.0,0.0,0.0,0.0,0.0,0.0,0.0
26,20,29.6,1.27571904,30.705394190871374,40.187804547717846,0.0,4.0,0.0,0.0,0.0,0.0,29.6,0.0,0.0,0.0,0.0
26,21,52.291662127439636,1.23233904,54.244462787800465,67.85957315682613,5.510372947151939,7.0,0.0,0.0,0.0,1.0,51.694808248669474,0.0,0.0,0.0,0.596853878770165
26,22,51.69480824866946,0.79830768,53.625319760030585,44.584502690945186,0.0,7.0,0.0,0.0,0.0,0.0,51.69480824866946,0.0,0.0,0.0,0.0
26,23,43.834214681182445,0.70657344,45.47117705516852,33.63382195324556,0.0,8.0,0.0,0.0,0.0,0.0,43.834214681182445,0.0,0.0,0.0,0.0
27,0,48.08593627213055,0.90878208,49.88167663084083,46.982657338943746,0.0,7.0,0.0,0.0,0.0,0.0,48.08593627213055,0.0,0.0,0.0,0.0
27,1,48.461907372766404,0.94753488,50.27168814602325,49.29817087247293,0.0,7.0,0.0,0.0,0.0,0.0,48.461907372766404,0.0,0.0,0.0,0.0
27,2,51.694808248669474,1.05916608,53.625319760030585,58.573117803035146,0.0,7.0,0.0,0.0,0.0,0.0,51.694808248669474,0.0,0.0,0.0,0.0
27,3,48.91495236076282,1.09849728,50.741651826517455,57.41911518959418,0.0,7.0,0.0,0.0,0.0,0.0,48.91495236076282,0.0,0.0,0.0,0.0
27,4,51.69480824866946,1.26577056,53.625319760030564,69.65234910688996,0.0,7.0,0.0,0.0,0.0,0.0,51.69480824866946,0.0,0.0,0.0,0.0
27,5,50.103107003856174,1.42506192,51.974177389892304,75.78676629326596,0.0,7.0,0.0,0.0,0.0,0.0,50.103107003856174,0.0,0.0,0.0,0.0
27,6,44.634441141635456,1.70500752,46.301287491323095,80.47661597435061,0.0,7.0,0.0,0.0,0.0,0.0,44.634441141635456,0.0,0.0,0.0,0.0
27,7,51.69480824866947,2.0371248,53.625319760030585,111.01646687514535,0.0,8.0,0.0,0.0,0.0,0.0,51.69480824866947,0.0,0.0,0.0,0.0
27,8,39.63143953770263,2.2557600000000004,41.11145180259609,94.09835757289011,0.0,6.0,0.0,0.0,0.0,0.0,39.63143953770263,0.0,0.0,0.0,0.0
27,9,0.0,2.30422992,0.0,0.0,0.0,0.0,0.0,0.0,0.0,0.0,0.0,0.0,0.0,0.0,0.0
27,10,0.0,2.20162176,0.0,0.0,0.0,0.0,0.0,0.0,0.0,0.0,0.0,0.0,0.0,0.0,0.0
27,11,3.3405449007360373,2.12978448,3.4652955401826118,0.0,30.841130307625246,0.0,0.0,0.0,0.0,1.0,0.0,0.0,0.0,0.0,3.3405449007360373
27,12,2.4423739974113503,2.05204752,2.533582984866546,0.0,22.54888856531226,0.0,0.0,0.0,0.0,1.0,0.0,0.0,0.0,0.0,2.4423739974113503
27,13,0.0,1.7349686399999995,0.0,0.0,0.0,0.0,0.0,0.0,0.0,0.0,0.0,0.0,0.0,0.0,0.0
27,14,5.608105922333396,1.5488395199999998,5.8175372638313245,0.0,51.77608164809879,0.0,0.0,0.0,0.0,1.0,0.0,0.0,0.0,0.0,5.608105922333396
27,15,0.0,1.54872384,0.0,0.0,0.0,0.0,0.0,0.0,0.0,0.0,0.0,0.0,0.0,0.0,0.0
27,16,0.0,2.10514464,0.0,0.0,0.0,0.0,0.0,0.0,0.0,0.0,0.0,0.0,0.0,0.0,0.0
27,17,0.0,2.21781696,0.0,0.0,0.0,0.0,0.0,0.0,0.0,0.0,0.0,0.0,0.0,0.0,0.0
27,18,0.0,1.50187344,0.0,0.0,0.0,0.0,0.0,0.0,0.0,0.0,0.0,0.0,0.0,0.0,0.0
27,19,7.4,1.45028016,7.6763485477178435,11.38694313692946,0.0,1.0,0.0,0.0,0.0,0.0,7.4,0.0,0.0,0.0,0.0
27,20,37.0,0.98223888,38.38174273858922,38.97047568464731,0.0,5.0,0.0,0.0,0.0,0.0,37.0,0.0,0.0,0.0,0.0
27,21,51.69480824866945,0.57284736,53.625319760030585,32.49412093774637,0.0,7.0,0.0,0.0,0.0,0.0,51.69480824866945,0.0,0.0,0.0,0.0
27,22,47.921010968230114,0.36948192,49.710592290695146,20.012585688725252,0.0,7.0,0.0,0.0,0.0,0.0,47.921010968230114,0.0,0.0,0.0,0.0
27,23,50.14817822292094,0.3389424,52.02093176651552,19.353992304650667,0.0,8.0,0.0,0.0,0.0,0.0,50.14817822292094,0.0,0.0,0.0,0.0
28,0,51.694808248669474,0.31430256,53.625319760030585,18.62957336545321,0.0,7.0,0.0,0.0,0.0,0.0,51.694808248669474,0.0,0.0,0.0,0.0
28,1,51.694808248669474,0.3379012799999999,53.625319760030585,19.895062271380638,0.0,8.0,0.0,0.0,0.0,0.0,51.694808248669474,0.0,0.0,0.0,0.0
28,2,51.694808248669474,0.32980368,53.62531976003058,19.460825882091818,0.0,8.0,0.0,0.0,0.0,0.0,51.694808248669474,0.0,0.0,0.0,0.0
28,3,51.69480824866946,0.31997088,53.62531976003058,18.93353883795539,0.0,8.0,0.0,0.0,0.0,0.0,51.69480824866946,0.0,0.0,0.0,0.0
28,4,51.694808248669474,0.31950816,53.625319760030585,18.908725329996027,0.0,7.0,0.0,0.0,0.0,0.0,51.694808248669474,0.0,0.0,0.0,0.0
28,5,51.69480824866945,0.30516384,53.62531976003059,18.13950658325583,0.0,8.0,0.0,0.0,0.0,0.0,51.69480824866945,0.0,0.0,0.0,0.0
28,6,51.694808248669474,0.3060892799999999,53.625319760030585,18.189133599174543,0.0,7.0,0.0,0.0,0.0,0.0,51.694808248669474,0.0,0.0,0.0,0.0
28,7,48.29612309611327,0.3320016,50.099712755304225,18.291485286501985,0.0,7.0,0.0,0.0,0.0,0.0,48.29612309611327,0.0,0.0,0.0,0.0
28,8,49.908762341747675,0.34912224,51.77257504330672,19.78862960362079,0.0,8.0,0.0,0.0,0.0,0.0,49.908762341747675,0.0,0.0,0.0,0.0
28,9,37.0,0.36161568,38.38174273858922,15.149875684647306,0.0,5.0,0.0,0.0,0.0,0.0,37.0,0.0,0.0,0.0,0.0
28,10,11.909496292664002,0.4105483199999999,12.354249266248967,0.0,109.9528184696158,0.0,0.0,0.0,0.0,2.0,0.0,0.0,0.0,0.0,11.909496292664002
28,11,27.768728003097323,0.44259168,28.805734443047022,0.0,256.3710365431185,0.0,0.0,0.0,0.0,3.0,0.0,0.0,0.0,0.0,27.768728003097323
28,12,9.144544217909385,0.43507248,9.486041719823014,0.0,84.42577130642482,0.0,0.0,0.0,0.0,2.0,0.0,0.0,0.0,0.0,9.144544217909385
28,13,1.9845528498888612,0.41448144,2.058664782042387,0.0,18.322116560177246,0.0,0.0,0.0,0.0,1.0,0.0,0.0,0.0,0.0,1.9845528498888612
28,14,28.013567289485252,0.40488,29.059717105275165,0.0,258.63148223694895,0.0,0.0,0.0,0.0,4.0,0.0,0.0,0.0,0.0,28.013567289485252
28,15,36.22548573053503,0.40383888,37.57830469972514,0.0,334.44691182755366,0.0,0.0,0.0,0.0,2.0,0.0,0.0,0.0,0.0,36.22548573053503
28,16,0.0,0.43877424,0.0,0.0,0.0,0.0,0.0,0.0,0.0,0.0,0.0,0.0,0.0,0.0,0.0
28,17,22.021812130959546,0.5905463999999999,22.844203455352226,0.0,203.3134107526348,0.0,0.0,0.0,0.0,2.0,0.0,0.0,0.0,0.0,22.021812130959546
28,18,0.0,0.44120352,0.0,0.0,0.0,0.0,0.0,0.0,0.0,0.0,0.0,0.0,0.0,0.0,0.0
28,19,16.5463027983023,0.40094688,17.16421452106048,6.663790273858923,16.122505088060667,2.0,0.0,0.0,0.0,1.0,14.8,0.0,0.0,0.0,1.7463027983023014
28,20,62.34864850850037,0.36578016,64.67702127437799,21.390076125932154,98.3601434776921,7.0,0.0,0.0,0.0,1.0,51.69480824866945,0.0,0.0,0.0,10.653840259830918
28,21,56.80562787978329,0.35641008,58.92699987529387,20.887602589755094,47.18495302584327,7.0,0.0,0.0,0.0,1.0,51.694808248669474,0.0,0.0,0.0,5.11081963111381
28,22,51.69480824866946,0.34842816,53.62531976003057,20.459569577456108,0.0,10.0,0.0,0.0,0.0,0.0,51.69480824866946,0.0,0.0,0.0,0.0
28,23,51.694808248669474,0.33963648,53.625319760030585,19.988112926228247,0.0,9.0,0.0,0.0,0.0,0.0,51.694808248669474,0.0,0.0,0.0,0.0
29,0,51.694808248669474,0.34426368,53.625319760030585,20.236248005821864,0.0,8.0,0.0,0.0,0.0,0.0,51.694808248669474,0.0,0.0,0.0,0.0
29,1,51.69480824866947,0.33917376,53.62531976003058,19.963299418268885,0.0,8.0,0.0,0.0,0.0,0.0,51.694808248669474,0.0,0.0,0.0,0.0
29,2,51.69480824866946,0.32818416,53.62531976003058,19.37397860423405,0.0,8.0,0.0,0.0,0.0,0.0,51.69480824866946,0.0,0.0,0.0,0.0
29,3,51.694808248669474,0.32656464,53.62531976003059,19.28713132637629,0.0,9.0,0.0,0.0,0.0,0.0,51.694808248669474,0.0,0.0,0.0,0.0
29,4,51.69480824866947,0.33107616,53.62531976003058,19.529063028980058,0.0,8.0,0.0,0.0,0.0,0.0,51.69480824866947,0.0,0.0,0.0,0.0
29,5,51.69480824866947,0.31222032,53.625319760030585,18.517912579636082,0.0,9.0,0.0,0.0,0.0,0.0,51.69480824866947,0.0,0.0,0.0,0.0
29,6,51.694808248669474,0.31534368,53.625319760030585,18.685403758361776,0.0,7.0,0.0,0.0,0.0,0.0,51.694808248669474,0.0,0.0,0.0,0.0
29,7,51.69480824866945,0.33755424,53.625319760030564,19.876452140411114,0.0,7.0,0.0,0.0,0.0,0.0,51.69480824866945,0.0,0.0,0.0,0.0
29,8,51.69480824866945,0.3574511999999999,53.625319760030564,20.943432982663648,0.0,8.0,0.0,0.0,0.0,0.0,51.69480824866945,0.0,0.0,0.0,0.0
29,9,41.067085813733996,0.36219408,42.60071142503528,6.068830273858922,242.50732753343635,2.0,0.0,0.0,0.0,2.0,14.8,0.0,0.0,0.0,26.267085813734
29,10,7.4,0.3974764799999999,7.6763485477178435,3.3052551369294605,0.0,1.0,0.0,0.0,0.0,0.0,7.4,0.0,0.0,0.0,0.0
29,11,39.70565929513903,0.393312,41.18844325221892,0.0,366.57714494474834,0.0,0.0,0.0,0.0,3.0,0.0,0.0,0.0,0.0,39.70565929513903
29,12,20.225883317979818,0.39203952,20.981206761389856,0.0,186.73274017636976,0.0,0.0,0.0,0.0,2.0,0.0,0.0,0.0,0.0,20.225883317979818
29,13,5.320984012092319,0.4043016,5.519692958601992,0.0,49.12526733155773,0.0,0.0,0.0,0.0,1.0,0.0,0.0,0.0,0.0,5.320984012092319
29,14,10.608467607766576,0.39770784,11.00463444789064,0.0,97.9412465862267,0.0,0.0,0.0,0.0,1.0,0.0,0.0,0.0,0.0,10.608467607766576
29,15,53.45934651353044,0.37642272,55.45575364474112,0.0,493.556207438196,0.0,0.0,0.0,0.0,3.0,0.0,0.0,0.0,0.0,53.45934651353044
29,16,0.0,0.40129392,0.0,0.0,0.0,0.0,0.0,0.0,0.0,0.0,0.0,0.0,0.0,0.0,0.0
29,17,0.0,0.4239672,0.0,0.0,0.0,0.0,0.0,0.0,0.0,0.0,0.0,0.0,0.0,0.0,0.0
29,18,0.8845850667416986,0.4031447999999999,0.9176193638399364,0.0,8.166812338175435,0.0,0.0,0.0,0.0,1.0,0.0,0.0,0.0,0.0,0.8845850667416986
29,19,18.1451580108781,0.36057456,18.82277801958309,6.043966273858922,30.88372022491189,2.0,0.0,0.0,0.0,1.0,14.8,0.0,0.0,0.0,3.3451580108780967
29,20,51.69480824866945,0.33003504,53.625319760030564,19.473232636071494,0.0,7.0,0.0,0.0,0.0,0.0,51.69480824866945,0.0,0.0,0.0,0.0
29,21,51.69480824866946,0.3005366399999999,53.625319760030585,17.891371503662207,0.0,7.0,0.0,0.0,0.0,0.0,51.69480824866946,0.0,0.0,0.0,0.0
29,22,51.31270248596539,0.29012544,53.22894448751597,17.204949002712926,0.0,7.0,0.0,0.0,0.0,0.0,51.31270248596539,0.0,0.0,0.0,0.0
29,23,47.4257229843215,0.21215712,49.196808075022304,12.065867461672717,0.0,7.0,0.0,0.0,0.0,0.0,47.4257229843215,0.0,0.0,0.0,0.0
30,0,45.91023782981202,0.15142512,47.624728039224095,8.78795865640519,0.0,8.0,0.0,0.0,0.0,0.0,45.91023782981202,0.0,0.0,0.0,0.0
30,1,51.69480824866946,0.0666316799999999,53.625319760030564,5.34814323020504,0.0,8.0,0.0,0.0,0.0,0.0,51.69480824866946,0.0,0.0,0.0,0.0
30,2,50.10310700385618,0.0572616,51.974177389892304,4.696469827634493,0.0,7.0,0.0,0.0,0.0,0.0,50.10310700385618,0.0,0.0,0.0,0.0
30,3,45.01491707864577,0.0234830399999999,46.695972073284004,2.642200055661507,0.0,8.0,0.0,0.0,0.0,0.0,45.01491707864577,0.0,0.0,0.0,0.0
30,4,51.69480824866946,0.10445904,53.625319760030585,7.376647505882838,0.0,7.0,0.0,0.0,0.0,0.0,51.69480824866946,0.0,0.0,0.0,0.0
30,5,49.40889087323843,0.30932832,51.25403617555855,17.550833500815738,0.0,7.0,0.0,0.0,0.0,0.0,49.40889087323843,0.0,0.0,0.0,0.0
30,6,45.100661178348055,0.32552352,46.784918234800884,16.778172060276482,0.0,7.0,0.0,0.0,0.0,0.0,45.100661178348055,0.0,0.0,0.0,0.0
30,7,48.408441577386284,0.34715568,50.21622570268288,19.095005051607156,0.0,7.0,0.0,0.0,0.0,0.0,48.408441577386284,0.0,0.0,0.0,0.0
30,8,14.8,0.35617872,15.352697095435687,5.976478273858922,0.0,2.0,0.0,0.0,0.0,0.0,14.8,0.0,0.0,0.0,0.0
30,9,0.0,0.35143584,0.0,0.0,0.0,0.0,0.0,0.0,0.0,0.0,0.0,0.0,0.0,0.0,0.0
30,10,0.0,0.34692432,0.0,0.0,0.0,0.0,0.0,0.0,0.0,0.0,0.0,0.0,0.0,0.0,0.0
30,11,0.0,0.33049776,0.0,0.0,0.0,0.0,0.0,0.0,0.0,0.0,0.0,0.0,0.0,0.0,0.0
30,12,0.0,0.335472,0.0,0.0,0.0,0.0,0.0,0.0,0.0,0.0,0.0,0.0,0.0,0.0,0.0
30,13,0.0,0.3262176,0.0,0.0,0.0,0.0,0.0,0.0,0.0,0.0,0.0,0.0,0.0,0.0,0.0
30,14,0.0,0.32147472,0.0,0.0,0.0,0.0,0.0,0.0,0.0,0.0,0.0,0.0,0.0,0.0,0.0
30,15,0.0,0.32320992,0.0,0.0,0.0,0.0,0.0,0.0,0.0,0.0,0.0,0.0,0.0,0.0,0.0
30,16,0.0,0.3274900799999999,0.0,0.0,0.0,0.0,0.0,0.0,0.0,0.0,0.0,0.0,0.0,0.0,0.0
30,17,0.0,0.3405619199999999,0.0,0.0,0.0,0.0,0.0,0.0,0.0,0.0,0.0,0.0,0.0,0.0,0.0
30,18,7.4,0.34264416,7.6763485477178435,2.884343136929461,0.0,1.0,0.0,0.0,0.0,0.0,7.4,0.0,0.0,0.0,0.0
30,19,18.92317012372495,0.31858272,19.629844526685638,6.903477116321917,0.0,3.0,0.0,0.0,0.0,0.0,18.92317012372495,0.0,0.0,0.0,0.0
30,20,14.8,0.31025376,15.352697095435687,5.271406273858922,0.0,2.0,0.0,0.0,0.0,0.0,14.8,0.0,0.0,0.0,0.0
30,21,36.720430066825415,0.30065232,38.0917324344662,12.713204072822343,0.0,5.0,0.0,0.0,0.0,0.0,36.720430066825415,0.0,0.0,0.0,0.0
30,22,44.659490603236954,0.24570432,46.327272409996844,12.916243681723932,0.0,7.0,0.0,0.0,0.0,0.0,44.659490603236954,0.0,0.0,0.0,0.0
30,23,51.694808248669474,0.11568,53.625319760030585,7.97837507389735,0.0,7.0,0.0,0.0,0.0,0.0,51.694808248669474,0.0,0.0,0.0,0.0
31,0,51.04999758618349,0.29336448,52.95642903131068,17.288393066363742,0.0,7.0,0.0,0.0,0.0,0.0,51.04999758618349,0.0,0.0,0.0,0.0
31,1,51.69480824866945,0.2915136,53.625319760030564,17.40750809845466,0.0,7.0,0.0,0.0,0.0,0.0,51.69480824866945,0.0,0.0,0.0,0.0
31,2,51.694808248669474,0.29590944,53.625319760030585,17.6432364240686,0.0,7.0,0.0,0.0,0.0,0.0,51.694808248669474,0.0,0.0,0.0,0.0
31,3,43.4184480159076,0.3042384,45.03988383392905,15.193682348723494,0.0,7.0,0.0,0.0,0.0,0.0,43.4184480159076,0.0,0.0,0.0,0.0
31,4,39.20352769568961,0.33824832,40.66755985030043,15.101830028908516,0.0,7.0,0.0,0.0,0.0,0.0,39.20352769568961,0.0,0.0,0.0,0.0
31,5,44.0665317854427,0.35120448,45.71216990191152,17.567391683825758,0.0,7.0,0.0,0.0,0.0,0.0,44.0665317854427,0.0,0.0,0.0,0.0
31,6,51.694808248669474,0.46318272,53.625319760030585,26.613319551377728,0.0,7.0,0.0,0.0,0.0,0.0,51.694808248669474,0.0,0.0,0.0,0.0
31,7,51.69480824866945,1.0029456,53.625319760030564,55.55827658597273,0.0,7.0,0.0,0.0,0.0,0.0,51.69480824866945,0.0,0.0,0.0,0.0
31,8,24.91724737296289,1.33043568,25.84776698440134,35.244352531557226,0.0,5.0,0.0,0.0,0.0,0.0,24.91724737296289,0.0,0.0,0.0,0.0
31,9,7.4,1.30186272,7.6763485477178435,10.247639136929461,0.0,1.0,0.0,0.0,0.0,0.0,7.4,0.0,0.0,0.0,0.0
31,10,0.0,1.2591768,0.0,0.0,0.0,0.0,0.0,0.0,0.0,0.0,0.0,0.0,0.0,0.0,0.0
31,11,0.0,1.16940912,0.0,0.0,0.0,0.0,0.0,0.0,0.0,0.0,0.0,0.0,0.0,0.0,0.0
31,12,0.0,1.1301936,0.0,0.0,0.0,0.0,0.0,0.0,0.0,0.0,0.0,0.0,0.0,0.0,0.0
31,13,0.0,1.11665904,0.0,0.0,0.0,0.0,0.0,0.0,0.0,0.0,0.0,0.0,0.0,0.0,0.0
31,14,0.48332006811318806,1.1108750399999998,0.5013693652626433,0.0,4.462187350837525,0.0,0.0,0.0,0.0,1.0,0.0,0.0,0.0,0.0,0.48332006811318806
31,15,0.0,1.1122632,0.0,0.0,0.0,0.0,0.0,0.0,0.0,0.0,0.0,0.0,0.0,0.0,0.0
31,16,0.0,1.1160806399999998,0.0,0.0,0.0,0.0,0.0,0.0,0.0,0.0,0.0,0.0,0.0,0.0,0.0
31,17,2.222727372250516,1.15656864,2.3057337886416143,0.0,20.521030718910367,0.0,0.0,0.0,0.0,1.0,0.0,0.0,0.0,0.0,2.222727372250516
31,18,0.0,1.14627312,0.0,0.0,0.0,0.0,0.0,0.0,0.0,0.0,0.0,0.0,0.0,0.0,0.0
31,19,7.4,1.1024304,7.6763485477178435,8.716727136929462,0.0,1.0,0.0,0.0,0.0,0.0,7.4,0.0,0.0,0.0,0.0
31,20,34.46671047001645,1.0416984,35.753849035286784,38.42817973696778,0.0,5.0,0.0,0.0,0.0,0.0,34.46671047001645,0.0,0.0,0.0,0.0
31,21,36.76274411505699,0.97310016,38.135626675370325,38.372073662457886,0.0,5.0,0.0,0.0,0.0,0.0,36.76274411505699,0.0,0.0,0.0,0.0
31,22,51.694808248669474,0.94834464,53.625319760030585,52.6302826467681,0.0,7.0,0.0,0.0,0.0,0.0,51.694808248669474,0.0,0.0,0.0,0.0
31,23,51.694808248669474,0.79622544,53.625319760030585,44.47284190512806,0.0,7.0,0.0,0.0,0.0,0.0,51.694808248669474,0.0,0.0,0.0,0.0
32,0,45.25750093616437,0.8754662400000001,46.947615079008685,42.655018109302226,0.0,7.0,0.0,0.0,0.0,0.0,45.25750093616437,0.0,0.0,0.0,0.0
32,1,51.694808248669474,0.7814184,53.625319760030585,43.67880965042849,0.0,7.0,0.0,0.0,0.0,0.0,51.694808248669474,0.0,0.0,0.0,0.0
32,2,51.69480824866945,0.7599019199999999,53.625319760030585,42.524981530318186,0.0,7.0,0.0,0.0,0.0,0.0,51.69480824866945,0.0,0.0,0.0,0.0
32,3,51.42895427064444,0.7729737599999998,53.349537625149836,43.003662387766,0.0,7.0,0.0,0.0,0.0,0.0,51.42895427064444,0.0,0.0,0.0,0.0
32,4,46.597146089147486,0.68262768,48.33728847421939,34.59633533714378,0.0,7.0,0.0,0.0,0.0,0.0,46.597146089147486,0.0,0.0,0.0,0.0
32,5,51.694808248669474,0.8463148799999999,53.625319760030585,47.15890414172892,0.0,7.0,0.0,0.0,0.0,0.0,51.694808248669474,0.0,0.0,0.0,0.0
32,6,51.69480824866946,1.0870449599999998,53.62531976003059,60.06813165758666,0.0,7.0,0.0,0.0,0.0,0.0,51.69480824866946,0.0,0.0,0.0,0.0
32,7,48.511405759042894,1.27294272,50.323035019754045,65.72403353585483,0.0,7.0,0.0,0.0,0.0,0.0,48.511405759042894,0.0,0.0,0.0,0.0
32,8,51.69480824866946,1.353456,53.625319760030585,74.35450886518896,0.0,7.0,0.0,0.0,0.0,0.0,51.69480824866946,0.0,0.0,0.0,0.0
32,9,17.276935209184906,1.2778012799999998,17.922131959735378,23.494145726346012,0.0,3.0,0.0,0.0,0.0,0.0,17.276935209184906,0.0,0.0,0.0,0.0
32,10,0.0,1.21498704,0.0,0.0,0.0,0.0,0.0,0.0,0.0,0.0,0.0,0.0,0.0,0.0,0.0
32,11,13.174946743218909,1.1735736,13.666957202509243,0.0,121.63591910233227,0.0,0.0,0.0,0.0,1.0,0.0,0.0,0.0,0.0,13.174946743218909
32,12,5.594180380548168,1.14916512,5.803091681066564,0.0,51.647515961492424,0.0,0.0,0.0,0.0,1.0,0.0,0.0,0.0,0.0,5.594180380548168
32,13,0.0,1.13979504,0.0,0.0,0.0,0.0,0.0,0.0,0.0,0.0,0.0,0.0,0.0,0.0,0.0
32,14,0.0,1.13736576,0.0,0.0,0.0,0.0,0.0,0.0,0.0,0.0,0.0,0.0,0.0,0.0,0.0
32,15,0.0,1.1401420800000002,0.0,0.0,0.0,0.0,0.0,0.0,0.0,0.0,0.0,0.0,0.0,0.0,0.0
32,16,0.0,1.18791792,0.0,0.0,0.0,0.0,0.0,0.0,0.0,0.0,0.0,0.0,0.0,0.0,0.0
32,17,0.0,1.26230016,0.0,0.0,0.0,0.0,0.0,0.0,0.0,0.0,0.0,0.0,0.0,0.0,0.0
32,18,0.0,1.2597552,0.0,0.0,0.0,0.0,0.0,0.0,0.0,0.0,0.0,0.0,0.0,0.0,0.0
32,19,0.0,1.16697984,0.0,0.0,0.0,0.0,0.0,0.0,0.0,0.0,0.0,0.0,0.0,0.0,0.0
32,20,25.896725421780836,1.1296152,26.863823051639876,31.234975392252068,0.0,4.0,0.0,0.0,0.0,0.0,25.896725421780836,0.0,0.0,0.0,0.0
32,21,39.79810265021599,1.096068,41.284338848771775,46.61695432918992,0.0,6.0,0.0,0.0,0.0,0.0,39.79810265021599,0.0,0.0,0.0,0.0
32,22,44.13679845089789,0.99970656,45.78506063371151,47.28711097249501,0.0,7.0,0.0,0.0,0.0,0.0,44.13679845089789,0.0,0.0,0.0,0.0
32,23,51.694808248669474,0.90912912,53.625319760030585,50.52733784721223,0.0,7.0,0.0,0.0,0.0,0.0,51.694808248669474,0.0,0.0,0.0,0.0
33,0,44.29480824866946,0.8595024,45.94897121231272,41.014161981641244,0.0,7.0,0.0,0.0,0.0,0.0,44.29480824866946,0.0,0.0,0.0,0.0
33,1,51.694808248669474,0.78396336,53.625319760030585,43.815283944204985,0.0,7.0,0.0,0.0,0.0,0.0,51.694808248669474,0.0,0.0,0.0,0.0
33,2,44.21023510258447,0.8253767999999999,45.86123973297145,39.37081032999418,0.0,7.0,0.0,0.0,0.0,0.0,44.21023510258447,0.0,0.0,0.0,0.0
33,3,51.69480824866945,0.8665588799999999,53.625319760030564,48.24449511495095,0.0,8.0,0.0,0.0,0.0,0.0,51.69480824866945,0.0,0.0,0.0,0.0
33,4,45.263978426060845,0.95123664,46.954334466868104,46.21887182255314,0.0,7.0,0.0,0.0,0.0,0.0,45.263978426060845,0.0,0.0,0.0,0.0
33,5,50.10310700385618,0.98142912,51.974177389892304,52.72931645009134,0.0,7.0,0.0,0.0,0.0,0.0,50.10310700385618,0.0,0.0,0.0,0.0
33,6,51.694808248669474,1.3059115200000002,53.625319760030585,71.80492092236462,0.0,7.0,0.0,0.0,0.0,0.0,51.694808248669474,0.0,0.0,0.0,0.0
33,7,50.10310700385618,1.60714224,51.974177389892304,85.2502411441543,0.0,7.0,0.0,0.0,0.0,0.0,50.10310700385618,0.0,0.0,0.0,0.0
33,8,29.6,1.96505616,30.705394190871374,61.35417254771785,0.0,4.0,0.0,0.0,0.0,0.0,29.6,0.0,0.0,0.0,0.0
33,9,0.0,2.0614176000000004,0.0,0.0,0.0,0.0,0.0,0.0,0.0,0.0,0.0,0.0,0.0,0.0,0.0
33,10,7.4,1.96760112,7.6763485477178435,15.358079136929463,0.0,1.0,0.0,0.0,0.0,0.0,7.4,0.0,0.0,0.0,0.0
33,11,0.0,1.93428528,0.0,0.0,0.0,0.0,0.0,0.0,0.0,0.0,0.0,0.0,0.0,0.0,0.0
33,12,0.0,1.81455648,0.0,0.0,0.0,0.0,0.0,0.0,0.0,0.0,0.0,0.0,0.0,0.0,0.0
33,13,0.0,1.76689632,0.0,0.0,0.0,0.0,0.0,0.0,0.0,0.0,0.0,0.0,0.0,0.0,0.0
33,14,0.0,1.80784704,0.0,0.0,0.0,0.0,0.0,0.0,0.0,0.0,0.0,0.0,0.0,0.0,0.0
33,15,0.0,1.84474896,0.0,0.0,0.0,0.0,0.0,0.0,0.0,0.0,0.0,0.0,0.0,0.0,0.0
33,16,0.8245204996248389,1.93509504,0.85531172160253,0.0,7.612274322262517,0.0,0.0,0.0,0.0,1.0,0.0,0.0,0.0,0.0,0.8245204996248389
33,17,0.0,2.06107056,0.0,0.0,0.0,0.0,0.0,0.0,0.0,0.0,0.0,0.0,0.0,0.0,0.0
33,18,0.0,2.11833216,0.0,0.0,0.0,0.0,0.0,0.0,0.0,0.0,0.0,0.0,0.0,0.0,0.0
33,19,8.193634732235543,1.99177824,8.499621091530647,12.991732769506612,18.54372672803858,1.0,0.0,0.0,0.0,1.0,6.185078264164848,0.0,0.0,0.0,2.008556468070695
33,20,14.8,1.59268224,15.352697095435687,24.960142273858924,0.0,3.0,0.0,0.0,0.0,0.0,14.8,0.0,0.0,0.0,0.0
33,21,47.801427331985394,1.5719755199999994,49.586542875503525,79.59014609090109,0.0,7.0,0.0,0.0,0.0,0.0,47.801427331985394,0.0,0.0,0.0,0.0
33,22,51.69480824866945,1.4455372799999997,53.625319760030585,79.29239694910186,0.0,7.0,0.0,0.0,0.0,0.0,51.69480824866945,0.0,0.0,0.0,0.0
33,23,51.694808248669474,1.20226224,53.625319760030585,66.24669513946765,0.0,7.0,0.0,0.0,0.0,0.0,51.694808248669474,0.0,0.0,0.0,0.0
34,0,50.027098458125906,1.2528144,51.89533035075302,66.73295259079036,0.0,7.0,0.0,0.0,0.0,0.0,50.02709845812591,0.0,0.0,0.0,0.0
34,1,51.694808248669474,1.15992336,53.625319760030585,63.976259161186086,0.0,7.0,0.0,0.0,0.0,0.0,51.694808248669474,0.0,0.0,0.0,0.0
34,2,44.52622945571253,1.08530976,46.189034705095985,51.65826721915807,0.0,7.0,0.0,0.0,0.0,0.0,44.52622945571253,0.0,0.0,0.0,0.0
34,3,50.103107003856174,1.01601744,51.974177389892304,54.5270159293897,0.0,7.0,0.0,0.0,0.0,0.0,50.103107003856174,0.0,0.0,0.0,0.0
34,4,51.69480824866945,0.97205904,53.625319760030585,53.901974929685366,0.0,7.0,0.0,0.0,0.0,0.0,51.69480824866945,0.0,0.0,0.0,0.0
34,5,51.69480824866945,1.02978336,53.625319760030564,56.997460047615675,0.0,7.0,0.0,0.0,0.0,0.0,51.69480824866945,0.0,0.0,0.0,0.0
34,6,51.694808248669474,1.15992336,53.625319760030585,63.976259161186086,0.0,7.0,0.0,0.0,0.0,0.0,51.694808248669474,0.0,0.0,0.0,0.0
34,7,51.694808248669474,1.24622064,53.625319760030585,68.60397839560696,0.0,7.0,0.0,0.0,0.0,0.0,51.694808248669474,0.0,0.0,0.0,0.0
34,8,44.61139081002218,1.25443392,46.27737635894417,59.58369179074672,0.0,7.0,0.0,0.0,0.0,0.0,44.61139081002218,0.0,0.0,0.0,0.0
34,9,32.357665986069556,1.2420561600000002,33.56604355401407,42.80194720472933,0.0,5.0,0.0,0.0,0.0,0.0,32.357665986069556,0.0,0.0,0.0,0.0
34,10,0.0,1.15714704,0.0,0.0,0.0,0.0,0.0,0.0,0.0,0.0,0.0,0.0,0.0,0.0,0.0
34,11,0.0,1.1893060800000002,0.0,0.0,0.0,0.0,0.0,0.0,0.0,0.0,0.0,0.0,0.0,0.0,0.0
34,12,0.0,1.179936,0.0,0.0,0.0,0.0,0.0,0.0,0.0,0.0,0.0,0.0,0.0,0.0,0.0
34,13,0.0,1.15772544,0.0,0.0,0.0,0.0,0.0,0.0,0.0,0.0,0.0,0.0,0.0,0.0,0.0
34,14,0.0,1.16050176,0.0,0.0,0.0,0.0,0.0,0.0,0.0,0.0,0.0,0.0,0.0,0.0,0.0
34,15,0.0,1.179936,0.0,0.0,0.0,0.0,0.0,0.0,0.0,0.0,0.0,0.0,0.0,0.0,0.0
34,16,0.0,1.2461049599999998,0.0,0.0,0.0,0.0,0.0,0.0,0.0,0.0,0.0,0.0,0.0,0.0,0.0
34,17,0.0,1.3002432,0.0,0.0,0.0,0.0,0.0,0.0,0.0,0.0,0.0,0.0,0.0,0.0,0.0
34,18,0.0,1.3131993599999998,0.0,0.0,0.0,0.0,0.0,0.0,0.0,0.0,0.0,0.0,0.0,0.0,0.0
34,19,7.4,1.25015376,7.6763485477178435,9.85070313692946,0.0,1.0,0.0,0.0,0.0,0.0,7.4,0.0,0.0,0.0,0.0
34,20,51.61123046165342,1.17079728,53.5386208108438,64.45499996912625,0.0,7.0,0.0,0.0,0.0,0.0,51.61123046165342,0.0,0.0,0.0,0.0
34,21,51.694808248669474,1.1623526400000002,53.625319760030585,64.10653007797274,0.0,7.0,0.0,0.0,0.0,0.0,51.694808248669474,0.0,0.0,0.0,0.0
34,22,51.69480824866946,1.1351678399999998,53.625319760030585,62.64873648536024,0.0,7.0,0.0,0.0,0.0,0.0,51.69480824866946,0.0,0.0,0.0,0.0
34,23,51.694808248669474,0.95655792,53.625319760030585,53.07072241304677,0.0,7.0,0.0,0.0,0.0,0.0,51.694808248669474,0.0,0.0,0.0,0.0
35,0,47.352551908408316,0.8139244800000001,49.120904469303234,41.60660856524126,0.0,9.0,0.0,0.0,0.0,0.0,47.352551908408316,0.0,0.0,0.0,0.0
35,1,47.53251322887175,0.83740752,49.30758633700389,42.922624699411145,0.0,7.0,0.0,0.0,0.0,0.0,47.53251322887175,0.0,0.0,0.0,0.0
35,2,51.694808248669474,0.84492672,53.625319760030585,47.084463617850844,0.0,8.0,0.0,0.0,0.0,0.0,51.694808248669474,0.0,0.0,0.0,0.0
35,3,45.36511646288304,0.8670216000000001,47.05924944282473,42.35904690327451,0.0,8.0,0.0,0.0,0.0,0.0,45.36511646288304,0.0,0.0,0.0,0.0
35,4,51.694808248669474,0.99415392,53.625319760030585,55.08681993474487,0.0,8.0,0.0,0.0,0.0,0.0,51.694808248669474,0.0,0.0,0.0,0.0
35,5,51.69480824866946,1.38387984,53.625319760030585,75.98599701351698,0.0,8.0,0.0,0.0,0.0,0.0,51.69480824866946,0.0,0.0,0.0,0.0
35,6,51.694808248669474,1.40528064,53.625319760030585,77.13362175663742,0.0,8.0,0.0,0.0,0.0,0.0,51.694808248669474,0.0,0.0,0.0,0.0
35,7,51.69480824866946,1.4373239999999998,53.625319760030585,78.8519571828232,0.0,8.0,0.0,0.0,0.0,0.0,51.69480824866946,0.0,0.0,0.0,0.0
35,8,51.69480824866945,1.57185984,53.625319760030564,86.0664846220075,0.0,7.0,0.0,0.0,0.0,0.0,51.69480824866945,0.0,0.0,0.0,0.0
35,9,14.8,1.91751168,15.352697095435687,29.947150273858924,0.0,2.0,0.0,0.0,0.0,0.0,14.8,0.0,0.0,0.0,0.0
35,10,3.128334487023593,1.85284656,3.245160256248541,0.0,28.881926280612014,0.0,0.0,0.0,0.0,1.0,0.0,0.0,0.0,0.0,3.128334487023593
35,11,6.3575289993097766,1.76562384,6.594947094719686,0.0,58.69502914300521,0.0,0.0,0.0,0.0,1.0,0.0,0.0,0.0,0.0,6.3575289993097766
35,12,24.485254687002893,1.6804833600000002,25.39964179149678,0.0,226.05681194432134,0.0,0.0,0.0,0.0,1.0,0.0,0.0,0.0,0.0,24.485254687002893
35,13,0.7523821761672406,1.49261904,0.7804794358581334,0.0,6.946266979137388,0.0,0.0,0.0,0.0,1.0,0.0,0.0,0.0,0.0,0.7523821761672406
35,14,23.219266595859885,1.48567824,24.086376136784114,0.0,214.36874761737863,0.0,0.0,0.0,0.0,3.0,0.0,0.0,0.0,0.0,23.219266595859885
35,15,3.8302023021243556,1.56098592,3.9732389026186263,0.0,35.36182623330578,0.0,0.0,0.0,0.0,1.0,0.0,0.0,0.0,0.0,3.8302023021243556
35,16,16.524532742703766,1.79720448,17.141631475833783,0.0,152.5605201349207,0.0,0.0,0.0,0.0,3.0,0.0,0.0,0.0,0.0,16.524532742703766
35,17,18.163456930608646,1.96991472,18.841760301461253,0.0,167.69166668300517,0.0,0.0,0.0,0.0,1.0,0.0,0.0,0.0,0.0,18.163456930608646
35,18,17.64632984372709,1.73473728,18.30532141465466,0.0,162.91736059042648,0.0,0.0,0.0,0.0,1.0,0.0,0.0,0.0,0.0,17.64632984372709
35,19,41.40295569425641,1.4336222399999998,42.949124164166406,22.51814227385892,245.6082009117034,2.0,0.0,0.0,0.0,6.0,14.8,0.0,0.0,0.0,26.60295569425641
35,20,51.69480824866946,1.36537104,53.625319760030564,74.9934566951425,0.0,7.0,0.0,0.0,0.0,0.0,51.69480824866946,0.0,0.0,0.0,0.0
35,21,53.379093516617644,1.3233792,55.37250364794363,72.74163084783044,15.549936602426225,9.0,0.0,0.0,0.0,1.0,51.69480824866945,0.0,0.0,0.0,1.6842852679481888
35,22,51.694808248669474,0.77667552,53.62531976003059,43.42447119384505,0.0,8.0,0.0,0.0,0.0,0.0,51.694808248669474,0.0,0.0,0.0,0.0
35,23,51.69480824866946,0.5270380800000001,53.625319760030564,30.037583649769587,0.0,8.0,0.0,0.0,0.0,0.0,51.69480824866946,0.0,0.0,0.0,0.0
36,0,51.694808248669474,0.5784,53.625319760030585,32.7918830332587,0.0,9.0,0.0,0.0,0.0,0.0,51.694808248669474,0.0,0.0,0.0,0.0
36,1,51.694808248669474,0.42200064,53.625319760030585,24.404917342994562,0.0,7.0,0.0,0.0,0.0,0.0,51.694808248669474,0.0,0.0,0.0,0.0
36,2,51.694808248669474,0.401988,53.625319760030585,23.33173312375219,0.0,7.0,0.0,0.0,0.0,0.0,51.694808248669474,0.0,0.0,0.0,0.0
36,3,51.694808248669474,0.38509872,53.625319760030585,22.4260400832355,0.0,8.0,0.0,0.0,0.0,0.0,51.694808248669474,0.0,0.0,0.0,0.0
36,4,51.69480824866945,0.37225824,53.625319760030564,21.737465237363217,0.0,7.0,0.0,0.0,0.0,0.0,51.69480824866945,0.0,0.0,0.0,0.0
36,5,51.694808248669474,0.36832512,53.62531976003059,21.526550419708652,0.0,9.0,0.0,0.0,0.0,0.0,51.694808248669474,0.0,0.0,0.0,0.0
36,6,51.69480824866945,0.37202688,53.625319760030564,21.725058483383535,0.0,7.0,0.0,0.0,0.0,0.0,51.69480824866945,0.0,0.0,0.0,0.0
36,7,51.69480824866947,0.39365904,53.62531976003058,22.88508998048368,0.0,10.0,0.0,0.0,0.0,0.0,51.69480824866947,0.0,0.0,0.0,0.0
36,8,80.78316599614615,0.8096443199999999,83.7999647262927,45.19243363594952,268.5543401997329,7.0,0.0,0.0,0.0,1.0,51.69480824866945,0.0,0.0,0.0,29.088357747476685
36,9,51.69480824866946,1.25246736,53.625319760030564,68.93896075305832,0.0,7.0,0.0,0.0,0.0,0.0,51.69480824866946,0.0,0.0,0.0,0.0
36,10,12.217261272116456,1.2555907199999998,12.673507543689272,9.89243913692946,44.474715064145705,1.0,0.0,0.0,0.0,1.0,7.4,0.0,0.0,0.0,4.817261272116456
36,11,12.435547957127095,1.23858576,12.89994601361732,9.761903136929462,46.490017446505355,1.0,0.0,0.0,0.0,1.0,7.4,0.0,0.0,0.0,5.035547957127096
36,12,24.608395743834503,1.21440864,25.52738147700675,0.0,227.19369514536007,0.0,0.0,0.0,0.0,1.0,0.0,0.0,0.0,0.0,24.608395743834503
36,13,111.96156802521726,1.1996016,116.14270542034986,0.0,1033.670078241114,0.0,0.0,0.0,0.0,7.0,0.0,0.0,0.0,0.0,111.96156802521726
36,14,35.27614031298664,1.2302568,36.59350654874133,0.0,325.6822082837979,0.0,0.0,0.0,0.0,3.0,0.0,0.0,0.0,0.0,35.27614031298664
36,15,48.05209097887344,1.30382928,49.846567405470374,0.0,443.63444990868635,0.0,0.0,0.0,0.0,2.0,0.0,0.0,0.0,0.0,48.05209097887344
36,16,14.12637433265453,1.38781296,14.65391528283665,0.0,130.4198460172462,0.0,0.0,0.0,0.0,1.0,0.0,0.0,0.0,0.0,14.12637433265453
36,17,12.700746642272394,1.5853944,13.175048384099995,0.0,117.25793061848997,0.0,0.0,0.0,0.0,2.0,0.0,0.0,0.0,0.0,12.700746642272394
36,18,0.0,1.5009480000000002,0.0,0.0,0.0,0.0,0.0,0.0,0.0,0.0,0.0,0.0,0.0,0.0,0.0
36,19,35.44616213919761,1.4731848,36.76987773775686,46.25106854771785,53.97390356728083,4.0,0.0,0.0,0.0,1.0,29.6,0.0,0.0,0.0,5.846162139197609
36,20,48.59802477023179,1.39405968,50.41288876580062,71.94724219887561,0.0,7.0,0.0,0.0,0.0,0.0,48.59802477023179,0.0,0.0,0.0,0.0
36,21,48.5114057590429,1.38723456,50.323035019754045,71.47554580264696,0.0,7.0,0.0,0.0,0.0,0.0,48.5114057590429,0.0,0.0,0.0,0.0
36,22,48.356392701934745,1.38769728,50.16223309329332,71.27036433767712,0.0,8.0,0.0,0.0,0.0,0.0,48.35639270193475,0.0,0.0,0.0,0.0
36,23,44.29480824866946,0.8577672,45.94897121231272,40.934431326793636,0.0,7.0,0.0,0.0,0.0,0.0,44.29480824866946,0.0,0.0,0.0,0.0
37,0,51.694808248669474,1.2175319999999998,53.625319760030585,67.06554090212656,0.0,7.0,0.0,0.0,0.0,0.0,51.694808248669474,0.0,0.0,0.0,0.0
37,1,51.69480824866946,0.98247024,53.625319760030564,54.46027885877099,0.0,7.0,0.0,0.0,0.0,0.0,51.69480824866946,0.0,0.0,0.0,0.0
37,2,50.415572346298305,0.91479744,52.29831156255012,49.57343564646366,0.0,7.0,0.0,0.0,0.0,0.0,50.415572346298305,0.0,0.0,0.0,0.0
37,3,51.69480824866945,1.04100432,53.625319760030585,57.5991876156302,0.0,7.0,0.0,0.0,0.0,0.0,51.69480824866945,0.0,0.0,0.0,0.0
37,4,51.69480824866945,1.38827568,53.625319760030585,76.22172533913091,0.0,7.0,0.0,0.0,0.0,0.0,51.69480824866945,0.0,0.0,0.0,0.0
37,5,43.97641620705528,1.4605756799999998,45.618689011468135,68.13952632991318,0.0,8.0,0.0,0.0,0.0,0.0,43.97641620705528,0.0,0.0,0.0,0.0
37,6,46.967186394333766,2.03215056,48.7211477119645,100.62137759597738,0.0,8.0,0.0,0.0,0.0,0.0,46.967186394333766,0.0,0.0,0.0,0.0
37,7,51.69480824866946,2.3211192,53.625319760030585,126.24575738520339,0.0,8.0,0.0,0.0,0.0,0.0,51.69480824866946,0.0,0.0,0.0,0.0
37,8,47.09433012123475,2.46849552,48.853039544849324,122.21054486377791,0.0,7.0,0.0,0.0,0.0,0.0,47.09433012123475,0.0,0.0,0.0,0.0
37,9,27.621889148700163,2.3211192,28.653411979979428,67.4564126287776,0.0,4.0,0.0,0.0,0.0,0.0,27.621889148700163,0.0,0.0,0.0,0.0
37,10,0.0,2.14100544,0.0,0.0,0.0,0.0,0.0,0.0,0.0,0.0,0.0,0.0,0.0,0.0,0.0
37,11,7.58075571552772,2.08038912,7.863854476688506,0.0,69.98830484252771,0.0,0.0,0.0,0.0,1.0,0.0,0.0,0.0,0.0,7.58075571552772
37,12,0.0,1.95175296,0.0,0.0,0.0,0.0,0.0,0.0,0.0,0.0,0.0,0.0,0.0,0.0,0.0
37,13,3.9788128095933963,1.84255104,4.127399180076138,0.0,36.73385270267762,0.0,0.0,0.0,0.0,1.0,0.0,0.0,0.0,0.0,3.9788128095933963
37,14,0.0,1.4870664000000002,0.0,0.0,0.0,0.0,0.0,0.0,0.0,0.0,0.0,0.0,0.0,0.0,0.0
37,15,0.0,1.67516208,0.0,0.0,0.0,0.0,0.0,0.0,0.0,0.0,0.0,0.0,0.0,0.0,0.0
37,16,0.0,2.03573664,0.0,0.0,0.0,0.0,0.0,0.0,0.0,0.0,0.0,0.0,0.0,0.0,0.0
37,17,0.0,2.22764976,0.0,0.0,0.0,0.0,0.0,0.0,0.0,0.0,0.0,0.0,0.0,0.0,0.0
37,18,0.0,1.83109872,0.0,0.0,0.0,0.0,0.0,0.0,0.0,0.0,0.0,0.0,0.0,0.0,0.0
37,19,7.4,1.45028016,7.6763485477178435,11.38694313692946,0.0,1.0,0.0,0.0,0.0,0.0,7.4,0.0,0.0,0.0,0.0
37,20,39.959089209873106,1.3927872,41.45133735464016,59.104931356863254,0.0,6.0,0.0,0.0,0.0,0.0,39.959089209873106,0.0,0.0,0.0,0.0
37,21,46.934354441896176,0.98050368,48.68708967001679,49.349413258019005,0.0,8.0,0.0,0.0,0.0,0.0,46.934354441896176,0.0,0.0,0.0,0.0
37,22,46.041906077410836,0.65266656,47.761313358310005,32.753111562810304,0.0,7.0,0.0,0.0,0.0,0.0,46.041906077410836,0.0,0.0,0.0,0.0
37,23,49.6585784866944,0.47694864,51.513048222712044,26.274160188248693,0.0,7.0,0.0,0.0,0.0,0.0,49.6585784866944,0.0,0.0,0.0,0.0
38,0,43.95726843315093,0.46202592,45.59882617546777,22.577160761048564,0.0,7.0,0.0,0.0,0.0,0.0,43.95726843315093,0.0,0.0,0.0,0.0
38,1,51.694808248669474,0.40094688,53.625319760030585,23.275902730843626,0.0,7.0,0.0,0.0,0.0,0.0,51.694808248669474,0.0,0.0,0.0,0.0
38,2,44.29480824866946,0.38567712,45.94897121231272,19.242377831255233,0.0,7.0,0.0,0.0,0.0,0.0,44.29480824866946,0.0,0.0,0.0,0.0
38,3,46.68632311087052,0.37561296,48.429795758164445,19.793885176514834,0.0,7.0,0.0,0.0,0.0,0.0,46.68632311087052,0.0,0.0,0.0,0.0
38,4,45.52534681560856,0.38371056,47.225463501668635,19.68407188839007,0.0,7.0,0.0,0.0,0.0,0.0,45.52534681560856,0.0,0.0,0.0,0.0
38,5,51.69480824866946,0.4233888,53.625319760030564,24.47935786687264,0.0,7.0,0.0,0.0,0.0,0.0,51.69480824866946,0.0,0.0,0.0,0.0
38,6,50.20829875518672,0.6906096,52.083297463886645,37.69318237427042,0.0,7.0,0.0,0.0,0.0,0.0,50.20829875518672,0.0,0.0,0.0,0.0
38,7,49.38930922562439,0.7944902400000001,51.23372326309584,42.40052933139908,0.0,7.0,0.0,0.0,0.0,0.0,49.38930922562439,0.0,0.0,0.0,0.0
38,8,37.0,0.7354934399999999,38.38174273858922,29.499955684647308,0.0,5.0,0.0,0.0,0.0,0.0,37.0,0.0,0.0,0.0,0.0
38,9,10.259829006343676,0.8205182400000001,10.642976147659416,6.552671136929463,26.402985639479997,1.0,0.0,0.0,0.0,1.0,7.4,0.0,0.0,0.0,2.8598290063436758
38,10,0.0,0.87754848,0.0,0.0,0.0,0.0,0.0,0.0,0.0,0.0,0.0,0.0,0.0,0.0,0.0
38,11,0.0,0.79923312,0.0,0.0,0.0,0.0,0.0,0.0,0.0,0.0,0.0,0.0,0.0,0.0,0.0
38,12,0.0,0.6938486399999999,0.0,0.0,0.0,0.0,0.0,0.0,0.0,0.0,0.0,0.0,0.0,0.0,0.0
38,13,6.782725628505086,0.6930388799999999,7.036022436208596,0.0,62.62059968225651,0.0,0.0,0.0,0.0,1.0,0.0,0.0,0.0,0.0,6.782725628505086
38,14,0.0,0.65845056,0.0,0.0,0.0,0.0,0.0,0.0,0.0,0.0,0.0,0.0,0.0,0.0,0.0
38,15,0.0,0.6929232,0.0,0.0,0.0,0.0,0.0,0.0,0.0,0.0,0.0,0.0,0.0,0.0,0.0
38,16,0.0,0.68528832,0.0,0.0,0.0,0.0,0.0,0.0,0.0,0.0,0.0,0.0,0.0,0.0,0.0
38,17,0.0,0.9821232,0.0,0.0,0.0,0.0,0.0,0.0,0.0,0.0,0.0,0.0,0.0,0.0,0.0
38,18,0.0,1.0139352,0.0,0.0,0.0,0.0,0.0,0.0,0.0,0.0,0.0,0.0,0.0,0.0,0.0
38,19,14.8,1.26692736,15.352697095435687,19.95892627385892,0.0,2.0,0.0,0.0,0.0,0.0,14.8,0.0,0.0,0.0,0.0
38,20,29.6,1.30857216,30.705394190871374,41.19657254771784,0.0,4.0,0.0,0.0,0.0,0.0,29.6,0.0,0.0,0.0,0.0
38,21,37.0,1.3945223999999998,38.38174273858922,54.794635684647304,0.0,5.0,0.0,0.0,0.0,0.0,37.0,0.0,0.0,0.0,0.0
38,22,48.1591982337004,1.39463808,49.95767451628673,71.32647429514815,0.0,7.0,0.0,0.0,0.0,0.0,48.1591982337004,0.0,0.0,0.0,0.0
38,23,50.208298755186696,1.35380304,52.08329746388662,72.23448358588865,0.0,7.0,0.0,0.0,0.0,0.0,50.208298755186696,0.0,0.0,0.0,0.0
39,0,50.02679884048137,0.92463024,51.89501954406782,49.70142952274477,0.0,7.0,0.0,0.0,0.0,0.0,50.02679884048137,0.0,0.0,0.0,0.0
39,1,50.10310700385618,0.90380784,51.974177389892304,48.69501427414083,0.0,7.0,0.0,0.0,0.0,0.0,50.10310700385618,0.0,0.0,0.0,0.0
39,2,50.222482602015305,0.82838448,52.098010997941195,44.88162791359565,0.0,7.0,0.0,0.0,0.0,0.0,50.222482602015305,0.0,0.0,0.0,0.0
39,3,48.680502324202756,0.75180432,50.49844639440121,39.63644872825394,0.0,7.0,0.0,0.0,0.0,0.0,48.680502324202756,0.0,0.0,0.0,0.0
39,4,40.49090319651052,0.7519199999999999,42.00301161463748,32.973204177722714,0.0,7.0,0.0,0.0,0.0,0.0,40.49090319651052,0.0,0.0,0.0,0.0
39,5,51.69480824866946,0.76163712,53.625319760030564,42.618032185165774,0.0,7.0,0.0,0.0,0.0,0.0,51.69480824866946,0.0,0.0,0.0,0.0
39,6,51.69480824866945,1.2183417599999995,53.625319760030564,67.10896454105541,0.0,7.0,0.0,0.0,0.0,0.0,51.69480824866945,0.0,0.0,0.0,0.0
39,7,51.69480824866946,1.38133488,53.625319760030585,75.84952271974049,0.0,7.0,0.0,0.0,0.0,0.0,51.69480824866946,0.0,0.0,0.0,0.0
39,8,24.090770337774025,1.3879286400000002,24.990425661591313,35.51211059091221,0.0,5.0,0.0,0.0,0.0,0.0,24.090770337774025,0.0,0.0,0.0,0.0
39,9,7.4,1.3632888,7.6763485477178435,10.719167136929462,0.0,2.0,0.0,0.0,0.0,0.0,7.4,0.0,0.0,0.0,0.0
39,10,0.0,1.0885488,0.0,0.0,0.0,0.0,0.0,0.0,0.0,0.0,0.0,0.0,0.0,0.0,0.0
39,11,0.0,0.7516886400000001,0.0,0.0,0.0,0.0,0.0,0.0,0.0,0.0,0.0,0.0,0.0,0.0,0.0
39,12,5.962561634643236,0.48226992,6.1852299114556395,0.0,55.04854621195519,0.0,0.0,0.0,0.0,1.0,0.0,0.0,0.0,0.0,5.962561634643236
39,13,0.0,0.3944688,0.0,0.0,0.0,0.0,0.0,0.0,0.0,0.0,0.0,0.0,0.0,0.0,0.0
39,14,0.0,0.338364,0.0,0.0,0.0,0.0,0.0,0.0,0.0,0.0,0.0,0.0,0.0,0.0,0.0
39,15,6.674391970903271,0.33477792,6.923643123343642,0.0,61.62042379775842,0.0,0.0,0.0,0.0,1.0,0.0,0.0,0.0,0.0,6.674391970903271
39,16,0.0,0.33443088,0.0,0.0,0.0,0.0,0.0,0.0,0.0,0.0,0.0,0.0,0.0,0.0,0.0
39,17,0.0,0.3331583999999999,0.0,0.0,0.0,0.0,0.0,0.0,0.0,0.0,0.0,0.0,0.0,0.0,0.0
39,18,3.5210624418002197,0.32818416,3.652554400207697,0.0,32.507734161848504,0.0,0.0,0.0,0.0,1.0,0.0,0.0,0.0,0.0,3.5210624418002197
39,19,11.361474659099628,0.33246432,11.785762094501688,4.308454105758286,0.0,2.0,0.0,0.0,0.0,0.0,11.361474659099628,0.0,0.0,0.0,0.0
39,20,29.6,0.29417424,30.705394190871374,10.049084547717843,0.0,4.0,0.0,0.0,0.0,0.0,29.6,0.0,0.0,0.0,0.0
39,21,37.31812326467585,0.24894336,38.71174612518242,10.918390948613432,0.0,6.0,0.0,0.0,0.0,0.0,37.31812326467585,0.0,0.0,0.0,0.0
39,22,44.4,0.22916208,46.05809128630706,12.079290821576764,0.0,6.0,0.0,0.0,0.0,0.0,44.4,0.0,0.0,0.0,0.0
39,23,51.694808248669474,0.16114224,53.625319760030585,10.416302230904602,0.0,7.0,0.0,0.0,0.0,0.0,51.694808248669474,0.0,0.0,0.0,0.0
40,0,51.69480824866946,0.13916304,53.625319760030564,9.237660602834936,0.0,7.0,0.0,0.0,0.0,0.0,51.69480824866946,0.0,0.0,0.0,0.0
40,1,38.33895316300525,0.11579568,39.77069830187268,5.921685167732177,0.0,7.0,0.0,0.0,0.0,0.0,38.33895316300525,0.0,0.0,0.0,0.0
40,2,51.69480824866946,0.0886108799999999,53.625319760030564,6.526784858274704,0.0,7.0,0.0,0.0,0.0,0.0,51.69480824866946,0.0,0.0,0.0,0.0
40,3,41.15739650256258,0.08479344,42.69439471220185,5.033389061339285,0.0,7.0,0.0,0.0,0.0,0.0,41.15739650256258,0.0,0.0,0.0,0.0
40,4,51.69480824866946,0.1370807999999999,53.625319760030564,9.125999817017803,0.0,7.0,0.0,0.0,0.0,0.0,51.69480824866946,0.0,0.0,0.0,0.0
40,5,42.83493697379782,0.190872,44.43458192302679,9.952102182464156,0.0,6.0,0.0,0.0,0.0,0.0,42.83493697379782,0.0,0.0,0.0,0.0
40,6,51.69480824866946,0.23725968,53.625319760030564,14.49812429021954,0.0,7.0,0.0,0.0,0.0,0.0,51.69480824866946,0.0,0.0,0.0,0.0
40,7,41.59870207563781,0.29024112,43.15218057638778,13.95287439801147,0.0,7.0,0.0,0.0,0.0,0.0,41.59870207563781,0.0,0.0,0.0,0.0
40,8,14.8,0.32876256,15.352697095435687,5.555566273858922,0.0,3.0,0.0,0.0,0.0,0.0,14.8,0.0,0.0,0.0,0.0
40,9,35.40829875518672,0.33674448,36.73060036845096,13.584609793357554,0.0,5.0,0.0,0.0,0.0,0.0,35.40829875518672,0.0,0.0,0.0,0.0
40,10,0.0,0.3406775999999999,0.0,0.0,0.0,0.0,0.0,0.0,0.0,0.0,0.0,0.0,0.0,0.0,0.0
40,11,0.0,0.3329270399999999,0.0,0.0,0.0,0.0,0.0,0.0,0.0,0.0,0.0,0.0,0.0,0.0,0.0
40,12,0.0,0.3227472,0.0,0.0,0.0,0.0,0.0,0.0,0.0,0.0,0.0,0.0,0.0,0.0,0.0
40,13,0.0,0.2990328,0.0,0.0,0.0,0.0,0.0,0.0,0.0,0.0,0.0,0.0,0.0,0.0,0.0
40,14,0.0,0.29197632,0.0,0.0,0.0,0.0,0.0,0.0,0.0,0.0,0.0,0.0,0.0,0.0,0.0
40,15,0.0,0.29602512,0.0,0.0,0.0,0.0,0.0,0.0,0.0,0.0,0.0,0.0,0.0,0.0,0.0
40,16,0.0,0.29509968,0.0,0.0,0.0,0.0,0.0,0.0,0.0,0.0,0.0,0.0,0.0,0.0,0.0
40,17,0.0,0.312336,0.0,0.0,0.0,0.0,0.0,0.0,0.0,0.0,0.0,0.0,0.0,0.0,0.0
40,18,0.0,0.30273456,0.0,0.0,0.0,0.0,0.0,0.0,0.0,0.0,0.0,0.0,0.0,0.0,0.0
40,19,18.254124692168233,0.27959856,18.93581399602514,5.921201768984908,0.0,4.0,0.0,0.0,0.0,0.0,18.254124692168233,0.0,0.0,0.0,0.0
40,20,28.008298755186722,0.27103824,29.054251820733114,8.836509013274565,0.0,4.0,0.0,0.0,0.0,0.0,28.008298755186722,0.0,0.0,0.0,0.0
40,21,51.69480824866945,0.25889184,53.625319760030564,15.658155787319682,0.0,7.0,0.0,0.0,0.0,0.0,51.69480824866945,0.0,0.0,0.0,0.0
40,22,45.74724175912794,0.24767088,47.45564497834849,13.324163201538484,0.0,7.0,0.0,0.0,0.0,0.0,45.74724175912794,0.0,0.0,0.0,0.0
40,23,50.313490506517255,0.23216976,52.192417537880985,13.845070074093481,0.0,7.0,0.0,0.0,0.0,0.0,50.313490506517255,0.0,0.0,0.0,0.0
41,0,51.69480824866945,0.21192576,53.625319760030564,13.139584729444508,0.0,7.0,0.0,0.0,0.0,0.0,51.69480824866945,0.0,0.0,0.0,0.0
41,1,51.694808248669474,0.20672016,53.625319760030585,12.860432764901695,0.0,7.0,0.0,0.0,0.0,0.0,51.694808248669474,0.0,0.0,0.0,0.0
41,2,47.94330439642062,0.20637312,49.73371825354837,11.909888679378177,0.0,7.0,0.0,0.0,0.0,0.0,47.94330439642062,0.0,0.0,0.0,0.0
41,3,51.694808248669474,0.21840384,53.625319760030585,13.486973840875567,0.0,7.0,0.0,0.0,0.0,0.0,51.694808248669474,0.0,0.0,0.0,0.0
41,4,39.71227379850156,0.22349376,41.19530477022984,10.570458145339211,0.0,6.0,0.0,0.0,0.0,0.0,39.71227379850156,0.0,0.0,0.0,0.0
41,5,51.69480824866945,0.22742688,53.625319760030564,13.97083724608311,0.0,7.0,0.0,0.0,0.0,0.0,51.69480824866945,0.0,0.0,0.0,0.0
41,6,44.29480824866946,0.29509968,45.94897121231272,15.08043764821025,0.0,7.0,0.0,0.0,0.0,0.0,44.29480824866946,0.0,0.0,0.0,0.0
41,7,44.00525431329629,1.05986016,45.64860405943599,49.8921055965778,0.0,6.0,0.0,0.0,0.0,0.0,44.00525431329629,0.0,0.0,0.0,0.0
41,8,44.4,1.34674656,46.05809128630706,63.55309882157677,0.0,6.0,0.0,0.0,0.0,0.0,44.4,0.0,0.0,0.0,0.0
41,9,11.59332549835608,1.26912528,12.026271263854856,15.66091446392934,0.0,2.0,0.0,0.0,0.0,0.0,11.59332549835608,0.0,0.0,0.0,0.0
41,10,0.0,0.9936912,0.0,0.0,0.0,0.0,0.0,0.0,0.0,0.0,0.0,0.0,0.0,0.0,0.0
41,11,0.0,0.7742462400000001,0.0,0.0,0.0,0.0,0.0,0.0,0.0,0.0,0.0,0.0,0.0,0.0,0.0
41,12,0.0,0.69315456,0.0,0.0,0.0,0.0,0.0,0.0,0.0,0.0,0.0,0.0,0.0,0.0,0.0
41,13,0.0,0.63543024,0.0,0.0,0.0,0.0,0.0,0.0,0.0,0.0,0.0,0.0,0.0,0.0,0.0
41,14,0.0,0.57828432,0.0,0.0,0.0,0.0,0.0,0.0,0.0,0.0,0.0,0.0,0.0,0.0,0.0
41,15,0.0,0.4329902399999999,0.0,0.0,0.0,0.0,0.0,0.0,0.0,0.0,0.0,0.0,0.0,0.0,0.0
41,16,0.0,0.4447896,0.0,0.0,0.0,0.0,0.0,0.0,0.0,0.0,0.0,0.0,0.0,0.0,0.0
41,17,0.0,0.47729568,0.0,0.0,0.0,0.0,0.0,0.0,0.0,0.0,0.0,0.0,0.0,0.0,0.0
41,18,0.0,0.3620783999999999,0.0,0.0,0.0,0.0,0.0,0.0,0.0,0.0,0.0,0.0,0.0,0.0,0.0
41,19,7.4,0.34680864,7.6763485477178435,2.916311136929461,0.0,1.0,0.0,0.0,0.0,0.0,7.4,0.0,0.0,0.0,0.0
41,20,51.694808248669474,0.34495776,53.625319760030585,20.2734682677609,0.0,7.0,0.0,0.0,0.0,0.0,51.694808248669474,0.0,0.0,0.0,0.0
41,21,47.87034449348578,0.35675712,49.65803370693546,19.359538005848783,0.0,7.0,0.0,0.0,0.0,0.0,47.87034449348578,0.0,0.0,0.0,0.0
41,22,43.21700797438802,0.3477340799999999,44.830921135257285,17.07314260609826,0.0,7.0,0.0,0.0,0.0,0.0,43.21700797438802,0.0,0.0,0.0,0.0
41,23,43.163795862064696,0.34715568,44.775721848614836,17.02622255903589,0.0,7.0,0.0,0.0,0.0,0.0,43.163795862064696,0.0,0.0,0.0,0.0
42,0,49.2602315465862,0.37549728,51.09982525579481,20.879249607993067,0.0,7.0,0.0,0.0,0.0,0.0,49.2602315465862,0.0,0.0,0.0,0.0
42,1,38.25054618797713,0.37665408,39.678989821553046,16.258627969659834,0.0,7.0,0.0,0.0,0.0,0.0,38.25054618797713,0.0,0.0,0.0,0.0
42,2,41.22242451656636,0.352824,42.761851158263866,16.502824646401827,0.0,8.0,0.0,0.0,0.0,0.0,41.22242451656636,0.0,0.0,0.0,0.0
42,3,51.69480824866945,0.3372072,53.625319760030564,19.857842009441594,0.0,7.0,0.0,0.0,0.0,0.0,51.69480824866945,0.0,0.0,0.0,0.0
42,4,43.192968830875095,0.32320992,44.80598426439326,15.96481666876722,0.0,6.0,0.0,0.0,0.0,0.0,43.192968830875095,0.0,0.0,0.0,0.0
42,5,51.694808248669474,0.31684752,53.625319760030585,18.766047659229702,0.0,7.0,0.0,0.0,0.0,0.0,51.694808248669474,0.0,0.0,0.0,0.0
42,6,51.694808248669474,0.3262176,53.625319760030585,19.26852119540677,0.0,7.0,0.0,0.0,0.0,0.0,51.694808248669474,0.0,0.0,0.0,0.0
42,7,51.69480824866946,0.3453048,53.625319760030564,20.292078398730414,0.0,7.0,0.0,0.0,0.0,0.0,51.69480824866946,0.0,0.0,0.0,0.0
42,8,48.63823428283599,0.37781088,50.45459987846058,20.73234403610613,0.0,7.0,0.0,0.0,0.0,0.0,48.63823428283599,0.0,0.0,0.0,0.0
42,9,25.160042115540165,0.40985424,26.099628750560345,9.295074551177832,45.52662895866649,3.0,0.0,0.0,0.0,2.0,20.228843203612698,0.0,0.0,0.0,4.931198911927472
42,10,9.097320689941153,0.42813168,9.437054657615306,0.0,83.98978645277622,0.0,0.0,0.0,0.0,2.0,0.0,0.0,0.0,0.0,9.097320689941153
42,11,14.338913435395702,0.4436328,14.874391530493467,0.0,132.38208462139187,0.0,0.0,0.0,0.0,1.0,0.0,0.0,0.0,0.0,14.338913435395702
42,12,25.605776450948518,0.5220638400000001,26.562008766544107,0.0,236.40187802224256,0.0,0.0,0.0,0.0,3.0,0.0,0.0,0.0,0.0,25.605776450948518
42,13,10.402721660784458,0.6502372799999999,10.791205042307528,0.0,96.04172487653702,0.0,0.0,0.0,0.0,2.0,0.0,0.0,0.0,0.0,10.402721660784458
42,14,21.63739351691551,0.59390112,22.445428959455928,0.0,199.76431773915778,0.0,0.0,0.0,0.0,3.0,0.0,0.0,0.0,0.0,21.63739351691551
42,15,5.332101968474509,0.6935016,5.531226108376048,0.0,49.22791236454683,0.0,0.0,0.0,0.0,2.0,0.0,0.0,0.0,0.0,5.332101968474509
42,16,0.42526727017104143,1.0259659200000002,0.44114862050937914,0.0,3.9262227225334745,0.0,0.0,0.0,0.0,1.0,0.0,0.0,0.0,0.0,0.42526727017104143
42,17,7.268656178076622,1.1564529599999998,7.540099769789027,0.0,67.10688795112233,0.0,0.0,0.0,0.0,2.0,0.0,0.0,0.0,0.0,7.268656178076622
42,18,0.0,1.25651616,0.0,0.0,0.0,0.0,0.0,0.0,0.0,0.0,0.0,0.0,0.0,0.0,0.0
42,19,43.136643164126866,1.22146512,44.7475551495092,38.521916547717844,124.97523253187669,4.0,0.0,0.0,0.0,2.0,29.6,0.0,0.0,0.0,13.536643164126865
42,20,73.24121201983813,1.1215176,75.97636101642959,61.916738000559064,198.9242671819513,9.0,0.0,0.0,0.0,1.0,51.69480824866946,0.0,0.0,0.0,21.546403771168656
42,21,51.69480824866946,1.1030087999999998,53.625319760030564,60.9241976821846,0.0,7.0,0.0,0.0,0.0,0.0,51.69480824866946,0.0,0.0,0.0,0.0
42,22,51.69480824866946,0.8716487999999999,53.62531976003057,48.51744370250394,0.0,8.0,0.0,0.0,0.0,0.0,51.69480824866946,0.0,0.0,0.0,0.0
42,23,51.694808248669474,0.6929232,53.625319760030585,38.93322625320064,0.0,7.0,0.0,0.0,0.0,0.0,51.694808248669474,0.0,0.0,0.0,0.0
43,0,51.69480824866946,0.71675328,53.625319760030585,40.211121913107746,0.0,7.0,0.0,0.0,0.0,0.0,51.69480824866946,0.0,0.0,0.0,0.0
43,1,51.69480824866946,0.59366976,53.62531976003057,33.610728795917616,0.0,9.0,0.0,0.0,0.0,0.0,51.69480824866946,0.0,0.0,0.0,0.0
43,2,51.694808248669474,0.387528,53.625319760030585,22.556311000022145,0.0,9.0,0.0,0.0,0.0,0.0,51.694808248669474,0.0,0.0,0.0,0.0
43,3,51.69480824866946,0.28468848,53.625319760030564,17.04150885605408,0.0,8.0,0.0,0.0,0.0,0.0,51.69480824866946,0.0,0.0,0.0,0.0
43,4,51.694808248669474,0.268956,53.62531976003058,16.197849585435797,0.0,9.0,0.0,0.0,0.0,0.0,51.694808248669474,0.0,0.0,0.0,0.0
43,5,51.694808248669474,0.26617968,53.625319760030585,16.04896853767963,0.0,7.0,0.0,0.0,0.0,0.0,51.694808248669474,0.0,0.0,0.0,0.0
43,6,51.694808248669474,0.26860896,53.625319760030585,16.179239454466277,0.0,7.0,0.0,0.0,0.0,0.0,51.694808248669474,0.0,0.0,0.0,0.0
43,7,51.694808248669474,0.27323616,53.62531976003058,16.42737453405989,0.0,8.0,0.0,0.0,0.0,0.0,51.694808248669474,0.0,0.0,0.0,0.0
43,8,51.69480824866946,0.27740064,53.625319760030564,16.650696105694138,0.0,8.0,0.0,0.0,0.0,0.0,51.69480824866946,0.0,0.0,0.0,0.0
43,9,22.422928772279974,0.2857296,23.260299556307025,2.447447136929461,138.69716397644373,1.0,0.0,0.0,0.0,1.0,7.4,0.0,0.0,0.0,15.022928772279972
43,10,14.342779693695558,0.2886216,14.878402171883359,2.469647136929461,64.0982772550731,1.0,0.0,0.0,0.0,3.0,7.4,0.0,0.0,0.0,6.942779693695557
43,11,60.39267940026538,0.28087104,62.64800767662384,0.0,557.5672683219522,0.0,0.0,0.0,0.0,3.0,0.0,0.0,0.0,0.0,60.39267940026538
43,12,0.0,0.27369888,0.0,0.0,0.0,0.0,0.0,0.0,0.0,0.0,0.0,0.0,0.0,0.0,0.0
43,13,11.084208985185475,0.25611552,11.498142100814809,0.0,102.3334646972518,0.0,0.0,0.0,0.0,2.0,0.0,0.0,0.0,0.0,11.084208985185475
43,14,0.0,0.24848064,0.0,0.0,0.0,0.0,0.0,0.0,0.0,0.0,0.0,0.0,0.0,0.0,0.0
43,15,26.216104687997333,0.25114128,27.19512934439558,0.0,242.03665116512067,0.0,0.0,0.0,0.0,3.0,0.0,0.0,0.0,0.0,26.216104687997333
43,16,20.169406069922637,0.2753184,20.922620404484068,0.0,186.21132159990822,0.0,0.0,0.0,0.0,4.0,0.0,0.0,0.0,0.0,20.169406069922637
43,17,0.0,0.29417424,0.0,0.0,0.0,0.0,0.0,0.0,0.0,0.0,0.0,0.0,0.0,0.0,0.0
43,18,0.0,0.2892,0.0,0.0,0.0,0.0,0.0,0.0,0.0,0.0,0.0,0.0,0.0,0.0,0.0
43,19,17.468190967943865,0.27485568,18.120530049734302,2.363975136929461,92.95321536794648,1.0,0.0,0.0,0.0,1.0,7.4,0.0,0.0,0.0,10.068190967943865
43,20,36.80789965559932,0.25310784,38.18246852240594,8.638896222312317,71.18640779458022,5.0,0.0,0.0,0.0,3.0,29.097371889984117,0.0,0.0,0.0,7.710527765615204
43,21,52.98729624291619,0.2447788799999999,54.96607494078443,14.792515262375533,15.418318633912694,7.0,0.0,0.0,0.0,2.0,51.317267123467666,0.0,0.0,0.0,1.6700291194485206
43,22,51.69480824866945,0.23216976,53.625319760030564,14.225175702666569,0.0,7.0,0.0,0.0,0.0,0.0,51.69480824866945,0.0,0.0,0.0,0.0
43,23,46.04745601864963,0.18693888,47.76707055876518,10.510612706631663,0.0,8.0,0.0,0.0,0.0,0.0,46.04745601864963,0.0,0.0,0.0,0.0
44,0,36.97795661283777,0.19769712,38.35887615439604,8.853118142871281,0.0,7.0,0.0,0.0,0.0,0.0,36.97795661283777,0.0,0.0,0.0,0.0
44,1,40.1085395438199,0.1700496,41.60636882138994,8.452317183517836,0.0,8.0,0.0,0.0,0.0,0.0,40.1085395438199,0.0,0.0,0.0,0.0
44,2,51.694808248669474,0.1581345599999999,53.625319760030585,10.25501442916875,0.0,7.0,0.0,0.0,0.0,0.0,51.694808248669474,0.0,0.0,0.0,0.0
44,3,51.69480824866946,0.14668224,53.62531976003057,9.640880107174556,0.0,8.0,0.0,0.0,0.0,0.0,51.69480824866946,0.0,0.0,0.0,0.0
44,4,51.69480824866948,0.1868232,53.625319760030585,11.793451922649158,0.0,8.0,0.0,0.0,0.0,0.0,51.69480824866948,0.0,0.0,0.0,0.0
44,5,45.935892991770615,0.22696416,47.651341277770356,12.392406042276676,0.0,7.0,0.0,0.0,0.0,0.0,45.935892991770615,0.0,0.0,0.0,0.0
44,6,51.694808248669474,0.2556528,53.625319760030585,15.484461231604161,0.0,7.0,0.0,0.0,0.0,0.0,51.694808248669474,0.0,0.0,0.0,0.0
44,7,51.694808248669474,0.40488,53.625319760030585,23.486817548498195,0.0,7.0,0.0,0.0,0.0,0.0,51.694808248669474,0.0,0.0,0.0,0.0
44,8,48.81425956345087,0.6938486399999999,50.63719871727269,36.81064274093112,0.0,7.0,0.0,0.0,0.0,0.0,48.81425956345087,0.0,0.0,0.0,0.0
44,9,0.0,0.6938486399999999,0.0,0.0,0.0,0.0,0.0,0.0,0.0,0.0,0.0,0.0,0.0,0.0,0.0
44,10,7.4,0.6930388799999999,7.6763485477178435,5.5740951369294605,0.0,1.0,0.0,0.0,0.0,0.0,7.4,0.0,0.0,0.0,0.0
44,11,0.0,0.6722164799999999,0.0,0.0,0.0,0.0,0.0,0.0,0.0,0.0,0.0,0.0,0.0,0.0,0.0
44,12,0.0,0.6771907199999999,0.0,0.0,0.0,0.0,0.0,0.0,0.0,0.0,0.0,0.0,0.0,0.0,0.0
44,13,0.0,0.6935016,0.0,0.0,0.0,0.0,0.0,0.0,0.0,0.0,0.0,0.0,0.0,0.0,0.0
44,14,0.0,0.7165219199999999,0.0,0.0,0.0,0.0,0.0,0.0,0.0,0.0,0.0,0.0,0.0,0.0,0.0
44,15,0.0,0.7907884799999999,0.0,0.0,0.0,0.0,0.0,0.0,0.0,0.0,0.0,0.0,0.0,0.0,0.0
44,16,0.0,1.25096352,0.0,0.0,0.0,0.0,0.0,0.0,0.0,0.0,0.0,0.0,0.0,0.0,0.0
44,17,0.0,1.27849536,0.0,0.0,0.0,0.0,0.0,0.0,0.0,0.0,0.0,0.0,0.0,0.0,0.0
44,18,0.0,1.27676016,0.0,0.0,0.0,0.0,0.0,0.0,0.0,0.0,0.0,0.0,0.0,0.0,0.0
44,19,7.4,0.7537708799999999,7.6763485477178435,6.040295136929461,0.0,1.0,0.0,0.0,0.0,0.0,7.4,0.0,0.0,0.0,0.0
44,20,48.129007240262396,0.676728,49.9263560583635,35.43912546819604,0.0,7.0,0.0,0.0,0.0,0.0,48.129007240262396,0.0,0.0,0.0,0.0
44,21,37.0,0.35490624,38.38174273858922,14.892355684647304,0.0,5.0,0.0,0.0,0.0,0.0,37.0,0.0,0.0,0.0,0.0
44,22,33.899944598144984,0.35259264,35.16591763293049,13.563235609867512,0.0,5.0,0.0,0.0,0.0,0.0,33.899944598144984,0.0,0.0,0.0,0.0
44,23,47.61896357321035,0.38266944,49.39726511743814,20.537873255408787,0.0,7.0,0.0,0.0,0.0,0.0,47.61896357321035,0.0,0.0,0.0,0.0
45,0,44.66093703778307,0.44201328,46.328772860770826,22.01141523225581,0.0,7.0,0.0,0.0,0.0,0.0,44.66093703778307,0.0,0.0,0.0,0.0
45,1,51.694808248669474,0.64422192,53.625319760030585,36.321604540477864,0.0,7.0,0.0,0.0,0.0,0.0,51.694808248669474,0.0,0.0,0.0,0.0
45,2,51.69480824866945,0.98397408,53.625319760030564,54.54092275963891,0.0,7.0,0.0,0.0,0.0,0.0,51.69480824866945,0.0,0.0,0.0,0.0
45,3,42.913490506517256,1.2139459199999998,44.51606899016314,55.51358220862146,0.0,7.0,0.0,0.0,0.0,0.0,42.913490506517256,0.0,0.0,0.0,0.0
45,4,51.34135411157082,1.23002544,53.2586660908411,67.27237603980674,0.0,7.0,0.0,0.0,0.0,0.0,51.34135411157082,0.0,0.0,0.0,0.0
45,5,31.91575101600583,1.25246736,33.107625535275766,42.562082755253044,0.0,6.0,0.0,0.0,0.0,0.0,31.91575101600583,0.0,0.0,0.0,0.0
45,6,51.69480824866945,1.3955635199999998,53.625319760030585,76.61253808949084,0.0,7.0,0.0,0.0,0.0,0.0,51.69480824866945,0.0,0.0,0.0,0.0
45,7,38.36366897434708,2.24176272,39.796337110318554,90.53120368481622,0.0,7.0,0.0,0.0,0.0,0.0,38.36366897434708,0.0,0.0,0.0,0.0
45,8,37.0,2.32019376,38.38174273858922,90.32351568464732,0.0,5.0,0.0,0.0,0.0,0.0,37.0,0.0,0.0,0.0,0.0
45,9,1.8652627377269368,2.01988848,1.9349198524138351,3.9723681667289044,0.0,1.0,0.0,0.0,0.0,0.0,1.8652627377269368,0.0,0.0,0.0,0.0
45,10,7.4,1.40747856,7.6763485477178435,11.05838313692946,0.0,1.0,0.0,0.0,0.0,0.0,7.4,0.0,0.0,0.0,0.0
45,11,0.0,1.40181024,0.0,0.0,0.0,0.0,0.0,0.0,0.0,0.0,0.0,0.0,0.0,0.0,0.0
45,12,0.0,1.45571712,0.0,0.0,0.0,0.0,0.0,0.0,0.0,0.0,0.0,0.0,0.0,0.0,0.0
45,13,0.0,1.37705472,0.0,0.0,0.0,0.0,0.0,0.0,0.0,0.0,0.0,0.0,0.0,0.0,0.0
45,14,0.0,1.4114116799999998,0.0,0.0,0.0,0.0,0.0,0.0,0.0,0.0,0.0,0.0,0.0,0.0,0.0
45,15,0.0,1.3598184000000002,0.0,0.0,0.0,0.0,0.0,0.0,0.0,0.0,0.0,0.0,0.0,0.0,0.0
45,16,0.0,1.6435814400000002,0.0,0.0,0.0,0.0,0.0,0.0,0.0,0.0,0.0,0.0,0.0,0.0,0.0
45,17,0.0,2.04140496,0.0,0.0,0.0,0.0,0.0,0.0,0.0,0.0,0.0,0.0,0.0,0.0,0.0
45,18,0.0,2.23944912,0.0,0.0,0.0,0.0,0.0,0.0,0.0,0.0,0.0,0.0,0.0,0.0,0.0
45,19,0.0,1.50060096,0.0,0.0,0.0,0.0,0.0,0.0,0.0,0.0,0.0,0.0,0.0,0.0,0.0
45,20,44.4,1.2650764799999998,46.05809128630706,59.79153082157676,0.0,6.0,0.0,0.0,0.0,0.0,44.4,0.0,0.0,0.0,0.0
45,21,51.69480824866946,1.26125904,53.625319760030585,69.41041740428622,0.0,7.0,0.0,0.0,0.0,0.0,51.69480824866946,0.0,0.0,0.0,0.0
45,22,30.831683248471766,1.22690208,31.98307390920308,40.29873965038961,0.0,5.0,0.0,0.0,0.0,0.0,30.831683248471766,0.0,0.0,0.0,0.0
45,23,50.103107003856174,1.20434448,51.974177389892304,64.31515891366304,0.0,7.0,0.0,0.0,0.0,0.0,50.103107003856174,0.0,0.0,0.0,0.0
46,0,49.33346429204708,0.83486256,51.17579283407375,44.41867215829231,0.0,7.0,0.0,0.0,0.0,0.0,49.33346429204708,0.0,0.0,0.0,0.0
46,1,45.92092490714767,0.80154672,47.635814219032866,39.75907609244514,0.0,7.0,0.0,0.0,0.0,0.0,45.92092490714767,0.0,0.0,0.0,0.0
46,2,22.200000000000003,0.7743619199999999,23.02904564315353,18.595077410788384,0.0,3.0,0.0,0.0,0.0,0.0,22.200000000000003,0.0,0.0,0.0,0.0
46,3,44.4,0.78407904,46.05809128630706,37.63770682157677,0.0,6.0,0.0,0.0,0.0,0.0,44.4,0.0,0.0,0.0,0.0
46,4,51.69480824866946,0.83486256,53.625319760030564,46.54476981973472,0.0,7.0,0.0,0.0,0.0,0.0,51.69480824866946,0.0,0.0,0.0,0.0
46,5,51.101526878398474,0.80154672,53.00988265394033,44.244524684696195,0.0,7.0,0.0,0.0,0.0,0.0,51.101526878398474,0.0,0.0,0.0,0.0
46,6,51.694808248669474,1.2614904,53.625319760030585,69.4228241582659,0.0,7.0,0.0,0.0,0.0,0.0,51.694808248669474,0.0,0.0,0.0,0.0
46,7,36.07547651435603,1.30683696,37.42269347962244,50.14405013609712,0.0,5.0,0.0,0.0,0.0,0.0,36.07547651435603,0.0,0.0,0.0,0.0
46,8,25.26230598967497,2.11370496,26.20571160754665,56.258551659410735,0.0,5.0,0.0,0.0,0.0,0.0,25.26230598967497,0.0,0.0,0.0,0.0
46,9,0.0,1.7465366399999998,0.0,0.0,0.0,0.0,0.0,0.0,0.0,0.0,0.0,0.0,0.0,0.0,0.0
46,10,0.0,1.48845456,0.0,0.0,0.0,0.0,0.0,0.0,0.0,0.0,0.0,0.0,0.0,0.0,0.0
46,11,0.0,1.32731232,0.0,0.0,0.0,0.0,0.0,0.0,0.0,0.0,0.0,0.0,0.0,0.0,0.0
46,12,0.0,1.3131993599999998,0.0,0.0,0.0,0.0,0.0,0.0,0.0,0.0,0.0,0.0,0.0,0.0,0.0
46,13,0.0,1.30568016,0.0,0.0,0.0,0.0,0.0,0.0,0.0,0.0,0.0,0.0,0.0,0.0,0.0
46,14,0.0,1.3052174399999998,0.0,0.0,0.0,0.0,0.0,0.0,0.0,0.0,0.0,0.0,0.0,0.0,0.0
46,15,0.0,1.304292,0.0,0.0,0.0,0.0,0.0,0.0,0.0,0.0,0.0,0.0,0.0,0.0,0.0
46,16,0.0,1.30579584,0.0,0.0,0.0,0.0,0.0,0.0,0.0,0.0,0.0,0.0,0.0,0.0,0.0
46,17,0.0,1.29769824,0.0,0.0,0.0,0.0,0.0,0.0,0.0,0.0,0.0,0.0,0.0,0.0,0.0
46,18,0.0,1.25998656,0.0,0.0,0.0,0.0,0.0,0.0,0.0,0.0,0.0,0.0,0.0,0.0,0.0
46,19,7.4,1.21417728,7.6763485477178435,9.57453513692946,0.0,1.0,0.0,0.0,0.0,0.0,7.4,0.0,0.0,0.0,0.0
46,20,14.8,0.8530243199999998,15.352697095435687,13.604398273858921,0.0,2.0,0.0,0.0,0.0,0.0,14.8,0.0,0.0,0.0,0.0
46,21,32.61994258038744,0.76545456,33.83811470994548,27.02158080343004,0.0,6.0,0.0,0.0,0.0,0.0,32.61994258038744,0.0,0.0,0.0,0.0
46,22,50.174910621497176,0.67487712,52.04866247043276,36.849262155669074,0.0,7.0,0.0,0.0,0.0,0.0,50.174910621497176,0.0,0.0,0.0,0.0
46,23,44.19647941224659,0.5736571200000001,45.846970344654146,27.817975687047767,0.0,7.0,0.0,0.0,0.0,0.0,44.19647941224659,0.0,0.0,0.0,0.0
47,0,43.968198295815,0.50887632,45.61016420727697,24.7196289516557,0.0,7.0,0.0,0.0,0.0,0.0,43.968198295815,0.0,0.0,0.0,0.0
47,1,50.10310700385618,0.43079232,51.974177389892304,24.110421729488685,0.0,7.0,0.0,0.0,0.0,0.0,50.10310700385618,0.0,0.0,0.0,0.0
47,2,51.694808248669474,0.35328672,53.625319760030585,20.720111411029404,0.0,7.0,0.0,0.0,0.0,0.0,51.694808248669474,0.0,0.0,0.0,0.0
47,3,50.92117914590969,0.30782448,52.82279994388972,18.008585603014637,0.0,7.0,0.0,0.0,0.0,0.0,50.92117914590969,0.0,0.0,0.0,0.0
47,4,51.69480824866946,0.30296592,53.625319760030564,18.021642420448853,0.0,7.0,0.0,0.0,0.0,0.0,51.69480824866946,0.0,0.0,0.0,0.0
47,5,51.694808248669474,0.36311952,53.625319760030585,21.247398455165836,0.0,7.0,0.0,0.0,0.0,0.0,51.694808248669474,0.0,0.0,0.0,0.0
47,6,51.694808248669474,0.43865856,53.625319760030585,25.29820362953157,0.0,7.0,0.0,0.0,0.0,0.0,51.694808248669474,0.0,0.0,0.0,0.0
47,7,44.02740312689461,0.62397792,45.67158000715209,30.009786794213085,0.0,7.0,0.0,0.0,0.0,0.0,44.02740312689461,0.0,0.0,0.0,0.0
47,8,44.4,0.6087081599999999,46.05809128630706,29.560458821576763,0.0,6.0,0.0,0.0,0.0,0.0,44.4,0.0,0.0,0.0,0.0
47,9,7.4,0.52021296,7.6763485477178435,4.247423136929461,0.0,1.0,0.0,0.0,0.0,0.0,7.4,0.0,0.0,0.0,0.0
47,10,0.0,0.53467296,0.0,0.0,0.0,0.0,0.0,0.0,0.0,0.0,0.0,0.0,0.0,0.0,0.0
47,11,0.0,0.5380276799999999,0.0,0.0,0.0,0.0,0.0,0.0,0.0,0.0,0.0,0.0,0.0,0.0,0.0
47,12,10.895947928852667,0.5487859199999999,11.302850548602352,0.0,100.59536988256095,0.0,0.0,0.0,0.0,1.0,0.0,0.0,0.0,0.0,10.895947928852667
47,13,0.0,0.57816864,0.0,0.0,0.0,0.0,0.0,0.0,0.0,0.0,0.0,0.0,0.0,0.0,0.0
47,14,0.0,0.5681044799999999,0.0,0.0,0.0,0.0,0.0,0.0,0.0,0.0,0.0,0.0,0.0,0.0,0.0
47,15,0.0,0.5316652799999999,0.0,0.0,0.0,0.0,0.0,0.0,0.0,0.0,0.0,0.0,0.0,0.0,0.0
47,16,0.0,0.6355459199999999,0.0,0.0,0.0,0.0,0.0,0.0,0.0,0.0,0.0,0.0,0.0,0.0,0.0
47,17,0.0,0.6939643200000001,0.0,0.0,0.0,0.0,0.0,0.0,0.0,0.0,0.0,0.0,0.0,0.0,0.0
47,18,0.0,0.69685632,0.0,0.0,0.0,0.0,0.0,0.0,0.0,0.0,0.0,0.0,0.0,0.0,0.0
47,19,0.0,0.653592,0.0,0.0,0.0,0.0,0.0,0.0,0.0,0.0,0.0,0.0,0.0,0.0,0.0
47,20,29.6,0.5633616,30.705394190871374,18.314588547717847,0.0,4.0,0.0,0.0,0.0,0.0,29.6,0.0,0.0,0.0,0.0
47,21,51.694808248669474,0.46272,53.625319760030585,26.58850604341837,0.0,7.0,0.0,0.0,0.0,0.0,51.694808248669474,0.0,0.0,0.0,0.0
47,22,51.694808248669474,0.42038112,53.625319760030585,24.318070065136805,0.0,7.0,0.0,0.0,0.0,0.0,51.694808248669474,0.0,0.0,0.0,0.0
47,23,51.69480824866945,0.3918081599999999,53.625319760030564,22.785835948646227,0.0,7.0,0.0,0.0,0.0,0.0,51.69480824866945,0.0,0.0,0.0,0.0
48,0,47.215140042446244,0.40476432,48.978361039881996,21.445876751442423,0.0,7.0,0.0,0.0,0.0,0.0,47.215140042446244,0.0,0.0,0.0,0.0
48,1,51.694808248669474,0.36508608,53.625319760030585,21.35285586399312,0.0,7.0,0.0,0.0,0.0,0.0,51.694808248669474,0.0,0.0,0.0,0.0
48,2,46.1456732636305,0.37202688,47.86895566766651,19.39300065850005,0.0,7.0,0.0,0.0,0.0,0.0,46.1456732636305,0.0,0.0,0.0,0.0
48,3,42.49553587177341,0.37110144,44.082506091051265,17.818212440811692,0.0,6.0,0.0,0.0,0.0,0.0,42.49553587177341,0.0,0.0,0.0,0.0
48,4,50.363079463491424,0.40106256,52.24385836461767,22.68232729185982,0.0,7.0,0.0,0.0,0.0,0.0,50.363079463491424,0.0,0.0,0.0,0.0
48,5,51.69480824866946,0.43449408,53.625319760030564,25.074882057897312,0.0,7.0,0.0,0.0,0.0,0.0,51.69480824866946,0.0,0.0,0.0,0.0
48,6,51.694808248669474,0.7814184,53.625319760030585,43.67880965042849,0.0,7.0,0.0,0.0,0.0,0.0,51.694808248669474,0.0,0.0,0.0,0.0
48,7,49.17318757251473,1.08750768,51.00953067688251,57.16167182971014,0.0,7.0,0.0,0.0,0.0,0.0,49.17318757251473,0.0,0.0,0.0,0.0
48,8,22.55719498193913,1.08750768,23.39957985678333,26.221748896284705,0.0,4.0,0.0,0.0,0.0,0.0,22.55719498193913,0.0,0.0,0.0,0.0
48,9,7.4,1.0294363199999998,7.6763485477178435,8.15639913692946,0.0,1.0,0.0,0.0,0.0,0.0,7.4,0.0,0.0,0.0,0.0
48,10,0.0,1.01173728,0.0,0.0,0.0,0.0,0.0,0.0,0.0,0.0,0.0,0.0,0.0,0.0,0.0
48,11,0.0,0.6634248,0.0,0.0,0.0,0.0,0.0,0.0,0.0,0.0,0.0,0.0,0.0,0.0,0.0
48,12,0.0,0.5320123200000001,0.0,0.0,0.0,0.0,0.0,0.0,0.0,0.0,0.0,0.0,0.0,0.0,0.0
48,13,0.0,0.48724416,0.0,0.0,0.0,0.0,0.0,0.0,0.0,0.0,0.0,0.0,0.0,0.0,0.0
48,14,0.0,0.4141344,0.0,0.0,0.0,0.0,0.0,0.0,0.0,0.0,0.0,0.0,0.0,0.0,0.0
48,15,0.0,0.3805872,0.0,0.0,0.0,0.0,0.0,0.0,0.0,0.0,0.0,0.0,0.0,0.0,0.0
48,16,0.0,0.38949456,0.0,0.0,0.0,0.0,0.0,0.0,0.0,0.0,0.0,0.0,0.0,0.0,0.0
48,17,0.0,0.43218048,0.0,0.0,0.0,0.0,0.0,0.0,0.0,0.0,0.0,0.0,0.0,0.0,0.0
48,18,0.0,0.4407408,0.0,0.0,0.0,0.0,0.0,0.0,0.0,0.0,0.0,0.0,0.0,0.0,0.0
48,19,14.8,0.42593376,15.352697095435687,7.047406273858923,0.0,2.0,0.0,0.0,0.0,0.0,14.8,0.0,0.0,0.0,0.0
48,20,19.31990201373832,0.4003684799999999,20.041392130433945,8.687311783863162,0.0,3.0,0.0,0.0,0.0,0.0,19.31990201373832,0.0,0.0,0.0,0.0
48,21,51.694808248669474,0.38035584,53.62531976003059,22.171701626652048,0.0,8.0,0.0,0.0,0.0,0.0,51.694808248669474,0.0,0.0,0.0,0.0
48,22,51.694808248669474,0.34461072,53.625319760030585,20.25485813679138,0.0,8.0,0.0,0.0,0.0,0.0,51.694808248669474,0.0,0.0,0.0,0.0
48,23,51.694808248669474,0.25704096,53.625319760030585,15.558901755482243,0.0,7.0,0.0,0.0,0.0,0.0,51.694808248669474,0.0,0.0,0.0,0.0
49,0,51.694808248669474,0.31765728,53.625319760030585,18.80947129815858,0.0,7.0,0.0,0.0,0.0,0.0,51.694808248669474,0.0,0.0,0.0,0.0
49,1,51.69480824866945,0.28839024,53.625319760030585,17.240016919728976,0.0,8.0,0.0,0.0,0.0,0.0,51.69480824866945,0.0,0.0,0.0,0.0
49,2,46.10328971546565,0.26583264,47.824989331395905,14.296450318806015,0.0,8.0,0.0,0.0,0.0,0.0,46.10328971546565,0.0,0.0,0.0,0.0
49,3,51.69480824866945,0.2903568,53.625319760030585,17.345474328556264,0.0,7.0,0.0,0.0,0.0,0.0,51.69480824866945,0.0,0.0,0.0,0.0
49,4,44.64907558735832,0.28295328,46.316468451616515,14.63847177214992,0.0,7.0,0.0,0.0,0.0,0.0,44.64907558735832,0.0,0.0,0.0,0.0
49,5,49.166789697239096,0.28815888,51.002893876804045,16.385132563620928,0.0,7.0,0.0,0.0,0.0,0.0,49.166789697239096,0.0,0.0,0.0,0.0
49,6,50.43456457024378,0.30979104,52.31801303967198,17.939377901906692,0.0,7.0,0.0,0.0,0.0,0.0,50.434564570243786,0.0,0.0,0.0,0.0
49,7,51.69480824866947,0.32367264,53.625319760030585,19.13204690163028,0.0,8.0,0.0,0.0,0.0,0.0,51.69480824866947,0.0,0.0,0.0,0.0
49,8,20.766981710640806,0.3464616,21.54251214796764,8.176710378902035,0.0,6.0,0.0,0.0,0.0,0.0,20.766981710640806,0.0,0.0,0.0,0.0
49,9,14.8,0.37757952,15.352697095435687,6.305038273858923,0.0,2.0,0.0,0.0,0.0,0.0,14.8,0.0,0.0,0.0,0.0
49,10,0.0,0.36751536,0.0,0.0,0.0,0.0,0.0,0.0,0.0,0.0,0.0,0.0,0.0,0.0,0.0
49,11,13.193312171598507,0.34287552,13.686008476761938,0.0,121.80547544318125,0.0,0.0,0.0,0.0,2.0,0.0,0.0,0.0,0.0,13.193312171598507
49,12,1.1489508967661295,0.32355696,1.1918577767283502,0.0,10.607534212882317,0.0,0.0,0.0,0.0,1.0,0.0,0.0,0.0,0.0,1.1489508967661295
49,13,0.0,0.31939248,0.0,0.0,0.0,0.0,0.0,0.0,0.0,0.0,0.0,0.0,0.0,0.0,0.0
49,14,21.288136671615394,0.31788864,22.08312932740186,0.0,196.53985101387659,0.0,0.0,0.0,0.0,4.0,0.0,0.0,0.0,0.0,21.288136671615394
49,15,1.2413970832579342,0.3276057599999999,1.2877563104335419,0.0,11.461031162858523,0.0,0.0,0.0,0.0,1.0,0.0,0.0,0.0,0.0,1.2413970832579342
49,16,20.740418390010078,0.3719112,21.514956836110038,0.0,191.48311584137934,0.0,0.0,0.0,0.0,2.0,0.0,0.0,0.0,0.0,20.740418390010078
49,17,12.363137699932413,0.72658608,12.82483163893404,0.0,114.14100158651296,0.0,0.0,0.0,0.0,1.0,0.0,0.0,0.0,0.0,12.363137699932413
49,18,0.0,1.20526992,0.0,0.0,0.0,0.0,0.0,0.0,0.0,0.0,0.0,0.0,0.0,0.0,0.0
49,19,55.87806378155588,0.6938486399999999,57.96479645389615,38.98285326911935,38.621342575403524,7.0,0.0,0.0,0.0,1.0,51.694808248669474,0.0,0.0,0.0,4.183255532886403
49,20,51.694808248669474,0.53363184,53.625319760030585,30.391176138190495,0.0,8.0,0.0,0.0,0.0,0.0,51.694808248669474,0.0,0.0,0.0,0.0
49,21,51.69480824866945,0.34322256,53.625319760030564,20.18041761291329,0.0,8.0,0.0,0.0,0.0,0.0,51.69480824866945,0.0,0.0,0.0,0.0
49,22,51.694808248669474,0.33824832,53.625319760030585,19.913672402350162,0.0,8.0,0.0,0.0,0.0,0.0,51.694808248669474,0.0,0.0,0.0,0.0
49,23,51.694808248669474,0.33986784,53.62531976003058,20.000519680207923,0.0,8.0,0.0,0.0,0.0,0.0,51.694808248669474,0.0,0.0,0.0,0.0
50,0,51.69480824866946,0.46272,53.625319760030585,26.588506043418366,0.0,8.0,0.0,0.0,0.0,0.0,51.69480824866946,0.0,0.0,0.0,0.0
50,1,51.69480824866945,0.46283568,53.625319760030585,26.594709420408208,0.0,8.0,0.0,0.0,0.0,0.0,51.69480824866945,0.0,0.0,0.0,0.0
50,2,49.61845970095156,0.4846992,51.47143122505351,26.651865911187723,0.0,8.0,0.0,0.0,0.0,0.0,49.61845970095156,0.0,0.0,0.0,0.0
50,3,51.69480824866946,0.4514990399999999,53.62531976003057,25.98677847540384,0.0,8.0,0.0,0.0,0.0,0.0,51.69480824866946,0.0,0.0,0.0,0.0
50,4,51.69480824866946,0.44721888,53.62531976003059,25.757253526779763,0.0,9.0,0.0,0.0,0.0,0.0,51.69480824866946,0.0,0.0,0.0,0.0
50,5,51.69480824866945,0.46272,53.62531976003059,26.58850604341837,0.0,8.0,0.0,0.0,0.0,0.0,51.69480824866945,0.0,0.0,0.0,0.0
50,6,50.10310700385613,0.42304176,51.974177389892255,23.707592749177664,0.0,8.0,0.0,0.0,0.0,0.0,50.10310700385613,0.0,0.0,0.0,0.0
50,7,51.69480824866945,0.52738512,53.625319760030585,30.05619378073912,0.0,8.0,0.0,0.0,0.0,0.0,51.69480824866945,0.0,0.0,0.0,0.0
50,8,51.947262458886044,0.68563536,53.887201720836174,38.5424135028407,2.3307494511697717,8.0,0.0,0.0,0.0,1.0,51.69480824866946,0.0,0.0,0.0,0.252454210216591
50,9,47.40960277590579,0.98362704,49.1800858671222,46.82850682157677,27.785751769254766,6.0,0.0,0.0,0.0,1.0,44.4,0.0,0.0,0.0,3.0096027759057966
50,10,0.0,0.8456208,0.0,0.0,0.0,0.0,0.0,0.0,0.0,0.0,0.0,0.0,0.0,0.0,0.0
50,11,6.514364870176642,0.6929232,6.757639906822244,0.0,60.142995170717974,0.0,0.0,0.0,0.0,2.0,0.0,0.0,0.0,0.0,6.514364870176642
50,12,31.961330637539664,0.5169739199999999,33.15490730035235,0.0,295.0786749731359,0.0,0.0,0.0,0.0,3.0,0.0,0.0,0.0,0.0,31.961330637539664
50,13,17.295107455276334,0.47162736,17.940982837423583,0.0,159.6747472530699,0.0,0.0,0.0,0.0,2.0,0.0,0.0,0.0,0.0,17.295107455276334
50,14,0.0,0.47798976,0.0,0.0,0.0,0.0,0.0,0.0,0.0,0.0,0.0,0.0,0.0,0.0,0.0
50,15,8.83364063101174,0.69338592,9.16352762553085,0.0,81.55539586722458,0.0,0.0,0.0,0.0,1.0,0.0,0.0,0.0,0.0,8.83364063101174
50,16,0.0,1.12545072,0.0,0.0,0.0,0.0,0.0,0.0,0.0,0.0,0.0,0.0,0.0,0.0,0.0
50,17,4.6391843949867315,1.2163752,4.812431945006983,0.0,42.83064431056215,0.0,0.0,0.0,0.0,1.0,0.0,0.0,0.0,0.0,4.6391843949867315
50,18,7.562831386826955,1.2344212799999998,7.84526077471676,0.0,69.82282089497916,0.0,0.0,0.0,0.0,1.0,0.0,0.0,0.0,0.0,7.562831386826955
50,19,20.2086671152057,1.16755824,20.96334762988143,18.433342273858923,49.93478975656712,2.0,0.0,0.0,0.0,1.0,14.8,0.0,0.0,0.0,5.408667115205696
50,20,38.129162432009664,1.11492384,39.5530730622507,44.063155684647306,10.424839880587182,5.0,0.0,0.0,0.0,1.0,37.0,0.0,0.0,0.0,1.1291624320096678
50,21,51.69480824866945,1.0939857599999998,53.62531976003057,60.44033427697707,0.0,8.0,0.0,0.0,0.0,0.0,51.69480824866945,0.0,0.0,0.0,0.0
50,22,46.254476914315056,0.80675232,47.981822525223095,40.29764496563688,0.0,7.0,0.0,0.0,0.0,0.0,46.254476914315056,0.0,0.0,0.0,0.0
50,23,51.694808248669474,0.6616896,53.625319760030585,37.25831446594374,0.0,8.0,0.0,0.0,0.0,0.0,51.69480824866948,0.0,0.0,0.0,0.0
51,0,51.694808248669474,0.62039184,53.625319760030585,35.04370888057075,0.0,7.0,0.0,0.0,0.0,0.0,51.694808248669474,0.0,0.0,0.0,0.0
51,1,51.69480824866946,0.5210227199999999,53.625319760030585,29.715008046297896,0.0,7.0,0.0,0.0,0.0,0.0,51.69480824866946,0.0,0.0,0.0,0.0
51,2,42.35914591883527,0.4945319999999999,43.94102273738098,23.1846897089698,0.0,8.0,0.0,0.0,0.0,0.0,42.35914591883527,0.0,0.0,0.0,0.0
51,3,51.694808248669474,0.38382624,53.625319760030585,22.357802936347255,0.0,7.0,0.0,0.0,0.0,0.0,51.694808248669474,0.0,0.0,0.0,0.0
51,4,48.93536292153981,0.33697584,50.76282460740645,18.786094957358614,0.0,7.0,0.0,0.0,0.0,0.0,48.93536292153981,0.0,0.0,0.0,0.0
51,5,51.69480824866946,0.39481584,53.625319760030585,22.947123750382087,0.0,7.0,0.0,0.0,0.0,0.0,51.69480824866946,0.0,0.0,0.0,0.0
51,6,51.69480824866946,0.44259168,53.62531976003057,25.509118447186143,0.0,8.0,0.0,0.0,0.0,0.0,51.69480824866946,0.0,0.0,0.0,0.0
51,7,51.69480824866946,0.5526033600000001,53.625319760030564,31.4085299645243,0.0,7.0,0.0,0.0,0.0,0.0,51.69480824866946,0.0,0.0,0.0,0.0
51,8,51.694808248669474,0.62686992,53.625319760030585,35.391097992001804,0.0,7.0,0.0,0.0,0.0,0.0,51.694808248669474,0.0,0.0,0.0,0.0
51,9,8.172041176172327,0.5635929599999999,8.477221137108224,5.058298172875672,0.0,2.0,0.0,0.0,0.0,0.0,8.172041176172327,0.0,0.0,0.0,0.0
51,10,0.0,0.48539328,0.0,0.0,0.0,0.0,0.0,0.0,0.0,0.0,0.0,0.0,0.0,0.0,0.0
51,11,0.0,0.3996743999999999,0.0,0.0,0.0,0.0,0.0,0.0,0.0,0.0,0.0,0.0,0.0,0.0,0.0
51,12,0.0,0.4025663999999999,0.0,0.0,0.0,0.0,0.0,0.0,0.0,0.0,0.0,0.0,0.0,0.0,0.0
51,13,8.283472662430164,0.39527856,8.59281396517652,0.0,76.47604429007103,0.0,0.0,0.0,0.0,1.0,0.0,0.0,0.0,0.0,8.283472662430164
51,14,0.0,0.48030336,0.0,0.0,0.0,0.0,0.0,0.0,0.0,0.0,0.0,0.0,0.0,0.0,0.0
51,15,0.0,0.59100912,0.0,0.0,0.0,0.0,0.0,0.0,0.0,0.0,0.0,0.0,0.0,0.0,0.0
51,16,0.0,0.5766648,0.0,0.0,0.0,0.0,0.0,0.0,0.0,0.0,0.0,0.0,0.0,0.0,0.0
51,17,0.0,0.66782064,0.0,0.0,0.0,0.0,0.0,0.0,0.0,0.0,0.0,0.0,0.0,0.0,0.0
51,18,0.0,0.69315456,0.0,0.0,0.0,0.0,0.0,0.0,0.0,0.0,0.0,0.0,0.0,0.0,0.0
51,19,16.77959135513658,0.64688256,17.4062150986894,11.835922702717472,0.0,3.0,0.0,0.0,0.0,0.0,16.77959135513658,0.0,0.0,0.0,0.0
51,20,44.4,0.6140294399999999,46.05809128630706,29.805546821576765,0.0,6.0,0.0,0.0,0.0,0.0,44.4,0.0,0.0,0.0,0.0
51,21,47.97039553322239,0.5772432,49.76182109255436,30.371789123457116,0.0,7.0,0.0,0.0,0.0,0.0,47.97039553322239,0.0,0.0,0.0,0.0
51,22,51.694808248669474,0.53594544,53.625319760030585,30.515243677987296,0.0,7.0,0.0,0.0,0.0,0.0,51.694808248669474,0.0,0.0,0.0,0.0
51,23,51.69480824866946,0.497424,53.625319760030585,28.449519140370462,0.0,8.0,0.0,0.0,0.0,0.0,51.69480824866946,0.0,0.0,0.0,0.0
52,0,49.32326552300568,0.52067568,51.16521319813869,28.334050731144227,0.0,7.0,0.0,0.0,0.0,0.0,49.32326552300568,0.0,0.0,0.0,0.0
52,1,51.694808248669446,0.49557312,53.625319760030585,28.35026510853302,0.0,7.0,0.0,0.0,0.0,0.0,51.694808248669446,0.0,0.0,0.0,0.0
52,2,45.0123337721192,0.49557312,46.69329229472947,24.685488520526583,0.0,7.0,0.0,0.0,0.0,0.0,45.0123337721192,0.0,0.0,0.0,0.0
52,3,51.69480824866946,0.5166268799999999,53.62531976003058,29.47927972068396,0.0,8.0,0.0,0.0,0.0,0.0,51.69480824866946,0.0,0.0,0.0,0.0
52,4,51.69480824866945,0.54809184,53.625319760030564,31.16659826192053,0.0,7.0,0.0,0.0,0.0,0.0,51.69480824866945,0.0,0.0,0.0,0.0
52,5,51.694808248669474,0.6061632,53.625319760030585,34.280693510820385,0.0,7.0,0.0,0.0,0.0,0.0,51.694808248669474,0.0,0.0,0.0,0.0
52,6,50.208298755186696,0.7404676800000001,52.08329746388662,40.28995558588866,0.0,7.0,0.0,0.0,0.0,0.0,50.208298755186696,0.0,0.0,0.0,0.0
52,7,51.69480824866946,1.12244304,53.625319760030564,61.96636501647778,0.0,7.0,0.0,0.0,0.0,0.0,51.69480824866946,0.0,0.0,0.0,0.0
52,8,51.69480824866945,1.1706816,53.625319760030564,64.5531732212412,0.0,7.0,0.0,0.0,0.0,0.0,51.69480824866945,0.0,0.0,0.0,0.0
52,9,18.65539237528214,1.18039872,19.352066779338323,23.48370826608157,0.0,3.0,0.0,0.0,0.0,0.0,18.65539237528214,0.0,0.0,0.0,0.0
52,10,0.0,1.17889488,0.0,0.0,0.0,0.0,0.0,0.0,0.0,0.0,0.0,0.0,0.0,0.0,0.0
52,11,0.0,1.17449904,0.0,0.0,0.0,0.0,0.0,0.0,0.0,0.0,0.0,0.0,0.0,0.0,0.0
52,12,0.0,1.18444752,0.0,0.0,0.0,0.0,0.0,0.0,0.0,0.0,0.0,0.0,0.0,0.0,0.0
52,13,2.301609744401999,1.19763504,2.3875619755207462,0.0,21.249301582134642,0.0,0.0,0.0,0.0,1.0,0.0,0.0,0.0,0.0,2.301609744401999
52,14,8.03506513317915,1.25200464,8.335129806202438,0.0,74.18265527520171,0.0,0.0,0.0,0.0,1.0,0.0,0.0,0.0,0.0,8.03506513317915
52,15,0.0,1.32927888,0.0,0.0,0.0,0.0,0.0,0.0,0.0,0.0,0.0,0.0,0.0,0.0,0.0
52,16,0.0,1.65167904,0.0,0.0,0.0,0.0,0.0,0.0,0.0,0.0,0.0,0.0,0.0,0.0,0.0
52,17,0.0,1.9069848,0.0,0.0,0.0,0.0,0.0,0.0,0.0,0.0,0.0,0.0,0.0,0.0,0.0
52,18,0.0,2.0606078400000003,0.0,0.0,0.0,0.0,0.0,0.0,0.0,0.0,0.0,0.0,0.0,0.0,0.0
52,19,2.5498789804385305,2.03886,2.645102676803455,5.4805469422296875,0.0,1.0,0.0,0.0,0.0,0.0,2.5498789804385305,0.0,0.0,0.0,0.0
52,20,39.08773706737099,1.91936256,40.54744509063381,79.16736844311832,0.0,7.0,0.0,0.0,0.0,0.0,39.08773706737099,0.0,0.0,0.0,0.0
52,21,51.694808248669474,1.79292432,53.625319760030585,97.92113804959241,0.0,7.0,0.0,0.0,0.0,0.0,51.694808248669474,0.0,0.0,0.0,0.0
52,22,51.69480824866945,1.27560336,53.625319760030585,70.17963615102641,0.0,7.0,0.0,0.0,0.0,0.0,51.69480824866945,0.0,0.0,0.0,0.0
52,23,51.69480824866945,1.25061648,53.625319760030564,68.83970672122086,0.0,7.0,0.0,0.0,0.0,0.0,51.69480824866945,0.0,0.0,0.0,0.0
53,0,51.69480824866946,1.21244208,53.625319760030585,66.7925923145736,0.0,7.0,0.0,0.0,0.0,0.0,51.69480824866946,0.0,0.0,0.0,0.0
53,1,50.81714934724559,1.1942803199999998,52.71488521498505,64.70121268393162,0.0,7.0,0.0,0.0,0.0,0.0,50.81714934724559,0.0,0.0,0.0,0.0
53,2,42.31995881384947,1.18838064,43.900372213536805,53.623454747629154,0.0,7.0,0.0,0.0,0.0,0.0,42.31995881384947,0.0,0.0,0.0,0.0
53,3,51.69480824866945,1.18537296,53.625319760030585,65.34100209895095,0.0,7.0,0.0,0.0,0.0,0.0,51.69480824866945,0.0,0.0,0.0,0.0
53,4,47.438371323867976,1.18826496,49.20992875919915,60.103282670582125,0.0,7.0,0.0,0.0,0.0,0.0,47.438371323867976,0.0,0.0,0.0,0.0
53,5,49.83266450755843,1.20781488,51.693635381284686,64.14740134593062,0.0,7.0,0.0,0.0,0.0,0.0,49.83266450755843,0.0,0.0,0.0,0.0
53,6,51.694808248669474,1.25431824,53.625319760030585,69.03821478489579,0.0,7.0,0.0,0.0,0.0,0.0,51.694808248669474,0.0,0.0,0.0,0.0
53,7,49.78131437724735,2.00276784,51.640367611252444,105.13296366552649,0.0,7.0,0.0,0.0,0.0,0.0,49.78131437724735,0.0,0.0,0.0,0.0
53,8,37.0,2.03990112,38.38174273858922,79.56539568464733,0.0,5.0,0.0,0.0,0.0,0.0,37.0,0.0,0.0,0.0,0.0
53,9,0.0,1.9035144,0.0,0.0,0.0,0.0,0.0,0.0,0.0,0.0,0.0,0.0,0.0,0.0,0.0
53,10,0.0,1.76446704,0.0,0.0,0.0,0.0,0.0,0.0,0.0,0.0,0.0,0.0,0.0,0.0,0.0
53,11,0.144592422658152,1.5847003199999998,0.1499921396868797,0.0,1.3349300432132294,0.0,0.0,0.0,0.0,1.0,0.0,0.0,0.0,0.0,0.144592422658152
53,12,0.0,1.4627736,0.0,0.0,0.0,0.0,0.0,0.0,0.0,0.0,0.0,0.0,0.0,0.0,0.0
53,13,0.0,1.45849344,0.0,0.0,0.0,0.0,0.0,0.0,0.0,0.0,0.0,0.0,0.0,0.0,0.0
53,14,0.0,1.43535744,0.0,0.0,0.0,0.0,0.0,0.0,0.0,0.0,0.0,0.0,0.0,0.0,0.0
53,15,0.0,1.43697696,0.0,0.0,0.0,0.0,0.0,0.0,0.0,0.0,0.0,0.0,0.0,0.0,0.0
53,16,1.009081477061575,1.2996647999999995,1.0467650176987293,0.0,9.316208657518692,0.0,0.0,0.0,0.0,1.0,0.0,0.0,0.0,0.0,1.009081477061575
53,17,0.0,1.8630264,0.0,0.0,0.0,0.0,0.0,0.0,0.0,0.0,0.0,0.0,0.0,0.0,0.0
53,18,0.0,1.2990864,0.0,0.0,0.0,0.0,0.0,0.0,0.0,0.0,0.0,0.0,0.0,0.0,0.0
53,19,29.6,1.26079632,30.705394190871374,39.72959654771785,0.0,4.0,0.0,0.0,0.0,0.0,29.6,0.0,0.0,0.0,0.0
53,20,29.6,1.05315072,30.705394190871374,33.35375654771785,0.0,4.0,0.0,0.0,0.0,0.0,29.6,0.0,0.0,0.0,0.0
53,21,51.694808248669474,0.66099552,53.625319760030585,37.2210942040047,0.0,7.0,0.0,0.0,0.0,0.0,51.694808248669474,0.0,0.0,0.0,0.0
53,22,48.01613522450492,0.39527856,49.8092689050881,21.33722288821442,0.0,7.0,0.0,0.0,0.0,0.0,48.01613522450492,0.0,0.0,0.0,0.0
53,23,51.694808248669474,0.33246432,53.625319760030585,19.603503552858143,0.0,7.0,0.0,0.0,0.0,0.0,51.694808248669474,0.0,0.0,0.0,0.0
54,0,51.69480824866946,0.34923792,53.625319760030564,20.502993216384986,0.0,7.0,0.0,0.0,0.0,0.0,51.69480824866946,0.0,0.0,0.0,0.0
54,1,51.69480824866945,0.35536896,53.625319760030564,20.83177219684653,0.0,8.0,0.0,0.0,0.0,0.0,51.69480824866945,0.0,0.0,0.0,0.0
54,2,51.69480824866945,0.35490624,53.625319760030585,20.806958688887168,0.0,7.0,0.0,0.0,0.0,0.0,51.69480824866945,0.0,0.0,0.0,0.0
54,3,50.103107003856174,0.3807028799999999,51.974177389892304,21.50706428956832,0.0,7.0,0.0,0.0,0.0,0.0,50.103107003856174,0.0,0.0,0.0,0.0
54,4,40.6027314541453,0.43715472,42.11901603127107,19.806666090460887,0.0,7.0,0.0,0.0,0.0,0.0,40.6027314541453,0.0,0.0,0.0,0.0
54,5,51.694808248669474,0.46410816,53.625319760030585,26.662946567296448,0.0,8.0,0.0,0.0,0.0,0.0,51.694808248669474,0.0,0.0,0.0,0.0
54,6,51.69480824866945,0.6082454399999999,53.625319760030585,34.39235429663751,0.0,7.0,0.0,0.0,0.0,0.0,51.69480824866945,0.0,0.0,0.0,0.0
54,7,49.57156903777471,1.2051542400000002,51.422789458272526,63.67448707933326,0.0,7.0,0.0,0.0,0.0,0.0,49.57156903777471,0.0,0.0,0.0,0.0
54,8,47.940769391006405,1.25535936,49.731088579882176,64.07648656373829,0.0,7.0,0.0,0.0,0.0,0.0,47.940769391006405,0.0,0.0,0.0,0.0
54,9,0.0,1.2961944,0.0,0.0,0.0,0.0,0.0,0.0,0.0,0.0,0.0,0.0,0.0,0.0,0.0
54,10,0.0,1.27028208,0.0,0.0,0.0,0.0,0.0,0.0,0.0,0.0,0.0,0.0,0.0,0.0,0.0
54,11,0.0,1.28069328,0.0,0.0,0.0,0.0,0.0,0.0,0.0,0.0,0.0,0.0,0.0,0.0,0.0
54,12,0.0,1.26831552,0.0,0.0,0.0,0.0,0.0,0.0,0.0,0.0,0.0,0.0,0.0,0.0,0.0
54,13,20.626309266375447,1.25293008,21.396586375908143,0.0,190.42961874558247,0.0,0.0,0.0,0.0,1.0,0.0,0.0,0.0,0.0,20.626309266375447
54,14,0.0,1.23580944,0.0,0.0,0.0,0.0,0.0,0.0,0.0,0.0,0.0,0.0,0.0,0.0,0.0
54,15,15.763158237579583,1.2389327999999995,16.351823897904133,0.0,145.5312326913468,0.0,0.0,0.0,0.0,1.0,0.0,0.0,0.0,0.0,15.763158237579583
54,16,0.0,1.27236432,0.0,0.0,0.0,0.0,0.0,0.0,0.0,0.0,0.0,0.0,0.0,0.0,0.0
54,17,0.0,1.39521648,0.0,0.0,0.0,0.0,0.0,0.0,0.0,0.0,0.0,0.0,0.0,0.0,0.0
54,18,0.0,1.405512,0.0,0.0,0.0,0.0,0.0,0.0,0.0,0.0,0.0,0.0,0.0,0.0,0.0
54,19,14.115582511121627,1.28393232,14.642720447221606,19.284936081715706,0.0,2.0,0.0,0.0,0.0,0.0,14.115582511121627,0.0,0.0,0.0,0.0
54,20,37.0,1.2053856,38.38174273858922,47.535235684647304,0.0,5.0,0.0,0.0,0.0,0.0,37.0,0.0,0.0,0.0,0.0
54,21,51.694808248669474,1.19867616,53.625319760030585,66.0543904527826,0.0,7.0,0.0,0.0,0.0,0.0,51.694808248669474,0.0,0.0,0.0,0.0
54,22,44.294808248669455,1.0411199999999998,45.94897121231272,49.35930385569056,0.0,7.0,0.0,0.0,0.0,0.0,44.294808248669455,0.0,0.0,0.0,0.0
54,23,51.69480824866945,0.8480500799999999,53.625319760030564,47.251954796576506,0.0,7.0,0.0,0.0,0.0,0.0,51.69480824866945,0.0,0.0,0.0,0.0
55,0,51.694808248669474,0.69338592,53.625319760030585,38.95803976116,0.0,7.0,0.0,0.0,0.0,0.0,51.694808248669474,0.0,0.0,0.0,0.0
55,1,51.694808248669474,0.55607376,53.625319760030585,31.59463127421952,0.0,7.0,0.0,0.0,0.0,0.0,51.694808248669474,0.0,0.0,0.0,0.0
55,2,51.694808248669474,0.5204443200000001,53.625319760030585,29.6839911613487,0.0,8.0,0.0,0.0,0.0,0.0,51.694808248669474,0.0,0.0,0.0,0.0
55,3,45.642819155617374,0.52021296,47.347322775536696,26.197887313007627,0.0,7.0,0.0,0.0,0.0,0.0,45.642819155617374,0.0,0.0,0.0,0.0
55,4,51.694808248669474,0.57793728,53.625319760030585,32.76706952529934,0.0,7.0,0.0,0.0,0.0,0.0,51.694808248669474,0.0,0.0,0.0,0.0
55,5,50.10310700385618,0.65914464,51.974177389892304,35.97884571656214,0.0,7.0,0.0,0.0,0.0,0.0,50.10310700385618,0.0,0.0,0.0,0.0
55,6,47.532581260127515,1.00202016,49.30765690884596,51.039349708709736,0.0,7.0,0.0,0.0,0.0,0.0,47.532581260127515,0.0,0.0,0.0,0.0
55,7,49.61845970095161,1.16767392,51.47143122505355,61.80555224011794,0.0,7.0,0.0,0.0,0.0,0.0,49.61845970095161,0.0,0.0,0.0,0.0
55,8,18.34356148168773,1.1913883199999995,19.028590748638724,23.300287117768164,0.0,3.0,0.0,0.0,0.0,0.0,18.34356148168773,0.0,0.0,0.0,0.0
55,9,0.0,1.16096448,0.0,0.0,0.0,0.0,0.0,0.0,0.0,0.0,0.0,0.0,0.0,0.0,0.0
55,10,0.0,1.14187728,0.0,0.0,0.0,0.0,0.0,0.0,0.0,0.0,0.0,0.0,0.0,0.0,0.0
55,11,0.0,1.12290576,0.0,0.0,0.0,0.0,0.0,0.0,0.0,0.0,0.0,0.0,0.0,0.0,0.0
55,12,0.0,1.10902416,0.0,0.0,0.0,0.0,0.0,0.0,0.0,0.0,0.0,0.0,0.0,0.0,0.0
55,13,0.0,1.06795776,0.0,0.0,0.0,0.0,0.0,0.0,0.0,0.0,0.0,0.0,0.0,0.0,0.0
55,14,0.0,1.05893472,0.0,0.0,0.0,0.0,0.0,0.0,0.0,0.0,0.0,0.0,0.0,0.0,0.0
55,15,7.801685300782826,1.05558,8.093034544380526,0.0,72.02800744498668,0.0,0.0,0.0,0.0,1.0,0.0,0.0,0.0,0.0,7.801685300782826
55,16,0.0,1.10856144,0.0,0.0,0.0,0.0,0.0,0.0,0.0,0.0,0.0,0.0,0.0,0.0,0.0
55,17,0.0,1.12707024,0.0,0.0,0.0,0.0,0.0,0.0,0.0,0.0,0.0,0.0,0.0,0.0,0.0
55,18,0.0,1.11677472,0.0,0.0,0.0,0.0,0.0,0.0,0.0,0.0,0.0,0.0,0.0,0.0,0.0
55,19,14.8,1.02966768,15.352697095435687,16.316350273858923,0.0,2.0,0.0,0.0,0.0,0.0,14.8,0.0,0.0,0.0,0.0
55,20,51.694808248669474,0.6087081599999999,53.625319760030585,34.417167804596865,0.0,7.0,0.0,0.0,0.0,0.0,51.694808248669474,0.0,0.0,0.0,0.0
55,21,51.69480824866946,0.3918081599999999,53.625319760030564,22.785835948646223,0.0,7.0,0.0,0.0,0.0,0.0,51.69480824866946,0.0,0.0,0.0,0.0
55,22,46.16671017858423,0.34160304,47.890778193552116,17.94482017708969,0.0,7.0,0.0,0.0,0.0,0.0,46.16671017858423,0.0,0.0,0.0,0.0
55,23,45.185896608341196,0.32355696,46.8733367306444,16.71770178340797,0.0,7.0,0.0,0.0,0.0,0.0,45.185896608341196,0.0,0.0,0.0,0.0
56,0,51.694808248669474,0.29174496,53.625319760030585,17.419914852434346,0.0,7.0,0.0,0.0,0.0,0.0,51.694808248669474,0.0,0.0,0.0,0.0
56,1,51.69480824866945,0.27578112,53.625319760030564,16.563848827836374,0.0,8.0,0.0,0.0,0.0,0.0,51.69480824866945,0.0,0.0,0.0,0.0
56,2,50.66181357502948,0.26999712,52.553748521814825,15.928889822166326,0.0,7.0,0.0,0.0,0.0,0.0,50.66181357502948,0.0,0.0,0.0,0.0
56,3,46.487275411093655,0.26733648,48.22331474179842,14.488042934958028,0.0,7.0,0.0,0.0,0.0,0.0,46.48727541109366,0.0,0.0,0.0,0.0
56,4,51.694808248669474,0.26930304,53.625319760030585,16.21645971640532,0.0,8.0,0.0,0.0,0.0,0.0,51.694808248669474,0.0,0.0,0.0,0.0
56,5,51.69480824866946,0.27462432,53.625319760030585,16.501815057937975,0.0,8.0,0.0,0.0,0.0,0.0,51.69480824866946,0.0,0.0,0.0,0.0
56,6,43.97393096841632,0.28249056,45.61611096308747,14.396014003862915,0.0,9.0,0.0,0.0,0.0,0.0,43.97393096841632,0.0,0.0,0.0,0.0
56,7,51.694808248669474,0.3239039999999999,53.625319760030585,19.144453655609954,0.0,7.0,0.0,0.0,0.0,0.0,51.694808248669474,0.0,0.0,0.0,0.0
56,8,48.246734043174335,0.38047152,50.0484792978987,20.6986256569205,0.0,7.0,0.0,0.0,0.0,0.0,48.246734043174335,0.0,0.0,0.0,0.0
56,9,21.087331476885588,0.393312,21.87482518349127,9.327687956142881,0.0,4.0,0.0,0.0,0.0,0.0,21.087331476885588,0.0,0.0,0.0,0.0
56,10,7.4,0.38220672,7.6763485477178435,3.1880391369294614,0.0,1.0,0.0,0.0,0.0,0.0,7.4,0.0,0.0,0.0,0.0
56,11,5.281114287873516,0.38093424,5.478334323520245,0.0,48.75717547933018,0.0,0.0,0.0,0.0,1.0,0.0,0.0,0.0,0.0,5.281114287873516
56,12,0.5857504768077564,0.3582609599999999,0.6076249759416561,0.0,5.407862285880739,0.0,0.0,0.0,0.0,1.0,0.0,0.0,0.0,0.0,0.5857504768077564
56,13,23.573927077408268,0.35132016,24.454281200630987,0.0,217.6431026856158,0.0,0.0,0.0,0.0,3.0,0.0,0.0,0.0,0.0,23.573927077408268
56,14,27.042775594106185,0.34102464,28.05267177811845,0.0,249.6687788252542,0.0,0.0,0.0,0.0,2.0,0.0,0.0,0.0,0.0,27.042775594106185
56,15,16.90689409619928,0.33917376,17.53827188402415,0.0,156.09061976781496,0.0,0.0,0.0,0.0,2.0,0.0,0.0,0.0,0.0,16.90689409619928
56,16,65.8657350851968,0.35606304,68.3254513331917,0.0,608.0965168654062,0.0,0.0,0.0,0.0,7.0,0.0,0.0,0.0,0.0,65.8657350851968
56,17,29.170187278972918,0.41691072,30.259530372378546,0.0,269.3098203141691,0.0,0.0,0.0,0.0,4.0,0.0,0.0,0.0,0.0,29.170187278972918
56,18,43.47506522466754,0.7049539199999999,45.098615378285835,0.0,401.37767686674397,0.0,0.0,0.0,0.0,4.0,0.0,0.0,0.0,0.0,43.47506522466754
56,19,51.694808248669474,0.4167950399999999,53.625319760030585,24.125765378451742,0.0,7.0,0.0,0.0,0.0,0.0,51.694808248669474,0.0,0.0,0.0,0.0
56,20,61.14897604691935,0.3632352,63.43254776651385,21.25360183215567,87.2843292577011,8.0,0.0,0.0,0.0,1.0,51.69480824866948,0.0,0.0,0.0,9.454167798249872
56,21,51.69480824866946,0.34657728,53.625319760030564,20.360315545618658,0.0,7.0,0.0,0.0,0.0,0.0,51.69480824866946,0.0,0.0,0.0,0.0
56,22,51.69480824866948,0.3405619199999999,53.625319760030585,20.037739942146963,0.0,9.0,0.0,0.0,0.0,0.0,51.69480824866948,0.0,0.0,0.0,0.0
56,23,51.69480824866948,0.3395208,53.625319760030585,19.981909549238406,0.0,9.0,0.0,0.0,0.0,0.0,51.69480824866948,0.0,0.0,0.0,0.0
57,0,51.694808248669474,0.37399344,53.625319760030585,21.830515892210826,0.0,8.0,0.0,0.0,0.0,0.0,51.694808248669474,0.0,0.0,0.0,0.0
57,1,51.69480824866948,0.38787504,53.625319760030585,22.57492113099167,0.0,8.0,0.0,0.0,0.0,0.0,51.69480824866948,0.0,0.0,0.0,0.0
57,2,51.694808248669474,0.4058054399999999,53.625319760030585,23.53644456441691,0.0,8.0,0.0,0.0,0.0,0.0,51.694808248669474,0.0,0.0,0.0,0.0
57,3,51.69480824866945,0.4105483199999999,53.62531976003057,23.79078302100036,0.0,9.0,0.0,0.0,0.0,0.0,51.69480824866945,0.0,0.0,0.0,0.0
57,4,51.69480824866946,0.4162166399999999,53.625319760030564,24.09474849350254,0.0,8.0,0.0,0.0,0.0,0.0,51.69480824866946,0.0,0.0,0.0,0.0
57,5,51.69480824866945,0.46341408,53.625319760030564,26.6257263053574,0.0,7.0,0.0,0.0,0.0,0.0,51.69480824866945,0.0,0.0,0.0,0.0
57,6,51.694808248669474,0.57701184,53.625319760030585,32.717442509380625,0.0,7.0,0.0,0.0,0.0,0.0,51.694808248669474,0.0,0.0,0.0,0.0
57,7,51.69480824866946,0.71062224,53.625319760030564,39.882342932646196,0.0,8.0,0.0,0.0,0.0,0.0,51.69480824866946,0.0,0.0,0.0,0.0
57,8,51.69480824866946,1.15610592,53.62531976003057,63.771547720521326,0.0,7.0,0.0,0.0,0.0,0.0,51.69480824866946,0.0,0.0,0.0,0.0
57,9,29.6,1.07432016,30.705394190871374,34.003772547717844,0.0,4.0,0.0,0.0,0.0,0.0,29.6,0.0,0.0,0.0,0.0
57,10,0.34844883331920556,1.12602912,0.361461445351873,0.0,3.21700686363167,0.0,0.0,0.0,0.0,1.0,0.0,0.0,0.0,0.0,0.34844883331920556
57,11,12.1608151423546,1.0751299200000002,12.614953467172823,0.0,112.27308585783813,0.0,0.0,0.0,0.0,1.0,0.0,0.0,0.0,0.0,12.1608151423546
57,12,3.7570476431126365,0.97680192,3.8973523268803287,0.0,34.68643570923493,0.0,0.0,0.0,0.0,1.0,0.0,0.0,0.0,0.0,3.7570476431126365
57,13,10.893589911398061,0.63624,11.30040447240463,0.0,100.5735998044012,0.0,0.0,0.0,0.0,2.0,0.0,0.0,0.0,0.0,10.893589911398061
57,14,15.213629107394468,0.63149712,15.781772932981813,0.0,140.45777910353814,0.0,0.0,0.0,0.0,3.0,0.0,0.0,0.0,0.0,15.213629107394468
57,15,8.353421433472752,0.98374272,8.665374930988333,0.0,77.12183688579617,0.0,0.0,0.0,0.0,1.0,0.0,0.0,0.0,0.0,8.353421433472752
57,16,0.0,1.14430656,0.0,0.0,0.0,0.0,0.0,0.0,0.0,0.0,0.0,0.0,0.0,0.0,0.0
57,17,6.915569051485024,1.31921472,7.173826816893179,0.0,63.8470586703493,0.0,0.0,0.0,0.0,3.0,0.0,0.0,0.0,0.0,6.915569051485024
57,18,8.086928735973796,1.6087617600000002,8.388930224039207,12.603503136929463,6.341976919260139,1.0,0.0,0.0,0.0,1.0,7.4,0.0,0.0,0.0,0.6869287359737948
57,19,7.4,1.37555088,7.6763485477178435,10.813295136929462,0.0,1.0,0.0,0.0,0.0,0.0,7.4,0.0,0.0,0.0,0.0
57,20,51.69480824866945,1.3163227199999998,53.625319760030585,72.36322485145021,0.0,7.0,0.0,0.0,0.0,0.0,51.69480824866945,0.0,0.0,0.0,0.0
57,21,52.84107982493157,1.27271136,54.814398158642724,67.86847126237649,25.277964841878784,8.0,0.0,0.0,0.0,1.0,50.10310700385617,0.0,0.0,0.0,2.7379728210754095
57,22,50.24162528881755,1.1136513599999998,52.117868556864686,59.766236647885805,0.0,7.0,0.0,0.0,0.0,0.0,50.24162528881755,0.0,0.0,0.0,0.0
57,23,51.69480824866946,0.73988928,53.625319760030564,41.4517973110758,0.0,9.0,0.0,0.0,0.0,0.0,51.69480824866946,0.0,0.0,0.0,0.0
58,0,44.69753022549048,0.7626782400000001,46.36673259905652,36.897636862227834,0.0,8.0,0.0,0.0,0.0,0.0,44.69753022549048,0.0,0.0,0.0,0.0
58,1,45.42720132695543,0.7671897599999998,47.12365282879194,37.71257681267721,0.0,8.0,0.0,0.0,0.0,0.0,45.42720132695543,0.0,0.0,0.0,0.0
58,2,51.69480824866945,0.7520356800000001,53.625319760030585,42.103151895009056,0.0,7.0,0.0,0.0,0.0,0.0,51.69480824866945,0.0,0.0,0.0,0.0
58,3,51.69480824866946,0.8409936,53.625319760030564,46.873548800196254,0.0,7.0,0.0,0.0,0.0,0.0,51.69480824866946,0.0,0.0,0.0,0.0
58,4,51.69480824866946,1.08415296,53.625319760030564,59.91304723284064,0.0,8.0,0.0,0.0,0.0,0.0,51.69480824866946,0.0,0.0,0.0,0.0
58,5,51.69480824866946,1.27086048,53.625319760030564,69.92529769444295,0.0,8.0,0.0,0.0,0.0,0.0,51.69480824866946,0.0,0.0,0.0,0.0
58,6,51.69480824866945,1.30406064,53.62531976003058,71.70566689052714,0.0,8.0,0.0,0.0,0.0,0.0,51.69480824866945,0.0,0.0,0.0,0.0
58,7,48.209524213924226,1.55277264,50.00987988996289,79.30930024717834,0.0,7.0,0.0,0.0,0.0,0.0,48.209524213924226,0.0,0.0,0.0,0.0
58,8,51.69480824866946,2.08224,53.625319760030564,113.43578390118307,0.0,7.0,0.0,0.0,0.0,0.0,51.69480824866946,0.0,0.0,0.0,0.0
58,9,37.0,1.36814736,38.38174273858922,53.78231568464731,0.0,5.0,0.0,0.0,0.0,0.0,37.0,0.0,0.0,0.0,0.0
58,10,7.4,1.3326336,7.6763485477178435,10.483847136929462,0.0,1.0,0.0,0.0,0.0,0.0,7.4,0.0,0.0,0.0,0.0
58,11,19.055436507382886,1.29550032,19.767050318861916,0.0,175.92674783787106,0.0,0.0,0.0,0.0,1.0,0.0,0.0,0.0,0.0,19.055436507382886
58,12,0.0,1.25825136,0.0,0.0,0.0,0.0,0.0,0.0,0.0,0.0,0.0,0.0,0.0,0.0,0.0
58,13,0.0,1.2071208,0.0,0.0,0.0,0.0,0.0,0.0,0.0,0.0,0.0,0.0,0.0,0.0,0.0
58,14,0.0,0.71351424,0.0,0.0,0.0,0.0,0.0,0.0,0.0,0.0,0.0,0.0,0.0,0.0,0.0
58,15,0.0,0.7391952,0.0,0.0,0.0,0.0,0.0,0.0,0.0,0.0,0.0,0.0,0.0,0.0,0.0
58,16,0.0,0.72808992,0.0,0.0,0.0,0.0,0.0,0.0,0.0,0.0,0.0,0.0,0.0,0.0,0.0
58,17,0.0,0.92451456,0.0,0.0,0.0,0.0,0.0,0.0,0.0,0.0,0.0,0.0,0.0,0.0,0.0
58,18,1.6641048054981245,1.04100432,1.726249798234569,0.0,15.363623204287665,0.0,0.0,0.0,0.0,1.0,0.0,0.0,0.0,0.0,1.6641048054981245
58,19,8.817814232763237,0.6936172799999999,9.147110199961865,6.647363044376542,0.0,2.0,0.0,0.0,0.0,0.0,8.817814232763237,0.0,0.0,0.0,0.0
58,20,48.343437432919096,0.3117576,50.148794017550934,17.294192747786976,0.0,7.0,0.0,0.0,0.0,0.0,48.343437432919096,0.0,0.0,0.0,0.0
58,21,51.69480824866945,0.30412272,53.625319760030564,18.08367619034726,0.0,7.0,0.0,0.0,0.0,0.0,51.69480824866945,0.0,0.0,0.0,0.0
58,22,42.49363716853376,0.2762438399999999,44.080536481881495,13.63604242456531,0.0,7.0,0.0,0.0,0.0,0.0,42.49363716853376,0.0,0.0,0.0,0.0
58,23,51.69480824866945,0.2672208,53.625319760030585,16.104798930588196,0.0,7.0,0.0,0.0,0.0,0.0,51.69480824866945,0.0,0.0,0.0,0.0
59,0,51.69480824866946,0.25611552,53.625319760030564,15.50927473956352,0.0,7.0,0.0,0.0,0.0,0.0,51.69480824866946,0.0,0.0,0.0,0.0
59,1,51.69480824866946,0.2602799999999999,53.625319760030564,15.732596311197764,0.0,7.0,0.0,0.0,0.0,0.0,51.69480824866946,0.0,0.0,0.0,0.0
59,2,51.69480824866946,0.26687376,53.625319760030585,16.086188799618675,0.0,7.0,0.0,0.0,0.0,0.0,51.69480824866946,0.0,0.0,0.0,0.0
59,3,47.40566921596357,0.27150096,49.1760054107506,14.979058457079827,0.0,8.0,0.0,0.0,0.0,0.0,47.40566921596357,0.0,0.0,0.0,0.0
59,4,51.69480824866945,0.30574224,53.625319760030564,18.17052346820502,0.0,7.0,0.0,0.0,0.0,0.0,51.69480824866945,0.0,0.0,0.0,0.0
59,5,46.329110037886004,0.32934096,48.05924277789005,17.41863808929154,0.0,7.0,0.0,0.0,0.0,0.0,46.329110037886004,0.0,0.0,0.0,0.0
59,6,49.39058014888889,0.3377855999999999,51.235041648224986,19.002339162726912,0.0,8.0,0.0,0.0,0.0,0.0,49.39058014888889,0.0,0.0,0.0,0.0
59,7,51.69480824866945,1.34200368,53.625319760030564,73.74037454319475,0.0,7.0,0.0,0.0,0.0,0.0,51.69480824866945,0.0,0.0,0.0,0.0
59,8,50.32447066717552,1.36028112,52.2038077460327,72.73980010543173,0.0,7.0,0.0,0.0,0.0,0.0,50.32447066717552,0.0,0.0,0.0,0.0
59,9,19.42931629448404,0.7877807999999998,20.15489242166394,12.602734273858921,42.73953840343147,2.0,0.0,0.0,0.0,1.0,14.8,0.0,0.0,0.0,4.6293162944840365
59,10,8.102219596219156,0.66782064,8.404792112260536,5.380511136929461,6.483147724429959,1.0,0.0,0.0,0.0,1.0,7.4,0.0,0.0,0.0,0.702219596219155
59,11,0.0,0.5807136,0.0,0.0,0.0,0.0,0.0,0.0,0.0,0.0,0.0,0.0,0.0,0.0,0.0
59,12,4.121924538801083,0.41575392,4.275855330706518,0.0,38.05511244328801,0.0,0.0,0.0,0.0,1.0,0.0,0.0,0.0,0.0,4.121924538801083
59,13,0.0,0.34403232,0.0,0.0,0.0,0.0,0.0,0.0,0.0,0.0,0.0,0.0,0.0,0.0,0.0
59,14,0.0,0.335472,0.0,0.0,0.0,0.0,0.0,0.0,0.0,0.0,0.0,0.0,0.0,0.0,0.0
59,15,4.0113942382222385,0.4595966399999999,4.16119734255419,0.0,37.03465634873229,0.0,0.0,0.0,0.0,1.0,0.0,0.0,0.0,0.0,4.0113942382222385
59,16,0.0,0.57458256,0.0,0.0,0.0,0.0,0.0,0.0,0.0,0.0,0.0,0.0,0.0,0.0,0.0
59,17,0.0,0.92463024,0.0,0.0,0.0,0.0,0.0,0.0,0.0,0.0,0.0,0.0,0.0,0.0,0.0
59,18,3.059578928128192,0.92544,3.173837062373644,0.0,28.247149855125432,0.0,0.0,0.0,0.0,1.0,0.0,0.0,0.0,0.0,3.059578928128192
59,19,7.4,0.68933712,7.6763485477178435,5.545679136929461,0.0,1.0,0.0,0.0,0.0,0.0,7.4,0.0,0.0,0.0,0.0
59,20,37.0,0.33581904,38.38174273858922,14.159755684647306,0.0,5.0,0.0,0.0,0.0,0.0,37.0,0.0,0.0,0.0,0.0
59,21,31.84046116355986,0.33188592,33.02952402858907,12.05531121473669,0.0,5.0,0.0,0.0,0.0,0.0,31.84046116355986,0.0,0.0,0.0,0.0
59,22,47.419349459262115,0.31939248,49.190196534504274,17.339174368134817,0.0,7.0,0.0,0.0,0.0,0.0,47.419349459262115,0.0,0.0,0.0,0.0
59,23,51.694808248669474,0.29000976,53.625319760030585,17.32686419758674,0.0,7.0,0.0,0.0,0.0,0.0,51.694808248669474,0.0,0.0,0.0,0.0
60,0,50.12573319865846,0.31129488,51.99764854632621,17.90772393139419,0.0,7.0,0.0,0.0,0.0,0.0,50.12573319865846,0.0,0.0,0.0,0.0
60,1,51.55318416576575,0.29463696,53.47840681096033,17.526850473867437,0.0,7.0,0.0,0.0,0.0,0.0,51.55318416576575,0.0,0.0,0.0,0.0
60,2,51.69480824866945,0.29544672,53.625319760030564,17.618422916109232,0.0,7.0,0.0,0.0,0.0,0.0,51.69480824866945,0.0,0.0,0.0,0.0
60,3,51.69480824866945,0.30088368,53.625319760030564,17.909981634631727,0.0,7.0,0.0,0.0,0.0,0.0,51.69480824866945,0.0,0.0,0.0,0.0
60,4,51.69480824866945,0.32436672,53.625319760030564,19.169267163569316,0.0,7.0,0.0,0.0,0.0,0.0,51.69480824866945,0.0,0.0,0.0,0.0
60,5,45.95731638626333,0.41667936,47.6735647160408,21.442585426899413,0.0,7.0,0.0,0.0,0.0,0.0,45.95731638626333,0.0,0.0,0.0,0.0
60,6,51.69480824866946,1.2531614400000002,53.625319760030564,68.97618101499737,0.0,7.0,0.0,0.0,0.0,0.0,51.69480824866946,0.0,0.0,0.0,0.0
60,7,49.63478490405641,1.73589408,51.48836608304608,91.0826147897813,0.0,7.0,0.0,0.0,0.0,0.0,49.63478490405641,0.0,0.0,0.0,0.0
60,8,37.0,2.08304976,38.38174273858922,81.22151568464733,0.0,5.0,0.0,0.0,0.0,0.0,37.0,0.0,0.0,0.0,0.0
60,9,22.200000000000003,1.654224,23.02904564315353,38.85746141078838,0.0,3.0,0.0,0.0,0.0,0.0,22.200000000000003,0.0,0.0,0.0,0.0
60,10,0.0,1.36363584,0.0,0.0,0.0,0.0,0.0,0.0,0.0,0.0,0.0,0.0,0.0,0.0,0.0
60,11,0.0,1.33078272,0.0,0.0,0.0,0.0,0.0,0.0,0.0,0.0,0.0,0.0,0.0,0.0,0.0
60,12,0.0,1.2979296,0.0,0.0,0.0,0.0,0.0,0.0,0.0,0.0,0.0,0.0,0.0,0.0,0.0
60,13,0.0,1.28185008,0.0,0.0,0.0,0.0,0.0,0.0,0.0,0.0,0.0,0.0,0.0,0.0,0.0
60,14,0.0,1.29341808,0.0,0.0,0.0,0.0,0.0,0.0,0.0,0.0,0.0,0.0,0.0,0.0,0.0
60,15,0.0,1.3202558399999995,0.0,0.0,0.0,0.0,0.0,0.0,0.0,0.0,0.0,0.0,0.0,0.0,0.0
60,16,0.0,1.33332768,0.0,0.0,0.0,0.0,0.0,0.0,0.0,0.0,0.0,0.0,0.0,0.0,0.0
60,17,0.0,1.3557696,0.0,0.0,0.0,0.0,0.0,0.0,0.0,0.0,0.0,0.0,0.0,0.0,0.0
60,18,0.0,1.35438144,0.0,0.0,0.0,0.0,0.0,0.0,0.0,0.0,0.0,0.0,0.0,0.0,0.0
60,19,7.4,0.8224847999999999,7.6763485477178435,6.567767136929461,0.0,1.0,0.0,0.0,0.0,0.0,7.4,0.0,0.0,0.0,0.0
60,20,20.64765872079267,0.36369792,21.418733112855467,8.498908748216175,0.0,4.0,0.0,0.0,0.0,0.0,20.64765872079267,0.0,0.0,0.0,0.0
60,21,44.4,0.3136084799999999,46.05809128630706,15.968730821576761,0.0,6.0,0.0,0.0,0.0,0.0,44.4,0.0,0.0,0.0,0.0
60,22,42.59299035875859,0.26305632,44.18359995721846,13.085252367681978,0.0,6.0,0.0,0.0,0.0,0.0,42.59299035875859,0.0,0.0,0.0,0.0
60,23,38.497748219086,0.24605136,39.93542346378216,11.1480277720907,0.0,7.0,0.0,0.0,0.0,0.0,38.497748219086,0.0,0.0,0.0,0.0
61,0,43.115544117021926,0.19503648,44.72566817118457,10.203556502222087,0.0,7.0,0.0,0.0,0.0,0.0,43.115544117021926,0.0,0.0,0.0,0.0
61,1,51.69480824866946,0.14911152,53.625319760030564,9.771151023961206,0.0,7.0,0.0,0.0,0.0,0.0,51.69480824866946,0.0,0.0,0.0,0.0
61,2,47.122852286982415,0.1210012799999999,48.882626853716204,7.5328753679200355,0.0,7.0,0.0,0.0,0.0,0.0,47.12285228698242,0.0,0.0,0.0,0.0
61,3,51.694808248669474,0.1463352,53.625319760030585,9.62226997620504,0.0,7.0,0.0,0.0,0.0,0.0,51.694808248669474,0.0,0.0,0.0,0.0
61,4,51.694808248669474,0.20232432,53.625319760030585,12.624704439287763,0.0,7.0,0.0,0.0,0.0,0.0,51.694808248669474,0.0,0.0,0.0,0.0
61,5,45.672210940815674,0.2550744,47.37781217926938,13.653072598073646,0.0,7.0,0.0,0.0,0.0,0.0,45.672210940815674,0.0,0.0,0.0,0.0
61,6,45.120196229364566,0.27578112,46.80518281054416,14.45723728832563,0.0,7.0,0.0,0.0,0.0,0.0,45.120196229364566,0.0,0.0,0.0,0.0
61,7,51.69480824866945,0.4617945599999999,53.625319760030564,26.538879027499632,0.0,7.0,0.0,0.0,0.0,0.0,51.69480824866945,0.0,0.0,0.0,0.0
61,8,33.06466180367004,0.70553232,34.29944170505192,22.679996547717845,31.987022876206833,5.0,0.0,0.0,0.0,1.0,29.6,0.0,0.0,0.0,3.464661803670043
61,9,0.0,0.3816283199999999,0.0,0.0,0.0,0.0,0.0,0.0,0.0,0.0,0.0,0.0,0.0,0.0,0.0
61,10,0.0,0.29243904,0.0,0.0,0.0,0.0,0.0,0.0,0.0,0.0,0.0,0.0,0.0,0.0,0.0
61,11,0.0,0.28006128,0.0,0.0,0.0,0.0,0.0,0.0,0.0,0.0,0.0,0.0,0.0,0.0,0.0
61,12,0.0,0.27508704,0.0,0.0,0.0,0.0,0.0,0.0,0.0,0.0,0.0,0.0,0.0,0.0,0.0
61,13,0.0,0.2724264,0.0,0.0,0.0,0.0,0.0,0.0,0.0,0.0,0.0,0.0,0.0,0.0,0.0
61,14,0.0,0.26826192,0.0,0.0,0.0,0.0,0.0,0.0,0.0,0.0,0.0,0.0,0.0,0.0,0.0
61,15,0.0,0.26189952,0.0,0.0,0.0,0.0,0.0,0.0,0.0,0.0,0.0,0.0,0.0,0.0,0.0
61,16,0.0,0.26328768,0.0,0.0,0.0,0.0,0.0,0.0,0.0,0.0,0.0,0.0,0.0,0.0,0.0
61,17,0.0,0.27150096,0.0,0.0,0.0,0.0,0.0,0.0,0.0,0.0,0.0,0.0,0.0,0.0,0.0
61,18,0.0,0.27288912,0.0,0.0,0.0,0.0,0.0,0.0,0.0,0.0,0.0,0.0,0.0,0.0,0.0
61,19,7.4,0.2733518399999999,7.6763485477178435,2.3524311369294604,0.0,1.0,0.0,0.0,0.0,0.0,7.4,0.0,0.0,0.0,0.0
61,20,29.212363089704315,0.26340336,30.30328121338622,8.985024698793891,0.0,5.0,0.0,0.0,0.0,0.0,29.212363089704315,0.0,0.0,0.0,0.0
61,21,51.69480824866945,0.26976576,53.625319760030564,16.241273224364676,0.0,7.0,0.0,0.0,0.0,0.0,51.69480824866945,0.0,0.0,0.0,0.0
61,22,51.69480824866946,0.266064,53.625319760030585,16.04276516068979,0.0,7.0,0.0,0.0,0.0,0.0,51.69480824866946,0.0,0.0,0.0,0.0
61,23,49.90560311975344,0.26074272,51.769297842067886,15.212031290403358,0.0,7.0,0.0,0.0,0.0,0.0,49.90560311975344,0.0,0.0,0.0,0.0
62,0,44.29480824866946,0.24905904,45.94897121231272,12.964917606253795,0.0,7.0,0.0,0.0,0.0,0.0,44.29480824866946,0.0,0.0,0.0,0.0
62,1,50.70656487310196,0.24917472,52.600171030188754,14.847698549498642,0.0,7.0,0.0,0.0,0.0,0.0,50.70656487310196,0.0,0.0,0.0,0.0
62,2,50.20829875518672,0.254496,52.083297463886645,14.978948017423946,0.0,7.0,0.0,0.0,0.0,0.0,50.20829875518672,0.0,0.0,0.0,0.0
62,3,51.694808248669474,0.26051136,53.625319760030585,15.745003065177453,0.0,7.0,0.0,0.0,0.0,0.0,51.694808248669474,0.0,0.0,0.0,0.0
62,4,51.694808248669474,0.27173232,53.625319760030585,16.346730633191967,0.0,7.0,0.0,0.0,0.0,0.0,51.694808248669474,0.0,0.0,0.0,0.0
62,5,44.74552855439157,0.30273456,46.41652339667176,15.588272711650967,0.0,7.0,0.0,0.0,0.0,0.0,44.74552855439157,0.0,0.0,0.0,0.0
62,6,49.59311435873194,0.73954224,51.44513937627794,39.748687724799595,0.0,7.0,0.0,0.0,0.0,0.0,49.59311435873194,0.0,0.0,0.0,0.0
62,7,40.81895236408201,1.3392273600000002,42.34331158099794,58.10888499560832,0.0,7.0,0.0,0.0,0.0,0.0,40.81895236408201,0.0,0.0,0.0,0.0
62,8,47.19321316408574,1.35264624,48.95561531544165,67.84005985025968,0.0,7.0,0.0,0.0,0.0,0.0,47.19321316408574,0.0,0.0,0.0,0.0
62,9,0.0,1.3416566399999998,0.0,0.0,0.0,0.0,0.0,0.0,0.0,0.0,0.0,0.0,0.0,0.0,0.0
62,10,0.0,1.32314784,0.0,0.0,0.0,0.0,0.0,0.0,0.0,0.0,0.0,0.0,0.0,0.0,0.0
62,11,0.0,1.26183744,0.0,0.0,0.0,0.0,0.0,0.0,0.0,0.0,0.0,0.0,0.0,0.0,0.0
62,12,0.0,0.659376,0.0,0.0,0.0,0.0,0.0,0.0,0.0,0.0,0.0,0.0,0.0,0.0,0.0
62,13,0.0,0.31314576,0.0,0.0,0.0,0.0,0.0,0.0,0.0,0.0,0.0,0.0,0.0,0.0,0.0
62,14,0.9576949708422344,0.29290176,0.99345951332182,0.0,8.841789668564198,0.0,0.0,0.0,0.0,1.0,0.0,0.0,0.0,0.0,0.9576949708422344
62,15,0.0,0.28422576,0.0,0.0,0.0,0.0,0.0,0.0,0.0,0.0,0.0,0.0,0.0,0.0,0.0
62,16,0.0,0.27728496,0.0,0.0,0.0,0.0,0.0,0.0,0.0,0.0,0.0,0.0,0.0,0.0,0.0
62,17,0.0,0.286308,0.0,0.0,0.0,0.0,0.0,0.0,0.0,0.0,0.0,0.0,0.0,0.0,0.0
62,18,0.0,0.29463696,0.0,0.0,0.0,0.0,0.0,0.0,0.0,0.0,0.0,0.0,0.0,0.0,0.0
62,19,7.4,0.4619102399999999,7.6763485477178435,3.7998711369294607,0.0,1.0,0.0,0.0,0.0,0.0,7.4,0.0,0.0,0.0,0.0
62,20,40.10686630568707,0.28075536,41.60463309718576,13.057837098385153,0.0,7.0,0.0,0.0,0.0,0.0,40.10686630568707,0.0,0.0,0.0,0.0
62,21,51.694808248669474,0.26803056,53.625319760030585,16.148222569517074,0.0,8.0,0.0,0.0,0.0,0.0,51.694808248669474,0.0,0.0,0.0,0.0
62,22,48.933448459075045,0.25877616,50.7608386504928,14.81587866368542,0.0,8.0,0.0,0.0,0.0,0.0,48.933448459075045,0.0,0.0,0.0,0.0
62,23,46.38006812226825,0.24940608,48.11210386127413,13.591961862401417,0.0,10.0,0.0,0.0,0.0,0.0,46.38006812226825,0.0,0.0,0.0,0.0
63,0,51.69480824866945,0.28700208,53.625319760030585,17.165576395850895,0.0,7.0,0.0,0.0,0.0,0.0,51.69480824866945,0.0,0.0,0.0,0.0
63,1,51.69480824866945,0.28584528,53.62531976003057,17.103542625952482,0.0,8.0,0.0,0.0,0.0,0.0,51.69480824866945,0.0,0.0,0.0,0.0
63,2,51.694808248669474,0.27959856,53.625319760030585,16.768560268501112,0.0,7.0,0.0,0.0,0.0,0.0,51.694808248669474,0.0,0.0,0.0,0.0
63,3,48.55906963921805,0.28619232,50.37247887885691,16.08354564538122,0.0,8.0,0.0,0.0,0.0,0.0,48.55906963921805,0.0,0.0,0.0,0.0
63,4,50.33324431476382,0.29567808,52.212909040211436,17.166459985455358,0.0,8.0,0.0,0.0,0.0,0.0,50.33324431476382,0.0,0.0,0.0,0.0
63,5,51.268451423162446,0.31973952,53.183040895396736,18.765078621672153,0.0,7.0,0.0,0.0,0.0,0.0,51.268451423162446,0.0,0.0,0.0,0.0
63,6,51.694808248669474,0.3435696,53.625319760030585,20.199027743882816,0.0,8.0,0.0,0.0,0.0,0.0,51.694808248669474,0.0,0.0,0.0,0.0
63,7,44.22679035649876,0.4673471999999999,45.878413232882544,22.95972344283901,0.0,7.0,0.0,0.0,0.0,0.0,44.22679035649876,0.0,0.0,0.0,0.0
63,8,51.694808248669474,0.6940799999999999,53.625319760030585,38.995260023099036,0.0,7.0,0.0,0.0,0.0,0.0,51.694808248669474,0.0,0.0,0.0,0.0
63,9,7.4,0.85533792,7.6763485477178435,6.819959136929461,0.0,1.0,0.0,0.0,0.0,0.0,7.4,0.0,0.0,0.0,0.0
63,10,2.3821812281076173,0.85533792,2.471142352808732,0.0,21.993166939997714,0.0,0.0,0.0,0.0,1.0,0.0,0.0,0.0,0.0,2.3821812281076173
63,11,21.329219005153334,0.52067568,22.12574585596819,0.0,196.9191381181169,0.0,0.0,0.0,0.0,2.0,0.0,0.0,0.0,0.0,21.329219005153334
63,12,18.269700624516027,0.47336256,18.95197160219505,0.0,168.67254725953595,0.0,0.0,0.0,0.0,2.0,0.0,0.0,0.0,0.0,18.269700624516027
63,13,15.100872250181721,0.4696608,15.664805238777722,0.0,139.41676662512174,0.0,0.0,0.0,0.0,2.0,0.0,0.0,0.0,0.0,15.100872250181721
63,14,10.86097876827776,0.5189404799999999,11.266575485765312,0.0,100.27252182331128,0.0,0.0,0.0,0.0,2.0,0.0,0.0,0.0,0.0,10.86097876827776
63,15,16.370008191456563,1.00711008,16.981336298191458,0.0,151.133893053904,0.0,0.0,0.0,0.0,1.0,0.0,0.0,0.0,0.0,16.370008191456563
63,16,6.484360869802889,1.19832912,6.726515425106732,0.0,59.86598728344992,0.0,0.0,0.0,0.0,1.0,0.0,0.0,0.0,0.0,6.484360869802889
63,17,0.0,1.2889065599999998,0.0,0.0,0.0,0.0,0.0,0.0,0.0,0.0,0.0,0.0,0.0,0.0,0.0
63,18,32.647386523185325,1.31713248,33.86658353027524,10.36485513692946,233.09309134476084,1.0,0.0,0.0,0.0,2.0,7.4,0.0,0.0,0.0,25.247386523185327
63,19,40.266374596037544,1.31424048,41.770098128669666,51.713275684647314,30.15636297171595,5.0,0.0,0.0,0.0,1.0,37.0,0.0,0.0,0.0,3.2663745960375477
63,20,51.69480824866946,1.29642576,53.625319760030564,71.29624400919765,0.0,7.0,0.0,0.0,0.0,0.0,51.69480824866946,0.0,0.0,0.0,0.0
63,21,51.69480824866946,1.2801148800000002,53.625319760030564,70.42156785363017,0.0,7.0,0.0,0.0,0.0,0.0,51.69480824866946,0.0,0.0,0.0,0.0
63,22,51.694808248669474,1.24853424,53.625319760030585,68.72804593540377,0.0,7.0,0.0,0.0,0.0,0.0,51.694808248669474,0.0,0.0,0.0,0.0
63,23,51.69480824866945,1.22401008,53.625319760030585,67.41293001355763,0.0,8.0,0.0,0.0,0.0,0.0,51.69480824866945,0.0,0.0,0.0,0.0
64,0,51.694808248669474,1.21313616,53.625319760030585,66.82981257651262,0.0,9.0,0.0,0.0,0.0,0.0,51.694808248669474,0.0,0.0,0.0,0.0
64,1,51.69480824866946,1.1924294400000002,53.62531976003057,65.7194080953312,0.0,8.0,0.0,0.0,0.0,0.0,51.69480824866946,0.0,0.0,0.0,0.0
64,2,51.694808248669474,1.1810927999999998,53.625319760030585,65.11147715032686,0.0,7.0,0.0,0.0,0.0,0.0,51.694808248669474,0.0,0.0,0.0,0.0
64,3,51.69480824866945,1.20295632,53.625319760030564,66.28391540140666,0.0,11.0,0.0,0.0,0.0,0.0,51.69480824866946,0.0,0.0,0.0,0.0
64,4,51.69480824866946,1.17102864,53.62531976003057,64.57178335221073,0.0,8.0,0.0,0.0,0.0,0.0,51.69480824866946,0.0,0.0,0.0,0.0
64,5,51.694808248669474,1.18132416,53.62531976003059,65.12388390430654,0.0,8.0,0.0,0.0,0.0,0.0,51.694808248669474,0.0,0.0,0.0,0.0
64,6,51.694808248669474,1.1736892799999998,53.625319760030585,64.71446102297708,0.0,10.0,0.0,0.0,0.0,0.0,51.694808248669474,0.0,0.0,0.0,0.0
64,7,51.69480824866946,1.22366304,53.625319760030564,67.39431988258808,0.0,7.0,0.0,0.0,0.0,0.0,51.69480824866946,0.0,0.0,0.0,0.0
64,8,51.69480824866946,1.2461049599999998,53.625319760030564,68.59777501861709,0.0,8.0,0.0,0.0,0.0,0.0,51.69480824866946,0.0,0.0,0.0,0.0
64,9,37.0,1.24622064,38.38174273858922,49.10255568464731,0.0,5.0,0.0,0.0,0.0,0.0,37.0,0.0,0.0,0.0,0.0
64,10,18.86599937725967,1.21672224,19.570538773090945,19.188142273858922,37.538790931131814,2.0,0.0,0.0,0.0,1.0,14.8,0.0,0.0,0.0,4.06599937725967
64,11,67.89026690145039,1.2354623999999998,70.42558807204398,0.0,626.7877338411915,0.0,0.0,0.0,0.0,3.0,0.0,0.0,0.0,0.0,67.89026690145039
64,12,67.39203889397972,1.23580944,69.90875403939805,0.0,622.1879109506427,0.0,0.0,0.0,0.0,4.0,0.0,0.0,0.0,0.0,67.39203889397972
64,13,0.0,1.21625952,0.0,0.0,0.0,0.0,0.0,0.0,0.0,0.0,0.0,0.0,0.0,0.0,0.0
64,14,14.919982667243474,1.2354623999999998,15.477160443198626,0.0,137.74672794446775,0.0,0.0,0.0,0.0,3.0,0.0,0.0,0.0,0.0,14.919982667243474
64,15,36.953348541954966,1.27930512,38.3333491099118,0.0,341.166807078215,0.0,0.0,0.0,0.0,4.0,0.0,0.0,0.0,0.0,36.953348541954966
64,16,8.00320535033427,1.3344844799999998,8.302080238935964,0.0,73.88851412653008,0.0,0.0,0.0,0.0,1.0,0.0,0.0,0.0,0.0,8.00320535033427
64,17,0.0,1.6789795200000002,0.0,0.0,0.0,0.0,0.0,0.0,0.0,0.0,0.0,0.0,0.0,0.0,0.0
64,18,0.0,1.92572496,0.0,0.0,0.0,0.0,0.0,0.0,0.0,0.0,0.0,0.0,0.0,0.0,0.0
64,19,25.21546139202848,1.96817952,26.157117626585563,46.08755741078839,27.839840652545096,3.0,0.0,0.0,0.0,1.0,22.200000000000003,0.0,0.0,0.0,3.0154613920284796
64,20,29.6,1.70824656,30.705394190871374,53.46873254771785,0.0,4.0,0.0,0.0,0.0,0.0,29.6,0.0,0.0,0.0,0.0
64,21,56.81363391530697,1.67724432,58.9353048913973,91.71776105975206,47.25886766916377,8.0,0.0,0.0,0.0,1.0,51.69480824866945,0.0,0.0,0.0,5.118825666637513
64,22,51.694808248669474,1.58446896,53.625319760030585,86.74265271390011,0.0,8.0,0.0,0.0,0.0,0.0,51.694808248669474,0.0,0.0,0.0,0.0
64,23,51.69480824866945,1.36178496,53.625319760030585,74.80115200845746,0.0,7.0,0.0,0.0,0.0,0.0,51.69480824866945,0.0,0.0,0.0,0.0
65,0,51.69480824866949,1.5107807999999998,53.62531976003059,82.79110157137181,0.0,9.0,0.0,0.0,0.0,0.0,51.69480824866949,0.0,0.0,0.0,0.0
65,1,50.861808492044,1.37103936,52.76121212867635,74.08409463118383,0.0,9.0,0.0,0.0,0.0,0.0,50.861808492044,0.0,0.0,0.0,0.0
65,2,51.694808248669474,1.35125808,53.625319760030585,74.23664470238201,0.0,7.0,0.0,0.0,0.0,0.0,51.694808248669474,0.0,0.0,0.0,0.0
65,3,51.69480824866949,1.3603968,53.625319760030585,74.72671148457938,0.0,8.0,0.0,0.0,0.0,0.0,51.69480824866949,0.0,0.0,0.0,0.0
65,4,51.69480824866945,1.41603888,53.625319760030585,77.71053581669258,0.0,7.0,0.0,0.0,0.0,0.0,51.69480824866945,0.0,0.0,0.0,0.0
65,5,51.69480824866947,1.58990592,53.625319760030585,87.0342114324226,0.0,9.0,0.0,0.0,0.0,0.0,51.69480824866947,0.0,0.0,0.0,0.0
65,6,51.69480824866946,1.8485664,53.625319760030585,100.9049623817056,0.0,7.0,0.0,0.0,0.0,0.0,51.69480824866946,0.0,0.0,0.0,0.0
65,7,51.69480824866946,2.14008,53.625319760030564,116.53747239610324,0.0,7.0,0.0,0.0,0.0,0.0,51.69480824866946,0.0,0.0,0.0,0.0
65,8,51.69480824866946,2.51129712,53.62531976003059,136.44410915650093,0.0,8.0,0.0,0.0,0.0,0.0,51.69480824866946,0.0,0.0,0.0,0.0
65,9,25.90392856249978,2.1978043200000004,26.871295189315127,34.250398273858934,102.51552303552701,2.0,0.0,0.0,0.0,1.0,14.8,0.0,0.0,0.0,11.103928562499778
65,10,2.2696441734059247,1.96956768,2.3544026695082207,0.0,20.954183758623167,0.0,0.0,0.0,0.0,1.0,0.0,0.0,0.0,0.0,2.2696441734059247
65,11,0.0,1.86059712,0.0,0.0,0.0,0.0,0.0,0.0,0.0,0.0,0.0,0.0,0.0,0.0,0.0
65,12,0.0,1.7342745599999998,0.0,0.0,0.0,0.0,0.0,0.0,0.0,0.0,0.0,0.0,0.0,0.0,0.0
65,13,0.0,1.6767815999999998,0.0,0.0,0.0,0.0,0.0,0.0,0.0,0.0,0.0,0.0,0.0,0.0,0.0
65,14,0.0,1.6692624,0.0,0.0,0.0,0.0,0.0,0.0,0.0,0.0,0.0,0.0,0.0,0.0,0.0
65,15,0.0,1.68638304,0.0,0.0,0.0,0.0,0.0,0.0,0.0,0.0,0.0,0.0,0.0,0.0,0.0
65,16,14.955042427885996,1.758336,15.513529489508295,0.0,138.07041245662384,0.0,0.0,0.0,0.0,1.0,0.0,0.0,0.0,0.0,14.955042427885996
65,17,0.0,1.87436304,0.0,0.0,0.0,0.0,0.0,0.0,0.0,0.0,0.0,0.0,0.0,0.0,0.0
65,18,0.0,2.13857616,0.0,0.0,0.0,0.0,0.0,0.0,0.0,0.0,0.0,0.0,0.0,0.0,0.0
65,19,7.4,2.04533808,7.6763485477178435,15.954815136929465,0.0,1.0,0.0,0.0,0.0,0.0,7.4,0.0,0.0,0.0,0.0
65,20,37.0,1.73508432,38.38174273858922,67.8659956846473,0.0,5.0,0.0,0.0,0.0,0.0,37.0,0.0,0.0,0.0,0.0
65,21,51.69480824866946,1.5454848,53.625319760030564,84.65211466832389,0.0,7.0,0.0,0.0,0.0,0.0,51.69480824866946,0.0,0.0,0.0,0.0
65,22,48.61659751037339,1.3956792,50.43215509374834,72.0564142091217,0.0,9.0,0.0,0.0,0.0,0.0,48.61659751037339,0.0,0.0,0.0,0.0
65,23,51.15045280551049,1.25605344,53.06063569036358,68.40330102881899,0.0,7.0,0.0,0.0,0.0,0.0,51.15045280551049,0.0,0.0,0.0,0.0
66,0,51.69480824866946,1.1677896,53.625319760030585,64.39808879649523,0.0,7.0,0.0,0.0,0.0,0.0,51.69480824866946,0.0,0.0,0.0,0.0
66,1,51.694808248669474,1.12313712,53.625319760030585,62.00358527841686,0.0,7.0,0.0,0.0,0.0,0.0,51.694808248669474,0.0,0.0,0.0,0.0
66,2,51.69480824866946,1.07478288,53.625319760030564,59.410573696663576,0.0,8.0,0.0,0.0,0.0,0.0,51.69480824866946,0.0,0.0,0.0,0.0
66,3,51.69480824866946,0.97090224,53.625319760030585,53.83994115978696,0.0,8.0,0.0,0.0,0.0,0.0,51.69480824866946,0.0,0.0,0.0,0.0
66,4,51.694808248669474,0.9306456,53.625319760030585,51.681165967322535,0.0,7.0,0.0,0.0,0.0,0.0,51.694808248669474,0.0,0.0,0.0,0.0
66,5,51.69480824866946,1.01428224,53.625319760030564,56.166207530977076,0.0,7.0,0.0,0.0,0.0,0.0,51.69480824866946,0.0,0.0,0.0,0.0
66,6,48.376744739333624,1.14187728,50.183345165283846,58.96429040360636,0.0,8.0,0.0,0.0,0.0,0.0,48.376744739333624,0.0,0.0,0.0,0.0
66,7,51.694808248669474,1.1862984,53.625319760030585,65.39062911486968,0.0,7.0,0.0,0.0,0.0,0.0,51.694808248669474,0.0,0.0,0.0,0.0
66,8,48.73737108073207,1.22146512,50.55743888042747,63.42759937591613,0.0,8.0,0.0,0.0,0.0,0.0,48.73737108073207,0.0,0.0,0.0,0.0
66,9,29.198813087544018,1.1388696,30.289225194547736,35.49805113556403,0.0,4.0,0.0,0.0,0.0,0.0,29.198813087544018,0.0,0.0,0.0,0.0
66,10,0.0,1.1255664,0.0,0.0,0.0,0.0,0.0,0.0,0.0,0.0,0.0,0.0,0.0,0.0,0.0
66,11,0.0,1.1209392,0.0,0.0,0.0,0.0,0.0,0.0,0.0,0.0,0.0,0.0,0.0,0.0,0.0
66,12,0.0,1.04007888,0.0,0.0,0.0,0.0,0.0,0.0,0.0,0.0,0.0,0.0,0.0,0.0,0.0
66,13,2.7235446465649713,1.11249456,2.8252537827437463,0.0,25.144758666419342,0.0,0.0,0.0,0.0,1.0,0.0,0.0,0.0,0.0,2.7235446465649713
66,14,0.0,1.0997697599999998,0.0,0.0,0.0,0.0,0.0,0.0,0.0,0.0,0.0,0.0,0.0,0.0,0.0
66,15,0.0,1.1290368000000002,0.0,0.0,0.0,0.0,0.0,0.0,0.0,0.0,0.0,0.0,0.0,0.0,0.0
66,16,0.0,1.2331488,0.0,0.0,0.0,0.0,0.0,0.0,0.0,0.0,0.0,0.0,0.0,0.0,0.0
66,17,0.0,1.4274912,0.0,0.0,0.0,0.0,0.0,0.0,0.0,0.0,0.0,0.0,0.0,0.0,0.0
66,18,7.4,1.72930032,7.6763485477178435,13.528799136929461,0.0,1.0,0.0,0.0,0.0,0.0,7.4,0.0,0.0,0.0,0.0
66,19,29.6,1.4949326399999998,30.705394190871374,46.91884454771784,0.0,4.0,0.0,0.0,0.0,0.0,29.6,0.0,0.0,0.0,0.0
66,20,40.49240352605625,1.3112328,42.0045679730874,56.46811847605091,0.0,6.0,0.0,0.0,0.0,0.0,40.49240352605625,0.0,0.0,0.0,0.0
66,21,55.19583425355773,1.30012752,57.25708947464497,71.49475207287257,32.32275046006805,8.0,0.0,0.0,0.0,1.0,51.69480824866946,0.0,0.0,0.0,3.5010260048882698
66,22,51.69480824866945,0.78708672,53.625319760030564,43.98277512293066,0.0,7.0,0.0,0.0,0.0,0.0,51.69480824866945,0.0,0.0,0.0,0.0
66,23,51.69480824866945,0.66423456,53.625319760030564,37.394788759720214,0.0,8.0,0.0,0.0,0.0,0.0,51.69480824866945,0.0,0.0,0.0,0.0
67,0,51.694808248669474,0.85152048,53.625319760030585,47.43805610627174,0.0,7.0,0.0,0.0,0.0,0.0,51.694808248669474,0.0,0.0,0.0,0.0
67,1,47.399551591817705,0.8214436800000001,49.16965932761173,42.01762162616367,0.0,7.0,0.0,0.0,0.0,0.0,47.399551591817705,0.0,0.0,0.0,0.0
67,2,51.69480824866946,0.8105697599999998,53.625319760030564,45.242060651868236,0.0,7.0,0.0,0.0,0.0,0.0,51.69480824866946,0.0,0.0,0.0,0.0
67,3,51.694808248669474,0.96384576,53.625319760030585,53.46153516340671,0.0,7.0,0.0,0.0,0.0,0.0,51.694808248669474,0.0,0.0,0.0,0.0
67,4,48.30773273797076,1.2467990400000002,50.11175595225184,64.13798833600141,0.0,7.0,0.0,0.0,0.0,0.0,48.30773273797076,0.0,0.0,0.0,0.0
67,5,51.69480824866946,1.3253457599999998,53.625319760030585,72.84708825665776,0.0,7.0,0.0,0.0,0.0,0.0,51.69480824866946,0.0,0.0,0.0,0.0
67,6,51.69480824866948,1.5882864,53.625319760030585,86.94736415456485,0.0,8.0,0.0,0.0,0.0,0.0,51.69480824866948,0.0,0.0,0.0,0.0
67,7,51.69480824866945,1.83387504,53.625319760030585,100.11713350399587,0.0,7.0,0.0,0.0,0.0,0.0,51.69480824866945,0.0,0.0,0.0,0.0
67,8,45.472778766970535,2.0024208,47.1709323308823,96.01741391490341,0.0,7.0,0.0,0.0,0.0,0.0,45.472778766970535,0.0,0.0,0.0,0.0
67,9,22.87781303493783,1.885584,23.732171198068286,44.185461410788385,6.257817438741351,3.0,0.0,0.0,0.0,1.0,22.200000000000003,0.0,0.0,0.0,0.6778130349378271
67,10,0.0,1.7697883200000002,0.0,0.0,0.0,0.0,0.0,0.0,0.0,0.0,0.0,0.0,0.0,0.0,0.0
67,11,5.507062700658969,1.6677585599999998,5.712720643837105,0.0,50.84321373015024,0.0,0.0,0.0,0.0,1.0,0.0,0.0,0.0,0.0,5.507062700658969
67,12,0.7581243117364368,1.58678256,0.7864360080253494,0.0,6.99928047142561,0.0,0.0,0.0,0.0,1.0,0.0,0.0,0.0,0.0,0.7581243117364368
67,13,0.0,1.5628368,0.0,0.0,0.0,0.0,0.0,0.0,0.0,0.0,0.0,0.0,0.0,0.0,0.0
67,14,0.0,1.5896745599999995,0.0,0.0,0.0,0.0,0.0,0.0,0.0,0.0,0.0,0.0,0.0,0.0,0.0
67,15,7.715018053884696,1.63201344,8.00313076129118,0.0,71.2278637754915,0.0,0.0,0.0,0.0,1.0,0.0,0.0,0.0,0.0,7.715018053884696
67,16,1.1195014594654982,1.67122896,1.161308567910268,0.0,10.335646254401386,0.0,0.0,0.0,0.0,1.0,0.0,0.0,0.0,0.0,1.1195014594654982
67,17,0.0,1.77001968,0.0,0.0,0.0,0.0,0.0,0.0,0.0,0.0,0.0,0.0,0.0,0.0,0.0
67,18,0.0,1.93058352,0.0,0.0,0.0,0.0,0.0,0.0,0.0,0.0,0.0,0.0,0.0,0.0,0.0
67,19,7.4,1.96679136,7.6763485477178435,15.351863136929461,0.0,1.0,0.0,0.0,0.0,0.0,7.4,0.0,0.0,0.0,0.0
67,20,28.008298755186722,1.77881136,29.054251820733114,52.64372893028701,0.0,4.0,0.0,0.0,0.0,0.0,28.008298755186722,0.0,0.0,0.0,0.0
67,21,47.87656609999508,1.5575155199999997,49.66448765559657,78.9971048578403,0.0,7.0,0.0,0.0,0.0,0.0,47.87656609999508,0.0,0.0,0.0,0.0
67,22,46.93698455433889,1.49018976,48.68981800242624,74.16870117935954,0.0,7.0,0.0,0.0,0.0,0.0,46.93698455433889,0.0,0.0,0.0,0.0
67,23,50.9248934528112,1.33390608,52.826652959347726,72.21435578147833,0.0,8.0,0.0,0.0,0.0,0.0,50.9248934528112,0.0,0.0,0.0,0.0
68,0,51.69480824866945,1.3148188799999998,53.625319760030585,72.28258095058227,0.0,7.0,0.0,0.0,0.0,0.0,51.69480824866945,0.0,0.0,0.0,0.0
68,1,51.69480824866946,1.28855952,53.625319760030585,70.87441437388854,0.0,7.0,0.0,0.0,0.0,0.0,51.69480824866946,0.0,0.0,0.0,0.0
68,2,51.69480824866946,1.28427936,53.625319760030585,70.64488942526444,0.0,7.0,0.0,0.0,0.0,0.0,51.69480824866946,0.0,0.0,0.0,0.0
68,3,51.694808248669474,1.26530784,53.625319760030585,69.62753559893062,0.0,7.0,0.0,0.0,0.0,0.0,51.694808248669474,0.0,0.0,0.0,0.0
68,4,51.694808248669474,1.28659296,53.625319760030585,70.76895696506124,0.0,8.0,0.0,0.0,0.0,0.0,51.694808248669474,0.0,0.0,0.0,0.0
68,5,50.42865802236902,1.30741536,52.31188591532057,70.12488658005488,0.0,8.0,0.0,0.0,0.0,0.0,50.42865802236902,0.0,0.0,0.0,0.0
68,6,51.694808248669474,1.59568992,53.625319760030585,87.34438028191462,0.0,7.0,0.0,0.0,0.0,0.0,51.694808248669474,0.0,0.0,0.0,0.0
68,7,51.69480824866945,1.82878512,53.625319760030585,99.84418491644291,0.0,7.0,0.0,0.0,0.0,0.0,51.69480824866945,0.0,0.0,0.0,0.0
68,8,51.69480824866945,1.89877152,53.625319760030585,103.59722799529632,0.0,7.0,0.0,0.0,0.0,0.0,51.69480824866945,0.0,0.0,0.0,0.0
68,9,20.34639688576933,1.7888755199999995,21.106220835860306,38.4550176826514,0.0,3.0,0.0,0.0,0.0,0.0,20.34639688576933,0.0,0.0,0.0,0.0
68,10,0.47437145800349767,1.64682048,0.492086574692425,0.0,4.379570514762583,0.0,0.0,0.0,0.0,1.0,0.0,0.0,0.0,0.0,0.47437145800349767
68,11,1.4324078787136214,1.52477808,1.485900289122014,0.0,13.224512573185926,0.0,0.0,0.0,0.0,1.0,0.0,0.0,0.0,0.0,1.4324078787136214
68,12,0.0,1.411296,0.0,0.0,0.0,0.0,0.0,0.0,0.0,0.0,0.0,0.0,0.0,0.0,0.0
68,13,9.430102889627184,1.3470936,9.782264408326956,0.0,87.06215323410991,0.0,0.0,0.0,0.0,1.0,0.0,0.0,0.0,0.0,9.430102889627184
68,14,0.0,1.34408592,0.0,0.0,0.0,0.0,0.0,0.0,0.0,0.0,0.0,0.0,0.0,0.0,0.0
68,15,5.142240184033701,1.35021696,5.334274049827491,0.0,47.475039043464676,0.0,0.0,0.0,0.0,1.0,0.0,0.0,0.0,0.0,5.142240184033701
68,16,0.0,1.36918848,0.0,0.0,0.0,0.0,0.0,0.0,0.0,0.0,0.0,0.0,0.0,0.0,0.0
68,17,0.0,1.5715128,0.0,0.0,0.0,0.0,0.0,0.0,0.0,0.0,0.0,0.0,0.0,0.0,0.0
68,18,0.0,1.70304096,0.0,0.0,0.0,0.0,0.0,0.0,0.0,0.0,0.0,0.0,0.0,0.0,0.0
68,19,10.38961187668694,1.67782272,10.77760568121052,13.133639136929462,27.601188488084816,1.0,0.0,0.0,0.0,1.0,7.4,0.0,0.0,0.0,2.9896118766869395
68,20,51.694808248669474,1.5628368,53.625319760030585,85.58262121679996,0.0,7.0,0.0,0.0,0.0,0.0,51.694808248669474,0.0,0.0,0.0,0.0
68,21,51.69480824866945,1.4470411200000002,53.625319760030585,79.37304084996983,0.0,7.0,0.0,0.0,0.0,0.0,51.69480824866945,0.0,0.0,0.0,0.0
68,22,51.69480824866945,1.36282608,53.625319760030585,74.85698240136603,0.0,7.0,0.0,0.0,0.0,0.0,51.69480824866945,0.0,0.0,0.0,0.0
68,23,48.921888044994134,1.26021792,50.74884651970348,65.63439262326213,0.0,8.0,0.0,0.0,0.0,0.0,48.92188804499414,0.0,0.0,0.0,0.0
69,0,51.694808248669474,1.19023152,53.625319760030585,65.60154393252424,0.0,7.0,0.0,0.0,0.0,0.0,51.694808248669474,0.0,0.0,0.0,0.0
69,1,44.29480824866946,1.16466624,45.94897121231272,55.03612648084005,0.0,8.0,0.0,0.0,0.0,0.0,44.29480824866946,0.0,0.0,0.0,0.0
69,2,49.38415686288269,1.14592608,51.22837848846753,60.399594274014184,0.0,7.0,0.0,0.0,0.0,0.0,49.38415686288269,0.0,0.0,0.0,0.0
69,3,51.694808248669474,1.14338112,53.625319760030585,63.089176251638904,0.0,7.0,0.0,0.0,0.0,0.0,51.694808248669474,0.0,0.0,0.0,0.0
69,4,50.07008565434036,1.14627312,51.939922877946444,61.256548897123075,0.0,7.0,0.0,0.0,0.0,0.0,50.07008565434036,0.0,0.0,0.0,0.0
69,5,51.69480824866945,1.2146400000000002,53.625319760030585,66.91045647738056,0.0,7.0,0.0,0.0,0.0,0.0,51.69480824866945,0.0,0.0,0.0,0.0
69,6,51.694808248669474,1.38596208,53.625319760030585,76.09765779933412,0.0,7.0,0.0,0.0,0.0,0.0,51.694808248669474,0.0,0.0,0.0,0.0
69,7,51.69480824866945,1.58377488,53.625319760030564,86.70543245196104,0.0,7.0,0.0,0.0,0.0,0.0,51.69480824866945,0.0,0.0,0.0,0.0
69,8,46.656881342144466,1.63004688,48.39925450429924,80.49506912315124,0.0,7.0,0.0,0.0,0.0,0.0,46.656881342144466,0.0,0.0,0.0,0.0
69,9,20.785585718304464,1.58030448,21.561810911104217,34.78792232088843,0.0,4.0,0.0,0.0,0.0,0.0,20.785585718304464,0.0,0.0,0.0,0.0
69,10,0.0,1.5257035199999998,0.0,0.0,0.0,0.0,0.0,0.0,0.0,0.0,0.0,0.0,0.0,0.0,0.0
69,11,0.0,1.4471568,0.0,0.0,0.0,0.0,0.0,0.0,0.0,0.0,0.0,0.0,0.0,0.0,0.0
69,12,1.4764973476577266,1.34674656,1.5316362527569778,0.0,13.631562649537102,0.0,0.0,0.0,0.0,1.0,0.0,0.0,0.0,0.0,1.4764973476577266
69,13,0.0,1.30533312,0.0,0.0,0.0,0.0,0.0,0.0,0.0,0.0,0.0,0.0,0.0,0.0,0.0
69,14,0.0,1.32927888,0.0,0.0,0.0,0.0,0.0,0.0,0.0,0.0,0.0,0.0,0.0,0.0,0.0
69,15,0.0,1.30278816,0.0,0.0,0.0,0.0,0.0,0.0,0.0,0.0,0.0,0.0,0.0,0.0,0.0
69,16,10.935762366129726,1.2736368,11.34415183208478,0.0,100.96295130555454,0.0,0.0,0.0,0.0,1.0,0.0,0.0,0.0,0.0,10.935762366129726
69,17,0.0,1.4962051200000002,0.0,0.0,0.0,0.0,0.0,0.0,0.0,0.0,0.0,0.0,0.0,0.0,0.0
69,18,0.0,1.5672326399999994,0.0,0.0,0.0,0.0,0.0,0.0,0.0,0.0,0.0,0.0,0.0,0.0,0.0
69,19,29.6,1.54918656,30.705394190871374,48.58473254771785,0.0,4.0,0.0,0.0,0.0,0.0,29.6,0.0,0.0,0.0,0.0
69,20,49.40598119880489,1.33506288,51.251017841083915,70.11974017238873,0.0,8.0,0.0,0.0,0.0,0.0,49.40598119880489,0.0,0.0,0.0,0.0
69,21,51.69480824866946,1.2604492799999998,53.625319760030564,69.3669937653573,0.0,7.0,0.0,0.0,0.0,0.0,51.69480824866946,0.0,0.0,0.0,0.0
69,22,51.694808248669474,1.15668432,53.625319760030585,63.80256460547056,0.0,8.0,0.0,0.0,0.0,0.0,51.694808248669474,0.0,0.0,0.0,0.0
69,23,51.69480824866946,0.98894832,53.62531976003059,54.807667970202054,0.0,8.0,0.0,0.0,0.0,0.0,51.69480824866946,0.0,0.0,0.0,0.0
70,0,51.69480824866945,0.81230496,53.625319760030585,45.33511130671586,0.0,7.0,0.0,0.0,0.0,0.0,51.69480824866945,0.0,0.0,0.0,0.0
70,1,51.69480824866945,0.82260048,53.625319760030585,45.88721185881165,0.0,7.0,0.0,0.0,0.0,0.0,51.69480824866945,0.0,0.0,0.0,0.0
70,2,51.69480824866945,0.8453894399999999,53.625319760030585,47.109277125810195,0.0,7.0,0.0,0.0,0.0,0.0,51.69480824866945,0.0,0.0,0.0,0.0
70,3,51.69480824866946,0.93052992,53.625319760030564,51.674962590332676,0.0,7.0,0.0,0.0,0.0,0.0,51.69480824866946,0.0,0.0,0.0,0.0
70,4,51.69480824866945,0.99207168,53.625319760030585,54.975159148927744,0.0,8.0,0.0,0.0,0.0,0.0,51.69480824866945,0.0,0.0,0.0,0.0
70,5,51.69480824866945,1.11261024,53.625319760030585,61.43907797234138,0.0,9.0,0.0,0.0,0.0,0.0,51.69480824866945,0.0,0.0,0.0,0.0
70,6,51.69480824866947,1.20584832,53.62531976003058,66.4389998261527,0.0,8.0,0.0,0.0,0.0,0.0,51.69480824866947,0.0,0.0,0.0,0.0
70,7,51.694808248669474,1.27352112,53.625319760030585,70.06797536520929,0.0,7.0,0.0,0.0,0.0,0.0,51.694808248669474,0.0,0.0,0.0,0.0
70,8,48.90601361349685,1.28717136,50.73237926711292,66.98050737102699,0.0,7.0,0.0,0.0,0.0,0.0,48.90601361349685,0.0,0.0,0.0,0.0
70,9,39.760990552479726,1.2304881600000002,41.24584082207441,45.118001010033744,49.30231413980566,5.0,0.0,0.0,0.0,1.0,34.42082978497719,0.0,0.0,0.0,5.340160767502545
70,10,0.0,1.08519408,0.0,0.0,0.0,0.0,0.0,0.0,0.0,0.0,0.0,0.0,0.0,0.0,0.0
70,11,31.823396000704612,0.9479976,33.011821577494416,0.0,293.80521203970034,0.0,0.0,0.0,0.0,3.0,0.0,0.0,0.0,0.0,31.823396000704612
70,12,21.306356640987413,0.90993888,22.10202971056786,0.0,196.70806442405396,0.0,0.0,0.0,0.0,3.0,0.0,0.0,0.0,0.0,21.306356640987413
70,13,35.283237804611616,0.6940799999999999,36.600869091920764,0.0,325.74773491809475,0.0,0.0,0.0,0.0,3.0,0.0,0.0,0.0,0.0,35.283237804611616
70,14,37.27455087278481,0.70518528,38.666546548531954,0.0,344.13226428193445,0.0,0.0,0.0,0.0,5.0,0.0,0.0,0.0,0.0,37.27455087278481
70,15,22.374487252049647,0.9329592,23.210049016649013,0.0,206.5694362481762,0.0,0.0,0.0,0.0,2.0,0.0,0.0,0.0,0.0,22.374487252049647
70,16,24.123077317839275,1.13389536,25.02393912638929,0.0,222.71305822486468,0.0,0.0,0.0,0.0,1.0,0.0,0.0,0.0,0.0,24.123077317839275
70,17,62.07338419105105,1.2314136,64.39147737660898,0.0,573.08414865182,0.0,0.0,0.0,0.0,2.0,0.0,0.0,0.0,0.0,62.07338419105105
70,18,17.133392502741334,1.32488304,17.773228737283542,10.424351136929461,89.86223368713472,1.0,0.0,0.0,0.0,1.0,7.4,0.0,0.0,0.0,9.733392502741333
70,19,61.67842560169323,1.27745424,63.98176929636229,60.36162682157676,159.5207342894915,6.0,0.0,0.0,0.0,2.0,44.4,0.0,0.0,0.0,17.278425601693236
70,20,57.60070013443224,1.22655504,59.751763624929715,67.5494043073341,54.52535039760246,7.0,0.0,0.0,0.0,1.0,51.69480824866945,0.0,0.0,0.0,5.905891885762783
70,21,51.69480824866945,1.19636256,53.625319760030564,65.93032291298577,0.0,10.0,0.0,0.0,0.0,0.0,51.69480824866945,0.0,0.0,0.0,0.0
70,22,51.69480824866945,1.17056592,53.625319760030564,64.54696984425138,0.0,8.0,0.0,0.0,0.0,0.0,51.69480824866945,0.0,0.0,0.0,0.0
70,23,51.69480824866945,1.0399632,53.625319760030564,57.54335722272164,0.0,7.0,0.0,0.0,0.0,0.0,51.69480824866945,0.0,0.0,0.0,0.0
71,0,51.694808248669474,0.74995344,53.625319760030585,41.99149110919193,0.0,9.0,0.0,0.0,0.0,0.0,51.694808248669474,0.0,0.0,0.0,0.0
71,1,51.694808248669474,0.69338592,53.625319760030585,38.95803976116,0.0,7.0,0.0,0.0,0.0,0.0,51.694808248669474,0.0,0.0,0.0,0.0
71,2,51.694808248669474,0.6681676799999999,53.625319760030585,37.6057035773748,0.0,7.0,0.0,0.0,0.0,0.0,51.694808248669474,0.0,0.0,0.0,0.0
71,3,51.69480824866946,0.65278224,53.62531976003057,36.78065443772603,0.0,10.0,0.0,0.0,0.0,0.0,51.69480824866946,0.0,0.0,0.0,0.0
71,4,51.694808248669474,0.66007008,53.625319760030585,37.171467188085984,0.0,9.0,0.0,0.0,0.0,0.0,51.694808248669474,0.0,0.0,0.0,0.0
71,5,51.694808248669474,0.659376,53.625319760030585,37.13424692614694,0.0,7.0,0.0,0.0,0.0,0.0,51.694808248669474,0.0,0.0,0.0,0.0
71,6,51.69480824866948,0.68343744,53.62531976003059,38.424549340033735,0.0,8.0,0.0,0.0,0.0,0.0,51.69480824866948,0.0,0.0,0.0,0.0
71,7,51.69480824866945,0.7527297599999999,53.625319760030564,42.140372156948075,0.0,7.0,0.0,0.0,0.0,0.0,51.69480824866945,0.0,0.0,0.0,0.0
71,8,53.31703602861831,0.94579968,55.30812866039244,52.49380835299161,14.976999213220699,8.0,0.0,0.0,0.0,1.0,51.69480824866946,0.0,0.0,0.0,1.6222277799488485
71,9,59.79622286162741,0.90843504,62.02927682741434,28.910204547717846,278.7825554652324,4.0,0.0,0.0,0.0,2.0,29.6,0.0,0.0,0.0,30.19622286162742
71,10,7.4,0.76557024,7.6763485477178435,6.1308711369294615,0.0,1.0,0.0,0.0,0.0,0.0,7.4,0.0,0.0,0.0,0.0
71,11,0.0,0.76476048,0.0,0.0,0.0,0.0,0.0,0.0,0.0,0.0,0.0,0.0,0.0,0.0,0.0
71,12,24.75479789736048,0.76487616,25.679250930871873,0.0,228.54533328475966,0.0,0.0,0.0,0.0,3.0,0.0,0.0,0.0,0.0,24.75479789736048
71,13,8.967214020754094,0.77864208,9.3020892331474,0.0,82.78859417501187,0.0,0.0,0.0,0.0,2.0,0.0,0.0,0.0,0.0,8.967214020754094
71,14,61.30505931585411,0.80976,63.59445987121795,0.0,565.9906928538398,0.0,0.0,0.0,0.0,6.0,0.0,0.0,0.0,0.0,61.30505931585411
71,15,45.4966973508792,0.8664432000000001,47.1957441399162,0.0,420.04212284525414,0.0,0.0,0.0,0.0,4.0,0.0,0.0,0.0,0.0,45.4966973508792
71,16,58.554288512904535,0.9838584,60.74096318766031,0.0,540.5945723701768,0.0,0.0,0.0,0.0,3.0,0.0,0.0,0.0,0.0,58.554288512904535
71,17,15.659553746962846,1.1673268799999998,16.244350359919967,0.0,144.57471820328772,0.0,0.0,0.0,0.0,1.0,0.0,0.0,0.0,0.0,15.659553746962846
71,18,0.0,1.26623328,0.0,0.0,0.0,0.0,0.0,0.0,0.0,0.0,0.0,0.0,0.0,0.0,0.0
71,19,14.8,1.28647728,15.352697095435687,20.25907027385892,0.0,2.0,0.0,0.0,0.0,0.0,14.8,0.0,0.0,0.0,0.0
71,20,51.694808248669474,1.2244728,53.625319760030585,67.43774352151699,0.0,7.0,0.0,0.0,0.0,0.0,51.694808248669474,0.0,0.0,0.0,0.0
71,21,43.69645928438112,1.17345792,45.32827726595552,54.69119193519459,0.0,8.0,0.0,0.0,0.0,0.0,43.69645928438112,0.0,0.0,0.0,0.0
71,22,51.694808248669474,1.07108112,53.62531976003059,59.21206563298872,0.0,8.0,0.0,0.0,0.0,0.0,51.694808248669474,0.0,0.0,0.0,0.0
71,23,51.69480824866947,0.7521513599999999,53.62531976003058,42.109355271998886,0.0,8.0,0.0,0.0,0.0,0.0,51.69480824866947,0.0,0.0,0.0,0.0
72,0,49.70047224875099,0.57654912,51.55650648210685,31.431378807090734,0.0,7.0,0.0,0.0,0.0,0.0,49.70047224875099,0.0,0.0,0.0,0.0
72,1,51.69480824866946,0.4528872,53.625319760030585,26.061218999281934,0.0,7.0,0.0,0.0,0.0,0.0,51.69480824866946,0.0,0.0,0.0,0.0
72,2,51.69480824866945,0.39990576,53.625319760030585,23.220072337935058,0.0,7.0,0.0,0.0,0.0,0.0,51.69480824866945,0.0,0.0,0.0,0.0
72,3,51.69480824866946,0.35236128,53.625319760030564,20.670484395110677,0.0,7.0,0.0,0.0,0.0,0.0,51.69480824866946,0.0,0.0,0.0,0.0
72,4,51.69480824866946,0.3898416,53.62531976003058,22.680378539818953,0.0,8.0,0.0,0.0,0.0,0.0,51.69480824866946,0.0,0.0,0.0,0.0
72,5,47.00482903507908,0.39539424,48.76019609448037,20.893463167755336,0.0,9.0,0.0,0.0,0.0,0.0,47.00482903507908,0.0,0.0,0.0,0.0
72,6,51.69480824866946,0.44525232,53.625319760030564,25.651796117952465,0.0,8.0,0.0,0.0,0.0,0.0,51.69480824866946,0.0,0.0,0.0,0.0
72,7,45.729851307881,0.89894928,47.43760509116287,44.21418567014268,0.0,8.0,0.0,0.0,0.0,0.0,45.729851307881,0.0,0.0,0.0,0.0
72,8,50.67059990495624,0.92324208,52.562862971946316,50.26807770534612,0.0,7.0,0.0,0.0,0.0,0.0,50.67059990495624,0.0,0.0,0.0,0.0
72,9,5.149470208018352,0.49117728,5.341774074707835,2.8005707822623402,0.0,1.0,0.0,0.0,0.0,0.0,5.149470208018352,0.0,0.0,0.0,0.0
72,10,7.4,0.36161568,7.6763485477178435,3.029975136929461,0.0,1.0,0.0,0.0,0.0,0.0,7.4,0.0,0.0,0.0,0.0
72,11,0.0,0.35698848,0.0,0.0,0.0,0.0,0.0,0.0,0.0,0.0,0.0,0.0,0.0,0.0,0.0
72,12,0.0,0.38498304,0.0,0.0,0.0,0.0,0.0,0.0,0.0,0.0,0.0,0.0,0.0,0.0,0.0
72,13,0.0,0.3909984,0.0,0.0,0.0,0.0,0.0,0.0,0.0,0.0,0.0,0.0,0.0,0.0,0.0
72,14,7.762349371998165,0.37700112,8.052229639002247,0.0,71.66484378712,0.0,0.0,0.0,0.0,1.0,0.0,0.0,0.0,0.0,7.762349371998165
72,15,0.0,0.36531744,0.0,0.0,0.0,0.0,0.0,0.0,0.0,0.0,0.0,0.0,0.0,0.0,0.0
72,16,0.0,0.36624288,0.0,0.0,0.0,0.0,0.0,0.0,0.0,0.0,0.0,0.0,0.0,0.0,0.0
72,17,0.0,0.54809184,0.0,0.0,0.0,0.0,0.0,0.0,0.0,0.0,0.0,0.0,0.0,0.0,0.0
72,18,7.4,0.60708864,7.6763485477178435,4.914311136929461,0.0,1.0,0.0,0.0,0.0,0.0,7.4,0.0,0.0,0.0,0.0
72,19,14.8,0.5653281599999999,15.352697095435687,9.187486273858921,0.0,2.0,0.0,0.0,0.0,0.0,14.8,0.0,0.0,0.0,0.0
72,20,14.8,0.50714112,15.352697095435687,8.294158273858923,0.0,2.0,0.0,0.0,0.0,0.0,14.8,0.0,0.0,0.0,0.0
72,21,44.5745369309729,0.48793824,46.2391461939553,24.092363352001165,0.0,7.0,0.0,0.0,0.0,0.0,44.5745369309729,0.0,0.0,0.0,0.0
72,22,50.20829875518672,0.4002527999999999,52.083297463886645,22.570442789208172,0.0,7.0,0.0,0.0,0.0,0.0,50.20829875518672,0.0,0.0,0.0,0.0
72,23,45.953607533652615,0.26976576,47.66971735856081,14.437525176785714,0.0,7.0,0.0,0.0,0.0,0.0,45.953607533652615,0.0,0.0,0.0,0.0
73,0,51.69480824866945,0.11070576,53.625319760030564,7.711629863334212,0.0,7.0,0.0,0.0,0.0,0.0,51.69480824866945,0.0,0.0,0.0,0.0
73,1,51.694808248669474,0.05286576,53.625319760030585,4.609941368414047,0.0,7.0,0.0,0.0,0.0,0.0,51.694808248669474,0.0,0.0,0.0,0.0
73,2,51.69480824866945,0.0485856,53.625319760030564,4.380416419789953,0.0,7.0,0.0,0.0,0.0,0.0,51.69480824866945,0.0,0.0,0.0,0.0
73,3,51.694808248669474,0.0286886399999999,53.625319760030585,3.313435577537411,0.0,7.0,0.0,0.0,0.0,0.0,51.694808248669474,0.0,0.0,0.0,0.0
73,4,51.69480824866945,0.05298144,53.625319760030585,4.616144745403887,0.0,7.0,0.0,0.0,0.0,0.0,51.69480824866945,0.0,0.0,0.0,0.0
73,5,51.694808248669474,0.31210464,53.625319760030585,18.511709202646244,0.0,7.0,0.0,0.0,0.0,0.0,51.694808248669474,0.0,0.0,0.0,0.0
73,6,46.78227091127776,0.4927968,48.52932667144997,25.52141760267019,0.0,7.0,0.0,0.0,0.0,0.0,46.78227091127776,0.0,0.0,0.0,0.0
73,7,52.325570805989386,0.8036289600000001,54.27963776554917,44.869858032477836,5.823430249115395,7.0,0.0,0.0,0.0,1.0,51.694808248669474,0.0,0.0,0.0,0.6307625573199146
73,8,34.03533481253744,1.0708497599999998,35.30636391342059,38.976451968693304,0.0,5.0,0.0,0.0,0.0,0.0,34.03533481253744,0.0,0.0,0.0,0.0
73,9,8.092522865623774,0.94117248,8.394733263095203,8.178757595174256,0.0,2.0,0.0,0.0,0.0,0.0,8.092522865623774,0.0,0.0,0.0,0.0
73,10,0.0,0.85348704,0.0,0.0,0.0,0.0,0.0,0.0,0.0,0.0,0.0,0.0,0.0,0.0,0.0
73,11,0.0,0.7049539199999999,0.0,0.0,0.0,0.0,0.0,0.0,0.0,0.0,0.0,0.0,0.0,0.0,0.0
73,12,0.0,0.6161116799999999,0.0,0.0,0.0,0.0,0.0,0.0,0.0,0.0,0.0,0.0,0.0,0.0,0.0
73,13,0.0,0.6894528,0.0,0.0,0.0,0.0,0.0,0.0,0.0,0.0,0.0,0.0,0.0,0.0,0.0
73,14,0.0,0.7571256,0.0,0.0,0.0,0.0,0.0,0.0,0.0,0.0,0.0,0.0,0.0,0.0,0.0
73,15,0.0,0.69199776,0.0,0.0,0.0,0.0,0.0,0.0,0.0,0.0,0.0,0.0,0.0,0.0,0.0
73,16,0.0,0.91190544,0.0,0.0,0.0,0.0,0.0,0.0,0.0,0.0,0.0,0.0,0.0,0.0,0.0
73,17,0.0,1.15575888,0.0,0.0,0.0,0.0,0.0,0.0,0.0,0.0,0.0,0.0,0.0,0.0,0.0
73,18,0.0,1.20376608,0.0,0.0,0.0,0.0,0.0,0.0,0.0,0.0,0.0,0.0,0.0,0.0,0.0
73,19,7.4,1.2035347200000002,7.6763485477178435,9.492839136929463,0.0,1.0,0.0,0.0,0.0,0.0,7.4,0.0,0.0,0.0,0.0
73,20,51.495918870987424,1.148124,53.419002978202734,63.09980837392453,0.0,7.0,0.0,0.0,0.0,0.0,51.495918870987424,0.0,0.0,0.0,0.0
73,21,44.35823530802657,0.7379227199999999,46.01476691704002,35.47843074854221,0.0,6.0,0.0,0.0,0.0,0.0,44.35823530802657,0.0,0.0,0.0,0.0
73,22,47.21419236082553,0.62860512,48.97737796766133,32.4085817653767,0.0,7.0,0.0,0.0,0.0,0.0,47.21419236082553,0.0,0.0,0.0,0.0
73,23,51.69480824866946,0.58510944,53.625319760030585,33.151678898669445,0.0,7.0,0.0,0.0,0.0,0.0,51.69480824866946,0.0,0.0,0.0,0.0
74,0,36.6574203415194,0.69211344,38.02636964887905,27.577234343775167,0.0,5.0,0.0,0.0,0.0,0.0,36.6574203415194,0.0,0.0,0.0,0.0
74,1,51.694808248669474,0.6587976,53.625319760030585,37.10323004119773,0.0,7.0,0.0,0.0,0.0,0.0,51.694808248669474,0.0,0.0,0.0,0.0
74,2,39.52069074440083,0.65868192,40.99656716224154,28.3606839449044,0.0,7.0,0.0,0.0,0.0,0.0,39.52069074440083,0.0,0.0,0.0,0.0
74,3,51.69480824866945,0.65902896,53.625319760030564,37.11563679517741,0.0,7.0,0.0,0.0,0.0,0.0,51.69480824866945,0.0,0.0,0.0,0.0
74,4,51.69480824866945,0.6358929600000001,53.625319760030585,35.874961397209354,0.0,7.0,0.0,0.0,0.0,0.0,51.69480824866945,0.0,0.0,0.0,0.0
74,5,25.221533793747774,0.66203664,26.163416798493543,18.18714964422436,0.0,4.0,0.0,0.0,0.0,0.0,25.221533793747774,0.0,0.0,0.0,0.0
74,6,51.69480824866946,1.30556448,53.625319760030585,71.78631079139505,0.0,7.0,0.0,0.0,0.0,0.0,51.69480824866946,0.0,0.0,0.0,0.0
74,7,51.69480824866946,1.5770654400000002,53.625319760030564,86.34563658655031,0.0,7.0,0.0,0.0,0.0,0.0,51.69480824866946,0.0,0.0,0.0,0.0
74,8,14.8,1.7199302399999998,15.352697095435687,26.913742273858922,0.0,2.0,0.0,0.0,0.0,0.0,14.8,0.0,0.0,0.0,0.0
74,9,8.312592532858531,1.29133584,8.62302129964578,10.16683113692946,8.425387492158627,1.0,0.0,0.0,0.0,1.0,7.4,0.0,0.0,0.0,0.9125925328585298
74,10,0.0,1.19462736,0.0,0.0,0.0,0.0,0.0,0.0,0.0,0.0,0.0,0.0,0.0,0.0,0.0
74,11,0.0,0.6947740800000001,0.0,0.0,0.0,0.0,0.0,0.0,0.0,0.0,0.0,0.0,0.0,0.0,0.0
74,12,0.0,0.61460784,0.0,0.0,0.0,0.0,0.0,0.0,0.0,0.0,0.0,0.0,0.0,0.0,0.0
74,13,16.933733785785954,0.5873073600000001,17.566113885670077,0.0,156.3384135824637,0.0,0.0,0.0,0.0,1.0,0.0,0.0,0.0,0.0,16.933733785785954
74,14,0.0,0.69431136,0.0,0.0,0.0,0.0,0.0,0.0,0.0,0.0,0.0,0.0,0.0,0.0,0.0
74,15,2.2729690577576696,1.0602072,2.3578517196656326,0.0,20.98488030502413,0.0,0.0,0.0,0.0,1.0,0.0,0.0,0.0,0.0,2.2729690577576696
74,16,15.6701327214648,1.1689464,16.255324399859752,0.0,144.6723871587518,0.0,0.0,0.0,0.0,1.0,0.0,0.0,0.0,0.0,15.6701327214648
74,17,0.0,1.25015376,0.0,0.0,0.0,0.0,0.0,0.0,0.0,0.0,0.0,0.0,0.0,0.0,0.0
74,18,0.0,1.28670864,0.0,0.0,0.0,0.0,0.0,0.0,0.0,0.0,0.0,0.0,0.0,0.0,0.0
74,19,5.9134905065172605,1.26704304,6.134326251573922,7.975501581073123,0.0,1.0,0.0,0.0,0.0,0.0,5.9134905065172605,0.0,0.0,0.0,0.0
74,20,15.136951420934135,1.21764768,15.702231764454499,19.63952995021377,0.0,4.0,0.0,0.0,0.0,0.0,15.136951420934135,0.0,0.0,0.0,0.0
74,21,39.652211912324226,1.21533408,41.132999909050035,51.351838899094965,0.0,6.0,0.0,0.0,0.0,0.0,39.652211912324226,0.0,0.0,0.0,0.0
74,22,51.69480824866946,0.94475856,53.625319760030564,52.437977960083046,0.0,7.0,0.0,0.0,0.0,0.0,51.69480824866946,0.0,0.0,0.0,0.0
74,23,51.69480824866945,0.84342288,53.625319760030564,47.003819716982896,0.0,7.0,0.0,0.0,0.0,0.0,51.69480824866945,0.0,0.0,0.0,0.0
75,0,49.156936045819414,0.3815126399999999,50.99267224670065,21.14220646085928,0.0,7.0,0.0,0.0,0.0,0.0,49.156936045819414,0.0,0.0,0.0,0.0
75,1,51.69480824866945,0.40441728,53.625319760030564,23.462004040538826,0.0,7.0,0.0,0.0,0.0,0.0,51.69480824866945,0.0,0.0,0.0,0.0
75,2,51.69480824866946,0.42026544,53.625319760030564,24.311866688146957,0.0,7.0,0.0,0.0,0.0,0.0,51.69480824866946,0.0,0.0,0.0,0.0
75,3,47.13270736632665,0.4431700799999999,48.892849965069146,23.286201564291478,0.0,7.0,0.0,0.0,0.0,0.0,47.13270736632665,0.0,0.0,0.0,0.0
75,4,51.69480824866946,0.50876064,53.625319760030564,29.057450085374803,0.0,7.0,0.0,0.0,0.0,0.0,51.69480824866946,0.0,0.0,0.0,0.0
75,5,51.69480824866946,1.04019456,53.625319760030564,57.55576397670131,0.0,7.0,0.0,0.0,0.0,0.0,51.69480824866946,0.0,0.0,0.0,0.0
75,6,50.10310700385618,1.25362416,51.974177389892304,66.87642974370017,0.0,7.0,0.0,0.0,0.0,0.0,50.10310700385618,0.0,0.0,0.0,0.0
75,7,44.4167047553256,1.57683408,46.07541987066972,74.17838870010037,0.0,7.0,0.0,0.0,0.0,0.0,44.4167047553256,0.0,0.0,0.0,0.0
75,8,16.390253431349677,1.54722,17.002337584387632,26.869134131359466,0.0,3.0,0.0,0.0,0.0,0.0,16.390253431349677,0.0,0.0,0.0,0.0
75,9,22.200000000000003,1.30128432,23.02904564315353,30.72959741078838,0.0,3.0,0.0,0.0,0.0,0.0,22.200000000000003,0.0,0.0,0.0,0.0
75,10,0.0,1.16755824,0.0,0.0,0.0,0.0,0.0,0.0,0.0,0.0,0.0,0.0,0.0,0.0,0.0
75,11,0.0,1.05858768,0.0,0.0,0.0,0.0,0.0,0.0,0.0,0.0,0.0,0.0,0.0,0.0,0.0
75,12,0.0,0.9879072,0.0,0.0,0.0,0.0,0.0,0.0,0.0,0.0,0.0,0.0,0.0,0.0,0.0
75,13,0.0,0.90797232,0.0,0.0,0.0,0.0,0.0,0.0,0.0,0.0,0.0,0.0,0.0,0.0,0.0
75,14,0.0,0.93099264,0.0,0.0,0.0,0.0,0.0,0.0,0.0,0.0,0.0,0.0,0.0,0.0,0.0
75,15,0.0,0.98200752,0.0,0.0,0.0,0.0,0.0,0.0,0.0,0.0,0.0,0.0,0.0,0.0,0.0
75,16,2.402381921505848,1.07917872,2.4920974289479756,0.0,22.179667117636985,0.0,0.0,0.0,0.0,1.0,0.0,0.0,0.0,0.0,2.402381921505848
75,17,0.0,1.15136304,0.0,0.0,0.0,0.0,0.0,0.0,0.0,0.0,0.0,0.0,0.0,0.0,0.0
75,18,1.8345505955231414,1.16825232,1.9030607837376987,0.0,16.93724097526552,0.0,0.0,0.0,0.0,1.0,0.0,0.0,0.0,0.0,1.8345505955231414
75,19,13.313490506517244,1.15124736,13.810674799291746,16.35663623835971,0.0,2.0,0.0,0.0,0.0,0.0,13.313490506517244,0.0,0.0,0.0,0.0
75,20,14.8,1.110528,15.352697095435687,17.55777427385892,0.0,2.0,0.0,0.0,0.0,0.0,14.8,0.0,0.0,0.0,0.0
75,21,44.43169075608497,1.023768,46.09096551461098,48.71206654149585,0.0,7.0,0.0,0.0,0.0,0.0,44.43169075608497,0.0,0.0,0.0,0.0
75,22,42.957725095251426,0.55144656,44.56195549299942,26.048537790305915,0.0,7.0,0.0,0.0,0.0,0.0,42.957725095251426,0.0,0.0,0.0,0.0
75,23,51.694808248669474,0.49557312,53.625319760030585,28.35026510853302,0.0,7.0,0.0,0.0,0.0,0.0,51.694808248669474,0.0,0.0,0.0,0.0
76,0,45.57230767819438,0.3922708799999999,47.27417808941326,20.109058735170432,0.0,7.0,0.0,0.0,0.0,0.0,45.57230767819438,0.0,0.0,0.0,0.0
76,1,51.69480824866946,0.37734816,53.625319760030585,22.010413824916192,0.0,7.0,0.0,0.0,0.0,0.0,51.69480824866946,0.0,0.0,0.0,0.0
76,2,50.929563064784,0.36520176,52.83149695517013,21.042878220678908,0.0,7.0,0.0,0.0,0.0,0.0,50.929563064784,0.0,0.0,0.0,0.0
76,3,51.694808248669474,0.34692432,53.625319760030585,20.37892567658819,0.0,7.0,0.0,0.0,0.0,0.0,51.694808248669474,0.0,0.0,0.0,0.0
76,4,49.776560232906334,0.3418344,51.63543592625138,19.35990118774751,0.0,7.0,0.0,0.0,0.0,0.0,49.776560232906334,0.0,0.0,0.0,0.0
76,5,42.591020523056606,0.3429912,44.18155655918736,16.616294624212646,0.0,8.0,0.0,0.0,0.0,0.0,42.591020523056606,0.0,0.0,0.0,0.0
76,6,51.69480824866945,0.36335088,53.625319760030585,21.25980520914552,0.0,7.0,0.0,0.0,0.0,0.0,51.69480824866945,0.0,0.0,0.0,0.0
76,7,45.39936112683331,0.38509872,47.094772953146595,19.694973767696524,0.0,7.0,0.0,0.0,0.0,0.0,45.39936112683331,0.0,0.0,0.0,0.0
76,8,51.694808248669474,0.38822208,53.625319760030585,22.59353126196119,0.0,7.0,0.0,0.0,0.0,0.0,51.694808248669474,0.0,0.0,0.0,0.0
76,9,0.0,0.37954608,0.0,0.0,0.0,0.0,0.0,0.0,0.0,0.0,0.0,0.0,0.0,0.0,0.0
76,10,7.4,0.38012448,7.6763485477178435,3.172055136929461,0.0,1.0,0.0,0.0,0.0,0.0,7.4,0.0,0.0,0.0,0.0
76,11,0.0,0.37665408,0.0,0.0,0.0,0.0,0.0,0.0,0.0,0.0,0.0,0.0,0.0,0.0,0.0
76,12,0.0,0.3760756799999999,0.0,0.0,0.0,0.0,0.0,0.0,0.0,0.0,0.0,0.0,0.0,0.0,0.0
76,13,0.0,0.3736464,0.0,0.0,0.0,0.0,0.0,0.0,0.0,0.0,0.0,0.0,0.0,0.0,0.0
76,14,0.0,0.37410912,0.0,0.0,0.0,0.0,0.0,0.0,0.0,0.0,0.0,0.0,0.0,0.0,0.0
76,15,0.0,0.34865952,0.0,0.0,0.0,0.0,0.0,0.0,0.0,0.0,0.0,0.0,0.0,0.0,0.0
76,16,0.0,0.34449504,0.0,0.0,0.0,0.0,0.0,0.0,0.0,0.0,0.0,0.0,0.0,0.0,0.0
76,17,0.0,0.33975216,0.0,0.0,0.0,0.0,0.0,0.0,0.0,0.0,0.0,0.0,0.0,0.0,0.0
76,18,0.0,0.33454656,0.0,0.0,0.0,0.0,0.0,0.0,0.0,0.0,0.0,0.0,0.0,0.0,0.0
76,19,19.209240675463093,0.3071304,19.926598211061304,2.6117271369294612,109.0272220037568,1.0,0.0,0.0,0.0,1.0,7.4,0.0,0.0,0.0,11.809240675463094
76,20,51.69480824866945,0.27982992,53.625319760030564,16.780967022480784,0.0,7.0,0.0,0.0,0.0,0.0,51.69480824866945,0.0,0.0,0.0,0.0
76,21,43.223917239350165,0.2701128,44.838088422562414,13.595482337252733,0.0,7.0,0.0,0.0,0.0,0.0,43.223917239350165,0.0,0.0,0.0,0.0
76,22,51.69480824866946,0.2585448,53.625319760030564,15.639545656350164,0.0,7.0,0.0,0.0,0.0,0.0,51.69480824866946,0.0,0.0,0.0,0.0
76,23,51.694808248669474,0.21250416,53.625319760030585,13.17060161439371,0.0,8.0,0.0,0.0,0.0,0.0,51.694808248669474,0.0,0.0,0.0,0.0
77,0,42.606390156142226,0.0469660799999999,44.19750016197327,3.5387205837685607,0.0,8.0,0.0,0.0,0.0,0.0,42.606390156142226,0.0,0.0,0.0,0.0
77,1,47.77131458829559,0.04719744,49.55530558951824,3.979164177256006,0.0,7.0,0.0,0.0,0.0,0.0,47.77131458829559,0.0,0.0,0.0,0.0
77,2,51.694808248669474,0.0469660799999999,53.62531976003058,4.293569141932184,0.0,8.0,0.0,0.0,0.0,0.0,51.694808248669474,0.0,0.0,0.0,0.0
77,3,49.98836371004197,0.1149859199999999,51.85514907680703,7.679017457776115,0.0,8.0,0.0,0.0,0.0,0.0,49.98836371004197,0.0,0.0,0.0,0.0
77,4,51.69480824866946,0.19931664,53.625319760030585,12.463416637551914,0.0,7.0,0.0,0.0,0.0,0.0,51.69480824866946,0.0,0.0,0.0,0.0
77,5,45.110436752462434,0.24327504,46.79505887184901,12.932986267509623,0.0,7.0,0.0,0.0,0.0,0.0,45.110436752462434,0.0,0.0,0.0,0.0
77,6,51.694808248669474,0.24917472,53.625319760030585,15.1370721201731,0.0,7.0,0.0,0.0,0.0,0.0,51.694808248669474,0.0,0.0,0.0,0.0
77,7,51.69480824866946,0.2657169599999999,53.62531976003058,16.024155029720266,0.0,8.0,0.0,0.0,0.0,0.0,51.69480824866946,0.0,0.0,0.0,0.0
77,8,46.651940560451855,0.3322329599999999,48.394129212086995,17.679970471674206,0.0,7.0,0.0,0.0,0.0,0.0,46.651940560451855,0.0,0.0,0.0,0.0
77,9,7.4,0.34542048,7.6763485477178435,2.905655136929461,0.0,1.0,0.0,0.0,0.0,0.0,7.4,0.0,0.0,0.0,0.0
77,10,8.735655463052336,0.3781579199999999,9.061883260427736,0.0,80.65076101780686,0.0,0.0,0.0,0.0,2.0,0.0,0.0,0.0,0.0,8.735655463052336
77,11,0.0,0.37919904,0.0,0.0,0.0,0.0,0.0,0.0,0.0,0.0,0.0,0.0,0.0,0.0,0.0
77,12,5.412974939975546,0.37491888,5.6151192323397785,0.0,49.974561167824035,0.0,0.0,0.0,0.0,2.0,0.0,0.0,0.0,0.0,5.412974939975546
77,13,0.0,0.36878784,0.0,0.0,0.0,0.0,0.0,0.0,0.0,0.0,0.0,0.0,0.0,0.0,0.0
77,14,9.431798316362904,0.3516671999999999,9.78402314975405,0.0,87.07780603281105,0.0,0.0,0.0,0.0,1.0,0.0,0.0,0.0,0.0,9.431798316362904
77,15,31.676836252936912,0.3620783999999999,32.85978864412543,0.0,292.45211893271636,0.0,0.0,0.0,0.0,2.0,0.0,0.0,0.0,0.0,31.676836252936912
77,16,4.594612377820945,0.38602416,4.766195412677329,0.0,42.41913917282823,0.0,0.0,0.0,0.0,1.0,0.0,0.0,0.0,0.0,4.594612377820945
77,17,7.91416534140781,0.6351988799999999,8.209715084447936,0.0,73.06646425158664,0.0,0.0,0.0,0.0,2.0,0.0,0.0,0.0,0.0,7.91416534140781
77,18,27.73216217192259,1.1197823999999998,28.76780308290725,8.84992713692946,187.71394536318576,1.0,0.0,0.0,0.0,2.0,7.4,0.0,0.0,0.0,20.33216217192259
77,19,30.805074965926387,0.6360086399999999,31.955471956355176,20.545244547717843,11.125692112805831,4.0,0.0,0.0,0.0,1.0,29.6,0.0,0.0,0.0,1.2050749659263842
77,20,51.69480824866945,0.4014096,53.625319760030564,23.300716238802973,0.0,8.0,0.0,0.0,0.0,0.0,51.69480824866945,0.0,0.0,0.0,0.0
77,21,51.694808248669474,0.40407024,53.625319760030585,23.443393909569316,0.0,7.0,0.0,0.0,0.0,0.0,51.694808248669474,0.0,0.0,0.0,0.0
77,22,51.69480824866947,0.39030432,53.62531976003057,22.705192047778308,0.0,9.0,0.0,0.0,0.0,0.0,51.69480824866947,0.0,0.0,0.0,0.0
77,23,51.694808248669474,0.38509872,53.625319760030585,22.426040083235495,0.0,9.0,0.0,0.0,0.0,0.0,51.694808248669474,0.0,0.0,0.0,0.0
78,0,51.694808248669474,0.4170264,53.62531976003059,24.138172132431432,0.0,9.0,0.0,0.0,0.0,0.0,51.69480824866948,0.0,0.0,0.0,0.0
78,1,51.694808248669474,0.4269748799999999,53.625319760030585,24.6716625535577,0.0,9.0,0.0,0.0,0.0,0.0,51.694808248669474,0.0,0.0,0.0,0.0
78,2,51.694808248669474,0.44906976,53.625319760030585,25.856507558617203,0.0,11.0,0.0,0.0,0.0,0.0,51.694808248669474,0.0,0.0,0.0,0.0
78,3,51.694808248669474,0.46086912,53.62531976003058,26.489252011580923,0.0,8.0,0.0,0.0,0.0,0.0,51.694808248669474,0.0,0.0,0.0,0.0
78,4,51.694808248669474,0.48597168,53.625319760030585,27.835384818376276,0.0,8.0,0.0,0.0,0.0,0.0,51.694808248669474,0.0,0.0,0.0,0.0
78,5,51.694808248669474,0.5062156800000001,53.625319760030585,28.920975791598337,0.0,8.0,0.0,0.0,0.0,0.0,51.694808248669474,0.0,0.0,0.0,0.0
78,6,51.69480824866946,0.5261126399999999,53.625319760030564,29.987956633850857,0.0,8.0,0.0,0.0,0.0,0.0,51.69480824866946,0.0,0.0,0.0,0.0
78,7,51.694808248669474,0.56902992,53.625319760030585,32.289409497081635,0.0,7.0,0.0,0.0,0.0,0.0,51.694808248669474,0.0,0.0,0.0,0.0
78,8,51.69480824866946,0.6940799999999999,53.625319760030585,38.995260023099036,0.0,7.0,0.0,0.0,0.0,0.0,51.69480824866946,0.0,0.0,0.0,0.0
78,9,7.4,0.88182864,7.6763485477178435,7.023311136929462,0.0,1.0,0.0,0.0,0.0,0.0,7.4,0.0,0.0,0.0,0.0
78,10,0.0,0.8377545599999999,0.0,0.0,0.0,0.0,0.0,0.0,0.0,0.0,0.0,0.0,0.0,0.0,0.0
78,11,8.138957427242788,0.7756344,8.442901895480071,0.0,75.14182686977264,0.0,0.0,0.0,0.0,1.0,0.0,0.0,0.0,0.0,8.138957427242788
78,12,8.34730245605517,0.6358929600000001,8.659027444040634,0.0,77.06534425196163,0.0,0.0,0.0,0.0,2.0,0.0,0.0,0.0,0.0,8.34730245605517
78,13,4.885095671259578,0.52009728,5.067526629937323,0.0,45.10098700644217,0.0,0.0,0.0,0.0,2.0,0.0,0.0,0.0,0.0,4.885095671259578
78,14,10.975866813684386,0.57770592,11.385753956104137,0.0,101.33321020932682,0.0,0.0,0.0,0.0,2.0,0.0,0.0,0.0,0.0,10.975866813684386
78,15,0.0,0.6360086399999999,0.0,0.0,0.0,0.0,0.0,0.0,0.0,0.0,0.0,0.0,0.0,0.0,0.0
78,16,0.0,0.91410336,0.0,0.0,0.0,0.0,0.0,0.0,0.0,0.0,0.0,0.0,0.0,0.0,0.0
78,17,0.0,1.14280272,0.0,0.0,0.0,0.0,0.0,0.0,0.0,0.0,0.0,0.0,0.0,0.0,0.0
78,18,1.9003884098549917,1.15610592,1.971357271633809,0.0,17.5450797175409,0.0,0.0,0.0,0.0,1.0,0.0,0.0,0.0,0.0,1.9003884098549917
78,19,5.609494745277055,0.6184252800000001,5.818977951532215,0.0,51.788903768636715,0.0,0.0,0.0,0.0,1.0,0.0,0.0,0.0,0.0,5.609494745277055
78,20,33.07557719929257,0.38729664,34.31076472955661,14.42413020813611,0.0,6.0,0.0,0.0,0.0,0.0,33.07557719929257,0.0,0.0,0.0,0.0
78,21,57.892085343090656,0.36520176,60.05403043889075,21.359059240982962,57.21552504185544,7.0,0.0,0.0,0.0,1.0,51.69480824866946,0.0,0.0,0.0,6.197277094421195
78,22,42.812527844504736,0.3274900799999999,44.411335938282924,16.014287178892307,0.0,8.0,0.0,0.0,0.0,0.0,42.812527844504736,0.0,0.0,0.0,0.0
78,23,46.643138552722455,0.28839024,48.384998498674754,15.555304779738588,0.0,8.0,0.0,0.0,0.0,0.0,46.643138552722455,0.0,0.0,0.0,0.0
79,0,51.69480824866945,0.29995824,53.625319760030564,17.860354618713004,0.0,7.0,0.0,0.0,0.0,0.0,51.69480824866945,0.0,0.0,0.0,0.0
79,1,51.69480824866946,0.29833872,53.62531976003057,17.77350734085524,0.0,8.0,0.0,0.0,0.0,0.0,51.69480824866946,0.0,0.0,0.0,0.0
79,2,50.18859862449599,0.3045854399999999,52.06286164366805,17.580870341801162,0.0,7.0,0.0,0.0,0.0,0.0,50.18859862449599,0.0,0.0,0.0,0.0
79,3,38.78411528693989,0.33246432,40.23248473748952,14.707560924970734,0.0,7.0,0.0,0.0,0.0,0.0,38.78411528693989,0.0,0.0,0.0,0.0
79,4,48.3639641820868,0.38787504,50.17008732581618,21.120354518788965,0.0,7.0,0.0,0.0,0.0,0.0,48.3639641820868,0.0,0.0,0.0,0.0
79,5,50.00291686474001,0.451152,51.87024571031122,25.118270225709626,0.0,7.0,0.0,0.0,0.0,0.0,50.00291686474001,0.0,0.0,0.0,0.0
79,6,51.69480824866945,0.47440368,53.625319760030564,27.21504711939223,0.0,7.0,0.0,0.0,0.0,0.0,51.69480824866945,0.0,0.0,0.0,0.0
79,7,44.29480824866946,1.1940489600000002,45.94897121231272,56.38623223625949,0.0,7.0,0.0,0.0,0.0,0.0,44.29480824866946,0.0,0.0,0.0,0.0
79,8,45.69341734873075,1.2071208,47.399810527729,58.78623093254849,0.0,7.0,0.0,0.0,0.0,0.0,45.69341734873075,0.0,0.0,0.0,0.0
79,9,29.6,1.19832912,30.705394190871374,37.811516547717844,0.0,4.0,0.0,0.0,0.0,0.0,29.6,0.0,0.0,0.0,0.0
79,10,0.0,1.194396,0.0,0.0,0.0,0.0,0.0,0.0,0.0,0.0,0.0,0.0,0.0,0.0,0.0
79,11,0.0,1.17253248,0.0,0.0,0.0,0.0,0.0,0.0,0.0,0.0,0.0,0.0,0.0,0.0,0.0
79,12,0.0,1.11966672,0.0,0.0,0.0,0.0,0.0,0.0,0.0,0.0,0.0,0.0,0.0,0.0,0.0
79,13,0.0,1.1016206400000002,0.0,0.0,0.0,0.0,0.0,0.0,0.0,0.0,0.0,0.0,0.0,0.0,0.0
79,14,0.0,1.10092656,0.0,0.0,0.0,0.0,0.0,0.0,0.0,0.0,0.0,0.0,0.0,0.0,0.0
79,15,0.0,1.119204,0.0,0.0,0.0,0.0,0.0,0.0,0.0,0.0,0.0,0.0,0.0,0.0,0.0
79,16,0.0,1.15055328,0.0,0.0,0.0,0.0,0.0,0.0,0.0,0.0,0.0,0.0,0.0,0.0,0.0
79,17,0.0,1.21209504,0.0,0.0,0.0,0.0,0.0,0.0,0.0,0.0,0.0,0.0,0.0,0.0,0.0
79,18,0.0,1.25871408,0.0,0.0,0.0,0.0,0.0,0.0,0.0,0.0,0.0,0.0,0.0,0.0,0.0
79,19,0.0,1.3916304,0.0,0.0,0.0,0.0,0.0,0.0,0.0,0.0,0.0,0.0,0.0,0.0,0.0
79,20,33.45416061283328,1.24911264,34.7034861128976,44.49724854602177,0.0,5.0,0.0,0.0,0.0,0.0,33.45416061283328,0.0,0.0,0.0,0.0
79,21,38.695989304624575,1.23800736,40.14106774338649,51.023606646877155,0.0,6.0,0.0,0.0,0.0,0.0,38.695989304624575,0.0,0.0,0.0,0.0
79,22,47.99020272010501,1.1964782399999998,49.782367966913924,61.211316387790376,0.0,7.0,0.0,0.0,0.0,0.0,47.99020272010501,0.0,0.0,0.0,0.0
79,23,51.69480824866945,0.91421904,53.625319760030564,50.800286434765184,0.0,7.0,0.0,0.0,0.0,0.0,51.69480824866945,0.0,0.0,0.0,0.0
80,0,44.4,0.7524983999999999,46.05809128630706,36.183162821576765,0.0,6.0,0.0,0.0,0.0,0.0,44.4,0.0,0.0,0.0,0.0
80,1,44.294808248669455,0.6353145600000001,45.94897121231272,30.71296137533068,0.0,7.0,0.0,0.0,0.0,0.0,44.294808248669455,0.0,0.0,0.0,0.0
80,2,36.18816287308052,0.4430543999999999,37.53958804261465,17.874640020678353,0.0,6.0,0.0,0.0,0.0,0.0,36.18816287308052,0.0,0.0,0.0,0.0
80,3,45.297213711622526,0.41205216,46.98881090417275,20.917170669824056,0.0,7.0,0.0,0.0,0.0,0.0,45.297213711622526,0.0,0.0,0.0,0.0
80,4,51.69480824866945,0.42616512,53.625319760030564,24.628238914628813,0.0,7.0,0.0,0.0,0.0,0.0,51.69480824866945,0.0,0.0,0.0,0.0
80,5,50.10310700385618,0.67973568,51.974177389892304,37.049048082164504,0.0,7.0,0.0,0.0,0.0,0.0,50.10310700385618,0.0,0.0,0.0,0.0
80,6,51.69480824866945,1.1652446399999998,53.625319760030564,64.26161450271871,0.0,7.0,0.0,0.0,0.0,0.0,51.69480824866945,0.0,0.0,0.0,0.0
80,7,51.69480824866946,1.18618272,53.625319760030564,65.38442573787981,0.0,7.0,0.0,0.0,0.0,0.0,51.69480824866946,0.0,0.0,0.0,0.0
80,8,36.39803145045971,1.18710816,37.75729403574659,46.07175828193732,0.0,6.0,0.0,0.0,0.0,0.0,36.39803145045971,0.0,0.0,0.0,0.0
80,9,5.8529771385323395,1.17160704,6.071553048270062,7.3144427009844035,0.0,1.0,0.0,0.0,0.0,0.0,5.8529771385323395,0.0,0.0,0.0,0.0
80,10,0.0,1.153908,0.0,0.0,0.0,0.0,0.0,0.0,0.0,0.0,0.0,0.0,0.0,0.0,0.0
80,11,0.0,1.13956368,0.0,0.0,0.0,0.0,0.0,0.0,0.0,0.0,0.0,0.0,0.0,0.0,0.0
80,12,0.0,1.1255664,0.0,0.0,0.0,0.0,0.0,0.0,0.0,0.0,0.0,0.0,0.0,0.0,0.0
80,13,0.0,0.6721008,0.0,0.0,0.0,0.0,0.0,0.0,0.0,0.0,0.0,0.0,0.0,0.0,0.0
80,14,1.382251428911708,0.67163808,1.4338707768793653,0.0,12.76144991422635,0.0,0.0,0.0,0.0,1.0,0.0,0.0,0.0,0.0,1.382251428911708
80,15,0.0,1.07096544,0.0,0.0,0.0,0.0,0.0,0.0,0.0,0.0,0.0,0.0,0.0,0.0,0.0
80,16,0.0,1.10948688,0.0,0.0,0.0,0.0,0.0,0.0,0.0,0.0,0.0,0.0,0.0,0.0,0.0
80,17,0.0,1.16038608,0.0,0.0,0.0,0.0,0.0,0.0,0.0,0.0,0.0,0.0,0.0,0.0,0.0
80,18,0.0,1.16061744,0.0,0.0,0.0,0.0,0.0,0.0,0.0,0.0,0.0,0.0,0.0,0.0,0.0
80,19,7.4,1.12637616,7.6763485477178435,8.90054313692946,0.0,1.0,0.0,0.0,0.0,0.0,7.4,0.0,0.0,0.0,0.0
80,20,14.8,0.69315456,15.352697095435687,11.149966273858922,0.0,2.0,0.0,0.0,0.0,0.0,14.8,0.0,0.0,0.0,0.0
80,21,51.69480824866945,0.52356768,53.625319760030564,29.851482340074366,0.0,7.0,0.0,0.0,0.0,0.0,51.69480824866945,0.0,0.0,0.0,0.0
80,22,48.74518224502589,0.5085292800000001,50.565541747952174,27.38777796975328,0.0,7.0,0.0,0.0,0.0,0.0,48.74518224502589,0.0,0.0,0.0,0.0
80,23,44.4,0.49672992,46.05809128630706,24.402954821576767,0.0,6.0,0.0,0.0,0.0,0.0,44.4,0.0,0.0,0.0,0.0
81,0,51.69480824866945,0.4095072,53.625319760030564,23.734952628091808,0.0,7.0,0.0,0.0,0.0,0.0,51.69480824866945,0.0,0.0,0.0,0.0
81,1,44.4,0.40927584,46.05809128630706,20.37498682157677,0.0,6.0,0.0,0.0,0.0,0.0,44.4,0.0,0.0,0.0,0.0
81,2,51.14720927768216,0.40696224,53.057271034940015,23.348501539922815,0.0,7.0,0.0,0.0,0.0,0.0,51.14720927768216,0.0,0.0,0.0,0.0
81,3,46.17399246578612,0.40754064,47.89833243338809,21.10595185838089,0.0,7.0,0.0,0.0,0.0,0.0,46.17399246578612,0.0,0.0,0.0,0.0
81,4,51.69480824866946,0.41448144,53.625319760030564,24.001697838654934,0.0,7.0,0.0,0.0,0.0,0.0,51.69480824866946,0.0,0.0,0.0,0.0
81,5,50.103107003856174,0.50297664,51.974177389892304,27.862142381937435,0.0,7.0,0.0,0.0,0.0,0.0,50.103107003856174,0.0,0.0,0.0,0.0
81,6,41.03893607798751,0.58846416,42.57151045434389,26.46092513548548,0.0,7.0,0.0,0.0,0.0,0.0,41.03893607798751,0.0,0.0,0.0,0.0
81,7,44.294808248669455,1.0366084800000002,45.94897121231272,49.15200415308679,0.0,7.0,0.0,0.0,0.0,0.0,44.294808248669455,0.0,0.0,0.0,0.0
81,8,25.37500545546169,1.08114528,26.32261976707644,29.329854832699624,0.0,4.0,0.0,0.0,0.0,0.0,25.37500545546169,0.0,0.0,0.0,0.0
81,9,22.200000000000003,0.90380784,23.02904564315353,21.576093410788385,0.0,4.0,0.0,0.0,0.0,0.0,22.200000000000003,0.0,0.0,0.0,0.0
81,10,7.4,0.62686992,7.6763485477178435,5.066159136929461,0.0,1.0,0.0,0.0,0.0,0.0,7.4,0.0,0.0,0.0,0.0
81,11,0.0,0.4273219199999999,0.0,0.0,0.0,0.0,0.0,0.0,0.0,0.0,0.0,0.0,0.0,0.0,0.0
81,12,0.0,0.38961024,0.0,0.0,0.0,0.0,0.0,0.0,0.0,0.0,0.0,0.0,0.0,0.0,0.0
81,13,0.0,0.37700112,0.0,0.0,0.0,0.0,0.0,0.0,0.0,0.0,0.0,0.0,0.0,0.0,0.0
81,14,1.241731068633773,0.45612624,1.2881027682922959,0.0,11.464114637801433,0.0,0.0,0.0,0.0,1.0,0.0,0.0,0.0,0.0,1.241731068633773
81,15,0.0,0.52669104,0.0,0.0,0.0,0.0,0.0,0.0,0.0,0.0,0.0,0.0,0.0,0.0,0.0
81,16,0.0,0.4833110399999999,0.0,0.0,0.0,0.0,0.0,0.0,0.0,0.0,0.0,0.0,0.0,0.0,0.0
81,17,0.0,0.4985808,0.0,0.0,0.0,0.0,0.0,0.0,0.0,0.0,0.0,0.0,0.0,0.0,0.0
81,18,0.0,0.5300457599999999,0.0,0.0,0.0,0.0,0.0,0.0,0.0,0.0,0.0,0.0,0.0,0.0,0.0
81,19,2.6311455179703094,0.4513833599999999,2.7294040642845534,1.3223508518622362,0.0,1.0,0.0,0.0,0.0,0.0,2.6311455179703094,0.0,0.0,0.0,0.0
81,20,16.089789303666706,0.39932736,16.690652804633512,7.217494928984266,0.0,3.0,0.0,0.0,0.0,0.0,16.089789303666706,0.0,0.0,0.0,0.0
81,21,48.283890577657424,0.35189856,50.08702342080647,17.73229882157677,35.85749599704472,6.0,0.0,0.0,0.0,1.0,44.4,0.0,0.0,0.0,3.8838905776574277
81,22,49.41519636658175,0.28017696,51.26057714375702,16.058757775441684,0.0,7.0,0.0,0.0,0.0,0.0,49.41519636658175,0.0,0.0,0.0,0.0
81,23,42.703107003856175,0.2475552,44.29782884217447,12.432416013266243,0.0,7.0,0.0,0.0,0.0,0.0,42.703107003856175,0.0,0.0,0.0,0.0
82,0,39.606767332717915,0.1145232,41.0858582289605,6.065225866505481,0.0,6.0,0.0,0.0,0.0,0.0,39.606767332717915,0.0,0.0,0.0,0.0
82,1,51.69480824866946,0.05760864,53.625319760030585,4.864279824997501,0.0,7.0,0.0,0.0,0.0,0.0,51.69480824866946,0.0,0.0,0.0,0.0
82,2,51.69480824866946,0.04719744,53.625319760030564,4.305975895911869,0.0,7.0,0.0,0.0,0.0,0.0,51.69480824866946,0.0,0.0,0.0,0.0
82,3,51.69480824866945,0.04731312,53.625319760030564,4.312179272901709,0.0,7.0,0.0,0.0,0.0,0.0,51.69480824866945,0.0,0.0,0.0,0.0
82,4,29.6,0.10168272,30.705394190871374,4.138556547717843,0.0,4.0,0.0,0.0,0.0,0.0,29.6,0.0,0.0,0.0,0.0
82,5,49.54092735827051,0.27288912,51.39100348368311,15.725087931889131,0.0,7.0,0.0,0.0,0.0,0.0,49.54092735827051,0.0,0.0,0.0,0.0
82,6,44.4,0.33859536,46.05809128630706,17.119578821576766,0.0,6.0,0.0,0.0,0.0,0.0,44.4,0.0,0.0,0.0,0.0
82,7,41.33759020908375,0.44640912,42.88131764427776,20.5619828880481,0.0,7.0,0.0,0.0,0.0,0.0,41.33759020908375,0.0,0.0,0.0,0.0
82,8,29.6,0.50771952,30.705394190871374,16.606076547717844,0.0,4.0,0.0,0.0,0.0,0.0,29.6,0.0,0.0,0.0,0.0
82,9,7.4,0.4814601599999999,7.6763485477178435,3.949943136929461,0.0,2.0,0.0,0.0,0.0,0.0,7.4,0.0,0.0,0.0,0.0
82,10,0.0,0.46005936,0.0,0.0,0.0,0.0,0.0,0.0,0.0,0.0,0.0,0.0,0.0,0.0,0.0
82,11,0.0,0.41274624,0.0,0.0,0.0,0.0,0.0,0.0,0.0,0.0,0.0,0.0,0.0,0.0,0.0
82,12,0.0,0.41228352,0.0,0.0,0.0,0.0,0.0,0.0,0.0,0.0,0.0,0.0,0.0,0.0,0.0
82,13,0.0,0.41980272,0.0,0.0,0.0,0.0,0.0,0.0,0.0,0.0,0.0,0.0,0.0,0.0,0.0
82,14,0.0,0.4814601599999999,0.0,0.0,0.0,0.0,0.0,0.0,0.0,0.0,0.0,0.0,0.0,0.0,0.0
82,15,0.0,0.4962672,0.0,0.0,0.0,0.0,0.0,0.0,0.0,0.0,0.0,0.0,0.0,0.0,0.0
82,16,0.0,0.5322436799999999,0.0,0.0,0.0,0.0,0.0,0.0,0.0,0.0,0.0,0.0,0.0,0.0,0.0
82,17,0.0,0.57805296,0.0,0.0,0.0,0.0,0.0,0.0,0.0,0.0,0.0,0.0,0.0,0.0,0.0
82,18,0.0,0.7520356800000001,0.0,0.0,0.0,0.0,0.0,0.0,0.0,0.0,0.0,0.0,0.0,0.0,0.0
82,19,7.4,0.6605327999999999,7.6763485477178435,5.324567136929461,0.0,1.0,0.0,0.0,0.0,0.0,7.4,0.0,0.0,0.0,0.0
82,20,37.0,0.55283472,38.38174273858922,22.489195684647306,0.0,5.0,0.0,0.0,0.0,0.0,37.0,0.0,0.0,0.0,0.0
82,21,42.80829875518672,0.5199816,44.4069489161688,24.560666357672908,0.0,6.0,0.0,0.0,0.0,0.0,42.80829875518672,0.0,0.0,0.0,0.0
82,22,51.694808248669474,0.48377376,53.625319760030585,27.717520655569306,0.0,7.0,0.0,0.0,0.0,0.0,51.694808248669474,0.0,0.0,0.0,0.0
82,23,44.713107771449316,0.4302139199999999,46.38289187909681,21.48983945744051,0.0,7.0,0.0,0.0,0.0,0.0,44.713107771449316,0.0,0.0,0.0,0.0
83,0,43.03361895860812,0.38533008,44.64068356702088,18.679004796203234,0.0,7.0,0.0,0.0,0.0,0.0,43.03361895860812,0.0,0.0,0.0,0.0
83,1,46.720151487906996,0.35259264,48.46488743558818,18.692550382334836,0.0,8.0,0.0,0.0,0.0,0.0,46.720151487906996,0.0,0.0,0.0,0.0
83,2,37.0,0.35039472,38.38174273858922,14.719195684647307,0.0,5.0,0.0,0.0,0.0,0.0,37.0,0.0,0.0,0.0,0.0
83,3,44.4,0.35883936,46.05809128630706,18.051978821576764,0.0,6.0,0.0,0.0,0.0,0.0,44.4,0.0,0.0,0.0,0.0
83,4,44.30789889496228,0.39261792,45.96255072091523,19.567081490802536,0.0,6.0,0.0,0.0,0.0,0.0,44.30789889496228,0.0,0.0,0.0,0.0
83,5,36.99187513970027,0.45369696,38.373314460269995,18.680012824383475,0.0,7.0,0.0,0.0,0.0,0.0,36.99187513970027,0.0,0.0,0.0,0.0
83,6,50.64215628032292,0.51870912,52.533357137264446,28.98838557255962,0.0,7.0,0.0,0.0,0.0,0.0,50.64215628032292,0.0,0.0,0.0,0.0
83,7,31.769643482867593,0.67776912,32.95606170421949,23.427446582344217,0.0,5.0,0.0,0.0,0.0,0.0,31.769643482867593,0.0,0.0,0.0,0.0
83,8,22.200000000000003,0.8799777599999998,23.02904564315353,21.02730941078838,0.0,3.0,0.0,0.0,0.0,0.0,22.200000000000003,0.0,0.0,0.0,0.0
83,9,0.0,0.6801984,0.0,0.0,0.0,0.0,0.0,0.0,0.0,0.0,0.0,0.0,0.0,0.0,0.0
83,10,0.0,0.46225728,0.0,0.0,0.0,0.0,0.0,0.0,0.0,0.0,0.0,0.0,0.0,0.0,0.0
83,11,0.0,0.39516288,0.0,0.0,0.0,0.0,0.0,0.0,0.0,0.0,0.0,0.0,0.0,0.0,0.0
83,12,0.0,0.42211632,0.0,0.0,0.0,0.0,0.0,0.0,0.0,0.0,0.0,0.0,0.0,0.0,0.0
83,13,0.0,0.34403232,0.0,0.0,0.0,0.0,0.0,0.0,0.0,0.0,0.0,0.0,0.0,0.0,0.0
83,14,0.0,0.35536896,0.0,0.0,0.0,0.0,0.0,0.0,0.0,0.0,0.0,0.0,0.0,0.0,0.0
83,15,0.0,0.34669296,0.0,0.0,0.0,0.0,0.0,0.0,0.0,0.0,0.0,0.0,0.0,0.0,0.0
83,16,4.107959100167798,0.44351712,4.261368361169915,0.0,37.92617841441225,0.0,0.0,0.0,0.0,1.0,0.0,0.0,0.0,0.0,4.107959100167798
83,17,0.0,0.57747456,0.0,0.0,0.0,0.0,0.0,0.0,0.0,0.0,0.0,0.0,0.0,0.0,0.0
83,18,0.0,0.58487808,0.0,0.0,0.0,0.0,0.0,0.0,0.0,0.0,0.0,0.0,0.0,0.0,0.0
83,19,14.8,0.5182464,15.352697095435687,8.464654273858923,0.0,2.0,0.0,0.0,0.0,0.0,14.8,0.0,0.0,0.0,0.0
83,20,29.945710749888775,0.4617945599999999,31.064015300714505,15.373412184080369,0.0,5.0,0.0,0.0,0.0,0.0,29.945710749888775,0.0,0.0,0.0,0.0
83,21,49.436564583970615,0.44062512,51.282743344367866,24.293923744739864,0.0,7.0,0.0,0.0,0.0,0.0,49.436564583970615,0.0,0.0,0.0,0.0
83,22,44.69761201969167,0.3915768,46.36681744781294,19.69091165992137,0.0,7.0,0.0,0.0,0.0,0.0,44.69761201969167,0.0,0.0,0.0,0.0
83,23,40.91829312198709,0.34275984,42.44636215973765,15.953882889941047,0.0,8.0,0.0,0.0,0.0,0.0,40.91829312198709,0.0,0.0,0.0,0.0
84,0,51.69480824866945,0.27312048,53.625319760030564,16.42117115707005,0.0,7.0,0.0,0.0,0.0,0.0,51.69480824866945,0.0,0.0,0.0,0.0
84,1,51.69480824866945,0.07623312,53.625319760030564,5.863023520361795,0.0,7.0,0.0,0.0,0.0,0.0,51.69480824866945,0.0,0.0,0.0,0.0
84,2,51.69480824866946,0.03493536,53.625319760030564,3.6484179349887924,0.0,7.0,0.0,0.0,0.0,0.0,51.69480824866946,0.0,0.0,0.0,0.0
84,3,51.09075591085393,0.02383008,52.9987094510933,3.017220768947497,0.0,7.0,0.0,0.0,0.0,0.0,51.09075591085393,0.0,0.0,0.0,0.0
84,4,51.69480824866946,0.0205910399999999,53.625319760030564,2.8791991882485863,0.0,7.0,0.0,0.0,0.0,0.0,51.69480824866946,0.0,0.0,0.0,0.0
84,5,44.05698855983522,0.0333158399999999,45.702270290285504,3.035354671236351,0.0,8.0,0.0,0.0,0.0,0.0,44.056988559835226,0.0,0.0,0.0,0.0
84,6,50.39114705211145,0.0532128,52.27297412044757,4.511826760663367,0.0,7.0,0.0,0.0,0.0,0.0,50.39114705211145,0.0,0.0,0.0,0.0
84,7,56.12271057795999,0.26617968,58.21857943771784,16.048968537679624,40.88001113141678,7.0,0.0,0.0,0.0,1.0,51.69480824866946,0.0,0.0,0.0,4.427902329290536
84,8,24.77617430622214,0.2932488,25.701425628861145,7.515501410788382,23.78418187279776,3.0,0.0,0.0,0.0,1.0,22.200000000000003,0.0,0.0,0.0,2.5761743062221387
84,9,29.421434856350686,0.329688,30.520160639367937,11.072348038035015,0.0,4.0,0.0,0.0,0.0,0.0,29.421434856350686,0.0,0.0,0.0,0.0
84,10,0.0,0.32887824,0.0,0.0,0.0,0.0,0.0,0.0,0.0,0.0,0.0,0.0,0.0,0.0,0.0
84,11,3.1169201674011537,0.3256392,3.2333196757273384,0.0,28.776545113973313,0.0,0.0,0.0,0.0,1.0,0.0,0.0,0.0,0.0,3.1169201674011537
84,12,0.0,0.32436672,0.0,0.0,0.0,0.0,0.0,0.0,0.0,0.0,0.0,0.0,0.0,0.0,0.0
84,13,0.0,0.32610192,0.0,0.0,0.0,0.0,0.0,0.0,0.0,0.0,0.0,0.0,0.0,0.0,0.0
84,14,22.23502250842029,0.34148736,23.065376046079145,0.0,205.28184681010438,0.0,0.0,0.0,0.0,3.0,0.0,0.0,0.0,0.0,22.23502250842029
84,15,11.922207539700638,0.4181832,12.367435207158339,0.0,110.07017334370921,0.0,0.0,0.0,0.0,1.0,0.0,0.0,0.0,0.0,11.922207539700638
84,16,18.217991405582676,0.46977648,18.89833133359199,0.0,168.19514886896872,0.0,0.0,0.0,0.0,3.0,0.0,0.0,0.0,0.0,18.217991405582676
84,17,9.773544117032236,0.50413344,10.138531241734686,0.0,90.23292805143872,0.0,0.0,0.0,0.0,2.0,0.0,0.0,0.0,0.0,9.773544117032236
84,18,9.856256432957565,0.6940799999999999,10.224332399333576,5.582087136929461,22.677056279380015,1.0,0.0,0.0,0.0,1.0,7.4,0.0,0.0,0.0,2.4562564329575656
84,19,44.4,0.7417401600000001,46.05809128630706,35.68765882157677,0.0,6.0,0.0,0.0,0.0,0.0,44.4,0.0,0.0,0.0,0.0
84,20,57.20887979966968,0.66388752,59.34531099550799,37.376178628750715,50.90792199574893,8.0,0.0,0.0,0.0,2.0,51.69480824866946,0.0,0.0,0.0,5.514071551000221
84,21,51.69480824866946,0.4840051199999999,53.625319760030564,27.72992740954897,0.0,9.0,0.0,0.0,0.0,0.0,51.69480824866946,0.0,0.0,0.0,0.0
84,22,51.69480824866945,0.45011088,53.625319760030564,25.91233795152576,0.0,7.0,0.0,0.0,0.0,0.0,51.69480824866945,0.0,0.0,0.0,0.0
84,23,51.69480824866948,0.38590848,53.625319760030585,22.46946372216438,0.0,8.0,0.0,0.0,0.0,0.0,51.69480824866948,0.0,0.0,0.0,0.0
85,0,51.69480824866946,0.45878688,53.62531976003057,26.377591225763783,0.0,9.0,0.0,0.0,0.0,0.0,51.69480824866946,0.0,0.0,0.0,0.0
85,1,51.69480824866948,0.4538126399999999,53.62531976003059,26.11084601520065,0.0,8.0,0.0,0.0,0.0,0.0,51.69480824866948,0.0,0.0,0.0,0.0
85,2,51.69480824866946,0.46410816,53.625319760030564,26.66294656729644,0.0,7.0,0.0,0.0,0.0,0.0,51.69480824866946,0.0,0.0,0.0,0.0
85,3,51.69480824866946,0.4728998399999999,53.625319760030564,27.134403218524298,0.0,8.0,0.0,0.0,0.0,0.0,51.69480824866946,0.0,0.0,0.0,0.0
85,4,51.694808248669474,0.46769424,53.625319760030585,26.855251253981496,0.0,8.0,0.0,0.0,0.0,0.0,51.694808248669474,0.0,0.0,0.0,0.0
85,5,51.69480824866947,0.474288,53.625319760030585,27.208843742402397,0.0,8.0,0.0,0.0,0.0,0.0,51.69480824866947,0.0,0.0,0.0,0.0
85,6,51.69480824866947,0.482964,53.62531976003058,27.674097016640417,0.0,9.0,0.0,0.0,0.0,0.0,51.69480824866947,0.0,0.0,0.0,0.0
85,7,51.69480824866945,0.50193552,53.62531976003057,28.691450842974234,0.0,8.0,0.0,0.0,0.0,0.0,51.69480824866945,0.0,0.0,0.0,0.0
85,8,52.62049295342642,0.55133088,54.58557360313945,31.340292817636048,8.546259203669022,9.0,0.0,0.0,0.0,1.0,51.69480824866946,0.0,0.0,0.0,0.9256847047569591
85,9,60.264991063087926,0.57400416,62.51555089531944,32.556154707644765,79.12305710407098,7.0,0.0,0.0,0.0,1.0,51.69480824866945,0.0,0.0,0.0,8.570182814418473
85,10,12.733399984189493,0.57851568,13.208921145424787,4.694975136929461,49.2398961195918,1.0,0.0,0.0,0.0,2.0,7.4,0.0,0.0,0.0,5.333399984189493
85,11,32.92652230974321,0.5364081599999999,34.156143474837364,0.0,303.98967692605254,0.0,0.0,0.0,0.0,3.0,0.0,0.0,0.0,0.0,32.92652230974321
85,12,5.313714497619202,0.5008944000000001,5.512151968484649,0.0,49.05815251951338,0.0,0.0,0.0,0.0,2.0,0.0,0.0,0.0,0.0,5.313714497619202
85,13,18.126148080464386,0.511884,18.80305817475559,0.0,167.34721775532478,0.0,0.0,0.0,0.0,4.0,0.0,0.0,0.0,0.0,18.126148080464386
85,14,8.264574026443691,0.49834944,8.57320957099968,0.0,76.30156518189716,0.0,0.0,0.0,0.0,1.0,0.0,0.0,0.0,0.0,8.264574026443691
85,15,22.77194197198791,0.5593128,23.622346443970866,0.0,210.23888335134072,0.0,0.0,0.0,0.0,2.0,0.0,0.0,0.0,0.0,22.77194197198791
85,16,0.0,0.7214961599999999,0.0,0.0,0.0,0.0,0.0,0.0,0.0,0.0,0.0,0.0,0.0,0.0,0.0
85,17,6.868511591556789,0.86852544,7.125012024436504,0.0,63.41260701748489,0.0,0.0,0.0,0.0,1.0,0.0,0.0,0.0,0.0,6.868511591556789
85,18,0.0,1.1168904,0.0,0.0,0.0,0.0,0.0,0.0,0.0,0.0,0.0,0.0,0.0,0.0,0.0
85,19,0.0,0.8684097599999999,0.0,0.0,0.0,0.0,0.0,0.0,0.0,0.0,0.0,0.0,0.0,0.0,0.0
85,20,51.69480824866946,0.51107424,53.625319760030564,29.181517625171622,0.0,7.0,0.0,0.0,0.0,0.0,51.69480824866946,0.0,0.0,0.0,0.0
85,21,50.14869396995497,0.4727841599999999,52.02146677381222,26.316836020837904,0.0,7.0,0.0,0.0,0.0,0.0,50.14869396995497,0.0,0.0,0.0,0.0
85,22,51.694808248669474,0.45242448,53.625319760030585,26.036405491322576,0.0,7.0,0.0,0.0,0.0,0.0,51.694808248669474,0.0,0.0,0.0,0.0
85,23,51.69480824866945,0.48735984,53.625319760030564,27.90982534225435,0.0,8.0,0.0,0.0,0.0,0.0,51.69480824866945,0.0,0.0,0.0,0.0
86,0,51.694808248669474,0.46630608,53.625319760030585,26.78081073010342,0.0,7.0,0.0,0.0,0.0,0.0,51.694808248669474,0.0,0.0,0.0,0.0
86,1,51.694808248669474,0.4621416,53.625319760030585,26.557489158469163,0.0,8.0,0.0,0.0,0.0,0.0,51.694808248669474,0.0,0.0,0.0,0.0
86,2,51.69480824866946,0.46433952,53.62531976003058,26.675353321276127,0.0,8.0,0.0,0.0,0.0,0.0,51.69480824866946,0.0,0.0,0.0,0.0
86,3,51.69480824866947,0.48088176,53.62531976003057,27.562436230823288,0.0,9.0,0.0,0.0,0.0,0.0,51.69480824866947,0.0,0.0,0.0,0.0
86,4,45.89249758959748,0.5064470400000001,47.60632530041233,25.685851901114592,0.0,8.0,0.0,0.0,0.0,0.0,45.89249758959748,0.0,0.0,0.0,0.0
86,5,50.273866728071496,0.62478768,52.151314033269195,34.309706998298914,0.0,8.0,0.0,0.0,0.0,0.0,50.273866728071496,0.0,0.0,0.0,0.0
86,6,51.694808248669474,1.37323728,53.625319760030585,75.41528633045166,0.0,7.0,0.0,0.0,0.0,0.0,51.694808248669474,0.0,0.0,0.0,0.0
86,7,47.34728289918532,1.1782008,49.11543869210096,59.49357018009283,0.0,7.0,0.0,0.0,0.0,0.0,47.34728289918532,0.0,0.0,0.0,0.0
86,8,51.69480824866946,1.1319287999999998,53.625319760030585,62.47504192964471,0.0,7.0,0.0,0.0,0.0,0.0,51.69480824866946,0.0,0.0,0.0,0.0
86,9,29.6,1.0708497599999998,30.705394190871374,33.897212547717835,0.0,4.0,0.0,0.0,0.0,0.0,29.6,0.0,0.0,0.0,0.0
86,10,0.0,0.93619824,0.0,0.0,0.0,0.0,0.0,0.0,0.0,0.0,0.0,0.0,0.0,0.0,0.0
86,11,1.3004910586196332,0.7896316800000001,1.349057114750657,0.0,12.006608321280847,0.0,0.0,0.0,0.0,1.0,0.0,0.0,0.0,0.0,1.3004910586196332
86,12,0.0,0.6351988799999999,0.0,0.0,0.0,0.0,0.0,0.0,0.0,0.0,0.0,0.0,0.0,0.0,0.0
86,13,0.0,0.49603584,0.0,0.0,0.0,0.0,0.0,0.0,0.0,0.0,0.0,0.0,0.0,0.0,0.0
86,14,0.0,0.5323593600000001,0.0,0.0,0.0,0.0,0.0,0.0,0.0,0.0,0.0,0.0,0.0,0.0,0.0
86,15,0.0,0.57400416,0.0,0.0,0.0,0.0,0.0,0.0,0.0,0.0,0.0,0.0,0.0,0.0,0.0
86,16,0.0,0.8160067200000001,0.0,0.0,0.0,0.0,0.0,0.0,0.0,0.0,0.0,0.0,0.0,0.0,0.0
86,17,4.419909132236538,0.86852544,4.584967979498484,0.0,40.80621501753651,0.0,0.0,0.0,0.0,1.0,0.0,0.0,0.0,0.0,4.419909132236538
86,18,0.0,1.11434544,0.0,0.0,0.0,0.0,0.0,0.0,0.0,0.0,0.0,0.0,0.0,0.0,0.0
86,19,5.908773018054718,0.57770592,6.129432591343069,3.7438937130332874,0.0,1.0,0.0,0.0,0.0,0.0,5.908773018054718,0.0,0.0,0.0,0.0
86,20,50.208298755186696,0.55075248,52.08329746388662,30.408962390867917,0.0,7.0,0.0,0.0,0.0,0.0,50.208298755186696,0.0,0.0,0.0,0.0
86,21,51.69480824866945,0.4956888,53.625319760030585,28.356468485522857,0.0,7.0,0.0,0.0,0.0,0.0,51.69480824866945,0.0,0.0,0.0,0.0
86,22,51.694808248669474,0.4667688,53.625319760030585,26.805624238062776,0.0,7.0,0.0,0.0,0.0,0.0,51.694808248669474,0.0,0.0,0.0,0.0
86,23,51.69480824866945,0.3337368,53.625319760030585,19.67174069974639,0.0,7.0,0.0,0.0,0.0,0.0,51.69480824866945,0.0,0.0,0.0,0.0
87,0,47.75289817637644,0.33871104,49.5362014277764,18.41810657051103,0.0,7.0,0.0,0.0,0.0,0.0,47.75289817637644,0.0,0.0,0.0,0.0
87,1,44.629089441558435,0.33535632,46.29573593522659,17.057956494385348,0.0,7.0,0.0,0.0,0.0,0.0,44.629089441558435,0.0,0.0,0.0,0.0
87,2,51.694808248669474,0.34171872,53.625319760030585,20.09977371204537,0.0,8.0,0.0,0.0,0.0,0.0,51.694808248669474,0.0,0.0,0.0,0.0
87,3,50.95603605704969,0.3676310399999999,52.85895856540424,21.18222543923135,0.0,8.0,0.0,0.0,0.0,0.0,50.95603605704969,0.0,0.0,0.0,0.0
87,4,47.66845411801666,0.4646865599999999,49.44860385686376,24.61485041071094,0.0,8.0,0.0,0.0,0.0,0.0,47.66845411801666,0.0,0.0,0.0,0.0
87,5,51.69480824866946,0.43946832,53.625319760030585,25.341627268460456,0.0,7.0,0.0,0.0,0.0,0.0,51.69480824866946,0.0,0.0,0.0,0.0
87,6,50.10310700385618,1.84995456,51.974177389892304,97.8702117362856,0.0,7.0,0.0,0.0,0.0,0.0,50.10310700385618,0.0,0.0,0.0,0.0
87,7,51.69480824866946,1.6557278399999995,53.625319760030585,90.56393293964176,0.0,7.0,0.0,0.0,0.0,0.0,51.69480824866946,0.0,0.0,0.0,0.0
87,8,51.69480824866946,1.26981936,53.625319760030585,69.8694673015344,0.0,7.0,0.0,0.0,0.0,0.0,51.69480824866946,0.0,0.0,0.0,0.0
87,9,11.473648641748339,0.92150688,11.902125147041847,11.361850551987159,0.0,2.0,0.0,0.0,0.0,0.0,11.473648641748339,0.0,0.0,0.0,0.0
87,10,0.0,0.6773064,0.0,0.0,0.0,0.0,0.0,0.0,0.0,0.0,0.0,0.0,0.0,0.0,0.0
87,11,0.0,0.57400416,0.0,0.0,0.0,0.0,0.0,0.0,0.0,0.0,0.0,0.0,0.0,0.0,0.0
87,12,0.0,0.50933904,0.0,0.0,0.0,0.0,0.0,0.0,0.0,0.0,0.0,0.0,0.0,0.0,0.0
87,13,0.0,0.49707696,0.0,0.0,0.0,0.0,0.0,0.0,0.0,0.0,0.0,0.0,0.0,0.0,0.0
87,14,0.0,0.50054736,0.0,0.0,0.0,0.0,0.0,0.0,0.0,0.0,0.0,0.0,0.0,0.0,0.0
87,15,0.0,0.5475134399999999,0.0,0.0,0.0,0.0,0.0,0.0,0.0,0.0,0.0,0.0,0.0,0.0,0.0
87,16,0.0,1.17311088,0.0,0.0,0.0,0.0,0.0,0.0,0.0,0.0,0.0,0.0,0.0,0.0,0.0
87,17,0.0,1.53426384,0.0,0.0,0.0,0.0,0.0,0.0,0.0,0.0,0.0,0.0,0.0,0.0,0.0
87,18,5.647455033962142,1.80264144,5.858355844359069,10.754426593756133,0.0,1.0,0.0,0.0,0.0,0.0,5.647455033962142,0.0,0.0,0.0,0.0
87,19,7.4,1.52223312,7.6763485477178435,11.939279136929462,0.0,1.0,0.0,0.0,0.0,0.0,7.4,0.0,0.0,0.0,0.0
87,20,36.522718853621136,1.47815904,37.8866378149597,57.25652389306368,0.0,5.0,0.0,0.0,0.0,0.0,36.52271885362114,0.0,0.0,0.0,0.0
87,21,51.694808248669474,1.24020528,53.625319760030585,68.28140279213528,0.0,7.0,0.0,0.0,0.0,0.0,51.694808248669474,0.0,0.0,0.0,0.0
87,22,51.694808248669474,1.1562216,53.625319760030585,63.77775109751119,0.0,7.0,0.0,0.0,0.0,0.0,51.694808248669474,0.0,0.0,0.0,0.0
87,23,51.694808248669474,0.61877232,53.625319760030585,34.95686160271298,0.0,7.0,0.0,0.0,0.0,0.0,51.694808248669474,0.0,0.0,0.0,0.0
88,0,51.69480824866948,0.6002635199999999,53.625319760030585,33.964321284338524,0.0,8.0,0.0,0.0,0.0,0.0,51.69480824866948,0.0,0.0,0.0,0.0
88,1,51.69480824866946,0.61032768,53.625319760030564,34.504015082454636,0.0,7.0,0.0,0.0,0.0,0.0,51.69480824866946,0.0,0.0,0.0,0.0
88,2,51.69480824866946,0.61877232,53.625319760030564,34.956861602712976,0.0,7.0,0.0,0.0,0.0,0.0,51.69480824866946,0.0,0.0,0.0,0.0
88,3,51.694808248669474,0.66215232,53.62531976003059,37.28312797390312,0.0,8.0,0.0,0.0,0.0,0.0,51.694808248669474,0.0,0.0,0.0,0.0
88,4,51.69480824866945,0.7559687999999999,53.625319760030585,42.31406671266362,0.0,7.0,0.0,0.0,0.0,0.0,51.69480824866945,0.0,0.0,0.0,0.0
88,5,46.2876059153379,1.24945968,48.016188708856745,61.58362762525092,0.0,7.0,0.0,0.0,0.0,0.0,46.2876059153379,0.0,0.0,0.0,0.0
88,6,51.694808248669474,1.6189416,53.625319760030585,88.59125905687253,0.0,7.0,0.0,0.0,0.0,0.0,51.694808248669474,0.0,0.0,0.0,0.0
88,7,51.69480824866945,1.70732112,53.625319760030585,93.33063907711055,0.0,7.0,0.0,0.0,0.0,0.0,51.69480824866945,0.0,0.0,0.0,0.0
88,8,43.097399408163454,1.6192886399999995,44.70684585909073,73.37753792613762,2.6690827920051325,6.0,0.0,0.0,0.0,1.0,42.80829875518672,0.0,0.0,0.0,0.28910065297673565
88,9,7.4,1.46022864,7.6763485477178435,11.46331113692946,0.0,1.0,0.0,0.0,0.0,0.0,7.4,0.0,0.0,0.0,0.0
88,10,0.0,1.3344844799999998,0.0,0.0,0.0,0.0,0.0,0.0,0.0,0.0,0.0,0.0,0.0,0.0,0.0
88,11,8.527361432954532,1.24656768,8.845810615098063,0.0,78.72771447437276,0.0,0.0,0.0,0.0,2.0,0.0,0.0,0.0,0.0,8.527361432954532
88,12,2.6811756793226964,1.1839848,2.7813025719115108,0.0,24.75359289001245,0.0,0.0,0.0,0.0,2.0,0.0,0.0,0.0,0.0,2.6811756793226964
88,13,0.0,1.16096448,0.0,0.0,0.0,0.0,0.0,0.0,0.0,0.0,0.0,0.0,0.0,0.0,0.0
88,14,0.0,1.1652446399999998,0.0,0.0,0.0,0.0,0.0,0.0,0.0,0.0,0.0,0.0,0.0,0.0,0.0
88,15,0.0,1.1858356799999998,0.0,0.0,0.0,0.0,0.0,0.0,0.0,0.0,0.0,0.0,0.0,0.0,0.0
88,16,3.7813525965959496,1.37439408,3.9225649342281637,0.0,34.91082791463066,0.0,0.0,0.0,0.0,1.0,0.0,0.0,0.0,0.0,3.7813525965959496
88,17,0.0,1.6299312,0.0,0.0,0.0,0.0,0.0,0.0,0.0,0.0,0.0,0.0,0.0,0.0,0.0
88,18,0.0,1.6920513600000002,0.0,0.0,0.0,0.0,0.0,0.0,0.0,0.0,0.0,0.0,0.0,0.0,0.0
88,19,7.4,1.48093536,7.6763485477178435,11.622263136929462,0.0,1.0,0.0,0.0,0.0,0.0,7.4,0.0,0.0,0.0,0.0
88,20,20.71349050651726,1.28694,21.48702334700961,28.36373029898656,0.0,3.0,0.0,0.0,0.0,0.0,20.71349050651726,0.0,0.0,0.0,0.0
88,21,51.69480824866945,1.1978664,53.625319760030564,66.01096681385368,0.0,7.0,0.0,0.0,0.0,0.0,51.69480824866945,0.0,0.0,0.0,0.0
88,22,51.69480824866945,1.07027136,53.62531976003057,59.168641994059804,0.0,8.0,0.0,0.0,0.0,0.0,51.69480824866945,0.0,0.0,0.0,0.0
88,23,51.69480824866945,1.03776528,53.625319760030585,57.425493059914686,0.0,7.0,0.0,0.0,0.0,0.0,51.69480824866945,0.0,0.0,0.0,0.0
89,0,51.694808248669474,0.951468,53.625319760030585,52.797773825493785,0.0,7.0,0.0,0.0,0.0,0.0,51.694808248669474,0.0,0.0,0.0,0.0
89,1,44.294808248669455,0.934116,45.94897121231272,44.44258014008826,0.0,7.0,0.0,0.0,0.0,0.0,44.294808248669455,0.0,0.0,0.0,0.0
89,2,51.69480824866946,0.91121136,53.625319760030585,50.638998633029345,0.0,7.0,0.0,0.0,0.0,0.0,51.69480824866946,0.0,0.0,0.0,0.0
89,3,51.694808248669474,0.90126288,53.625319760030585,50.10550821190309,0.0,7.0,0.0,0.0,0.0,0.0,51.694808248669474,0.0,0.0,0.0,0.0
89,4,50.727356207230216,0.8884224,52.62173880418072,48.49211103500175,0.0,7.0,0.0,0.0,0.0,0.0,50.727356207230216,0.0,0.0,0.0,0.0
89,5,51.69480824866945,1.04031024,53.625319760030585,57.56196735369116,0.0,7.0,0.0,0.0,0.0,0.0,51.69480824866945,0.0,0.0,0.0,0.0
89,6,47.69672578164294,1.33529424,49.477931308758244,67.70531621002044,0.0,7.0,0.0,0.0,0.0,0.0,47.69672578164294,0.0,0.0,0.0,0.0
89,7,49.74399125608075,1.45074288,51.6016506805817,76.5687419586283,0.0,7.0,0.0,0.0,0.0,0.0,49.74399125608075,0.0,0.0,0.0,0.0
89,8,51.69480824866946,1.23176064,53.625319760030564,67.82855627187692,0.0,8.0,0.0,0.0,0.0,0.0,51.69480824866946,0.0,0.0,0.0,0.0
89,9,20.428723634424124,1.04875488,21.191622027410922,22.926259705469995,0.0,3.0,0.0,0.0,0.0,0.0,20.428723634424124,0.0,0.0,0.0,0.0
89,10,0.0,0.92544,0.0,0.0,0.0,0.0,0.0,0.0,0.0,0.0,0.0,0.0,0.0,0.0,0.0
89,11,0.0,0.79437456,0.0,0.0,0.0,0.0,0.0,0.0,0.0,0.0,0.0,0.0,0.0,0.0,0.0
89,12,5.176845269219942,0.5836056,5.370171441099525,0.0,47.794525825785776,0.0,0.0,0.0,0.0,1.0,0.0,0.0,0.0,0.0,5.176845269219942
89,13,0.0,0.5597755200000001,0.0,0.0,0.0,0.0,0.0,0.0,0.0,0.0,0.0,0.0,0.0,0.0,0.0
89,14,11.636612511668313,0.5730787199999999,12.07117480463518,0.0,107.43345576125311,0.0,0.0,0.0,0.0,1.0,0.0,0.0,0.0,0.0,11.636612511668313
89,15,0.0,0.53837472,0.0,0.0,0.0,0.0,0.0,0.0,0.0,0.0,0.0,0.0,0.0,0.0,0.0
89,16,0.0,0.74879664,0.0,0.0,0.0,0.0,0.0,0.0,0.0,0.0,0.0,0.0,0.0,0.0,0.0
89,17,0.0,0.6533606399999999,0.0,0.0,0.0,0.0,0.0,0.0,0.0,0.0,0.0,0.0,0.0,0.0,0.0
89,18,7.4,0.57273168,7.6763485477178435,4.6505751369294615,0.0,1.0,0.0,0.0,0.0,0.0,7.4,0.0,0.0,0.0,0.0
89,19,13.211698602343478,0.50887632,13.705081537700703,7.42782965710297,0.0,2.0,0.0,0.0,0.0,0.0,13.211698602343478,0.0,0.0,0.0,0.0
89,20,37.0,0.4868971199999999,38.38174273858922,19.9583956846473,0.0,5.0,0.0,0.0,0.0,0.0,37.0,0.0,0.0,0.0,0.0
89,21,44.4,0.45022656,46.05809128630706,22.26109882157677,0.0,6.0,0.0,0.0,0.0,0.0,44.4,0.0,0.0,0.0,0.0
89,22,44.345544972619884,0.39770784,46.00160266869283,19.81785108223779,0.0,7.0,0.0,0.0,0.0,0.0,44.345544972619884,0.0,0.0,0.0,0.0
89,23,51.69480824866946,0.43079232,53.625319760030585,24.876373994222433,0.0,7.0,0.0,0.0,0.0,0.0,51.69480824866946,0.0,0.0,0.0,0.0
90,0,51.694808248669474,0.4384272,53.625319760030585,25.285796875551892,0.0,7.0,0.0,0.0,0.0,0.0,51.694808248669474,0.0,0.0,0.0,0.0
90,1,51.69480824866946,0.42847872,53.625319760030564,24.752306454425614,0.0,7.0,0.0,0.0,0.0,0.0,51.69480824866946,0.0,0.0,0.0,0.0
90,2,50.10310700385618,0.43588224,51.974177389892304,24.374966134469044,0.0,7.0,0.0,0.0,0.0,0.0,50.10310700385618,0.0,0.0,0.0,0.0
90,3,51.694808248669474,0.45890256,53.625319760030585,26.383794602753632,0.0,7.0,0.0,0.0,0.0,0.0,51.694808248669474,0.0,0.0,0.0,0.0
90,4,51.694808248669474,0.47637024,53.625319760030585,27.320504528219523,0.0,7.0,0.0,0.0,0.0,0.0,51.694808248669474,0.0,0.0,0.0,0.0
90,5,46.46728902427873,0.50459616,48.20258197539288,25.918343230253967,0.0,7.0,0.0,0.0,0.0,0.0,46.46728902427873,0.0,0.0,0.0,0.0
90,6,51.694808248669474,0.67163808,53.625319760030585,37.79180488707001,0.0,7.0,0.0,0.0,0.0,0.0,51.694808248669474,0.0,0.0,0.0,0.0
90,7,49.723651452282155,0.8687567999999999,51.58055129904789,46.518270936795155,0.0,7.0,0.0,0.0,0.0,0.0,49.723651452282155,0.0,0.0,0.0,0.0
90,8,44.4,1.1245252799999998,46.05809128630706,53.31801082157676,0.0,6.0,0.0,0.0,0.0,0.0,44.4,0.0,0.0,0.0,0.0
90,9,21.12454694607304,1.3922088,21.91343044198448,31.23340524714837,0.0,5.0,0.0,0.0,0.0,0.0,21.12454694607304,0.0,0.0,0.0,0.0
90,10,16.52388077313146,0.92613408,17.140955158850065,0.0,152.5545009137656,0.0,0.0,0.0,0.0,2.0,0.0,0.0,0.0,0.0,16.52388077313146
90,11,0.0,0.8578828799999999,0.0,0.0,0.0,0.0,0.0,0.0,0.0,0.0,0.0,0.0,0.0,0.0,0.0
90,12,0.0,0.6583348799999998,0.0,0.0,0.0,0.0,0.0,0.0,0.0,0.0,0.0,0.0,0.0,0.0,0.0
90,13,0.0,0.57816864,0.0,0.0,0.0,0.0,0.0,0.0,0.0,0.0,0.0,0.0,0.0,0.0,0.0
90,14,1.1667194396976055,0.5512152,1.210289875204985,0.0,10.771579889324368,0.0,0.0,0.0,0.0,1.0,0.0,0.0,0.0,0.0,1.1667194396976055
90,15,0.0,0.5364081599999999,0.0,0.0,0.0,0.0,0.0,0.0,0.0,0.0,0.0,0.0,0.0,0.0,0.0
90,16,0.0,0.7095811200000001,0.0,0.0,0.0,0.0,0.0,0.0,0.0,0.0,0.0,0.0,0.0,0.0,0.0
90,17,1.0484521985045856,0.8219063999999999,1.0876060150462508,0.0,9.679693533911632,0.0,0.0,0.0,0.0,1.0,0.0,0.0,0.0,0.0,1.0484521985045856
90,18,10.106443592392566,0.7604803199999999,10.483862647710131,0.0,93.30637756462016,0.0,0.0,0.0,0.0,1.0,0.0,0.0,0.0,0.0,10.106443592392566
90,19,5.808298755186719,0.55618944,6.025206177579585,3.5505903742704144,0.0,1.0,0.0,0.0,0.0,0.0,5.808298755186719,0.0,0.0,0.0,0.0
90,20,51.694808248669474,0.47347824,53.625319760030585,27.16542010347351,0.0,7.0,0.0,0.0,0.0,0.0,51.694808248669474,0.0,0.0,0.0,0.0
90,21,51.69480824866948,0.4147128,53.625319760030585,24.014104592634624,0.0,8.0,0.0,0.0,0.0,0.0,51.69480824866948,0.0,0.0,0.0,0.0
90,22,51.69480824866946,0.3475027199999999,53.625319760030585,20.40994256153738,0.0,7.0,0.0,0.0,0.0,0.0,51.69480824866946,0.0,0.0,0.0,0.0
90,23,45.238120001611364,0.45786144,46.92751037511553,23.039598069381665,0.0,8.0,0.0,0.0,0.0,0.0,45.238120001611364,0.0,0.0,0.0,0.0
91,0,47.82472459943916,0.42362016,49.61071016539332,22.658211484452067,0.0,8.0,0.0,0.0,0.0,0.0,47.82472459943916,0.0,0.0,0.0,0.0
91,1,51.694808248669474,0.40441728,53.625319760030585,23.462004040538833,0.0,7.0,0.0,0.0,0.0,0.0,51.694808248669474,0.0,0.0,0.0,0.0
91,2,49.91018550209791,0.41089536,51.77405135072397,22.987438568123174,0.0,8.0,0.0,0.0,0.0,0.0,49.91018550209791,0.0,0.0,0.0,0.0
91,3,48.603859008800725,0.40707792,50.41894088049869,22.19330452538088,0.0,7.0,0.0,0.0,0.0,0.0,48.603859008800725,0.0,0.0,0.0,0.0
91,4,51.694808248669474,0.4086974399999999,53.625319760030585,23.691528989162922,0.0,8.0,0.0,0.0,0.0,0.0,51.694808248669474,0.0,0.0,0.0,0.0
91,5,44.77777013994135,0.3974764799999999,46.44996902483544,20.000264158822674,0.0,7.0,0.0,0.0,0.0,0.0,44.77777013994135,0.0,0.0,0.0,0.0
91,6,51.694808248669474,0.49545744,53.625319760030585,28.34406173154318,0.0,7.0,0.0,0.0,0.0,0.0,51.694808248669474,0.0,0.0,0.0,0.0
91,7,52.099258507773634,0.5784,54.04487397071955,30.377033451292476,38.880657625580525,7.0,0.0,0.0,0.0,1.0,47.88791536720514,0.0,0.0,0.0,4.211343140568497
91,8,53.13090950495807,0.68204928,55.11505135369095,36.500765369310045,36.27360558715945,7.0,0.0,0.0,0.0,1.0,49.20194818068597,0.0,0.0,0.0,3.928961324272102
91,9,29.6,0.57342576,30.705394190871374,18.623612547717848,0.0,4.0,0.0,0.0,0.0,0.0,29.6,0.0,0.0,0.0,0.0
91,10,7.4,0.53316912,7.6763485477178435,4.346879136929462,0.0,1.0,0.0,0.0,0.0,0.0,7.4,0.0,0.0,0.0,0.0
91,11,19.301349425690677,0.47382528,20.022146707148003,0.0,178.19710569361723,0.0,0.0,0.0,0.0,2.0,0.0,0.0,0.0,0.0,19.301349425690677
91,12,20.20934049904837,0.44675616,20.96404616083856,0.0,186.5800108314632,0.0,0.0,0.0,0.0,2.0,0.0,0.0,0.0,0.0,20.20934049904837
91,13,51.133156654300926,0.387528,53.0426936247935,0.0,472.0799732606621,0.0,0.0,0.0,0.0,4.0,0.0,0.0,0.0,0.0,51.133156654300926
91,14,23.823530379881944,0.42072816,24.71320578825928,0.0,219.94753151550762,0.0,0.0,0.0,0.0,2.0,0.0,0.0,0.0,0.0,23.823530379881944
91,15,24.782592047792548,0.46931376,25.7080830371292,0.0,228.8019390304499,0.0,0.0,0.0,0.0,1.0,0.0,0.0,0.0,0.0,24.782592047792548
91,16,74.32631484923036,0.5639399999999999,77.10198635812279,0.0,686.2076785872928,0.0,0.0,0.0,0.0,4.0,0.0,0.0,0.0,0.0,74.32631484923036
91,17,9.978883593926977,0.61472352,10.35153899784956,0.0,92.1286970808611,0.0,0.0,0.0,0.0,1.0,0.0,0.0,0.0,0.0,9.978883593926977
91,18,8.916169860618195,0.61564896,9.249138859562445,0.0,82.31733585010576,0.0,0.0,0.0,0.0,1.0,0.0,0.0,0.0,0.0,8.916169860618195
91,19,58.377722358046405,0.5696083200000001,60.55780327598176,23.132995684647312,197.36693878279362,5.0,0.0,0.0,0.0,2.0,37.0,0.0,0.0,0.0,21.37772235804641
91,20,58.717703264667996,0.50864496,60.9104805650083,29.05124670838498,64.83793116430179,7.0,0.0,0.0,0.0,1.0,51.69480824866947,0.0,0.0,0.0,7.022895015998531
91,21,54.18004181059567,0.45820848,56.20336287406191,26.346574340814584,22.94458371487896,7.0,0.0,0.0,0.0,1.0,51.69480824866945,0.0,0.0,0.0,2.485233561926215
91,22,51.694808248669474,0.39527856,53.625319760030585,22.97193725834145,0.0,9.0,0.0,0.0,0.0,0.0,51.694808248669474,0.0,0.0,0.0,0.0
91,23,51.69480824866946,0.51570144,53.62531976003057,29.429652704765232,0.0,9.0,0.0,0.0,0.0,0.0,51.69480824866946,0.0,0.0,0.0,0.0
92,0,51.69480824866946,0.5051745599999999,53.625319760030564,28.86514539868975,0.0,9.0,0.0,0.0,0.0,0.0,51.69480824866946,0.0,0.0,0.0,0.0
92,1,51.69480824866946,0.50297664,53.62531976003057,28.74728123588279,0.0,8.0,0.0,0.0,0.0,0.0,51.69480824866946,0.0,0.0,0.0,0.0
92,2,51.69480824866947,0.50818224,53.62531976003057,29.026433200425608,0.0,8.0,0.0,0.0,0.0,0.0,51.69480824866947,0.0,0.0,0.0,0.0
92,3,51.69480824866946,0.52599696,53.62531976003057,29.981753256861015,0.0,8.0,0.0,0.0,0.0,0.0,51.69480824866946,0.0,0.0,0.0,0.0
92,4,51.69480824866945,0.56544384,53.625319760030564,32.09710481039657,0.0,7.0,0.0,0.0,0.0,0.0,51.69480824866945,0.0,0.0,0.0,0.0
92,5,51.69480824866945,0.57805296,53.625319760030564,32.77327290228917,0.0,9.0,0.0,0.0,0.0,0.0,51.69480824866946,0.0,0.0,0.0,0.0
92,6,51.694808248669474,0.5161641599999999,53.625319760030585,29.454466212724594,0.0,7.0,0.0,0.0,0.0,0.0,51.694808248669474,0.0,0.0,0.0,0.0
92,7,51.69480824866946,0.5789784,53.62531976003057,32.8228999182079,0.0,8.0,0.0,0.0,0.0,0.0,51.69480824866946,0.0,0.0,0.0,0.0
92,8,66.52954945566799,0.66782064,69.01405545193778,37.58709344640527,136.9597476579741,8.0,0.0,0.0,0.0,2.0,51.69480824866945,0.0,0.0,0.0,14.834741206998544
92,9,25.353982629516928,0.59760288,26.300811856345366,14.524485410788383,29.118719297407342,3.0,0.0,0.0,0.0,1.0,22.200000000000003,0.0,0.0,0.0,3.1539826295169298
92,10,9.852087100192382,0.56717904,10.220007365344795,0.0,90.9580655515687,0.0,0.0,0.0,0.0,2.0,0.0,0.0,0.0,0.0,9.852087100192382
92,11,14.013457652280032,0.4997376,14.536781796970988,0.0,129.37735799304178,0.0,0.0,0.0,0.0,3.0,0.0,0.0,0.0,0.0,14.013457652280032
92,12,36.12091960139843,0.30898128,37.46983361140916,0.0,333.4815191415415,0.0,0.0,0.0,0.0,2.0,0.0,0.0,0.0,0.0,36.12091960139843
92,13,48.22443957440403,0.28491984,50.02535225560584,0.0,445.225635074892,0.0,0.0,0.0,0.0,2.0,0.0,0.0,0.0,0.0,48.22443957440403
92,14,25.44514510172192,0.29706624,26.39537873622606,0.0,234.91887075241195,0.0,0.0,0.0,0.0,3.0,0.0,0.0,0.0,0.0,25.44514510172192
92,15,7.222890188837838,0.3684408,7.492624677217675,0.0,66.68435962723731,0.0,0.0,0.0,0.0,2.0,0.0,0.0,0.0,0.0,7.222890188837838
92,16,19.058241562703646,0.5500584,19.76996012728594,0.0,175.9526451328449,0.0,0.0,0.0,0.0,2.0,0.0,0.0,0.0,0.0,19.058241562703646
92,17,0.0,1.05477024,0.0,0.0,0.0,0.0,0.0,0.0,0.0,0.0,0.0,0.0,0.0,0.0,0.0
92,18,8.428320344661651,1.1654760000000002,8.743070896951922,0.0,77.8133309828721,0.0,0.0,0.0,0.0,1.0,0.0,0.0,0.0,0.0,8.428320344661651
92,19,22.200000000000003,0.98374272,23.02904564315353,23.416917410788383,0.0,3.0,0.0,0.0,0.0,0.0,22.200000000000003,0.0,0.0,0.0,0.0
92,20,49.88254736216566,0.8992963199999999,51.745381081084716,48.24720289700101,0.0,7.0,0.0,0.0,0.0,0.0,49.88254736216566,0.0,0.0,0.0,0.0
92,21,55.33205836114925,0.7068048,57.39840078957394,39.67763149198147,33.58042116293588,9.0,0.0,0.0,0.0,1.0,51.69480824866946,0.0,0.0,0.0,3.637250112479796
92,22,51.69480824866946,0.6353145600000001,53.625319760030585,35.84394451226016,0.0,8.0,0.0,0.0,0.0,0.0,51.69480824866946,0.0,0.0,0.0,0.0
92,23,51.694808248669474,0.82433568,53.625319760030585,45.980262513659255,0.0,7.0,0.0,0.0,0.0,0.0,51.694808248669474,0.0,0.0,0.0,0.0
93,0,51.69480824866946,0.78847488,53.625319760030564,44.05721564680875,0.0,8.0,0.0,0.0,0.0,0.0,51.69480824866946,0.0,0.0,0.0,0.0
93,1,50.90004343019404,0.81126384,52.80087492758719,44.58314950921725,0.0,9.0,0.0,0.0,0.0,0.0,50.90004343019404,0.0,0.0,0.0,0.0
93,2,51.69480824866946,0.82838448,53.625319760030585,46.197380708303676,0.0,7.0,0.0,0.0,0.0,0.0,51.69480824866946,0.0,0.0,0.0,0.0
93,3,48.846147778753696,0.8958259199999999,50.67027777879015,47.0689344023182,0.0,8.0,0.0,0.0,0.0,0.0,48.846147778753696,0.0,0.0,0.0,0.0
93,4,51.694808248669474,1.2146400000000002,53.625319760030585,66.91045647738056,0.0,8.0,0.0,0.0,0.0,0.0,51.694808248669474,0.0,0.0,0.0,0.0
93,5,50.2082987551867,1.55288832,52.08329746388662,82.60350144480981,0.0,7.0,0.0,0.0,0.0,0.0,50.2082987551867,0.0,0.0,0.0,0.0
93,6,51.112119454393486,1.88569968,53.02087080331276,101.73642993071786,0.0,8.0,0.0,0.0,0.0,0.0,51.112119454393486,0.0,0.0,0.0,0.0
93,7,48.63598944506361,1.83607296,50.45227120857221,89.32629627125588,23.70125828125876,8.0,0.0,0.0,0.0,2.0,46.06879697504861,0.0,0.0,0.0,2.5671924700149935
93,8,51.69480824866948,1.2938808,53.62531976003058,71.15976971542119,0.0,8.0,0.0,0.0,0.0,0.0,51.69480824866948,0.0,0.0,0.0,0.0
93,9,10.933876873754212,1.10000112,11.342195927130927,12.85185490829149,0.0,2.0,0.0,0.0,0.0,0.0,10.933876873754212,0.0,0.0,0.0,0.0
93,10,6.929991093051636,1.00213584,7.188787440924934,7.442090404987374,0.0,1.0,0.0,0.0,0.0,0.0,6.929991093051636,0.0,0.0,0.0,0.0
93,11,0.24835521239774228,0.93677664,0.2576298883794007,0.0,2.292906006576666,0.0,0.0,0.0,0.0,1.0,0.0,0.0,0.0,0.0,0.24835521239774228
93,12,0.0,0.8664432000000001,0.0,0.0,0.0,0.0,0.0,0.0,0.0,0.0,0.0,0.0,0.0,0.0,0.0
93,13,0.0,0.82896288,0.0,0.0,0.0,0.0,0.0,0.0,0.0,0.0,0.0,0.0,0.0,0.0,0.0
93,14,0.0,0.8909673599999999,0.0,0.0,0.0,0.0,0.0,0.0,0.0,0.0,0.0,0.0,0.0,0.0,0.0
93,15,0.0,0.92578704,0.0,0.0,0.0,0.0,0.0,0.0,0.0,0.0,0.0,0.0,0.0,0.0,0.0
93,16,3.523619611948346,1.13296992,3.655207066336459,0.0,32.531342890394484,0.0,0.0,0.0,0.0,1.0,0.0,0.0,0.0,0.0,3.523619611948346
93,17,0.0,1.24564224,0.0,0.0,0.0,0.0,0.0,0.0,0.0,0.0,0.0,0.0,0.0,0.0,0.0
93,18,0.0,1.72386336,0.0,0.0,0.0,0.0,0.0,0.0,0.0,0.0,0.0,0.0,0.0,0.0,0.0
93,19,0.0,1.7513952,0.0,0.0,0.0,0.0,0.0,0.0,0.0,0.0,0.0,0.0,0.0,0.0,0.0
93,20,22.200000000000003,1.54213008,23.02904564315353,36.276045410788385,0.0,3.0,0.0,0.0,0.0,0.0,22.200000000000003,0.0,0.0,0.0,0.0
93,21,50.10310700385618,1.30394496,51.974177389892304,69.49181192930146,0.0,7.0,0.0,0.0,0.0,0.0,50.10310700385618,0.0,0.0,0.0,0.0
93,22,51.694808248669474,1.1001168,53.625319760030585,60.76911325743862,0.0,7.0,0.0,0.0,0.0,0.0,51.694808248669474,0.0,0.0,0.0,0.0
93,23,44.13659026342697,0.99334416,45.784844671604745,46.99558642967581,0.0,7.0,0.0,0.0,0.0,0.0,44.13659026342697,0.0,0.0,0.0,0.0
94,0,45.75789643861247,1.0191408,47.466697550427874,49.946395803820266,0.0,8.0,0.0,0.0,0.0,0.0,45.75789643861247,0.0,0.0,0.0,0.0
94,1,51.69480824866946,1.04158272,53.625319760030564,57.630204500579396,0.0,7.0,0.0,0.0,0.0,0.0,51.69480824866946,0.0,0.0,0.0,0.0
94,2,51.69480824866946,1.04216112,53.625319760030564,57.661221385528606,0.0,7.0,0.0,0.0,0.0,0.0,51.69480824866946,0.0,0.0,0.0,0.0
94,3,51.694808248669474,1.24656768,53.625319760030585,68.6225885265765,0.0,7.0,0.0,0.0,0.0,0.0,51.694808248669474,0.0,0.0,0.0,0.0
94,4,51.694808248669474,1.2720172799999998,53.625319760030585,69.98733146434135,0.0,7.0,0.0,0.0,0.0,0.0,51.694808248669474,0.0,0.0,0.0,0.0
94,5,51.694808248669474,1.36513968,53.625319760030585,74.98104994116285,0.0,7.0,0.0,0.0,0.0,0.0,51.694808248669474,0.0,0.0,0.0,0.0
94,6,51.694808248669474,2.02197072,53.625319760030585,110.20382448947629,0.0,7.0,0.0,0.0,0.0,0.0,51.694808248669474,0.0,0.0,0.0,0.0
94,7,51.694808248669474,2.001264,53.625319760030585,109.09342000829486,0.0,7.0,0.0,0.0,0.0,0.0,51.694808248669474,0.0,0.0,0.0,0.0
94,8,51.694808248669474,1.56526608,53.625319760030585,85.71289213358662,0.0,7.0,0.0,0.0,0.0,0.0,51.694808248669474,0.0,0.0,0.0,0.0
94,9,21.134827693151237,1.33714512,21.924095117376808,27.14651851308912,18.802698530332474,3.0,0.0,0.0,0.0,1.0,19.098220796157925,0.0,0.0,0.0,2.036606896993315
94,10,0.0,1.26056496,0.0,0.0,0.0,1.0,0.0,0.0,0.0,0.0,0.0,0.0,0.0,0.0,0.0
94,11,0.0,1.23014112,0.0,0.0,0.0,0.0,0.0,0.0,0.0,0.0,0.0,0.0,0.0,0.0,0.0
94,12,0.0,1.22065536,0.0,0.0,0.0,0.0,0.0,0.0,0.0,0.0,0.0,0.0,0.0,0.0,0.0
94,13,0.0,1.21163232,0.0,0.0,0.0,0.0,0.0,0.0,0.0,0.0,0.0,0.0,0.0,0.0,0.0
94,14,0.0,1.2273648,0.0,0.0,0.0,0.0,0.0,0.0,0.0,0.0,0.0,0.0,0.0,0.0,0.0
94,15,5.663408165275023,1.2592924799999998,5.874904735762473,0.0,52.28665214828601,0.0,0.0,0.0,0.0,1.0,0.0,0.0,0.0,0.0,5.663408165275023
94,16,0.0,1.34292912,0.0,0.0,0.0,0.0,0.0,0.0,0.0,0.0,0.0,0.0,0.0,0.0,0.0
94,17,0.0,1.3768233600000002,0.0,0.0,0.0,0.0,0.0,0.0,0.0,0.0,0.0,0.0,0.0,0.0,0.0
94,18,0.0,1.38075648,0.0,0.0,0.0,0.0,0.0,0.0,0.0,0.0,0.0,0.0,0.0,0.0,0.0
94,19,14.8,1.46948304,15.352697095435687,23.068702273858925,0.0,2.0,0.0,0.0,0.0,0.0,14.8,0.0,0.0,0.0,0.0
94,20,28.397876785493224,1.39753008,29.458378408187997,42.14404225877627,0.0,5.0,0.0,0.0,0.0,0.0,28.397876785493224,0.0,0.0,0.0,0.0
94,21,50.20829875518672,1.32314784,52.083297463886645,70.63785968547376,0.0,7.0,0.0,0.0,0.0,0.0,50.20829875518672,0.0,0.0,0.0,0.0
94,22,41.56004110617816,1.2706291200000002,43.112075836284404,56.206468691412326,0.0,6.0,0.0,0.0,0.0,0.0,41.56004110617816,0.0,0.0,0.0,0.0
94,23,48.76269144167573,1.16108016,50.58370481501632,60.40605670938895,0.0,7.0,0.0,0.0,0.0,0.0,48.76269144167573,0.0,0.0,0.0,0.0
95,0,40.05843776843242,1.14141456,41.554396025344836,48.806243163773644,0.0,7.0,0.0,0.0,0.0,0.0,40.05843776843242,0.0,0.0,0.0,0.0
95,1,51.69480824866946,1.1267231999999998,53.625319760030585,62.19588996510189,0.0,7.0,0.0,0.0,0.0,0.0,51.69480824866946,0.0,0.0,0.0,0.0
95,2,51.694808248669474,1.12660752,53.625319760030585,62.189686588112075,0.0,7.0,0.0,0.0,0.0,0.0,51.694808248669474,0.0,0.0,0.0,0.0
95,3,48.19849170113923,1.26646464,49.998435374625764,64.97619866818879,0.0,7.0,0.0,0.0,0.0,0.0,48.19849170113923,0.0,0.0,0.0,0.0
95,4,51.52819704720796,1.31030736,53.45248656349374,71.80846385969859,0.0,7.0,0.0,0.0,0.0,0.0,51.52819704720796,0.0,0.0,0.0,0.0
95,5,51.69480824866946,1.36722192,53.625319760030564,75.09271072697993,0.0,7.0,0.0,0.0,0.0,0.0,51.69480824866946,0.0,0.0,0.0,0.0
95,6,51.69480824866945,1.7352,53.625319760030564,94.82565293166205,0.0,7.0,0.0,0.0,0.0,0.0,51.69480824866945,0.0,0.0,0.0,0.0
95,7,50.103107003856174,1.98368064,51.974177389892304,104.82051473986056,0.0,7.0,0.0,0.0,0.0,0.0,50.103107003856174,0.0,0.0,0.0,0.0
95,8,46.169660522011924,1.5318345599999998,47.89383871578001,74.42687040912553,2.9792247501742772,7.0,0.0,0.0,0.0,1.0,45.846966964802036,0.0,0.0,0.0,0.32269355720988796
95,9,14.8,1.34061552,15.352697095435687,21.090238273858922,0.0,2.0,0.0,0.0,0.0,0.0,14.8,0.0,0.0,0.0,0.0
95,10,0.0,1.28902224,0.0,0.0,0.0,0.0,0.0,0.0,0.0,0.0,0.0,0.0,0.0,0.0,0.0
95,11,0.0,1.27328976,0.0,0.0,0.0,0.0,0.0,0.0,0.0,0.0,0.0,0.0,0.0,0.0,0.0
95,12,0.0,1.27606608,0.0,0.0,0.0,0.0,0.0,0.0,0.0,0.0,0.0,0.0,0.0,0.0,0.0
95,13,0.0,1.27178592,0.0,0.0,0.0,0.0,0.0,0.0,0.0,0.0,0.0,0.0,0.0,0.0,0.0
95,14,0.0,1.27178592,0.0,0.0,0.0,0.0,0.0,0.0,0.0,0.0,0.0,0.0,0.0,0.0,0.0
95,15,0.0,1.27294272,0.0,0.0,0.0,0.0,0.0,0.0,0.0,0.0,0.0,0.0,0.0,0.0,0.0
95,16,12.341553146739676,1.2893692799999998,12.802441023588877,0.0,113.941725109941,0.0,0.0,0.0,0.0,1.0,0.0,0.0,0.0,0.0,12.341553146739676
95,17,0.0,1.29064176,0.0,0.0,0.0,0.0,0.0,0.0,0.0,0.0,0.0,0.0,0.0,0.0,0.0
95,18,0.0,1.27629744,0.0,0.0,0.0,0.0,0.0,0.0,0.0,0.0,0.0,0.0,0.0,0.0,0.0
95,19,0.0,1.09710912,0.0,0.0,0.0,0.0,0.0,0.0,0.0,0.0,0.0,0.0,0.0,0.0,0.0
95,20,44.4,0.93052992,46.05809128630706,44.38295482157677,0.0,6.0,0.0,0.0,0.0,0.0,44.4,0.0,0.0,0.0,0.0
95,21,42.80829875518672,0.78384768,44.4069489161688,36.27815389294262,0.0,6.0,0.0,0.0,0.0,0.0,42.80829875518672,0.0,0.0,0.0,0.0
95,22,51.694808248669474,0.69512112,53.625319760030585,39.05109041600761,0.0,7.0,0.0,0.0,0.0,0.0,51.694808248669474,0.0,0.0,0.0,0.0
95,23,51.69480824866946,0.86852544,53.625319760030564,48.349952523778256,0.0,7.0,0.0,0.0,0.0,0.0,51.69480824866946,0.0,0.0,0.0,0.0
96,0,45.12203942872929,0.8928182400000001,46.807094843080186,43.339542876617884,0.0,7.0,0.0,0.0,0.0,0.0,45.12203942872929,0.0,0.0,0.0,0.0
96,1,51.69480824866945,0.96199488,53.625319760030585,53.36228113156927,0.0,7.0,0.0,0.0,0.0,0.0,51.69480824866945,0.0,0.0,0.0,0.0
96,2,51.694808248669474,0.9879072,53.625319760030585,54.75183757729349,0.0,7.0,0.0,0.0,0.0,0.0,51.694808248669474,0.0,0.0,0.0,0.0
96,3,45.12279799758156,1.03452624,46.807881740229824,49.97332278468622,0.0,7.0,0.0,0.0,0.0,0.0,45.12279799758156,0.0,0.0,0.0,0.0
96,4,51.69480824866947,1.06471872,53.62531976003058,58.870879898547464,0.0,8.0,0.0,0.0,0.0,0.0,51.694808248669474,0.0,0.0,0.0,0.0
96,5,51.574113910384895,1.3281220800000002,53.500118164299685,72.8255421278538,0.0,7.0,0.0,0.0,0.0,0.0,51.574113910384895,0.0,0.0,0.0,0.0
96,6,51.69480824866945,1.36085952,53.625319760030585,74.75152499253873,0.0,7.0,0.0,0.0,0.0,0.0,51.69480824866945,0.0,0.0,0.0,0.0
96,7,50.31349050651725,1.3656024,52.192417537880964,73.0016596720362,0.0,7.0,0.0,0.0,0.0,0.0,50.31349050651725,0.0,0.0,0.0,0.0
96,8,44.4,1.3569264,46.05809128630706,64.02196282157676,0.0,6.0,0.0,0.0,0.0,0.0,44.4,0.0,0.0,0.0,0.0
96,9,0.0,1.29422784,0.0,0.0,0.0,0.0,0.0,0.0,0.0,0.0,0.0,0.0,0.0,0.0,0.0
96,10,0.0,1.18664544,0.0,0.0,0.0,0.0,0.0,0.0,0.0,0.0,0.0,0.0,0.0,0.0,0.0
96,11,0.0,1.12082352,0.0,0.0,0.0,0.0,0.0,0.0,0.0,0.0,0.0,0.0,0.0,0.0,0.0
96,12,0.0,1.05222528,0.0,0.0,0.0,0.0,0.0,0.0,0.0,0.0,0.0,0.0,0.0,0.0,0.0
96,13,0.0,1.01925648,0.0,0.0,0.0,0.0,0.0,0.0,0.0,0.0,0.0,0.0,0.0,0.0,0.0
96,14,0.0,1.03579872,0.0,0.0,0.0,0.0,0.0,0.0,0.0,0.0,0.0,0.0,0.0,0.0,0.0
96,15,0.0,1.07096544,0.0,0.0,0.0,0.0,0.0,0.0,0.0,0.0,0.0,0.0,0.0,0.0,0.0
96,16,0.0,1.12568208,0.0,0.0,0.0,0.0,0.0,0.0,0.0,0.0,0.0,0.0,0.0,0.0,0.0
96,17,8.120015838670318,1.1195510400000002,8.423252944678753,0.0,74.9669512076409,0.0,0.0,0.0,0.0,1.0,0.0,0.0,0.0,0.0,8.120015838670318
96,18,0.0,1.03371648,0.0,0.0,0.0,0.0,0.0,0.0,0.0,0.0,0.0,0.0,0.0,0.0,0.0
96,19,7.4,1.01011776,7.6763485477178435,8.008103136929462,0.0,1.0,0.0,0.0,0.0,0.0,7.4,0.0,0.0,0.0,0.0
96,20,42.542205011669466,0.9595656,44.13091806189779,43.807244256464614,0.0,7.0,0.0,0.0,0.0,0.0,42.542205011669466,0.0,0.0,0.0,0.0
96,21,51.694808248669474,0.8109167999999999,53.625319760030585,45.26067078283778,0.0,7.0,0.0,0.0,0.0,0.0,51.694808248669474,0.0,0.0,0.0,0.0
96,22,51.69480824866946,0.6525508799999999,53.625319760030585,36.76824768374635,0.0,7.0,0.0,0.0,0.0,0.0,51.69480824866946,0.0,0.0,0.0,0.0
96,23,41.8472164407789,0.68852736,43.40997556097397,31.32582606173017,0.0,7.0,0.0,0.0,0.0,0.0,41.8472164407789,0.0,0.0,0.0,0.0
97,0,51.69480824866945,0.6940799999999999,53.625319760030564,38.99526002309902,0.0,7.0,0.0,0.0,0.0,0.0,51.69480824866945,0.0,0.0,0.0,0.0
97,1,47.19818473489141,0.7249665599999999,48.96077254656787,37.11552441931914,0.0,7.0,0.0,0.0,0.0,0.0,47.19818473489141,0.0,0.0,0.0,0.0
97,2,49.66175677848835,0.76105872,51.516345205900784,40.91215476779631,0.0,7.0,0.0,0.0,0.0,0.0,49.66175677848835,0.0,0.0,0.0,0.0
97,3,51.69480824866946,0.8010839999999999,53.625319760030585,44.73338373870135,0.0,7.0,0.0,0.0,0.0,0.0,51.69480824866946,0.0,0.0,0.0,0.0
97,4,51.69480824866946,0.7523827200000001,53.625319760030585,42.12176202597857,0.0,7.0,0.0,0.0,0.0,0.0,51.69480824866946,0.0,0.0,0.0,0.0
97,5,47.916990734801246,0.5873073600000001,49.70642192406769,30.838230000956962,0.0,7.0,0.0,0.0,0.0,0.0,47.916990734801246,0.0,0.0,0.0,0.0
97,6,51.69480824866946,0.5685671999999999,53.625319760030564,32.26459598912226,0.0,7.0,0.0,0.0,0.0,0.0,51.69480824866946,0.0,0.0,0.0,0.0
97,7,51.69480824866946,0.59956944,53.625319760030564,33.92710102239947,0.0,7.0,0.0,0.0,0.0,0.0,51.69480824866946,0.0,0.0,0.0,0.0
97,8,37.0,0.6940799999999999,38.38174273858922,27.910435684647304,0.0,5.0,0.0,0.0,0.0,0.0,37.0,0.0,0.0,0.0,0.0
97,9,7.4,0.70113648,7.6763485477178435,5.636255136929461,0.0,1.0,0.0,0.0,0.0,0.0,7.4,0.0,0.0,0.0,0.0
97,10,8.453509685775979,0.6553272,8.76920091885475,0.0,78.04588817780729,0.0,0.0,0.0,0.0,1.0,0.0,0.0,0.0,0.0,8.453509685775979
97,11,0.0,0.6121785599999999,0.0,0.0,0.0,0.0,0.0,0.0,0.0,0.0,0.0,0.0,0.0,0.0,0.0
97,12,0.0,0.55607376,0.0,0.0,0.0,0.0,0.0,0.0,0.0,0.0,0.0,0.0,0.0,0.0,0.0
97,13,2.244400099207672,0.54577824,2.328215870547378,0.0,20.721121247871665,0.0,0.0,0.0,0.0,1.0,0.0,0.0,0.0,0.0,2.244400099207672
97,14,0.0,0.5482075200000001,0.0,0.0,0.0,0.0,0.0,0.0,0.0,0.0,0.0,0.0,0.0,0.0,0.0
97,15,9.53629152398877,0.5648654399999999,9.892418593349346,0.0,88.04252548080919,0.0,0.0,0.0,0.0,2.0,0.0,0.0,0.0,0.0,9.53629152398877
97,16,0.0,0.6466512,0.0,0.0,0.0,0.0,0.0,0.0,0.0,0.0,0.0,0.0,0.0,0.0,0.0
97,17,3.9332867169863737,0.7154808,4.080172942931923,0.0,36.31353919209411,0.0,0.0,0.0,0.0,1.0,0.0,0.0,0.0,0.0,3.9332867169863737
97,18,0.0,0.71247312,0.0,0.0,0.0,0.0,0.0,0.0,0.0,0.0,0.0,0.0,0.0,0.0,0.0
97,19,22.200000000000003,0.68413152,23.02904564315353,16.517157410788386,0.0,3.0,0.0,0.0,0.0,0.0,22.200000000000003,0.0,0.0,0.0,0.0
97,20,47.13868097093617,0.6127569599999999,48.89904665034874,31.581789616492422,0.0,7.0,0.0,0.0,0.0,0.0,47.13868097093617,0.0,0.0,0.0,0.0
97,21,53.39087097990152,0.5917031999999999,55.38472093350781,33.505271387090325,15.658670443947448,8.0,0.0,0.0,0.0,1.0,51.69480824866946,0.0,0.0,0.0,1.6960627312320604
97,22,51.69480824866945,0.6292992,53.625319760030564,35.52136890878844,0.0,7.0,0.0,0.0,0.0,0.0,51.69480824866945,0.0,0.0,0.0,0.0
97,23,50.10310700385617,0.49603584,51.974177389892304,27.50140001150968,0.0,8.0,0.0,0.0,0.0,0.0,50.10310700385617,0.0,0.0,0.0,0.0
98,0,51.69480824866946,0.50448048,53.625319760030585,28.827925136750732,0.0,8.0,0.0,0.0,0.0,0.0,51.69480824866946,0.0,0.0,0.0,0.0
98,1,51.694808248669474,0.5108428799999999,53.625319760030585,29.169110871191936,0.0,7.0,0.0,0.0,0.0,0.0,51.694808248669474,0.0,0.0,0.0,0.0
98,2,51.694808248669474,0.5251872,53.625319760030585,29.938329617932148,0.0,8.0,0.0,0.0,0.0,0.0,51.694808248669474,0.0,0.0,0.0,0.0
98,3,47.678770824685834,0.5372179199999999,49.45930583473635,28.207528428310688,0.0,8.0,0.0,0.0,0.0,0.0,47.678770824685834,0.0,0.0,0.0,0.0
98,4,51.694808248669474,0.5535288,53.625319760030585,31.458156980443036,0.0,7.0,0.0,0.0,0.0,0.0,51.694808248669474,0.0,0.0,0.0,0.0
98,5,51.69480824866946,0.5483231999999999,53.625319760030564,31.179005015900202,0.0,7.0,0.0,0.0,0.0,0.0,51.69480824866946,0.0,0.0,0.0,0.0
98,6,46.84108139885593,0.5550326399999999,48.590333401302836,28.57756106178841,0.0,8.0,0.0,0.0,0.0,0.0,46.84108139885593,0.0,0.0,0.0,0.0
98,7,44.412680549852666,0.58962096,46.0712453836646,26.380805064045738,32.99656606712342,7.0,0.0,0.0,0.0,1.0,40.838670472469865,0.0,0.0,0.0,3.574010077382806
98,8,51.95691359847,0.62097024,53.897213276421176,35.07472576551994,2.419852295876256,7.0,0.0,0.0,0.0,2.0,51.694808248669474,0.0,0.0,0.0,0.2621053498005293
98,9,0.45699924620552523,0.6509313600000001,0.4740656080970179,0.0,4.2191839120634596,0.0,0.0,0.0,0.0,1.0,0.0,0.0,0.0,0.0,0.45699924620552523
98,10,4.48856923050188,0.61298832,4.6561921478235275,0.0,41.440110115629395,0.0,0.0,0.0,0.0,1.0,0.0,0.0,0.0,0.0,4.48856923050188
98,11,0.0,0.5795568,0.0,0.0,0.0,0.0,0.0,0.0,0.0,0.0,0.0,0.0,0.0,0.0,0.0
98,12,0.0,0.5657908799999999,0.0,0.0,0.0,0.0,0.0,0.0,0.0,0.0,0.0,0.0,0.0,0.0,0.0
98,13,0.0,0.55514832,0.0,0.0,0.0,0.0,0.0,0.0,0.0,0.0,0.0,0.0,0.0,0.0,0.0
98,14,27.958402978779134,0.59887536,29.002492716575865,0.0,258.12218517752524,0.0,0.0,0.0,0.0,4.0,0.0,0.0,0.0,0.0,27.958402978779134
98,15,1.479763621200928,0.6844785600000001,1.5350245033204648,0.0,13.661718079552138,0.0,0.0,0.0,0.0,2.0,0.0,0.0,0.0,0.0,1.479763621200928
98,16,28.451094622827686,0.7639507200000001,29.513583633638678,0.0,262.6708943393843,0.0,0.0,0.0,0.0,3.0,0.0,0.0,0.0,0.0,28.451094622827686
98,17,0.0,0.81565968,0.0,0.0,0.0,0.0,0.0,0.0,0.0,0.0,0.0,0.0,0.0,0.0,0.0
98,18,0.0,0.83555664,0.0,0.0,0.0,0.0,0.0,0.0,0.0,0.0,0.0,0.0,0.0,0.0,0.0
98,19,21.50701268354863,0.7844260799999999,22.31017913231186,12.551230273858922,61.921590128197934,2.0,0.0,0.0,0.0,1.0,14.8,0.0,0.0,0.0,6.707012683548629
98,20,51.69480824866946,0.7759814399999999,53.625319760030564,43.38725093190598,0.0,7.0,0.0,0.0,0.0,0.0,51.69480824866946,0.0,0.0,0.0,0.0
98,21,51.69480824866946,0.6744144,53.62531976003059,37.940685934826185,0.0,8.0,0.0,0.0,0.0,0.0,51.69480824866946,0.0,0.0,0.0,0.0
98,22,51.694808248669474,0.5773588799999999,53.625319760030585,32.73605264035013,0.0,8.0,0.0,0.0,0.0,0.0,51.694808248669474,0.0,0.0,0.0,0.0
98,23,51.69480824866948,0.6041966399999998,53.625319760030585,34.17523610199309,0.0,9.0,0.0,0.0,0.0,0.0,51.69480824866948,0.0,0.0,0.0,0.0
99,0,51.69480824866945,0.6119471999999999,53.625319760030585,34.5908623603124,0.0,10.0,0.0,0.0,0.0,0.0,51.69480824866945,0.0,0.0,0.0,0.0
99,1,51.69480824866945,0.6074356799999999,53.625319760030585,34.34893065770862,0.0,9.0,0.0,0.0,0.0,0.0,51.69480824866945,0.0,0.0,0.0,0.0
99,2,47.18641680040181,0.61264128,48.94856514564504,31.60810911131221,0.0,7.0,0.0,0.0,0.0,0.0,47.18641680040181,0.0,0.0,0.0,0.0
99,3,51.694808248669474,0.63438912,53.625319760030585,35.79431749634143,0.0,8.0,0.0,0.0,0.0,0.0,51.694808248669474,0.0,0.0,0.0,0.0
99,4,51.69480824866945,0.61969776,53.625319760030585,35.00648861863171,0.0,9.0,0.0,0.0,0.0,0.0,51.69480824866945,0.0,0.0,0.0,0.0
99,5,51.69480824866948,0.6031555200000001,53.625319760030585,34.11940570908454,0.0,10.0,0.0,0.0,0.0,0.0,51.69480824866948,0.0,0.0,0.0,0.0
99,6,51.69480824866948,0.6127569599999999,53.625319760030585,34.63428599924128,0.0,8.0,0.0,0.0,0.0,0.0,51.69480824866948,0.0,0.0,0.0,0.0
99,7,53.52204365999154,0.61264128,55.520792178414474,34.62808262225144,16.869704523616623,8.0,0.0,0.0,0.0,1.0,51.694808248669474,0.0,0.0,0.0,1.82723541132207
99,8,51.694808248669474,0.6121785599999999,53.625319760030585,34.60326911429208,0.0,7.0,0.0,0.0,0.0,0.0,51.694808248669474,0.0,0.0,0.0,0.0
99,9,22.200000000000003,0.5784,23.02904564315353,14.082261410788384,0.0,3.0,0.0,0.0,0.0,0.0,22.200000000000003,0.0,0.0,0.0,0.0
99,10,14.8,0.5762020800000001,15.352697095435687,9.354430273858924,0.0,2.0,0.0,0.0,0.0,0.0,14.8,0.0,0.0,0.0,0.0
99,11,9.786459974238573,0.5546856,10.151929433857442,0.0,90.35217196133124,0.0,0.0,0.0,0.0,1.0,0.0,0.0,0.0,0.0,9.786459974238573
99,12,7.4277571379618035,0.56879856,7.705142259296477,0.0,68.57576610773864,0.0,0.0,0.0,0.0,1.0,0.0,0.0,0.0,0.0,7.4277571379618035
99,13,20.06151512302104,0.55885008,20.810700335084064,0.0,185.2152329822482,0.0,0.0,0.0,0.0,3.0,0.0,0.0,0.0,0.0,20.06151512302104
99,14,0.4715149665818673,0.56463408,0.48912340931728976,0.0,4.353198342923879,0.0,0.0,0.0,0.0,1.0,0.0,0.0,0.0,0.0,0.4715149665818673
99,15,0.0,0.5696083200000001,0.0,0.0,0.0,0.0,0.0,0.0,0.0,0.0,0.0,0.0,0.0,0.0,0.0
99,16,0.0,0.60523776,0.0,0.0,0.0,0.0,0.0,0.0,0.0,0.0,0.0,0.0,0.0,0.0,0.0
99,17,14.631461532025554,0.6589132799999999,15.177864659777548,0.0,135.08299547202017,0.0,0.0,0.0,0.0,1.0,0.0,0.0,0.0,0.0,14.631461532025554
99,18,0.0,0.6924604799999999,0.0,0.0,0.0,0.0,0.0,0.0,0.0,0.0,0.0,0.0,0.0,0.0,0.0
99,19,20.60829875518672,0.6557899199999999,21.37790327301527,14.727022075515228,0.0,3.0,0.0,0.0,0.0,0.0,20.60829875518672,0.0,0.0,0.0,0.0
99,20,41.87165672710736,0.6081297600000001,43.43532855509063,27.85202530490191,0.0,6.0,0.0,0.0,0.0,0.0,41.87165672710736,0.0,0.0,0.0,0.0
99,21,43.22529190644971,0.57759024,44.83951442577772,27.383053826161664,0.0,6.0,0.0,0.0,0.0,0.0,43.22529190644971,0.0,0.0,0.0,0.0
99,22,48.511405759042894,0.53363184,50.323035019754045,28.51966623112965,0.0,7.0,0.0,0.0,0.0,0.0,48.511405759042894,0.0,0.0,0.0,0.0
99,23,49.63909540007488,0.43692336,51.4928375519449,24.202836522099318,0.0,7.0,0.0,0.0,0.0,0.0,49.63909540007488,0.0,0.0,0.0,0.0
100,0,51.694808248669474,0.4302139199999999,53.625319760030585,24.84535710927323,0.0,7.0,0.0,0.0,0.0,0.0,51.694808248669474,0.0,0.0,0.0,0.0
100,1,50.627842324366384,0.44548368,52.518508635234845,25.13450113076247,0.0,7.0,0.0,0.0,0.0,0.0,50.627842324366384,0.0,0.0,0.0,0.0
100,2,46.392780370470284,0.46237296,48.125290840736824,23.844780303720757,0.0,7.0,0.0,0.0,0.0,0.0,46.392780370470284,0.0,0.0,0.0,0.0
100,3,51.69480824866945,0.48203856,53.625319760030564,27.624470000721693,0.0,7.0,0.0,0.0,0.0,0.0,51.69480824866945,0.0,0.0,0.0,0.0
100,4,43.93638215174279,0.5280792,45.57715990844687,25.57695413569429,0.0,7.0,0.0,0.0,0.0,0.0,43.93638215174279,0.0,0.0,0.0,0.0
100,5,51.69480824866946,0.56382432,53.625319760030564,32.01025753253881,0.0,7.0,0.0,0.0,0.0,0.0,51.69480824866946,0.0,0.0,0.0,0.0
100,6,51.69480824866946,0.55954416,53.625319760030564,31.780732583914716,0.0,7.0,0.0,0.0,0.0,0.0,51.69480824866946,0.0,0.0,0.0,0.0
100,7,45.84987987885824,0.5772432,47.5621160569069,29.029214112943936,0.0,7.0,0.0,0.0,0.0,0.0,45.84987987885824,0.0,0.0,0.0,0.0
100,8,51.69480824866945,0.55676784,53.625319760030564,31.631851536158557,0.0,7.0,0.0,0.0,0.0,0.0,51.69480824866945,0.0,0.0,0.0,0.0
100,9,7.4,0.3175416,7.6763485477178435,2.691647136929461,0.0,2.0,0.0,0.0,0.0,0.0,7.4,0.0,0.0,0.0,0.0
100,10,0.0,0.15639936,0.0,0.0,0.0,0.0,0.0,0.0,0.0,0.0,0.0,0.0,0.0,0.0,0.0
100,11,0.0,0.15281328,0.0,0.0,0.0,0.0,0.0,0.0,0.0,0.0,0.0,0.0,0.0,0.0,0.0
100,12,2.2045657231747824,0.11556432,2.2868939037082807,0.0,20.3533557430037,0.0,0.0,0.0,0.0,1.0,0.0,0.0,0.0,0.0,2.2045657231747824
100,13,0.0,0.02035968,0.0,0.0,0.0,0.0,0.0,0.0,0.0,0.0,0.0,0.0,0.0,0.0,0.0
100,14,0.0,0.02556528,0.0,0.0,0.0,0.0,0.0,0.0,0.0,0.0,0.0,0.0,0.0,0.0,0.0
100,15,0.0,0.04835424,0.0,0.0,0.0,0.0,0.0,0.0,0.0,0.0,0.0,0.0,0.0,0.0,0.0
100,16,0.0,0.29544672,0.0,0.0,0.0,0.0,0.0,0.0,0.0,0.0,0.0,0.0,0.0,0.0,0.0
100,17,0.0,0.44571504,0.0,0.0,0.0,0.0,0.0,0.0,0.0,0.0,0.0,0.0,0.0,0.0,0.0
100,18,0.0,0.51755232,0.0,0.0,0.0,0.0,0.0,0.0,0.0,0.0,0.0,0.0,0.0,0.0,0.0
100,19,7.4,0.41783616,7.6763485477178435,3.4615431369294614,0.0,1.0,0.0,0.0,0.0,0.0,7.4,0.0,0.0,0.0,0.0
100,20,29.6,0.30285024,30.705394190871374,10.315484547717844,0.0,4.0,0.0,0.0,0.0,0.0,29.6,0.0,0.0,0.0,0.0
100,21,50.20829875518672,0.17328864,52.083297463886645,10.749400930287015,0.0,7.0,0.0,0.0,0.0,0.0,50.20829875518672,0.0,0.0,0.0,0.0
100,22,51.69480824866945,0.034704,53.625319760030564,3.6360111810091134,0.0,7.0,0.0,0.0,0.0,0.0,51.69480824866945,0.0,0.0,0.0,0.0
100,23,37.85058450564903,0.01723632,39.26409181083925,1.9764098898997835,0.0,7.0,0.0,0.0,0.0,0.0,37.85058450564903,0.0,0.0,0.0,0.0
101,0,46.96947777115424,0.01145232,48.72352465887369,2.1707460621300316,0.0,7.0,0.0,0.0,0.0,0.0,46.96947777115424,0.0,0.0,0.0,0.0
101,1,51.694808248669474,0.0083289599999999,53.625319760030585,2.2216412273255113,0.0,7.0,0.0,0.0,0.0,0.0,51.694808248669474,0.0,0.0,0.0,0.0
101,2,51.14804668316042,0.01260912,53.05813971282202,2.4252408751101475,0.0,7.0,0.0,0.0,0.0,0.0,51.14804668316042,0.0,0.0,0.0,0.0
101,3,44.4,0.07276272,46.05809128630706,4.875834821576764,0.0,6.0,0.0,0.0,0.0,0.0,44.4,0.0,0.0,0.0,0.0
101,4,31.116354349863713,0.3835948799999999,32.27837588160136,13.450233964578771,0.0,5.0,0.0,0.0,0.0,0.0,31.116354349863713,0.0,0.0,0.0,0.0
101,5,37.902802122267005,0.4523088,39.31825946293259,19.08542914399075,0.0,7.0,0.0,0.0,0.0,0.0,37.902802122267005,0.0,0.0,0.0,0.0
101,6,45.85471106362148,0.5396472,47.56712765935839,27.243939178940074,0.0,7.0,0.0,0.0,0.0,0.0,45.85471106362148,0.0,0.0,0.0,0.0
101,7,43.67545721733059,0.62675424,45.30649088934709,29.895680112857047,0.0,7.0,0.0,0.0,0.0,0.0,43.67545721733059,0.0,0.0,0.0,0.0
101,8,50.2082987551867,0.610212,52.08329746388662,33.505810258087834,0.0,7.0,0.0,0.0,0.0,0.0,50.2082987551867,0.0,0.0,0.0,0.0
101,9,14.8,0.4626043199999999,15.352697095435687,7.610398273858921,0.0,2.0,0.0,0.0,0.0,0.0,14.8,0.0,0.0,0.0,0.0
101,10,0.0,0.36635856,0.0,0.0,0.0,0.0,0.0,0.0,0.0,0.0,0.0,0.0,0.0,0.0,0.0
101,11,0.0,0.35779824,0.0,0.0,0.0,0.0,0.0,0.0,0.0,0.0,0.0,0.0,0.0,0.0,0.0
101,12,0.0,0.33477792,0.0,0.0,0.0,0.0,0.0,0.0,0.0,0.0,0.0,0.0,0.0,0.0,0.0
101,13,1.5589844664563652,0.29706624,1.6172038033779723,0.0,14.393113850063955,0.0,0.0,0.0,0.0,1.0,0.0,0.0,0.0,0.0,1.5589844664563652
101,14,0.0,0.31788864,0.0,0.0,0.0,0.0,0.0,0.0,0.0,0.0,0.0,0.0,0.0,0.0,0.0
101,15,0.0,0.4086974399999999,0.0,0.0,0.0,0.0,0.0,0.0,0.0,0.0,0.0,0.0,0.0,0.0,0.0
101,16,13.145759734693824,0.5548012800000001,13.636680222711437,0.0,121.36645398213179,0.0,0.0,0.0,0.0,1.0,0.0,0.0,0.0,0.0,13.145759734693824
101,17,17.094357620778595,0.51859344,17.732736121139624,0.0,157.82135147814265,0.0,0.0,0.0,0.0,1.0,0.0,0.0,0.0,0.0,17.094357620778595
101,18,1.8722697623939388,0.46931376,1.9421885502011815,0.0,17.285478096790516,0.0,0.0,0.0,0.0,1.0,0.0,0.0,0.0,0.0,1.8722697623939388
101,19,2.9679518634933446,0.45566352,3.0787882401383246,1.504799377584613,0.0,1.0,0.0,0.0,0.0,0.0,2.9679518634933446,0.0,0.0,0.0,0.0
101,20,29.6,0.43923696,30.705394190871374,14.503292547717844,0.0,4.0,0.0,0.0,0.0,0.0,29.6,0.0,0.0,0.0,0.0
101,21,14.8,0.40615248,15.352697095435687,6.743710273858922,0.0,2.0,0.0,0.0,0.0,0.0,14.8,0.0,0.0,0.0,0.0
101,22,50.208298755186725,0.36936624,52.083297463886645,20.961768897091996,0.0,7.0,0.0,0.0,0.0,0.0,50.208298755186725,0.0,0.0,0.0,0.0
101,23,51.694808248669474,0.39296496,53.625319760030585,22.847869718544644,0.0,7.0,0.0,0.0,0.0,0.0,51.694808248669474,0.0,0.0,0.0,0.0
102,0,51.694808248669474,0.40464864,53.625319760030585,23.474410794518516,0.0,7.0,0.0,0.0,0.0,0.0,51.694808248669474,0.0,0.0,0.0,0.0
102,1,37.0,0.42153792,38.38174273858922,17.449795684647306,0.0,5.0,0.0,0.0,0.0,0.0,37.0,0.0,0.0,0.0,0.0
102,2,51.69480824866946,0.44548368,53.625319760030564,25.664202871932147,0.0,7.0,0.0,0.0,0.0,0.0,51.69480824866946,0.0,0.0,0.0,0.0
102,3,44.294808248669455,0.45531648,45.94897121231272,22.442234779139113,0.0,7.0,0.0,0.0,0.0,0.0,44.294808248669455,0.0,0.0,0.0,0.0
102,4,50.090880803975516,0.5360611200000001,51.961494609933105,29.574462469063494,0.0,7.0,0.0,0.0,0.0,0.0,50.090880803975516,0.0,0.0,0.0,0.0
102,5,51.694808248669474,0.55688352,53.625319760030585,31.638054913148395,0.0,7.0,0.0,0.0,0.0,0.0,51.694808248669474,0.0,0.0,0.0,0.0
102,6,29.6,0.6675892800000001,30.705394190871374,21.51494054771785,0.0,4.0,0.0,0.0,0.0,0.0,29.6,0.0,0.0,0.0,0.0
102,7,51.69480824866946,0.6881803200000001,53.625319760030564,38.67888779661717,0.0,7.0,0.0,0.0,0.0,0.0,51.69480824866946,0.0,0.0,0.0,0.0
102,8,22.200000000000003,0.63207552,23.02904564315353,15.318357410788384,0.0,3.0,0.0,0.0,0.0,0.0,22.200000000000003,0.0,0.0,0.0,0.0
102,9,22.200000000000003,0.57851568,23.02904564315353,14.084925410788383,0.0,3.0,0.0,0.0,0.0,0.0,22.200000000000003,0.0,0.0,0.0,0.0
102,10,7.4,0.61264128,7.6763485477178435,4.956935136929461,0.0,1.0,0.0,0.0,0.0,0.0,7.4,0.0,0.0,0.0,0.0
102,11,0.0,0.5810606399999999,0.0,0.0,0.0,0.0,0.0,0.0,0.0,0.0,0.0,0.0,0.0,0.0,0.0
102,12,0.0,0.5372179199999999,0.0,0.0,0.0,0.0,0.0,0.0,0.0,0.0,0.0,0.0,0.0,0.0,0.0
102,13,0.0,0.45207744,0.0,0.0,0.0,0.0,0.0,0.0,0.0,0.0,0.0,0.0,0.0,0.0,0.0
102,14,0.0,0.4037232,0.0,0.0,0.0,0.0,0.0,0.0,0.0,0.0,0.0,0.0,0.0,0.0,0.0
102,15,0.0,0.3719112,0.0,0.0,0.0,0.0,0.0,0.0,0.0,0.0,0.0,0.0,0.0,0.0,0.0
102,16,0.0,0.40696224,0.0,0.0,0.0,0.0,0.0,0.0,0.0,0.0,0.0,0.0,0.0,0.0,0.0
102,17,0.0,0.4285944,0.0,0.0,0.0,0.0,0.0,0.0,0.0,0.0,0.0,0.0,0.0,0.0,0.0
102,18,0.0,0.37642272,0.0,0.0,0.0,0.0,0.0,0.0,0.0,0.0,0.0,0.0,0.0,0.0,0.0
102,19,7.4,0.3141868799999999,7.6763485477178435,2.66589513692946,0.0,1.0,0.0,0.0,0.0,0.0,7.4,0.0,0.0,0.0,0.0
102,20,22.200000000000003,0.29278608,23.02904564315353,7.504845410788384,0.0,3.0,0.0,0.0,0.0,0.0,22.200000000000003,0.0,0.0,0.0,0.0
102,21,29.6,0.22893072,30.705394190871374,8.045756547717843,0.0,5.0,0.0,0.0,0.0,0.0,29.6,0.0,0.0,0.0,0.0
102,22,36.89629921698905,0.0812073599999999,38.27416931222931,4.375019250273944,0.0,6.0,0.0,0.0,0.0,0.0,36.89629921698905,0.0,0.0,0.0,0.0
102,23,44.97142049892583,0.0167736,46.650851139964566,2.3266458894141366,0.0,7.0,0.0,0.0,0.0,0.0,44.97142049892583,0.0,0.0,0.0,0.0
103,0,44.4,0.0113366399999999,46.05809128630706,2.046666821576759,0.0,6.0,0.0,0.0,0.0,0.0,44.4,0.0,0.0,0.0,0.0
103,1,48.45846140126395,0.0092544,50.268113486788344,2.129075785864828,0.0,7.0,0.0,0.0,0.0,0.0,48.45846140126395,0.0,0.0,0.0,0.0
103,2,46.56955180735153,0.00821328,48.30866370057214,1.9957893498875725,0.0,7.0,0.0,0.0,0.0,0.0,46.56955180735153,0.0,0.0,0.0,0.0
103,3,51.694808248669474,0.00913872,53.625319760030585,2.2650648662543986,0.0,7.0,0.0,0.0,0.0,0.0,51.694808248669474,0.0,0.0,0.0,0.0
103,4,47.73836131181554,0.04604064,49.52112169275472,3.9191332642824923,0.0,7.0,0.0,0.0,0.0,0.0,47.73836131181554,0.0,0.0,0.0,0.0
103,5,51.69480824866945,0.29278608,53.625319760030585,17.47574524534291,0.0,7.0,0.0,0.0,0.0,0.0,51.69480824866945,0.0,0.0,0.0,0.0
103,6,44.4,0.3208963199999999,46.05809128630706,16.304394821576764,0.0,6.0,0.0,0.0,0.0,0.0,44.4,0.0,0.0,0.0,0.0
103,7,45.17239976469011,0.33766992,46.85933585548768,17.3740322063923,0.0,7.0,0.0,0.0,0.0,0.0,45.17239976469011,0.0,0.0,0.0,0.0
103,8,22.200000000000003,0.3244824,23.02904564315353,8.234781410788383,0.0,3.0,0.0,0.0,0.0,0.0,22.200000000000003,0.0,0.0,0.0,0.0
103,9,0.0,0.31603776,0.0,0.0,0.0,0.0,0.0,0.0,0.0,0.0,0.0,0.0,0.0,0.0,0.0
103,10,0.0,0.3004209599999999,0.0,0.0,0.0,0.0,0.0,0.0,0.0,0.0,0.0,0.0,0.0,0.0,0.0
103,11,0.0,0.28503552,0.0,0.0,0.0,0.0,0.0,0.0,0.0,0.0,0.0,0.0,0.0,0.0,0.0
103,12,6.327530090074958,0.2828376,6.563827894268629,0.0,58.4180682589908,0.0,0.0,0.0,0.0,1.0,0.0,0.0,0.0,0.0,6.327530090074958
103,13,0.0,0.24188688,0.0,0.0,0.0,0.0,0.0,0.0,0.0,0.0,0.0,0.0,0.0,0.0,0.0
103,14,0.0,0.2550744,0.0,0.0,0.0,0.0,0.0,0.0,0.0,0.0,0.0,0.0,0.0,0.0,0.0
103,15,0.0,0.27231072,0.0,0.0,0.0,0.0,0.0,0.0,0.0,0.0,0.0,0.0,0.0,0.0,0.0
103,16,0.0,0.2903568,0.0,0.0,0.0,0.0,0.0,0.0,0.0,0.0,0.0,0.0,0.0,0.0,0.0
103,17,8.804791569854977,0.28989408,9.133601213542509,0.0,81.28905080052833,0.0,0.0,0.0,0.0,1.0,0.0,0.0,0.0,0.0,8.804791569854977
103,18,0.0,0.29105088,0.0,0.0,0.0,0.0,0.0,0.0,0.0,0.0,0.0,0.0,0.0,0.0,0.0
103,19,14.8,0.27554976,15.352697095435687,4.738606273858922,0.0,2.0,0.0,0.0,0.0,0.0,14.8,0.0,0.0,0.0,0.0
103,20,14.8,0.2377224,15.352697095435687,4.157854273858922,0.0,2.0,0.0,0.0,0.0,0.0,14.8,0.0,0.0,0.0,0.0
103,21,50.45685375720253,0.1920288,52.341134602907196,11.783496823790973,0.0,7.0,0.0,0.0,0.0,0.0,50.45685375720253,0.0,0.0,0.0,0.0
103,22,51.694808248669474,0.12574416,53.625319760030585,8.51806887201346,0.0,7.0,0.0,0.0,0.0,0.0,51.694808248669474,0.0,0.0,0.0,0.0
103,23,51.694808248669474,0.18948384,53.625319760030585,11.936129593415483,0.0,7.0,0.0,0.0,0.0,0.0,51.694808248669474,0.0,0.0,0.0,0.0
104,0,51.69480824866946,0.20267136,53.625319760030564,12.643314570257282,0.0,7.0,0.0,0.0,0.0,0.0,51.69480824866946,0.0,0.0,0.0,0.0
104,1,45.55382393615828,0.23448336,47.255004083151746,12.644652769383466,0.0,7.0,0.0,0.0,0.0,0.0,45.55382393615828,0.0,0.0,0.0,0.0
104,2,51.69480824866946,0.27277344,53.625319760030564,16.402561026100525,0.0,7.0,0.0,0.0,0.0,0.0,51.69480824866946,0.0,0.0,0.0,0.0
104,3,24.122421811355952,0.30643632,25.023259140410744,8.496305322941426,0.0,4.0,0.0,0.0,0.0,0.0,24.122421811355952,0.0,0.0,0.0,0.0
104,4,35.121287369828906,0.3186984,36.432870715590155,12.817025625151471,0.0,7.0,0.0,0.0,0.0,0.0,35.121287369828906,0.0,0.0,0.0,0.0
104,5,44.540698668835496,0.39493152,46.20404426227749,19.776787295729914,0.0,7.0,0.0,0.0,0.0,0.0,44.540698668835496,0.0,0.0,0.0,0.0
104,6,44.331180505157946,0.51038016,45.98670176883605,24.9928600351993,0.0,7.0,0.0,0.0,0.0,0.0,44.331180505157946,0.0,0.0,0.0,0.0
104,7,31.97514525704481,0.56995536,33.16923781851122,20.002886653567895,0.0,6.0,0.0,0.0,0.0,0.0,31.97514525704481,0.0,0.0,0.0,0.0
104,8,14.195288391342427,0.5642870400000001,14.725402895583432,8.796764848600017,0.0,2.0,0.0,0.0,0.0,0.0,14.195288391342427,0.0,0.0,0.0,0.0
104,9,0.0,0.51257808,0.0,0.0,0.0,0.0,0.0,0.0,0.0,0.0,0.0,0.0,0.0,0.0,0.0
104,10,0.0,0.4567046399999999,0.0,0.0,0.0,0.0,0.0,0.0,0.0,0.0,0.0,0.0,0.0,0.0,0.0
104,11,0.0,0.4257024,0.0,0.0,0.0,0.0,0.0,0.0,0.0,0.0,0.0,0.0,0.0,0.0,0.0
104,12,0.0,0.40649952,0.0,0.0,0.0,0.0,0.0,0.0,0.0,0.0,0.0,0.0,0.0,0.0,0.0
104,13,0.0,0.3881064,0.0,0.0,0.0,0.0,0.0,0.0,0.0,0.0,0.0,0.0,0.0,0.0,0.0
104,14,0.0,0.3893788799999999,0.0,0.0,0.0,0.0,0.0,0.0,0.0,0.0,0.0,0.0,0.0,0.0,0.0
104,15,0.0,0.39365904,0.0,0.0,0.0,0.0,0.0,0.0,0.0,0.0,0.0,0.0,0.0,0.0,0.0
104,16,0.0,0.41320896,0.0,0.0,0.0,0.0,0.0,0.0,0.0,0.0,0.0,0.0,0.0,0.0,0.0
104,17,3.44605000644246,0.42084384,3.574740670583465,0.0,31.81519196819284,0.0,0.0,0.0,0.0,1.0,0.0,0.0,0.0,0.0,3.44605000644246
104,18,0.0,0.39284928,0.0,0.0,0.0,0.0,0.0,0.0,0.0,0.0,0.0,0.0,0.0,0.0,0.0
104,19,0.0,0.36797808,0.0,0.0,0.0,0.0,0.0,0.0,0.0,0.0,0.0,0.0,0.0,0.0,0.0
104,20,32.00646301163139,0.34114032,33.2017251158002,12.425424231889107,0.0,5.0,0.0,0.0,0.0,0.0,32.00646301163139,0.0,0.0,0.0,0.0
104,21,51.69480824866946,0.32818416,53.625319760030564,19.373978604234047,0.0,7.0,0.0,0.0,0.0,0.0,51.69480824866946,0.0,0.0,0.0,0.0
104,22,44.4,0.31025376,46.05809128630706,15.814218821576766,0.0,6.0,0.0,0.0,0.0,0.0,44.4,0.0,0.0,0.0,0.0
104,23,51.69480824866946,0.32633328,53.625319760030585,19.27472457239661,0.0,7.0,0.0,0.0,0.0,0.0,51.69480824866946,0.0,0.0,0.0,0.0
105,0,51.694808248669474,0.3256392,53.625319760030585,19.237504310457567,0.0,7.0,0.0,0.0,0.0,0.0,51.694808248669474,0.0,0.0,0.0,0.0
105,1,49.62719450112571,0.33072912,51.480492221084766,18.730102181964117,0.0,7.0,0.0,0.0,0.0,0.0,49.62719450112571,0.0,0.0,0.0,0.0
105,2,51.694808248669474,0.3461145599999999,53.625319760030585,20.3355020376593,0.0,7.0,0.0,0.0,0.0,0.0,51.694808248669474,0.0,0.0,0.0,0.0
105,3,43.04195556486741,0.37387776,44.64933149882513,18.17128491888929,0.0,7.0,0.0,0.0,0.0,0.0,43.04195556486741,0.0,0.0,0.0,0.0
105,4,46.317995421926064,0.43969968,48.047713093284315,22.71694337523663,0.0,7.0,0.0,0.0,0.0,0.0,46.317995421926064,0.0,0.0,0.0,0.0
105,5,47.07261290898756,0.45242448,48.83051131637715,23.70840861501813,0.0,7.0,0.0,0.0,0.0,0.0,47.07261290898756,0.0,0.0,0.0,0.0
105,6,43.98698395645355,0.47625456,45.6296514071095,23.24167101542164,0.0,8.0,0.0,0.0,0.0,0.0,43.98698395645355,0.0,0.0,0.0,0.0
105,7,48.34233371012996,0.5789784,50.147649076898304,30.694292810749396,0.0,7.0,0.0,0.0,0.0,0.0,48.34233371012996,0.0,0.0,0.0,0.0
105,8,40.8754974346029,0.5786313599999999,42.40196829315654,25.93861373064953,0.0,6.0,0.0,0.0,0.0,0.0,40.8754974346029,0.0,0.0,0.0,0.0
105,9,29.6,0.50818224,30.705394190871374,16.620284547717844,0.0,4.0,0.0,0.0,0.0,0.0,29.6,0.0,0.0,0.0,0.0
105,10,0.0,0.4789152,0.0,0.0,0.0,0.0,0.0,0.0,0.0,0.0,0.0,0.0,0.0,0.0,0.0
105,11,0.0,0.4690824,0.0,0.0,0.0,0.0,0.0,0.0,0.0,0.0,0.0,0.0,0.0,0.0,0.0
105,12,0.0,0.46283568,0.0,0.0,0.0,0.0,0.0,0.0,0.0,0.0,0.0,0.0,0.0,0.0,0.0
105,13,14.324320334570142,0.46352976,14.859253459097658,0.0,132.24735578596918,0.0,0.0,0.0,0.0,2.0,0.0,0.0,0.0,0.0,14.324320334570142
105,14,13.9781573425057,0.47058624,14.50016321836691,0.0,129.0514526434655,0.0,0.0,0.0,0.0,1.0,0.0,0.0,0.0,0.0,13.9781573425057
105,15,0.0,0.47637024,0.0,0.0,0.0,0.0,0.0,0.0,0.0,0.0,0.0,0.0,0.0,0.0,0.0
105,16,18.291799885652583,0.52969872,18.974896146942516,0.0,168.8765757077884,0.0,0.0,0.0,0.0,4.0,0.0,0.0,0.0,0.0,18.291799885652583
105,17,0.0,0.59899104,0.0,0.0,0.0,0.0,0.0,0.0,0.0,0.0,0.0,0.0,0.0,0.0,0.0
105,18,1.783312207076693,0.63080304,1.8499089285027936,0.0,16.464189463674863,0.0,0.0,0.0,0.0,1.0,0.0,0.0,0.0,0.0,1.783312207076693
105,19,22.200000000000003,0.60512208,23.02904564315353,14.697645410788384,0.0,3.0,0.0,0.0,0.0,0.0,22.200000000000003,0.0,0.0,0.0,0.0
105,20,51.69480824866945,0.57851568,53.625319760030564,32.79808641024853,0.0,7.0,0.0,0.0,0.0,0.0,51.69480824866945,0.0,0.0,0.0,0.0
105,21,51.69480824866947,0.5424235199999999,53.62531976003057,30.86263278941835,0.0,10.0,0.0,0.0,0.0,0.0,51.69480824866947,0.0,0.0,0.0,0.0
105,22,51.69480824866946,0.5050588799999999,53.625319760030564,28.858942021699914,0.0,8.0,0.0,0.0,0.0,0.0,51.694808248669474,0.0,0.0,0.0,0.0
105,23,51.69480824866948,0.63866928,53.625319760030585,36.023842444965524,0.0,10.0,0.0,0.0,0.0,0.0,51.69480824866945,0.0,0.0,0.0,0.0
106,0,51.694808248669474,0.642024,53.625319760030585,36.20374037767089,0.0,7.0,0.0,0.0,0.0,0.0,51.694808248669474,0.0,0.0,0.0,0.0
106,1,51.69480824866946,0.68285904,53.62531976003057,38.39353245508452,0.0,8.0,0.0,0.0,0.0,0.0,51.69480824866946,0.0,0.0,0.0,0.0
106,2,51.694808248669474,0.72323136,53.62531976003058,40.5585110245388,0.0,8.0,0.0,0.0,0.0,0.0,51.694808248669474,0.0,0.0,0.0,0.0
106,3,51.69480824866947,0.75689424,53.62531976003058,42.36369372858235,0.0,8.0,0.0,0.0,0.0,0.0,51.69480824866947,0.0,0.0,0.0,0.0
106,4,51.69480824866946,0.7622155199999999,53.625319760030564,42.649049070114984,0.0,8.0,0.0,0.0,0.0,0.0,51.69480824866946,0.0,0.0,0.0,0.0
106,5,51.69480824866945,0.77089152,53.625319760030564,43.114302344353014,0.0,8.0,0.0,0.0,0.0,0.0,51.69480824866945,0.0,0.0,0.0,0.0
106,6,51.694808248669474,0.7800302400000001,53.625319760030585,43.60436912655042,0.0,9.0,0.0,0.0,0.0,0.0,51.694808248669474,0.0,0.0,0.0,0.0
106,7,51.694808248669474,0.80976,53.625319760030585,45.198637012939386,0.0,8.0,0.0,0.0,0.0,0.0,51.694808248669474,0.0,0.0,0.0,0.0
106,8,51.69480824866946,0.8190143999999999,53.625319760030585,45.694907172126605,0.0,8.0,0.0,0.0,0.0,0.0,51.69480824866946,0.0,0.0,0.0,0.0
106,9,32.73341628476985,0.8139244800000001,33.95582602154549,26.008220547717848,28.928843292999662,4.0,0.0,0.0,0.0,1.0,29.6,0.0,0.0,0.0,3.1334162847698503
106,10,11.917364008579165,0.7948372799999999,12.362410797281292,0.0,110.0254560958035,0.0,0.0,0.0,0.0,1.0,0.0,0.0,0.0,0.0,11.917364008579165
106,11,24.558275778041548,0.7578196800000001,25.475389811246423,0.0,226.73096932009318,0.0,0.0,0.0,0.0,2.0,0.0,0.0,0.0,0.0,24.558275778041548
106,12,0.0,0.7288996799999999,0.0,0.0,0.0,0.0,0.0,0.0,0.0,0.0,0.0,0.0,0.0,0.0,0.0
106,13,1.5262556208902514,0.71039088,1.583252718765821,0.0,14.090949197015807,0.0,0.0,0.0,0.0,1.0,0.0,0.0,0.0,0.0,1.5262556208902514
106,14,15.813161062462147,0.72542928,16.40369404819725,0.0,145.99287702895552,0.0,0.0,0.0,0.0,3.0,0.0,0.0,0.0,0.0,15.813161062462147
106,15,16.141646369934783,0.7910198399999999,16.74444644184106,0.0,149.02557333238545,0.0,0.0,0.0,0.0,2.0,0.0,0.0,0.0,0.0,16.141646369934783
106,16,35.48082790456269,0.8877283199999999,36.8058380752725,0.0,327.57195886992525,0.0,0.0,0.0,0.0,3.0,0.0,0.0,0.0,0.0,35.48082790456269
106,17,4.242088673309831,1.01231568,4.400506922520572,0.0,39.164511610433095,0.0,0.0,0.0,0.0,1.0,0.0,0.0,0.0,0.0,4.242088673309831
106,18,0.0,1.19948592,0.0,0.0,0.0,0.0,0.0,0.0,0.0,0.0,0.0,0.0,0.0,0.0,0.0
106,19,14.048628411826723,1.21336752,14.573265987372121,18.16510271358008,0.0,2.0,0.0,0.0,0.0,0.0,14.048628411826723,0.0,0.0,0.0,0.0
106,20,51.69480824866945,1.21591248,53.625319760030564,66.97869362426879,0.0,7.0,0.0,0.0,0.0,0.0,51.69480824866945,0.0,0.0,0.0,0.0
106,21,45.773502566439795,1.0699243200000002,47.48288647970934,52.37477857091859,0.0,7.0,0.0,0.0,0.0,0.0,45.773502566439795,0.0,0.0,0.0,0.0
106,22,50.184864851264855,0.77667552,52.05898843492206,42.156094430562995,0.0,7.0,0.0,0.0,0.0,0.0,50.184864851264855,0.0,0.0,0.0,0.0
106,23,46.838601351122925,0.84550512,48.58776073767939,42.68945535346009,0.0,7.0,0.0,0.0,0.0,0.0,46.838601351122925,0.0,0.0,0.0,0.0
107,0,50.039713834866724,0.8338214399999999,51.90841684114735,45.000519476047714,0.0,7.0,0.0,0.0,0.0,0.0,50.039713834866724,0.0,0.0,0.0,0.0
107,1,51.694808248669474,0.8096443199999999,53.625319760030585,45.19243363594953,0.0,7.0,0.0,0.0,0.0,0.0,51.694808248669474,0.0,0.0,0.0,0.0
107,2,50.30347247839715,0.798192,52.18202539252816,43.37850025260552,0.0,7.0,0.0,0.0,0.0,0.0,50.30347247839715,0.0,0.0,0.0,0.0
107,3,46.45034780444739,0.86771568,48.18500809589979,43.405810833713474,0.0,7.0,0.0,0.0,0.0,0.0,46.45034780444739,0.0,0.0,0.0,0.0
107,4,40.84604504970542,1.2186887999999998,42.37141602666537,53.040064022320195,0.0,6.0,0.0,0.0,0.0,0.0,40.84604504970542,0.0,0.0,0.0,0.0
107,5,51.694808248669474,1.36606512,53.625319760030585,75.03067695708157,0.0,7.0,0.0,0.0,0.0,0.0,51.694808248669474,0.0,0.0,0.0,0.0
107,6,48.44427631738659,1.99640544,50.25339866948817,101.989545978215,0.0,7.0,0.0,0.0,0.0,0.0,48.44427631738659,0.0,0.0,0.0,0.0
107,7,37.47122747583413,2.00103264,38.87056792098976,79.06789094342221,0.0,8.0,0.0,0.0,0.0,0.0,37.47122747583413,0.0,0.0,0.0,0.0
107,8,37.0,1.60517568,38.38174273858922,62.87987568464732,0.0,5.0,0.0,0.0,0.0,0.0,37.0,0.0,0.0,0.0,0.0
107,9,7.4,1.48833888,7.6763485477178435,11.679095136929462,0.0,1.0,0.0,0.0,0.0,0.0,7.4,0.0,0.0,0.0,0.0
107,10,0.0,1.22597664,0.0,0.0,0.0,0.0,0.0,0.0,0.0,0.0,0.0,0.0,0.0,0.0,0.0
107,11,6.95558699760406,1.1905785599999998,7.215339209132844,0.0,64.21651896128232,0.0,0.0,0.0,0.0,2.0,0.0,0.0,0.0,0.0,6.95558699760406
107,12,0.0,1.1544864,0.0,0.0,0.0,0.0,0.0,0.0,0.0,0.0,0.0,0.0,0.0,0.0,0.0
107,13,0.0,1.09687776,0.0,0.0,0.0,0.0,0.0,0.0,0.0,0.0,0.0,0.0,0.0,0.0,0.0
107,14,0.0,1.072932,0.0,0.0,0.0,0.0,0.0,0.0,0.0,0.0,0.0,0.0,0.0,0.0,0.0
107,15,0.0,1.0886644799999998,0.0,0.0,0.0,0.0,0.0,0.0,0.0,0.0,0.0,0.0,0.0,0.0,0.0
107,16,0.0,1.1401420800000002,0.0,0.0,0.0,0.0,0.0,0.0,0.0,0.0,0.0,0.0,0.0,0.0,0.0
107,17,0.0,1.1891904,0.0,0.0,0.0,0.0,0.0,0.0,0.0,0.0,0.0,0.0,0.0,0.0,0.0
107,18,0.0,1.1903472,0.0,0.0,0.0,0.0,0.0,0.0,0.0,0.0,0.0,0.0,0.0,0.0,0.0
107,19,14.8,1.12880544,15.352697095435687,17.838382273858922,0.0,2.0,0.0,0.0,0.0,0.0,14.8,0.0,0.0,0.0,0.0
107,20,29.6,0.94938576,30.705394190871374,30.167612547717848,0.0,4.0,0.0,0.0,0.0,0.0,29.6,0.0,0.0,0.0,0.0
107,21,46.68036807707725,0.80976,48.423618337217064,40.814330951706786,0.0,7.0,0.0,0.0,0.0,0.0,46.68036807707725,0.0,0.0,0.0,0.0
107,22,43.04526176838391,0.67776912,44.65276117052274,31.742269038859668,0.0,6.0,0.0,0.0,0.0,0.0,43.04526176838391,0.0,0.0,0.0,0.0
107,23,44.4,0.72913104,46.05809128630706,35.106906821576764,0.0,6.0,0.0,0.0,0.0,0.0,44.4,0.0,0.0,0.0,0.0
108,0,51.69480824866946,0.73537776,53.625319760030564,41.20986560847203,0.0,7.0,0.0,0.0,0.0,0.0,51.69480824866946,0.0,0.0,0.0,0.0
108,1,51.69480824866946,0.75342384,53.625319760030564,42.177592418887116,0.0,7.0,0.0,0.0,0.0,0.0,51.69480824866946,0.0,0.0,0.0,0.0
108,2,49.67578995964553,0.8090659199999999,51.53090244776508,43.39756986835232,0.0,7.0,0.0,0.0,0.0,0.0,49.67578995964553,0.0,0.0,0.0,0.0
108,3,40.107848642451096,0.8900419199999999,41.60565211872521,38.407921579732054,0.0,7.0,0.0,0.0,0.0,0.0,40.107848642451096,0.0,0.0,0.0,0.0
108,4,34.42207701410627,0.98374272,35.70754876981979,36.3089610156362,0.0,5.0,0.0,0.0,0.0,0.0,34.42207701410627,0.0,0.0,0.0,0.0
108,5,51.69480824866946,1.21533408,53.625319760030564,66.94767673931958,0.0,7.0,0.0,0.0,0.0,0.0,51.69480824866946,0.0,0.0,0.0,0.0
108,6,51.69480824866946,1.5707030400000002,53.625319760030564,86.00445085210909,0.0,7.0,0.0,0.0,0.0,0.0,51.69480824866946,0.0,0.0,0.0,0.0
108,7,29.6,1.73612544,30.705394190871374,54.32476454771785,0.0,5.0,0.0,0.0,0.0,0.0,29.6,0.0,0.0,0.0,0.0
108,8,29.6,1.39602624,30.705394190871374,43.881884547717846,0.0,4.0,0.0,0.0,0.0,0.0,29.6,0.0,0.0,0.0,0.0
108,9,20.453046067144093,1.1905785599999998,21.216852766746985,25.962607841344962,0.0,3.0,0.0,0.0,0.0,0.0,20.453046067144093,0.0,0.0,0.0,0.0
108,10,0.0,1.04701968,0.0,0.0,0.0,0.0,0.0,0.0,0.0,0.0,0.0,0.0,0.0,0.0,0.0
108,11,0.0,0.97217472,0.0,0.0,0.0,0.0,0.0,0.0,0.0,0.0,0.0,0.0,0.0,0.0,0.0
108,12,0.0,0.88460496,0.0,0.0,0.0,0.0,0.0,0.0,0.0,0.0,0.0,0.0,0.0,0.0,0.0
108,13,0.0,0.80883456,0.0,0.0,0.0,0.0,0.0,0.0,0.0,0.0,0.0,0.0,0.0,0.0,0.0
108,14,0.0,0.76892496,0.0,0.0,0.0,0.0,0.0,0.0,0.0,0.0,0.0,0.0,0.0,0.0,0.0
108,15,0.0,0.78974736,0.0,0.0,0.0,0.0,0.0,0.0,0.0,0.0,0.0,0.0,0.0,0.0,0.0
108,16,0.0,0.91572288,0.0,0.0,0.0,0.0,0.0,0.0,0.0,0.0,0.0,0.0,0.0,0.0,0.0
108,17,0.0,0.98223888,0.0,0.0,0.0,0.0,0.0,0.0,0.0,0.0,0.0,0.0,0.0,0.0,0.0
108,18,0.0,0.974604,0.0,0.0,0.0,0.0,0.0,0.0,0.0,0.0,0.0,0.0,0.0,0.0,0.0
108,19,7.4,1.0625208,7.6763485477178435,8.41036713692946,0.0,1.0,0.0,0.0,0.0,0.0,7.4,0.0,0.0,0.0,0.0
108,20,23.341056649073913,0.9792312,24.21271436625925,24.511286189652463,0.0,4.0,0.0,0.0,0.0,0.0,23.341056649073913,0.0,0.0,0.0,0.0
108,21,51.69480824866945,0.80594256,53.625319760030564,44.993925572274634,0.0,7.0,0.0,0.0,0.0,0.0,51.69480824866945,0.0,0.0,0.0,0.0
108,22,51.69480824866946,0.6549801599999999,53.625319760030564,36.89851860053299,0.0,7.0,0.0,0.0,0.0,0.0,51.69480824866946,0.0,0.0,0.0,0.0
108,23,42.703107003856175,0.70125216,44.29782884217446,32.530206293561115,0.0,7.0,0.0,0.0,0.0,0.0,42.703107003856175,0.0,0.0,0.0,0.0
109,0,40.81991082227846,0.6946583999999999,42.34430583223907,30.816424261580973,0.0,7.0,0.0,0.0,0.0,0.0,40.81991082227846,0.0,0.0,0.0,0.0
109,1,41.68123688434581,0.6819335999999999,43.2377975978691,30.91647807247569,0.0,7.0,0.0,0.0,0.0,0.0,41.68123688434581,0.0,0.0,0.0,0.0
109,2,51.694808248669474,0.6660854399999999,53.625319760030585,37.494042791557675,0.0,7.0,0.0,0.0,0.0,0.0,51.694808248669474,0.0,0.0,0.0,0.0
109,3,29.6,0.6776534399999999,30.705394190871374,21.823964547717843,0.0,4.0,0.0,0.0,0.0,0.0,29.6,0.0,0.0,0.0,0.0
109,4,44.21951742218132,0.705648,45.87086869520884,33.887012506848144,0.0,7.0,0.0,0.0,0.0,0.0,44.21951742218132,0.0,0.0,0.0,0.0
109,5,51.69480824866945,0.91780512,53.625319760030564,50.992591121450246,0.0,7.0,0.0,0.0,0.0,0.0,51.69480824866945,0.0,0.0,0.0,0.0
109,6,50.02408244020298,1.16038608,51.89220170145538,61.932620391239325,0.0,7.0,0.0,0.0,0.0,0.0,50.02408244020298,0.0,0.0,0.0,0.0
109,7,48.994349678105415,0.9474192,50.82401418890604,49.83392173329481,0.0,7.0,0.0,0.0,0.0,0.0,48.994349678105415,0.0,0.0,0.0,0.0
109,8,24.266683745616817,0.8663275199999999,25.172908449809977,22.641206618199632,0.0,5.0,0.0,0.0,0.0,0.0,24.266683745616817,0.0,0.0,0.0,0.0
109,9,7.4,0.7599019199999999,7.6763485477178435,6.087359136929461,0.0,1.0,0.0,0.0,0.0,0.0,7.4,0.0,0.0,0.0,0.0
109,10,0.0,0.6583348799999998,0.0,0.0,0.0,0.0,0.0,0.0,0.0,0.0,0.0,0.0,0.0,0.0,0.0
109,11,0.0,0.40904448,0.0,0.0,0.0,0.0,0.0,0.0,0.0,0.0,0.0,0.0,0.0,0.0,0.0
109,12,0.0,0.393312,0.0,0.0,0.0,0.0,0.0,0.0,0.0,0.0,0.0,0.0,0.0,0.0,0.0
109,13,1.2603159556020147,0.39261792,1.307381696682588,0.0,11.635697100475033,0.0,0.0,0.0,0.0,1.0,0.0,0.0,0.0,0.0,1.2603159556020147
109,14,1.5983200881362614,0.38324784,1.658008390182844,0.0,14.756274672627312,0.0,0.0,0.0,0.0,1.0,0.0,0.0,0.0,0.0,1.5983200881362614
109,15,0.0,0.43946832,0.0,0.0,0.0,0.0,0.0,0.0,0.0,0.0,0.0,0.0,0.0,0.0,0.0
109,16,0.0,0.6504686399999999,0.0,0.0,0.0,0.0,0.0,0.0,0.0,0.0,0.0,0.0,0.0,0.0,0.0
109,17,0.0,0.705648,0.0,0.0,0.0,0.0,0.0,0.0,0.0,0.0,0.0,0.0,0.0,0.0,0.0
109,18,0.0,0.705648,0.0,0.0,0.0,0.0,0.0,0.0,0.0,0.0,0.0,0.0,0.0,0.0,0.0
109,19,20.60829875518672,0.69338592,21.37790327301527,15.53074572696751,0.0,3.0,0.0,0.0,0.0,0.0,20.60829875518672,0.0,0.0,0.0,0.0
109,20,22.200000000000003,0.5891582399999999,23.02904564315353,14.330013410788382,0.0,3.0,0.0,0.0,0.0,0.0,22.200000000000003,0.0,0.0,0.0,0.0
109,21,44.4,0.48226992,46.05809128630706,23.73695482157677,0.0,6.0,0.0,0.0,0.0,0.0,44.4,0.0,0.0,0.0,0.0
109,22,51.694808248669474,0.41390304,53.625319760030585,23.97068095370574,0.0,7.0,0.0,0.0,0.0,0.0,51.694808248669474,0.0,0.0,0.0,0.0
109,23,37.0,0.4567046399999999,38.38174273858922,18.799555684647302,0.0,6.0,0.0,0.0,0.0,0.0,37.0,0.0,0.0,0.0,0.0
110,0,50.94728718759323,0.4273219199999999,52.84988297468179,24.333244590978293,0.0,7.0,0.0,0.0,0.0,0.0,50.94728718759323,0.0,0.0,0.0,0.0
110,1,44.294808248669455,0.41841456,45.94897121231272,20.746629519380043,0.0,7.0,0.0,0.0,0.0,0.0,44.294808248669455,0.0,0.0,0.0,0.0
110,2,41.89750446498188,0.422232,43.462141561184524,19.789703841337275,0.0,7.0,0.0,0.0,0.0,0.0,41.89750446498188,0.0,0.0,0.0,0.0
110,3,51.69480824866946,0.46167888,53.625319760030564,26.532675650509795,0.0,7.0,0.0,0.0,0.0,0.0,51.69480824866946,0.0,0.0,0.0,0.0
110,4,46.155997901783614,0.48458352,47.87966587321953,24.786513965672157,0.0,7.0,0.0,0.0,0.0,0.0,46.155997901783614,0.0,0.0,0.0,0.0
110,5,51.69480824866946,0.6501216000000001,53.625319760030564,36.6379767669597,0.0,7.0,0.0,0.0,0.0,0.0,51.69480824866946,0.0,0.0,0.0,0.0
110,6,39.32528841994612,0.78708672,40.793867655545775,33.45858850851618,0.0,7.0,0.0,0.0,0.0,0.0,39.32528841994612,0.0,0.0,0.0,0.0
110,7,37.33191221227277,0.81068544,38.72605001273109,32.676477149454314,0.0,7.0,0.0,0.0,0.0,0.0,37.33191221227277,0.0,0.0,0.0,0.0
110,8,22.200000000000003,0.80883456,23.02904564315353,19.388949410788385,0.0,4.0,0.0,0.0,0.0,0.0,22.200000000000003,0.0,0.0,0.0,0.0
110,9,7.4,0.80143104,7.6763485477178435,6.406151136929462,0.0,1.0,0.0,0.0,0.0,0.0,7.4,0.0,0.0,0.0,0.0
110,10,6.279026460504239,0.68100816,6.513512925834274,4.65135273060373,0.0,1.0,0.0,0.0,0.0,0.0,6.279026460504239,0.0,0.0,0.0,0.0
110,11,1.2653413861474245,0.64572576,1.3125947989081168,0.0,11.68209371028224,0.0,0.0,0.0,0.0,1.0,0.0,0.0,0.0,0.0,1.2653413861474245
110,12,0.0,0.59286,0.0,0.0,0.0,0.0,0.0,0.0,0.0,0.0,0.0,0.0,0.0,0.0,0.0
110,13,0.0,0.5558424,0.0,0.0,0.0,0.0,0.0,0.0,0.0,0.0,0.0,0.0,0.0,0.0,0.0
110,14,0.0,0.55618944,0.0,0.0,0.0,0.0,0.0,0.0,0.0,0.0,0.0,0.0,0.0,0.0,0.0
110,15,0.0,0.57851568,0.0,0.0,0.0,0.0,0.0,0.0,0.0,0.0,0.0,0.0,0.0,0.0,0.0
110,16,0.0,0.68181792,0.0,0.0,0.0,0.0,0.0,0.0,0.0,0.0,0.0,0.0,0.0,0.0,0.0
110,17,0.0,0.71235744,0.0,0.0,0.0,0.0,0.0,0.0,0.0,0.0,0.0,0.0,0.0,0.0,0.0
110,18,0.0,0.6929232,0.0,0.0,0.0,0.0,0.0,0.0,0.0,0.0,0.0,0.0,0.0,0.0,0.0
110,19,0.0,0.6504686399999999,0.0,0.0,0.0,0.0,0.0,0.0,0.0,0.0,0.0,0.0,0.0,0.0,0.0
110,20,51.69480824866946,0.54473712,53.625319760030564,30.986700329215154,0.0,7.0,0.0,0.0,0.0,0.0,51.69480824866946,0.0,0.0,0.0,0.0
110,21,44.328101914789215,0.47104896,45.98350821036226,23.182537841405594,0.0,6.0,0.0,0.0,0.0,0.0,44.328101914789215,0.0,0.0,0.0,0.0
110,22,42.01178358590037,0.3771168,43.580688367116565,17.877530523755784,0.0,6.0,0.0,0.0,0.0,0.0,42.01178358590037,0.0,0.0,0.0,0.0
110,23,36.41842791762798,0.40522704,37.77845219670952,16.559317127165183,0.0,7.0,0.0,0.0,0.0,0.0,36.41842791762798,0.0,0.0,0.0,0.0
111,0,51.69480824866946,0.45080496,53.625319760030564,25.9495582134648,0.0,7.0,0.0,0.0,0.0,0.0,51.69480824866946,0.0,0.0,0.0,0.0
111,1,25.266109845505987,0.47475072,26.209657516085052,13.310593440497204,0.0,4.0,0.0,0.0,0.0,0.0,25.266109845505987,0.0,0.0,0.0,0.0
111,2,47.36940337559769,0.51292512,49.13838524439595,26.830792699677534,0.0,7.0,0.0,0.0,0.0,0.0,47.36940337559769,0.0,0.0,0.0,0.0
111,3,51.694808248669474,0.5863819199999999,53.625319760030585,33.21991604555768,0.0,7.0,0.0,0.0,0.0,0.0,51.694808248669474,0.0,0.0,0.0,0.0
111,4,51.69480824866945,0.6316128,53.625319760030564,35.645436448585244,0.0,7.0,0.0,0.0,0.0,0.0,51.69480824866945,0.0,0.0,0.0,0.0
111,5,51.69480824866946,1.01208432,53.625319760030564,56.04834336817011,0.0,7.0,0.0,0.0,0.0,0.0,51.69480824866946,0.0,0.0,0.0,0.0
111,6,49.332427076846706,1.30510176,51.17471688469577,68.48209620260158,0.0,7.0,0.0,0.0,0.0,0.0,49.332427076846706,0.0,0.0,0.0,0.0
111,7,51.69480824866945,1.36479264,53.625319760030564,74.96243981019327,0.0,7.0,0.0,0.0,0.0,0.0,51.69480824866945,0.0,0.0,0.0,0.0
111,8,30.037035498321867,1.1996016,31.158750516931402,38.40944161622217,0.0,5.0,0.0,0.0,0.0,0.0,30.037035498321867,0.0,0.0,0.0,0.0
111,9,14.8,1.01613312,15.352697095435687,16.10855827385892,0.0,2.0,0.0,0.0,0.0,0.0,14.8,0.0,0.0,0.0,0.0
111,10,0.0,0.80594256,0.0,0.0,0.0,0.0,0.0,0.0,0.0,0.0,0.0,0.0,0.0,0.0,0.0
111,11,0.0,0.4818072,0.0,0.0,0.0,0.0,0.0,0.0,0.0,0.0,0.0,0.0,0.0,0.0,0.0
111,12,0.0,0.38787504,0.0,0.0,0.0,0.0,0.0,0.0,0.0,0.0,0.0,0.0,0.0,0.0,0.0
111,13,0.0,0.39308064,0.0,0.0,0.0,0.0,0.0,0.0,0.0,0.0,0.0,0.0,0.0,0.0,0.0
111,14,0.0,0.43171776,0.0,0.0,0.0,0.0,0.0,0.0,0.0,0.0,0.0,0.0,0.0,0.0,0.0
111,15,0.0,0.6229368,0.0,0.0,0.0,0.0,0.0,0.0,0.0,0.0,0.0,0.0,0.0,0.0,0.0
111,16,0.0,0.77517168,0.0,0.0,0.0,0.0,0.0,0.0,0.0,0.0,0.0,0.0,0.0,0.0,0.0
111,17,0.0,0.71131632,0.0,0.0,0.0,0.0,0.0,0.0,0.0,0.0,0.0,0.0,0.0,0.0,0.0
111,18,0.0,0.69130368,0.0,0.0,0.0,0.0,0.0,0.0,0.0,0.0,0.0,0.0,0.0,0.0,0.0
111,19,14.8,0.64757664,15.352697095435687,10.450222273858923,0.0,2.0,0.0,0.0,0.0,0.0,14.8,0.0,0.0,0.0,0.0
111,20,22.876523022326083,0.59100912,23.730833010711706,14.810629307182236,0.0,4.0,0.0,0.0,0.0,0.0,22.876523022326083,0.0,0.0,0.0,0.0
111,21,22.200000000000003,0.4870128,23.02904564315353,11.977701410788384,0.0,3.0,0.0,0.0,0.0,0.0,22.200000000000003,0.0,0.0,0.0,0.0
111,22,50.83151766074779,0.4162166399999999,52.72979010451017,23.692372117663755,0.0,7.0,0.0,0.0,0.0,0.0,50.83151766074779,0.0,0.0,0.0,0.0
111,23,39.85206882930875,0.3088655999999999,41.34032036235348,14.13696745690442,0.0,8.0,0.0,0.0,0.0,0.0,39.85206882930875,0.0,0.0,0.0,0.0
112,0,51.694808248669474,0.3060892799999999,53.625319760030585,18.189133599174543,0.0,7.0,0.0,0.0,0.0,0.0,51.694808248669474,0.0,0.0,0.0,0.0
112,1,44.66610750917592,0.30446976,46.33413642030698,15.641003311210289,0.0,7.0,0.0,0.0,0.0,0.0,44.66610750917592,0.0,0.0,0.0,0.0
112,2,51.69480824866946,0.31742592,53.625319760030564,18.797064544178895,0.0,7.0,0.0,0.0,0.0,0.0,51.69480824866946,0.0,0.0,0.0,0.0
112,3,41.71313483271429,0.36161568,43.27088675592769,17.079697490068995,0.0,7.0,0.0,0.0,0.0,0.0,41.71313483271429,0.0,0.0,0.0,0.0
112,4,48.5882899496122,0.4066152,50.40279040416204,22.16287306312419,0.0,7.0,0.0,0.0,0.0,0.0,48.5882899496122,0.0,0.0,0.0,0.0
112,5,51.53618775213069,0.4624886399999999,53.460775676484126,26.494553110853843,0.0,8.0,0.0,0.0,0.0,0.0,51.53618775213069,0.0,0.0,0.0,0.0
112,6,39.637771854988905,0.5078351999999999,41.11802059646153,22.242184694951035,0.0,7.0,0.0,0.0,0.0,0.0,39.637771854988905,0.0,0.0,0.0,0.0
112,7,41.57472710823259,0.5833742399999999,43.12731027824958,26.586875827028095,0.0,6.0,0.0,0.0,0.0,0.0,41.57472710823259,0.0,0.0,0.0,0.0
112,8,22.200000000000003,0.5152387199999999,23.02904564315353,12.627717410788382,0.0,3.0,0.0,0.0,0.0,0.0,22.200000000000003,0.0,0.0,0.0,0.0
112,9,17.308419205864517,0.49256544,17.954791707328337,4.035191136929462,91.47814412053339,1.0,0.0,0.0,0.0,2.0,7.4,0.0,0.0,0.0,9.908419205864515
112,10,12.868408772508419,0.43403136,13.348971755714128,0.0,118.80584862585575,0.0,0.0,0.0,0.0,1.0,0.0,0.0,0.0,0.0,12.868408772508419
112,11,0.0,0.3030816,0.0,0.0,0.0,0.0,0.0,0.0,0.0,0.0,0.0,0.0,0.0,0.0,0.0
112,12,0.0,0.11591136,0.0,0.0,0.0,0.0,0.0,0.0,0.0,0.0,0.0,0.0,0.0,0.0,0.0
112,13,7.755111227909508,0.06501216,8.044721190777498,0.0,71.59801859791973,0.0,0.0,0.0,0.0,1.0,0.0,0.0,0.0,0.0,7.755111227909508
112,14,0.0,0.33813264,0.0,0.0,0.0,0.0,0.0,0.0,0.0,0.0,0.0,0.0,0.0,0.0,0.0
112,15,5.441631878087606,0.44340144,5.644846346563907,0.0,50.239132484418775,0.0,0.0,0.0,0.0,2.0,0.0,0.0,0.0,0.0,5.441631878087606
112,16,0.0,0.50297664,0.0,0.0,0.0,0.0,0.0,0.0,0.0,0.0,0.0,0.0,0.0,0.0,0.0
112,17,3.6111373839076015,0.51755232,3.745993136833612,0.0,33.33933891781915,0.0,0.0,0.0,0.0,1.0,0.0,0.0,0.0,0.0,3.6111373839076015
112,18,0.0,0.50529024,0.0,0.0,0.0,0.0,0.0,0.0,0.0,0.0,0.0,0.0,0.0,0.0,0.0
112,19,29.400071839842486,0.58811712,30.4979998338615,18.94587962255192,0.0,4.0,0.0,0.0,0.0,0.0,29.400071839842486,0.0,0.0,0.0,0.0
112,20,51.63923417123295,0.5418451200000001,53.56767030210888,30.798470629966424,0.0,7.0,0.0,0.0,0.0,0.0,51.63923417123295,0.0,0.0,0.0,0.0
112,21,61.30720260785439,0.4991592,63.59668320316847,28.54256979521807,88.74513464392714,7.0,0.0,0.0,0.0,2.0,51.694808248669474,0.0,0.0,0.0,9.612394359184918
112,22,51.69480824866946,0.43634496,53.625319760030564,25.17413608973476,0.0,7.0,0.0,0.0,0.0,0.0,51.69480824866946,0.0,0.0,0.0,0.0
112,23,51.69480824866945,0.4297512,53.625319760030564,24.82054360131386,0.0,9.0,0.0,0.0,0.0,0.0,51.69480824866945,0.0,0.0,0.0,0.0
113,0,50.98788890013673,0.42095952,52.89200093375181,24.016116555818897,0.0,7.0,0.0,0.0,0.0,0.0,50.98788890013673,0.0,0.0,0.0,0.0
113,1,51.69480824866946,0.43391568,53.625319760030564,25.043865172948117,0.0,7.0,0.0,0.0,0.0,0.0,51.69480824866946,0.0,0.0,0.0,0.0
113,2,38.54274685116698,0.4401623999999999,39.98210254270434,18.922025806406356,0.0,7.0,0.0,0.0,0.0,0.0,38.54274685116698,0.0,0.0,0.0,0.0
113,3,51.694808248669474,0.45601056,53.625319760030585,26.228710178007624,0.0,7.0,0.0,0.0,0.0,0.0,51.694808248669474,0.0,0.0,0.0,0.0
113,4,44.11785415958515,0.4598279999999999,45.76540887923771,22.559051468024883,0.0,7.0,0.0,0.0,0.0,0.0,44.11785415958515,0.0,0.0,0.0,0.0
113,5,48.37483765842575,0.46896672,50.181366865586874,25.194394267321883,0.0,8.0,0.0,0.0,0.0,0.0,48.37483765842575,0.0,0.0,0.0,0.0
113,6,39.24876934242814,0.46896672,40.71449101911633,20.441390962437197,0.0,7.0,0.0,0.0,0.0,0.0,39.24876934242814,0.0,0.0,0.0,0.0
113,7,51.69480824866946,0.46815696,53.625319760030564,26.880064761940847,0.0,7.0,0.0,0.0,0.0,0.0,51.69480824866946,0.0,0.0,0.0,0.0
113,8,47.988145788026515,0.4806503999999999,49.78023421994453,25.574615242590184,0.0,8.0,0.0,0.0,0.0,0.0,47.988145788026515,0.0,0.0,0.0,0.0
113,9,14.8,0.47671728,15.352697095435687,7.827070273858923,0.0,2.0,0.0,0.0,0.0,0.0,14.8,0.0,0.0,0.0,0.0
113,10,0.0,0.48088176,0.0,0.0,0.0,0.0,0.0,0.0,0.0,0.0,0.0,0.0,0.0,0.0,0.0
113,11,0.0,0.41633232,0.0,0.0,0.0,0.0,0.0,0.0,0.0,0.0,0.0,0.0,0.0,0.0,0.0
113,12,5.781576888800341,0.11880336,5.997486399170479,0.0,53.377628952617265,0.0,0.0,0.0,0.0,1.0,0.0,0.0,0.0,0.0,5.781576888800341
113,13,20.795603692183228,0.05784,21.572203000190072,0.0,191.99260670169164,0.0,0.0,0.0,0.0,1.0,0.0,0.0,0.0,0.0,20.795603692183228
113,14,0.0,0.4001371199999999,0.0,0.0,0.0,0.0,0.0,0.0,0.0,0.0,0.0,0.0,0.0,0.0,0.0
113,15,0.0,0.4725528,0.0,0.0,0.0,0.0,0.0,0.0,0.0,0.0,0.0,0.0,0.0,0.0,0.0
113,16,7.7144163308125195,0.47463504,8.002506567232905,0.0,71.22230844837286,0.0,0.0,0.0,0.0,1.0,0.0,0.0,0.0,0.0,7.7144163308125195
113,17,0.0,0.4727841599999999,0.0,0.0,0.0,0.0,0.0,0.0,0.0,0.0,0.0,0.0,0.0,0.0,0.0
113,18,15.287335219545353,0.48504624,15.858231555544974,3.977471136929461,72.81875876966146,1.0,0.0,0.0,0.0,1.0,7.4,0.0,0.0,0.0,7.887335219545353
113,19,0.0007533956919699175,0.4794936,0.0007815308007986697,0.00040060768669227296,0.0,1.0,0.0,0.0,0.0,0.0,0.0007533956919699175,0.0,0.0,0.0,0.0
113,20,32.54385499991499,0.4731312,33.75918568455913,17.089953080117187,0.0,5.0,0.0,0.0,0.0,0.0,32.54385499991499,0.0,0.0,0.0,0.0
113,21,51.69480824866946,0.45103632,53.625319760030564,25.96196496744448,0.0,7.0,0.0,0.0,0.0,0.0,51.69480824866946,0.0,0.0,0.0,0.0
113,22,51.694808248669474,0.4049956799999999,53.625319760030585,23.493020925488032,0.0,7.0,0.0,0.0,0.0,0.0,51.694808248669474,0.0,0.0,0.0,0.0
113,23,47.953665185369864,0.4487227199999999,49.744465959927254,23.968013893759558,0.0,7.0,0.0,0.0,0.0,0.0,47.953665185369864,0.0,0.0,0.0,0.0
114,0,49.61845970095162,0.42766896,51.47143122505355,23.71643783527945,0.0,7.0,0.0,0.0,0.0,0.0,49.61845970095162,0.0,0.0,0.0,0.0
114,1,40.881360282725446,0.42362016,42.408050085814786,19.368611420481344,0.0,7.0,0.0,0.0,0.0,0.0,40.881360282725446,0.0,0.0,0.0,0.0
114,2,51.694808248669474,0.43137072,53.625319760030585,24.907390879171636,0.0,7.0,0.0,0.0,0.0,0.0,51.694808248669474,0.0,0.0,0.0,0.0
114,3,46.101925860225336,0.46780992,47.82357454380222,23.955302898850007,0.0,7.0,0.0,0.0,0.0,0.0,46.101925860225336,0.0,0.0,0.0,0.0
114,4,44.294808248669455,0.57759024,45.94897121231272,28.060588257400354,0.0,7.0,0.0,0.0,0.0,0.0,44.294808248669455,0.0,0.0,0.0,0.0
114,5,51.69480824866946,0.69512112,53.625319760030585,39.051090416007604,0.0,7.0,0.0,0.0,0.0,0.0,51.69480824866946,0.0,0.0,0.0,0.0
114,6,49.44857053272276,0.81126384,51.29519764805267,43.311810059668716,0.0,7.0,0.0,0.0,0.0,0.0,49.44857053272276,0.0,0.0,0.0,0.0
114,7,51.69480824866945,0.90068448,53.625319760030564,50.07449132695386,0.0,7.0,0.0,0.0,0.0,0.0,51.69480824866945,0.0,0.0,0.0,0.0
114,8,35.27533619471708,0.9092448,36.592672401158794,34.482914555335505,0.0,5.0,0.0,0.0,0.0,0.0,35.27533619471708,0.0,0.0,0.0,0.0
114,9,7.4,0.9179208,7.6763485477178435,7.300367136929462,0.0,1.0,0.0,0.0,0.0,0.0,7.4,0.0,0.0,0.0,0.0
114,10,0.0,0.96488688,0.0,0.0,0.0,0.0,0.0,0.0,0.0,0.0,0.0,0.0,0.0,0.0,0.0
114,11,0.0,0.92821632,0.0,0.0,0.0,0.0,0.0,0.0,0.0,0.0,0.0,0.0,0.0,0.0,0.0
114,12,0.0,0.91537584,0.0,0.0,0.0,0.0,0.0,0.0,0.0,0.0,0.0,0.0,0.0,0.0,0.0
114,13,0.0,0.90716256,0.0,0.0,0.0,0.0,0.0,0.0,0.0,0.0,0.0,0.0,0.0,0.0,0.0
114,14,0.0,0.8953632,0.0,0.0,0.0,0.0,0.0,0.0,0.0,0.0,0.0,0.0,0.0,0.0,0.0
114,15,0.0,0.93330624,0.0,0.0,0.0,0.0,0.0,0.0,0.0,0.0,0.0,0.0,0.0,0.0,0.0
114,16,0.0,1.0122,0.0,0.0,0.0,0.0,0.0,0.0,0.0,0.0,0.0,0.0,0.0,0.0,0.0
114,17,0.0,1.03383216,0.0,0.0,0.0,0.0,0.0,0.0,0.0,0.0,0.0,0.0,0.0,0.0,0.0
114,18,0.0,0.97622352,0.0,0.0,0.0,0.0,0.0,0.0,0.0,0.0,0.0,0.0,0.0,0.0,0.0
114,19,7.4,0.88217568,7.6763485477178435,7.025975136929462,0.0,1.0,0.0,0.0,0.0,0.0,7.4,0.0,0.0,0.0,0.0
114,20,31.049679684307872,0.80895024,32.2092112907758,27.121774097608473,0.0,5.0,0.0,0.0,0.0,0.0,31.049679684307872,0.0,0.0,0.0,0.0
114,21,49.61845970095161,0.70379712,51.47143122505355,37.92914943202003,0.0,7.0,0.0,0.0,0.0,0.0,49.61845970095161,0.0,0.0,0.0,0.0
114,22,51.69480824866946,0.5308555199999999,53.625319760030585,30.24229509043432,0.0,7.0,0.0,0.0,0.0,0.0,51.69480824866946,0.0,0.0,0.0,0.0
114,23,46.14532460227096,0.67742208,47.86859398575826,34.01169296543645,0.0,7.0,0.0,0.0,0.0,0.0,46.14532460227096,0.0,0.0,0.0,0.0
115,0,44.4,0.58152336,46.05809128630706,28.30837882157677,0.0,6.0,0.0,0.0,0.0,0.0,44.4,0.0,0.0,0.0,0.0
115,1,51.69480824866945,0.51396624,53.625319760030585,29.336602049917634,0.0,7.0,0.0,0.0,0.0,0.0,51.69480824866945,0.0,0.0,0.0,0.0
115,2,50.4634113820405,0.48978912,52.34793711829928,27.37216677360285,0.0,7.0,0.0,0.0,0.0,0.0,50.4634113820405,0.0,0.0,0.0,0.0
115,3,51.694808248669474,0.49672992,53.625319760030585,28.412298878431425,0.0,7.0,0.0,0.0,0.0,0.0,51.694808248669474,0.0,0.0,0.0,0.0
115,4,51.69480824866945,0.5108428799999999,53.625319760030585,29.169110871191936,0.0,7.0,0.0,0.0,0.0,0.0,51.69480824866945,0.0,0.0,0.0,0.0
115,5,38.99310150909915,0.676728,40.44927542437671,28.712028275934472,0.0,7.0,0.0,0.0,0.0,0.0,38.99310150909915,0.0,0.0,0.0,0.0
115,6,39.37410043287493,0.8297726400000001,40.84450252372918,35.24360372213687,0.0,7.0,0.0,0.0,0.0,0.0,39.37410043287493,0.0,0.0,0.0,0.0
115,7,51.694808248669474,0.84226608,53.625319760030585,46.94178594708452,0.0,7.0,0.0,0.0,0.0,0.0,51.694808248669474,0.0,0.0,0.0,0.0
115,8,35.40829875518672,0.66330912,36.73060036845096,25.57952507966461,0.0,5.0,0.0,0.0,0.0,0.0,35.40829875518672,0.0,0.0,0.0,0.0
115,9,7.4,0.51627984,7.6763485477178435,4.2172311369294615,0.0,1.0,0.0,0.0,0.0,0.0,7.4,0.0,0.0,0.0,0.0
115,10,0.0,0.41077968,0.0,0.0,0.0,0.0,0.0,0.0,0.0,0.0,0.0,0.0,0.0,0.0,0.0
115,11,0.0,0.4037232,0.0,0.0,0.0,0.0,0.0,0.0,0.0,0.0,0.0,0.0,0.0,0.0,0.0
115,12,0.0,0.2880432,0.0,0.0,0.0,0.0,0.0,0.0,0.0,0.0,0.0,0.0,0.0,0.0,0.0
115,13,0.0,0.1605638399999999,0.0,0.0,0.0,0.0,0.0,0.0,0.0,0.0,0.0,0.0,0.0,0.0,0.0
115,14,0.0,0.1647283199999999,0.0,0.0,0.0,0.0,0.0,0.0,0.0,0.0,0.0,0.0,0.0,0.0,0.0
115,15,5.267443366350368,0.23992032,5.464152869658059,0.0,48.630960539956725,0.0,0.0,0.0,0.0,1.0,0.0,0.0,0.0,0.0,5.267443366350368
115,16,0.0,0.37642272,0.0,0.0,0.0,0.0,0.0,0.0,0.0,0.0,0.0,0.0,0.0,0.0,0.0
115,17,0.0,0.41378736,0.0,0.0,0.0,0.0,0.0,0.0,0.0,0.0,0.0,0.0,0.0,0.0,0.0
115,18,0.0,0.41286192,0.0,0.0,0.0,0.0,0.0,0.0,0.0,0.0,0.0,0.0,0.0,0.0,0.0
115,19,7.4,0.40626816,7.6763485477178435,3.372743136929461,0.0,1.0,0.0,0.0,0.0,0.0,7.4,0.0,0.0,0.0,0.0
115,20,22.200000000000003,0.38822208,23.02904564315353,9.702645410788385,0.0,3.0,0.0,0.0,0.0,0.0,22.200000000000003,0.0,0.0,0.0,0.0
115,21,47.775642593520594,0.23529312,49.5597952214944,13.301508066057973,0.0,7.0,0.0,0.0,0.0,0.0,47.775642593520594,0.0,0.0,0.0,0.0
115,22,51.69480824866946,0.1175308799999999,53.62531976003057,8.077629105734786,0.0,8.0,0.0,0.0,0.0,0.0,51.69480824866946,0.0,0.0,0.0,0.0
115,23,51.69480824866946,0.4638768,53.625319760030585,26.65053981331677,0.0,7.0,0.0,0.0,0.0,0.0,51.69480824866946,0.0,0.0,0.0,0.0
116,0,50.73388423446507,0.4567046399999999,52.628510616665025,25.777688696331783,0.0,7.0,0.0,0.0,0.0,0.0,50.73388423446507,0.0,0.0,0.0,0.0
116,1,41.27347368543249,0.45485376,42.81480672762708,20.891645926418928,0.0,6.0,0.0,0.0,0.0,0.0,41.27347368543249,0.0,0.0,0.0,0.0
116,2,51.69480824866945,0.4447896,53.625319760030564,25.626982609993107,0.0,7.0,0.0,0.0,0.0,0.0,51.69480824866945,0.0,0.0,0.0,0.0
116,3,49.90705593620802,0.44849136,51.77080491307886,24.932372346384334,0.0,7.0,0.0,0.0,0.0,0.0,49.90705593620802,0.0,0.0,0.0,0.0
116,4,32.93120287611705,0.51199968,34.160998834146326,18.621149532973533,0.0,5.0,0.0,0.0,0.0,0.0,32.93120287611705,0.0,0.0,0.0,0.0
116,5,51.69480824866946,0.70287168,53.625319760030564,39.4667166743269,0.0,7.0,0.0,0.0,0.0,0.0,51.69480824866946,0.0,0.0,0.0,0.0
116,6,51.694808248669474,0.90369216,53.625319760030585,50.235779128689735,0.0,7.0,0.0,0.0,0.0,0.0,51.694808248669474,0.0,0.0,0.0,0.0
116,7,44.4,0.95123664,46.05809128630706,45.33666682157677,0.0,6.0,0.0,0.0,0.0,0.0,44.4,0.0,0.0,0.0,0.0
116,8,22.657484376899106,0.8861087999999998,23.503614498857996,21.60472927915785,0.0,4.0,0.0,0.0,0.0,0.0,22.657484376899106,0.0,0.0,0.0,0.0
116,9,7.4,0.8781268799999999,7.6763485477178435,6.994895136929461,0.0,1.0,0.0,0.0,0.0,0.0,7.4,0.0,0.0,0.0,0.0
116,10,0.0,0.68089248,0.0,0.0,0.0,0.0,0.0,0.0,0.0,0.0,0.0,0.0,0.0,0.0,0.0
116,11,0.0,0.61298832,0.0,0.0,0.0,0.0,0.0,0.0,0.0,0.0,0.0,0.0,0.0,0.0,0.0
116,12,5.156806347667489,0.51547008,5.349384178078308,0.0,47.609519184896946,0.0,0.0,0.0,0.0,1.0,0.0,0.0,0.0,0.0,5.156806347667489
116,13,0.0,0.47590752,0.0,0.0,0.0,0.0,0.0,0.0,0.0,0.0,0.0,0.0,0.0,0.0,0.0
116,14,0.0,0.43044528,0.0,0.0,0.0,0.0,0.0,0.0,0.0,0.0,0.0,0.0,0.0,0.0,0.0
116,15,0.0,0.49071456,0.0,0.0,0.0,0.0,0.0,0.0,0.0,0.0,0.0,0.0,0.0,0.0,0.0
116,16,8.645743681967154,0.7850044799999999,8.968613777974227,0.0,79.82066262397062,0.0,0.0,0.0,0.0,1.0,0.0,0.0,0.0,0.0,8.645743681967154
116,17,0.0,0.82040256,0.0,0.0,0.0,0.0,0.0,0.0,0.0,0.0,0.0,0.0,0.0,0.0,0.0
116,18,0.0,0.86308848,0.0,0.0,0.0,0.0,0.0,0.0,0.0,0.0,0.0,0.0,0.0,0.0,0.0
116,19,0.0,0.8835638399999999,0.0,0.0,0.0,0.0,0.0,0.0,0.0,0.0,0.0,0.0,0.0,0.0,0.0
116,20,45.330820242150736,0.88275408,47.02367245036385,43.06682227024933,0.0,7.0,0.0,0.0,0.0,0.0,45.330820242150736,0.0,0.0,0.0,0.0
116,21,48.80368841412182,0.7785264,50.62623279473219,41.089587068750426,0.0,7.0,0.0,0.0,0.0,0.0,48.80368841412182,0.0,0.0,0.0,0.0
116,22,46.62987552986326,0.5211383999999999,48.371240176206705,26.80919876127652,0.0,7.0,0.0,0.0,0.0,0.0,46.62987552986326,0.0,0.0,0.0,0.0
116,23,51.69480824866945,1.1082143999999998,53.625319760030585,61.20334964672744,0.0,7.0,0.0,0.0,0.0,0.0,51.69480824866945,0.0,0.0,0.0,0.0
117,0,49.23718469061814,1.05106848,51.07591772885701,55.37490008869995,0.0,7.0,0.0,0.0,0.0,0.0,49.23718469061814,0.0,0.0,0.0,0.0
117,1,51.69480824866945,1.00664736,53.625319760030585,55.756784649647635,0.0,7.0,0.0,0.0,0.0,0.0,51.69480824866945,0.0,0.0,0.0,0.0
117,2,51.69480824866945,0.99612048,53.625319760030564,55.192277343572144,0.0,7.0,0.0,0.0,0.0,0.0,51.69480824866945,0.0,0.0,0.0,0.0
117,3,51.69480824866946,0.99334416,53.625319760030585,55.043396295816,0.0,7.0,0.0,0.0,0.0,0.0,51.69480824866946,0.0,0.0,0.0,0.0
117,4,51.69480824866945,1.15587456,53.625319760030564,63.75914096654164,0.0,7.0,0.0,0.0,0.0,0.0,51.69480824866945,0.0,0.0,0.0,0.0
117,5,45.69650874457862,1.35183648,47.40301736989485,65.65016801764102,0.0,7.0,0.0,0.0,0.0,0.0,45.69650874457862,0.0,0.0,0.0,0.0
117,6,50.20829875518672,1.651332,52.083297463886645,87.73077291368952,0.0,7.0,0.0,0.0,0.0,0.0,50.20829875518672,0.0,0.0,0.0,0.0
117,7,39.55451028292723,1.5310248,41.03164967108635,64.17862083545799,0.0,7.0,0.0,0.0,0.0,0.0,39.55451028292723,0.0,0.0,0.0,0.0
117,8,37.0,1.21880448,38.38174273858922,48.0502756846473,0.0,5.0,0.0,0.0,0.0,0.0,37.0,0.0,0.0,0.0,0.0
117,9,14.8,1.11434544,15.352697095435687,17.61638227385892,0.0,2.0,0.0,0.0,0.0,0.0,14.8,0.0,0.0,0.0,0.0
117,10,0.0,1.08380592,0.0,0.0,0.0,0.0,0.0,0.0,0.0,0.0,0.0,0.0,0.0,0.0,0.0
117,11,0.0,1.0474824,0.0,0.0,0.0,0.0,0.0,0.0,0.0,0.0,0.0,0.0,0.0,0.0,0.0
117,12,3.02527068189977,1.04007888,3.1382475953317117,0.0,27.930403598452234,0.0,0.0,0.0,0.0,1.0,0.0,0.0,0.0,0.0,3.02527068189977
117,13,0.0,1.0448217599999998,0.0,0.0,0.0,0.0,0.0,0.0,0.0,0.0,0.0,0.0,0.0,0.0,0.0
117,14,0.0,1.0283951999999998,0.0,0.0,0.0,0.0,0.0,0.0,0.0,0.0,0.0,0.0,0.0,0.0,0.0
117,15,7.0714159170098165,1.02677568,7.335493689844209,0.0,65.28589383961346,0.0,0.0,0.0,0.0,1.0,0.0,0.0,0.0,0.0,7.0714159170098165
117,16,0.0,1.1315817599999998,0.0,0.0,0.0,0.0,0.0,0.0,0.0,0.0,0.0,0.0,0.0,0.0,0.0
117,17,0.6928590176292775,1.26403536,0.7187334207772589,0.0,6.396727444917604,0.0,0.0,0.0,0.0,1.0,0.0,0.0,0.0,0.0,0.6928590176292775
117,18,4.522135961649234,1.40308272,4.6910124083498275,0.0,41.75001043431347,0.0,0.0,0.0,0.0,1.0,0.0,0.0,0.0,0.0,4.522135961649234
117,19,7.4,1.79327136,7.6763485477178435,14.019863136929462,0.0,1.0,0.0,0.0,0.0,0.0,7.4,0.0,0.0,0.0,0.0
117,20,0.0,1.37589792,0.0,0.0,0.0,0.0,0.0,0.0,0.0,0.0,0.0,0.0,0.0,0.0,0.0
117,21,27.804572782430476,1.2567475199999998,28.842917824098013,37.202966024976604,0.0,5.0,0.0,0.0,0.0,0.0,27.804572782430476,0.0,0.0,0.0,0.0
117,22,36.57247134155986,1.1406047999999998,37.938248279626414,44.52830410938926,0.0,6.0,0.0,0.0,0.0,0.0,36.57247134155986,0.0,0.0,0.0,0.0
117,23,51.63712951457969,0.9265968,53.565487048319184,51.406626510713366,0.0,7.0,0.0,0.0,0.0,0.0,51.63712951457969,0.0,0.0,0.0,0.0
118,0,51.69480824866945,0.87882096,53.625319760030564,48.90205307587405,0.0,7.0,0.0,0.0,0.0,0.0,51.69480824866945,0.0,0.0,0.0,0.0
118,1,51.69480824866945,0.86956656,53.625319760030585,48.40578291668683,0.0,7.0,0.0,0.0,0.0,0.0,51.69480824866945,0.0,0.0,0.0,0.0
118,2,51.694808248669474,0.92520864,53.625319760030585,51.38960724880004,0.0,7.0,0.0,0.0,0.0,0.0,51.694808248669474,0.0,0.0,0.0,0.0
118,3,50.31349050651724,1.01069616,52.192417537880964,54.478245007156794,0.0,7.0,0.0,0.0,0.0,0.0,50.31349050651724,0.0,0.0,0.0,0.0
118,4,51.694808248669474,1.10081088,53.625319760030585,60.80633351937766,0.0,7.0,0.0,0.0,0.0,0.0,51.694808248669474,0.0,0.0,0.0,0.0
118,5,44.294808248669455,1.24899696,45.94897121231272,58.91103630643366,0.0,7.0,0.0,0.0,0.0,0.0,44.294808248669455,0.0,0.0,0.0,0.0
118,6,51.69480824866945,1.3879286400000002,53.625319760030585,76.20311520816139,0.0,7.0,0.0,0.0,0.0,0.0,51.69480824866945,0.0,0.0,0.0,0.0
118,7,50.13295011137355,1.4669380799999998,52.005134970304525,78.00968281099644,0.0,7.0,0.0,0.0,0.0,0.0,50.13295011137355,0.0,0.0,0.0,0.0
118,8,51.69480824866945,1.35565392,53.625319760030564,74.47237302799591,0.0,7.0,0.0,0.0,0.0,0.0,51.69480824866945,0.0,0.0,0.0,0.0
118,9,14.518916413675143,1.26866256,15.061116611696207,19.605997716900184,0.0,2.0,0.0,0.0,0.0,0.0,14.518916413675143,0.0,0.0,0.0,0.0
118,10,14.8,1.22817456,15.352697095435687,19.363966273858924,0.0,2.0,0.0,0.0,0.0,0.0,14.8,0.0,0.0,0.0,0.0
118,11,0.0,1.1805144,0.0,0.0,0.0,0.0,0.0,0.0,0.0,0.0,0.0,0.0,0.0,0.0,0.0
118,12,0.0,1.07686512,0.0,0.0,0.0,0.0,0.0,0.0,0.0,0.0,0.0,0.0,0.0,0.0,0.0
118,13,0.0,1.04331792,0.0,0.0,0.0,0.0,0.0,0.0,0.0,0.0,0.0,0.0,0.0,0.0,0.0
118,14,0.0,1.0295519999999998,0.0,0.0,0.0,0.0,0.0,0.0,0.0,0.0,0.0,0.0,0.0,0.0,0.0
118,15,0.0,1.0481764800000002,0.0,0.0,0.0,0.0,0.0,0.0,0.0,0.0,0.0,0.0,0.0,0.0,0.0
118,16,0.0,1.14719856,0.0,0.0,0.0,0.0,0.0,0.0,0.0,0.0,0.0,0.0,0.0,0.0,0.0
118,17,0.0,1.25882976,0.0,0.0,0.0,0.0,0.0,0.0,0.0,0.0,0.0,0.0,0.0,0.0,0.0
118,18,0.0,1.3442016,0.0,0.0,0.0,0.0,0.0,0.0,0.0,0.0,0.0,0.0,0.0,0.0,0.0
118,19,7.4,1.40574336,7.6763485477178435,11.045063136929462,0.0,1.0,0.0,0.0,0.0,0.0,7.4,0.0,0.0,0.0,0.0
118,20,37.0,1.39371264,38.38174273858922,54.7635556846473,0.0,5.0,0.0,0.0,0.0,0.0,37.0,0.0,0.0,0.0,0.0
118,21,45.88148657974803,1.30579584,47.59490309102493,63.72461775377643,0.0,7.0,0.0,0.0,0.0,0.0,45.88148657974803,0.0,0.0,0.0,0.0
118,22,49.897775627513774,1.07790624,51.761178036840015,57.5069917886802,0.0,8.0,0.0,0.0,0.0,0.0,49.897775627513774,0.0,0.0,0.0,0.0
118,23,51.69480824866945,1.0550016,53.625319760030564,58.34979623140088,0.0,8.0,0.0,0.0,0.0,0.0,51.69480824866945,0.0,0.0,0.0,0.0
119,0,48.78607499485071,1.05488592,50.60796161291567,55.060749674752735,0.0,8.0,0.0,0.0,0.0,0.0,48.78607499485071,0.0,0.0,0.0,0.0
119,1,51.694808248669474,1.00144176,53.625319760030585,55.47763268510482,0.0,7.0,0.0,0.0,0.0,0.0,51.694808248669474,0.0,0.0,0.0,0.0
119,2,49.35928753350182,0.99935952,51.202580428943804,52.864591612428704,0.0,8.0,0.0,0.0,0.0,0.0,49.35928753350182,0.0,0.0,0.0,0.0
119,3,43.80655273815505,0.99033648,45.44248209352184,46.507493916257026,0.0,8.0,0.0,0.0,0.0,0.0,43.80655273815505,0.0,0.0,0.0,0.0
119,4,51.694808248669474,0.977496,53.62531976003058,54.193533648207875,0.0,8.0,0.0,0.0,0.0,0.0,51.694808248669474,0.0,0.0,0.0,0.0
119,5,51.69480824866945,0.98547792,53.625319760030585,54.62156666050685,0.0,8.0,0.0,0.0,0.0,0.0,51.69480824866945,0.0,0.0,0.0,0.0
119,6,51.694808248669474,1.02076032,53.625319760030585,56.513596642408146,0.0,8.0,0.0,0.0,0.0,0.0,51.694808248669474,0.0,0.0,0.0,0.0
119,7,50.36042656463971,1.03279104,52.241106394854484,55.68332722596209,0.0,7.0,0.0,0.0,0.0,0.0,50.36042656463971,0.0,0.0,0.0,0.0
119,8,51.69480824866946,1.03753392,53.625319760030585,57.413086305934996,0.0,7.0,0.0,0.0,0.0,0.0,51.69480824866946,0.0,0.0,0.0,0.0
119,9,11.979593416700766,0.98756016,12.426964125208263,7.834943136929462,42.28047863966474,1.0,0.0,0.0,0.0,3.0,7.4,0.0,0.0,0.0,4.579593416700765
119,10,7.4,0.88506768,7.6763485477178435,7.048175136929462,0.0,1.0,0.0,0.0,0.0,0.0,7.4,0.0,0.0,0.0,0.0
119,11,0.0,0.74463216,0.0,0.0,0.0,0.0,0.0,0.0,0.0,0.0,0.0,0.0,0.0,0.0,0.0
119,12,30.98356808070031,0.5524876799999999,32.14063078910821,0.0,286.0516140230631,0.0,0.0,0.0,0.0,3.0,0.0,0.0,0.0,0.0,30.98356808070031
119,13,0.0,0.49083024,0.0,0.0,0.0,0.0,0.0,0.0,0.0,0.0,0.0,0.0,0.0,0.0,0.0
119,14,0.22861550927692426,0.46885104,0.23715301792212062,0.0,2.1106618595068736,0.0,0.0,0.0,0.0,1.0,0.0,0.0,0.0,0.0,0.22861550927692426
119,15,3.0886502392589055,0.49129296,3.203994024127496,0.0,28.515546814734712,0.0,0.0,0.0,0.0,1.0,0.0,0.0,0.0,0.0,3.0886502392589055
119,16,1.0853158296574954,0.49464768,1.1258462963252027,0.0,10.020032037294305,0.0,0.0,0.0,0.0,1.0,0.0,0.0,0.0,0.0,1.0853158296574954
119,17,0.0,0.54924864,0.0,0.0,0.0,0.0,0.0,0.0,0.0,0.0,0.0,0.0,0.0,0.0,0.0
119,18,9.10792622980294,0.5244931199999999,9.448056254982303,0.0,84.0877006693425,0.0,0.0,0.0,0.0,1.0,0.0,0.0,0.0,0.0,9.10792622980294
119,19,26.208572107783286,0.50818224,27.187315464505485,12.465213410788383,37.008601410032405,3.0,0.0,0.0,0.0,1.0,22.200000000000003,0.0,0.0,0.0,4.0085721077832845
119,20,51.69480824866945,0.4784524799999999,53.62531976003057,27.432165314036638,0.0,8.0,0.0,0.0,0.0,0.0,51.69480824866945,0.0,0.0,0.0,0.0
119,21,51.69480824866947,0.33362112,53.62531976003058,19.665537322756546,0.0,8.0,0.0,0.0,0.0,0.0,51.69480824866947,0.0,0.0,0.0,0.0
119,22,51.69480824866945,0.29475264,53.625319760030585,17.581202654170195,0.0,7.0,0.0,0.0,0.0,0.0,51.69480824866945,0.0,0.0,0.0,0.0
119,23,51.69480824866945,0.326796,53.625319760030585,19.29953808035597,0.0,8.0,0.0,0.0,0.0,0.0,51.69480824866945,0.0,0.0,0.0,0.0
120,0,51.69480824866947,0.32251584,53.625319760030585,19.070013131731876,0.0,8.0,0.0,0.0,0.0,0.0,51.69480824866947,0.0,0.0,0.0,0.0
120,1,51.69480824866946,0.3088655999999999,53.62531976003058,18.338014646930713,0.0,9.0,0.0,0.0,0.0,0.0,51.69480824866946,0.0,0.0,0.0,0.0
120,2,51.69480824866946,0.3048168,53.625319760030585,18.120896452286303,0.0,8.0,0.0,0.0,0.0,0.0,51.69480824866946,0.0,0.0,0.0,0.0
120,3,51.69480824866948,0.30666768,53.62531976003059,18.220150484123753,0.0,8.0,0.0,0.0,0.0,0.0,51.69480824866948,0.0,0.0,0.0,0.0
120,4,51.69480824866946,0.30180912,53.62531976003057,17.95960865055045,0.0,8.0,0.0,0.0,0.0,0.0,51.69480824866946,0.0,0.0,0.0,0.0
120,5,51.69480824866945,0.3106008,53.625319760030564,18.43106530177831,0.0,7.0,0.0,0.0,0.0,0.0,51.69480824866945,0.0,0.0,0.0,0.0
120,6,51.69480824866949,0.32367264,53.6253197600306,19.132046901630282,0.0,9.0,0.0,0.0,0.0,0.0,51.69480824866949,0.0,0.0,0.0,0.0
120,7,51.69480824866945,0.36173136,53.625319760030585,21.17295793128775,0.0,8.0,0.0,0.0,0.0,0.0,51.69480824866945,0.0,0.0,0.0,0.0
120,8,50.737519972197845,0.35062608,52.63228212883594,20.196379302752273,0.0,8.0,0.0,0.0,0.0,0.0,50.737519972197845,0.0,0.0,0.0,0.0
120,9,42.77956812087295,0.3100224,44.37714535360265,15.226792618876992,0.0,6.0,0.0,0.0,0.0,0.0,42.77956812087295,0.0,0.0,0.0,0.0
120,10,7.4,0.06963936,7.6763485477178435,0.7886631369294607,0.0,1.0,0.0,0.0,0.0,0.0,7.4,0.0,0.0,0.0,0.0
120,11,0.0,0.01110528,0.0,0.0,0.0,0.0,0.0,0.0,0.0,0.0,0.0,0.0,0.0,0.0,0.0
120,12,0.0,-0.00092544,0.0,0.0,0.0,0.0,0.0,0.0,0.0,0.0,0.0,0.0,0.0,0.0,0.0
120,13,12.828046331462367,-0.0106425599999999,13.30710200359167,0.0,118.43320783196586,0.0,0.0,0.0,0.0,2.0,0.0,0.0,0.0,0.0,12.828046331462367
120,14,2.6677187484093,0.0141129599999999,2.7673431000096476,0.0,24.629353590085866,0.0,0.0,0.0,0.0,2.0,0.0,0.0,0.0,0.0,2.6677187484093
120,15,14.094840745625014,0.1619519999999999,14.621204092972008,0.0,130.12871642745088,0.0,0.0,0.0,0.0,3.0,0.0,0.0,0.0,0.0,14.094840745625014
120,16,0.0,0.37121712,0.0,0.0,0.0,0.0,0.0,0.0,0.0,0.0,0.0,0.0,0.0,0.0,0.0
120,17,28.89881402078543,0.4499952,29.97802284313842,0.0,266.80440330393196,0.0,0.0,0.0,0.0,2.0,0.0,0.0,0.0,0.0,28.89881402078543
120,18,0.8737806458317442,0.46607472,0.9064114583316849,0.0,8.067061979151996,0.0,0.0,0.0,0.0,1.0,0.0,0.0,0.0,0.0,0.8737806458317442
120,19,22.786546178928518,0.4471032,23.637496036232903,7.948265994705096,63.06197803917844,3.0,0.0,0.0,0.0,1.0,15.95601282726919,0.0,0.0,0.0,6.8305333516593265
120,20,44.4,0.44687184,46.05809128630706,22.10658682157677,0.0,6.0,0.0,0.0,0.0,0.0,44.4,0.0,0.0,0.0,0.0
120,21,44.70449066457722,0.3938904,46.373952971553145,18.91933901879531,18.38180441521224,6.0,0.0,0.0,0.0,1.0,42.713472748143,0.0,0.0,0.0,1.9910179164342243
120,22,51.694808248669474,0.36450768,53.625319760030585,21.321838979043918,0.0,7.0,0.0,0.0,0.0,0.0,51.694808248669474,0.0,0.0,0.0,0.0
120,23,51.69480824866946,0.36427632,53.625319760030564,21.309432225064228,0.0,7.0,0.0,0.0,0.0,0.0,51.69480824866946,0.0,0.0,0.0,0.0
121,0,45.92799680506487,0.39354336,47.6431502127229,20.326633687740816,0.0,7.0,0.0,0.0,0.0,0.0,45.92799680506487,0.0,0.0,0.0,0.0
121,1,50.10310700385618,0.4244299199999999,51.97417738989231,23.779741223263233,0.0,7.0,0.0,0.0,0.0,0.0,50.10310700385618,0.0,0.0,0.0,0.0
121,2,48.83099680141051,0.46144752,50.654560997313816,25.051087517910272,0.0,8.0,0.0,0.0,0.0,0.0,48.83099680141051,0.0,0.0,0.0,0.0
121,3,51.694808248669474,0.4922184,53.625319760030585,28.170367175827643,0.0,8.0,0.0,0.0,0.0,0.0,51.694808248669474,0.0,0.0,0.0,0.0
121,4,40.90038131554973,0.51859344,42.42778144766571,23.407128698430874,0.0,7.0,0.0,0.0,0.0,0.0,40.90038131554973,0.0,0.0,0.0,0.0
121,5,50.103107003856174,0.5539915200000001,51.974177389892304,30.513598804581513,0.0,7.0,0.0,0.0,0.0,0.0,50.103107003856174,0.0,0.0,0.0,0.0
121,6,51.69480824866945,0.64908048,53.625319760030585,36.58214637405115,0.0,7.0,0.0,0.0,0.0,0.0,51.69480824866945,0.0,0.0,0.0,0.0
121,7,46.233549587654274,0.7582823999999999,47.96011368013929,37.95478986846146,0.0,7.0,0.0,0.0,0.0,0.0,46.233549587654274,0.0,0.0,0.0,0.0
121,8,43.41781665757665,0.57944112,45.0392288979011,27.58837971305671,0.0,7.0,0.0,0.0,0.0,0.0,43.41781665757665,0.0,0.0,0.0,0.0
121,9,0.0,0.57180624,0.0,0.0,0.0,0.0,0.0,0.0,0.0,0.0,0.0,0.0,0.0,0.0,0.0
121,10,7.4,0.511884,7.6763485477178435,4.183487136929461,0.0,1.0,0.0,0.0,0.0,0.0,7.4,0.0,0.0,0.0,0.0
121,11,0.0,0.4846992,0.0,0.0,0.0,0.0,0.0,0.0,0.0,0.0,0.0,0.0,0.0,0.0,0.0
121,12,0.0,0.39608832,0.0,0.0,0.0,0.0,0.0,0.0,0.0,0.0,0.0,0.0,0.0,0.0,0.0
121,13,3.014695809213131,0.34599888,3.1272778103870653,0.0,27.832772512444883,0.0,0.0,0.0,0.0,2.0,0.0,0.0,0.0,0.0,3.014695809213131
121,14,0.0,0.4650336,0.0,0.0,0.0,0.0,0.0,0.0,0.0,0.0,0.0,0.0,0.0,0.0,0.0
121,15,0.0,0.6010732799999999,0.0,0.0,0.0,0.0,0.0,0.0,0.0,0.0,0.0,0.0,0.0,0.0,0.0
121,16,0.0,0.7601332799999999,0.0,0.0,0.0,0.0,0.0,0.0,0.0,0.0,0.0,0.0,0.0,0.0,0.0
121,17,0.0,0.8680627200000001,0.0,0.0,0.0,0.0,0.0,0.0,0.0,0.0,0.0,0.0,0.0,0.0,0.0
121,18,0.0,0.88414224,0.0,0.0,0.0,0.0,0.0,0.0,0.0,0.0,0.0,0.0,0.0,0.0,0.0
121,19,7.4,0.8680627200000001,7.6763485477178435,6.917639136929462,0.0,1.0,0.0,0.0,0.0,0.0,7.4,0.0,0.0,0.0,0.0
121,20,40.819007132916134,0.83717616,42.343368395141226,36.85042404838887,0.0,6.0,0.0,0.0,0.0,0.0,40.819007132916134,0.0,0.0,0.0,0.0
121,21,44.4,0.74521056,46.05809128630706,35.84749882157677,0.0,6.0,0.0,0.0,0.0,0.0,44.4,0.0,0.0,0.0,0.0
121,22,51.69480824866946,0.6622680000000001,53.625319760030585,37.28933135089295,0.0,7.0,0.0,0.0,0.0,0.0,51.69480824866946,0.0,0.0,0.0,0.0
121,23,51.528046155776956,0.80536416,53.45233003711304,44.81786300461075,0.0,7.0,0.0,0.0,0.0,0.0,51.528046155776956,0.0,0.0,0.0,0.0
122,0,44.294808248669455,0.75400224,45.94897121231272,36.16653816690686,0.0,7.0,0.0,0.0,0.0,0.0,44.294808248669455,0.0,0.0,0.0,0.0
122,1,34.91238790624447,0.7112006399999999,36.21617002722456,26.955718529612053,0.0,5.0,0.0,0.0,0.0,0.0,34.91238790624447,0.0,0.0,0.0,0.0
122,2,51.69480824866945,0.67244784,53.625319760030564,37.835228525998886,0.0,7.0,0.0,0.0,0.0,0.0,51.69480824866945,0.0,0.0,0.0,0.0
122,3,50.10310700385618,0.6749928,51.974177389892304,36.80254079570553,0.0,7.0,0.0,0.0,0.0,0.0,50.10310700385618,0.0,0.0,0.0,0.0
122,4,40.58093234973507,0.75920784,42.09640285242228,33.353310015772536,0.0,7.0,0.0,0.0,0.0,0.0,40.58093234973507,0.0,0.0,0.0,0.0
122,5,44.4,1.15934496,46.05809128630706,54.92173882157677,0.0,6.0,0.0,0.0,0.0,0.0,44.4,0.0,0.0,0.0,0.0
122,6,44.29480824866946,1.42679712,45.94897121231272,67.08077073981825,0.0,7.0,0.0,0.0,0.0,0.0,44.29480824866946,0.0,0.0,0.0,0.0
122,7,51.69480824866946,1.51506096,53.625319760030585,83.02062651999591,0.0,7.0,0.0,0.0,0.0,0.0,51.69480824866946,0.0,0.0,0.0,0.0
122,8,26.0091017427905,1.38145056,26.980395998745337,38.16513426904697,0.0,4.0,0.0,0.0,0.0,0.0,26.0091017427905,0.0,0.0,0.0,0.0
122,9,18.0841356493067,1.295616,18.75947681463351,24.926016995232576,0.0,4.0,0.0,0.0,0.0,0.0,18.0841356493067,0.0,0.0,0.0,0.0
122,10,7.4,1.22412576,7.6763485477178435,9.650903136929461,0.0,1.0,0.0,0.0,0.0,0.0,7.4,0.0,0.0,0.0,0.0
122,11,2.2516401543997153,1.11203184,2.335726301244518,0.0,20.78796408107621,0.0,0.0,0.0,0.0,1.0,0.0,0.0,0.0,0.0,2.2516401543997153
122,12,0.0,1.06414032,0.0,0.0,0.0,0.0,0.0,0.0,0.0,0.0,0.0,0.0,0.0,0.0,0.0
122,13,0.0,0.99693024,0.0,0.0,0.0,0.0,0.0,0.0,0.0,0.0,0.0,0.0,0.0,0.0,0.0
122,14,0.0,0.92960448,0.0,0.0,0.0,0.0,0.0,0.0,0.0,0.0,0.0,0.0,0.0,0.0,0.0
122,15,0.0,0.98131344,0.0,0.0,0.0,0.0,0.0,0.0,0.0,0.0,0.0,0.0,0.0,0.0,0.0
122,16,10.403825220552879,1.06622256,10.792349813851535,0.0,96.05191334327867,0.0,0.0,0.0,0.0,1.0,0.0,0.0,0.0,0.0,10.403825220552879
122,17,0.0,1.2344212799999998,0.0,0.0,0.0,0.0,0.0,0.0,0.0,0.0,0.0,0.0,0.0,0.0,0.0
122,18,0.0,1.1961312,0.0,0.0,0.0,0.0,0.0,0.0,0.0,0.0,0.0,0.0,0.0,0.0,0.0
122,19,14.481242990487003,1.05708384,15.02203629718569,16.376781215085273,0.0,2.0,0.0,0.0,0.0,0.0,14.481242990487003,0.0,0.0,0.0,0.0
122,20,51.69480824866946,0.8297726400000001,53.625319760030564,46.27182123218175,0.0,7.0,0.0,0.0,0.0,0.0,51.69480824866946,0.0,0.0,0.0,0.0
122,21,51.14827044930825,0.63635568,53.05837183538201,35.52022839674851,0.0,7.0,0.0,0.0,0.0,0.0,51.14827044930825,0.0,0.0,0.0,0.0
122,22,37.77721914967353,0.56671632,39.18798666978582,23.505593952479988,0.0,6.0,0.0,0.0,0.0,0.0,37.77721914967353,0.0,0.0,0.0,0.0
122,23,50.901112661545845,0.12273648,52.80198408874051,8.228475337405328,0.0,7.0,0.0,0.0,0.0,0.0,50.901112661545845,0.0,0.0,0.0,0.0
123,0,51.694808248669474,0.0865286399999999,53.625319760030585,6.41512407245758,0.0,7.0,0.0,0.0,0.0,0.0,51.694808248669474,0.0,0.0,0.0,0.0
123,1,47.1356042258807,0.11556432,48.89585500610032,7.269069035300499,0.0,7.0,0.0,0.0,0.0,0.0,47.1356042258807,0.0,0.0,0.0,0.0
123,2,44.29480824866946,0.2007048,45.94897121231272,10.743090024500534,0.0,7.0,0.0,0.0,0.0,0.0,44.29480824866946,0.0,0.0,0.0,0.0
123,3,49.173281989013844,0.3462302399999999,51.00962861930898,19.34949466647334,0.0,7.0,0.0,0.0,0.0,0.0,49.173281989013844,0.0,0.0,0.0,0.0
123,4,51.69480824866946,0.57562368,53.625319760030564,32.64300198550252,0.0,7.0,0.0,0.0,0.0,0.0,51.69480824866946,0.0,0.0,0.0,0.0
123,5,43.77535361311421,0.61761552,45.41011785592761,29.54906845388122,0.0,6.0,0.0,0.0,0.0,0.0,43.77535361311421,0.0,0.0,0.0,0.0
123,6,51.69480824866946,0.78188112,53.625319760030564,43.70362315838784,0.0,7.0,0.0,0.0,0.0,0.0,51.69480824866946,0.0,0.0,0.0,0.0
123,7,44.90907474223149,0.92544,46.5861771184974,44.654714215164496,0.0,7.0,0.0,0.0,0.0,0.0,44.90907474223149,0.0,0.0,0.0,0.0
123,8,22.200000000000003,0.8176262400000001,23.02904564315353,19.591413410788384,0.0,3.0,0.0,0.0,0.0,0.0,22.200000000000003,0.0,0.0,0.0,0.0
123,9,0.0,0.7426656,0.0,0.0,0.0,0.0,0.0,0.0,0.0,0.0,0.0,0.0,0.0,0.0,0.0
123,10,0.0,0.6935016,0.0,0.0,0.0,0.0,0.0,0.0,0.0,0.0,0.0,0.0,0.0,0.0,0.0
123,11,0.0,0.6408671999999999,0.0,0.0,0.0,0.0,0.0,0.0,0.0,0.0,0.0,0.0,0.0,0.0,0.0
123,12,0.0,0.61032768,0.0,0.0,0.0,0.0,0.0,0.0,0.0,0.0,0.0,0.0,0.0,0.0,0.0
123,13,0.0,0.5965617599999999,0.0,0.0,0.0,0.0,0.0,0.0,0.0,0.0,0.0,0.0,0.0,0.0,0.0
123,14,0.0,0.60061056,0.0,0.0,0.0,0.0,0.0,0.0,0.0,0.0,0.0,0.0,0.0,0.0,0.0
123,15,0.0,0.6113687999999999,0.0,0.0,0.0,0.0,0.0,0.0,0.0,0.0,0.0,0.0,0.0,0.0,0.0
123,16,0.0,0.63693408,0.0,0.0,0.0,0.0,0.0,0.0,0.0,0.0,0.0,0.0,0.0,0.0,0.0
123,17,0.0,0.76672704,0.0,0.0,0.0,0.0,0.0,0.0,0.0,0.0,0.0,0.0,0.0,0.0,0.0
123,18,0.0,0.92578704,0.0,0.0,0.0,0.0,0.0,0.0,0.0,0.0,0.0,0.0,0.0,0.0,0.0
123,19,8.386637699719898,0.9520464,8.69983163871359,8.570607819484792,0.0,2.0,0.0,0.0,0.0,0.0,8.386637699719898,0.0,0.0,0.0,0.0
123,20,29.6,0.92995152,30.705394190871374,29.570876547717848,0.0,4.0,0.0,0.0,0.0,0.0,29.6,0.0,0.0,0.0,0.0
123,21,51.69480824866945,0.78037728,53.625319760030564,43.622979257519916,0.0,7.0,0.0,0.0,0.0,0.0,51.69480824866945,0.0,0.0,0.0,0.0
123,22,51.69480824866946,0.6180782399999999,53.625319760030564,34.91964134077392,0.0,7.0,0.0,0.0,0.0,0.0,51.69480824866946,0.0,0.0,0.0,0.0
123,23,37.54418816584824,0.77146992,38.94625328407494,31.334983889067914,0.0,7.0,0.0,0.0,0.0,0.0,37.54418816584824,0.0,0.0,0.0,0.0
124,0,51.69480824866946,0.7711228799999998,53.625319760030564,43.12670909833268,0.0,7.0,0.0,0.0,0.0,0.0,51.69480824866946,0.0,0.0,0.0,0.0
124,1,48.455018271284075,0.7496063999999999,50.26454177519096,39.342378540509316,0.0,7.0,0.0,0.0,0.0,0.0,48.455018271284075,0.0,0.0,0.0,0.0
124,2,37.0,0.7715856,38.38174273858922,30.885235684647306,0.0,5.0,0.0,0.0,0.0,0.0,37.0,0.0,0.0,0.0,0.0
124,3,31.5362541345214,0.7773696,32.71395657108029,26.51366729658082,0.0,5.0,0.0,0.0,0.0,0.0,31.5362541345214,0.0,0.0,0.0,0.0
124,4,49.61845970095161,0.88541472,51.47143122505355,47.27726723967932,0.0,7.0,0.0,0.0,0.0,0.0,49.61845970095161,0.0,0.0,0.0,0.0
124,5,33.531595138999236,1.1736892799999998,34.78381238485399,41.976731903573025,0.0,5.0,0.0,0.0,0.0,0.0,33.531595138999236,0.0,0.0,0.0,0.0
124,6,51.69480824866945,1.4442648,53.625319760030564,79.22415980221359,0.0,7.0,0.0,0.0,0.0,0.0,51.69480824866945,0.0,0.0,0.0,0.0
124,7,51.69480824866945,1.3569264,53.625319760030564,74.54061017488414,0.0,7.0,0.0,0.0,0.0,0.0,51.69480824866945,0.0,0.0,0.0,0.0
124,8,8.03481324830063,1.20793056,8.334868514834678,10.34382654049165,0.0,2.0,0.0,0.0,0.0,0.0,8.03481324830063,0.0,0.0,0.0,0.0
124,9,14.8,1.0411199999999998,15.352697095435687,16.492174273858918,0.0,2.0,0.0,0.0,0.0,0.0,14.8,0.0,0.0,0.0,0.0
124,10,7.034972353833267,0.9208128,7.297689163727457,6.961359103700916,0.0,1.0,0.0,0.0,0.0,0.0,7.034972353833267,0.0,0.0,0.0,0.0
124,11,0.0,0.83046672,0.0,0.0,0.0,0.0,0.0,0.0,0.0,0.0,0.0,0.0,0.0,0.0,0.0
124,12,20.27097540013813,0.71883552,21.027982780226278,0.0,187.1490467440139,0.0,0.0,0.0,0.0,2.0,0.0,0.0,0.0,0.0,20.27097540013813
124,13,0.0,0.67753776,0.0,0.0,0.0,0.0,0.0,0.0,0.0,0.0,0.0,0.0,0.0,0.0,0.0
124,14,0.0,0.77378352,0.0,0.0,0.0,0.0,0.0,0.0,0.0,0.0,0.0,0.0,0.0,0.0,0.0
124,15,0.0,0.91410336,0.0,0.0,0.0,0.0,0.0,0.0,0.0,0.0,0.0,0.0,0.0,0.0,0.0
124,16,0.0,1.14511632,0.0,0.0,0.0,0.0,0.0,0.0,0.0,0.0,0.0,0.0,0.0,0.0,0.0
124,17,0.0,1.22829024,0.0,0.0,0.0,0.0,0.0,0.0,0.0,0.0,0.0,0.0,0.0,0.0,0.0
124,18,0.0,1.32731232,0.0,0.0,0.0,0.0,0.0,0.0,0.0,0.0,0.0,0.0,0.0,0.0,0.0
124,19,22.200000000000003,1.3533403199999998,23.02904564315353,31.928397410788378,0.0,3.0,0.0,0.0,0.0,0.0,22.200000000000003,0.0,0.0,0.0,0.0
124,20,28.705889791506674,1.2805776,29.777893974591986,39.11855228959646,0.0,4.0,0.0,0.0,0.0,0.0,28.705889791506674,0.0,0.0,0.0,0.0
124,21,51.69480824866946,1.17866352,53.625319760030564,64.98120623354019,0.0,7.0,0.0,0.0,0.0,0.0,51.69480824866946,0.0,0.0,0.0,0.0
124,22,47.23090055360074,1.03603008,48.9947101178431,52.381718347866396,0.0,7.0,0.0,0.0,0.0,0.0,47.23090055360074,0.0,0.0,0.0,0.0
124,23,42.913490506517256,0.94730352,44.51606899016314,43.643710734518784,0.0,6.0,0.0,0.0,0.0,0.0,42.913490506517256,0.0,0.0,0.0,0.0
125,0,51.69480824866946,0.8913144,53.625319760030564,49.5720177907768,0.0,7.0,0.0,0.0,0.0,0.0,51.69480824866946,0.0,0.0,0.0,0.0
125,1,47.23249098805025,0.8797464,48.99635994611022,44.72615078991091,0.0,7.0,0.0,0.0,0.0,0.0,47.23249098805025,0.0,0.0,0.0,0.0
125,2,37.06537107250128,0.89038896,38.449555054461904,35.50773960970777,0.0,7.0,0.0,0.0,0.0,0.0,37.06537107250128,0.0,0.0,0.0,0.0
125,3,47.31164876313204,0.88286976,49.07847382067639,44.95439788669123,0.0,7.0,0.0,0.0,0.0,0.0,47.31164876313204,0.0,0.0,0.0,0.0
125,4,51.69480824866946,0.98813856,53.625319760030564,54.76424433127316,0.0,7.0,0.0,0.0,0.0,0.0,51.69480824866946,0.0,0.0,0.0,0.0
125,5,51.69480824866946,1.0876233599999998,53.625319760030564,60.09914854253584,0.0,7.0,0.0,0.0,0.0,0.0,51.69480824866946,0.0,0.0,0.0,0.0
125,6,51.69480824866946,1.17924192,53.625319760030564,65.01222311848939,0.0,7.0,0.0,0.0,0.0,0.0,51.69480824866946,0.0,0.0,0.0,0.0
125,7,42.39695159142273,1.11064368,43.98024024006508,50.302121819456104,0.0,7.0,0.0,0.0,0.0,0.0,42.39695159142273,0.0,0.0,0.0,0.0
125,8,29.6,1.0486392,30.705394190871374,33.21522854771784,0.0,5.0,0.0,0.0,0.0,0.0,29.6,0.0,0.0,0.0,0.0
125,9,7.4,1.0174056,7.6763485477178435,8.064047136929462,0.0,1.0,0.0,0.0,0.0,0.0,7.4,0.0,0.0,0.0,0.0
125,10,1.9540670154448598,0.94927008,2.0270404724531743,1.9913039110870627,0.0,1.0,0.0,0.0,0.0,0.0,1.9540670154448598,0.0,0.0,0.0,0.0
125,11,0.0,0.8974454399999999,0.0,0.0,0.0,0.0,0.0,0.0,0.0,0.0,0.0,0.0,0.0,0.0,0.0
125,12,0.0,0.8877283199999999,0.0,0.0,0.0,0.0,0.0,0.0,0.0,0.0,0.0,0.0,0.0,0.0,0.0
125,13,0.0,0.89085168,0.0,0.0,0.0,0.0,0.0,0.0,0.0,0.0,0.0,0.0,0.0,0.0,0.0
125,14,0.0,0.91537584,0.0,0.0,0.0,0.0,0.0,0.0,0.0,0.0,0.0,0.0,0.0,0.0,0.0
125,15,0.0,0.9763392,0.0,0.0,0.0,0.0,0.0,0.0,0.0,0.0,0.0,0.0,0.0,0.0,0.0
125,16,0.0,0.93689232,0.0,0.0,0.0,0.0,0.0,0.0,0.0,0.0,0.0,0.0,0.0,0.0,0.0
125,17,0.0,0.937008,0.0,0.0,0.0,0.0,0.0,0.0,0.0,0.0,0.0,0.0,0.0,0.0,0.0
125,18,0.0,0.93619824,0.0,0.0,0.0,0.0,0.0,0.0,0.0,0.0,0.0,0.0,0.0,0.0,0.0
125,19,33.17200929686661,0.92740656,34.410798025795245,33.051797238611385,0.0,5.0,0.0,0.0,0.0,0.0,33.17200929686661,0.0,0.0,0.0,0.0
125,20,43.13866988822015,0.96870432,44.749657560394354,44.830400262523725,0.0,7.0,0.0,0.0,0.0,0.0,43.13866988822015,0.0,0.0,0.0,0.0
125,21,51.69480824866945,0.90369216,53.625319760030585,50.23577912868973,0.0,7.0,0.0,0.0,0.0,0.0,51.69480824866945,0.0,0.0,0.0,0.0
125,22,49.328680386796385,0.8404152,51.17083027675975,44.69849804336985,0.0,7.0,0.0,0.0,0.0,0.0,49.328680386796385,0.0,0.0,0.0,0.0
125,23,47.865516452355905,0.7865083199999999,49.65302536551443,40.69603270274667,0.0,7.0,0.0,0.0,0.0,0.0,47.865516452355905,0.0,0.0,0.0,0.0
126,0,50.103107003856444,0.73907952,51.974177389892304,40.1333953493219,0.0,7.0,0.0,0.0,0.0,0.0,50.103107003856444,0.0,0.0,0.0,0.0
126,1,51.69480824866946,0.7277428799999999,53.625319760030564,40.80044272714256,0.0,7.0,0.0,0.0,0.0,0.0,51.69480824866946,0.0,0.0,0.0,0.0
126,2,51.694808248669474,0.75006912,53.625319760030585,41.99769448618177,0.0,7.0,0.0,0.0,0.0,0.0,51.694808248669474,0.0,0.0,0.0,0.0
126,3,41.21450194145868,0.75897648,42.75363271935549,33.864146911559914,0.0,8.0,0.0,0.0,0.0,0.0,41.21450194145868,0.0,0.0,0.0,0.0
126,4,44.29480824866946,0.8022408,45.94897121231272,38.38305037167028,0.0,7.0,0.0,0.0,0.0,0.0,44.29480824866946,0.0,0.0,0.0,0.0
126,5,44.813976407801505,0.85707312,46.48752739398497,41.381947301389076,0.0,8.0,0.0,0.0,0.0,0.0,44.8139764078015,0.0,0.0,0.0,0.0
126,6,51.69480824866946,0.8929339199999999,53.625319760030564,49.658865068634555,0.0,7.0,0.0,0.0,0.0,0.0,51.69480824866946,0.0,0.0,0.0,0.0
126,7,40.08938988594162,0.9786528,41.586504031059775,42.07526189563602,0.0,7.0,0.0,0.0,0.0,0.0,40.08938988594162,0.0,0.0,0.0,0.0
126,8,51.69480824866946,0.91780512,53.625319760030564,50.99259112145024,0.0,7.0,0.0,0.0,0.0,0.0,51.69480824866946,0.0,0.0,0.0,0.0
126,9,28.637603427049868,0.89987472,29.7070574969397,20.33519186649167,70.40769751540748,3.0,0.0,0.0,0.0,1.0,21.011421359088878,0.0,0.0,0.0,7.626182067960989
126,10,0.0,0.8401838399999999,0.0,0.0,0.0,0.0,0.0,0.0,0.0,0.0,0.0,0.0,0.0,0.0,0.0
126,11,0.0,0.8133460800000001,0.0,0.0,0.0,0.0,0.0,0.0,0.0,0.0,0.0,0.0,0.0,0.0,0.0
126,12,10.6528952585971,0.6450316799999999,11.0507212226111,0.0,98.3514188812388,0.0,0.0,0.0,0.0,1.0,0.0,0.0,0.0,0.0,10.6528952585971
126,13,29.42662323215079,0.5784,30.525542771940653,0.0,271.67733067027183,0.0,0.0,0.0,0.0,4.0,0.0,0.0,0.0,0.0,29.42662323215079
126,14,19.20229990312155,0.73063488,19.919398239752645,0.0,177.28264433379854,0.0,0.0,0.0,0.0,1.0,0.0,0.0,0.0,0.0,19.20229990312155
126,15,16.78646482375702,0.8427287999999998,17.41334525285998,0.0,154.97877275045383,0.0,0.0,0.0,0.0,2.0,0.0,0.0,0.0,0.0,16.78646482375702
126,16,56.31961755940394,0.90184128,58.42283979191281,0.0,519.963274148024,0.0,0.0,0.0,0.0,3.0,0.0,0.0,0.0,0.0,56.31961755940394
126,17,5.023615836974332,0.94383312,5.211219747898685,0.0,46.3798557562983,0.0,0.0,0.0,0.0,2.0,0.0,0.0,0.0,0.0,5.023615836974332
126,18,16.60728529330079,0.9840897599999998,17.227474370643975,0.0,153.32452189873138,0.0,0.0,0.0,0.0,1.0,0.0,0.0,0.0,0.0,16.60728529330079
126,19,18.12680730099025,0.957252,18.803742013475365,15.204574273858924,30.714299770553133,2.0,0.0,0.0,0.0,1.0,14.8,0.0,0.0,0.0,3.326807300990249
126,20,51.69480824866946,0.90774096,53.62531976003057,50.45289732333414,0.0,7.0,0.0,0.0,0.0,0.0,51.69480824866946,0.0,0.0,0.0,0.0
126,21,51.69480824866945,0.90669984,53.625319760030585,50.39706693042559,0.0,7.0,0.0,0.0,0.0,0.0,51.69480824866945,0.0,0.0,0.0,0.0
126,22,51.694808248669474,0.8461992,53.625319760030585,47.15270076473909,0.0,7.0,0.0,0.0,0.0,0.0,51.694808248669474,0.0,0.0,0.0,0.0
126,23,51.69480824866947,0.7096967999999999,53.625319760030585,39.83271591672748,0.0,9.0,0.0,0.0,0.0,0.0,51.69480824866947,0.0,0.0,0.0,0.0
127,0,51.69480824866946,0.7146710399999999,53.62531976003057,40.09946112729061,0.0,8.0,0.0,0.0,0.0,0.0,51.69480824866946,0.0,0.0,0.0,0.0
127,1,51.69480824866946,0.71339856,53.625319760030564,40.031223980402366,0.0,8.0,0.0,0.0,0.0,0.0,51.69480824866946,0.0,0.0,0.0,0.0
127,2,51.694808248669474,0.7177943999999999,53.625319760030585,40.26695230601631,0.0,8.0,0.0,0.0,0.0,0.0,51.694808248669474,0.0,0.0,0.0,0.0
127,3,51.69480824866948,0.7366502399999999,53.625319760030585,41.278102755360294,0.0,11.0,0.0,0.0,0.0,0.0,51.69480824866946,0.0,0.0,0.0,0.0
127,4,51.69480824866946,0.7463673599999999,53.625319760030564,41.799186422506864,0.0,8.0,0.0,0.0,0.0,0.0,51.69480824866946,0.0,0.0,0.0,0.0
127,5,51.694808248669474,0.76360368,53.625319760030585,42.72348959399309,0.0,7.0,0.0,0.0,0.0,0.0,51.694808248669474,0.0,0.0,0.0,0.0
127,6,51.69480824866947,0.90704688,53.62531976003057,50.415677061395094,0.0,8.0,0.0,0.0,0.0,0.0,51.69480824866947,0.0,0.0,0.0,0.0
127,7,51.69480824866946,0.87766416,53.62531976003057,48.84001930597565,0.0,8.0,0.0,0.0,0.0,0.0,51.69480824866947,0.0,0.0,0.0,0.0
127,8,57.61812377690051,0.7819967999999999,59.76983794284287,43.70982653537768,54.68621182702946,8.0,0.0,0.0,0.0,1.0,51.69480824866946,0.0,0.0,0.0,5.923315528231055
127,9,44.4,0.43241184,46.05809128630706,21.44058682157677,0.0,6.0,0.0,0.0,0.0,0.0,44.4,0.0,0.0,0.0,0.0
127,10,7.4,0.35236128,7.6763485477178435,2.958935136929461,0.0,1.0,0.0,0.0,0.0,0.0,7.4,0.0,0.0,0.0,0.0
127,11,0.0,0.4543910399999999,0.0,0.0,0.0,0.0,0.0,0.0,0.0,0.0,0.0,0.0,0.0,0.0,0.0
127,12,36.42049722102748,0.40557408,37.78059877699946,0.0,336.2473291152952,0.0,0.0,0.0,0.0,3.0,0.0,0.0,0.0,0.0,36.42049722102748
127,13,15.694036952953434,0.3546748799999999,16.280121320491116,0.0,144.89307975237094,0.0,0.0,0.0,0.0,4.0,0.0,0.0,0.0,0.0,15.694036952953434
127,14,15.091769820519135,0.34784976,15.65536288435595,0.0,139.33272967076795,0.0,0.0,0.0,0.0,3.0,0.0,0.0,0.0,0.0,15.091769820519135
127,15,7.8881404245893965,0.6549801599999999,8.182718282769084,0.0,72.82619271664485,0.0,0.0,0.0,0.0,3.0,0.0,0.0,0.0,0.0,7.8881404245893965
127,16,5.361071847039101,0.79691952,5.561277849625623,0.0,49.49537286166805,0.0,0.0,0.0,0.0,2.0,0.0,0.0,0.0,0.0,5.361071847039101
127,17,0.0,0.83474688,0.0,0.0,0.0,0.0,0.0,0.0,0.0,0.0,0.0,0.0,0.0,0.0,0.0
127,18,5.442985812970447,0.83613504,5.646250843330339,0.0,50.25163250564002,0.0,0.0,0.0,0.0,1.0,0.0,0.0,0.0,0.0,5.442985812970447
127,19,4.057231677678649,0.7854672,4.208746553608558,0.0,37.45784432711616,0.0,0.0,0.0,0.0,1.0,0.0,0.0,0.0,0.0,4.057231677678649
127,20,30.35119115184431,0.76360368,31.48463812431983,25.083927057113907,0.0,5.0,0.0,0.0,0.0,0.0,30.35119115184431,0.0,0.0,0.0,0.0
127,21,48.88568263190188,0.772164,50.711289037242615,36.455662600508425,48.412426741443355,7.0,0.0,0.0,0.0,1.0,43.641909667997226,0.0,0.0,0.0,5.24377296390465
127,22,51.69480824866946,0.7131672,53.625319760030564,40.018817226422684,0.0,7.0,0.0,0.0,0.0,0.0,51.69480824866946,0.0,0.0,0.0,0.0
127,23,46.230591835189585,0.6508156799999999,47.95704547218838,32.79857536490263,0.0,7.0,0.0,0.0,0.0,0.0,46.230591835189585,0.0,0.0,0.0,0.0
128,0,44.294808248669455,0.6375124799999999,45.94897121231272,30.813953538137643,0.0,7.0,0.0,0.0,0.0,0.0,44.294808248669455,0.0,0.0,0.0,0.0
128,1,51.69480824866946,0.65567424,53.625319760030564,36.935738862472036,0.0,7.0,0.0,0.0,0.0,0.0,51.69480824866946,0.0,0.0,0.0,0.0
128,2,39.71039776724566,0.6877176,41.193358679715416,29.692897939451637,0.0,7.0,0.0,0.0,0.0,0.0,39.71039776724566,0.0,0.0,0.0,0.0
128,3,47.056398321546496,0.72751152,48.81369120492375,37.128255864187686,0.0,8.0,0.0,0.0,0.0,0.0,47.056398321546496,0.0,0.0,0.0,0.0
128,4,44.4,0.7860456,46.05809128630706,37.72828282157678,0.0,6.0,0.0,0.0,0.0,0.0,44.4,0.0,0.0,0.0,0.0
128,5,48.18532273397102,0.92463024,49.98477462030189,47.87193019344764,0.0,7.0,0.0,0.0,0.0,0.0,48.18532273397102,0.0,0.0,0.0,0.0
128,6,39.30854984641619,1.3131993599999998,40.776503990058295,54.897381224852936,0.0,7.0,0.0,0.0,0.0,0.0,39.30854984641619,0.0,0.0,0.0,0.0
128,7,51.69480824866945,1.24390704,53.625319760030564,68.47991085581013,0.0,7.0,0.0,0.0,0.0,0.0,51.69480824866945,0.0,0.0,0.0,0.0
128,8,50.79733175039588,1.12105488,52.69432754190445,58.11691861558087,20.824259150137905,7.0,0.0,0.0,0.0,1.0,48.54176030986409,0.0,0.0,0.0,2.255571440531791
128,9,29.6,1.03683984,30.705394190871374,32.85292454771785,0.0,4.0,0.0,0.0,0.0,0.0,29.6,0.0,0.0,0.0,0.0
128,10,0.0,0.92173824,0.0,0.0,0.0,0.0,0.0,0.0,0.0,0.0,0.0,0.0,0.0,0.0,0.0
128,11,0.0,0.86829408,0.0,0.0,0.0,0.0,0.0,0.0,0.0,0.0,0.0,0.0,0.0,0.0,0.0
128,12,0.0,0.80374464,0.0,0.0,0.0,0.0,0.0,0.0,0.0,0.0,0.0,0.0,0.0,0.0,0.0
128,13,0.0,0.7276272,0.0,0.0,0.0,0.0,0.0,0.0,0.0,0.0,0.0,0.0,0.0,0.0,0.0
128,14,0.0,0.69650928,0.0,0.0,0.0,0.0,0.0,0.0,0.0,0.0,0.0,0.0,0.0,0.0,0.0
128,15,0.0,0.69743472,0.0,0.0,0.0,0.0,0.0,0.0,0.0,0.0,0.0,0.0,0.0,0.0,0.0
128,16,0.0,0.71710032,0.0,0.0,0.0,0.0,0.0,0.0,0.0,0.0,0.0,0.0,0.0,0.0,0.0
128,17,0.0,0.75006912,0.0,0.0,0.0,0.0,0.0,0.0,0.0,0.0,0.0,0.0,0.0,0.0,0.0
128,18,0.0,0.72658608,0.0,0.0,0.0,0.0,0.0,0.0,0.0,0.0,0.0,0.0,0.0,0.0,0.0
128,19,14.8,0.66145824,15.352697095435687,10.663342273858923,0.0,2.0,0.0,0.0,0.0,0.0,14.8,0.0,0.0,0.0,0.0
128,20,48.95417795925272,0.6021143999999999,50.7823422813825,32.25767508286301,0.0,7.0,0.0,0.0,0.0,0.0,48.95417795925272,0.0,0.0,0.0,0.0
128,21,37.0,0.4661904,38.38174273858922,19.163635684647307,0.0,5.0,0.0,0.0,0.0,0.0,37.0,0.0,0.0,0.0,0.0
128,22,29.794527540213693,0.33928944,30.907186245034957,11.509509777764272,0.0,7.0,0.0,0.0,0.0,0.0,29.794527540213693,0.0,0.0,0.0,0.0
128,23,51.69480824866946,0.22245264,53.625319760030564,13.704092035519977,0.0,7.0,0.0,0.0,0.0,0.0,51.69480824866946,0.0,0.0,0.0,0.0
129,0,48.61524160633296,0.21944496,50.430748554287305,12.736031376412546,0.0,7.0,0.0,0.0,0.0,0.0,48.61524160633296,0.0,0.0,0.0,0.0
129,1,46.76842752435788,0.15570528,48.51496631157458,9.159881798647406,0.0,7.0,0.0,0.0,0.0,0.0,46.76842752435788,0.0,0.0,0.0,0.0
129,2,33.62965641801249,0.13384176,34.885535703332465,5.823852728857159,0.0,5.0,0.0,0.0,0.0,0.0,33.62965641801249,0.0,0.0,0.0,0.0
129,3,44.4,0.10769808,46.05809128630706,6.484890821576765,0.0,6.0,0.0,0.0,0.0,0.0,44.4,0.0,0.0,0.0,0.0
129,4,22.200000000000003,0.28885296,23.02904564315353,7.414269410788384,0.0,3.0,0.0,0.0,0.0,0.0,22.200000000000003,0.0,0.0,0.0,0.0
129,5,51.69480824866945,0.34495776,53.625319760030564,20.273468267760897,0.0,7.0,0.0,0.0,0.0,0.0,51.69480824866945,0.0,0.0,0.0,0.0
129,6,47.72095196751344,0.5940168,49.50306220696416,31.044201961432307,0.0,7.0,0.0,0.0,0.0,0.0,47.72095196751344,0.0,0.0,0.0,0.0
129,7,48.81670634439902,0.66839904,50.63973687178323,35.52372680140854,0.0,7.0,0.0,0.0,0.0,0.0,48.81670634439902,0.0,0.0,0.0,0.0
129,8,51.69480824866945,0.54496848,53.625319760030564,30.999107083194836,0.0,7.0,0.0,0.0,0.0,0.0,51.69480824866945,0.0,0.0,0.0,0.0
129,9,0.0,0.3864868799999999,0.0,0.0,0.0,0.0,0.0,0.0,0.0,0.0,0.0,0.0,0.0,0.0,0.0
129,10,0.0,0.33419952,0.0,0.0,0.0,0.0,0.0,0.0,0.0,0.0,0.0,0.0,0.0,0.0,0.0
129,11,0.0,0.28989408,0.0,0.0,0.0,0.0,0.0,0.0,0.0,0.0,0.0,0.0,0.0,0.0,0.0
129,12,0.0,0.1754865599999999,0.0,0.0,0.0,0.0,0.0,0.0,0.0,0.0,0.0,0.0,0.0,0.0,0.0
129,13,0.0,0.11556432,0.0,0.0,0.0,0.0,0.0,0.0,0.0,0.0,0.0,0.0,0.0,0.0,0.0
129,14,0.0,0.0803976,0.0,0.0,0.0,0.0,0.0,0.0,0.0,0.0,0.0,0.0,0.0,0.0,0.0
129,15,0.0,0.0732254399999999,0.0,0.0,0.0,0.0,0.0,0.0,0.0,0.0,0.0,0.0,0.0,0.0,0.0
129,16,0.0,0.14737632,0.0,0.0,0.0,0.0,0.0,0.0,0.0,0.0,0.0,0.0,0.0,0.0,0.0
129,17,1.4022016236279549,0.25519008,1.4545659996140612,0.0,12.945637396565145,0.0,0.0,0.0,0.0,1.0,0.0,0.0,0.0,0.0,1.4022016236279549
129,18,0.0,0.24223392,0.0,0.0,0.0,0.0,0.0,0.0,0.0,0.0,0.0,0.0,0.0,0.0,0.0
129,19,4.88975103387084,0.11938176,5.072355844264357,0.7734417464797151,0.0,1.0,0.0,0.0,0.0,0.0,4.88975103387084,0.0,0.0,0.0,0.0
129,20,14.8,0.0669787199999999,15.352697095435687,1.5364782738589198,0.0,2.0,0.0,0.0,0.0,0.0,14.8,0.0,0.0,0.0,0.0
129,21,38.83228639813249,0.0185088,40.28245476984699,2.0789291517260793,0.0,6.0,0.0,0.0,0.0,0.0,38.83228639813249,0.0,0.0,0.0,0.0
129,22,50.20829875518672,0.00011568,52.083297463886645,1.7299821419052703,0.0,7.0,0.0,0.0,0.0,0.0,50.20829875518672,0.0,0.0,0.0,0.0
129,23,36.59401788721057,0.0026606399999999,37.960599468060764,1.3574953317615086,0.0,5.0,0.0,0.0,0.0,0.0,36.59401788721057,0.0,0.0,0.0,0.0
130,0,51.69480824866946,0.00011568,53.625319760030564,1.781201461046852,0.0,7.0,0.0,0.0,0.0,0.0,51.69480824866946,0.0,0.0,0.0,0.0
130,1,51.69480824866945,0.0,53.625319760030564,1.7749980840570116,0.0,7.0,0.0,0.0,0.0,0.0,51.69480824866945,0.0,0.0,0.0,0.0
130,2,44.4,0.0,46.05809128630706,1.5245228215767637,0.0,6.0,0.0,0.0,0.0,0.0,44.4,0.0,0.0,0.0,0.0
130,3,30.00709383732613,0.0,31.127690702620477,1.0303265622567377,0.0,6.0,0.0,0.0,0.0,0.0,30.00709383732613,0.0,0.0,0.0,0.0
130,4,37.0,0.00080976,38.38174273858922,1.301515684647303,0.0,5.0,0.0,0.0,0.0,0.0,37.0,0.0,0.0,0.0,0.0
130,5,37.0,0.03863712,38.38174273858922,2.7533956846473027,0.0,5.0,0.0,0.0,0.0,0.0,37.0,0.0,0.0,0.0,0.0
130,6,44.4,0.33998352,46.05809128630706,17.183514821576768,0.0,6.0,0.0,0.0,0.0,0.0,44.4,0.0,0.0,0.0,0.0
130,7,37.0,0.4112423999999999,38.38174273858922,17.0546356846473,0.0,5.0,0.0,0.0,0.0,0.0,37.0,0.0,0.0,0.0,0.0
130,8,14.8,0.349932,15.352697095435687,5.880574273858922,0.0,2.0,0.0,0.0,0.0,0.0,14.8,0.0,0.0,0.0,0.0
130,9,0.0,0.2550744,0.0,0.0,0.0,0.0,0.0,0.0,0.0,0.0,0.0,0.0,0.0,0.0,0.0
130,10,0.0,0.04615632,0.0,0.0,0.0,0.0,0.0,0.0,0.0,0.0,0.0,0.0,0.0,0.0,0.0
130,11,0.0,0.0358608,0.0,0.0,0.0,0.0,0.0,0.0,0.0,0.0,0.0,0.0,0.0,0.0,0.0
130,12,0.0,0.0278788799999999,0.0,0.0,0.0,0.0,0.0,0.0,0.0,0.0,0.0,0.0,0.0,0.0,0.0
130,13,0.0,0.01804608,0.0,0.0,0.0,0.0,0.0,0.0,0.0,0.0,0.0,0.0,0.0,0.0,0.0
130,14,0.0,0.01758336,0.0,0.0,0.0,0.0,0.0,0.0,0.0,0.0,0.0,0.0,0.0,0.0,0.0
130,15,0.0,0.02001264,0.0,0.0,0.0,0.0,0.0,0.0,0.0,0.0,0.0,0.0,0.0,0.0,0.0
130,16,0.0,0.04303296,0.0,0.0,0.0,0.0,0.0,0.0,0.0,0.0,0.0,0.0,0.0,0.0,0.0
130,17,0.0,0.11463888,0.0,0.0,0.0,0.0,0.0,0.0,0.0,0.0,0.0,0.0,0.0,0.0,0.0
130,18,0.0,0.164844,0.0,0.0,0.0,0.0,0.0,0.0,0.0,0.0,0.0,0.0,0.0,0.0,0.0
130,19,0.0,0.13893168,0.0,0.0,0.0,0.0,0.0,0.0,0.0,0.0,0.0,0.0,0.0,0.0,0.0
130,20,14.8,0.11128416,15.352697095435687,2.216686273858921,0.0,2.0,0.0,0.0,0.0,0.0,14.8,0.0,0.0,0.0,0.0
130,21,51.69480824866945,0.0393312,53.625319760030564,3.8841462606027264,0.0,7.0,0.0,0.0,0.0,0.0,51.69480824866945,0.0,0.0,0.0,0.0
130,22,51.242719840255695,0.02290464,53.15634838200799,2.977002154848939,0.0,7.0,0.0,0.0,0.0,0.0,51.242719840255695,0.0,0.0,0.0,0.0
130,23,33.94516597089892,0.02510256,35.212827770642036,2.049476721090459,0.0,5.0,0.0,0.0,0.0,0.0,33.94516597089892,0.0,0.0,0.0,0.0
131,0,51.67338351012528,0.02591232,53.603094927515855,3.1632429908529427,0.0,7.0,0.0,0.0,0.0,0.0,51.67338351012528,0.0,0.0,0.0,0.0
131,1,44.4,0.03620784,46.05809128630706,3.1921868215767635,0.0,6.0,0.0,0.0,0.0,0.0,44.4,0.0,0.0,0.0,0.0
131,2,44.71217987965149,0.0387528,46.381929335738064,3.3326714921749194,0.0,7.0,0.0,0.0,0.0,0.0,44.71217987965149,0.0,0.0,0.0,0.0
131,3,41.15706160843214,0.04766016,42.6940473116516,3.4479780919365535,0.0,7.0,0.0,0.0,0.0,0.0,41.15706160843214,0.0,0.0,0.0,0.0
131,4,51.69480824866946,0.07299408,53.625319760030564,5.689328964646265,0.0,7.0,0.0,0.0,0.0,0.0,51.69480824866946,0.0,0.0,0.0,0.0
131,5,51.694808248669474,0.17594928,53.625319760030585,11.210334485604168,0.0,7.0,0.0,0.0,0.0,0.0,51.694808248669474,0.0,0.0,0.0,0.0
131,6,51.69480824866946,0.39932736,53.625319760030564,23.18905545298585,0.0,7.0,0.0,0.0,0.0,0.0,51.69480824866946,0.0,0.0,0.0,0.0
131,7,51.69480824866945,0.5535288,53.625319760030564,31.45815698044303,0.0,7.0,0.0,0.0,0.0,0.0,51.69480824866945,0.0,0.0,0.0,0.0
131,8,29.6,0.52009728,30.705394190871374,16.986140547717845,0.0,4.0,0.0,0.0,0.0,0.0,29.6,0.0,0.0,0.0,0.0
131,9,14.25499555363582,0.43912128,14.787339785929277,6.982896521506449,0.0,3.0,0.0,0.0,0.0,0.0,14.25499555363582,0.0,0.0,0.0,0.0
131,10,0.0,0.33755424,0.0,0.0,0.0,0.0,0.0,0.0,0.0,0.0,0.0,0.0,0.0,0.0,0.0
131,11,0.0,0.32725872,0.0,0.0,0.0,0.0,0.0,0.0,0.0,0.0,0.0,0.0,0.0,0.0,0.0
131,12,0.0,0.32529216,0.0,0.0,0.0,0.0,0.0,0.0,0.0,0.0,0.0,0.0,0.0,0.0,0.0
131,13,0.0,0.17421408,0.0,0.0,0.0,0.0,0.0,0.0,0.0,0.0,0.0,0.0,0.0,0.0,0.0
131,14,0.0,0.24963744,0.0,0.0,0.0,0.0,0.0,0.0,0.0,0.0,0.0,0.0,0.0,0.0,0.0
131,15,0.0,0.31198896,0.0,0.0,0.0,0.0,0.0,0.0,0.0,0.0,0.0,0.0,0.0,0.0,0.0
131,16,0.0,0.3372072,0.0,0.0,0.0,0.0,0.0,0.0,0.0,0.0,0.0,0.0,0.0,0.0,0.0
131,17,0.0,0.33709152,0.0,0.0,0.0,0.0,0.0,0.0,0.0,0.0,0.0,0.0,0.0,0.0,0.0
131,18,0.0,0.33628176,0.0,0.0,0.0,0.0,0.0,0.0,0.0,0.0,0.0,0.0,0.0,0.0,0.0
131,19,0.0,0.312336,0.0,0.0,0.0,0.0,0.0,0.0,0.0,0.0,0.0,0.0,0.0,0.0,0.0
131,20,25.264248410788632,0.1602167999999999,26.207726567208127,5.066393835247657,0.0,5.0,0.0,0.0,0.0,0.0,25.264248410788632,0.0,0.0,0.0,0.0
131,21,51.69480824866945,0.0994848,53.625319760030564,7.109902295319701,0.0,7.0,0.0,0.0,0.0,0.0,51.69480824866945,0.0,0.0,0.0,0.0
131,22,29.642552935480623,0.0837523199999999,30.74953624012513,3.5931546485826957,0.0,6.0,0.0,0.0,0.0,0.0,29.642552935480623,0.0,0.0,0.0,0.0
131,23,44.4,0.1603324799999999,46.05809128630706,8.909130821576758,0.0,6.0,0.0,0.0,0.0,0.0,44.4,0.0,0.0,0.0,0.0
132,0,38.773528937181005,0.16796736,40.22150304686827,8.08723143286576,0.0,6.0,0.0,0.0,0.0,0.0,38.773528937181005,0.0,0.0,0.0,0.0
132,1,22.200000000000003,0.2186352,23.02904564315353,5.797221410788382,0.0,3.0,0.0,0.0,0.0,0.0,22.200000000000003,0.0,0.0,0.0,0.0
132,2,51.69480824866945,0.28839024,53.625319760030564,17.24001691972897,0.0,7.0,0.0,0.0,0.0,0.0,51.69480824866945,0.0,0.0,0.0,0.0
132,3,43.68751456180371,0.28700208,45.31899850809514,14.506705685958153,0.0,7.0,0.0,0.0,0.0,0.0,43.68751456180371,0.0,0.0,0.0,0.0
132,4,30.23536140484157,0.31071648,31.364482785105366,10.783626068195526,0.0,7.0,0.0,0.0,0.0,0.0,30.23536140484157,0.0,0.0,0.0,0.0
132,5,29.6,0.4956888,30.705394190871374,16.236668547717844,0.0,4.0,0.0,0.0,0.0,0.0,29.6,0.0,0.0,0.0,0.0
132,6,51.69480824866946,0.9821232,53.625319760030564,54.441668727801456,0.0,7.0,0.0,0.0,0.0,0.0,51.69480824866946,0.0,0.0,0.0,0.0
132,7,45.278268434704955,1.116312,46.9691581272873,53.98691398140154,0.0,7.0,0.0,0.0,0.0,0.0,45.278268434704955,0.0,0.0,0.0,0.0
132,8,37.0,0.97541376,38.38174273858922,38.70851568464731,0.0,5.0,0.0,0.0,0.0,0.0,37.0,0.0,0.0,0.0,0.0
132,9,14.8,0.95412864,15.352697095435687,15.156622273858924,0.0,2.0,0.0,0.0,0.0,0.0,14.8,0.0,0.0,0.0,0.0
132,10,0.0,0.74706144,0.0,0.0,0.0,0.0,0.0,0.0,0.0,0.0,0.0,0.0,0.0,0.0,0.0
132,11,0.0,0.61160016,0.0,0.0,0.0,0.0,0.0,0.0,0.0,0.0,0.0,0.0,0.0,0.0,0.0
132,12,0.0,0.51095856,0.0,0.0,0.0,0.0,0.0,0.0,0.0,0.0,0.0,0.0,0.0,0.0,0.0
132,13,0.0,0.43472544,0.0,0.0,0.0,0.0,0.0,0.0,0.0,0.0,0.0,0.0,0.0,0.0,0.0
132,14,3.1201348106426496,0.43067664,3.2366543678865662,0.0,28.80622387419044,0.0,0.0,0.0,0.0,1.0,0.0,0.0,0.0,0.0,3.1201348106426496
132,15,0.0,0.4403937599999999,0.0,0.0,0.0,0.0,0.0,0.0,0.0,0.0,0.0,0.0,0.0,0.0,0.0
132,16,0.0,0.57342576,0.0,0.0,0.0,0.0,0.0,0.0,0.0,0.0,0.0,0.0,0.0,0.0,0.0
132,17,0.0,0.6587976,0.0,0.0,0.0,0.0,0.0,0.0,0.0,0.0,0.0,0.0,0.0,0.0,0.0
132,18,0.0,0.67175376,0.0,0.0,0.0,0.0,0.0,0.0,0.0,0.0,0.0,0.0,0.0,0.0,0.0
132,19,0.0,0.57654912,0.0,0.0,0.0,0.0,0.0,0.0,0.0,0.0,0.0,0.0,0.0,0.0,0.0
132,20,51.69480824866946,0.55954416,53.625319760030564,31.780732583914716,0.0,7.0,0.0,0.0,0.0,0.0,51.69480824866946,0.0,0.0,0.0,0.0
132,21,49.3614560676451,0.5159328000000001,51.20482994568995,28.113131158606002,0.0,7.0,0.0,0.0,0.0,0.0,49.3614560676451,0.0,0.0,0.0,0.0
132,22,46.65014795871917,0.45196176,48.392269666721134,23.47323949493437,0.0,7.0,0.0,0.0,0.0,0.0,46.65014795871917,0.0,0.0,0.0,0.0
132,23,45.9196884089388,0.29857008,47.63453154454233,15.79894888814088,0.0,7.0,0.0,0.0,0.0,0.0,45.9196884089388,0.0,0.0,0.0,0.0
133,0,51.69480824866945,0.29255472,53.625319760030564,17.46333849136322,0.0,7.0,0.0,0.0,0.0,0.0,51.69480824866945,0.0,0.0,0.0,0.0
133,1,47.14700655461814,0.2932488,48.907683147944134,15.96096370611179,0.0,7.0,0.0,0.0,0.0,0.0,47.14700655461814,0.0,0.0,0.0,0.0
133,2,46.907197476632696,0.30088368,48.658918544224804,16.25128468022044,0.0,7.0,0.0,0.0,0.0,0.0,46.907197476632696,0.0,0.0,0.0,0.0
133,3,48.01164138301553,0.3052795199999999,49.80460724379204,16.85285909294287,0.0,7.0,0.0,0.0,0.0,0.0,48.01164138301553,0.0,0.0,0.0,0.0
133,4,51.69480824866945,0.30516384,53.625319760030564,18.139506583255823,0.0,7.0,0.0,0.0,0.0,0.0,51.69480824866945,0.0,0.0,0.0,0.0
133,5,41.005719468242525,0.26097408,42.53705339029308,12.50904484166132,0.0,7.0,0.0,0.0,0.0,0.0,41.005719468242525,0.0,0.0,0.0,0.0
133,6,48.969605062434844,0.2657169599999999,50.79834550045109,15.179407175474473,0.0,7.0,0.0,0.0,0.0,0.0,48.969605062434844,0.0,0.0,0.0,0.0
133,7,37.0,0.2809867199999999,38.38174273858922,12.055195684647302,0.0,5.0,0.0,0.0,0.0,0.0,37.0,0.0,0.0,0.0,0.0
133,8,35.61396120275206,0.27959856,36.943943156381806,11.552317825722447,0.0,5.0,0.0,0.0,0.0,0.0,35.61396120275206,0.0,0.0,0.0,0.0
133,9,4.353151392122817,0.2608584,4.515717211745661,1.327433006417216,0.0,1.0,0.0,0.0,0.0,0.0,4.353151392122817,0.0,0.0,0.0,0.0
133,10,0.0,0.2267327999999999,0.0,0.0,0.0,0.0,0.0,0.0,0.0,0.0,0.0,0.0,0.0,0.0,0.0
133,11,0.0,0.17849424,0.0,0.0,0.0,0.0,0.0,0.0,0.0,0.0,0.0,0.0,0.0,0.0,0.0
133,12,6.0009922307825265,0.0653592,6.225095675085609,0.0,55.40335150826193,0.0,0.0,0.0,0.0,1.0,0.0,0.0,0.0,0.0,6.0009922307825265
133,13,3.2795288821963196,0.05853408,3.402000915141411,0.0,30.277808144758556,0.0,0.0,0.0,0.0,1.0,0.0,0.0,0.0,0.0,3.2795288821963196
133,14,0.0,0.07137456,0.0,0.0,0.0,0.0,0.0,0.0,0.0,0.0,0.0,0.0,0.0,0.0,0.0
133,15,0.0,0.22025472,0.0,0.0,0.0,0.0,0.0,0.0,0.0,0.0,0.0,0.0,0.0,0.0,0.0
133,16,0.0,0.27844176,0.0,0.0,0.0,0.0,0.0,0.0,0.0,0.0,0.0,0.0,0.0,0.0,0.0
133,17,0.7262640307192704,0.29162928,0.7533859239826457,0.0,6.705134723445547,0.0,0.0,0.0,0.0,1.0,0.0,0.0,0.0,0.0,0.7262640307192704
133,18,0.0,0.29301744,0.0,0.0,0.0,0.0,0.0,0.0,0.0,0.0,0.0,0.0,0.0,0.0,0.0
133,19,14.8,0.27716928,15.352697095435687,4.763470273858922,0.0,2.0,0.0,0.0,0.0,0.0,14.8,0.0,0.0,0.0,0.0
133,20,51.694808248669474,0.2817964799999999,53.625319760030585,16.886424431308072,0.0,7.0,0.0,0.0,0.0,0.0,51.694808248669474,0.0,0.0,0.0,0.0
133,21,51.69480824866945,0.23136,53.625319760030564,14.181752063737687,0.0,7.0,0.0,0.0,0.0,0.0,51.69480824866945,0.0,0.0,0.0,0.0
133,22,50.2082987551867,0.14483136,52.08329746388662,9.267251951033899,0.0,7.0,0.0,0.0,0.0,0.0,50.2082987551867,0.0,0.0,0.0,0.0
133,23,51.69480824866946,0.1168367999999999,53.625319760030564,8.040408843795747,0.0,7.0,0.0,0.0,0.0,0.0,51.69480824866946,0.0,0.0,0.0,0.0
134,0,51.69480824866945,0.104112,53.625319760030585,7.358037374913317,0.0,7.0,0.0,0.0,0.0,0.0,51.69480824866945,0.0,0.0,0.0,0.0
134,1,47.15566165307193,0.09902208,48.91666146584227,6.462971059522929,0.0,8.0,0.0,0.0,0.0,0.0,47.15566165307193,0.0,0.0,0.0,0.0
134,2,46.2918201431931,0.0965927999999999,48.02056031451568,6.227920924758414,0.0,8.0,0.0,0.0,0.0,0.0,46.2918201431931,0.0,0.0,0.0,0.0
134,3,46.563619039448874,0.092544,48.30250937702165,6.068920488166508,0.0,7.0,0.0,0.0,0.0,0.0,46.563619039448874,0.0,0.0,0.0,0.0
134,4,51.694808248669474,0.09520464,53.625319760030585,6.880377346695611,0.0,7.0,0.0,0.0,0.0,0.0,51.694808248669474,0.0,0.0,0.0,0.0
134,5,50.103107003856174,0.08710704,51.974177389892304,6.247662020473879,0.0,8.0,0.0,0.0,0.0,0.0,50.103107003856174,0.0,0.0,0.0,0.0
134,6,47.327627276764154,0.10041024,49.095049042286476,6.554691780447437,0.0,7.0,0.0,0.0,0.0,0.0,47.327627276764154,0.0,0.0,0.0,0.0
134,7,51.69480824866945,0.15929136,53.625319760030564,10.317048199067154,0.0,7.0,0.0,0.0,0.0,0.0,51.69480824866945,0.0,0.0,0.0,0.0
134,8,49.406034900252024,0.18069216,51.25107354797929,10.216865290023321,30.81446294593084,7.0,0.0,0.0,0.0,1.0,46.068378464310754,0.0,0.0,0.0,3.3376564359412724
134,9,23.674500014066425,0.1402041599999999,24.558609973097955,4.256109272155361,0.0,4.0,0.0,0.0,0.0,0.0,23.674500014066425,0.0,0.0,0.0,0.0
134,10,2.3303977426339744,0.1074667199999999,2.4174250442261145,0.3398095093127196,0.0,1.0,0.0,0.0,0.0,0.0,2.3303977426339744,0.0,0.0,0.0,0.0
134,11,0.0,0.0667473599999999,0.0,0.0,0.0,0.0,0.0,0.0,0.0,0.0,0.0,0.0,0.0,0.0,0.0
134,12,4.191393772839311,0.0214008,4.347918851493062,0.0,38.696477778288255,0.0,0.0,0.0,0.0,1.0,0.0,0.0,0.0,0.0,4.191393772839311
134,13,4.820215160737666,0.00185088,5.000223195785961,0.0,44.50198644249505,0.0,0.0,0.0,0.0,1.0,0.0,0.0,0.0,0.0,4.820215160737666
134,14,0.0,0.0205910399999999,0.0,0.0,0.0,0.0,0.0,0.0,0.0,0.0,0.0,0.0,0.0,0.0,0.0
134,15,0.0,0.06003792,0.0,0.0,0.0,0.0,0.0,0.0,0.0,0.0,0.0,0.0,0.0,0.0,0.0
134,16,0.0,0.1196131199999999,0.0,0.0,0.0,0.0,0.0,0.0,0.0,0.0,0.0,0.0,0.0,0.0,0.0
134,17,0.0,0.1609108799999999,0.0,0.0,0.0,0.0,0.0,0.0,0.0,0.0,0.0,0.0,0.0,0.0,0.0
134,18,8.531899708721786,0.19006224,8.850518370043348,0.0,78.7696134933858,0.0,0.0,0.0,0.0,1.0,0.0,0.0,0.0,0.0,8.531899708721786
134,19,14.8,0.121464,15.352697095435687,2.3729742738589215,0.0,2.0,0.0,0.0,0.0,0.0,14.8,0.0,0.0,0.0,0.0
134,20,22.200000000000003,0.0683668799999999,23.02904564315353,2.3366854107883794,0.0,3.0,0.0,0.0,0.0,0.0,22.200000000000003,0.0,0.0,0.0,0.0
134,21,31.70994832607333,0.0577243199999999,32.894137267710924,2.66116589564487,31.986516472311656,4.0,0.0,0.0,0.0,1.0,28.245341373342043,0.0,0.0,0.0,3.4646069527312844
134,22,50.103107003856174,0.0485856,51.974177389892304,4.2455418645997876,0.0,7.0,0.0,0.0,0.0,0.0,50.103107003856174,0.0,0.0,0.0,0.0
134,23,51.694808248669474,0.0537912,53.625319760030585,4.659568384332769,0.0,7.0,0.0,0.0,0.0,0.0,51.694808248669474,0.0,0.0,0.0,0.0
135,0,40.174917015227024,0.05355984,41.67522511953011,3.6115683408224593,0.0,6.0,0.0,0.0,0.0,0.0,40.174917015227024,0.0,0.0,0.0,0.0
135,1,44.294808248669455,0.0555264,45.94897121231272,4.072291902250912,0.0,7.0,0.0,0.0,0.0,0.0,44.294808248669455,0.0,0.0,0.0,0.0
135,2,51.69480824866945,0.0589967999999999,53.625319760030564,4.938720348875577,0.0,7.0,0.0,0.0,0.0,0.0,51.69480824866945,0.0,0.0,0.0,0.0
135,3,41.647390153154234,0.06107904,43.20268688086539,4.0687875758604966,0.0,7.0,0.0,0.0,0.0,0.0,41.647390153154234,0.0,0.0,0.0,0.0
135,4,51.69480824866946,0.07738992,53.625319760030564,5.925057290260196,0.0,7.0,0.0,0.0,0.0,0.0,51.69480824866946,0.0,0.0,0.0,0.0
135,5,51.69480824866945,0.1678516799999999,53.625319760030564,10.776098096315332,0.0,7.0,0.0,0.0,0.0,0.0,51.69480824866945,0.0,0.0,0.0,0.0
135,6,51.69480824866945,1.06726368,53.625319760030564,59.007354192323945,0.0,7.0,0.0,0.0,0.0,0.0,51.69480824866945,0.0,0.0,0.0,0.0
135,7,48.46184320105684,1.08889584,50.271621577859804,56.40455028041292,0.0,7.0,0.0,0.0,0.0,0.0,48.46184320105684,0.0,0.0,0.0,0.0
135,8,20.459488018765853,1.01023344,21.223535289176198,22.143224082217593,0.0,3.0,0.0,0.0,0.0,0.0,20.459488018765853,0.0,0.0,0.0,0.0
135,9,7.4,0.61287264,7.6763485477178435,4.958711136929462,0.0,1.0,0.0,0.0,0.0,0.0,7.4,0.0,0.0,0.0,0.0
135,10,0.0,0.3522456,0.0,0.0,0.0,0.0,0.0,0.0,0.0,0.0,0.0,0.0,0.0,0.0,0.0
135,11,0.0,0.17282592,0.0,0.0,0.0,0.0,0.0,0.0,0.0,0.0,0.0,0.0,0.0,0.0,0.0
135,12,0.0,0.1344201599999999,0.0,0.0,0.0,0.0,0.0,0.0,0.0,0.0,0.0,0.0,0.0,0.0,0.0
135,13,0.0,0.1035336,0.0,0.0,0.0,0.0,0.0,0.0,0.0,0.0,0.0,0.0,0.0,0.0,0.0
135,14,0.0,0.13789056,0.0,0.0,0.0,0.0,0.0,0.0,0.0,0.0,0.0,0.0,0.0,0.0,0.0
135,15,0.0,0.46237296,0.0,0.0,0.0,0.0,0.0,0.0,0.0,0.0,0.0,0.0,0.0,0.0,0.0
135,16,0.0,0.8508263999999999,0.0,0.0,0.0,0.0,0.0,0.0,0.0,0.0,0.0,0.0,0.0,0.0,0.0
135,17,0.0,0.9289104,0.0,0.0,0.0,0.0,0.0,0.0,0.0,0.0,0.0,0.0,0.0,0.0,0.0
135,18,0.0,0.9578304,0.0,0.0,0.0,0.0,0.0,0.0,0.0,0.0,0.0,0.0,0.0,0.0,0.0
135,19,7.4,0.96835728,7.6763485477178435,7.687535136929461,0.0,1.0,0.0,0.0,0.0,0.0,7.4,0.0,0.0,0.0,0.0
135,20,19.672371682024334,0.95586384,20.407024566415284,20.181809378176396,0.0,3.0,0.0,0.0,0.0,0.0,19.672371682024334,0.0,0.0,0.0,0.0
135,21,37.445271703424226,0.20672016,38.84364284587576,9.315488642280778,0.0,6.0,0.0,0.0,0.0,0.0,37.445271703424226,0.0,0.0,0.0,0.0
135,22,29.6,0.0837523199999999,30.705394190871374,3.58799654771784,0.0,4.0,0.0,0.0,0.0,0.0,29.6,0.0,0.0,0.0,0.0
135,23,44.29480824866946,0.0662846399999999,45.94897121231272,4.566621962306058,0.0,7.0,0.0,0.0,0.0,0.0,44.29480824866946,0.0,0.0,0.0,0.0
136,0,47.94146635657723,0.05888112,49.73181157321291,4.574387728133084,0.0,7.0,0.0,0.0,0.0,0.0,47.94146635657723,0.0,0.0,0.0,0.0
136,1,33.44279218074133,0.0577243199999999,34.691693133549094,3.150849438503262,0.0,5.0,0.0,0.0,0.0,0.0,33.44279218074133,0.0,0.0,0.0,0.0
136,2,29.6,0.0598065599999999,30.705394190871374,2.852732547717839,0.0,4.0,0.0,0.0,0.0,0.0,29.6,0.0,0.0,0.0,0.0
136,3,24.132679358343783,0.0667473599999999,25.03389974931928,2.4995688004741887,0.0,4.0,0.0,0.0,0.0,0.0,24.132679358343783,0.0,0.0,0.0,0.0
136,4,51.69480824866945,0.10029456,53.625319760030564,7.153325934248584,0.0,7.0,0.0,0.0,0.0,0.0,51.69480824866945,0.0,0.0,0.0,0.0
136,5,22.200000000000003,0.88645584,23.02904564315353,21.176493410788385,0.0,3.0,0.0,0.0,0.0,0.0,22.200000000000003,0.0,0.0,0.0,0.0
136,6,44.294808248669455,0.89177712,45.94897121231272,42.497152161806696,0.0,7.0,0.0,0.0,0.0,0.0,44.294808248669455,0.0,0.0,0.0,0.0
136,7,30.901868679704187,0.89085168,32.05588037313713,29.61808452463908,0.0,5.0,0.0,0.0,0.0,0.0,30.901868679704194,0.0,0.0,0.0,0.0
136,8,14.8,0.8503636800000001,15.352697095435687,13.563550273858924,0.0,2.0,0.0,0.0,0.0,0.0,14.8,0.0,0.0,0.0,0.0
136,9,6.22308867525962,0.82618656,6.455486177655208,5.547112510724893,0.0,1.0,0.0,0.0,0.0,0.0,6.223088675259621,0.0,0.0,0.0,0.0
136,10,0.0,0.7131672,0.0,0.0,0.0,0.0,0.0,0.0,0.0,0.0,0.0,0.0,0.0,0.0,0.0
136,11,0.0,0.59309136,0.0,0.0,0.0,0.0,0.0,0.0,0.0,0.0,0.0,0.0,0.0,0.0,0.0
136,12,0.0,0.45334992,0.0,0.0,0.0,0.0,0.0,0.0,0.0,0.0,0.0,0.0,0.0,0.0,0.0
136,13,0.0,0.2348304,0.0,0.0,0.0,0.0,0.0,0.0,0.0,0.0,0.0,0.0,0.0,0.0,0.0
136,14,0.0,0.14217072,0.0,0.0,0.0,0.0,0.0,0.0,0.0,0.0,0.0,0.0,0.0,0.0,0.0
136,15,0.0,0.47694864,0.0,0.0,0.0,0.0,0.0,0.0,0.0,0.0,0.0,0.0,0.0,0.0,0.0
136,16,0.0,0.6916507199999999,0.0,0.0,0.0,0.0,0.0,0.0,0.0,0.0,0.0,0.0,0.0,0.0,0.0
136,17,0.0,0.6916507199999999,0.0,0.0,0.0,0.0,0.0,0.0,0.0,0.0,0.0,0.0,0.0,0.0,0.0
136,18,7.4,0.68632944,7.6763485477178435,5.522591136929461,0.0,1.0,0.0,0.0,0.0,0.0,7.4,0.0,0.0,0.0,0.0
136,19,7.4,0.65683104,7.6763485477178435,5.296151136929462,0.0,2.0,0.0,0.0,0.0,0.0,7.4,0.0,0.0,0.0,0.0
136,20,14.8,0.56139504,15.352697095435687,9.127102273858922,0.0,2.0,0.0,0.0,0.0,0.0,14.8,0.0,0.0,0.0,0.0
136,21,48.25072267281591,0.20336544,50.05261688051444,11.835714073802274,0.0,7.0,0.0,0.0,0.0,0.0,48.25072267281591,0.0,0.0,0.0,0.0
136,22,46.00049234042892,0.0011568,47.71835305023747,1.6346780767713749,0.0,7.0,0.0,0.0,0.0,0.0,46.00049234042892,0.0,0.0,0.0,0.0
136,23,22.200000000000003,0.00011568,23.02904564315353,0.7649254107883818,0.0,3.0,0.0,0.0,0.0,0.0,22.200000000000003,0.0,0.0,0.0,0.0
137,0,29.6,-0.00219792,30.705394190871374,0.9488605477178425,0.0,4.0,0.0,0.0,0.0,0.0,29.6,0.0,0.0,0.0,0.0
137,1,51.69480824866946,-0.0127248,53.625319760030564,1.0926266151745747,0.0,7.0,0.0,0.0,0.0,0.0,51.69480824866946,0.0,0.0,0.0,0.0
137,2,44.4,-0.02336736,46.05809128630706,0.44826682157676345,0.0,6.0,0.0,0.0,0.0,0.0,44.4,0.0,0.0,0.0,0.0
137,3,37.0,-0.02302032,38.38174273858922,0.3868756846473029,0.0,5.0,0.0,0.0,0.0,0.0,37.0,0.0,0.0,0.0,0.0
137,4,46.87304847882001,-0.01179936,48.62349427263487,1.0357115470434572,0.0,7.0,0.0,0.0,0.0,0.0,46.87304847882001,0.0,0.0,0.0,0.0
137,5,30.97800664069064,0.00011568,32.13486166046747,1.0673812817583561,0.0,5.0,0.0,0.0,0.0,0.0,30.97800664069064,0.0,0.0,0.0,0.0
137,6,44.97721045559857,0.02811024,46.65685731908567,2.8558774341469904,0.0,7.0,0.0,0.0,0.0,0.0,44.97721045559857,0.0,0.0,0.0,0.0
137,7,28.881394444888855,0.0399095999999999,29.959952743660644,2.1873641658335634,0.0,4.0,0.0,0.0,0.0,0.0,28.881394444888855,0.0,0.0,0.0,0.0
137,8,14.8,0.03805872,15.352697095435687,1.0924782738589212,0.0,2.0,0.0,0.0,0.0,0.0,14.8,0.0,0.0,0.0,0.0
137,9,0.0,0.03424128,0.0,0.0,0.0,0.0,0.0,0.0,0.0,0.0,0.0,0.0,0.0,0.0,0.0
137,10,0.0,0.01885584,0.0,0.0,0.0,0.0,0.0,0.0,0.0,0.0,0.0,0.0,0.0,0.0,0.0
137,11,0.0,0.0055526399999999,0.0,0.0,0.0,0.0,0.0,0.0,0.0,0.0,0.0,0.0,0.0,0.0,0.0
137,12,0.0,0.0005784,0.0,0.0,0.0,0.0,0.0,0.0,0.0,0.0,0.0,0.0,0.0,0.0,0.0
137,13,0.0,0.00092544,0.0,0.0,0.0,0.0,0.0,0.0,0.0,0.0,0.0,0.0,0.0,0.0,0.0
137,14,0.0,0.00080976,0.0,0.0,0.0,0.0,0.0,0.0,0.0,0.0,0.0,0.0,0.0,0.0,0.0
137,15,0.0,0.03782736,0.0,0.0,0.0,0.0,0.0,0.0,0.0,0.0,0.0,0.0,0.0,0.0,0.0
137,16,0.0,0.05587344,0.0,0.0,0.0,0.0,0.0,0.0,0.0,0.0,0.0,0.0,0.0,0.0,0.0
137,17,0.0,0.50077872,0.0,0.0,0.0,0.0,0.0,0.0,0.0,0.0,0.0,0.0,0.0,0.0,0.0
137,18,0.0,0.6990542399999999,0.0,0.0,0.0,0.0,0.0,0.0,0.0,0.0,0.0,0.0,0.0,0.0,0.0
137,19,0.0,0.66851472,0.0,0.0,0.0,0.0,0.0,0.0,0.0,0.0,0.0,0.0,0.0,0.0,0.0
137,20,22.200000000000003,0.18809568,23.02904564315353,5.093925410788382,0.0,3.0,0.0,0.0,0.0,0.0,22.200000000000003,0.0,0.0,0.0,0.0
137,21,37.140575578276156,0.0,38.52756802725743,1.275262501702221,0.0,6.0,0.0,0.0,0.0,0.0,37.140575578276156,0.0,0.0,0.0,0.0
137,22,51.24553414017358,-0.0234830399999999,53.15926778026306,0.5112305518720838,0.0,7.0,0.0,0.0,0.0,0.0,51.24553414017358,0.0,0.0,0.0,0.0
137,23,50.73969255067385,-0.02417712,52.63453584094799,0.4696516471644779,0.0,7.0,0.0,0.0,0.0,0.0,50.73969255067385,0.0,0.0,0.0,0.0
138,0,33.380648299706635,-0.0306552,34.62722852666664,0.08465664830199449,0.0,5.0,0.0,0.0,0.0,0.0,33.380648299706635,0.0,0.0,0.0,0.0
138,1,47.006762281687344,-0.03886848,48.76220153702007,-0.2812837843222695,0.0,7.0,0.0,0.0,0.0,0.0,47.006762281687344,0.0,0.0,0.0,0.0
138,2,32.2717472861076,-0.03724896,33.47691627189585,-0.13889438653544503,0.0,6.0,0.0,0.0,0.0,0.0,32.2717472861076,0.0,0.0,0.0,0.0
138,3,51.69480824866946,-0.02996112,53.625319760030564,0.16832344368836455,0.0,7.0,0.0,0.0,0.0,0.0,51.69480824866946,0.0,0.0,0.0,0.0
138,4,30.82772722853896,-0.02325168,31.978970154086063,0.31493913134788876,0.0,5.0,0.0,0.0,0.0,0.0,30.82772722853896,0.0,0.0,0.0,0.0
138,5,51.69480824866945,-0.01284048,53.625319760030564,1.0864232381847343,0.0,7.0,0.0,0.0,0.0,0.0,51.69480824866945,0.0,0.0,0.0,0.0
138,6,44.294808248669455,0.11487024,45.94897121231272,6.799080298039004,0.0,7.0,0.0,0.0,0.0,0.0,44.294808248669455,0.0,0.0,0.0,0.0
138,7,44.294808248669455,0.38301648,45.94897121231272,19.120124160488903,0.0,7.0,0.0,0.0,0.0,0.0,44.294808248669455,0.0,0.0,0.0,0.0
138,8,29.6,0.4617945599999999,30.705394190871374,15.195932547717842,0.0,4.0,0.0,0.0,0.0,0.0,29.6,0.0,0.0,0.0,0.0
138,9,7.4,0.46167888,7.6763485477178435,3.7980951369294615,0.0,1.0,0.0,0.0,0.0,0.0,7.4,0.0,0.0,0.0,0.0
138,10,0.0,0.25380192,0.0,0.0,0.0,0.0,0.0,0.0,0.0,0.0,0.0,0.0,0.0,0.0,0.0
138,11,0.0,0.0323904,0.0,0.0,0.0,0.0,0.0,0.0,0.0,0.0,0.0,0.0,0.0,0.0,0.0
138,12,0.0,0.03713328,0.0,0.0,0.0,0.0,0.0,0.0,0.0,0.0,0.0,0.0,0.0,0.0,0.0
138,13,0.0,0.0478915199999999,0.0,0.0,0.0,0.0,0.0,0.0,0.0,0.0,0.0,0.0,0.0,0.0,0.0
138,14,0.0,0.05355984,0.0,0.0,0.0,0.0,0.0,0.0,0.0,0.0,0.0,0.0,0.0,0.0,0.0
138,15,0.0,0.21678432,0.0,0.0,0.0,0.0,0.0,0.0,0.0,0.0,0.0,0.0,0.0,0.0,0.0
138,16,0.0,0.46272,0.0,0.0,0.0,0.0,0.0,0.0,0.0,0.0,0.0,0.0,0.0,0.0,0.0
138,17,0.0,0.9780744,0.0,0.0,0.0,0.0,0.0,0.0,0.0,0.0,0.0,0.0,0.0,0.0,0.0
138,18,7.4,0.98594064,7.6763485477178435,7.822511136929462,0.0,1.0,0.0,0.0,0.0,0.0,7.4,0.0,0.0,0.0,0.0
138,19,0.0,0.98605632,0.0,0.0,0.0,1.0,0.0,0.0,0.0,0.0,0.0,0.0,0.0,0.0,0.0
138,20,29.6,0.98594064,30.705394190871374,31.290044547717848,0.0,4.0,0.0,0.0,0.0,0.0,29.6,0.0,0.0,0.0,0.0
138,21,22.200000000000003,0.96095376,23.02904564315353,22.892109410788386,0.0,3.0,0.0,0.0,0.0,0.0,22.200000000000003,0.0,0.0,0.0,0.0
138,22,44.4,0.4626043199999999,46.05809128630706,22.831194821576762,0.0,6.0,0.0,0.0,0.0,0.0,44.4,0.0,0.0,0.0,0.0
138,23,43.34334866958635,0.06200448,44.96197994770369,4.276085722696786,0.0,7.0,0.0,0.0,0.0,0.0,43.34334866958635,0.0,0.0,0.0,0.0
139,0,51.69480824866945,0.052056,53.625319760030564,4.566517729485163,0.0,7.0,0.0,0.0,0.0,0.0,51.69480824866945,0.0,0.0,0.0,0.0
139,1,47.43762814843829,0.0474288,49.20915783033019,3.9627544290870937,0.0,7.0,0.0,0.0,0.0,0.0,47.43762814843829,0.0,0.0,0.0,0.0
139,2,15.073887369307549,0.04812288,15.636812623763017,1.2700669553223887,0.0,3.0,0.0,0.0,0.0,0.0,15.073887369307549,0.0,0.0,0.0,0.0
139,3,44.543744475770986,0.04557792,46.207203813040444,3.6354866850260916,0.0,7.0,0.0,0.0,0.0,0.0,44.543744475770986,0.0,0.0,0.0,0.0
139,4,49.473413746026516,0.0522873599999999,51.320968616210074,4.382162022781026,0.0,7.0,0.0,0.0,0.0,0.0,49.473413746026516,0.0,0.0,0.0,0.0
139,5,38.726695637270645,0.96234192,40.17292078555047,39.989809398776266,0.0,6.0,0.0,0.0,0.0,0.0,38.726695637270645,0.0,0.0,0.0,0.0
139,6,51.48261455884528,1.1891904,53.405201824528305,65.27666550018343,0.0,7.0,0.0,0.0,0.0,0.0,51.48261455884528,0.0,0.0,0.0,0.0
139,7,49.5003140585502,1.17912624,51.34887350472013,62.2464518568625,0.0,7.0,0.0,0.0,0.0,0.0,49.5003140585502,0.0,0.0,0.0,0.0
139,8,46.962728646196986,1.0185624,48.71652349190559,51.233336015153824,0.0,7.0,0.0,0.0,0.0,0.0,46.962728646196986,0.0,0.0,0.0,0.0
139,9,0.0,0.46167888,0.0,0.0,0.0,0.0,0.0,0.0,0.0,0.0,0.0,0.0,0.0,0.0,0.0
139,10,0.0,0.1839312,0.0,0.0,0.0,0.0,0.0,0.0,0.0,0.0,0.0,0.0,0.0,0.0,0.0
139,11,0.0,0.11556432,0.0,0.0,0.0,0.0,0.0,0.0,0.0,0.0,0.0,0.0,0.0,0.0,0.0
139,12,0.0,0.08421504,0.0,0.0,0.0,0.0,0.0,0.0,0.0,0.0,0.0,0.0,0.0,0.0,0.0
139,13,0.0,0.05506368,0.0,0.0,0.0,0.0,0.0,0.0,0.0,0.0,0.0,0.0,0.0,0.0,0.0
139,14,5.365833609400752,0.0536755199999999,5.56621743713771,0.0,49.53933519052562,0.0,0.0,0.0,0.0,1.0,0.0,0.0,0.0,0.0,5.365833609400752
139,15,0.0,0.06952368,0.0,0.0,0.0,0.0,0.0,0.0,0.0,0.0,0.0,0.0,0.0,0.0,0.0
139,16,0.0,0.09323808,0.0,0.0,0.0,0.0,0.0,0.0,0.0,0.0,0.0,0.0,0.0,0.0,0.0
139,17,0.0,0.11568,0.0,0.0,0.0,0.0,0.0,0.0,0.0,0.0,0.0,0.0,0.0,0.0,0.0
139,18,7.4,0.2312443199999999,7.6763485477178435,2.0291991369294604,0.0,1.0,0.0,0.0,0.0,0.0,7.4,0.0,0.0,0.0,0.0
139,19,7.4,0.12620688,7.6763485477178435,1.2228951369294607,0.0,1.0,0.0,0.0,0.0,0.0,7.4,0.0,0.0,0.0,0.0
139,20,14.8,0.03852144,15.352697095435687,1.0995822738589212,0.0,2.0,0.0,0.0,0.0,0.0,14.8,0.0,0.0,0.0,0.0
139,21,51.69480824866946,0.0212851199999999,53.625319760030564,2.9164194501876284,0.0,7.0,0.0,0.0,0.0,0.0,51.69480824866946,0.0,0.0,0.0,0.0
139,22,51.694808248669474,0.00508992,53.625319760030585,2.0479466716099872,0.0,7.0,0.0,0.0,0.0,0.0,51.694808248669474,0.0,0.0,0.0,0.0
139,23,39.47192295898994,0.1145232,40.94597817322609,6.04457632506179,0.0,6.0,0.0,0.0,0.0,0.0,39.47192295898994,0.0,0.0,0.0,0.0
140,0,47.869949614855415,0.0718372799999999,49.657624081800236,5.210936002406609,0.0,7.0,0.0,0.0,0.0,0.0,47.869949614855415,0.0,0.0,0.0,0.0
140,1,47.320077647248134,0.05864976,49.08721747639848,4.5037404225273665,0.0,7.0,0.0,0.0,0.0,0.0,47.320077647248134,0.0,0.0,0.0,0.0
140,2,46.00750654021793,0.0655905599999999,47.725629191097454,4.71006907122175,0.0,7.0,0.0,0.0,0.0,0.0,46.00750654021793,0.0,0.0,0.0,0.0
140,3,51.13254550406868,0.01422864,53.04205965152352,2.510408546105482,0.0,7.0,0.0,0.0,0.0,0.0,51.13254550406868,0.0,0.0,0.0,0.0
140,4,47.140066307116946,0.01492272,48.90048372107567,2.348334237601775,0.0,7.0,0.0,0.0,0.0,0.0,47.140066307116946,0.0,0.0,0.0,0.0
140,5,39.53870039151889,0.02730048,41.01524936879552,2.4773407491949464,0.0,6.0,0.0,0.0,0.0,0.0,39.53870039151889,0.0,0.0,0.0,0.0
140,6,47.002777468621,0.05055216,48.758067913507276,4.078717698391577,0.0,7.0,0.0,0.0,0.0,0.0,47.002777468621,0.0,0.0,0.0,0.0
140,7,48.515340445012065,0.0570302399999999,50.32711664420339,4.53599510165004,0.0,7.0,0.0,0.0,0.0,0.0,48.515340445012065,0.0,0.0,0.0,0.0
140,8,37.0,0.0572616,38.38174273858922,3.4682356846473033,0.0,5.0,0.0,0.0,0.0,0.0,37.0,0.0,0.0,0.0,0.0
140,9,0.0,0.05008944,0.0,0.0,0.0,0.0,0.0,0.0,0.0,0.0,0.0,0.0,0.0,0.0,0.0
140,10,0.0,0.00439584,0.0,0.0,0.0,0.0,0.0,0.0,0.0,0.0,0.0,0.0,0.0,0.0,0.0
140,11,0.0,-0.0017352,0.0,0.0,0.0,0.0,0.0,0.0,0.0,0.0,0.0,0.0,0.0,0.0,0.0
140,12,0.0,-0.0063624,0.0,0.0,0.0,0.0,0.0,0.0,0.0,0.0,0.0,0.0,0.0,0.0,0.0
140,13,5.769466303540103,-0.0010411199999999,5.98492355139015,0.0,53.265819607372336,0.0,0.0,0.0,0.0,2.0,0.0,0.0,0.0,0.0,5.769466303540103
140,14,9.597992004173948,0.0,9.956423240844344,0.0,88.61216684351467,0.0,0.0,0.0,0.0,1.0,0.0,0.0,0.0,0.0,9.597992004173948
140,15,0.0,0.01526976,0.0,0.0,0.0,0.0,0.0,0.0,0.0,0.0,0.0,0.0,0.0,0.0,0.0
140,16,0.0,0.07623312,0.0,0.0,0.0,0.0,0.0,0.0,0.0,0.0,0.0,0.0,0.0,0.0,0.0
140,17,3.595287534233479,0.4624886399999999,3.729551384059626,0.0,33.193007318130675,0.0,0.0,0.0,0.0,1.0,0.0,0.0,0.0,0.0,3.595287534233479
140,18,5.986023875416577,0.54091968,6.2095683354943745,0.0,55.265158185899935,0.0,0.0,0.0,0.0,2.0,0.0,0.0,0.0,0.0,5.986023875416577
140,19,22.200000000000003,0.43923696,23.02904564315353,10.877469410788382,0.0,3.0,0.0,0.0,0.0,0.0,22.200000000000003,0.0,0.0,0.0,0.0
140,20,51.69480824866945,0.07357248,53.625319760030564,5.720345849595464,0.0,8.0,0.0,0.0,0.0,0.0,51.69480824866945,0.0,0.0,0.0,0.0
140,21,51.694808248669474,0.02730048,53.625319760030585,3.238995053659332,0.0,7.0,0.0,0.0,0.0,0.0,51.694808248669474,0.0,0.0,0.0,0.0
140,22,43.28015896391964,0.008676,44.896430460497555,1.7950320213448216,17.162849301010755,7.0,0.0,0.0,0.0,1.0,41.42117169131578,0.0,0.0,0.0,1.8589872726038614
140,23,48.679015487362854,0.00508992,50.49690403253409,1.9284727252501541,0.0,8.0,0.0,0.0,0.0,0.0,48.679015487362854,0.0,0.0,0.0,0.0
141,0,51.69480824866946,0.0005784,53.62531976003059,1.806014969006214,0.0,8.0,0.0,0.0,0.0,0.0,51.69480824866946,0.0,0.0,0.0,0.0
141,1,50.0809346459634,0.0,51.95117701863424,1.7195839593167934,0.0,7.0,0.0,0.0,0.0,0.0,50.08093464596341,0.0,0.0,0.0,0.0
141,2,42.80845429348636,-0.0003470399999999,44.40711026295267,1.4544643061580822,0.0,8.0,0.0,0.0,0.0,0.0,42.80845429348636,0.0,0.0,0.0,0.0
141,3,51.69480824866945,0.00011568,53.625319760030585,1.7812014610468527,0.0,7.0,0.0,0.0,0.0,0.0,51.69480824866945,0.0,0.0,0.0,0.0
141,4,51.69480824866946,0.00023136,53.62531976003057,1.7874048380366925,0.0,8.0,0.0,0.0,0.0,0.0,51.69480824866946,0.0,0.0,0.0,0.0
141,5,51.694808248669474,0.0143443199999999,53.625319760030585,2.544216830797209,0.0,7.0,0.0,0.0,0.0,0.0,51.694808248669474,0.0,0.0,0.0,0.0
141,6,51.694808248669474,0.0297297599999999,53.625319760030585,3.3692659704459738,0.0,7.0,0.0,0.0,0.0,0.0,51.694808248669474,0.0,0.0,0.0,0.0
141,7,47.33320913189279,0.03909984,49.10083934843651,3.545072744822819,0.0,8.0,0.0,0.0,0.0,0.0,47.33320913189279,0.0,0.0,0.0,0.0
141,8,51.66245391675769,0.02475552,53.591757175059854,3.1005789790768183,0.0,7.0,0.0,0.0,0.0,0.0,51.66245391675769,0.0,0.0,0.0,0.0
141,9,20.466291693196148,0.0,21.230593042734597,0.7027326297145151,0.0,3.0,0.0,0.0,0.0,0.0,20.466291693196148,0.0,0.0,0.0,0.0
141,10,0.0,-0.0055526399999999,0.0,0.0,0.0,0.0,0.0,0.0,0.0,0.0,0.0,0.0,0.0,0.0,0.0
141,11,1.1797847367637277,-0.0445368,1.2238430879291782,0.0,10.892203482569688,0.0,0.0,0.0,0.0,2.0,0.0,0.0,0.0,0.0,1.1797847367637277
141,12,7.317974783713268,-0.05784,7.591260149080155,0.0,67.56221532681337,0.0,0.0,0.0,0.0,1.0,0.0,0.0,0.0,0.0,7.317974783713268
141,13,0.0,-0.05136192,0.0,0.0,0.0,0.0,0.0,0.0,0.0,0.0,0.0,0.0,0.0,0.0,0.0
141,14,0.0,-0.0404879999999999,0.0,0.0,0.0,0.0,0.0,0.0,0.0,0.0,0.0,0.0,0.0,0.0,0.0
141,15,1.5274037939785785,-0.00474288,1.5844437696873221,0.0,14.101549550217168,0.0,0.0,0.0,0.0,1.0,0.0,0.0,0.0,0.0,1.5274037939785785
141,16,0.0,0.02568096,0.0,0.0,0.0,0.0,0.0,0.0,0.0,0.0,0.0,0.0,0.0,0.0,0.0
141,17,0.0,0.47822112,0.0,0.0,0.0,0.0,0.0,0.0,0.0,0.0,0.0,0.0,0.0,0.0,0.0
141,18,0.0,0.80247216,0.0,0.0,0.0,0.0,0.0,0.0,0.0,0.0,0.0,0.0,0.0,0.0,0.0
141,19,0.0,0.8678313599999999,0.0,0.0,0.0,0.0,0.0,0.0,0.0,0.0,0.0,0.0,0.0,0.0,0.0
141,20,22.200000000000003,0.8109167999999999,23.02904564315353,19.43690141078838,0.0,3.0,0.0,0.0,0.0,0.0,22.200000000000003,0.0,0.0,0.0,0.0
141,21,51.69480824866946,0.4575144,53.625319760030585,26.30935407887555,0.0,7.0,0.0,0.0,0.0,0.0,51.69480824866946,0.0,0.0,0.0,0.0
141,22,46.177280479808196,0.03794304,47.90174323631557,3.4030854608072967,0.0,7.0,0.0,0.0,0.0,0.0,46.177280479808196,0.0,0.0,0.0,0.0
141,23,51.694808248669474,0.04557792,53.625319760030585,4.219128618054105,0.0,7.0,0.0,0.0,0.0,0.0,51.694808248669474,0.0,0.0,0.0,0.0
142,0,51.694808248669474,0.04592496,53.625319760030585,4.2377387490236265,0.0,7.0,0.0,0.0,0.0,0.0,51.694808248669474,0.0,0.0,0.0,0.0
142,1,50.91054791737302,0.0474288,52.811771698519735,4.252868600755757,0.0,7.0,0.0,0.0,0.0,0.0,50.91054791737302,0.0,0.0,0.0,0.0
142,2,47.41646888552246,0.04638768,49.18720838747143,3.9097770803966454,0.0,7.0,0.0,0.0,0.0,0.0,47.41646888552246,0.0,0.0,0.0,0.0
142,3,44.57059255110741,0.05078352,46.23505451359691,3.8783591199923957,0.0,7.0,0.0,0.0,0.0,0.0,44.57059255110741,0.0,0.0,0.0,0.0
142,4,47.667718653865556,0.07206864,49.44784092724644,5.200362181254849,0.0,7.0,0.0,0.0,0.0,0.0,47.667718653865556,0.0,0.0,0.0,0.0
142,5,48.63214222202769,0.1544327999999999,50.44828031330674,9.460707262339286,0.0,7.0,0.0,0.0,0.0,0.0,48.63214222202769,0.0,0.0,0.0,0.0
142,6,51.69480824866946,0.88981056,53.625319760030564,49.49137388990887,0.0,7.0,0.0,0.0,0.0,0.0,51.69480824866946,0.0,0.0,0.0,0.0
142,7,51.69480824866945,1.02006624,53.625319760030564,56.47637638046908,0.0,7.0,0.0,0.0,0.0,0.0,51.69480824866945,0.0,0.0,0.0,0.0
142,8,14.8,0.93168672,15.352697095435687,14.812078273858923,0.0,2.0,0.0,0.0,0.0,0.0,14.8,0.0,0.0,0.0,0.0
142,9,7.4,0.66296208,7.6763485477178435,5.343215136929461,0.0,1.0,0.0,0.0,0.0,0.0,7.4,0.0,0.0,0.0,0.0
142,10,0.0,0.6935016,0.0,0.0,0.0,0.0,0.0,0.0,0.0,0.0,0.0,0.0,0.0,0.0,0.0
142,11,0.0,0.23216976,0.0,0.0,0.0,0.0,0.0,0.0,0.0,0.0,0.0,0.0,0.0,0.0,0.0
142,12,0.0,0.19943232,0.0,0.0,0.0,0.0,0.0,0.0,0.0,0.0,0.0,0.0,0.0,0.0,0.0
142,13,0.0,0.18601344,0.0,0.0,0.0,0.0,0.0,0.0,0.0,0.0,0.0,0.0,0.0,0.0,0.0
142,14,0.0,0.167736,0.0,0.0,0.0,0.0,0.0,0.0,0.0,0.0,0.0,0.0,0.0,0.0,0.0
142,15,0.0,0.2312443199999999,0.0,0.0,0.0,0.0,0.0,0.0,0.0,0.0,0.0,0.0,0.0,0.0,0.0
142,16,0.0,0.8160067200000001,0.0,0.0,0.0,0.0,0.0,0.0,0.0,0.0,0.0,0.0,0.0,0.0,0.0
142,17,0.0,0.82526112,0.0,0.0,0.0,0.0,0.0,0.0,0.0,0.0,0.0,0.0,0.0,0.0,0.0
142,18,0.0,0.8638982400000002,0.0,0.0,0.0,0.0,0.0,0.0,0.0,0.0,0.0,0.0,0.0,0.0,0.0
142,19,14.8,0.8510577599999999,15.352697095435687,13.574206273858922,0.0,2.0,0.0,0.0,0.0,0.0,14.8,0.0,0.0,0.0,0.0
142,20,9.831973467608929,0.5309712,10.199142601254078,5.753042606060508,0.0,2.0,0.0,0.0,0.0,0.0,9.831973467608929,0.0,0.0,0.0,0.0
142,21,45.53221754588594,0.0536755199999999,47.23259081523438,4.098632628939183,0.0,7.0,0.0,0.0,0.0,0.0,45.53221754588594,0.0,0.0,0.0,0.0
142,22,46.7525302239679,0.03632352,48.4984753360663,3.366934872462905,0.0,7.0,0.0,0.0,0.0,0.0,46.7525302239679,0.0,0.0,0.0,0.0
142,23,51.69480824866946,0.03285312,53.625319760030564,3.5367571491716676,0.0,7.0,0.0,0.0,0.0,0.0,51.69480824866946,0.0,0.0,0.0,0.0
143,0,39.8498302159432,0.0266064,41.33799814931868,2.46814305270248,0.0,6.0,0.0,0.0,0.0,0.0,39.8498302159432,0.0,0.0,0.0,0.0
143,1,51.69480824866946,0.0196656,53.625319760030564,2.8295721723298684,0.0,7.0,0.0,0.0,0.0,0.0,51.69480824866946,0.0,0.0,0.0,0.0
143,2,46.862233685677,0.0196656,48.61227560754877,2.5650558897976747,0.0,7.0,0.0,0.0,0.0,0.0,46.862233685677,0.0,0.0,0.0,0.0
143,3,51.69480824866945,0.0277632,53.625319760030564,3.263808561618692,0.0,7.0,0.0,0.0,0.0,0.0,51.69480824866945,0.0,0.0,0.0,0.0
143,4,51.69480824866945,0.04523088,53.625319760030564,4.200518487084583,0.0,7.0,0.0,0.0,0.0,0.0,51.69480824866945,0.0,0.0,0.0,0.0
143,5,50.71182990456296,0.1151016,52.605632681081914,7.79623893234863,0.0,7.0,0.0,0.0,0.0,0.0,50.71182990456296,0.0,0.0,0.0,0.0
143,6,46.47948813848858,0.8266492799999998,48.21523665818318,41.453015001902585,0.0,8.0,0.0,0.0,0.0,0.0,46.47948813848858,0.0,0.0,0.0,0.0
143,7,13.313490506517262,0.8599651199999999,13.810674799291766,12.333831946910475,0.0,2.0,0.0,0.0,0.0,0.0,13.313490506517262,0.0,0.0,0.0,0.0
143,8,19.745596374935566,0.8105697599999998,20.48298379142694,17.28087401939705,0.0,3.0,0.0,0.0,0.0,0.0,19.745596374935566,0.0,0.0,0.0,0.0
143,9,7.4,0.69743472,7.6763485477178435,5.607839136929461,0.0,1.0,0.0,0.0,0.0,0.0,7.4,0.0,0.0,0.0,0.0
143,10,0.0,0.5204443200000001,0.0,0.0,0.0,0.0,0.0,0.0,0.0,0.0,0.0,0.0,0.0,0.0,0.0
143,11,0.0,0.31719456,0.0,0.0,0.0,0.0,0.0,0.0,0.0,0.0,0.0,0.0,0.0,0.0,0.0
143,12,0.0,0.2325168,0.0,0.0,0.0,0.0,0.0,0.0,0.0,0.0,0.0,0.0,0.0,0.0,0.0
143,13,0.0,0.06616896,0.0,0.0,0.0,0.0,0.0,0.0,0.0,0.0,0.0,0.0,0.0,0.0,0.0
143,14,0.0,0.05008944,0.0,0.0,0.0,0.0,0.0,0.0,0.0,0.0,0.0,0.0,0.0,0.0,0.0
143,15,0.0,0.14818608,0.0,0.0,0.0,0.0,0.0,0.0,0.0,0.0,0.0,0.0,0.0,0.0,0.0
143,16,0.0,0.62397792,0.0,0.0,0.0,0.0,0.0,0.0,0.0,0.0,0.0,0.0,0.0,0.0,0.0
143,17,0.0,0.70877136,0.0,0.0,0.0,0.0,0.0,0.0,0.0,0.0,0.0,0.0,0.0,0.0,0.0
143,18,0.0,0.77366784,0.0,0.0,0.0,0.0,0.0,0.0,0.0,0.0,0.0,0.0,0.0,0.0,0.0
143,19,0.0,0.7804929599999999,0.0,0.0,0.0,0.0,0.0,0.0,0.0,0.0,0.0,0.0,0.0,0.0,0.0
143,20,37.0,0.79379616,38.38174273858922,31.737715684647306,0.0,5.0,0.0,0.0,0.0,0.0,37.0,0.0,0.0,0.0,0.0
143,21,19.796123450858005,0.23031888,20.53539777059959,5.409411481085841,0.0,4.0,0.0,0.0,0.0,0.0,19.796123450858005,0.0,0.0,0.0,0.0
143,22,48.90350320869194,0.03053952,50.729775112750985,3.2284185378834187,0.0,7.0,0.0,0.0,0.0,0.0,48.90350320869194,0.0,0.0,0.0,0.0
143,23,46.23262996890296,0.02811024,47.959159718779006,2.935591676584796,0.0,7.0,0.0,0.0,0.0,0.0,46.23262996890296,0.0,0.0,0.0,0.0
144,0,29.6,0.01746768,30.705394190871374,1.5527005477178424,0.0,4.0,0.0,0.0,0.0,0.0,29.6,0.0,0.0,0.0,0.0
144,1,49.887938817637746,0.01769904,51.75097387721759,2.628899792027731,0.0,7.0,0.0,0.0,0.0,0.0,49.887938817637746,0.0,0.0,0.0,0.0
144,2,51.69480824866946,0.01769904,53.625319760030564,2.724114763502583,0.0,7.0,0.0,0.0,0.0,0.0,51.69480824866946,0.0,0.0,0.0,0.0
144,3,44.4,0.01492272,46.05809128630706,2.2118348215767636,0.0,6.0,0.0,0.0,0.0,0.0,44.4,0.0,0.0,0.0,0.0
144,4,44.4,0.0150383999999999,46.05809128630706,2.217162821576759,0.0,6.0,0.0,0.0,0.0,0.0,44.4,0.0,0.0,0.0,0.0
144,5,51.65555485408846,0.7865083199999999,53.584600471046116,43.91838436994532,0.0,7.0,0.0,0.0,0.0,0.0,51.65555485408846,0.0,0.0,0.0,0.0
144,6,45.72882172136176,0.88414224,47.436537055354535,43.51079550649639,0.0,7.0,0.0,0.0,0.0,0.0,45.72882172136176,0.0,0.0,0.0,0.0
144,7,17.49438463564529,0.99565776,18.14770190419636,18.66958916010878,0.0,4.0,0.0,0.0,0.0,0.0,17.49438463564529,0.0,0.0,0.0,0.0
144,8,37.0,0.87465648,38.38174273858922,34.84127568464731,0.0,5.0,0.0,0.0,0.0,0.0,37.0,0.0,0.0,0.0,0.0
144,9,0.0,0.7935647999999998,0.0,0.0,0.0,0.0,0.0,0.0,0.0,0.0,0.0,0.0,0.0,0.0,0.0
144,10,0.0,0.0469660799999999,0.0,0.0,0.0,0.0,0.0,0.0,0.0,0.0,0.0,0.0,0.0,0.0,0.0
144,11,0.0,-0.0223262399999999,0.0,0.0,0.0,0.0,0.0,0.0,0.0,0.0,0.0,0.0,0.0,0.0,0.0
144,12,0.0,-0.02961408,0.0,0.0,0.0,0.0,0.0,0.0,0.0,0.0,0.0,0.0,0.0,0.0,0.0
144,13,0.0,-0.02984544,0.0,0.0,0.0,0.0,0.0,0.0,0.0,0.0,0.0,0.0,0.0,0.0,0.0
144,14,0.0,-0.0293827199999999,0.0,0.0,0.0,0.0,0.0,0.0,0.0,0.0,0.0,0.0,0.0,0.0,0.0
144,15,0.0,-0.02209488,0.0,0.0,0.0,0.0,0.0,0.0,0.0,0.0,0.0,0.0,0.0,0.0,0.0
144,16,0.0,-0.0046272,0.0,0.0,0.0,0.0,0.0,0.0,0.0,0.0,0.0,0.0,0.0,0.0,0.0
144,17,0.0,-0.00046272,0.0,0.0,0.0,0.0,0.0,0.0,0.0,0.0,0.0,0.0,0.0,0.0,0.0
144,18,0.0,-0.00023136,0.0,0.0,0.0,0.0,0.0,0.0,0.0,0.0,0.0,0.0,0.0,0.0,0.0
144,19,14.8,-0.00011568,15.352697095435687,0.5063982738589212,0.0,2.0,0.0,0.0,0.0,0.0,14.8,0.0,0.0,0.0,0.0
144,20,7.4,0.0,7.6763485477178435,0.2540871369294606,0.0,1.0,0.0,0.0,0.0,0.0,7.4,0.0,0.0,0.0,0.0
144,21,44.29480824866946,-0.0013881599999999,45.94897121231272,1.4571264232494714,0.0,7.0,0.0,0.0,0.0,0.0,44.29480824866946,0.0,0.0,0.0,0.0
144,22,43.11572914033318,-0.0237144,44.72586010408007,0.4197790325928538,0.0,7.0,0.0,0.0,0.0,0.0,43.11572914033318,0.0,0.0,0.0,0.0
144,23,37.0,-0.03551376,38.38174273858922,-0.09264431535269714,0.0,5.0,0.0,0.0,0.0,0.0,37.0,0.0,0.0,0.0,0.0
145,0,33.61970028463153,-0.0381744,34.8752077641406,-0.17697075427835507,0.0,6.0,0.0,0.0,0.0,0.0,33.61970028463153,0.0,0.0,0.0,0.0
145,1,44.29480824866946,-0.03805872,45.94897121231272,-0.22784808252991934,0.0,7.0,0.0,0.0,0.0,0.0,44.29480824866946,0.0,0.0,0.0,0.0
145,2,50.103107003856174,-0.0393312,51.974177389892304,-0.32386149415189686,0.0,7.0,0.0,0.0,0.0,0.0,50.103107003856174,0.0,0.0,0.0,0.0
145,3,44.232740692880526,-0.03805872,45.884585780996396,-0.22752881320394244,0.0,7.0,0.0,0.0,0.0,0.0,44.232740692880526,0.0,0.0,0.0,0.0
145,4,44.294808248669455,-0.0242928,45.94897121231272,0.4046817792610805,0.0,7.0,0.0,0.0,0.0,0.0,44.294808248669455,0.0,0.0,0.0,0.0
145,5,29.6,-0.0005784,30.705394190871374,0.9985885477178424,0.0,4.0,0.0,0.0,0.0,0.0,29.6,0.0,0.0,0.0,0.0
145,6,46.436072214590375,0.6472296,48.170199392728605,32.7716124847753,0.0,7.0,0.0,0.0,0.0,0.0,46.436072214590375,0.0,0.0,0.0,0.0
145,7,19.942035986511836,0.78986304,20.686759322107715,17.024438339470105,0.0,4.0,0.0,0.0,0.0,0.0,19.942035986511836,0.0,0.0,0.0,0.0
145,8,14.8,0.71270448,15.352697095435687,11.450110273858924,0.0,2.0,0.0,0.0,0.0,0.0,14.8,0.0,0.0,0.0,0.0
145,9,7.4,0.65636832,7.6763485477178435,5.292599136929462,0.0,1.0,0.0,0.0,0.0,0.0,7.4,0.0,0.0,0.0,0.0
145,10,7.4,0.5205599999999999,7.6763485477178435,4.25008713692946,0.0,1.0,0.0,0.0,0.0,0.0,7.4,0.0,0.0,0.0,0.0
145,11,0.0,-0.0070564799999999,0.0,0.0,0.0,0.0,0.0,0.0,0.0,0.0,0.0,0.0,0.0,0.0,0.0
145,12,0.0,-0.02209488,0.0,0.0,0.0,0.0,0.0,0.0,0.0,0.0,0.0,0.0,0.0,0.0,0.0
145,13,0.0,-0.02359872,0.0,0.0,0.0,0.0,0.0,0.0,0.0,0.0,0.0,0.0,0.0,0.0,0.0
145,14,0.0,-0.0286886399999999,0.0,0.0,0.0,0.0,0.0,0.0,0.0,0.0,0.0,0.0,0.0,0.0,0.0
145,15,0.0,-0.02383008,0.0,0.0,0.0,0.0,0.0,0.0,0.0,0.0,0.0,0.0,0.0,0.0,0.0
145,16,0.0,0.1149859199999999,0.0,0.0,0.0,0.0,0.0,0.0,0.0,0.0,0.0,0.0,0.0,0.0,0.0
145,17,0.0,0.66064848,0.0,0.0,0.0,0.0,0.0,0.0,0.0,0.0,0.0,0.0,0.0,0.0,0.0
145,18,0.0,0.6721008,0.0,0.0,0.0,0.0,0.0,0.0,0.0,0.0,0.0,0.0,0.0,0.0,0.0
145,19,7.4,0.68147088,7.6763485477178435,5.485295136929461,0.0,1.0,0.0,0.0,0.0,0.0,7.4,0.0,0.0,0.0,0.0
145,20,28.02680418802585,0.1147545599999999,29.073448327827652,4.298641910193689,0.0,5.0,0.0,0.0,0.0,0.0,28.02680418802585,0.0,0.0,0.0,0.0
145,21,15.286212591466109,0.01550112,15.857067003595551,0.7706712162897877,0.0,3.0,0.0,0.0,0.0,0.0,15.286212591466109,0.0,0.0,0.0,0.0
145,22,37.0,-0.0005784,38.38174273858922,1.248235684647303,0.0,5.0,0.0,0.0,0.0,0.0,37.0,0.0,0.0,0.0,0.0
145,23,36.222413707469194,0.00011568,37.57511795380623,1.2480830939158822,0.0,5.0,0.0,0.0,0.0,0.0,36.222413707469194,0.0,0.0,0.0,0.0
146,0,29.6,-0.00046272,30.705394190871374,1.0021405477178424,0.0,4.0,0.0,0.0,0.0,0.0,29.6,0.0,0.0,0.0,0.0
146,1,42.642763002855276,-0.00092544,44.23523133076274,1.4232491045655056,0.0,6.0,0.0,0.0,0.0,0.0,42.642763002855276,0.0,0.0,0.0,0.0
146,2,45.9543953070013,-0.0010411199999999,47.670534550831235,1.5282639467009569,0.0,7.0,0.0,0.0,0.0,0.0,45.9543953070013,0.0,0.0,0.0,0.0
146,3,44.4,-0.00023136,46.05809128630706,1.5138668215767637,0.0,6.0,0.0,0.0,0.0,0.0,44.4,0.0,0.0,0.0,0.0
146,4,47.70951494245116,0.01573248,49.491198073082124,2.416777940079821,0.0,7.0,0.0,0.0,0.0,0.0,47.70951494245116,0.0,0.0,0.0,0.0
146,5,51.69480824866946,0.0248712,53.625319760030564,3.108724136872684,0.0,7.0,0.0,0.0,0.0,0.0,51.69480824866946,0.0,0.0,0.0,0.0
146,6,51.69480824866945,0.4644552,53.625319760030564,26.681556698265965,0.0,7.0,0.0,0.0,0.0,0.0,51.69480824866945,0.0,0.0,0.0,0.0
146,7,37.0,0.6069729599999999,38.38174273858922,24.567115684647302,0.0,6.0,0.0,0.0,0.0,0.0,37.0,0.0,0.0,0.0,0.0
146,8,7.4,0.33177024,7.6763485477178435,2.800871136929461,0.0,1.0,0.0,0.0,0.0,0.0,7.4,0.0,0.0,0.0,0.0
146,9,0.0,0.1700496,0.0,0.0,0.0,0.0,0.0,0.0,0.0,0.0,0.0,0.0,0.0,0.0,0.0
146,10,0.0,0.04592496,0.0,0.0,0.0,0.0,0.0,0.0,0.0,0.0,0.0,0.0,0.0,0.0,0.0
146,11,0.0,0.02440848,0.0,0.0,0.0,0.0,0.0,0.0,0.0,0.0,0.0,0.0,0.0,0.0,0.0
146,12,0.0,0.01122096,0.0,0.0,0.0,0.0,0.0,0.0,0.0,0.0,0.0,0.0,0.0,0.0,0.0
146,13,0.0,0.0,0.0,0.0,0.0,0.0,0.0,0.0,0.0,0.0,0.0,0.0,0.0,0.0,0.0
146,14,0.0,0.00080976,0.0,0.0,0.0,0.0,0.0,0.0,0.0,0.0,0.0,0.0,0.0,0.0,0.0
146,15,0.0,0.0159638399999999,0.0,0.0,0.0,0.0,0.0,0.0,0.0,0.0,0.0,0.0,0.0,0.0,0.0
146,16,0.0,0.03516672,0.0,0.0,0.0,0.0,0.0,0.0,0.0,0.0,0.0,0.0,0.0,0.0,0.0
146,17,0.0,0.11984448,0.0,0.0,0.0,0.0,0.0,0.0,0.0,0.0,0.0,0.0,0.0,0.0,0.0
146,18,0.0,0.6807768,0.0,0.0,0.0,0.0,0.0,0.0,0.0,0.0,0.0,0.0,0.0,0.0,0.0
146,19,7.4,0.67545552,7.6763485477178435,5.439119136929461,0.0,1.0,0.0,0.0,0.0,0.0,7.4,0.0,0.0,0.0,0.0
146,20,29.6,0.6553272,30.705394190871374,21.138428547717847,0.0,4.0,0.0,0.0,0.0,0.0,29.6,0.0,0.0,0.0,0.0
146,21,31.6552561986013,0.17317296,32.837402695644506,6.773468252742571,0.0,5.0,0.0,0.0,0.0,0.0,31.6552561986013,0.0,0.0,0.0,0.0
146,22,51.69480824866945,0.02556528,53.625319760030564,3.145944398811726,0.0,7.0,0.0,0.0,0.0,0.0,51.69480824866945,0.0,0.0,0.0,0.0
146,23,36.586007560127406,0.31846704,37.95229000013217,13.342774256568068,0.0,7.0,0.0,0.0,0.0,0.0,36.586007560127406,0.0,0.0,0.0,0.0
147,0,51.69480824866946,0.0685982399999999,53.625319760030564,5.453600639032325,0.0,7.0,0.0,0.0,0.0,0.0,51.69480824866946,0.0,0.0,0.0,0.0
147,1,45.69156041389872,0.0683668799999999,47.39788424678292,4.809315433122208,0.0,7.0,0.0,0.0,0.0,0.0,45.69156041389872,0.0,0.0,0.0,0.0
147,2,51.69480824866946,0.04927968,53.625319760030585,4.417636681728996,0.0,7.0,0.0,0.0,0.0,0.0,51.69480824866946,0.0,0.0,0.0,0.0
147,3,48.69552239625326,0.04731312,50.514027382005466,4.061990545552491,0.0,7.0,0.0,0.0,0.0,0.0,48.69552239625326,0.0,0.0,0.0,0.0
147,4,51.694808248669474,0.0766958399999999,53.625319760030585,5.887837028321151,0.0,7.0,0.0,0.0,0.0,0.0,51.694808248669474,0.0,0.0,0.0,0.0
147,5,46.460218983353194,0.11568,48.19524790804274,7.170488983758599,0.0,7.0,0.0,0.0,0.0,0.0,46.460218983353194,0.0,0.0,0.0,0.0
147,6,51.69480824866946,0.2041752,53.625319760030585,12.723958471125208,0.0,7.0,0.0,0.0,0.0,0.0,51.69480824866946,0.0,0.0,0.0,0.0
147,7,32.067339051161866,0.35756688,33.26487453440028,12.995484747945609,0.0,5.0,0.0,0.0,0.0,0.0,32.067339051161866,0.0,0.0,0.0,0.0
147,8,14.8,0.1516564799999999,15.352697095435687,2.83651027385892,0.0,2.0,0.0,0.0,0.0,0.0,14.8,0.0,0.0,0.0,0.0
147,9,14.8,0.08953632,15.352697095435687,1.8827982738589213,0.0,2.0,0.0,0.0,0.0,0.0,14.8,0.0,0.0,0.0,0.0
147,10,1.5131252437774974,0.01712064,1.5696319956198106,0.0,13.969724761016314,0.0,0.0,0.0,0.0,1.0,0.0,0.0,0.0,0.0,1.5131252437774974
147,11,0.0,0.0,0.0,0.0,0.0,0.0,0.0,0.0,0.0,0.0,0.0,0.0,0.0,0.0,0.0
147,12,0.0,-0.02672208,0.0,0.0,0.0,0.0,0.0,0.0,0.0,0.0,0.0,0.0,0.0,0.0,0.0
147,13,0.0,-0.0225576,0.0,0.0,0.0,0.0,0.0,0.0,0.0,0.0,0.0,0.0,0.0,0.0,0.0
147,14,0.0,0.0046272,0.0,0.0,0.0,0.0,0.0,0.0,0.0,0.0,0.0,0.0,0.0,0.0,0.0
147,15,0.8302252116683975,0.01827744,0.8612294726850597,0.0,7.664942306897031,0.0,0.0,0.0,0.0,1.0,0.0,0.0,0.0,0.0,0.8302252116683975
147,16,0.0,0.01954992,0.0,0.0,0.0,0.0,0.0,0.0,0.0,0.0,0.0,0.0,0.0,0.0,0.0
147,17,0.0,0.0214008,0.0,0.0,0.0,0.0,0.0,0.0,0.0,0.0,0.0,0.0,0.0,0.0,0.0
147,18,0.10262344103491185,0.0161952,0.10645585169596665,0.0,0.9474570800941032,0.0,0.0,0.0,0.0,1.0,0.0,0.0,0.0,0.0,0.10262344103491185
147,19,28.986191549843625,0.0138816,30.068663433447753,1.0819414107883818,62.65259833361857,3.0,0.0,0.0,0.0,1.0,22.200000000000003,0.0,0.0,0.0,6.786191549843628
147,20,51.37728526588978,-0.00080976,53.29593907249979,1.7209386636763955,0.0,7.0,0.0,0.0,0.0,0.0,51.37728526588978,0.0,0.0,0.0,0.0
147,21,51.69480824866945,-0.0237144,53.625319760030564,0.5033058011397428,0.0,7.0,0.0,0.0,0.0,0.0,51.69480824866945,0.0,0.0,0.0,0.0
147,22,47.80495648534788,-0.0401409599999999,49.59020382297499,-0.3491626415094092,0.0,7.0,0.0,0.0,0.0,0.0,47.80495648534788,0.0,0.0,0.0,0.0
147,23,51.69480824866946,-0.03956256,53.62531976003059,-0.3465568464683832,0.0,8.0,0.0,0.0,0.0,0.0,51.69480824866946,0.0,0.0,0.0,0.0
148,0,49.32934036774162,-0.0411820799999999,51.171514904296295,-0.4135722771777099,0.0,8.0,0.0,0.0,0.0,0.0,49.32934036774162,0.0,0.0,0.0,0.0
148,1,50.45120492380205,-0.04766016,52.33527481722205,-0.762009974982724,0.0,8.0,0.0,0.0,0.0,0.0,50.45120492380205,0.0,0.0,0.0,0.0
148,2,46.39476356426882,-0.0399095999999999,48.12734809571455,-0.3277279895925731,0.0,7.0,0.0,0.0,0.0,0.0,46.39476356426882,0.0,0.0,0.0,0.0
148,3,45.47356500269647,-0.03551376,47.171747928108374,-0.1138612782789509,0.0,7.0,0.0,0.0,0.0,0.0,45.47356500269647,0.0,0.0,0.0,0.0
148,4,51.69480824866945,-0.02394576,53.625319760030564,0.4908990471600621,0.0,7.0,0.0,0.0,0.0,0.0,51.69480824866945,0.0,0.0,0.0,0.0
148,5,51.69480824866946,-0.0053212799999999,53.625319760030564,1.4896427425243615,0.0,7.0,0.0,0.0,0.0,0.0,51.69480824866946,0.0,0.0,0.0,0.0
148,6,45.26563508754779,0.0,46.95605299538153,1.5542453541471286,0.0,7.0,0.0,0.0,0.0,0.0,45.26563508754779,0.0,0.0,0.0,0.0
148,7,48.61045482890447,0.00023136,50.42578301753577,1.6807599270393712,0.0,8.0,0.0,0.0,0.0,0.0,48.61045482890447,0.0,0.0,0.0,0.0
148,8,50.91833556473668,-0.0005784,52.819850170888685,1.7177860393175732,0.0,7.0,0.0,0.0,0.0,0.0,50.91833556473668,0.0,0.0,0.0,0.0
148,9,14.8,-0.03562944,15.352697095435687,-0.038833726141078856,0.0,2.0,0.0,0.0,0.0,0.0,14.8,0.0,0.0,0.0,0.0
148,10,0.0,-0.11637408,0.0,0.0,0.0,0.0,0.0,0.0,0.0,0.0,0.0,0.0,0.0,0.0,0.0
148,11,0.0,-0.11602704,0.0,0.0,0.0,0.0,0.0,0.0,0.0,0.0,0.0,0.0,0.0,0.0,0.0
148,12,8.134016660804123,-0.11463888,8.437776619091416,0.0,75.09621190991359,0.0,0.0,0.0,0.0,2.0,0.0,0.0,0.0,0.0,8.134016660804123
148,13,7.793050366030535,-0.11568,8.084077143185203,0.0,71.94828657434832,0.0,0.0,0.0,0.0,1.0,0.0,0.0,0.0,0.0,7.793050366030535
148,14,0.0,-0.0567988799999999,0.0,0.0,0.0,0.0,0.0,0.0,0.0,0.0,0.0,0.0,0.0,0.0,0.0
148,15,2.258805892001256,-0.05830272,2.3431596390054525,0.0,20.854120787148528,0.0,0.0,0.0,0.0,1.0,0.0,0.0,0.0,0.0,2.258805892001256
148,16,0.0,-0.0006940799999999,0.0,0.0,0.0,0.0,0.0,0.0,0.0,0.0,0.0,0.0,0.0,0.0,0.0
148,17,0.8719487018552505,0.11521728,0.9045111015095961,0.0,8.050148803435405,0.0,0.0,0.0,0.0,2.0,0.0,0.0,0.0,0.0,0.8719487018552505
148,18,0.0,0.69662496,0.0,0.0,0.0,0.0,0.0,0.0,0.0,0.0,0.0,0.0,0.0,0.0,0.0
148,19,0.0,0.7929863999999999,0.0,0.0,0.0,0.0,0.0,0.0,0.0,0.0,0.0,0.0,0.0,0.0,0.0
148,20,16.681267890187293,0.78673968,17.304219803098853,14.18668602602223,0.0,3.0,0.0,0.0,0.0,0.0,16.681267890187293,0.0,0.0,0.0,0.0
148,21,32.2674505997117,0.7326014399999999,33.47245912833165,25.441054546165578,2.195130934817144,7.0,0.0,0.0,0.0,1.0,32.02968585576072,0.0,0.0,0.0,0.23776474395098052
148,22,51.694808248669474,0.66955584,53.625319760030585,37.6801441012529,0.0,7.0,0.0,0.0,0.0,0.0,51.694808248669474,0.0,0.0,0.0,0.0
148,23,46.987331173350526,-0.00150384,48.74204478563334,1.5400614457740365,0.0,7.0,0.0,0.0,0.0,0.0,46.987331173350526,0.0,0.0,0.0,0.0
149,0,51.694808248669474,-0.00092544,53.625319760030585,1.7253710681382897,0.0,7.0,0.0,0.0,0.0,0.0,51.694808248669474,0.0,0.0,0.0,0.0
149,1,51.69480824866946,-0.00080976,53.625319760030564,1.7315744451281294,0.0,7.0,0.0,0.0,0.0,0.0,51.69480824866946,0.0,0.0,0.0,0.0
149,2,49.127705404231946,-0.00023136,50.96235000438998,1.6750631358482928,0.0,7.0,0.0,0.0,0.0,0.0,49.127705404231946,0.0,0.0,0.0,0.0
149,3,51.69480824866945,0.0133032,53.625319760030564,2.4883864378886504,0.0,7.0,0.0,0.0,0.0,0.0,51.69480824866945,0.0,0.0,0.0,0.0
149,4,49.877810836089886,0.02637504,51.74046767229242,3.077266384428298,0.0,7.0,0.0,0.0,0.0,0.0,49.87781083608989,0.0,0.0,0.0,0.0
149,5,51.69480824866946,0.7021776,53.625319760030564,39.42949641238785,0.0,7.0,0.0,0.0,0.0,0.0,51.69480824866946,0.0,0.0,0.0,0.0
149,6,49.00038285048886,0.67892592,50.83027266648222,36.19247165920286,0.0,7.0,0.0,0.0,0.0,0.0,49.00038285048886,0.0,0.0,0.0,0.0
149,7,41.21659751037343,0.3461145599999999,42.75580654603054,16.213624366798086,0.0,7.0,0.0,0.0,0.0,0.0,41.21659751037343,0.0,0.0,0.0,0.0
149,8,37.0,0.04661904,38.38174273858922,3.059755684647303,0.0,5.0,0.0,0.0,0.0,0.0,37.0,0.0,0.0,0.0,0.0
149,9,5.913490506517243,0.04037232,6.134326251573904,0.4507031813400384,0.0,1.0,0.0,0.0,0.0,0.0,5.913490506517243,0.0,0.0,0.0,0.0
149,10,0.0,0.0266064,0.0,0.0,0.0,0.0,0.0,0.0,0.0,0.0,0.0,0.0,0.0,0.0,0.0
149,11,0.0,0.0242928,0.0,0.0,0.0,0.0,0.0,0.0,0.0,0.0,0.0,0.0,0.0,0.0,0.0
149,12,0.9303511700973708,0.0216321599999999,0.9650945747898038,0.0,8.589341715629255,0.0,0.0,0.0,0.0,1.0,0.0,0.0,0.0,0.0,0.9303511700973708
149,13,0.0,0.01885584,0.0,0.0,0.0,0.0,0.0,0.0,0.0,0.0,0.0,0.0,0.0,0.0,0.0
149,14,0.0,0.01943424,0.0,0.0,0.0,0.0,0.0,0.0,0.0,0.0,0.0,0.0,0.0,0.0,0.0
149,15,0.0,0.01781472,0.0,0.0,0.0,0.0,0.0,0.0,0.0,0.0,0.0,0.0,0.0,0.0,0.0
149,16,0.0,0.02579664,0.0,0.0,0.0,0.0,0.0,0.0,0.0,0.0,0.0,0.0,0.0,0.0,0.0
149,17,0.0,0.2221056,0.0,0.0,0.0,0.0,0.0,0.0,0.0,0.0,0.0,0.0,0.0,0.0,0.0
149,18,0.0,0.63612432,0.0,0.0,0.0,0.0,0.0,0.0,0.0,0.0,0.0,0.0,0.0,0.0,0.0
149,19,0.0,0.7848887999999999,0.0,0.0,0.0,0.0,0.0,0.0,0.0,0.0,0.0,0.0,0.0,0.0,0.0
149,20,22.200000000000003,0.75643152,23.02904564315353,18.182157410788385,0.0,3.0,0.0,0.0,0.0,0.0,22.200000000000003,0.0,0.0,0.0,0.0
149,21,37.0,0.12690096,38.38174273858922,6.141115684647303,0.0,5.0,0.0,0.0,0.0,0.0,37.0,0.0,0.0,0.0,0.0
149,22,51.69480824866946,0.03493536,53.625319760030564,3.6484179349887924,0.0,7.0,0.0,0.0,0.0,0.0,51.69480824866946,0.0,0.0,0.0,0.0
149,23,26.0342742355016,0.6516254399999999,27.006508543051456,18.492043445004665,0.0,5.0,0.0,0.0,0.0,0.0,26.0342742355016,0.0,0.0,0.0,0.0
150,0,38.668162115946295,0.09323808,40.112201365089525,5.067698505038789,0.0,6.0,0.0,0.0,0.0,0.0,38.668162115946295,0.0,0.0,0.0,0.0
150,1,44.31830595522628,0.10457472,45.97334642658328,6.329367596742855,0.0,7.0,0.0,0.0,0.0,0.0,44.31830595522628,0.0,0.0,0.0,0.0
150,2,29.6,0.0971712,30.705394190871374,4.000028547717843,0.0,4.0,0.0,0.0,0.0,0.0,29.6,0.0,0.0,0.0,0.0
150,3,48.517888264663995,0.13511424,50.3297596106473,8.466182262287731,0.0,7.0,0.0,0.0,0.0,0.0,48.517888264663995,0.0,0.0,0.0,0.0
150,4,42.08972898065791,0.59089344,43.66154458574472,27.244517401772228,0.0,7.0,0.0,0.0,0.0,0.0,42.08972898065791,0.0,0.0,0.0,0.0
150,5,51.69480824866946,0.8315078399999999,53.625319760030585,46.36487188702936,0.0,7.0,0.0,0.0,0.0,0.0,51.69480824866946,0.0,0.0,0.0,0.0
150,6,51.69480824866945,1.36456128,53.625319760030564,74.95003305621363,0.0,7.0,0.0,0.0,0.0,0.0,51.69480824866945,0.0,0.0,0.0,0.0
150,7,40.367360647023155,1.2567475199999998,41.87485544297009,54.01217844347345,0.0,6.0,0.0,0.0,0.0,0.0,40.367360647023155,0.0,0.0,0.0,0.0
150,8,50.770913333369855,1.0418140800000002,52.66692254498948,56.61241659387864,0.0,7.0,0.0,0.0,0.0,0.0,50.770913333369855,0.0,0.0,0.0,0.0
150,9,9.283613874236751,0.95285616,9.630304848793312,9.495058388345635,0.0,2.0,0.0,0.0,0.0,0.0,9.283613874236751,0.0,0.0,0.0,0.0
150,10,0.0,0.8128833599999999,0.0,0.0,0.0,0.0,0.0,0.0,0.0,0.0,0.0,0.0,0.0,0.0,0.0
150,11,0.0,0.74602032,0.0,0.0,0.0,0.0,0.0,0.0,0.0,0.0,0.0,0.0,0.0,0.0,0.0
150,12,0.0,0.66354048,0.0,0.0,0.0,0.0,0.0,0.0,0.0,0.0,0.0,0.0,0.0,0.0,0.0
150,13,0.0,0.6533606399999999,0.0,0.0,0.0,0.0,0.0,0.0,0.0,0.0,0.0,0.0,0.0,0.0,0.0
150,14,0.0,0.6940799999999999,0.0,0.0,0.0,0.0,0.0,0.0,0.0,0.0,0.0,0.0,0.0,0.0,0.0
150,15,0.0,0.6881803200000001,0.0,0.0,0.0,0.0,0.0,0.0,0.0,0.0,0.0,0.0,0.0,0.0,0.0
150,16,0.0,0.6881803200000001,0.0,0.0,0.0,0.0,0.0,0.0,0.0,0.0,0.0,0.0,0.0,0.0,0.0
150,17,0.0,0.67962,0.0,0.0,0.0,0.0,0.0,0.0,0.0,0.0,0.0,0.0,0.0,0.0,0.0
150,18,0.0,0.67418304,0.0,0.0,0.0,0.0,0.0,0.0,0.0,0.0,0.0,0.0,0.0,0.0,0.0
150,19,14.8,0.6448003200000001,15.352697095435687,10.407598273858925,0.0,2.0,0.0,0.0,0.0,0.0,14.8,0.0,0.0,0.0,0.0
150,20,7.4,0.0434956799999999,7.6763485477178435,0.5879751369294598,0.0,1.0,0.0,0.0,0.0,0.0,7.4,0.0,0.0,0.0,0.0
150,21,22.200000000000003,0.00127248,23.02904564315353,0.7915654107883818,0.0,3.0,0.0,0.0,0.0,0.0,22.200000000000003,0.0,0.0,0.0,0.0
150,22,50.22249773458234,-0.01492272,52.09802669562485,0.9470004186938474,0.0,7.0,0.0,0.0,0.0,0.0,50.22249773458234,0.0,0.0,0.0,0.0
150,23,42.51446496844446,-0.0428016,44.10214208344862,-0.4278613416367853,0.0,7.0,0.0,0.0,0.0,0.0,42.51446496844446,0.0,0.0,0.0,0.0
151,0,44.294808248669455,-0.04442112,45.94897121231272,-0.520193816971138,0.0,7.0,0.0,0.0,0.0,0.0,44.294808248669455,0.0,0.0,0.0,0.0
151,1,31.149086808526164,-0.04384272,32.312330714238755,-0.3471223214104671,0.0,5.0,0.0,0.0,0.0,0.0,31.149086808526164,0.0,0.0,0.0,0.0
151,2,37.0,-0.04777584,38.38174273858922,-0.5632843153526973,0.0,5.0,0.0,0.0,0.0,0.0,37.0,0.0,0.0,0.0,0.0
151,3,44.73804001285435,-0.03863712,46.40875520005639,-0.2569708465933362,0.0,7.0,0.0,0.0,0.0,0.0,44.73804001285435,0.0,0.0,0.0,0.0
151,4,51.69480824866945,-0.02984544,53.625319760030564,0.17452682067820488,0.0,7.0,0.0,0.0,0.0,0.0,51.69480824866945,0.0,0.0,0.0,0.0
151,5,51.69480824866946,-0.0010411199999999,53.625319760030564,1.719167691148454,0.0,7.0,0.0,0.0,0.0,0.0,51.69480824866946,0.0,0.0,0.0,0.0
151,6,48.15707129897418,1.00919232,49.955468152462856,52.06820079731661,0.0,7.0,0.0,0.0,0.0,0.0,48.15707129897418,0.0,0.0,0.0,0.0
151,7,44.4,0.86794704,46.05809128630706,41.50050682157677,0.0,6.0,0.0,0.0,0.0,0.0,44.4,0.0,0.0,0.0,0.0
151,8,44.4,0.7455575999999999,46.05809128630706,35.86348282157677,0.0,6.0,0.0,0.0,0.0,0.0,44.4,0.0,0.0,0.0,0.0
151,9,14.8,0.6398260800000001,15.352697095435687,10.331230273858925,0.0,2.0,0.0,0.0,0.0,0.0,14.8,0.0,0.0,0.0,0.0
151,10,0.0,0.5240304,0.0,0.0,0.0,0.0,0.0,0.0,0.0,0.0,0.0,0.0,0.0,0.0,0.0
151,11,0.0,0.01862448,0.0,0.0,0.0,0.0,0.0,0.0,0.0,0.0,0.0,0.0,0.0,0.0,0.0
151,12,0.0,-0.00023136,0.0,0.0,0.0,0.0,0.0,0.0,0.0,0.0,0.0,0.0,0.0,0.0,0.0
151,13,0.0,-0.00937008,0.0,0.0,0.0,0.0,0.0,0.0,0.0,0.0,0.0,0.0,0.0,0.0,0.0
151,14,0.0,-0.00196656,0.0,0.0,0.0,0.0,0.0,0.0,0.0,0.0,0.0,0.0,0.0,0.0,0.0
151,15,0.0,0.22754256,0.0,0.0,0.0,0.0,0.0,0.0,0.0,0.0,0.0,0.0,0.0,0.0,0.0
151,16,0.0,0.6000321599999999,0.0,0.0,0.0,0.0,0.0,0.0,0.0,0.0,0.0,0.0,0.0,0.0,0.0
151,17,0.0,0.67013424,0.0,0.0,0.0,0.0,0.0,0.0,0.0,0.0,0.0,0.0,0.0,0.0,0.0
151,18,0.0,0.67973568,0.0,0.0,0.0,0.0,0.0,0.0,0.0,0.0,0.0,0.0,0.0,0.0,0.0
151,19,14.8,0.7874337599999999,15.352697095435687,12.59740627385892,0.0,3.0,0.0,0.0,0.0,0.0,14.8,0.0,0.0,0.0,0.0
151,20,22.200000000000003,0.68008272,23.02904564315353,16.423917410788384,0.0,4.0,0.0,0.0,0.0,0.0,22.200000000000003,0.0,0.0,0.0,0.0
151,21,7.4,0.6582192,7.6763485477178435,5.306807136929462,0.0,2.0,0.0,0.0,0.0,0.0,7.4,0.0,0.0,0.0,0.0
151,22,33.63050510354559,0.03771168,34.88641608251618,2.470365731981989,0.0,6.0,0.0,0.0,0.0,0.0,33.63050510354559,0.0,0.0,0.0,0.0
151,23,37.0,0.0439583999999999,38.38174273858922,2.957635684647299,0.0,5.0,0.0,0.0,0.0,0.0,37.0,0.0,0.0,0.0,0.0
152,0,37.0,0.0006940799999999,38.38174273858922,1.2970756846472993,0.0,5.0,0.0,0.0,0.0,0.0,37.0,0.0,0.0,0.0,0.0
152,1,44.4,0.00011568,46.05809128630706,1.5298508215767637,0.0,6.0,0.0,0.0,0.0,0.0,44.4,0.0,0.0,0.0,0.0
152,2,29.6,0.00092544,30.705394190871374,1.0447645477178424,0.0,5.0,0.0,0.0,0.0,0.0,29.6,0.0,0.0,0.0,0.0
152,3,46.509883724286425,0.0156168,48.24676734884485,2.3504281155802045,0.0,7.0,0.0,0.0,0.0,0.0,46.509883724286425,0.0,0.0,0.0,0.0
152,4,37.0,0.02394576,38.38174273858922,2.1895156846473034,0.0,5.0,0.0,0.0,0.0,0.0,37.0,0.0,0.0,0.0,0.0
152,5,46.15389606226126,0.56868288,47.8774855417648,28.811851136481586,0.0,7.0,0.0,0.0,0.0,0.0,46.15389606226126,0.0,0.0,0.0,0.0
152,6,41.98853919220495,1.2082776,43.556575925523816,54.07015768664453,0.0,7.0,0.0,0.0,0.0,0.0,41.98853919220495,0.0,0.0,0.0,0.0
152,7,43.68210093639729,0.7949529599999999,45.313382714105074,37.52188068402754,0.0,6.0,0.0,0.0,0.0,0.0,43.68210093639729,0.0,0.0,0.0,0.0
152,8,22.200000000000003,0.68621376,23.02904564315353,16.565109410788388,0.0,3.0,0.0,0.0,0.0,0.0,22.200000000000003,0.0,0.0,0.0,0.0
152,9,0.0,0.68274336,0.0,0.0,0.0,0.0,0.0,0.0,0.0,0.0,0.0,0.0,0.0,0.0,0.0
152,10,0.0,0.6319598399999999,0.0,0.0,0.0,0.0,0.0,0.0,0.0,0.0,0.0,0.0,0.0,0.0,0.0
152,11,0.0,0.43877424,0.0,0.0,0.0,0.0,0.0,0.0,0.0,0.0,0.0,0.0,0.0,0.0,0.0
152,12,0.0,0.10804512,0.0,0.0,0.0,0.0,0.0,0.0,0.0,0.0,0.0,0.0,0.0,0.0,0.0
152,13,0.0,0.03481968,0.0,0.0,0.0,0.0,0.0,0.0,0.0,0.0,0.0,0.0,0.0,0.0,0.0
152,14,0.0,0.1507310399999999,0.0,0.0,0.0,0.0,0.0,0.0,0.0,0.0,0.0,0.0,0.0,0.0,0.0
152,15,0.0,0.49360656,0.0,0.0,0.0,0.0,0.0,0.0,0.0,0.0,0.0,0.0,0.0,0.0,0.0
152,16,0.0,0.6900312000000001,0.0,0.0,0.0,0.0,0.0,0.0,0.0,0.0,0.0,0.0,0.0,0.0,0.0
152,17,0.0,0.7276272,0.0,0.0,0.0,0.0,0.0,0.0,0.0,0.0,0.0,0.0,0.0,0.0,0.0
152,18,0.0,0.7260076799999999,0.0,0.0,0.0,0.0,0.0,0.0,0.0,0.0,0.0,0.0,0.0,0.0,0.0
152,19,22.200000000000003,0.7400049599999999,23.02904564315353,17.803869410788383,0.0,3.0,0.0,0.0,0.0,0.0,22.200000000000003,0.0,0.0,0.0,0.0
152,20,29.6,0.72311568,30.705394190871374,23.21990054771785,0.0,4.0,0.0,0.0,0.0,0.0,29.6,0.0,0.0,0.0,0.0
152,21,14.8,0.68956848,15.352697095435687,11.094910273858924,0.0,2.0,0.0,0.0,0.0,0.0,14.8,0.0,0.0,0.0,0.0
152,22,49.460929224296464,0.0577243199999999,51.30801786752746,4.660015833366027,0.0,7.0,0.0,0.0,0.0,0.0,49.460929224296464,0.0,0.0,0.0,0.0
152,23,37.0,0.02336736,38.38174273858922,2.1673156846473027,0.0,6.0,0.0,0.0,0.0,0.0,37.0,0.0,0.0,0.0,0.0
153,0,29.6,0.01931856,30.705394190871374,1.6095325477178424,0.0,4.0,0.0,0.0,0.0,0.0,29.6,0.0,0.0,0.0,0.0
153,1,44.294808248669455,0.01769904,45.94897121231272,2.3341636265731225,0.0,7.0,0.0,0.0,0.0,0.0,44.294808248669455,0.0,0.0,0.0,0.0
153,2,45.04168939124534,0.01804608,46.72374418178978,2.389736357821355,0.0,7.0,0.0,0.0,0.0,0.0,45.04168939124534,0.0,0.0,0.0,0.0
153,3,33.673414473315106,0.02463984,34.93092787688289,2.016906186662758,0.0,5.0,0.0,0.0,0.0,0.0,33.673414473315106,0.0,0.0,0.0,0.0
153,4,34.48567407528921,0.0432643199999999,35.773520824988815,2.7318205918061067,0.0,6.0,0.0,0.0,0.0,0.0,34.48567407528921,0.0,0.0,0.0,0.0
153,5,48.18357659822385,0.10133568,49.98296327616583,6.719493656446382,0.0,7.0,0.0,0.0,0.0,0.0,48.18357659822385,0.0,0.0,0.0,0.0
153,6,49.48948826238043,0.23112864,51.33764342570585,13.5648757031792,0.0,7.0,0.0,0.0,0.0,0.0,49.48948826238043,0.0,0.0,0.0,0.0
153,7,29.6,0.23101296,30.705394190871374,8.109692547717843,0.0,5.0,0.0,0.0,0.0,0.0,29.6,0.0,0.0,0.0,0.0
153,8,22.200000000000003,0.27786336,23.02904564315353,7.161189410788383,0.0,3.0,0.0,0.0,0.0,0.0,22.200000000000003,0.0,0.0,0.0,0.0
153,9,6.943690205624857,0.23055024,7.202998138614998,1.8990721879653973,0.0,1.0,0.0,0.0,0.0,0.0,6.943690205624857,0.0,0.0,0.0,0.0
153,10,0.0,0.20348112,0.0,0.0,0.0,0.0,0.0,0.0,0.0,0.0,0.0,0.0,0.0,0.0,0.0
153,11,0.0,0.20220864,0.0,0.0,0.0,0.0,0.0,0.0,0.0,0.0,0.0,0.0,0.0,0.0,0.0
153,12,0.0,0.20405952,0.0,0.0,0.0,0.0,0.0,0.0,0.0,0.0,0.0,0.0,0.0,0.0,0.0
153,13,0.0,0.20752992,0.0,0.0,0.0,0.0,0.0,0.0,0.0,0.0,0.0,0.0,0.0,0.0,0.0
153,14,0.0,0.22222128,0.0,0.0,0.0,0.0,0.0,0.0,0.0,0.0,0.0,0.0,0.0,0.0,0.0
153,15,0.0,0.32806848,0.0,0.0,0.0,0.0,0.0,0.0,0.0,0.0,0.0,0.0,0.0,0.0,0.0
153,16,0.0,0.46352976,0.0,0.0,0.0,0.0,0.0,0.0,0.0,0.0,0.0,0.0,0.0,0.0,0.0
153,17,0.0,0.6358929600000001,0.0,0.0,0.0,0.0,0.0,0.0,0.0,0.0,0.0,0.0,0.0,0.0,0.0
153,18,0.0,0.65856624,0.0,0.0,0.0,0.0,0.0,0.0,0.0,0.0,0.0,0.0,0.0,0.0,0.0
153,19,7.4,0.65058432,7.6763485477178435,5.248199136929461,0.0,1.0,0.0,0.0,0.0,0.0,7.4,0.0,0.0,0.0,0.0
153,20,22.200000000000003,0.6408671999999999,23.02904564315353,15.52082141078838,0.0,3.0,0.0,0.0,0.0,0.0,22.200000000000003,0.0,0.0,0.0,0.0
153,21,37.0,0.6192350400000001,38.38174273858922,25.03775568464731,0.0,5.0,0.0,0.0,0.0,0.0,37.0,0.0,0.0,0.0,0.0
153,22,49.86597006611185,0.4089288,51.72818471588367,22.865347416140395,0.0,7.0,0.0,0.0,0.0,0.0,49.86597006611185,0.0,0.0,0.0,0.0
153,23,35.81942869635781,0.3713328,37.15708370991474,15.027543404635209,0.0,7.0,0.0,0.0,0.0,0.0,35.81942869635781,0.0,0.0,0.0,0.0
154,0,44.294808248669455,0.29081952,45.94897121231272,14.883768699586156,0.0,7.0,0.0,0.0,0.0,0.0,44.294808248669455,0.0,0.0,0.0,0.0
154,1,51.694808248669474,0.2481336,53.625319760030585,15.08124172726454,0.0,7.0,0.0,0.0,0.0,0.0,51.694808248669474,0.0,0.0,0.0,0.0
154,2,51.69480824866946,0.2151648,53.625319760030564,13.313279285160036,0.0,7.0,0.0,0.0,0.0,0.0,51.69480824866946,0.0,0.0,0.0,0.0
154,3,50.01245771789824,0.20845536,51.8801428608903,12.531926585613787,0.0,7.0,0.0,0.0,0.0,0.0,50.01245771789824,0.0,0.0,0.0,0.0
154,4,51.69480824866946,0.22511328,53.625319760030564,13.846769706286306,0.0,7.0,0.0,0.0,0.0,0.0,51.69480824866946,0.0,0.0,0.0,0.0
154,5,41.87827679489671,0.2683776,43.44219584532854,13.096848942179623,0.0,7.0,0.0,0.0,0.0,0.0,41.87827679489671,0.0,0.0,0.0,0.0
154,6,27.603832032100065,0.3994430399999999,28.634680531224138,12.385731766404502,0.0,6.0,0.0,0.0,0.0,0.0,27.603832032100065,0.0,0.0,0.0,0.0
154,7,50.20829875518672,0.430908,52.083297463886645,24.167066689623116,0.0,7.0,0.0,0.0,0.0,0.0,50.20829875518672,0.0,0.0,0.0,0.0
154,8,22.200000000000003,0.36890352,23.02904564315353,9.257757410788383,0.0,3.0,0.0,0.0,0.0,0.0,22.200000000000003,0.0,0.0,0.0,0.0
154,9,7.4,0.25831344,7.6763485477178435,2.2369911369294613,0.0,1.0,0.0,0.0,0.0,0.0,7.4,0.0,0.0,0.0,0.0
154,10,17.01001866271658,0.07206864,17.645247575432137,0.8073111369294608,88.72320134665722,1.0,0.0,0.0,0.0,1.0,7.4,0.0,0.0,0.0,9.610018662716579
154,11,4.740670415231619,0.02996112,4.917707899617862,0.0,43.76760030659897,0.0,0.0,0.0,0.0,1.0,0.0,0.0,0.0,0.0,4.740670415231619
154,12,0.0,0.02568096,0.0,0.0,0.0,0.0,0.0,0.0,0.0,0.0,0.0,0.0,0.0,0.0,0.0
154,13,0.0,0.0205910399999999,0.0,0.0,0.0,0.0,0.0,0.0,0.0,0.0,0.0,0.0,0.0,0.0,0.0
154,14,0.8281691143992279,0.01862448,0.859096591700444,0.0,7.645959666133951,0.0,0.0,0.0,0.0,1.0,0.0,0.0,0.0,0.0,0.8281691143992279
154,15,0.0,0.06223584,0.0,0.0,0.0,0.0,0.0,0.0,0.0,0.0,0.0,0.0,0.0,0.0,0.0
154,16,0.34272010205552556,0.16148928,0.35551877806589793,0.0,3.164117124786492,0.0,0.0,0.0,0.0,1.0,0.0,0.0,0.0,0.0,0.34272010205552556
154,17,9.870217675832585,0.22754256,10.238815016423844,0.0,91.12545364617222,0.0,0.0,0.0,0.0,2.0,0.0,0.0,0.0,0.0,9.870217675832585
154,18,0.0,0.1868232,0.0,0.0,0.0,0.0,0.0,0.0,0.0,0.0,0.0,0.0,0.0,0.0,0.0
154,19,14.8,0.15130944,15.352697095435687,2.8311822738589214,0.0,2.0,0.0,0.0,0.0,0.0,14.8,0.0,0.0,0.0,0.0
154,20,49.36072420542701,0.13314768,51.204070752517644,8.512557969161913,0.0,7.0,0.0,0.0,0.0,0.0,49.36072420542701,0.0,0.0,0.0,0.0
154,21,47.82371035180747,0.1149859199999999,49.60965804129407,7.346491851930426,0.0,7.0,0.0,0.0,0.0,0.0,47.82371035180747,0.0,0.0,0.0,0.0
154,22,51.69480824866945,0.1026081599999999,53.625319760030564,7.277393474045385,0.0,7.0,0.0,0.0,0.0,0.0,51.69480824866945,0.0,0.0,0.0,0.0
154,23,47.25894879409134,0.08317392,49.02380580299933,5.70019007403348,0.0,8.0,0.0,0.0,0.0,0.0,47.25894879409134,0.0,0.0,0.0,0.0
155,0,47.556192627710594,0.0835209599999999,49.33215002874543,5.753162695216314,0.0,8.0,0.0,0.0,0.0,0.0,47.556192627710594,0.0,0.0,0.0,0.0
155,1,51.694808248669474,0.08525616,53.625319760030585,6.346886925569341,0.0,7.0,0.0,0.0,0.0,0.0,51.694808248669474,0.0,0.0,0.0,0.0
155,2,51.53607156371362,0.08456208,53.46065514908053,6.290291883003526,0.0,8.0,0.0,0.0,0.0,0.0,51.53607156371362,0.0,0.0,0.0,0.0
155,3,42.209815104175824,0.09416352,43.786115253294426,5.572375154259938,0.0,8.0,0.0,0.0,0.0,0.0,42.209815104175824,0.0,0.0,0.0,0.0
155,4,51.69480824866946,0.10607856,53.625319760030564,7.463494783740599,0.0,7.0,0.0,0.0,0.0,0.0,51.69480824866946,0.0,0.0,0.0,0.0
155,5,45.98246146681717,0.11764656,47.69964882449915,7.19055797350129,0.0,7.0,0.0,0.0,0.0,0.0,45.98246146681717,0.0,0.0,0.0,0.0
155,6,45.14988495392542,0.1393944,46.835980242661236,8.078944310369703,0.0,7.0,0.0,0.0,0.0,0.0,45.14988495392542,0.0,0.0,0.0,0.0
155,7,51.69480824866945,0.1604481599999999,53.625319760030585,10.379081968965558,0.0,7.0,0.0,0.0,0.0,0.0,51.69480824866945,0.0,0.0,0.0,0.0
155,8,50.103107003856174,0.19966368,51.974177389892304,12.097700794244128,0.0,7.0,0.0,0.0,0.0,0.0,50.103107003856174,0.0,0.0,0.0,0.0
155,9,7.4,0.09508896,7.6763485477178435,0.9840231369294606,0.0,1.0,0.0,0.0,0.0,0.0,7.4,0.0,0.0,0.0,0.0
155,10,16.113280700104156,0.05194032,16.715021473137092,1.3055982738589214,12.124686961542523,2.0,0.0,0.0,0.0,1.0,14.8,0.0,0.0,0.0,1.3132807001041562
155,11,0.0,0.0469660799999999,0.0,0.0,0.0,0.0,0.0,0.0,0.0,0.0,0.0,0.0,0.0,0.0,0.0
155,12,3.884392923447508,0.04199184,4.029453240090776,0.0,35.86213383680791,0.0,0.0,0.0,0.0,1.0,0.0,0.0,0.0,0.0,3.884392923447508
155,13,0.0,0.0352824,0.0,0.0,0.0,0.0,0.0,0.0,0.0,0.0,0.0,0.0,0.0,0.0,0.0
155,14,0.0,0.034704,0.0,0.0,0.0,0.0,0.0,0.0,0.0,0.0,0.0,0.0,0.0,0.0,0.0
155,15,0.0,0.05795568,0.0,0.0,0.0,0.0,0.0,0.0,0.0,0.0,0.0,0.0,0.0,0.0,0.0
155,16,0.0,0.1781472,0.0,0.0,0.0,0.0,0.0,0.0,0.0,0.0,0.0,0.0,0.0,0.0,0.0
155,17,0.0,0.17918832,0.0,0.0,0.0,0.0,0.0,0.0,0.0,0.0,0.0,0.0,0.0,0.0,0.0
155,18,0.0,0.26884032,0.0,0.0,0.0,0.0,0.0,0.0,0.0,0.0,0.0,0.0,0.0,0.0,0.0
155,19,0.0,0.31210464,0.0,0.0,0.0,0.0,0.0,0.0,0.0,0.0,0.0,0.0,0.0,0.0,0.0
155,20,29.971628024660383,0.25380192,31.09090044051908,8.92003903091377,0.0,5.0,0.0,0.0,0.0,0.0,29.971628024660383,0.0,0.0,0.0,0.0
155,21,39.356489758792975,0.1104744,40.82623418961927,5.861602078034073,0.0,7.0,0.0,0.0,0.0,0.0,39.356489758792975,0.0,0.0,0.0,0.0
155,22,38.08487565246855,0.0757704,39.50713241957318,4.3011573093719,0.0,7.0,0.0,0.0,0.0,0.0,38.08487565246855,0.0,0.0,0.0,0.0
155,23,51.694808248669474,0.01353456,53.62531976003059,2.5007931918683317,0.0,7.0,0.0,0.0,0.0,0.0,51.694808248669474,0.0,0.0,0.0,0.0
156,0,49.55283818795876,0.00011568,51.4033591161398,1.7073975273267825,0.0,7.0,0.0,0.0,0.0,0.0,49.55283818795876,0.0,0.0,0.0,0.0
156,1,51.69480824866945,0.0,53.625319760030585,1.7749980840570123,0.0,7.0,0.0,0.0,0.0,0.0,51.69480824866945,0.0,0.0,0.0,0.0
156,2,47.72517157589583,-0.00023136,49.50743939408282,1.6272422027659261,0.0,7.0,0.0,0.0,0.0,0.0,47.725171575895835,0.0,0.0,0.0,0.0
156,3,43.28681991089398,0.0,44.90334015652903,1.486300559181111,0.0,6.0,0.0,0.0,0.0,0.0,43.28681991089398,0.0,0.0,0.0,0.0
156,4,50.371655486001224,0.00011568,52.25275465352825,1.735610777690105,0.0,7.0,0.0,0.0,0.0,0.0,50.371655486001224,0.0,0.0,0.0,0.0
156,5,39.98002553257563,0.0297297599999999,41.47305553171746,2.605742125524477,0.0,7.0,0.0,0.0,0.0,0.0,39.98002553257563,0.0,0.0,0.0,0.0
156,6,46.41995993817461,0.25345488,48.1534854130442,13.798616234116633,0.0,7.0,0.0,0.0,0.0,0.0,46.41995993817461,0.0,0.0,0.0,0.0
156,7,51.69480824866946,0.1530446399999999,53.625319760030585,9.982065841615775,0.0,7.0,0.0,0.0,0.0,0.0,51.69480824866946,0.0,0.0,0.0,0.0
156,8,32.60744162241552,0.07496064,33.82514691121942,3.6551670233203923,0.0,5.0,0.0,0.0,0.0,0.0,32.60744162241552,0.0,0.0,0.0,0.0
156,9,7.4,0.05795568,7.6763485477178435,0.6989751369294607,0.0,1.0,0.0,0.0,0.0,0.0,7.4,0.0,0.0,0.0,0.0
156,10,0.0,0.0580713599999999,0.0,0.0,0.0,0.0,0.0,0.0,0.0,0.0,0.0,0.0,0.0,0.0,0.0
156,11,0.0,0.0577243199999999,0.0,0.0,0.0,0.0,0.0,0.0,0.0,0.0,0.0,0.0,0.0,0.0,0.0
156,12,0.0,0.05888112,0.0,0.0,0.0,0.0,0.0,0.0,0.0,0.0,0.0,0.0,0.0,0.0,0.0
156,13,0.0,0.05911248,0.0,0.0,0.0,0.0,0.0,0.0,0.0,0.0,0.0,0.0,0.0,0.0,0.0
156,14,0.0,0.06212016,0.0,0.0,0.0,0.0,0.0,0.0,0.0,0.0,0.0,0.0,0.0,0.0,0.0
156,15,0.0,0.05760864,0.0,0.0,0.0,0.0,0.0,0.0,0.0,0.0,0.0,0.0,0.0,0.0,0.0
156,16,0.0,0.06223584,0.0,0.0,0.0,0.0,0.0,0.0,0.0,0.0,0.0,0.0,0.0,0.0,0.0
156,17,0.0,0.07137456,0.0,0.0,0.0,0.0,0.0,0.0,0.0,0.0,0.0,0.0,0.0,0.0,0.0
156,18,0.0,0.0886108799999999,0.0,0.0,0.0,0.0,0.0,0.0,0.0,0.0,0.0,0.0,0.0,0.0,0.0
156,19,0.0,0.09358512,0.0,0.0,0.0,0.0,0.0,0.0,0.0,0.0,0.0,0.0,0.0,0.0,0.0
156,20,14.8,0.09265968,15.352697095435687,1.9307502738589213,0.0,2.0,0.0,0.0,0.0,0.0,14.8,0.0,0.0,0.0,0.0
156,21,27.52365145228216,0.0653592,28.551505655894356,2.8111584056748335,0.0,4.0,0.0,0.0,0.0,0.0,27.52365145228216,0.0,0.0,0.0,0.0
156,22,43.28941670194747,0.0615417599999999,44.90603392318203,4.249986085109647,0.0,7.0,0.0,0.0,0.0,0.0,43.28941670194747,0.0,0.0,0.0,0.0
156,23,51.69480824866945,0.0608476799999999,53.625319760030564,5.037974380713024,0.0,7.0,0.0,0.0,0.0,0.0,51.69480824866945,0.0,0.0,0.0,0.0
157,0,49.33065893911879,0.0705648,51.172882716928214,5.30482665227382,0.0,7.0,0.0,0.0,0.0,0.0,49.33065893911879,0.0,0.0,0.0,0.0
157,1,44.48916395696678,0.0816700799999999,46.150585017600406,5.296706334516795,0.0,7.0,0.0,0.0,0.0,0.0,44.48916395696678,0.0,0.0,0.0,0.0
157,2,44.294808248669455,0.09150288,45.94897121231272,5.725374146091258,0.0,7.0,0.0,0.0,0.0,0.0,44.294808248669455,0.0,0.0,0.0,0.0
157,3,51.69480824866945,0.11313504,53.625319760030585,7.841900780120864,0.0,7.0,0.0,0.0,0.0,0.0,51.69480824866945,0.0,0.0,0.0,0.0
157,4,37.0,0.16576944,38.38174273858922,7.632955684647303,0.0,5.0,0.0,0.0,0.0,0.0,37.0,0.0,0.0,0.0,0.0
157,5,39.46086754301618,0.211116,40.93450989939438,9.9968622695905,0.0,6.0,0.0,0.0,0.0,0.0,39.46086754301618,0.0,0.0,0.0,0.0
157,6,48.531468507783096,0.25576848,50.343846999774996,14.542750560177566,0.0,7.0,0.0,0.0,0.0,0.0,48.531468507783096,0.0,0.0,0.0,0.0
157,7,42.533401520183034,0.30921264,44.12178580931851,15.103444981902356,0.0,7.0,0.0,0.0,0.0,0.0,42.533401520183034,0.0,0.0,0.0,0.0
157,8,29.6,0.31141056,30.705394190871374,10.578332547717844,0.0,4.0,0.0,0.0,0.0,0.0,29.6,0.0,0.0,0.0,0.0
157,9,14.8,0.2868864,15.352697095435687,4.912654273858922,0.0,2.0,0.0,0.0,0.0,0.0,14.8,0.0,0.0,0.0,0.0
157,10,0.0,0.2510256,0.0,0.0,0.0,0.0,0.0,0.0,0.0,0.0,0.0,0.0,0.0,0.0,0.0
157,11,0.0,0.25438032,0.0,0.0,0.0,0.0,0.0,0.0,0.0,0.0,0.0,0.0,0.0,0.0,0.0
157,12,0.0,0.2232624,0.0,0.0,0.0,0.0,0.0,0.0,0.0,0.0,0.0,0.0,0.0,0.0,0.0
157,13,0.0,0.22256832,0.0,0.0,0.0,0.0,0.0,0.0,0.0,0.0,0.0,0.0,0.0,0.0,0.0
157,14,0.0,0.21840384,0.0,0.0,0.0,0.0,0.0,0.0,0.0,0.0,0.0,0.0,0.0,0.0,0.0
157,15,0.0,0.22372512,0.0,0.0,0.0,0.0,0.0,0.0,0.0,0.0,0.0,0.0,0.0,0.0,0.0
157,16,0.0,0.25206672,0.0,0.0,0.0,0.0,0.0,0.0,0.0,0.0,0.0,0.0,0.0,0.0,0.0
157,17,0.0,0.28839024,0.0,0.0,0.0,0.0,0.0,0.0,0.0,0.0,0.0,0.0,0.0,0.0,0.0
157,18,0.0,0.29405856,0.0,0.0,0.0,0.0,0.0,0.0,0.0,0.0,0.0,0.0,0.0,0.0,0.0
157,19,7.4,0.2533392,7.6763485477178435,2.198807136929461,0.0,1.0,0.0,0.0,0.0,0.0,7.4,0.0,0.0,0.0,0.0
157,20,22.200000000000003,0.2383008,23.02904564315353,6.250101410788384,0.0,3.0,0.0,0.0,0.0,0.0,22.200000000000003,0.0,0.0,0.0,0.0
157,21,16.289202213109245,0.22222128,16.897512669200463,4.314294563516478,0.0,4.0,0.0,0.0,0.0,0.0,16.289202213109245,0.0,0.0,0.0,0.0
157,22,37.0,0.21204144,38.38174273858922,9.408955684647305,0.0,5.0,0.0,0.0,0.0,0.0,37.0,0.0,0.0,0.0,0.0
157,23,51.69480824866945,0.26421312,53.625319760030564,15.943511128852338,0.0,7.0,0.0,0.0,0.0,0.0,51.69480824866945,0.0,0.0,0.0,0.0
158,0,50.103107003856174,0.25264512,51.974177389892304,14.851367555176067,0.0,7.0,0.0,0.0,0.0,0.0,50.103107003856174,0.0,0.0,0.0,0.0
158,1,44.309846625183965,0.2430436799999999,45.964571187950185,12.69282583746253,0.0,6.0,0.0,0.0,0.0,0.0,44.309846625183965,0.0,0.0,0.0,0.0
158,2,44.294808248669455,0.24940608,45.94897121231272,12.980863737223315,0.0,7.0,0.0,0.0,0.0,0.0,44.294808248669455,0.0,0.0,0.0,0.0
158,3,44.12972754860688,0.26051136,45.77772567282872,13.440860292506157,0.0,7.0,0.0,0.0,0.0,0.0,44.12972754860688,0.0,0.0,0.0,0.0
158,4,37.0,0.30620496,38.38174273858922,13.023115684647307,0.0,5.0,0.0,0.0,0.0,0.0,37.0,0.0,0.0,0.0,0.0
158,5,38.53243746345333,0.39354336,39.97140815710927,17.053535880080506,0.0,6.0,0.0,0.0,0.0,0.0,38.53243746345333,0.0,0.0,0.0,0.0
158,6,51.69480824866945,0.47336256,53.625319760030564,27.159216726483663,0.0,7.0,0.0,0.0,0.0,0.0,51.69480824866945,0.0,0.0,0.0,0.0
158,7,36.894808248669456,0.5627831999999999,38.27262266459488,22.806012865771322,0.0,7.0,0.0,0.0,0.0,0.0,36.894808248669456,0.0,0.0,0.0,0.0
158,8,23.159157218766026,0.47336256,24.02402201116808,12.167267689272535,0.0,4.0,0.0,0.0,0.0,0.0,23.159157218766026,0.0,0.0,0.0,0.0
158,9,7.4,0.42639648,7.6763485477178435,3.5272551369294614,0.0,1.0,0.0,0.0,0.0,0.0,7.4,0.0,0.0,0.0,0.0
158,10,0.0,0.4001371199999999,0.0,0.0,0.0,0.0,0.0,0.0,0.0,0.0,0.0,0.0,0.0,0.0,0.0
158,11,0.0,0.34657728,0.0,0.0,0.0,0.0,0.0,0.0,0.0,0.0,0.0,0.0,0.0,0.0,0.0
158,12,0.0,0.31962384,0.0,0.0,0.0,0.0,0.0,0.0,0.0,0.0,0.0,0.0,0.0,0.0,0.0
158,13,0.0,0.30585792,0.0,0.0,0.0,0.0,0.0,0.0,0.0,0.0,0.0,0.0,0.0,0.0,0.0
158,14,0.0,0.29683488,0.0,0.0,0.0,0.0,0.0,0.0,0.0,0.0,0.0,0.0,0.0,0.0,0.0
158,15,0.0,0.30099936,0.0,0.0,0.0,0.0,0.0,0.0,0.0,0.0,0.0,0.0,0.0,0.0,0.0
158,16,0.0,0.30412272,0.0,0.0,0.0,0.0,0.0,0.0,0.0,0.0,0.0,0.0,0.0,0.0,0.0
158,17,0.0,0.31256736,0.0,0.0,0.0,0.0,0.0,0.0,0.0,0.0,0.0,0.0,0.0,0.0,0.0
158,18,0.0,0.3111792,0.0,0.0,0.0,0.0,0.0,0.0,0.0,0.0,0.0,0.0,0.0,0.0,0.0
158,19,0.0,0.28781184,0.0,0.0,0.0,1.0,0.0,0.0,0.0,0.0,0.0,0.0,0.0,0.0,0.0
158,20,22.200000000000003,0.25553712,23.02904564315353,6.647037410788384,0.0,3.0,0.0,0.0,0.0,0.0,22.200000000000003,0.0,0.0,0.0,0.0
158,21,24.70676061352202,0.22407216,25.629419723570564,6.591173229857243,0.0,4.0,0.0,0.0,0.0,0.0,24.70676061352202,0.0,0.0,0.0,0.0
158,22,44.29480824866946,0.19006224,45.94897121231272,10.254075341435222,0.0,7.0,0.0,0.0,0.0,0.0,44.29480824866946,0.0,0.0,0.0,0.0
158,23,51.694808248669474,0.22465056,53.625319760030585,13.821956198326951,0.0,7.0,0.0,0.0,0.0,0.0,51.694808248669474,0.0,0.0,0.0,0.0
159,0,44.4,0.225576,46.05809128630706,11.914122821576765,0.0,6.0,0.0,0.0,0.0,0.0,44.4,0.0,0.0,0.0,0.0
159,1,44.49807871578548,0.22453488,46.15983269272353,11.892382956609904,0.0,7.0,0.0,0.0,0.0,0.0,44.49807871578548,0.0,0.0,0.0,0.0
159,2,34.29189973896631,0.2229153599999999,35.57251010266215,9.107108980036685,0.0,5.0,0.0,0.0,0.0,0.0,34.29189973896631,0.0,0.0,0.0,0.0
159,3,33.678919456696256,0.22476624,34.936638440556294,9.008979592905714,0.0,5.0,0.0,0.0,0.0,0.0,33.678919456696256,0.0,0.0,0.0,0.0
159,4,14.8,0.22939344,15.352697095435687,4.029982273858922,0.0,2.0,0.0,0.0,0.0,0.0,14.8,0.0,0.0,0.0,0.0
159,5,51.694808248669474,0.2893156799999999,53.625319760030585,17.289643935647696,0.0,7.0,0.0,0.0,0.0,0.0,51.694808248669474,0.0,0.0,0.0,0.0
159,6,46.37255876298328,0.32517648,48.104314069484744,17.23464431762947,0.0,7.0,0.0,0.0,0.0,0.0,46.37255876298328,0.0,0.0,0.0,0.0
159,7,35.225235747454825,0.34160304,36.54070098283696,13.691911741999997,0.0,5.0,0.0,0.0,0.0,0.0,35.225235747454825,0.0,0.0,0.0,0.0
159,8,37.0,0.3221688,38.38174273858922,13.635835684647304,0.0,5.0,0.0,0.0,0.0,0.0,37.0,0.0,0.0,0.0,0.0
159,9,7.4,0.31742592,7.6763485477178435,2.690759136929461,0.0,1.0,0.0,0.0,0.0,0.0,7.4,0.0,0.0,0.0,0.0
159,10,0.0,0.30516384,0.0,0.0,0.0,0.0,0.0,0.0,0.0,0.0,0.0,0.0,0.0,0.0,0.0
159,11,0.0,0.30794016,0.0,0.0,0.0,0.0,0.0,0.0,0.0,0.0,0.0,0.0,0.0,0.0,0.0
159,12,0.0,0.29995824,0.0,0.0,0.0,0.0,0.0,0.0,0.0,0.0,0.0,0.0,0.0,0.0,0.0
159,13,0.0,0.2920919999999999,0.0,0.0,0.0,0.0,0.0,0.0,0.0,0.0,0.0,0.0,0.0,0.0,0.0
159,14,0.0,0.2922076799999999,0.0,0.0,0.0,0.0,0.0,0.0,0.0,0.0,0.0,0.0,0.0,0.0,0.0
159,15,0.0,0.29186064,0.0,0.0,0.0,0.0,0.0,0.0,0.0,0.0,0.0,0.0,0.0,0.0,0.0
159,16,0.0,0.2976446399999999,0.0,0.0,0.0,0.0,0.0,0.0,0.0,0.0,0.0,0.0,0.0,0.0,0.0
159,17,0.0,0.3088655999999999,0.0,0.0,0.0,0.0,0.0,0.0,0.0,0.0,0.0,0.0,0.0,0.0,0.0
159,18,0.0,0.31198896,0.0,0.0,0.0,0.0,0.0,0.0,0.0,0.0,0.0,0.0,0.0,0.0,0.0
159,19,7.4,0.30643632,7.6763485477178435,2.606399136929461,0.0,1.0,0.0,0.0,0.0,0.0,7.4,0.0,0.0,0.0,0.0
159,20,22.200000000000003,0.30215616,23.02904564315353,7.7206294107883835,0.0,3.0,0.0,0.0,0.0,0.0,22.200000000000003,0.0,0.0,0.0,0.0
159,21,51.438559794347775,0.27740064,53.35950186135663,16.568159478032424,0.0,7.0,0.0,0.0,0.0,0.0,51.438559794347775,0.0,0.0,0.0,0.0
159,22,32.41684442452587,0.22835232,33.627431975649245,8.79197010567568,0.0,7.0,0.0,0.0,0.0,0.0,32.41684442452587,0.0,0.0,0.0,0.0
159,23,44.4,0.24038304,46.05809128630706,12.596106821576765,0.0,6.0,0.0,0.0,0.0,0.0,44.4,0.0,0.0,0.0,0.0
160,0,42.64463949085846,0.27740064,44.237177895081395,13.735672048216625,0.0,6.0,0.0,0.0,0.0,0.0,42.64463949085846,0.0,0.0,0.0,0.0
160,1,44.29480824866946,0.30689904,45.94897121231272,15.622606101173963,0.0,7.0,0.0,0.0,0.0,0.0,44.29480824866946,0.0,0.0,0.0,0.0
160,2,51.69480824866946,0.3239039999999999,53.625319760030564,19.144453655609947,0.0,7.0,0.0,0.0,0.0,0.0,51.69480824866946,0.0,0.0,0.0,0.0
160,3,44.11926329884127,0.329688,45.766870641951535,16.60367146645231,0.0,7.0,0.0,0.0,0.0,0.0,44.11926329884127,0.0,0.0,0.0,0.0
160,4,24.16426516515254,0.37237392,25.0666651090794,10.163878963105653,0.0,4.0,0.0,0.0,0.0,0.0,24.16426516515254,0.0,0.0,0.0,0.0
160,5,51.694808248669474,0.45855552,53.625319760030585,26.36518447178411,0.0,7.0,0.0,0.0,0.0,0.0,51.694808248669474,0.0,0.0,0.0,0.0
160,6,46.47079074172892,0.50054736,48.206214462374405,25.72511908343992,0.0,7.0,0.0,0.0,0.0,0.0,46.47079074172892,0.0,0.0,0.0,0.0
160,7,35.40829875518672,0.5161641599999999,36.73060036845096,20.174802357672903,0.0,5.0,0.0,0.0,0.0,0.0,35.40829875518672,0.0,0.0,0.0,0.0
160,8,2.4114534466110054,0.49059888,2.5015077247002133,1.31003679373685,0.0,1.0,0.0,0.0,0.0,0.0,2.4114534466110054,0.0,0.0,0.0,0.0
160,9,7.4,0.47972496,7.6763485477178435,3.936623136929461,0.0,1.0,0.0,0.0,0.0,0.0,7.4,0.0,0.0,0.0,0.0
160,10,7.4,0.46827264,7.6763485477178435,3.8487111369294613,0.0,1.0,0.0,0.0,0.0,0.0,7.4,0.0,0.0,0.0,0.0
160,11,0.0,0.44930112,0.0,0.0,0.0,0.0,0.0,0.0,0.0,0.0,0.0,0.0,0.0,0.0,0.0
160,12,0.0,0.39203952,0.0,0.0,0.0,0.0,0.0,0.0,0.0,0.0,0.0,0.0,0.0,0.0,0.0
160,13,0.0,0.36705264,0.0,0.0,0.0,0.0,0.0,0.0,0.0,0.0,0.0,0.0,0.0,0.0,0.0
160,14,0.0,0.36925056,0.0,0.0,0.0,0.0,0.0,0.0,0.0,0.0,0.0,0.0,0.0,0.0,0.0
160,15,0.0,0.39886464,0.0,0.0,0.0,0.0,0.0,0.0,0.0,0.0,0.0,0.0,0.0,0.0,0.0
160,16,0.0,0.45265584,0.0,0.0,0.0,0.0,0.0,0.0,0.0,0.0,0.0,0.0,0.0,0.0,0.0
160,17,0.0,0.47752704,0.0,0.0,0.0,0.0,0.0,0.0,0.0,0.0,0.0,0.0,0.0,0.0,0.0
160,18,0.0,0.4818072,0.0,0.0,0.0,0.0,0.0,0.0,0.0,0.0,0.0,0.0,0.0,0.0,0.0
160,19,14.8,0.4513833599999999,15.352697095435687,7.438126273858921,0.0,2.0,0.0,0.0,0.0,0.0,14.8,0.0,0.0,0.0,0.0
160,20,7.4,0.38764368,7.6763485477178435,3.229775136929461,0.0,1.0,0.0,0.0,0.0,0.0,7.4,0.0,0.0,0.0,0.0
160,21,44.4,0.3434539199999999,46.05809128630706,17.343354821576764,0.0,6.0,0.0,0.0,0.0,0.0,44.4,0.0,0.0,0.0,0.0
160,22,51.69480824866946,0.28434144,53.625319760030564,17.02289872508456,0.0,7.0,0.0,0.0,0.0,0.0,51.69480824866946,0.0,0.0,0.0,0.0
160,23,44.64835588628995,0.24015168,46.315721873744764,12.655848812413504,0.0,7.0,0.0,0.0,0.0,0.0,44.64835588628995,0.0,0.0,0.0,0.0
161,0,46.246046424826694,0.23471472,47.97307720417707,12.847896238975066,0.0,7.0,0.0,0.0,0.0,0.0,46.246046424826694,0.0,0.0,0.0,0.0
161,1,50.20829875518672,0.23182272,52.08329746388665,13.798048830701951,0.0,7.0,0.0,0.0,0.0,0.0,50.20829875518672,0.0,0.0,0.0,0.0
161,2,49.61845970095162,0.2322854399999999,51.47143122505354,13.65976842309057,0.0,7.0,0.0,0.0,0.0,0.0,49.61845970095162,0.0,0.0,0.0,0.0
161,3,24.74593540489471,0.23633424,25.67005747395717,6.916392426251969,0.0,4.0,0.0,0.0,0.0,0.0,24.74593540489471,0.0,0.0,0.0,0.0
161,4,51.69480824866945,0.2423496,53.625319760030564,14.771072877772514,0.0,7.0,0.0,0.0,0.0,0.0,51.69480824866945,0.0,0.0,0.0,0.0
161,5,43.75679606975344,0.30874992,45.39086729227537,15.51686435259495,0.0,7.0,0.0,0.0,0.0,0.0,43.75679606975344,0.0,0.0,0.0,0.0
161,6,51.69480824866946,0.41806752,53.625319760030564,24.194002525339986,0.0,7.0,0.0,0.0,0.0,0.0,51.69480824866946,0.0,0.0,0.0,0.0
161,7,37.914925769865846,0.46167888,39.33083586085668,19.46006691669851,0.0,8.0,0.0,0.0,0.0,0.0,37.914925769865846,0.0,0.0,0.0,0.0
161,8,51.69480824866945,0.45728304,53.625319760030564,26.29694732489586,0.0,7.0,0.0,0.0,0.0,0.0,51.69480824866945,0.0,0.0,0.0,0.0
161,9,14.8,0.29625648,15.352697095435687,5.056510273858922,0.0,2.0,0.0,0.0,0.0,0.0,14.8,0.0,0.0,0.0,0.0
161,10,0.0,0.14934288,0.0,0.0,0.0,0.0,0.0,0.0,0.0,0.0,0.0,0.0,0.0,0.0,0.0
161,11,8.559537895718131,0.05275008,8.879188688504286,0.0,79.02477932768815,0.0,0.0,0.0,0.0,1.0,0.0,0.0,0.0,0.0,8.559537895718131
161,12,0.0,0.15408576,0.0,0.0,0.0,0.0,0.0,0.0,0.0,0.0,0.0,0.0,0.0,0.0,0.0
161,13,0.0,0.09913776,0.0,0.0,0.0,0.0,0.0,0.0,0.0,0.0,0.0,0.0,0.0,0.0,0.0
161,14,2.9514939348545792,0.1197288,3.0617157000566175,0.0,27.249269730503897,0.0,0.0,0.0,0.0,1.0,0.0,0.0,0.0,0.0,2.9514939348545792
161,15,6.028381555304908,0.1579032,6.253507837453225,0.0,55.6562197533337,0.0,0.0,0.0,0.0,1.0,0.0,0.0,0.0,0.0,6.028381555304908
161,16,15.361196221140204,0.3862555199999999,15.934850851805194,0.0,141.82017258106623,0.0,0.0,0.0,0.0,2.0,0.0,0.0,0.0,0.0,15.361196221140204
161,17,5.852356555828211,0.49036752,6.0709092902782285,0.0,54.03109268347624,0.0,0.0,0.0,0.0,1.0,0.0,0.0,0.0,0.0,5.852356555828211
161,18,0.0,0.4956888,0.0,0.0,0.0,0.0,0.0,0.0,0.0,0.0,0.0,0.0,0.0,0.0,0.0
161,19,0.0,0.48041904,0.0,0.0,0.0,0.0,0.0,0.0,0.0,0.0,0.0,0.0,0.0,0.0,0.0
161,20,51.694808248669474,0.40476432,53.625319760030585,23.480614171508353,0.0,7.0,0.0,0.0,0.0,0.0,51.694808248669474,0.0,0.0,0.0,0.0
161,21,47.9965537851182,0.27809472,49.78895620862885,15.494060286436518,0.0,8.0,0.0,0.0,0.0,0.0,47.9965537851182,0.0,0.0,0.0,0.0
161,22,51.69480824866946,0.20278704,53.625319760030585,12.649517947247125,0.0,8.0,0.0,0.0,0.0,0.0,51.69480824866946,0.0,0.0,0.0,0.0
161,23,51.69480824866946,0.1264382399999999,53.625319760030564,8.555289133952492,0.0,8.0,0.0,0.0,0.0,0.0,51.69480824866946,0.0,0.0,0.0,0.0
162,0,50.67628435408828,0.0522873599999999,52.56875970341108,4.4887076095486504,0.0,8.0,0.0,0.0,0.0,0.0,50.67628435408828,0.0,0.0,0.0,0.0
162,1,50.10310700385618,0.05240304,51.97417738989231,4.443950168335058,0.0,8.0,0.0,0.0,0.0,0.0,50.10310700385618,0.0,0.0,0.0,0.0
162,2,51.69480824866946,0.05390688,53.62531976003057,4.665771761322609,0.0,8.0,0.0,0.0,0.0,0.0,51.69480824866946,0.0,0.0,0.0,0.0
162,3,51.694808248669474,0.08664432,53.625319760030585,6.421327449447425,0.0,7.0,0.0,0.0,0.0,0.0,51.694808248669474,0.0,0.0,0.0,0.0
162,4,51.69480824866946,0.11035872,53.62531976003057,7.693019732364691,0.0,8.0,0.0,0.0,0.0,0.0,51.69480824866946,0.0,0.0,0.0,0.0
162,5,41.570756725007485,0.1954992,43.12319162345175,9.857927106567773,0.0,7.0,0.0,0.0,0.0,0.0,41.570756725007485,0.0,0.0,0.0,0.0
162,6,43.91395178530946,0.23679696,45.55389189347455,12.294856938217425,0.0,7.0,0.0,0.0,0.0,0.0,43.91395178530946,0.0,0.0,0.0,0.0
162,7,51.69480824866946,0.32899392,53.625319760030585,19.417402243162936,0.0,7.0,0.0,0.0,0.0,0.0,51.69480824866946,0.0,0.0,0.0,0.0
162,8,51.69480824866945,0.1839312,53.625319760030564,11.638367497903142,0.0,8.0,0.0,0.0,0.0,0.0,51.69480824866945,0.0,0.0,0.0,0.0
162,9,22.200000000000003,0.00011568,23.02904564315353,0.7649254107883818,0.0,3.0,0.0,0.0,0.0,0.0,22.200000000000003,0.0,0.0,0.0,0.0
162,10,0.0,-0.01943424,0.0,0.0,0.0,0.0,0.0,0.0,0.0,0.0,0.0,0.0,0.0,0.0,0.0
162,11,2.849515861108669,-0.04002528,2.955929316502769,0.0,26.307770916874645,0.0,0.0,0.0,0.0,1.0,0.0,0.0,0.0,0.0,2.849515861108669
162,12,5.388109670714855,-0.05853408,5.589325384558979,0.0,49.744995922574915,0.0,0.0,0.0,0.0,1.0,0.0,0.0,0.0,0.0,5.388109670714855
162,13,0.0,-0.05888112,0.0,0.0,0.0,0.0,0.0,0.0,0.0,0.0,0.0,0.0,0.0,0.0,0.0
162,14,0.0,-0.06061632,0.0,0.0,0.0,0.0,0.0,0.0,0.0,0.0,0.0,0.0,0.0,0.0,0.0
162,15,2.7526654741161183,-0.0011568,2.8554621100789612,0.0,25.413612779702756,0.0,0.0,0.0,0.0,1.0,0.0,0.0,0.0,0.0,2.7526654741161183
162,16,0.0,0.20833968,0.0,0.0,0.0,0.0,0.0,0.0,0.0,0.0,0.0,0.0,0.0,0.0,0.0
162,17,0.0,0.2203704,0.0,0.0,0.0,0.0,0.0,0.0,0.0,0.0,0.0,0.0,0.0,0.0,0.0
162,18,0.0,0.31164192,0.0,0.0,0.0,0.0,0.0,0.0,0.0,0.0,0.0,0.0,0.0,0.0,0.0
162,19,0.0,0.23806944,0.0,0.0,0.0,0.0,0.0,0.0,0.0,0.0,0.0,0.0,0.0,0.0,0.0
162,20,6.181730424542666,0.22060176,6.412583427948824,1.6268837018174498,0.0,1.0,0.0,0.0,0.0,0.0,6.181730424542666,0.0,0.0,0.0,0.0
162,21,22.200000000000003,0.21609024,23.02904564315353,5.738613410788382,0.0,3.0,0.0,0.0,0.0,0.0,22.200000000000003,0.0,0.0,0.0,0.0
162,22,50.05818181312823,0.20116752,51.927574494946306,12.164944096546323,0.0,7.0,0.0,0.0,0.0,0.0,50.05818181312823,0.0,0.0,0.0,0.0
162,23,51.69480824866946,0.21181008,53.625319760030564,13.133381352454668,0.0,7.0,0.0,0.0,0.0,0.0,51.69480824866946,0.0,0.0,0.0,0.0
163,0,46.48159798475357,0.21007488,48.21742529538753,11.725266610114826,0.0,7.0,0.0,0.0,0.0,0.0,46.48159798475357,0.0,0.0,0.0,0.0
163,1,51.694808248669474,0.21042192,53.625319760030585,13.058940828576588,0.0,7.0,0.0,0.0,0.0,0.0,51.694808248669474,0.0,0.0,0.0,0.0
163,2,43.62006320962338,0.21609024,45.2490282257504,11.275616203341515,0.0,7.0,0.0,0.0,0.0,0.0,43.62006320962338,0.0,0.0,0.0,0.0
163,3,51.694808248669474,0.29533104,53.625319760030585,17.612219539119394,0.0,8.0,0.0,0.0,0.0,0.0,51.694808248669474,0.0,0.0,0.0,0.0
163,4,38.31387381289437,0.3731836799999999,39.74468237852114,16.147615817176717,0.0,7.0,0.0,0.0,0.0,0.0,38.31387381289437,0.0,0.0,0.0,0.0
163,5,43.402405320877314,0.47648592,45.0232420341051,22.943210213332122,0.0,7.0,0.0,0.0,0.0,0.0,43.402405320877314,0.0,0.0,0.0,0.0
163,6,51.69480824866945,0.5204443200000001,53.625319760030564,29.68399116134869,0.0,7.0,0.0,0.0,0.0,0.0,51.69480824866945,0.0,0.0,0.0,0.0
163,7,48.62226492526702,0.55422288,50.43803415484132,29.623411481359767,0.0,7.0,0.0,0.0,0.0,0.0,48.62226492526702,0.0,0.0,0.0,0.0
163,8,14.8,0.51951888,15.352697095435687,8.484190273858923,0.0,2.0,0.0,0.0,0.0,0.0,14.8,0.0,0.0,0.0,0.0
163,9,0.0,0.49025184,0.0,0.0,0.0,0.0,0.0,0.0,0.0,0.0,0.0,0.0,0.0,0.0,0.0
163,10,0.0,0.46780992,0.0,0.0,0.0,0.0,0.0,0.0,0.0,0.0,0.0,0.0,0.0,0.0,0.0
163,11,0.0,0.4542753599999999,0.0,0.0,0.0,0.0,0.0,0.0,0.0,0.0,0.0,0.0,0.0,0.0,0.0
163,12,0.0,0.4257024,0.0,0.0,0.0,0.0,0.0,0.0,0.0,0.0,0.0,0.0,0.0,0.0,0.0
163,13,0.0,0.3677467199999999,0.0,0.0,0.0,0.0,0.0,0.0,0.0,0.0,0.0,0.0,0.0,0.0,0.0
163,14,0.0,0.33362112,0.0,0.0,0.0,0.0,0.0,0.0,0.0,0.0,0.0,0.0,0.0,0.0,0.0
163,15,0.0,0.33443088,0.0,0.0,0.0,0.0,0.0,0.0,0.0,0.0,0.0,0.0,0.0,0.0,0.0
163,16,0.0,0.38764368,0.0,0.0,0.0,0.0,0.0,0.0,0.0,0.0,0.0,0.0,0.0,0.0,0.0
163,17,0.0,0.42200064,0.0,0.0,0.0,0.0,0.0,0.0,0.0,0.0,0.0,0.0,0.0,0.0,0.0
163,18,0.0,0.42130656,0.0,0.0,0.0,0.0,0.0,0.0,0.0,0.0,0.0,0.0,0.0,0.0,0.0
163,19,0.0,0.3944688,0.0,0.0,0.0,0.0,0.0,0.0,0.0,0.0,0.0,0.0,0.0,0.0,0.0
163,20,0.0,0.26803056,0.0,0.0,0.0,0.0,0.0,0.0,0.0,0.0,0.0,0.0,0.0,0.0,0.0
163,21,44.4,0.20035776,46.05809128630706,10.752618821576764,0.0,6.0,0.0,0.0,0.0,0.0,44.4,0.0,0.0,0.0,0.0
163,22,50.2742497811954,0.11637408,52.15171139128154,7.795329080637327,0.0,7.0,0.0,0.0,0.0,0.0,50.2742497811954,0.0,0.0,0.0,0.0
163,23,51.69480824866946,0.05251872,53.625319760030564,4.591331237444525,0.0,7.0,0.0,0.0,0.0,0.0,51.69480824866946,0.0,0.0,0.0,0.0
164,0,42.70310700385618,0.0937008,44.29782884217446,5.6170001354507955,0.0,7.0,0.0,0.0,0.0,0.0,42.70310700385618,0.0,0.0,0.0,0.0
164,1,43.317112981656415,0.0937008,44.93476450379297,5.69776408689255,0.0,6.0,0.0,0.0,0.0,0.0,43.317112981656415,0.0,0.0,0.0,0.0
164,2,29.6,0.13106544,30.705394190871374,5.040764547717843,0.0,4.0,0.0,0.0,0.0,0.0,29.6,0.0,0.0,0.0,0.0
164,3,39.17276394419302,0.1638028799999999,40.63564724501351,8.001275973207223,0.0,7.0,0.0,0.0,0.0,0.0,39.17276394419302,0.0,0.0,0.0,0.0
164,4,44.294808248669455,0.21319824,45.94897121231272,11.31715073940329,0.0,7.0,0.0,0.0,0.0,0.0,44.294808248669455,0.0,0.0,0.0,0.0
164,5,47.28385110911128,0.48215424,49.04963807999096,25.273033991180803,0.0,7.0,0.0,0.0,0.0,0.0,47.28385110911128,0.0,0.0,0.0,0.0
164,6,48.8888192916393,0.63866928,50.71454283365074,34.06847192489072,0.0,7.0,0.0,0.0,0.0,0.0,48.8888192916393,0.0,0.0,0.0,0.0
164,7,51.69480824866945,0.6467668799999999,53.625319760030564,36.45807883425433,0.0,7.0,0.0,0.0,0.0,0.0,51.69480824866945,0.0,0.0,0.0,0.0
164,8,9.463944648212085,0.64908048,9.817369967024986,6.697218156442689,0.0,4.0,0.0,0.0,0.0,0.0,9.463944648212085,0.0,0.0,0.0,0.0
164,9,14.8,0.6417926399999999,15.352697095435687,10.361422273858922,0.0,2.0,0.0,0.0,0.0,0.0,14.8,0.0,0.0,0.0,0.0
164,10,0.0,0.62686992,0.0,0.0,0.0,0.0,0.0,0.0,0.0,0.0,0.0,0.0,0.0,0.0,0.0
164,11,0.0,0.6297619199999999,0.0,0.0,0.0,0.0,0.0,0.0,0.0,0.0,0.0,0.0,0.0,0.0,0.0
164,12,0.0,0.5807136,0.0,0.0,0.0,0.0,0.0,0.0,0.0,0.0,0.0,0.0,0.0,0.0,0.0
164,13,0.0,0.561048,0.0,0.0,0.0,0.0,0.0,0.0,0.0,0.0,0.0,0.0,0.0,0.0,0.0
164,14,0.0,0.6399417599999999,0.0,0.0,0.0,0.0,0.0,0.0,0.0,0.0,0.0,0.0,0.0,0.0,0.0
164,15,0.0,0.64746096,0.0,0.0,0.0,0.0,0.0,0.0,0.0,0.0,0.0,0.0,0.0,0.0,0.0
164,16,0.0,0.66932448,0.0,0.0,0.0,0.0,0.0,0.0,0.0,0.0,0.0,0.0,0.0,0.0,0.0
164,17,0.0,0.66261504,0.0,0.0,0.0,0.0,0.0,0.0,0.0,0.0,0.0,0.0,0.0,0.0,0.0
164,18,0.0,0.69269184,0.0,0.0,0.0,0.0,0.0,0.0,0.0,0.0,0.0,0.0,0.0,0.0,0.0
164,19,0.0,0.69315456,0.0,0.0,0.0,0.0,0.0,0.0,0.0,0.0,0.0,0.0,0.0,0.0,0.0
164,20,14.8,0.6727948799999999,15.352697095435687,10.83739027385892,0.0,2.0,0.0,0.0,0.0,0.0,14.8,0.0,0.0,0.0,0.0
164,21,47.17571548686204,0.6552115199999999,48.93746419798967,33.68422036706385,0.0,7.0,0.0,0.0,0.0,0.0,47.17571548686204,0.0,0.0,0.0,0.0
164,22,37.0,0.63346368,38.38174273858922,25.583875684647307,0.0,6.0,0.0,0.0,0.0,0.0,37.0,0.0,0.0,0.0,0.0
164,23,7.4,0.6520881599999999,7.6763485477178435,5.259743136929461,0.0,1.0,0.0,0.0,0.0,0.0,7.4,0.0,0.0,0.0,0.0
165,0,51.69480824866946,0.65139408,53.625319760030564,36.70621391384794,0.0,7.0,0.0,0.0,0.0,0.0,51.69480824866946,0.0,0.0,0.0,0.0
165,1,44.29480824866946,0.6507,45.94897121231272,31.419906514979438,0.0,7.0,0.0,0.0,0.0,0.0,44.29480824866946,0.0,0.0,0.0,0.0
165,2,51.69480824866945,0.64792368,53.625319760030585,36.52011260415275,0.0,7.0,0.0,0.0,0.0,0.0,51.69480824866945,0.0,0.0,0.0,0.0
165,3,48.250718110675756,0.6603014399999999,50.0526121480039,34.7065533391874,0.0,7.0,0.0,0.0,0.0,0.0,48.250718110675756,0.0,0.0,0.0,0.0
165,4,47.65560828551933,0.7145553600000001,49.43527830448065,36.960550797436674,0.0,7.0,0.0,0.0,0.0,0.0,47.65560828551933,0.0,0.0,0.0,0.0
165,5,49.69798115675493,0.7571256,51.55392236177899,40.73922923069022,0.0,7.0,0.0,0.0,0.0,0.0,49.69798115675493,0.0,0.0,0.0,0.0
165,6,50.313490506517255,0.81242064,52.192417537880985,44.12976627977636,0.0,7.0,0.0,0.0,0.0,0.0,50.313490506517255,0.0,0.0,0.0,0.0
165,7,34.40093658463037,0.85406544,35.68561886372446,31.659047760908408,0.0,5.0,0.0,0.0,0.0,0.0,34.40093658463037,0.0,0.0,0.0,0.0
165,8,22.200000000000003,0.8291942400000001,23.02904564315353,19.85781341078839,0.0,3.0,0.0,0.0,0.0,0.0,22.200000000000003,0.0,0.0,0.0,0.0
165,9,0.0,0.8103384,0.0,0.0,0.0,0.0,0.0,0.0,0.0,0.0,0.0,0.0,0.0,0.0,0.0
165,10,0.0,0.78188112,0.0,0.0,0.0,0.0,0.0,0.0,0.0,0.0,0.0,0.0,0.0,0.0,0.0
165,11,0.0,0.8087188799999999,0.0,0.0,0.0,0.0,0.0,0.0,0.0,0.0,0.0,0.0,0.0,0.0,0.0
165,12,0.0,0.79055712,0.0,0.0,0.0,0.0,0.0,0.0,0.0,0.0,0.0,0.0,0.0,0.0,0.0
165,13,0.0,0.7919452799999999,0.0,0.0,0.0,0.0,0.0,0.0,0.0,0.0,0.0,0.0,0.0,0.0,0.0
165,14,0.0,0.80987568,0.0,0.0,0.0,0.0,0.0,0.0,0.0,0.0,0.0,0.0,0.0,0.0,0.0
165,15,0.0,0.8258395199999999,0.0,0.0,0.0,0.0,0.0,0.0,0.0,0.0,0.0,0.0,0.0,0.0,0.0
165,16,0.0,0.8567260800000001,0.0,0.0,0.0,0.0,0.0,0.0,0.0,0.0,0.0,0.0,0.0,0.0,0.0
165,17,0.0,0.8360193599999999,0.0,0.0,0.0,0.0,0.0,0.0,0.0,0.0,0.0,0.0,0.0,0.0,0.0
165,18,3.9923208721003576,0.83266464,4.141411693050164,0.0,36.85856406814646,0.0,0.0,0.0,0.0,1.0,0.0,0.0,0.0,0.0,3.9923208721003576
165,19,7.4,0.8102227200000001,7.6763485477178435,6.473639136929462,0.0,1.0,0.0,0.0,0.0,0.0,7.4,0.0,0.0,0.0,0.0
165,20,22.200000000000003,0.7344523199999999,23.02904564315353,17.675997410788383,0.0,3.0,0.0,0.0,0.0,0.0,22.200000000000003,0.0,0.0,0.0,0.0
165,21,3.7779274700555505,0.6673579199999999,3.919011898397874,2.745102922807026,0.0,1.0,0.0,0.0,0.0,0.0,3.7779274700555505,0.0,0.0,0.0,0.0
165,22,50.10310700385618,0.58395264,51.974177389892304,32.07080337026136,0.0,7.0,0.0,0.0,0.0,0.0,50.10310700385618,0.0,0.0,0.0,0.0
165,23,28.337658110324192,0.6090552,29.395910902825925,18.876737044986363,0.0,5.0,0.0,0.0,0.0,0.0,28.337658110324192,0.0,0.0,0.0,0.0
166,0,45.24314083224009,0.56070096,46.932718705643246,27.868693422820918,0.0,7.0,0.0,0.0,0.0,0.0,45.24314083224009,0.0,0.0,0.0,0.0
166,1,39.33912856276334,0.55919712,40.80822465016944,24.170593932608373,0.0,7.0,0.0,0.0,0.0,0.0,39.33912856276334,0.0,0.0,0.0,0.0
166,2,51.69480824866946,0.5814076799999999,53.625319760030564,32.95317083499454,0.0,7.0,0.0,0.0,0.0,0.0,51.69480824866946,0.0,0.0,0.0,0.0
166,3,31.64646648769041,0.6000321599999999,32.82828473826807,20.784642825434695,0.0,5.0,0.0,0.0,0.0,0.0,31.64646648769041,0.0,0.0,0.0,0.0
166,4,51.694808248669474,0.676728,53.625319760030585,38.064753474623,0.0,7.0,0.0,0.0,0.0,0.0,51.694808248669474,0.0,0.0,0.0,0.0
166,5,37.86992168988419,0.70206192,39.284151130585265,28.88021197073124,0.0,7.0,0.0,0.0,0.0,0.0,37.86992168988419,0.0,0.0,0.0,0.0
166,6,42.51639095903795,0.78037728,44.10413999900203,35.877715843127376,0.0,6.0,0.0,0.0,0.0,0.0,42.51639095903795,0.0,0.0,0.0,0.0
166,7,14.8,0.83590368,15.352697095435687,13.341550273858925,0.0,2.0,0.0,0.0,0.0,0.0,14.8,0.0,0.0,0.0,0.0
166,8,44.4,0.8086032,46.05809128630706,38.767242821576765,0.0,6.0,0.0,0.0,0.0,0.0,44.4,0.0,0.0,0.0,0.0
166,9,0.0,0.79287072,0.0,0.0,0.0,0.0,0.0,0.0,0.0,0.0,0.0,0.0,0.0,0.0,0.0
166,10,7.4,0.78350064,7.6763485477178435,6.268511136929462,0.0,1.0,0.0,0.0,0.0,0.0,7.4,0.0,0.0,0.0,0.0
166,11,0.0,0.7874337599999999,0.0,0.0,0.0,0.0,0.0,0.0,0.0,0.0,0.0,0.0,0.0,0.0,0.0
166,12,0.0,0.8114952000000001,0.0,0.0,0.0,0.0,0.0,0.0,0.0,0.0,0.0,0.0,0.0,0.0,0.0
166,13,0.0,0.8090659199999999,0.0,0.0,0.0,0.0,0.0,0.0,0.0,0.0,0.0,0.0,0.0,0.0,0.0
166,14,0.0,0.786624,0.0,0.0,0.0,0.0,0.0,0.0,0.0,0.0,0.0,0.0,0.0,0.0,0.0
166,15,0.0,0.7752873599999999,0.0,0.0,0.0,0.0,0.0,0.0,0.0,0.0,0.0,0.0,0.0,0.0,0.0
166,16,0.0,0.78558288,0.0,0.0,0.0,0.0,0.0,0.0,0.0,0.0,0.0,0.0,0.0,0.0,0.0
166,17,0.0,0.8087188799999999,0.0,0.0,0.0,0.0,0.0,0.0,0.0,0.0,0.0,0.0,0.0,0.0,0.0
166,18,7.4,0.79460592,7.6763485477178435,6.353759136929462,0.0,1.0,0.0,0.0,0.0,0.0,7.4,0.0,0.0,0.0,0.0
166,19,7.4,0.73595616,7.6763485477178435,5.9035431369294615,0.0,1.0,0.0,0.0,0.0,0.0,7.4,0.0,0.0,0.0,0.0
166,20,14.8,0.69951696,15.352697095435687,11.247646273858923,0.0,2.0,0.0,0.0,0.0,0.0,14.8,0.0,0.0,0.0,0.0
166,21,44.586785219492015,0.65752512,46.25185188743986,31.94269075998538,0.0,7.0,0.0,0.0,0.0,0.0,44.586785219492015,0.0,0.0,0.0,0.0
166,22,49.343304838580764,0.5955206399999999,51.18600086989707,32.17657662587525,0.0,7.0,0.0,0.0,0.0,0.0,49.343304838580764,0.0,0.0,0.0,0.0
166,23,49.37296635963828,0.7288996799999999,51.216770082612335,39.027162413584165,0.0,7.0,0.0,0.0,0.0,0.0,49.37296635963828,0.0,0.0,0.0,0.0
167,0,7.4,0.70599504,7.6763485477178435,5.673551136929461,0.0,2.0,0.0,0.0,0.0,0.0,7.4,0.0,0.0,0.0,0.0
167,1,30.134307273302753,0.6939643200000001,31.259654847824436,22.72777969536818,0.0,6.0,0.0,0.0,0.0,0.0,30.134307273302753,0.0,0.0,0.0,0.0
167,2,50.2709433912258,0.6507,52.14828152616785,35.65899490759357,0.0,7.0,0.0,0.0,0.0,0.0,50.2709433912258,0.0,0.0,0.0,0.0
167,3,30.75275816535533,0.70518528,31.90120141634371,23.552187420001715,0.0,5.0,0.0,0.0,0.0,0.0,30.75275816535533,0.0,0.0,0.0,0.0
167,4,14.8,0.73491504,15.352697095435687,11.791102273858924,0.0,3.0,0.0,0.0,0.0,0.0,14.8,0.0,0.0,0.0,0.0
167,5,51.69480824866946,0.7096967999999999,53.625319760030564,39.832715916727466,0.0,7.0,0.0,0.0,0.0,0.0,51.69480824866946,0.0,0.0,0.0,0.0
167,6,51.69480824866946,0.86216304,53.625319760030564,48.00876678933703,0.0,7.0,0.0,0.0,0.0,0.0,51.69480824866946,0.0,0.0,0.0,0.0
167,7,51.002450610483336,1.00167312,52.90710644241011,54.74685160358481,0.0,7.0,0.0,0.0,0.0,0.0,51.002450610483336,0.0,0.0,0.0,0.0
167,8,22.200000000000003,1.00387104,23.02904564315353,23.88045341078838,0.0,3.0,0.0,0.0,0.0,0.0,22.200000000000003,0.0,0.0,0.0,0.0
167,9,0.0,0.90218832,0.0,0.0,0.0,0.0,0.0,0.0,0.0,0.0,0.0,0.0,0.0,0.0,0.0
167,10,0.0,0.7954156800000001,0.0,0.0,0.0,0.0,0.0,0.0,0.0,0.0,0.0,0.0,0.0,0.0,0.0
167,11,0.0,0.7743619199999999,0.0,0.0,0.0,0.0,0.0,0.0,0.0,0.0,0.0,0.0,0.0,0.0,0.0
167,12,0.0,0.7479868799999999,0.0,0.0,0.0,0.0,0.0,0.0,0.0,0.0,0.0,0.0,0.0,0.0,0.0
167,13,0.0,0.7241567999999999,0.0,0.0,0.0,0.0,0.0,0.0,0.0,0.0,0.0,0.0,0.0,0.0,0.0
167,14,0.0,0.7253136000000001,0.0,0.0,0.0,0.0,0.0,0.0,0.0,0.0,0.0,0.0,0.0,0.0,0.0
167,15,0.0,0.74127744,0.0,0.0,0.0,0.0,0.0,0.0,0.0,0.0,0.0,0.0,0.0,0.0,0.0
167,16,0.0,0.7627939199999999,0.0,0.0,0.0,0.0,0.0,0.0,0.0,0.0,0.0,0.0,0.0,0.0,0.0
167,17,0.0,0.7701974399999999,0.0,0.0,0.0,0.0,0.0,0.0,0.0,0.0,0.0,0.0,0.0,0.0,0.0
167,18,0.0,0.7422028799999999,0.0,0.0,0.0,0.0,0.0,0.0,0.0,0.0,0.0,0.0,0.0,0.0,0.0
167,19,7.4,0.69049392,7.6763485477178435,5.554559136929462,0.0,1.0,0.0,0.0,0.0,0.0,7.4,0.0,0.0,0.0,0.0
167,20,14.8,0.6461884800000001,15.352697095435687,10.428910273858923,0.0,2.0,0.0,0.0,0.0,0.0,14.8,0.0,0.0,0.0,0.0
167,21,22.200000000000003,0.5922816000000001,23.02904564315353,14.401941410788385,0.0,3.0,0.0,0.0,0.0,0.0,22.200000000000003,0.0,0.0,0.0,0.0
167,22,51.69480824866946,0.4460620799999999,53.625319760030564,25.69521975688134,0.0,7.0,0.0,0.0,0.0,0.0,51.69480824866946,0.0,0.0,0.0,0.0
167,23,44.4,0.55040544,46.05809128630706,26.87514682157677,0.0,6.0,0.0,0.0,0.0,0.0,44.4,0.0,0.0,0.0,0.0
168,0,42.20716386140995,0.52495584,43.78336500146262,24.43356253391782,0.0,7.0,0.0,0.0,0.0,0.0,42.20716386140995,0.0,0.0,0.0,0.0
168,1,42.703107003856175,0.54577824,44.29782884217446,25.643049195979188,0.0,7.0,0.0,0.0,0.0,0.0,42.703107003856175,0.0,0.0,0.0,0.0
168,2,44.4,0.58152336,46.05809128630706,28.30837882157677,0.0,6.0,0.0,0.0,0.0,0.0,44.4,0.0,0.0,0.0,0.0
168,3,38.48519047489139,0.58406832,39.92239675818609,24.638838537623155,0.0,7.0,0.0,0.0,0.0,0.0,38.48519047489139,0.0,0.0,0.0,0.0
168,4,51.694808248669474,0.59968512,53.625319760030585,33.93330439938933,0.0,7.0,0.0,0.0,0.0,0.0,51.694808248669474,0.0,0.0,0.0,0.0
168,5,43.35827343539381,0.6149548799999999,44.97746206991061,29.147863784420466,0.0,6.0,0.0,0.0,0.0,0.0,43.35827343539382,0.0,0.0,0.0,0.0
168,6,51.69480824866945,0.6325382399999999,53.625319760030564,35.69506346450397,0.0,7.0,0.0,0.0,0.0,0.0,51.69480824866945,0.0,0.0,0.0,0.0
168,7,44.294808248669455,0.64352784,45.94897121231272,31.090353141609338,0.0,7.0,0.0,0.0,0.0,0.0,44.294808248669455,0.0,0.0,0.0,0.0
168,8,46.17436617359701,0.63704976,47.898720097092344,32.09931577737361,0.0,7.0,0.0,0.0,0.0,0.0,46.17436617359701,0.0,0.0,0.0,0.0
168,9,0.0,0.62999328,0.0,0.0,0.0,0.0,0.0,0.0,0.0,0.0,0.0,0.0,0.0,0.0,0.0
168,10,4.634442819659412,0.6227054399999999,4.80751329840188,0.0,42.78686835577673,0.0,0.0,0.0,0.0,1.0,0.0,0.0,0.0,0.0,4.634442819659412
168,11,0.0,0.6398260800000001,0.0,0.0,0.0,0.0,0.0,0.0,0.0,0.0,0.0,0.0,0.0,0.0,0.0
168,12,0.0,0.5598911999999999,0.0,0.0,0.0,0.0,0.0,0.0,0.0,0.0,0.0,0.0,0.0,0.0,0.0
168,13,0.7372381425907911,0.46665312,0.7647698574593269,0.0,6.80645173138801,0.0,0.0,0.0,0.0,1.0,0.0,0.0,0.0,0.0,0.7372381425907911
168,14,0.0,0.6375124799999999,0.0,0.0,0.0,0.0,0.0,0.0,0.0,0.0,0.0,0.0,0.0,0.0,0.0
168,15,0.0,0.6437592,0.0,0.0,0.0,0.0,0.0,0.0,0.0,0.0,0.0,0.0,0.0,0.0,0.0
168,16,0.0,0.66516,0.0,0.0,0.0,0.0,0.0,0.0,0.0,0.0,0.0,0.0,0.0,0.0,0.0
168,17,6.091969675411491,0.68089248,6.319470617646775,0.0,56.243288497056305,0.0,0.0,0.0,0.0,1.0,0.0,0.0,0.0,0.0,6.091969675411491
168,18,0.0,0.668052,0.0,0.0,0.0,0.0,0.0,0.0,0.0,0.0,0.0,0.0,0.0,0.0,0.0
168,19,14.8,0.63068736,15.352697095435687,10.190926273858924,0.0,2.0,0.0,0.0,0.0,0.0,14.8,0.0,0.0,0.0,0.0
168,20,29.6,0.6132196799999999,30.705394190871374,19.845500547717844,0.0,4.0,0.0,0.0,0.0,0.0,29.6,0.0,0.0,0.0,0.0
168,21,38.67995905128125,0.58834848,40.12443884987683,24.9352715341089,0.0,7.0,0.0,0.0,0.0,0.0,38.67995905128125,0.0,0.0,0.0,0.0
168,22,50.570124173586436,0.48863232,52.45863503484071,25.647206222491874,29.377548108564188,7.0,0.0,0.0,0.0,1.0,47.38810660317567,0.0,0.0,0.0,3.182017570410772
168,23,44.579218366216566,0.4320647999999999,46.244002454581505,21.511082152984912,0.0,7.0,0.0,0.0,0.0,0.0,44.579218366216566,0.0,0.0,0.0,0.0
169,0,44.29480824866946,0.28434144,45.94897121231272,14.586107588155098,0.0,7.0,0.0,0.0,0.0,0.0,44.29480824866946,0.0,0.0,0.0,0.0
169,1,43.15231762457218,0.28260624,44.76381496324915,14.132215710103129,0.0,7.0,0.0,0.0,0.0,0.0,43.15231762457218,0.0,0.0,0.0,0.0
169,2,45.8238139923595,0.2804083199999999,47.53507675555965,14.902642054706552,0.0,7.0,0.0,0.0,0.0,0.0,45.8238139923595,0.0,0.0,0.0,0.0
169,3,37.99190090064442,0.3111792,39.41068558158135,13.568279303478363,0.0,6.0,0.0,0.0,0.0,0.0,37.99190090064442,0.0,0.0,0.0,0.0
169,4,51.69480824866945,0.4951104,53.625319760030564,28.32545160057365,0.0,7.0,0.0,0.0,0.0,0.0,51.69480824866945,0.0,0.0,0.0,0.0
169,5,43.549565486923406,0.54924864,45.17589780801184,26.308122649274672,0.0,7.0,0.0,0.0,0.0,0.0,43.549565486923406,0.0,0.0,0.0,0.0
169,6,48.43051810780039,0.58256448,50.23912666784273,30.930445795611533,0.0,7.0,0.0,0.0,0.0,0.0,48.43051810780039,0.0,0.0,0.0,0.0
169,7,51.69480824866945,0.6111374399999999,53.625319760030564,34.54743872138349,0.0,7.0,0.0,0.0,0.0,0.0,51.69480824866945,0.0,0.0,0.0,0.0
169,8,37.23524817880707,0.6353145600000001,38.625776119094475,25.818031149303042,0.0,6.0,0.0,0.0,0.0,0.0,37.23524817880707,0.0,0.0,0.0,0.0
169,9,2.3904731326314645,0.64734528,2.479743913518117,1.687330041562131,0.0,1.0,0.0,0.0,0.0,0.0,2.3904731326314645,0.0,0.0,0.0,0.0
169,10,0.0,0.60570048,0.0,0.0,0.0,0.0,0.0,0.0,0.0,0.0,0.0,0.0,0.0,0.0,0.0
169,11,0.0,0.52969872,0.0,0.0,0.0,0.0,0.0,0.0,0.0,0.0,0.0,0.0,0.0,0.0,0.0
169,12,0.0,0.3481968,0.0,0.0,0.0,0.0,0.0,0.0,0.0,0.0,0.0,0.0,0.0,0.0,0.0
169,13,0.0,0.29833872,0.0,0.0,0.0,0.0,0.0,0.0,0.0,0.0,0.0,0.0,0.0,0.0,0.0
169,14,0.0,0.56660064,0.0,0.0,0.0,0.0,0.0,0.0,0.0,0.0,0.0,0.0,0.0,0.0,0.0
169,15,9.769217467019415,0.6500059199999999,10.134043015580307,0.0,90.19298283866473,0.0,0.0,0.0,0.0,1.0,0.0,0.0,0.0,0.0,9.769217467019415
169,16,0.0,0.6501216000000001,0.0,0.0,0.0,0.0,0.0,0.0,0.0,0.0,0.0,0.0,0.0,0.0,0.0
169,17,0.0,0.659376,0.0,0.0,0.0,0.0,0.0,0.0,0.0,0.0,0.0,0.0,0.0,0.0,0.0
169,18,0.0,0.65810352,0.0,0.0,0.0,0.0,0.0,0.0,0.0,0.0,0.0,0.0,0.0,0.0,0.0
169,19,0.0,0.63762816,0.0,0.0,0.0,0.0,0.0,0.0,0.0,0.0,0.0,0.0,0.0,0.0,0.0
169,20,7.4,0.61958208,7.6763485477178435,5.010215136929462,0.0,1.0,0.0,0.0,0.0,0.0,7.4,0.0,0.0,0.0,0.0
169,21,48.14090370500859,0.59309136,49.93869678942801,31.271180459199556,0.0,7.0,0.0,0.0,0.0,0.0,48.14090370500859,0.0,0.0,0.0,0.0
169,22,51.69480824866945,0.5730787199999999,53.625319760030564,32.506527691726035,0.0,7.0,0.0,0.0,0.0,0.0,51.69480824866945,0.0,0.0,0.0,0.0
169,23,47.504377028810055,0.57076512,49.27839940747932,29.75750657160543,0.0,7.0,0.0,0.0,0.0,0.0,47.504377028810055,0.0,0.0,0.0,0.0
170,0,51.69480824866945,0.5476291200000001,53.625319760030564,31.14178475396117,0.0,7.0,0.0,0.0,0.0,0.0,51.69480824866945,0.0,0.0,0.0,0.0
170,1,48.48836807442787,0.55676784,50.29913700666792,29.669843299987278,0.0,7.0,0.0,0.0,0.0,0.0,48.48836807442787,0.0,0.0,0.0,0.0
170,2,51.69480824866945,0.57654912,53.625319760030564,32.692629001421246,0.0,7.0,0.0,0.0,0.0,0.0,51.69480824866945,0.0,0.0,0.0,0.0
170,3,38.08507668636539,0.61588032,39.50734096095995,25.6394867791929,0.0,6.0,0.0,0.0,0.0,0.0,38.08507668636539,0.0,0.0,0.0,0.0
170,4,44.64627817240159,0.6576408,46.31356656888131,31.990670022642337,0.0,7.0,0.0,0.0,0.0,0.0,44.64627817240159,0.0,0.0,0.0,0.0
170,5,49.63580657517385,0.8400681600000001,51.4894259078567,44.95892727941957,0.0,7.0,0.0,0.0,0.0,0.0,49.63580657517385,0.0,0.0,0.0,0.0
170,6,48.46372965144413,1.0191408,50.2735784766018,52.89991043508225,0.0,7.0,0.0,0.0,0.0,0.0,48.46372965144413,0.0,0.0,0.0,0.0
170,7,32.04805200441533,1.4852155199999997,33.24486722449724,50.47619786729347,0.0,5.0,0.0,0.0,0.0,0.0,32.04805200441533,0.0,0.0,0.0,0.0
170,8,44.4,1.3378392,46.05809128630706,63.14284282157677,0.0,6.0,0.0,0.0,0.0,0.0,44.4,0.0,0.0,0.0,0.0
170,9,0.0,1.11411408,0.0,0.0,0.0,0.0,0.0,0.0,0.0,0.0,0.0,0.0,0.0,0.0,0.0
170,10,0.0,1.0405416,0.0,0.0,0.0,0.0,0.0,0.0,0.0,0.0,0.0,0.0,0.0,0.0,0.0
170,11,0.0,1.01312544,0.0,0.0,0.0,0.0,0.0,0.0,0.0,0.0,0.0,0.0,0.0,0.0,0.0
170,12,0.0,0.99843408,0.0,0.0,0.0,0.0,0.0,0.0,0.0,0.0,0.0,0.0,0.0,0.0,0.0
170,13,0.0,0.98767584,0.0,0.0,0.0,0.0,0.0,0.0,0.0,0.0,0.0,0.0,0.0,0.0,0.0
170,14,0.0,0.98293296,0.0,0.0,0.0,0.0,0.0,0.0,0.0,0.0,0.0,0.0,0.0,0.0,0.0
170,15,0.0,0.97564512,0.0,0.0,0.0,0.0,0.0,0.0,0.0,0.0,0.0,0.0,0.0,0.0,0.0
170,16,0.0,0.9855936,0.0,0.0,0.0,0.0,0.0,0.0,0.0,0.0,0.0,0.0,0.0,0.0,0.0
170,17,0.0,0.9840897599999998,0.0,0.0,0.0,0.0,0.0,0.0,0.0,0.0,0.0,0.0,0.0,0.0,0.0
170,18,0.0,0.97784304,0.0,0.0,0.0,0.0,0.0,0.0,0.0,0.0,0.0,0.0,0.0,0.0,0.0
170,19,0.0,0.97252176,0.0,0.0,0.0,0.0,0.0,0.0,0.0,0.0,0.0,0.0,0.0,0.0,0.0
170,20,7.4,0.8676,7.6763485477178435,6.914087136929462,0.0,1.0,0.0,0.0,0.0,0.0,7.4,0.0,0.0,0.0,0.0
170,21,42.538198788793565,0.723,44.12676222903898,33.364244921376375,0.0,6.0,0.0,0.0,0.0,0.0,42.53819878879357,0.0,0.0,0.0,0.0
170,22,37.0,0.66782064,38.38174273858922,26.902555684647304,0.0,6.0,0.0,0.0,0.0,0.0,37.0,0.0,0.0,0.0,0.0
170,23,43.85084871330646,0.65278224,45.48843227521418,31.199707823012197,0.0,6.0,0.0,0.0,0.0,0.0,43.85084871330646,0.0,0.0,0.0,0.0
171,0,37.0,0.64746096,38.38174273858922,26.121115684647304,0.0,5.0,0.0,0.0,0.0,0.0,37.0,0.0,0.0,0.0,0.0
171,1,46.07914929030428,0.6448003200000001,47.79994739658121,32.40359963612558,0.0,7.0,0.0,0.0,0.0,0.0,46.07914929030428,0.0,0.0,0.0,0.0
171,2,48.33050543003021,0.64005744,50.13537907679482,33.749003432764766,0.0,7.0,0.0,0.0,0.0,0.0,48.33050543003021,0.0,0.0,0.0,0.0
171,3,38.307305609287106,0.6449159999999999,39.737868889301986,26.942910912848973,0.0,6.0,0.0,0.0,0.0,0.0,38.307305609287106,0.0,0.0,0.0,0.0
171,4,37.0,0.64746096,38.38174273858922,26.121115684647304,0.0,5.0,0.0,0.0,0.0,0.0,37.0,0.0,0.0,0.0,0.0
171,5,48.15881899431219,0.68147088,49.95728111443175,35.698018328346876,0.0,7.0,0.0,0.0,0.0,0.0,48.15881899431219,0.0,0.0,0.0,0.0
171,6,50.2360687282227,0.78118704,52.11210448985758,42.434211313216835,0.0,7.0,0.0,0.0,0.0,0.0,50.236068728222705,0.0,0.0,0.0,0.0
171,7,29.6,0.90820368,30.705394190871374,28.903100547717845,0.0,4.0,0.0,0.0,0.0,0.0,29.6,0.0,0.0,0.0,0.0
171,8,14.8,0.7999272000000001,15.352697095435687,12.789214273858924,0.0,2.0,0.0,0.0,0.0,0.0,14.8,0.0,0.0,0.0,0.0
171,9,0.0,0.7524983999999999,0.0,0.0,0.0,0.0,0.0,0.0,0.0,0.0,0.0,0.0,0.0,0.0,0.0
171,10,0.0,0.71802576,0.0,0.0,0.0,0.0,0.0,0.0,0.0,0.0,0.0,0.0,0.0,0.0,0.0
171,11,0.0,0.73479936,0.0,0.0,0.0,0.0,0.0,0.0,0.0,0.0,0.0,0.0,0.0,0.0,0.0
171,12,0.0,0.69037824,0.0,0.0,0.0,0.0,0.0,0.0,0.0,0.0,0.0,0.0,0.0,0.0,0.0
171,13,0.0,0.68066112,0.0,0.0,0.0,0.0,0.0,0.0,0.0,0.0,0.0,0.0,0.0,0.0,0.0
171,14,0.0,0.6874862399999999,0.0,0.0,0.0,0.0,0.0,0.0,0.0,0.0,0.0,0.0,0.0,0.0,0.0
171,15,0.0,0.7131672,0.0,0.0,0.0,0.0,0.0,0.0,0.0,0.0,0.0,0.0,0.0,0.0,0.0
171,16,0.0,0.7455575999999999,0.0,0.0,0.0,0.0,0.0,0.0,0.0,0.0,0.0,0.0,0.0,0.0,0.0
171,17,0.0,0.7935647999999998,0.0,0.0,0.0,0.0,0.0,0.0,0.0,0.0,0.0,0.0,0.0,0.0,0.0
171,18,0.0,0.8171635199999999,0.0,0.0,0.0,0.0,0.0,0.0,0.0,0.0,0.0,0.0,0.0,0.0,0.0
171,19,0.0,0.72508224,0.0,0.0,0.0,0.0,0.0,0.0,0.0,0.0,0.0,0.0,0.0,0.0,0.0
171,20,7.4,0.69650928,7.6763485477178435,5.600735136929462,0.0,1.0,0.0,0.0,0.0,0.0,7.4,0.0,0.0,0.0,0.0
171,21,37.0,0.66249936,38.38174273858922,26.698315684647305,0.0,5.0,0.0,0.0,0.0,0.0,37.0,0.0,0.0,0.0,0.0
171,22,50.607064368582115,0.6461884800000001,52.49695473919307,35.660576589415264,0.0,7.0,0.0,0.0,0.0,0.0,50.607064368582115,0.0,0.0,0.0,0.0
171,23,20.113940689233424,0.64815504,20.865083702524302,14.21444343236654,0.0,4.0,0.0,0.0,0.0,0.0,20.113940689233424,0.0,0.0,0.0,0.0
172,0,34.2009477999873,0.5945952,35.47816161824409,22.269471752596047,0.0,6.0,0.0,0.0,0.0,0.0,34.2009477999873,0.0,0.0,0.0,0.0
172,1,45.22474145537667,0.5548012800000001,46.91363221512104,27.5805844287189,0.0,7.0,0.0,0.0,0.0,0.0,45.22474145537667,0.0,0.0,0.0,0.0
172,2,51.69480824866945,0.55792464,53.625319760030564,31.693885306056952,0.0,7.0,0.0,0.0,0.0,0.0,51.69480824866945,0.0,0.0,0.0,0.0
172,3,47.76905666730755,0.6192350400000001,49.55296334782941,32.32513432762484,0.0,7.0,0.0,0.0,0.0,0.0,47.76905666730755,0.0,0.0,0.0,0.0
172,4,25.284637449299545,0.65486448,26.22887702209497,18.044535741489515,0.0,4.0,0.0,0.0,0.0,0.0,25.284637449299552,0.0,0.0,0.0,0.0
172,5,51.329778085895356,0.6780004799999999,53.246657765451616,37.86372389540836,0.0,7.0,0.0,0.0,0.0,0.0,51.329778085895356,0.0,0.0,0.0,0.0
172,6,44.4,0.7742462400000001,46.05809128630706,37.18482682157678,0.0,6.0,0.0,0.0,0.0,0.0,44.4,0.0,0.0,0.0,0.0
172,7,8.207591638021901,0.8947847999999999,8.51409920956629,7.900103242248574,0.0,3.0,0.0,0.0,0.0,0.0,8.207591638021901,0.0,0.0,0.0,0.0
172,8,0.0,0.803976,0.0,0.0,0.0,0.0,0.0,0.0,0.0,0.0,0.0,0.0,0.0,0.0,0.0
172,9,0.0,0.7351464,0.0,0.0,0.0,0.0,0.0,0.0,0.0,0.0,0.0,0.0,0.0,0.0,0.0
172,10,0.0,0.6848256,0.0,0.0,0.0,0.0,0.0,0.0,0.0,0.0,0.0,0.0,0.0,0.0,0.0
172,11,0.0,0.68551968,0.0,0.0,0.0,0.0,0.0,0.0,0.0,0.0,0.0,0.0,0.0,0.0,0.0
172,12,0.0,0.67510848,0.0,0.0,0.0,0.0,0.0,0.0,0.0,0.0,0.0,0.0,0.0,0.0,0.0
172,13,0.0,0.67314192,0.0,0.0,0.0,0.0,0.0,0.0,0.0,0.0,0.0,0.0,0.0,0.0,0.0
172,14,0.4327102523044637,0.6766123199999999,0.44886955633243125,0.0,3.9949390513586382,0.0,0.0,0.0,0.0,1.0,0.0,0.0,0.0,0.0,0.4327102523044637
172,15,0.0,0.6778848000000001,0.0,0.0,0.0,0.0,0.0,0.0,0.0,0.0,0.0,0.0,0.0,0.0,0.0
172,16,0.0,0.68505696,0.0,0.0,0.0,0.0,0.0,0.0,0.0,0.0,0.0,0.0,0.0,0.0,0.0
172,17,0.0,0.6888743999999999,0.0,0.0,0.0,0.0,0.0,0.0,0.0,0.0,0.0,0.0,0.0,0.0,0.0
172,18,0.0,0.67996704,0.0,0.0,0.0,0.0,0.0,0.0,0.0,0.0,0.0,0.0,0.0,0.0,0.0
172,19,0.0,0.6583348799999998,0.0,0.0,0.0,0.0,0.0,0.0,0.0,0.0,0.0,0.0,0.0,0.0,0.0
172,20,22.200000000000003,0.6450316799999999,23.02904564315353,15.61672541078838,0.0,4.0,0.0,0.0,0.0,0.0,22.200000000000003,0.0,0.0,0.0,0.0
172,21,30.469853045443635,0.5899679999999999,31.607731374941533,19.69376597232207,0.0,6.0,0.0,0.0,0.0,0.0,30.469853045443635,0.0,0.0,0.0,0.0
172,22,44.29480824866946,0.52484016,45.94897121231272,25.636776350033152,0.0,7.0,0.0,0.0,0.0,0.0,44.29480824866946,0.0,0.0,0.0,0.0
172,23,11.06530001891267,0.55318176,11.47852699057331,6.729651006240823,0.0,3.0,0.0,0.0,0.0,0.0,11.06530001891267,0.0,0.0,0.0,0.0
173,0,26.71249718895757,0.52414608,27.71005932464479,15.441321935225755,0.0,7.0,0.0,0.0,0.0,0.0,26.71249718895757,0.0,0.0,0.0,0.0
173,1,13.689325276084904,0.4794936,14.20054489220426,7.279108428256594,0.0,2.0,0.0,0.0,0.0,0.0,13.689325276084904,0.0,0.0,0.0,0.0
173,2,34.85234635514526,0.47509776,36.15388626052413,18.373324012893136,0.0,5.0,0.0,0.0,0.0,0.0,34.85234635514526,0.0,0.0,0.0,0.0
173,3,29.6,0.5246088,30.705394190871374,17.124668547717846,0.0,4.0,0.0,0.0,0.0,0.0,29.6,0.0,0.0,0.0,0.0
173,4,37.64577390536375,0.57678048,39.05163268191261,23.816828484828548,0.0,6.0,0.0,0.0,0.0,0.0,37.64577390536375,0.0,0.0,0.0,0.0
173,5,49.93945159127547,0.5849937599999999,51.80441036439365,32.01998278671104,0.0,7.0,0.0,0.0,0.0,0.0,49.93945159127547,0.0,0.0,0.0,0.0
173,6,37.0,0.6389006399999999,38.38174273858922,25.792555684647304,0.0,5.0,0.0,0.0,0.0,0.0,37.0,0.0,0.0,0.0,0.0
173,7,47.68265118269735,0.68841168,49.46333110238315,35.688371122076724,0.0,7.0,0.0,0.0,0.0,0.0,47.682651182697356,0.0,0.0,0.0,0.0
173,8,22.200000000000003,0.6847099199999999,23.02904564315353,16.530477410788382,0.0,3.0,0.0,0.0,0.0,0.0,22.200000000000003,0.0,0.0,0.0,0.0
173,9,7.4,0.61206288,7.6763485477178435,4.952495136929461,0.0,1.0,0.0,0.0,0.0,0.0,7.4,0.0,0.0,0.0,0.0
173,10,7.4,0.59482656,7.6763485477178435,4.820183136929462,0.0,1.0,0.0,0.0,0.0,0.0,7.4,0.0,0.0,0.0,0.0
173,11,0.0,0.5796724799999999,0.0,0.0,0.0,0.0,0.0,0.0,0.0,0.0,0.0,0.0,0.0,0.0,0.0
173,12,0.0,0.56208912,0.0,0.0,0.0,0.0,0.0,0.0,0.0,0.0,0.0,0.0,0.0,0.0,0.0
173,13,0.0,0.55549536,0.0,0.0,0.0,0.0,0.0,0.0,0.0,0.0,0.0,0.0,0.0,0.0,0.0
173,14,0.0,0.54045696,0.0,0.0,0.0,0.0,0.0,0.0,0.0,0.0,0.0,0.0,0.0,0.0,0.0
173,15,0.0,0.48655008,0.0,0.0,0.0,0.0,0.0,0.0,0.0,0.0,0.0,0.0,0.0,0.0,0.0
173,16,0.0,0.5159328000000001,0.0,0.0,0.0,0.0,0.0,0.0,0.0,0.0,0.0,0.0,0.0,0.0,0.0
173,17,0.0,0.5580403199999999,0.0,0.0,0.0,0.0,0.0,0.0,0.0,0.0,0.0,0.0,0.0,0.0,0.0
173,18,0.0,0.5656752,0.0,0.0,0.0,0.0,0.0,0.0,0.0,0.0,0.0,0.0,0.0,0.0,0.0
173,19,14.8,0.5657908799999999,15.352697095435687,9.194590273858921,0.0,2.0,0.0,0.0,0.0,0.0,14.8,0.0,0.0,0.0,0.0
173,20,14.8,0.56660064,15.352697095435687,9.207022273858923,0.0,2.0,0.0,0.0,0.0,0.0,14.8,0.0,0.0,0.0,0.0
173,21,22.200000000000003,0.54392736,23.02904564315353,13.288389410788383,0.0,3.0,0.0,0.0,0.0,0.0,22.200000000000003,0.0,0.0,0.0,0.0
173,22,49.86979311863245,0.2576193599999999,51.732150538000475,15.039537695831152,0.0,7.0,0.0,0.0,0.0,0.0,49.86979311863245,0.0,0.0,0.0,0.0
173,23,29.6,0.1885584,30.705394190871374,6.806108547717843,0.0,4.0,0.0,0.0,0.0,0.0,29.6,0.0,0.0,0.0,0.0
174,0,22.200000000000003,0.1147545599999999,23.02904564315353,3.4049494107883795,0.0,4.0,0.0,0.0,0.0,0.0,22.200000000000003,0.0,0.0,0.0,0.0
174,1,51.69480824866945,0.0429172799999999,53.625319760030564,4.076450947287771,0.0,7.0,0.0,0.0,0.0,0.0,51.69480824866945,0.0,0.0,0.0,0.0
174,2,51.69480824866946,0.02625936,53.625319760030564,3.183164660750768,0.0,7.0,0.0,0.0,0.0,0.0,51.69480824866946,0.0,0.0,0.0,0.0
174,3,43.351632534954334,0.03921552,44.970573169039774,3.2520703834171583,0.0,6.0,0.0,0.0,0.0,0.0,43.351632534954334,0.0,0.0,0.0,0.0
174,4,37.0,0.12065424,38.38174273858922,5.901355684647304,0.0,5.0,0.0,0.0,0.0,0.0,37.0,0.0,0.0,0.0,0.0
174,5,50.10310700385618,0.20220864,51.974177389892304,12.229972996734308,0.0,7.0,0.0,0.0,0.0,0.0,50.10310700385618,0.0,0.0,0.0,0.0
174,6,44.4,0.36508608,46.05809128630706,18.339690821576767,0.0,6.0,0.0,0.0,0.0,0.0,44.4,0.0,0.0,0.0,0.0
174,7,47.5333240394469,0.2239564799999999,49.308427426812145,12.675050788671783,0.0,7.0,0.0,0.0,0.0,0.0,47.5333240394469,0.0,0.0,0.0,0.0
174,8,22.200000000000003,0.20116752,23.02904564315353,5.394957410788382,0.0,3.0,0.0,0.0,0.0,0.0,22.200000000000003,0.0,0.0,0.0,0.0
174,9,0.0,0.18717024,0.0,0.0,0.0,0.0,0.0,0.0,0.0,0.0,0.0,0.0,0.0,0.0,0.0
174,10,0.0,0.1182249599999999,0.0,0.0,0.0,0.0,0.0,0.0,0.0,0.0,0.0,0.0,0.0,0.0,0.0
174,11,0.0,0.0624672,0.0,0.0,0.0,0.0,0.0,0.0,0.0,0.0,0.0,0.0,0.0,0.0,0.0
174,12,0.0,0.03030816,0.0,0.0,0.0,0.0,0.0,0.0,0.0,0.0,0.0,0.0,0.0,0.0,0.0
174,13,0.0,0.02614368,0.0,0.0,0.0,0.0,0.0,0.0,0.0,0.0,0.0,0.0,0.0,0.0,0.0
174,14,0.0,0.02579664,0.0,0.0,0.0,0.0,0.0,0.0,0.0,0.0,0.0,0.0,0.0,0.0,0.0
174,15,0.0,0.0393312,0.0,0.0,0.0,0.0,0.0,0.0,0.0,0.0,0.0,0.0,0.0,0.0,0.0
174,16,0.0,0.13974144,0.0,0.0,0.0,0.0,0.0,0.0,0.0,0.0,0.0,0.0,0.0,0.0,0.0
174,17,0.0,0.19711872,0.0,0.0,0.0,0.0,0.0,0.0,0.0,0.0,0.0,0.0,0.0,0.0,0.0
174,18,0.0,0.1943424,0.0,0.0,0.0,0.0,0.0,0.0,0.0,0.0,0.0,0.0,0.0,0.0,0.0
174,19,7.4,0.1879799999999999,7.6763485477178435,1.69708713692946,0.0,1.0,0.0,0.0,0.0,0.0,7.4,0.0,0.0,0.0,0.0
174,20,22.200000000000003,0.18589776,23.02904564315353,5.043309410788382,0.0,3.0,0.0,0.0,0.0,0.0,22.200000000000003,0.0,0.0,0.0,0.0
174,21,44.4,0.1723632,46.05809128630706,9.463242821576765,0.0,6.0,0.0,0.0,0.0,0.0,44.4,0.0,0.0,0.0,0.0
174,22,37.0,0.11521728,38.38174273858922,5.692675684647304,0.0,5.0,0.0,0.0,0.0,0.0,37.0,0.0,0.0,0.0,0.0
174,23,51.69480824866946,0.052056,53.625319760030564,4.566517729485163,0.0,7.0,0.0,0.0,0.0,0.0,51.69480824866946,0.0,0.0,0.0,0.0
175,0,51.69480824866945,0.03458832,53.625319760030564,3.6298078040192716,0.0,7.0,0.0,0.0,0.0,0.0,51.69480824866945,0.0,0.0,0.0,0.0
175,1,43.23090654100335,0.02637504,44.84533873548065,2.667178315106261,0.0,7.0,0.0,0.0,0.0,0.0,43.23090654100335,0.0,0.0,0.0,0.0
175,2,44.4,0.02614368,46.05809128630706,2.728650821576763,0.0,6.0,0.0,0.0,0.0,0.0,44.4,0.0,0.0,0.0,0.0
175,3,44.29480824866946,0.0399095999999999,45.94897121231272,3.3547160086224626,0.0,7.0,0.0,0.0,0.0,0.0,44.29480824866946,0.0,0.0,0.0,0.0
175,4,29.6,0.11579568,30.705394190871374,4.571900547717843,0.0,4.0,0.0,0.0,0.0,0.0,29.6,0.0,0.0,0.0,0.0
175,5,29.6,0.19191312,30.705394190871374,6.909116547717843,0.0,4.0,0.0,0.0,0.0,0.0,29.6,0.0,0.0,0.0,0.0
175,6,51.69480824866945,0.21493344,53.625319760030564,13.300872531180357,0.0,7.0,0.0,0.0,0.0,0.0,51.69480824866945,0.0,0.0,0.0,0.0
175,7,50.103107003856174,0.23390496,51.974177389892304,13.8773631550211,0.0,7.0,0.0,0.0,0.0,0.0,50.103107003856174,0.0,0.0,0.0,0.0
175,8,19.254234072945483,0.24686112,19.973271859901956,4.298158273858922,41.12311540374979,2.0,0.0,0.0,0.0,1.0,14.8,0.0,0.0,0.0,4.454234072945482
175,9,7.4,0.2528764799999999,7.6763485477178435,2.19525513692946,0.0,1.0,0.0,0.0,0.0,0.0,7.4,0.0,0.0,0.0,0.0
175,10,0.0,0.25368624,0.0,0.0,0.0,0.0,0.0,0.0,0.0,0.0,0.0,0.0,0.0,0.0,0.0
175,11,0.0,0.1734043199999999,0.0,0.0,0.0,0.0,0.0,0.0,0.0,0.0,0.0,0.0,0.0,0.0,0.0
175,12,0.0,0.0219791999999999,0.0,0.0,0.0,0.0,0.0,0.0,0.0,0.0,0.0,0.0,0.0,0.0,0.0
175,13,0.0,0.0035860799999999,0.0,0.0,0.0,0.0,0.0,0.0,0.0,0.0,0.0,0.0,0.0,0.0,0.0
175,14,0.0,0.11568,0.0,0.0,0.0,0.0,0.0,0.0,0.0,0.0,0.0,0.0,0.0,0.0,0.0
175,15,0.0,0.3183513599999999,0.0,0.0,0.0,0.0,0.0,0.0,0.0,0.0,0.0,0.0,0.0,0.0,0.0
175,16,0.0,0.6014203199999999,0.0,0.0,0.0,0.0,0.0,0.0,0.0,0.0,0.0,0.0,0.0,0.0,0.0
175,17,0.0,0.59008368,0.0,0.0,0.0,0.0,0.0,0.0,0.0,0.0,0.0,0.0,0.0,0.0,0.0
175,18,0.0,0.61391376,0.0,0.0,0.0,0.0,0.0,0.0,0.0,0.0,0.0,0.0,0.0,0.0,0.0
175,19,0.0,0.6016516799999999,0.0,0.0,0.0,0.0,0.0,0.0,0.0,0.0,0.0,0.0,0.0,0.0,0.0
175,20,14.8,0.58256448,15.352697095435687,9.452110273858924,0.0,2.0,0.0,0.0,0.0,0.0,14.8,0.0,0.0,0.0,0.0
175,21,51.69480824866946,0.5240304,53.625319760030585,29.876295848033745,0.0,7.0,0.0,0.0,0.0,0.0,51.69480824866946,0.0,0.0,0.0,0.0
175,22,39.91135378371043,0.4455993600000001,41.40181927770793,19.81902439107445,0.0,7.0,0.0,0.0,0.0,0.0,39.91135378371043,0.0,0.0,0.0,0.0
175,23,50.759390590523104,0.5722689599999999,52.65496949224389,31.875684120351416,0.0,7.0,0.0,0.0,0.0,0.0,50.759390590523104,0.0,0.0,0.0,0.0
176,0,51.69480824866946,0.52854192,53.625319760030564,30.118227550637506,0.0,7.0,0.0,0.0,0.0,0.0,51.69480824866946,0.0,0.0,0.0,0.0
176,1,45.22497420393163,0.4409721599999999,46.91387365553075,22.240561417844553,0.0,7.0,0.0,0.0,0.0,0.0,45.22497420393163,0.0,0.0,0.0,0.0
176,2,31.705633041638002,0.40233504,32.88966083157469,14.321310779783158,0.0,5.0,0.0,0.0,0.0,0.0,31.705633041638002,0.0,0.0,0.0,0.0
176,3,43.1539224322225,0.4933752,44.76547970147562,23.56791487893032,0.0,7.0,0.0,0.0,0.0,0.0,43.1539224322225,0.0,0.0,0.0,0.0
176,4,51.69480824866946,0.5366395199999999,53.625319760030564,30.552463939926323,0.0,7.0,0.0,0.0,0.0,0.0,51.69480824866946,0.0,0.0,0.0,0.0
176,5,51.536456806414556,0.61992912,53.461054778438346,34.91162555623539,0.0,7.0,0.0,0.0,0.0,0.0,51.536456806414556,0.0,0.0,0.0,0.0
176,6,41.93727697443184,0.6460728,43.50339935107037,29.54632554678465,0.0,8.0,0.0,0.0,0.0,0.0,41.93727697443184,0.0,0.0,0.0,0.0
176,7,51.69480824866946,0.624672,53.625319760030564,35.27323382919482,0.0,7.0,0.0,0.0,0.0,0.0,51.69480824866946,0.0,0.0,0.0,0.0
176,8,25.481283526876815,0.3765384,26.43286672912533,10.827917234332133,0.0,4.0,0.0,0.0,0.0,0.0,25.481283526876815,0.0,0.0,0.0,0.0
176,9,0.0,0.1147545599999999,0.0,0.0,0.0,0.0,0.0,0.0,0.0,0.0,0.0,0.0,0.0,0.0,0.0
176,10,0.0,0.00219792,0.0,0.0,0.0,0.0,0.0,0.0,0.0,0.0,0.0,0.0,0.0,0.0,0.0
176,11,0.0,0.0102955199999999,0.0,0.0,0.0,0.0,0.0,0.0,0.0,0.0,0.0,0.0,0.0,0.0,0.0
176,12,0.0,0.01145232,0.0,0.0,0.0,0.0,0.0,0.0,0.0,0.0,0.0,0.0,0.0,0.0,0.0
176,13,2.212845438980809,0.01110528,2.2954828205195117,0.0,20.429797102623656,0.0,0.0,0.0,0.0,1.0,0.0,0.0,0.0,0.0,2.212845438980809
176,14,0.0,0.06397104,0.0,0.0,0.0,0.0,0.0,0.0,0.0,0.0,0.0,0.0,0.0,0.0,0.0
176,15,0.0,0.2504472,0.0,0.0,0.0,0.0,0.0,0.0,0.0,0.0,0.0,0.0,0.0,0.0,0.0
176,16,0.0,0.6851726399999999,0.0,0.0,0.0,0.0,0.0,0.0,0.0,0.0,0.0,0.0,0.0,0.0,0.0
176,17,0.0,0.7160591999999999,0.0,0.0,0.0,0.0,0.0,0.0,0.0,0.0,0.0,0.0,0.0,0.0,0.0
176,18,0.0,0.7114320000000001,0.0,0.0,0.0,0.0,0.0,0.0,0.0,0.0,0.0,0.0,0.0,0.0,0.0
176,19,7.4,0.7003267200000001,7.6763485477178435,5.6300391369294625,0.0,1.0,0.0,0.0,0.0,0.0,7.4,0.0,0.0,0.0,0.0
176,20,26.735836846955962,0.69442704,27.7342705881286,20.177431787540257,0.0,4.0,0.0,0.0,0.0,0.0,26.735836846955962,0.0,0.0,0.0,0.0
176,21,51.69480824866946,0.676728,53.625319760030585,38.06475347462299,0.0,7.0,0.0,0.0,0.0,0.0,51.69480824866946,0.0,0.0,0.0,0.0
176,22,44.80909545597748,0.6507,46.48246416595175,31.784708996677807,0.0,7.0,0.0,0.0,0.0,0.0,44.80909545597748,0.0,0.0,0.0,0.0
176,23,42.80829875518672,0.7507632000000001,44.4069489161688,34.80897307966462,0.0,6.0,0.0,0.0,0.0,0.0,42.80829875518672,0.0,0.0,0.0,0.0
177,0,46.37575264728714,0.69951696,48.1076272274763,35.244463612206914,0.0,7.0,0.0,0.0,0.0,0.0,46.37575264728715,0.0,0.0,0.0,0.0
177,1,44.4,0.6930388799999999,46.05809128630706,33.44457082157676,0.0,6.0,0.0,0.0,0.0,0.0,44.4,0.0,0.0,0.0,0.0
177,2,51.69480824866945,0.6843628799999999,53.625319760030564,38.47417635595244,0.0,7.0,0.0,0.0,0.0,0.0,51.69480824866945,0.0,0.0,0.0,0.0
177,3,14.8,0.6874862399999999,15.352697095435687,11.062942273858921,0.0,2.0,0.0,0.0,0.0,0.0,14.8,0.0,0.0,0.0,0.0
177,4,44.4,0.7514572799999999,46.05809128630706,36.13521082157677,0.0,6.0,0.0,0.0,0.0,0.0,44.4,0.0,0.0,0.0,0.0
177,5,40.07873071232267,0.85637904,41.57544679701522,36.98048850458017,0.0,7.0,0.0,0.0,0.0,0.0,40.07873071232267,0.0,0.0,0.0,0.0
177,6,45.380436856776484,1.50048528,47.07514196761047,72.19374477543764,0.0,7.0,0.0,0.0,0.0,0.0,45.380436856776484,0.0,0.0,0.0,0.0
177,7,29.6,1.39486944,30.705394190871374,43.84636454771784,0.0,4.0,0.0,0.0,0.0,0.0,29.6,0.0,0.0,0.0,0.0
177,8,41.71277284856407,1.1743833599999998,43.27051125369718,52.24842231753207,0.0,6.0,0.0,0.0,0.0,0.0,41.71277284856407,0.0,0.0,0.0,0.0
177,9,14.8,1.0168272,15.352697095435687,16.119214273858923,0.0,2.0,0.0,0.0,0.0,0.0,14.8,0.0,0.0,0.0,0.0
177,10,0.0,0.9416352,0.0,0.0,0.0,0.0,0.0,0.0,0.0,0.0,0.0,0.0,0.0,0.0,0.0
177,11,0.0,0.8666745600000001,0.0,0.0,0.0,0.0,0.0,0.0,0.0,0.0,0.0,0.0,0.0,0.0,0.0
177,12,0.0,0.6963936,0.0,0.0,0.0,0.0,0.0,0.0,0.0,0.0,0.0,0.0,0.0,0.0,0.0
177,13,5.196833581814145,0.613104,5.390906205201396,0.0,47.97906522629242,0.0,0.0,0.0,0.0,1.0,0.0,0.0,0.0,0.0,5.196833581814145
177,14,0.0,0.6449159999999999,0.0,0.0,0.0,0.0,0.0,0.0,0.0,0.0,0.0,0.0,0.0,0.0,0.0
177,15,0.0,0.7467144,0.0,0.0,0.0,0.0,0.0,0.0,0.0,0.0,0.0,0.0,0.0,0.0,0.0
177,16,0.0,0.9404784,0.0,0.0,0.0,0.0,0.0,0.0,0.0,0.0,0.0,0.0,0.0,0.0,0.0
177,17,0.0,1.02237984,0.0,0.0,0.0,0.0,0.0,0.0,0.0,0.0,0.0,0.0,0.0,0.0,0.0
177,18,0.0,1.0406572799999998,0.0,0.0,0.0,0.0,0.0,0.0,0.0,0.0,0.0,0.0,0.0,0.0,0.0
177,19,0.0,0.98223888,0.0,0.0,0.0,0.0,0.0,0.0,0.0,0.0,0.0,0.0,0.0,0.0,0.0
177,20,12.919666137119563,0.80247216,13.402143295767184,11.198457822273705,0.0,2.0,0.0,0.0,0.0,0.0,12.919666137119563,0.0,0.0,0.0,0.0
177,21,29.6,0.7339896,30.705394190871374,23.553788547717847,0.0,4.0,0.0,0.0,0.0,0.0,29.6,0.0,0.0,0.0,0.0
177,22,51.69480824866945,0.65856624,53.625319760030585,37.09082328721805,0.0,7.0,0.0,0.0,0.0,0.0,51.69480824866945,0.0,0.0,0.0,0.0
177,23,44.29480824866946,0.75226704,45.94897121231272,36.08680751205925,0.0,7.0,0.0,0.0,0.0,0.0,44.29480824866946,0.0,0.0,0.0,0.0
178,0,38.93978457278511,0.72369408,40.39396739915468,30.569915395393267,0.0,6.0,0.0,0.0,0.0,0.0,38.93978457278511,0.0,0.0,0.0,0.0
178,1,51.3029815182377,0.73271712,53.2188604960972,40.755914474802935,0.0,7.0,0.0,0.0,0.0,0.0,51.3029815182377,0.0,0.0,0.0,0.0
178,2,41.20031072151391,0.7530767999999999,42.73891153684016,33.600340707516075,0.0,7.0,0.0,0.0,0.0,0.0,41.20031072151391,0.0,0.0,0.0,0.0
178,3,29.6,0.7850044799999999,30.705394190871374,25.120220547717842,0.0,5.0,0.0,0.0,0.0,0.0,29.6,0.0,0.0,0.0,0.0
178,4,44.80378768807382,0.8383329599999999,46.47695818264919,40.50155324090221,0.0,7.0,0.0,0.0,0.0,0.0,44.80378768807382,0.0,0.0,0.0,0.0
178,5,30.057986917201287,1.1798203199999997,31.180484353943243,37.81944306033982,0.0,7.0,0.0,0.0,0.0,0.0,30.057986917201287,0.0,0.0,0.0,0.0
178,6,29.6,1.04088864,30.705394190871374,32.977244547717845,0.0,4.0,0.0,0.0,0.0,0.0,29.6,0.0,0.0,0.0,0.0
178,7,37.0,1.04725104,38.38174273858922,41.4657556846473,0.0,5.0,0.0,0.0,0.0,0.0,37.0,0.0,0.0,0.0,0.0
178,8,10.969861628469998,0.8999903999999999,11.379524510860994,10.618125077649088,0.0,2.0,0.0,0.0,0.0,0.0,10.969861628469998,0.0,0.0,0.0,0.0
178,9,7.4,0.92104416,7.6763485477178435,7.324343136929462,0.0,1.0,0.0,0.0,0.0,0.0,7.4,0.0,0.0,0.0,0.0
178,10,0.0,0.9063528,0.0,0.0,0.0,0.0,0.0,0.0,0.0,0.0,0.0,0.0,0.0,0.0,0.0
178,11,0.0,0.8179732799999999,0.0,0.0,0.0,0.0,0.0,0.0,0.0,0.0,0.0,0.0,0.0,0.0,0.0
178,12,0.0,0.7521513599999999,0.0,0.0,0.0,0.0,0.0,0.0,0.0,0.0,0.0,0.0,0.0,0.0,0.0
178,13,0.0,0.78801216,0.0,0.0,0.0,0.0,0.0,0.0,0.0,0.0,0.0,0.0,0.0,0.0,0.0
178,14,0.0,0.88009344,0.0,0.0,0.0,0.0,0.0,0.0,0.0,0.0,0.0,0.0,0.0,0.0,0.0
178,15,0.0,0.8833324799999999,0.0,0.0,0.0,0.0,0.0,0.0,0.0,0.0,0.0,0.0,0.0,0.0,0.0
178,16,0.0,0.93446304,0.0,0.0,0.0,0.0,0.0,0.0,0.0,0.0,0.0,0.0,0.0,0.0,0.0
178,17,0.0,1.0617110399999998,0.0,0.0,0.0,0.0,0.0,0.0,0.0,0.0,0.0,0.0,0.0,0.0,0.0
178,18,0.0,1.2103598399999995,0.0,0.0,0.0,0.0,0.0,0.0,0.0,0.0,0.0,0.0,0.0,0.0,0.0
178,19,0.0,1.10809872,0.0,0.0,0.0,0.0,0.0,0.0,0.0,0.0,0.0,0.0,0.0,0.0,0.0
178,20,22.200000000000003,1.32465168,23.02904564315353,31.267725410788387,0.0,3.0,0.0,0.0,0.0,0.0,22.200000000000003,0.0,0.0,0.0,0.0
178,21,51.694808248669474,1.06032288,53.625319760030585,58.635151572933545,0.0,7.0,0.0,0.0,0.0,0.0,51.694808248669474,0.0,0.0,0.0,0.0
178,22,50.81389876817454,0.913872,52.71151324499435,49.91632712063879,0.0,7.0,0.0,0.0,0.0,0.0,50.81389876817454,0.0,0.0,0.0,0.0
178,23,30.63685783753626,0.94637808,31.780972860514797,31.12876627794914,0.0,6.0,0.0,0.0,0.0,0.0,30.63685783753626,0.0,0.0,0.0,0.0
179,0,22.200000000000003,0.8851833599999999,23.02904564315353,21.147189410788382,0.0,3.0,0.0,0.0,0.0,0.0,22.200000000000003,0.0,0.0,0.0,0.0
179,1,47.94734641305573,0.86112192,49.737911216862805,44.47673046513259,0.0,7.0,0.0,0.0,0.0,0.0,47.94734641305573,0.0,0.0,0.0,0.0
179,2,9.60518002025151,0.85765152,9.963879689057585,8.87534097812517,0.0,2.0,0.0,0.0,0.0,0.0,9.605180020251511,0.0,0.0,0.0,0.0
179,3,29.6,0.8606592000000001,30.705394190871374,27.443228547717847,0.0,4.0,0.0,0.0,0.0,0.0,29.6,0.0,0.0,0.0,0.0
179,4,29.6,1.06564416,30.705394190871374,33.73737254771784,0.0,4.0,0.0,0.0,0.0,0.0,29.6,0.0,0.0,0.0,0.0
179,5,43.977329564628626,1.34223504,45.61963647783053,62.74228456002251,0.0,7.0,0.0,0.0,0.0,0.0,43.977329564628626,0.0,0.0,0.0,0.0
179,6,51.69480824866946,1.521192,53.625319760030564,83.34940550045744,0.0,7.0,0.0,0.0,0.0,0.0,51.69480824866946,0.0,0.0,0.0,0.0
179,7,40.470628599386444,1.47977856,41.9819798748822,63.51363725906077,0.0,7.0,0.0,0.0,0.0,0.0,40.470628599386444,0.0,0.0,0.0,0.0
179,8,37.0,1.3147031999999998,38.38174273858922,51.731035684647296,0.0,5.0,0.0,0.0,0.0,0.0,37.0,0.0,0.0,0.0,0.0
179,9,7.4,1.17866352,7.6763485477178435,9.301919136929461,0.0,1.0,0.0,0.0,0.0,0.0,7.4,0.0,0.0,0.0,0.0
179,10,0.0,1.1487024,0.0,0.0,0.0,0.0,0.0,0.0,0.0,0.0,0.0,0.0,0.0,0.0,0.0
179,11,0.0,1.17045024,0.0,0.0,0.0,0.0,0.0,0.0,0.0,0.0,0.0,0.0,0.0,0.0,0.0
179,12,0.0,1.12695456,0.0,0.0,0.0,0.0,0.0,0.0,0.0,0.0,0.0,0.0,0.0,0.0,0.0
179,13,0.0,1.10578512,0.0,0.0,0.0,0.0,0.0,0.0,0.0,0.0,0.0,0.0,0.0,0.0,0.0
179,14,0.0,1.10347152,0.0,0.0,0.0,0.0,0.0,0.0,0.0,0.0,0.0,0.0,0.0,0.0,0.0
179,15,0.0,1.1290368000000002,0.0,0.0,0.0,0.0,0.0,0.0,0.0,0.0,0.0,0.0,0.0,0.0,0.0
179,16,0.0,1.23870144,0.0,0.0,0.0,0.0,0.0,0.0,0.0,0.0,0.0,0.0,0.0,0.0,0.0
179,17,0.0,1.4913465599999995,0.0,0.0,0.0,0.0,0.0,0.0,0.0,0.0,0.0,0.0,0.0,0.0,0.0
179,18,0.0,1.79512224,0.0,0.0,0.0,0.0,0.0,0.0,0.0,0.0,0.0,0.0,0.0,0.0,0.0
179,19,14.8,1.92456816,15.352697095435687,30.055486273858925,0.0,2.0,0.0,0.0,0.0,0.0,14.8,0.0,0.0,0.0,0.0
179,20,7.4,1.8231168,7.6763485477178435,14.248967136929462,0.0,1.0,0.0,0.0,0.0,0.0,7.4,0.0,0.0,0.0,0.0
179,21,8.839376524411561,1.61952,9.169477722418632,15.15366227362348,0.0,3.0,0.0,0.0,0.0,0.0,8.839376524411561,0.0,0.0,0.0,0.0
179,22,29.6,1.23291744,30.705394190871374,38.87356454771785,0.0,4.0,0.0,0.0,0.0,0.0,29.6,0.0,0.0,0.0,0.0
179,23,43.0312135226437,1.1568,44.63818830149762,53.11498025995202,0.0,6.0,0.0,0.0,0.0,0.0,43.0312135226437,0.0,0.0,0.0,0.0
180,0,22.600277434330977,1.07455152,23.444271197438773,25.96808262713527,0.0,5.0,0.0,0.0,0.0,0.0,22.600277434330977,0.0,0.0,0.0,0.0
180,1,37.0,1.04158272,38.38174273858922,41.24819568464731,0.0,5.0,0.0,0.0,0.0,0.0,37.0,0.0,0.0,0.0,0.0
180,2,4.628922276407799,1.04042592,4.8017865937840245,5.15484237073566,0.0,2.0,0.0,0.0,0.0,0.0,4.628922276407799,0.0,0.0,0.0,0.0
180,3,37.0,1.046904,38.38174273858922,41.45243568464731,0.0,5.0,0.0,0.0,0.0,0.0,37.0,0.0,0.0,0.0,0.0
180,4,0.0,1.2083932799999997,0.0,0.0,0.0,1.0,0.0,0.0,0.0,0.0,0.0,0.0,0.0,0.0,0.0
180,5,40.1857460344057,1.40909808,41.68645854191464,60.12013047114888,0.0,6.0,0.0,0.0,0.0,0.0,40.1857460344057,0.0,0.0,0.0,0.0
180,6,44.4,1.5102023999999998,46.05809128630706,71.08156282157677,0.0,6.0,0.0,0.0,0.0,0.0,44.4,0.0,0.0,0.0,0.0
180,7,41.00578886530597,1.50742608,42.53712537894811,65.52955101449945,0.0,6.0,0.0,0.0,0.0,0.0,41.00578886530597,0.0,0.0,0.0,0.0
180,8,29.6,1.3463995199999998,30.705394190871374,42.35807654771784,0.0,4.0,0.0,0.0,0.0,0.0,29.6,0.0,0.0,0.0,0.0
180,9,0.0,1.2256296,0.0,0.0,0.0,0.0,0.0,0.0,0.0,0.0,0.0,0.0,0.0,0.0,0.0
180,10,0.0,1.1406047999999998,0.0,0.0,0.0,0.0,0.0,0.0,0.0,0.0,0.0,0.0,0.0,0.0,0.0
180,11,0.0,1.15668432,0.0,0.0,0.0,0.0,0.0,0.0,0.0,0.0,0.0,0.0,0.0,0.0,0.0
180,12,0.0,1.13644032,0.0,0.0,0.0,0.0,0.0,0.0,0.0,0.0,0.0,0.0,0.0,0.0,0.0
180,13,0.0,1.1406047999999998,0.0,0.0,0.0,0.0,0.0,0.0,0.0,0.0,0.0,0.0,0.0,0.0,0.0
180,14,0.0,1.1568,0.0,0.0,0.0,0.0,0.0,0.0,0.0,0.0,0.0,0.0,0.0,0.0,0.0
180,15,0.0,1.16975616,0.0,0.0,0.0,0.0,0.0,0.0,0.0,0.0,0.0,0.0,0.0,0.0,0.0
180,16,0.0,1.2959630400000002,0.0,0.0,0.0,0.0,0.0,0.0,0.0,0.0,0.0,0.0,0.0,0.0,0.0
180,17,0.0,1.51841568,0.0,0.0,0.0,0.0,0.0,0.0,0.0,0.0,0.0,0.0,0.0,0.0,0.0
180,18,0.0,1.92318,0.0,0.0,0.0,0.0,0.0,0.0,0.0,0.0,0.0,0.0,0.0,0.0,0.0
180,19,0.0,1.5055752,0.0,0.0,0.0,0.0,0.0,0.0,0.0,0.0,0.0,0.0,0.0,0.0,0.0
180,20,22.200000000000003,1.3112328,23.02904564315353,30.958701410788382,0.0,3.0,0.0,0.0,0.0,0.0,22.200000000000003,0.0,0.0,0.0,0.0
180,21,7.4,1.1568,7.6763485477178435,9.134087136929463,0.0,1.0,0.0,0.0,0.0,0.0,7.4,0.0,0.0,0.0,0.0
180,22,51.69480824866945,1.11041232,53.625319760030564,61.321213809534385,0.0,7.0,0.0,0.0,0.0,0.0,51.69480824866945,0.0,0.0,0.0,0.0
180,23,51.64842909473792,0.9844368,53.57720860449992,54.51678139635533,0.0,7.0,0.0,0.0,0.0,0.0,51.64842909473792,0.0,0.0,0.0,0.0
181,0,44.4,0.8772014399999999,46.05809128630706,41.926746821576764,0.0,6.0,0.0,0.0,0.0,0.0,44.4,0.0,0.0,0.0,0.0
181,1,44.4,0.85279296,46.05809128630706,40.80253882157677,0.0,6.0,0.0,0.0,0.0,0.0,44.4,0.0,0.0,0.0,0.0
181,2,48.18326530419187,0.83092944,49.98264035704551,43.18647275741944,0.0,7.0,0.0,0.0,0.0,0.0,48.18326530419187,0.0,0.0,0.0,0.0
181,3,7.4,0.83312736,7.6763485477178435,6.6494631369294614,0.0,1.0,0.0,0.0,0.0,0.0,7.4,0.0,0.0,0.0,0.0
181,4,37.0,0.8843736,38.38174273858922,35.214235684647306,0.0,5.0,0.0,0.0,0.0,0.0,37.0,0.0,0.0,0.0,0.0
181,5,38.7010265537151,0.96234192,40.1462931055136,39.96330308983522,0.0,6.0,0.0,0.0,0.0,0.0,38.7010265537151,0.0,0.0,0.0,0.0
181,6,51.69480824866946,1.08114528,53.625319760030564,59.751759431104794,0.0,7.0,0.0,0.0,0.0,0.0,51.69480824866946,0.0,0.0,0.0,0.0
181,7,34.21205815670409,1.13458944,35.48968688454782,41.44093260399299,0.0,5.0,0.0,0.0,0.0,0.0,34.21205815670409,0.0,0.0,0.0,0.0
181,8,22.200000000000003,0.9821232,23.02904564315353,23.37962141078838,0.0,3.0,0.0,0.0,0.0,0.0,22.200000000000003,0.0,0.0,0.0,0.0
181,9,6.963798422764772,0.98304864,7.223857285025698,7.340512755732955,0.0,1.0,0.0,0.0,0.0,0.0,6.963798422764773,0.0,0.0,0.0,0.0
181,10,7.4,0.97552944,7.6763485477178435,7.7425911369294615,0.0,1.0,0.0,0.0,0.0,0.0,7.4,0.0,0.0,0.0,0.0
181,11,0.0,0.94151952,0.0,0.0,0.0,0.0,0.0,0.0,0.0,0.0,0.0,0.0,0.0,0.0,0.0
181,12,0.0,0.92555568,0.0,0.0,0.0,0.0,0.0,0.0,0.0,0.0,0.0,0.0,0.0,0.0,0.0
181,13,0.0,0.9156072,0.0,0.0,0.0,0.0,0.0,0.0,0.0,0.0,0.0,0.0,0.0,0.0,0.0
181,14,0.0,0.8825227200000001,0.0,0.0,0.0,0.0,0.0,0.0,0.0,0.0,0.0,0.0,0.0,0.0,0.0
181,15,0.0,0.80594256,0.0,0.0,0.0,0.0,0.0,0.0,0.0,0.0,0.0,0.0,0.0,0.0,0.0
181,16,0.0,0.7970352,0.0,0.0,0.0,0.0,0.0,0.0,0.0,0.0,0.0,0.0,0.0,0.0,0.0
181,17,0.0,0.79981152,0.0,0.0,0.0,0.0,0.0,0.0,0.0,0.0,0.0,0.0,0.0,0.0,0.0
181,18,0.0,0.7896316800000001,0.0,0.0,0.0,0.0,0.0,0.0,0.0,0.0,0.0,0.0,0.0,0.0,0.0
181,19,7.4,0.7472928,7.6763485477178435,5.990567136929461,0.0,1.0,0.0,0.0,0.0,0.0,7.4,0.0,0.0,0.0,0.0
181,20,22.200000000000003,0.69616224,23.02904564315353,16.794213410788384,0.0,3.0,0.0,0.0,0.0,0.0,22.200000000000003,0.0,0.0,0.0,0.0
181,21,22.200000000000003,0.65451744,23.02904564315353,15.835173410788386,0.0,3.0,0.0,0.0,0.0,0.0,22.200000000000003,0.0,0.0,0.0,0.0
181,22,44.4,0.4621416,46.05809128630706,22.809882821576767,0.0,6.0,0.0,0.0,0.0,0.0,44.4,0.0,0.0,0.0,0.0
181,23,44.4,0.25877616,46.05809128630706,13.443258821576764,0.0,6.0,0.0,0.0,0.0,0.0,44.4,0.0,0.0,0.0,0.0
182,0,42.20162179008643,0.23702832,43.77761596481995,11.825573854181995,0.0,7.0,0.0,0.0,0.0,0.0,42.20162179008643,0.0,0.0,0.0,0.0
182,1,22.245574808717087,0.23332656,23.07632241568163,6.148145198660947,0.0,4.0,0.0,0.0,0.0,0.0,22.245574808717087,0.0,0.0,0.0,0.0
182,2,51.694808248669474,0.2308972799999999,53.625319760030585,14.156938555778323,0.0,7.0,0.0,0.0,0.0,0.0,51.694808248669474,0.0,0.0,0.0,0.0
182,3,36.48239317483161,0.22869936,37.84480619795811,9.907746041949466,0.0,5.0,0.0,0.0,0.0,0.0,36.48239317483161,0.0,0.0,0.0,0.0
182,4,47.54235115738148,0.2330952,49.31779165703474,13.128159413702695,0.0,7.0,0.0,0.0,0.0,0.0,47.54235115738148,0.0,0.0,0.0,0.0
182,5,50.10310700385618,0.32344128,51.974177389892304,18.530939733539263,0.0,7.0,0.0,0.0,0.0,0.0,50.10310700385618,0.0,0.0,0.0,0.0
182,6,47.09892476785607,0.45508512,48.857805775784314,23.851653775587955,0.0,7.0,0.0,0.0,0.0,0.0,47.09892476785607,0.0,0.0,0.0,0.0
182,7,51.69480824866946,0.2922076799999999,53.625319760030564,17.444728360393697,0.0,7.0,0.0,0.0,0.0,0.0,51.69480824866946,0.0,0.0,0.0,0.0
182,8,32.395496714389274,0.34033056,33.60528704812166,12.549241161340817,0.0,5.0,0.0,0.0,0.0,0.0,32.395496714389274,0.0,0.0,0.0,0.0
182,9,11.14981803389933,0.34553616,11.566201279978559,4.379382038438167,0.0,2.0,0.0,0.0,0.0,0.0,11.14981803389933,0.0,0.0,0.0,0.0
182,10,0.0,0.28468848,0.0,0.0,0.0,0.0,0.0,0.0,0.0,0.0,0.0,0.0,0.0,0.0,0.0
182,11,0.14448324847932092,0.19468944,0.14987888846402586,0.0,1.3339221073298302,0.0,0.0,0.0,0.0,1.0,0.0,0.0,0.0,0.0,0.14448324847932092
182,12,0.0,0.0512462399999999,0.0,0.0,0.0,0.0,0.0,0.0,0.0,0.0,0.0,0.0,0.0,0.0,0.0
182,13,0.0,0.00080976,0.0,0.0,0.0,0.0,0.0,0.0,0.0,0.0,0.0,0.0,0.0,0.0,0.0
182,14,0.0,0.01145232,0.0,0.0,0.0,0.0,0.0,0.0,0.0,0.0,0.0,0.0,0.0,0.0,0.0
182,15,4.742648401597427,0.1465665599999999,4.919759752694427,0.0,43.7858617989804,0.0,0.0,0.0,0.0,1.0,0.0,0.0,0.0,0.0,4.742648401597427
182,16,0.0,0.6061632,0.0,0.0,0.0,0.0,0.0,0.0,0.0,0.0,0.0,0.0,0.0,0.0,0.0
182,17,0.0,0.64595712,0.0,0.0,0.0,0.0,0.0,0.0,0.0,0.0,0.0,0.0,0.0,0.0,0.0
182,18,0.9838444996732542,0.67314192,1.0205855805739152,0.0,9.083211667107847,0.0,0.0,0.0,0.0,1.0,0.0,0.0,0.0,0.0,0.9838444996732542
182,19,7.4,0.6463041599999999,7.6763485477178435,5.2153431369294605,0.0,2.0,0.0,0.0,0.0,0.0,7.4,0.0,0.0,0.0,0.0
182,20,22.200000000000003,0.64283376,23.02904564315353,15.566109410788386,0.0,3.0,0.0,0.0,0.0,0.0,22.200000000000003,0.0,0.0,0.0,0.0
182,21,51.694808248669474,0.63762816,53.62531976003058,35.968012052056956,0.0,8.0,0.0,0.0,0.0,0.0,51.694808248669474,0.0,0.0,0.0,0.0
182,22,46.91549140839367,0.5244931199999999,48.66752220787726,27.13667555055957,0.0,7.0,0.0,0.0,0.0,0.0,46.91549140839367,0.0,0.0,0.0,0.0
182,23,51.69480824866946,0.1902936,53.625319760030564,11.979553232344363,0.0,7.0,0.0,0.0,0.0,0.0,51.69480824866946,0.0,0.0,0.0,0.0
183,0,46.973545012041946,0.03667056,48.72774378842526,3.399761971654951,0.0,7.0,0.0,0.0,0.0,0.0,46.973545012041946,0.0,0.0,0.0,0.0
183,1,51.69480824866945,0.00011568,53.625319760030585,1.7812014610468527,0.0,7.0,0.0,0.0,0.0,0.0,51.69480824866945,0.0,0.0,0.0,0.0
183,2,51.69480824866946,0.0,53.625319760030585,1.7749980840570123,0.0,7.0,0.0,0.0,0.0,0.0,51.69480824866946,0.0,0.0,0.0,0.0
183,3,51.06127126863993,-0.0003470399999999,52.968123722655534,1.7348628375631927,0.0,7.0,0.0,0.0,0.0,0.0,51.06127126863993,0.0,0.0,0.0,0.0
183,4,47.53394183214153,-0.0005784,49.30906829060325,1.6036097953196828,0.0,8.0,0.0,0.0,0.0,0.0,47.53394183214153,0.0,0.0,0.0,0.0
183,5,51.05982540335558,-0.0005784,52.96662386240206,1.7225593546034947,0.0,7.0,0.0,0.0,0.0,0.0,51.05982540335558,0.0,0.0,0.0,0.0
183,6,45.83258090666895,-0.005784,47.544171065009294,1.2987165768117939,0.0,7.0,0.0,0.0,0.0,0.0,45.83258090666895,0.0,0.0,0.0,0.0
183,7,51.69480824866945,-0.0341256,53.625319760030564,-0.05499812794588743,0.0,7.0,0.0,0.0,0.0,0.0,51.69480824866945,0.0,0.0,0.0,0.0
183,8,33.28994153738291,-0.05818704,34.53313437487854,-0.8663341233879531,0.0,5.0,0.0,0.0,0.0,0.0,33.28994153738291,0.0,0.0,0.0,0.0
183,9,12.8288432036127,-0.04904832,13.307928634453008,-0.21223910439941962,0.0,2.0,0.0,0.0,0.0,0.0,12.8288432036127,0.0,0.0,0.0,0.0
183,10,0.0,-0.03551376,0.0,0.0,0.0,0.0,0.0,0.0,0.0,0.0,0.0,0.0,0.0,0.0,0.0
183,11,0.0,-0.02892,0.0,0.0,0.0,0.0,0.0,0.0,0.0,0.0,0.0,0.0,0.0,0.0,0.0
183,12,0.0,-0.04870128,0.0,0.0,0.0,0.0,0.0,0.0,0.0,0.0,0.0,0.0,0.0,0.0,0.0
183,13,0.04492069621979981,-0.07658016,0.046598232593153335,0.0,0.4147242700790647,0.0,0.0,0.0,0.0,1.0,0.0,0.0,0.0,0.0,0.04492069621979981
183,14,3.3999733662272984,-0.0704491199999999,3.5269433259619283,0.0,31.389795601061163,0.0,0.0,0.0,0.0,1.0,0.0,0.0,0.0,0.0,3.3999733662272984
183,15,0.0,-0.04962672,0.0,0.0,0.0,0.0,0.0,0.0,0.0,0.0,0.0,0.0,0.0,0.0,0.0
183,16,0.0,-0.01237776,0.0,0.0,0.0,0.0,0.0,0.0,0.0,0.0,0.0,0.0,0.0,0.0,0.0
183,17,1.429982708831947,0.0,1.4833845527302356,0.0,13.202122519299097,0.0,0.0,0.0,0.0,1.0,0.0,0.0,0.0,0.0,1.429982708831947
183,18,3.8210822070966577,0.0574929599999999,3.9637782231293133,0.0,35.27762618585089,0.0,0.0,0.0,0.0,1.0,0.0,0.0,0.0,0.0,3.8210822070966577
183,19,26.841625137683195,0.32934096,27.84400947892448,8.346669410788383,42.85317813836146,3.0,0.0,0.0,0.0,1.0,22.200000000000003,0.0,0.0,0.0,4.641625137683195
183,20,29.6,0.32714304,30.705394190871374,11.061404547717844,0.0,4.0,0.0,0.0,0.0,0.0,29.6,0.0,0.0,0.0,0.0
183,21,24.231146559760667,0.24674544,25.136044149129326,7.034207334772521,0.0,5.0,0.0,0.0,0.0,0.0,24.231146559760667,0.0,0.0,0.0,0.0
183,22,29.6,0.19468944,30.705394190871374,6.994364547717843,0.0,4.0,0.0,0.0,0.0,0.0,29.6,0.0,0.0,0.0,0.0
183,23,41.40633668887476,0.248712,42.952631419994574,12.104566965731511,0.0,6.0,0.0,0.0,0.0,0.0,41.40633668887476,0.0,0.0,0.0,0.0
184,0,50.64982156866151,0.23101296,52.54130868118414,13.87684055806124,0.0,7.0,0.0,0.0,0.0,0.0,50.64982156866151,0.0,0.0,0.0,0.0
184,1,51.69480824866945,0.20521632,53.625319760030564,12.779788864033767,0.0,7.0,0.0,0.0,0.0,0.0,51.69480824866945,0.0,0.0,0.0,0.0
184,2,42.89447636966843,0.11487024,44.49634478181374,6.584134816487726,0.0,6.0,0.0,0.0,0.0,0.0,42.89447636966844,0.0,0.0,0.0,0.0
184,3,47.741401351699835,0.11463888,49.52427526109941,7.316660959886535,0.0,7.0,0.0,0.0,0.0,0.0,47.741401351699835,0.0,0.0,0.0,0.0
184,4,48.32271333343343,0.20787696,50.127295989038835,12.07952340045877,0.0,7.0,0.0,0.0,0.0,0.0,48.322713333433434,0.0,0.0,0.0,0.0
184,5,44.4,0.46202592,46.05809128630706,22.80455482157677,0.0,6.0,0.0,0.0,0.0,0.0,44.4,0.0,0.0,0.0,0.0
184,6,44.29480824866946,0.6397103999999999,45.94897121231272,30.914945700944603,0.0,7.0,0.0,0.0,0.0,0.0,44.29480824866946,0.0,0.0,0.0,0.0
184,7,40.015896735635195,0.66701088,41.51026632327303,29.061789084621047,0.0,6.0,0.0,0.0,0.0,0.0,40.015896735635195,0.0,0.0,0.0,0.0
184,8,29.6,0.48192288,30.705394190871374,15.813980547717843,0.0,4.0,0.0,0.0,0.0,0.0,29.6,0.0,0.0,0.0,0.0
184,9,7.4,0.24362208,7.6763485477178435,2.1242151369294606,0.0,1.0,0.0,0.0,0.0,0.0,7.4,0.0,0.0,0.0,0.0
184,10,0.0,0.2007048,0.0,0.0,0.0,0.0,0.0,0.0,0.0,0.0,0.0,0.0,0.0,0.0,0.0
184,11,0.0,0.190872,0.0,0.0,0.0,0.0,0.0,0.0,0.0,0.0,0.0,0.0,0.0,0.0,0.0
184,12,0.0,0.17051232,0.0,0.0,0.0,0.0,0.0,0.0,0.0,0.0,0.0,0.0,0.0,0.0,0.0
184,13,0.0,0.12828912,0.0,0.0,0.0,0.0,0.0,0.0,0.0,0.0,0.0,0.0,0.0,0.0,0.0
184,14,0.0,0.11556432,0.0,0.0,0.0,0.0,0.0,0.0,0.0,0.0,0.0,0.0,0.0,0.0,0.0
184,15,0.0,0.19792848,0.0,0.0,0.0,0.0,0.0,0.0,0.0,0.0,0.0,0.0,0.0,0.0,0.0
184,16,0.0,0.25403328,0.0,0.0,0.0,0.0,0.0,0.0,0.0,0.0,0.0,0.0,0.0,0.0,0.0
184,17,0.0,0.60732,0.0,0.0,0.0,0.0,0.0,0.0,0.0,0.0,0.0,0.0,0.0,0.0,0.0
184,18,0.0,0.6547487999999999,0.0,0.0,0.0,0.0,0.0,0.0,0.0,0.0,0.0,0.0,0.0,0.0,0.0
184,19,7.4,0.62328384,7.6763485477178435,5.038631136929462,0.0,1.0,0.0,0.0,0.0,0.0,7.4,0.0,0.0,0.0,0.0
184,20,6.573137584351628,0.59193456,6.818607452646918,4.261865308977887,0.0,1.0,0.0,0.0,0.0,0.0,6.573137584351629,0.0,0.0,0.0,0.0
184,21,22.200000000000003,0.52484016,23.02904564315353,12.848829410788383,0.0,4.0,0.0,0.0,0.0,0.0,22.200000000000003,0.0,0.0,0.0,0.0
184,22,23.04755983200796,0.4274376,23.908257087145188,11.010651339096835,0.0,5.0,0.0,0.0,0.0,0.0,23.04755983200796,0.0,0.0,0.0,0.0
184,23,50.22620376265474,0.2625936,52.10187112308583,15.406189839121293,0.0,7.0,0.0,0.0,0.0,0.0,50.22620376265474,0.0,0.0,0.0,0.0
185,0,39.34734335343188,0.24905904,40.81674621725299,11.516813928583737,0.0,6.0,0.0,0.0,0.0,0.0,39.34734335343188,0.0,0.0,0.0,0.0
185,1,34.29180296551273,0.23136,35.572409715262175,9.407479473298235,0.0,5.0,0.0,0.0,0.0,0.0,34.29180296551273,0.0,0.0,0.0,0.0
185,2,51.69480824866945,0.2290464,53.625319760030564,14.057684523940877,0.0,7.0,0.0,0.0,0.0,0.0,51.69480824866945,0.0,0.0,0.0,0.0
185,3,22.200000000000003,0.25067856,23.02904564315353,6.5351494107883825,0.0,3.0,0.0,0.0,0.0,0.0,22.200000000000003,0.0,0.0,0.0,0.0
185,4,44.4,0.2886216,46.05809128630706,14.817882821576763,0.0,6.0,0.0,0.0,0.0,0.0,44.4,0.0,0.0,0.0,0.0
185,5,42.19525461276849,0.54358032,43.77101100909595,25.241880635448975,0.0,6.0,0.0,0.0,0.0,0.0,42.19525461276849,0.0,0.0,0.0,0.0
185,6,48.323256907088656,0.7339896,50.12785986212517,38.45255997049365,0.0,7.0,0.0,0.0,0.0,0.0,48.323256907088656,0.0,0.0,0.0,0.0
185,7,29.6,0.75087888,30.705394190871374,24.07238054771785,0.0,4.0,0.0,0.0,0.0,0.0,29.6,0.0,0.0,0.0,0.0
185,8,29.6,0.71710032,30.705394190871374,23.035196547717845,0.0,4.0,0.0,0.0,0.0,0.0,29.6,0.0,0.0,0.0,0.0
185,9,7.4,0.4297512,7.6763485477178435,3.553007136929461,0.0,1.0,0.0,0.0,0.0,0.0,7.4,0.0,0.0,0.0,0.0
185,10,0.0,0.2726577599999999,0.0,0.0,0.0,0.0,0.0,0.0,0.0,0.0,0.0,0.0,0.0,0.0,0.0
185,11,0.0,0.27982992,0.0,0.0,0.0,0.0,0.0,0.0,0.0,0.0,0.0,0.0,0.0,0.0,0.0
185,12,0.0,0.27601248,0.0,0.0,0.0,0.0,0.0,0.0,0.0,0.0,0.0,0.0,0.0,0.0,0.0
185,13,0.0,0.27485568,0.0,0.0,0.0,0.0,0.0,0.0,0.0,0.0,0.0,0.0,0.0,0.0,0.0
185,14,0.0,0.45369696,0.0,0.0,0.0,0.0,0.0,0.0,0.0,0.0,0.0,0.0,0.0,0.0,0.0
185,15,0.0,0.59274432,0.0,0.0,0.0,0.0,0.0,0.0,0.0,0.0,0.0,0.0,0.0,0.0,0.0
185,16,0.0,0.62189568,0.0,0.0,0.0,0.0,0.0,0.0,0.0,0.0,0.0,0.0,0.0,0.0,0.0
185,17,0.0,0.63693408,0.0,0.0,0.0,0.0,0.0,0.0,0.0,0.0,0.0,0.0,0.0,0.0,0.0
185,18,0.0,0.728784,0.0,0.0,0.0,0.0,0.0,0.0,0.0,0.0,0.0,0.0,0.0,0.0,0.0
185,19,0.0,0.70553232,0.0,0.0,0.0,0.0,0.0,0.0,0.0,0.0,0.0,0.0,0.0,0.0,0.0
185,20,7.4,0.64746096,7.6763485477178435,5.224223136929461,0.0,1.0,0.0,0.0,0.0,0.0,7.4,0.0,0.0,0.0,0.0
185,21,29.6,0.6339263999999999,30.705394190871374,20.48130854771784,0.0,4.0,0.0,0.0,0.0,0.0,29.6,0.0,0.0,0.0,0.0
185,22,44.4,0.5784,46.05809128630706,28.164522821576767,0.0,6.0,0.0,0.0,0.0,0.0,44.4,0.0,0.0,0.0,0.0
185,23,29.649840855206698,0.50471184,30.75709632282853,16.541530566437647,0.0,5.0,0.0,0.0,0.0,0.0,29.649840855206698,0.0,0.0,0.0,0.0
186,0,51.69480824866945,0.39990576,53.625319760030564,23.22007233793505,0.0,7.0,0.0,0.0,0.0,0.0,51.69480824866945,0.0,0.0,0.0,0.0
186,1,44.38229580915378,0.35548464,46.03972594310559,17.890330331300348,0.0,6.0,0.0,0.0,0.0,0.0,44.38229580915378,0.0,0.0,0.0,0.0
186,2,44.4,0.34692432,46.05809128630706,17.503194821576766,0.0,6.0,0.0,0.0,0.0,0.0,44.4,0.0,0.0,0.0,0.0
186,3,51.69480824866945,0.36913488,53.625319760030564,21.569974058637527,0.0,7.0,0.0,0.0,0.0,0.0,51.69480824866945,0.0,0.0,0.0,0.0
186,4,14.8,0.44721888,15.352697095435687,7.374190273858923,0.0,2.0,0.0,0.0,0.0,0.0,14.8,0.0,0.0,0.0,0.0
186,5,51.69480824866946,0.53837472,53.625319760030564,30.645514594773932,0.0,7.0,0.0,0.0,0.0,0.0,51.69480824866946,0.0,0.0,0.0,0.0
186,6,38.173390976844566,0.63716544,39.59895329548192,26.54180985413564,0.0,7.0,0.0,0.0,0.0,0.0,38.173390976844566,0.0,0.0,0.0,0.0
186,7,47.118948192550256,0.6732576,48.878576963226415,34.5257543151599,0.0,7.0,0.0,0.0,0.0,0.0,47.118948192550256,0.0,0.0,0.0,0.0
186,8,7.4,0.7210334399999999,7.6763485477178435,5.788991136929461,0.0,2.0,0.0,0.0,0.0,0.0,7.4,0.0,0.0,0.0,0.0
186,9,0.0,0.7186041599999999,0.0,0.0,0.0,0.0,0.0,0.0,0.0,0.0,0.0,0.0,0.0,0.0,0.0
186,10,0.0,0.57284736,0.0,0.0,0.0,0.0,0.0,0.0,0.0,0.0,0.0,0.0,0.0,0.0,0.0
186,11,0.0,0.53016144,0.0,0.0,0.0,0.0,0.0,0.0,0.0,0.0,0.0,0.0,0.0,0.0,0.0
186,12,0.0,0.5205599999999999,0.0,0.0,0.0,0.0,0.0,0.0,0.0,0.0,0.0,0.0,0.0,0.0,0.0
186,13,0.0,0.49904352,0.0,0.0,0.0,0.0,0.0,0.0,0.0,0.0,0.0,0.0,0.0,0.0,0.0
186,14,0.0,0.4794936,0.0,0.0,0.0,0.0,0.0,0.0,0.0,0.0,0.0,0.0,0.0,0.0,0.0
186,15,0.0,0.45369696,0.0,0.0,0.0,0.0,0.0,0.0,0.0,0.0,0.0,0.0,0.0,0.0,0.0
186,16,0.0,0.5506368,0.0,0.0,0.0,0.0,0.0,0.0,0.0,0.0,0.0,0.0,0.0,0.0,0.0
186,17,0.0,0.68170224,0.0,0.0,0.0,0.0,0.0,0.0,0.0,0.0,0.0,0.0,0.0,0.0,0.0
186,18,0.0,0.7794518399999999,0.0,0.0,0.0,0.0,0.0,0.0,0.0,0.0,0.0,0.0,0.0,0.0,0.0
186,19,0.0,0.723,0.0,0.0,0.0,0.0,0.0,0.0,0.0,0.0,0.0,0.0,0.0,0.0,0.0
186,20,7.4,0.64734528,7.6763485477178435,5.223335136929462,0.0,1.0,0.0,0.0,0.0,0.0,7.4,0.0,0.0,0.0,0.0
186,21,44.4,0.6009576,46.05809128630706,29.203482821576767,0.0,6.0,0.0,0.0,0.0,0.0,44.4,0.0,0.0,0.0,0.0
186,22,37.0,0.53247504,38.38174273858922,21.707755684647307,0.0,5.0,0.0,0.0,0.0,0.0,37.0,0.0,0.0,0.0,0.0
186,23,45.47466002966547,0.46896672,47.172883848200705,23.683935066607106,0.0,7.0,0.0,0.0,0.0,0.0,45.47466002966547,0.0,0.0,0.0,0.0
187,0,29.6,0.4314864,30.705394190871374,14.265308547717845,0.0,5.0,0.0,0.0,0.0,0.0,29.6,0.0,0.0,0.0,0.0
187,1,22.002726331243146,0.42558672,22.824404907928574,10.46925142316966,0.0,4.0,0.0,0.0,0.0,0.0,22.002726331243146,0.0,0.0,0.0,0.0
187,2,37.125440247659704,0.42790032,38.51186747682542,17.753983230614114,0.0,6.0,0.0,0.0,0.0,0.0,37.125440247659704,0.0,0.0,0.0,0.0
187,3,29.3156424934455,0.4784524799999999,30.41041752432107,15.556524502401897,0.0,4.0,0.0,0.0,0.0,0.0,29.3156424934455,0.0,0.0,0.0,0.0
187,4,28.113490506517262,0.54126672,29.163371894727455,16.750470259314792,0.0,5.0,0.0,0.0,0.0,0.0,28.113490506517262,0.0,0.0,0.0,0.0
187,5,44.4,0.63785952,46.05809128630706,30.903114821576768,0.0,6.0,0.0,0.0,0.0,0.0,44.4,0.0,0.0,0.0,0.0
187,6,51.69480824866946,0.71686896,53.625319760030564,40.21732529009758,0.0,7.0,0.0,0.0,0.0,0.0,51.69480824866946,0.0,0.0,0.0,0.0
187,7,51.69480824866945,0.74359104,53.625319760030564,41.65030537475069,0.0,7.0,0.0,0.0,0.0,0.0,51.69480824866945,0.0,0.0,0.0,0.0
187,8,22.200000000000003,0.73364256,23.02904564315353,17.657349410788388,0.0,4.0,0.0,0.0,0.0,0.0,22.200000000000003,0.0,0.0,0.0,0.0
187,9,7.4,0.7251979199999999,7.6763485477178435,5.820959136929461,0.0,1.0,0.0,0.0,0.0,0.0,7.4,0.0,0.0,0.0,0.0
187,10,0.0,0.6977817599999999,0.0,0.0,0.0,0.0,0.0,0.0,0.0,0.0,0.0,0.0,0.0,0.0,0.0
187,11,0.0,0.65405472,0.0,0.0,0.0,0.0,0.0,0.0,0.0,0.0,0.0,0.0,0.0,0.0,0.0
187,12,0.0,0.65856624,0.0,0.0,0.0,0.0,0.0,0.0,0.0,0.0,0.0,0.0,0.0,0.0,0.0
187,13,0.0,0.6458414399999999,0.0,0.0,0.0,0.0,0.0,0.0,0.0,0.0,0.0,0.0,0.0,0.0,0.0
187,14,0.0,0.63624,0.0,0.0,0.0,0.0,0.0,0.0,0.0,0.0,0.0,0.0,0.0,0.0,0.0
187,15,0.0,0.6003792,0.0,0.0,0.0,0.0,0.0,0.0,0.0,0.0,0.0,0.0,0.0,0.0,0.0
187,16,0.0,0.7088870399999999,0.0,0.0,0.0,0.0,0.0,0.0,0.0,0.0,0.0,0.0,0.0,0.0,0.0
187,17,0.0,0.73954224,0.0,0.0,0.0,0.0,0.0,0.0,0.0,0.0,0.0,0.0,0.0,0.0,0.0
187,18,0.0,0.7427812799999999,0.0,0.0,0.0,0.0,0.0,0.0,0.0,0.0,0.0,0.0,0.0,0.0,0.0
187,19,0.0,0.7368816,0.0,0.0,0.0,0.0,0.0,0.0,0.0,0.0,0.0,0.0,0.0,0.0,0.0
187,20,29.6,0.7095811200000001,30.705394190871374,22.80431654771785,0.0,5.0,0.0,0.0,0.0,0.0,29.6,0.0,0.0,0.0,0.0
187,21,43.54729587322441,0.68991552,45.17354343695479,32.66117299831245,0.0,7.0,0.0,0.0,0.0,0.0,43.54729587322441,0.0,0.0,0.0,0.0
187,22,28.557950423065105,0.63624,29.624429899445133,19.828815908894605,0.0,4.0,0.0,0.0,0.0,0.0,28.557950423065105,0.0,0.0,0.0,0.0
187,23,28.39098062334004,0.6373968,29.45122471300834,19.746951926153013,0.0,4.0,0.0,0.0,0.0,0.0,28.39098062334004,0.0,0.0,0.0,0.0
188,0,47.83649560245983,0.6208545599999999,49.62292074943967,32.45113530461469,0.0,7.0,0.0,0.0,0.0,0.0,47.83649560245983,0.0,0.0,0.0,0.0
188,1,44.4,0.5888112,46.05809128630706,28.64404282157677,0.0,6.0,0.0,0.0,0.0,0.0,44.4,0.0,0.0,0.0,0.0
188,2,31.939811510131427,0.57354144,33.13258455407825,20.099598804807783,0.0,5.0,0.0,0.0,0.0,0.0,31.939811510131427,0.0,0.0,0.0,0.0
188,3,37.0,0.5830272,38.38174273858922,23.648035684647304,0.0,5.0,0.0,0.0,0.0,0.0,37.0,0.0,0.0,0.0,0.0
188,4,22.200000000000003,0.6277953599999999,23.02904564315353,15.219789410788382,0.0,3.0,0.0,0.0,0.0,0.0,22.200000000000003,0.0,0.0,0.0,0.0
188,5,49.027610447537,0.69442704,50.858517061760374,37.00094637673203,0.0,7.0,0.0,0.0,0.0,0.0,49.027610447537,0.0,0.0,0.0,0.0
188,6,44.733415389729295,0.7536552000000001,46.40395787316317,36.50855515729207,0.0,7.0,0.0,0.0,0.0,0.0,44.733415389729295,0.0,0.0,0.0,0.0
188,7,51.69480824866946,0.86320416,53.625319760030564,48.0645971822456,0.0,7.0,0.0,0.0,0.0,0.0,51.69480824866946,0.0,0.0,0.0,0.0
188,8,22.200000000000003,0.8651707200000001,23.02904564315353,20.686317410788387,0.0,3.0,0.0,0.0,0.0,0.0,22.200000000000003,0.0,0.0,0.0,0.0
188,9,7.4,0.86968224,7.6763485477178435,6.930071136929462,0.0,1.0,0.0,0.0,0.0,0.0,7.4,0.0,0.0,0.0,0.0
188,10,0.0,0.8423817599999999,0.0,0.0,0.0,0.0,0.0,0.0,0.0,0.0,0.0,0.0,0.0,0.0,0.0
188,11,0.0,0.8456208,0.0,0.0,0.0,0.0,0.0,0.0,0.0,0.0,0.0,0.0,0.0,0.0,0.0
188,12,0.0,0.75157296,0.0,0.0,0.0,0.0,0.0,0.0,0.0,0.0,0.0,0.0,0.0,0.0,0.0
188,13,0.0,0.73364256,0.0,0.0,0.0,0.0,0.0,0.0,0.0,0.0,0.0,0.0,0.0,0.0,0.0
188,14,0.0,0.74544192,0.0,0.0,0.0,0.0,0.0,0.0,0.0,0.0,0.0,0.0,0.0,0.0,0.0
188,15,0.0,0.743244,0.0,0.0,0.0,0.0,0.0,0.0,0.0,0.0,0.0,0.0,0.0,0.0,0.0
188,16,0.0,0.7434753599999999,0.0,0.0,0.0,0.0,0.0,0.0,0.0,0.0,0.0,0.0,0.0,0.0,0.0
188,17,0.0,0.7614057599999998,0.0,0.0,0.0,0.0,0.0,0.0,0.0,0.0,0.0,0.0,0.0,0.0,0.0
188,18,7.4,0.7622155199999999,7.6763485477178435,6.105119136929461,0.0,1.0,0.0,0.0,0.0,0.0,7.4,0.0,0.0,0.0,0.0
188,19,14.8,0.749028,15.352697095435687,12.007774273858924,0.0,2.0,0.0,0.0,0.0,0.0,14.8,0.0,0.0,0.0,0.0
188,20,37.0,0.7368816,38.38174273858922,29.55323568464731,0.0,5.0,0.0,0.0,0.0,0.0,37.0,0.0,0.0,0.0,0.0
188,21,37.30014716644808,0.68841168,38.693098720381826,27.917522662148542,0.0,6.0,0.0,0.0,0.0,0.0,37.30014716644808,0.0,0.0,0.0,0.0
188,22,44.29480824866946,0.6430651199999999,45.94897121231272,31.06909163364998,0.0,7.0,0.0,0.0,0.0,0.0,44.29480824866946,0.0,0.0,0.0,0.0
188,23,23.990296349274402,0.61287264,24.886199532442333,16.07580401153854,0.0,4.0,0.0,0.0,0.0,0.0,23.990296349274402,0.0,0.0,0.0,0.0
189,0,49.44953264206932,0.56174208,51.29619568679391,30.513135738419518,0.0,7.0,0.0,0.0,0.0,0.0,49.44953264206932,0.0,0.0,0.0,0.0
189,1,44.63545677630061,0.50748816,46.302341054253745,25.030497354211494,0.0,7.0,0.0,0.0,0.0,0.0,44.63545677630061,0.0,0.0,0.0,0.0
189,2,38.381315381953655,0.4835423999999999,39.81464251240006,20.56993246274839,0.0,6.0,0.0,0.0,0.0,0.0,38.381315381953655,0.0,0.0,0.0,0.0
189,3,40.19859801987591,0.4757918399999999,41.69979047704971,21.220683103480297,0.0,6.0,0.0,0.0,0.0,0.0,40.19859801987591,0.0,0.0,0.0,0.0
189,4,49.063380248326546,0.4999689599999999,50.895622664239156,27.130876642178393,0.0,7.0,0.0,0.0,0.0,0.0,49.063380248326546,0.0,0.0,0.0,0.0
189,5,44.85083060483288,0.54971136,46.52575788883079,27.115740230220197,0.0,7.0,0.0,0.0,0.0,0.0,44.85083060483288,0.0,0.0,0.0,0.0
189,6,45.99194553058162,0.62097024,47.7094870649187,31.205355654828267,0.0,7.0,0.0,0.0,0.0,0.0,45.99194553058162,0.0,0.0,0.0,0.0
189,7,37.0,0.64121424,38.38174273858922,25.88135568464731,0.0,5.0,0.0,0.0,0.0,0.0,37.0,0.0,0.0,0.0,0.0
189,8,14.8,0.63924768,15.352697095435687,10.322350273858923,0.0,2.0,0.0,0.0,0.0,0.0,14.8,0.0,0.0,0.0,0.0
189,9,14.8,0.6399417599999999,15.352697095435687,10.333006273858922,0.0,2.0,0.0,0.0,0.0,0.0,14.8,0.0,0.0,0.0,0.0
189,10,6.208234652697043,0.5358297599999999,6.440077440557099,0.0,57.31668922095818,0.0,0.0,0.0,0.0,1.0,0.0,0.0,0.0,0.0,6.208234652697043
189,11,0.0,0.41286192,0.0,0.0,0.0,0.0,0.0,0.0,0.0,0.0,0.0,0.0,0.0,0.0,0.0
189,12,0.0,0.25981728,0.0,0.0,0.0,0.0,0.0,0.0,0.0,0.0,0.0,0.0,0.0,0.0,0.0
189,13,3.7057419294882465,0.2594702399999999,3.8441306322492186,0.0,34.212762627018044,0.0,0.0,0.0,0.0,1.0,0.0,0.0,0.0,0.0,3.7057419294882465
189,14,0.0,0.48111312,0.0,0.0,0.0,0.0,0.0,0.0,0.0,0.0,0.0,0.0,0.0,0.0,0.0
189,15,1.4703730256250045,0.6672422399999999,1.525283221602702,0.0,13.575020672264047,0.0,0.0,0.0,0.0,1.0,0.0,0.0,0.0,0.0,1.4703730256250045
189,16,0.0,0.670944,0.0,0.0,0.0,0.0,0.0,0.0,0.0,0.0,0.0,0.0,0.0,0.0,0.0
189,17,2.9410525208394143,0.6940799999999999,3.050884357717235,0.0,27.15287078368339,0.0,0.0,0.0,0.0,1.0,0.0,0.0,0.0,0.0,2.9410525208394143
189,18,2.9601568740869166,0.6996326399999999,3.070702151542445,0.0,27.32924914872776,0.0,0.0,0.0,0.0,1.0,0.0,0.0,0.0,0.0,2.9601568740869166
189,19,0.0,0.67996704,0.0,0.0,0.0,0.0,0.0,0.0,0.0,0.0,0.0,0.0,0.0,0.0,0.0
189,20,51.69480824866945,0.6582192,53.625319760030564,37.07221315624852,0.0,7.0,0.0,0.0,0.0,0.0,51.69480824866945,0.0,0.0,0.0,0.0
189,21,45.5092922982682,0.64341216,47.20880943803756,31.937333643955178,0.0,8.0,0.0,0.0,0.0,0.0,45.5092922982682,0.0,0.0,0.0,0.0
189,22,47.40288298922108,0.63936336,49.17311513404677,33.06711822470795,0.0,7.0,0.0,0.0,0.0,0.0,47.40288298922108,0.0,0.0,0.0,0.0
189,23,40.086332663720874,0.60477504,41.58333263871461,26.524969970253387,0.0,6.0,0.0,0.0,0.0,0.0,40.086332663720874,0.0,0.0,0.0,0.0
190,0,51.69480824866945,0.5920502400000001,53.625319760030564,33.52388151805986,0.0,7.0,0.0,0.0,0.0,0.0,51.69480824866945,0.0,0.0,0.0,0.0
190,1,51.69480824866945,0.57932544,53.625319760030564,32.84151004917741,0.0,7.0,0.0,0.0,0.0,0.0,51.69480824866945,0.0,0.0,0.0,0.0
190,2,43.47055202635621,0.5784,45.09393363729898,27.574940419208325,0.0,7.0,0.0,0.0,0.0,0.0,43.47055202635621,0.0,0.0,0.0,0.0
190,3,44.4,0.57828432,46.05809128630706,28.15919482157677,0.0,6.0,0.0,0.0,0.0,0.0,44.4,0.0,0.0,0.0,0.0
190,4,48.527870129747434,0.5847623999999999,50.3401142424766,31.103263802130773,0.0,7.0,0.0,0.0,0.0,0.0,48.527870129747434,0.0,0.0,0.0,0.0
190,5,47.81051609060304,0.63300096,49.595971048343415,33.03592392743375,0.0,7.0,0.0,0.0,0.0,0.0,47.81051609060304,0.0,0.0,0.0,0.0
190,6,50.54131025020947,0.64711392,52.42874507283141,35.662762206671346,0.0,7.0,0.0,0.0,0.0,0.0,50.54131025020948,0.0,0.0,0.0,0.0
190,7,51.69480824866945,0.66793632,53.625319760030564,37.59329682339511,0.0,7.0,0.0,0.0,0.0,0.0,51.69480824866945,0.0,0.0,0.0,0.0
190,8,29.6,0.69049392,30.705394190871374,22.218236547717847,0.0,4.0,0.0,0.0,0.0,0.0,29.6,0.0,0.0,0.0,0.0
190,9,0.0,0.67950432,0.0,0.0,0.0,0.0,0.0,0.0,0.0,0.0,0.0,0.0,0.0,0.0,0.0
190,10,0.0,0.58395264,0.0,0.0,0.0,0.0,0.0,0.0,0.0,0.0,0.0,0.0,0.0,0.0,0.0
190,11,0.0,0.52854192,0.0,0.0,0.0,0.0,0.0,0.0,0.0,0.0,0.0,0.0,0.0,0.0,0.0
190,12,0.0,0.42790032,0.0,0.0,0.0,0.0,0.0,0.0,0.0,0.0,0.0,0.0,0.0,0.0,0.0
190,13,0.0,0.5188248,0.0,0.0,0.0,0.0,0.0,0.0,0.0,0.0,0.0,0.0,0.0,0.0,0.0
190,14,3.0420643484852596,0.6379752,3.1556684112917632,0.0,28.085448860496694,0.0,0.0,0.0,0.0,1.0,0.0,0.0,0.0,0.0,3.0420643484852596
190,15,0.0,0.7334112,0.0,0.0,0.0,0.0,0.0,0.0,0.0,0.0,0.0,0.0,0.0,0.0,0.0
190,16,0.0,0.72542928,0.0,0.0,0.0,0.0,0.0,0.0,0.0,0.0,0.0,0.0,0.0,0.0,0.0
190,17,0.0,0.75111024,0.0,0.0,0.0,0.0,0.0,0.0,0.0,0.0,0.0,0.0,0.0,0.0,0.0
190,18,0.0,0.8091816000000001,0.0,0.0,0.0,0.0,0.0,0.0,0.0,0.0,0.0,0.0,0.0,0.0,0.0
190,19,7.4,0.7617527999999999,7.6763485477178435,6.101567136929461,0.0,1.0,0.0,0.0,0.0,0.0,7.4,0.0,0.0,0.0,0.0
190,20,22.20379474226131,0.71235744,23.032982097781442,17.167173410788386,0.03503444618840321,3.0,0.0,0.0,0.0,1.0,22.200000000000003,0.0,0.0,0.0,0.0037947422613056952
190,21,33.34410256578579,0.67649664,34.589318014300616,24.54446384283919,0.0,5.0,0.0,0.0,0.0,0.0,33.34410256578579,0.0,0.0,0.0,0.0
190,22,46.81473506434279,0.6567153600000001,48.56300317877883,33.49950552045046,0.0,7.0,0.0,0.0,0.0,0.0,46.81473506434279,0.0,0.0,0.0,0.0
190,23,33.55179603481805,0.6478079999999999,34.804767670973085,23.698844745306943,0.0,6.0,0.0,0.0,0.0,0.0,33.55179603481805,0.0,0.0,0.0,0.0
191,0,51.69480824866945,0.6436435199999999,53.625319760030564,36.29058765552864,0.0,7.0,0.0,0.0,0.0,0.0,51.69480824866945,0.0,0.0,0.0,0.0
191,1,43.342953482262004,0.63866928,44.961570002346484,30.203801508145904,0.0,6.0,0.0,0.0,0.0,0.0,43.342953482262004,0.0,0.0,0.0,0.0
191,2,34.72066273878498,0.63959472,36.01728499873961,24.228637447387342,0.0,7.0,0.0,0.0,0.0,0.0,34.72066273878498,0.0,0.0,0.0,0.0
191,3,51.69480824866946,0.64109856,53.625319760030564,36.15411336175215,0.0,7.0,0.0,0.0,0.0,0.0,51.69480824866946,0.0,0.0,0.0,0.0
191,4,51.69480824866946,0.659376,53.625319760030564,37.13424692614693,0.0,7.0,0.0,0.0,0.0,0.0,51.69480824866946,0.0,0.0,0.0,0.0
191,5,44.294808248669455,0.69199776,45.94897121231272,33.31749610035244,0.0,7.0,0.0,0.0,0.0,0.0,44.294808248669455,0.0,0.0,0.0,0.0
191,6,51.69480824866946,0.99727728,53.625319760030564,55.25431111347055,0.0,7.0,0.0,0.0,0.0,0.0,51.69480824866946,0.0,0.0,0.0,0.0
191,7,26.588540008345987,1.1564529599999998,27.581473037703308,32.80962289316015,0.0,5.0,0.0,0.0,0.0,0.0,26.588540008345987,0.0,0.0,0.0,0.0
191,8,15.88445376350802,1.02191712,16.477649132269732,17.384201931897707,0.0,4.0,0.0,0.0,0.0,0.0,15.88445376350802,0.0,0.0,0.0,0.0
191,9,7.4,0.87893664,7.6763485477178435,7.001111136929462,0.0,1.0,0.0,0.0,0.0,0.0,7.4,0.0,0.0,0.0,0.0
191,10,0.0,0.7914825600000001,0.0,0.0,0.0,0.0,0.0,0.0,0.0,0.0,0.0,0.0,0.0,0.0,0.0
191,11,0.0,0.8281531200000001,0.0,0.0,0.0,0.0,0.0,0.0,0.0,0.0,0.0,0.0,0.0,0.0,0.0
191,12,0.0,0.7914825600000001,0.0,0.0,0.0,0.0,0.0,0.0,0.0,0.0,0.0,0.0,0.0,0.0,0.0
191,13,0.0,0.7183728,0.0,0.0,0.0,0.0,0.0,0.0,0.0,0.0,0.0,0.0,0.0,0.0,0.0
191,14,0.0,0.71501808,0.0,0.0,0.0,0.0,0.0,0.0,0.0,0.0,0.0,0.0,0.0,0.0,0.0
191,15,0.0,0.72808992,0.0,0.0,0.0,0.0,0.0,0.0,0.0,0.0,0.0,0.0,0.0,0.0,0.0
191,16,0.0,0.8980238399999999,0.0,0.0,0.0,0.0,0.0,0.0,0.0,0.0,0.0,0.0,0.0,0.0,0.0
191,17,0.0,1.23164496,0.0,0.0,0.0,0.0,0.0,0.0,0.0,0.0,0.0,0.0,0.0,0.0,0.0
191,18,0.0,1.09583664,0.0,0.0,0.0,0.0,0.0,0.0,0.0,0.0,0.0,0.0,0.0,0.0,0.0
191,19,0.0,0.6941956799999999,0.0,0.0,0.0,0.0,0.0,0.0,0.0,0.0,0.0,0.0,0.0,0.0,0.0
191,20,23.324713602610654,0.6725635200000001,24.19576099855877,17.0740658753217,0.0,4.0,0.0,0.0,0.0,0.0,23.324713602610657,0.0,0.0,0.0,0.0
191,21,29.6,0.63936336,30.705394190871374,20.64825254771785,0.0,4.0,0.0,0.0,0.0,0.0,29.6,0.0,0.0,0.0,0.0
191,22,35.18674412668844,0.58152336,36.50077191565191,22.43422707739161,0.0,5.0,0.0,0.0,0.0,0.0,35.18674412668844,0.0,0.0,0.0,0.0
191,23,51.69480824866946,0.5873073600000001,53.625319760030564,33.2695430614764,0.0,7.0,0.0,0.0,0.0,0.0,51.69480824866946,0.0,0.0,0.0,0.0
192,0,43.40073754354887,0.5733100799999999,45.021511974635764,27.30149867825983,0.0,6.0,0.0,0.0,0.0,0.0,43.40073754354887,0.0,0.0,0.0,0.0
192,1,44.4,0.5645184,46.05809128630706,27.525162821576764,0.0,6.0,0.0,0.0,0.0,0.0,44.4,0.0,0.0,0.0,0.0
192,2,37.0,0.57284736,38.38174273858922,23.257315684647306,0.0,5.0,0.0,0.0,0.0,0.0,37.0,0.0,0.0,0.0,0.0
192,3,37.0,0.5891582399999999,38.38174273858922,23.883355684647306,0.0,5.0,0.0,0.0,0.0,0.0,37.0,0.0,0.0,0.0,0.0
192,4,48.5481366391968,0.62767968,50.361137592527804,33.277616382826494,0.0,7.0,0.0,0.0,0.0,0.0,48.5481366391968,0.0,0.0,0.0,0.0
192,5,37.0,0.6463041599999999,38.38174273858922,26.076715684647304,0.0,6.0,0.0,0.0,0.0,0.0,37.0,0.0,0.0,0.0,0.0
192,6,29.6,0.7166376,30.705394190871374,23.020988547717845,0.0,4.0,0.0,0.0,0.0,0.0,29.6,0.0,0.0,0.0,0.0
192,7,15.872821692233744,0.8272276800000001,16.465582668292267,14.1657965368601,0.0,3.0,0.0,0.0,0.0,0.0,15.872821692233744,0.0,0.0,0.0,0.0
192,8,29.6,0.71617488,30.705394190871374,23.006780547717845,0.0,4.0,0.0,0.0,0.0,0.0,29.6,0.0,0.0,0.0,0.0
192,9,0.0,0.69130368,0.0,0.0,0.0,0.0,0.0,0.0,0.0,0.0,0.0,0.0,0.0,0.0,0.0
192,10,0.0,0.7166376,0.0,0.0,0.0,0.0,0.0,0.0,0.0,0.0,0.0,0.0,0.0,0.0,0.0
192,11,0.0,0.64746096,0.0,0.0,0.0,0.0,0.0,0.0,0.0,0.0,0.0,0.0,0.0,0.0,0.0
192,12,0.0,0.54982704,0.0,0.0,0.0,0.0,0.0,0.0,0.0,0.0,0.0,0.0,0.0,0.0,0.0
192,13,0.0,0.5482075200000001,0.0,0.0,0.0,0.0,0.0,0.0,0.0,0.0,0.0,0.0,0.0,0.0,0.0
192,14,0.0,0.66955584,0.0,0.0,0.0,0.0,0.0,0.0,0.0,0.0,0.0,0.0,0.0,0.0,0.0
192,15,0.0,0.6844785600000001,0.0,0.0,0.0,0.0,0.0,0.0,0.0,0.0,0.0,0.0,0.0,0.0,0.0
192,16,0.0,0.68343744,0.0,0.0,0.0,0.0,0.0,0.0,0.0,0.0,0.0,0.0,0.0,0.0,0.0
192,17,0.0,0.7160591999999999,0.0,0.0,0.0,0.0,0.0,0.0,0.0,0.0,0.0,0.0,0.0,0.0,0.0
192,18,0.0,0.69153504,0.0,0.0,0.0,0.0,0.0,0.0,0.0,0.0,0.0,0.0,0.0,0.0,0.0
192,19,0.0,0.67048128,0.0,0.0,0.0,0.0,0.0,0.0,0.0,0.0,0.0,0.0,0.0,0.0,0.0
192,20,29.6,0.5784,30.705394190871374,18.776348547717845,0.0,4.0,0.0,0.0,0.0,0.0,29.6,0.0,0.0,0.0,0.0
192,21,44.4,0.52831056,46.05809128630706,25.85749882157677,0.0,6.0,0.0,0.0,0.0,0.0,44.4,0.0,0.0,0.0,0.0
192,22,51.325255839673424,0.43715472,53.24196663866539,25.037286113914934,0.0,7.0,0.0,0.0,0.0,0.0,51.325255839673424,0.0,0.0,0.0,0.0
192,23,43.945587343826645,0.37445616,45.58670886289072,18.57914401119771,0.0,7.0,0.0,0.0,0.0,0.0,43.945587343826645,0.0,0.0,0.0,0.0
193,0,29.6,0.30678336,30.705394190871374,10.436252547717844,0.0,4.0,0.0,0.0,0.0,0.0,29.6,0.0,0.0,0.0,0.0
193,1,22.200000000000003,0.25808208,23.02904564315353,6.7056454107883825,0.0,3.0,0.0,0.0,0.0,0.0,22.200000000000003,0.0,0.0,0.0,0.0
193,2,22.200000000000003,0.2730048,23.02904564315353,7.049301410788383,0.0,3.0,0.0,0.0,0.0,0.0,22.200000000000003,0.0,0.0,0.0,0.0
193,3,44.4,0.34946928,46.05809128630706,17.620410821576765,0.0,6.0,0.0,0.0,0.0,0.0,44.4,0.0,0.0,0.0,0.0
193,4,29.6,0.4517304,30.705394190871374,14.886908547717844,0.0,4.0,0.0,0.0,0.0,0.0,29.6,0.0,0.0,0.0,0.0
193,5,37.0,0.4805347199999999,38.38174273858922,19.7141956846473,0.0,6.0,0.0,0.0,0.0,0.0,37.0,0.0,0.0,0.0,0.0
193,6,43.96067510439325,0.58429968,45.602360066797985,28.15488251248585,0.0,7.0,0.0,0.0,0.0,0.0,43.96067510439325,0.0,0.0,0.0,0.0
193,7,51.69480824866946,0.6010732799999999,53.625319760030564,34.007744923267396,0.0,7.0,0.0,0.0,0.0,0.0,51.69480824866946,0.0,0.0,0.0,0.0
193,8,14.8,0.6216643199999999,15.352697095435687,10.052398273858921,0.0,3.0,0.0,0.0,0.0,0.0,14.8,0.0,0.0,0.0,0.0
193,9,0.0,0.62860512,0.0,0.0,0.0,0.0,0.0,0.0,0.0,0.0,0.0,0.0,0.0,0.0,0.0
193,10,0.0,0.5873073600000001,0.0,0.0,0.0,0.0,0.0,0.0,0.0,0.0,0.0,0.0,0.0,0.0,0.0
193,11,0.0,0.3412559999999999,0.0,0.0,0.0,0.0,0.0,0.0,0.0,0.0,0.0,0.0,0.0,0.0,0.0
193,12,0.0,0.21146304,0.0,0.0,0.0,0.0,0.0,0.0,0.0,0.0,0.0,0.0,0.0,0.0,0.0
193,13,0.0,0.2302032,0.0,0.0,0.0,0.0,0.0,0.0,0.0,0.0,0.0,0.0,0.0,0.0,0.0
193,14,0.0,0.31592208,0.0,0.0,0.0,0.0,0.0,0.0,0.0,0.0,0.0,0.0,0.0,0.0,0.0
193,15,0.0,0.4599436799999999,0.0,0.0,0.0,0.0,0.0,0.0,0.0,0.0,0.0,0.0,0.0,0.0,0.0
193,16,0.0,0.50690976,0.0,0.0,0.0,0.0,0.0,0.0,0.0,0.0,0.0,0.0,0.0,0.0,0.0
193,17,0.0,0.57909408,0.0,0.0,0.0,0.0,0.0,0.0,0.0,0.0,0.0,0.0,0.0,0.0,0.0
193,18,0.0,0.5905463999999999,0.0,0.0,0.0,0.0,0.0,0.0,0.0,0.0,0.0,0.0,0.0,0.0,0.0
193,19,0.0,0.5445057600000001,0.0,0.0,0.0,1.0,0.0,0.0,0.0,0.0,0.0,0.0,0.0,0.0,0.0
193,20,14.8,0.52160112,15.352697095435687,8.516158273858924,0.0,2.0,0.0,0.0,0.0,0.0,14.8,0.0,0.0,0.0,0.0
193,21,51.69480824866946,0.4951104,53.625319760030564,28.32545160057365,0.0,7.0,0.0,0.0,0.0,0.0,51.69480824866946,0.0,0.0,0.0,0.0
193,22,17.919729262670927,0.4269748799999999,18.58893077040553,8.552300093522629,0.0,4.0,0.0,0.0,0.0,0.0,17.919729262670927,0.0,0.0,0.0,0.0
193,23,22.200000000000003,0.4757918399999999,23.02904564315353,11.719293410788381,0.0,3.0,0.0,0.0,0.0,0.0,22.200000000000003,0.0,0.0,0.0,0.0
194,0,44.4,0.46919808,46.05809128630706,23.134890821576764,0.0,6.0,0.0,0.0,0.0,0.0,44.4,0.0,0.0,0.0,0.0
194,1,37.0,0.46063776,38.38174273858922,18.950515684647307,0.0,5.0,0.0,0.0,0.0,0.0,37.0,0.0,0.0,0.0,0.0
194,2,37.0,0.45184608,38.38174273858922,18.613075684647306,0.0,5.0,0.0,0.0,0.0,0.0,37.0,0.0,0.0,0.0,0.0
194,3,29.6,0.4621416,30.705394190871374,15.206588547717844,0.0,4.0,0.0,0.0,0.0,0.0,29.6,0.0,0.0,0.0,0.0
194,4,32.361947603537125,0.47116464,33.570485065909885,16.928408566386427,0.0,5.0,0.0,0.0,0.0,0.0,32.361947603537125,0.0,0.0,0.0,0.0
194,5,47.00194178928889,0.47671728,48.75720102623329,24.857263607607468,0.0,7.0,0.0,0.0,0.0,0.0,47.00194178928889,0.0,0.0,0.0,0.0
194,6,44.294808248669455,0.51350352,45.94897121231272,25.115869405028803,0.0,7.0,0.0,0.0,0.0,0.0,44.294808248669455,0.0,0.0,0.0,0.0
194,7,23.490124841187104,0.54936432,24.367349420318575,14.193111610308256,0.0,4.0,0.0,0.0,0.0,0.0,23.490124841187104,0.0,0.0,0.0,0.0
194,8,7.4,0.56764176,7.6763485477178435,4.6115031369294615,0.0,1.0,0.0,0.0,0.0,0.0,7.4,0.0,0.0,0.0,0.0
194,9,14.8,0.56417136,15.352697095435687,9.169726273858924,0.0,2.0,0.0,0.0,0.0,0.0,14.8,0.0,0.0,0.0,0.0
194,10,0.0,0.55052112,0.0,0.0,0.0,0.0,0.0,0.0,0.0,0.0,0.0,0.0,0.0,0.0,0.0
194,11,0.0,0.57134352,0.0,0.0,0.0,0.0,0.0,0.0,0.0,0.0,0.0,0.0,0.0,0.0,0.0
194,12,0.0,0.5379120000000001,0.0,0.0,0.0,0.0,0.0,0.0,0.0,0.0,0.0,0.0,0.0,0.0,0.0
194,13,0.0,0.5379120000000001,0.0,0.0,0.0,0.0,0.0,0.0,0.0,0.0,0.0,0.0,0.0,0.0,0.0
194,14,0.0,0.540804,0.0,0.0,0.0,0.0,0.0,0.0,0.0,0.0,0.0,0.0,0.0,0.0,0.0
194,15,0.0,0.52136976,0.0,0.0,0.0,0.0,0.0,0.0,0.0,0.0,0.0,0.0,0.0,0.0,0.0
194,16,0.0,0.54288624,0.0,0.0,0.0,0.0,0.0,0.0,0.0,0.0,0.0,0.0,0.0,0.0,0.0
194,17,0.0,0.5784,0.0,0.0,0.0,0.0,0.0,0.0,0.0,0.0,0.0,0.0,0.0,0.0,0.0
194,18,0.0,0.5917031999999999,0.0,0.0,0.0,0.0,0.0,0.0,0.0,0.0,0.0,0.0,0.0,0.0,0.0
194,19,0.0,0.57816864,0.0,0.0,0.0,0.0,0.0,0.0,0.0,0.0,0.0,0.0,0.0,0.0,0.0
194,20,7.4,0.546588,7.6763485477178435,4.449887136929461,0.0,1.0,0.0,0.0,0.0,0.0,7.4,0.0,0.0,0.0,0.0
194,21,37.0,0.51963456,38.38174273858922,21.214915684647305,0.0,6.0,0.0,0.0,0.0,0.0,37.0,0.0,0.0,0.0,0.0
194,22,14.8,0.49834944,15.352697095435687,8.15918227385892,0.0,2.0,0.0,0.0,0.0,0.0,14.8,0.0,0.0,0.0,0.0
194,23,44.4,0.436692,46.05809128630706,21.637722821576766,0.0,6.0,0.0,0.0,0.0,0.0,44.4,0.0,0.0,0.0,0.0
195,0,41.280515655644386,0.428016,42.82211167597966,19.745960847581042,0.0,6.0,0.0,0.0,0.0,0.0,41.280515655644386,0.0,0.0,0.0,0.0
195,1,14.8,0.42038112,15.352697095435687,6.962158273858923,0.0,3.0,0.0,0.0,0.0,0.0,14.8,0.0,0.0,0.0,0.0
195,2,35.86695691074457,0.42419856,37.206386836871964,17.014427123304507,0.0,5.0,0.0,0.0,0.0,0.0,35.86695691074457,0.0,0.0,0.0,0.0
195,3,51.69480824866946,0.43356864,53.625319760030564,25.025255041978596,0.0,7.0,0.0,0.0,0.0,0.0,51.69480824866946,0.0,0.0,0.0,0.0
195,4,37.0,0.46838832,38.38174273858922,19.247995684647307,0.0,5.0,0.0,0.0,0.0,0.0,37.0,0.0,0.0,0.0,0.0
195,5,43.33921806597308,0.51963456,44.95769508918369,24.849671813734112,0.0,7.0,0.0,0.0,0.0,0.0,43.33921806597308,0.0,0.0,0.0,0.0
195,6,51.694808248669474,0.5199816,53.625319760030585,29.659177653389335,0.0,7.0,0.0,0.0,0.0,0.0,51.694808248669474,0.0,0.0,0.0,0.0
195,7,38.86543379285568,0.53432592,40.31684003408267,22.876820047832187,0.0,6.0,0.0,0.0,0.0,0.0,38.86543379285568,0.0,0.0,0.0,0.0
195,8,29.6,0.54288624,30.705394190871374,17.685884547717844,0.0,4.0,0.0,0.0,0.0,0.0,29.6,0.0,0.0,0.0,0.0
195,9,10.399673621351313,0.5199816,10.788043175675636,5.966668180471763,0.0,2.0,0.0,0.0,0.0,0.0,10.399673621351315,0.0,0.0,0.0,0.0
195,10,0.0,0.51165264,0.0,0.0,0.0,0.0,0.0,0.0,0.0,0.0,0.0,0.0,0.0,0.0,0.0
195,11,0.0,0.5188248,0.0,0.0,0.0,0.0,0.0,0.0,0.0,0.0,0.0,0.0,0.0,0.0,0.0
195,12,0.0,0.50702544,0.0,0.0,0.0,0.0,0.0,0.0,0.0,0.0,0.0,0.0,0.0,0.0,0.0
195,13,0.0,0.49788672,0.0,0.0,0.0,0.0,0.0,0.0,0.0,0.0,0.0,0.0,0.0,0.0,0.0
195,14,0.0,0.4904832,0.0,0.0,0.0,0.0,0.0,0.0,0.0,0.0,0.0,0.0,0.0,0.0,0.0
195,15,0.0,0.49175568,0.0,0.0,0.0,0.0,0.0,0.0,0.0,0.0,0.0,0.0,0.0,0.0,0.0
195,16,0.0,0.5199816,0.0,0.0,0.0,0.0,0.0,0.0,0.0,0.0,0.0,0.0,0.0,0.0,0.0
195,17,0.0,0.5203286399999999,0.0,0.0,0.0,0.0,0.0,0.0,0.0,0.0,0.0,0.0,0.0,0.0,0.0
195,18,0.0,0.5308555199999999,0.0,0.0,0.0,0.0,0.0,0.0,0.0,0.0,0.0,0.0,0.0,0.0,0.0
195,19,7.4,0.52252656,7.6763485477178435,4.265183136929461,0.0,1.0,0.0,0.0,0.0,0.0,7.4,0.0,0.0,0.0,0.0
195,20,7.4,0.50482752,7.6763485477178435,4.129319136929461,0.0,1.0,0.0,0.0,0.0,0.0,7.4,0.0,0.0,0.0,0.0
195,21,44.4,0.49476336,46.05809128630706,24.312378821576768,0.0,6.0,0.0,0.0,0.0,0.0,44.4,0.0,0.0,0.0,0.0
195,22,43.64667351815015,0.46306704,45.27663228023875,22.464772619654514,0.0,7.0,0.0,0.0,0.0,0.0,43.64667351815015,0.0,0.0,0.0,0.0
195,23,45.430006456920005,0.4319491200000001,47.126562714647314,21.91616651907155,0.0,7.0,0.0,0.0,0.0,0.0,45.430006456920005,0.0,0.0,0.0,0.0
196,0,49.91584091755662,0.42304176,51.77991796427037,23.618982912877904,0.0,7.0,0.0,0.0,0.0,0.0,49.91584091755662,0.0,0.0,0.0,0.0
196,1,44.4,0.3372072,46.05809128630706,17.055642821576768,0.0,6.0,0.0,0.0,0.0,0.0,44.4,0.0,0.0,0.0,0.0
196,2,51.69480824866946,0.2307816,53.625319760030564,14.150735178788482,0.0,7.0,0.0,0.0,0.0,0.0,51.69480824866946,0.0,0.0,0.0,0.0
196,3,48.79476840342075,0.19642464,50.616979671598294,11.617844037010917,0.0,7.0,0.0,0.0,0.0,0.0,48.79476840342075,0.0,0.0,0.0,0.0
196,4,37.0,0.15836592,38.38174273858922,7.348795684647303,0.0,5.0,0.0,0.0,0.0,0.0,37.0,0.0,0.0,0.0,0.0
196,5,50.103107003856174,0.2302032,51.974177389892304,13.684967224126293,0.0,7.0,0.0,0.0,0.0,0.0,50.103107003856174,0.0,0.0,0.0,0.0
196,6,30.103969824277357,0.2614368,31.228184465018007,9.197849522136115,0.0,6.0,0.0,0.0,0.0,0.0,30.103969824277357,0.0,0.0,0.0,0.0
196,7,22.200000000000003,0.34553616,23.02904564315353,8.719629410788384,0.0,4.0,0.0,0.0,0.0,0.0,22.200000000000003,0.0,0.0,0.0,0.0
196,8,24.260087194541377,0.20139888,25.166065554503504,5.90141418653765,0.0,4.0,0.0,0.0,0.0,0.0,24.260087194541377,0.0,0.0,0.0,0.0
196,9,7.4,0.05425392,7.6763485477178435,0.6705591369294607,0.0,1.0,0.0,0.0,0.0,0.0,7.4,0.0,0.0,0.0,0.0
196,10,0.0,0.00023136,0.0,0.0,0.0,0.0,0.0,0.0,0.0,0.0,0.0,0.0,0.0,0.0,0.0
196,11,6.916209033945179,0.00011568,7.1744906991132575,0.0,63.85296722210799,0.0,0.0,0.0,0.0,1.0,0.0,0.0,0.0,0.0,6.916209033945179
196,12,6.561496201679539,-0.00150384,6.80653132954309,0.0,60.57812883293351,0.0,0.0,0.0,0.0,1.0,0.0,0.0,0.0,0.0,6.561496201679539
196,13,0.0,-0.01191504,0.0,0.0,0.0,0.0,0.0,0.0,0.0,0.0,0.0,0.0,0.0,0.0,0.0
196,14,5.509555572950456,-0.0011568,5.715306610944458,0.0,50.86622883740567,0.0,0.0,0.0,0.0,2.0,0.0,0.0,0.0,0.0,5.509555572950456
196,15,0.0,0.0204753599999999,0.0,0.0,0.0,0.0,0.0,0.0,0.0,0.0,0.0,0.0,0.0,0.0,0.0
196,16,0.0,0.2417712,0.0,0.0,0.0,0.0,0.0,0.0,0.0,0.0,0.0,0.0,0.0,0.0,0.0
196,17,0.0,0.41077968,0.0,0.0,0.0,0.0,0.0,0.0,0.0,0.0,0.0,0.0,0.0,0.0,0.0
196,18,1.812079481388585,0.4140187199999999,1.8797504993657521,0.0,16.729779444355195,0.0,0.0,0.0,0.0,2.0,0.0,0.0,0.0,0.0,1.812079481388585
196,19,7.072890274544543,0.38764368,7.337023106374008,3.0870061020208315,0.0,1.0,0.0,0.0,0.0,0.0,7.072890274544544,0.0,0.0,0.0,0.0
196,20,46.18553714351616,0.35479056,47.910308240162,18.583956293049052,0.0,7.0,0.0,0.0,0.0,0.0,46.18553714351616,0.0,0.0,0.0,0.0
196,21,51.69480824866946,0.240036,53.625319760030564,14.647005337975708,0.0,7.0,0.0,0.0,0.0,0.0,51.69480824866946,0.0,0.0,0.0,0.0
196,22,44.294808248669455,0.18763296,45.94897121231272,10.142452424648573,0.0,7.0,0.0,0.0,0.0,0.0,44.294808248669455,0.0,0.0,0.0,0.0
196,23,51.69480824866946,0.15986976,53.62531976003057,10.348065084016357,0.0,8.0,0.0,0.0,0.0,0.0,51.69480824866946,0.0,0.0,0.0,0.0
197,0,51.69480824866946,0.14367456,53.625319760030564,9.47959230543871,0.0,7.0,0.0,0.0,0.0,0.0,51.69480824866946,0.0,0.0,0.0,0.0
197,1,51.69480824866946,0.0300767999999999,53.625319760030564,3.3878761014154937,0.0,7.0,0.0,0.0,0.0,0.0,51.69480824866946,0.0,0.0,0.0,0.0
197,2,49.54677297665595,0.00080976,51.39706740317008,1.7428622203453208,0.0,7.0,0.0,0.0,0.0,0.0,49.54677297665595,0.0,0.0,0.0,0.0
197,3,44.42654103955061,0.0,46.08562348501102,1.5254341373538645,0.0,7.0,0.0,0.0,0.0,0.0,44.42654103955061,0.0,0.0,0.0,0.0
197,4,50.20829875518672,-0.0049742399999999,52.083297463886645,1.4648823244778895,0.0,7.0,0.0,0.0,0.0,0.0,50.20829875518672,0.0,0.0,0.0,0.0
197,5,44.614478863393714,-0.02394576,46.28057973381091,0.42366353422244113,0.0,7.0,0.0,0.0,0.0,0.0,44.614478863393714,0.0,0.0,0.0,0.0
197,6,47.09182605211139,-0.0127248,48.85044196277115,0.9953375250798546,0.0,7.0,0.0,0.0,0.0,0.0,47.09182605211139,0.0,0.0,0.0,0.0
197,7,46.23707439712985,-0.02417712,47.963770121504,0.4279749651417655,0.0,7.0,0.0,0.0,0.0,0.0,46.23707439712985,0.0,0.0,0.0,0.0
197,8,22.200000000000003,-0.0613104,23.02904564315353,-0.6496585892116185,0.0,3.0,0.0,0.0,0.0,0.0,22.200000000000003,0.0,0.0,0.0,0.0
197,9,14.8,-0.07819968,15.352697095435687,-0.6924017261410789,0.0,2.0,0.0,0.0,0.0,0.0,14.8,0.0,0.0,0.0,0.0
197,10,0.0,-0.1507310399999999,0.0,0.0,0.0,0.0,0.0,0.0,0.0,0.0,0.0,0.0,0.0,0.0,0.0
197,11,0.0,-0.44409552,0.0,0.0,0.0,0.0,0.0,0.0,0.0,0.0,0.0,0.0,0.0,0.0,0.0
197,12,1.816863864874231,-0.57944112,1.8847135527740988,0.0,16.77395061968948,0.0,0.0,0.0,0.0,1.0,0.0,0.0,0.0,0.0,1.816863864874231
197,13,0.0,-0.69454272,0.0,0.0,0.0,0.0,0.0,0.0,0.0,0.0,0.0,0.0,0.0,0.0,0.0
197,14,0.0,-0.55885008,0.0,0.0,0.0,0.0,0.0,0.0,0.0,0.0,0.0,0.0,0.0,0.0,0.0
197,15,0.0,-0.1168367999999999,0.0,0.0,0.0,0.0,0.0,0.0,0.0,0.0,0.0,0.0,0.0,0.0,0.0
197,16,0.0,-0.01295616,0.0,0.0,0.0,0.0,0.0,0.0,0.0,0.0,0.0,0.0,0.0,0.0,0.0
197,17,0.747496034418943,0.04997376,0.7754108240860405,0.0,6.90115633436576,0.0,0.0,0.0,0.0,1.0,0.0,0.0,0.0,0.0,0.747496034418943
197,18,0.0,0.0300767999999999,0.0,0.0,0.0,0.0,0.0,0.0,0.0,0.0,0.0,0.0,0.0,0.0,0.0
197,19,7.4,0.0109895999999999,7.6763485477178435,0.3384471369294598,0.0,1.0,0.0,0.0,0.0,0.0,7.4,0.0,0.0,0.0,0.0
197,20,29.6,0.01017984,30.705394190871374,1.3289245477178426,0.0,4.0,0.0,0.0,0.0,0.0,29.6,0.0,0.0,0.0,0.0
197,21,51.69480824866945,0.01943424,53.625319760030564,2.8171654183501884,0.0,7.0,0.0,0.0,0.0,0.0,51.69480824866945,0.0,0.0,0.0,0.0
197,22,44.29480824866946,0.00092544,45.94897121231272,1.5634339630462737,0.0,7.0,0.0,0.0,0.0,0.0,44.29480824866946,0.0,0.0,0.0,0.0
197,23,41.431411022717135,0.0,42.978642139748075,1.4225930548256611,0.0,6.0,0.0,0.0,0.0,0.0,41.431411022717135,0.0,0.0,0.0,0.0
198,0,48.843189159011374,0.0,50.66720867117363,1.6770846070158472,0.0,7.0,0.0,0.0,0.0,0.0,48.843189159011374,0.0,0.0,0.0,0.0
198,1,35.08968741148153,0.0,36.400090675810716,1.2048430013693348,0.0,5.0,0.0,0.0,0.0,0.0,35.08968741148153,0.0,0.0,0.0,0.0
198,2,40.2357016270327,0.00011568,41.738279696092015,1.3863653421358895,0.0,6.0,0.0,0.0,0.0,0.0,40.2357016270327,0.0,0.0,0.0,0.0
198,3,51.69480824866945,0.01145232,53.625319760030564,2.3891324060512047,0.0,7.0,0.0,0.0,0.0,0.0,51.69480824866945,0.0,0.0,0.0,0.0
198,4,51.694808248669474,0.03690192,53.625319760030585,3.75387534381608,0.0,7.0,0.0,0.0,0.0,0.0,51.694808248669474,0.0,0.0,0.0,0.0
198,5,51.43434447059664,0.05298144,53.35512911887619,4.592886345938794,0.0,7.0,0.0,0.0,0.0,0.0,51.43434447059664,0.0,0.0,0.0,0.0
198,6,44.294808248669455,0.069408,45.94897121231272,4.710137141031753,0.0,7.0,0.0,0.0,0.0,0.0,44.294808248669455,0.0,0.0,0.0,0.0
198,7,37.311075644040876,0.0651278399999999,38.7044353153951,3.8018530794509755,0.0,7.0,0.0,0.0,0.0,0.0,37.311075644040876,0.0,0.0,0.0,0.0
198,8,24.010798444842123,0.03840576,24.90746726643374,1.7810273765614668,0.0,4.0,0.0,0.0,0.0,0.0,24.010798444842123,0.0,0.0,0.0,0.0
198,9,0.0,0.0412977599999999,0.0,0.0,0.0,0.0,0.0,0.0,0.0,0.0,0.0,0.0,0.0,0.0,0.0
198,10,7.4,0.02568096,7.6763485477178435,0.4512231369294606,0.0,1.0,0.0,0.0,0.0,0.0,7.4,0.0,0.0,0.0,0.0
198,11,0.0,0.0099484799999999,0.0,0.0,0.0,0.0,0.0,0.0,0.0,0.0,0.0,0.0,0.0,0.0,0.0
198,12,0.0,0.0068251199999999,0.0,0.0,0.0,0.0,0.0,0.0,0.0,0.0,0.0,0.0,0.0,0.0,0.0
198,13,0.0,0.0,0.0,0.0,0.0,0.0,0.0,0.0,0.0,0.0,0.0,0.0,0.0,0.0,0.0
198,14,0.0,0.0006940799999999,0.0,0.0,0.0,0.0,0.0,0.0,0.0,0.0,0.0,0.0,0.0,0.0,0.0
198,15,0.0,0.01492272,0.0,0.0,0.0,0.0,0.0,0.0,0.0,0.0,0.0,0.0,0.0,0.0,0.0
198,16,0.0,0.06778848,0.0,0.0,0.0,0.0,0.0,0.0,0.0,0.0,0.0,0.0,0.0,0.0,0.0
198,17,0.0,0.11174688,0.0,0.0,0.0,0.0,0.0,0.0,0.0,0.0,0.0,0.0,0.0,0.0,0.0
198,18,0.0,0.19584624,0.0,0.0,0.0,0.0,0.0,0.0,0.0,0.0,0.0,0.0,0.0,0.0,0.0
198,19,4.858665626714681,0.190872,5.04010957128079,1.128843420898901,0.0,1.0,0.0,0.0,0.0,0.0,4.858665626714681,0.0,0.0,0.0,0.0
198,20,8.100113638541352,0.18844272,8.402607508860324,1.700639136929461,6.4637047541680825,2.0,0.0,0.0,0.0,1.0,7.4,0.0,0.0,0.0,0.7001136385413518
198,21,30.33847735726558,0.1457568,31.471449540731932,5.6288827562167825,0.0,7.0,0.0,0.0,0.0,0.0,30.33847735726558,0.0,0.0,0.0,0.0
198,22,22.200000000000003,0.1014513599999999,23.02904564315353,3.09858941078838,0.0,3.0,0.0,0.0,0.0,0.0,22.200000000000003,0.0,0.0,0.0,0.0
198,23,29.6,0.0801662399999999,30.705394190871374,3.47788454771784,0.0,4.0,0.0,0.0,0.0,0.0,29.6,0.0,0.0,0.0,0.0
199,0,35.40829875518672,0.0697550399999999,36.73060036845096,3.7779273701210343,0.0,6.0,0.0,0.0,0.0,0.0,35.40829875518672,0.0,0.0,0.0,0.0
199,1,37.488879660685264,0.0254496,38.88887931606356,2.2769283284037947,0.0,6.0,0.0,0.0,0.0,0.0,37.488879660685264,0.0,0.0,0.0,0.0
199,2,47.73884028780169,0.00960144,49.521618555810896,2.1146444234638455,0.0,7.0,0.0,0.0,0.0,0.0,47.73884028780169,0.0,0.0,0.0,0.0
199,3,29.6,0.01874016,30.705394190871374,1.5917725477178424,0.0,4.0,0.0,0.0,0.0,0.0,29.6,0.0,0.0,0.0,0.0
199,4,40.749558279750154,0.05575776,42.27132601633834,3.756135342041549,0.0,6.0,0.0,0.0,0.0,0.0,40.749558279750154,0.0,0.0,0.0,0.0
199,5,18.331234220452558,0.20683584,19.01580313324955,4.562572698050861,0.0,4.0,0.0,0.0,0.0,0.0,18.331234220452558,0.0,0.0,0.0,0.0
199,6,51.69480824866946,0.2326324799999999,53.625319760030564,14.249989210625923,0.0,7.0,0.0,0.0,0.0,0.0,51.69480824866946,0.0,0.0,0.0,0.0
199,7,29.6,0.2388791999999999,30.705394190871374,8.351228547717842,0.0,4.0,0.0,0.0,0.0,0.0,29.6,0.0,0.0,0.0,0.0
199,8,42.76206315399101,0.2377224,44.358986674264536,12.01340723269234,0.0,7.0,0.0,0.0,0.0,0.0,42.76206315399101,0.0,0.0,0.0,0.0
199,9,7.4,0.23795376,7.6763485477178435,2.080703136929461,0.0,1.0,0.0,0.0,0.0,0.0,7.4,0.0,0.0,0.0,0.0
199,10,0.0,0.2394576,0.0,0.0,0.0,0.0,0.0,0.0,0.0,0.0,0.0,0.0,0.0,0.0,0.0
199,11,0.0,0.2446632,0.0,0.0,0.0,0.0,0.0,0.0,0.0,0.0,0.0,0.0,0.0,0.0,0.0
199,12,0.09465943938289008,0.2469768,0.09819443919386939,0.0,0.8739305088254375,0.0,0.0,0.0,0.0,1.0,0.0,0.0,0.0,0.0,0.09465943938289008
199,13,0.0,0.24674544,0.0,0.0,0.0,0.0,0.0,0.0,0.0,0.0,0.0,0.0,0.0,0.0,0.0
199,14,0.7009918146818773,0.242928,0.7271699322426114,0.0,6.471812396959241,0.0,0.0,0.0,0.0,1.0,0.0,0.0,0.0,0.0,0.7009918146818773
199,15,0.0,0.24281232,0.0,0.0,0.0,0.0,0.0,0.0,0.0,0.0,0.0,0.0,0.0,0.0,0.0
199,16,0.0,0.2492904,0.0,0.0,0.0,0.0,0.0,0.0,0.0,0.0,0.0,0.0,0.0,0.0,0.0
199,17,0.0,0.283416,0.0,0.0,0.0,0.0,0.0,0.0,0.0,0.0,0.0,0.0,0.0,0.0,0.0
199,18,0.0,0.30955968,0.0,0.0,0.0,0.0,0.0,0.0,0.0,0.0,0.0,0.0,0.0,0.0,0.0
199,19,6.545595879854074,0.2733518399999999,6.790037219765638,2.080819399665663,0.0,2.0,0.0,0.0,0.0,0.0,6.545595879854074,0.0,0.0,0.0,0.0
199,20,21.99902819421965,0.2458199999999999,22.82056866620296,6.365113012377327,0.0,4.0,0.0,0.0,0.0,0.0,21.99902819421965,0.0,0.0,0.0,0.0
199,21,43.37031549956108,0.24894336,44.98995383771898,12.689117746635157,0.0,6.0,0.0,0.0,0.0,0.0,43.37031549956108,0.0,0.0,0.0,0.0
199,22,51.69480824866946,0.23702832,53.625319760030564,14.48571753623986,0.0,7.0,0.0,0.0,0.0,0.0,51.69480824866946,0.0,0.0,0.0,0.0
199,23,44.29480824866946,0.21204144,45.94897121231272,11.263996969504888,0.0,7.0,0.0,0.0,0.0,0.0,44.29480824866946,0.0,0.0,0.0,0.0
200,0,37.0,0.20926512,38.38174273858922,9.302395684647305,0.0,5.0,0.0,0.0,0.0,0.0,37.0,0.0,0.0,0.0,0.0
200,1,51.69480824866945,0.19619328,53.625319760030564,12.295925458826218,0.0,7.0,0.0,0.0,0.0,0.0,51.69480824866945,0.0,0.0,0.0,0.0
200,2,29.6,0.2059104,30.705394190871374,7.338908547717843,0.0,4.0,0.0,0.0,0.0,0.0,29.6,0.0,0.0,0.0,0.0
200,3,34.2970885632689,0.22360944,35.577892700486416,9.133180911521954,0.0,5.0,0.0,0.0,0.0,0.0,34.2970885632689,0.0,0.0,0.0,0.0
200,4,44.4,0.2435064,46.05809128630706,12.739962821576768,0.0,6.0,0.0,0.0,0.0,0.0,44.4,0.0,0.0,0.0,0.0
200,5,22.364757952675447,0.33871104,23.19995638244341,8.625999910510924,0.0,4.0,0.0,0.0,0.0,0.0,22.36475795267545,0.0,0.0,0.0,0.0
200,6,35.97830333822836,0.393312,37.32189142969748,15.91450236832016,0.0,6.0,0.0,0.0,0.0,0.0,35.97830333822836,0.0,0.0,0.0,0.0
200,7,51.69480824866946,0.40407024,53.625319760030564,23.44339390956931,0.0,7.0,0.0,0.0,0.0,0.0,51.69480824866946,0.0,0.0,0.0,0.0
200,8,29.6,0.39365904,30.705394190871374,13.103804547717845,0.0,4.0,0.0,0.0,0.0,0.0,29.6,0.0,0.0,0.0,0.0
200,9,0.0,0.3864868799999999,0.0,0.0,0.0,0.0,0.0,0.0,0.0,0.0,0.0,0.0,0.0,0.0,0.0
200,10,0.0,0.37121712,0.0,0.0,0.0,0.0,0.0,0.0,0.0,0.0,0.0,0.0,0.0,0.0,0.0
200,11,0.0,0.35212992,0.0,0.0,0.0,0.0,0.0,0.0,0.0,0.0,0.0,0.0,0.0,0.0,0.0
200,12,0.0,0.34912224,0.0,0.0,0.0,0.0,0.0,0.0,0.0,0.0,0.0,0.0,0.0,0.0,0.0
200,13,0.0,0.34854384,0.0,0.0,0.0,0.0,0.0,0.0,0.0,0.0,0.0,0.0,0.0,0.0,0.0
200,14,0.0,0.35317104,0.0,0.0,0.0,0.0,0.0,0.0,0.0,0.0,0.0,0.0,0.0,0.0,0.0
200,15,0.0,0.37503456,0.0,0.0,0.0,0.0,0.0,0.0,0.0,0.0,0.0,0.0,0.0,0.0,0.0
200,16,0.0,0.39319632,0.0,0.0,0.0,0.0,0.0,0.0,0.0,0.0,0.0,0.0,0.0,0.0,0.0
200,17,0.0,0.41020128,0.0,0.0,0.0,0.0,0.0,0.0,0.0,0.0,0.0,0.0,0.0,0.0,0.0
200,18,0.0,0.42639648,0.0,0.0,0.0,0.0,0.0,0.0,0.0,0.0,0.0,0.0,0.0,0.0,0.0
200,19,7.4,0.42535536,7.6763485477178435,3.5192631369294616,0.0,1.0,0.0,0.0,0.0,0.0,7.4,0.0,0.0,0.0,0.0
200,20,22.200000000000003,0.42095952,23.02904564315353,10.456557410788383,0.0,3.0,0.0,0.0,0.0,0.0,22.200000000000003,0.0,0.0,0.0,0.0
200,21,43.81090379819878,0.40811904,45.44699564128505,20.052079787731977,0.0,6.0,0.0,0.0,0.0,0.0,43.81090379819878,0.0,0.0,0.0,0.0
200,22,51.65527100539433,0.3582609599999999,53.584306022193296,20.970805445779348,0.0,7.0,0.0,0.0,0.0,0.0,51.65527100539433,0.0,0.0,0.0,0.0
200,23,45.76985440149516,0.30689904,47.47910207623979,16.14284912598354,0.0,7.0,0.0,0.0,0.0,0.0,45.76985440149516,0.0,0.0,0.0,0.0
201,0,44.4,0.25576848,46.05809128630706,13.304730821576767,0.0,6.0,0.0,0.0,0.0,0.0,44.4,0.0,0.0,0.0,0.0
201,1,46.19891450155008,0.23390496,47.924185167583076,12.795995143703117,0.0,7.0,0.0,0.0,0.0,0.0,46.19891450155008,0.0,0.0,0.0,0.0
201,2,29.6,0.2340206399999999,30.705394190871374,8.202044547717842,0.0,4.0,0.0,0.0,0.0,0.0,29.6,0.0,0.0,0.0,0.0
201,3,26.38638092802792,0.2866550399999999,27.37176444816174,8.752259635992536,0.0,5.0,0.0,0.0,0.0,0.0,26.38638092802792,0.0,0.0,0.0,0.0
201,4,51.69480824866946,0.33581904,53.625319760030564,19.78340148556351,0.0,7.0,0.0,0.0,0.0,0.0,51.69480824866946,0.0,0.0,0.0,0.0
201,5,37.0,0.35247696,38.38174273858922,14.799115684647306,0.0,5.0,0.0,0.0,0.0,0.0,37.0,0.0,0.0,0.0,0.0
201,6,51.69480824866945,0.38382624,53.625319760030564,22.357802936347248,0.0,7.0,0.0,0.0,0.0,0.0,51.69480824866945,0.0,0.0,0.0,0.0
201,7,33.46881104296139,0.36022752,34.71868365452428,13.655813739498571,0.0,7.0,0.0,0.0,0.0,0.0,33.46881104296139,0.0,0.0,0.0,0.0
201,8,7.4,0.34495776,7.6763485477178435,2.902103136929461,0.0,1.0,0.0,0.0,0.0,0.0,7.4,0.0,0.0,0.0,0.0
201,9,7.4,0.33072912,7.6763485477178435,2.792879136929461,0.0,1.0,0.0,0.0,0.0,0.0,7.4,0.0,0.0,0.0,0.0
201,10,0.0,0.3191611199999999,0.0,0.0,0.0,0.0,0.0,0.0,0.0,0.0,0.0,0.0,0.0,0.0,0.0
201,11,0.0,0.32691168,0.0,0.0,0.0,0.0,0.0,0.0,0.0,0.0,0.0,0.0,0.0,0.0,0.0
201,12,0.0,0.31279872,0.0,0.0,0.0,0.0,0.0,0.0,0.0,0.0,0.0,0.0,0.0,0.0,0.0
201,13,0.0,0.2920919999999999,0.0,0.0,0.0,0.0,0.0,0.0,0.0,0.0,0.0,0.0,0.0,0.0,0.0
201,14,0.0,0.3059735999999999,0.0,0.0,0.0,0.0,0.0,0.0,0.0,0.0,0.0,0.0,0.0,0.0,0.0
201,15,0.0,0.27693792,0.0,0.0,0.0,0.0,0.0,0.0,0.0,0.0,0.0,0.0,0.0,0.0,0.0
201,16,0.0,0.31731024,0.0,0.0,0.0,0.0,0.0,0.0,0.0,0.0,0.0,0.0,0.0,0.0,0.0
201,17,0.0,0.3337368,0.0,0.0,0.0,0.0,0.0,0.0,0.0,0.0,0.0,0.0,0.0,0.0,0.0
201,18,0.0,0.3840576,0.0,0.0,0.0,0.0,0.0,0.0,0.0,0.0,0.0,0.0,0.0,0.0,0.0
201,19,0.0,0.3684408,0.0,0.0,0.0,0.0,0.0,0.0,0.0,0.0,0.0,0.0,0.0,0.0,0.0
201,20,7.4,0.34738704,7.6763485477178435,2.920751136929461,0.0,1.0,0.0,0.0,0.0,0.0,7.4,0.0,0.0,0.0,0.0
201,21,22.200000000000003,0.3276057599999999,23.02904564315353,8.306709410788383,0.0,3.0,0.0,0.0,0.0,0.0,22.200000000000003,0.0,0.0,0.0,0.0
201,22,43.351138259638724,0.3013464,44.97006043530989,15.040074820371824,0.0,7.0,0.0,0.0,0.0,0.0,43.351138259638724,0.0,0.0,0.0,0.0
201,23,37.0,0.28966272,38.38174273858922,12.388195684647306,0.0,6.0,0.0,0.0,0.0,0.0,37.0,0.0,0.0,0.0,0.0
202,0,44.4,0.23702832,46.05809128630706,12.441594821576766,0.0,6.0,0.0,0.0,0.0,0.0,44.4,0.0,0.0,0.0,0.0
202,1,43.59996702886528,0.23448336,45.22818156521296,12.10230878990974,0.0,7.0,0.0,0.0,0.0,0.0,43.59996702886528,0.0,0.0,0.0,0.0
202,2,34.27556789085665,0.23205408,35.555568351511056,9.42770401512203,0.0,7.0,0.0,0.0,0.0,0.0,34.27556789085665,0.0,0.0,0.0,0.0
202,3,44.29480824866946,0.23332656,45.94897121231272,12.242026335635508,0.0,7.0,0.0,0.0,0.0,0.0,44.29480824866946,0.0,0.0,0.0,0.0
202,4,42.65799800768481,0.29313312,44.251035277681346,14.436153301868055,0.0,7.0,0.0,0.0,0.0,0.0,42.65799800768481,0.0,0.0,0.0,0.0
202,5,44.4,0.29290176,46.05809128630706,15.015018821576765,0.0,6.0,0.0,0.0,0.0,0.0,44.4,0.0,0.0,0.0,0.0
202,6,45.72543436686444,0.321012,47.43302320214154,16.796602712156748,0.0,7.0,0.0,0.0,0.0,0.0,45.72543436686444,0.0,0.0,0.0,0.0
202,7,12.292015523063018,0.3488908799999999,12.751053447160809,4.87078612720799,0.0,2.0,0.0,0.0,0.0,0.0,12.292015523063018,0.0,0.0,0.0,0.0
202,8,29.6,0.34923792,30.705394190871374,11.739836547717845,0.0,4.0,0.0,0.0,0.0,0.0,29.6,0.0,0.0,0.0,0.0
202,9,7.4,0.3424128,7.6763485477178435,2.8825671369294614,0.0,1.0,0.0,0.0,0.0,0.0,7.4,0.0,0.0,0.0,0.0
202,10,0.0,0.34264416,0.0,0.0,0.0,0.0,0.0,0.0,0.0,0.0,0.0,0.0,0.0,0.0,0.0
202,11,0.0,0.33651312,0.0,0.0,0.0,0.0,0.0,0.0,0.0,0.0,0.0,0.0,0.0,0.0,0.0
202,12,0.0,0.31777296,0.0,0.0,0.0,0.0,0.0,0.0,0.0,0.0,0.0,0.0,0.0,0.0,0.0
202,13,0.0,0.3136084799999999,0.0,0.0,0.0,0.0,0.0,0.0,0.0,0.0,0.0,0.0,0.0,0.0,0.0
202,14,0.0,0.31245168,0.0,0.0,0.0,0.0,0.0,0.0,0.0,0.0,0.0,0.0,0.0,0.0,0.0
202,15,0.0,0.32598624,0.0,0.0,0.0,0.0,0.0,0.0,0.0,0.0,0.0,0.0,0.0,0.0,0.0
202,16,0.0,0.35606304,0.0,0.0,0.0,0.0,0.0,0.0,0.0,0.0,0.0,0.0,0.0,0.0,0.0
202,17,0.0,0.35837664,0.0,0.0,0.0,0.0,0.0,0.0,0.0,0.0,0.0,0.0,0.0,0.0,0.0
202,18,0.0,0.36948192,0.0,0.0,0.0,0.0,0.0,0.0,0.0,0.0,0.0,0.0,0.0,0.0,0.0
202,19,0.0,0.36346656,0.0,0.0,0.0,0.0,0.0,0.0,0.0,0.0,0.0,0.0,0.0,0.0,0.0
202,20,14.8,0.3537494399999999,15.352697095435687,5.939182273858921,0.0,2.0,0.0,0.0,0.0,0.0,14.8,0.0,0.0,0.0,0.0
202,21,25.373106771368157,0.34738704,26.3206501777678,10.014666277014344,0.0,4.0,0.0,0.0,0.0,0.0,25.373106771368157,0.0,0.0,0.0,0.0
202,22,44.4,0.31765728,46.05809128630706,16.155210821576766,0.0,6.0,0.0,0.0,0.0,0.0,44.4,0.0,0.0,0.0,0.0
202,23,45.95994409729484,0.24732384,47.6762905573598,13.369568475050574,0.0,7.0,0.0,0.0,0.0,0.0,45.95994409729484,0.0,0.0,0.0,0.0
203,0,51.69480824866945,0.24084576,53.625319760030564,14.690428976904592,0.0,7.0,0.0,0.0,0.0,0.0,51.69480824866945,0.0,0.0,0.0,0.0
203,1,35.51349050651726,0.23691264,36.8397204424453,9.947190173526623,0.0,6.0,0.0,0.0,0.0,0.0,35.51349050651726,0.0,0.0,0.0,0.0
203,2,49.64417933330867,0.23286384,51.49811134160652,13.69663544516122,0.0,7.0,0.0,0.0,0.0,0.0,49.64417933330867,0.0,0.0,0.0,0.0
203,3,49.09667203209194,0.23216976,50.93015770963895,13.510230712398073,0.0,7.0,0.0,0.0,0.0,0.0,49.09667203209194,0.0,0.0,0.0,0.0
203,4,49.812215174667216,0.2319384,51.67242238036019,13.695176151814856,0.0,7.0,0.0,0.0,0.0,0.0,49.812215174667216,0.0,0.0,0.0,0.0
203,5,44.094487029204174,0.2407300799999999,45.741169117431724,12.525307998719855,0.0,7.0,0.0,0.0,0.0,0.0,44.094487029204174,0.0,0.0,0.0,0.0
203,6,51.69480824866946,0.28549824,53.625319760030564,17.08493249498296,0.0,7.0,0.0,0.0,0.0,0.0,51.69480824866946,0.0,0.0,0.0,0.0
203,7,35.97353961233841,0.3042384,37.31694980533031,12.58844014021044,0.0,5.0,0.0,0.0,0.0,0.0,35.97353961233841,0.0,0.0,0.0,0.0
203,8,29.995859838868135,0.30296592,31.116037177249105,10.416131375427641,1.0833700101431352,5.0,0.0,0.0,0.0,1.0,29.878515042263864,0.0,0.0,0.0,0.11734479660426766
203,9,22.200000000000003,0.29637216,23.02904564315353,7.587429410788383,0.0,3.0,0.0,0.0,0.0,0.0,22.200000000000003,0.0,0.0,0.0,0.0
203,10,0.0,0.2753184,0.0,0.0,0.0,0.0,0.0,0.0,0.0,0.0,0.0,0.0,0.0,0.0,0.0
203,11,0.0,0.26860896,0.0,0.0,0.0,0.0,0.0,0.0,0.0,0.0,0.0,0.0,0.0,0.0,0.0
203,12,0.0,0.2452416,0.0,0.0,0.0,0.0,0.0,0.0,0.0,0.0,0.0,0.0,0.0,0.0,0.0
203,13,0.0,0.2258073599999999,0.0,0.0,0.0,0.0,0.0,0.0,0.0,0.0,0.0,0.0,0.0,0.0,0.0
203,14,0.0,0.2402673599999999,0.0,0.0,0.0,0.0,0.0,0.0,0.0,0.0,0.0,0.0,0.0,0.0,0.0
203,15,0.0,0.26583264,0.0,0.0,0.0,0.0,0.0,0.0,0.0,0.0,0.0,0.0,0.0,0.0,0.0
203,16,0.0,0.3034286399999999,0.0,0.0,0.0,0.0,0.0,0.0,0.0,0.0,0.0,0.0,0.0,0.0,0.0
203,17,0.4336709534023355,0.3030816,0.44986613423478794,0.0,4.0038085946896125,0.0,0.0,0.0,0.0,1.0,0.0,0.0,0.0,0.0,0.4336709534023355
203,18,0.0,0.31106352,0.0,0.0,0.0,0.0,0.0,0.0,0.0,0.0,0.0,0.0,0.0,0.0,0.0
203,19,14.8,0.30666768,15.352697095435687,5.2163502738589225,0.0,2.0,0.0,0.0,0.0,0.0,14.8,0.0,0.0,0.0,0.0
203,20,29.6,0.306552,30.705394190871374,10.429148547717844,0.0,4.0,0.0,0.0,0.0,0.0,29.6,0.0,0.0,0.0,0.0
203,21,51.69480824866945,0.30227184,53.625319760030564,17.984422158509812,0.0,7.0,0.0,0.0,0.0,0.0,51.69480824866945,0.0,0.0,0.0,0.0
203,22,50.16882647834166,0.26189952,52.04235111861169,15.352468599661915,0.0,8.0,0.0,0.0,0.0,0.0,50.168826478341664,0.0,0.0,0.0,0.0
203,23,47.49614435161899,0.23899488,49.26985928591182,13.406076450017062,0.0,7.0,0.0,0.0,0.0,0.0,47.49614435161899,0.0,0.0,0.0,0.0
204,0,44.294808248669455,0.2348304,45.94897121231272,12.311126236503434,0.0,7.0,0.0,0.0,0.0,0.0,44.294808248669455,0.0,0.0,0.0,0.0
204,1,35.265989504805496,0.23066592,36.582976664736,9.649342496312622,0.0,6.0,0.0,0.0,0.0,0.0,35.265989504805496,0.0,0.0,0.0,0.0
204,2,48.02150582450571,0.2302032,49.81484006691464,13.116406797106842,0.0,7.0,0.0,0.0,0.0,0.0,48.02150582450571,0.0,0.0,0.0,0.0
204,3,48.5114057590429,0.18254304,50.323035019754045,10.851812253686223,0.0,7.0,0.0,0.0,0.0,0.0,48.5114057590429,0.0,0.0,0.0,0.0
204,4,51.69480824866945,0.12828912,53.625319760030564,8.654543165789944,0.0,7.0,0.0,0.0,0.0,0.0,51.69480824866945,0.0,0.0,0.0,0.0
204,5,51.694808248669474,0.0587654399999999,53.625319760030585,4.926313594895898,0.0,7.0,0.0,0.0,0.0,0.0,51.694808248669474,0.0,0.0,0.0,0.0
204,6,51.658176562638296,0.0333158399999999,53.58732008572438,3.5590468768422516,0.0,7.0,0.0,0.0,0.0,0.0,51.658176562638296,0.0,0.0,0.0,0.0
204,7,29.6,0.03956256,30.705394190871374,2.2311325477178423,0.0,5.0,0.0,0.0,0.0,0.0,29.6,0.0,0.0,0.0,0.0
204,8,29.6,0.0023136,30.705394190871374,1.0873885477178424,0.0,5.0,0.0,0.0,0.0,0.0,29.6,0.0,0.0,0.0,0.0
204,9,7.4,0.04037232,7.6763485477178435,0.5639991369294607,0.0,1.0,0.0,0.0,0.0,0.0,7.4,0.0,0.0,0.0,0.0
204,10,13.383697460913758,0.05332848,13.883503590159501,0.6634551369294607,55.243679877730756,1.0,0.0,0.0,0.0,1.0,7.4,0.0,0.0,0.0,5.983697460913757
204,11,0.0,0.04673472,0.0,0.0,0.0,0.0,0.0,0.0,0.0,0.0,0.0,0.0,0.0,0.0,0.0
204,12,8.57627720373833,0.04708176,8.896553115911132,0.0,79.17932273160908,0.0,0.0,0.0,0.0,1.0,0.0,0.0,0.0,0.0,8.57627720373833
204,13,1.2399638093841265,0.09346944,1.28626951180926,0.0,11.447798655102414,0.0,0.0,0.0,0.0,1.0,0.0,0.0,0.0,0.0,1.2399638093841265
204,14,0.25704874755195983,0.0572616,0.2666480783734023,0.0,2.3731678975232806,0.0,0.0,0.0,0.0,1.0,0.0,0.0,0.0,0.0,0.25704874755195983
204,15,0.0,0.14240208,0.0,0.0,0.0,0.0,0.0,0.0,0.0,0.0,0.0,0.0,0.0,0.0,0.0
204,16,0.0,0.1891368,0.0,0.0,0.0,0.0,0.0,0.0,0.0,0.0,0.0,0.0,0.0,0.0,0.0
204,17,0.0,0.25611552,0.0,0.0,0.0,0.0,0.0,0.0,0.0,0.0,0.0,0.0,0.0,0.0,0.0
204,18,0.0,0.3661272,0.0,0.0,0.0,0.0,0.0,0.0,0.0,0.0,0.0,0.0,0.0,0.0,0.0
204,19,14.8,0.3406775999999999,15.352697095435687,5.738494273858921,0.0,2.0,0.0,0.0,0.0,0.0,14.8,0.0,0.0,0.0,0.0
204,20,44.4,0.34195008,46.05809128630706,17.274090821576767,0.0,6.0,0.0,0.0,0.0,0.0,44.4,0.0,0.0,0.0,0.0
204,21,47.28616492807555,0.31777296,49.052038307132314,17.211033874856906,0.0,7.0,0.0,0.0,0.0,0.0,47.28616492807555,0.0,0.0,0.0,0.0
204,22,41.23528859921144,0.2915136,42.77519564233552,13.885410248162845,0.0,7.0,0.0,0.0,0.0,0.0,41.23528859921144,0.0,0.0,0.0,0.0
204,23,51.694808248669474,0.2499844799999999,53.625319760030585,15.180495759101976,0.0,7.0,0.0,0.0,0.0,0.0,51.694808248669474,0.0,0.0,0.0,0.0
205,0,47.09519431359443,0.2469768,48.85393600995274,13.68285406507233,0.0,7.0,0.0,0.0,0.0,0.0,47.09519431359443,0.0,0.0,0.0,0.0
205,1,35.36676132053188,0.2498688,36.68751174329034,10.381421172984776,0.0,6.0,0.0,0.0,0.0,0.0,35.36676132053188,0.0,0.0,0.0,0.0
205,2,44.4,0.25206672,46.05809128630706,13.134234821576767,0.0,6.0,0.0,0.0,0.0,0.0,44.4,0.0,0.0,0.0,0.0
205,3,51.69480824866946,0.25137264,53.625319760030564,15.254936282980061,0.0,7.0,0.0,0.0,0.0,0.0,51.69480824866946,0.0,0.0,0.0,0.0
205,4,32.99000533871986,0.26247792,34.22199723933596,10.115266762248666,0.0,5.0,0.0,0.0,0.0,0.0,32.99000533871986,0.0,0.0,0.0,0.0
205,5,46.76810266889818,0.30851856,48.51462932458318,16.57349780879788,0.0,7.0,0.0,0.0,0.0,0.0,46.76810266889818,0.0,0.0,0.0,0.0
205,6,51.69480824866946,0.36566448,53.625319760030564,21.383872748942316,0.0,7.0,0.0,0.0,0.0,0.0,51.69480824866946,0.0,0.0,0.0,0.0
205,7,40.299119202943054,0.3915768,41.80406556321895,17.75321679037802,0.0,6.0,0.0,0.0,0.0,0.0,40.299119202943054,0.0,0.0,0.0,0.0
205,8,19.908215726513177,0.3343151999999999,20.6516760648477,7.587739691701229,0.0,3.0,0.0,0.0,0.0,0.0,19.908215726513177,0.0,0.0,0.0,0.0
205,9,4.829209774964782,0.36797808,5.009553708469691,2.0092221830499035,0.0,1.0,0.0,0.0,0.0,0.0,4.829209774964782,0.0,0.0,0.0,0.0
205,10,0.0,0.33165456,0.0,0.0,0.0,0.0,0.0,0.0,0.0,0.0,0.0,0.0,0.0,0.0,0.0
205,11,0.0,0.31742592,0.0,0.0,0.0,0.0,0.0,0.0,0.0,0.0,0.0,0.0,0.0,0.0,0.0
205,12,0.0,0.312336,0.0,0.0,0.0,0.0,0.0,0.0,0.0,0.0,0.0,0.0,0.0,0.0,0.0
205,13,0.0,0.30782448,0.0,0.0,0.0,0.0,0.0,0.0,0.0,0.0,0.0,0.0,0.0,0.0,0.0
205,14,0.0,0.31268304,0.0,0.0,0.0,0.0,0.0,0.0,0.0,0.0,0.0,0.0,0.0,0.0,0.0
205,15,0.0,0.32887824,0.0,0.0,0.0,0.0,0.0,0.0,0.0,0.0,0.0,0.0,0.0,0.0,0.0
205,16,0.0,0.358608,0.0,0.0,0.0,0.0,0.0,0.0,0.0,0.0,0.0,0.0,0.0,0.0,0.0
205,17,0.0,0.3811656,0.0,0.0,0.0,0.0,0.0,0.0,0.0,0.0,0.0,0.0,0.0,0.0,0.0
205,18,0.0,0.38313216,0.0,0.0,0.0,0.0,0.0,0.0,0.0,0.0,0.0,0.0,0.0,0.0,0.0
205,19,0.0,0.35212992,0.0,0.0,0.0,0.0,0.0,0.0,0.0,0.0,0.0,0.0,0.0,0.0,0.0
205,20,22.200000000000003,0.3348936,23.02904564315353,8.474541410788383,0.0,3.0,0.0,0.0,0.0,0.0,22.200000000000003,0.0,0.0,0.0,0.0
205,21,37.0,0.3111792,38.38174273858922,13.214035684647305,0.0,5.0,0.0,0.0,0.0,0.0,37.0,0.0,0.0,0.0,0.0
205,22,44.4,0.27196368,46.05809128630706,14.050650821576763,0.0,6.0,0.0,0.0,0.0,0.0,44.4,0.0,0.0,0.0,0.0
205,23,34.78849373203791,0.3060892799999999,36.087649099624386,12.24054371499424,0.0,7.0,0.0,0.0,0.0,0.0,34.78849373203791,0.0,0.0,0.0,0.0
206,0,39.48028750443706,0.28885296,40.95465508759032,13.185472431228764,0.0,6.0,0.0,0.0,0.0,0.0,39.48028750443706,0.0,0.0,0.0,0.0
206,1,31.319548038641464,0.27659088,32.489157716433056,10.061595843660944,0.0,5.0,0.0,0.0,0.0,0.0,31.319548038641464,0.0,0.0,0.0,0.0
206,2,50.15746793890315,0.254496,52.030568401351815,14.96378334995518,0.0,7.0,0.0,0.0,0.0,0.0,50.15746793890315,0.0,0.0,0.0,0.0
206,3,47.550544944906505,0.24824928,49.32629143662501,13.877916580764612,0.0,7.0,0.0,0.0,0.0,0.0,47.550544944906505,0.0,0.0,0.0,0.0
206,4,51.69480824866946,0.25831344,53.625319760030564,15.627138902370485,0.0,7.0,0.0,0.0,0.0,0.0,51.69480824866946,0.0,0.0,0.0,0.0
206,5,45.86406944559235,0.30620496,47.576835524473395,16.143056274558027,0.0,7.0,0.0,0.0,0.0,0.0,45.86406944559235,0.0,0.0,0.0,0.0
206,6,31.577468000380392,0.33847968,32.75670954396307,12.171727650198743,0.0,5.0,0.0,0.0,0.0,0.0,31.577468000380392,0.0,0.0,0.0,0.0
206,7,14.481802057348863,0.32991936,15.022616242063137,5.453500533719366,0.0,2.0,0.0,0.0,0.0,0.0,14.481802057348863,0.0,0.0,0.0,0.0
206,8,14.8,0.33281136,15.352697095435687,5.617726273858922,0.0,2.0,0.0,0.0,0.0,0.0,14.8,0.0,0.0,0.0,0.0
206,9,0.0,0.3158064,0.0,0.0,0.0,0.0,0.0,0.0,0.0,0.0,0.0,0.0,0.0,0.0,0.0
206,10,0.0,0.3100224,0.0,0.0,0.0,0.0,0.0,0.0,0.0,0.0,0.0,0.0,0.0,0.0,0.0
206,11,0.0,0.29070384,0.0,0.0,0.0,0.0,0.0,0.0,0.0,0.0,0.0,0.0,0.0,0.0,0.0
206,12,0.0,0.28815888,0.0,0.0,0.0,0.0,0.0,0.0,0.0,0.0,0.0,0.0,0.0,0.0,0.0
206,13,0.0,0.2804083199999999,0.0,0.0,0.0,0.0,0.0,0.0,0.0,0.0,0.0,0.0,0.0,0.0,0.0
206,14,0.0,0.28075536,0.0,0.0,0.0,0.0,0.0,0.0,0.0,0.0,0.0,0.0,0.0,0.0,0.0
206,15,0.0,0.28584528,0.0,0.0,0.0,0.0,0.0,0.0,0.0,0.0,0.0,0.0,0.0,0.0,0.0
206,16,0.0,0.29625648,0.0,0.0,0.0,0.0,0.0,0.0,0.0,0.0,0.0,0.0,0.0,0.0,0.0
206,17,0.0,0.3043540799999999,0.0,0.0,0.0,0.0,0.0,0.0,0.0,0.0,0.0,0.0,0.0,0.0,0.0
206,18,0.0,0.34380096,0.0,0.0,0.0,0.0,0.0,0.0,0.0,0.0,0.0,0.0,0.0,0.0,0.0
206,19,7.4,0.32864688,7.6763485477178435,2.7768951369294608,0.0,1.0,0.0,0.0,0.0,0.0,7.4,0.0,0.0,0.0,0.0
206,20,7.4,0.32297856,7.6763485477178435,2.7333831369294614,0.0,1.0,0.0,0.0,0.0,0.0,7.4,0.0,0.0,0.0,0.0
206,21,35.29115800417163,0.31372416,36.609085066568085,12.696915176581022,0.0,5.0,0.0,0.0,0.0,0.0,35.29115800417163,0.0,0.0,0.0,0.0
206,22,22.200000000000003,0.28896864,23.02904564315353,7.416933410788383,0.0,3.0,0.0,0.0,0.0,0.0,22.200000000000003,0.0,0.0,0.0,0.0
206,23,37.0,0.29995824,38.38174273858922,12.783355684647304,0.0,5.0,0.0,0.0,0.0,0.0,37.0,0.0,0.0,0.0,0.0
207,0,29.6,0.2892,30.705394190871374,9.896348547717844,0.0,4.0,0.0,0.0,0.0,0.0,29.6,0.0,0.0,0.0,0.0
207,1,44.4,0.28896864,46.05809128630706,14.833866821576766,0.0,6.0,0.0,0.0,0.0,0.0,44.4,0.0,0.0,0.0,0.0
207,2,22.572445835244846,0.28839024,23.415400244029925,7.52782264414924,0.0,5.0,0.0,0.0,0.0,0.0,22.572445835244846,0.0,0.0,0.0,0.0
207,3,51.694808248669474,0.28966272,53.625319760030585,17.30825406661722,0.0,7.0,0.0,0.0,0.0,0.0,51.694808248669474,0.0,0.0,0.0,0.0
207,4,37.0,0.306552,38.38174273858922,13.036435684647305,0.0,5.0,0.0,0.0,0.0,0.0,37.0,0.0,0.0,0.0,0.0
207,5,22.378230026334876,0.33419952,23.213931562588048,8.52646592025144,0.0,4.0,0.0,0.0,0.0,0.0,22.378230026334876,0.0,0.0,0.0,0.0
207,6,51.69480824866945,0.35502192,53.625319760030564,20.813162065877002,0.0,7.0,0.0,0.0,0.0,0.0,51.69480824866945,0.0,0.0,0.0,0.0
207,7,51.69480824866946,0.36520176,53.625319760030564,21.359059240982955,0.0,7.0,0.0,0.0,0.0,0.0,51.69480824866946,0.0,0.0,0.0,0.0
207,8,22.200000000000003,0.3609216,23.02904564315353,9.073941410788384,0.0,3.0,0.0,0.0,0.0,0.0,22.200000000000003,0.0,0.0,0.0,0.0
207,9,7.4,0.3615,7.6763485477178435,3.029087136929461,0.0,1.0,0.0,0.0,0.0,0.0,7.4,0.0,0.0,0.0,0.0
207,10,0.0,0.3539808,0.0,0.0,0.0,0.0,0.0,0.0,0.0,0.0,0.0,0.0,0.0,0.0,0.0
207,11,0.0,0.3447264,0.0,0.0,0.0,0.0,0.0,0.0,0.0,0.0,0.0,0.0,0.0,0.0,0.0
207,12,0.0,0.3435696,0.0,0.0,0.0,0.0,0.0,0.0,0.0,0.0,0.0,0.0,0.0,0.0,0.0
207,13,0.0,0.3418344,0.0,0.0,0.0,0.0,0.0,0.0,0.0,0.0,0.0,0.0,0.0,0.0,0.0
207,14,0.0,0.34495776,0.0,0.0,0.0,0.0,0.0,0.0,0.0,0.0,0.0,0.0,0.0,0.0,0.0
207,15,0.0,0.3580296,0.0,0.0,0.0,0.0,0.0,0.0,0.0,0.0,0.0,0.0,0.0,0.0,0.0
207,16,0.0,0.38047152,0.0,0.0,0.0,0.0,0.0,0.0,0.0,0.0,0.0,0.0,0.0,0.0,0.0
207,17,0.0,0.38452032,0.0,0.0,0.0,0.0,0.0,0.0,0.0,0.0,0.0,0.0,0.0,0.0,0.0
207,18,0.0,0.3787363199999999,0.0,0.0,0.0,0.0,0.0,0.0,0.0,0.0,0.0,0.0,0.0,0.0,0.0
207,19,14.8,0.36184704,15.352697095435687,6.063502273858923,0.0,2.0,0.0,0.0,0.0,0.0,14.8,0.0,0.0,0.0,0.0
207,20,14.8,0.35849232,15.352697095435687,6.011998273858922,0.0,2.0,0.0,0.0,0.0,0.0,14.8,0.0,0.0,0.0,0.0
207,21,20.273355749573938,0.37225824,21.030452022379606,8.52486701819624,0.0,4.0,0.0,0.0,0.0,0.0,20.273355749573938,0.0,0.0,0.0,0.0
207,22,37.0,0.3418344,38.38174273858922,14.390635684647306,0.0,6.0,0.0,0.0,0.0,0.0,37.0,0.0,0.0,0.0,0.0
207,23,30.746370045087534,0.35212992,31.894574735567982,12.286744473816874,0.0,6.0,0.0,0.0,0.0,0.0,30.746370045087534,0.0,0.0,0.0,0.0
208,0,51.694808248669474,0.34576752,53.625319760030585,20.316891906689783,0.0,7.0,0.0,0.0,0.0,0.0,51.694808248669474,0.0,0.0,0.0,0.0
208,1,33.708188799701205,0.34044624,34.96700082956557,13.061791683961102,0.0,5.0,0.0,0.0,0.0,0.0,33.708188799701205,0.0,0.0,0.0,0.0
208,2,29.6,0.338364,30.705394190871374,11.405948547717845,0.0,5.0,0.0,0.0,0.0,0.0,29.6,0.0,0.0,0.0,0.0
208,3,48.38887175189672,0.33998352,50.19592505383478,18.72727240874087,0.0,7.0,0.0,0.0,0.0,0.0,48.38887175189672,0.0,0.0,0.0,0.0
208,4,22.200000000000003,0.35247696,23.02904564315353,8.879469410788383,0.0,3.0,0.0,0.0,0.0,0.0,22.200000000000003,0.0,0.0,0.0,0.0
208,5,44.28760327517802,0.3760756799999999,45.94149717342118,18.79814334615269,0.0,7.0,0.0,0.0,0.0,0.0,44.28760327517802,0.0,0.0,0.0,0.0
208,6,51.69480824866945,0.39886464,53.625319760030564,23.16424194502649,0.0,7.0,0.0,0.0,0.0,0.0,51.69480824866945,0.0,0.0,0.0,0.0
208,7,37.0,0.3922708799999999,38.38174273858922,16.326475684647303,0.0,5.0,0.0,0.0,0.0,0.0,37.0,0.0,0.0,0.0,0.0
208,8,14.8,0.39238656,15.352697095435687,6.532366273858923,0.0,2.0,0.0,0.0,0.0,0.0,14.8,0.0,0.0,0.0,0.0
208,9,0.0,0.39643536,0.0,0.0,0.0,0.0,0.0,0.0,0.0,0.0,0.0,0.0,0.0,0.0,0.0
208,10,0.0,0.3922708799999999,0.0,0.0,0.0,0.0,0.0,0.0,0.0,0.0,0.0,0.0,0.0,0.0,0.0
208,11,0.0,0.39284928,0.0,0.0,0.0,0.0,0.0,0.0,0.0,0.0,0.0,0.0,0.0,0.0,0.0
208,12,0.0,0.38255376,0.0,0.0,0.0,0.0,0.0,0.0,0.0,0.0,0.0,0.0,0.0,0.0,0.0
208,13,0.0,0.37977744,0.0,0.0,0.0,0.0,0.0,0.0,0.0,0.0,0.0,0.0,0.0,0.0,0.0
208,14,0.0,0.39030432,0.0,0.0,0.0,0.0,0.0,0.0,0.0,0.0,0.0,0.0,0.0,0.0,0.0
208,15,0.0,0.39597264,0.0,0.0,0.0,0.0,0.0,0.0,0.0,0.0,0.0,0.0,0.0,0.0,0.0
208,16,0.0,0.41020128,0.0,0.0,0.0,0.0,0.0,0.0,0.0,0.0,0.0,0.0,0.0,0.0,0.0
208,17,0.0,0.41656368,0.0,0.0,0.0,0.0,0.0,0.0,0.0,0.0,0.0,0.0,0.0,0.0,0.0
208,18,0.0,0.42500832,0.0,0.0,0.0,0.0,0.0,0.0,0.0,0.0,0.0,0.0,0.0,0.0,0.0
208,19,0.0,0.4204968,0.0,0.0,0.0,0.0,0.0,0.0,0.0,0.0,0.0,0.0,0.0,0.0,0.0
208,20,22.200000000000003,0.40973856,23.02904564315353,10.198149410788382,0.0,3.0,0.0,0.0,0.0,0.0,22.200000000000003,0.0,0.0,0.0,0.0
208,21,46.82154574882484,0.3956256,48.57006820417515,20.823231632875913,0.0,7.0,0.0,0.0,0.0,0.0,46.82154574882484,0.0,0.0,0.0,0.0
208,22,51.69480824866945,0.3760756799999999,53.625319760030564,21.94217667802794,0.0,7.0,0.0,0.0,0.0,0.0,51.69480824866945,0.0,0.0,0.0,0.0
208,23,22.08737824462575,0.37410912,22.912218096084807,9.33006416815477,0.0,4.0,0.0,0.0,0.0,0.0,22.08737824462575,0.0,0.0,0.0,0.0
209,0,13.866384239665276,0.35548464,14.384216016250289,5.589485402356853,0.0,4.0,0.0,0.0,0.0,0.0,13.866384239665278,0.0,0.0,0.0,0.0
209,1,50.80162739694128,0.34865952,52.698783606785575,20.11826233431033,0.0,7.0,0.0,0.0,0.0,0.0,50.80162739694128,0.0,0.0,0.0,0.0
209,2,51.69480824866945,0.34842816,53.625319760030564,20.459569577456104,0.0,7.0,0.0,0.0,0.0,0.0,51.69480824866945,0.0,0.0,0.0,0.0
209,3,42.80829875518672,0.35617872,44.4069489161688,17.28668023319158,0.0,6.0,0.0,0.0,0.0,0.0,42.80829875518672,0.0,0.0,0.0,0.0
209,4,47.90375599216152,0.38556144,49.692692937926886,20.804414382870306,0.0,7.0,0.0,0.0,0.0,0.0,47.90375599216152,0.0,0.0,0.0,0.0
209,5,27.56901268954708,0.3944688,28.59856088127291,12.227852357732802,0.0,4.0,0.0,0.0,0.0,0.0,27.56901268954708,0.0,0.0,0.0,0.0
209,6,51.694808248669474,0.4059211199999999,53.625319760030585,23.54264794140676,0.0,7.0,0.0,0.0,0.0,0.0,51.694808248669474,0.0,0.0,0.0,0.0
209,7,51.69480824866945,0.41841456,53.625319760030564,24.212612656309503,0.0,7.0,0.0,0.0,0.0,0.0,51.69480824866945,0.0,0.0,0.0,0.0
209,8,20.50423970944064,0.42084384,21.269958204813946,9.655366504132749,0.0,3.0,0.0,0.0,0.0,0.0,20.50423970944064,0.0,0.0,0.0,0.0
209,9,0.0,0.41205216,0.0,0.0,0.0,0.0,0.0,0.0,0.0,0.0,0.0,0.0,0.0,0.0,0.0
209,10,7.4,0.40962288,7.6763485477178435,3.3984951369294616,0.0,1.0,0.0,0.0,0.0,0.0,7.4,0.0,0.0,0.0,0.0
209,11,5.974114554913095,0.40904448,6.19721426858205,0.0,55.15520699038024,0.0,0.0,0.0,0.0,1.0,0.0,0.0,0.0,0.0,5.974114554913095
209,12,0.0,0.40407024,0.0,0.0,0.0,0.0,0.0,0.0,0.0,0.0,0.0,0.0,0.0,0.0,0.0
209,13,0.0,0.39655104,0.0,0.0,0.0,0.0,0.0,0.0,0.0,0.0,0.0,0.0,0.0,0.0,0.0
209,14,0.0,0.39238656,0.0,0.0,0.0,0.0,0.0,0.0,0.0,0.0,0.0,0.0,0.0,0.0,0.0
209,15,0.0,0.39377472,0.0,0.0,0.0,0.0,0.0,0.0,0.0,0.0,0.0,0.0,0.0,0.0,0.0
209,16,0.0,0.4030291199999999,0.0,0.0,0.0,0.0,0.0,0.0,0.0,0.0,0.0,0.0,0.0,0.0,0.0
209,17,0.0,0.4129776,0.0,0.0,0.0,0.0,0.0,0.0,0.0,0.0,0.0,0.0,0.0,0.0,0.0
209,18,0.0,0.40754064,0.0,0.0,0.0,0.0,0.0,0.0,0.0,0.0,0.0,0.0,0.0,0.0,0.0
209,19,0.0,0.39689808,0.0,0.0,0.0,0.0,0.0,0.0,0.0,0.0,0.0,0.0,0.0,0.0,0.0
209,20,1.7040643382971195,0.39088272,1.7677015957439,0.7494749307118392,0.0,1.0,0.0,0.0,0.0,0.0,1.7040643382971195,0.0,0.0,0.0,0.0
209,21,29.154013185755176,0.36508608,30.242752267380894,12.042242973759508,0.0,6.0,0.0,0.0,0.0,0.0,29.154013185755176,0.0,0.0,0.0,0.0
209,22,44.97839513509926,0.32841552,46.65808623972953,16.867622309160666,0.0,7.0,0.0,0.0,0.0,0.0,44.97839513509926,0.0,0.0,0.0,0.0
209,23,37.31265290881287,0.21990768,38.70607148217103,9.792933347618254,0.0,6.0,0.0,0.0,0.0,0.0,37.31265290881287,0.0,0.0,0.0,0.0
210,0,51.69480824866945,0.18589776,53.625319760030564,11.74382490673043,0.0,7.0,0.0,0.0,0.0,0.0,51.69480824866945,0.0,0.0,0.0,0.0
210,1,44.4,0.05830272,46.05809128630706,4.209834821576764,0.0,6.0,0.0,0.0,0.0,0.0,44.4,0.0,0.0,0.0,0.0
210,2,51.69480824866946,0.02649072,53.625319760030564,3.195571414730449,0.0,7.0,0.0,0.0,0.0,0.0,51.69480824866946,0.0,0.0,0.0,0.0
210,3,51.69480824866945,0.011568,53.625319760030564,2.3953357830410456,0.0,7.0,0.0,0.0,0.0,0.0,51.69480824866945,0.0,0.0,0.0,0.0
210,4,51.69480824866945,0.00890736,53.625319760030564,2.2526581122747174,0.0,7.0,0.0,0.0,0.0,0.0,51.69480824866945,0.0,0.0,0.0,0.0
210,5,17.418965072528827,0.06952368,18.069465842872226,1.8543550804298499,0.0,3.0,0.0,0.0,0.0,0.0,17.418965072528827,0.0,0.0,0.0,0.0
210,6,51.55278672471577,0.1735199999999999,53.47799452771346,11.04962322931615,0.0,7.0,0.0,0.0,0.0,0.0,51.55278672471577,0.0,0.0,0.0,0.0
210,7,8.961623509465193,0.2192136,9.296289947578002,2.049730287862309,10.435687372970314,2.0,0.0,0.0,0.0,1.0,7.831286135583914,0.0,0.0,0.0,1.1303373738812788
210,8,44.27900981627508,0.23968896,45.93258279696585,12.529901491298208,0.0,6.0,0.0,0.0,0.0,0.0,44.27900981627508,0.0,0.0,0.0,0.0
210,9,7.4,0.24778656,7.6763485477178435,2.156183136929461,0.0,1.0,0.0,0.0,0.0,0.0,7.4,0.0,0.0,0.0,0.0
210,10,0.0,0.2562312,0.0,0.0,0.0,0.0,0.0,0.0,0.0,0.0,0.0,0.0,0.0,0.0,0.0
210,11,0.0,0.2576193599999999,0.0,0.0,0.0,0.0,0.0,0.0,0.0,0.0,0.0,0.0,0.0,0.0,0.0
210,12,0.0,0.27485568,0.0,0.0,0.0,0.0,0.0,0.0,0.0,0.0,0.0,0.0,0.0,0.0,0.0
210,13,0.0,0.2105376,0.0,0.0,0.0,0.0,0.0,0.0,0.0,0.0,0.0,0.0,0.0,0.0,0.0
210,14,0.0,0.22754256,0.0,0.0,0.0,0.0,0.0,0.0,0.0,0.0,0.0,0.0,0.0,0.0,0.0
210,15,0.0,0.3106008,0.0,0.0,0.0,0.0,0.0,0.0,0.0,0.0,0.0,0.0,0.0,0.0,0.0
210,16,0.0,0.3322329599999999,0.0,0.0,0.0,0.0,0.0,0.0,0.0,0.0,0.0,0.0,0.0,0.0,0.0
210,17,0.0,0.3350092799999999,0.0,0.0,0.0,0.0,0.0,0.0,0.0,0.0,0.0,0.0,0.0,0.0,0.0
210,18,4.570045870730349,0.33709152,4.740711484160113,0.0,42.192332209025004,0.0,0.0,0.0,0.0,1.0,0.0,0.0,0.0,0.0,4.570045870730349
210,19,0.0,0.3220531199999999,0.0,0.0,0.0,0.0,0.0,0.0,0.0,0.0,0.0,0.0,0.0,0.0,0.0
210,20,22.200000000000003,0.31164192,23.02904564315353,7.939077410788384,0.0,3.0,0.0,0.0,0.0,0.0,22.200000000000003,0.0,0.0,0.0,0.0
210,21,22.200000000000003,0.30088368,23.02904564315353,7.691325410788382,0.0,4.0,0.0,0.0,0.0,0.0,22.200000000000003,0.0,0.0,0.0,0.0
210,22,51.322289737365885,0.2828376,53.23888976905175,15.831015992469474,27.864503951668684,7.0,0.0,0.0,0.0,1.0,48.30415694979189,0.0,0.0,0.0,3.0181327875740007
210,23,48.93473925065224,0.28896864,50.76217764590482,16.34890551785497,0.0,7.0,0.0,0.0,0.0,0.0,48.93473925065224,0.0,0.0,0.0,0.0
211,0,49.03151698807539,0.28526688,50.86256948970476,16.192957557220495,0.0,7.0,0.0,0.0,0.0,0.0,49.03151698807539,0.0,0.0,0.0,0.0
211,1,51.07190142050746,0.2828376,52.97915085114882,16.738105769949918,0.0,7.0,0.0,0.0,0.0,0.0,51.07190142050746,0.0,0.0,0.0,0.0
211,2,49.86401098228019,0.28815888,51.726152471245015,16.61748580962141,0.0,7.0,0.0,0.0,0.0,0.0,49.86401098228019,0.0,0.0,0.0,0.0
211,3,44.52194684821782,0.28769616,46.184592166201064,14.815839818083385,0.0,7.0,0.0,0.0,0.0,0.0,44.52194684821782,0.0,0.0,0.0,0.0
211,4,39.43024283001913,0.28318464,40.90274152491611,12.936908878221143,0.0,7.0,0.0,0.0,0.0,0.0,39.43024283001913,0.0,0.0,0.0,0.0
211,5,51.69480824866946,0.30030528,53.625319760030564,17.878964749682524,0.0,7.0,0.0,0.0,0.0,0.0,51.69480824866946,0.0,0.0,0.0,0.0
211,6,50.88645152731584,0.30874992,52.7867754432737,18.04515496234108,0.0,7.0,0.0,0.0,0.0,0.0,50.88645152731584,0.0,0.0,0.0,0.0
211,7,51.694808248669474,0.3151123199999999,53.625319760030585,18.672997004382086,0.0,7.0,0.0,0.0,0.0,0.0,51.694808248669474,0.0,0.0,0.0,0.0
211,8,51.47599301878035,0.12273648,53.39833300703357,8.321408253683927,0.0,7.0,0.0,0.0,0.0,0.0,51.47599301878036,0.0,0.0,0.0,0.0
211,9,0.0,0.0006940799999999,0.0,0.0,0.0,0.0,0.0,0.0,0.0,0.0,0.0,0.0,0.0,0.0,0.0
211,10,1.4258095086505773,-0.0017352,1.4790555068989393,0.0,13.16359401140056,0.0,0.0,0.0,0.0,1.0,0.0,0.0,0.0,0.0,1.4258095086505773
211,11,0.0,-0.008676,0.0,0.0,0.0,0.0,0.0,0.0,0.0,0.0,0.0,0.0,0.0,0.0,0.0
211,12,0.0,0.0,0.0,0.0,0.0,0.0,0.0,0.0,0.0,0.0,0.0,0.0,0.0,0.0,0.0
211,13,0.0,0.00011568,0.0,0.0,0.0,0.0,0.0,0.0,0.0,0.0,0.0,0.0,0.0,0.0,0.0
211,14,0.0,0.0005784,0.0,0.0,0.0,0.0,0.0,0.0,0.0,0.0,0.0,0.0,0.0,0.0,0.0
211,15,0.0,0.03030816,0.0,0.0,0.0,0.0,0.0,0.0,0.0,0.0,0.0,0.0,0.0,0.0,0.0
211,16,0.0,0.18878976,0.0,0.0,0.0,0.0,0.0,0.0,0.0,0.0,0.0,0.0,0.0,0.0,0.0
211,17,1.3195674750261308,0.31650048,1.3688459284503434,0.0,12.182728763208056,0.0,0.0,0.0,0.0,1.0,0.0,0.0,0.0,0.0,1.3195674750261308
211,18,0.0,0.39007296,0.0,0.0,0.0,0.0,0.0,0.0,0.0,0.0,0.0,0.0,0.0,0.0,0.0
211,19,13.256123075543382,0.38336352,13.751165016123842,0.0,122.3853686435022,0.0,0.0,0.0,0.0,1.0,0.0,0.0,0.0,0.0,13.256123075543382
211,20,18.260722602419875,0.37434048,18.942658301265432,7.718005790743572,0.0,3.0,0.0,0.0,0.0,0.0,18.260722602419875,0.0,0.0,0.0,0.0
211,21,48.314149560846495,0.36173136,50.11841240751711,19.788320931900856,0.0,7.0,0.0,0.0,0.0,0.0,48.314149560846495,0.0,0.0,0.0,0.0
211,22,41.46416843719897,0.335472,43.01262286016491,15.8532484328167,0.0,7.0,0.0,0.0,0.0,0.0,41.46416843719897,0.0,0.0,0.0,0.0
211,23,41.01819362029647,0.34704,42.54999338205029,16.1749544842526,0.0,6.0,0.0,0.0,0.0,0.0,41.01819362029647,0.0,0.0,0.0,0.0
212,0,45.752821892186006,0.34264416,47.46143349811826,17.83335646214631,0.0,7.0,0.0,0.0,0.0,0.0,45.752821892186006,0.0,0.0,0.0,0.0
212,1,44.4,0.3412559999999999,46.05809128630706,17.242122821576764,0.0,6.0,0.0,0.0,0.0,0.0,44.4,0.0,0.0,0.0,0.0
212,2,51.69480824866945,0.33975216,53.625319760030564,19.994316303218078,0.0,7.0,0.0,0.0,0.0,0.0,51.69480824866945,0.0,0.0,0.0,0.0
212,3,51.69480824866945,0.32633328,53.625319760030564,19.274724572396604,0.0,7.0,0.0,0.0,0.0,0.0,51.69480824866945,0.0,0.0,0.0,0.0
212,4,51.69480824866946,0.36543312,53.625319760030564,21.371465994962634,0.0,7.0,0.0,0.0,0.0,0.0,51.69480824866946,0.0,0.0,0.0,0.0
212,5,38.880559491951786,0.37549728,40.332530593310985,16.47976229594365,0.0,6.0,0.0,0.0,0.0,0.0,38.880559491951786,0.0,0.0,0.0,0.0
212,6,43.40818551868207,0.38255376,45.02923808991917,18.71657212201012,0.0,6.0,0.0,0.0,0.0,0.0,43.40818551868207,0.0,0.0,0.0,0.0
212,7,44.4,0.3956256,46.05809128630706,19.746282821576767,0.0,6.0,0.0,0.0,0.0,0.0,44.4,0.0,0.0,0.0,0.0
212,8,22.200000000000003,0.41020128,23.02904564315353,10.208805410788385,0.0,3.0,0.0,0.0,0.0,0.0,22.200000000000003,0.0,0.0,0.0,0.0
212,9,7.4,0.41077968,7.6763485477178435,3.407375136929461,0.0,1.0,0.0,0.0,0.0,0.0,7.4,0.0,0.0,0.0,0.0
212,10,0.0,0.41101104,0.0,0.0,0.0,0.0,0.0,0.0,0.0,0.0,0.0,0.0,0.0,0.0,0.0
212,11,0.0,0.4071936,0.0,0.0,0.0,0.0,0.0,0.0,0.0,0.0,0.0,0.0,0.0,0.0,0.0
212,12,0.0,0.40337616,0.0,0.0,0.0,0.0,0.0,0.0,0.0,0.0,0.0,0.0,0.0,0.0,0.0
212,13,1.9515401471292808,0.3787363199999999,2.024419239760665,0.0,18.01733123386992,0.0,0.0,0.0,0.0,1.0,0.0,0.0,0.0,0.0,1.9515401471292808
212,14,0.0,0.399096,0.0,0.0,0.0,0.0,0.0,0.0,0.0,0.0,0.0,0.0,0.0,0.0,0.0
212,15,0.0,0.40187232,0.0,0.0,0.0,0.0,0.0,0.0,0.0,0.0,0.0,0.0,0.0,0.0,0.0
212,16,0.0,0.40395456,0.0,0.0,0.0,0.0,0.0,0.0,0.0,0.0,0.0,0.0,0.0,0.0,0.0
212,17,0.0,0.41806752,0.0,0.0,0.0,0.0,0.0,0.0,0.0,0.0,0.0,0.0,0.0,0.0,0.0
212,18,0.0,0.4348411200000001,0.0,0.0,0.0,0.0,0.0,0.0,0.0,0.0,0.0,0.0,0.0,0.0,0.0
212,19,7.4,0.40407024,7.6763485477178435,3.3558711369294616,0.0,1.0,0.0,0.0,0.0,0.0,7.4,0.0,0.0,0.0,0.0
212,20,22.200000000000003,0.3805872,23.02904564315353,9.526821410788385,0.0,3.0,0.0,0.0,0.0,0.0,22.200000000000003,0.0,0.0,0.0,0.0
212,21,48.14224601553973,0.35617872,49.94008922773831,19.44061401125976,0.0,7.0,0.0,0.0,0.0,0.0,48.14224601553973,0.0,0.0,0.0,0.0
212,22,37.0,0.32552352,38.38174273858922,13.764595684647304,0.0,5.0,0.0,0.0,0.0,0.0,37.0,0.0,0.0,0.0,0.0
212,23,33.75814479472262,0.30123072,35.01882240116455,11.707868106933471,0.0,5.0,0.0,0.0,0.0,0.0,33.75814479472262,0.0,0.0,0.0,0.0
213,0,29.6,0.26641104,30.705394190871374,9.196604547717843,0.0,4.0,0.0,0.0,0.0,0.0,29.6,0.0,0.0,0.0,0.0
213,1,44.4,0.2296248,46.05809128630706,12.100602821576766,0.0,6.0,0.0,0.0,0.0,0.0,44.4,0.0,0.0,0.0,0.0
213,2,41.14564070923208,0.22696416,42.68219990584242,11.100110465464988,0.0,7.0,0.0,0.0,0.0,0.0,41.14564070923208,0.0,0.0,0.0,0.0
213,3,44.4,0.23101296,46.05809128630706,12.164538821576764,0.0,6.0,0.0,0.0,0.0,0.0,44.4,0.0,0.0,0.0,0.0
213,4,33.54493571823148,0.29417424,34.79765115999117,11.388374837171227,0.0,6.0,0.0,0.0,0.0,0.0,33.54493571823148,0.0,0.0,0.0,0.0
213,5,36.894808248669456,0.33049776,38.27262266459488,13.91583987017193,0.0,7.0,0.0,0.0,0.0,0.0,36.894808248669456,0.0,0.0,0.0,0.0
213,6,46.24861753396192,0.37457184,47.97574432983601,19.558359966313816,0.0,7.0,0.0,0.0,0.0,0.0,46.24861753396192,0.0,0.0,0.0,0.0
213,7,37.0,0.39319632,38.38174273858922,16.361995684647304,0.0,5.0,0.0,0.0,0.0,0.0,37.0,0.0,0.0,0.0,0.0
213,8,11.056943044766395,0.39932736,11.469857930255598,4.959880384355492,0.0,2.0,0.0,0.0,0.0,0.0,11.056943044766395,0.0,0.0,0.0,0.0
213,9,7.4,0.39296496,7.6763485477178435,3.270623136929461,0.0,1.0,0.0,0.0,0.0,0.0,7.4,0.0,0.0,0.0,0.0
213,10,0.0,0.3891475199999999,0.0,0.0,0.0,0.0,0.0,0.0,0.0,0.0,0.0,0.0,0.0,0.0,0.0
213,11,0.0,0.3862555199999999,0.0,0.0,0.0,0.0,0.0,0.0,0.0,0.0,0.0,0.0,0.0,0.0,0.0
213,12,0.0,0.37676976,0.0,0.0,0.0,0.0,0.0,0.0,0.0,0.0,0.0,0.0,0.0,0.0,0.0
213,13,0.0,0.38081856,0.0,0.0,0.0,0.0,0.0,0.0,0.0,0.0,0.0,0.0,0.0,0.0,0.0
213,14,0.0,0.37144848,0.0,0.0,0.0,0.0,0.0,0.0,0.0,0.0,0.0,0.0,0.0,0.0,0.0
213,15,0.0,0.37214256,0.0,0.0,0.0,0.0,0.0,0.0,0.0,0.0,0.0,0.0,0.0,0.0,0.0
213,16,0.0,0.3813969599999999,0.0,0.0,0.0,0.0,0.0,0.0,0.0,0.0,0.0,0.0,0.0,0.0,0.0
213,17,0.0,0.40187232,0.0,0.0,0.0,0.0,0.0,0.0,0.0,0.0,0.0,0.0,0.0,0.0,0.0
213,18,0.0,0.39608832,0.0,0.0,0.0,0.0,0.0,0.0,0.0,0.0,0.0,0.0,0.0,0.0,0.0
213,19,0.0,0.37387776,0.0,0.0,0.0,0.0,0.0,0.0,0.0,0.0,0.0,0.0,0.0,0.0,0.0
213,20,14.8,0.37723248,15.352697095435687,6.299710273858922,0.0,2.0,0.0,0.0,0.0,0.0,14.8,0.0,0.0,0.0,0.0
213,21,38.618969761806,0.3462302399999999,40.06117195208092,15.196413971264118,0.0,6.0,0.0,0.0,0.0,0.0,38.618969761806,0.0,0.0,0.0,0.0
213,22,37.0,0.3274900799999999,38.38174273858922,13.840075684647301,0.0,6.0,0.0,0.0,0.0,0.0,37.0,0.0,0.0,0.0,0.0
213,23,20.60829875518672,0.2601643199999999,21.37790327301527,6.269376266386597,0.0,3.0,0.0,0.0,0.0,0.0,20.60829875518672,0.0,0.0,0.0,0.0
214,0,28.997950668258206,0.25576848,30.08086168906453,8.689412793210305,0.0,4.0,0.0,0.0,0.0,0.0,28.997950668258206,0.0,0.0,0.0,0.0
214,1,28.23278570842853,0.22974048,29.287122104178977,7.6978412316810125,0.0,4.0,0.0,0.0,0.0,0.0,28.23278570842853,0.0,0.0,0.0,0.0
214,2,37.0,0.23205408,38.38174273858922,10.177075684647306,0.0,6.0,0.0,0.0,0.0,0.0,37.0,0.0,0.0,0.0,0.0
214,3,29.6,0.22869936,30.705394190871374,8.038652547717843,0.0,4.0,0.0,0.0,0.0,0.0,29.6,0.0,0.0,0.0,0.0
214,4,51.69480824866945,0.27774768,53.625319760030564,16.669306236663658,0.0,7.0,0.0,0.0,0.0,0.0,51.69480824866945,0.0,0.0,0.0,0.0
214,5,51.69480824866946,0.3175416,53.625319760030564,18.803267921168732,0.0,7.0,0.0,0.0,0.0,0.0,51.69480824866946,0.0,0.0,0.0,0.0
214,6,32.61434833437251,0.33281136,33.83231155017895,12.37962713126969,0.0,5.0,0.0,0.0,0.0,0.0,32.61434833437251,0.0,0.0,0.0,0.0
214,7,44.114280490607705,0.3433382399999999,45.761701753742436,17.226454467583714,0.0,6.0,0.0,0.0,0.0,0.0,44.114280490607705,0.0,0.0,0.0,0.0
214,8,14.8,0.33732288,15.352697095435687,5.686990273858922,0.0,2.0,0.0,0.0,0.0,0.0,14.8,0.0,0.0,0.0,0.0
214,9,7.4,0.32355696,7.6763485477178435,2.737823136929461,0.0,1.0,0.0,0.0,0.0,0.0,7.4,0.0,0.0,0.0,0.0
214,10,0.0,0.3134928,0.0,0.0,0.0,0.0,0.0,0.0,0.0,0.0,0.0,0.0,0.0,0.0,0.0
214,11,0.0,0.2996112,0.0,0.0,0.0,0.0,0.0,0.0,0.0,0.0,0.0,0.0,0.0,0.0,0.0
214,12,0.0,0.30215616,0.0,0.0,0.0,0.0,0.0,0.0,0.0,0.0,0.0,0.0,0.0,0.0,0.0
214,13,0.0,0.2730048,0.0,0.0,0.0,0.0,0.0,0.0,0.0,0.0,0.0,0.0,0.0,0.0,0.0
214,14,0.0,0.23980464,0.0,0.0,0.0,0.0,0.0,0.0,0.0,0.0,0.0,0.0,0.0,0.0,0.0
214,15,0.0,0.31210464,0.0,0.0,0.0,0.0,0.0,0.0,0.0,0.0,0.0,0.0,0.0,0.0,0.0
214,16,0.0,0.3158064,0.0,0.0,0.0,0.0,0.0,0.0,0.0,0.0,0.0,0.0,0.0,0.0,0.0
214,17,0.0,0.32297856,0.0,0.0,0.0,0.0,0.0,0.0,0.0,0.0,0.0,0.0,0.0,0.0,0.0
214,18,0.0,0.32228448,0.0,0.0,0.0,0.0,0.0,0.0,0.0,0.0,0.0,0.0,0.0,0.0,0.0
214,19,0.0,0.31256736,0.0,0.0,0.0,0.0,0.0,0.0,0.0,0.0,0.0,0.0,0.0,0.0,0.0
214,20,14.8,0.3180043199999999,15.352697095435687,5.390398273858921,0.0,2.0,0.0,0.0,0.0,0.0,14.8,0.0,0.0,0.0,0.0
214,21,51.43435238350676,0.30678336,53.355137327289185,18.134523348060466,0.0,7.0,0.0,0.0,0.0,0.0,51.43435238350676,0.0,0.0,0.0,0.0
214,22,38.38388131174972,0.26988144,39.81730426530054,12.0639041832189,0.0,6.0,0.0,0.0,0.0,0.0,38.38388131174972,0.0,0.0,0.0,0.0
214,23,33.860841732201365,0.08467776,35.12535449398482,4.136985571507466,0.0,5.0,0.0,0.0,0.0,0.0,33.860841732201365,0.0,0.0,0.0,0.0
215,0,22.200000000000003,0.10029456,23.02904564315353,3.071949410788382,0.0,3.0,0.0,0.0,0.0,0.0,22.200000000000003,0.0,0.0,0.0,0.0
215,1,28.21244605544183,0.0358608,29.266022879089043,2.0182083505602835,0.0,4.0,0.0,0.0,0.0,0.0,28.21244605544183,0.0,0.0,0.0,0.0
215,2,38.99265953460142,0.06327696,40.448816944607294,3.8983340127177386,0.0,6.0,0.0,0.0,0.0,0.0,38.99265953460142,0.0,0.0,0.0,0.0
215,3,44.4,0.08132304,46.05809128630706,5.270106821576765,0.0,6.0,0.0,0.0,0.0,0.0,44.4,0.0,0.0,0.0,0.0
215,4,15.242807582635647,0.08756976,15.812041060825361,1.9080351999199416,0.0,3.0,0.0,0.0,0.0,0.0,15.242807582635647,0.0,0.0,0.0,0.0
215,5,37.0,0.1707436799999999,38.38174273858922,7.8238756846473,0.0,5.0,0.0,0.0,0.0,0.0,37.0,0.0,0.0,0.0,0.0
215,6,51.69480824866946,0.2406143999999999,53.625319760030564,14.678022222924906,0.0,7.0,0.0,0.0,0.0,0.0,51.69480824866946,0.0,0.0,0.0,0.0
215,7,45.650417979021334,0.29972688,47.35520537242877,15.761085255864707,0.0,7.0,0.0,0.0,0.0,0.0,45.650417979021334,0.0,0.0,0.0,0.0
215,8,7.4,0.3175416,7.6763485477178435,2.691647136929461,0.0,1.0,0.0,0.0,0.0,0.0,7.4,0.0,0.0,0.0,0.0
215,9,0.0,0.33593472,0.0,0.0,0.0,0.0,0.0,0.0,0.0,0.0,0.0,0.0,0.0,0.0,0.0
215,10,0.0,0.3488908799999999,0.0,0.0,0.0,0.0,0.0,0.0,0.0,0.0,0.0,0.0,0.0,0.0,0.0
215,11,0.0,0.30643632,0.0,0.0,0.0,0.0,0.0,0.0,0.0,0.0,0.0,0.0,0.0,0.0,0.0
215,12,0.0,0.25183536,0.0,0.0,0.0,0.0,0.0,0.0,0.0,0.0,0.0,0.0,0.0,0.0,0.0
215,13,0.0,0.20799264,0.0,0.0,0.0,0.0,0.0,0.0,0.0,0.0,0.0,0.0,0.0,0.0,0.0
215,14,0.0,0.21123168,0.0,0.0,0.0,0.0,0.0,0.0,0.0,0.0,0.0,0.0,0.0,0.0,0.0
215,15,0.0,0.30007392,0.0,0.0,0.0,0.0,0.0,0.0,0.0,0.0,0.0,0.0,0.0,0.0,0.0
215,16,0.0,0.36855648,0.0,0.0,0.0,0.0,0.0,0.0,0.0,0.0,0.0,0.0,0.0,0.0,0.0
215,17,0.0,0.3648547199999999,0.0,0.0,0.0,0.0,0.0,0.0,0.0,0.0,0.0,0.0,0.0,0.0,0.0
215,18,0.0,0.3638136,0.0,0.0,0.0,0.0,0.0,0.0,0.0,0.0,0.0,0.0,0.0,0.0,0.0
215,19,0.0,0.34900656,0.0,0.0,0.0,0.0,0.0,0.0,0.0,0.0,0.0,0.0,0.0,0.0,0.0
215,20,14.43360326681341,0.3366288,14.972617496694411,5.535807899911829,0.0,2.0,0.0,0.0,0.0,0.0,14.43360326681341,0.0,0.0,0.0,0.0
215,21,21.161191785660044,0.31939248,21.95144376105814,7.737718850915911,0.0,5.0,0.0,0.0,0.0,0.0,21.161191785660044,0.0,0.0,0.0,0.0
215,22,41.21659751037344,0.30273456,42.75580654603054,14.358877478831287,0.0,6.0,0.0,0.0,0.0,0.0,41.21659751037344,0.0,0.0,0.0,0.0
215,23,25.828685097220312,0.2041752,26.793241802095757,6.357371807240632,0.0,4.0,0.0,0.0,0.0,0.0,25.828685097220312,0.0,0.0,0.0,0.0
216,0,44.4,0.20116752,46.05809128630706,10.789914821576764,0.0,6.0,0.0,0.0,0.0,0.0,44.4,0.0,0.0,0.0,0.0
216,1,45.37779324559515,0.1989696,47.072399632360124,10.92407295372196,0.0,7.0,0.0,0.0,0.0,0.0,45.37779324559515,0.0,0.0,0.0,0.0
216,2,27.5144069803071,0.1862448,28.541915954675417,6.260520846695087,0.0,4.0,0.0,0.0,0.0,0.0,27.5144069803071,0.0,0.0,0.0,0.0
216,3,29.6,0.1735199999999999,30.705394190871374,6.34434854771784,0.0,5.0,0.0,0.0,0.0,0.0,29.6,0.0,0.0,0.0,0.0
216,4,39.40003793237793,0.18150192,40.87140864354557,8.771082768009476,0.0,6.0,0.0,0.0,0.0,0.0,39.40003793237793,0.0,0.0,0.0,0.0
216,5,51.69480824866946,0.2041752,53.625319760030564,12.723958471125204,0.0,7.0,0.0,0.0,0.0,0.0,51.69480824866946,0.0,0.0,0.0,0.0
216,6,31.131583839380355,0.2421182399999999,32.294174107241034,8.887945760048446,0.0,6.0,0.0,0.0,0.0,0.0,31.131583839380355,0.0,0.0,0.0,0.0
216,7,51.69480824866946,0.27231072,53.625319760030564,16.377747518141163,0.0,7.0,0.0,0.0,0.0,0.0,51.69480824866946,0.0,0.0,0.0,0.0
216,8,29.6,0.2868864,30.705394190871374,9.825308547717844,0.0,4.0,0.0,0.0,0.0,0.0,29.6,0.0,0.0,0.0,0.0
216,9,7.4,0.2915136,7.6763485477178435,2.491847136929461,0.0,1.0,0.0,0.0,0.0,0.0,7.4,0.0,0.0,0.0,0.0
216,10,0.0,0.28677072,0.0,0.0,0.0,0.0,0.0,0.0,0.0,0.0,0.0,0.0,0.0,0.0,0.0
216,11,0.0,0.2816808,0.0,0.0,0.0,0.0,0.0,0.0,0.0,0.0,0.0,0.0,0.0,0.0,0.0
216,12,0.0,0.2556528,0.0,0.0,0.0,0.0,0.0,0.0,0.0,0.0,0.0,0.0,0.0,0.0,0.0
216,13,0.0,0.23749104,0.0,0.0,0.0,0.0,0.0,0.0,0.0,0.0,0.0,0.0,0.0,0.0,0.0
216,14,0.0,0.23344224,0.0,0.0,0.0,0.0,0.0,0.0,0.0,0.0,0.0,0.0,0.0,0.0,0.0
216,15,0.0,0.23448336,0.0,0.0,0.0,0.0,0.0,0.0,0.0,0.0,0.0,0.0,0.0,0.0,0.0
216,16,0.0,0.271848,0.0,0.0,0.0,0.0,0.0,0.0,0.0,0.0,0.0,0.0,0.0,0.0,0.0
216,17,0.0,0.28734912,0.0,0.0,0.0,0.0,0.0,0.0,0.0,0.0,0.0,0.0,0.0,0.0,0.0
216,18,0.0,0.2837630399999999,0.0,0.0,0.0,0.0,0.0,0.0,0.0,0.0,0.0,0.0,0.0,0.0,0.0
216,19,4.97524189119548,0.26930304,5.161039306219378,1.5607139757602309,0.0,1.0,0.0,0.0,0.0,0.0,4.97524189119548,0.0,0.0,0.0,0.0
216,20,22.200000000000003,0.2420025599999999,23.02904564315353,6.33534941078838,0.0,3.0,0.0,0.0,0.0,0.0,22.200000000000003,0.0,0.0,0.0,0.0
216,21,37.0,0.2093808,38.38174273858922,9.306835684647304,0.0,5.0,0.0,0.0,0.0,0.0,37.0,0.0,0.0,0.0,0.0
216,22,51.69480824866946,0.19688736,53.625319760030564,12.333145720765263,0.0,7.0,0.0,0.0,0.0,0.0,51.69480824866946,0.0,0.0,0.0,0.0
216,23,45.85699246972008,0.1058472,47.569494263195125,6.609648033287025,0.0,7.0,0.0,0.0,0.0,0.0,45.85699246972008,0.0,0.0,0.0,0.0
217,0,40.149466179371885,0.07970352,41.6488238375227,4.6981339327324685,0.0,7.0,0.0,0.0,0.0,0.0,40.149466179371885,0.0,0.0,0.0,0.0
217,1,39.55410825165325,0.05656752,41.031232626196314,3.6791688721341105,0.0,7.0,0.0,0.0,0.0,0.0,39.55410825165325,0.0,0.0,0.0,0.0
217,2,43.56184528096368,0.0561047999999999,45.18863618357229,4.031043253028324,0.0,6.0,0.0,0.0,0.0,0.0,43.56184528096368,0.0,0.0,0.0,0.0
217,3,45.89331977134802,0.0570302399999999,47.607178186045665,4.290846395631055,0.0,7.0,0.0,0.0,0.0,0.0,45.89331977134802,0.0,0.0,0.0,0.0
217,4,51.69480824866946,0.08664432,53.625319760030564,6.421327449447423,0.0,7.0,0.0,0.0,0.0,0.0,51.69480824866946,0.0,0.0,0.0,0.0
217,5,51.69480824866946,0.1479547199999999,53.625319760030564,9.709117254062797,0.0,7.0,0.0,0.0,0.0,0.0,51.69480824866946,0.0,0.0,0.0,0.0
217,6,51.69480824866946,0.17513952,53.625319760030585,11.166910846675284,0.0,7.0,0.0,0.0,0.0,0.0,51.69480824866946,0.0,0.0,0.0,0.0
217,7,51.69480824866945,0.1865918399999999,53.625319760030564,11.78104516866947,0.0,7.0,0.0,0.0,0.0,0.0,51.69480824866945,0.0,0.0,0.0,0.0
217,8,29.6,0.19584624,30.705394190871374,7.0298845477178435,0.0,4.0,0.0,0.0,0.0,0.0,29.6,0.0,0.0,0.0,0.0
217,9,7.4,0.19943232,7.6763485477178435,1.7849991369294607,0.0,1.0,0.0,0.0,0.0,0.0,7.4,0.0,0.0,0.0,0.0
217,10,3.4382432738112763,0.19619328,3.566642400219166,0.0,31.74311736195058,0.0,0.0,0.0,0.0,2.0,0.0,0.0,0.0,0.0,3.4382432738112763
217,11,3.533918252134897,0.19133472,3.665890303044499,0.0,32.626423697096044,0.0,0.0,0.0,0.0,1.0,0.0,0.0,0.0,0.0,3.533918252134897
217,12,0.0,0.18983088,0.0,0.0,0.0,0.0,0.0,0.0,0.0,0.0,0.0,0.0,0.0,0.0,0.0
217,13,0.0,0.19098768,0.0,0.0,0.0,0.0,0.0,0.0,0.0,0.0,0.0,0.0,0.0,0.0,0.0
217,14,0.0,0.19468944,0.0,0.0,0.0,0.0,0.0,0.0,0.0,0.0,0.0,0.0,0.0,0.0,0.0
217,15,0.0,0.1983912,0.0,0.0,0.0,0.0,0.0,0.0,0.0,0.0,0.0,0.0,0.0,0.0,0.0
217,16,0.0,0.2076456,0.0,0.0,0.0,0.0,0.0,0.0,0.0,0.0,0.0,0.0,0.0,0.0,0.0
217,17,0.06707579511314994,0.2134296,0.06958070032484434,0.0,0.6192682328911147,0.0,0.0,0.0,0.0,1.0,0.0,0.0,0.0,0.0,0.06707579511314994
217,18,12.48482571419828,0.21609024,12.951064018877886,0.0,115.26446976801319,0.0,0.0,0.0,0.0,2.0,0.0,0.0,0.0,0.0,12.48482571419828
217,19,0.0,0.2099592,0.0,0.0,0.0,0.0,0.0,0.0,0.0,0.0,0.0,0.0,0.0,0.0,0.0
217,20,49.995288956801765,0.20857104,51.86233294274043,11.267128467541053,46.64112711585081,7.0,0.0,0.0,0.0,1.0,44.94337361526467,0.0,0.0,0.0,5.051915341537098
217,21,46.80837086303507,0.20510064,48.55640131020236,11.56616586818704,0.0,7.0,0.0,0.0,0.0,0.0,46.80837086303507,0.0,0.0,0.0,0.0
217,22,51.69480824866945,0.19827552,53.625319760030564,12.407586244643348,0.0,7.0,0.0,0.0,0.0,0.0,51.69480824866945,0.0,0.0,0.0,0.0
217,23,44.635519230444324,0.1754865599999999,46.30240584070988,9.658059554037578,0.0,7.0,0.0,0.0,0.0,0.0,44.635519230444324,0.0,0.0,0.0,0.0
218,0,51.69480824866946,0.1709750399999999,53.625319760030564,10.943589275041022,0.0,7.0,0.0,0.0,0.0,0.0,51.69480824866946,0.0,0.0,0.0,0.0
218,1,37.168448868225624,0.15582096,38.55648222844982,7.28412763682168,0.0,6.0,0.0,0.0,0.0,0.0,37.168448868225624,0.0,0.0,0.0,0.0
218,2,45.169532558052275,0.1498056,46.85636157474302,8.570290927645319,0.0,7.0,0.0,0.0,0.0,0.0,45.169532558052275,0.0,0.0,0.0,0.0
218,3,51.69480824866945,0.1382376,53.625319760030564,9.188033586916214,0.0,8.0,0.0,0.0,0.0,0.0,51.69480824866945,0.0,0.0,0.0,0.0
218,4,50.31349050651726,0.1277107199999999,52.192417537880985,8.393100242807261,0.0,7.0,0.0,0.0,0.0,0.0,50.31349050651726,0.0,0.0,0.0,0.0
218,5,51.69480824866946,0.12690096,53.625319760030564,8.580102641911859,0.0,7.0,0.0,0.0,0.0,0.0,51.69480824866946,0.0,0.0,0.0,0.0
218,6,51.69480824866946,0.1457568,53.625319760030564,9.591253091255835,0.0,7.0,0.0,0.0,0.0,0.0,51.69480824866946,0.0,0.0,0.0,0.0
218,7,51.69480824866946,0.18497232,53.625319760030564,11.694197890811706,0.0,7.0,0.0,0.0,0.0,0.0,51.69480824866946,0.0,0.0,0.0,0.0
218,8,51.69480824866945,0.1885584,53.625319760030564,11.886502577496756,0.0,7.0,0.0,0.0,0.0,0.0,51.69480824866945,0.0,0.0,0.0,0.0
218,9,13.20829875518672,0.19306992,13.701554725297427,3.0988795360961414,0.0,2.0,0.0,0.0,0.0,0.0,13.20829875518672,0.0,0.0,0.0,0.0
218,10,1.305062189381569,0.18959952,1.353798951640632,0.0,12.048810669601625,0.0,0.0,0.0,0.0,2.0,0.0,0.0,0.0,0.0,1.305062189381569
218,11,0.0,0.18786432,0.0,0.0,0.0,0.0,0.0,0.0,0.0,0.0,0.0,0.0,0.0,0.0,0.0
218,12,0.0,0.13546128,0.0,0.0,0.0,0.0,0.0,0.0,0.0,0.0,0.0,0.0,0.0,0.0,0.0
218,13,0.0,0.13835328,0.0,0.0,0.0,0.0,0.0,0.0,0.0,0.0,0.0,0.0,0.0,0.0,0.0
218,14,0.0,0.10515312,0.0,0.0,0.0,0.0,0.0,0.0,0.0,0.0,0.0,0.0,0.0,0.0,0.0
218,15,0.16844278222747283,0.13661808,0.1747331765845154,0.0,1.555125271602187,0.0,0.0,0.0,0.0,1.0,0.0,0.0,0.0,0.0,0.16844278222747283
218,16,0.0,0.13580832,0.0,0.0,0.0,0.0,0.0,0.0,0.0,0.0,0.0,0.0,0.0,0.0,0.0
218,17,0.0,0.1274793599999999,0.0,0.0,0.0,0.0,0.0,0.0,0.0,0.0,0.0,0.0,0.0,0.0,0.0
218,18,0.0,0.10908624,0.0,0.0,0.0,0.0,0.0,0.0,0.0,0.0,0.0,0.0,0.0,0.0,0.0
218,19,7.4,0.05355984,7.6763485477178435,0.6652311369294606,0.0,1.0,0.0,0.0,0.0,0.0,7.4,0.0,0.0,0.0,0.0
218,20,14.8,0.03886848,15.352697095435687,1.1049102738589214,0.0,2.0,0.0,0.0,0.0,0.0,14.8,0.0,0.0,0.0,0.0
218,21,28.804615980307844,0.01492272,29.880307033514367,1.1249539661020262,57.448201674830905,4.0,0.0,0.0,0.0,1.0,22.58213660788796,0.0,0.0,0.0,6.222479372419886
218,22,47.76712722352294,-0.011568,49.55096185012755,1.0669313105569462,0.0,7.0,0.0,0.0,0.0,0.0,47.76712722352295,0.0,0.0,0.0,0.0
218,23,51.69480824866946,-0.00219792,53.625319760030564,1.6571339212500453,0.0,7.0,0.0,0.0,0.0,0.0,51.69480824866946,0.0,0.0,0.0,0.0
219,0,49.970900117307416,-0.0138816,51.83703331670894,0.996224841093839,0.0,7.0,0.0,0.0,0.0,0.0,49.970900117307416,0.0,0.0,0.0,0.0
219,1,22.200000000000003,-0.02394576,23.02904564315353,0.21081341078838173,0.0,4.0,0.0,0.0,0.0,0.0,22.200000000000003,0.0,0.0,0.0,0.0
219,2,46.792261106879224,-0.0293827199999999,48.539689944895464,0.1804356186383657,0.0,7.0,0.0,0.0,0.0,0.0,46.792261106879224,0.0,0.0,0.0,0.0
219,3,50.10310700385618,-0.02753184,51.974177389892304,0.2894005355753027,0.0,7.0,0.0,0.0,0.0,0.0,50.10310700385618,0.0,0.0,0.0,0.0
219,4,50.608029209434875,-0.01943424,52.497955611446976,0.7174244618766876,0.0,7.0,0.0,0.0,0.0,0.0,50.608029209434875,0.0,0.0,0.0,0.0
219,5,51.69480824866946,0.00011568,53.625319760030564,1.781201461046852,0.0,7.0,0.0,0.0,0.0,0.0,51.69480824866946,0.0,0.0,0.0,0.0
219,6,51.69480824866946,0.0266064,53.625319760030564,3.201774791720289,0.0,7.0,0.0,0.0,0.0,0.0,51.69480824866946,0.0,0.0,0.0,0.0
219,7,46.040465825744725,0.0508992,47.759819321311966,4.011786615134748,0.0,7.0,0.0,0.0,0.0,0.0,46.040465825744725,0.0,0.0,0.0,0.0
219,8,44.4,0.0573772799999999,46.05809128630706,4.167210821576759,0.0,6.0,0.0,0.0,0.0,0.0,44.4,0.0,0.0,0.0,0.0
219,9,7.4,0.04708176,7.6763485477178435,0.6155031369294606,0.0,1.0,0.0,0.0,0.0,0.0,7.4,0.0,0.0,0.0,0.0
219,10,0.0,0.011568,0.0,0.0,0.0,0.0,0.0,0.0,0.0,0.0,0.0,0.0,0.0,0.0,0.0
219,11,0.0,-0.00011568,0.0,0.0,0.0,0.0,0.0,0.0,0.0,0.0,0.0,0.0,0.0,0.0,0.0
219,12,0.0,-0.00937008,0.0,0.0,0.0,0.0,0.0,0.0,0.0,0.0,0.0,0.0,0.0,0.0,0.0
219,13,0.0,-0.01284048,0.0,0.0,0.0,0.0,0.0,0.0,0.0,0.0,0.0,0.0,0.0,0.0,0.0
219,14,0.0,-0.01318752,0.0,0.0,0.0,0.0,0.0,0.0,0.0,0.0,0.0,0.0,0.0,0.0,0.0
219,15,0.0,-0.0104111999999999,0.0,0.0,0.0,0.0,0.0,0.0,0.0,0.0,0.0,0.0,0.0,0.0,0.0
219,16,0.0,-0.00046272,0.0,0.0,0.0,0.0,0.0,0.0,0.0,0.0,0.0,0.0,0.0,0.0,0.0
219,17,0.0,0.00902304,0.0,0.0,0.0,0.0,0.0,0.0,0.0,0.0,0.0,0.0,0.0,0.0,0.0
219,18,0.0,0.03389424,0.0,0.0,0.0,0.0,0.0,0.0,0.0,0.0,0.0,0.0,0.0,0.0,0.0
219,19,0.0,0.0163108799999999,0.0,0.0,0.0,0.0,0.0,0.0,0.0,0.0,0.0,0.0,0.0,0.0,0.0
219,20,12.792326248968209,0.00821328,13.270047976108103,0.5482292076503873,0.0,2.0,0.0,0.0,0.0,0.0,12.792326248968209,0.0,0.0,0.0,0.0
219,21,22.200000000000003,0.00011568,23.02904564315353,0.7649254107883818,0.0,4.0,0.0,0.0,0.0,0.0,22.200000000000003,0.0,0.0,0.0,0.0
219,22,44.4,-0.00208224,46.05809128630706,1.4286188215767637,0.0,6.0,0.0,0.0,0.0,0.0,44.4,0.0,0.0,0.0,0.0
219,23,32.39804150703041,-0.04951104,33.607926874512884,-0.551541032254706,0.0,6.0,0.0,0.0,0.0,0.0,32.39804150703041,0.0,0.0,0.0,0.0
220,0,44.29480824866946,-0.0697550399999999,45.94897121231272,-1.6842613777461666,0.0,7.0,0.0,0.0,0.0,0.0,44.29480824866946,0.0,0.0,0.0,0.0
220,1,22.200000000000003,-0.0717216,23.02904564315353,-0.8894185892116183,0.0,3.0,0.0,0.0,0.0,0.0,22.200000000000003,0.0,0.0,0.0,0.0
220,2,44.4,-0.06848256,46.05809128630706,-1.6296531784232369,0.0,6.0,0.0,0.0,0.0,0.0,44.4,0.0,0.0,0.0,0.0
220,3,22.200000000000003,-0.0587654399999999,23.02904564315353,-0.591050589211616,0.0,4.0,0.0,0.0,0.0,0.0,22.200000000000003,0.0,0.0,0.0,0.0
220,4,46.136076506123295,-0.0397939199999999,47.85900052502417,-0.32036432079446514,0.0,7.0,0.0,0.0,0.0,0.0,46.136076506123295,0.0,0.0,0.0,0.0
220,5,42.26543450277353,-0.01954992,43.84381172486882,0.5940871563769103,0.0,7.0,0.0,0.0,0.0,0.0,42.26543450277353,0.0,0.0,0.0,0.0
220,6,46.73341970711128,-0.00150384,48.4786511484557,1.5317392182707898,0.0,7.0,0.0,0.0,0.0,0.0,46.73341970711128,0.0,0.0,0.0,0.0
220,7,23.585394135839095,-0.0067094399999999,24.46617648945964,0.6456760986156765,0.0,4.0,0.0,0.0,0.0,0.0,23.585394135839095,0.0,0.0,0.0,0.0
220,8,30.5538999397537,-0.0304238399999999,31.69491694995197,0.08482066894478656,0.0,5.0,0.0,0.0,0.0,0.0,30.5538999397537,0.0,0.0,0.0,0.0
220,9,11.012358666183273,-0.06061632,11.423608574878916,-0.3143356691011122,0.0,2.0,0.0,0.0,0.0,0.0,11.012358666183273,0.0,0.0,0.0,0.0
220,10,0.0,-0.07195296,0.0,0.0,0.0,0.0,0.0,0.0,0.0,0.0,0.0,0.0,0.0,0.0,0.0
220,11,0.0,-0.07195296,0.0,0.0,0.0,0.0,0.0,0.0,0.0,0.0,0.0,0.0,0.0,0.0,0.0
220,12,0.0,-0.07843104,0.0,0.0,0.0,0.0,0.0,0.0,0.0,0.0,0.0,0.0,0.0,0.0,0.0
220,13,0.0,-0.11579568,0.0,0.0,0.0,0.0,0.0,0.0,0.0,0.0,0.0,0.0,0.0,0.0,0.0
220,14,0.0,-0.1341888,0.0,0.0,0.0,0.0,0.0,0.0,0.0,0.0,0.0,0.0,0.0,0.0,0.0
220,15,0.0,-0.06582192,0.0,0.0,0.0,0.0,0.0,0.0,0.0,0.0,0.0,0.0,0.0,0.0,0.0
220,16,0.0,-0.03100224,0.0,0.0,0.0,0.0,0.0,0.0,0.0,0.0,0.0,0.0,0.0,0.0,0.0
220,17,0.0,-0.02394576,0.0,0.0,0.0,0.0,0.0,0.0,0.0,0.0,0.0,0.0,0.0,0.0,0.0
220,18,0.0,-0.0242928,0.0,0.0,0.0,0.0,0.0,0.0,0.0,0.0,0.0,0.0,0.0,0.0,0.0
220,19,7.4,-0.02880432,7.6763485477178435,0.03297513692946056,0.0,1.0,0.0,0.0,0.0,0.0,7.4,0.0,0.0,0.0,0.0
220,20,29.6,-0.03493536,30.705394190871374,-0.05635545228215772,0.0,4.0,0.0,0.0,0.0,0.0,29.6,0.0,0.0,0.0,0.0
220,21,20.646423965049134,-0.04904832,21.417452245901593,-0.34157238200235734,0.0,4.0,0.0,0.0,0.0,0.0,20.646423965049134,0.0,0.0,0.0,0.0
220,22,51.69480824866946,-0.0584183999999999,53.625319760030564,-1.3577072958123526,0.0,7.0,0.0,0.0,0.0,0.0,51.69480824866946,0.0,0.0,0.0,0.0
220,23,4.539114798688156,-0.0618888,4.708625309842486,-0.13555567231999338,0.0,1.0,0.0,0.0,0.0,0.0,4.539114798688156,0.0,0.0,0.0,0.0
221,0,41.79582487160152,-0.06235152,43.3566648045659,-1.2682483476640558,0.0,7.0,0.0,0.0,0.0,0.0,41.795824871601525,0.0,0.0,0.0,0.0
221,1,14.8,-0.0704491199999999,15.352697095435687,-0.5734097261410775,0.0,2.0,0.0,0.0,0.0,0.0,14.8,0.0,0.0,0.0,0.0
221,2,37.0,-0.0711432,38.38174273858922,-1.4601643153526975,0.0,5.0,0.0,0.0,0.0,0.0,37.0,0.0,0.0,0.0,0.0
221,3,45.583008939591565,-0.06026928,47.2852789829788,-1.2847069845666665,0.0,7.0,0.0,0.0,0.0,0.0,45.583008939591565,0.0,0.0,0.0,0.0
221,4,22.200000000000003,-0.05055216,23.02904564315353,-0.40190658921161837,0.0,3.0,0.0,0.0,0.0,0.0,22.200000000000003,0.0,0.0,0.0,0.0
221,5,22.200000000000003,-0.023136,23.02904564315353,0.22946141078838173,0.0,3.0,0.0,0.0,0.0,0.0,22.200000000000003,0.0,0.0,0.0,0.0
221,6,32.24517326066708,0.0003470399999999,33.44934985546378,1.1187817425896878,0.0,5.0,0.0,0.0,0.0,0.0,32.24517326066708,0.0,0.0,0.0,0.0
221,7,44.4,0.01827744,46.05809128630706,2.3663468215767636,0.0,6.0,0.0,0.0,0.0,0.0,44.4,0.0,0.0,0.0,0.0
221,8,20.869764346775703,0.02510256,21.649133139808825,1.2600349705177114,0.0,4.0,0.0,0.0,0.0,0.0,20.869764346775703,0.0,0.0,0.0,0.0
221,9,7.4,0.01607952,7.6763485477178435,0.3775191369294606,0.0,1.0,0.0,0.0,0.0,0.0,7.4,0.0,0.0,0.0,0.0
221,10,0.0,0.01712064,0.0,0.0,0.0,0.0,0.0,0.0,0.0,0.0,0.0,0.0,0.0,0.0,0.0
221,11,0.0,0.0108739199999999,0.0,0.0,0.0,0.0,0.0,0.0,0.0,0.0,0.0,0.0,0.0,0.0,0.0
221,12,0.0,0.01550112,0.0,0.0,0.0,0.0,0.0,0.0,0.0,0.0,0.0,0.0,0.0,0.0,0.0
221,13,0.0,0.03019248,0.0,0.0,0.0,0.0,0.0,0.0,0.0,0.0,0.0,0.0,0.0,0.0,0.0
221,14,0.0,0.02556528,0.0,0.0,0.0,0.0,0.0,0.0,0.0,0.0,0.0,0.0,0.0,0.0,0.0
221,15,0.0,0.04708176,0.0,0.0,0.0,0.0,0.0,0.0,0.0,0.0,0.0,0.0,0.0,0.0,0.0
221,16,0.0,0.09208128,0.0,0.0,0.0,0.0,0.0,0.0,0.0,0.0,0.0,0.0,0.0,0.0,0.0
221,17,0.0,0.1738670399999999,0.0,0.0,0.0,0.0,0.0,0.0,0.0,0.0,0.0,0.0,0.0,0.0,0.0
221,18,0.0,0.16843008,0.0,0.0,0.0,0.0,0.0,0.0,0.0,0.0,0.0,0.0,0.0,0.0,0.0
221,19,7.4,0.11637408,7.6763485477178435,1.1474151369294607,0.0,1.0,0.0,0.0,0.0,0.0,7.4,0.0,0.0,0.0,0.0
221,20,17.921183013233005,0.12562848,18.590438810407683,2.950832094909019,0.0,3.0,0.0,0.0,0.0,0.0,17.921183013233005,0.0,0.0,0.0,0.0
221,21,22.200000000000003,0.1115155199999999,23.02904564315353,3.3303574107883795,0.0,3.0,0.0,0.0,0.0,0.0,22.200000000000003,0.0,0.0,0.0,0.0
221,22,44.294808248669455,0.07426656,45.94897121231272,4.933382974605046,0.0,7.0,0.0,0.0,0.0,0.0,44.294808248669455,0.0,0.0,0.0,0.0
221,23,38.951399159467286,0.0705648,40.406015725588475,4.188681538989984,0.0,7.0,0.0,0.0,0.0,0.0,38.951399159467286,0.0,0.0,0.0,0.0
222,0,44.4,0.07033344,46.05809128630706,4.763946821576764,0.0,6.0,0.0,0.0,0.0,0.0,44.4,0.0,0.0,0.0,0.0
222,1,39.91455405262119,0.0670944,41.40513905873568,4.148563064906586,0.0,6.0,0.0,0.0,0.0,0.0,39.91455405262119,0.0,0.0,0.0,0.0
222,2,22.200000000000003,0.06281424,23.02904564315353,2.2088134107883817,0.0,3.0,0.0,0.0,0.0,0.0,22.200000000000003,0.0,0.0,0.0,0.0
222,3,51.69480824866946,0.06987072,53.625319760030564,5.521837785920574,0.0,7.0,0.0,0.0,0.0,0.0,51.69480824866946,0.0,0.0,0.0,0.0
222,4,12.714784931279084,0.09208128,13.189610924563366,1.6510923782388256,0.0,3.0,0.0,0.0,0.0,0.0,12.714784931279084,0.0,0.0,0.0,0.0
222,5,40.13220640911933,0.15420144,41.630919511534586,7.797531173034523,0.0,6.0,0.0,0.0,0.0,0.0,40.13220640911933,0.0,0.0,0.0,0.0
222,6,51.69480824866946,0.19931664,53.625319760030564,12.463416637551909,0.0,7.0,0.0,0.0,0.0,0.0,51.69480824866946,0.0,0.0,0.0,0.0
222,7,14.8,0.24686112,15.352697095435687,4.298158273858922,0.0,3.0,0.0,0.0,0.0,0.0,14.8,0.0,0.0,0.0,0.0
222,8,31.795395638991813,0.26965008,32.98277555912015,9.98553793914567,0.0,5.0,0.0,0.0,0.0,0.0,31.795395638991813,0.0,0.0,0.0,0.0
222,9,7.4,0.26745216,7.6763485477178435,2.307143136929461,0.0,1.0,0.0,0.0,0.0,0.0,7.4,0.0,0.0,0.0,0.0
222,10,0.0,0.2651385599999999,0.0,0.0,0.0,0.0,0.0,0.0,0.0,0.0,0.0,0.0,0.0,0.0,0.0
222,11,0.0,0.211116,0.0,0.0,0.0,0.0,0.0,0.0,0.0,0.0,0.0,0.0,0.0,0.0,0.0
222,12,0.0,0.20833968,0.0,0.0,0.0,0.0,0.0,0.0,0.0,0.0,0.0,0.0,0.0,0.0,0.0
222,13,0.0,0.1945737599999999,0.0,0.0,0.0,0.0,0.0,0.0,0.0,0.0,0.0,0.0,0.0,0.0,0.0
222,14,0.0,0.1959619199999999,0.0,0.0,0.0,0.0,0.0,0.0,0.0,0.0,0.0,0.0,0.0,0.0,0.0
222,15,0.0,0.20382816,0.0,0.0,0.0,0.0,0.0,0.0,0.0,0.0,0.0,0.0,0.0,0.0,0.0
222,16,0.0,0.21435504,0.0,0.0,0.0,0.0,0.0,0.0,0.0,0.0,0.0,0.0,0.0,0.0,0.0
222,17,0.0,0.21678432,0.0,0.0,0.0,0.0,0.0,0.0,0.0,0.0,0.0,0.0,0.0,0.0,0.0
222,18,0.0,0.21192576,0.0,0.0,0.0,0.0,0.0,0.0,0.0,0.0,0.0,0.0,0.0,0.0,0.0
222,19,0.0,0.20787696,0.0,0.0,0.0,0.0,0.0,0.0,0.0,0.0,0.0,0.0,0.0,0.0,0.0
222,20,9.904716144732225,0.19619328,10.274601809888201,2.355897149683202,0.0,3.0,0.0,0.0,0.0,0.0,9.904716144732225,0.0,0.0,0.0,0.0
222,21,37.0,0.1619519999999999,38.38174273858922,7.4864356846473,0.0,5.0,0.0,0.0,0.0,0.0,37.0,0.0,0.0,0.0,0.0
222,22,51.69480824866946,0.11521728,53.625319760030564,7.953561565937986,0.0,7.0,0.0,0.0,0.0,0.0,51.69480824866946,0.0,0.0,0.0,0.0
222,23,51.69480824866946,0.15859728,53.625319760030564,10.279827937128111,0.0,7.0,0.0,0.0,0.0,0.0,51.69480824866946,0.0,0.0,0.0,0.0
223,0,40.705277127676425,0.1536230399999999,42.225391211282606,7.884453412159966,0.0,6.0,0.0,0.0,0.0,0.0,40.705277127676425,0.0,0.0,0.0,0.0
223,1,48.21853324395853,0.13280064,50.01922535680346,8.298221498997922,0.0,7.0,0.0,0.0,0.0,0.0,48.21853324395853,0.0,0.0,0.0,0.0
223,2,50.103107003856174,0.1228521599999999,51.974177389892304,8.105485228176862,0.0,7.0,0.0,0.0,0.0,0.0,50.103107003856174,0.0,0.0,0.0,0.0
223,3,51.69480824866945,0.12967728,53.625319760030564,8.728983689668027,0.0,7.0,0.0,0.0,0.0,0.0,51.69480824866945,0.0,0.0,0.0,0.0
223,4,22.200000000000003,0.15477984,23.02904564315353,4.326693410788382,0.0,3.0,0.0,0.0,0.0,0.0,22.200000000000003,0.0,0.0,0.0,0.0
223,5,30.110300072878104,0.19908528,31.234751112944096,7.252249432889236,0.0,5.0,0.0,0.0,0.0,0.0,30.110300072878104,0.0,0.0,0.0,0.0
223,6,51.694808248669474,0.22627008,53.625319760030585,13.908803476184714,0.0,7.0,0.0,0.0,0.0,0.0,51.694808248669474,0.0,0.0,0.0,0.0
223,7,51.69480824866945,0.26976576,53.625319760030564,16.241273224364676,0.0,7.0,0.0,0.0,0.0,0.0,51.69480824866945,0.0,0.0,0.0,0.0
223,8,7.4,0.2734675199999999,7.6763485477178435,2.35331913692946,0.0,1.0,0.0,0.0,0.0,0.0,7.4,0.0,0.0,0.0,0.0
223,9,22.200000000000003,0.27277344,23.02904564315353,7.043973410788383,0.0,3.0,0.0,0.0,0.0,0.0,22.200000000000003,0.0,0.0,0.0,0.0
223,10,1.3592685550613892,0.23205408,1.4100296214329764,0.0,12.54926363075349,0.0,0.0,0.0,0.0,1.0,0.0,0.0,0.0,0.0,1.3592685550613892
223,11,0.0,0.22511328,0.0,0.0,0.0,0.0,0.0,0.0,0.0,0.0,0.0,0.0,0.0,0.0,0.0
223,12,0.0,0.20672016,0.0,0.0,0.0,0.0,0.0,0.0,0.0,0.0,0.0,0.0,0.0,0.0,0.0
223,13,0.0,0.21447072,0.0,0.0,0.0,0.0,0.0,0.0,0.0,0.0,0.0,0.0,0.0,0.0,0.0
223,14,0.0,0.21528048,0.0,0.0,0.0,0.0,0.0,0.0,0.0,0.0,0.0,0.0,0.0,0.0,0.0
223,15,0.0,0.21990768,0.0,0.0,0.0,0.0,0.0,0.0,0.0,0.0,0.0,0.0,0.0,0.0,0.0
223,16,0.0,0.23031888,0.0,0.0,0.0,0.0,0.0,0.0,0.0,0.0,0.0,0.0,0.0,0.0,0.0
223,17,0.0,0.2643288,0.0,0.0,0.0,0.0,0.0,0.0,0.0,0.0,0.0,0.0,0.0,0.0,0.0
223,18,0.0,0.2726577599999999,0.0,0.0,0.0,0.0,0.0,0.0,0.0,0.0,0.0,0.0,0.0,0.0,0.0
223,19,0.0,0.22627008,0.0,0.0,0.0,0.0,0.0,0.0,0.0,0.0,0.0,0.0,0.0,0.0,0.0
223,20,44.31694606470916,0.2116944,45.97193575177299,11.253672429193818,0.0,6.0,0.0,0.0,0.0,0.0,44.31694606470916,0.0,0.0,0.0,0.0
223,21,22.200000000000003,0.19364832,23.02904564315353,5.221797410788382,0.0,5.0,0.0,0.0,0.0,0.0,22.200000000000003,0.0,0.0,0.0,0.0
223,22,51.69480824866946,0.16287744,53.625319760030564,10.509352885752206,0.0,7.0,0.0,0.0,0.0,0.0,51.69480824866946,0.0,0.0,0.0,0.0
223,23,51.064162568163596,0.1536230399999999,52.97112299602034,9.89092911803082,0.0,7.0,0.0,0.0,0.0,0.0,51.0641625681636,0.0,0.0,0.0,0.0
224,0,50.20829875518672,0.13233792,52.083297463886645,8.616552399166682,0.0,7.0,0.0,0.0,0.0,0.0,50.20829875518672,0.0,0.0,0.0,0.0
224,1,51.69480824866945,0.1182249599999999,53.625319760030564,8.11484936767383,0.0,7.0,0.0,0.0,0.0,0.0,51.69480824866945,0.0,0.0,0.0,0.0
224,2,46.10372035986286,0.09983184,47.825436057949034,6.3575232139855125,0.0,7.0,0.0,0.0,0.0,0.0,46.10372035986286,0.0,0.0,0.0,0.0
224,3,47.40966552707057,0.0865286399999999,49.180150961691474,5.883354574541838,0.0,7.0,0.0,0.0,0.0,0.0,47.40966552707057,0.0,0.0,0.0,0.0
224,4,47.76153910001768,0.05784,49.54516504151213,4.505637308875113,0.0,7.0,0.0,0.0,0.0,0.0,47.76153910001768,0.0,0.0,0.0,0.0
224,5,48.77193679879871,0.06177312,50.59329543443851,4.799943788946937,0.0,7.0,0.0,0.0,0.0,0.0,48.77193679879871,0.0,0.0,0.0,0.0
224,6,51.69480824866946,0.0931224,53.625319760030564,6.768716560878482,0.0,7.0,0.0,0.0,0.0,0.0,51.69480824866946,0.0,0.0,0.0,0.0
224,7,28.401066498304687,0.12192672,29.461687238905277,4.567348738313342,0.0,7.0,0.0,0.0,0.0,0.0,28.401066498304687,0.0,0.0,0.0,0.0
224,8,42.20589820227442,0.1486488,43.78205207704815,7.957335426541009,0.0,6.0,0.0,0.0,0.0,0.0,42.20589820227442,0.0,0.0,0.0,0.0
224,9,0.0,0.15593664,0.0,0.0,0.0,0.0,0.0,0.0,0.0,0.0,0.0,0.0,0.0,0.0,0.0
224,10,7.4,0.13800624,7.6763485477178435,1.3134711369294607,0.0,1.0,0.0,0.0,0.0,0.0,7.4,0.0,0.0,0.0,0.0
224,11,0.0,0.12597552,0.0,0.0,0.0,0.0,0.0,0.0,0.0,0.0,0.0,0.0,0.0,0.0,0.0
224,12,0.0,0.11695248,0.0,0.0,0.0,0.0,0.0,0.0,0.0,0.0,0.0,0.0,0.0,0.0,0.0
224,13,1.1682404790231637,0.069408,1.2118677168290082,0.0,10.785622679778173,0.0,0.0,0.0,0.0,2.0,0.0,0.0,0.0,0.0,1.1682404790231637
224,14,0.0,0.0800505599999999,0.0,0.0,0.0,0.0,0.0,0.0,0.0,0.0,0.0,0.0,0.0,0.0,0.0
224,15,2.9270613261475686,0.17664336,3.0363706702775612,0.0,27.023698965470295,0.0,0.0,0.0,0.0,1.0,0.0,0.0,0.0,0.0,2.9270613261475686
224,16,0.0,0.2015145599999999,0.0,0.0,0.0,0.0,0.0,0.0,0.0,0.0,0.0,0.0,0.0,0.0,0.0
224,17,0.0,0.20752992,0.0,0.0,0.0,0.0,0.0,0.0,0.0,0.0,0.0,0.0,0.0,0.0,0.0
224,18,0.0,0.20683584,0.0,0.0,0.0,0.0,0.0,0.0,0.0,0.0,0.0,0.0,0.0,0.0,0.0
224,19,0.7364459209053414,0.19769712,0.763948050731682,0.1763170099384861,0.0,1.0,0.0,0.0,0.0,0.0,0.7364459209053414,0.0,0.0,0.0,0.0
224,20,14.8,0.1862448,15.352697095435687,3.3675342738589213,0.0,2.0,0.0,0.0,0.0,0.0,14.8,0.0,0.0,0.0,0.0
224,21,49.30260817224752,0.16981824,51.143784411045154,10.378006719628718,0.0,7.0,0.0,0.0,0.0,0.0,49.30260817224752,0.0,0.0,0.0,0.0
224,22,51.694808248669474,0.15408576,53.625319760030585,10.037896234524341,0.0,7.0,0.0,0.0,0.0,0.0,51.694808248669474,0.0,0.0,0.0,0.0
224,23,36.934082254437655,0.1174152,38.3133633344789,5.766743544961758,0.0,7.0,0.0,0.0,0.0,0.0,36.934082254437655,0.0,0.0,0.0,0.0
225,0,41.37541399745193,0.1223894399999999,42.920553939265496,6.673692896506183,0.0,7.0,0.0,0.0,0.0,0.0,41.37541399745193,0.0,0.0,0.0,0.0
225,1,51.69480824866945,0.12389328,53.625319760030564,8.418814840176012,0.0,7.0,0.0,0.0,0.0,0.0,51.69480824866945,0.0,0.0,0.0,0.0
225,2,51.06887903063126,0.13002432,52.97601559194115,8.641676519744797,0.0,7.0,0.0,0.0,0.0,0.0,51.06887903063126,0.0,0.0,0.0,0.0
225,3,45.654854679437875,0.13661808,47.35980775875298,8.03781564198466,0.0,7.0,0.0,0.0,0.0,0.0,45.654854679437875,0.0,0.0,0.0,0.0
225,4,51.50825629165264,0.1075824,53.43180113241976,7.51691401963153,0.0,7.0,0.0,0.0,0.0,0.0,51.50825629165264,0.0,0.0,0.0,0.0
225,5,50.989806357103554,0.12134832,52.89398999699539,8.169387893132743,0.0,7.0,0.0,0.0,0.0,0.0,50.989806357103554,0.0,0.0,0.0,0.0
225,6,42.00108548039695,0.15316032,43.56959074729975,8.11528591486109,0.0,8.0,0.0,0.0,0.0,0.0,42.00108548039695,0.0,0.0,0.0,0.0
225,7,51.694808248669474,0.1838155199999999,53.625319760030585,11.632164120913306,0.0,7.0,0.0,0.0,0.0,0.0,51.694808248669474,0.0,0.0,0.0,0.0
225,8,44.4,0.19677168,46.05809128630706,10.587450821576764,0.0,6.0,0.0,0.0,0.0,0.0,44.4,0.0,0.0,0.0,0.0
225,9,14.8,0.1827744,15.352697095435687,3.3142542738589214,0.0,2.0,0.0,0.0,0.0,0.0,14.8,0.0,0.0,0.0,0.0
225,10,0.0,0.1595227199999999,0.0,0.0,0.0,0.0,0.0,0.0,0.0,0.0,0.0,0.0,0.0,0.0,0.0
225,11,0.0,0.06952368,0.0,0.0,0.0,0.0,0.0,0.0,0.0,0.0,0.0,0.0,0.0,0.0,0.0
225,12,0.0,0.0127248,0.0,0.0,0.0,0.0,0.0,0.0,0.0,0.0,0.0,0.0,0.0,0.0,0.0
225,13,0.0,0.01746768,0.0,0.0,0.0,0.0,0.0,0.0,0.0,0.0,0.0,0.0,0.0,0.0,0.0
225,14,0.0,0.0800505599999999,0.0,0.0,0.0,0.0,0.0,0.0,0.0,0.0,0.0,0.0,0.0,0.0,0.0
225,15,14.74731408432767,0.19989504,15.298043655941568,0.0,136.15258853787995,0.0,0.0,0.0,0.0,2.0,0.0,0.0,0.0,0.0,14.74731408432767
225,16,0.0,0.2232624,0.0,0.0,0.0,0.0,0.0,0.0,0.0,0.0,0.0,0.0,0.0,0.0,0.0
225,17,0.0,0.22522896,0.0,0.0,0.0,0.0,0.0,0.0,0.0,0.0,0.0,0.0,0.0,0.0,0.0
225,18,0.0,0.22546032,0.0,0.0,0.0,0.0,0.0,0.0,0.0,0.0,0.0,0.0,0.0,0.0,0.0
225,19,0.0,0.21585888,0.0,0.0,0.0,0.0,0.0,0.0,0.0,0.0,0.0,0.0,0.0,0.0,0.0
225,20,14.8,0.21030624,15.352697095435687,3.7369422738589217,0.0,2.0,0.0,0.0,0.0,0.0,14.8,0.0,0.0,0.0,0.0
225,21,44.4,0.19885392,46.05809128630706,10.683354821576764,0.0,6.0,0.0,0.0,0.0,0.0,44.4,0.0,0.0,0.0,0.0
225,22,51.69480824866945,0.1638028799999999,53.625319760030564,10.558979901670922,0.0,7.0,0.0,0.0,0.0,0.0,51.69480824866945,0.0,0.0,0.0,0.0
225,23,31.506889766118455,0.17895696,32.683495608006695,6.930762720807253,0.0,6.0,0.0,0.0,0.0,0.0,31.506889766118455,0.0,0.0,0.0,0.0
226,0,51.69480824866946,0.1688927999999999,53.625319760030585,10.8319284892239,0.0,7.0,0.0,0.0,0.0,0.0,51.69480824866946,0.0,0.0,0.0,0.0
226,1,51.69480824866946,0.1647283199999999,53.625319760030585,10.608606917589649,0.0,7.0,0.0,0.0,0.0,0.0,51.69480824866946,0.0,0.0,0.0,0.0
226,2,43.227570294111764,0.16391856,44.84187789845619,8.834682211249664,0.0,8.0,0.0,0.0,0.0,0.0,43.227570294111764,0.0,0.0,0.0,0.0
226,3,48.168818691183304,0.16843008,49.967654243966095,10.069985357198828,0.0,7.0,0.0,0.0,0.0,0.0,48.168818691183304,0.0,0.0,0.0,0.0
226,4,43.26705170128283,0.18601344,44.882833715023686,9.83443209224682,0.0,7.0,0.0,0.0,0.0,0.0,43.26705170128283,0.0,0.0,0.0,0.0
226,5,51.694808248669474,0.21123168,53.625319760030585,13.102364467505469,0.0,7.0,0.0,0.0,0.0,0.0,51.694808248669474,0.0,0.0,0.0,0.0
226,6,51.69480824866946,0.28272192,53.625319760030564,16.936051447226795,0.0,7.0,0.0,0.0,0.0,0.0,51.69480824866946,0.0,0.0,0.0,0.0
226,7,51.69480824866946,1.1727638399999998,53.625319760030564,64.66483400705832,0.0,7.0,0.0,0.0,0.0,0.0,51.69480824866946,0.0,0.0,0.0,0.0
226,8,44.4,0.2990328,46.05809128630706,15.297402821576766,0.0,6.0,0.0,0.0,0.0,0.0,44.4,0.0,0.0,0.0,0.0
226,9,0.0,0.28538256,0.0,0.0,0.0,0.0,0.0,0.0,0.0,0.0,0.0,0.0,0.0,0.0,0.0
226,10,0.0,0.28214352,0.0,0.0,0.0,0.0,0.0,0.0,0.0,0.0,0.0,0.0,0.0,0.0,0.0
226,11,0.0,0.27959856,0.0,0.0,0.0,0.0,0.0,0.0,0.0,0.0,0.0,0.0,0.0,0.0,0.0
226,12,0.0,0.26710512,0.0,0.0,0.0,0.0,0.0,0.0,0.0,0.0,0.0,0.0,0.0,0.0,0.0
226,13,0.0,0.2591232,0.0,0.0,0.0,0.0,0.0,0.0,0.0,0.0,0.0,0.0,0.0,0.0,0.0
226,14,0.0,0.24963744,0.0,0.0,0.0,0.0,0.0,0.0,0.0,0.0,0.0,0.0,0.0,0.0,0.0
226,15,4.012474528698134,0.2657169599999999,4.16231797582794,0.0,37.04462998486867,0.0,0.0,0.0,0.0,1.0,0.0,0.0,0.0,0.0,4.012474528698134
226,16,0.0,0.28237488,0.0,0.0,0.0,0.0,0.0,0.0,0.0,0.0,0.0,0.0,0.0,0.0,0.0
226,17,0.0,0.32367264,0.0,0.0,0.0,0.0,0.0,0.0,0.0,0.0,0.0,0.0,0.0,0.0,0.0
226,18,0.0,0.28538256,0.0,0.0,0.0,0.0,0.0,0.0,0.0,0.0,0.0,0.0,0.0,0.0,0.0
226,19,7.4,0.28434144,7.6763485477178435,2.436791136929461,0.0,1.0,0.0,0.0,0.0,0.0,7.4,0.0,0.0,0.0,0.0
226,20,13.313982182986209,0.254496,13.811184837122624,3.9720415144171186,0.0,2.0,0.0,0.0,0.0,0.0,13.313982182986209,0.0,0.0,0.0,0.0
226,21,51.69480824866946,0.21215712,53.625319760030564,13.151991483424188,0.0,7.0,0.0,0.0,0.0,0.0,51.69480824866946,0.0,0.0,0.0,0.0
226,22,44.4,0.1897152,46.05809128630706,10.262442821576766,0.0,6.0,0.0,0.0,0.0,0.0,44.4,0.0,0.0,0.0,0.0
226,23,37.0,0.19711872,38.38174273858922,8.836195684647304,0.0,5.0,0.0,0.0,0.0,0.0,37.0,0.0,0.0,0.0,0.0
227,0,47.904278929255945,0.185088,49.693235403792485,10.842467646282675,0.0,7.0,0.0,0.0,0.0,0.0,47.904278929255945,0.0,0.0,0.0,0.0
227,1,27.09068634864332,0.17224752,28.102371730957806,5.770752341070292,0.0,5.0,0.0,0.0,0.0,0.0,27.09068634864332,0.0,0.0,0.0,0.0
227,2,32.31877681299132,0.17560224,33.525702088165275,6.996889123372769,0.0,5.0,0.0,0.0,0.0,0.0,32.31877681299132,0.0,0.0,0.0,0.0
227,3,22.200000000000003,0.17710608,23.02904564315353,4.840845410788382,0.0,3.0,0.0,0.0,0.0,0.0,22.200000000000003,0.0,0.0,0.0,0.0
227,4,44.4,0.2007048,46.05809128630706,10.768602821576764,0.0,6.0,0.0,0.0,0.0,0.0,44.4,0.0,0.0,0.0,0.0
227,5,51.69480824866946,0.22175856,53.625319760030585,13.66687177358094,0.0,7.0,0.0,0.0,0.0,0.0,51.69480824866946,0.0,0.0,0.0,0.0
227,6,46.31169455767645,0.26444448,48.04117692705026,14.294387007347169,0.0,7.0,0.0,0.0,0.0,0.0,46.31169455767645,0.0,0.0,0.0,0.0
227,7,22.200000000000003,0.30377568,23.02904564315353,7.757925410788383,0.0,3.0,0.0,0.0,0.0,0.0,22.200000000000003,0.0,0.0,0.0,0.0
227,8,22.200000000000003,0.32320992,23.02904564315353,8.205477410788383,0.0,3.0,0.0,0.0,0.0,0.0,22.200000000000003,0.0,0.0,0.0,0.0
227,9,7.4,0.3004209599999999,7.6763485477178435,2.5602231369294604,0.0,1.0,0.0,0.0,0.0,0.0,7.4,0.0,0.0,0.0,0.0
227,10,0.0,0.2844571199999999,0.0,0.0,0.0,0.0,0.0,0.0,0.0,0.0,0.0,0.0,0.0,0.0,0.0
227,11,0.0,0.2758968,0.0,0.0,0.0,0.0,0.0,0.0,0.0,0.0,0.0,0.0,0.0,0.0,0.0
227,12,0.0,0.26479152,0.0,0.0,0.0,0.0,0.0,0.0,0.0,0.0,0.0,0.0,0.0,0.0,0.0
227,13,0.0,0.26583264,0.0,0.0,0.0,0.0,0.0,0.0,0.0,0.0,0.0,0.0,0.0,0.0,0.0
227,14,0.0,0.2679148799999999,0.0,0.0,0.0,0.0,0.0,0.0,0.0,0.0,0.0,0.0,0.0,0.0,0.0
227,15,0.0,0.2816808,0.0,0.0,0.0,0.0,0.0,0.0,0.0,0.0,0.0,0.0,0.0,0.0,0.0
227,16,0.0,0.2880432,0.0,0.0,0.0,0.0,0.0,0.0,0.0,0.0,0.0,0.0,0.0,0.0,0.0
227,17,9.267983683564655,0.27740064,9.614090958054621,0.0,85.56540952668614,0.0,0.0,0.0,0.0,1.0,0.0,0.0,0.0,0.0,9.267983683564655
227,18,0.0,0.26456016,0.0,0.0,0.0,0.0,0.0,0.0,0.0,0.0,0.0,0.0,0.0,0.0,0.0
227,19,0.0,0.2816808,0.0,0.0,0.0,0.0,0.0,0.0,0.0,0.0,0.0,0.0,0.0,0.0,0.0
227,20,12.63448395015234,0.26803056,13.106311151610313,3.9467108166186584,0.0,2.0,0.0,0.0,0.0,0.0,12.63448395015234,0.0,0.0,0.0,0.0
227,21,47.503609584897696,0.21967632,49.27760330383579,12.456211221563452,0.0,7.0,0.0,0.0,0.0,0.0,47.503609584897696,0.0,0.0,0.0,0.0
227,22,48.543992837953,0.20313408,50.35683904351971,11.896001543153957,0.0,7.0,0.0,0.0,0.0,0.0,48.543992837953,0.0,0.0,0.0,0.0
227,23,38.511590357172345,0.17629632,39.949782528187086,8.365337446202672,0.0,6.0,0.0,0.0,0.0,0.0,38.511590357172345,0.0,0.0,0.0,0.0
228,0,37.0,0.1735199999999999,38.38174273858922,7.9304356846473,0.0,5.0,0.0,0.0,0.0,0.0,37.0,0.0,0.0,0.0,0.0
228,1,31.974560140423733,0.15940704,33.16863085106198,6.385194945990621,0.0,5.0,0.0,0.0,0.0,0.0,31.974560140423733,0.0,0.0,0.0,0.0
228,2,44.4,0.15697776,46.05809128630706,8.754618821576765,0.0,6.0,0.0,0.0,0.0,0.0,44.4,0.0,0.0,0.0,0.0
228,3,14.8,0.1538544,15.352697095435687,2.8702542738589214,0.0,2.0,0.0,0.0,0.0,0.0,14.8,0.0,0.0,0.0,0.0
228,4,51.69480824866946,0.14147664,53.625319760030564,9.361728142631742,0.0,7.0,0.0,0.0,0.0,0.0,51.69480824866946,0.0,0.0,0.0,0.0
228,5,49.32376808893039,0.17606496,51.16573453208547,10.702078816774279,0.0,7.0,0.0,0.0,0.0,0.0,49.32376808893039,0.0,0.0,0.0,0.0
228,6,49.723651452282155,0.1973500799999999,51.58055129904789,11.886742173309683,0.0,7.0,0.0,0.0,0.0,0.0,49.723651452282155,0.0,0.0,0.0,0.0
228,7,19.001607546565833,0.21019056,19.71121114788987,4.79555159844837,0.0,4.0,0.0,0.0,0.0,0.0,19.001607546565833,0.0,0.0,0.0,0.0
228,8,7.4,0.2230310399999999,7.6763485477178435,1.9661511369294602,0.0,1.0,0.0,0.0,0.0,0.0,7.4,0.0,0.0,0.0,0.0
228,9,7.4,0.22071744,7.6763485477178435,1.9483911369294609,0.0,1.0,0.0,0.0,0.0,0.0,7.4,0.0,0.0,0.0,0.0
228,10,7.4,0.21423936,7.6763485477178435,1.8986631369294606,0.0,1.0,0.0,0.0,0.0,0.0,7.4,0.0,0.0,0.0,0.0
228,11,0.0,0.20926512,0.0,0.0,0.0,0.0,0.0,0.0,0.0,0.0,0.0,0.0,0.0,0.0,0.0
228,12,0.0,0.208224,0.0,0.0,0.0,0.0,0.0,0.0,0.0,0.0,0.0,0.0,0.0,0.0,0.0
228,13,0.0,0.2081083199999999,0.0,0.0,0.0,0.0,0.0,0.0,0.0,0.0,0.0,0.0,0.0,0.0,0.0
228,14,0.0,0.20625744,0.0,0.0,0.0,0.0,0.0,0.0,0.0,0.0,0.0,0.0,0.0,0.0,0.0
228,15,0.0,0.20718288,0.0,0.0,0.0,0.0,0.0,0.0,0.0,0.0,0.0,0.0,0.0,0.0,0.0
228,16,0.0,0.20776128,0.0,0.0,0.0,0.0,0.0,0.0,0.0,0.0,0.0,0.0,0.0,0.0,0.0
228,17,0.0,0.20984352,0.0,0.0,0.0,0.0,0.0,0.0,0.0,0.0,0.0,0.0,0.0,0.0,0.0
228,18,0.0,0.20776128,0.0,0.0,0.0,0.0,0.0,0.0,0.0,0.0,0.0,0.0,0.0,0.0,0.0
228,19,0.0,0.24188688,0.0,0.0,0.0,0.0,0.0,0.0,0.0,0.0,0.0,0.0,0.0,0.0,0.0
228,20,19.190800361404293,0.19642464,19.907469254568767,4.569254713965965,0.0,3.0,0.0,0.0,0.0,0.0,19.190800361404293,0.0,0.0,0.0,0.0
228,21,14.8,0.1602167999999999,15.352697095435687,2.96793427385892,0.0,2.0,0.0,0.0,0.0,0.0,14.8,0.0,0.0,0.0,0.0
228,22,29.6,0.0834052799999999,30.705394190871374,3.57734054771784,0.0,4.0,0.0,0.0,0.0,0.0,29.6,0.0,0.0,0.0,0.0
228,23,47.816687080965785,0.026028,49.60237249062841,2.932889080625877,0.0,7.0,0.0,0.0,0.0,0.0,47.816687080965785,0.0,0.0,0.0,0.0
229,0,22.200000000000003,0.02556528,23.02904564315353,1.351005410788382,0.0,3.0,0.0,0.0,0.0,0.0,22.200000000000003,0.0,0.0,0.0,0.0
229,1,20.60829875518672,0.0216321599999999,21.37790327301527,1.1700588224031934,0.0,3.0,0.0,0.0,0.0,0.0,20.60829875518672,0.0,0.0,0.0,0.0
229,2,48.161214045145144,0.02637504,49.959765606997045,2.9713590578667732,0.0,7.0,0.0,0.0,0.0,0.0,48.161214045145144,0.0,0.0,0.0,0.0
229,3,24.29667866797621,0.04303296,25.204023514498147,1.9188569140683467,0.0,4.0,0.0,0.0,0.0,0.0,24.29667866797621,0.0,0.0,0.0,0.0
229,4,49.0092521932471,0.0815544,50.839473229509444,5.828969299445467,0.0,7.0,0.0,0.0,0.0,0.0,49.0092521932471,0.0,0.0,0.0,0.0
229,5,23.531343846095204,0.141708,24.41010772416515,4.267082111045862,0.0,5.0,0.0,0.0,0.0,0.0,23.531343846095204,0.0,0.0,0.0,0.0
229,6,51.69480824866946,0.1897152,53.625319760030564,11.948536347395162,0.0,7.0,0.0,0.0,0.0,0.0,51.69480824866946,0.0,0.0,0.0,0.0
229,7,38.55248153031226,0.21377664,39.99220075758534,9.87314014923812,0.0,7.0,0.0,0.0,0.0,0.0,38.55248153031226,0.0,0.0,0.0,0.0
229,8,22.200000000000003,0.21794112,23.02904564315353,5.781237410788383,0.0,3.0,0.0,0.0,0.0,0.0,22.200000000000003,0.0,0.0,0.0,0.0
229,9,7.4,0.22407216,7.6763485477178435,1.9741431369294606,0.0,1.0,0.0,0.0,0.0,0.0,7.4,0.0,0.0,0.0,0.0
229,10,0.0,0.21898224,0.0,0.0,0.0,0.0,0.0,0.0,0.0,0.0,0.0,0.0,0.0,0.0,0.0
229,11,0.0,0.2145864,0.0,0.0,0.0,0.0,0.0,0.0,0.0,0.0,0.0,0.0,0.0,0.0,0.0
229,12,0.0,0.21250416,0.0,0.0,0.0,0.0,0.0,0.0,0.0,0.0,0.0,0.0,0.0,0.0,0.0
229,13,0.0,0.2150491199999999,0.0,0.0,0.0,0.0,0.0,0.0,0.0,0.0,0.0,0.0,0.0,0.0,0.0
229,14,0.0,0.2151648,0.0,0.0,0.0,0.0,0.0,0.0,0.0,0.0,0.0,0.0,0.0,0.0,0.0
229,15,0.0,0.21956064,0.0,0.0,0.0,0.0,0.0,0.0,0.0,0.0,0.0,0.0,0.0,0.0,0.0
229,16,0.0,0.28237488,0.0,0.0,0.0,0.0,0.0,0.0,0.0,0.0,0.0,0.0,0.0,0.0,0.0
229,17,0.0,0.3117576,0.0,0.0,0.0,0.0,0.0,0.0,0.0,0.0,0.0,0.0,0.0,0.0,0.0
229,18,0.0,0.28885296,0.0,0.0,0.0,0.0,0.0,0.0,0.0,0.0,0.0,0.0,0.0,0.0,0.0
229,19,7.4,0.30088368,7.6763485477178435,2.563775136929461,0.0,1.0,0.0,0.0,0.0,0.0,7.4,0.0,0.0,0.0,0.0
229,20,7.056460604640446,0.27485568,7.319979880332413,2.254229381634087,0.0,1.0,0.0,0.0,0.0,0.0,7.056460604640446,0.0,0.0,0.0,0.0
229,21,22.847721663319785,0.23112864,23.700956082281934,6.262471392321085,0.0,4.0,0.0,0.0,0.0,0.0,22.847721663319785,0.0,0.0,0.0,0.0
229,22,48.099776513402894,0.20440656,49.89603372759637,11.850635328285389,0.0,7.0,0.0,0.0,0.0,0.0,48.099776513402894,0.0,0.0,0.0,0.0
229,23,14.8,0.2093808,15.352697095435687,3.7227342738589217,0.0,3.0,0.0,0.0,0.0,0.0,14.8,0.0,0.0,0.0,0.0
230,0,22.200000000000003,0.20324976,23.02904564315353,5.442909410788383,0.0,3.0,0.0,0.0,0.0,0.0,22.200000000000003,0.0,0.0,0.0,0.0
230,1,29.120293991199894,0.19758144,30.207773849792428,6.968372770864461,0.0,5.0,0.0,0.0,0.0,0.0,29.120293991199894,0.0,0.0,0.0,0.0
230,2,42.80829875518672,0.18705456,44.4069489161688,9.77639229958162,0.0,6.0,0.0,0.0,0.0,0.0,42.80829875518672,0.0,0.0,0.0,0.0
230,3,38.190687563337654,0.18994656,39.61689581259094,8.836412328876813,0.0,6.0,0.0,0.0,0.0,0.0,38.190687563337654,0.0,0.0,0.0,0.0
230,4,51.69480824866946,0.20891808,53.625319760030564,12.978296927708659,0.0,7.0,0.0,0.0,0.0,0.0,51.69480824866946,0.0,0.0,0.0,0.0
230,5,44.4,0.2157432,46.05809128630706,11.461242821576766,0.0,6.0,0.0,0.0,0.0,0.0,44.4,0.0,0.0,0.0,0.0
230,6,51.69480824866946,0.30551088,53.625319760030564,18.158116714225336,0.0,7.0,0.0,0.0,0.0,0.0,51.69480824866946,0.0,0.0,0.0,0.0
230,7,44.4,0.36254112,46.05809128630706,18.222474821576764,0.0,6.0,0.0,0.0,0.0,0.0,44.4,0.0,0.0,0.0,0.0
230,8,24.646001201085987,0.37966176,25.566391287433596,10.552828664649757,0.0,4.0,0.0,0.0,0.0,0.0,24.646001201085987,0.0,0.0,0.0,0.0
230,9,7.4,0.3565257599999999,7.6763485477178435,2.9909031369294605,0.0,1.0,0.0,0.0,0.0,0.0,7.4,0.0,0.0,0.0,0.0
230,10,0.0,0.3435696,0.0,0.0,0.0,0.0,0.0,0.0,0.0,0.0,0.0,0.0,0.0,0.0,0.0
230,11,0.0,0.3301507199999999,0.0,0.0,0.0,0.0,0.0,0.0,0.0,0.0,0.0,0.0,0.0,0.0,0.0
230,12,0.0,0.31071648,0.0,0.0,0.0,0.0,0.0,0.0,0.0,0.0,0.0,0.0,0.0,0.0,0.0
230,13,0.0,0.29128224,0.0,0.0,0.0,0.0,0.0,0.0,0.0,0.0,0.0,0.0,0.0,0.0,0.0
230,14,0.0,0.25646256,0.0,0.0,0.0,0.0,0.0,0.0,0.0,0.0,0.0,0.0,0.0,0.0,0.0
230,15,0.0,0.2308972799999999,0.0,0.0,0.0,0.0,0.0,0.0,0.0,0.0,0.0,0.0,0.0,0.0,0.0
230,16,0.0,0.22742688,0.0,0.0,0.0,0.0,0.0,0.0,0.0,0.0,0.0,0.0,0.0,0.0,0.0
230,17,0.0,0.22511328,0.0,0.0,0.0,0.0,0.0,0.0,0.0,0.0,0.0,0.0,0.0,0.0,0.0
230,18,0.0,0.21551184,0.0,0.0,0.0,0.0,0.0,0.0,0.0,0.0,0.0,0.0,0.0,0.0,0.0
230,19,7.4,0.20752992,7.6763485477178435,1.8471591369294609,0.0,1.0,0.0,0.0,0.0,0.0,7.4,0.0,0.0,0.0,0.0
230,20,22.200000000000003,0.19226016,23.02904564315353,5.1898294107883824,0.0,3.0,0.0,0.0,0.0,0.0,22.200000000000003,0.0,0.0,0.0,0.0
230,21,22.200000000000003,0.18057648,23.02904564315353,4.920765410788382,0.0,4.0,0.0,0.0,0.0,0.0,22.200000000000003,0.0,0.0,0.0,0.0
230,22,44.4,0.1664635199999999,46.05809128630706,9.19151482157676,0.0,6.0,0.0,0.0,0.0,0.0,44.4,0.0,0.0,0.0,0.0
230,23,50.4088345961849,0.17803152,52.291322195212565,11.040346337884966,0.0,7.0,0.0,0.0,0.0,0.0,50.4088345961849,0.0,0.0,0.0,0.0
231,0,37.0,0.17155344,38.38174273858922,7.854955684647304,0.0,5.0,0.0,0.0,0.0,0.0,37.0,0.0,0.0,0.0,0.0
231,1,42.40563793481153,0.1681987199999999,43.9892509697215,8.854979913963692,0.0,7.0,0.0,0.0,0.0,0.0,42.40563793481153,0.0,0.0,0.0,0.0
231,2,25.919208168074178,0.1664635199999999,26.887145402566578,5.365693379288,0.0,4.0,0.0,0.0,0.0,0.0,25.919208168074178,0.0,0.0,0.0,0.0
231,3,51.69480824866945,0.16391856,53.625319760030564,10.565183278660767,0.0,7.0,0.0,0.0,0.0,0.0,51.69480824866945,0.0,0.0,0.0,0.0
231,4,51.69480824866946,0.11672112,53.625319760030564,8.03420546680591,0.0,7.0,0.0,0.0,0.0,0.0,51.69480824866946,0.0,0.0,0.0,0.0
231,5,51.69480824866946,0.14413728,53.625319760030564,9.50440581339807,0.0,7.0,0.0,0.0,0.0,0.0,51.69480824866946,0.0,0.0,0.0,0.0
231,6,51.69480824866946,0.16588512,53.625319760030564,10.670640687488053,0.0,7.0,0.0,0.0,0.0,0.0,51.69480824866946,0.0,0.0,0.0,0.0
231,7,44.4,0.1810391999999999,46.05809128630706,9.862842821576761,0.0,6.0,0.0,0.0,0.0,0.0,44.4,0.0,0.0,0.0,0.0
231,8,37.0,0.1949208,38.38174273858922,8.751835684647304,0.0,6.0,0.0,0.0,0.0,0.0,37.0,0.0,0.0,0.0,0.0
231,9,14.8,0.20267136,15.352697095435687,3.6197262738589213,0.0,2.0,0.0,0.0,0.0,0.0,14.8,0.0,0.0,0.0,0.0
231,10,0.0,0.20544768,0.0,0.0,0.0,0.0,0.0,0.0,0.0,0.0,0.0,0.0,0.0,0.0,0.0
231,11,0.0,0.19306992,0.0,0.0,0.0,0.0,0.0,0.0,0.0,0.0,0.0,0.0,0.0,0.0,0.0
231,12,0.0,0.1664635199999999,0.0,0.0,0.0,0.0,0.0,0.0,0.0,0.0,0.0,0.0,0.0,0.0,0.0
231,13,0.0,0.14564112,0.0,0.0,0.0,0.0,0.0,0.0,0.0,0.0,0.0,0.0,0.0,0.0,0.0
231,14,0.0,0.196656,0.0,0.0,0.0,0.0,0.0,0.0,0.0,0.0,0.0,0.0,0.0,0.0,0.0
231,15,5.691853318762635,0.20845536,5.904412156392776,0.0,52.549268191895706,0.0,0.0,0.0,0.0,1.0,0.0,0.0,0.0,0.0,5.691853318762635
231,16,0.0,0.21319824,0.0,0.0,0.0,0.0,0.0,0.0,0.0,0.0,0.0,0.0,0.0,0.0,0.0
231,17,5.754513706182504,0.21100032,5.969412558280606,0.0,53.12777176869739,0.0,0.0,0.0,0.0,1.0,0.0,0.0,0.0,0.0,5.754513706182504
231,18,0.0,0.19977936,0.0,0.0,0.0,0.0,0.0,0.0,0.0,0.0,0.0,0.0,0.0,0.0,0.0
231,19,7.4,0.18878976,7.6763485477178435,1.7033031369294607,0.0,2.0,0.0,0.0,0.0,0.0,7.4,0.0,0.0,0.0,0.0
231,20,37.0,0.1778001599999999,38.38174273858922,8.0947156846473,0.0,5.0,0.0,0.0,0.0,0.0,37.0,0.0,0.0,0.0,0.0
231,21,46.236409356916816,0.16623216,47.96308024576434,9.560584385641535,0.0,7.0,0.0,0.0,0.0,0.0,46.236409356916816,0.0,0.0,0.0,0.0
231,22,48.760468806755085,0.16357152,50.58139917713184,9.947920659893267,0.0,7.0,0.0,0.0,0.0,0.0,48.760468806755085,0.0,0.0,0.0,0.0
231,23,42.61226651891531,0.16576944,44.203595973978544,8.790744377331366,0.0,7.0,0.0,0.0,0.0,0.0,42.61226651891531,0.0,0.0,0.0,0.0
232,0,48.22815044147372,0.16172064,50.029201702773584,9.746721094423439,0.0,7.0,0.0,0.0,0.0,0.0,48.22815044147372,0.0,0.0,0.0,0.0
232,1,49.18958989394602,0.1599854399999999,51.02654553313903,9.852482995946177,0.0,7.0,0.0,0.0,0.0,0.0,49.18958989394602,0.0,0.0,0.0,0.0
232,2,51.694808248669474,0.15975408,53.625319760030585,10.341861707026519,0.0,7.0,0.0,0.0,0.0,0.0,51.694808248669474,0.0,0.0,0.0,0.0
232,3,51.69480824866946,0.1607952,53.625319760030564,10.397692099935076,0.0,7.0,0.0,0.0,0.0,0.0,51.69480824866946,0.0,0.0,0.0,0.0
232,4,50.6248747359126,0.14853312,52.515430223975734,9.53854143972301,0.0,7.0,0.0,0.0,0.0,0.0,50.6248747359126,0.0,0.0,0.0,0.0
232,5,50.93747900872558,0.1570934399999999,52.839708515275504,10.049765931117536,0.0,7.0,0.0,0.0,0.0,0.0,50.93747900872558,0.0,0.0,0.0,0.0
232,6,51.694808248669474,0.16912416,53.625319760030585,10.844335243203584,0.0,7.0,0.0,0.0,0.0,0.0,51.694808248669474,0.0,0.0,0.0,0.0
232,7,51.69480824866946,0.19364832,53.625319760030564,12.159451165049735,0.0,7.0,0.0,0.0,0.0,0.0,51.69480824866946,0.0,0.0,0.0,0.0
232,8,42.60225219687645,0.2134296,44.19320767310835,10.894933810368332,0.0,7.0,0.0,0.0,0.0,0.0,42.60225219687645,0.0,0.0,0.0,0.0
232,9,22.200000000000003,0.22060176,23.02904564315353,5.842509410788383,0.0,3.0,0.0,0.0,0.0,0.0,22.200000000000003,0.0,0.0,0.0,0.0
232,10,1.7654227173280856,0.22337808,1.8313513665229106,0.0,16.299027162053907,1.0,0.0,0.0,0.0,2.0,0.0,0.0,0.0,0.0,1.7654227173280856
232,11,0.0,0.21713136,0.0,0.0,0.0,0.0,0.0,0.0,0.0,0.0,0.0,0.0,0.0,0.0,0.0
232,12,0.0,0.153276,0.0,0.0,0.0,0.0,0.0,0.0,0.0,0.0,0.0,0.0,0.0,0.0,0.0
232,13,0.0,0.1601011199999999,0.0,0.0,0.0,0.0,0.0,0.0,0.0,0.0,0.0,0.0,0.0,0.0,0.0
232,14,0.0,0.22198992,0.0,0.0,0.0,0.0,0.0,0.0,0.0,0.0,0.0,0.0,0.0,0.0,0.0
232,15,0.0894750358227666,0.22696416,0.09281642720204004,0.0,0.8260662020981564,0.0,0.0,0.0,0.0,1.0,0.0,0.0,0.0,0.0,0.0894750358227666
232,16,2.022923679294374,0.28908432,2.0984685469858655,0.0,18.676370068174204,0.0,0.0,0.0,0.0,1.0,0.0,0.0,0.0,0.0,2.022923679294374
232,17,0.0,1.26449808,0.0,0.0,0.0,0.0,0.0,0.0,0.0,0.0,0.0,0.0,0.0,0.0,0.0
232,18,0.0,1.4542132799999998,0.0,0.0,0.0,0.0,0.0,0.0,0.0,0.0,0.0,0.0,0.0,0.0,0.0
232,19,14.8,1.58065152,15.352697095435687,24.775438273858924,0.0,2.0,0.0,0.0,0.0,0.0,14.8,0.0,0.0,0.0,0.0
232,20,7.4,0.23031888,7.6763485477178435,2.022095136929461,0.0,1.0,0.0,0.0,0.0,0.0,7.4,0.0,0.0,0.0,0.0
232,21,14.8,0.22256832,15.352697095435687,3.9251982738589217,0.0,2.0,0.0,0.0,0.0,0.0,14.8,0.0,0.0,0.0,0.0
232,22,48.85944342557667,0.21204144,50.68406994354427,12.424765891021162,0.0,7.0,0.0,0.0,0.0,0.0,48.85944342557667,0.0,0.0,0.0,0.0
232,23,37.0,0.20105184,38.38174273858922,8.987155684647304,0.0,5.0,0.0,0.0,0.0,0.0,37.0,0.0,0.0,0.0,0.0
233,0,51.69480824866946,0.1865918399999999,53.625319760030564,11.781045168669468,0.0,7.0,0.0,0.0,0.0,0.0,51.69480824866946,0.0,0.0,0.0,0.0
233,1,51.69480824866945,0.1839312,53.625319760030585,11.638367497903149,0.0,7.0,0.0,0.0,0.0,0.0,51.69480824866945,0.0,0.0,0.0,0.0
233,2,38.56616036506272,0.18173328,40.00639042018955,8.594704074929899,0.0,7.0,0.0,0.0,0.0,0.0,38.56616036506272,0.0,0.0,0.0,0.0
233,3,51.69480824866946,0.1845096,53.625319760030564,11.669384382852346,0.0,7.0,0.0,0.0,0.0,0.0,51.69480824866946,0.0,0.0,0.0,0.0
233,4,50.10310700385618,0.2088024,51.974177389892304,12.572678248640685,0.0,7.0,0.0,0.0,0.0,0.0,50.10310700385618,0.0,0.0,0.0,0.0
233,5,35.143817265364,0.22893072,36.456241976518676,9.552655333601411,0.0,5.0,0.0,0.0,0.0,0.0,35.143817265364,0.0,0.0,0.0,0.0
233,6,51.694808248669474,0.29070384,53.625319760030585,17.36408445952578,0.0,7.0,0.0,0.0,0.0,0.0,51.694808248669474,0.0,0.0,0.0,0.0
233,7,51.694808248669474,0.33674448,53.625319760030585,19.833028501482236,0.0,7.0,0.0,0.0,0.0,0.0,51.694808248669474,0.0,0.0,0.0,0.0
233,8,27.52365145228216,0.37781088,28.551505655894356,11.732124314388528,0.0,4.0,0.0,0.0,0.0,0.0,27.52365145228216,0.0,0.0,0.0,0.0
233,9,0.0,0.37087008,0.0,0.0,0.0,0.0,0.0,0.0,0.0,0.0,0.0,0.0,0.0,0.0,0.0
233,10,0.0,0.34495776,0.0,0.0,0.0,0.0,0.0,0.0,0.0,0.0,0.0,0.0,0.0,0.0,0.0
233,11,0.0,0.32598624,0.0,0.0,0.0,0.0,0.0,0.0,0.0,0.0,0.0,0.0,0.0,0.0,0.0
233,12,0.0,0.2920919999999999,0.0,0.0,0.0,0.0,0.0,0.0,0.0,0.0,0.0,0.0,0.0,0.0,0.0
233,13,0.0,0.2857296,0.0,0.0,0.0,0.0,0.0,0.0,0.0,0.0,0.0,0.0,0.0,0.0,0.0
233,14,0.0,0.28954704,0.0,0.0,0.0,0.0,0.0,0.0,0.0,0.0,0.0,0.0,0.0,0.0,0.0
233,15,0.0,0.28885296,0.0,0.0,0.0,0.0,0.0,0.0,0.0,0.0,0.0,0.0,0.0,0.0,0.0
233,16,0.0,0.31973952,0.0,0.0,0.0,0.0,0.0,0.0,0.0,0.0,0.0,0.0,0.0,0.0,0.0
233,17,0.0,0.34946928,0.0,0.0,0.0,0.0,0.0,0.0,0.0,0.0,0.0,0.0,0.0,0.0,0.0
233,18,0.0,0.36022752,0.0,0.0,0.0,0.0,0.0,0.0,0.0,0.0,0.0,0.0,0.0,0.0,0.0
233,19,7.4,0.3493536,7.6763485477178435,2.935847136929461,0.0,1.0,0.0,0.0,0.0,0.0,7.4,0.0,0.0,0.0,0.0
233,20,36.16797798770425,0.29868576,37.51864936483844,12.448153593686444,0.0,5.0,0.0,0.0,0.0,0.0,36.16797798770425,0.0,0.0,0.0,0.0
233,21,29.6,0.23031888,30.705394190871374,8.088380547717843,0.0,4.0,0.0,0.0,0.0,0.0,29.6,0.0,0.0,0.0,0.0
233,22,47.52942096565252,0.21470208,49.30437859507522,12.217727568967117,0.0,7.0,0.0,0.0,0.0,0.0,47.52942096565252,0.0,0.0,0.0,0.0
233,23,37.0,0.2169,38.38174273858922,9.595435684647304,0.0,6.0,0.0,0.0,0.0,0.0,37.0,0.0,0.0,0.0,0.0
234,0,24.56968678491306,0.2105376,25.48722695530401,6.209646806045575,0.0,6.0,0.0,0.0,0.0,0.0,24.56968678491306,0.0,0.0,0.0,0.0
234,1,21.61196772287166,0.20163024,22.419053654431185,5.262429844877508,0.0,3.0,0.0,0.0,0.0,0.0,21.61196772287166,0.0,0.0,0.0,0.0
234,2,45.30226669629093,0.20139888,46.994052589513416,11.020052698901996,0.0,7.0,0.0,0.0,0.0,0.0,45.30226669629093,0.0,0.0,0.0,0.0
234,3,51.09384909135138,0.20857104,53.001918144555376,12.80902867998957,0.0,7.0,0.0,0.0,0.0,0.0,51.09384909135138,0.0,0.0,0.0,0.0
234,4,31.316118468488163,0.21308256,32.485600071045816,7.997388188626241,0.0,5.0,0.0,0.0,0.0,0.0,31.316118468488163,0.0,0.0,0.0,0.0
234,5,44.294808248669455,0.24281232,45.94897121231272,12.677887248802415,0.0,7.0,0.0,0.0,0.0,0.0,44.294808248669455,0.0,0.0,0.0,0.0
234,6,49.12045407706249,0.286308,50.95482788077022,16.275379663741056,0.0,7.0,0.0,0.0,0.0,0.0,49.12045407706249,0.0,0.0,0.0,0.0
234,7,37.99807249152143,0.3134928,39.417087646806465,13.661678775352067,0.0,6.0,0.0,0.0,0.0,0.0,37.99807249152143,0.0,0.0,0.0,0.0
234,8,0.0,0.31395552,0.0,0.0,0.0,0.0,0.0,0.0,0.0,0.0,0.0,0.0,0.0,0.0,0.0
234,9,0.0,0.31094784,0.0,0.0,0.0,0.0,0.0,0.0,0.0,0.0,0.0,0.0,0.0,0.0,0.0
234,10,0.0,0.30551088,0.0,0.0,0.0,0.0,0.0,0.0,0.0,0.0,0.0,0.0,0.0,0.0,0.0
234,11,0.0,0.29394288,0.0,0.0,0.0,0.0,0.0,0.0,0.0,0.0,0.0,0.0,0.0,0.0,0.0
234,12,0.0,0.28087104,0.0,0.0,0.0,0.0,0.0,0.0,0.0,0.0,0.0,0.0,0.0,0.0,0.0
234,13,0.0,0.26363472,0.0,0.0,0.0,0.0,0.0,0.0,0.0,0.0,0.0,0.0,0.0,0.0,0.0
234,14,0.0,0.2761281599999999,0.0,0.0,0.0,0.0,0.0,0.0,0.0,0.0,0.0,0.0,0.0,0.0,0.0
234,15,0.0,0.2865393599999999,0.0,0.0,0.0,0.0,0.0,0.0,0.0,0.0,0.0,0.0,0.0,0.0,0.0
234,16,0.0,0.31094784,0.0,0.0,0.0,0.0,0.0,0.0,0.0,0.0,0.0,0.0,0.0,0.0,0.0
234,17,0.0,0.3140712,0.0,0.0,0.0,0.0,0.0,0.0,0.0,0.0,0.0,0.0,0.0,0.0,0.0
234,18,0.0,0.33246432,0.0,0.0,0.0,0.0,0.0,0.0,0.0,0.0,0.0,0.0,0.0,0.0,0.0
234,19,0.0,0.3256392,0.0,0.0,0.0,0.0,0.0,0.0,0.0,0.0,0.0,0.0,0.0,0.0,0.0
234,20,7.4,0.31279872,7.6763485477178435,2.655239136929461,0.0,2.0,0.0,0.0,0.0,0.0,7.4,0.0,0.0,0.0,0.0
234,21,28.008298755186722,0.27277344,29.054251820733114,8.886923951033902,0.0,5.0,0.0,0.0,0.0,0.0,28.008298755186722,0.0,0.0,0.0,0.0
234,22,28.18450927960634,0.2677991999999999,29.23704282116841,8.797402795255316,0.0,4.0,0.0,0.0,0.0,0.0,28.18450927960634,0.0,0.0,0.0,0.0
234,23,44.4,0.23853216,46.05809128630706,12.510858821576765,0.0,6.0,0.0,0.0,0.0,0.0,44.4,0.0,0.0,0.0,0.0
235,0,28.0916898058303,0.22360944,29.140757059989937,7.480707426046064,0.0,4.0,0.0,0.0,0.0,0.0,28.0916898058303,0.0,0.0,0.0,0.0
235,1,28.542501609567665,0.22279968,29.60840415930256,7.5767811496761945,0.0,4.0,0.0,0.0,0.0,0.0,28.542501609567665,0.0,0.0,0.0,0.0
235,2,51.69480824866945,0.22198992,53.625319760030564,13.67927852756062,0.0,7.0,0.0,0.0,0.0,0.0,51.69480824866945,0.0,0.0,0.0,0.0
235,3,36.183750266922175,0.2416555199999999,37.535010650334215,10.312951369438114,0.0,5.0,0.0,0.0,0.0,0.0,36.183750266922175,0.0,0.0,0.0,0.0
235,4,46.399745833291604,0.26039568,48.13251642457636,14.12668563814221,0.0,7.0,0.0,0.0,0.0,0.0,46.399745833291604,0.0,0.0,0.0,0.0
235,5,43.233468431117316,0.3111792,44.84799629783955,15.44023228702316,0.0,6.0,0.0,0.0,0.0,0.0,43.233468431117316,0.0,0.0,0.0,0.0
235,6,51.69480824866946,0.28885296,53.625319760030564,17.26483042768833,0.0,7.0,0.0,0.0,0.0,0.0,51.69480824866946,0.0,0.0,0.0,0.0
235,7,44.4,0.32691168,46.05809128630706,16.581450821576766,0.0,6.0,0.0,0.0,0.0,0.0,44.4,0.0,0.0,0.0,0.0
235,8,0.0,0.326796,0.0,0.0,0.0,0.0,0.0,0.0,0.0,0.0,0.0,0.0,0.0,0.0,0.0
235,9,0.0,0.32124336,0.0,0.0,0.0,0.0,0.0,0.0,0.0,0.0,0.0,0.0,0.0,0.0,0.0
235,10,0.0,0.31141056,0.0,0.0,0.0,0.0,0.0,0.0,0.0,0.0,0.0,0.0,0.0,0.0,0.0
235,11,0.0,0.2944056,0.0,0.0,0.0,0.0,0.0,0.0,0.0,0.0,0.0,0.0,0.0,0.0,0.0
235,12,0.0,0.2880432,0.0,0.0,0.0,0.0,0.0,0.0,0.0,0.0,0.0,0.0,0.0,0.0,0.0
235,13,0.0,0.28306896,0.0,0.0,0.0,0.0,0.0,0.0,0.0,0.0,0.0,0.0,0.0,0.0,0.0
235,14,0.0,0.28353168,0.0,0.0,0.0,0.0,0.0,0.0,0.0,0.0,0.0,0.0,0.0,0.0,0.0
235,15,0.0,0.2845728,0.0,0.0,0.0,0.0,0.0,0.0,0.0,0.0,0.0,0.0,0.0,0.0,0.0
235,16,0.0,0.32355696,0.0,0.0,0.0,0.0,0.0,0.0,0.0,0.0,0.0,0.0,0.0,0.0,0.0
235,17,0.0,0.32587056,0.0,0.0,0.0,0.0,0.0,0.0,0.0,0.0,0.0,0.0,0.0,0.0,0.0
235,18,0.0,0.31973952,0.0,0.0,0.0,0.0,0.0,0.0,0.0,0.0,0.0,0.0,0.0,0.0,0.0
235,19,6.146171007867062,0.31707888,6.37569606625214,2.2326341077005805,0.0,1.0,0.0,0.0,0.0,0.0,6.146171007867063,0.0,0.0,0.0,0.0
235,20,29.6,0.29278608,30.705394190871374,10.006460547717845,0.0,4.0,0.0,0.0,0.0,0.0,29.6,0.0,0.0,0.0,0.0
235,21,37.0,0.25010016,38.38174273858922,10.869715684647305,0.0,5.0,0.0,0.0,0.0,0.0,37.0,0.0,0.0,0.0,0.0
235,22,51.69480824866946,0.24512592,53.625319760030564,14.919953925528684,0.0,7.0,0.0,0.0,0.0,0.0,51.69480824866946,0.0,0.0,0.0,0.0
235,23,44.03710804356218,0.2326324799999999,45.681647348093556,12.139097440294321,0.0,6.0,0.0,0.0,0.0,0.0,44.03710804356218,0.0,0.0,0.0,0.0
236,0,42.04738092679912,0.22407216,43.617615069293706,11.217236281418812,0.0,7.0,0.0,0.0,0.0,0.0,42.04738092679913,0.0,0.0,0.0,0.0
236,1,22.200000000000003,0.21724704,23.02904564315353,5.765253410788383,0.0,4.0,0.0,0.0,0.0,0.0,22.200000000000003,0.0,0.0,0.0,0.0
236,2,29.6,0.21423936,30.705394190871374,7.594652547717843,0.0,4.0,0.0,0.0,0.0,0.0,29.6,0.0,0.0,0.0,0.0
236,3,45.32929025457973,0.21770976,47.02208532632753,11.79359793539573,0.0,7.0,0.0,0.0,0.0,0.0,45.32929025457973,0.0,0.0,0.0,0.0
236,4,29.6,0.23216976,30.705394190871374,8.145212547717843,0.0,4.0,0.0,0.0,0.0,0.0,29.6,0.0,0.0,0.0,0.0
236,5,29.6,0.25588416,30.705394190871374,8.873372547717844,0.0,4.0,0.0,0.0,0.0,0.0,29.6,0.0,0.0,0.0,0.0
236,6,48.64877720873762,0.30678336,50.46553652358674,17.15239611783938,0.0,7.0,0.0,0.0,0.0,0.0,48.64877720873762,0.0,0.0,0.0,0.0
236,7,29.6,1.8474096,30.705394190871374,57.741788547717846,0.0,4.0,0.0,0.0,0.0,0.0,29.6,0.0,0.0,0.0,0.0
236,8,22.200000000000003,1.4899584,23.02904564315353,35.07458141078838,0.0,3.0,0.0,0.0,0.0,0.0,22.200000000000003,0.0,0.0,0.0,0.0
236,9,14.8,1.28161872,15.352697095435687,20.18447827385892,0.0,2.0,0.0,0.0,0.0,0.0,14.8,0.0,0.0,0.0,0.0
236,10,0.0,1.2299097599999995,0.0,0.0,0.0,0.0,0.0,0.0,0.0,0.0,0.0,0.0,0.0,0.0,0.0
236,11,0.0,0.33362112,0.0,0.0,0.0,0.0,0.0,0.0,0.0,0.0,0.0,0.0,0.0,0.0,0.0
236,12,0.0,0.32309424,0.0,0.0,0.0,0.0,0.0,0.0,0.0,0.0,0.0,0.0,0.0,0.0,0.0
236,13,0.0,0.3175416,0.0,0.0,0.0,0.0,0.0,0.0,0.0,0.0,0.0,0.0,0.0,0.0,0.0
236,14,0.0,0.3461145599999999,0.0,0.0,0.0,0.0,0.0,0.0,0.0,0.0,0.0,0.0,0.0,0.0,0.0
236,15,0.0,0.34160304,0.0,0.0,0.0,0.0,0.0,0.0,0.0,0.0,0.0,0.0,0.0,0.0,0.0
236,16,0.0,1.7947752,0.0,0.0,0.0,0.0,0.0,0.0,0.0,0.0,0.0,0.0,0.0,0.0,0.0
236,17,0.0,2.3911056,0.0,0.0,0.0,0.0,0.0,0.0,0.0,0.0,0.0,0.0,0.0,0.0,0.0
236,18,0.0,2.9909064,0.0,0.0,0.0,0.0,0.0,0.0,0.0,0.0,0.0,0.0,0.0,0.0,0.0
236,19,11.452664726460265,2.38231392,11.880357600062517,28.695981121768796,0.0,2.0,0.0,0.0,0.0,0.0,11.452664726460265,0.0,0.0,0.0,0.0
236,20,10.707347447681517,1.7938497599999998,11.107206895935185,20.29230897279913,0.0,3.0,0.0,0.0,0.0,0.0,10.707347447681517,0.0,0.0,0.0,0.0
236,21,24.700395029645513,1.7982455999999996,25.622816420794106,46.92423211182902,0.0,5.0,0.0,0.0,0.0,0.0,24.700395029645513,0.0,0.0,0.0,0.0
236,22,37.0,0.32876256,38.38174273858922,13.888915684647305,0.0,5.0,0.0,0.0,0.0,0.0,37.0,0.0,0.0,0.0,0.0
236,23,51.69480824866945,0.32922528,53.625319760030564,19.429808997142604,0.0,7.0,0.0,0.0,0.0,0.0,51.69480824866945,0.0,0.0,0.0,0.0
237,0,29.6,0.31337712,30.705394190871374,10.638716547717845,0.0,4.0,0.0,0.0,0.0,0.0,29.6,0.0,0.0,0.0,0.0
237,1,51.69480824866946,0.29544672,53.625319760030564,17.618422916109232,0.0,7.0,0.0,0.0,0.0,0.0,51.69480824866946,0.0,0.0,0.0,0.0
237,2,50.66346333100009,0.2762438399999999,52.55545988692956,16.257707774388752,0.0,7.0,0.0,0.0,0.0,0.0,50.66346333100009,0.0,0.0,0.0,0.0
237,3,29.6,0.27474,30.705394190871374,9.452348547717843,0.0,5.0,0.0,0.0,0.0,0.0,29.6,0.0,0.0,0.0,0.0
237,4,37.35887221752496,0.2920919999999999,38.75401682315868,12.602496238756613,0.0,6.0,0.0,0.0,0.0,0.0,37.35887221752496,0.0,0.0,0.0,0.0
237,5,51.69480824866946,0.3158064,53.625319760030564,18.71021726632113,0.0,7.0,0.0,0.0,0.0,0.0,51.69480824866946,0.0,0.0,0.0,0.0
237,6,44.226375203423466,0.34669296,45.87798257616544,17.424134801430295,0.0,7.0,0.0,0.0,0.0,0.0,44.226375203423466,0.0,0.0,0.0,0.0
237,7,46.97564758148805,1.57405776,48.729924877062295,78.31667691038771,0.0,7.0,0.0,0.0,0.0,0.0,46.97564758148805,0.0,0.0,0.0,0.0
237,8,22.200000000000003,1.45675824,23.02904564315353,34.310013410788386,0.0,3.0,0.0,0.0,0.0,0.0,22.200000000000003,0.0,0.0,0.0,0.0
237,9,14.8,1.31724816,15.352697095435687,20.73148627385892,0.0,2.0,0.0,0.0,0.0,0.0,14.8,0.0,0.0,0.0,0.0
237,10,0.0,1.2487656,0.0,0.0,0.0,0.0,0.0,0.0,0.0,0.0,0.0,0.0,0.0,0.0,0.0
237,11,0.0,1.1510159999999998,0.0,0.0,0.0,0.0,0.0,0.0,0.0,0.0,0.0,0.0,0.0,0.0,0.0
237,12,0.0,0.3303820799999999,0.0,0.0,0.0,0.0,0.0,0.0,0.0,0.0,0.0,0.0,0.0,0.0,0.0
237,13,0.0,0.32054928,0.0,0.0,0.0,0.0,0.0,0.0,0.0,0.0,0.0,0.0,0.0,0.0,0.0
237,14,0.0,0.74972208,0.0,0.0,0.0,0.0,0.0,0.0,0.0,0.0,0.0,0.0,0.0,0.0,0.0
237,15,0.0,1.1382911999999998,0.0,0.0,0.0,0.0,0.0,0.0,0.0,0.0,0.0,0.0,0.0,0.0,0.0
237,16,0.0,1.37763312,0.0,0.0,0.0,0.0,0.0,0.0,0.0,0.0,0.0,0.0,0.0,0.0,0.0
237,17,0.0,1.60320912,0.0,0.0,0.0,0.0,0.0,0.0,0.0,0.0,0.0,0.0,0.0,0.0,0.0
237,18,0.0,1.82068752,0.0,0.0,0.0,0.0,0.0,0.0,0.0,0.0,0.0,0.0,0.0,0.0,0.0
237,19,7.4,1.7096347199999995,7.6763485477178435,13.377839136929458,0.0,1.0,0.0,0.0,0.0,0.0,7.4,0.0,0.0,0.0,0.0
237,20,7.4,1.1997172799999998,7.6763485477178435,9.46353513692946,0.0,1.0,0.0,0.0,0.0,0.0,7.4,0.0,0.0,0.0,0.0
237,21,17.178317163769236,0.27369888,17.819831082748173,5.467104217976327,0.0,4.0,0.0,0.0,0.0,0.0,17.17831716376924,0.0,0.0,0.0,0.0
237,22,24.763909099055773,0.24836496,25.68870238491263,7.230469589221339,0.0,4.0,0.0,0.0,0.0,0.0,24.763909099055773,0.0,0.0,0.0,0.0
237,23,51.69480824866945,0.24327504,53.625319760030564,14.820699893691241,0.0,7.0,0.0,0.0,0.0,0.0,51.69480824866945,0.0,0.0,0.0,0.0
238,0,51.69480824866946,0.222684,53.625319760030564,13.716498789499658,0.0,7.0,0.0,0.0,0.0,0.0,51.69480824866946,0.0,0.0,0.0,0.0
238,1,49.3882784327908,0.21076896,51.23265397592407,12.49405404314847,0.0,7.0,0.0,0.0,0.0,0.0,49.3882784327908,0.0,0.0,0.0,0.0
238,2,36.125840381977945,0.20093616,37.47493815557878,8.770490622169142,0.0,7.0,0.0,0.0,0.0,0.0,36.125840381977945,0.0,0.0,0.0,0.0
238,3,45.3602360311774,0.19584624,47.05418675433341,10.772879133662439,0.0,7.0,0.0,0.0,0.0,0.0,45.3602360311774,0.0,0.0,0.0,0.0
238,4,51.69480824866946,0.1885584,53.625319760030564,11.886502577496756,0.0,7.0,0.0,0.0,0.0,0.0,51.69480824866946,0.0,0.0,0.0,0.0
238,5,38.19061844163577,0.2012832,39.61682410958069,9.28551800864067,0.0,7.0,0.0,0.0,0.0,0.0,38.19061844163577,0.0,0.0,0.0,0.0
238,6,45.27142646962384,0.2229153599999999,46.96206065313677,12.023008864454642,0.0,7.0,0.0,0.0,0.0,0.0,45.27142646962384,0.0,0.0,0.0,0.0
238,7,44.29480824866946,0.26062704,45.94897121231272,13.496455305237827,0.0,7.0,0.0,0.0,0.0,0.0,44.29480824866946,0.0,0.0,0.0,0.0
238,8,25.18449271917237,0.30030528,26.12499244727424,7.8919585192598,21.842611290774514,4.0,0.0,0.0,0.0,1.0,22.81861886700308,0.0,0.0,0.0,2.365873852169284
238,9,14.8,0.31592208,15.352697095435687,5.3584302738589225,0.0,2.0,0.0,0.0,0.0,0.0,14.8,0.0,0.0,0.0,0.0
238,10,3.4926327405103152,0.3136084799999999,3.623063008828128,0.0,32.24526077857034,0.0,0.0,0.0,0.0,1.0,0.0,0.0,0.0,0.0,3.4926327405103152
238,11,0.0,0.29718192,0.0,0.0,0.0,0.0,0.0,0.0,0.0,0.0,0.0,0.0,0.0,0.0,0.0
238,12,0.0,0.27277344,0.0,0.0,0.0,0.0,0.0,0.0,0.0,0.0,0.0,0.0,0.0,0.0,0.0
238,13,0.0,0.26074272,0.0,0.0,0.0,0.0,0.0,0.0,0.0,0.0,0.0,0.0,0.0,0.0,0.0
238,14,0.8360512722943769,0.23471472,0.8672731040398102,0.0,7.7187306259543105,0.0,0.0,0.0,0.0,1.0,0.0,0.0,0.0,0.0,0.8360512722943769
238,15,2.1778089407908507,0.2230310399999999,2.2591379053847,0.0,20.10632735792383,0.0,0.0,0.0,0.0,1.0,0.0,0.0,0.0,0.0,2.1778089407908507
238,16,0.0,0.2261544,0.0,0.0,0.0,0.0,0.0,0.0,0.0,0.0,0.0,0.0,0.0,0.0,0.0
238,17,0.0,0.22650144,0.0,0.0,0.0,0.0,0.0,0.0,0.0,0.0,0.0,0.0,0.0,0.0,0.0
238,18,0.0,0.21620592,0.0,0.0,0.0,0.0,0.0,0.0,0.0,0.0,0.0,0.0,0.0,0.0,0.0
238,19,14.8,0.20741424,15.352697095435687,3.6925422738589218,0.0,2.0,0.0,0.0,0.0,0.0,14.8,0.0,0.0,0.0,0.0
238,20,28.968180521774286,0.18300576,30.049979794371673,6.493973721447333,0.0,5.0,0.0,0.0,0.0,0.0,28.968180521774286,0.0,0.0,0.0,0.0
238,21,40.82059631210435,0.167736,42.345016921270066,8.504403818400196,0.0,7.0,0.0,0.0,0.0,0.0,40.82059631210435,0.0,0.0,0.0,0.0
238,22,50.103107003856174,0.1237776,51.974177389892304,8.153584210900569,0.0,7.0,0.0,0.0,0.0,0.0,50.103107003856174,0.0,0.0,0.0,0.0
238,23,48.30574824569208,0.1622990399999999,50.109697350302994,9.791386756939744,0.0,7.0,0.0,0.0,0.0,0.0,48.30574824569208,0.0,0.0,0.0,0.0
239,0,48.41006428084356,0.14737632,50.217909005024445,9.063143415321674,0.0,7.0,0.0,0.0,0.0,0.0,48.41006428084356,0.0,0.0,0.0,0.0
239,1,34.17435841232062,0.13638672,35.45057926589276,6.008402401876172,0.0,7.0,0.0,0.0,0.0,0.0,34.17435841232062,0.0,0.0,0.0,0.0
239,2,40.40959919543993,0.11949744,41.918671364564254,6.396681938433812,0.0,7.0,0.0,0.0,0.0,0.0,40.40959919543993,0.0,0.0,0.0,0.0
239,3,44.29480824866946,0.1191504,45.94897121231272,6.995749246663097,0.0,7.0,0.0,0.0,0.0,0.0,44.29480824866946,0.0,0.0,0.0,0.0
239,4,51.24741210847913,0.09323808,53.16121588016509,6.716285944765565,0.0,7.0,0.0,0.0,0.0,0.0,51.24741210847913,0.0,0.0,0.0,0.0
239,5,51.69480824866946,0.07496064,53.625319760030564,5.794786373473548,0.0,7.0,0.0,0.0,0.0,0.0,51.69480824866946,0.0,0.0,0.0,0.0
239,6,51.694808248669474,0.12007584,53.625319760030585,8.214103399511282,0.0,7.0,0.0,0.0,0.0,0.0,51.694808248669474,0.0,0.0,0.0,0.0
239,7,44.4,0.15003696,46.05809128630706,8.434938821576765,0.0,6.0,0.0,0.0,0.0,0.0,44.4,0.0,0.0,0.0,0.0
239,8,51.694808248669474,0.1619519999999999,53.625319760030585,10.45972586983348,0.0,7.0,0.0,0.0,0.0,0.0,51.694808248669474,0.0,0.0,0.0,0.0
239,9,22.200000000000003,0.16762032,23.02904564315353,4.622397410788382,0.0,3.0,0.0,0.0,0.0,0.0,22.200000000000003,0.0,0.0,0.0,0.0
239,10,0.0,0.1683144,0.0,0.0,0.0,0.0,0.0,0.0,0.0,0.0,0.0,0.0,0.0,0.0,0.0
239,11,0.0,0.14274912,0.0,0.0,0.0,0.0,0.0,0.0,0.0,0.0,0.0,0.0,0.0,0.0,0.0
239,12,0.3202504260641321,0.1660008,0.33220998554370557,0.0,2.9566688713389797,0.0,0.0,0.0,0.0,1.0,0.0,0.0,0.0,0.0,0.3202504260641321
239,13,7.9902860923367225,0.1688927999999999,8.288678519021497,0.0,73.76923881929133,0.0,0.0,0.0,0.0,2.0,0.0,0.0,0.0,0.0,7.9902860923367225
239,14,0.0,0.17259456,0.0,0.0,0.0,0.0,0.0,0.0,0.0,0.0,0.0,0.0,0.0,0.0,0.0
239,15,9.772477628075734,0.19931664,10.137424925389766,0.0,90.22308183596893,0.0,0.0,0.0,0.0,1.0,0.0,0.0,0.0,0.0,9.772477628075734
239,16,0.0,1.1924294400000002,0.0,0.0,0.0,0.0,0.0,0.0,0.0,0.0,0.0,0.0,0.0,0.0,0.0
239,17,0.0,1.35415008,0.0,0.0,0.0,0.0,0.0,0.0,0.0,0.0,0.0,0.0,0.0,0.0,0.0
239,18,0.0,1.45791504,0.0,0.0,0.0,0.0,0.0,0.0,0.0,0.0,0.0,0.0,0.0,0.0,0.0
239,19,0.0,1.41210576,0.0,0.0,0.0,0.0,0.0,0.0,0.0,0.0,0.0,0.0,0.0,0.0,0.0
239,20,27.321598615784346,1.4354731200000002,28.341907277784593,41.622163197686824,0.0,4.0,0.0,0.0,0.0,0.0,27.321598615784346,0.0,0.0,0.0,0.0
239,21,22.200000000000003,0.27103824,23.02904564315353,7.0040134107883825,0.0,3.0,0.0,0.0,0.0,0.0,22.200000000000003,0.0,0.0,0.0,0.0
239,22,32.94623148479723,0.25252944,34.17658867717556,9.761839884971995,0.0,5.0,0.0,0.0,0.0,0.0,32.94623148479723,0.0,0.0,0.0,0.0
239,23,43.82803440305369,0.28237488,45.46476597827148,14.342991591223276,0.0,7.0,0.0,0.0,0.0,0.0,43.82803440305369,0.0,0.0,0.0,0.0
240,0,51.69480824866946,0.2763595199999999,53.625319760030564,16.59486571278557,0.0,7.0,0.0,0.0,0.0,0.0,51.69480824866946,0.0,0.0,0.0,0.0
240,1,46.03221083348762,0.28503552,47.75125605133571,15.191370674544835,0.0,7.0,0.0,0.0,0.0,0.0,46.03221083348762,0.0,0.0,0.0,0.0
240,2,44.29480824866946,0.29637216,45.94897121231272,15.138906795098492,0.0,7.0,0.0,0.0,0.0,0.0,44.29480824866946,0.0,0.0,0.0,0.0
240,3,44.16366317891105,0.3405619199999999,45.8129286088289,17.11854686479793,0.0,7.0,0.0,0.0,0.0,0.0,44.16366317891105,0.0,0.0,0.0,0.0
240,4,37.0,1.05396048,38.38174273858922,41.723275684647305,0.0,6.0,0.0,0.0,0.0,0.0,37.0,0.0,0.0,0.0,0.0
240,5,42.76357509899341,1.28613024,44.36055508194337,58.521785727285376,0.0,7.0,0.0,0.0,0.0,0.0,42.76357509899341,0.0,0.0,0.0,0.0
240,6,47.38119470809474,1.6254196799999996,49.15061691711074,81.51726544116906,0.0,7.0,0.0,0.0,0.0,0.0,47.38119470809474,0.0,0.0,0.0,0.0
240,7,29.6,1.68499488,30.705394190871374,52.75478054771785,0.0,4.0,0.0,0.0,0.0,0.0,29.6,0.0,0.0,0.0,0.0
240,8,29.6,1.4407944,30.705394190871374,45.25650854771784,0.0,4.0,0.0,0.0,0.0,0.0,29.6,0.0,0.0,0.0,0.0
240,9,7.4,1.34859744,7.6763485477178435,10.606391136929462,0.0,1.0,0.0,0.0,0.0,0.0,7.4,0.0,0.0,0.0,0.0
240,10,0.0,1.32870048,0.0,0.0,0.0,0.0,0.0,0.0,0.0,0.0,0.0,0.0,0.0,0.0,0.0
240,11,0.0,1.21544976,0.0,0.0,0.0,0.0,0.0,0.0,0.0,0.0,0.0,0.0,0.0,0.0,0.0
240,12,0.0,1.159692,0.0,0.0,0.0,0.0,0.0,0.0,0.0,0.0,0.0,0.0,0.0,0.0,0.0
240,13,0.0,1.13574624,0.0,0.0,0.0,0.0,0.0,0.0,0.0,0.0,0.0,0.0,0.0,0.0,0.0
240,14,0.0,1.32754368,0.0,0.0,0.0,0.0,0.0,0.0,0.0,0.0,0.0,0.0,0.0,0.0,0.0
240,15,0.0,1.34732496,0.0,0.0,0.0,0.0,0.0,0.0,0.0,0.0,0.0,0.0,0.0,0.0,0.0
240,16,0.0,1.73589408,0.0,0.0,0.0,0.0,0.0,0.0,0.0,0.0,0.0,0.0,0.0,0.0,0.0
240,17,0.0,1.8838488,0.0,0.0,0.0,0.0,0.0,0.0,0.0,0.0,0.0,0.0,0.0,0.0,0.0
240,18,0.0,2.02393728,0.0,0.0,0.0,0.0,0.0,0.0,0.0,0.0,0.0,0.0,0.0,0.0,0.0
240,19,7.4,1.92873264,7.6763485477178435,15.059711136929462,0.0,1.0,0.0,0.0,0.0,0.0,7.4,0.0,0.0,0.0,0.0
240,20,37.0,1.6077206399999997,38.38174273858922,62.9775556846473,0.0,5.0,0.0,0.0,0.0,0.0,37.0,0.0,0.0,0.0,0.0
240,21,29.6,0.46202592,30.705394190871374,15.203036547717845,0.0,4.0,0.0,0.0,0.0,0.0,29.6,0.0,0.0,0.0,0.0
240,22,41.22762329695375,0.3186984,42.76724408397693,15.045448041152548,0.0,7.0,0.0,0.0,0.0,0.0,41.22762329695375,0.0,0.0,0.0,0.0
240,23,51.69480824866945,0.1868232,53.625319760030564,11.793451922649153,0.0,7.0,0.0,0.0,0.0,0.0,51.69480824866945,0.0,0.0,0.0,0.0
241,0,44.4,0.17456112,46.05809128630706,9.564474821576765,0.0,6.0,0.0,0.0,0.0,0.0,44.4,0.0,0.0,0.0,0.0
241,1,51.69480824866946,0.16727328,53.625319760030564,10.745081211366136,0.0,7.0,0.0,0.0,0.0,0.0,51.69480824866946,0.0,0.0,0.0,0.0
241,2,28.11349050651726,0.16808304,29.163371894727455,5.867175814431828,0.0,4.0,0.0,0.0,0.0,0.0,28.11349050651726,0.0,0.0,0.0,0.0
241,3,29.6,0.17618064,30.705394190871374,6.426044547717843,0.0,5.0,0.0,0.0,0.0,0.0,29.6,0.0,0.0,0.0,0.0
241,4,44.294808248669455,0.27427728,45.94897121231272,14.123669790038988,0.0,7.0,0.0,0.0,0.0,0.0,44.294808248669455,0.0,0.0,0.0,0.0
241,5,48.7049533957476,0.3285312,50.52381057650167,18.270986247352994,0.0,7.0,0.0,0.0,0.0,0.0,48.7049533957476,0.0,0.0,0.0,0.0
241,6,29.6,0.38729664,30.705394190871374,12.908444547717846,0.0,4.0,0.0,0.0,0.0,0.0,29.6,0.0,0.0,0.0,0.0
241,7,36.775731389606946,1.10393424,38.149098951874436,43.37683173342934,0.0,5.0,0.0,0.0,0.0,0.0,36.775731389606946,0.0,0.0,0.0,0.0
241,8,22.200000000000003,0.92544,23.02904564315353,22.074261410788385,0.0,3.0,0.0,0.0,0.0,0.0,22.200000000000003,0.0,0.0,0.0,0.0
241,9,0.0,0.7759814399999999,0.0,0.0,0.0,0.0,0.0,0.0,0.0,0.0,0.0,0.0,0.0,0.0,0.0
241,10,0.0,0.5253028799999999,0.0,0.0,0.0,0.0,0.0,0.0,0.0,0.0,0.0,0.0,0.0,0.0,0.0
241,11,0.0,0.56139504,0.0,0.0,0.0,0.0,0.0,0.0,0.0,0.0,0.0,0.0,0.0,0.0,0.0
241,12,0.0,0.5334004800000001,0.0,0.0,0.0,0.0,0.0,0.0,0.0,0.0,0.0,0.0,0.0,0.0,0.0
241,13,0.0,0.5633616,0.0,0.0,0.0,0.0,0.0,0.0,0.0,0.0,0.0,0.0,0.0,0.0,0.0
241,14,0.0,0.70645776,0.0,0.0,0.0,0.0,0.0,0.0,0.0,0.0,0.0,0.0,0.0,0.0,0.0
241,15,0.0,0.980388,0.0,0.0,0.0,0.0,0.0,0.0,0.0,0.0,0.0,0.0,0.0,0.0,0.0
241,16,0.0,1.5990446399999998,0.0,0.0,0.0,0.0,0.0,0.0,0.0,0.0,0.0,0.0,0.0,0.0,0.0
241,17,0.0,1.8028728,0.0,0.0,0.0,0.0,0.0,0.0,0.0,0.0,0.0,0.0,0.0,0.0,0.0
241,18,0.0,1.96656,0.0,0.0,0.0,0.0,0.0,0.0,0.0,0.0,0.0,0.0,0.0,0.0,0.0
241,19,7.4,1.8346848,7.6763485477178435,14.337767136929463,0.0,1.0,0.0,0.0,0.0,0.0,7.4,0.0,0.0,0.0,0.0
241,20,22.200000000000003,1.2950376,23.02904564315353,30.58574141078838,0.0,3.0,0.0,0.0,0.0,0.0,22.200000000000003,0.0,0.0,0.0,0.0
241,21,37.0,0.3366288,38.38174273858922,14.190835684647304,0.0,5.0,0.0,0.0,0.0,0.0,37.0,0.0,0.0,0.0,0.0
241,22,51.69480824866946,0.31222032,53.625319760030564,18.51791257963608,0.0,7.0,0.0,0.0,0.0,0.0,51.69480824866946,0.0,0.0,0.0,0.0
241,23,50.76527954499404,0.5318966399999999,52.66107836617639,29.753332335666354,0.0,7.0,0.0,0.0,0.0,0.0,50.76527954499404,0.0,0.0,0.0,0.0
242,0,50.20829875518672,0.381744,52.083297463886645,21.606443453108596,0.0,7.0,0.0,0.0,0.0,0.0,50.20829875518672,0.0,0.0,0.0,0.0
242,1,20.015663837324567,0.39493152,20.763136760710132,8.887276987654634,0.0,3.0,0.0,0.0,0.0,0.0,20.015663837324567,0.0,0.0,0.0,0.0
242,2,14.8,0.43993104,15.352697095435687,7.262302273858922,0.0,3.0,0.0,0.0,0.0,0.0,14.8,0.0,0.0,0.0,0.0
242,3,40.84000064317902,0.6940799999999999,42.365145895413924,30.807086792227096,0.0,7.0,0.0,0.0,0.0,0.0,40.84000064317902,0.0,0.0,0.0,0.0
242,4,29.6,1.10289312,30.705394190871374,34.881116547717845,0.0,4.0,0.0,0.0,0.0,0.0,29.6,0.0,0.0,0.0,0.0
242,5,22.200000000000003,1.47098688,23.02904564315353,34.63768541078839,0.0,3.0,0.0,0.0,0.0,0.0,22.200000000000003,0.0,0.0,0.0,0.0
242,6,33.30904088870097,1.66729584,34.55294697998027,58.75368730449901,0.0,7.0,0.0,0.0,0.0,0.0,33.30904088870097,0.0,0.0,0.0,0.0
242,7,51.69480824866946,1.6184788799999998,53.625319760030564,88.56644554891314,0.0,7.0,0.0,0.0,0.0,0.0,51.69480824866946,0.0,0.0,0.0,0.0
242,8,37.0,1.4425296,38.38174273858922,56.637235684647315,0.0,5.0,0.0,0.0,0.0,0.0,37.0,0.0,0.0,0.0,0.0
242,9,5.60197626619055,1.27583472,5.811178699367791,7.6064535637269435,0.0,1.0,0.0,0.0,0.0,0.0,5.60197626619055,0.0,0.0,0.0,0.0
242,10,0.0,1.1487024,0.0,0.0,0.0,0.0,0.0,0.0,0.0,0.0,0.0,0.0,0.0,0.0,0.0
242,11,0.0,1.1306563199999995,0.0,0.0,0.0,0.0,0.0,0.0,0.0,0.0,0.0,0.0,0.0,0.0,0.0
242,12,0.0,1.10566944,0.0,0.0,0.0,0.0,0.0,0.0,0.0,0.0,0.0,0.0,0.0,0.0,0.0
242,13,0.0,1.0885488,0.0,0.0,0.0,0.0,0.0,0.0,0.0,0.0,0.0,0.0,0.0,0.0,0.0
242,14,0.0,1.1180472,0.0,0.0,0.0,0.0,0.0,0.0,0.0,0.0,0.0,0.0,0.0,0.0,0.0
242,15,0.0,1.10752032,0.0,0.0,0.0,0.0,0.0,0.0,0.0,0.0,0.0,0.0,0.0,0.0,0.0
242,16,0.0,1.33413744,0.0,0.0,0.0,0.0,0.0,0.0,0.0,0.0,0.0,0.0,0.0,0.0,0.0
242,17,0.0,1.6185945599999998,0.0,0.0,0.0,0.0,0.0,0.0,0.0,0.0,0.0,0.0,0.0,0.0,0.0
242,18,0.0,1.95510768,0.0,0.0,0.0,0.0,0.0,0.0,0.0,0.0,0.0,0.0,0.0,0.0,0.0
242,19,0.0,1.94446512,0.0,0.0,0.0,0.0,0.0,0.0,0.0,0.0,0.0,0.0,0.0,0.0,0.0
242,20,29.6,1.5547392,30.705394190871374,48.75522854771785,0.0,5.0,0.0,0.0,0.0,0.0,29.6,0.0,0.0,0.0,0.0
242,21,37.0,1.34906016,38.38174273858922,53.04971568464731,0.0,5.0,0.0,0.0,0.0,0.0,37.0,0.0,0.0,0.0,0.0
242,22,30.45572501359394,1.0529193600000002,31.593075740242686,34.31069189584989,0.0,5.0,0.0,0.0,0.0,0.0,30.45572501359395,0.0,0.0,0.0,0.0
242,23,28.527138042113773,1.04875488,29.59246684866574,32.01475467146725,0.0,5.0,0.0,0.0,0.0,0.0,28.527138042113773,0.0,0.0,0.0,0.0
243,0,37.0,0.56648496,38.38174273858922,23.01311568464731,0.0,5.0,0.0,0.0,0.0,0.0,37.0,0.0,0.0,0.0,0.0
243,1,42.03323967416056,0.41540688,43.60294572008358,19.556221143724038,0.0,6.0,0.0,0.0,0.0,0.0,42.03323967416056,0.0,0.0,0.0,0.0
243,2,27.32431352837572,0.39712944,28.34472357715324,12.194734551553434,0.0,4.0,0.0,0.0,0.0,0.0,27.32431352837572,0.0,0.0,0.0,0.0
243,3,44.4,0.40927584,46.05809128630706,20.37498682157677,0.0,6.0,0.0,0.0,0.0,0.0,44.4,0.0,0.0,0.0,0.0
243,4,43.86669712780036,1.0323283199999995,45.504872539212,48.48217990126675,0.0,7.0,0.0,0.0,0.0,0.0,43.866697127800364,0.0,0.0,0.0,0.0
243,5,45.72681201163482,1.21938288,47.43445229422699,59.41083942069602,0.0,7.0,0.0,0.0,0.0,0.0,45.72681201163482,0.0,0.0,0.0,0.0
243,6,51.69480824866945,1.6369876799999994,53.625319760030564,89.55898586728756,0.0,7.0,0.0,0.0,0.0,0.0,51.69480824866945,0.0,0.0,0.0,0.0
243,7,40.75680517340233,1.47746496,42.27884354087379,63.86493960216627,0.0,6.0,0.0,0.0,0.0,0.0,40.75680517340233,0.0,0.0,0.0,0.0
243,8,0.0,1.3202558399999995,0.0,0.0,0.0,0.0,0.0,0.0,0.0,0.0,0.0,0.0,0.0,0.0,0.0
243,9,14.8,1.12059216,15.352697095435687,17.712286273858922,0.0,2.0,0.0,0.0,0.0,0.0,14.8,0.0,0.0,0.0,0.0
243,10,0.0,1.064256,0.0,0.0,0.0,0.0,0.0,0.0,0.0,0.0,0.0,0.0,0.0,0.0,0.0
243,11,0.0,1.0418140800000002,0.0,0.0,0.0,0.0,0.0,0.0,0.0,0.0,0.0,0.0,0.0,0.0,0.0
243,12,0.0,1.01844672,0.0,0.0,0.0,0.0,0.0,0.0,0.0,0.0,0.0,0.0,0.0,0.0,0.0
243,13,0.0,0.99785568,0.0,0.0,0.0,0.0,0.0,0.0,0.0,0.0,0.0,0.0,0.0,0.0,0.0
243,14,0.0,1.0065316800000002,0.0,0.0,0.0,0.0,0.0,0.0,0.0,0.0,0.0,0.0,0.0,0.0,0.0
243,15,0.0,1.02966768,0.0,0.0,0.0,0.0,0.0,0.0,0.0,0.0,0.0,0.0,0.0,0.0,0.0
243,16,0.0,1.15356096,0.0,0.0,0.0,0.0,0.0,0.0,0.0,0.0,0.0,0.0,0.0,0.0,0.0
243,17,0.0,1.3771704,0.0,0.0,0.0,0.0,0.0,0.0,0.0,0.0,0.0,0.0,0.0,0.0,0.0
243,18,0.0,1.7184264,0.0,0.0,0.0,0.0,0.0,0.0,0.0,0.0,0.0,0.0,0.0,0.0,0.0
243,19,14.8,1.6096872,15.352697095435687,25.221214273858923,0.0,2.0,0.0,0.0,0.0,0.0,14.8,0.0,0.0,0.0,0.0
243,20,25.353603328084592,1.4517840000000002,26.300418390129245,39.05307046080868,0.0,4.0,0.0,0.0,0.0,0.0,25.353603328084592,0.0,0.0,0.0,0.0
243,21,35.15183094627143,1.20295632,36.46455492351809,45.072243569201646,0.0,5.0,0.0,0.0,0.0,0.0,35.15183094627143,0.0,0.0,0.0,0.0
243,22,51.69480824866945,1.08808608,53.625319760030564,60.123962050495216,0.0,7.0,0.0,0.0,0.0,0.0,51.69480824866945,0.0,0.0,0.0,0.0
243,23,51.694808248669474,0.23355792,53.625319760030585,14.299616226544655,0.0,7.0,0.0,0.0,0.0,0.0,51.694808248669474,0.0,0.0,0.0,0.0
244,0,22.200000000000003,0.22881504,23.02904564315353,6.0316534107883815,0.0,3.0,0.0,0.0,0.0,0.0,22.200000000000003,0.0,0.0,0.0,0.0
244,1,51.69480824866946,0.21944496,53.625319760030564,13.54280423378413,0.0,7.0,0.0,0.0,0.0,0.0,51.69480824866946,0.0,0.0,0.0,0.0
244,2,48.87395833608452,0.21840384,50.699126904652005,12.75102510116729,0.0,8.0,0.0,0.0,0.0,0.0,48.87395833608452,0.0,0.0,0.0,0.0
244,3,22.200000000000003,0.21956064,23.02904564315353,5.818533410788382,0.0,3.0,0.0,0.0,0.0,0.0,22.200000000000003,0.0,0.0,0.0,0.0
244,4,48.18839174630929,0.23008752,49.98795824305943,13.156206759854369,0.0,7.0,0.0,0.0,0.0,0.0,48.18839174630929,0.0,0.0,0.0,0.0
244,5,51.69480824866945,0.24848064,53.625319760030564,15.099851858234052,0.0,7.0,0.0,0.0,0.0,0.0,51.69480824866945,0.0,0.0,0.0,0.0
244,6,50.81046436953754,0.8482814399999999,52.70795059080658,46.45580939117396,0.0,7.0,0.0,0.0,0.0,0.0,50.81046436953754,0.0,0.0,0.0,0.0
244,7,43.258248706887215,1.46126976,44.87370197809878,67.057903255323,0.0,7.0,0.0,0.0,0.0,0.0,43.258248706887215,0.0,0.0,0.0,0.0
244,8,20.30869076333036,1.25663184,21.067106600965104,27.17091815993887,0.0,3.0,0.0,0.0,0.0,0.0,20.30869076333036,0.0,0.0,0.0,0.0
244,9,0.0,1.1541393599999998,0.0,0.0,0.0,0.0,0.0,0.0,0.0,0.0,0.0,0.0,0.0,0.0,0.0
244,10,0.0,1.0897056,0.0,0.0,0.0,0.0,0.0,0.0,0.0,0.0,0.0,0.0,0.0,0.0,0.0
244,11,0.0,1.03903776,0.0,0.0,0.0,0.0,0.0,0.0,0.0,0.0,0.0,0.0,0.0,0.0,0.0
244,12,0.0,0.3256392,0.0,0.0,0.0,0.0,0.0,0.0,0.0,0.0,0.0,0.0,0.0,0.0,0.0
244,13,0.0,0.3052795199999999,0.0,0.0,0.0,0.0,0.0,0.0,0.0,0.0,0.0,0.0,0.0,0.0,0.0
244,14,0.0,0.3464616,0.0,0.0,0.0,0.0,0.0,0.0,0.0,0.0,0.0,0.0,0.0,0.0,0.0
244,15,0.0,0.35039472,0.0,0.0,0.0,0.0,0.0,0.0,0.0,0.0,0.0,0.0,0.0,0.0,0.0
244,16,0.0,0.36878784,0.0,0.0,0.0,0.0,0.0,0.0,0.0,0.0,0.0,0.0,0.0,0.0,0.0
244,17,0.0,0.3695976,0.0,0.0,0.0,0.0,0.0,0.0,0.0,0.0,0.0,0.0,0.0,0.0,0.0
244,18,0.0,0.34842816,0.0,0.0,0.0,0.0,0.0,0.0,0.0,0.0,0.0,0.0,0.0,0.0,0.0
244,19,7.4,0.30898128,7.6763485477178435,2.6259351369294612,0.0,1.0,0.0,0.0,0.0,0.0,7.4,0.0,0.0,0.0,0.0
244,20,22.200000000000003,0.27578112,23.02904564315353,7.113237410788383,0.0,3.0,0.0,0.0,0.0,0.0,22.200000000000003,0.0,0.0,0.0,0.0
244,21,29.346696577717235,0.25414896,30.44263130468593,8.744614181934477,0.0,6.0,0.0,0.0,0.0,0.0,29.346696577717235,0.0,0.0,0.0,0.0
244,22,45.95622857247816,0.23286384,47.67243627850432,12.679144214786318,0.0,7.0,0.0,0.0,0.0,0.0,45.95622857247816,0.0,0.0,0.0,0.0
244,23,51.69480824866946,0.21851952,53.625319760030564,13.493177217865407,0.0,7.0,0.0,0.0,0.0,0.0,51.69480824866946,0.0,0.0,0.0,0.0
245,0,47.60125664131641,0.20868672,49.37889693082616,11.939161526122522,0.0,7.0,0.0,0.0,0.0,0.0,47.60125664131641,0.0,0.0,0.0,0.0
245,1,51.27760561590476,0.20047344,53.1925369459593,12.424363836794805,0.0,7.0,0.0,0.0,0.0,0.0,51.27760561590476,0.0,0.0,0.0,0.0
245,2,51.69480824866945,0.19330128,53.625319760030564,12.14084103408021,0.0,7.0,0.0,0.0,0.0,0.0,51.69480824866945,0.0,0.0,0.0,0.0
245,3,51.69480824866945,0.19758144,53.625319760030564,12.370365982704303,0.0,7.0,0.0,0.0,0.0,0.0,51.69480824866945,0.0,0.0,0.0,0.0
245,4,41.4886331059027,0.19110336,43.03800114720198,9.649264464886539,0.0,6.0,0.0,0.0,0.0,0.0,41.4886331059027,0.0,0.0,0.0,0.0
245,5,44.29480824866946,0.21296688,45.94897121231272,11.30651998542361,0.0,7.0,0.0,0.0,0.0,0.0,44.29480824866946,0.0,0.0,0.0,0.0
245,6,50.20829875518672,0.2238408,52.083297463886645,13.382324117009007,0.0,7.0,0.0,0.0,0.0,0.0,50.20829875518672,0.0,0.0,0.0,0.0
245,7,29.6,0.22684848,30.705394190871374,7.9818205477178426,0.0,4.0,0.0,0.0,0.0,0.0,29.6,0.0,0.0,0.0,0.0
245,8,0.0,0.23355792,0.0,0.0,0.0,0.0,0.0,0.0,0.0,0.0,0.0,0.0,0.0,0.0,0.0
245,9,0.0,0.2359872,0.0,0.0,0.0,0.0,0.0,0.0,0.0,0.0,0.0,0.0,0.0,0.0,0.0
245,10,0.0,0.2348304,0.0,0.0,0.0,0.0,0.0,0.0,0.0,0.0,0.0,0.0,0.0,0.0,0.0
245,11,0.0,0.22823664,0.0,0.0,0.0,0.0,0.0,0.0,0.0,0.0,0.0,0.0,0.0,0.0,0.0
245,12,0.0,0.22546032,0.0,0.0,0.0,0.0,0.0,0.0,0.0,0.0,0.0,0.0,0.0,0.0,0.0
245,13,0.0,0.2253446399999999,0.0,0.0,0.0,0.0,0.0,0.0,0.0,0.0,0.0,0.0,0.0,0.0,0.0
245,14,0.0,0.23702832,0.0,0.0,0.0,0.0,0.0,0.0,0.0,0.0,0.0,0.0,0.0,0.0,0.0
245,15,0.0,0.25079424,0.0,0.0,0.0,0.0,0.0,0.0,0.0,0.0,0.0,0.0,0.0,0.0,0.0
245,16,2.4432127358509166,0.27022848,2.534453045488503,0.0,22.556632104847676,0.0,0.0,0.0,0.0,1.0,0.0,0.0,0.0,0.0,2.4432127358509166
245,17,0.0,0.28318464,0.0,0.0,0.0,0.0,0.0,0.0,0.0,0.0,0.0,0.0,0.0,0.0,0.0
245,18,0.0,0.28896864,0.0,0.0,0.0,0.0,0.0,0.0,0.0,0.0,0.0,0.0,0.0,0.0,0.0
245,19,7.4,0.28815888,7.6763485477178435,2.4660951369294613,0.0,1.0,0.0,0.0,0.0,0.0,7.4,0.0,0.0,0.0,0.0
245,20,51.694808248669474,0.27207936,53.625319760030585,16.365340764161488,0.0,7.0,0.0,0.0,0.0,0.0,51.694808248669474,0.0,0.0,0.0,0.0
245,21,51.6418527841613,0.24917472,53.57038670556152,14.924888049236685,6.20116792417688,7.0,0.0,0.0,0.0,1.0,50.970175719115616,0.0,0.0,0.0,0.6716770650456755
245,22,45.80997302555625,0.24188688,47.52071890617869,13.06757422736709,0.0,8.0,0.0,0.0,0.0,0.0,45.80997302555625,0.0,0.0,0.0,0.0
245,23,45.52668252251291,0.2290464,47.22684908974369,12.380348472219586,0.0,8.0,0.0,0.0,0.0,0.0,45.52668252251291,0.0,0.0,0.0,0.0
246,0,38.72831389017129,0.22418784,40.174599471132055,10.33643592079271,0.0,6.0,0.0,0.0,0.0,0.0,38.72831389017129,0.0,0.0,0.0,0.0
246,1,51.430982419637104,0.2221056,53.351641514146394,13.615637683602635,0.0,8.0,0.0,0.0,0.0,0.0,51.430982419637104,0.0,0.0,0.0,0.0
246,2,51.69480824866947,0.222684,53.625319760030585,13.716498789499662,0.0,8.0,0.0,0.0,0.0,0.0,51.69480824866947,0.0,0.0,0.0,0.0
246,3,49.79082807543143,0.22650144,51.6502365927712,13.4084757958241,0.0,7.0,0.0,0.0,0.0,0.0,49.79082807543143,0.0,0.0,0.0,0.0
246,4,47.458080270848136,0.2281209599999999,49.230373724946205,12.860005485589221,0.0,7.0,0.0,0.0,0.0,0.0,47.458080270848136,0.0,0.0,0.0,0.0
246,5,47.51760542944054,0.22765824,49.29212181477236,12.853326930285649,0.0,7.0,0.0,0.0,0.0,0.0,47.51760542944054,0.0,0.0,0.0,0.0
246,6,46.54440386622472,0.24038304,48.28257662471445,13.204465834359848,0.0,7.0,0.0,0.0,0.0,0.0,46.54440386622472,0.0,0.0,0.0,0.0
246,7,44.294808248669455,0.25785072,45.94897121231272,13.368886257481657,0.0,7.0,0.0,0.0,0.0,0.0,44.294808248669455,0.0,0.0,0.0,0.0
246,8,50.17680801763149,0.26930304,52.05063072368412,15.701718568501503,1.1345736692858333,7.0,0.0,0.0,0.0,1.0,50.05391711682344,0.0,0.0,0.0,0.12289090080803856
246,9,7.4,0.27786336,7.6763485477178435,2.387063136929461,0.0,1.0,0.0,0.0,0.0,0.0,7.4,0.0,0.0,0.0,0.0
246,10,0.0,0.2799456,0.0,0.0,0.0,0.0,0.0,0.0,0.0,0.0,0.0,0.0,0.0,0.0,0.0
246,11,1.2821658632463213,0.24396912,1.3300475759816612,0.0,11.837423426236786,0.0,0.0,0.0,0.0,1.0,0.0,0.0,0.0,0.0,1.2821658632463213
246,12,2.8939612898021334,0.1343044799999999,3.0020345329897653,0.0,26.718107343608914,0.0,0.0,0.0,0.0,1.0,0.0,0.0,0.0,0.0,2.8939612898021334
246,13,0.0,0.0571459199999999,0.0,0.0,0.0,0.0,0.0,0.0,0.0,0.0,0.0,0.0,0.0,0.0,0.0
246,14,13.266921576400247,0.18173328,13.762366780498182,0.0,122.48506434643382,0.0,0.0,0.0,0.0,1.0,0.0,0.0,0.0,0.0,13.266921576400247
246,15,9.370876514544847,0.28873728,9.720826259901294,0.0,86.51535371312153,0.0,0.0,0.0,0.0,2.0,0.0,0.0,0.0,0.0,9.370876514544847
246,16,0.0,0.2926704,0.0,0.0,0.0,0.0,0.0,0.0,0.0,0.0,0.0,0.0,0.0,0.0,0.0
246,17,0.8266044818814028,0.2775163199999999,0.8574735289226171,0.0,7.631514407411292,0.0,0.0,0.0,0.0,1.0,0.0,0.0,0.0,0.0,0.8266044818814028
246,18,0.0,0.2643288,0.0,0.0,0.0,0.0,0.0,0.0,0.0,0.0,0.0,0.0,0.0,0.0,0.0
246,19,7.4,0.22696416,7.6763485477178435,1.9963431369294609,0.0,1.0,0.0,0.0,0.0,0.0,7.4,0.0,0.0,0.0,0.0
246,20,14.8,0.18462528,15.352697095435687,3.3426702738589213,0.0,2.0,0.0,0.0,0.0,0.0,14.8,0.0,0.0,0.0,0.0
246,21,29.6,0.1119782399999999,30.705394190871374,4.454684547717839,0.0,4.0,0.0,0.0,0.0,0.0,29.6,0.0,0.0,0.0,0.0
246,22,29.6,0.01607952,30.705394190871374,1.5100765477178424,0.0,4.0,0.0,0.0,0.0,0.0,29.6,0.0,0.0,0.0,0.0
246,23,44.4,-0.00219792,46.05809128630706,1.4232908215767637,0.0,6.0,0.0,0.0,0.0,0.0,44.4,0.0,0.0,0.0,0.0
247,0,40.652008142188514,-0.0139972799999999,42.170132927581456,0.8055642416783728,0.0,6.0,0.0,0.0,0.0,0.0,40.652008142188514,0.0,0.0,0.0,0.0
247,1,45.37385406149915,-0.01920288,47.06831334180409,0.6541139987086526,0.0,7.0,0.0,0.0,0.0,0.0,45.37385406149915,0.0,0.0,0.0,0.0
247,2,49.418685724573606,-0.0208223999999999,51.26419680972367,0.6294013027510682,0.0,7.0,0.0,0.0,0.0,0.0,49.418685724573606,0.0,0.0,0.0,0.0
247,3,47.13857114648708,-0.01862448,48.898932724571665,0.7078374786331916,0.0,7.0,0.0,0.0,0.0,0.0,47.13857114648708,0.0,0.0,0.0,0.0
247,4,44.65870354353964,-0.00161952,46.32645595802868,1.4583790702576025,0.0,7.0,0.0,0.0,0.0,0.0,44.65870354353964,0.0,0.0,0.0,0.0
247,5,51.69480824866945,0.03019248,53.625319760030564,3.3940794784053394,0.0,7.0,0.0,0.0,0.0,0.0,51.69480824866945,0.0,0.0,0.0,0.0
247,6,51.69480824866946,0.14772336,53.625319760030564,9.69671050008312,0.0,7.0,0.0,0.0,0.0,0.0,51.69480824866946,0.0,0.0,0.0,0.0
247,7,51.69480824866946,0.23911056,53.625319760030564,14.597378322056986,0.0,7.0,0.0,0.0,0.0,0.0,51.69480824866946,0.0,0.0,0.0,0.0
247,8,29.6,0.30898128,30.705394190871374,10.503740547717845,0.0,5.0,0.0,0.0,0.0,0.0,29.6,0.0,0.0,0.0,0.0
247,9,14.8,1.0486392,15.352697095435687,16.60761427385892,0.0,2.0,0.0,0.0,0.0,0.0,14.8,0.0,0.0,0.0,0.0
247,10,0.0,0.552372,0.0,0.0,0.0,0.0,0.0,0.0,0.0,0.0,0.0,0.0,0.0,0.0,0.0
247,11,0.0,0.29891712,0.0,0.0,0.0,0.0,0.0,0.0,0.0,0.0,0.0,0.0,0.0,0.0,0.0
247,12,0.0,0.2244191999999999,0.0,0.0,0.0,0.0,0.0,0.0,0.0,0.0,0.0,0.0,0.0,0.0,0.0
247,13,0.0,0.20220864,0.0,0.0,0.0,0.0,0.0,0.0,0.0,0.0,0.0,0.0,0.0,0.0,0.0
247,14,0.0,0.16981824,0.0,0.0,0.0,0.0,0.0,0.0,0.0,0.0,0.0,0.0,0.0,0.0,0.0
247,15,0.0,0.14274912,0.0,0.0,0.0,0.0,0.0,0.0,0.0,0.0,0.0,0.0,0.0,0.0,0.0
247,16,0.0,0.0572616,0.0,0.0,0.0,0.0,0.0,0.0,0.0,0.0,0.0,0.0,0.0,0.0,0.0
247,17,2.7609802966104215,0.02637504,2.86408744461662,0.0,25.49037825708792,0.0,0.0,0.0,0.0,1.0,0.0,0.0,0.0,0.0,2.7609802966104215
247,18,0.0,0.0068251199999999,0.0,0.0,0.0,0.0,0.0,0.0,0.0,0.0,0.0,0.0,0.0,0.0,0.0
247,19,0.0,0.0,0.0,0.0,0.0,0.0,0.0,0.0,0.0,0.0,0.0,0.0,0.0,0.0,0.0
247,20,18.14655564444759,-0.00092544,18.82422784693734,0.6056612483149562,0.0,4.0,0.0,0.0,0.0,0.0,18.14655564444759,0.0,0.0,0.0,0.0
247,21,35.69489047012835,-0.01781472,37.02789467855639,0.5659817379722444,0.0,5.0,0.0,0.0,0.0,0.0,35.69489047012835,0.0,0.0,0.0,0.0
247,22,29.6,-0.0242928,30.705394190871374,0.2704285477178423,0.0,4.0,0.0,0.0,0.0,0.0,29.6,0.0,0.0,0.0,0.0
247,23,44.4,-0.0283415999999999,46.05809128630706,0.21916282157676797,0.0,6.0,0.0,0.0,0.0,0.0,44.4,0.0,0.0,0.0,0.0
248,0,25.034222842798663,-0.02336736,25.9691108327787,0.2527480068555352,0.0,4.0,0.0,0.0,0.0,0.0,25.034222842798663,0.0,0.0,0.0,0.0
248,1,32.24773977894194,-0.0204753599999999,33.45201221881944,0.4223196115381999,0.0,5.0,0.0,0.0,0.0,0.0,32.24773977894194,0.0,0.0,0.0,0.0
248,2,51.69480824866946,-0.0075191999999999,53.625319760030564,1.3717785797173951,0.0,7.0,0.0,0.0,0.0,0.0,51.69480824866946,0.0,0.0,0.0,0.0
248,3,51.69480824866946,0.00011568,53.625319760030564,1.781201461046852,0.0,7.0,0.0,0.0,0.0,0.0,51.69480824866946,0.0,0.0,0.0,0.0
248,4,44.29480824866946,0.04661904,45.94897121231272,3.6630078740332057,0.0,7.0,0.0,0.0,0.0,0.0,44.29480824866946,0.0,0.0,0.0,0.0
248,5,50.844243714164044,0.1660008,52.74299140473448,10.501171783075758,0.0,7.0,0.0,0.0,0.0,0.0,50.844243714164044,0.0,0.0,0.0,0.0
248,6,20.731968875155182,0.22546032,21.50619177920662,5.560647828413034,0.0,3.0,0.0,0.0,0.0,0.0,20.731968875155182,0.0,0.0,0.0,0.0
248,7,47.00663556819268,0.24963744,48.76207009148619,13.786862866767372,0.0,7.0,0.0,0.0,0.0,0.0,47.00663556819268,0.0,0.0,0.0,0.0
248,8,44.4,0.2430436799999999,46.05809128630706,12.71865082157676,0.0,6.0,0.0,0.0,0.0,0.0,44.4,0.0,0.0,0.0,0.0
248,9,0.0,0.20891808,0.0,0.0,0.0,0.0,0.0,0.0,0.0,0.0,0.0,0.0,0.0,0.0,0.0
248,10,0.0,0.17190048,0.0,0.0,0.0,0.0,0.0,0.0,0.0,0.0,0.0,0.0,0.0,0.0,0.0
248,11,0.0,0.1619519999999999,0.0,0.0,0.0,0.0,0.0,0.0,0.0,0.0,0.0,0.0,0.0,0.0,0.0
248,12,0.0,0.10550016,0.0,0.0,0.0,0.0,0.0,0.0,0.0,0.0,0.0,0.0,0.0,0.0,0.0
248,13,0.0,0.14031984,0.0,0.0,0.0,0.0,0.0,0.0,0.0,0.0,0.0,0.0,0.0,0.0,0.0
248,14,0.0,0.14841744,0.0,0.0,0.0,0.0,0.0,0.0,0.0,0.0,0.0,0.0,0.0,0.0,0.0
248,15,0.0,0.15049968,0.0,0.0,0.0,0.0,0.0,0.0,0.0,0.0,0.0,0.0,0.0,0.0,0.0
248,16,0.0,0.27659088,0.0,0.0,0.0,0.0,0.0,0.0,0.0,0.0,0.0,0.0,0.0,0.0,0.0
248,17,0.0,0.21898224,0.0,0.0,0.0,0.0,0.0,0.0,0.0,0.0,0.0,0.0,0.0,0.0,0.0
248,18,0.0,0.0732254399999999,0.0,0.0,0.0,0.0,0.0,0.0,0.0,0.0,0.0,0.0,0.0,0.0,0.0
248,19,7.4,0.04141344,7.6763485477178435,0.5719911369294607,0.0,1.0,0.0,0.0,0.0,0.0,7.4,0.0,0.0,0.0,0.0
248,20,14.8,0.0202439999999999,15.352697095435687,0.8189742738589197,0.0,2.0,0.0,0.0,0.0,0.0,14.8,0.0,0.0,0.0,0.0
248,21,29.598148999675985,0.0026606399999999,30.703474066053932,1.0979758828254877,0.0,4.0,0.0,0.0,0.0,0.0,29.598148999675985,0.0,0.0,0.0,0.0
248,22,51.69480824866946,-0.00185088,53.625319760030564,1.6757440522195663,0.0,7.0,0.0,0.0,0.0,0.0,51.69480824866946,0.0,0.0,0.0,0.0
248,23,50.17338261838522,-0.01295616,52.047077404963915,1.048427999713208,0.0,7.0,0.0,0.0,0.0,0.0,50.17338261838522,0.0,0.0,0.0,0.0
249,0,44.4,-0.01203072,46.05809128630706,0.9704108215767635,0.0,6.0,0.0,0.0,0.0,0.0,44.4,0.0,0.0,0.0,0.0
249,1,29.6,-0.01168368,30.705394190871374,0.6575965477178423,0.0,4.0,0.0,0.0,0.0,0.0,29.6,0.0,0.0,0.0,0.0
249,2,39.34296580709927,0.0,40.81220519408639,1.3508839919242595,0.0,7.0,0.0,0.0,0.0,0.0,39.34296580709927,0.0,0.0,0.0,0.0
249,3,14.8,0.00856032,15.352697095435687,0.6395982738589213,0.0,2.0,0.0,0.0,0.0,0.0,14.8,0.0,0.0,0.0,0.0
249,4,37.0,0.023136,38.38174273858922,2.158435684647303,0.0,5.0,0.0,0.0,0.0,0.0,37.0,0.0,0.0,0.0,0.0
249,5,28.563180051818463,0.1151016,29.629854825537823,4.391191892912427,0.0,5.0,0.0,0.0,0.0,0.0,28.563180051818463,0.0,0.0,0.0,0.0
249,6,51.69480824866946,0.17282592,53.625319760030564,11.042843306878472,0.0,7.0,0.0,0.0,0.0,0.0,51.69480824866946,0.0,0.0,0.0,0.0
249,7,36.51523502448097,0.22349376,37.878874506723,9.7194828342482,0.0,6.0,0.0,0.0,0.0,0.0,36.51523502448097,0.0,0.0,0.0,0.0
249,8,29.23939178016604,0.22974048,30.331319274031166,7.972298517019602,0.0,4.0,0.0,0.0,0.0,0.0,29.23939178016604,0.0,0.0,0.0,0.0
249,9,7.4,0.2221056,7.6763485477178435,1.9590471369294606,0.0,1.0,0.0,0.0,0.0,0.0,7.4,0.0,0.0,0.0,0.0
249,10,0.0,0.21886656,0.0,0.0,0.0,0.0,0.0,0.0,0.0,0.0,0.0,0.0,0.0,0.0,0.0
249,11,0.0,0.2105376,0.0,0.0,0.0,0.0,0.0,0.0,0.0,0.0,0.0,0.0,0.0,0.0,0.0
249,12,0.0,0.21204144,0.0,0.0,0.0,0.0,0.0,0.0,0.0,0.0,0.0,0.0,0.0,0.0,0.0
249,13,0.0,0.2359872,0.0,0.0,0.0,0.0,0.0,0.0,0.0,0.0,0.0,0.0,0.0,0.0,0.0
249,14,0.0,0.401988,0.0,0.0,0.0,0.0,0.0,0.0,0.0,0.0,0.0,0.0,0.0,0.0,0.0
249,15,0.0,1.05777792,0.0,0.0,0.0,0.0,0.0,0.0,0.0,0.0,0.0,0.0,0.0,0.0,0.0
249,16,0.0,1.22470416,0.0,0.0,0.0,0.0,0.0,0.0,0.0,0.0,0.0,0.0,0.0,0.0,0.0
249,17,0.0,1.68696144,0.0,0.0,0.0,0.0,0.0,0.0,0.0,0.0,0.0,0.0,0.0,0.0,0.0
249,18,0.0,2.19248304,0.0,0.0,0.0,0.0,0.0,0.0,0.0,0.0,0.0,0.0,0.0,0.0,0.0
249,19,28.037489641531735,1.92075072,29.084532823165706,44.99531741078839,53.89383590210836,3.0,0.0,0.0,0.0,1.0,22.200000000000003,0.0,0.0,0.0,5.837489641531736
249,20,35.04183867165301,1.12811136,36.35045505358197,42.21056134938878,0.0,5.0,0.0,0.0,0.0,0.0,35.04183867165301,0.0,0.0,0.0,0.0
249,21,37.0,0.23818512,38.38174273858922,10.412395684647304,0.0,5.0,0.0,0.0,0.0,0.0,37.0,0.0,0.0,0.0,0.0
249,22,44.4,0.1989696,46.05809128630706,10.688682821576766,0.0,6.0,0.0,0.0,0.0,0.0,44.4,0.0,0.0,0.0,0.0
249,23,42.47443877787684,0.1641499199999999,44.0606211388764,8.690953994793674,0.0,6.0,0.0,0.0,0.0,0.0,42.47443877787684,0.0,0.0,0.0,0.0
250,0,44.294808248669455,0.1486488,45.94897121231272,8.351170379072382,0.0,7.0,0.0,0.0,0.0,0.0,44.294808248669455,0.0,0.0,0.0,0.0
250,1,29.6,0.14621952,30.705394190871374,5.506076547717843,0.0,4.0,0.0,0.0,0.0,0.0,29.6,0.0,0.0,0.0,0.0
250,2,43.718793513678214,0.14552544,45.351445553608116,8.100921916649295,0.0,6.0,0.0,0.0,0.0,0.0,43.718793513678214,0.0,0.0,0.0,0.0
250,3,50.103107003856174,0.14714496,51.974177389892304,9.368083524674041,0.0,7.0,0.0,0.0,0.0,0.0,50.103107003856174,0.0,0.0,0.0,0.0
250,4,29.6,0.16530672,30.705394190871374,6.092156547717843,0.0,4.0,0.0,0.0,0.0,0.0,29.6,0.0,0.0,0.0,0.0
250,5,51.06307453450658,0.2649072,52.969994330401036,15.785439694418686,0.0,7.0,0.0,0.0,0.0,0.0,51.06307453450658,0.0,0.0,0.0,0.0
250,6,26.065287485948584,1.5038399999999998,27.038679964676955,41.55682878491059,0.0,4.0,0.0,0.0,0.0,0.0,26.065287485948584,0.0,0.0,0.0,0.0
250,7,37.0,1.457568,38.38174273858922,57.21443568464731,0.0,5.0,0.0,0.0,0.0,0.0,37.0,0.0,0.0,0.0,0.0
250,8,7.4,1.18780224,7.6763485477178435,9.37207113692946,0.0,1.0,0.0,0.0,0.0,0.0,7.4,0.0,0.0,0.0,0.0
250,9,0.0,0.97784304,0.0,0.0,0.0,0.0,0.0,0.0,0.0,0.0,0.0,0.0,0.0,0.0,0.0
250,10,0.0,0.81681648,0.0,0.0,0.0,0.0,0.0,0.0,0.0,0.0,0.0,0.0,0.0,0.0,0.0
250,11,0.0,0.8022408,0.0,0.0,0.0,0.0,0.0,0.0,0.0,0.0,0.0,0.0,0.0,0.0,0.0
250,12,0.0,0.55387584,0.0,0.0,0.0,0.0,0.0,0.0,0.0,0.0,0.0,0.0,0.0,0.0,0.0
250,13,0.0,0.4430543999999999,0.0,0.0,0.0,0.0,0.0,0.0,0.0,0.0,0.0,0.0,0.0,0.0,0.0
250,14,0.0,0.3813969599999999,0.0,0.0,0.0,0.0,0.0,0.0,0.0,0.0,0.0,0.0,0.0,0.0,0.0
250,15,0.0,0.55572672,0.0,0.0,0.0,0.0,0.0,0.0,0.0,0.0,0.0,0.0,0.0,0.0,0.0
250,16,0.0,0.6321912,0.0,0.0,0.0,0.0,0.0,0.0,0.0,0.0,0.0,0.0,0.0,0.0,0.0
250,17,0.0,0.98582496,0.0,0.0,0.0,0.0,0.0,0.0,0.0,0.0,0.0,0.0,0.0,0.0,0.0
250,18,0.0,0.555264,0.0,0.0,0.0,0.0,0.0,0.0,0.0,0.0,0.0,0.0,0.0,0.0,0.0
250,19,0.0,0.32702736,0.0,0.0,0.0,0.0,0.0,0.0,0.0,0.0,0.0,0.0,0.0,0.0,0.0
250,20,16.340877255804955,0.2383008,16.95111748527485,4.600546846397583,0.0,3.0,0.0,0.0,0.0,0.0,16.340877255804955,0.0,0.0,0.0,0.0
250,21,32.41576750020233,0.18080784,33.62631483423478,7.19293237335112,0.0,5.0,0.0,0.0,0.0,0.0,32.41576750020233,0.0,0.0,0.0,0.0
250,22,51.69480824866945,0.14957424,53.625319760030564,9.795964531920564,0.0,7.0,0.0,0.0,0.0,0.0,51.69480824866945,0.0,0.0,0.0,0.0
250,23,37.0,0.25553712,38.38174273858922,11.078395684647306,0.0,6.0,0.0,0.0,0.0,0.0,37.0,0.0,0.0,0.0,0.0
251,0,21.872821147470372,0.21909792,22.689648493226528,5.722282155522866,0.0,3.0,0.0,0.0,0.0,0.0,21.872821147470372,0.0,0.0,0.0,0.0
251,1,33.397463561574924,0.20683584,34.64467174437233,8.312498416510241,0.0,5.0,0.0,0.0,0.0,0.0,33.397463561574924,0.0,0.0,0.0,0.0
251,2,44.4,0.20244,46.05809128630706,10.848522821576765,0.0,6.0,0.0,0.0,0.0,0.0,44.4,0.0,0.0,0.0,0.0
251,3,51.69480824866945,0.26328768,53.625319760030564,15.893884112933616,0.0,7.0,0.0,0.0,0.0,0.0,51.69480824866945,0.0,0.0,0.0,0.0
251,4,37.0,1.07883168,38.38174273858922,42.677875684647304,0.0,5.0,0.0,0.0,0.0,0.0,37.0,0.0,0.0,0.0,0.0
251,5,46.726935923096,1.3059115200000002,48.4719252314274,64.90446628145997,0.0,7.0,0.0,0.0,0.0,0.0,46.726935923096,0.0,0.0,0.0,0.0
251,6,51.69480824866945,1.54733568,53.625319760030564,84.75136870016135,0.0,7.0,0.0,0.0,0.0,0.0,51.69480824866945,0.0,0.0,0.0,0.0
251,7,41.581491283169946,1.4200876800000002,43.134327057230244,62.68227266465765,0.0,6.0,0.0,0.0,0.0,0.0,41.581491283169946,0.0,0.0,0.0,0.0
251,8,44.4,1.16038608,46.05809128630706,54.969690821576776,0.0,6.0,0.0,0.0,0.0,0.0,44.4,0.0,0.0,0.0,0.0
251,9,8.443173360197774,1.0395004799999998,8.758478589416779,9.394348339078158,0.0,2.0,0.0,0.0,0.0,0.0,8.443173360197774,0.0,0.0,0.0,0.0
251,10,0.0,0.95412864,0.0,0.0,0.0,0.0,0.0,0.0,0.0,0.0,0.0,0.0,0.0,0.0,0.0
251,11,0.0,0.8687567999999999,0.0,0.0,0.0,0.0,0.0,0.0,0.0,0.0,0.0,0.0,0.0,0.0,0.0
251,12,0.0,0.8202868799999998,0.0,0.0,0.0,0.0,0.0,0.0,0.0,0.0,0.0,0.0,0.0,0.0,0.0
251,13,0.0,0.83948976,0.0,0.0,0.0,0.0,0.0,0.0,0.0,0.0,0.0,0.0,0.0,0.0,0.0
251,14,0.0,0.92810064,0.0,0.0,0.0,0.0,0.0,0.0,0.0,0.0,0.0,0.0,0.0,0.0,0.0
251,15,0.0,1.02272688,0.0,0.0,0.0,0.0,0.0,0.0,0.0,0.0,0.0,0.0,0.0,0.0,0.0
251,16,0.0,1.2481872,0.0,0.0,0.0,0.0,0.0,0.0,0.0,0.0,0.0,0.0,0.0,0.0,0.0
251,17,0.0,1.96447776,0.0,0.0,0.0,0.0,0.0,0.0,0.0,0.0,0.0,0.0,0.0,0.0,0.0
251,18,0.0,2.58695184,0.0,0.0,0.0,0.0,0.0,0.0,0.0,0.0,0.0,0.0,0.0,0.0,0.0
251,19,14.8,2.2407216,15.352697095435687,34.90929427385893,0.0,2.0,0.0,0.0,0.0,0.0,14.8,0.0,0.0,0.0,0.0
251,20,22.200000000000003,0.2955624,23.02904564315353,7.568781410788384,0.0,3.0,0.0,0.0,0.0,0.0,22.200000000000003,0.0,0.0,0.0,0.0
251,21,34.015147170999455,0.13603968,35.28542237655546,5.96816504943543,0.0,5.0,0.0,0.0,0.0,0.0,34.015147170999455,0.0,0.0,0.0,0.0
251,22,24.363531769778042,0.11255664,25.27337320516395,3.6812346225302113,0.0,4.0,0.0,0.0,0.0,0.0,24.363531769778042,0.0,0.0,0.0,0.0
251,23,51.69480824866946,0.1333790399999999,53.625319760030564,8.927491753342911,0.0,7.0,0.0,0.0,0.0,0.0,51.69480824866946,0.0,0.0,0.0,0.0
252,0,48.266824212618545,0.1289832,50.069319722633345,8.115395562467526,0.0,7.0,0.0,0.0,0.0,0.0,48.266824212618545,0.0,0.0,0.0,0.0
252,1,48.3849405091826,0.1260912,50.19184700122677,7.990100354341688,0.0,7.0,0.0,0.0,0.0,0.0,48.3849405091826,0.0,0.0,0.0,0.0
252,2,18.599642065480246,0.12528144,19.29423450775959,3.055848645036655,0.0,4.0,0.0,0.0,0.0,0.0,18.599642065480246,0.0,0.0,0.0,0.0
252,3,51.69480824866946,0.1230835199999999,53.625319760030564,8.375391201247124,0.0,7.0,0.0,0.0,0.0,0.0,51.69480824866946,0.0,0.0,0.0,0.0
252,4,48.40722331186287,0.10133568,50.214961941766475,6.750682554815496,0.0,7.0,0.0,0.0,0.0,0.0,48.40722331186287,0.0,0.0,0.0,0.0
252,5,51.69480824866945,0.11579568,53.625319760030564,7.984578450887187,0.0,7.0,0.0,0.0,0.0,0.0,51.69480824866945,0.0,0.0,0.0,0.0
252,6,40.496278294400106,0.1220424,42.00858744232377,6.5173130764119716,0.0,7.0,0.0,0.0,0.0,0.0,40.496278294400106,0.0,0.0,0.0,0.0
252,7,26.72868203144904,0.14483136,27.72684858034133,4.933475876414201,0.0,5.0,0.0,0.0,0.0,0.0,26.72868203144904,0.0,0.0,0.0,0.0
252,8,28.77110423843864,0.17675904,29.84554381580772,6.263357173463345,0.0,4.0,0.0,0.0,0.0,0.0,28.77110423843864,0.0,0.0,0.0,0.0
252,9,3.481718990927452,0.1926072,3.6117416918334566,0.8151961043869923,0.0,1.0,0.0,0.0,0.0,0.0,3.481718990927452,0.0,0.0,0.0,0.0
252,10,15.910540919829728,0.1879799999999999,16.504710497748682,3.39417427385892,10.252919280585658,2.0,0.0,0.0,0.0,1.0,14.8,0.0,0.0,0.0,1.1105409198297274
252,11,0.0,0.1740984,0.0,0.0,0.0,0.0,0.0,0.0,0.0,0.0,0.0,0.0,0.0,0.0,0.0
252,12,0.0,0.12331488,0.0,0.0,0.0,0.0,0.0,0.0,0.0,0.0,0.0,0.0,0.0,0.0,0.0
252,13,0.4323520693016376,0.13511424,0.4484979972008689,0.0,3.9916321750877337,0.0,0.0,0.0,0.0,1.0,0.0,0.0,0.0,0.0,0.4323520693016376
252,14,0.0,0.15397008,0.0,0.0,0.0,0.0,0.0,0.0,0.0,0.0,0.0,0.0,0.0,0.0,0.0
252,15,0.0,0.15628368,0.0,0.0,0.0,0.0,0.0,0.0,0.0,0.0,0.0,0.0,0.0,0.0,0.0
252,16,0.0,0.15524256,0.0,0.0,0.0,0.0,0.0,0.0,0.0,0.0,0.0,0.0,0.0,0.0,0.0
252,17,0.0,0.14274912,0.0,0.0,0.0,0.0,0.0,0.0,0.0,0.0,0.0,0.0,0.0,0.0,0.0
252,18,0.0,0.11695248,0.0,0.0,0.0,0.0,0.0,0.0,0.0,0.0,0.0,0.0,0.0,0.0,0.0
252,19,14.8,0.0358608,15.352697095435687,1.0587342738589212,0.0,2.0,0.0,0.0,0.0,0.0,14.8,0.0,0.0,0.0,0.0
252,20,35.40829875518672,0.0223262399999999,36.73060036845096,2.0358390713658476,0.0,5.0,0.0,0.0,0.0,0.0,35.40829875518672,0.0,0.0,0.0,0.0
252,21,43.20741980036792,0.0100641599999999,44.820974896647236,1.9346597317948597,0.0,7.0,0.0,0.0,0.0,0.0,43.20741980036792,0.0,0.0,0.0,0.0
252,22,44.68889585208953,-0.0041644799999999,46.35777578017587,1.3413863482427988,0.0,7.0,0.0,0.0,0.0,0.0,44.68889585208953,0.0,0.0,0.0,0.0
252,23,44.676780868307326,-0.02336736,46.345208369613424,0.4510612287864343,0.0,7.0,0.0,0.0,0.0,0.0,44.676780868307326,0.0,0.0,0.0,0.0
253,0,46.84166648503851,-0.02070672,48.59094033717689,0.6022011290619272,0.0,7.0,0.0,0.0,0.0,0.0,46.84166648503851,0.0,0.0,0.0,0.0
253,1,50.2992387273406,-0.0134188799999999,52.17763353458569,1.02691426691021,0.0,7.0,0.0,0.0,0.0,0.0,50.2992387273406,0.0,0.0,0.0,0.0
253,2,51.69480824866945,-0.00451152,53.625319760030564,1.5330663814532386,0.0,7.0,0.0,0.0,0.0,0.0,51.69480824866945,0.0,0.0,0.0,0.0
253,3,45.86827378634912,0.00624672,47.58119687380615,1.8721640306585257,0.0,7.0,0.0,0.0,0.0,0.0,45.86827378634912,0.0,0.0,0.0,0.0
253,4,51.69480824866946,0.00485856,53.625319760030564,2.035539917630306,0.0,7.0,0.0,0.0,0.0,0.0,51.69480824866946,0.0,0.0,0.0,0.0
253,5,51.69480824866945,0.02591232,53.625319760030564,3.164554529781247,0.0,7.0,0.0,0.0,0.0,0.0,51.69480824866945,0.0,0.0,0.0,0.0
253,6,51.69480824866946,0.0571459199999999,53.625319760030564,4.8394663170381325,0.0,7.0,0.0,0.0,0.0,0.0,51.69480824866946,0.0,0.0,0.0,0.0
253,7,48.711821554837336,0.1175308799999999,50.53093522286032,7.61151923984244,0.0,7.0,0.0,0.0,0.0,0.0,48.711821554837336,0.0,0.0,0.0,0.0
253,8,13.20829875518672,0.1304870399999999,13.701554725297427,2.241396780909418,0.0,2.0,0.0,0.0,0.0,0.0,13.20829875518672,0.0,0.0,0.0,0.0
253,9,0.0,0.1339574399999999,0.0,0.0,0.0,0.0,0.0,0.0,0.0,0.0,0.0,0.0,0.0,0.0,0.0
253,10,0.0,0.1329163199999999,0.0,0.0,0.0,0.0,0.0,0.0,0.0,0.0,0.0,0.0,0.0,0.0,0.0
253,11,0.0,0.09578304,0.0,0.0,0.0,0.0,0.0,0.0,0.0,0.0,0.0,0.0,0.0,0.0,0.0
253,12,4.490863748526294,0.02221056,4.658572353243044,0.0,41.4612939438631,0.0,0.0,0.0,0.0,1.0,0.0,0.0,0.0,0.0,4.490863748526294
253,13,0.0,0.06339264,0.0,0.0,0.0,0.0,0.0,0.0,0.0,0.0,0.0,0.0,0.0,0.0,0.0
253,14,0.0,0.1636871999999999,0.0,0.0,0.0,0.0,0.0,0.0,0.0,0.0,0.0,0.0,0.0,0.0,0.0
253,15,0.0,0.19815984,0.0,0.0,0.0,0.0,0.0,0.0,0.0,0.0,0.0,0.0,0.0,0.0,0.0
253,16,0.0,0.27844176,0.0,0.0,0.0,0.0,0.0,0.0,0.0,0.0,0.0,0.0,0.0,0.0,0.0
253,17,0.0,0.30030528,0.0,0.0,0.0,0.0,0.0,0.0,0.0,0.0,0.0,0.0,0.0,0.0,0.0
253,18,0.0,0.4650336,0.0,0.0,0.0,0.0,0.0,0.0,0.0,0.0,0.0,0.0,0.0,0.0,0.0
253,19,0.0,0.31950816,0.0,0.0,0.0,0.0,0.0,0.0,0.0,0.0,0.0,0.0,0.0,0.0,0.0
253,20,22.200000000000003,0.23066592,23.02904564315353,6.0742774107883815,0.0,3.0,0.0,0.0,0.0,0.0,22.200000000000003,0.0,0.0,0.0,0.0
253,21,37.0,0.18439392,38.38174273858922,8.347795684647304,0.0,6.0,0.0,0.0,0.0,0.0,37.0,0.0,0.0,0.0,0.0
253,22,51.69480824866945,0.1752552,53.625319760030564,11.17311422366512,0.0,7.0,0.0,0.0,0.0,0.0,51.69480824866945,0.0,0.0,0.0,0.0
253,23,51.69480824866945,0.1769904,53.625319760030564,11.266164878512726,0.0,7.0,0.0,0.0,0.0,0.0,51.69480824866945,0.0,0.0,0.0,0.0
254,0,49.315751729012845,0.17803152,51.15741880602994,10.800943591793684,0.0,7.0,0.0,0.0,0.0,0.0,49.315751729012845,0.0,0.0,0.0,0.0
254,1,44.4,0.1868232,46.05809128630706,10.129242821576764,0.0,6.0,0.0,0.0,0.0,0.0,44.4,0.0,0.0,0.0,0.0
254,2,28.607495510997772,0.18636048,29.675825218877364,6.512670846930931,0.0,6.0,0.0,0.0,0.0,0.0,28.607495510997772,0.0,0.0,0.0,0.0
254,3,37.0,0.1813862399999999,38.38174273858922,8.2323556846473,0.0,5.0,0.0,0.0,0.0,0.0,37.0,0.0,0.0,0.0,0.0
254,4,29.863316931122696,0.19642464,30.978544534359642,7.110339281972864,0.0,5.0,0.0,0.0,0.0,0.0,29.863316931122696,0.0,0.0,0.0,0.0
254,5,51.096656283773555,1.50684768,53.004830169889594,81.62466524891548,0.0,7.0,0.0,0.0,0.0,0.0,51.096656283773555,0.0,0.0,0.0,0.0
254,6,47.49130187416325,2.07310128,49.26483596904902,103.7616605770011,0.0,7.0,0.0,0.0,0.0,0.0,47.49130187416325,0.0,0.0,0.0,0.0
254,7,14.8,1.5783379199999998,15.352697095435687,24.739918273858923,0.0,2.0,0.0,0.0,0.0,0.0,14.8,0.0,0.0,0.0,0.0
254,8,37.0,1.307184,38.38174273858922,51.44243568464731,0.0,5.0,0.0,0.0,0.0,0.0,37.0,0.0,0.0,0.0,0.0
254,9,0.0,1.10081088,0.0,0.0,0.0,0.0,0.0,0.0,0.0,0.0,0.0,0.0,0.0,0.0,0.0
254,10,0.0,1.03151856,0.0,0.0,0.0,0.0,0.0,0.0,0.0,0.0,0.0,0.0,0.0,0.0,0.0
254,11,0.0,1.01416656,0.0,0.0,0.0,0.0,0.0,0.0,0.0,0.0,0.0,0.0,0.0,0.0,0.0
254,12,0.0,0.9798096,0.0,0.0,0.0,0.0,0.0,0.0,0.0,0.0,0.0,0.0,0.0,0.0,0.0
254,13,0.0,0.989064,0.0,0.0,0.0,0.0,0.0,0.0,0.0,0.0,0.0,0.0,0.0,0.0,0.0
254,14,0.0,1.0703870400000002,0.0,0.0,0.0,0.0,0.0,0.0,0.0,0.0,0.0,0.0,0.0,0.0,0.0
254,15,0.0,1.1417616000000002,0.0,0.0,0.0,0.0,0.0,0.0,0.0,0.0,0.0,0.0,0.0,0.0,0.0
254,16,0.0,1.53773424,0.0,0.0,0.0,0.0,0.0,0.0,0.0,0.0,0.0,0.0,0.0,0.0,0.0
254,17,0.0,0.28758048,0.0,0.0,0.0,0.0,0.0,0.0,0.0,0.0,0.0,0.0,0.0,0.0,0.0
254,18,0.0,0.05784,0.0,0.0,0.0,0.0,0.0,0.0,0.0,0.0,0.0,0.0,0.0,0.0,0.0
254,19,0.0,0.02556528,0.0,0.0,0.0,0.0,0.0,0.0,0.0,0.0,0.0,0.0,0.0,0.0,0.0
254,20,14.8,0.00786624,15.352697095435687,0.6289422738589213,0.0,2.0,0.0,0.0,0.0,0.0,14.8,0.0,0.0,0.0,0.0
254,21,22.200000000000003,-0.00092544,23.02904564315353,0.7409494107883818,0.0,3.0,0.0,0.0,0.0,0.0,22.200000000000003,0.0,0.0,0.0,0.0
254,22,51.69480824866945,-0.0138816,53.625319760030564,1.0305928452761712,0.0,7.0,0.0,0.0,0.0,0.0,51.69480824866945,0.0,0.0,0.0,0.0
254,23,37.0,-0.02672208,38.38174273858922,0.2447956846473029,0.0,5.0,0.0,0.0,0.0,0.0,37.0,0.0,0.0,0.0,0.0
255,0,44.4,-0.02383008,46.05809128630706,0.42695482157676345,0.0,6.0,0.0,0.0,0.0,0.0,44.4,0.0,0.0,0.0,0.0
255,1,51.69480824866945,-0.02244192,53.625319760030564,0.5715429480279864,0.0,7.0,0.0,0.0,0.0,0.0,51.69480824866945,0.0,0.0,0.0,0.0
255,2,37.0,-0.0121464,38.38174273858922,0.8042356846473029,0.0,5.0,0.0,0.0,0.0,0.0,37.0,0.0,0.0,0.0,0.0
255,3,46.653545252488314,0.00046272,48.39579383038207,1.6242944775068409,0.0,7.0,0.0,0.0,0.0,0.0,46.653545252488314,0.0,0.0,0.0,0.0
255,4,22.200000000000003,0.01052688,23.02904564315353,1.004685410788382,0.0,3.0,0.0,0.0,0.0,0.0,22.200000000000003,0.0,0.0,0.0,0.0
255,5,51.1801275067683,0.0577243199999999,53.0914185754858,4.821991989953861,0.0,7.0,0.0,0.0,0.0,0.0,51.1801275067683,0.0,0.0,0.0,0.0
255,6,51.69480824866945,0.13870032,53.625319760030564,9.212847094875574,0.0,7.0,0.0,0.0,0.0,0.0,51.69480824866945,0.0,0.0,0.0,0.0
255,7,37.0,0.1669262399999999,38.38174273858922,7.6773556846473,0.0,5.0,0.0,0.0,0.0,0.0,37.0,0.0,0.0,0.0,0.0
255,8,21.034542835038685,0.16738896,21.8200651815754,4.374682175386263,0.0,3.0,0.0,0.0,0.0,0.0,21.034542835038685,0.0,0.0,0.0,0.0
255,9,0.0,0.1604481599999999,0.0,0.0,0.0,0.0,0.0,0.0,0.0,0.0,0.0,0.0,0.0,0.0,0.0
255,10,0.0,0.15223488,0.0,0.0,0.0,0.0,0.0,0.0,0.0,0.0,0.0,0.0,0.0,0.0,0.0
255,11,0.0,0.14540976,0.0,0.0,0.0,0.0,0.0,0.0,0.0,0.0,0.0,0.0,0.0,0.0,0.0
255,12,0.0,0.14205504,0.0,0.0,0.0,0.0,0.0,0.0,0.0,0.0,0.0,0.0,0.0,0.0,0.0
255,13,0.0,0.1428648,0.0,0.0,0.0,0.0,0.0,0.0,0.0,0.0,0.0,0.0,0.0,0.0,0.0
255,14,0.0,0.1478390399999999,0.0,0.0,0.0,0.0,0.0,0.0,0.0,0.0,0.0,0.0,0.0,0.0,0.0
255,15,0.0,0.16727328,0.0,0.0,0.0,0.0,0.0,0.0,0.0,0.0,0.0,0.0,0.0,0.0,0.0
255,16,0.0,0.2270798399999999,0.0,0.0,0.0,0.0,0.0,0.0,0.0,0.0,0.0,0.0,0.0,0.0,0.0
255,17,0.0,0.21990768,0.0,0.0,0.0,0.0,0.0,0.0,0.0,0.0,0.0,0.0,0.0,0.0,0.0
255,18,0.0,0.2232624,0.0,0.0,0.0,0.0,0.0,0.0,0.0,0.0,0.0,0.0,0.0,0.0,0.0
255,19,0.0,0.1782628799999999,0.0,0.0,0.0,0.0,0.0,0.0,0.0,0.0,0.0,0.0,0.0,0.0,0.0
255,20,22.200000000000003,0.17085936,23.02904564315353,4.696989410788382,0.0,3.0,0.0,0.0,0.0,0.0,22.200000000000003,0.0,0.0,0.0,0.0
255,21,51.69480824866945,0.14540976,53.625319760030564,9.572642960286315,0.0,7.0,0.0,0.0,0.0,0.0,51.69480824866945,0.0,0.0,0.0,0.0
255,22,22.200000000000003,0.13511424,23.02904564315353,3.873813410788382,0.0,3.0,0.0,0.0,0.0,0.0,22.200000000000003,0.0,0.0,0.0,0.0
255,23,36.21208185107297,0.11602704,37.56440026044915,5.60186782021601,0.0,6.0,0.0,0.0,0.0,0.0,36.21208185107297,0.0,0.0,0.0,0.0
256,0,50.103107003856174,0.109896,51.974177389892304,7.4320994700450385,0.0,7.0,0.0,0.0,0.0,0.0,50.103107003856174,0.0,0.0,0.0,0.0
256,1,7.4,0.10341792,7.6763485477178435,1.0479591369294607,0.0,1.0,0.0,0.0,0.0,0.0,7.4,0.0,0.0,0.0,0.0
256,2,28.451031888221568,0.1029552,29.513518556246442,4.0154676698738205,0.0,6.0,0.0,0.0,0.0,0.0,28.451031888221568,0.0,0.0,0.0,0.0
256,3,51.69480824866946,0.11255664,53.625319760030564,7.810883895171658,0.0,7.0,0.0,0.0,0.0,0.0,51.69480824866946,0.0,0.0,0.0,0.0
256,4,51.69480824866946,0.11880336,53.625319760030564,8.145866252623037,0.0,7.0,0.0,0.0,0.0,0.0,51.69480824866946,0.0,0.0,0.0,0.0
256,5,35.40829875518672,0.18346848,36.73060036845096,7.954690291282864,0.0,5.0,0.0,0.0,0.0,0.0,35.40829875518672,0.0,0.0,0.0,0.0
256,6,47.56972849882429,1.61616528,49.346191388821886,81.38496015781891,0.0,7.0,0.0,0.0,0.0,0.0,47.56972849882429,0.0,0.0,0.0,0.0
256,7,51.69480824866945,1.59314496,53.625319760030564,87.20790598813814,0.0,7.0,0.0,0.0,0.0,0.0,51.69480824866945,0.0,0.0,0.0,0.0
256,8,7.4,1.44495888,7.6763485477178435,11.346095136929462,0.0,1.0,0.0,0.0,0.0,0.0,7.4,0.0,0.0,0.0,0.0
256,9,0.0,1.19393328,0.0,0.0,0.0,0.0,0.0,0.0,0.0,0.0,0.0,0.0,0.0,0.0,0.0
256,10,0.0,1.12047648,0.0,0.0,0.0,0.0,0.0,0.0,0.0,0.0,0.0,0.0,0.0,0.0,0.0
256,11,0.0,1.0870449599999998,0.0,0.0,0.0,0.0,0.0,0.0,0.0,0.0,0.0,0.0,0.0,0.0,0.0
256,12,0.0,1.07385744,0.0,0.0,0.0,0.0,0.0,0.0,0.0,0.0,0.0,0.0,0.0,0.0,0.0
256,13,0.0,1.06448736,0.0,0.0,0.0,0.0,0.0,0.0,0.0,0.0,0.0,0.0,0.0,0.0,0.0
256,14,0.0,0.80038992,0.0,0.0,0.0,0.0,0.0,0.0,0.0,0.0,0.0,0.0,0.0,0.0,0.0
256,15,0.0,0.84712464,0.0,0.0,0.0,0.0,0.0,0.0,0.0,0.0,0.0,0.0,0.0,0.0,0.0
256,16,0.0,1.2075835199999998,0.0,0.0,0.0,0.0,0.0,0.0,0.0,0.0,0.0,0.0,0.0,0.0,0.0
256,17,0.0,1.44576864,0.0,0.0,0.0,0.0,0.0,0.0,0.0,0.0,0.0,0.0,0.0,0.0,0.0
256,18,0.0,1.7756880000000002,0.0,0.0,0.0,0.0,0.0,0.0,0.0,0.0,0.0,0.0,0.0,0.0,0.0
256,19,7.4,0.30065232,7.6763485477178435,2.561999136929461,0.0,1.0,0.0,0.0,0.0,0.0,7.4,0.0,0.0,0.0,0.0
256,20,14.8,0.1488801599999999,15.352697095435687,2.79388627385892,0.0,2.0,0.0,0.0,0.0,0.0,14.8,0.0,0.0,0.0,0.0
256,21,24.569927233608695,0.1382376,25.48747638341151,4.366963033590408,0.0,4.0,0.0,0.0,0.0,0.0,24.569927233608695,0.0,0.0,0.0,0.0
256,22,31.81635923780479,0.1175308799999999,33.00452203091784,4.971500197496537,0.0,5.0,0.0,0.0,0.0,0.0,31.81635923780479,0.0,0.0,0.0,0.0
256,23,44.4,0.12817344,46.05809128630706,7.427946821576764,0.0,6.0,0.0,0.0,0.0,0.0,44.4,0.0,0.0,0.0,0.0
257,0,44.4,0.12701664,46.05809128630706,7.374666821576763,0.0,6.0,0.0,0.0,0.0,0.0,44.4,0.0,0.0,0.0,0.0
257,1,37.0,0.124356,38.38174273858922,6.043435684647304,0.0,5.0,0.0,0.0,0.0,0.0,37.0,0.0,0.0,0.0,0.0
257,2,38.8514582248376,0.12562848,40.30234255688549,6.397129574493745,0.0,7.0,0.0,0.0,0.0,0.0,38.8514582248376,0.0,0.0,0.0,0.0
257,3,27.044427805659346,0.12990864,28.054385690517993,4.573107257446798,0.0,5.0,0.0,0.0,0.0,0.0,27.044427805659346,0.0,0.0,0.0,0.0
257,4,44.548533505810674,0.1463352,46.21217168652559,8.292090269006058,0.0,7.0,0.0,0.0,0.0,0.0,44.548533505810674,0.0,0.0,0.0,0.0
257,5,37.0,0.17594928,38.38174273858922,8.023675684647305,0.0,5.0,0.0,0.0,0.0,0.0,37.0,0.0,0.0,0.0,0.0
257,6,51.69480824866945,1.0382280000000002,53.625319760030564,57.45030656787404,0.0,7.0,0.0,0.0,0.0,0.0,51.69480824866945,0.0,0.0,0.0,0.0
257,7,44.4,1.79408112,46.05809128630706,84.15647482157678,0.0,6.0,0.0,0.0,0.0,0.0,44.4,0.0,0.0,0.0,0.0
257,8,22.200000000000003,1.36525536,23.02904564315353,32.202789410788384,0.0,3.0,0.0,0.0,0.0,0.0,22.200000000000003,0.0,0.0,0.0,0.0
257,9,7.4,1.1200137599999995,7.6763485477178435,8.851703136929457,0.0,1.0,0.0,0.0,0.0,0.0,7.4,0.0,0.0,0.0,0.0
257,10,0.0,1.05951312,0.0,0.0,0.0,0.0,0.0,0.0,0.0,0.0,0.0,0.0,0.0,0.0,0.0
257,11,0.0,1.05558,0.0,0.0,0.0,0.0,0.0,0.0,0.0,0.0,0.0,0.0,0.0,0.0,0.0
257,12,0.0,1.03718688,0.0,0.0,0.0,0.0,0.0,0.0,0.0,0.0,0.0,0.0,0.0,0.0,0.0
257,13,0.0,1.01960352,0.0,0.0,0.0,0.0,0.0,0.0,0.0,0.0,0.0,0.0,0.0,0.0,0.0
257,14,0.0,1.0376496,0.0,0.0,0.0,0.0,0.0,0.0,0.0,0.0,0.0,0.0,0.0,0.0,0.0
257,15,0.0,1.08924288,0.0,0.0,0.0,0.0,0.0,0.0,0.0,0.0,0.0,0.0,0.0,0.0,0.0
257,16,0.0,1.35160512,0.0,0.0,0.0,0.0,0.0,0.0,0.0,0.0,0.0,0.0,0.0,0.0,0.0
257,17,0.0,2.00137968,0.0,0.0,0.0,0.0,0.0,0.0,0.0,0.0,0.0,0.0,0.0,0.0,0.0
257,18,0.0,2.66387904,0.0,0.0,0.0,0.0,0.0,0.0,0.0,0.0,0.0,0.0,0.0,0.0,0.0
257,19,0.0,2.1493344000000003,0.0,0.0,0.0,0.0,0.0,0.0,0.0,0.0,0.0,0.0,0.0,0.0,0.0
257,20,29.6,1.54247712,30.705394190871374,48.37871654771785,0.0,4.0,0.0,0.0,0.0,0.0,29.6,0.0,0.0,0.0,0.0
257,21,39.685563615372494,1.32037152,41.16759711138226,55.719170237090154,0.0,7.0,0.0,0.0,0.0,0.0,39.685563615372494,0.0,0.0,0.0,0.0
257,22,51.06621159941788,0.16276176,52.973248547114,10.37543369335519,0.0,7.0,0.0,0.0,0.0,0.0,51.06621159941788,0.0,0.0,0.0,0.0
257,23,51.69480824866945,0.16762032,53.625319760030564,10.763691342335658,0.0,7.0,0.0,0.0,0.0,0.0,51.69480824866945,0.0,0.0,0.0,0.0
258,0,51.69480824866946,0.1609108799999999,53.625319760030564,10.403895476924912,0.0,7.0,0.0,0.0,0.0,0.0,51.69480824866946,0.0,0.0,0.0,0.0
258,1,29.6,0.15258192,30.705394190871374,5.701436547717843,0.0,4.0,0.0,0.0,0.0,0.0,29.6,0.0,0.0,0.0,0.0
258,2,37.80930449006072,0.14425296,39.221270217905314,6.956008368105353,0.0,7.0,0.0,0.0,0.0,0.0,37.80930449006072,0.0,0.0,0.0,0.0
258,3,30.70833725886282,0.1446,31.855121637824507,5.660655115041415,0.0,6.0,0.0,0.0,0.0,0.0,30.70833725886282,0.0,0.0,0.0,0.0
258,4,44.294808248669455,0.14448432,45.94897121231272,8.15981680743813,0.0,7.0,0.0,0.0,0.0,0.0,44.294808248669455,0.0,0.0,0.0,0.0
258,5,51.69480824866945,0.16114224,53.625319760030564,10.416302230904599,0.0,7.0,0.0,0.0,0.0,0.0,51.69480824866945,0.0,0.0,0.0,0.0
258,6,5.123038287820233,0.3351249599999999,5.314355070352939,1.9568781832065079,0.0,1.0,0.0,0.0,0.0,0.0,5.123038287820233,0.0,0.0,0.0,0.0
258,7,22.94321556994629,1.44680976,23.80001615139657,35.221876190609414,0.0,4.0,0.0,0.0,0.0,0.0,22.94321556994629,0.0,0.0,0.0,0.0
258,8,22.200000000000003,1.2074678399999998,23.02904564315353,28.569093410788376,0.0,4.0,0.0,0.0,0.0,0.0,22.200000000000003,0.0,0.0,0.0,0.0
258,9,0.0,0.57770592,0.0,0.0,0.0,0.0,0.0,0.0,0.0,0.0,0.0,0.0,0.0,0.0,0.0
258,10,0.0,0.3350092799999999,0.0,0.0,0.0,0.0,0.0,0.0,0.0,0.0,0.0,0.0,0.0,0.0,0.0
258,11,0.0,0.25426464,0.0,0.0,0.0,0.0,0.0,0.0,0.0,0.0,0.0,0.0,0.0,0.0,0.0
258,12,0.0,0.18358416,0.0,0.0,0.0,0.0,0.0,0.0,0.0,0.0,0.0,0.0,0.0,0.0,0.0
258,13,0.0,0.18115488,0.0,0.0,0.0,0.0,0.0,0.0,0.0,0.0,0.0,0.0,0.0,0.0,0.0
258,14,0.0,0.17837856,0.0,0.0,0.0,0.0,0.0,0.0,0.0,0.0,0.0,0.0,0.0,0.0,0.0
258,15,2.5712400128264394,0.1862448,2.6672614240938173,0.0,23.738626674434975,0.0,0.0,0.0,0.0,1.0,0.0,0.0,0.0,0.0,2.5712400128264394
258,16,0.0,0.19422672,0.0,0.0,0.0,0.0,0.0,0.0,0.0,0.0,0.0,0.0,0.0,0.0,0.0
258,17,0.0,0.1798824,0.0,0.0,0.0,0.0,0.0,0.0,0.0,0.0,0.0,0.0,0.0,0.0,0.0
258,18,0.0,0.15420144,0.0,0.0,0.0,0.0,0.0,0.0,0.0,0.0,0.0,0.0,0.0,0.0,0.0
258,19,4.401770001545988,0.14078256,4.5661514538858805,0.0,40.63874793958434,0.0,0.0,0.0,0.0,1.0,0.0,0.0,0.0,0.0,4.401770001545988
258,20,29.6,0.12909888,30.705394190871374,4.980380547717843,0.0,4.0,0.0,0.0,0.0,0.0,29.6,0.0,0.0,0.0,0.0
258,21,44.4,0.10330224,46.05809128630706,6.282426821576764,0.0,6.0,0.0,0.0,0.0,0.0,44.4,0.0,0.0,0.0,0.0
258,22,41.39541419012845,0.06963936,42.94130102710421,4.411761785092029,0.0,7.0,0.0,0.0,0.0,0.0,41.39541419012845,0.0,0.0,0.0,0.0
258,23,37.18054306898934,0.1058472,38.56902807986447,5.359058458418544,0.0,7.0,0.0,0.0,0.0,0.0,37.18054306898934,0.0,0.0,0.0,0.0
259,0,37.0,0.10133568,38.38174273858922,5.159875684647304,0.0,5.0,0.0,0.0,0.0,0.0,37.0,0.0,0.0,0.0,0.0
259,1,42.80829875518672,0.09844368,44.4069489161688,5.841453478004856,0.0,6.0,0.0,0.0,0.0,0.0,42.80829875518672,0.0,0.0,0.0,0.0
259,2,51.694808248669474,0.09231264,53.625319760030585,6.725292921949601,0.0,7.0,0.0,0.0,0.0,0.0,51.694808248669474,0.0,0.0,0.0,0.0
259,3,45.39597860429318,0.09242832,47.09126411233733,5.911287270697997,0.0,7.0,0.0,0.0,0.0,0.0,45.39597860429318,0.0,0.0,0.0,0.0
259,4,51.69480824866946,0.08872656,53.625319760030564,6.5329882352645505,0.0,7.0,0.0,0.0,0.0,0.0,51.69480824866946,0.0,0.0,0.0,0.0
259,5,51.69480824866946,0.1058472,53.625319760030564,7.451088029760919,0.0,7.0,0.0,0.0,0.0,0.0,51.69480824866946,0.0,0.0,0.0,0.0
259,6,47.3752279988599,0.1175308799999999,49.144427384709445,7.4026683440548755,0.0,7.0,0.0,0.0,0.0,0.0,47.3752279988599,0.0,0.0,0.0,0.0
259,7,51.69480824866945,0.12863616,53.625319760030564,8.673153296759466,0.0,7.0,0.0,0.0,0.0,0.0,51.69480824866945,0.0,0.0,0.0,0.0
259,8,44.898504550427724,0.14598816,46.57521218924039,8.341069052580632,0.0,7.0,0.0,0.0,0.0,0.0,44.898504550427724,0.0,0.0,0.0,0.0
259,9,7.4,0.1507310399999999,7.6763485477178435,1.41115113692946,0.0,1.0,0.0,0.0,0.0,0.0,7.4,0.0,0.0,0.0,0.0
259,10,0.0,0.14540976,0.0,0.0,0.0,0.0,0.0,0.0,0.0,0.0,0.0,0.0,0.0,0.0,0.0
259,11,0.0,0.13974144,0.0,0.0,0.0,0.0,0.0,0.0,0.0,0.0,0.0,0.0,0.0,0.0,0.0
259,12,0.0,0.13407312,0.0,0.0,0.0,0.0,0.0,0.0,0.0,0.0,0.0,0.0,0.0,0.0,0.0
259,13,7.379617195937367,0.13627104,7.655204560101004,0.0,68.13132058489894,0.0,0.0,0.0,0.0,1.0,0.0,0.0,0.0,0.0,7.379617195937367
259,14,0.0,0.1408982399999999,0.0,0.0,0.0,0.0,0.0,0.0,0.0,0.0,0.0,0.0,0.0,0.0,0.0
259,15,0.0,0.1463352,0.0,0.0,0.0,0.0,0.0,0.0,0.0,0.0,0.0,0.0,0.0,0.0,0.0
259,16,0.0,0.15778752,0.0,0.0,0.0,0.0,0.0,0.0,0.0,0.0,0.0,0.0,0.0,0.0,0.0
259,17,0.0,0.1650753599999999,0.0,0.0,0.0,0.0,0.0,0.0,0.0,0.0,0.0,0.0,0.0,0.0,0.0
259,18,0.9085158607502963,0.15628368,0.9424438389525897,0.0,8.387750166678048,0.0,0.0,0.0,0.0,1.0,0.0,0.0,0.0,0.0,0.9085158607502963
259,19,7.4,0.15084672,7.6763485477178435,1.4120391369294607,0.0,1.0,0.0,0.0,0.0,0.0,7.4,0.0,0.0,0.0,0.0
259,20,44.4,0.13684944,46.05809128630706,7.827546821576765,0.0,6.0,0.0,0.0,0.0,0.0,44.4,0.0,0.0,0.0,0.0
259,21,55.350215181250896,0.11984448,57.41723566519804,8.2016966455316,33.7480515559905,7.0,0.0,0.0,0.0,1.0,51.69480824866945,0.0,0.0,0.0,3.6554069325814424
259,22,44.474636591490366,0.10607856,46.1355151364008,6.421074561542467,0.0,7.0,0.0,0.0,0.0,0.0,44.474636591490366,0.0,0.0,0.0,0.0
259,23,50.103107003856174,0.1307184,51.974177389892304,8.514326581328335,0.0,7.0,0.0,0.0,0.0,0.0,50.103107003856174,0.0,0.0,0.0,0.0
260,0,51.69480824866945,0.1216953599999999,53.625319760030564,8.300950677369041,0.0,7.0,0.0,0.0,0.0,0.0,51.69480824866945,0.0,0.0,0.0,0.0
260,1,47.358307981917996,0.11487024,49.126875499914945,7.269315558172534,0.0,7.0,0.0,0.0,0.0,0.0,47.358307981917996,0.0,0.0,0.0,0.0
260,2,48.511405759042894,0.1046904,50.323035019754045,6.934031124585918,0.0,7.0,0.0,0.0,0.0,0.0,48.511405759042894,0.0,0.0,0.0,0.0
260,3,51.69480824866945,0.07091184,53.625319760030564,5.577668178829137,0.0,8.0,0.0,0.0,0.0,0.0,51.69480824866945,0.0,0.0,0.0,0.0
260,4,43.88558846785224,0.0563361599999999,45.524469364991944,4.071533726042515,0.0,7.0,0.0,0.0,0.0,0.0,43.88558846785224,0.0,0.0,0.0,0.0
260,5,50.675015095807645,0.0285729599999999,52.5674430454436,3.241989812243917,0.0,7.0,0.0,0.0,0.0,0.0,50.675015095807645,0.0,0.0,0.0,0.0
260,6,47.39507026324872,0.05182464,49.16501064652358,4.175320829752182,0.0,7.0,0.0,0.0,0.0,0.0,47.39507026324872,0.0,0.0,0.0,0.0
260,7,51.69480824866946,0.10388064,53.625319760030585,7.345630620933636,0.0,7.0,0.0,0.0,0.0,0.0,51.69480824866946,0.0,0.0,0.0,0.0
260,8,37.0,0.10897056,38.38174273858922,5.452915684647302,0.0,5.0,0.0,0.0,0.0,0.0,37.0,0.0,0.0,0.0,0.0
260,9,22.200000000000003,0.10850784,23.02904564315353,3.2610934107883818,0.0,3.0,0.0,0.0,0.0,0.0,22.200000000000003,0.0,0.0,0.0,0.0
260,10,0.0,0.1141761599999999,0.0,0.0,0.0,0.0,0.0,0.0,0.0,0.0,0.0,0.0,0.0,0.0,0.0
260,11,0.0,0.11556432,0.0,0.0,0.0,0.0,0.0,0.0,0.0,0.0,0.0,0.0,0.0,0.0,0.0
260,12,0.0,0.04719744,0.0,0.0,0.0,0.0,0.0,0.0,0.0,0.0,0.0,0.0,0.0,0.0,0.0
260,13,0.0,0.0497424,0.0,0.0,0.0,0.0,0.0,0.0,0.0,0.0,0.0,0.0,0.0,0.0,0.0
260,14,6.791435156577057,0.12886752,7.045057216366242,0.0,62.70100922565956,0.0,0.0,0.0,0.0,1.0,0.0,0.0,0.0,0.0,6.791435156577057
260,15,0.0,0.14413728,0.0,0.0,0.0,0.0,0.0,0.0,0.0,0.0,0.0,0.0,0.0,0.0,0.0
260,16,0.0,0.15859728,0.0,0.0,0.0,0.0,0.0,0.0,0.0,0.0,0.0,0.0,0.0,0.0,0.0
260,17,0.4550496006153589,0.17132208,0.47204315416531006,0.0,4.20118407207126,0.0,0.0,0.0,0.0,1.0,0.0,0.0,0.0,0.0,0.4550496006153589
260,18,0.0,0.18427824,0.0,0.0,0.0,0.0,0.0,0.0,0.0,0.0,0.0,0.0,0.0,0.0,0.0
260,19,22.200000000000003,0.17456112,23.02904564315353,4.782237410788382,0.0,3.0,0.0,0.0,0.0,0.0,22.200000000000003,0.0,0.0,0.0,0.0
260,20,37.10157215988741,0.15281328,38.48710804967575,7.135675684647303,0.937751268670092,5.0,0.0,0.0,0.0,1.0,37.0,0.0,0.0,0.0,0.1015721598874122
260,21,22.200000000000003,0.14147664,23.02904564315353,4.020333410788382,0.0,3.0,0.0,0.0,0.0,0.0,22.200000000000003,0.0,0.0,0.0,0.0
260,22,15.671691320814295,0.13742784,16.256941204164207,2.7722610685531213,0.0,3.0,0.0,0.0,0.0,0.0,15.671691320814295,0.0,0.0,0.0,0.0
260,23,50.56183274520191,0.11001168,52.45003396805178,7.506212477224956,0.0,7.0,0.0,0.0,0.0,0.0,50.56183274520191,0.0,0.0,0.0,0.0
261,0,32.79686165027797,0.1023768,34.021640716055984,4.6091430149609725,0.0,7.0,0.0,0.0,0.0,0.0,32.79686165027797,0.0,0.0,0.0,0.0
261,1,41.49898949350605,0.09994752,43.04874428786934,5.727528666615183,0.0,7.0,0.0,0.0,0.0,0.0,41.49898949350605,0.0,0.0,0.0,0.0
261,2,46.50060933738156,0.0972868799999999,48.23714661554104,6.289491047302951,0.0,7.0,0.0,0.0,0.0,0.0,46.50060933738156,0.0,0.0,0.0,0.0
261,3,51.69480824866945,0.09983184,53.625319760030564,7.128512426289222,0.0,7.0,0.0,0.0,0.0,0.0,51.69480824866945,0.0,0.0,0.0,0.0
261,4,47.3245742680259,0.10781376,49.09188202077377,6.91772168102363,0.0,7.0,0.0,0.0,0.0,0.0,47.3245742680259,0.0,0.0,0.0,0.0
261,5,51.694808248669474,0.10781376,53.625319760030585,7.556545438588207,0.0,7.0,0.0,0.0,0.0,0.0,51.694808248669474,0.0,0.0,0.0,0.0
261,6,51.694808248669474,0.11568,53.625319760030585,7.97837507389735,0.0,7.0,0.0,0.0,0.0,0.0,51.694808248669474,0.0,0.0,0.0,0.0
261,7,48.74385454313622,0.12053856,50.56416446383427,7.76860541582667,0.0,7.0,0.0,0.0,0.0,0.0,48.74385454313623,0.0,0.0,0.0,0.0
261,8,14.8,0.12470304,15.352697095435687,2.4227022738589215,0.0,2.0,0.0,0.0,0.0,0.0,14.8,0.0,0.0,0.0,0.0
261,9,0.0,0.12585984,0.0,0.0,0.0,0.0,0.0,0.0,0.0,0.0,0.0,0.0,0.0,0.0,0.0
261,10,0.0,0.11637408,0.0,0.0,0.0,0.0,0.0,0.0,0.0,0.0,0.0,0.0,0.0,0.0,0.0
261,11,0.0,0.11440752,0.0,0.0,0.0,0.0,0.0,0.0,0.0,0.0,0.0,0.0,0.0,0.0,0.0
261,12,0.0,0.1104744,0.0,0.0,0.0,0.0,0.0,0.0,0.0,0.0,0.0,0.0,0.0,0.0,0.0
261,13,0.0,0.1029552,0.0,0.0,0.0,0.0,0.0,0.0,0.0,0.0,0.0,0.0,0.0,0.0,0.0
261,14,0.0,0.10515312,0.0,0.0,0.0,0.0,0.0,0.0,0.0,0.0,0.0,0.0,0.0,0.0,0.0
261,15,0.0,0.11186256,0.0,0.0,0.0,0.0,0.0,0.0,0.0,0.0,0.0,0.0,0.0,0.0,0.0
261,16,0.0,0.10966464,0.0,0.0,0.0,0.0,0.0,0.0,0.0,0.0,0.0,0.0,0.0,0.0,0.0
261,17,0.0,0.0993691199999999,0.0,0.0,0.0,0.0,0.0,0.0,0.0,0.0,0.0,0.0,0.0,0.0,0.0
261,18,7.4,0.08953632,7.6763485477178435,0.9413991369294606,0.0,1.0,0.0,0.0,0.0,0.0,7.4,0.0,0.0,0.0,0.0
261,19,7.4,0.0573772799999999,7.6763485477178435,0.6945351369294599,0.0,1.0,0.0,0.0,0.0,0.0,7.4,0.0,0.0,0.0,0.0
261,20,7.4,0.0335472,7.6763485477178435,0.5116071369294606,0.0,1.0,0.0,0.0,0.0,0.0,7.4,0.0,0.0,0.0,0.0
261,21,44.4,0.00485856,46.05809128630706,1.7482988215767636,0.0,6.0,0.0,0.0,0.0,0.0,44.4,0.0,0.0,0.0,0.0
261,22,40.19615436337624,-0.00080976,41.69725556366829,1.3464143894921845,0.0,7.0,0.0,0.0,0.0,0.0,40.19615436337624,0.0,0.0,0.0,0.0
261,23,37.0,-0.00023136,38.38174273858922,1.261555684647303,0.0,5.0,0.0,0.0,0.0,0.0,37.0,0.0,0.0,0.0,0.0
262,0,51.69480824866945,-0.0023136,53.625319760030564,1.6509305442602051,0.0,7.0,0.0,0.0,0.0,0.0,51.69480824866945,0.0,0.0,0.0,0.0
262,1,29.6,-0.01295616,30.705394190871374,0.6185245477178423,0.0,5.0,0.0,0.0,0.0,0.0,29.6,0.0,0.0,0.0,0.0
262,2,51.69480824866946,-0.0133032,53.625319760030564,1.0616097302253729,0.0,7.0,0.0,0.0,0.0,0.0,51.69480824866946,0.0,0.0,0.0,0.0
262,3,46.39361411245101,-0.01295616,48.12615571831019,0.9694455806047252,0.0,7.0,0.0,0.0,0.0,0.0,46.39361411245101,0.0,0.0,0.0,0.0
262,4,7.4,-0.0003470399999999,7.6763485477178435,0.25142313692946133,0.0,1.0,0.0,0.0,0.0,0.0,7.4,0.0,0.0,0.0,0.0
262,5,51.694808248669474,0.0209380799999999,53.625319760030585,2.897809319218108,0.0,7.0,0.0,0.0,0.0,0.0,51.694808248669474,0.0,0.0,0.0,0.0
262,6,32.785331078935194,0.03019248,34.0096795424639,2.1525569622478056,0.0,7.0,0.0,0.0,0.0,0.0,32.785331078935194,0.0,0.0,0.0,0.0
262,7,41.9351439953103,0.03447264,43.50118671712687,2.9394900296091953,0.0,6.0,0.0,0.0,0.0,0.0,41.9351439953103,0.0,0.0,0.0,0.0
262,8,7.4,0.03377856,7.6763485477178435,0.5133831369294607,0.0,1.0,0.0,0.0,0.0,0.0,7.4,0.0,0.0,0.0,0.0
262,9,0.0,0.03088656,0.0,0.0,0.0,0.0,0.0,0.0,0.0,0.0,0.0,0.0,0.0,0.0,0.0
262,10,0.0,0.017352,0.0,0.0,0.0,0.0,0.0,0.0,0.0,0.0,0.0,0.0,0.0,0.0,0.0
262,11,0.0,-0.01284048,0.0,0.0,0.0,0.0,0.0,0.0,0.0,0.0,0.0,0.0,0.0,0.0,0.0
262,12,0.0,-0.01573248,0.0,0.0,0.0,0.0,0.0,0.0,0.0,0.0,0.0,0.0,0.0,0.0,0.0
262,13,0.0,-0.02151648,0.0,0.0,0.0,0.0,0.0,0.0,0.0,0.0,0.0,0.0,0.0,0.0,0.0
262,14,0.0,-0.0219791999999999,0.0,0.0,0.0,0.0,0.0,0.0,0.0,0.0,0.0,0.0,0.0,0.0,0.0
262,15,0.0,-0.00092544,0.0,0.0,0.0,0.0,0.0,0.0,0.0,0.0,0.0,0.0,0.0,0.0,0.0
262,16,0.0,0.002892,0.0,0.0,0.0,0.0,0.0,0.0,0.0,0.0,0.0,0.0,0.0,0.0,0.0
262,17,0.0,0.002892,0.0,0.0,0.0,0.0,0.0,0.0,0.0,0.0,0.0,0.0,0.0,0.0,0.0
262,18,0.0,0.0010411199999999,0.0,0.0,0.0,0.0,0.0,0.0,0.0,0.0,0.0,0.0,0.0,0.0,0.0
262,19,0.0,0.0,0.0,0.0,0.0,0.0,0.0,0.0,0.0,0.0,0.0,0.0,0.0,0.0,0.0
262,20,39.14484395732153,-0.00080976,40.60668460303063,1.311199591436164,0.0,6.0,0.0,0.0,0.0,0.0,39.14484395732153,0.0,0.0,0.0,0.0
262,21,46.43858257205404,-0.0056683199999999,48.17280349798138,1.3214609302595104,0.0,7.0,0.0,0.0,0.0,0.0,46.43858257205404,0.0,0.0,0.0,0.0
262,22,37.0,-0.0226732799999999,38.38174273858922,0.4001956846473067,0.0,6.0,0.0,0.0,0.0,0.0,37.0,0.0,0.0,0.0,0.0
262,23,37.0,-0.03967824,38.38174273858922,-0.2524843153526971,0.0,5.0,0.0,0.0,0.0,0.0,37.0,0.0,0.0,0.0,0.0
263,0,37.0,-0.0428016,38.38174273858922,-0.3723643153526973,0.0,6.0,0.0,0.0,0.0,0.0,37.0,0.0,0.0,0.0,0.0
263,1,49.252244518862696,-0.0428016,51.09153995732646,-0.49566968404999856,0.0,7.0,0.0,0.0,0.0,0.0,49.252244518862696,0.0,0.0,0.0,0.0
263,2,48.62872385512386,-0.0393312,50.444734289547576,-0.3143312283050288,0.0,7.0,0.0,0.0,0.0,0.0,48.62872385512386,0.0,0.0,0.0,0.0
263,3,7.4,-0.03088656,7.6763485477178435,0.01699113692946056,0.0,1.0,0.0,0.0,0.0,0.0,7.4,0.0,0.0,0.0,0.0
263,4,51.69480824866946,-0.01457568,53.625319760030564,0.9933725833371292,0.0,7.0,0.0,0.0,0.0,0.0,51.69480824866946,0.0,0.0,0.0,0.0
263,5,37.0,0.00011568,38.38174273858922,1.274875684647303,0.0,5.0,0.0,0.0,0.0,0.0,37.0,0.0,0.0,0.0,0.0
263,6,44.29480824866946,0.02383008,45.94897121231272,2.61587860703466,0.0,7.0,0.0,0.0,0.0,0.0,44.29480824866946,0.0,0.0,0.0,0.0
263,7,51.694808248669474,0.0335472,53.625319760030585,3.573977411110709,0.0,7.0,0.0,0.0,0.0,0.0,51.694808248669474,0.0,0.0,0.0,0.0
263,8,28.899723319445357,0.03447264,29.978966099009707,2.025757883780587,0.0,5.0,0.0,0.0,0.0,0.0,28.899723319445357,0.0,0.0,0.0,0.0
263,9,0.0,0.02591232,0.0,0.0,0.0,0.0,0.0,0.0,0.0,0.0,0.0,0.0,0.0,0.0,0.0
263,10,0.0,0.00624672,0.0,0.0,0.0,0.0,0.0,0.0,0.0,0.0,0.0,0.0,0.0,0.0,0.0
263,11,0.0,0.0,0.0,0.0,0.0,0.0,0.0,0.0,0.0,0.0,0.0,0.0,0.0,0.0,0.0
263,12,0.0,-0.00011568,0.0,0.0,0.0,0.0,0.0,0.0,0.0,0.0,0.0,0.0,0.0,0.0,0.0
263,13,0.0,0.0,0.0,0.0,0.0,0.0,0.0,0.0,0.0,0.0,0.0,0.0,0.0,0.0,0.0
263,14,0.0,0.00428016,0.0,0.0,0.0,0.0,0.0,0.0,0.0,0.0,0.0,0.0,0.0,0.0,0.0
263,15,0.0,0.03343152,0.0,0.0,0.0,0.0,0.0,0.0,0.0,0.0,0.0,0.0,0.0,0.0,0.0
263,16,0.0,0.10318656,0.0,0.0,0.0,0.0,0.0,0.0,0.0,0.0,0.0,0.0,0.0,0.0,0.0
263,17,0.0,0.11533296,0.0,0.0,0.0,0.0,0.0,0.0,0.0,0.0,0.0,0.0,0.0,0.0,0.0
263,18,0.0,0.1220424,0.0,0.0,0.0,0.0,0.0,0.0,0.0,0.0,0.0,0.0,0.0,0.0,0.0
263,19,22.200000000000003,0.10619424,23.02904564315353,3.2078134107883822,0.0,3.0,0.0,0.0,0.0,0.0,22.200000000000003,0.0,0.0,0.0,0.0
263,20,14.4147148817428,0.06755712,14.953023736247719,1.505128304582335,0.0,3.0,0.0,0.0,0.0,0.0,14.4147148817428,0.0,0.0,0.0,0.0
263,21,22.200000000000003,0.03100224,23.02904564315353,1.476213410788382,0.0,3.0,0.0,0.0,0.0,0.0,22.200000000000003,0.0,0.0,0.0,0.0
263,22,32.9336955139813,0.0150383999999999,34.16358455807189,1.6445802988902845,0.0,6.0,0.0,0.0,0.0,0.0,32.9336955139813,0.0,0.0,0.0,0.0
263,23,51.69480824866946,0.0068251199999999,53.625319760030564,2.140997326457586,0.0,7.0,0.0,0.0,0.0,0.0,51.69480824866946,0.0,0.0,0.0,0.0
264,0,14.8,0.00127248,15.352697095435687,0.5277102738589212,0.0,2.0,0.0,0.0,0.0,0.0,14.8,0.0,0.0,0.0,0.0
264,1,41.620926031824965,0.0,43.175234472847485,1.4291002610512518,0.0,6.0,0.0,0.0,0.0,0.0,41.620926031824965,0.0,0.0,0.0,0.0
264,2,42.41937655964352,-0.00011568,44.00350265523186,1.4514256127010174,0.0,7.0,0.0,0.0,0.0,0.0,42.41937655964352,0.0,0.0,0.0,0.0
264,3,37.0,0.00011568,38.38174273858922,1.274875684647303,0.0,5.0,0.0,0.0,0.0,0.0,37.0,0.0,0.0,0.0,0.0
264,4,37.0,0.0068251199999999,38.38174273858922,1.532395684647299,0.0,5.0,0.0,0.0,0.0,0.0,37.0,0.0,0.0,0.0,0.0
264,5,51.69480824866946,0.02151648,53.625319760030564,2.928826204167313,0.0,7.0,0.0,0.0,0.0,0.0,51.69480824866946,0.0,0.0,0.0,0.0
264,6,33.48547797946017,0.04615632,34.73597300773877,2.753045392212706,0.0,6.0,0.0,0.0,0.0,0.0,33.48547797946017,0.0,0.0,0.0,0.0
264,7,36.894808248669456,0.0572616,38.27262266459488,3.458375420169056,0.0,7.0,0.0,0.0,0.0,0.0,36.894808248669456,0.0,0.0,0.0,0.0
264,8,7.4,0.03667056,7.6763485477178435,0.5355831369294606,0.0,2.0,0.0,0.0,0.0,0.0,7.4,0.0,0.0,0.0,0.0
264,9,7.4,0.026028,7.6763485477178435,0.45388713692946064,0.0,1.0,0.0,0.0,0.0,0.0,7.4,0.0,0.0,0.0,0.0
264,10,0.0,0.02116944,0.0,0.0,0.0,0.0,0.0,0.0,0.0,0.0,0.0,0.0,0.0,0.0,0.0
264,11,0.0,0.0202439999999999,0.0,0.0,0.0,0.0,0.0,0.0,0.0,0.0,0.0,0.0,0.0,0.0,0.0
264,12,0.0,0.0163108799999999,0.0,0.0,0.0,0.0,0.0,0.0,0.0,0.0,0.0,0.0,0.0,0.0,0.0
264,13,0.0,0.01526976,0.0,0.0,0.0,0.0,0.0,0.0,0.0,0.0,0.0,0.0,0.0,0.0,0.0
264,14,0.0,0.01827744,0.0,0.0,0.0,0.0,0.0,0.0,0.0,0.0,0.0,0.0,0.0,0.0,0.0
264,15,0.0,0.0214008,0.0,0.0,0.0,0.0,0.0,0.0,0.0,0.0,0.0,0.0,0.0,0.0,0.0
264,16,0.0,0.02406144,0.0,0.0,0.0,0.0,0.0,0.0,0.0,0.0,0.0,0.0,0.0,0.0,0.0
264,17,0.0,0.02406144,0.0,0.0,0.0,0.0,0.0,0.0,0.0,0.0,0.0,0.0,0.0,0.0,0.0
264,18,0.0,0.0219791999999999,0.0,0.0,0.0,0.0,0.0,0.0,0.0,0.0,0.0,0.0,0.0,0.0,0.0
264,19,22.200000000000003,0.01654224,23.02904564315353,1.1432134107883818,0.0,3.0,0.0,0.0,0.0,0.0,22.200000000000003,0.0,0.0,0.0,0.0
264,20,15.6487701730746,0.00601536,16.233164079952907,0.6349660569264266,0.0,3.0,0.0,0.0,0.0,0.0,15.6487701730746,0.0,0.0,0.0,0.0
264,21,15.19638071656934,-0.00011568,15.763880411378985,0.519960875930656,0.0,3.0,0.0,0.0,0.0,0.0,15.19638071656934,0.0,0.0,0.0,0.0
264,22,44.4,-0.0070564799999999,46.05809128630706,1.1995148215767681,0.0,6.0,0.0,0.0,0.0,0.0,44.4,0.0,0.0,0.0,0.0
264,23,37.0,-0.01816176,38.38174273858922,0.5733556846473029,0.0,5.0,0.0,0.0,0.0,0.0,37.0,0.0,0.0,0.0,0.0
265,0,51.69480824866946,-0.0190872,53.625319760030564,0.7514408807333564,0.0,7.0,0.0,0.0,0.0,0.0,51.69480824866946,0.0,0.0,0.0,0.0
265,1,36.75108543368801,-0.01700496,38.12353260756019,0.6135997822599855,0.0,6.0,0.0,0.0,0.0,0.0,36.75108543368801,0.0,0.0,0.0,0.0
265,2,51.69480824866945,-0.01353456,53.625319760030564,1.0492029762456923,0.0,7.0,0.0,0.0,0.0,0.0,51.69480824866945,0.0,0.0,0.0,0.0
265,3,29.452937829120785,-0.00856032,30.55284007170206,0.7497569184507455,0.0,4.0,0.0,0.0,0.0,0.0,29.452937829120785,0.0,0.0,0.0,0.0
265,4,51.69480824866945,-0.00011568,53.625319760030564,1.7687947070671712,0.0,7.0,0.0,0.0,0.0,0.0,51.69480824866945,0.0,0.0,0.0,0.0
265,5,39.876857708319925,0.0109895999999999,41.36603496713686,1.8238119352870727,0.0,6.0,0.0,0.0,0.0,0.0,39.876857708319925,0.0,0.0,0.0,0.0
265,6,37.791380633238745,0.02359872,39.20267700543439,2.222741606781563,0.0,6.0,0.0,0.0,0.0,0.0,37.791380633238745,0.0,0.0,0.0,0.0
265,7,29.6,0.03516672,30.705394190871374,2.0961565477178428,0.0,5.0,0.0,0.0,0.0,0.0,29.6,0.0,0.0,0.0,0.0
265,8,7.4,0.04546224,7.6763485477178435,0.6030711369294607,0.0,1.0,0.0,0.0,0.0,0.0,7.4,0.0,0.0,0.0,0.0
265,9,0.0,0.0406036799999999,0.0,0.0,0.0,0.0,0.0,0.0,0.0,0.0,0.0,0.0,0.0,0.0,0.0
265,10,0.0,0.02625936,0.0,0.0,0.0,0.0,0.0,0.0,0.0,0.0,0.0,0.0,0.0,0.0,0.0
265,11,0.0,0.02533392,0.0,0.0,0.0,0.0,0.0,0.0,0.0,0.0,0.0,0.0,0.0,0.0,0.0
265,12,0.0,0.0208223999999999,0.0,0.0,0.0,0.0,0.0,0.0,0.0,0.0,0.0,0.0,0.0,0.0,0.0
265,13,0.0,0.0198969599999999,0.0,0.0,0.0,0.0,0.0,0.0,0.0,0.0,0.0,0.0,0.0,0.0,0.0
265,14,0.0,0.01700496,0.0,0.0,0.0,0.0,0.0,0.0,0.0,0.0,0.0,0.0,0.0,0.0,0.0
265,15,0.0,0.01492272,0.0,0.0,0.0,0.0,0.0,0.0,0.0,0.0,0.0,0.0,0.0,0.0,0.0
265,16,0.0,0.01203072,0.0,0.0,0.0,0.0,0.0,0.0,0.0,0.0,0.0,0.0,0.0,0.0,0.0
265,17,0.0,0.0121464,0.0,0.0,0.0,0.0,0.0,0.0,0.0,0.0,0.0,0.0,0.0,0.0,0.0
265,18,0.0,0.011568,0.0,0.0,0.0,0.0,0.0,0.0,0.0,0.0,0.0,0.0,0.0,0.0,0.0
265,19,0.0,0.0067094399999999,0.0,0.0,0.0,0.0,0.0,0.0,0.0,0.0,0.0,0.0,0.0,0.0,0.0
265,20,14.8,0.0006940799999999,15.352697095435687,0.5188302738589197,0.0,2.0,0.0,0.0,0.0,0.0,14.8,0.0,0.0,0.0,0.0
265,21,44.294808248669455,0.0,45.94897121231272,1.520910947127551,0.0,7.0,0.0,0.0,0.0,0.0,44.294808248669455,0.0,0.0,0.0,0.0
265,22,41.96851413912002,-0.00254496,43.53580304887969,1.330238203590641,0.0,7.0,0.0,0.0,0.0,0.0,41.96851413912002,0.0,0.0,0.0,0.0
265,23,46.96301329954373,-0.00011568,48.71681877546031,1.6068911398717909,0.0,7.0,0.0,0.0,0.0,0.0,46.96301329954373,0.0,0.0,0.0,0.0
266,0,45.14785288153809,-0.00011568,46.833872283753216,1.5447834302464467,0.0,7.0,0.0,0.0,0.0,0.0,45.14785288153809,0.0,0.0,0.0,0.0
266,1,44.4,-0.00011568,46.05809128630706,1.5191948215767637,0.0,6.0,0.0,0.0,0.0,0.0,44.4,0.0,0.0,0.0,0.0
266,2,46.89200750921008,0.0,48.64316131660797,1.6100886395797238,0.0,7.0,0.0,0.0,0.0,0.0,46.89200750921008,0.0,0.0,0.0,0.0
266,3,44.57147765065333,0.00011568,46.23597266665284,1.5357592725842875,0.0,7.0,0.0,0.0,0.0,0.0,44.57147765065333,0.0,0.0,0.0,0.0
266,4,48.60167336531328,0.00323904,50.416673615470216,1.8320935191795167,0.0,7.0,0.0,0.0,0.0,0.0,48.60167336531328,0.0,0.0,0.0,0.0
266,5,50.01452031915163,0.0026606399999999,51.88228248874651,1.8553436264583625,0.0,7.0,0.0,0.0,0.0,0.0,50.01452031915163,0.0,0.0,0.0,0.0
266,6,44.294808248669455,0.011568,45.94897121231272,2.0524486461115847,0.0,7.0,0.0,0.0,0.0,0.0,44.294808248669455,0.0,0.0,0.0,0.0
266,7,37.0,0.02614368,38.38174273858922,2.2738756846473027,0.0,5.0,0.0,0.0,0.0,0.0,37.0,0.0,0.0,0.0,0.0
266,8,34.92365145228216,0.03562944,36.227854203612196,2.489920131815913,0.0,5.0,0.0,0.0,0.0,0.0,34.92365145228216,0.0,0.0,0.0,0.0
266,9,14.852230841504475,0.04338,15.40687846629095,1.1741742738589211,0.4822142006118454,2.0,0.0,0.0,0.0,1.0,14.8,0.0,0.0,0.0,0.05223084150447403
266,10,1.4214898883124523,0.0439583999999999,1.4745745729382287,0.0,13.123713699150235,0.0,0.0,0.0,0.0,1.0,0.0,0.0,0.0,0.0,1.4214898883124523
266,11,0.0,0.0399095999999999,0.0,0.0,0.0,0.0,0.0,0.0,0.0,0.0,0.0,0.0,0.0,0.0,0.0
266,12,0.0,0.03852144,0.0,0.0,0.0,0.0,0.0,0.0,0.0,0.0,0.0,0.0,0.0,0.0,0.0
266,13,6.624086971385124,0.0422231999999999,6.871459513884983,0.0,61.15598967357635,0.0,0.0,0.0,0.0,1.0,0.0,0.0,0.0,0.0,6.624086971385124
266,14,0.0,0.05309712,0.0,0.0,0.0,0.0,0.0,0.0,0.0,0.0,0.0,0.0,0.0,0.0,0.0
266,15,0.0,0.0577243199999999,0.0,0.0,0.0,0.0,0.0,0.0,0.0,0.0,0.0,0.0,0.0,0.0,0.0
266,16,0.0,0.06894528,0.0,0.0,0.0,0.0,0.0,0.0,0.0,0.0,0.0,0.0,0.0,0.0,0.0
266,17,0.0,0.0798191999999999,0.0,0.0,0.0,0.0,0.0,0.0,0.0,0.0,0.0,0.0,0.0,0.0,0.0
266,18,0.0,0.07091184,0.0,0.0,0.0,0.0,0.0,0.0,0.0,0.0,0.0,0.0,0.0,0.0,0.0
266,19,29.6,0.0574929599999999,30.705394190871374,2.781692547717839,0.0,4.0,0.0,0.0,0.0,0.0,29.6,0.0,0.0,0.0,0.0
266,20,51.69480824866946,0.05691456,53.625319760030564,4.827059563058457,0.0,7.0,0.0,0.0,0.0,0.0,51.69480824866946,0.0,0.0,0.0,0.0
266,21,47.09906247416867,0.04384272,48.857948624656295,3.7592634608013142,0.0,7.0,0.0,0.0,0.0,0.0,47.09906247416867,0.0,0.0,0.0,0.0
266,22,47.07558141186672,0.03111792,48.8335906762103,3.1359916193576187,0.0,7.0,0.0,0.0,0.0,0.0,47.07558141186672,0.0,0.0,0.0,0.0
266,23,49.179154748489076,0.0234830399999999,51.0157206934534,2.886624564626496,0.0,7.0,0.0,0.0,0.0,0.0,49.179154748489076,0.0,0.0,0.0,0.0
267,0,47.76981940452784,0.0196656,49.55375456901228,2.614733592086674,0.0,7.0,0.0,0.0,0.0,0.0,47.76981940452784,0.0,0.0,0.0,0.0
267,1,51.69480824866945,0.01573248,53.625319760030564,2.618657354675297,0.0,7.0,0.0,0.0,0.0,0.0,51.69480824866945,0.0,0.0,0.0,0.0
267,2,46.383302484936024,0.01203072,48.11545900926975,2.1714853082188297,0.0,8.0,0.0,0.0,0.0,0.0,46.383302484936024,0.0,0.0,0.0,0.0
267,3,38.84561060418713,0.0108739199999999,40.2962765603601,1.7719852417631459,0.0,7.0,0.0,0.0,0.0,0.0,38.84561060418713,0.0,0.0,0.0,0.0
267,4,51.69480824866946,0.0136502399999999,53.625319760030564,2.5069965688581664,0.0,7.0,0.0,0.0,0.0,0.0,51.69480824866946,0.0,0.0,0.0,0.0
267,5,46.8749031945901,0.01284048,48.62541825164949,2.2338750546815382,0.0,7.0,0.0,0.0,0.0,0.0,46.8749031945901,0.0,0.0,0.0,0.0
267,6,49.88146890606543,0.02105376,51.74426235069029,2.802146364716317,0.0,7.0,0.0,0.0,0.0,0.0,49.88146890606543,0.0,0.0,0.0,0.0
267,7,43.66682547754968,0.03053952,45.297536802437435,2.8827134992894536,0.0,7.0,0.0,0.0,0.0,0.0,43.66682547754968,0.0,0.0,0.0,0.0
267,8,28.44019545692433,0.031812,29.50227744494225,1.9150518335060913,0.0,4.0,0.0,0.0,0.0,0.0,28.44019545692433,0.0,0.0,0.0,0.0
267,9,20.945576510436965,0.01226208,21.72777646310889,0.3482151369294606,125.0577084469803,1.0,0.0,0.0,0.0,2.0,7.4,0.0,0.0,0.0,13.545576510436966
267,10,0.0,0.0098328,0.0,0.0,0.0,0.0,0.0,0.0,0.0,0.0,0.0,0.0,0.0,0.0,0.0
267,11,0.0,-0.0003470399999999,0.0,0.0,0.0,0.0,0.0,0.0,0.0,0.0,0.0,0.0,0.0,0.0,0.0
267,12,0.0,-0.03030816,0.0,0.0,0.0,0.0,0.0,0.0,0.0,0.0,0.0,0.0,0.0,0.0,0.0
267,13,0.253913412400063,-0.02290464,0.26339565601666287,0.0,2.3442213385482997,0.0,0.0,0.0,0.0,1.0,0.0,0.0,0.0,0.0,0.253913412400063
267,14,0.0,-0.0003470399999999,0.0,0.0,0.0,0.0,0.0,0.0,0.0,0.0,0.0,0.0,0.0,0.0,0.0
267,15,0.0,0.05194032,0.0,0.0,0.0,0.0,0.0,0.0,0.0,0.0,0.0,0.0,0.0,0.0,0.0
267,16,0.0,0.0879167999999999,0.0,0.0,0.0,0.0,0.0,0.0,0.0,0.0,0.0,0.0,0.0,0.0,0.0
267,17,0.0,0.095436,0.0,0.0,0.0,0.0,0.0,0.0,0.0,0.0,0.0,0.0,0.0,0.0,0.0
267,18,1.7290697044116032,0.09115584,1.7936407722112069,0.0,15.963402872679742,0.0,0.0,0.0,0.0,1.0,0.0,0.0,0.0,0.0,1.7290697044116032
267,19,0.0,0.06408672,0.0,0.0,0.0,0.0,0.0,0.0,0.0,0.0,0.0,0.0,0.0,0.0,0.0
267,20,13.313490506517262,0.05344416,13.810674799291766,1.1952332495378744,0.0,3.0,0.0,0.0,0.0,0.0,13.313490506517262,0.0,0.0,0.0,0.0
267,21,36.594773301014705,0.03204336,37.96138309233892,2.472932044882147,0.0,6.0,0.0,0.0,0.0,0.0,36.594773301014705,0.0,0.0,0.0,0.0
267,22,50.4610449645216,0.01700496,52.345482328341916,2.622768298242278,0.0,7.0,0.0,0.0,0.0,0.0,50.4610449645216,0.0,0.0,0.0,0.0
267,23,49.58066995183078,0.00277632,51.432230240488366,1.8451991504214376,0.0,7.0,0.0,0.0,0.0,0.0,49.58066995183078,0.0,0.0,0.0,0.0
268,0,48.75659611382662,-0.00011568,50.577381860816004,1.6682605480593504,0.0,7.0,0.0,0.0,0.0,0.0,48.75659611382662,0.0,0.0,0.0,0.0
268,1,51.69480824866946,-0.00960144,53.625319760030564,1.2601177939002637,0.0,7.0,0.0,0.0,0.0,0.0,51.69480824866946,0.0,0.0,0.0,0.0
268,2,42.646950209559364,-0.01712064,44.23957490618192,0.706920093672847,0.0,6.0,0.0,0.0,0.0,0.0,42.646950209559364,0.0,0.0,0.0,0.0
268,3,50.10310700385618,-0.01931856,51.974177389892304,0.7162790072481574,0.0,7.0,0.0,0.0,0.0,0.0,50.10310700385618,0.0,0.0,0.0,0.0
268,4,51.694808248669474,-0.0071721599999999,53.625319760030585,1.3903887106869166,0.0,7.0,0.0,0.0,0.0,0.0,51.694808248669474,0.0,0.0,0.0,0.0
268,5,40.69630853403135,0.00011568,42.2160876909039,1.4022360595930026,0.0,7.0,0.0,0.0,0.0,0.0,40.69630853403135,0.0,0.0,0.0,0.0
268,6,44.33788435342841,0.0121464,45.99365596828674,2.0810473554034887,0.0,7.0,0.0,0.0,0.0,0.0,44.337884353428414,0.0,0.0,0.0,0.0
268,7,51.69480824866946,0.02174784,53.625319760030564,2.941232958146995,0.0,7.0,0.0,0.0,0.0,0.0,51.69480824866946,0.0,0.0,0.0,0.0
268,8,7.4,0.023136,7.6763485477178435,0.4316871369294606,0.0,2.0,0.0,0.0,0.0,0.0,7.4,0.0,0.0,0.0,0.0
268,9,0.0,0.01954992,0.0,0.0,0.0,0.0,0.0,0.0,0.0,0.0,0.0,0.0,0.0,0.0,0.0
268,10,0.0,0.0109895999999999,0.0,0.0,0.0,0.0,0.0,0.0,0.0,0.0,0.0,0.0,0.0,0.0,0.0
268,11,0.7755799945912089,0.00127248,0.8045435628539511,0.0,7.160437709400165,0.0,0.0,0.0,0.0,1.0,0.0,0.0,0.0,0.0,0.7755799945912089
268,12,0.0,0.00011568,0.0,0.0,0.0,0.0,0.0,0.0,0.0,0.0,0.0,0.0,0.0,0.0,0.0
268,13,0.0,0.00011568,0.0,0.0,0.0,0.0,0.0,0.0,0.0,0.0,0.0,0.0,0.0,0.0,0.0
268,14,0.0,0.0,0.0,0.0,0.0,0.0,0.0,0.0,0.0,0.0,0.0,0.0,0.0,0.0,0.0
268,15,0.0,0.0,0.0,0.0,0.0,0.0,0.0,0.0,0.0,0.0,0.0,0.0,0.0,0.0,0.0
268,16,0.0,0.0,0.0,0.0,0.0,0.0,0.0,0.0,0.0,0.0,0.0,0.0,0.0,0.0,0.0
268,17,0.0,0.00011568,0.0,0.0,0.0,0.0,0.0,0.0,0.0,0.0,0.0,0.0,0.0,0.0,0.0
268,18,0.0,0.00011568,0.0,0.0,0.0,0.0,0.0,0.0,0.0,0.0,0.0,0.0,0.0,0.0,0.0
268,19,1.8911998098660556,-0.00023136,1.9618255289066968,0.0644825370524438,0.0,1.0,0.0,0.0,0.0,0.0,1.8911998098660558,0.0,0.0,0.0,0.0
268,20,29.6,-0.00879168,30.705394190871374,0.7463965477178424,0.0,4.0,0.0,0.0,0.0,0.0,29.6,0.0,0.0,0.0,0.0
268,21,29.6,-0.01931856,30.705394190871374,0.42316454771784234,0.0,4.0,0.0,0.0,0.0,0.0,29.6,0.0,0.0,0.0,0.0
268,22,22.200000000000003,-0.02892,23.02904564315353,0.09626141078838168,0.0,3.0,0.0,0.0,0.0,0.0,22.200000000000003,0.0,0.0,0.0,0.0
268,23,42.715276177046576,-0.0439583999999999,44.31045246581595,-0.48114061705481154,0.0,7.0,0.0,0.0,0.0,0.0,42.715276177046576,0.0,0.0,0.0,0.0
269,0,35.92625679287302,-0.04661904,37.267901237420155,-0.5038262475447326,0.0,7.0,0.0,0.0,0.0,0.0,35.92625679287302,0.0,0.0,0.0,0.0
269,1,36.894808248669456,-0.0432643199999999,38.27262266459488,-0.38901518400219126,0.0,7.0,0.0,0.0,0.0,0.0,36.894808248669456,0.0,0.0,0.0,0.0
269,2,38.97972278279149,-0.03956256,40.43539707758455,-0.2613161797377147,0.0,7.0,0.0,0.0,0.0,0.0,38.97972278279149,0.0,0.0,0.0,0.0
269,3,48.60496776099458,-0.02845728,50.420091038376135,0.23408636506568942,0.0,7.0,0.0,0.0,0.0,0.0,48.60496776099458,0.0,0.0,0.0,0.0
269,4,44.33823116651126,-0.00728784,45.9940157328955,1.1872048931400159,0.0,7.0,0.0,0.0,0.0,0.0,44.33823116651126,0.0,0.0,0.0,0.0
269,5,47.8300874376188,0.008676,49.616273275538184,2.072769432358883,0.0,7.0,0.0,0.0,0.0,0.0,47.8300874376188,0.0,0.0,0.0,0.0
269,6,51.69480824866946,0.02475552,53.625319760030564,3.102520759882843,0.0,7.0,0.0,0.0,0.0,0.0,51.69480824866946,0.0,0.0,0.0,0.0
269,7,44.4,0.03944688,46.05809128630706,3.3413708215767635,0.0,6.0,0.0,0.0,0.0,0.0,44.4,0.0,0.0,0.0,0.0
269,8,14.8,0.0532128,15.352697095435687,1.3251342738589214,0.0,2.0,0.0,0.0,0.0,0.0,14.8,0.0,0.0,0.0,0.0
269,9,0.0,0.0566831999999999,0.0,0.0,0.0,0.0,0.0,0.0,0.0,0.0,0.0,0.0,0.0,0.0,0.0
269,10,0.0,0.05853408,0.0,0.0,0.0,0.0,0.0,0.0,0.0,0.0,0.0,0.0,0.0,0.0,0.0
269,11,0.0,0.05784,0.0,0.0,0.0,0.0,0.0,0.0,0.0,0.0,0.0,0.0,0.0,0.0,0.0
269,12,0.0,0.05795568,0.0,0.0,0.0,0.0,0.0,0.0,0.0,0.0,0.0,0.0,0.0,0.0,0.0
269,13,0.0,0.06003792,0.0,0.0,0.0,0.0,0.0,0.0,0.0,0.0,0.0,0.0,0.0,0.0,0.0
269,14,1.5355782849138815,0.0666316799999999,1.592923532068342,0.0,14.177019435408244,0.0,0.0,0.0,0.0,1.0,0.0,0.0,0.0,0.0,1.5355782849138815
269,15,0.0,0.06963936,0.0,0.0,0.0,0.0,0.0,0.0,0.0,0.0,0.0,0.0,0.0,0.0,0.0
269,16,0.0,1.26068064,0.0,0.0,0.0,0.0,0.0,0.0,0.0,0.0,0.0,0.0,0.0,0.0,0.0
269,17,0.0,0.3815126399999999,0.0,0.0,0.0,0.0,0.0,0.0,0.0,0.0,0.0,0.0,0.0,0.0,0.0
269,18,0.0,0.1312968,0.0,0.0,0.0,0.0,0.0,0.0,0.0,0.0,0.0,0.0,0.0,0.0,0.0
269,19,5.676769503027239,0.05691456,5.888765044634066,0.5300745944361157,0.0,1.0,0.0,0.0,0.0,0.0,5.676769503027239,0.0,0.0,0.0,0.0
269,20,22.200000000000003,0.0190872,23.02904564315353,1.2018214107883818,0.0,3.0,0.0,0.0,0.0,0.0,22.200000000000003,0.0,0.0,0.0,0.0
269,21,37.0,0.0049742399999999,38.38174273858922,1.461355684647299,0.0,5.0,0.0,0.0,0.0,0.0,37.0,0.0,0.0,0.0,0.0
269,22,43.620360060369755,-0.00046272,45.249336162209296,1.47681525414015,0.0,6.0,0.0,0.0,0.0,0.0,43.620360060369755,0.0,0.0,0.0,0.0
269,23,43.48804678254574,0.01746768,45.11208172463251,2.2812133127850647,0.0,6.0,0.0,0.0,0.0,0.0,43.48804678254574,0.0,0.0,0.0,0.0
270,0,14.969990510152014,0.01353456,15.52903579891288,0.7241897517065505,0.0,4.0,0.0,0.0,0.0,0.0,14.969990510152014,0.0,0.0,0.0,0.0
270,1,51.69480824866945,0.01550112,53.625319760030564,2.606250600695616,0.0,7.0,0.0,0.0,0.0,0.0,51.69480824866945,0.0,0.0,0.0,0.0
270,2,40.837141958799414,0.01515408,42.36218045518612,2.0441480446589875,0.0,6.0,0.0,0.0,0.0,0.0,40.837141958799414,0.0,0.0,0.0,0.0
270,3,29.6,0.0163108799999999,30.705394190871374,1.5171805477178393,0.0,4.0,0.0,0.0,0.0,0.0,29.6,0.0,0.0,0.0,0.0
270,4,37.0,0.0254496,38.38174273858922,2.247235684647303,0.0,5.0,0.0,0.0,0.0,0.0,37.0,0.0,0.0,0.0,0.0
270,5,51.69480824866946,0.0370176,53.625319760030564,3.76007872080592,0.0,7.0,0.0,0.0,0.0,0.0,51.69480824866946,0.0,0.0,0.0,0.0
270,6,44.294808248669455,0.1115155199999999,45.94897121231272,6.644934365333629,0.0,7.0,0.0,0.0,0.0,0.0,44.294808248669455,0.0,0.0,0.0,0.0
270,7,37.0,1.44530592,38.38174273858922,56.7437956846473,0.0,5.0,0.0,0.0,0.0,0.0,37.0,0.0,0.0,0.0,0.0
270,8,22.200000000000003,0.6703656,23.02904564315353,16.200141410788383,0.0,3.0,0.0,0.0,0.0,0.0,22.200000000000003,0.0,0.0,0.0,0.0
270,9,0.0,0.0798191999999999,0.0,0.0,0.0,0.0,0.0,0.0,0.0,0.0,0.0,0.0,0.0,0.0,0.0
270,10,0.0,0.06582192,0.0,0.0,0.0,0.0,0.0,0.0,0.0,0.0,0.0,0.0,0.0,0.0,0.0
270,11,0.0,0.05471664,0.0,0.0,0.0,0.0,0.0,0.0,0.0,0.0,0.0,0.0,0.0,0.0,0.0
270,12,0.0,0.03805872,0.0,0.0,0.0,0.0,0.0,0.0,0.0,0.0,0.0,0.0,0.0,0.0,0.0
270,13,0.0,0.03400992,0.0,0.0,0.0,0.0,0.0,0.0,0.0,0.0,0.0,0.0,0.0,0.0,0.0
270,14,0.0,0.03389424,0.0,0.0,0.0,0.0,0.0,0.0,0.0,0.0,0.0,0.0,0.0,0.0,0.0
270,15,0.0,0.03782736,0.0,0.0,0.0,0.0,0.0,0.0,0.0,0.0,0.0,0.0,0.0,0.0,0.0
270,16,0.0,0.04442112,0.0,0.0,0.0,0.0,0.0,0.0,0.0,0.0,0.0,0.0,0.0,0.0,0.0
270,17,0.0,0.0567988799999999,0.0,0.0,0.0,0.0,0.0,0.0,0.0,0.0,0.0,0.0,0.0,0.0,0.0
270,18,0.0,0.0573772799999999,0.0,0.0,0.0,0.0,0.0,0.0,0.0,0.0,0.0,0.0,0.0,0.0,0.0
270,19,14.8,0.03967824,15.352697095435687,1.1173422738589212,0.0,2.0,0.0,0.0,0.0,0.0,14.8,0.0,0.0,0.0,0.0
270,20,22.200000000000003,0.0341256,23.02904564315353,1.5481414107883817,0.0,3.0,0.0,0.0,0.0,0.0,22.200000000000003,0.0,0.0,0.0,0.0
270,21,37.0,0.02637504,38.38174273858922,2.282755684647303,0.0,5.0,0.0,0.0,0.0,0.0,37.0,0.0,0.0,0.0,0.0
270,22,29.6,0.0237144,30.705394190871374,1.7445085477178426,0.0,4.0,0.0,0.0,0.0,0.0,29.6,0.0,0.0,0.0,0.0
270,23,44.4,0.02383008,46.05809128630706,2.622090821576763,0.0,6.0,0.0,0.0,0.0,0.0,44.4,0.0,0.0,0.0,0.0
271,0,44.612786675984346,0.02290464,46.278824352680864,2.591828897495125,0.0,7.0,0.0,0.0,0.0,0.0,44.61278667598435,0.0,0.0,0.0,0.0
271,1,50.189953531139224,0.0214008,52.06426714848468,2.8375442110061337,0.0,7.0,0.0,0.0,0.0,0.0,50.189953531139224,0.0,0.0,0.0,0.0
271,2,18.803905642930474,0.01931856,19.506126185612523,1.0224830458281011,0.0,3.0,0.0,0.0,0.0,0.0,18.803905642930474,0.0,0.0,0.0,0.0
271,3,29.6,0.02394576,30.705394190871374,1.7516125477178426,0.0,4.0,0.0,0.0,0.0,0.0,29.6,0.0,0.0,0.0,0.0
271,4,33.11531978781291,0.04407408,34.35199148113373,2.651083338724333,0.0,5.0,0.0,0.0,0.0,0.0,33.11531978781291,0.0,0.0,0.0,0.0
271,5,44.72254856020897,0.09242832,46.39268522843255,5.823595837013955,0.0,7.0,0.0,0.0,0.0,0.0,44.72254856020897,0.0,0.0,0.0,0.0
271,6,51.69480824866946,0.3815126399999999,53.625319760030564,22.233735396550436,0.0,7.0,0.0,0.0,0.0,0.0,51.69480824866946,0.0,0.0,0.0,0.0
271,7,44.294808248669455,0.47648592,45.94897121231272,23.414948768279896,0.0,7.0,0.0,0.0,0.0,0.0,44.294808248669455,0.0,0.0,0.0,0.0
271,8,22.200000000000003,0.387528,23.02904564315353,9.686661410788382,0.0,3.0,0.0,0.0,0.0,0.0,22.200000000000003,0.0,0.0,0.0,0.0
271,9,0.0,0.36520176,0.0,0.0,0.0,0.0,0.0,0.0,0.0,0.0,0.0,0.0,0.0,0.0,0.0
271,10,0.0,0.13835328,0.0,0.0,0.0,0.0,0.0,0.0,0.0,0.0,0.0,0.0,0.0,0.0,0.0
271,11,0.0,0.10954896,0.0,0.0,0.0,0.0,0.0,0.0,0.0,0.0,0.0,0.0,0.0,0.0,0.0
271,12,0.0,0.09161856,0.0,0.0,0.0,0.0,0.0,0.0,0.0,0.0,0.0,0.0,0.0,0.0,0.0
271,13,0.0,0.07299408,0.0,0.0,0.0,0.0,0.0,0.0,0.0,0.0,0.0,0.0,0.0,0.0,0.0
271,14,0.0,0.06744144,0.0,0.0,0.0,0.0,0.0,0.0,0.0,0.0,0.0,0.0,0.0,0.0,0.0
271,15,0.0,0.0740352,0.0,0.0,0.0,0.0,0.0,0.0,0.0,0.0,0.0,0.0,0.0,0.0,0.0
271,16,0.0,0.34704,0.0,0.0,0.0,0.0,0.0,0.0,0.0,0.0,0.0,0.0,0.0,0.0,0.0
271,17,0.0,0.34715568,0.0,0.0,0.0,0.0,0.0,0.0,0.0,0.0,0.0,0.0,0.0,0.0,0.0
271,18,0.0,0.0497424,0.0,0.0,0.0,0.0,0.0,0.0,0.0,0.0,0.0,0.0,0.0,0.0,0.0
271,19,7.4,0.03169632,7.6763485477178435,0.4973991369294606,0.0,1.0,0.0,0.0,0.0,0.0,7.4,0.0,0.0,0.0,0.0
271,20,7.014920763970045,0.01943424,7.276888759305026,0.38228582053463245,0.0,1.0,0.0,0.0,0.0,0.0,7.014920763970045,0.0,0.0,0.0,0.0
271,21,51.69480824866945,0.0006940799999999,53.625319760030564,1.8122183459960488,0.0,7.0,0.0,0.0,0.0,0.0,51.69480824866945,0.0,0.0,0.0,0.0
271,22,14.8,-0.0075191999999999,15.352697095435687,0.39273427385892273,0.0,2.0,0.0,0.0,0.0,0.0,14.8,0.0,0.0,0.0,0.0
271,23,22.200000000000003,-0.0069408,23.02904564315353,0.6024214107883817,0.0,3.0,0.0,0.0,0.0,0.0,22.200000000000003,0.0,0.0,0.0,0.0
272,0,37.0,-0.0069408,38.38174273858922,1.0040356846473029,0.0,5.0,0.0,0.0,0.0,0.0,37.0,0.0,0.0,0.0,0.0
272,1,34.82613887557608,-0.00659376,36.12670007839843,0.9575829826860474,0.0,5.0,0.0,0.0,0.0,0.0,34.82613887557608,0.0,0.0,0.0,0.0
272,2,36.98281223976947,-0.0041644799999999,38.36391311179407,1.1100797751245832,0.0,6.0,0.0,0.0,0.0,0.0,36.98281223976947,0.0,0.0,0.0,0.0
272,3,44.4,0.0,46.05809128630706,1.5245228215767637,0.0,6.0,0.0,0.0,0.0,0.0,44.4,0.0,0.0,0.0,0.0
272,4,51.69480824866945,0.0190872,53.625319760030564,2.798555287380667,0.0,7.0,0.0,0.0,0.0,0.0,51.69480824866945,0.0,0.0,0.0,0.0
272,5,51.69480824866945,0.0402566399999999,53.625319760030564,3.933773276521443,0.0,7.0,0.0,0.0,0.0,0.0,51.69480824866945,0.0,0.0,0.0,0.0
272,6,51.69480824866946,0.05969088,53.625319760030564,4.975940610814625,0.0,7.0,0.0,0.0,0.0,0.0,51.69480824866946,0.0,0.0,0.0,0.0
272,7,51.69480824866946,0.07658016,53.625319760030564,5.881633651331313,0.0,7.0,0.0,0.0,0.0,0.0,51.69480824866946,0.0,0.0,0.0,0.0
272,8,13.170466503805471,0.0812073599999999,13.66230965125049,1.5617025477369628,0.0,2.0,0.0,0.0,0.0,0.0,13.170466503805471,0.0,0.0,0.0,0.0
272,9,7.4,0.0803976,7.6763485477178435,0.8712471369294608,0.0,1.0,0.0,0.0,0.0,0.0,7.4,0.0,0.0,0.0,0.0
272,10,0.0,0.07912512,0.0,0.0,0.0,0.0,0.0,0.0,0.0,0.0,0.0,0.0,0.0,0.0,0.0
272,11,0.0,0.0723,0.0,0.0,0.0,0.0,0.0,0.0,0.0,0.0,0.0,0.0,0.0,0.0,0.0
272,12,0.0,0.07218432,0.0,0.0,0.0,0.0,0.0,0.0,0.0,0.0,0.0,0.0,0.0,0.0,0.0
272,13,0.0,0.06744144,0.0,0.0,0.0,0.0,0.0,0.0,0.0,0.0,0.0,0.0,0.0,0.0,0.0
272,14,0.0,0.06744144,0.0,0.0,0.0,0.0,0.0,0.0,0.0,0.0,0.0,0.0,0.0,0.0,0.0
272,15,0.0,0.0683668799999999,0.0,0.0,0.0,0.0,0.0,0.0,0.0,0.0,0.0,0.0,0.0,0.0,0.0
272,16,0.0,0.0699863999999999,0.0,0.0,0.0,0.0,0.0,0.0,0.0,0.0,0.0,0.0,0.0,0.0,0.0
272,17,0.0,0.0611947199999999,0.0,0.0,0.0,0.0,0.0,0.0,0.0,0.0,0.0,0.0,0.0,0.0,0.0
272,18,0.0,0.0577243199999999,0.0,0.0,0.0,0.0,0.0,0.0,0.0,0.0,0.0,0.0,0.0,0.0,0.0
272,19,16.08789421174859,0.04210752,16.68868694164792,1.2551147569377248,0.0,3.0,0.0,0.0,0.0,0.0,16.087894211748594,0.0,0.0,0.0,0.0
272,20,24.608178316680352,0.0304238399999999,25.527155930166344,1.6215829689629355,0.0,4.0,0.0,0.0,0.0,0.0,24.608178316680352,0.0,0.0,0.0,0.0
272,21,44.4,0.01978128,46.05809128630706,2.4356108215767636,0.0,6.0,0.0,0.0,0.0,0.0,44.4,0.0,0.0,0.0,0.0
272,22,49.828843203612706,0.00185088,51.68967137304222,1.8065995013986342,0.0,7.0,0.0,0.0,0.0,0.0,49.828843203612706,0.0,0.0,0.0,0.0
272,23,44.46052825834948,-0.00023136,46.120879936047174,1.5159305991011576,0.0,7.0,0.0,0.0,0.0,0.0,44.46052825834948,0.0,0.0,0.0,0.0
273,0,47.19718825188326,-0.00046272,48.95973885050131,1.5979127055906894,0.0,7.0,0.0,0.0,0.0,0.0,47.19718825188326,0.0,0.0,0.0,0.0
273,1,48.924141721122666,-0.00080976,50.751184358011066,1.6387679232044234,0.0,7.0,0.0,0.0,0.0,0.0,48.924141721122666,0.0,0.0,0.0,0.0
273,2,50.63940174183145,-0.00023136,52.530499732190314,1.7266060847174598,0.0,7.0,0.0,0.0,0.0,0.0,50.63940174183145,0.0,0.0,0.0,0.0
273,3,50.103107003856174,0.0,51.974177389892304,1.7203452716054353,0.0,7.0,0.0,0.0,0.0,0.0,50.103107003856174,0.0,0.0,0.0,0.0
273,4,48.75193668986147,0.00011568,50.57254843346627,1.6798015855505168,0.0,7.0,0.0,0.0,0.0,0.0,48.75193668986147,0.0,0.0,0.0,0.0
273,5,35.51349050651726,0.00080976,36.8397204424453,1.2492260786704137,0.0,5.0,0.0,0.0,0.0,0.0,35.51349050651726,0.0,0.0,0.0,0.0
273,6,51.00071504890722,0.0143443199999999,52.905306067331146,2.510056270756395,0.0,7.0,0.0,0.0,0.0,0.0,51.00071504890722,0.0,0.0,0.0,0.0
273,7,45.14731651262739,0.02290464,46.83331588446825,2.622882996115926,0.0,7.0,0.0,0.0,0.0,0.0,45.14731651262739,0.0,0.0,0.0,0.0
273,8,12.818006652700996,0.02475552,13.296687399067425,0.7692867637504932,0.0,2.0,0.0,0.0,0.0,0.0,12.818006652700996,0.0,0.0,0.0,0.0
273,9,0.0,0.017352,0.0,0.0,0.0,0.0,0.0,0.0,0.0,0.0,0.0,0.0,0.0,0.0,0.0
273,10,0.0,0.00046272,0.0,0.0,0.0,0.0,0.0,0.0,0.0,0.0,0.0,0.0,0.0,0.0,0.0
273,11,3.2491898963839763,-0.00196656,3.370528938157652,0.0,29.997707549603106,0.0,0.0,0.0,0.0,1.0,0.0,0.0,0.0,0.0,3.2491898963839763
273,12,0.0,-0.0127248,0.0,0.0,0.0,0.0,0.0,0.0,0.0,0.0,0.0,0.0,0.0,0.0,0.0
273,13,4.702875730106182,-0.02001264,4.878501794715957,0.0,43.41866597297202,0.0,0.0,0.0,0.0,1.0,0.0,0.0,0.0,0.0,4.702875730106182
273,14,3.189159012099061,-0.01550112,3.3082562366172836,0.0,29.443480505893824,0.0,0.0,0.0,0.0,2.0,0.0,0.0,0.0,0.0,3.189159012099061
273,15,0.0,-0.01226208,0.0,0.0,0.0,0.0,0.0,0.0,0.0,0.0,0.0,0.0,0.0,0.0,0.0
273,16,0.0,-0.0092544,0.0,0.0,0.0,0.0,0.0,0.0,0.0,0.0,0.0,0.0,0.0,0.0,0.0
273,17,7.232811168359316,-0.0049742399999999,7.5029161497503285,0.0,66.77595373277792,0.0,0.0,0.0,0.0,2.0,0.0,0.0,0.0,0.0,7.232811168359316
273,18,1.3930440171776028,-0.00451152,1.445066407860584,0.0,12.861091029959198,0.0,0.0,0.0,0.0,1.0,0.0,0.0,0.0,0.0,1.3930440171776028
273,19,14.8,-0.00948576,15.352697095435687,0.3625422738589212,0.0,2.0,0.0,0.0,0.0,0.0,14.8,0.0,0.0,0.0,0.0
273,20,49.742542158764294,-0.01203072,51.60014746759782,1.0871779550361094,0.0,7.0,0.0,0.0,0.0,0.0,49.742542158764294,0.0,0.0,0.0,0.0
273,21,51.69480824866945,-0.01295616,53.62531976003057,1.080219861194894,0.0,8.0,0.0,0.0,0.0,0.0,51.69480824866945,0.0,0.0,0.0,0.0
273,22,51.694808248669474,-0.01943424,53.625319760030585,0.7328307497638357,0.0,8.0,0.0,0.0,0.0,0.0,51.694808248669474,0.0,0.0,0.0,0.0
273,23,46.34536021994249,-0.02302032,48.076099813218356,0.48459170176530075,0.0,8.0,0.0,0.0,0.0,0.0,46.34536021994249,0.0,0.0,0.0,0.0
274,0,51.69480824866947,-0.02336736,53.625319760030585,0.5219159321092639,0.0,8.0,0.0,0.0,0.0,0.0,51.69480824866947,0.0,0.0,0.0,0.0
274,1,42.9615344710723,-0.02406144,44.56590712766837,0.4028116255278581,0.0,7.0,0.0,0.0,0.0,0.0,42.9615344710723,0.0,0.0,0.0,0.0
274,2,51.694808248669474,-0.02417712,53.625319760030585,0.4784922931803816,0.0,8.0,0.0,0.0,0.0,0.0,51.694808248669474,0.0,0.0,0.0,0.0
274,3,43.293579974093134,-0.02394576,44.910352670221094,0.4111201468278447,0.0,8.0,0.0,0.0,0.0,0.0,43.293579974093134,0.0,0.0,0.0,0.0
274,4,48.42069137096399,-0.02394576,50.22893295743153,0.459807707236238,0.0,7.0,0.0,0.0,0.0,0.0,48.42069137096399,0.0,0.0,0.0,0.0
274,5,51.69480824866946,-0.023136,53.625319760030564,0.5343226860889445,0.0,7.0,0.0,0.0,0.0,0.0,51.69480824866946,0.0,0.0,0.0,0.0
274,6,47.22069079384684,-0.02070672,48.984119080753985,0.6070739033211267,0.0,8.0,0.0,0.0,0.0,0.0,47.22069079384684,0.0,0.0,0.0,0.0
274,7,51.694808248669474,-0.01237776,53.625319760030585,1.111236746144096,0.0,7.0,0.0,0.0,0.0,0.0,51.694808248669474,0.0,0.0,0.0,0.0
274,8,50.33626779979612,-0.00185088,52.21604543547316,1.5199671326597743,31.823974563159922,7.0,0.0,0.0,0.0,1.0,46.88926651003363,0.0,0.0,0.0,3.4470012897624898
274,9,7.4,0.0,7.6763485477178435,0.2540871369294606,0.0,1.0,0.0,0.0,0.0,0.0,7.4,0.0,0.0,0.0,0.0
274,10,9.822005668346284,0.00451152,10.188802560525192,0.0,90.68034278867421,0.0,0.0,0.0,0.0,1.0,0.0,0.0,0.0,0.0,9.822005668346284
274,11,12.589946999764894,-0.0005784,13.060110995606738,0.0,116.23498786089998,0.0,0.0,0.0,0.0,1.0,0.0,0.0,0.0,0.0,12.589946999764894
274,12,0.7539969232448817,-0.02186352,0.7821544846938607,0.0,6.961174913775361,0.0,0.0,0.0,0.0,1.0,0.0,0.0,0.0,0.0,0.7539969232448817
274,13,0.0,-0.00844464,0.0,0.0,0.0,0.0,0.0,0.0,0.0,0.0,0.0,0.0,0.0,0.0,0.0
274,14,4.104549533137929,0.01769904,4.257831465910715,0.0,37.894700046605365,0.0,0.0,0.0,0.0,1.0,0.0,0.0,0.0,0.0,4.104549533137929
274,15,0.0,0.03724896,0.0,0.0,0.0,0.0,0.0,0.0,0.0,0.0,0.0,0.0,0.0,0.0,0.0
274,16,0.0,0.05541072,0.0,0.0,0.0,0.0,0.0,0.0,0.0,0.0,0.0,0.0,0.0,0.0,0.0
274,17,0.0,0.06570624,0.0,0.0,0.0,0.0,0.0,0.0,0.0,0.0,0.0,0.0,0.0,0.0,0.0
274,18,3.422562925840622,0.0683668799999999,3.5503764790877823,0.0,31.598350663881263,0.0,0.0,0.0,0.0,1.0,0.0,0.0,0.0,0.0,3.422562925840622
274,19,7.4,0.05760864,7.6763485477178435,0.6963111369294608,0.0,1.0,0.0,0.0,0.0,0.0,7.4,0.0,0.0,0.0,0.0
274,20,14.8,0.0564518399999999,15.352697095435687,1.3748622738589198,0.0,2.0,0.0,0.0,0.0,0.0,14.8,0.0,0.0,0.0,0.0
274,21,48.541687556353374,0.049164,50.354447672565755,4.142358283335949,0.0,7.0,0.0,0.0,0.0,0.0,48.541687556353374,0.0,0.0,0.0,0.0
274,22,51.69480824866946,0.0415291199999999,53.625319760030564,4.002010423409687,0.0,7.0,0.0,0.0,0.0,0.0,51.69480824866946,0.0,0.0,0.0,0.0
274,23,46.57424609933989,0.03227472,48.31353329807044,3.158483711572031,0.0,7.0,0.0,0.0,0.0,0.0,46.57424609933989,0.0,0.0,0.0,0.0
275,0,44.4,0.03215904,46.05809128630706,3.005706821576763,0.0,6.0,0.0,0.0,0.0,0.0,44.4,0.0,0.0,0.0,0.0
275,1,34.63476699519925,0.03366288,35.928181530289685,2.3986688721249463,0.0,7.0,0.0,0.0,0.0,0.0,34.63476699519925,0.0,0.0,0.0,0.0
275,2,38.91718463745719,0.0364392,40.37052348283942,2.8073339065778664,0.0,6.0,0.0,0.0,0.0,0.0,38.91718463745719,0.0,0.0,0.0,0.0
275,3,48.052520022768974,0.0446524799999999,49.84701247175205,3.8757288402696473,0.0,7.0,0.0,0.0,0.0,0.0,48.052520022768974,0.0,0.0,0.0,0.0
275,4,51.69480824866946,0.05760864,53.625319760030564,4.8642798249974994,0.0,7.0,0.0,0.0,0.0,0.0,51.69480824866946,0.0,0.0,0.0,0.0
275,5,51.694808248669474,0.0865286399999999,53.625319760030585,6.41512407245758,0.0,7.0,0.0,0.0,0.0,0.0,51.694808248669474,0.0,0.0,0.0,0.0
275,6,43.71962908915872,0.3805872,45.35231233315221,18.761671102627208,0.0,7.0,0.0,0.0,0.0,0.0,43.71962908915872,0.0,0.0,0.0,0.0
275,7,49.73755587596819,1.6314350400000002,51.594974975070734,85.88164373392837,0.0,7.0,0.0,0.0,0.0,0.0,49.73755587596819,0.0,0.0,0.0,0.0
275,8,41.77925029677568,1.33032,43.33947126221545,59.08990190832977,0.0,6.0,0.0,0.0,0.0,0.0,41.77925029677568,0.0,0.0,0.0,0.0
275,9,0.0,0.13210656,0.0,0.0,0.0,0.0,0.0,0.0,0.0,0.0,0.0,0.0,0.0,0.0,0.0
275,10,0.0,0.1255128,0.0,0.0,0.0,0.0,0.0,0.0,0.0,0.0,0.0,0.0,0.0,0.0,0.0
275,11,0.0,0.11209392,0.0,0.0,0.0,0.0,0.0,0.0,0.0,0.0,0.0,0.0,0.0,0.0,0.0
275,12,0.0,0.1052688,0.0,0.0,0.0,0.0,0.0,0.0,0.0,0.0,0.0,0.0,0.0,0.0,0.0
275,13,0.0,0.10249248,0.0,0.0,0.0,0.0,0.0,0.0,0.0,0.0,0.0,0.0,0.0,0.0,0.0
275,14,0.0,0.10364928,0.0,0.0,0.0,0.0,0.0,0.0,0.0,0.0,0.0,0.0,0.0,0.0,0.0
275,15,0.0,0.10792944,0.0,0.0,0.0,0.0,0.0,0.0,0.0,0.0,0.0,0.0,0.0,0.0,0.0
275,16,0.0,0.11938176,0.0,0.0,0.0,0.0,0.0,0.0,0.0,0.0,0.0,0.0,0.0,0.0,0.0
275,17,0.0,0.11880336,0.0,0.0,0.0,0.0,0.0,0.0,0.0,0.0,0.0,0.0,0.0,0.0,0.0
275,18,0.0,0.11463888,0.0,0.0,0.0,0.0,0.0,0.0,0.0,0.0,0.0,0.0,0.0,0.0,0.0
275,19,7.4,0.07970352,7.6763485477178435,0.8659191369294607,0.0,1.0,0.0,0.0,0.0,0.0,7.4,0.0,0.0,0.0,0.0
275,20,7.4,0.05795568,7.6763485477178435,0.6989751369294607,0.0,1.0,0.0,0.0,0.0,0.0,7.4,0.0,0.0,0.0,0.0
275,21,14.8,0.04835424,15.352697095435687,1.2505422738589214,0.0,2.0,0.0,0.0,0.0,0.0,14.8,0.0,0.0,0.0,0.0
275,22,44.4,0.0358608,46.05809128630706,3.176202821576763,0.0,6.0,0.0,0.0,0.0,0.0,44.4,0.0,0.0,0.0,0.0
275,23,50.7957133672231,0.03458832,52.69264872118579,3.5666768682872143,0.0,7.0,0.0,0.0,0.0,0.0,50.7957133672231,0.0,0.0,0.0,0.0
276,0,51.05997853807107,0.03424128,52.966782715841376,3.566850945566635,0.0,7.0,0.0,0.0,0.0,0.0,51.05997853807107,0.0,0.0,0.0,0.0
276,1,49.68911425741488,0.03424128,51.54472433341793,3.471087713859511,0.0,7.0,0.0,0.0,0.0,0.0,49.68911425741488,0.0,0.0,0.0,0.0
276,2,35.61824051409037,0.03435696,36.94838227602735,2.492425545258686,0.0,6.0,0.0,0.0,0.0,0.0,35.61824051409037,0.0,0.0,0.0,0.0
276,3,51.69480824866945,0.0370176,53.625319760030564,3.76007872080592,0.0,7.0,0.0,0.0,0.0,0.0,51.69480824866945,0.0,0.0,0.0,0.0
276,4,51.694808248669474,0.05101488,53.625319760030585,4.510687336576601,0.0,7.0,0.0,0.0,0.0,0.0,51.694808248669474,0.0,0.0,0.0,0.0
276,5,37.0,0.07125888,38.38174273858922,4.005475684647303,0.0,6.0,0.0,0.0,0.0,0.0,37.0,0.0,0.0,0.0,0.0
276,6,51.694808248669474,0.13488288,53.625319760030585,9.008135654210845,0.0,7.0,0.0,0.0,0.0,0.0,51.694808248669474,0.0,0.0,0.0,0.0
276,7,22.200000000000003,0.12354624,23.02904564315353,3.607413410788382,0.0,4.0,0.0,0.0,0.0,0.0,22.200000000000003,0.0,0.0,0.0,0.0
276,8,18.847525461460485,0.0570302399999999,19.551374960021253,1.7621701174767037,0.0,3.0,0.0,0.0,0.0,0.0,18.847525461460485,0.0,0.0,0.0,0.0
276,9,3.1351337234561796,0.03829008,3.2522134060748753,0.2321757752367578,0.0,1.0,0.0,0.0,0.0,0.0,3.1351337234561796,0.0,0.0,0.0,0.0
276,10,0.0,0.03458832,0.0,0.0,0.0,0.0,0.0,0.0,0.0,0.0,0.0,0.0,0.0,0.0,0.0
276,11,0.0,0.03447264,0.0,0.0,0.0,0.0,0.0,0.0,0.0,0.0,0.0,0.0,0.0,0.0,0.0
276,12,0.0,0.03215904,0.0,0.0,0.0,0.0,0.0,0.0,0.0,0.0,0.0,0.0,0.0,0.0,0.0
276,13,0.0,0.03053952,0.0,0.0,0.0,0.0,0.0,0.0,0.0,0.0,0.0,0.0,0.0,0.0,0.0
276,14,0.0,0.02984544,0.0,0.0,0.0,0.0,0.0,0.0,0.0,0.0,0.0,0.0,0.0,0.0,0.0
276,15,0.0,0.03377856,0.0,0.0,0.0,0.0,0.0,0.0,0.0,0.0,0.0,0.0,0.0,0.0,0.0
276,16,0.0,0.05760864,0.0,0.0,0.0,0.0,0.0,0.0,0.0,0.0,0.0,0.0,0.0,0.0,0.0
276,17,0.0,0.09613008,0.0,0.0,0.0,0.0,0.0,0.0,0.0,0.0,0.0,0.0,0.0,0.0,0.0
276,18,0.0,0.08814816,0.0,0.0,0.0,0.0,0.0,0.0,0.0,0.0,0.0,0.0,0.0,0.0,0.0
276,19,14.2917768416344,0.06223584,14.82549464899834,1.4134009857777623,0.0,2.0,0.0,0.0,0.0,0.0,14.2917768416344,0.0,0.0,0.0,0.0
276,20,29.6,0.04731312,30.705394190871374,2.4691165477178427,0.0,4.0,0.0,0.0,0.0,0.0,29.6,0.0,0.0,0.0,0.0
276,21,25.490795264029938,0.03111792,26.442733676379607,1.6980973558110513,0.0,7.0,0.0,0.0,0.0,0.0,25.490795264029938,0.0,0.0,0.0,0.0
276,22,42.400902970787094,0.00844464,43.98433918131442,1.827313536925602,0.0,6.0,0.0,0.0,0.0,0.0,42.400902970787094,0.0,0.0,0.0,0.0
276,23,51.69480824866946,0.00150384,53.625319760030564,1.8556419849249361,0.0,7.0,0.0,0.0,0.0,0.0,51.69480824866946,0.0,0.0,0.0,0.0
277,0,51.69480824866946,0.00011568,53.625319760030564,1.781201461046852,0.0,7.0,0.0,0.0,0.0,0.0,51.69480824866946,0.0,0.0,0.0,0.0
277,1,51.69480824866946,-0.00023136,53.625319760030585,1.7625913300773317,0.0,7.0,0.0,0.0,0.0,0.0,51.69480824866946,0.0,0.0,0.0,0.0
277,2,18.19396414650956,-0.00080976,18.873406790985022,0.6094268348985362,0.0,3.0,0.0,0.0,0.0,0.0,18.19396414650956,0.0,0.0,0.0,0.0
277,3,44.4,-0.0010411199999999,46.05809128630706,1.4765708215767681,0.0,6.0,0.0,0.0,0.0,0.0,44.4,0.0,0.0,0.0,0.0
277,4,44.294808248669455,-0.0006940799999999,45.94897121231272,1.4890186851885132,0.0,7.0,0.0,0.0,0.0,0.0,44.294808248669455,0.0,0.0,0.0,0.0
277,5,24.486492222675253,0.01816176,25.400925542194248,1.3020961489218312,0.0,5.0,0.0,0.0,0.0,0.0,24.486492222675253,0.0,0.0,0.0,0.0
277,6,50.10310700385618,0.054948,51.974177389892304,4.576222370825238,0.0,7.0,0.0,0.0,0.0,0.0,50.10310700385618,0.0,0.0,0.0,0.0
277,7,42.80829875518672,0.0573772799999999,44.4069489161688,4.017819951033896,0.0,6.0,0.0,0.0,0.0,0.0,42.80829875518672,0.0,0.0,0.0,0.0
277,8,40.02042655181844,0.04754448,41.51496530271623,3.3479527890555927,0.0,6.0,0.0,0.0,0.0,0.0,40.02042655181844,0.0,0.0,0.0,0.0
277,9,0.0,0.0319276799999999,0.0,0.0,0.0,0.0,0.0,0.0,0.0,0.0,0.0,0.0,0.0,0.0,0.0
277,10,0.0,0.02221056,0.0,0.0,0.0,0.0,0.0,0.0,0.0,0.0,0.0,0.0,0.0,0.0,0.0
277,11,0.0,0.01712064,0.0,0.0,0.0,0.0,0.0,0.0,0.0,0.0,0.0,0.0,0.0,0.0,0.0
277,12,0.0,0.0143443199999999,0.0,0.0,0.0,0.0,0.0,0.0,0.0,0.0,0.0,0.0,0.0,0.0,0.0
277,13,0.0,0.0153854399999999,0.0,0.0,0.0,0.0,0.0,0.0,0.0,0.0,0.0,0.0,0.0,0.0,0.0
277,14,0.0,0.01642656,0.0,0.0,0.0,0.0,0.0,0.0,0.0,0.0,0.0,0.0,0.0,0.0,0.0
277,15,0.0,0.0282259199999999,0.0,0.0,0.0,0.0,0.0,0.0,0.0,0.0,0.0,0.0,0.0,0.0,0.0
277,16,0.0,0.03678624,0.0,0.0,0.0,0.0,0.0,0.0,0.0,0.0,0.0,0.0,0.0,0.0,0.0
277,17,0.6974275440244773,0.03667056,0.7234725560419889,0.0,6.438905748773702,0.0,0.0,0.0,0.0,1.0,0.0,0.0,0.0,0.0,0.6974275440244773
277,18,0.0,0.02915136,0.0,0.0,0.0,0.0,0.0,0.0,0.0,0.0,0.0,0.0,0.0,0.0,0.0
277,19,2.2667764412202698,0.01839312,2.3514278435894918,0.0,20.927707807946476,0.0,0.0,0.0,0.0,1.0,0.0,0.0,0.0,0.0,2.2667764412202698
277,20,34.50760331784132,0.00150384,35.79626900191009,1.0625245477178424,45.30878581824457,4.0,0.0,0.0,0.0,1.0,29.6,0.0,0.0,0.0,4.907603317841321
277,21,44.4,0.0,46.05809128630706,1.5245228215767637,0.0,6.0,0.0,0.0,0.0,0.0,44.4,0.0,0.0,0.0,0.0
277,22,43.829868913583645,-0.0035860799999999,45.46666899749342,1.3418996314585054,0.0,6.0,0.0,0.0,0.0,0.0,43.82986891358365,0.0,0.0,0.0,0.0
277,23,51.69480824866946,0.0,53.625319760030564,1.7749980840570116,0.0,7.0,0.0,0.0,0.0,0.0,51.69480824866946,0.0,0.0,0.0,0.0
278,0,44.4,-0.0003470399999999,46.05809128630706,1.5085388215767679,0.0,6.0,0.0,0.0,0.0,0.0,44.4,0.0,0.0,0.0,0.0
278,1,47.47275350029297,-0.0006940799999999,49.24559491731637,1.595848809242965,0.0,7.0,0.0,0.0,0.0,0.0,47.47275350029297,0.0,0.0,0.0,0.0
278,2,39.219534573341555,-0.0005784,40.68416449516759,1.3231141240460427,0.0,7.0,0.0,0.0,0.0,0.0,39.219534573341555,0.0,0.0,0.0,0.0
278,3,36.173418600025805,-0.00011568,37.52429315355374,1.2377132931506258,0.0,6.0,0.0,0.0,0.0,0.0,36.173418600025805,0.0,0.0,0.0,0.0
278,4,43.71528512081561,0.00127248,45.34780614192491,1.558716559657191,0.0,6.0,0.0,0.0,0.0,0.0,43.71528512081561,0.0,0.0,0.0,0.0
278,5,49.860821086715816,0.03447264,51.72284345095002,3.4950490802874024,0.0,7.0,0.0,0.0,0.0,0.0,49.860821086715816,0.0,0.0,0.0,0.0
278,6,51.69480824866946,0.0574929599999999,53.625319760030564,4.858076448007653,0.0,7.0,0.0,0.0,0.0,0.0,51.69480824866946,0.0,0.0,0.0,0.0
278,7,48.641042148046836,0.08074464,50.457512601708345,5.744317357436948,0.0,7.0,0.0,0.0,0.0,0.0,48.641042148046836,0.0,0.0,0.0,0.0
278,8,28.11349050651726,0.09034608,29.163371894727455,3.600103939986276,0.0,4.0,0.0,0.0,0.0,0.0,28.11349050651726,0.0,0.0,0.0,0.0
278,9,0.0,0.08467776,0.0,0.0,0.0,1.0,0.0,0.0,0.0,0.0,0.0,0.0,0.0,0.0,0.0
278,10,0.0,0.07970352,0.0,0.0,0.0,0.0,0.0,0.0,0.0,0.0,0.0,0.0,0.0,0.0,0.0
278,11,0.0,0.06570624,0.0,0.0,0.0,0.0,0.0,0.0,0.0,0.0,0.0,0.0,0.0,0.0,0.0
278,12,0.0,0.0577243199999999,0.0,0.0,0.0,0.0,0.0,0.0,0.0,0.0,0.0,0.0,0.0,0.0,0.0
278,13,0.0,0.0573772799999999,0.0,0.0,0.0,0.0,0.0,0.0,0.0,0.0,0.0,0.0,0.0,0.0,0.0
278,14,0.0,0.0601535999999999,0.0,0.0,0.0,0.0,0.0,0.0,0.0,0.0,0.0,0.0,0.0,0.0,0.0
278,15,0.0,0.083868,0.0,0.0,0.0,0.0,0.0,0.0,0.0,0.0,0.0,0.0,0.0,0.0,0.0
278,16,0.0,0.09578304,0.0,0.0,0.0,0.0,0.0,0.0,0.0,0.0,0.0,0.0,0.0,0.0,0.0
278,17,0.0,0.59158752,0.0,0.0,0.0,0.0,0.0,0.0,0.0,0.0,0.0,0.0,0.0,0.0,0.0
278,18,0.0,1.6185945599999998,0.0,0.0,0.0,0.0,0.0,0.0,0.0,0.0,0.0,0.0,0.0,0.0,0.0
278,19,7.4,0.1738670399999999,7.6763485477178435,1.5887511369294598,0.0,1.0,0.0,0.0,0.0,0.0,7.4,0.0,0.0,0.0,0.0
278,20,36.37436757390181,0.0567988799999999,37.73274644595624,3.392131644815443,0.0,5.0,0.0,0.0,0.0,0.0,36.37436757390181,0.0,0.0,0.0,0.0
278,21,37.0,0.04615632,38.38174273858922,3.041995684647303,0.0,5.0,0.0,0.0,0.0,0.0,37.0,0.0,0.0,0.0,0.0
278,22,51.69480824866946,0.03447264,53.625319760030564,3.6236044270294308,0.0,7.0,0.0,0.0,0.0,0.0,51.69480824866946,0.0,0.0,0.0,0.0
278,23,48.35541886210927,0.0326217599999999,50.16122288600547,3.296683851820554,0.0,7.0,0.0,0.0,0.0,0.0,48.35541886210927,0.0,0.0,0.0,0.0
279,0,38.567231511683836,0.02915136,40.00750156813677,2.490521382818646,0.0,7.0,0.0,0.0,0.0,0.0,38.567231511683836,0.0,0.0,0.0,0.0
279,1,51.3681412269067,0.02625936,53.28645355488248,3.163049779687549,0.0,7.0,0.0,0.0,0.0,0.0,51.3681412269067,0.0,0.0,0.0,0.0
279,2,37.0,0.02764752,38.38174273858922,2.3315956846473034,0.0,5.0,0.0,0.0,0.0,0.0,37.0,0.0,0.0,0.0,0.0
279,3,45.295045820486095,0.03273744,46.98656205444616,3.0934749600658753,0.0,7.0,0.0,0.0,0.0,0.0,45.295045820486095,0.0,0.0,0.0,0.0
279,4,51.694808248669474,0.0446524799999999,53.625319760030585,4.1695016021353775,0.0,7.0,0.0,0.0,0.0,0.0,51.694808248669474,0.0,0.0,0.0,0.0
279,5,43.69710646786222,0.0647808,45.32894861811434,4.436833753899926,0.0,7.0,0.0,0.0,0.0,0.0,43.69710646786222,0.0,0.0,0.0,0.0
279,6,40.994595047984994,0.1670419199999999,42.52551353525415,8.511137927931747,0.0,7.0,0.0,0.0,0.0,0.0,40.994595047984994,0.0,0.0,0.0,0.0
279,7,51.69480824866946,0.21944496,53.625319760030564,13.54280423378413,0.0,7.0,0.0,0.0,0.0,0.0,51.69480824866946,0.0,0.0,0.0,0.0
279,8,29.6,0.13927872,30.705394190871374,5.292956547717843,0.0,4.0,0.0,0.0,0.0,0.0,29.6,0.0,0.0,0.0,0.0
279,9,7.4,0.1141761599999999,7.6763485477178435,1.13054313692946,0.0,1.0,0.0,0.0,0.0,0.0,7.4,0.0,0.0,0.0,0.0
279,10,0.0,0.0787780799999999,0.0,0.0,0.0,0.0,0.0,0.0,0.0,0.0,0.0,0.0,0.0,0.0,0.0
279,11,0.0,0.0573772799999999,0.0,0.0,0.0,0.0,0.0,0.0,0.0,0.0,0.0,0.0,0.0,0.0,0.0
279,12,0.0,0.0335472,0.0,0.0,0.0,0.0,0.0,0.0,0.0,0.0,0.0,0.0,0.0,0.0,0.0
279,13,0.0,0.02359872,0.0,0.0,0.0,0.0,0.0,0.0,0.0,0.0,0.0,0.0,0.0,0.0,0.0
279,14,0.0,0.03320016,0.0,0.0,0.0,0.0,0.0,0.0,0.0,0.0,0.0,0.0,0.0,0.0,0.0
279,15,0.0,0.03088656,0.0,0.0,0.0,0.0,0.0,0.0,0.0,0.0,0.0,0.0,0.0,0.0,0.0
279,16,0.0,0.03273744,0.0,0.0,0.0,0.0,0.0,0.0,0.0,0.0,0.0,0.0,0.0,0.0,0.0
279,17,0.0,0.03273744,0.0,0.0,0.0,0.0,0.0,0.0,0.0,0.0,0.0,0.0,0.0,0.0,0.0
279,18,0.0,0.02290464,0.0,0.0,0.0,0.0,0.0,0.0,0.0,0.0,0.0,0.0,0.0,0.0,0.0
279,19,8.074608346264236,0.01318752,8.376149736788628,0.3877111984645983,0.0,2.0,0.0,0.0,0.0,0.0,8.074608346264236,0.0,0.0,0.0,0.0
279,20,38.26555938303275,0.0005784,39.69456367534519,1.292635684647303,11.684106337128137,5.0,0.0,0.0,0.0,1.0,37.0,0.0,0.0,0.0,1.2655593830327554
279,21,47.94459843436222,-0.0010411199999999,49.73506061655832,1.5944503400989742,0.0,7.0,0.0,0.0,0.0,0.0,47.94459843436222,0.0,0.0,0.0,0.0
279,22,51.69480824866948,-0.0138816,53.62531976003059,1.0305928452761717,0.0,8.0,0.0,0.0,0.0,0.0,51.69480824866948,0.0,0.0,0.0,0.0
279,23,51.694808248669474,-0.03944688,53.625319760030585,-0.3403534694785429,0.0,7.0,0.0,0.0,0.0,0.0,51.694808248669474,0.0,0.0,0.0,0.0
280,0,51.69480824866946,-0.03944688,53.625319760030585,-0.3403534694785429,0.0,7.0,0.0,0.0,0.0,0.0,51.69480824866946,0.0,0.0,0.0,0.0
280,1,51.694808248669474,-0.04199184,53.625319760030585,-0.4768277632550306,0.0,7.0,0.0,0.0,0.0,0.0,51.694808248669474,0.0,0.0,0.0,0.0
280,2,43.58901077355864,-0.04985808,45.21681615514382,-0.7577470224731927,0.0,8.0,0.0,0.0,0.0,0.0,43.58901077355864,0.0,0.0,0.0,0.0
280,3,27.30305817090239,-0.0402566399999999,28.322674451143563,-0.20269518488402927,0.0,5.0,0.0,0.0,0.0,0.0,27.30305817090239,0.0,0.0,0.0,0.0
280,4,45.02274041702764,-0.04384272,46.704087569530756,-0.5017289356149497,0.0,7.0,0.0,0.0,0.0,0.0,45.02274041702764,0.0,0.0,0.0,0.0
280,5,51.69480824866945,-0.03551376,53.625319760030564,-0.1294386518239714,0.0,7.0,0.0,0.0,0.0,0.0,51.69480824866945,0.0,0.0,0.0,0.0
280,6,51.69480824866945,-0.01920288,53.625319760030585,0.7452375037435163,0.0,7.0,0.0,0.0,0.0,0.0,51.69480824866945,0.0,0.0,0.0,0.0
280,7,54.275628684823786,-0.00219792,56.302519382597296,1.6571339212500453,23.82707664084393,7.0,0.0,0.0,0.0,1.0,51.69480824866945,0.0,0.0,0.0,2.580820436154331
280,8,42.39290391479481,-0.00092544,43.97604140538881,1.4149097827601667,0.0,6.0,0.0,0.0,0.0,0.0,42.39290391479481,0.0,0.0,0.0,0.0
280,9,12.744472535190098,-0.0010411199999999,13.220407194180602,0.24609513692946136,49.34212195351854,1.0,0.0,0.0,0.0,1.0,7.4,0.0,0.0,0.0,5.344472535190098
280,10,1.1053387444421823,-0.00219792,1.1466169548155418,0.0,10.204890897858323,0.0,0.0,0.0,0.0,1.0,0.0,0.0,0.0,0.0,1.1053387444421823
280,11,0.0,-0.00323904,0.0,0.0,0.0,0.0,0.0,0.0,0.0,0.0,0.0,0.0,0.0,0.0,0.0
280,12,3.005140776201173,-0.00439584,3.117365950416155,0.0,27.744556958703782,0.0,0.0,0.0,0.0,1.0,0.0,0.0,0.0,0.0,3.005140776201173
280,13,0.0,-0.00381744,0.0,0.0,0.0,0.0,0.0,0.0,0.0,0.0,0.0,0.0,0.0,0.0,0.0
280,14,7.155628242265466,-0.00092544,7.422850873719364,0.0,66.06337277610234,0.0,0.0,0.0,0.0,2.0,0.0,0.0,0.0,0.0,7.155628242265466
280,15,0.0,0.0,0.0,0.0,0.0,0.0,0.0,0.0,0.0,0.0,0.0,0.0,0.0,0.0,0.0
280,16,7.683265229214263,0.00439584,7.970192146487825,0.0,70.93471010374165,0.0,0.0,0.0,0.0,1.0,0.0,0.0,0.0,0.0,7.683265229214263
280,17,1.9003299450793798,0.01376592,1.9712966235263278,0.0,17.54453994938432,0.0,0.0,0.0,0.0,1.0,0.0,0.0,0.0,0.0,1.9003299450793798
280,18,8.688471134430381,0.0080976,9.012936861442306,0.31624713692946066,11.895635992147715,1.0,0.0,0.0,0.0,1.0,7.4,0.0,0.0,0.0,1.2884711344303816
280,19,31.90908549523199,0.0,33.100711094639,1.0956335372325507,0.0,5.0,0.0,0.0,0.0,0.0,31.90908549523199,0.0,0.0,0.0,0.0
280,20,51.694808248669474,-0.0010411199999999,53.625319760030585,1.7191676911484544,0.0,7.0,0.0,0.0,0.0,0.0,51.694808248669474,0.0,0.0,0.0,0.0
280,21,53.591587733457715,-0.01191504,55.592933333462376,1.1360502541034574,17.511760803542977,7.0,0.0,0.0,0.0,1.0,51.69480824866946,0.0,0.0,0.0,1.8967794847882502
280,22,51.69480824866946,-0.0226732799999999,53.625319760030585,0.5591361940483114,0.0,8.0,0.0,0.0,0.0,0.0,51.69480824866946,0.0,0.0,0.0,0.0
280,23,44.377120371024986,-0.01943424,46.034357231353724,0.6290944776779445,0.0,8.0,0.0,0.0,0.0,0.0,44.377120371024986,0.0,0.0,0.0,0.0
281,0,51.694808248669474,-0.02302032,53.62531976003058,0.5405260630787849,0.0,8.0,0.0,0.0,0.0,0.0,51.694808248669474,0.0,0.0,0.0,0.0
281,1,50.10310700385617,-0.02359872,51.97417738989229,0.49382121215103575,0.0,7.0,0.0,0.0,0.0,0.0,50.10310700385617,0.0,0.0,0.0,0.0
281,2,51.69480824866946,-0.02394576,53.62531976003058,0.4908990471600623,0.0,8.0,0.0,0.0,0.0,0.0,51.69480824866946,0.0,0.0,0.0,0.0
281,3,45.995341267992714,-0.0237144,47.713009614100336,0.44781522303410004,0.0,7.0,0.0,0.0,0.0,0.0,45.995341267992714,0.0,0.0,0.0,0.0
281,4,51.69480824866946,-0.0208223999999999,53.625319760030585,0.6583902258857568,0.0,7.0,0.0,0.0,0.0,0.0,51.69480824866946,0.0,0.0,0.0,0.0
281,5,51.69480824866945,-0.0127248,53.625319760030564,1.0926266151745747,0.0,7.0,0.0,0.0,0.0,0.0,51.69480824866945,0.0,0.0,0.0,0.0
281,6,51.69480824866946,-0.00046272,53.625319760030585,1.7501845760976509,0.0,7.0,0.0,0.0,0.0,0.0,51.69480824866946,0.0,0.0,0.0,0.0
281,7,51.69480824866945,0.00589968,53.62531976003057,2.091370310538869,0.0,8.0,0.0,0.0,0.0,0.0,51.69480824866945,0.0,0.0,0.0,0.0
281,8,51.69480824866946,0.01515408,53.625319760030564,2.5876404697260953,0.0,7.0,0.0,0.0,0.0,0.0,51.69480824866946,0.0,0.0,0.0,0.0
281,9,14.8,0.01573248,15.352697095435687,0.7497102738589212,0.0,2.0,0.0,0.0,0.0,0.0,14.8,0.0,0.0,0.0,0.0
281,10,0.0,0.0150383999999999,0.0,0.0,0.0,0.0,0.0,0.0,0.0,0.0,0.0,0.0,0.0,0.0,0.0
281,11,5.52867693263372,0.01526976,5.73514204630054,0.0,51.04276421207481,0.0,0.0,0.0,0.0,1.0,0.0,0.0,0.0,0.0,5.52867693263372
281,12,11.96389654499159,0.0156168,12.410681063269285,0.0,110.45506146309664,0.0,0.0,0.0,0.0,1.0,0.0,0.0,0.0,0.0,11.96389654499159
281,13,1.9920016054979635,0.01897152,2.066391706948095,0.0,18.390886191838046,0.0,0.0,0.0,0.0,1.0,0.0,0.0,0.0,0.0,1.9920016054979635
281,14,7.84241538312145,0.02892,8.135285667138435,0.0,72.40404243753207,0.0,0.0,0.0,0.0,1.0,0.0,0.0,0.0,0.0,7.84241538312145
281,15,8.63399489067951,0.03852144,8.95642623514472,0.0,79.712193492788,0.0,0.0,0.0,0.0,2.0,0.0,0.0,0.0,0.0,8.63399489067951
281,16,4.453464852494318,0.0573772799999999,4.619776817940164,0.0,41.11601367966747,0.0,0.0,0.0,0.0,1.0,0.0,0.0,0.0,0.0,4.453464852494318
281,17,5.927558397447223,0.08918928,6.14891949942658,0.0,54.725383544896566,0.0,0.0,0.0,0.0,1.0,0.0,0.0,0.0,0.0,5.927558397447223
281,18,0.0,0.13141248,0.0,0.0,0.0,0.0,0.0,0.0,0.0,0.0,0.0,0.0,0.0,0.0,0.0
281,19,2.063178233462205,0.1058472,2.1402263832595487,0.0,19.048014811009985,0.0,0.0,0.0,0.0,1.0,0.0,0.0,0.0,0.0,2.063178233462205
281,20,27.39514945200225,0.08363664,28.41820482572848,3.317445746187329,0.0,4.0,0.0,0.0,0.0,0.0,27.39514945200225,0.0,0.0,0.0,0.0
281,21,41.1541246007527,0.0699863999999999,42.69100062318746,4.065929886413455,28.916442460260125,7.0,0.0,0.0,0.0,1.0,38.022051507304305,0.0,0.0,0.0,3.1320730934484
281,22,47.98039633938545,0.0577243199999999,49.77219537280649,4.520525799642291,0.0,7.0,0.0,0.0,0.0,0.0,47.98039633938545,0.0,0.0,0.0,0.0
281,23,51.69480824866946,0.05471664,53.625319760030564,4.709195400251491,0.0,7.0,0.0,0.0,0.0,0.0,51.69480824866946,0.0,0.0,0.0,0.0
282,0,46.94434959566038,0.0434956799999999,48.69745808678463,3.730014916428762,0.0,7.0,0.0,0.0,0.0,0.0,46.94434959566038,0.0,0.0,0.0,0.0
282,1,51.69480824866945,0.0451152,53.625319760030564,4.194315110094744,0.0,7.0,0.0,0.0,0.0,0.0,51.69480824866945,0.0,0.0,0.0,0.0
282,2,47.40736750066241,0.04846992,49.177767116869724,4.011426529501694,0.0,8.0,0.0,0.0,0.0,0.0,47.40736750066241,0.0,0.0,0.0,0.0
282,3,51.69480824866945,0.0573772799999999,53.625319760030585,4.851873071017814,0.0,7.0,0.0,0.0,0.0,0.0,51.69480824866945,0.0,0.0,0.0,0.0
282,4,51.25358349878502,0.0869913599999999,53.16761773732887,6.384971522035942,0.0,7.0,0.0,0.0,0.0,0.0,51.25358349878502,0.0,0.0,0.0,0.0
282,5,48.721789261703975,0.61634304,50.541275167742725,32.823679390415336,0.0,7.0,0.0,0.0,0.0,0.0,48.721789261703975,0.0,0.0,0.0,0.0
282,6,47.5335651769015,1.2933024,49.3086775693999,65.4031482688782,0.0,7.0,0.0,0.0,0.0,0.0,47.5335651769015,0.0,0.0,0.0,0.0
282,7,48.02675845613834,1.4680948800000002,49.82028885491529,74.7899625491199,0.0,7.0,0.0,0.0,0.0,0.0,48.02675845613834,0.0,0.0,0.0,0.0
282,8,7.4,1.40470224,7.6763485477178435,11.03707113692946,0.0,1.0,0.0,0.0,0.0,0.0,7.4,0.0,0.0,0.0,0.0
282,9,7.4,1.29087312,7.6763485477178435,10.163279136929463,0.0,1.0,0.0,0.0,0.0,0.0,7.4,0.0,0.0,0.0,0.0
282,10,0.0,1.21880448,0.0,0.0,0.0,0.0,0.0,0.0,0.0,0.0,0.0,0.0,0.0,0.0,0.0
282,11,0.0,1.14511632,0.0,0.0,0.0,0.0,0.0,0.0,0.0,0.0,0.0,0.0,0.0,0.0,0.0
282,12,0.0,1.1358619199999995,0.0,0.0,0.0,0.0,0.0,0.0,0.0,0.0,0.0,0.0,0.0,0.0,0.0
282,13,0.0,1.19115696,0.0,0.0,0.0,0.0,0.0,0.0,0.0,0.0,0.0,0.0,0.0,0.0,0.0
282,14,0.0,1.24101504,0.0,0.0,0.0,0.0,0.0,0.0,0.0,0.0,0.0,0.0,0.0,0.0,0.0
282,15,0.0,1.27606608,0.0,0.0,0.0,0.0,0.0,0.0,0.0,0.0,0.0,0.0,0.0,0.0,0.0
282,16,0.0,1.49597376,0.0,0.0,0.0,0.0,0.0,0.0,0.0,0.0,0.0,0.0,0.0,0.0,0.0
282,17,0.0,2.18889696,0.0,0.0,0.0,0.0,0.0,0.0,0.0,0.0,0.0,0.0,0.0,0.0,0.0
282,18,0.0,2.5646256,0.0,0.0,0.0,0.0,0.0,0.0,0.0,0.0,0.0,0.0,0.0,0.0,0.0
282,19,7.4,2.08304976,7.6763485477178435,16.244303136929467,0.0,1.0,0.0,0.0,0.0,0.0,7.4,0.0,0.0,0.0,0.0
282,20,29.6,1.49886576,30.705394190871374,47.039612547717844,0.0,4.0,0.0,0.0,0.0,0.0,29.6,0.0,0.0,0.0,0.0
282,21,37.47684149017779,0.6025771200000001,38.876391587321365,24.712832640220675,0.0,6.0,0.0,0.0,0.0,0.0,37.47684149017779,0.0,0.0,0.0,0.0
282,22,44.57653249151859,0.12215808,46.24121627750892,7.179322456110782,0.0,7.0,0.0,0.0,0.0,0.0,44.57653249151859,0.0,0.0,0.0,0.0
282,23,24.787575891491088,0.3266803199999999,25.71325299947209,9.251122392391027,0.0,5.0,0.0,0.0,0.0,0.0,24.787575891491088,0.0,0.0,0.0,0.0
283,0,46.718381753916454,0.1021454399999999,48.46305161194653,6.554406739000414,0.0,7.0,0.0,0.0,0.0,0.0,46.718381753916454,0.0,0.0,0.0,0.0
283,1,47.0924431314456,0.09520464,48.85108208656183,6.267820500726766,0.0,8.0,0.0,0.0,0.0,0.0,47.0924431314456,0.0,0.0,0.0,0.0
283,2,45.74122417722245,0.0994848,47.44940267346727,6.291069563581124,0.0,7.0,0.0,0.0,0.0,0.0,45.74122417722245,0.0,0.0,0.0,0.0
283,3,48.450012905990945,0.19827552,50.25934948754247,11.628783122541876,0.0,7.0,0.0,0.0,0.0,0.0,48.450012905990945,0.0,0.0,0.0,0.0
283,4,42.00492982622229,0.5800195199999999,43.57357865790694,26.71581163141815,0.0,6.0,0.0,0.0,0.0,0.0,42.00492982622229,0.0,0.0,0.0,0.0
283,5,46.95591955493243,1.46774784,48.70946011922452,73.10548800750425,0.0,7.0,0.0,0.0,0.0,0.0,46.95591955493243,0.0,0.0,0.0,0.0
283,6,44.4,2.33581056,46.05809128630706,109.10749882157678,0.0,6.0,0.0,0.0,0.0,0.0,44.4,0.0,0.0,0.0,0.0
283,7,51.69480824866945,2.29775184,53.625319760030564,124.9926752332556,0.0,7.0,0.0,0.0,0.0,0.0,51.69480824866945,0.0,0.0,0.0,0.0
283,8,51.694808248669474,1.5281328,53.625319760030585,83.72160811984787,0.0,7.0,0.0,0.0,0.0,0.0,51.694808248669474,0.0,0.0,0.0,0.0
283,9,0.0,1.3442016,0.0,0.0,0.0,0.0,0.0,0.0,0.0,0.0,0.0,0.0,0.0,0.0,0.0
283,10,0.0,1.20492288,0.0,0.0,0.0,0.0,0.0,0.0,0.0,0.0,0.0,0.0,0.0,0.0,0.0
283,11,0.0,1.09120944,0.0,0.0,0.0,0.0,0.0,0.0,0.0,0.0,0.0,0.0,0.0,0.0,0.0
283,12,0.0,0.59725584,0.0,0.0,0.0,0.0,0.0,0.0,0.0,0.0,0.0,0.0,0.0,0.0,0.0
283,13,0.0,0.54149808,0.0,0.0,0.0,0.0,0.0,0.0,0.0,0.0,0.0,0.0,0.0,0.0,0.0
283,14,0.0,0.4748664,0.0,0.0,0.0,0.0,0.0,0.0,0.0,0.0,0.0,0.0,0.0,0.0,0.0
283,15,8.272995502031431,0.5506368,8.581945541526382,0.0,76.3793153195848,0.0,0.0,0.0,0.0,1.0,0.0,0.0,0.0,0.0,8.272995502031431
283,16,0.0,0.4943006399999999,0.0,0.0,0.0,0.0,0.0,0.0,0.0,0.0,0.0,0.0,0.0,0.0,0.0
283,17,0.0,0.30516384,0.0,0.0,0.0,0.0,0.0,0.0,0.0,0.0,0.0,0.0,0.0,0.0,0.0
283,18,0.0,0.05691456,0.0,0.0,0.0,0.0,0.0,0.0,0.0,0.0,0.0,0.0,0.0,0.0,0.0
283,19,7.4,0.0237144,7.6763485477178435,0.43612713692946065,0.0,1.0,0.0,0.0,0.0,0.0,7.4,0.0,0.0,0.0,0.0
283,20,18.931476712237718,0.00011568,19.638461319748668,0.6523048468891495,0.0,3.0,0.0,0.0,0.0,0.0,18.931476712237718,0.0,0.0,0.0,0.0
283,21,37.0,-0.0201283199999999,38.38174273858922,0.4978756846473067,0.0,5.0,0.0,0.0,0.0,0.0,37.0,0.0,0.0,0.0,0.0
283,22,38.33171435117544,-0.03562944,39.76318916097038,-0.10057860119132495,0.0,6.0,0.0,0.0,0.0,0.0,38.33171435117544,0.0,0.0,0.0,0.0
283,23,22.200000000000003,-0.05251872,23.02904564315353,-0.44719458921161837,0.0,3.0,0.0,0.0,0.0,0.0,22.200000000000003,0.0,0.0,0.0,0.0
284,0,48.676051481208205,-0.05760864,50.49382933735291,-1.2375350854506215,0.0,7.0,0.0,0.0,0.0,0.0,48.676051481208205,0.0,0.0,0.0,0.0
284,1,38.87398106309789,-0.05888112,40.32570649698951,-1.0396418782836665,0.0,6.0,0.0,0.0,0.0,0.0,38.87398106309789,0.0,0.0,0.0,0.0
284,2,49.71442920276966,-0.0595752,51.570984650175994,-1.3653521328103397,0.0,7.0,0.0,0.0,0.0,0.0,49.71442920276966,0.0,0.0,0.0,0.0
284,3,44.4,-0.05622048,46.05809128630706,-1.064885178423237,0.0,6.0,0.0,0.0,0.0,0.0,44.4,0.0,0.0,0.0,0.0
284,4,44.4,-0.0399095999999999,46.05809128630706,-0.3136371784232321,0.0,6.0,0.0,0.0,0.0,0.0,44.4,0.0,0.0,0.0,0.0
284,5,31.563503329605616,-0.0127248,32.74222337096019,0.667129349627988,0.0,5.0,0.0,0.0,0.0,0.0,31.563503329605616,0.0,0.0,0.0,0.0
284,6,51.69480824866945,0.00011568,53.625319760030564,1.781201461046852,0.0,7.0,0.0,0.0,0.0,0.0,51.69480824866945,0.0,0.0,0.0,0.0
284,7,37.0,0.0185088,38.38174273858922,1.980835684647303,0.0,5.0,0.0,0.0,0.0,0.0,37.0,0.0,0.0,0.0,0.0
284,8,37.0,0.02417712,38.38174273858922,2.1983956846473034,0.0,5.0,0.0,0.0,0.0,0.0,37.0,0.0,0.0,0.0,0.0
284,9,0.0,0.0286886399999999,0.0,0.0,0.0,0.0,0.0,0.0,0.0,0.0,0.0,0.0,0.0,0.0,0.0
284,10,0.0,0.0121464,0.0,0.0,0.0,0.0,0.0,0.0,0.0,0.0,0.0,0.0,0.0,0.0,0.0
284,11,0.0,0.0,0.0,0.0,0.0,0.0,0.0,0.0,0.0,0.0,0.0,0.0,0.0,0.0,0.0
284,12,0.0,-0.0006940799999999,0.0,0.0,0.0,0.0,0.0,0.0,0.0,0.0,0.0,0.0,0.0,0.0,0.0
284,13,0.0,-0.00046272,0.0,0.0,0.0,0.0,0.0,0.0,0.0,0.0,0.0,0.0,0.0,0.0,0.0
284,14,0.0,0.0006940799999999,0.0,0.0,0.0,0.0,0.0,0.0,0.0,0.0,0.0,0.0,0.0,0.0,0.0
284,15,0.0,0.01353456,0.0,0.0,0.0,0.0,0.0,0.0,0.0,0.0,0.0,0.0,0.0,0.0,0.0
284,16,0.0,0.01526976,0.0,0.0,0.0,0.0,0.0,0.0,0.0,0.0,0.0,0.0,0.0,0.0,0.0
284,17,0.0,0.0100641599999999,0.0,0.0,0.0,0.0,0.0,0.0,0.0,0.0,0.0,0.0,0.0,0.0,0.0
284,18,0.0,0.0,0.0,0.0,0.0,0.0,0.0,0.0,0.0,0.0,0.0,0.0,0.0,0.0,0.0
284,19,7.4,-0.01110528,7.6763485477178435,0.16883913692946056,0.0,1.0,0.0,0.0,0.0,0.0,7.4,0.0,0.0,0.0,0.0
284,20,18.524642930695194,-0.0234830399999999,19.216434575409956,0.1848036826543364,0.0,3.0,0.0,0.0,0.0,0.0,18.524642930695194,0.0,0.0,0.0,0.0
284,21,51.69480824866946,-0.03713328,53.625319760030564,-0.2162859296817361,0.0,7.0,0.0,0.0,0.0,0.0,51.69480824866946,0.0,0.0,0.0,0.0
284,22,51.52892846466409,-0.0587654399999999,53.453245295294714,-1.3719010599316634,0.0,7.0,0.0,0.0,0.0,0.0,51.52892846466409,0.0,0.0,0.0,0.0
284,23,34.435716921217484,-0.0879167999999999,35.72169805105549,-1.9581491777250952,0.0,6.0,0.0,0.0,0.0,0.0,34.435716921217484,0.0,0.0,0.0,0.0
285,0,51.69480824866946,-0.11568,53.625319760030585,-4.428378905783326,0.0,7.0,0.0,0.0,0.0,0.0,51.69480824866946,0.0,0.0,0.0,0.0
285,1,51.69480824866946,-0.11660544,53.625319760030564,-4.478005921702048,0.0,7.0,0.0,0.0,0.0,0.0,51.69480824866946,0.0,0.0,0.0,0.0
285,2,14.8,-0.12019152,15.352697095435687,-1.337089726141079,0.0,3.0,0.0,0.0,0.0,0.0,14.8,0.0,0.0,0.0,0.0
285,3,26.65595729358038,-0.11602704,27.651407980892515,-2.2930494156877934,0.0,4.0,0.0,0.0,0.0,0.0,26.65595729358038,0.0,0.0,0.0,0.0
285,4,43.69335970750901,-0.05101488,45.32506193725002,-0.8119930455984017,0.0,6.0,0.0,0.0,0.0,0.0,43.69335970750901,0.0,0.0,0.0,0.0
285,5,50.09282524113587,-0.02510256,51.96351166092934,0.41557506669758265,0.0,7.0,0.0,0.0,0.0,0.0,50.09282524113587,0.0,0.0,0.0,0.0
285,6,37.0,-0.0041644799999999,38.38174273858922,1.1105956846473068,0.0,5.0,0.0,0.0,0.0,0.0,37.0,0.0,0.0,0.0,0.0
285,7,51.694808248669474,0.0,53.625319760030585,1.7749980840570123,0.0,7.0,0.0,0.0,0.0,0.0,51.694808248669474,0.0,0.0,0.0,0.0
285,8,13.20829875518672,0.0,13.701554725297427,0.45352146140734484,0.0,2.0,0.0,0.0,0.0,0.0,13.20829875518672,0.0,0.0,0.0,0.0
285,9,7.4,-0.00127248,7.6763485477178435,0.2443191369294606,0.0,1.0,0.0,0.0,0.0,0.0,7.4,0.0,0.0,0.0,0.0
285,10,0.0,-0.0127248,0.0,0.0,0.0,0.0,0.0,0.0,0.0,0.0,0.0,0.0,0.0,0.0,0.0
285,11,0.0,-0.02244192,0.0,0.0,0.0,0.0,0.0,0.0,0.0,0.0,0.0,0.0,0.0,0.0,0.0
285,12,0.0,-0.02417712,0.0,0.0,0.0,0.0,0.0,0.0,0.0,0.0,0.0,0.0,0.0,0.0,0.0
285,13,0.0,-0.02417712,0.0,0.0,0.0,0.0,0.0,0.0,0.0,0.0,0.0,0.0,0.0,0.0,0.0
285,14,0.0,-0.02394576,0.0,0.0,0.0,0.0,0.0,0.0,0.0,0.0,0.0,0.0,0.0,0.0,0.0
285,15,0.0,-0.0234830399999999,0.0,0.0,0.0,0.0,0.0,0.0,0.0,0.0,0.0,0.0,0.0,0.0,0.0
285,16,0.0,-0.0127248,0.0,0.0,0.0,0.0,0.0,0.0,0.0,0.0,0.0,0.0,0.0,0.0,0.0
285,17,0.0,-0.00127248,0.0,0.0,0.0,0.0,0.0,0.0,0.0,0.0,0.0,0.0,0.0,0.0,0.0
285,18,0.0,-0.0011568,0.0,0.0,0.0,0.0,0.0,0.0,0.0,0.0,0.0,0.0,0.0,0.0,0.0
285,19,7.4,-0.00879168,7.6763485477178435,0.1865991369294606,0.0,1.0,0.0,0.0,0.0,0.0,7.4,0.0,0.0,0.0,0.0
285,20,44.4,-0.01237776,46.05809128630706,0.9544268215767635,0.0,6.0,0.0,0.0,0.0,0.0,44.4,0.0,0.0,0.0,0.0
285,21,28.008298755186722,-0.01931856,29.054251820733114,0.40040942821232417,0.0,4.0,0.0,0.0,0.0,0.0,28.008298755186722,0.0,0.0,0.0,0.0
285,22,50.20829875518672,-0.02394576,52.08329746388665,0.47678300497580955,0.0,7.0,0.0,0.0,0.0,0.0,50.20829875518672,0.0,0.0,0.0,0.0
285,23,49.702738101151425,-0.02406144,51.55885695140191,0.4660178220866631,0.0,7.0,0.0,0.0,0.0,0.0,49.702738101151425,0.0,0.0,0.0,0.0
286,0,44.63385145934608,-0.0234830399999999,46.30067578770341,0.4452717470233168,0.0,7.0,0.0,0.0,0.0,0.0,44.63385145934608,0.0,0.0,0.0,0.0
286,1,42.80829875518672,-0.01446,44.4069489161688,0.8277455277973862,0.0,7.0,0.0,0.0,0.0,0.0,42.80829875518672,0.0,0.0,0.0,0.0
286,2,44.4,-0.00219792,46.05809128630706,1.4232908215767637,0.0,6.0,0.0,0.0,0.0,0.0,44.4,0.0,0.0,0.0,0.0
286,3,51.69480824866945,0.00613104,53.625319760030564,2.1037770645185496,0.0,7.0,0.0,0.0,0.0,0.0,51.69480824866945,0.0,0.0,0.0,0.0
286,4,44.29480824866946,0.03424128,45.94897121231272,3.094262536120291,0.0,7.0,0.0,0.0,0.0,0.0,44.29480824866946,0.0,0.0,0.0,0.0
286,5,41.74218045719637,0.07149024,43.30101707178047,4.528863767781616,0.0,7.0,0.0,0.0,0.0,0.0,41.74218045719637,0.0,0.0,0.0,0.0
286,6,44.294808248669455,0.5495956799999999,45.94897121231272,26.77426702585898,0.0,7.0,0.0,0.0,0.0,0.0,44.294808248669455,0.0,0.0,0.0,0.0
286,7,46.2858824682143,0.5917031999999999,48.01440090063724,29.999551328801026,0.0,7.0,0.0,0.0,0.0,0.0,46.2858824682143,0.0,0.0,0.0,0.0
286,8,22.200000000000003,0.56174208,23.02904564315353,13.698645410788384,0.0,3.0,0.0,0.0,0.0,0.0,22.200000000000003,0.0,0.0,0.0,0.0
286,9,14.8,0.5332848,15.352697095435687,8.695534273858923,0.0,2.0,0.0,0.0,0.0,0.0,14.8,0.0,0.0,0.0,0.0
286,10,0.0,0.39608832,0.0,0.0,0.0,0.0,0.0,0.0,0.0,0.0,0.0,0.0,0.0,0.0,0.0
286,11,0.0,0.1147545599999999,0.0,0.0,0.0,0.0,0.0,0.0,0.0,0.0,0.0,0.0,0.0,0.0,0.0
286,12,0.0,0.08247984,0.0,0.0,0.0,0.0,0.0,0.0,0.0,0.0,0.0,0.0,0.0,0.0,0.0
286,13,0.0,0.05113056,0.0,0.0,0.0,0.0,0.0,0.0,0.0,0.0,0.0,0.0,0.0,0.0,0.0
286,14,0.0,0.04904832,0.0,0.0,0.0,0.0,0.0,0.0,0.0,0.0,0.0,0.0,0.0,0.0,0.0
286,15,0.0,0.04927968,0.0,0.0,0.0,0.0,0.0,0.0,0.0,0.0,0.0,0.0,0.0,0.0,0.0
286,16,0.0,0.0416447999999999,0.0,0.0,0.0,0.0,0.0,0.0,0.0,0.0,0.0,0.0,0.0,0.0,0.0
286,17,0.0,0.04557792,0.0,0.0,0.0,0.0,0.0,0.0,0.0,0.0,0.0,0.0,0.0,0.0,0.0
286,18,2.683477488861882,0.0312336,2.783690341143031,0.0,24.77484403617298,0.0,0.0,0.0,0.0,1.0,0.0,0.0,0.0,0.0,2.683477488861882
286,19,14.8,0.01260912,15.352697095435687,0.7017582738589212,0.0,2.0,0.0,0.0,0.0,0.0,14.8,0.0,0.0,0.0,0.0
286,20,0.0,-0.0011568,0.0,0.0,0.0,0.0,0.0,0.0,0.0,0.0,0.0,0.0,0.0,0.0,0.0
286,21,51.67538878628282,-0.02325168,53.605175089505,0.5279209179374739,0.0,7.0,0.0,0.0,0.0,0.0,51.67538878628282,0.0,0.0,0.0,0.0
286,22,46.84849834079827,-0.03447264,48.59802732447953,-0.06670759622667366,0.0,7.0,0.0,0.0,0.0,0.0,46.84849834079827,0.0,0.0,0.0,0.0
286,23,49.48376933815994,-0.01446,51.33171093170119,0.95682309176691,0.0,7.0,0.0,0.0,0.0,0.0,49.48376933815994,0.0,0.0,0.0,0.0
287,0,51.694808248669474,-0.02383008,53.625319760030585,0.49710242414990263,0.0,7.0,0.0,0.0,0.0,0.0,51.694808248669474,0.0,0.0,0.0,0.0
287,1,37.69929794130249,-0.03204336,39.10715554077022,0.04132218483059935,0.0,6.0,0.0,0.0,0.0,0.0,37.69929794130249,0.0,0.0,0.0,0.0
287,2,42.82012372473645,-0.03967824,44.41921548209175,-0.2922002600529152,0.0,7.0,0.0,0.0,0.0,0.0,42.82012372473645,0.0,0.0,0.0,0.0
287,3,47.480069267980035,-0.0456936,49.25318388794609,-0.6202748966112381,0.0,7.0,0.0,0.0,0.0,0.0,47.480069267980035,0.0,0.0,0.0,0.0
287,4,45.75095608573394,-0.05055216,47.45949801424683,-0.8282707528643182,0.0,7.0,0.0,0.0,0.0,0.0,45.75095608573394,0.0,0.0,0.0,0.0
287,5,51.694808248669474,-0.03493536,53.625319760030585,-0.09842176687476979,0.0,7.0,0.0,0.0,0.0,0.0,51.694808248669474,0.0,0.0,0.0,0.0
287,6,51.69480824866945,-0.0300767999999999,53.625319760030564,0.16212006669852963,0.0,7.0,0.0,0.0,0.0,0.0,51.69480824866945,0.0,0.0,0.0,0.0
287,7,44.431853901073204,-0.0234830399999999,46.09113475215062,0.443256599266047,0.0,7.0,0.0,0.0,0.0,0.0,44.431853901073204,0.0,0.0,0.0,0.0
287,8,50.101894844299785,-0.0234830399999999,51.972919962966586,0.49982149236705625,0.0,7.0,0.0,0.0,0.0,0.0,50.101894844299785,0.0,0.0,0.0,0.0
287,9,5.106352919749035,-0.02533392,5.297046597250037,0.04113728763797156,0.0,1.0,0.0,0.0,0.0,0.0,5.106352919749035,0.0,0.0,0.0,0.0
287,10,0.0,-0.02533392,0.0,0.0,0.0,0.0,0.0,0.0,0.0,0.0,0.0,0.0,0.0,0.0,0.0
287,11,0.0,-0.0300767999999999,0.0,0.0,0.0,0.0,0.0,0.0,0.0,0.0,0.0,0.0,0.0,0.0,0.0
287,12,0.0,-0.03030816,0.0,0.0,0.0,0.0,0.0,0.0,0.0,0.0,0.0,0.0,0.0,0.0,0.0
287,13,5.921039782009563,-0.02440848,6.14215745021739,0.0,54.66520130693477,0.0,0.0,0.0,0.0,1.0,0.0,0.0,0.0,0.0,5.921039782009563
287,14,0.0,-0.01446,0.0,0.0,0.0,0.0,0.0,0.0,0.0,0.0,0.0,0.0,0.0,0.0,0.0
287,15,0.0,-0.01179936,0.0,0.0,0.0,0.0,0.0,0.0,0.0,0.0,0.0,0.0,0.0,0.0,0.0
287,16,0.0,0.0,0.0,0.0,0.0,0.0,0.0,0.0,0.0,0.0,0.0,0.0,0.0,0.0,0.0
287,17,0.0,0.00011568,0.0,0.0,0.0,0.0,0.0,0.0,0.0,0.0,0.0,0.0,0.0,0.0,0.0
287,18,0.0,0.0,0.0,0.0,0.0,0.0,0.0,0.0,0.0,0.0,0.0,0.0,0.0,0.0,0.0
287,19,29.6,-0.01237776,30.705394190871374,0.6362845477178423,0.0,4.0,0.0,0.0,0.0,0.0,29.6,0.0,0.0,0.0,0.0
287,20,37.0,-0.0146913599999999,38.38174273858922,0.7065556846473067,0.0,5.0,0.0,0.0,0.0,0.0,37.0,0.0,0.0,0.0,0.0
287,21,51.69480824866946,-0.02591232,53.625319760030585,0.38544163833277656,0.0,7.0,0.0,0.0,0.0,0.0,51.69480824866946,0.0,0.0,0.0,0.0
287,22,43.29955346617493,-0.03562944,44.91654923877068,-0.11361371630651615,0.0,7.0,0.0,0.0,0.0,0.0,43.29955346617493,0.0,0.0,0.0,0.0
287,23,51.694808248669474,-0.05055216,53.625319760030585,-0.9358776605032155,0.0,7.0,0.0,0.0,0.0,0.0,51.694808248669474,0.0,0.0,0.0,0.0
288,0,51.694808248669474,-0.0508992,53.625319760030585,-0.9544877914727365,0.0,8.0,0.0,0.0,0.0,0.0,51.694808248669474,0.0,0.0,0.0,0.0
288,1,48.2082784391463,-0.0512462399999999,50.00858759247542,-0.9074678325140764,0.0,8.0,0.0,0.0,0.0,0.0,48.2082784391463,0.0,0.0,0.0,0.0
288,2,49.025984880696996,-0.0503207999999999,50.856830789104784,-0.8757953116530107,0.0,8.0,0.0,0.0,0.0,0.0,49.025984880696996,0.0,0.0,0.0,0.0
288,3,51.694808248669474,-0.05008944,53.625319760030585,-0.9110641525438541,0.0,7.0,0.0,0.0,0.0,0.0,51.694808248669474,0.0,0.0,0.0,0.0
288,4,48.78722885739653,-0.04592496,50.609158565764034,-0.6490604342395814,0.0,7.0,0.0,0.0,0.0,0.0,48.78722885739653,0.0,0.0,0.0,0.0
288,5,45.00511705676112,-0.03840576,46.68580607547835,-0.24770368244302998,0.0,7.0,0.0,0.0,0.0,0.0,45.00511705676112,0.0,0.0,0.0,0.0
288,6,49.61845970095161,-0.03481968,51.47143122505355,-0.08851439084910014,0.0,7.0,0.0,0.0,0.0,0.0,49.61845970095161,0.0,0.0,0.0,0.0
288,7,49.59831515715571,-0.03019248,51.45053439538975,0.14959345776528343,0.0,7.0,0.0,0.0,0.0,0.0,49.59831515715571,0.0,0.0,0.0,0.0
288,8,51.69480824866946,-0.0350510399999999,53.625319760030564,-0.10462514386460488,0.0,7.0,0.0,0.0,0.0,0.0,51.69480824866946,0.0,0.0,0.0,0.0
288,9,21.22328433160348,-0.03481968,22.015855115771245,-0.03786022572548952,0.0,4.0,0.0,0.0,0.0,0.0,21.22328433160348,0.0,0.0,0.0,0.0
288,10,1.0508265138049744,-0.03516672,1.0900689977230025,0.0,9.701614079734723,0.0,0.0,0.0,0.0,1.0,0.0,0.0,0.0,0.0,1.0508265138049744
288,11,0.0,-0.03551376,0.0,0.0,0.0,0.0,0.0,0.0,0.0,0.0,0.0,0.0,0.0,0.0,0.0
288,12,6.513041513997375,-0.03539808,6.756267130702671,0.0,60.13077746325378,0.0,0.0,0.0,0.0,1.0,0.0,0.0,0.0,0.0,6.513041513997375
288,13,4.55428725947143,-0.03019248,4.724364377045052,0.0,42.04684295570096,0.0,0.0,0.0,0.0,1.0,0.0,0.0,0.0,0.0,4.55428725947143
288,14,7.012404794083285,-0.0242928,7.274278832036604,0.0,64.74108160512577,0.0,0.0,0.0,0.0,1.0,0.0,0.0,0.0,0.0,7.012404794083285
288,15,9.64061593548944,-0.01295616,10.00063893722971,0.0,89.00568654134442,0.0,0.0,0.0,0.0,1.0,0.0,0.0,0.0,0.0,9.64061593548944
288,16,0.0,-0.0003470399999999,0.0,0.0,0.0,0.0,0.0,0.0,0.0,0.0,0.0,0.0,0.0,0.0,0.0
288,17,7.636226758874078,0.0,7.921397052773941,0.0,70.50043376968807,0.0,0.0,0.0,0.0,1.0,0.0,0.0,0.0,0.0,7.636226758874078
288,18,0.0,-0.00011568,0.0,0.0,0.0,0.0,0.0,0.0,0.0,0.0,0.0,0.0,0.0,0.0,0.0
288,19,18.348010153482498,-0.0053212799999999,19.033205553405082,0.42647827385892273,32.756525275927615,2.0,0.0,0.0,0.0,1.0,14.8,0.0,0.0,0.0,3.548010153482496
288,20,21.12860042408525,-0.0127248,21.917635294694243,0.43557905476834063,4.8036149929428635,3.0,0.0,0.0,0.0,1.0,20.60829875518672,0.0,0.0,0.0,0.5203016688985302
288,21,51.29120986524755,-0.01457568,53.20664923780867,0.9856169966089237,0.0,7.0,0.0,0.0,0.0,0.0,51.29120986524755,0.0,0.0,0.0,0.0
288,22,51.69480824866946,-0.02394576,53.625319760030585,0.4908990471600623,0.0,7.0,0.0,0.0,0.0,0.0,51.69480824866946,0.0,0.0,0.0,0.0
288,23,51.69480824866946,-0.0237144,53.625319760030564,0.5033058011397428,0.0,7.0,0.0,0.0,0.0,0.0,51.69480824866946,0.0,0.0,0.0,0.0
289,0,48.82902156039477,-0.02394576,50.65251199211076,0.4636852513786599,0.0,7.0,0.0,0.0,0.0,0.0,48.82902156039477,0.0,0.0,0.0,0.0
289,1,51.694808248669474,-0.02417712,53.625319760030585,0.4784922931803816,0.0,7.0,0.0,0.0,0.0,0.0,51.694808248669474,0.0,0.0,0.0,0.0
289,2,37.56856259323133,-0.02406144,38.97153795978353,0.352246584141781,0.0,7.0,0.0,0.0,0.0,0.0,37.56856259323133,0.0,0.0,0.0,0.0
289,3,50.86948611166427,-0.02336736,52.769176464382035,0.513583397624303,0.0,7.0,0.0,0.0,0.0,0.0,50.86948611166427,0.0,0.0,0.0,0.0
289,4,45.584695855563595,-0.0127248,47.28702889581287,0.9634826711579663,0.0,7.0,0.0,0.0,0.0,0.0,45.584695855563595,0.0,0.0,0.0,0.0
289,5,44.29480824866946,0.0451152,45.94897121231272,3.5939079731652823,0.0,7.0,0.0,0.0,0.0,0.0,44.29480824866946,0.0,0.0,0.0,0.0
289,6,46.00066306033185,0.66365616,47.718530145572466,33.248179825073315,0.0,7.0,0.0,0.0,0.0,0.0,46.00066306033185,0.0,0.0,0.0,0.0
289,7,45.37809444472852,0.75793536,47.07271207959391,37.23617974605791,0.0,7.0,0.0,0.0,0.0,0.0,45.37809444472852,0.0,0.0,0.0,0.0
289,8,29.870564295667368,0.73237008,30.986062547372793,23.718903777022458,0.0,5.0,0.0,0.0,0.0,0.0,29.870564295667368,0.0,0.0,0.0,0.0
289,9,0.0,0.6839001599999999,0.0,0.0,0.0,0.0,0.0,0.0,0.0,0.0,0.0,0.0,0.0,0.0,0.0
289,10,0.0,0.34669296,0.0,0.0,0.0,0.0,0.0,0.0,0.0,0.0,0.0,0.0,0.0,0.0,0.0
289,11,0.0,0.1147545599999999,0.0,0.0,0.0,0.0,0.0,0.0,0.0,0.0,0.0,0.0,0.0,0.0,0.0
289,12,0.0,0.05691456,0.0,0.0,0.0,0.0,0.0,0.0,0.0,0.0,0.0,0.0,0.0,0.0,0.0
289,13,0.0,0.03389424,0.0,0.0,0.0,0.0,0.0,0.0,0.0,0.0,0.0,0.0,0.0,0.0,0.0
289,14,0.0,0.05830272,0.0,0.0,0.0,0.0,0.0,0.0,0.0,0.0,0.0,0.0,0.0,0.0,0.0
289,15,0.0,0.23043456,0.0,0.0,0.0,0.0,0.0,0.0,0.0,0.0,0.0,0.0,0.0,0.0,0.0
289,16,0.0,0.66018576,0.0,0.0,0.0,0.0,0.0,0.0,0.0,0.0,0.0,0.0,0.0,0.0,0.0
289,17,0.0,0.66203664,0.0,0.0,0.0,0.0,0.0,0.0,0.0,0.0,0.0,0.0,0.0,0.0,0.0
289,18,0.0,0.65393904,0.0,0.0,0.0,0.0,0.0,0.0,0.0,0.0,0.0,0.0,0.0,0.0,0.0
289,19,0.0,0.23066592,0.0,0.0,0.0,0.0,0.0,0.0,0.0,0.0,0.0,0.0,0.0,0.0,0.0
289,20,37.0,0.03921552,38.38174273858922,2.775595684647303,0.0,5.0,0.0,0.0,0.0,0.0,37.0,0.0,0.0,0.0,0.0
289,21,29.11655766021223,0.03447264,30.203897987772027,2.0409571253244434,0.0,5.0,0.0,0.0,0.0,0.0,29.11655766021223,0.0,0.0,0.0,0.0
289,22,50.20829875518672,0.03146496,52.083297463886645,3.3627560174239433,0.0,7.0,0.0,0.0,0.0,0.0,50.20829875518672,0.0,0.0,0.0,0.0
289,23,49.02365593873972,0.0406036799999999,50.85441487421133,3.7481575204761075,0.0,7.0,0.0,0.0,0.0,0.0,49.02365593873972,0.0,0.0,0.0,0.0
290,0,44.29480824866946,0.0422231999999999,45.94897121231272,3.461023548419269,0.0,7.0,0.0,0.0,0.0,0.0,44.29480824866946,0.0,0.0,0.0,0.0
290,1,44.79804888738254,0.04557792,46.471005069898915,3.6562420192091016,0.0,7.0,0.0,0.0,0.0,0.0,44.79804888738255,0.0,0.0,0.0,0.0
290,2,29.6,0.0574929599999999,30.705394190871374,2.781692547717839,0.0,4.0,0.0,0.0,0.0,0.0,29.6,0.0,0.0,0.0,0.0
290,3,51.69480824866946,0.08294256,53.625319760030564,6.2228193857725325,0.0,7.0,0.0,0.0,0.0,0.0,51.69480824866946,0.0,0.0,0.0,0.0
290,4,51.69480824866946,0.14217072,53.625319760030564,9.398948404570785,0.0,7.0,0.0,0.0,0.0,0.0,51.69480824866946,0.0,0.0,0.0,0.0
290,5,49.6256213842856,0.63207552,51.47886035714275,34.24247770706981,0.0,7.0,0.0,0.0,0.0,0.0,49.6256213842856,0.0,0.0,0.0,0.0
290,6,50.208298755186725,1.86291072,52.083297463886645,98.75049032447788,0.0,7.0,0.0,0.0,0.0,0.0,50.208298755186725,0.0,0.0,0.0,0.0
290,7,36.1823388465132,2.157432,37.53354652127925,82.21843472835087,0.0,7.0,0.0,0.0,0.0,0.0,36.1823388465132,0.0,0.0,0.0,0.0
290,8,32.43701873104081,1.2720172799999998,33.64835967950292,43.9150556613745,0.0,5.0,0.0,0.0,0.0,0.0,32.43701873104081,0.0,0.0,0.0,0.0
290,9,7.4,0.7253136000000001,7.6763485477178435,5.821847136929462,0.0,1.0,0.0,0.0,0.0,0.0,7.4,0.0,0.0,0.0,0.0
290,10,0.0,0.6900312000000001,0.0,0.0,0.0,0.0,0.0,0.0,0.0,0.0,0.0,0.0,0.0,0.0,0.0
290,11,0.0,0.3360504,0.0,0.0,0.0,0.0,0.0,0.0,0.0,0.0,0.0,0.0,0.0,0.0,0.0
290,12,0.0,0.24975312,0.0,0.0,0.0,0.0,0.0,0.0,0.0,0.0,0.0,0.0,0.0,0.0,0.0
290,13,0.0,0.2312443199999999,0.0,0.0,0.0,0.0,0.0,0.0,0.0,0.0,0.0,0.0,0.0,0.0,0.0
290,14,0.0,0.28896864,0.0,0.0,0.0,0.0,0.0,0.0,0.0,0.0,0.0,0.0,0.0,0.0,0.0
290,15,0.0,0.5773588799999999,0.0,0.0,0.0,0.0,0.0,0.0,0.0,0.0,0.0,0.0,0.0,0.0,0.0
290,16,0.7798801589407239,0.61819392,0.8090043142538631,0.0,7.200138396859382,0.0,0.0,0.0,0.0,1.0,0.0,0.0,0.0,0.0,0.7798801589407239
290,17,0.8632285267270653,0.653592,0.8954652766878272,0.0,7.969640962521662,0.0,0.0,0.0,0.0,1.0,0.0,0.0,0.0,0.0,0.8632285267270653
290,18,0.0,0.62744832,0.0,0.0,0.0,0.0,0.0,0.0,0.0,0.0,0.0,0.0,0.0,0.0,0.0
290,19,7.4,0.60049488,7.6763485477178435,4.863695136929461,0.0,1.0,0.0,0.0,0.0,0.0,7.4,0.0,0.0,0.0,0.0
290,20,14.8,0.52021296,15.352697095435687,8.494846273858922,0.0,2.0,0.0,0.0,0.0,0.0,14.8,0.0,0.0,0.0,0.0
290,21,37.0,0.18497232,38.38174273858922,8.369995684647304,0.0,5.0,0.0,0.0,0.0,0.0,37.0,0.0,0.0,0.0,0.0
290,22,51.69480824866945,0.09925344,53.625319760030564,7.097495541340022,0.0,7.0,0.0,0.0,0.0,0.0,51.69480824866945,0.0,0.0,0.0,0.0
290,23,34.02698101303452,0.0853718399999999,35.29769814630138,4.181783247156909,0.0,5.0,0.0,0.0,0.0,0.0,34.02698101303452,0.0,0.0,0.0,0.0
291,0,41.75515325890789,0.0840993599999999,43.3144743349667,5.076428670794518,0.0,7.0,0.0,0.0,0.0,0.0,41.75515325890789,0.0,0.0,0.0,0.0
291,1,51.69480824866946,0.08178576,53.625319760030564,6.16078561587413,0.0,7.0,0.0,0.0,0.0,0.0,51.69480824866946,0.0,0.0,0.0,0.0
291,2,51.69480824866945,0.0839836799999999,53.625319760030564,6.278649778681091,0.0,7.0,0.0,0.0,0.0,0.0,51.69480824866945,0.0,0.0,0.0,0.0
291,3,44.744158268966345,0.092544,46.41510193876178,5.831779067993785,0.0,7.0,0.0,0.0,0.0,0.0,44.744158268966345,0.0,0.0,0.0,0.0
291,4,51.42870087058719,0.10388064,53.34927476201992,7.307817800437338,0.0,7.0,0.0,0.0,0.0,0.0,51.42870087058719,0.0,0.0,0.0,0.0
291,5,48.16767080441655,0.54473712,49.96646349005867,28.872477359680655,0.0,7.0,0.0,0.0,0.0,0.0,48.16767080441655,0.0,0.0,0.0,0.0
291,6,44.74258554659867,0.82688064,46.41347048402353,39.91468605147166,0.0,7.0,0.0,0.0,0.0,0.0,44.74258554659867,0.0,0.0,0.0,0.0
291,7,29.173920906996308,1.7967417600000002,30.263403430494098,55.377239396845354,0.0,5.0,0.0,0.0,0.0,0.0,29.173920906996308,0.0,0.0,0.0,0.0
291,8,7.4,1.33795488,7.6763485477178435,10.524695136929463,0.0,1.0,0.0,0.0,0.0,0.0,7.4,0.0,0.0,0.0,0.0
291,9,7.4,0.97842144,7.6763485477178435,7.76479113692946,0.0,1.0,0.0,0.0,0.0,0.0,7.4,0.0,0.0,0.0,0.0
291,10,0.0,0.76129008,0.0,0.0,0.0,0.0,0.0,0.0,0.0,0.0,0.0,0.0,0.0,0.0,0.0
291,11,0.0,0.7196452799999999,0.0,0.0,0.0,0.0,0.0,0.0,0.0,0.0,0.0,0.0,0.0,0.0,0.0
291,12,20.998379347469434,0.7130515199999999,21.78255119032099,0.0,193.86470559385683,0.0,0.0,0.0,0.0,1.0,0.0,0.0,0.0,0.0,20.998379347469434
291,13,0.0,0.6877176,0.0,0.0,0.0,0.0,0.0,0.0,0.0,0.0,0.0,0.0,0.0,0.0,0.0
291,14,0.0,0.5805979199999999,0.0,0.0,0.0,0.0,0.0,0.0,0.0,0.0,0.0,0.0,0.0,0.0,0.0
291,15,4.329103172630839,0.62328384,4.4907709259656015,0.0,39.96786124109386,0.0,0.0,0.0,0.0,1.0,0.0,0.0,0.0,0.0,4.329103172630839
291,16,0.0,0.6726791999999999,0.0,0.0,0.0,0.0,0.0,0.0,0.0,0.0,0.0,0.0,0.0,0.0,0.0
291,17,0.0,0.69512112,0.0,0.0,0.0,0.0,0.0,0.0,0.0,0.0,0.0,0.0,0.0,0.0,0.0
291,18,7.4,0.5958676799999999,7.6763485477178435,4.8281751369294605,0.0,1.0,0.0,0.0,0.0,0.0,7.4,0.0,0.0,0.0,0.0
291,19,14.8,0.5476291200000001,15.352697095435687,8.915758273858923,0.0,2.0,0.0,0.0,0.0,0.0,14.8,0.0,0.0,0.0,0.0
291,20,14.8,0.3811656,15.352697095435687,6.360094273858922,0.0,2.0,0.0,0.0,0.0,0.0,14.8,0.0,0.0,0.0,0.0
291,21,41.825879827787695,0.0989064,43.38784214500799,5.727472845330783,0.0,6.0,0.0,0.0,0.0,0.0,41.825879827787695,0.0,0.0,0.0,0.0
291,22,37.04589791293912,0.0787780799999999,38.42935468147212,4.299402417402109,0.0,7.0,0.0,0.0,0.0,0.0,37.04589791293912,0.0,0.0,0.0,0.0
291,23,49.043520543565165,0.04673472,50.87502131075225,4.06159308133794,0.0,7.0,0.0,0.0,0.0,0.0,49.043520543565165,0.0,0.0,0.0,0.0
292,0,42.73579408766258,0.03366288,44.33173660545912,2.959714411181874,0.0,7.0,0.0,0.0,0.0,0.0,42.73579408766258,0.0,0.0,0.0,0.0
292,1,42.69045326519881,0.02845728,44.28470255726019,2.7260458350339816,0.0,6.0,0.0,0.0,0.0,0.0,42.69045326519881,0.0,0.0,0.0,0.0
292,2,44.4,0.02221056,46.05809128630706,2.547498821576764,0.0,6.0,0.0,0.0,0.0,0.0,44.4,0.0,0.0,0.0,0.0
292,3,51.69480824866945,0.0283415999999999,53.625319760030564,3.294825446567889,0.0,7.0,0.0,0.0,0.0,0.0,51.69480824866945,0.0,0.0,0.0,0.0
292,4,51.69480824866946,0.04870128,53.625319760030564,4.386619796779793,0.0,7.0,0.0,0.0,0.0,0.0,51.69480824866946,0.0,0.0,0.0,0.0
292,5,51.694808248669474,0.09474192,53.625319760030585,6.85556383873625,0.0,7.0,0.0,0.0,0.0,0.0,51.694808248669474,0.0,0.0,0.0,0.0
292,6,49.58185258120277,0.13893168,51.43345703444271,8.848184021842997,0.0,7.0,0.0,0.0,0.0,0.0,49.58185258120277,0.0,0.0,0.0,0.0
292,7,38.39966145163855,0.21956064,39.833673705019244,10.064401491861334,0.0,6.0,0.0,0.0,0.0,0.0,38.39966145163855,0.0,0.0,0.0,0.0
292,8,50.31349050651726,0.21886656,52.192417537880985,13.15074390510354,0.0,7.0,0.0,0.0,0.0,0.0,50.31349050651726,0.0,0.0,0.0,0.0
292,9,25.379735998662085,0.1739827199999999,26.327526969566478,5.451975895731181,0.0,4.0,0.0,0.0,0.0,0.0,25.379735998662085,0.0,0.0,0.0,0.0
292,10,0.0,0.1220424,0.0,0.0,0.0,0.0,0.0,0.0,0.0,0.0,0.0,0.0,0.0,0.0,0.0
292,11,0.0,0.11382912,0.0,0.0,0.0,0.0,0.0,0.0,0.0,0.0,0.0,0.0,0.0,0.0,0.0
292,12,0.0,0.10978032,0.0,0.0,0.0,0.0,0.0,0.0,0.0,0.0,0.0,0.0,0.0,0.0,0.0
292,13,0.0,0.10619424,0.0,0.0,0.0,0.0,0.0,0.0,0.0,0.0,0.0,0.0,0.0,0.0,0.0
292,14,0.0,0.10341792,0.0,0.0,0.0,0.0,0.0,0.0,0.0,0.0,0.0,0.0,0.0,0.0,0.0
292,15,0.0,0.09925344,0.0,0.0,0.0,0.0,0.0,0.0,0.0,0.0,0.0,0.0,0.0,0.0,0.0
292,16,0.0,0.10515312,0.0,0.0,0.0,0.0,0.0,0.0,0.0,0.0,0.0,0.0,0.0,0.0,0.0
292,17,0.0,0.1023768,0.0,0.0,0.0,0.0,0.0,0.0,0.0,0.0,0.0,0.0,0.0,0.0,0.0
292,18,0.0,0.09913776,0.0,0.0,0.0,0.0,0.0,0.0,0.0,0.0,0.0,0.0,0.0,0.0,0.0
292,19,14.8,0.0902304,15.352697095435687,1.8934542738589215,0.0,2.0,0.0,0.0,0.0,0.0,14.8,0.0,0.0,0.0,0.0
292,20,41.416338651221075,0.0868756799999999,42.96300689960693,5.154515967625029,0.0,6.0,0.0,0.0,0.0,0.0,41.416338651221075,0.0,0.0,0.0,0.0
292,21,50.20829875518672,0.0699863999999999,52.083297463886645,5.369079635681198,0.0,7.0,0.0,0.0,0.0,0.0,50.20829875518672,0.0,0.0,0.0,0.0
292,22,29.6,0.049164,30.705394190871374,2.5259485477178427,0.0,5.0,0.0,0.0,0.0,0.0,29.6,0.0,0.0,0.0,0.0
292,23,42.76215407792764,0.07449792,44.35908099370087,4.772944848033746,0.0,7.0,0.0,0.0,0.0,0.0,42.76215407792764,0.0,0.0,0.0,0.0
293,0,51.69480824866946,0.07206864,53.625319760030564,5.6397019487275415,0.0,7.0,0.0,0.0,0.0,0.0,51.69480824866946,0.0,0.0,0.0,0.0
293,1,39.61687313659092,0.06963936,41.09634142799889,4.222211816654092,0.0,6.0,0.0,0.0,0.0,0.0,39.61687313659092,0.0,0.0,0.0,0.0
293,2,51.69480824866946,0.0655905599999999,53.625319760030564,5.2923128372964765,0.0,7.0,0.0,0.0,0.0,0.0,51.69480824866946,0.0,0.0,0.0,0.0
293,3,34.876749337881606,0.06258288,36.17920055796847,3.4617301054840297,0.0,6.0,0.0,0.0,0.0,0.0,34.876749337881606,0.0,0.0,0.0,0.0
293,4,48.56297366098953,0.0971712,50.376528693972546,6.562610844798237,0.0,7.0,0.0,0.0,0.0,0.0,48.56297366098953,0.0,0.0,0.0,0.0
293,5,51.69480824866946,0.1154486399999999,53.625319760030564,7.965968319917662,0.0,7.0,0.0,0.0,0.0,0.0,51.69480824866946,0.0,0.0,0.0,0.0
293,6,45.99169453745878,0.21875088,47.7092266986087,12.015610728164097,0.0,7.0,0.0,0.0,0.0,0.0,45.99169453745878,0.0,0.0,0.0,0.0
293,7,29.880863958622825,0.27670656,30.996746845044427,9.602995511254067,0.0,5.0,0.0,0.0,0.0,0.0,29.880863958622825,0.0,0.0,0.0,0.0
293,8,44.4,0.21886656,46.05809128630706,11.605098821576766,0.0,6.0,0.0,0.0,0.0,0.0,44.4,0.0,0.0,0.0,0.0
293,9,7.4,0.1605638399999999,7.6763485477178435,1.48663113692946,0.0,1.0,0.0,0.0,0.0,0.0,7.4,0.0,0.0,0.0,0.0
293,10,0.0,0.13210656,0.0,0.0,0.0,0.0,0.0,0.0,0.0,0.0,0.0,0.0,0.0,0.0,0.0
293,11,0.0,0.11903472,0.0,0.0,0.0,0.0,0.0,0.0,0.0,0.0,0.0,0.0,0.0,0.0,0.0
293,12,0.0,0.11487024,0.0,0.0,0.0,0.0,0.0,0.0,0.0,0.0,0.0,0.0,0.0,0.0,0.0
293,13,0.0,0.11382912,0.0,0.0,0.0,0.0,0.0,0.0,0.0,0.0,0.0,0.0,0.0,0.0,0.0
293,14,0.0,0.11313504,0.0,0.0,0.0,0.0,0.0,0.0,0.0,0.0,0.0,0.0,0.0,0.0,0.0
293,15,0.0,0.1149859199999999,0.0,0.0,0.0,0.0,0.0,0.0,0.0,0.0,0.0,0.0,0.0,0.0,0.0
293,16,0.0,0.11810928,0.0,0.0,0.0,0.0,0.0,0.0,0.0,0.0,0.0,0.0,0.0,0.0,0.0
293,17,0.0,0.11637408,0.0,0.0,0.0,0.0,0.0,0.0,0.0,0.0,0.0,0.0,0.0,0.0,0.0
293,18,0.0,0.1116312,0.0,0.0,0.0,0.0,0.0,0.0,0.0,0.0,0.0,0.0,0.0,0.0,0.0
293,19,22.200000000000003,0.1029552,23.02904564315353,3.1332214107883822,0.0,3.0,0.0,0.0,0.0,0.0,22.200000000000003,0.0,0.0,0.0,0.0
293,20,51.071007548080054,0.0989064,52.97822359759343,6.993464575513357,0.0,7.0,0.0,0.0,0.0,0.0,51.071007548080054,0.0,0.0,0.0,0.0
293,21,47.32572917580417,0.08490912,49.09308005788815,5.793431175720929,0.0,7.0,0.0,0.0,0.0,0.0,47.32572917580417,0.0,0.0,0.0,0.0
293,22,37.93419393154545,0.06917664,39.35082358044135,4.024670017040311,0.0,7.0,0.0,0.0,0.0,0.0,37.93419393154545,0.0,0.0,0.0,0.0
293,23,39.330510587861596,0.0839836799999999,40.79928484218009,4.776930410690659,0.0,7.0,0.0,0.0,0.0,0.0,39.330510587861596,0.0,0.0,0.0,0.0
294,0,44.194086662498044,0.07334112,45.84448823910584,4.879738673997254,0.0,7.0,0.0,0.0,0.0,0.0,44.194086662498044,0.0,0.0,0.0,0.0
294,1,51.69480824866945,0.0614260799999999,53.625319760030564,5.068991265662225,0.0,7.0,0.0,0.0,0.0,0.0,51.69480824866945,0.0,0.0,0.0,0.0
294,2,51.69480824866946,0.05830272,53.62531976003057,4.901500086936542,0.0,9.0,0.0,0.0,0.0,0.0,51.69480824866946,0.0,0.0,0.0,0.0
294,3,51.69480824866946,0.05969088,53.625319760030564,4.975940610814625,0.0,7.0,0.0,0.0,0.0,0.0,51.69480824866946,0.0,0.0,0.0,0.0
294,4,47.04628155721849,0.0683668799999999,48.80319663611878,4.951908096693463,0.0,7.0,0.0,0.0,0.0,0.0,47.04628155721849,0.0,0.0,0.0,0.0
294,5,42.60344137390985,0.0795878399999999,44.19444125924258,4.980176125510923,0.0,7.0,0.0,0.0,0.0,0.0,42.60344137390985,0.0,0.0,0.0,0.0
294,6,51.69480824866946,0.09855936,53.625319760030564,7.060275279400978,0.0,7.0,0.0,0.0,0.0,0.0,51.69480824866946,0.0,0.0,0.0,0.0
294,7,45.72099072744777,0.1075824,47.42841361768442,6.6723430559285255,0.0,7.0,0.0,0.0,0.0,0.0,45.72099072744777,0.0,0.0,0.0,0.0
294,8,26.006639325343343,0.11556432,26.977841623800153,4.010642480069945,0.0,4.0,0.0,0.0,0.0,0.0,26.006639325343343,0.0,0.0,0.0,0.0
294,9,10.210290476503591,0.11521728,10.591587631227792,1.4132225896496151,9.462596808625628,2.0,0.0,0.0,0.0,1.0,9.185353024423241,0.0,0.0,0.0,1.0249374520803487
294,10,0.0,0.112788,0.0,0.0,0.0,0.0,0.0,0.0,0.0,0.0,0.0,0.0,0.0,0.0,0.0
294,11,2.1893325918247775,0.1126723199999999,2.2710919002331718,0.0,20.21271791207523,0.0,0.0,0.0,0.0,1.0,0.0,0.0,0.0,0.0,2.1893325918247775
294,12,61.74165904396361,0.1109371199999999,64.04736415348923,0.0,570.0215409660541,0.0,0.0,0.0,0.0,7.0,0.0,0.0,0.0,0.0,61.74165904396361
294,13,0.0,0.10978032,0.0,0.0,0.0,0.0,0.0,0.0,0.0,0.0,0.0,0.0,0.0,0.0,0.0
294,14,2.6575043154608595,0.1133663999999999,2.7567472152083607,0.0,24.53505021535441,0.0,0.0,0.0,0.0,1.0,0.0,0.0,0.0,0.0,2.6575043154608595
294,15,2.2558400748290266,0.12424032,2.340083065175339,0.0,20.826739280060515,0.0,0.0,0.0,0.0,1.0,0.0,0.0,0.0,0.0,2.2558400748290266
294,16,0.0,0.1502683199999999,0.0,0.0,0.0,0.0,0.0,0.0,0.0,0.0,0.0,0.0,0.0,0.0,0.0
294,17,0.0,0.1654224,0.0,0.0,0.0,0.0,0.0,0.0,0.0,0.0,0.0,0.0,0.0,0.0,0.0
294,18,7.4,0.15084672,7.6763485477178435,1.4120391369294607,0.0,1.0,0.0,0.0,0.0,0.0,7.4,0.0,0.0,0.0,0.0
294,19,14.8,0.1329163199999999,15.352697095435687,2.5487982738589197,0.0,2.0,0.0,0.0,0.0,0.0,14.8,0.0,0.0,0.0,0.0
294,20,51.69480824866946,0.12123264,53.62531976003057,8.276137169409683,0.0,7.0,0.0,0.0,0.0,0.0,51.69480824866946,0.0,0.0,0.0,0.0
294,21,51.69480824866946,0.11579568,53.62531976003057,7.984578450887188,0.0,9.0,0.0,0.0,0.0,0.0,51.69480824866946,0.0,0.0,0.0,0.0
294,22,51.694808248669474,0.1074667199999999,53.62531976003058,7.537935307618679,0.0,9.0,0.0,0.0,0.0,0.0,51.694808248669474,0.0,0.0,0.0,0.0
294,23,51.69480824866949,0.12227376,53.6253197600306,8.331967562318251,0.0,10.0,0.0,0.0,0.0,0.0,51.69480824866949,0.0,0.0,0.0,0.0
295,0,51.694808248669474,0.1216953599999999,53.62531976003059,8.300950677369043,0.0,8.0,0.0,0.0,0.0,0.0,51.694808248669474,0.0,0.0,0.0,0.0
295,1,51.694808248669474,0.12331488,53.62531976003059,8.387797955226814,0.0,8.0,0.0,0.0,0.0,0.0,51.694808248669474,0.0,0.0,0.0,0.0
295,2,51.694808248669474,0.12343056,53.625319760030585,8.394001332216654,0.0,8.0,0.0,0.0,0.0,0.0,51.694808248669474,0.0,0.0,0.0,0.0
295,3,51.69480824866948,0.12597552,53.625319760030585,8.53047562599314,0.0,8.0,0.0,0.0,0.0,0.0,51.69480824866948,0.0,0.0,0.0,0.0
295,4,51.69480824866946,0.13569264,53.62531976003058,9.051559293139727,0.0,11.0,0.0,0.0,0.0,0.0,51.69480824866947,0.0,0.0,0.0,0.0
295,5,51.69480824866946,0.15801888,53.62531976003057,10.248811052178912,0.0,8.0,0.0,0.0,0.0,0.0,51.69480824866946,0.0,0.0,0.0,0.0
295,6,51.694808248669474,0.1668105599999999,53.625319760030585,10.720267703406776,0.0,9.0,0.0,0.0,0.0,0.0,51.694808248669474,0.0,0.0,0.0,0.0
295,7,51.694808248669474,0.1973500799999999,53.625319760030585,12.357959228724622,0.0,8.0,0.0,0.0,0.0,0.0,51.694808248669474,0.0,0.0,0.0,0.0
295,8,51.69480824866946,0.2081083199999999,53.62531976003059,12.934873288779777,0.0,9.0,0.0,0.0,0.0,0.0,51.69480824866946,0.0,0.0,0.0,0.0
295,9,30.870664953481274,0.3458832,32.02351136253244,5.818414273858922,148.37024697716112,2.0,0.0,0.0,0.0,2.0,14.8,0.0,0.0,0.0,16.07066495348127
295,10,7.4,0.5486702400000001,7.6763485477178435,4.465871136929462,0.0,1.0,0.0,0.0,0.0,0.0,7.4,0.0,0.0,0.0,0.0
295,11,1.3715266029484185,0.5079508799999999,1.4227454387431728,0.0,12.662434404814238,0.0,0.0,0.0,0.0,1.0,0.0,0.0,0.0,0.0,1.3715266029484185
295,12,11.18071565405293,0.32957232,11.598252753166943,0.0,103.22444950318578,0.0,0.0,0.0,0.0,2.0,0.0,0.0,0.0,0.0,11.18071565405293
295,13,0.0,0.35964912,0.0,0.0,0.0,0.0,0.0,0.0,0.0,0.0,0.0,0.0,0.0,0.0,0.0
295,14,12.048690812164393,0.5373336000000001,12.498641921332359,0.0,111.237913099858,0.0,0.0,0.0,0.0,2.0,0.0,0.0,0.0,0.0,12.048690812164393
295,15,6.100437367410683,0.59309136,6.328254530509008,0.0,56.32146532153017,0.0,0.0,0.0,0.0,1.0,0.0,0.0,0.0,0.0,6.100437367410683
295,16,0.0,0.6413299199999999,0.0,0.0,0.0,0.0,0.0,0.0,0.0,0.0,0.0,0.0,0.0,0.0,0.0
295,17,0.0,0.67695936,0.0,0.0,0.0,0.0,0.0,0.0,0.0,0.0,0.0,0.0,0.0,0.0,0.0
295,18,3.2004564247336877,0.66492864,3.319975544329552,1.7747310433470966,6.919618712466052,1.0,0.0,0.0,0.0,1.0,2.4509606450912975,0.0,0.0,0.0,0.7494957796423902
295,19,0.0,0.62895216,0.0,0.0,0.0,0.0,0.0,0.0,0.0,0.0,0.0,0.0,0.0,0.0,0.0
295,20,42.80829875518672,0.44826,44.4069489161688,21.375728930287014,0.0,6.0,0.0,0.0,0.0,0.0,42.80829875518672,0.0,0.0,0.0,0.0
295,21,41.3387714875349,0.28850592,42.88254303686193,13.791279705309579,0.0,8.0,0.0,0.0,0.0,0.0,41.3387714875349,0.0,0.0,0.0,0.0
295,22,51.69480824866946,0.22013904,53.625319760030585,13.580024495723176,0.0,7.0,0.0,0.0,0.0,0.0,51.69480824866946,0.0,0.0,0.0,0.0
295,23,51.694808248669474,0.3433382399999999,53.625319760030585,20.186620989903137,0.0,7.0,0.0,0.0,0.0,0.0,51.694808248669474,0.0,0.0,0.0,0.0
296,0,48.53726487201213,0.28538256,50.34985982573873,16.035552252942427,0.0,7.0,0.0,0.0,0.0,0.0,48.53726487201213,0.0,0.0,0.0,0.0
296,1,50.20829875518672,0.2828376,52.083297463886645,16.455072000826434,0.0,7.0,0.0,0.0,0.0,0.0,50.20829875518672,0.0,0.0,0.0,0.0
296,2,51.69480824866946,0.2809867199999999,53.625319760030564,16.843000792379186,0.0,7.0,0.0,0.0,0.0,0.0,51.69480824866946,0.0,0.0,0.0,0.0
296,3,51.69480824866946,0.32413536,53.62531976003057,19.156860409589633,0.0,8.0,0.0,0.0,0.0,0.0,51.69480824866946,0.0,0.0,0.0,0.0
296,4,51.69480824866947,0.65845056,53.625319760030585,37.08461991022823,0.0,8.0,0.0,0.0,0.0,0.0,51.69480824866947,0.0,0.0,0.0,0.0
296,5,50.008541270221535,0.6935016,51.87608015583147,37.69324284295541,0.0,8.0,0.0,0.0,0.0,0.0,50.008541270221535,0.0,0.0,0.0,0.0
296,6,51.694808248669474,1.89611088,53.625319760030585,103.45455032452999,0.0,7.0,0.0,0.0,0.0,0.0,51.694808248669474,0.0,0.0,0.0,0.0
296,7,51.69480824866945,2.22383232,53.625319760030564,121.02871733674763,0.0,7.0,0.0,0.0,0.0,0.0,51.69480824866945,0.0,0.0,0.0,0.0
296,8,42.24133415207876,1.7121796799999995,43.81881136107755,76.47608107024176,0.0,7.0,0.0,0.0,0.0,0.0,42.24133415207876,0.0,0.0,0.0,0.0
296,9,23.713914679939393,1.4355888,24.59949655595373,36.12900507736782,0.0,4.0,0.0,0.0,0.0,0.0,23.713914679939393,0.0,0.0,0.0,0.0
296,10,6.104360453700121,1.2221592,6.332324122095562,0.0,56.3576846866505,0.0,0.0,0.0,0.0,1.0,0.0,0.0,0.0,0.0,6.104360453700121
296,11,0.0,1.14500064,0.0,0.0,0.0,0.0,0.0,0.0,0.0,0.0,0.0,0.0,0.0,0.0,0.0
296,12,0.0,1.15587456,0.0,0.0,0.0,0.0,0.0,0.0,0.0,0.0,0.0,0.0,0.0,0.0,0.0
296,13,0.0,0.95424432,0.0,0.0,0.0,0.0,0.0,0.0,0.0,0.0,0.0,0.0,0.0,0.0,0.0
296,14,0.0,1.1465044800000002,0.0,0.0,0.0,0.0,0.0,0.0,0.0,0.0,0.0,0.0,0.0,0.0,0.0
296,15,0.0,1.15691568,0.0,0.0,0.0,0.0,0.0,0.0,0.0,0.0,0.0,0.0,0.0,0.0,0.0
296,16,0.0,1.54166736,0.0,0.0,0.0,0.0,0.0,0.0,0.0,0.0,0.0,0.0,0.0,0.0,0.0
296,17,0.0,1.5075417599999998,0.0,0.0,0.0,0.0,0.0,0.0,0.0,0.0,0.0,0.0,0.0,0.0,0.0
296,18,0.0,0.90392352,0.0,0.0,0.0,0.0,0.0,0.0,0.0,0.0,0.0,0.0,0.0,0.0,0.0
296,19,7.4,0.77135424,7.6763485477178435,6.175271136929461,0.0,1.0,0.0,0.0,0.0,0.0,7.4,0.0,0.0,0.0,0.0
296,20,14.8,0.72924672,15.352697095435687,11.704078273858924,0.0,2.0,0.0,0.0,0.0,0.0,14.8,0.0,0.0,0.0,0.0
296,21,49.55948736353267,0.36948192,51.41025660117497,20.6968398101937,0.0,7.0,0.0,0.0,0.0,0.0,49.55948736353267,0.0,0.0,0.0,0.0
296,22,42.23940902978693,0.27786336,43.81681434625201,13.625423813606726,0.0,6.0,0.0,0.0,0.0,0.0,42.23940902978693,0.0,0.0,0.0,0.0
296,23,51.694808248669474,0.29914848,53.625319760030585,17.81693097978413,0.0,7.0,0.0,0.0,0.0,0.0,51.694808248669474,0.0,0.0,0.0,0.0
297,0,51.69480824866946,0.29186064,53.625319760030585,17.426118229424187,0.0,7.0,0.0,0.0,0.0,0.0,51.69480824866946,0.0,0.0,0.0,0.0
297,1,46.56109161267097,0.28491984,48.29988756501138,15.360322515442908,0.0,7.0,0.0,0.0,0.0,0.0,46.56109161267097,0.0,0.0,0.0,0.0
297,2,51.694808248669474,0.2894313599999999,53.625319760030585,17.295847312637534,0.0,7.0,0.0,0.0,0.0,0.0,51.694808248669474,0.0,0.0,0.0,0.0
297,3,51.694808248669474,0.32054928,53.625319760030585,18.964555722904592,0.0,7.0,0.0,0.0,0.0,0.0,51.694808248669474,0.0,0.0,0.0,0.0
297,4,48.290022694199806,0.4356508799999999,50.093384537551664,23.48131808415574,0.0,7.0,0.0,0.0,0.0,0.0,48.290022694199806,0.0,0.0,0.0,0.0
297,5,48.87875630060053,0.70483824,50.704104046266124,37.41649730067849,0.0,7.0,0.0,0.0,0.0,0.0,48.87875630060053,0.0,0.0,0.0,0.0
297,6,51.69480824866946,0.75064752,53.625319760030585,42.02871137113097,0.0,8.0,0.0,0.0,0.0,0.0,51.69480824866946,0.0,0.0,0.0,0.0
297,7,32.32266355068222,0.789516,33.529733973736754,27.582095642539432,0.0,5.0,0.0,0.0,0.0,0.0,32.32266355068222,0.0,0.0,0.0,0.0
297,8,20.651147146396216,0.7725110399999999,21.422351811614334,17.258083122200507,0.0,3.0,0.0,0.0,0.0,0.0,20.651147146396216,0.0,0.0,0.0,0.0
297,9,17.963918412614838,0.7505318399999998,18.63477013756726,14.602799210878882,0.0,3.0,0.0,0.0,0.0,0.0,17.963918412614838,0.0,0.0,0.0,0.0
297,10,0.0,0.73850112,0.0,0.0,0.0,0.0,0.0,0.0,0.0,0.0,0.0,0.0,0.0,0.0,0.0
297,11,0.0,0.70877136,0.0,0.0,0.0,0.0,0.0,0.0,0.0,0.0,0.0,0.0,0.0,0.0,0.0
297,12,0.0,0.69766608,0.0,0.0,0.0,0.0,0.0,0.0,0.0,0.0,0.0,0.0,0.0,0.0,0.0
297,13,0.0,0.70379712,0.0,0.0,0.0,0.0,0.0,0.0,0.0,0.0,0.0,0.0,0.0,0.0,0.0
297,14,0.0,0.6969719999999999,0.0,0.0,0.0,0.0,0.0,0.0,0.0,0.0,0.0,0.0,0.0,0.0,0.0
297,15,0.0,0.67950432,0.0,0.0,0.0,0.0,0.0,0.0,0.0,0.0,0.0,0.0,0.0,0.0,0.0
297,16,0.4297148764536387,0.69442704,0.4457623199726543,0.0,3.9672846477566237,0.0,0.0,0.0,0.0,1.0,0.0,0.0,0.0,0.0,0.4297148764536387
297,17,0.0,0.69708768,0.0,0.0,0.0,0.0,0.0,0.0,0.0,0.0,0.0,0.0,0.0,0.0,0.0
297,18,0.0,0.615996,0.0,0.0,0.0,0.0,0.0,0.0,0.0,0.0,0.0,0.0,0.0,0.0,0.0
297,19,0.0,0.3539808,0.0,0.0,0.0,0.0,0.0,0.0,0.0,0.0,0.0,0.0,0.0,0.0,0.0
297,20,50.809328204443915,0.28480416,52.70677199631111,16.75570207779881,0.0,7.0,0.0,0.0,0.0,0.0,50.809328204443915,0.0,0.0,0.0,0.0
297,21,44.798598896092436,0.25877616,46.47157561835316,13.563945040634543,0.0,7.0,0.0,0.0,0.0,0.0,44.798598896092436,0.0,0.0,0.0,0.0
297,22,51.69480824866946,0.23841648,53.625319760030564,14.560158060117942,0.0,7.0,0.0,0.0,0.0,0.0,51.69480824866946,0.0,0.0,0.0,0.0
297,23,44.4,0.24096144,46.05809128630706,12.622746821576765,0.0,6.0,0.0,0.0,0.0,0.0,44.4,0.0,0.0,0.0,0.0
298,0,51.69480824866945,0.2330952,53.625319760030585,14.274802718585292,0.0,7.0,0.0,0.0,0.0,0.0,51.69480824866945,0.0,0.0,0.0,0.0
298,1,47.66375684176954,0.2209488,49.44373116366135,12.56112056965077,0.0,7.0,0.0,0.0,0.0,0.0,47.66375684176954,0.0,0.0,0.0,0.0
298,2,51.694808248669474,0.21932928,53.625319760030585,13.536600856794294,0.0,7.0,0.0,0.0,0.0,0.0,51.694808248669474,0.0,0.0,0.0,0.0
298,3,50.103107003856174,0.21828816,51.974177389892304,13.065692821558633,0.0,7.0,0.0,0.0,0.0,0.0,50.103107003856174,0.0,0.0,0.0,0.0
298,4,39.61481027809383,0.24246528,41.09420153329235,11.324135151898139,0.0,7.0,0.0,0.0,0.0,0.0,39.61481027809383,0.0,0.0,0.0,0.0
298,5,35.51349050651726,0.2920919999999999,36.8397204424453,11.979982370119668,0.0,6.0,0.0,0.0,0.0,0.0,35.51349050651726,0.0,0.0,0.0,0.0
298,6,51.69480824866946,0.39319632,53.625319760030564,22.860276472524312,0.0,7.0,0.0,0.0,0.0,0.0,51.69480824866946,0.0,0.0,0.0,0.0
298,7,38.45231364163141,0.5281948799999999,39.88829215936869,22.38909416099779,0.0,6.0,0.0,0.0,0.0,0.0,38.45231364163141,0.0,0.0,0.0,0.0
298,8,22.200000000000003,0.75226704,23.02904564315353,18.086253410788384,0.0,3.0,0.0,0.0,0.0,0.0,22.200000000000003,0.0,0.0,0.0,0.0
298,9,7.4,0.6860980799999999,7.6763485477178435,5.520815136929461,0.0,1.0,0.0,0.0,0.0,0.0,7.4,0.0,0.0,0.0,0.0
298,10,0.0,0.52079136,0.0,0.0,0.0,0.0,0.0,0.0,0.0,0.0,0.0,0.0,0.0,0.0,0.0
298,11,0.0,0.41448144,0.0,0.0,0.0,0.0,0.0,0.0,0.0,0.0,0.0,0.0,0.0,0.0,0.0
298,12,0.0,0.4299825599999999,0.0,0.0,0.0,0.0,0.0,0.0,0.0,0.0,0.0,0.0,0.0,0.0,0.0
298,13,0.0,0.4517304,0.0,0.0,0.0,0.0,0.0,0.0,0.0,0.0,0.0,0.0,0.0,0.0,0.0
298,14,1.3664456348875018,0.51385056,1.4174747249870352,0.0,12.615525052384614,0.0,0.0,0.0,0.0,1.0,0.0,0.0,0.0,0.0,1.3664456348875018
298,15,0.0,0.7467144,0.0,0.0,0.0,0.0,0.0,0.0,0.0,0.0,0.0,0.0,0.0,0.0,0.0
298,16,0.0,0.7523827200000001,0.0,0.0,0.0,0.0,0.0,0.0,0.0,0.0,0.0,0.0,0.0,0.0,0.0
298,17,0.0,0.7530767999999999,0.0,0.0,0.0,0.0,0.0,0.0,0.0,0.0,0.0,0.0,0.0,0.0,0.0
298,18,0.0,0.47151168,0.0,0.0,0.0,0.0,0.0,0.0,0.0,0.0,0.0,0.0,0.0,0.0,0.0
298,19,7.4,0.29833872,7.6763485477178435,2.5442391369294612,0.0,1.0,0.0,0.0,0.0,0.0,7.4,0.0,0.0,0.0,0.0
298,20,5.018156144773403,0.2893156799999999,5.20555616677739,1.6783529312897252,0.0,3.0,0.0,0.0,0.0,0.0,5.018156144773403,0.0,0.0,0.0,0.0
298,21,41.79514552363989,0.3505104,43.35596008676337,16.63179719126733,0.0,7.0,0.0,0.0,0.0,0.0,41.79514552363989,0.0,0.0,0.0,0.0
298,22,34.94531540611243,0.2330952,36.250327184763925,9.64966309501367,0.0,6.0,0.0,0.0,0.0,0.0,34.94531540611243,0.0,0.0,0.0,0.0
298,23,36.70824483254888,0.23517744,38.07909214994697,10.21576135951187,0.0,7.0,0.0,0.0,0.0,0.0,36.70824483254888,0.0,0.0,0.0,0.0
299,0,42.975192055616084,0.22198992,44.580074746489714,11.371927700676084,0.0,7.0,0.0,0.0,0.0,0.0,42.975192055616084,0.0,0.0,0.0,0.0
299,1,51.694808248669474,0.21423936,53.625319760030585,13.263652269241318,0.0,7.0,0.0,0.0,0.0,0.0,51.694808248669474,0.0,0.0,0.0,0.0
299,2,48.83812514162688,0.21528048,50.661955541106735,12.583440835038749,0.0,7.0,0.0,0.0,0.0,0.0,48.83812514162688,0.0,0.0,0.0,0.0
299,3,51.69480824866945,0.23055024,53.625319760030585,14.138328424808806,0.0,7.0,0.0,0.0,0.0,0.0,51.69480824866945,0.0,0.0,0.0,0.0
299,4,51.694808248669474,0.34403232,53.625319760030585,20.223841251842174,0.0,7.0,0.0,0.0,0.0,0.0,51.694808248669474,0.0,0.0,0.0,0.0
299,5,51.69480824866945,0.41390304,53.625319760030564,23.970680953705735,0.0,7.0,0.0,0.0,0.0,0.0,51.69480824866945,0.0,0.0,0.0,0.0
299,6,51.69480824866946,0.71559648,53.625319760030564,40.14908814320933,0.0,7.0,0.0,0.0,0.0,0.0,51.69480824866946,0.0,0.0,0.0,0.0
299,7,51.69480824866946,0.66516,53.625319760030564,37.444415775638944,0.0,7.0,0.0,0.0,0.0,0.0,51.69480824866946,0.0,0.0,0.0,0.0
299,8,16.558503173972184,0.7914825600000001,17.176870512419285,14.163747859919205,0.0,4.0,0.0,0.0,0.0,0.0,16.558503173972184,0.0,0.0,0.0,0.0
299,9,7.4,0.7918296,7.6763485477178435,6.332447136929462,0.0,1.0,0.0,0.0,0.0,0.0,7.4,0.0,0.0,0.0,0.0
299,10,0.0,0.8334744,0.0,0.0,0.0,0.0,0.0,0.0,0.0,0.0,0.0,0.0,0.0,0.0,0.0
299,11,0.0,0.83312736,0.0,0.0,0.0,0.0,0.0,0.0,0.0,0.0,0.0,0.0,0.0,0.0,0.0
299,12,0.0,0.80941296,0.0,0.0,0.0,0.0,0.0,0.0,0.0,0.0,0.0,0.0,0.0,0.0,0.0
299,13,0.0,0.7848887999999999,0.0,0.0,0.0,0.0,0.0,0.0,0.0,0.0,0.0,0.0,0.0,0.0,0.0
299,14,0.0,0.8188987200000001,0.0,0.0,0.0,0.0,0.0,0.0,0.0,0.0,0.0,0.0,0.0,0.0,0.0
299,15,7.5498517720328,0.82549248,7.831796444017428,0.0,69.70298835175511,0.0,0.0,0.0,0.0,1.0,0.0,0.0,0.0,0.0,7.5498517720328
299,16,0.0,0.9179208,0.0,0.0,0.0,0.0,0.0,0.0,0.0,0.0,0.0,0.0,0.0,0.0,0.0
299,17,0.0,0.87963072,0.0,0.0,0.0,0.0,0.0,0.0,0.0,0.0,0.0,0.0,0.0,0.0,0.0
299,18,0.0,0.7922923199999999,0.0,0.0,0.0,0.0,0.0,0.0,0.0,0.0,0.0,0.0,0.0,0.0,0.0
299,19,25.940728678785923,0.5413823999999999,26.909469583802828,15.45901666923005,0.0,4.0,0.0,0.0,0.0,0.0,25.940728678785923,0.0,0.0,0.0,0.0
299,20,27.238460162853336,0.45589488,28.255664069349933,13.816875060912082,0.0,5.0,0.0,0.0,0.0,0.0,27.238460162853336,0.0,0.0,0.0,0.0
299,21,51.69480824866945,0.43599792,53.625319760030585,25.155525958765246,0.0,7.0,0.0,0.0,0.0,0.0,51.69480824866945,0.0,0.0,0.0,0.0
299,22,28.559765970215594,0.39585696,29.62631324711161,12.708413266488726,0.0,7.0,0.0,0.0,0.0,0.0,28.559765970215594,0.0,0.0,0.0,0.0
299,23,51.694808248669474,0.58869552,53.625319760030585,33.34398358535449,0.0,7.0,0.0,0.0,0.0,0.0,51.694808248669474,0.0,0.0,0.0,0.0
300,0,46.87455153895825,0.5751609599999999,48.62505346364964,29.576721699850857,0.0,7.0,0.0,0.0,0.0,0.0,46.87455153895825,0.0,0.0,0.0,0.0
300,1,42.695040724259286,0.56243616,44.28946133221918,26.375975730258293,0.0,7.0,0.0,0.0,0.0,0.0,42.695040724259286,0.0,0.0,0.0,0.0
300,2,45.26871611601801,0.5467036799999999,46.95924908300624,27.22714542836364,0.0,7.0,0.0,0.0,0.0,0.0,45.26871611601801,0.0,0.0,0.0,0.0
300,3,37.0,0.57458256,38.38174273858922,23.323915684647307,0.0,5.0,0.0,0.0,0.0,0.0,37.0,0.0,0.0,0.0,0.0
300,4,47.483498023376335,0.56902992,49.25674068814973,29.658957330016346,0.0,7.0,0.0,0.0,0.0,0.0,47.483498023376335,0.0,0.0,0.0,0.0
300,5,51.694808248669474,0.82433568,53.625319760030585,45.980262513659255,0.0,7.0,0.0,0.0,0.0,0.0,51.694808248669474,0.0,0.0,0.0,0.0
300,6,51.69480824866946,1.22782752,53.625319760030585,67.61764145422235,0.0,7.0,0.0,0.0,0.0,0.0,51.69480824866946,0.0,0.0,0.0,0.0
300,7,51.69480824866945,1.7305728,53.625319760030564,94.57751785206842,0.0,7.0,0.0,0.0,0.0,0.0,51.69480824866945,0.0,0.0,0.0,0.0
300,8,51.69480824866945,1.71171696,53.625319760030585,93.56636740272448,0.0,7.0,0.0,0.0,0.0,0.0,51.69480824866945,0.0,0.0,0.0,0.0
300,9,5.808298755186719,1.25466528,6.025206177579585,7.759051320328503,0.0,1.0,0.0,0.0,0.0,0.0,5.808298755186719,0.0,0.0,0.0,0.0
300,10,0.0,1.25535936,0.0,0.0,0.0,0.0,0.0,0.0,0.0,0.0,0.0,0.0,0.0,0.0,0.0
300,11,0.0,1.3719648,0.0,0.0,0.0,0.0,0.0,0.0,0.0,0.0,0.0,0.0,0.0,0.0,0.0
300,12,0.0,1.2308352,0.0,0.0,0.0,0.0,0.0,0.0,0.0,0.0,0.0,0.0,0.0,0.0,0.0
300,13,0.0,1.1385225600000002,0.0,0.0,0.0,0.0,0.0,0.0,0.0,0.0,0.0,0.0,0.0,0.0,0.0
300,14,0.0,0.9242832,0.0,0.0,0.0,0.0,0.0,0.0,0.0,0.0,0.0,0.0,0.0,0.0,0.0
300,15,0.0,1.02573456,0.0,0.0,0.0,0.0,0.0,0.0,0.0,0.0,0.0,0.0,0.0,0.0,0.0
300,16,0.0,1.4095608,0.0,0.0,0.0,0.0,0.0,0.0,0.0,0.0,0.0,0.0,0.0,0.0,0.0
300,17,0.0,1.5665385599999997,0.0,0.0,0.0,0.0,0.0,0.0,0.0,0.0,0.0,0.0,0.0,0.0,0.0
300,18,0.0,1.38804432,0.0,0.0,0.0,0.0,0.0,0.0,0.0,0.0,0.0,0.0,0.0,0.0,0.0
300,19,7.4,0.85418112,7.6763485477178435,6.811079136929462,0.0,1.0,0.0,0.0,0.0,0.0,7.4,0.0,0.0,0.0,0.0
300,20,37.728413204889506,0.7935647999999998,39.13735809635841,32.3534763032545,0.0,6.0,0.0,0.0,0.0,0.0,37.728413204889506,0.0,0.0,0.0,0.0
300,21,45.50838650590524,0.5330534399999999,47.20786981940379,26.726897893327628,0.0,7.0,0.0,0.0,0.0,0.0,45.50838650590525,0.0,0.0,0.0,0.0
300,22,49.74788680329006,0.50818224,51.605691704657744,27.93324440264656,0.0,7.0,0.0,0.0,0.0,0.0,49.74788680329006,0.0,0.0,0.0,0.0
300,23,51.69480824866946,0.46272,53.625319760030585,26.58850604341837,0.0,7.0,0.0,0.0,0.0,0.0,51.69480824866946,0.0,0.0,0.0,0.0
301,0,51.69480824866945,0.4199184,53.625319760030585,24.29325655717744,0.0,7.0,0.0,0.0,0.0,0.0,51.69480824866945,0.0,0.0,0.0,0.0
301,1,51.694808248669474,0.4066152,53.625319760030585,23.5798682033458,0.0,7.0,0.0,0.0,0.0,0.0,51.694808248669474,0.0,0.0,0.0,0.0
301,2,51.69480824866945,0.3979392,53.625319760030564,23.114614929107766,0.0,7.0,0.0,0.0,0.0,0.0,51.69480824866945,0.0,0.0,0.0,0.0
301,3,51.694808248669446,0.40927584,53.62531976003058,23.722545874112125,0.0,8.0,0.0,0.0,0.0,0.0,51.694808248669446,0.0,0.0,0.0,0.0
301,4,51.69480824866945,0.46005936,53.625319760030564,26.445828372652027,0.0,8.0,0.0,0.0,0.0,0.0,51.69480824866945,0.0,0.0,0.0,0.0
301,5,51.69480824866946,0.48307968,53.625319760030564,27.680300393630255,0.0,7.0,0.0,0.0,0.0,0.0,51.69480824866946,0.0,0.0,0.0,0.0
301,6,44.769511451396134,0.8033976,46.44140192053543,38.84812124716327,0.0,7.0,0.0,0.0,0.0,0.0,44.769511451396134,0.0,0.0,0.0,0.0
301,7,51.69480824866946,0.96801024,53.625319760030564,53.68485673504094,0.0,7.0,0.0,0.0,0.0,0.0,51.69480824866946,0.0,0.0,0.0,0.0
301,8,33.49645012748291,1.00491216,34.747354904027915,31.8552748433475,36.1217622598323,6.0,0.0,0.0,0.0,1.0,29.58393565349658,0.0,0.0,0.0,3.9125144739863296
301,9,19.74011081599631,0.95077392,20.47729337758954,11.612992622834078,77.19823727386569,2.0,0.0,0.0,0.0,3.0,11.378414104534908,0.0,0.0,0.0,8.361696711461406
301,10,4.088196879547431,0.8068679999999999,4.240868132310614,0.0,37.743726377564464,0.0,0.0,0.0,0.0,2.0,0.0,0.0,0.0,0.0,4.088196879547431
301,11,0.0,0.7887062400000001,0.0,0.0,0.0,0.0,0.0,0.0,0.0,0.0,0.0,0.0,0.0,0.0,0.0
301,12,0.7955197270957557,0.7666113599999999,0.8252279326719458,0.0,7.344528600780318,0.0,0.0,0.0,0.0,1.0,0.0,0.0,0.0,0.0,0.7955197270957557
301,13,22.417022602568785,0.8230632000000001,23.25417282424148,0.0,206.9621381357492,0.0,0.0,0.0,0.0,5.0,0.0,0.0,0.0,0.0,22.417022602568785
301,14,6.871776527114372,0.8784739199999999,7.128398887048105,0.0,63.44275009472814,0.0,0.0,0.0,0.0,2.0,0.0,0.0,0.0,0.0,6.871776527114372
301,15,4.2507419096445584,1.01405088,4.409483308759916,0.0,39.24440144796325,0.0,0.0,0.0,0.0,2.0,0.0,0.0,0.0,0.0,4.2507419096445584
301,16,0.0,1.42656576,0.0,0.0,0.0,0.0,0.0,0.0,0.0,0.0,0.0,0.0,0.0,0.0,0.0
301,17,10.101409403822764,1.6818715199999996,10.478640460397058,0.0,93.25990009753382,0.0,0.0,0.0,0.0,2.0,0.0,0.0,0.0,0.0,10.101409403822764
301,18,19.767688933520514,1.06865184,20.505901383320037,0.0,182.50252231154832,0.0,0.0,0.0,0.0,2.0,0.0,0.0,0.0,0.0,19.767688933520514
301,19,35.84521756162809,0.79576272,37.18383564484242,25.45055654771785,57.65812894034229,4.0,0.0,0.0,0.0,1.0,29.6,0.0,0.0,0.0,6.245217561628085
301,20,51.69480824866946,0.71617488,53.62531976003057,40.180105028158536,0.0,7.0,0.0,0.0,0.0,0.0,51.69480824866946,0.0,0.0,0.0,0.0
301,21,51.69480824866947,0.6771907199999999,53.62531976003059,38.08956698258235,0.0,9.0,0.0,0.0,0.0,0.0,51.69480824866947,0.0,0.0,0.0,0.0
301,22,51.69480824866946,0.5360611200000001,53.62531976003057,30.52144705497713,0.0,9.0,0.0,0.0,0.0,0.0,51.69480824866946,0.0,0.0,0.0,0.0
301,23,51.694808248669474,0.39712944,53.62531976003059,23.071191290178895,0.0,11.0,0.0,0.0,0.0,0.0,51.69480824866946,0.0,0.0,0.0,0.0
302,0,51.694808248669474,0.31453392,53.62531976003059,18.641980119432894,0.0,8.0,0.0,0.0,0.0,0.0,51.694808248669474,0.0,0.0,0.0,0.0
302,1,51.69480824866945,0.29313312,53.62531976003056,17.494355376312424,0.0,10.0,0.0,0.0,0.0,0.0,51.69480824866945,0.0,0.0,0.0,0.0
302,2,51.694808248669496,0.2585448,53.625319760030614,15.639545656350176,0.0,10.0,0.0,0.0,0.0,0.0,51.694808248669496,0.0,0.0,0.0,0.0
302,3,51.694808248669474,0.2446632,53.62531976003058,14.895140417569326,0.0,8.0,0.0,0.0,0.0,0.0,51.694808248669474,0.0,0.0,0.0,0.0
302,4,51.694808248669474,0.2539175999999999,53.625319760030585,15.391410576756552,0.0,7.0,0.0,0.0,0.0,0.0,51.694808248669474,0.0,0.0,0.0,0.0
302,5,51.694808248669474,0.2640974399999999,53.625319760030585,15.937307751862502,0.0,7.0,0.0,0.0,0.0,0.0,51.694808248669474,0.0,0.0,0.0,0.0
302,6,51.69480824866946,0.2893156799999999,53.62531976003057,17.28964393564769,0.0,8.0,0.0,0.0,0.0,0.0,51.69480824866946,0.0,0.0,0.0,0.0
302,7,51.69480824866946,0.29544672,53.625319760030564,17.618422916109232,0.0,7.0,0.0,0.0,0.0,0.0,51.69480824866946,0.0,0.0,0.0,0.0
302,8,51.69480824866945,0.28087104,53.625319760030564,16.836797415389345,0.0,7.0,0.0,0.0,0.0,0.0,51.69480824866945,0.0,0.0,0.0,0.0
302,9,31.56465568692854,0.27682224,32.743418762374006,9.516284547717845,18.138418686373434,4.0,0.0,0.0,0.0,1.0,29.6,0.0,0.0,0.0,1.9646556869285379
302,10,27.17015645737647,0.26999712,28.184809603087626,2.326679136929461,182.52530339279107,1.0,0.0,0.0,0.0,2.0,7.4,0.0,0.0,0.0,19.77015645737647
302,11,4.417532518615105,0.2741616,4.582502612671271,0.0,40.78427325277431,0.0,0.0,0.0,0.0,1.0,0.0,0.0,0.0,0.0,4.417532518615105
302,12,37.373276940457345,0.26710512,38.76895948180223,0.0,345.04373938803985,0.0,0.0,0.0,0.0,3.0,0.0,0.0,0.0,0.0,37.373276940457345
302,13,8.83265156120909,0.25935456,9.162501619511506,0.0,81.54626441365241,0.0,0.0,0.0,0.0,2.0,0.0,0.0,0.0,0.0,8.83265156120909
302,14,34.1138042829625,0.2657169599999999,35.38776377900674,0.0,314.95109763316,0.0,0.0,0.0,0.0,3.0,0.0,0.0,0.0,0.0,34.1138042829625
302,15,16.32504516833371,0.396204,16.93469415802252,0.0,150.71877800640044,0.0,0.0,0.0,0.0,1.0,0.0,0.0,0.0,0.0,16.32504516833371
302,16,0.0,0.70171488,0.0,0.0,0.0,0.0,0.0,0.0,0.0,0.0,0.0,0.0,0.0,0.0,0.0
302,17,4.016782463594894,0.76152144,4.166786787961509,0.0,37.08440241285743,0.0,0.0,0.0,0.0,1.0,0.0,0.0,0.0,0.0,4.016782463594894
302,18,0.0,0.67892592,0.0,0.0,0.0,0.0,0.0,0.0,0.0,0.0,0.0,0.0,0.0,0.0,0.0
302,19,13.121198095948582,0.51026448,13.611201344345004,4.1710551369294615,52.82018988998173,1.0,0.0,0.0,0.0,1.0,7.4,0.0,0.0,0.0,5.721198095948582
302,20,22.200000000000003,0.4728998399999999,23.02904564315353,11.65269341078838,0.0,4.0,0.0,0.0,0.0,0.0,22.200000000000003,0.0,0.0,0.0,0.0
302,21,29.6,0.39655104,30.705394190871374,13.192604547717846,0.0,4.0,0.0,0.0,0.0,0.0,29.6,0.0,0.0,0.0,0.0
302,22,50.2102746214083,0.3505104,52.08534711764348,19.980480841938064,0.0,7.0,0.0,0.0,0.0,0.0,50.2102746214083,0.0,0.0,0.0,0.0
302,23,43.779172852720805,0.2844571199999999,45.41407972273943,14.421564364203528,0.0,7.0,0.0,0.0,0.0,0.0,43.779172852720805,0.0,0.0,0.0,0.0
303,0,51.69480824866946,0.21470208,53.625319760030564,13.288465777200672,0.0,7.0,0.0,0.0,0.0,0.0,51.69480824866946,0.0,0.0,0.0,0.0
303,1,46.40146488855565,0.14552544,48.13429967692496,8.59801045888258,0.0,7.0,0.0,0.0,0.0,0.0,46.40146488855565,0.0,0.0,0.0,0.0
303,2,51.69480824866945,0.1370807999999999,53.625319760030564,9.125999817017803,0.0,8.0,0.0,0.0,0.0,0.0,51.69480824866945,0.0,0.0,0.0,0.0
303,3,46.24319921392278,0.13372608,47.970123665895,8.002667688296494,0.0,7.0,0.0,0.0,0.0,0.0,46.24319921392278,0.0,0.0,0.0,0.0
303,4,51.69480824866946,0.20024208,53.625319760030564,12.513043653470632,0.0,7.0,0.0,0.0,0.0,0.0,51.69480824866946,0.0,0.0,0.0,0.0
303,5,44.783746295177274,0.29105088,46.45616835599302,15.058807854023293,0.0,7.0,0.0,0.0,0.0,0.0,44.783746295177274,0.0,0.0,0.0,0.0
303,6,51.69480824866945,0.6860980799999999,53.625319760030564,38.56722701080004,0.0,8.0,0.0,0.0,0.0,0.0,51.69480824866945,0.0,0.0,0.0,0.0
303,7,48.72313146647596,0.89235552,50.542667496344365,46.77499063001647,0.0,7.0,0.0,0.0,0.0,0.0,48.72313146647596,0.0,0.0,0.0,0.0
303,8,51.69480824866946,0.94811328,53.625319760030564,52.617875892788405,0.0,7.0,0.0,0.0,0.0,0.0,51.69480824866946,0.0,0.0,0.0,0.0
303,9,26.488145584348935,0.893628,27.477329444345372,25.464010561299297,0.0,4.0,0.0,0.0,0.0,0.0,26.488145584348935,0.0,0.0,0.0,0.0
303,10,7.4,0.85637904,7.6763485477178435,6.827951136929461,0.0,1.0,0.0,0.0,0.0,0.0,7.4,0.0,0.0,0.0,0.0
303,11,0.0,0.8365977599999999,0.0,0.0,0.0,0.0,0.0,0.0,0.0,0.0,0.0,0.0,0.0,0.0,0.0
303,12,0.0,0.8216750399999999,0.0,0.0,0.0,0.0,0.0,0.0,0.0,0.0,0.0,0.0,0.0,0.0,0.0
303,13,0.0,0.8423817599999999,0.0,0.0,0.0,0.0,0.0,0.0,0.0,0.0,0.0,0.0,0.0,0.0,0.0
303,14,0.0,0.93862752,0.0,0.0,0.0,0.0,0.0,0.0,0.0,0.0,0.0,0.0,0.0,0.0,0.0
303,15,0.0,1.02666,0.0,0.0,0.0,0.0,0.0,0.0,0.0,0.0,0.0,0.0,0.0,0.0,0.0
303,16,0.0,1.1024304,0.0,0.0,0.0,0.0,0.0,0.0,0.0,0.0,0.0,0.0,0.0,0.0,0.0
303,17,0.0,1.25015376,0.0,0.0,0.0,0.0,0.0,0.0,0.0,0.0,0.0,0.0,0.0,0.0,0.0
303,18,0.0,1.16559168,0.0,0.0,0.0,0.0,0.0,0.0,0.0,0.0,0.0,0.0,0.0,0.0,0.0
303,19,22.200000000000003,1.00097904,23.02904564315353,23.813853410788383,0.0,3.0,0.0,0.0,0.0,0.0,22.200000000000003,0.0,0.0,0.0,0.0
303,20,20.123651452282157,0.7177943999999999,20.875157108176513,15.675038571649935,0.0,3.0,0.0,0.0,0.0,0.0,20.123651452282157,0.0,0.0,0.0,0.0
303,21,42.80829875518672,0.5318966399999999,44.4069489161688,25.089776930287012,0.0,6.0,0.0,0.0,0.0,0.0,42.80829875518672,0.0,0.0,0.0,0.0
303,22,51.694808248669474,0.39631968,53.625319760030585,23.027767651250013,0.0,7.0,0.0,0.0,0.0,0.0,51.694808248669474,0.0,0.0,0.0,0.0
303,23,51.69480824866945,0.32297856,53.625319760030564,19.094826639691235,0.0,7.0,0.0,0.0,0.0,0.0,51.69480824866945,0.0,0.0,0.0,0.0
304,0,51.69480824866946,0.34206576,53.625319760030564,20.118383843014886,0.0,7.0,0.0,0.0,0.0,0.0,51.69480824866946,0.0,0.0,0.0,0.0
304,1,37.0,0.34252848,38.38174273858922,14.417275684647306,0.0,6.0,0.0,0.0,0.0,0.0,37.0,0.0,0.0,0.0,0.0
304,2,33.83324237368768,0.34565184,35.096724454032866,13.292948964937944,0.0,5.0,0.0,0.0,0.0,0.0,33.83324237368768,0.0,0.0,0.0,0.0
304,3,43.083874255906196,0.35293968,44.69281561815996,17.253200239533477,0.0,7.0,0.0,0.0,0.0,0.0,43.083874255906196,0.0,0.0,0.0,0.0
304,4,37.17277081475452,0.34657728,38.5609655754715,14.640722523868652,0.0,7.0,0.0,0.0,0.0,0.0,37.17277081475452,0.0,0.0,0.0,0.0
304,5,51.69480824866946,0.39805488,53.625319760030564,23.12081830609761,0.0,7.0,0.0,0.0,0.0,0.0,51.69480824866946,0.0,0.0,0.0,0.0
304,6,51.69480824866946,0.92451456,53.625319760030564,51.35238698686098,0.0,7.0,0.0,0.0,0.0,0.0,51.69480824866946,0.0,0.0,0.0,0.0
304,7,51.69480824866946,1.20376608,53.625319760030564,66.32733904033554,0.0,7.0,0.0,0.0,0.0,0.0,51.69480824866946,0.0,0.0,0.0,0.0
304,8,30.699628787236286,1.21082256,31.846087953564616,39.61406725318326,0.0,5.0,0.0,0.0,0.0,0.0,30.699628787236286,0.0,0.0,0.0,0.0
304,9,5.206119007354394,1.12649184,5.400538389371778,6.262420247922256,0.0,1.0,0.0,0.0,0.0,0.0,5.206119007354394,0.0,0.0,0.0,0.0
304,10,4.9198944005239404,1.04250816,5.103624896809067,0.0,45.4222615816007,0.0,0.0,0.0,0.0,1.0,0.0,0.0,0.0,0.0,4.9198944005239404
304,11,0.0,1.14280272,0.0,0.0,0.0,0.0,0.0,0.0,0.0,0.0,0.0,0.0,0.0,0.0,0.0
304,12,0.0,1.1377128,0.0,0.0,0.0,0.0,0.0,0.0,0.0,0.0,0.0,0.0,0.0,0.0,0.0
304,13,8.548582738117096,1.08889584,8.867824417133917,0.0,78.92363731249186,0.0,0.0,0.0,0.0,1.0,0.0,0.0,0.0,0.0,8.548582738117096
304,14,0.0,0.69940128,0.0,0.0,0.0,0.0,0.0,0.0,0.0,0.0,0.0,0.0,0.0,0.0,0.0
304,15,0.0,0.5656752,0.0,0.0,0.0,0.0,0.0,0.0,0.0,0.0,0.0,0.0,0.0,0.0,0.0
304,16,0.0,0.4724371200000001,0.0,0.0,0.0,0.0,0.0,0.0,0.0,0.0,0.0,0.0,0.0,0.0,0.0
304,17,0.0,0.73479936,0.0,0.0,0.0,0.0,0.0,0.0,0.0,0.0,0.0,0.0,0.0,0.0,0.0
304,18,0.0,0.3857928,0.0,0.0,0.0,0.0,0.0,0.0,0.0,0.0,0.0,0.0,0.0,0.0,0.0
304,19,0.0,0.2562312,0.0,0.0,0.0,0.0,0.0,0.0,0.0,0.0,0.0,0.0,0.0,0.0,0.0
304,20,37.0,0.22869936,38.38174273858922,10.048315684647305,0.0,5.0,0.0,0.0,0.0,0.0,37.0,0.0,0.0,0.0,0.0
304,21,32.033499626869244,0.20486928,33.22977139716727,7.907664773948488,0.0,5.0,0.0,0.0,0.0,0.0,32.033499626869244,0.0,0.0,0.0,0.0
304,22,51.69480824866945,0.15420144,53.625319760030564,10.044099611514179,0.0,7.0,0.0,0.0,0.0,0.0,51.69480824866945,0.0,0.0,0.0,0.0
304,23,50.103107003856174,0.11487024,51.974177389892304,7.690631502184938,0.0,7.0,0.0,0.0,0.0,0.0,50.103107003856174,0.0,0.0,0.0,0.0
305,0,50.208298755186725,0.03539808,52.083297463886645,3.5676058763451044,0.0,7.0,0.0,0.0,0.0,0.0,50.208298755186725,0.0,0.0,0.0,0.0
305,1,50.0986981271324,0.0393312,51.96960386631992,3.7642207715621923,0.0,7.0,0.0,0.0,0.0,0.0,50.0986981271324,0.0,0.0,0.0,0.0
305,2,51.69480824866946,0.04731312,53.625319760030564,4.312179272901709,0.0,7.0,0.0,0.0,0.0,0.0,51.69480824866946,0.0,0.0,0.0,0.0
305,3,49.882122031300774,0.0580713599999999,51.74493986649458,4.717656540746525,0.0,7.0,0.0,0.0,0.0,0.0,49.882122031300774,0.0,0.0,0.0,0.0
305,4,43.03475905108923,0.10839216,44.64186623556975,6.316474080101832,0.0,6.0,0.0,0.0,0.0,0.0,43.03475905108923,0.0,0.0,0.0,0.0
305,5,38.909569271132476,0.1744454399999999,40.36262372524116,8.37707850060961,0.0,7.0,0.0,0.0,0.0,0.0,38.909569271132476,0.0,0.0,0.0,0.0
305,6,51.694808248669474,0.7513415999999999,53.625319760030585,42.06593163307,0.0,7.0,0.0,0.0,0.0,0.0,51.694808248669474,0.0,0.0,0.0,0.0
305,7,51.69480824866946,0.89617296,53.625319760030564,49.8325596243501,0.0,7.0,0.0,0.0,0.0,0.0,51.69480824866946,0.0,0.0,0.0,0.0
305,8,29.6,0.87616032,30.705394190871374,27.919196547717846,0.0,4.0,0.0,0.0,0.0,0.0,29.6,0.0,0.0,0.0,0.0
305,9,7.4,0.8008526400000001,7.6763485477178435,6.401711136929462,0.0,2.0,0.0,0.0,0.0,0.0,7.4,0.0,0.0,0.0,0.0
305,10,0.0,0.67291056,0.0,0.0,0.0,0.0,0.0,0.0,0.0,0.0,0.0,0.0,0.0,0.0,0.0
305,11,0.0,0.58857984,0.0,0.0,0.0,0.0,0.0,0.0,0.0,0.0,0.0,0.0,0.0,0.0,0.0
305,12,0.0,0.55109952,0.0,0.0,0.0,0.0,0.0,0.0,0.0,0.0,0.0,0.0,0.0,0.0,0.0
305,13,0.0,0.5920502400000001,0.0,0.0,0.0,0.0,0.0,0.0,0.0,0.0,0.0,0.0,0.0,0.0,0.0
305,14,0.0,0.6935016,0.0,0.0,0.0,0.0,0.0,0.0,0.0,0.0,0.0,0.0,0.0,0.0,0.0
305,15,0.0,0.7854672,0.0,0.0,0.0,0.0,0.0,0.0,0.0,0.0,0.0,0.0,0.0,0.0,0.0
305,16,0.0,0.8199398399999999,0.0,0.0,0.0,0.0,0.0,0.0,0.0,0.0,0.0,0.0,0.0,0.0,0.0
305,17,0.0,0.8537184,0.0,0.0,0.0,0.0,0.0,0.0,0.0,0.0,0.0,0.0,0.0,0.0,0.0
305,18,0.0,0.8223691200000001,0.0,0.0,0.0,0.0,0.0,0.0,0.0,0.0,0.0,0.0,0.0,0.0,0.0
305,19,0.0,0.75157296,0.0,0.0,0.0,0.0,0.0,0.0,0.0,0.0,0.0,0.0,0.0,0.0,0.0
305,20,25.72578413624762,0.6148392,26.68649806664691,17.291228208104744,0.0,4.0,0.0,0.0,0.0,0.0,25.72578413624762,0.0,0.0,0.0,0.0
305,21,22.200000000000003,0.36647424,23.02904564315353,9.201813410788384,0.0,3.0,0.0,0.0,0.0,0.0,22.200000000000003,0.0,0.0,0.0,0.0
305,22,48.07422575606663,0.22106448,49.86952879260024,12.675062853416271,0.0,7.0,0.0,0.0,0.0,0.0,48.07422575606663,0.0,0.0,0.0,0.0
305,23,50.671415103644115,0.1960776,52.56370861373871,12.046424587195963,0.0,7.0,0.0,0.0,0.0,0.0,50.671415103644115,0.0,0.0,0.0,0.0
306,0,44.294808248669455,0.23355792,45.94897121231272,12.25265708961519,0.0,7.0,0.0,0.0,0.0,0.0,44.294808248669455,0.0,0.0,0.0,0.0
306,1,51.69480824866945,0.19630896,53.625319760030564,12.302128835816063,0.0,7.0,0.0,0.0,0.0,0.0,51.69480824866945,0.0,0.0,0.0,0.0
306,2,40.40932255216783,0.17791584,41.9183843902156,8.845443093544231,0.0,7.0,0.0,0.0,0.0,0.0,40.40932255216783,0.0,0.0,0.0,0.0
306,3,44.87633331952255,0.15894432,46.55221298705659,8.94008808759445,0.0,7.0,0.0,0.0,0.0,0.0,44.87633331952255,0.0,0.0,0.0,0.0
306,4,44.29480824866946,0.18080784,45.94897121231272,9.828845182247996,0.0,7.0,0.0,0.0,0.0,0.0,44.29480824866946,0.0,0.0,0.0,0.0
306,5,48.075481706833024,0.24732384,49.87083164609235,13.984970114190737,0.0,7.0,0.0,0.0,0.0,0.0,48.075481706833024,0.0,0.0,0.0,0.0
306,6,46.16843650765077,0.50401776,47.892568991338976,25.723949377273456,0.0,7.0,0.0,0.0,0.0,0.0,46.16843650765077,0.0,0.0,0.0,0.0
306,7,37.0,0.7887062400000001,38.38174273858922,31.542355684647312,0.0,6.0,0.0,0.0,0.0,0.0,37.0,0.0,0.0,0.0,0.0
306,8,22.200000000000003,0.87789552,23.02904564315353,20.97935741078839,0.0,3.0,0.0,0.0,0.0,0.0,22.200000000000003,0.0,0.0,0.0,0.0
306,9,7.4,0.80004288,7.6763485477178435,6.395495136929462,0.0,1.0,0.0,0.0,0.0,0.0,7.4,0.0,0.0,0.0,0.0
306,10,7.4,0.6950054399999999,7.6763485477178435,5.58919113692946,0.0,1.0,0.0,0.0,0.0,0.0,7.4,0.0,0.0,0.0,0.0
306,11,0.0,0.6936172799999999,0.0,0.0,0.0,0.0,0.0,0.0,0.0,0.0,0.0,0.0,0.0,0.0,0.0
306,12,2.5635723386248457,0.6819335999999999,2.6593074052124956,0.0,23.66783590639121,0.0,0.0,0.0,0.0,1.0,0.0,0.0,0.0,0.0,2.5635723386248457
306,13,0.0,0.6702499199999999,0.0,0.0,0.0,0.0,0.0,0.0,0.0,0.0,0.0,0.0,0.0,0.0,0.0
306,14,0.9523606511227055,0.7363031999999999,0.9879259866418107,0.0,8.792541281112117,0.0,0.0,0.0,0.0,1.0,0.0,0.0,0.0,0.0,0.9523606511227055
306,15,0.0,0.71224176,0.0,0.0,0.0,0.0,0.0,0.0,0.0,0.0,0.0,0.0,0.0,0.0,0.0
306,16,0.0,0.7249665599999999,0.0,0.0,0.0,0.0,0.0,0.0,0.0,0.0,0.0,0.0,0.0,0.0,0.0
306,17,0.0,0.7299408,0.0,0.0,0.0,0.0,0.0,0.0,0.0,0.0,0.0,0.0,0.0,0.0,0.0
306,18,0.09017931889690595,0.67418304,0.09354701130384435,0.0,0.8325684006042148,0.0,0.0,0.0,0.0,1.0,0.0,0.0,0.0,0.0,0.09017931889690595
306,19,7.4,0.36705264,7.6763485477178435,3.071711136929461,0.0,1.0,0.0,0.0,0.0,0.0,7.4,0.0,0.0,0.0,0.0
306,20,37.0,0.30979104,38.38174273858922,13.160755684647308,0.0,5.0,0.0,0.0,0.0,0.0,37.0,0.0,0.0,0.0,0.0
306,21,30.098873182308672,0.2666424,31.222897492021453,9.358826229212493,0.0,6.0,0.0,0.0,0.0,0.0,30.098873182308672,0.0,0.0,0.0,0.0
306,22,51.69480824866946,0.2423496,53.625319760030564,14.771072877772514,0.0,7.0,0.0,0.0,0.0,0.0,51.69480824866946,0.0,0.0,0.0,0.0
306,23,51.69480824866946,0.2238408,53.625319760030564,13.778532559398064,0.0,7.0,0.0,0.0,0.0,0.0,51.69480824866946,0.0,0.0,0.0,0.0
307,0,50.103107003856174,0.1754865599999999,51.974177389892304,10.84111487058741,0.0,7.0,0.0,0.0,0.0,0.0,50.103107003856174,0.0,0.0,0.0,0.0
307,1,46.5261742409848,0.13268496,48.263666225087974,8.00138997457956,0.0,7.0,0.0,0.0,0.0,0.0,46.5261742409848,0.0,0.0,0.0,0.0
307,2,44.29480824866946,0.11568,45.94897121231272,6.836287936967887,0.0,7.0,0.0,0.0,0.0,0.0,44.29480824866946,0.0,0.0,0.0,0.0
307,3,51.69480824866946,0.0662846399999999,53.625319760030564,5.329533099235518,0.0,7.0,0.0,0.0,0.0,0.0,51.69480824866946,0.0,0.0,0.0,0.0
307,4,46.544188420853395,0.1162584,48.282353133665346,7.211375012279243,0.0,7.0,0.0,0.0,0.0,0.0,46.544188420853395,0.0,0.0,0.0,0.0
307,5,44.64072965684744,0.19908528,46.30781084735212,10.751992027779492,0.0,7.0,0.0,0.0,0.0,0.0,44.64072965684744,0.0,0.0,0.0,0.0
307,6,51.694808248669474,0.20972784,53.625319760030585,13.021720566637544,0.0,7.0,0.0,0.0,0.0,0.0,51.694808248669474,0.0,0.0,0.0,0.0
307,7,46.28366001854777,0.23043456,48.01209545492509,12.652846450391685,0.0,7.0,0.0,0.0,0.0,0.0,46.28366001854777,0.0,0.0,0.0,0.0
307,8,37.0,0.237144,38.38174273858922,10.372435684647304,0.0,5.0,0.0,0.0,0.0,0.0,37.0,0.0,0.0,0.0,0.0
307,9,29.6,0.23957328,30.705394190871374,8.372540547717843,0.0,4.0,0.0,0.0,0.0,0.0,29.6,0.0,0.0,0.0,0.0
307,10,0.0,0.23795376,0.0,0.0,0.0,0.0,0.0,0.0,0.0,0.0,0.0,0.0,0.0,0.0,0.0
307,11,0.0,0.23564016,0.0,0.0,0.0,0.0,0.0,0.0,0.0,0.0,0.0,0.0,0.0,0.0,0.0
307,12,0.0,0.23321088,0.0,0.0,0.0,0.0,0.0,0.0,0.0,0.0,0.0,0.0,0.0,0.0,0.0
307,13,0.0,0.22337808,0.0,0.0,0.0,0.0,0.0,0.0,0.0,0.0,0.0,0.0,0.0,0.0,0.0
307,14,0.0,0.21261984,0.0,0.0,0.0,0.0,0.0,0.0,0.0,0.0,0.0,0.0,0.0,0.0,0.0
307,15,0.0,0.20602608,0.0,0.0,0.0,0.0,0.0,0.0,0.0,0.0,0.0,0.0,0.0,0.0,0.0
307,16,0.0,0.20174592,0.0,0.0,0.0,0.0,0.0,0.0,0.0,0.0,0.0,0.0,0.0,0.0,0.0
307,17,0.0,0.20116752,0.0,0.0,0.0,0.0,0.0,0.0,0.0,0.0,0.0,0.0,0.0,0.0,0.0
307,18,0.0,0.193764,0.0,0.0,0.0,0.0,0.0,0.0,0.0,0.0,0.0,0.0,0.0,0.0,0.0
307,19,7.4,0.1749081599999999,7.6763485477178435,1.59674313692946,0.0,1.0,0.0,0.0,0.0,0.0,7.4,0.0,0.0,0.0,0.0
307,20,37.0,0.1399727999999999,38.38174273858922,6.642835684647299,0.0,5.0,0.0,0.0,0.0,0.0,37.0,0.0,0.0,0.0,0.0
307,21,50.20829875518672,0.11579568,52.083297463886645,7.754977992527676,0.0,7.0,0.0,0.0,0.0,0.0,50.20829875518672,0.0,0.0,0.0,0.0
307,22,51.69480824866945,0.0573772799999999,53.625319760030564,4.851873071017813,0.0,7.0,0.0,0.0,0.0,0.0,51.69480824866945,0.0,0.0,0.0,0.0
307,23,51.69480824866946,0.0279945599999999,53.625319760030564,3.2762153155983675,0.0,7.0,0.0,0.0,0.0,0.0,51.69480824866946,0.0,0.0,0.0,0.0
308,0,47.06894334645031,0.11568,48.82670471623477,7.2644371276814095,0.0,7.0,0.0,0.0,0.0,0.0,47.06894334645031,0.0,0.0,0.0,0.0
308,1,41.772419440112465,0.11579568,43.33238531131999,6.4520049769510015,0.0,7.0,0.0,0.0,0.0,0.0,41.772419440112465,0.0,0.0,0.0,0.0
308,2,44.36733825978449,0.0825955199999999,46.024209813054455,5.324794886910432,0.0,7.0,0.0,0.0,0.0,0.0,44.36733825978449,0.0,0.0,0.0,0.0
308,3,51.694808248669474,0.0559891199999999,53.625319760030585,4.777432547139731,0.0,7.0,0.0,0.0,0.0,0.0,51.694808248669474,0.0,0.0,0.0,0.0
308,4,46.648332873965956,0.04372704,48.390386798719874,3.717690182200724,0.0,7.0,0.0,0.0,0.0,0.0,46.648332873965956,0.0,0.0,0.0,0.0
308,5,47.26976873824104,0.0358608,49.03502981145337,3.3814948838216727,0.0,7.0,0.0,0.0,0.0,0.0,47.26976873824104,0.0,0.0,0.0,0.0
308,6,44.8009801116211,0.02579664,46.474045758943056,2.737165142407996,0.0,7.0,0.0,0.0,0.0,0.0,44.8009801116211,0.0,0.0,0.0,0.0
308,7,51.69480824866945,0.0326217599999999,53.625319760030564,3.5243503951919815,0.0,7.0,0.0,0.0,0.0,0.0,51.69480824866945,0.0,0.0,0.0,0.0
308,8,17.554641757141976,0.0503207999999999,18.210209291641057,1.5191102272761283,0.0,3.0,0.0,0.0,0.0,0.0,17.554641757141976,0.0,0.0,0.0,0.0
308,9,11.923257110368727,0.0667473599999999,12.368523973411545,0.7664631369294598,41.760361288673934,1.0,0.0,0.0,0.0,1.0,7.4,0.0,0.0,0.0,4.523257110368727
308,10,0.0,0.1029552,0.0,0.0,0.0,0.0,0.0,0.0,0.0,0.0,0.0,0.0,0.0,0.0,0.0
308,11,0.35561374363639536,0.11059008,0.3688939249340201,0.0,3.283155931912779,0.0,0.0,0.0,0.0,1.0,0.0,0.0,0.0,0.0,0.35561374363639536
308,12,13.477278953613,0.1109371199999999,13.98057982739938,0.0,124.42716046385449,0.0,0.0,0.0,0.0,1.0,0.0,0.0,0.0,0.0,13.477278953613
308,13,0.0,0.0856032,0.0,0.0,0.0,0.0,0.0,0.0,0.0,0.0,0.0,0.0,0.0,0.0,0.0
308,14,0.0,0.07149024,0.0,0.0,0.0,0.0,0.0,0.0,0.0,0.0,0.0,0.0,0.0,0.0,0.0
308,15,10.000023839204655,0.08132304,10.3734687128679,0.0,92.32387154452432,0.0,0.0,0.0,0.0,1.0,0.0,0.0,0.0,0.0,10.000023839204655
308,16,3.4188941910965798,0.11984448,3.546570737652054,0.0,31.564479565103284,0.0,0.0,0.0,0.0,1.0,0.0,0.0,0.0,0.0,3.4188941910965798
308,17,0.0,0.1318752,0.0,0.0,0.0,0.0,0.0,0.0,0.0,0.0,0.0,0.0,0.0,0.0,0.0
308,18,0.0,0.1304870399999999,0.0,0.0,0.0,0.0,0.0,0.0,0.0,0.0,0.0,0.0,0.0,0.0,0.0
308,19,22.200000000000003,0.13465152,23.02904564315353,3.863157410788382,0.0,3.0,0.0,0.0,0.0,0.0,22.200000000000003,0.0,0.0,0.0,0.0
308,20,51.69480824866946,0.1302556799999999,53.62531976003057,8.760000574617225,0.0,8.0,0.0,0.0,0.0,0.0,51.69480824866946,0.0,0.0,0.0,0.0
308,21,51.694808248669474,0.1174152,53.625319760030585,8.071425728744956,0.0,7.0,0.0,0.0,0.0,0.0,51.694808248669474,0.0,0.0,0.0,0.0
308,22,51.454838231775476,0.09034608,53.37638820723598,6.589105888741509,0.0,7.0,0.0,0.0,0.0,0.0,51.454838231775476,0.0,0.0,0.0,0.0
308,23,51.69480824866946,0.0699863999999999,53.625319760030585,5.5280411629104105,0.0,7.0,0.0,0.0,0.0,0.0,51.69480824866946,0.0,0.0,0.0,0.0
309,0,51.69480824866945,0.098328,53.625319760030585,7.0478685254213005,0.0,7.0,0.0,0.0,0.0,0.0,51.69480824866945,0.0,0.0,0.0,0.0
309,1,41.10559931666504,0.07623312,42.64066319156126,4.662036745602551,0.0,8.0,0.0,0.0,0.0,0.0,41.10559931666504,0.0,0.0,0.0,0.0
309,2,46.2498600264471,0.05992224,47.9770332224555,4.46293109890723,0.0,9.0,0.0,0.0,0.0,0.0,46.2498600264471,0.0,0.0,0.0,0.0
309,3,51.69480824866945,0.03447264,53.625319760030585,3.6236044270294325,0.0,7.0,0.0,0.0,0.0,0.0,51.69480824866945,0.0,0.0,0.0,0.0
309,4,51.69480824866945,0.04904832,53.625319760030564,4.405229927749314,0.0,7.0,0.0,0.0,0.0,0.0,51.69480824866945,0.0,0.0,0.0,0.0
309,5,40.956593775090354,0.0902304,42.486093127687106,5.239826859874902,0.0,7.0,0.0,0.0,0.0,0.0,40.956593775090354,0.0,0.0,0.0,0.0
309,6,50.10310700385618,0.08224848,51.97417738989231,5.995142361174445,0.0,8.0,0.0,0.0,0.0,0.0,50.10310700385618,0.0,0.0,0.0,0.0
309,7,51.694808248669474,0.13002432,53.625319760030585,8.747593820637551,0.0,7.0,0.0,0.0,0.0,0.0,51.694808248669474,0.0,0.0,0.0,0.0
309,8,50.20879749601478,0.1738670399999999,52.083814829890855,9.815145395527244,41.474911011617806,8.0,0.0,0.0,0.0,1.0,45.71645882014967,0.0,0.0,0.0,4.492338675865119
309,9,46.673146947640696,0.22141152,48.41612753904637,11.302080067216474,35.68168974361042,6.0,0.0,0.0,0.0,1.0,42.80829875518672,0.0,0.0,0.0,3.8648481924539815
309,10,0.0,0.27520272,0.0,0.0,0.0,0.0,0.0,0.0,0.0,0.0,0.0,0.0,0.0,0.0,0.0
309,11,3.1285976255948302,0.31650048,3.2454332215714006,0.0,28.884355671985467,0.0,0.0,0.0,0.0,2.0,0.0,0.0,0.0,0.0,3.1285976255948302
309,12,6.081364944548587,0.33616608,6.308469859490236,0.0,56.145381749463105,0.0,0.0,0.0,0.0,1.0,0.0,0.0,0.0,0.0,6.081364944548587
309,13,7.426120427243593,0.33524064,7.703444426601238,0.0,68.56065539675102,0.0,0.0,0.0,0.0,1.0,0.0,0.0,0.0,0.0,7.426120427243593
309,14,1.6411617913311916,0.36971328,1.7024499910074602,0.0,15.151804919966397,0.0,0.0,0.0,0.0,1.0,0.0,0.0,0.0,0.0,1.6411617913311916
309,15,3.8966381471566094,0.3922708799999999,4.042155754311835,0.0,35.97518621337534,0.0,0.0,0.0,0.0,1.0,0.0,0.0,0.0,0.0,3.8966381471566094
309,16,1.7372671501600272,0.48735984,1.8021443466390326,0.0,16.039084685087392,0.0,0.0,0.0,0.0,1.0,0.0,0.0,0.0,0.0,1.7372671501600272
309,17,12.078460571970021,0.5616264,12.529523414906663,0.0,111.51275839266931,0.0,0.0,0.0,0.0,1.0,0.0,0.0,0.0,0.0,12.078460571970021
309,18,0.0,0.540804,0.0,0.0,0.0,0.0,0.0,0.0,0.0,0.0,0.0,0.0,0.0,0.0,0.0
309,19,14.8,0.5182464,15.352697095435687,8.464654273858923,0.0,2.0,0.0,0.0,0.0,0.0,14.8,0.0,0.0,0.0,0.0
309,20,28.008298755186722,0.425124,29.054251820733114,13.31335548630361,0.0,4.0,0.0,0.0,0.0,0.0,28.008298755186722,0.0,0.0,0.0,0.0
309,21,29.6,0.34923792,30.705394190871374,11.739836547717845,0.0,4.0,0.0,0.0,0.0,0.0,29.6,0.0,0.0,0.0,0.0
309,22,51.88964133229902,0.3106008,53.82742876794505,17.97608031843163,13.580431289020778,7.0,0.0,0.0,0.0,1.0,50.418682257847784,0.0,0.0,0.0,1.4709590744512393
309,23,51.694808248669474,0.2502158399999999,53.625319760030585,15.192902513081663,0.0,7.0,0.0,0.0,0.0,0.0,51.694808248669474,0.0,0.0,0.0,0.0
310,0,51.69480824866946,0.219792,53.625319760030564,13.56141436475365,0.0,7.0,0.0,0.0,0.0,0.0,51.69480824866946,0.0,0.0,0.0,0.0
310,1,51.694808248669474,0.19642464,53.625319760030585,12.308332212805906,0.0,7.0,0.0,0.0,0.0,0.0,51.694808248669474,0.0,0.0,0.0,0.0
310,2,51.69480824866946,0.19561488,53.625319760030564,12.264908573877019,0.0,7.0,0.0,0.0,0.0,0.0,51.69480824866946,0.0,0.0,0.0,0.0
310,3,51.69480824866946,0.19295424,53.625319760030564,12.12223090311069,0.0,7.0,0.0,0.0,0.0,0.0,51.69480824866946,0.0,0.0,0.0,0.0
310,4,47.18366952689935,0.1959619199999999,48.94571527686656,11.211599517092381,0.0,7.0,0.0,0.0,0.0,0.0,47.18366952689935,0.0,0.0,0.0,0.0
310,5,51.69480824866946,0.29336448,53.625319760030585,17.50676213029211,0.0,7.0,0.0,0.0,0.0,0.0,51.69480824866946,0.0,0.0,0.0,0.0
310,6,51.69480824866946,0.69604656,53.625319760030564,39.10071743192631,0.0,7.0,0.0,0.0,0.0,0.0,51.69480824866946,0.0,0.0,0.0,0.0
310,7,51.69480824866945,0.803976,53.625319760030564,44.88846816344734,0.0,7.0,0.0,0.0,0.0,0.0,51.69480824866945,0.0,0.0,0.0,0.0
310,8,29.6,0.9613008,30.705394190871374,30.533468547717845,0.0,4.0,0.0,0.0,0.0,0.0,29.6,0.0,0.0,0.0,0.0
310,9,0.0,0.84261312,0.0,0.0,0.0,0.0,0.0,0.0,0.0,0.0,0.0,0.0,0.0,0.0,0.0
310,10,7.4,0.71629056,7.6763485477178435,5.752583136929462,0.0,1.0,0.0,0.0,0.0,0.0,7.4,0.0,0.0,0.0,0.0
310,11,0.0,0.6533606399999999,0.0,0.0,0.0,0.0,0.0,0.0,0.0,0.0,0.0,0.0,0.0,0.0,0.0
310,12,0.0,0.6715224,0.0,0.0,0.0,0.0,0.0,0.0,0.0,0.0,0.0,0.0,0.0,0.0,0.0
310,13,0.0,0.7748246400000001,0.0,0.0,0.0,0.0,0.0,0.0,0.0,0.0,0.0,0.0,0.0,0.0,0.0
310,14,0.0,0.8999903999999999,0.0,0.0,0.0,0.0,0.0,0.0,0.0,0.0,0.0,0.0,0.0,0.0,0.0
310,15,0.0,1.04678832,0.0,0.0,0.0,0.0,0.0,0.0,0.0,0.0,0.0,0.0,0.0,0.0,0.0
310,16,0.0,1.25998656,0.0,0.0,0.0,0.0,0.0,0.0,0.0,0.0,0.0,0.0,0.0,0.0,0.0
310,17,0.0,1.54641024,0.0,0.0,0.0,0.0,0.0,0.0,0.0,0.0,0.0,0.0,0.0,0.0,0.0
310,18,0.0,1.6919356799999998,0.0,0.0,0.0,0.0,0.0,0.0,0.0,0.0,0.0,0.0,0.0,0.0,0.0
310,19,0.0,1.1045126399999998,0.0,0.0,0.0,0.0,0.0,0.0,0.0,0.0,0.0,0.0,0.0,0.0,0.0
310,20,10.907591305631707,0.90774096,11.314928740281854,10.645548418338372,0.0,2.0,0.0,0.0,0.0,0.0,10.907591305631707,0.0,0.0,0.0,0.0
310,21,41.930641574178225,0.78801216,43.496516155786544,35.71551833315279,0.0,7.0,0.0,0.0,0.0,0.0,41.930641574178225,0.0,0.0,0.0,0.0
310,22,14.8,0.52009728,15.352697095435687,8.493070273858923,0.0,3.0,0.0,0.0,0.0,0.0,14.8,0.0,0.0,0.0,0.0
310,23,44.4,0.4059211199999999,46.05809128630706,20.220474821576765,0.0,6.0,0.0,0.0,0.0,0.0,44.4,0.0,0.0,0.0,0.0
311,0,30.965208980157506,0.46630608,32.12158607900157,16.041715387096744,0.0,6.0,0.0,0.0,0.0,0.0,30.965208980157506,0.0,0.0,0.0,0.0
311,1,50.37763563361089,0.4348411200000001,52.25895812615239,24.45411539558486,0.0,7.0,0.0,0.0,0.0,0.0,50.3776356336109,0.0,0.0,0.0,0.0
311,2,44.29480824866946,0.40106256,45.94897121231272,19.949322970903996,0.0,7.0,0.0,0.0,0.0,0.0,44.29480824866946,0.0,0.0,0.0,0.0
311,3,47.69968994957985,0.41158944,49.48100617176333,22.003680925157983,0.0,7.0,0.0,0.0,0.0,0.0,47.69968994957985,0.0,0.0,0.0,0.0
311,4,51.69480824866946,0.46341408,53.625319760030564,26.625726305357396,0.0,7.0,0.0,0.0,0.0,0.0,51.69480824866946,0.0,0.0,0.0,0.0
311,5,38.73849445937378,0.57747456,40.185160227566165,24.536036524475712,0.0,6.0,0.0,0.0,0.0,0.0,38.73849445937378,0.0,0.0,0.0,0.0
311,6,48.48864991524459,0.99068352,50.29942937266037,51.49572685713363,0.0,7.0,0.0,0.0,0.0,0.0,48.48864991524459,0.0,0.0,0.0,0.0
311,7,33.68103536774804,1.48857024,34.93883336903324,53.16538295797682,0.0,5.0,0.0,0.0,0.0,0.0,33.68103536774804,0.0,0.0,0.0,0.0
311,8,22.200000000000003,1.5220017600000002,23.02904564315353,35.81250941078839,0.0,3.0,0.0,0.0,0.0,0.0,22.200000000000003,0.0,0.0,0.0,0.0
311,9,23.401293326180152,1.26403536,24.275200545830035,31.48822099908744,0.0,4.0,0.0,0.0,0.0,0.0,23.401293326180152,0.0,0.0,0.0,0.0
311,10,0.0,1.11469248,0.0,0.0,0.0,0.0,0.0,0.0,0.0,0.0,0.0,0.0,0.0,0.0,0.0
311,11,0.0,0.99693024,0.0,0.0,0.0,0.0,0.0,0.0,0.0,0.0,0.0,0.0,0.0,0.0,0.0
311,12,0.0,0.96639072,0.0,0.0,0.0,0.0,0.0,0.0,0.0,0.0,0.0,0.0,0.0,0.0,0.0
311,13,0.0,0.99380688,0.0,0.0,0.0,0.0,0.0,0.0,0.0,0.0,0.0,0.0,0.0,0.0,0.0
311,14,0.0,1.09282896,0.0,0.0,0.0,0.0,0.0,0.0,0.0,0.0,0.0,0.0,0.0,0.0,0.0
311,15,5.343179993178441,1.14534768,5.542717835247346,0.0,49.33018873370138,0.0,0.0,0.0,0.0,1.0,0.0,0.0,0.0,0.0,5.343179993178441
311,16,0.0,1.26808416,0.0,0.0,0.0,0.0,0.0,0.0,0.0,0.0,0.0,0.0,0.0,0.0,0.0
311,17,0.0,1.53704016,0.0,0.0,0.0,0.0,0.0,0.0,0.0,0.0,0.0,0.0,0.0,0.0,0.0
311,18,0.0,1.67435232,0.0,0.0,0.0,0.0,0.0,0.0,0.0,0.0,0.0,0.0,0.0,0.0,0.0
311,19,0.0,1.1362089599999998,0.0,0.0,0.0,0.0,0.0,0.0,0.0,0.0,0.0,0.0,0.0,0.0,0.0
311,20,22.200000000000003,0.98085072,23.02904564315353,23.350317410788385,0.0,4.0,0.0,0.0,0.0,0.0,22.200000000000003,0.0,0.0,0.0,0.0
311,21,33.08584471959471,0.93538848,34.321415684226885,33.23989570746505,0.0,6.0,0.0,0.0,0.0,0.0,33.08584471959471,0.0,0.0,0.0,0.0
311,22,44.4,0.7195296,46.05809128630706,34.66468282157677,0.0,6.0,0.0,0.0,0.0,0.0,44.4,0.0,0.0,0.0,0.0
311,23,47.77052148304207,0.5483231999999999,49.55448286622622,28.812126002426417,0.0,7.0,0.0,0.0,0.0,0.0,47.77052148304207,0.0,0.0,0.0,0.0
312,0,51.69480824866945,0.46167888,53.625319760030564,26.532675650509795,0.0,7.0,0.0,0.0,0.0,0.0,51.69480824866945,0.0,0.0,0.0,0.0
312,1,46.379737441352866,0.43241184,48.111760831278914,22.396594310208577,0.0,7.0,0.0,0.0,0.0,0.0,46.379737441352866,0.0,0.0,0.0,0.0
312,2,49.85678876402363,0.41598528,51.718660543592975,23.22608915144441,0.0,7.0,0.0,0.0,0.0,0.0,49.85678876402363,0.0,0.0,0.0,0.0
312,3,35.31252622622672,0.40811904,36.63125127201942,16.162405520239187,0.0,5.0,0.0,0.0,0.0,0.0,35.31252622622672,0.0,0.0,0.0,0.0
312,4,51.69480824866946,0.42847872,53.625319760030564,24.752306454425614,0.0,7.0,0.0,0.0,0.0,0.0,51.69480824866946,0.0,0.0,0.0,0.0
312,5,44.294808248669455,0.52669104,45.94897121231272,25.7218223818706,0.0,7.0,0.0,0.0,0.0,0.0,44.294808248669455,0.0,0.0,0.0,0.0
312,6,46.49835381625292,0.8693352,48.23480686333292,43.52878757867322,0.0,7.0,0.0,0.0,0.0,0.0,46.49835381625292,0.0,0.0,0.0,0.0
312,7,47.053183549111175,0.99403824,48.81035637874604,50.13498354463798,0.0,7.0,0.0,0.0,0.0,0.0,47.053183549111175,0.0,0.0,0.0,0.0
312,8,49.06165852234837,1.17843216,50.89383664144022,61.65951983689122,0.0,7.0,0.0,0.0,0.0,0.0,49.06165852234837,0.0,0.0,0.0,0.0
312,9,8.346511989818536,1.04956464,8.658207458317985,8.310911136929462,8.738544304341255,1.0,0.0,0.0,0.0,1.0,7.4,0.0,0.0,0.0,0.9465119898185359
312,10,4.906942495822735,0.95702064,5.090189311019435,5.039901498347722,0.0,1.0,0.0,0.0,0.0,0.0,4.906942495822735,0.0,0.0,0.0,0.0
312,11,0.0,0.9121368,0.0,0.0,0.0,0.0,0.0,0.0,0.0,0.0,0.0,0.0,0.0,0.0,0.0
312,12,0.0,0.8758132799999998,0.0,0.0,0.0,0.0,0.0,0.0,0.0,0.0,0.0,0.0,0.0,0.0,0.0
312,13,0.0,0.88009344,0.0,0.0,0.0,0.0,0.0,0.0,0.0,0.0,0.0,0.0,0.0,0.0,0.0
312,14,0.0,0.93203376,0.0,0.0,0.0,0.0,0.0,0.0,0.0,0.0,0.0,0.0,0.0,0.0,0.0
312,15,0.0,0.93099264,0.0,0.0,0.0,0.0,0.0,0.0,0.0,0.0,0.0,0.0,0.0,0.0,0.0
312,16,0.0,0.95748336,0.0,0.0,0.0,0.0,0.0,0.0,0.0,0.0,0.0,0.0,0.0,0.0,0.0
312,17,0.0,0.98316432,0.0,0.0,0.0,0.0,0.0,0.0,0.0,0.0,0.0,0.0,0.0,0.0,0.0
312,18,0.0,0.90820368,0.0,0.0,0.0,0.0,0.0,0.0,0.0,0.0,0.0,0.0,0.0,0.0,0.0
312,19,9.477493020152346,0.8401838399999999,9.831424294763845,8.585623960800664,0.0,3.0,0.0,0.0,0.0,0.0,9.477493020152346,0.0,0.0,0.0,0.0
312,20,37.0,0.685404,38.38174273858922,27.57743568464731,0.0,5.0,0.0,0.0,0.0,0.0,37.0,0.0,0.0,0.0,0.0
312,21,41.50565093864379,0.5907777599999999,43.055654500667835,26.861465285210564,0.0,7.0,0.0,0.0,0.0,0.0,41.50565093864379,0.0,0.0,0.0,0.0
312,22,37.38042339695902,0.4615632,38.776372818422224,19.181244662753755,0.0,6.0,0.0,0.0,0.0,0.0,37.38042339695902,0.0,0.0,0.0,0.0
312,23,51.69480824866946,0.35490624,53.625319760030564,20.80695868888716,0.0,7.0,0.0,0.0,0.0,0.0,51.69480824866946,0.0,0.0,0.0,0.0
313,0,50.103107003856174,0.38486736,51.974177389892304,21.72350971182498,0.0,7.0,0.0,0.0,0.0,0.0,50.103107003856174,0.0,0.0,0.0,0.0
313,1,50.10310700385618,0.34033056,51.974177389892304,19.40874616824682,0.0,7.0,0.0,0.0,0.0,0.0,50.10310700385618,0.0,0.0,0.0,0.0
313,2,44.425345732622354,0.31499664,46.084383540064685,16.041819066767825,0.0,7.0,0.0,0.0,0.0,0.0,44.425345732622354,0.0,0.0,0.0,0.0
313,3,46.606477064070305,0.29590944,48.34696790878663,15.906608837367866,0.0,7.0,0.0,0.0,0.0,0.0,46.606477064070305,0.0,0.0,0.0,0.0
313,4,44.4,0.29625648,46.05809128630706,15.169530821576766,0.0,6.0,0.0,0.0,0.0,0.0,44.4,0.0,0.0,0.0,0.0
313,5,40.341335046184184,0.30817152,41.847857931726345,14.281482085104306,0.0,7.0,0.0,0.0,0.0,0.0,40.341335046184184,0.0,0.0,0.0,0.0
313,6,31.18610796231861,0.3655488,32.35073440074545,12.896581447975894,0.0,6.0,0.0,0.0,0.0,0.0,31.18610796231861,0.0,0.0,0.0,0.0
313,7,49.42951431164788,0.4187616,51.275429783867104,23.16939774282585,0.0,7.0,0.0,0.0,0.0,0.0,49.42951431164788,0.0,0.0,0.0,0.0
313,8,20.7325594616386,0.4268592,21.506804420786935,9.892252555941623,0.0,3.0,0.0,0.0,0.0,0.0,20.7325594616386,0.0,0.0,0.0,0.0
313,9,7.4,0.44236032,7.6763485477178435,3.649799136929461,0.0,1.0,0.0,0.0,0.0,0.0,7.4,0.0,0.0,0.0,0.0
313,10,0.0,0.44224464,0.0,0.0,0.0,0.0,0.0,0.0,0.0,0.0,0.0,0.0,0.0,0.0,0.0
313,11,7.4,0.47394096,7.6763485477178435,3.892223136929461,0.0,1.0,0.0,0.0,0.0,0.0,7.4,0.0,0.0,0.0,0.0
313,12,0.0,0.48388944,0.0,0.0,0.0,0.0,0.0,0.0,0.0,0.0,0.0,0.0,0.0,0.0,0.0
313,13,0.014713758949799266,0.54554688,0.015263235425102974,0.0,0.13584279528341647,0.0,0.0,0.0,0.0,1.0,0.0,0.0,0.0,0.0,0.014713758949799266
313,14,0.0,0.58904256,0.0,0.0,0.0,0.0,0.0,0.0,0.0,0.0,0.0,0.0,0.0,0.0,0.0
313,15,0.0,0.60489072,0.0,0.0,0.0,0.0,0.0,0.0,0.0,0.0,0.0,0.0,0.0,0.0,0.0
313,16,0.322014069106362,1.06437168,0.33403949077423445,0.0,2.9729514678906868,0.0,0.0,0.0,0.0,1.0,0.0,0.0,0.0,0.0,0.322014069106362
313,17,0.0,1.0920192,0.0,0.0,0.0,0.0,0.0,0.0,0.0,0.0,0.0,0.0,0.0,0.0,0.0
313,18,0.0,1.08068256,0.0,0.0,0.0,0.0,0.0,0.0,0.0,0.0,0.0,0.0,0.0,0.0,0.0
313,19,0.0,0.98085072,0.0,0.0,0.0,1.0,0.0,0.0,0.0,0.0,0.0,0.0,0.0,0.0,0.0
313,20,29.6,0.45034224,30.705394190871374,14.844284547717844,0.0,4.0,0.0,0.0,0.0,0.0,29.6,0.0,0.0,0.0,0.0
313,21,19.992296085574573,0.42951984,20.738896354330475,7.193864650258441,46.17875087313744,3.0,0.0,0.0,0.0,1.0,14.99046284493362,0.0,0.0,0.0,5.001833240640954
313,22,51.69480824866945,0.38382624,53.625319760030564,22.357802936347248,0.0,7.0,0.0,0.0,0.0,0.0,51.69480824866945,0.0,0.0,0.0,0.0
313,23,51.69480824866946,0.32922528,53.625319760030564,19.429808997142604,0.0,7.0,0.0,0.0,0.0,0.0,51.69480824866946,0.0,0.0,0.0,0.0
314,0,47.33323478501071,0.32135904,49.10086595955469,17.404245811192432,0.0,7.0,0.0,0.0,0.0,0.0,47.33323478501071,0.0,0.0,0.0,0.0
314,1,42.81426754019375,0.2894313599999999,44.41314060186074,14.32463064018936,0.0,7.0,0.0,0.0,0.0,0.0,42.81426754019375,0.0,0.0,0.0,0.0
314,2,47.0182345519101,0.27427728,48.77410223227189,14.992050878597665,0.0,7.0,0.0,0.0,0.0,0.0,47.0182345519101,0.0,0.0,0.0,0.0
314,3,44.294808248669455,0.26328768,45.94897121231272,13.618708976004156,0.0,7.0,0.0,0.0,0.0,0.0,44.294808248669455,0.0,0.0,0.0,0.0
314,4,48.673353162946086,0.26004864,50.49103025201877,14.801376850578162,0.0,7.0,0.0,0.0,0.0,0.0,48.673353162946086,0.0,0.0,0.0,0.0
314,5,44.814872896564545,0.28885296,46.48845736158148,14.967096453394952,0.0,7.0,0.0,0.0,0.0,0.0,44.814872896564545,0.0,0.0,0.0,0.0
314,6,49.38659180206551,0.34704,51.23090435898912,19.47491598302613,0.0,7.0,0.0,0.0,0.0,0.0,49.38659180206551,0.0,0.0,0.0,0.0
314,7,44.4,0.725892,46.05809128630706,34.957722821576766,0.0,6.0,0.0,0.0,0.0,0.0,44.4,0.0,0.0,0.0,0.0
314,8,37.0,0.94441152,38.38174273858922,37.51859568464731,0.0,5.0,0.0,0.0,0.0,0.0,37.0,0.0,0.0,0.0,0.0
314,9,22.200000000000003,0.92740656,23.02904564315353,22.119549410788384,0.0,3.0,0.0,0.0,0.0,0.0,22.200000000000003,0.0,0.0,0.0,0.0
314,10,3.3663991289190554,0.91456608,3.492115278961676,3.309359197321718,0.0,1.0,0.0,0.0,0.0,0.0,3.366399128919056,0.0,0.0,0.0,0.0
314,11,0.0,0.90253536,0.0,0.0,0.0,0.0,0.0,0.0,0.0,0.0,0.0,0.0,0.0,0.0,0.0
314,12,0.0,0.80976,0.0,0.0,0.0,0.0,0.0,0.0,0.0,0.0,0.0,0.0,0.0,0.0,0.0
314,13,0.0,0.6025771200000001,0.0,0.0,0.0,0.0,0.0,0.0,0.0,0.0,0.0,0.0,0.0,0.0,0.0
314,14,0.0,0.5205599999999999,0.0,0.0,0.0,0.0,0.0,0.0,0.0,0.0,0.0,0.0,0.0,0.0,0.0
314,15,0.0,1.01809968,0.0,0.0,0.0,0.0,0.0,0.0,0.0,0.0,0.0,0.0,0.0,0.0,0.0
314,16,0.0,0.49777104,0.0,0.0,0.0,0.0,0.0,0.0,0.0,0.0,0.0,0.0,0.0,0.0,0.0
314,17,0.0,0.49777104,0.0,0.0,0.0,0.0,0.0,0.0,0.0,0.0,0.0,0.0,0.0,0.0,0.0
314,18,0.0,0.38764368,0.0,0.0,0.0,0.0,0.0,0.0,0.0,0.0,0.0,0.0,0.0,0.0,0.0
314,19,0.0,0.32251584,0.0,0.0,0.0,0.0,0.0,0.0,0.0,0.0,0.0,0.0,0.0,0.0,0.0
314,20,37.0,0.28700208,38.38174273858922,12.286075684647306,0.0,5.0,0.0,0.0,0.0,0.0,37.0,0.0,0.0,0.0,0.0
314,21,51.69480824866945,0.26282496,53.625319760030585,15.869070604974263,0.0,7.0,0.0,0.0,0.0,0.0,51.69480824866945,0.0,0.0,0.0,0.0
314,22,48.26059052335214,0.25472736,50.062853239991846,14.409458882134302,0.0,7.0,0.0,0.0,0.0,0.0,48.26059052335215,0.0,0.0,0.0,0.0
314,23,45.47440452452146,0.22511328,47.17261880137082,12.180596626891628,0.0,7.0,0.0,0.0,0.0,0.0,45.47440452452146,0.0,0.0,0.0,0.0
315,0,47.954515880626566,0.23355792,49.74534842388649,13.264991140388851,0.0,7.0,0.0,0.0,0.0,0.0,47.954515880626566,0.0,0.0,0.0,0.0
315,1,51.694808248669474,0.23448336,53.625319760030585,14.349243242463377,0.0,7.0,0.0,0.0,0.0,0.0,51.694808248669474,0.0,0.0,0.0,0.0
315,2,51.694808248669474,0.23147568,53.625319760030585,14.18795544072753,0.0,8.0,0.0,0.0,0.0,0.0,51.694808248669474,0.0,0.0,0.0,0.0
315,3,51.694808248669474,0.2284679999999999,53.625319760030585,14.026667638991675,0.0,7.0,0.0,0.0,0.0,0.0,51.694808248669474,0.0,0.0,0.0,0.0
315,4,40.03445352774151,0.2336735999999999,41.52951610761568,11.078978518286618,0.0,7.0,0.0,0.0,0.0,0.0,40.03445352774151,0.0,0.0,0.0,0.0
315,5,51.253546768029075,0.23633424,53.16757963488494,14.3251664115647,0.0,7.0,0.0,0.0,0.0,0.0,51.253546768029075,0.0,0.0,0.0,0.0
315,6,46.22164932630816,0.242928,47.947769010693115,13.234926784483601,0.0,7.0,0.0,0.0,0.0,0.0,46.22164932630816,0.0,0.0,0.0,0.0
315,7,33.39351606503253,0.25981728,34.640576830946614,9.552297770922891,18.06407382677523,9.0,0.0,0.0,0.0,1.0,31.436913012334628,0.0,0.0,0.0,1.9566030526979008
315,8,27.59070522831451,0.29417424,28.621063514849077,9.331269109731796,0.9699588049803348,5.0,0.0,0.0,0.0,1.0,27.485644521797536,0.0,0.0,0.0,0.1050607065169711
315,9,10.83719017855881,0.32887824,11.241898525475946,2.778671136929461,31.733394802047115,1.0,0.0,0.0,0.0,1.0,7.4,0.0,0.0,0.0,3.4371901785588106
315,10,0.0,0.3279528,0.0,0.0,0.0,0.0,0.0,0.0,0.0,0.0,0.0,0.0,0.0,0.0,0.0
315,11,0.7984515979887701,0.3350092799999999,0.8282692925194711,0.0,7.371596703423293,0.0,0.0,0.0,0.0,1.0,0.0,0.0,0.0,0.0,0.7984515979887701
315,12,0.0,0.33558768,0.0,0.0,0.0,0.0,0.0,0.0,0.0,0.0,0.0,0.0,0.0,0.0,0.0
315,13,0.0,0.3462302399999999,0.0,0.0,0.0,0.0,0.0,0.0,0.0,0.0,0.0,0.0,0.0,0.0,0.0
315,14,12.29260695667285,0.33477792,12.751666967502958,0.0,113.48983601077634,0.0,0.0,0.0,0.0,3.0,0.0,0.0,0.0,0.0,12.29260695667285
315,15,0.0,0.33072912,0.0,0.0,0.0,0.0,0.0,0.0,0.0,0.0,0.0,0.0,0.0,0.0,0.0
315,16,0.568023688381878,0.35710416,0.5892361912675084,0.0,5.244202102280824,0.0,0.0,0.0,0.0,1.0,0.0,0.0,0.0,0.0,0.568023688381878
315,17,4.420059708056673,0.39666672,4.585124178482027,0.0,40.80760518849004,0.0,0.0,0.0,0.0,2.0,0.0,0.0,0.0,0.0,4.420059708056673
315,18,0.0,0.36925056,0.0,0.0,0.0,0.0,0.0,0.0,0.0,0.0,0.0,0.0,0.0,0.0,0.0
315,19,22.200000000000003,0.3429912,23.02904564315353,8.661021410788383,0.0,3.0,0.0,0.0,0.0,0.0,22.200000000000003,0.0,0.0,0.0,0.0
315,20,51.74588602789655,0.29509968,53.678305008191465,17.59981278513971,0.4715687086318269,8.0,0.0,0.0,0.0,1.0,51.69480824866947,0.0,0.0,0.0,0.05107777922708776
315,21,51.694808248669474,0.2868864,53.625319760030585,17.159373018861054,0.0,8.0,0.0,0.0,0.0,0.0,51.694808248669474,0.0,0.0,0.0,0.0
315,22,51.694808248669474,0.26594832,53.625319760030585,16.036561783699952,0.0,8.0,0.0,0.0,0.0,0.0,51.694808248669474,0.0,0.0,0.0,0.0
315,23,51.69480824866947,0.2402673599999999,53.625319760030585,14.659412091955389,0.0,11.0,0.0,0.0,0.0,0.0,51.69480824866947,0.0,0.0,0.0,0.0
316,0,51.694808248669474,0.25310784,53.62531976003059,15.347986937827672,0.0,9.0,0.0,0.0,0.0,0.0,51.694808248669474,0.0,0.0,0.0,0.0
316,1,51.69480824866947,0.2475552,53.625319760030585,15.050224842315334,0.0,8.0,0.0,0.0,0.0,0.0,51.69480824866947,0.0,0.0,0.0,0.0
316,2,51.694808248669474,0.24373776,53.62531976003059,14.845513401650603,0.0,9.0,0.0,0.0,0.0,0.0,51.694808248669474,0.0,0.0,0.0,0.0
316,3,51.694808248669474,0.24038304,53.625319760030585,14.665615468945235,0.0,8.0,0.0,0.0,0.0,0.0,51.694808248669474,0.0,0.0,0.0,0.0
316,4,51.694808248669474,0.24130848,53.62531976003059,14.71524248486396,0.0,9.0,0.0,0.0,0.0,0.0,51.694808248669474,0.0,0.0,0.0,0.0
316,5,51.69480824866948,0.2469768,53.625319760030585,15.019207957366135,0.0,8.0,0.0,0.0,0.0,0.0,51.69480824866948,0.0,0.0,0.0,0.0
316,6,51.69480824866947,0.23725968,53.62531976003058,14.498124290219543,0.0,10.0,0.0,0.0,0.0,0.0,51.69480824866947,0.0,0.0,0.0,0.0
316,7,51.694808248669474,0.2504472,53.625319760030585,15.205309267061343,0.0,7.0,0.0,0.0,0.0,0.0,51.694808248669474,0.0,0.0,0.0,0.0
316,8,51.69480824866947,0.2640974399999999,53.625319760030585,15.937307751862502,0.0,9.0,0.0,0.0,0.0,0.0,51.69480824866947,0.0,0.0,0.0,0.0
316,9,29.6,0.29081952,30.705394190871374,9.946076547717844,0.0,4.0,0.0,0.0,0.0,0.0,29.6,0.0,0.0,0.0,0.0
316,10,8.294696342201178,0.3348936,8.604456786515746,2.824847136929461,8.260163325301333,1.0,0.0,0.0,0.0,1.0,7.4,0.0,0.0,0.0,0.894696342201178
316,11,0.0,0.35270832,0.0,0.0,0.0,0.0,0.0,0.0,0.0,0.0,0.0,0.0,0.0,0.0,0.0
316,12,13.582230911289805,0.3615,14.089451152790256,0.0,125.39611525983328,0.0,0.0,0.0,0.0,3.0,0.0,0.0,0.0,0.0,13.582230911289805
316,13,0.37203844431177485,0.36971328,0.38593199617404034,0.0,3.434794765948959,0.0,0.0,0.0,0.0,1.0,0.0,0.0,0.0,0.0,0.37203844431177485
316,14,1.3811487748026352,0.37630704,1.4327269448160118,0.0,12.751269808862506,0.0,0.0,0.0,0.0,1.0,0.0,0.0,0.0,0.0,1.3811487748026352
316,15,10.178949730668315,0.39111408,10.559076484095764,0.0,93.9757807084523,0.0,0.0,0.0,0.0,1.0,0.0,0.0,0.0,0.0,10.178949730668315
316,16,11.089224176894241,0.43056096,11.5033445818405,0.0,102.37976677838046,0.0,0.0,0.0,0.0,1.0,0.0,0.0,0.0,0.0,11.089224176894241
316,17,0.0,0.46272,0.0,0.0,0.0,0.0,0.0,0.0,0.0,0.0,0.0,0.0,0.0,0.0,0.0
316,18,2.3498667724895594,0.46283568,2.4376211332879247,0.0,21.694828086262532,0.0,0.0,0.0,0.0,1.0,0.0,0.0,0.0,0.0,2.3498667724895594
316,19,15.390419695179196,0.45207744,15.965165658899583,3.7243911369294613,73.77047228951749,1.0,0.0,0.0,0.0,1.0,7.4,0.0,0.0,0.0,7.990419695179195
316,20,51.69480824866946,0.4269748799999999,53.625319760030564,24.671662553557685,0.0,7.0,0.0,0.0,0.0,0.0,51.69480824866946,0.0,0.0,0.0,0.0
316,21,51.69480824866945,0.42315744,53.625319760030585,24.466951112892968,0.0,7.0,0.0,0.0,0.0,0.0,51.69480824866945,0.0,0.0,0.0,0.0
316,22,51.69480824866946,0.39631968,53.625319760030564,23.02776765125001,0.0,7.0,0.0,0.0,0.0,0.0,51.69480824866946,0.0,0.0,0.0,0.0
316,23,51.69480824866946,0.3829008,53.625319760030564,22.30817592042852,0.0,8.0,0.0,0.0,0.0,0.0,51.69480824866946,0.0,0.0,0.0,0.0
317,0,51.69480824866946,0.40464864,53.625319760030564,23.47441079451851,0.0,7.0,0.0,0.0,0.0,0.0,51.69480824866946,0.0,0.0,0.0,0.0
317,1,51.69480824866945,0.40383888,53.625319760030564,23.430987155589627,0.0,7.0,0.0,0.0,0.0,0.0,51.69480824866945,0.0,0.0,0.0,0.0
317,2,48.88534501565433,0.4049956799999999,50.71093881291943,22.216243222684323,0.0,8.0,0.0,0.0,0.0,0.0,48.88534501565433,0.0,0.0,0.0,0.0
317,3,45.10649911956497,0.41517552,46.79097419042011,20.975248286517154,0.0,7.0,0.0,0.0,0.0,0.0,45.10649911956497,0.0,0.0,0.0,0.0
317,4,51.69480824866946,0.4517304,53.625319760030585,25.999185229383528,0.0,7.0,0.0,0.0,0.0,0.0,51.69480824866946,0.0,0.0,0.0,0.0
317,5,51.694808248669474,0.49476336,53.625319760030585,28.30684146960414,0.0,7.0,0.0,0.0,0.0,0.0,51.694808248669474,0.0,0.0,0.0,0.0
317,6,45.795753904808166,0.96546528,47.505968780921336,47.43781101739198,0.0,8.0,0.0,0.0,0.0,0.0,45.795753904808166,0.0,0.0,0.0,0.0
317,7,44.294808248669455,1.1035872,45.94897121231272,52.229607430204354,0.0,7.0,0.0,0.0,0.0,0.0,44.294808248669455,0.0,0.0,0.0,0.0
317,8,40.381513400362294,1.37925264,41.889536722367524,59.16279777821272,0.0,7.0,0.0,0.0,0.0,0.0,40.381513400362294,0.0,0.0,0.0,0.0
317,9,7.4,1.414188,7.6763485477178435,11.109887136929462,0.0,1.0,0.0,0.0,0.0,0.0,7.4,0.0,0.0,0.0,0.0
317,10,0.0,1.33506288,0.0,0.0,0.0,0.0,0.0,0.0,0.0,0.0,0.0,0.0,0.0,0.0,0.0
317,11,0.0,1.13007792,0.0,0.0,0.0,0.0,0.0,0.0,0.0,0.0,0.0,0.0,0.0,0.0,0.0
317,12,0.0,1.04192976,0.0,0.0,0.0,0.0,0.0,0.0,0.0,0.0,0.0,0.0,0.0,0.0,0.0
317,13,2.844007945218702,1.03892208,2.9502157108077824,0.0,26.256919826189264,0.0,0.0,0.0,0.0,1.0,0.0,0.0,0.0,0.0,2.844007945218702
317,14,0.0,0.97078656,0.0,0.0,0.0,0.0,0.0,0.0,0.0,0.0,0.0,0.0,0.0,0.0,0.0
317,15,0.0,0.92694384,0.0,0.0,0.0,0.0,0.0,0.0,0.0,0.0,0.0,0.0,0.0,0.0,0.0
317,16,0.0,0.91005456,0.0,0.0,0.0,0.0,0.0,0.0,0.0,0.0,0.0,0.0,0.0,0.0,0.0
317,17,0.0,0.92879472,0.0,0.0,0.0,0.0,0.0,0.0,0.0,0.0,0.0,0.0,0.0,0.0,0.0
317,18,0.0,0.92544,0.0,0.0,0.0,0.0,0.0,0.0,0.0,0.0,0.0,0.0,0.0,0.0,0.0
317,19,7.4,0.84862848,7.6763485477178435,6.768455136929462,0.0,1.0,0.0,0.0,0.0,0.0,7.4,0.0,0.0,0.0,0.0
317,20,12.143587499338203,0.53860608,12.597082468193157,7.201828637327435,0.0,3.0,0.0,0.0,0.0,0.0,12.143587499338203,0.0,0.0,0.0,0.0
317,21,49.44450041190096,0.49696128,51.2909755310176,27.18736014241987,0.0,7.0,0.0,0.0,0.0,0.0,49.44450041190096,0.0,0.0,0.0,0.0
317,22,51.69480824866946,0.43160208,53.625319760030564,24.919797633151305,0.0,7.0,0.0,0.0,0.0,0.0,51.69480824866946,0.0,0.0,0.0,0.0
317,23,51.1939136222348,0.34715568,53.10571952513984,20.19375148992133,0.0,7.0,0.0,0.0,0.0,0.0,51.1939136222348,0.0,0.0,0.0,0.0
318,0,50.494176167681495,0.42581808,52.37985079635011,24.038060558147464,0.0,7.0,0.0,0.0,0.0,0.0,50.494176167681495,0.0,0.0,0.0,0.0
318,1,44.37034528350938,0.41448144,46.02732913227115,20.60097825237587,0.0,7.0,0.0,0.0,0.0,0.0,44.37034528350938,0.0,0.0,0.0,0.0
318,2,51.69480824866946,0.40395456,53.625319760030585,23.437190532579475,0.0,7.0,0.0,0.0,0.0,0.0,51.69480824866946,0.0,0.0,0.0,0.0
318,3,51.694808248669474,0.39840192,53.625319760030585,23.139428437067142,0.0,7.0,0.0,0.0,0.0,0.0,51.694808248669474,0.0,0.0,0.0,0.0
318,4,51.694808248669474,0.39631968,53.625319760030585,23.027767651250016,0.0,7.0,0.0,0.0,0.0,0.0,51.694808248669474,0.0,0.0,0.0,0.0
318,5,48.41559029989608,0.4228104,50.22364138993371,22.897480435541233,0.0,7.0,0.0,0.0,0.0,0.0,48.41559029989608,0.0,0.0,0.0,0.0
318,6,41.90070856577311,0.5390688,43.46546531719203,24.869583131979386,0.0,7.0,0.0,0.0,0.0,0.0,41.90070856577311,0.0,0.0,0.0,0.0
318,7,51.69480824866945,0.8308137599999998,53.625319760030564,46.3276516250903,0.0,7.0,0.0,0.0,0.0,0.0,51.69480824866945,0.0,0.0,0.0,0.0
318,8,14.8,0.92763792,15.352697095435687,14.749918273858924,0.0,2.0,0.0,0.0,0.0,0.0,14.8,0.0,0.0,0.0,0.0
318,9,14.8,0.88506768,15.352697095435687,14.096350273858924,0.0,2.0,0.0,0.0,0.0,0.0,14.8,0.0,0.0,0.0,0.0
318,10,0.0,0.8400681600000001,0.0,0.0,0.0,0.0,0.0,0.0,0.0,0.0,0.0,0.0,0.0,0.0,0.0
318,11,0.0,0.83104512,0.0,0.0,0.0,0.0,0.0,0.0,0.0,0.0,0.0,0.0,0.0,0.0,0.0
318,12,0.0,0.847356,0.0,0.0,0.0,0.0,0.0,0.0,0.0,0.0,0.0,0.0,0.0,0.0,0.0
318,13,0.0,0.8478187200000001,0.0,0.0,0.0,0.0,0.0,0.0,0.0,0.0,0.0,0.0,0.0,0.0,0.0
318,14,0.0,0.91468176,0.0,0.0,0.0,0.0,0.0,0.0,0.0,0.0,0.0,0.0,0.0,0.0,0.0
318,15,1.1327556254641489,0.994848,1.17505770276364,0.0,10.458013554596397,0.0,0.0,0.0,0.0,1.0,0.0,0.0,0.0,0.0,1.1327556254641489
318,16,0.0,1.02515616,0.0,0.0,0.0,0.0,0.0,0.0,0.0,0.0,0.0,0.0,0.0,0.0,0.0
318,17,0.0,1.1012736,0.0,0.0,0.0,0.0,0.0,0.0,0.0,0.0,0.0,0.0,0.0,0.0,0.0
318,18,0.0,1.07917872,0.0,0.0,0.0,0.0,0.0,0.0,0.0,0.0,0.0,0.0,0.0,0.0,0.0
318,19,14.8,1.0220328,15.352697095435687,16.199134273858924,0.0,2.0,0.0,0.0,0.0,0.0,14.8,0.0,0.0,0.0,0.0
318,20,51.69480824866946,0.92474592,53.625319760030564,51.36479374084067,0.0,7.0,0.0,0.0,0.0,0.0,51.69480824866946,0.0,0.0,0.0,0.0
318,21,40.66006099269287,0.81045408,42.178486506942825,35.579834381156566,0.0,7.0,0.0,0.0,0.0,0.0,40.66006099269287,0.0,0.0,0.0,0.0
318,22,40.03166753509391,0.71733168,41.52662607374887,31.16289576925517,0.0,7.0,0.0,0.0,0.0,0.0,40.03166753509391,0.0,0.0,0.0,0.0
318,23,51.69480824866945,0.6243249599999999,53.625319760030564,35.2546236982253,0.0,7.0,0.0,0.0,0.0,0.0,51.69480824866945,0.0,0.0,0.0,0.0
319,0,51.694808248669474,0.9381648,53.625319760030585,52.08438547166216,0.0,7.0,0.0,0.0,0.0,0.0,51.694808248669474,0.0,0.0,0.0,0.0
319,1,51.69480824866945,0.88402656,53.625319760030564,49.18120504041687,0.0,7.0,0.0,0.0,0.0,0.0,51.69480824866945,0.0,0.0,0.0,0.0
319,2,51.694808248669474,0.8433072,53.625319760030585,46.99761633999309,0.0,7.0,0.0,0.0,0.0,0.0,51.694808248669474,0.0,0.0,0.0,0.0
319,3,51.694808248669474,0.8177419199999999,53.625319760030585,45.626670025238354,0.0,7.0,0.0,0.0,0.0,0.0,51.694808248669474,0.0,0.0,0.0,0.0
319,4,49.56947080129358,0.8612376,51.42061286441244,45.987387499687756,0.0,7.0,0.0,0.0,0.0,0.0,49.56947080129358,0.0,0.0,0.0,0.0
319,5,51.69480824866946,0.93330624,53.625319760030564,51.823843638088846,0.0,7.0,0.0,0.0,0.0,0.0,51.69480824866946,0.0,0.0,0.0,0.0
319,6,51.694808248669474,1.14164592,53.625319760030585,62.99612559679131,0.0,7.0,0.0,0.0,0.0,0.0,51.694808248669474,0.0,0.0,0.0,0.0
319,7,51.69480824866946,1.4134939199999998,53.625319760030585,77.57406152291608,0.0,7.0,0.0,0.0,0.0,0.0,51.69480824866946,0.0,0.0,0.0,0.0
319,8,29.6,1.4875291199999998,30.705394190871374,46.69151654771784,0.0,4.0,0.0,0.0,0.0,0.0,29.6,0.0,0.0,0.0,0.0
319,9,14.8,1.40308272,15.352697095435687,22.049278273858924,0.0,2.0,0.0,0.0,0.0,0.0,14.8,0.0,0.0,0.0,0.0
319,10,0.0,1.30463904,0.0,0.0,0.0,0.0,0.0,0.0,0.0,0.0,0.0,0.0,0.0,0.0,0.0
319,11,0.0,1.15494912,0.0,0.0,0.0,0.0,0.0,0.0,0.0,0.0,0.0,0.0,0.0,0.0,0.0
319,12,0.0,1.12626048,0.0,0.0,0.0,0.0,0.0,0.0,0.0,0.0,0.0,0.0,0.0,0.0,0.0
319,13,0.0,1.16940912,0.0,0.0,0.0,0.0,0.0,0.0,0.0,0.0,0.0,0.0,0.0,0.0,0.0
319,14,0.0,1.22933136,0.0,0.0,0.0,0.0,0.0,0.0,0.0,0.0,0.0,0.0,0.0,0.0,0.0
319,15,0.0,1.40215728,0.0,0.0,0.0,0.0,0.0,0.0,0.0,0.0,0.0,0.0,0.0,0.0,0.0
319,16,0.0,1.42240128,0.0,0.0,0.0,0.0,0.0,0.0,0.0,0.0,0.0,0.0,0.0,0.0,0.0
319,17,0.0,1.47885312,0.0,0.0,0.0,0.0,0.0,0.0,0.0,0.0,0.0,0.0,0.0,0.0,0.0
319,18,0.0,1.5026832,0.0,0.0,0.0,0.0,0.0,0.0,0.0,0.0,0.0,0.0,0.0,0.0,0.0
319,19,0.0,1.40065344,0.0,0.0,0.0,0.0,0.0,0.0,0.0,0.0,0.0,0.0,0.0,0.0,0.0
319,20,29.41112362392886,1.2713232,30.50946434017517,39.79725310489719,0.0,4.0,0.0,0.0,0.0,0.0,29.41112362392886,0.0,0.0,0.0,0.0
319,21,48.62829346678747,1.1278800000000002,50.44428782861772,58.56480928326861,0.0,7.0,0.0,0.0,0.0,0.0,48.62829346678747,0.0,0.0,0.0,0.0
319,22,51.694808248669474,1.06032288,53.625319760030585,58.635151572933545,0.0,7.0,0.0,0.0,0.0,0.0,51.694808248669474,0.0,0.0,0.0,0.0
319,23,51.694808248669474,0.97414128,53.625319760030585,54.01363571550249,0.0,7.0,0.0,0.0,0.0,0.0,51.694808248669474,0.0,0.0,0.0,0.0
320,0,44.4,0.98860128,46.05809128630706,47.05761082157677,0.0,6.0,0.0,0.0,0.0,0.0,44.4,0.0,0.0,0.0,0.0
320,1,45.245035395148044,0.963036,46.93468401986312,46.753328400810375,0.0,7.0,0.0,0.0,0.0,0.0,45.245035395148044,0.0,0.0,0.0,0.0
320,2,51.69480824866946,0.8728056000000001,53.625319760030585,48.579477472402374,0.0,7.0,0.0,0.0,0.0,0.0,51.69480824866946,0.0,0.0,0.0,0.0
320,3,51.694808248669474,0.8638982400000002,53.625319760030585,48.10181744418466,0.0,7.0,0.0,0.0,0.0,0.0,51.694808248669474,0.0,0.0,0.0,0.0
320,4,43.04115001455211,0.9381648,44.648495865717955,43.36551240731738,0.0,7.0,0.0,0.0,0.0,0.0,43.04115001455211,0.0,0.0,0.0,0.0
320,5,51.69480824866945,1.00676304,53.625319760030585,55.762988026637466,0.0,7.0,0.0,0.0,0.0,0.0,51.69480824866945,0.0,0.0,0.0,0.0
320,6,42.281033888912376,1.1550648,43.85999366069749,52.11290059586389,0.0,6.0,0.0,0.0,0.0,0.0,42.281033888912376,0.0,0.0,0.0,0.0
320,7,51.69480824866945,1.4679792,53.625319760030585,80.49585208513089,0.0,7.0,0.0,0.0,0.0,0.0,51.69480824866945,0.0,0.0,0.0,0.0
320,8,29.63683681173898,1.50372432,30.743606651181516,47.18879654771784,0.3400908967602741,4.0,0.0,0.0,0.0,1.0,29.6,0.0,0.0,0.0,0.036836811738978
320,9,28.8868815665498,1.4875291199999998,29.965644778578632,35.01863741078838,61.7357323052834,3.0,0.0,0.0,0.0,1.0,22.200000000000003,0.0,0.0,0.0,6.686881566549796
320,10,0.0,1.3893167999999998,0.0,0.0,0.0,0.0,0.0,0.0,0.0,0.0,0.0,0.0,0.0,0.0,0.0
320,11,0.0,1.34906016,0.0,0.0,0.0,0.0,0.0,0.0,0.0,0.0,0.0,0.0,0.0,0.0,0.0
320,12,0.0,1.41858384,0.0,0.0,0.0,0.0,0.0,0.0,0.0,0.0,0.0,0.0,0.0,0.0,0.0
320,13,4.859012981392486,1.5228115199999994,5.040469897710048,0.0,44.860182089619435,0.0,0.0,0.0,0.0,1.0,0.0,0.0,0.0,0.0,4.859012981392486
320,14,6.096354760226627,1.6576944,6.324019460816004,0.0,56.283773201262434,0.0,0.0,0.0,0.0,1.0,0.0,0.0,0.0,0.0,6.096354760226627
320,15,0.0,1.833528,0.0,0.0,0.0,0.0,0.0,0.0,0.0,0.0,0.0,0.0,0.0,0.0,0.0
320,16,0.0,1.83052032,0.0,0.0,0.0,0.0,0.0,0.0,0.0,0.0,0.0,0.0,0.0,0.0,0.0
320,17,0.0,2.10988752,0.0,0.0,0.0,0.0,0.0,0.0,0.0,0.0,0.0,0.0,0.0,0.0,0.0
320,18,1.629014845888519,1.6456636800000002,1.6898494251955591,0.0,15.039659884240477,0.0,0.0,0.0,0.0,1.0,0.0,0.0,0.0,0.0,1.629014845888519
320,19,7.4,1.41384096,7.6763485477178435,11.107223136929461,0.0,1.0,0.0,0.0,0.0,0.0,7.4,0.0,0.0,0.0,0.0
320,20,37.0,1.36051248,38.38174273858922,53.4892756846473,0.0,6.0,0.0,0.0,0.0,0.0,37.0,0.0,0.0,0.0,0.0
320,21,47.33091382047888,1.28705568,49.09845831999884,64.81760863038973,0.0,7.0,0.0,0.0,0.0,0.0,47.33091382047888,0.0,0.0,0.0,0.0
320,22,51.69480824866945,1.23395856,53.625319760030564,67.94642043468387,0.0,7.0,0.0,0.0,0.0,0.0,51.69480824866945,0.0,0.0,0.0,0.0
320,23,48.780195695366054,0.97657056,50.60186275452911,51.09121110440855,0.0,7.0,0.0,0.0,0.0,0.0,48.780195695366054,0.0,0.0,0.0,0.0
321,0,49.4372608837838,1.1232528,51.28346564707863,59.301779094703186,0.0,8.0,0.0,0.0,0.0,0.0,49.4372608837838,0.0,0.0,0.0,0.0
321,1,51.69480824866945,1.07327904,53.625319760030585,59.32992979579568,0.0,8.0,0.0,0.0,0.0,0.0,51.69480824866945,0.0,0.0,0.0,0.0
321,2,51.69480824866946,1.0170585600000002,53.625319760030585,56.315088578733274,0.0,7.0,0.0,0.0,0.0,0.0,51.69480824866946,0.0,0.0,0.0,0.0
321,3,48.97391854967616,1.03255968,50.80282007227818,54.13851698132155,0.0,7.0,0.0,0.0,0.0,0.0,48.97391854967616,0.0,0.0,0.0,0.0
321,4,51.694808248669474,1.07270064,53.625319760030585,59.29891291084647,0.0,7.0,0.0,0.0,0.0,0.0,51.694808248669474,0.0,0.0,0.0,0.0
321,5,51.69480824866945,1.1568,53.625319760030564,63.80876798246038,0.0,7.0,0.0,0.0,0.0,0.0,51.69480824866945,0.0,0.0,0.0,0.0
321,6,46.580527160022626,1.33136112,48.320048921185304,65.93082806945529,0.0,7.0,0.0,0.0,0.0,0.0,46.580527160022626,0.0,0.0,0.0,0.0
321,7,51.69480824866946,1.47943152,53.625319760030585,81.1099864071251,0.0,7.0,0.0,0.0,0.0,0.0,51.69480824866946,0.0,0.0,0.0,0.0
321,8,44.294808248669455,1.6417305599999996,45.94897121231272,76.95674118694157,0.0,7.0,0.0,0.0,0.0,0.0,44.294808248669455,0.0,0.0,0.0,0.0
321,9,0.0,1.558788,0.0,0.0,0.0,0.0,0.0,0.0,0.0,0.0,0.0,0.0,0.0,0.0,0.0
321,10,0.0,1.47966288,0.0,0.0,0.0,0.0,0.0,0.0,0.0,0.0,0.0,0.0,0.0,0.0,0.0
321,11,0.0,1.44808224,0.0,0.0,0.0,0.0,0.0,0.0,0.0,0.0,0.0,0.0,0.0,0.0,0.0
321,12,0.0,1.382376,0.0,0.0,0.0,0.0,0.0,0.0,0.0,0.0,0.0,0.0,0.0,0.0,0.0
321,13,0.0,1.295616,0.0,0.0,0.0,0.0,0.0,0.0,0.0,0.0,0.0,0.0,0.0,0.0,0.0
321,14,0.7627021726667215,1.43339088,0.7911848264177609,0.0,7.041544955118072,0.0,0.0,0.0,0.0,1.0,0.0,0.0,0.0,0.0,0.7627021726667215
321,15,5.240642353688082,1.50372432,5.43635098930299,0.0,48.38352380479661,0.0,0.0,0.0,0.0,1.0,0.0,0.0,0.0,0.0,5.240642353688082
321,16,0.0,1.5852787199999998,0.0,0.0,0.0,0.0,0.0,0.0,0.0,0.0,0.0,0.0,0.0,0.0,0.0
321,17,0.0,1.6926297599999998,0.0,0.0,0.0,0.0,0.0,0.0,0.0,0.0,0.0,0.0,0.0,0.0,0.0
321,18,7.183416846537293,1.6803676799999998,7.451677226698437,0.0,66.31992731761609,0.0,0.0,0.0,0.0,1.0,0.0,0.0,0.0,0.0,7.183416846537293
321,19,22.200000000000003,1.58377488,23.02904564315353,37.235085410788386,0.0,3.0,0.0,0.0,0.0,0.0,22.200000000000003,0.0,0.0,0.0,0.0
321,20,44.4,1.43605152,46.05809128630706,67.66631482157676,0.0,6.0,0.0,0.0,0.0,0.0,44.4,0.0,0.0,0.0,0.0
321,21,51.69480824866946,1.27803264,53.625319760030564,70.30990706781304,0.0,8.0,0.0,0.0,0.0,0.0,51.69480824866946,0.0,0.0,0.0,0.0
321,22,51.69480824866945,1.116312,53.625319760030564,61.63758603601624,0.0,7.0,0.0,0.0,0.0,0.0,51.69480824866945,0.0,0.0,0.0,0.0
321,23,51.694808248669474,1.07212224,53.625319760030585,59.267896025897244,0.0,7.0,0.0,0.0,0.0,0.0,51.694808248669474,0.0,0.0,0.0,0.0
322,0,40.05505936048801,1.06680096,41.55089145278839,45.701865397777745,0.0,8.0,0.0,0.0,0.0,0.0,40.05505936048801,0.0,0.0,0.0,0.0
322,1,50.52888478535114,1.04597856,52.41585558646384,56.56082596740934,0.0,7.0,0.0,0.0,0.0,0.0,50.52888478535114,0.0,0.0,0.0,0.0
322,2,51.694808248669474,1.01462928,53.625319760030585,56.18481766194662,0.0,8.0,0.0,0.0,0.0,0.0,51.694808248669474,0.0,0.0,0.0,0.0
322,3,51.69480824866946,0.96106944,53.625319760030585,53.31265411565055,0.0,7.0,0.0,0.0,0.0,0.0,51.69480824866946,0.0,0.0,0.0,0.0
322,4,51.694808248669474,0.92463024,53.625319760030585,51.35859036385084,0.0,7.0,0.0,0.0,0.0,0.0,51.694808248669474,0.0,0.0,0.0,0.0
322,5,51.69480824866948,0.92497728,53.625319760030585,51.377200494820364,0.0,8.0,0.0,0.0,0.0,0.0,51.69480824866948,0.0,0.0,0.0,0.0
322,6,47.92697075877746,0.96511824,49.71677464603471,49.628191285641385,0.0,7.0,0.0,0.0,0.0,0.0,47.92697075877746,0.0,0.0,0.0,0.0
322,7,47.5339252035238,1.03117152,49.309051040999805,52.47821870116243,0.0,7.0,0.0,0.0,0.0,0.0,47.5339252035238,0.0,0.0,0.0,0.0
322,8,56.83123774777661,1.12105488,58.95356612839898,61.89192449259961,47.421392678479656,8.0,0.0,0.0,0.0,1.0,51.694808248669375,0.0,0.0,0.0,5.1364294991072335
322,9,25.61178549827327,1.09352304,26.568242218125803,22.001444525632476,62.65223253158213,4.0,0.0,0.0,0.0,1.0,18.825633570133366,0.0,0.0,0.0,6.7861519281399065
322,10,7.4,1.11145344,7.6763485477178435,8.78599113692946,0.0,1.0,0.0,0.0,0.0,0.0,7.4,0.0,0.0,0.0,0.0
322,11,0.0,1.1012736,0.0,0.0,0.0,0.0,0.0,0.0,0.0,0.0,0.0,0.0,0.0,0.0,0.0
322,12,1.524089593464718,1.0954896,1.5810058023492928,0.0,14.070951640908707,0.0,0.0,0.0,0.0,1.0,0.0,0.0,0.0,0.0,1.524089593464718
322,13,32.764851052299974,1.09872864,33.988434701555995,0.0,302.49706884384835,0.0,0.0,0.0,0.0,3.0,0.0,0.0,0.0,0.0,32.764851052299974
322,14,33.578339046098826,1.12279008,34.83230191504028,0.0,310.00748704385853,0.0,0.0,0.0,0.0,5.0,0.0,0.0,0.0,0.0,33.578339046098826
322,15,18.676554928188988,1.12683888,19.37401963505082,0.0,172.4287747519523,0.0,0.0,0.0,0.0,3.0,0.0,0.0,0.0,0.0,18.676554928188988
322,16,0.0,1.11029664,0.0,0.0,0.0,0.0,0.0,0.0,0.0,0.0,0.0,0.0,0.0,0.0,0.0
322,17,25.231329629247195,1.21544976,26.173578453575928,0.0,232.94484823682578,0.0,0.0,0.0,0.0,3.0,0.0,0.0,0.0,0.0,25.231329629247195
322,18,13.758437547272448,1.24170912,14.27223811957723,0.0,127.02291926423734,0.0,0.0,0.0,0.0,1.0,0.0,0.0,0.0,0.0,13.758437547272448
322,19,29.6,1.0301304,30.705394190871374,32.64690854771784,0.0,4.0,0.0,0.0,0.0,0.0,29.6,0.0,0.0,0.0,0.0
322,20,51.69480824866947,0.9613008,53.62531976003057,53.32506086963021,0.0,9.0,0.0,0.0,0.0,0.0,51.69480824866947,0.0,0.0,0.0,0.0
322,21,51.69480824866946,0.90207264,53.62531976003058,50.14893185083196,0.0,8.0,0.0,0.0,0.0,0.0,51.69480824866946,0.0,0.0,0.0,0.0
322,22,51.69480824866946,0.85325568,53.625319760030564,47.531106761119325,0.0,8.0,0.0,0.0,0.0,0.0,51.69480824866946,0.0,0.0,0.0,0.0
322,23,51.69480824866946,0.6836688000000001,53.62531976003057,38.43695609401341,0.0,7.0,0.0,0.0,0.0,0.0,51.69480824866946,0.0,0.0,0.0,0.0
323,0,51.69480824866945,0.5536444799999999,53.625319760030564,31.464360357432856,0.0,9.0,0.0,0.0,0.0,0.0,51.69480824866945,0.0,0.0,0.0,0.0
323,1,51.69480824866946,0.5099174399999999,53.62531976003057,29.119483855273216,0.0,7.0,0.0,0.0,0.0,0.0,51.69480824866946,0.0,0.0,0.0,0.0
323,2,51.69480824866946,0.48840096,53.625319760030564,27.96565573516291,0.0,8.0,0.0,0.0,0.0,0.0,51.69480824866946,0.0,0.0,0.0,0.0
323,3,51.69480824866945,0.43356864,53.625319760030564,25.025255041978593,0.0,10.0,0.0,0.0,0.0,0.0,51.69480824866945,0.0,0.0,0.0,0.0
323,4,51.694808248669474,0.4056897599999999,53.625319760030585,23.53024118742707,0.0,7.0,0.0,0.0,0.0,0.0,51.694808248669474,0.0,0.0,0.0,0.0
323,5,51.69480824866946,0.4349568,53.62531976003057,25.099695565856674,0.0,8.0,0.0,0.0,0.0,0.0,51.69480824866946,0.0,0.0,0.0,0.0
323,6,51.694808248669474,0.4833110399999999,53.625319760030585,27.692707147609944,0.0,8.0,0.0,0.0,0.0,0.0,51.694808248669474,0.0,0.0,0.0,0.0
323,7,51.69480824866946,0.51118992,53.62531976003057,29.187721002161464,0.0,8.0,0.0,0.0,0.0,0.0,51.69480824866946,0.0,0.0,0.0,0.0
323,8,55.414769489395425,0.55098384,57.48420071514049,31.32168268666653,34.34404050047834,7.0,0.0,0.0,0.0,1.0,51.69480824866946,0.0,0.0,0.0,3.719961240725968
323,9,48.55987043537596,0.57678048,50.37330958026553,14.044965410788386,243.36394904029677,3.0,0.0,0.0,0.0,1.0,22.200000000000003,0.0,0.0,0.0,26.359870435375964
323,10,0.0,0.66481296,0.0,0.0,0.0,0.0,0.0,0.0,0.0,0.0,0.0,0.0,0.0,0.0,0.0
323,11,0.0,0.6939643200000001,0.0,0.0,0.0,0.0,0.0,0.0,0.0,0.0,0.0,0.0,0.0,0.0,0.0
323,12,37.18756592732913,0.71814144,38.57631320262359,0.0,343.32918750334994,0.0,0.0,0.0,0.0,3.0,0.0,0.0,0.0,0.0,37.18756592732913
323,13,39.70702618311623,0.7391952,41.18986118580521,0.0,366.58976455366644,0.0,0.0,0.0,0.0,3.0,0.0,0.0,0.0,0.0,39.70702618311623
323,14,1.9748297202993534,0.76614864,2.048578548028375,0.0,18.23234907745254,0.0,0.0,0.0,0.0,1.0,0.0,0.0,0.0,0.0,1.9748297202993534
323,15,22.51749573535462,0.81982416,23.35839806572056,0.0,207.889742784913,0.0,0.0,0.0,0.0,2.0,0.0,0.0,0.0,0.0,22.51749573535462
323,16,9.876887782636858,0.93677664,10.245734214353588,0.0,91.18703450774693,0.0,0.0,0.0,0.0,1.0,0.0,0.0,0.0,0.0,9.876887782636858
323,17,2.6588974923264788,1.0991913599999998,2.758192419425808,0.0,24.547912532889693,0.0,0.0,0.0,0.0,1.0,0.0,0.0,0.0,0.0,2.6588974923264788
323,18,10.068472869500559,1.19370192,10.444473931017178,0.0,92.95581798605289,0.0,0.0,0.0,0.0,3.0,0.0,0.0,0.0,0.0,10.068472869500559
323,19,18.4047516011923,1.17542448,19.092065976340557,16.690538580263183,47.00438147573426,2.0,0.0,0.0,0.0,1.0,13.313490506517262,0.0,0.0,0.0,5.091261094675037
323,20,36.455065008905464,1.0255032000000002,37.81645747811771,40.032622898999335,0.0,6.0,0.0,0.0,0.0,0.0,36.455065008905464,0.0,0.0,0.0,0.0
323,21,51.69480824866946,0.97610784,53.625319760030564,54.119093124329765,0.0,7.0,0.0,0.0,0.0,0.0,51.69480824866946,0.0,0.0,0.0,0.0
323,22,49.55770308474445,1.0058376,51.40840568956895,53.41012562694711,0.0,7.0,0.0,0.0,0.0,0.0,49.55770308474445,0.0,0.0,0.0,0.0
323,23,51.694808248669474,0.9260184,53.625319760030585,51.43303088772892,0.0,8.0,0.0,0.0,0.0,0.0,51.694808248669474,0.0,0.0,0.0,0.0
324,0,51.694808248669474,0.80952864,53.625319760030585,45.1862302589597,0.0,7.0,0.0,0.0,0.0,0.0,51.694808248669474,0.0,0.0,0.0,0.0
324,1,50.103107003856174,0.72508224,51.974177389892304,39.405898235625905,0.0,7.0,0.0,0.0,0.0,0.0,50.103107003856174,0.0,0.0,0.0,0.0
324,2,47.45394965625486,0.6930388799999999,49.226088855036174,35.74497702797645,0.0,8.0,0.0,0.0,0.0,0.0,47.45394965625486,0.0,0.0,0.0,0.0
324,3,51.69480824866945,0.69442704,53.625319760030585,39.01387015406856,0.0,7.0,0.0,0.0,0.0,0.0,51.69480824866945,0.0,0.0,0.0,0.0
324,4,47.7657397475368,0.74914368,49.54952255968548,38.759800869331386,0.0,7.0,0.0,0.0,0.0,0.0,47.7657397475368,0.0,0.0,0.0,0.0
324,5,46.4054913058248,0.93041424,48.138476458324504,46.38210755950042,0.0,8.0,0.0,0.0,0.0,0.0,46.4054913058248,0.0,0.0,0.0,0.0
324,6,50.06665613477403,1.17426768,51.936365285035315,62.70628886182561,0.0,7.0,0.0,0.0,0.0,0.0,50.06665613477403,0.0,0.0,0.0,0.0
324,7,51.69480824866946,1.48174512,53.625319760030564,81.23405394692186,0.0,7.0,0.0,0.0,0.0,0.0,51.69480824866946,0.0,0.0,0.0,0.0
324,8,51.69480824866946,1.4653185599999998,53.625319760030564,80.35317441436453,0.0,7.0,0.0,0.0,0.0,0.0,51.69480824866946,0.0,0.0,0.0,0.0
324,9,14.8,1.37011392,15.352697095435687,21.543118273858923,0.0,2.0,0.0,0.0,0.0,0.0,14.8,0.0,0.0,0.0,0.0
324,10,0.0,1.29769824,0.0,0.0,0.0,0.0,0.0,0.0,0.0,0.0,0.0,0.0,0.0,0.0,0.0
324,11,0.0,1.2262080000000002,0.0,0.0,0.0,0.0,0.0,0.0,0.0,0.0,0.0,0.0,0.0,0.0,0.0
324,12,0.0,1.191504,0.0,0.0,0.0,0.0,0.0,0.0,0.0,0.0,0.0,0.0,0.0,0.0,0.0
324,13,0.0,1.3181736000000002,0.0,0.0,0.0,0.0,0.0,0.0,0.0,0.0,0.0,0.0,0.0,0.0,0.0
324,14,0.0,1.3922088,0.0,0.0,0.0,0.0,0.0,0.0,0.0,0.0,0.0,0.0,0.0,0.0,0.0
324,15,0.0,1.48938,0.0,0.0,0.0,0.0,0.0,0.0,0.0,0.0,0.0,0.0,0.0,0.0,0.0
324,16,0.0,1.6187102400000002,0.0,0.0,0.0,0.0,0.0,0.0,0.0,0.0,0.0,0.0,0.0,0.0,0.0
324,17,0.0,1.700496,0.0,0.0,0.0,0.0,0.0,0.0,0.0,0.0,0.0,0.0,0.0,0.0,0.0
324,18,0.0,1.6192886399999995,0.0,0.0,0.0,0.0,0.0,0.0,0.0,0.0,0.0,0.0,0.0,0.0,0.0
324,19,15.561078641355731,1.46844192,16.142197760742462,22.983180567019843,7.438722629748046,2.0,0.0,0.0,0.0,1.0,14.755356325054931,0.0,0.0,0.0,0.8057223163007995
324,20,28.008298755186722,1.34674656,29.054251820733114,40.09040942821232,0.0,4.0,0.0,0.0,0.0,0.0,28.008298755186722,0.0,0.0,0.0,0.0
324,21,51.694808248669474,1.19832912,53.625319760030585,66.03578032181306,0.0,7.0,0.0,0.0,0.0,0.0,51.694808248669474,0.0,0.0,0.0,0.0
324,22,48.54681663512179,1.2111695999999998,50.35976829369482,62.661128750888324,0.0,7.0,0.0,0.0,0.0,0.0,48.54681663512179,0.0,0.0,0.0,0.0
324,23,51.694808248669474,1.09467984,53.625319760030585,60.47755453891613,0.0,8.0,0.0,0.0,0.0,0.0,51.694808248669474,0.0,0.0,0.0,0.0
325,0,51.694808248669474,1.1564529599999998,53.625319760030585,63.79015785149085,0.0,7.0,0.0,0.0,0.0,0.0,51.694808248669474,0.0,0.0,0.0,0.0
325,1,47.785349380820506,1.1006952,49.569864502925846,56.20207443806771,0.0,7.0,0.0,0.0,0.0,0.0,47.785349380820506,0.0,0.0,0.0,0.0
325,2,51.694808248669474,1.07744352,53.625319760030585,59.55325136742992,0.0,7.0,0.0,0.0,0.0,0.0,51.694808248669474,0.0,0.0,0.0,0.0
325,3,44.4,1.02932064,46.05809128630706,48.933066821576766,0.0,6.0,0.0,0.0,0.0,0.0,44.4,0.0,0.0,0.0,0.0
325,4,48.25632701484511,1.07663376,50.05843051332481,55.551530313250666,0.0,7.0,0.0,0.0,0.0,0.0,48.25632701484511,0.0,0.0,0.0,0.0
325,5,46.073022223484436,1.14164592,47.7935915181374,56.14532663807851,0.0,7.0,0.0,0.0,0.0,0.0,46.07302222348444,0.0,0.0,0.0,0.0
325,6,51.694808248669474,1.3893167999999998,53.625319760030585,76.27755573203947,0.0,7.0,0.0,0.0,0.0,0.0,51.694808248669474,0.0,0.0,0.0,0.0
325,7,51.694808248669474,1.57417344,53.625319760030585,86.19055216180433,0.0,7.0,0.0,0.0,0.0,0.0,51.694808248669474,0.0,0.0,0.0,0.0
325,8,7.4,1.64948112,7.6763485477178435,12.916079136929461,0.0,1.0,0.0,0.0,0.0,0.0,7.4,0.0,0.0,0.0,0.0
325,9,22.200000000000003,1.5870139200000002,23.02904564315353,37.30967741078839,0.0,3.0,0.0,0.0,0.0,0.0,22.200000000000003,0.0,0.0,0.0,0.0
325,10,0.0,1.5616799999999995,0.0,0.0,0.0,0.0,0.0,0.0,0.0,0.0,0.0,0.0,0.0,0.0,0.0
325,11,0.0,1.5605232,0.0,0.0,0.0,0.0,0.0,0.0,0.0,0.0,0.0,0.0,0.0,0.0,0.0
325,12,0.2539393929877138,1.61709072,0.26342260683372803,0.0,2.3444612008201795,0.0,0.0,0.0,0.0,1.0,0.0,0.0,0.0,0.0,0.2539393929877138
325,13,0.0,1.61697504,0.0,0.0,0.0,0.0,0.0,0.0,0.0,0.0,0.0,0.0,0.0,0.0,0.0
325,14,2.4936582596789627,1.60066416,2.5867824270528663,0.0,23.02236360077051,0.0,0.0,0.0,0.0,2.0,0.0,0.0,0.0,0.0,2.4936582596789627
325,15,0.0,1.62345312,0.0,0.0,0.0,0.0,0.0,0.0,0.0,0.0,0.0,0.0,0.0,0.0,0.0
325,16,0.0,1.6648665599999997,0.0,0.0,0.0,0.0,0.0,0.0,0.0,0.0,0.0,0.0,0.0,0.0,0.0
325,17,8.931695390894209,1.70014896,9.265244181425528,0.0,82.4606732146872,0.0,0.0,0.0,0.0,1.0,0.0,0.0,0.0,0.0,8.931695390894209
325,18,0.0,1.6435814400000002,0.0,0.0,0.0,0.0,0.0,0.0,0.0,0.0,0.0,0.0,0.0,0.0,0.0
325,19,22.200000000000003,1.5310248,23.02904564315353,36.020301410788385,0.0,3.0,0.0,0.0,0.0,0.0,22.200000000000003,0.0,0.0,0.0,0.0
325,20,22.200000000000003,1.44357072,23.02904564315353,34.006317410788384,0.0,3.0,0.0,0.0,0.0,0.0,22.200000000000003,0.0,0.0,0.0,0.0
325,21,28.113490506517245,1.24147776,29.163371894727433,37.17098522362865,0.0,5.0,0.0,0.0,0.0,0.0,28.113490506517245,0.0,0.0,0.0,0.0
325,22,45.87924985657908,1.24194048,47.59258283877499,60.682469667191405,0.0,7.0,0.0,0.0,0.0,0.0,45.87924985657908,0.0,0.0,0.0,0.0
325,23,44.4,1.09791888,46.05809128630706,52.092570821576764,0.0,6.0,0.0,0.0,0.0,0.0,44.4,0.0,0.0,0.0,0.0
326,0,51.694808248669474,1.10081088,53.625319760030585,60.80633351937767,0.0,7.0,0.0,0.0,0.0,0.0,51.694808248669474,0.0,0.0,0.0,0.0
326,1,45.572123323403176,1.06495008,47.273986850003304,51.90920504256508,0.0,8.0,0.0,0.0,0.0,0.0,45.572123323403176,0.0,0.0,0.0,0.0
326,2,42.80829875518672,1.06495008,44.4069489161688,48.76105380995506,0.0,6.0,0.0,0.0,0.0,0.0,42.80829875518672,0.0,0.0,0.0,0.0
326,3,51.694808248669474,1.0312872,53.625319760030585,57.078103948483616,0.0,7.0,0.0,0.0,0.0,0.0,51.694808248669474,0.0,0.0,0.0,0.0
326,4,49.42981225003931,1.02642864,51.27573884858851,54.32811384724015,0.0,8.0,0.0,0.0,0.0,0.0,49.42981225003931,0.0,0.0,0.0,0.0
326,5,51.694808248669474,0.49707696,53.625319760030585,28.430909009400946,0.0,7.0,0.0,0.0,0.0,0.0,51.694808248669474,0.0,0.0,0.0,0.0
326,6,45.171830554496104,0.85637904,46.85874538848144,41.679871863750904,0.0,7.0,0.0,0.0,0.0,0.0,45.171830554496104,0.0,0.0,0.0,0.0
326,7,48.56269359571804,0.89038896,50.376238169832,46.52189979617045,0.0,8.0,0.0,0.0,0.0,0.0,48.56269359571804,0.0,0.0,0.0,0.0
326,8,41.47052886164555,0.6345048000000001,43.01922081083564,28.719838305573766,0.0,6.0,0.0,0.0,0.0,0.0,41.47052886164555,0.0,0.0,0.0,0.0
326,9,0.0,0.45890256,0.0,0.0,0.0,0.0,0.0,0.0,0.0,0.0,0.0,0.0,0.0,0.0,0.0
326,10,0.0,0.3676310399999999,0.0,0.0,0.0,0.0,0.0,0.0,0.0,0.0,0.0,0.0,0.0,0.0,0.0
326,11,0.0,0.2977603199999999,0.0,0.0,0.0,0.0,0.0,0.0,0.0,0.0,0.0,0.0,0.0,0.0,0.0
326,12,0.0,0.28908432,0.0,0.0,0.0,0.0,0.0,0.0,0.0,0.0,0.0,0.0,0.0,0.0,0.0
326,13,0.0,0.2435064,0.0,0.0,0.0,0.0,0.0,0.0,0.0,0.0,0.0,0.0,0.0,0.0,0.0
326,14,6.316926780288079,0.2296248,6.552828610257344,0.0,58.320174631290364,0.0,0.0,0.0,0.0,1.0,0.0,0.0,0.0,0.0,6.316926780288079
326,15,0.0,0.2308972799999999,0.0,0.0,0.0,0.0,0.0,0.0,0.0,0.0,0.0,0.0,0.0,0.0,0.0
326,16,0.0,0.24223392,0.0,0.0,0.0,0.0,0.0,0.0,0.0,0.0,0.0,0.0,0.0,0.0,0.0
326,17,0.0,0.23795376,0.0,0.0,0.0,0.0,0.0,0.0,0.0,0.0,0.0,0.0,0.0,0.0,0.0
326,18,0.0,0.2221056,0.0,0.0,0.0,0.0,0.0,0.0,0.0,0.0,0.0,0.0,0.0,0.0,0.0
326,19,7.4,0.19792848,7.6763485477178435,1.7734551369294607,0.0,1.0,0.0,0.0,0.0,0.0,7.4,0.0,0.0,0.0,0.0
326,20,29.6,0.18080784,30.705394190871374,6.568124547717843,0.0,4.0,0.0,0.0,0.0,0.0,29.6,0.0,0.0,0.0,0.0
326,21,41.391416858372345,0.17675904,42.93715441739871,9.010750006367052,0.0,7.0,0.0,0.0,0.0,0.0,41.391416858372345,0.0,0.0,0.0,0.0
326,22,51.694808248669474,0.14737632,53.625319760030585,9.678100369113604,0.0,7.0,0.0,0.0,0.0,0.0,51.694808248669474,0.0,0.0,0.0,0.0
326,23,39.020116169287924,0.13742784,40.477298930796614,6.902506355703055,0.0,6.0,0.0,0.0,0.0,0.0,39.020116169287924,0.0,0.0,0.0,0.0
327,0,49.80495275449083,0.05830272,51.66488874947182,4.722311360199123,0.0,7.0,0.0,0.0,0.0,0.0,49.80495275449083,0.0,0.0,0.0,0.0
327,1,49.93450208490964,0.1110528,51.7992760216905,7.467010676499547,0.0,7.0,0.0,0.0,0.0,0.0,49.93450208490964,0.0,0.0,0.0,0.0
327,2,38.11751900643389,0.11591136,39.540994819952175,5.892057413874028,0.0,7.0,0.0,0.0,0.0,0.0,38.11751900643389,0.0,0.0,0.0,0.0
327,3,51.694808248669474,0.11637408,53.625319760030585,8.015595335836391,0.0,7.0,0.0,0.0,0.0,0.0,51.694808248669474,0.0,0.0,0.0,0.0
327,4,51.694808248669474,0.13638672,53.625319760030585,9.088779555078771,0.0,7.0,0.0,0.0,0.0,0.0,51.694808248669474,0.0,0.0,0.0,0.0
327,5,37.0,0.18994656,38.38174273858922,8.560915684647304,0.0,6.0,0.0,0.0,0.0,0.0,37.0,0.0,0.0,0.0,0.0
327,6,51.694808248669474,0.2734675199999999,53.625319760030585,16.439781288039566,0.0,7.0,0.0,0.0,0.0,0.0,51.694808248669474,0.0,0.0,0.0,0.0
327,7,47.814469921979594,0.35791392,49.600072533173865,19.394318793480643,0.0,7.0,0.0,0.0,0.0,0.0,47.814469921979594,0.0,0.0,0.0,0.0
327,8,29.6,0.410664,30.705394190871374,13.625948547717844,0.0,4.0,0.0,0.0,0.0,0.0,29.6,0.0,0.0,0.0,0.0
327,9,14.8,0.41575392,15.352697095435687,6.891118273858923,0.0,2.0,0.0,0.0,0.0,0.0,14.8,0.0,0.0,0.0,0.0
327,10,0.0,0.42292608,0.0,0.0,0.0,0.0,0.0,0.0,0.0,0.0,0.0,0.0,0.0,0.0,0.0
327,11,0.0,0.4361136,0.0,0.0,0.0,0.0,0.0,0.0,0.0,0.0,0.0,0.0,0.0,0.0,0.0
327,12,0.0,0.41853024,0.0,0.0,0.0,0.0,0.0,0.0,0.0,0.0,0.0,0.0,0.0,0.0,0.0
327,13,0.0,0.41795184,0.0,0.0,0.0,0.0,0.0,0.0,0.0,0.0,0.0,0.0,0.0,0.0,0.0
327,14,0.0,0.41656368,0.0,0.0,0.0,0.0,0.0,0.0,0.0,0.0,0.0,0.0,0.0,0.0,0.0
327,15,0.0,0.41448144,0.0,0.0,0.0,0.0,0.0,0.0,0.0,0.0,0.0,0.0,0.0,0.0,0.0
327,16,0.0,0.41505984,0.0,0.0,0.0,0.0,0.0,0.0,0.0,0.0,0.0,0.0,0.0,0.0,0.0
327,17,0.0,0.4025663999999999,0.0,0.0,0.0,0.0,0.0,0.0,0.0,0.0,0.0,0.0,0.0,0.0,0.0
327,18,0.0,0.38833776,0.0,0.0,0.0,0.0,0.0,0.0,0.0,0.0,0.0,0.0,0.0,0.0,0.0
327,19,29.6,0.3479654399999999,30.705394190871374,11.700764547717842,0.0,4.0,0.0,0.0,0.0,0.0,29.6,0.0,0.0,0.0,0.0
327,20,27.151347086527906,0.3418344,28.16529780760157,10.56013903431441,0.0,5.0,0.0,0.0,0.0,0.0,27.151347086527906,0.0,0.0,0.0,0.0
327,21,35.40829875518672,0.31812,36.73060036845096,12.900521461407347,0.0,5.0,0.0,0.0,0.0,0.0,35.40829875518672,0.0,0.0,0.0,0.0
327,22,51.694808248669474,0.21655296,53.625319760030585,13.387719809038124,0.0,7.0,0.0,0.0,0.0,0.0,51.694808248669474,0.0,0.0,0.0,0.0
327,23,39.17238448952294,0.1161427199999999,40.63525361983708,6.064515778114328,0.0,6.0,0.0,0.0,0.0,0.0,39.17238448952294,0.0,0.0,0.0,0.0
328,0,51.69480824866945,0.01712064,53.625319760030585,2.693097878553382,0.0,7.0,0.0,0.0,0.0,0.0,51.69480824866945,0.0,0.0,0.0,0.0
328,1,51.694808248669474,0.0011568,53.625319760030585,1.8370318539554156,0.0,7.0,0.0,0.0,0.0,0.0,51.694808248669474,0.0,0.0,0.0,0.0
328,2,45.16600608949566,0.0013881599999999,46.85270341233989,1.6158635317173196,0.0,7.0,0.0,0.0,0.0,0.0,45.16600608949566,0.0,0.0,0.0,0.0
328,3,51.694808248669474,0.00393312,53.625319760030585,1.9859129017115837,0.0,7.0,0.0,0.0,0.0,0.0,51.694808248669474,0.0,0.0,0.0,0.0
328,4,40.86204073306001,0.0179304,42.3880090591909,2.163077057494135,0.0,7.0,0.0,0.0,0.0,0.0,40.86204073306001,0.0,0.0,0.0,0.0
328,5,47.77390082600339,0.0512462399999999,49.557988408717215,4.1800299842388755,0.0,7.0,0.0,0.0,0.0,0.0,47.77390082600339,0.0,0.0,0.0,0.0
328,6,51.69480824866945,0.18612912,53.625319760030564,11.756231660710114,0.0,7.0,0.0,0.0,0.0,0.0,51.69480824866945,0.0,0.0,0.0,0.0
328,7,51.69480824866945,0.23170704,53.625319760030585,14.20036219470721,0.0,7.0,0.0,0.0,0.0,0.0,51.69480824866945,0.0,0.0,0.0,0.0
328,8,8.567615378923357,0.24015168,8.887567820459914,2.42854283805461,0.0,2.0,0.0,0.0,0.0,0.0,8.567615378923357,0.0,0.0,0.0,0.0
328,9,0.0,0.24130848,0.0,0.0,0.0,0.0,0.0,0.0,0.0,0.0,0.0,0.0,0.0,0.0,0.0
328,10,0.0,0.25033152,0.0,0.0,0.0,0.0,0.0,0.0,0.0,0.0,0.0,0.0,0.0,0.0,0.0
328,11,0.0,0.2640974399999999,0.0,0.0,0.0,0.0,0.0,0.0,0.0,0.0,0.0,0.0,0.0,0.0,0.0
328,12,5.603534109166224,0.29012544,5.8127947190521,0.0,51.733872999563694,0.0,0.0,0.0,0.0,2.0,0.0,0.0,0.0,0.0,5.603534109166224
328,13,0.0,0.24038304,0.0,0.0,0.0,0.0,0.0,0.0,0.0,0.0,0.0,0.0,0.0,0.0,0.0
328,14,0.0,0.23957328,0.0,0.0,0.0,0.0,0.0,0.0,0.0,0.0,0.0,0.0,0.0,0.0,0.0
328,15,25.779944487799607,0.24038304,26.742681003941502,0.0,238.0098609350794,0.0,0.0,0.0,0.0,1.0,0.0,0.0,0.0,0.0,25.779944487799607
328,16,0.0,0.31812,0.0,0.0,0.0,0.0,0.0,0.0,0.0,0.0,0.0,0.0,0.0,0.0,0.0
328,17,0.0,0.4626043199999999,0.0,0.0,0.0,0.0,0.0,0.0,0.0,0.0,0.0,0.0,0.0,0.0,0.0
328,18,0.0,0.39666672,0.0,0.0,0.0,0.0,0.0,0.0,0.0,0.0,0.0,0.0,0.0,0.0,0.0
328,19,14.8,0.2539175999999999,15.352697095435687,4.406494273858921,0.0,2.0,0.0,0.0,0.0,0.0,14.8,0.0,0.0,0.0,0.0
328,20,50.103107003856174,0.237144,51.974177389892304,14.045709594554056,0.0,7.0,0.0,0.0,0.0,0.0,50.103107003856174,0.0,0.0,0.0,0.0
328,21,51.69480824866945,0.22893072,53.625319760030564,14.051481146951037,0.0,8.0,0.0,0.0,0.0,0.0,51.69480824866945,0.0,0.0,0.0,0.0
328,22,51.69480824866945,0.2281209599999999,53.625319760030585,14.008057508022155,0.0,7.0,0.0,0.0,0.0,0.0,51.69480824866945,0.0,0.0,0.0,0.0
328,23,51.69480824866945,0.22002336,53.625319760030585,13.573821118733338,0.0,8.0,0.0,0.0,0.0,0.0,51.69480824866945,0.0,0.0,0.0,0.0
329,0,50.613423779104195,0.32436672,52.5035516380749,18.768272392413262,0.0,7.0,0.0,0.0,0.0,0.0,50.613423779104195,0.0,0.0,0.0,0.0
329,1,51.694808248669474,0.29972688,53.625319760030585,17.847947864733325,0.0,8.0,0.0,0.0,0.0,0.0,51.694808248669474,0.0,0.0,0.0,0.0
329,2,51.694808248669474,0.2948683199999999,53.625319760030585,17.58740603116003,0.0,7.0,0.0,0.0,0.0,0.0,51.694808248669474,0.0,0.0,0.0,0.0
329,3,51.69480824866947,0.29174496,53.625319760030585,17.419914852434346,0.0,8.0,0.0,0.0,0.0,0.0,51.694808248669474,0.0,0.0,0.0,0.0
329,4,48.42647781792893,0.29521536,50.234935495776895,16.49290093187277,0.0,8.0,0.0,0.0,0.0,0.0,48.42647781792893,0.0,0.0,0.0,0.0
329,5,51.69480824866945,0.2421182399999999,53.625319760030585,14.758666123792835,0.0,7.0,0.0,0.0,0.0,0.0,51.69480824866945,0.0,0.0,0.0,0.0
329,6,51.12878328273671,0.2695344,53.0381569322995,16.051170800312303,0.0,8.0,0.0,0.0,0.0,0.0,51.12878328273671,0.0,0.0,0.0,0.0
329,7,51.69480824866946,0.30204048,53.625319760030585,17.972015404530136,0.0,8.0,0.0,0.0,0.0,0.0,51.69480824866946,0.0,0.0,0.0,0.0
329,8,50.20829875518672,0.39655104,52.083297463886645,22.377642921988265,0.0,7.0,0.0,0.0,0.0,0.0,50.20829875518672,0.0,0.0,0.0,0.0
329,9,44.54047470024725,0.8670216000000001,46.20381192971707,34.54823568464731,69.61641580103793,5.0,0.0,0.0,0.0,1.0,37.0,0.0,0.0,0.0,7.540474700247253
329,10,0.0,1.00676304,0.0,0.0,0.0,0.0,0.0,0.0,0.0,0.0,0.0,0.0,0.0,0.0,0.0
329,11,0.0,0.98293296,0.0,0.0,0.0,0.0,0.0,0.0,0.0,0.0,0.0,0.0,0.0,0.0,0.0
329,12,7.632262098978664,0.95759904,7.91728433504011,0.0,70.46383058185698,0.0,0.0,0.0,0.0,2.0,0.0,0.0,0.0,0.0,7.632262098978664
329,13,7.739706613570252,0.93793344,8.02874130038408,0.0,71.45579757341831,0.0,0.0,0.0,0.0,2.0,0.0,0.0,0.0,0.0,7.739706613570252
329,14,21.186288375687017,1.0170585600000002,21.977477568140063,0.0,195.59955035644657,0.0,0.0,0.0,0.0,2.0,0.0,0.0,0.0,0.0,21.186288375687017
329,15,26.588839651176766,1.07721216,27.58178387051532,0.0,245.47787644758637,0.0,0.0,0.0,0.0,2.0,0.0,0.0,0.0,0.0,26.588839651176766
329,16,5.300771923085885,1.2880967999999997,5.4987260612924125,0.0,48.938661945502474,0.0,0.0,0.0,0.0,1.0,0.0,0.0,0.0,0.0,5.300771923085885
329,17,7.7754605300914585,1.3939439999999998,8.065830425406078,0.0,71.7858907861141,0.0,0.0,0.0,0.0,1.0,0.0,0.0,0.0,0.0,7.7754605300914585
329,18,0.0,1.43061456,0.0,0.0,0.0,0.0,0.0,0.0,0.0,0.0,0.0,0.0,0.0,0.0,0.0
329,19,24.40380811669457,1.42587168,25.31515364802342,33.59872541078838,20.346361243341992,3.0,0.0,0.0,0.0,2.0,22.200000000000003,0.0,0.0,0.0,2.203808116694571
329,20,52.5555006387543,1.36062816,54.518154189579164,74.73911823855904,7.946226422982509,7.0,0.0,0.0,0.0,1.0,51.69480824866946,0.0,0.0,0.0,0.860692390084847
329,21,51.69480824866945,1.289832,53.625319760030564,70.94265152077675,0.0,10.0,0.0,0.0,0.0,0.0,51.69480824866945,0.0,0.0,0.0,0.0
329,22,51.69480824866946,1.2595238399999995,53.62531976003057,69.31736674943856,0.0,9.0,0.0,0.0,0.0,0.0,51.69480824866946,0.0,0.0,0.0,0.0
329,23,51.694808248669474,1.08530976,53.625319760030585,59.97508100273906,0.0,7.0,0.0,0.0,0.0,0.0,51.694808248669474,0.0,0.0,0.0,0.0
330,0,51.69480824866947,1.24541088,53.625319760030585,68.56055475667809,0.0,9.0,0.0,0.0,0.0,0.0,51.69480824866945,0.0,0.0,0.0,0.0
330,1,51.694808248669474,1.1822496,53.625319760030585,65.17351092022527,0.0,8.0,0.0,0.0,0.0,0.0,51.69480824866945,0.0,0.0,0.0,0.0
330,2,51.69480824866948,1.14384384,53.62531976003059,63.11398975959827,0.0,9.0,0.0,0.0,0.0,0.0,51.69480824866948,0.0,0.0,0.0,0.0
330,3,51.69480824866947,1.12117056,53.625319760030585,61.89812786958956,0.0,8.0,0.0,0.0,0.0,0.0,51.69480824866947,0.0,0.0,0.0,0.0
330,4,51.694808248669474,1.09039968,53.625319760030585,60.24802959029203,0.0,8.0,0.0,0.0,0.0,0.0,51.694808248669474,0.0,0.0,0.0,0.0
330,5,51.694808248669474,1.09849728,53.625319760030585,60.68226597958086,0.0,8.0,0.0,0.0,0.0,0.0,51.694808248669474,0.0,0.0,0.0,0.0
330,6,51.69480824866946,1.11897264,53.62531976003057,61.78026370678258,0.0,8.0,0.0,0.0,0.0,0.0,51.69480824866946,0.0,0.0,0.0,0.0
330,7,56.37605518053417,1.1822496,58.481385042047904,65.17351092022524,43.21898100995431,7.0,0.0,0.0,0.0,1.0,51.69480824866946,0.0,0.0,0.0,4.681246931864714
330,8,51.69480824866945,1.26310992,53.625319760030564,69.50967143612363,0.0,7.0,0.0,0.0,0.0,0.0,51.69480824866945,0.0,0.0,0.0,0.0
330,9,41.22066543893822,1.32014016,42.76002638894007,41.551772547717846,107.28622656281138,4.0,0.0,0.0,0.0,1.0,29.6,0.0,0.0,0.0,11.62066543893822
330,10,0.0,1.30163136,0.0,0.0,0.0,0.0,0.0,0.0,0.0,0.0,0.0,0.0,0.0,0.0,0.0
330,11,12.769262058451151,1.29492192,13.24612246727298,0.0,117.89048995872952,0.0,0.0,0.0,0.0,1.0,0.0,0.0,0.0,0.0,12.769262058451151
330,12,86.21159411355119,1.2799992,89.43111422567551,0.0,795.9369166085121,0.0,0.0,0.0,0.0,6.0,0.0,0.0,0.0,0.0,86.21159411355119
330,13,49.7182809801665,1.24217184,51.574980269882275,0.0,459.01732440195224,0.0,0.0,0.0,0.0,4.0,0.0,0.0,0.0,0.0,49.7182809801665
330,14,35.60402916997721,1.3314768,36.933640217818684,0.0,328.70939793858633,0.0,0.0,0.0,0.0,3.0,0.0,0.0,0.0,0.0,35.60402916997721
330,15,17.930698607778744,1.42587168,18.600309759106583,0.0,165.54275685604858,0.0,0.0,0.0,0.0,1.0,0.0,0.0,0.0,0.0,17.930698607778744
330,16,0.0,1.5518472,0.0,0.0,0.0,0.0,0.0,0.0,0.0,0.0,0.0,0.0,0.0,0.0,0.0
330,17,0.0,1.66359408,0.0,0.0,0.0,0.0,0.0,0.0,0.0,0.0,0.0,0.0,0.0,0.0,0.0
330,18,9.087631413586873,1.7313825599999997,9.427003541065222,0.0,83.90033151548047,0.0,0.0,0.0,0.0,1.0,0.0,0.0,0.0,0.0,9.087631413586873
330,19,4.174571999723911,1.65584352,4.33046887938165,4.082157320818352,17.02997402838967,1.0,0.0,0.0,0.0,1.0,2.329977060019681,0.0,0.0,0.0,1.8445949397042294
330,20,50.82436879368447,1.57220688,52.72237426730756,82.05291879435728,14.318617376940256,7.0,0.0,0.0,0.0,1.0,49.273453383418136,0.0,0.0,0.0,1.5509154102663378
330,21,51.69480824866946,1.41603888,53.625319760030585,77.71053581669258,0.0,7.0,0.0,0.0,0.0,0.0,51.69480824866946,0.0,0.0,0.0,0.0
330,22,51.69480824866945,1.34339184,53.625319760030585,73.81481506707286,0.0,7.0,0.0,0.0,0.0,0.0,51.69480824866945,0.0,0.0,0.0,0.0
330,23,51.694808248669474,1.15066896,53.625319760030585,63.47998900199885,0.0,8.0,0.0,0.0,0.0,0.0,51.694808248669474,0.0,0.0,0.0,0.0
331,0,51.694808248669474,1.11261024,53.625319760030585,61.43907797234137,0.0,8.0,0.0,0.0,0.0,0.0,51.694808248669474,0.0,0.0,0.0,0.0
331,1,51.69480824866946,1.05465456,53.625319760030585,58.33118610043136,0.0,8.0,0.0,0.0,0.0,0.0,51.69480824866946,0.0,0.0,0.0,0.0
331,2,51.694808248669474,1.01497632,53.625319760030585,56.20342779291614,0.0,8.0,0.0,0.0,0.0,0.0,51.694808248669474,0.0,0.0,0.0,0.0
331,3,51.30422987362694,1.00271424,53.22015547056736,55.12619489142757,0.0,7.0,0.0,0.0,0.0,0.0,51.30422987362694,0.0,0.0,0.0,0.0
331,4,48.01745514093154,0.9925344,49.81063811299953,51.0875039346434,0.0,8.0,0.0,0.0,0.0,0.0,48.01745514093154,0.0,0.0,0.0,0.0
331,5,51.69480824866947,1.08843312,53.625319760030585,60.14257218146474,0.0,8.0,0.0,0.0,0.0,0.0,51.69480824866947,0.0,0.0,0.0,0.0
331,6,50.10310700385615,1.4114116799999998,51.97417738989229,75.07730629809132,0.0,8.0,0.0,0.0,0.0,0.0,50.10310700385617,0.0,0.0,0.0,0.0
331,7,51.69480824866946,1.6070265599999998,53.62531976003059,87.95231122691897,0.0,8.0,0.0,0.0,0.0,0.0,51.69480824866946,0.0,0.0,0.0,0.0
331,8,51.69480824866946,1.67724432,53.625319760030564,91.71776105975204,0.0,7.0,0.0,0.0,0.0,0.0,51.69480824866946,0.0,0.0,0.0,0.0
331,9,20.60829875518672,1.61269488,21.37790327301527,35.18364375186378,0.0,3.0,0.0,0.0,0.0,0.0,20.60829875518672,0.0,0.0,0.0,0.0
331,10,0.0,1.596384,0.0,0.0,0.0,0.0,0.0,0.0,0.0,0.0,0.0,0.0,0.0,0.0,0.0
331,11,11.382394901838833,1.58412192,11.807463591119122,0.0,105.08642596096018,0.0,0.0,0.0,0.0,1.0,0.0,0.0,0.0,0.0,11.382394901838833
331,12,0.0,1.50175776,0.0,0.0,0.0,0.0,0.0,0.0,0.0,0.0,0.0,0.0,0.0,0.0,0.0
331,13,0.0,1.48718208,0.0,0.0,0.0,0.0,0.0,0.0,0.0,0.0,0.0,0.0,0.0,0.0,0.0
331,14,9.304044988871427,1.45282512,9.651498951111439,0.0,85.8983406648918,0.0,0.0,0.0,0.0,1.0,0.0,0.0,0.0,0.0,9.304044988871427
331,15,0.0,1.3586615999999998,0.0,0.0,0.0,0.0,0.0,0.0,0.0,0.0,0.0,0.0,0.0,0.0,0.0
331,16,0.0,1.30810944,0.0,0.0,0.0,0.0,0.0,0.0,0.0,0.0,0.0,0.0,0.0,0.0,0.0
331,17,0.0,1.40597472,0.0,0.0,0.0,0.0,0.0,0.0,0.0,0.0,0.0,0.0,0.0,0.0,0.0
331,18,0.0,1.33008864,0.0,0.0,0.0,0.0,0.0,0.0,0.0,0.0,0.0,0.0,0.0,0.0,0.0
331,19,17.572780346015676,1.1822496,18.229025255202984,18.658894273858923,25.599320621928943,2.0,0.0,0.0,0.0,1.0,14.8,0.0,0.0,0.0,2.772780346015674
331,20,51.69480824866946,1.12776432,53.625319760030564,62.251720358010445,0.0,7.0,0.0,0.0,0.0,0.0,51.69480824866946,0.0,0.0,0.0,0.0
331,21,48.99887862469608,1.0588190400000002,50.82871226628225,55.50083870223514,0.0,8.0,0.0,0.0,0.0,0.0,48.99887862469608,0.0,0.0,0.0,0.0
331,22,51.69480824866945,0.96511824,53.625319760030585,53.52977231029495,0.0,7.0,0.0,0.0,0.0,0.0,51.69480824866945,0.0,0.0,0.0,0.0
331,23,50.75614856804364,0.93400032,52.65160639838553,50.91938539639269,0.0,7.0,0.0,0.0,0.0,0.0,50.75614856804364,0.0,0.0,0.0,0.0
332,0,51.69480824866948,0.5901993600000001,53.62531976003059,33.42462748622242,0.0,7.0,0.0,0.0,0.0,0.0,51.69480824866948,0.0,0.0,0.0,0.0
332,1,50.10310700385616,0.5253028799999999,51.97417738989228,29.022530340146734,0.0,7.0,0.0,0.0,0.0,0.0,50.10310700385616,0.0,0.0,0.0,0.0
332,2,51.69480824866945,0.46318272,53.625319760030585,26.613319551377728,0.0,7.0,0.0,0.0,0.0,0.0,51.69480824866945,0.0,0.0,0.0,0.0
332,3,51.69480824866946,0.4632984,53.625319760030585,26.619522928367566,0.0,7.0,0.0,0.0,0.0,0.0,51.69480824866946,0.0,0.0,0.0,0.0
332,4,51.694808248669474,0.4638768,53.625319760030585,26.65053981331677,0.0,7.0,0.0,0.0,0.0,0.0,51.694808248669474,0.0,0.0,0.0,0.0
332,5,43.56091390314473,0.90380784,45.18767002400906,42.33668231682708,0.0,8.0,0.0,0.0,0.0,0.0,43.56091390314473,0.0,0.0,0.0,0.0
332,6,51.694808248669474,1.03348512,53.625319760030585,57.19596811129059,0.0,7.0,0.0,0.0,0.0,0.0,51.694808248669474,0.0,0.0,0.0,0.0
332,7,38.35546334154113,1.30510176,39.78782504309247,53.24413749923841,0.0,6.0,0.0,0.0,0.0,0.0,38.35546334154113,0.0,0.0,0.0,0.0
332,8,22.200000000000003,1.46948304,23.02904564315353,34.60305341078839,0.0,3.0,0.0,0.0,0.0,0.0,22.200000000000003,0.0,0.0,0.0,0.0
332,9,10.493470415555812,1.59730944,10.885342754725947,12.515591136929462,28.560048442372125,1.0,0.0,0.0,0.0,1.0,7.4,0.0,0.0,0.0,3.0934704155558115
332,10,0.0,1.6114224,0.0,0.0,0.0,0.0,0.0,0.0,0.0,0.0,0.0,0.0,0.0,0.0,0.0
332,11,0.0,1.6021679999999998,0.0,0.0,0.0,0.0,0.0,0.0,0.0,0.0,0.0,0.0,0.0,0.0,0.0
332,12,0.0,1.5686208,0.0,0.0,0.0,0.0,0.0,0.0,0.0,0.0,0.0,0.0,0.0,0.0,0.0
332,13,0.0,1.54698864,0.0,0.0,0.0,0.0,0.0,0.0,0.0,0.0,0.0,0.0,0.0,0.0,0.0
332,14,0.0,1.61790048,0.0,0.0,0.0,0.0,0.0,0.0,0.0,0.0,0.0,0.0,0.0,0.0,0.0
332,15,0.0,1.6848792,0.0,0.0,0.0,0.0,0.0,0.0,0.0,0.0,0.0,0.0,0.0,0.0,0.0
332,16,0.0,1.89726768,0.0,0.0,0.0,0.0,0.0,0.0,0.0,0.0,0.0,0.0,0.0,0.0,0.0
332,17,0.0,2.19768864,0.0,0.0,0.0,0.0,0.0,0.0,0.0,0.0,0.0,0.0,0.0,0.0,0.0
332,18,0.0,2.047536,0.0,0.0,0.0,0.0,0.0,0.0,0.0,0.0,0.0,0.0,0.0,0.0,0.0
332,19,7.4,1.7994024000000002,7.6763485477178435,14.066927136929463,0.0,1.0,0.0,0.0,0.0,0.0,7.4,0.0,0.0,0.0,0.0
332,20,27.093939781716593,1.6062168,28.105746661531736,46.07422267879288,0.0,4.0,0.0,0.0,0.0,0.0,27.093939781716593,0.0,0.0,0.0,0.0
332,21,51.694808248669474,1.40620608,53.625319760030585,77.18324877255615,0.0,7.0,0.0,0.0,0.0,0.0,51.694808248669474,0.0,0.0,0.0,0.0
332,22,33.816597510373434,1.31435616,35.0794579983127,47.26803176928772,0.0,6.0,0.0,0.0,0.0,0.0,33.816597510373434,0.0,0.0,0.0,0.0
332,23,51.694808248669474,1.22181216,53.625319760030585,67.29506585075066,0.0,7.0,0.0,0.0,0.0,0.0,51.694808248669474,0.0,0.0,0.0,0.0
333,0,45.10414016776172,1.13863824,46.788527144981046,54.82390644905231,0.0,7.0,0.0,0.0,0.0,0.0,45.10414016776172,0.0,0.0,0.0,0.0
333,1,51.69480824866946,0.8670216000000001,53.625319760030564,48.26930862291034,0.0,7.0,0.0,0.0,0.0,0.0,51.69480824866946,0.0,0.0,0.0,0.0
333,2,48.540943378939936,0.4210752,50.353675704294545,22.869390733733116,0.0,7.0,0.0,0.0,0.0,0.0,48.540943378939936,0.0,0.0,0.0,0.0
333,3,51.69480824866946,0.39817056,53.625319760030564,23.127021683087452,0.0,7.0,0.0,0.0,0.0,0.0,51.69480824866946,0.0,0.0,0.0,0.0
333,4,40.0530287845392,0.6437592,41.548785046202504,28.122677407344582,0.0,8.0,0.0,0.0,0.0,0.0,40.0530287845392,0.0,0.0,0.0,0.0
333,5,51.694808248669474,1.08646656,53.625319760030585,60.037114772637466,0.0,7.0,0.0,0.0,0.0,0.0,51.694808248669474,0.0,0.0,0.0,0.0
333,6,47.545840358116045,1.18965312,49.321411159871424,60.30790937853559,0.0,8.0,0.0,0.0,0.0,0.0,47.545840358116045,0.0,0.0,0.0,0.0
333,7,51.694808248669474,1.53380112,53.625319760030585,84.02557359235004,0.0,7.0,0.0,0.0,0.0,0.0,51.694808248669474,0.0,0.0,0.0,0.0
333,8,51.69480824866946,1.72744944,53.625319760030585,94.41002667334278,0.0,7.0,0.0,0.0,0.0,0.0,51.69480824866946,0.0,0.0,0.0,0.0
333,9,7.4,1.6490184,7.6763485477178435,12.912527136929462,0.0,1.0,0.0,0.0,0.0,0.0,7.4,0.0,0.0,0.0,0.0
333,10,0.0,1.58493168,0.0,0.0,0.0,0.0,0.0,0.0,0.0,0.0,0.0,0.0,0.0,0.0,0.0
333,11,0.0,1.50812016,0.0,0.0,0.0,0.0,0.0,0.0,0.0,0.0,0.0,0.0,0.0,0.0,0.0
333,12,0.0,1.51818432,0.0,0.0,0.0,0.0,0.0,0.0,0.0,0.0,0.0,0.0,0.0,0.0,0.0
333,13,0.0,1.5747518399999998,0.0,0.0,0.0,0.0,0.0,0.0,0.0,0.0,0.0,0.0,0.0,0.0,0.0
333,14,0.0,1.7346215999999994,0.0,0.0,0.0,0.0,0.0,0.0,0.0,0.0,0.0,0.0,0.0,0.0,0.0
333,15,0.0,1.943424,0.0,0.0,0.0,0.0,0.0,0.0,0.0,0.0,0.0,0.0,0.0,0.0,0.0
333,16,0.0,2.3136,0.0,0.0,0.0,0.0,0.0,0.0,0.0,0.0,0.0,0.0,0.0,0.0,0.0
333,17,0.0,2.892,0.0,0.0,0.0,0.0,0.0,0.0,0.0,0.0,0.0,0.0,0.0,0.0,0.0
333,18,0.0,2.892,0.0,0.0,0.0,0.0,0.0,0.0,0.0,0.0,0.0,0.0,0.0,0.0,0.0
333,19,7.4,2.3136,7.6763485477178435,18.014087136929465,0.0,1.0,0.0,0.0,0.0,0.0,7.4,0.0,0.0,0.0,0.0
333,20,22.200000000000003,1.862448,23.02904564315353,43.65266141078839,0.0,3.0,0.0,0.0,0.0,0.0,22.200000000000003,0.0,0.0,0.0,0.0
333,21,49.14413973472329,1.60806768,50.97939806506566,83.66574045024029,0.0,7.0,0.0,0.0,0.0,0.0,49.14413973472329,0.0,0.0,0.0,0.0
333,22,50.103107003856174,1.4465784000000002,51.974177389892304,76.90506764159203,0.0,7.0,0.0,0.0,0.0,0.0,50.103107003856174,0.0,0.0,0.0,0.0
333,23,51.69480824866946,1.28080896,53.625319760030564,70.4587881155692,0.0,7.0,0.0,0.0,0.0,0.0,51.69480824866946,0.0,0.0,0.0,0.0
334,0,51.69480824866946,1.1794732799999998,53.625319760030564,65.02462987246906,0.0,7.0,0.0,0.0,0.0,0.0,51.69480824866946,0.0,0.0,0.0,0.0
334,1,51.694808248669474,1.17160704,53.625319760030585,64.60280023715995,0.0,7.0,0.0,0.0,0.0,0.0,51.694808248669474,0.0,0.0,0.0,0.0
334,2,51.69480824866945,1.14557904,53.625319760030585,63.207040414445885,0.0,7.0,0.0,0.0,0.0,0.0,51.69480824866945,0.0,0.0,0.0,0.0
334,3,51.69480824866946,1.1232528,53.625319760030585,62.00978865540669,0.0,7.0,0.0,0.0,0.0,0.0,51.69480824866946,0.0,0.0,0.0,0.0
334,4,51.694808248669474,1.14153024,53.625319760030585,62.989922219801464,0.0,7.0,0.0,0.0,0.0,0.0,51.694808248669474,0.0,0.0,0.0,0.0
334,5,51.13722207044378,1.1940489600000002,53.046910861456205,65.09646149484868,0.0,8.0,0.0,0.0,0.0,0.0,51.13722207044378,0.0,0.0,0.0,0.0
334,6,51.694808248669474,1.49701488,53.625319760030585,82.05289970958083,0.0,7.0,0.0,0.0,0.0,0.0,51.694808248669474,0.0,0.0,0.0,0.0
334,7,51.69480824866946,1.94446512,53.625319760030564,106.04756190628322,0.0,7.0,0.0,0.0,0.0,0.0,51.69480824866946,0.0,0.0,0.0,0.0
334,8,46.80436549524467,2.53651536,48.5522463643617,124.76059802036802,0.0,7.0,0.0,0.0,0.0,0.0,46.80436549524467,0.0,0.0,0.0,0.0
334,9,7.4,2.74311984,7.6763485477178435,21.311231136929464,0.0,1.0,0.0,0.0,0.0,0.0,7.4,0.0,0.0,0.0,0.0
334,10,0.0,2.57388,0.0,0.0,0.0,0.0,0.0,0.0,0.0,0.0,0.0,0.0,0.0,0.0,0.0
334,11,0.0,2.58359712,0.0,0.0,0.0,0.0,0.0,0.0,0.0,0.0,0.0,0.0,0.0,0.0,0.0
334,12,0.0,2.25818928,0.0,0.0,0.0,0.0,0.0,0.0,0.0,0.0,0.0,0.0,0.0,0.0,0.0
334,13,0.0,2.19572208,0.0,0.0,0.0,0.0,0.0,0.0,0.0,0.0,0.0,0.0,0.0,0.0,0.0
334,14,0.0,2.2557600000000004,0.0,0.0,0.0,0.0,0.0,0.0,0.0,0.0,0.0,0.0,0.0,0.0,0.0
334,15,0.0,2.1904008,0.0,0.0,0.0,0.0,0.0,0.0,0.0,0.0,0.0,0.0,0.0,0.0,0.0
334,16,0.0,2.614368,0.0,0.0,0.0,0.0,0.0,0.0,0.0,0.0,0.0,0.0,0.0,0.0,0.0
334,17,0.0,3.00606048,0.0,0.0,0.0,0.0,0.0,0.0,0.0,0.0,0.0,0.0,0.0,0.0,0.0
334,18,0.0,2.79286224,0.0,0.0,0.0,0.0,0.0,0.0,0.0,0.0,0.0,0.0,0.0,0.0,0.0
334,19,9.764900816978525,2.1846168,10.129565162840795,17.023967136929464,21.83362787459426,1.0,0.0,0.0,0.0,1.0,7.4,0.0,0.0,0.0,2.3649008169785244
334,20,7.4,1.73196096,7.6763485477178435,13.549223136929463,0.0,3.0,0.0,0.0,0.0,0.0,7.4,0.0,0.0,0.0,0.0
334,21,45.73342897172692,1.48776048,47.441316360712584,72.15162317218518,0.0,7.0,0.0,0.0,0.0,0.0,45.73342897172692,0.0,0.0,0.0,0.0
334,22,49.1951229736722,1.39810848,51.032285242398544,73.03783939269967,0.0,7.0,0.0,0.0,0.0,0.0,49.1951229736722,0.0,0.0,0.0,0.0
334,23,51.69480824866946,1.27560336,53.625319760030564,70.17963615102639,0.0,7.0,0.0,0.0,0.0,0.0,51.69480824866946,0.0,0.0,0.0,0.0
335,0,51.694808248669474,0.84076224,53.625319760030585,46.86114204621659,0.0,7.0,0.0,0.0,0.0,0.0,51.694808248669474,0.0,0.0,0.0,0.0
335,1,45.83106317022682,0.81045408,47.54259664961289,40.10475137757529,0.0,7.0,0.0,0.0,0.0,0.0,45.83106317022682,0.0,0.0,0.0,0.0
335,2,46.863986527375175,0.79807632,48.61409390806555,40.40688367464033,0.0,7.0,0.0,0.0,0.0,0.0,46.863986527375175,0.0,0.0,0.0,0.0
335,3,51.69480824866945,0.7974979199999999,53.625319760030564,44.54107905201628,0.0,7.0,0.0,0.0,0.0,0.0,51.69480824866945,0.0,0.0,0.0,0.0
335,4,51.694808248669474,0.84978528,53.625319760030585,47.34500545142413,0.0,7.0,0.0,0.0,0.0,0.0,51.694808248669474,0.0,0.0,0.0,0.0
335,5,44.4,0.92532432,46.05809128630706,44.14319482157677,0.0,6.0,0.0,0.0,0.0,0.0,44.4,0.0,0.0,0.0,0.0
335,6,46.14161559494992,1.34339184,47.864746467790376,65.88543293658228,0.0,7.0,0.0,0.0,0.0,0.0,46.14161559494992,0.0,0.0,0.0,0.0
335,7,48.08457043599799,1.7051232,49.880259788379654,86.70302478618862,0.0,7.0,0.0,0.0,0.0,0.0,48.08457043599799,0.0,0.0,0.0,0.0
335,8,44.4,2.2938187200000004,46.05809128630706,107.17343482157682,0.0,6.0,0.0,0.0,0.0,0.0,44.4,0.0,0.0,0.0,0.0
335,9,16.495855864528274,2.50077024,17.111883676896547,43.35929279922994,0.0,3.0,0.0,0.0,0.0,0.0,16.495855864528274,0.0,0.0,0.0,0.0
335,10,0.0,2.41910016,0.0,0.0,0.0,0.0,0.0,0.0,0.0,0.0,0.0,0.0,0.0,0.0,0.0
335,11,0.952608505276456,2.3983934400000004,0.9881830967598092,0.0,8.794829561162302,0.0,0.0,0.0,0.0,1.0,0.0,0.0,0.0,0.0,0.952608505276456
335,12,0.0,2.27993712,0.0,0.0,0.0,0.0,0.0,0.0,0.0,0.0,0.0,0.0,0.0,0.0,0.0
335,13,12.300657073844445,1.96783248,12.760017711456893,0.0,113.56415763196635,0.0,0.0,0.0,0.0,1.0,0.0,0.0,0.0,0.0,12.300657073844445
335,14,0.0,2.01653376,0.0,0.0,0.0,0.0,0.0,0.0,0.0,0.0,0.0,0.0,0.0,0.0,0.0
335,15,0.0,2.1331392,0.0,0.0,0.0,0.0,0.0,0.0,0.0,0.0,0.0,0.0,0.0,0.0,0.0
335,16,4.790109814291957,2.3141784,4.968993583290412,0.0,44.22404289128467,0.0,0.0,0.0,0.0,1.0,0.0,0.0,0.0,0.0,4.790109814291957
335,17,0.0,2.6045352,0.0,0.0,0.0,0.0,0.0,0.0,0.0,0.0,0.0,0.0,0.0,0.0,0.0
335,18,0.0,2.30388288,0.0,0.0,0.0,0.0,0.0,0.0,0.0,0.0,0.0,0.0,0.0,0.0,0.0
335,19,14.8,1.88940144,15.352697095435687,29.515582273858925,0.0,2.0,0.0,0.0,0.0,0.0,14.8,0.0,0.0,0.0,0.0
335,20,51.69480824866945,1.60205232,53.625319760030585,87.68556601635585,0.0,7.0,0.0,0.0,0.0,0.0,51.69480824866945,0.0,0.0,0.0,0.0
335,21,44.45906284311067,1.40262,46.119359795757966,66.21448724596561,0.0,8.0,0.0,0.0,0.0,0.0,44.45906284311067,0.0,0.0,0.0,0.0
335,22,51.694808248669474,1.32985728,53.625319760030585,73.08901995926152,0.0,7.0,0.0,0.0,0.0,0.0,51.694808248669474,0.0,0.0,0.0,0.0
335,23,51.694808248669474,1.2146400000000002,53.625319760030585,66.91045647738058,0.0,7.0,0.0,0.0,0.0,0.0,51.694808248669474,0.0,0.0,0.0,0.0
336,0,51.69480824866946,1.18190256,53.625319760030564,65.15490078925572,0.0,7.0,0.0,0.0,0.0,0.0,51.69480824866946,0.0,0.0,0.0,0.0
336,1,51.694808248669474,1.13088768,53.625319760030585,62.41921153673616,0.0,7.0,0.0,0.0,0.0,0.0,51.694808248669474,0.0,0.0,0.0,0.0
336,2,48.36804310703066,1.0590504,50.17431857575796,54.79790210224148,0.0,8.0,0.0,0.0,0.0,0.0,48.36804310703066,0.0,0.0,0.0,0.0
336,3,51.69480824866946,1.04077296,53.625319760030585,57.58678086165053,0.0,7.0,0.0,0.0,0.0,0.0,51.69480824866946,0.0,0.0,0.0,0.0
336,4,51.694808248669474,1.10034816,53.62531976003059,60.78152001141831,0.0,9.0,0.0,0.0,0.0,0.0,51.694808248669474,0.0,0.0,0.0,0.0
336,5,46.21663976990908,1.10728896,47.94257237542437,54.67318025093492,0.0,7.0,0.0,0.0,0.0,0.0,46.21663976990908,0.0,0.0,0.0,0.0
336,6,44.37877318860977,1.1168904,46.03607177241678,52.94104059199027,0.0,7.0,0.0,0.0,0.0,0.0,44.37877318860977,0.0,0.0,0.0,0.0
336,7,49.21543353806341,1.17565584,51.05335429259689,61.711040152765555,0.0,7.0,0.0,0.0,0.0,0.0,49.21543353806341,0.0,0.0,0.0,0.0
336,8,54.24384621257112,1.34894448,56.269550013040586,73.70561378127677,26.15438552045456,7.0,0.0,0.0,0.0,2.0,51.41094423035559,0.0,0.0,0.0,2.8329019822155272
336,9,35.788255631980036,1.4404473599999998,37.124746506203365,37.02724157294612,106.77138509091264,4.0,0.0,0.0,0.0,3.0,24.22335504460478,0.0,0.0,0.0,11.564900587375256
336,10,6.408463845520368,1.51563936,6.647784072116565,0.0,59.16527824183743,0.0,0.0,0.0,0.0,1.0,0.0,0.0,0.0,0.0,6.408463845520368
336,11,3.1743379462459043,1.4716809599999998,3.2928816869770796,0.0,29.30664701409601,0.0,0.0,0.0,0.0,1.0,0.0,0.0,0.0,0.0,3.1743379462459043
336,12,11.65631823089497,1.40643744,12.091616422090219,0.0,107.61538615660295,0.0,0.0,0.0,0.0,1.0,0.0,0.0,0.0,0.0,11.65631823089497
336,13,16.98552640046079,1.32546144,17.619840664378415,0.0,156.81658191296788,0.0,0.0,0.0,0.0,2.0,0.0,0.0,0.0,0.0,16.98552640046079
336,14,8.73312523102346,1.37103936,9.059258538406079,0.0,80.6274009918141,0.0,0.0,0.0,0.0,1.0,0.0,0.0,0.0,0.0,8.73312523102346
336,15,24.02892526039194,1.428648,24.92627101700409,0.0,221.84381205133639,0.0,0.0,0.0,0.0,2.0,0.0,0.0,0.0,0.0,24.02892526039194
336,16,26.868893759458924,1.50141072,27.87229643097399,0.0,248.0634382356685,0.0,0.0,0.0,0.0,3.0,0.0,0.0,0.0,0.0,26.868893759458924
336,17,7.473459922947156,1.66625472,7.7525517872895815,0.0,68.99771090687727,0.0,0.0,0.0,0.0,1.0,0.0,0.0,0.0,0.0,7.473459922947156
336,18,9.412348061678482,1.67689728,9.763846537010876,13.126535136929462,18.578732104707985,1.0,0.0,0.0,0.0,1.0,7.4,0.0,0.0,0.0,2.0123480616784826
336,19,57.497927231680194,1.49875008,59.64515272995872,82.1459503644284,53.576513432360585,7.0,0.0,0.0,0.0,1.0,51.69480824866945,0.0,0.0,0.0,5.803118983010742
336,20,89.30157894293707,1.38330144,92.6364926793953,75.95498012856775,347.19943898234624,7.0,0.0,0.0,0.0,1.0,51.69480824866945,0.0,0.0,0.0,37.60677069426761
336,21,51.69480824866946,1.29654144,53.62531976003057,71.3024473861875,0.0,7.0,0.0,0.0,0.0,0.0,51.69480824866946,0.0,0.0,0.0,0.0
336,22,51.69480824866945,1.2343056,53.62531976003057,67.96503056565338,0.0,10.0,0.0,0.0,0.0,0.0,51.69480824866945,0.0,0.0,0.0,0.0
336,23,51.69480824866945,1.19080992,53.625319760030564,65.63256081747342,0.0,8.0,0.0,0.0,0.0,0.0,51.69480824866945,0.0,0.0,0.0,0.0
337,0,51.69480824866946,1.2163752,53.625319760030564,67.00350713222815,0.0,8.0,0.0,0.0,0.0,0.0,51.69480824866946,0.0,0.0,0.0,0.0
337,1,51.69480824866947,1.1533296,53.62531976003058,63.622666672765156,0.0,8.0,0.0,0.0,0.0,0.0,51.69480824866947,0.0,0.0,0.0,0.0
337,2,51.69480824866946,1.09861296,53.625319760030564,60.688469356570685,0.0,8.0,0.0,0.0,0.0,0.0,51.69480824866946,0.0,0.0,0.0,0.0
337,3,51.694808248669474,1.0275854399999995,53.62531976003059,56.8795958848087,0.0,9.0,0.0,0.0,0.0,0.0,51.69480824866946,0.0,0.0,0.0,0.0
337,4,51.69480824866946,1.0683048,53.625319760030564,59.063184585232506,0.0,7.0,0.0,0.0,0.0,0.0,51.69480824866946,0.0,0.0,0.0,0.0
337,5,51.694808248669474,1.03556736,53.625319760030585,57.307628897107705,0.0,7.0,0.0,0.0,0.0,0.0,51.694808248669474,0.0,0.0,0.0,0.0
337,6,51.69480824866948,1.02793248,53.625319760030585,56.89820601577826,0.0,8.0,0.0,0.0,0.0,0.0,51.69480824866948,0.0,0.0,0.0,0.0
337,7,51.694808248669474,1.06575984,53.625319760030585,58.92671029145603,0.0,7.0,0.0,0.0,0.0,0.0,51.694808248669474,0.0,0.0,0.0,0.0
337,8,51.69480824866945,1.12232736,53.625319760030564,61.96016163948794,0.0,7.0,0.0,0.0,0.0,0.0,51.69480824866945,0.0,0.0,0.0,0.0
337,9,11.047407012854237,1.1585352,11.459965780969126,9.147407136929461,33.67419337593642,1.0,0.0,0.0,0.0,1.0,7.4,0.0,0.0,0.0,3.647407012854236
337,10,32.45906833499443,1.21417728,33.671232712649825,9.57453513692946,231.35446906789463,1.0,0.0,0.0,0.0,1.0,7.4,0.0,0.0,0.0,25.059068334994425
337,11,0.0,1.21544976,0.0,0.0,0.0,0.0,0.0,0.0,0.0,0.0,0.0,0.0,0.0,0.0,0.0
337,12,12.223067220154913,1.19937024,12.679530311364019,0.0,112.84781977113978,0.0,0.0,0.0,0.0,2.0,0.0,0.0,0.0,0.0,12.223067220154913
337,13,13.656270233958516,1.18525728,14.166255429417548,0.0,126.07967332181619,0.0,0.0,0.0,0.0,1.0,0.0,0.0,0.0,0.0,13.656270233958516
337,14,1.9108517875687985,1.22250624,1.9822113978929445,0.0,17.641681441247208,0.0,0.0,0.0,0.0,1.0,0.0,0.0,0.0,0.0,1.9108517875687985
337,15,18.65335957296299,1.36305744,19.34995806323962,0.0,172.2146267628326,0.0,0.0,0.0,0.0,2.0,0.0,0.0,0.0,0.0,18.65335957296299
337,16,26.17407758807719,1.4483136,27.151532767714926,0.0,241.64864163266287,0.0,0.0,0.0,0.0,2.0,0.0,0.0,0.0,0.0,26.17407758807719
337,17,11.054569914494174,1.52373696,11.467396176861179,0.0,102.0598259740645,0.0,0.0,0.0,0.0,2.0,0.0,0.0,0.0,0.0,11.054569914494174
337,18,9.423668013311083,1.52952096,9.775589225426435,0.0,87.00274410629527,0.0,0.0,0.0,0.0,2.0,0.0,0.0,0.0,0.0,9.423668013311083
337,19,23.052599526912047,1.45837776,23.91348498642329,26.78391997969208,53.00404095244719,3.0,0.0,0.0,0.0,1.0,17.3114876754335,0.0,0.0,0.0,5.741111851478548
337,20,51.16932800777435,1.29943344,53.080215775699536,59.17374439916664,77.19207504982387,6.0,0.0,0.0,0.0,1.0,42.808298755186684,0.0,0.0,0.0,8.361029252587663
337,21,51.69480824866946,1.1793576,53.625319760030585,65.01842649547925,0.0,7.0,0.0,0.0,0.0,0.0,51.69480824866946,0.0,0.0,0.0,0.0
337,22,51.69480824866945,1.14627312,53.625319760030585,63.24426067638492,0.0,7.0,0.0,0.0,0.0,0.0,51.69480824866945,0.0,0.0,0.0,0.0
337,23,51.69480824866946,1.0540761600000002,53.62531976003058,58.30016921548217,0.0,8.0,0.0,0.0,0.0,0.0,51.69480824866946,0.0,0.0,0.0,0.0
338,0,45.94428010642704,1.11249456,47.66004160417744,54.59908439111934,0.0,8.0,0.0,0.0,0.0,0.0,45.94428010642704,0.0,0.0,0.0,0.0
338,1,51.694808248669474,1.0699243200000002,53.625319760030585,59.15003186309031,0.0,8.0,0.0,0.0,0.0,0.0,51.694808248669474,0.0,0.0,0.0,0.0
338,2,51.69480824866945,1.04644128,53.625319760030585,57.890746334152695,0.0,8.0,0.0,0.0,0.0,0.0,51.69480824866945,0.0,0.0,0.0,0.0
338,3,51.69480824866946,1.01937216,53.625319760030585,56.439156118530065,0.0,7.0,0.0,0.0,0.0,0.0,51.69480824866946,0.0,0.0,0.0,0.0
338,4,51.69480824866946,1.02469344,53.62531976003058,56.72451146006272,0.0,8.0,0.0,0.0,0.0,0.0,51.69480824866946,0.0,0.0,0.0,0.0
338,5,51.69480824866946,1.09884432,53.62531976003058,60.70087611055038,0.0,8.0,0.0,0.0,0.0,0.0,51.69480824866946,0.0,0.0,0.0,0.0
338,6,51.69480824866946,1.2356937600000002,53.625319760030564,68.03947108953149,0.0,7.0,0.0,0.0,0.0,0.0,51.69480824866946,0.0,0.0,0.0,0.0
338,7,51.69480824866946,2.30237904,53.625319760030585,125.24081031284928,0.0,7.0,0.0,0.0,0.0,0.0,51.69480824866946,0.0,0.0,0.0,0.0
338,8,51.69480824866946,2.72553648,53.625319760030585,147.93276334168524,0.0,7.0,0.0,0.0,0.0,0.0,51.69480824866946,0.0,0.0,0.0,0.0
338,9,37.937345533070086,2.73571632,39.35409287662873,106.27199568464732,8.653916228551651,5.0,0.0,0.0,0.0,1.0,37.0,0.0,0.0,0.0,0.9373455330700888
338,10,0.0,2.38682544,0.0,0.0,0.0,0.0,0.0,0.0,0.0,0.0,0.0,0.0,0.0,0.0,0.0
338,11,0.0,1.92132912,0.0,0.0,0.0,0.0,0.0,0.0,0.0,0.0,0.0,0.0,0.0,0.0,0.0
338,12,0.0,1.85168976,0.0,0.0,0.0,0.0,0.0,0.0,0.0,0.0,0.0,0.0,0.0,0.0,0.0
338,13,0.0,1.931856,0.0,0.0,0.0,0.0,0.0,0.0,0.0,0.0,0.0,0.0,0.0,0.0,0.0
338,14,0.0,2.02486272,0.0,0.0,0.0,0.0,0.0,0.0,0.0,0.0,0.0,0.0,0.0,0.0,0.0
338,15,0.5410474438608265,2.42650368,0.5612525351253387,0.0,4.995147562615514,0.0,0.0,0.0,0.0,1.0,0.0,0.0,0.0,0.0,0.5410474438608265
338,16,0.0,3.03926064,0.0,0.0,0.0,0.0,0.0,0.0,0.0,0.0,0.0,0.0,0.0,0.0,0.0
338,17,0.0,2.3870568,0.0,0.0,0.0,0.0,0.0,0.0,0.0,0.0,0.0,0.0,0.0,0.0,0.0
338,18,0.0,2.13186672,0.0,0.0,0.0,0.0,0.0,0.0,0.0,0.0,0.0,0.0,0.0,0.0,0.0
338,19,22.200000000000003,1.7473464,23.02904564315353,41.00198141078839,0.0,3.0,0.0,0.0,0.0,0.0,22.200000000000003,0.0,0.0,0.0,0.0
338,20,46.34618233087041,1.4401003199999998,48.07695262538426,70.82698199234092,0.0,7.0,0.0,0.0,0.0,0.0,46.34618233087041,0.0,0.0,0.0,0.0
338,21,51.69480824866945,1.25466528,53.62531976003057,69.05682491586529,0.0,8.0,0.0,0.0,0.0,0.0,51.69480824866945,0.0,0.0,0.0,0.0
338,22,51.69480824866946,1.18791792,53.62531976003057,65.47747639272743,0.0,8.0,0.0,0.0,0.0,0.0,51.69480824866946,0.0,0.0,0.0,0.0
338,23,51.694808248669474,1.09653072,53.625319760030585,60.576808570753585,0.0,8.0,0.0,0.0,0.0,0.0,51.694808248669474,0.0,0.0,0.0,0.0
339,0,51.694808248669474,1.0846156800000002,53.625319760030585,59.93786074080003,0.0,8.0,0.0,0.0,0.0,0.0,51.694808248669474,0.0,0.0,0.0,0.0
339,1,51.69480824866946,1.0506057599999998,53.625319760030585,58.11406790578695,0.0,7.0,0.0,0.0,0.0,0.0,51.69480824866946,0.0,0.0,0.0,0.0
339,2,51.694808248669474,1.02342096,53.625319760030585,56.656274313174485,0.0,7.0,0.0,0.0,0.0,0.0,51.694808248669474,0.0,0.0,0.0,0.0
339,3,46.48992311318574,1.01266272,48.2260613207321,50.43301706165559,0.0,7.0,0.0,0.0,0.0,0.0,46.48992311318574,0.0,0.0,0.0,0.0
339,4,51.69480824866946,1.02446208,53.625319760030585,56.71210470608304,0.0,8.0,0.0,0.0,0.0,0.0,51.69480824866946,0.0,0.0,0.0,0.0
339,5,51.694808248669474,1.09109376,53.625319760030585,60.28524985223109,0.0,7.0,0.0,0.0,0.0,0.0,51.694808248669474,0.0,0.0,0.0,0.0
339,6,51.69480824866946,1.28092464,53.625319760030564,70.46499149255905,0.0,7.0,0.0,0.0,0.0,0.0,51.69480824866946,0.0,0.0,0.0,0.0
339,7,51.694808248669474,2.16541392,53.625319760030585,117.89601195687834,0.0,7.0,0.0,0.0,0.0,0.0,51.694808248669474,0.0,0.0,0.0,0.0
339,8,35.51349050651726,3.840576,36.8397204424453,142.70514092460974,0.0,5.0,0.0,0.0,0.0,0.0,35.51349050651726,0.0,0.0,0.0,0.0
339,9,13.436975426040952,2.89292544,13.938771188839162,40.729673918816715,0.16888920842222552,2.0,0.0,0.0,0.0,1.0,13.418682257847802,0.0,0.0,0.0,0.01829316819314892
339,10,9.216993334327732,2.89072752,9.561196404904287,0.0,85.09464800364816,0.0,0.0,0.0,0.0,1.0,0.0,0.0,0.0,0.0,9.216993334327732
339,11,0.0,2.3477256000000004,0.0,0.0,0.0,0.0,0.0,0.0,0.0,0.0,0.0,0.0,0.0,0.0,0.0
339,12,4.953887935766517,2.1730488,5.138887900172736,0.0,45.73610231153735,0.0,0.0,0.0,0.0,1.0,0.0,0.0,0.0,0.0,4.953887935766517
339,13,0.0,2.18322864,0.0,0.0,0.0,0.0,0.0,0.0,0.0,0.0,0.0,0.0,0.0,0.0,0.0
339,14,0.0,2.30422992,0.0,0.0,0.0,0.0,0.0,0.0,0.0,0.0,0.0,0.0,0.0,0.0,0.0
339,15,0.0,2.62524192,0.0,0.0,0.0,0.0,0.0,0.0,0.0,0.0,0.0,0.0,0.0,0.0,0.0
339,16,0.0,2.61124464,0.0,0.0,0.0,0.0,0.0,0.0,0.0,0.0,0.0,0.0,0.0,0.0,0.0
339,17,10.693739094338879,1.9966368,11.093090346824564,0.0,98.72850408673862,0.0,0.0,0.0,0.0,1.0,0.0,0.0,0.0,0.0,10.693739094338879
339,18,7.4,1.7501227199999998,7.6763485477178435,13.68863913692946,0.0,1.0,0.0,0.0,0.0,0.0,7.4,0.0,0.0,0.0,0.0
339,19,7.4,1.65642192,7.6763485477178435,12.969359136929462,0.0,1.0,0.0,0.0,0.0,0.0,7.4,0.0,0.0,0.0,0.0
339,20,19.121829026523525,1.4879918399999998,19.835922226684158,30.172259437883895,0.0,3.0,0.0,0.0,0.0,0.0,19.121829026523525,0.0,0.0,0.0,0.0
339,21,51.694808248669474,1.36305744,53.625319760030585,74.86938915534571,0.0,7.0,0.0,0.0,0.0,0.0,51.694808248669474,0.0,0.0,0.0,0.0
339,22,51.69480824866945,1.2904104,53.625319760030585,70.97366840572599,0.0,7.0,0.0,0.0,0.0,0.0,51.69480824866945,0.0,0.0,0.0,0.0
339,23,51.69480824866946,1.19474304,53.625319760030585,65.84347563512803,0.0,7.0,0.0,0.0,0.0,0.0,51.69480824866946,0.0,0.0,0.0,0.0
340,0,51.69480824866946,1.12568208,53.625319760030585,62.14005957219334,0.0,7.0,0.0,0.0,0.0,0.0,51.69480824866946,0.0,0.0,0.0,0.0
340,1,51.69480824866945,1.0972248,53.625319760030585,60.614028832692625,0.0,7.0,0.0,0.0,0.0,0.0,51.69480824866945,0.0,0.0,0.0,0.0
340,2,51.69480824866945,1.08345888,53.625319760030585,59.8758269709016,0.0,7.0,0.0,0.0,0.0,0.0,51.69480824866945,0.0,0.0,0.0,0.0
340,3,47.31472072411065,1.0781376,49.08166050218948,54.54138662046782,0.0,8.0,0.0,0.0,0.0,0.0,47.31472072411065,0.0,0.0,0.0,0.0
340,4,50.10310700385614,1.07374176,51.97417738989227,57.527189976780576,0.0,7.0,0.0,0.0,0.0,0.0,50.10310700385614,0.0,0.0,0.0,0.0
340,5,51.131300880135385,1.10277744,53.0407685478583,60.24781239377379,0.0,8.0,0.0,0.0,0.0,0.0,51.131300880135385,0.0,0.0,0.0,0.0
340,6,51.69480824866948,1.23708192,53.625319760030585,68.11391161340958,0.0,8.0,0.0,0.0,0.0,0.0,51.69480824866948,0.0,0.0,0.0,0.0
340,7,51.69480824866948,1.5865512000000002,53.625319760030585,86.85431349971725,0.0,8.0,0.0,0.0,0.0,0.0,51.69480824866948,0.0,0.0,0.0,0.0
340,8,51.69480824866945,1.98958032,53.625319760030564,108.46687893232097,0.0,7.0,0.0,0.0,0.0,0.0,51.69480824866945,0.0,0.0,0.0,0.0
340,9,18.120685242697142,1.98414336,18.7973913305987,30.970126273858927,30.65777869295081,2.0,0.0,0.0,0.0,1.0,14.8,0.0,0.0,0.0,3.3206852426971434
340,10,7.661255432280408,1.78702464,7.947360406929884,0.0,70.73150762167597,0.0,0.0,0.0,0.0,1.0,0.0,0.0,0.0,0.0,7.661255432280408
340,11,0.0,1.7338118399999998,0.0,0.0,0.0,0.0,0.0,0.0,0.0,0.0,0.0,0.0,0.0,0.0,0.0
340,12,0.0,1.73161392,0.0,0.0,0.0,0.0,0.0,0.0,0.0,0.0,0.0,0.0,0.0,0.0,0.0
340,13,0.0,1.671576,0.0,0.0,0.0,0.0,0.0,0.0,0.0,0.0,0.0,0.0,0.0,0.0,0.0
340,14,0.908885835434491,1.66532928,0.9428276301187667,0.0,8.391165908057024,0.0,0.0,0.0,0.0,1.0,0.0,0.0,0.0,0.0,0.908885835434491
340,15,1.402691506437747,1.70662704,1.455074176802642,0.0,12.950160173543516,0.0,0.0,0.0,0.0,2.0,0.0,0.0,0.0,0.0,1.402691506437747
340,16,2.633549471426553,1.897152,2.7318977919362584,0.0,24.3138903482327,0.0,0.0,0.0,0.0,1.0,0.0,0.0,0.0,0.0,2.633549471426553
340,17,1.9330450053534287,2.05991376,2.005233408042976,0.0,17.846577331582488,0.0,0.0,0.0,0.0,1.0,0.0,0.0,0.0,0.0,1.9330450053534287
340,18,0.0,1.91195904,0.0,0.0,0.0,0.0,0.0,0.0,0.0,0.0,0.0,0.0,0.0,0.0,0.0
340,19,44.43313457292072,1.73439024,46.09246324991777,67.8393556846473,68.62541255082412,5.0,0.0,0.0,0.0,2.0,37.0,0.0,0.0,0.0,7.433134572920724
340,20,51.69480824866945,1.45918752,53.625319760030564,80.02439543390301,0.0,7.0,0.0,0.0,0.0,0.0,51.69480824866945,0.0,0.0,0.0,0.0
340,21,51.69480824866945,1.29943344,53.625319760030585,71.45753181093355,0.0,7.0,0.0,0.0,0.0,0.0,51.69480824866945,0.0,0.0,0.0,0.0
340,22,51.694808248669474,1.203072,53.625319760030585,66.29011877839652,0.0,7.0,0.0,0.0,0.0,0.0,51.694808248669474,0.0,0.0,0.0,0.0
340,23,48.596116824195306,1.1306563199999995,50.41090956866733,58.66601460748506,0.0,8.0,0.0,0.0,0.0,0.0,48.596116824195306,0.0,0.0,0.0,0.0
341,0,43.49693709285932,1.1108750399999998,45.12130403823581,51.61764559199296,0.0,7.0,0.0,0.0,0.0,0.0,43.49693709285932,0.0,0.0,0.0,0.0
341,1,49.413269754003494,1.09676208,51.258578582991184,57.91512421562186,0.0,7.0,0.0,0.0,0.0,0.0,49.413269754003494,0.0,0.0,0.0,0.0
341,2,50.31349050651724,1.0856568,52.192417537880964,58.39062202894358,0.0,7.0,0.0,0.0,0.0,0.0,50.31349050651724,0.0,0.0,0.0,0.0
341,3,50.76462230672123,1.04100432,52.66039658373572,56.56275946350377,0.0,7.0,0.0,0.0,0.0,0.0,50.76462230672123,0.0,0.0,0.0,0.0
341,4,51.694808248669474,1.03614576,53.625319760030585,57.33864578205691,0.0,7.0,0.0,0.0,0.0,0.0,51.694808248669474,0.0,0.0,0.0,0.0
341,5,51.694808248669474,1.08033552,53.625319760030585,59.70833579217592,0.0,8.0,0.0,0.0,0.0,0.0,51.694808248669474,0.0,0.0,0.0,0.0
341,6,51.694808248669474,1.2647294399999998,53.625319760030585,69.59651871398141,0.0,7.0,0.0,0.0,0.0,0.0,51.694808248669474,0.0,0.0,0.0,0.0
341,7,51.69480824866946,1.47387888,53.625319760030585,80.81222431161274,0.0,7.0,0.0,0.0,0.0,0.0,51.69480824866946,0.0,0.0,0.0,0.0
341,8,50.148359393460744,1.7352,52.02111970276012,91.98894597039073,0.0,7.0,0.0,0.0,0.0,0.0,50.148359393460744,0.0,0.0,0.0,0.0
341,9,14.8,1.5929136000000002,15.352697095435687,24.963694273858927,0.0,2.0,0.0,0.0,0.0,0.0,14.8,0.0,0.0,0.0,0.0
341,10,0.0,1.5542764800000002,0.0,0.0,0.0,0.0,0.0,0.0,0.0,0.0,0.0,0.0,0.0,0.0,0.0
341,11,0.0,1.59835056,0.0,0.0,0.0,0.0,0.0,0.0,0.0,0.0,0.0,0.0,0.0,0.0,0.0
341,12,0.0,1.59626832,0.0,0.0,0.0,0.0,0.0,0.0,0.0,0.0,0.0,0.0,0.0,0.0,0.0
341,13,1.981117516069328,1.6004328,2.0551011577482656,0.0,18.290400303959565,0.0,0.0,0.0,0.0,1.0,0.0,0.0,0.0,0.0,1.981117516069328
341,14,9.054302520185628,1.59730944,9.392430000192562,0.0,83.59262700171381,0.0,0.0,0.0,0.0,1.0,0.0,0.0,0.0,0.0,9.054302520185628
341,15,0.0,1.59661536,0.0,0.0,0.0,0.0,0.0,0.0,0.0,0.0,0.0,0.0,0.0,0.0,0.0
341,16,0.0,1.54860816,0.0,0.0,0.0,0.0,0.0,0.0,0.0,0.0,0.0,0.0,0.0,0.0,0.0
341,17,0.0,1.4875291199999998,0.0,0.0,0.0,0.0,0.0,0.0,0.0,0.0,0.0,0.0,0.0,0.0,0.0
341,18,0.0,1.34906016,0.0,0.0,0.0,0.0,0.0,0.0,0.0,0.0,0.0,0.0,0.0,0.0,0.0
341,19,7.915337417567992,1.1673268799999998,8.210930931087129,9.21489513692946,4.75778321198664,1.0,0.0,0.0,0.0,1.0,7.4,0.0,0.0,0.0,0.515337417567991
341,20,48.638349467152906,1.1325072,50.4547193642665,58.81038416496846,0.0,7.0,0.0,0.0,0.0,0.0,48.638349467152906,0.0,0.0,0.0,0.0
341,21,55.553285394055074,1.08958992,57.627889412920204,60.20460595136316,35.62286991071762,8.0,0.0,0.0,0.0,1.0,51.69480824866948,0.0,0.0,0.0,3.8584771453855935
341,22,55.97243484217035,1.08299616,58.06269174499,59.85101346294225,39.49261066613879,7.0,0.0,0.0,0.0,1.0,51.694808248669474,0.0,0.0,0.0,4.277626593500875
341,23,51.69480824866946,1.00734144,53.625319760030585,55.794004911586676,0.0,7.0,0.0,0.0,0.0,0.0,51.69480824866946,0.0,0.0,0.0,0.0
342,0,51.694808248669474,1.00745712,53.625319760030585,55.8002082885765,0.0,7.0,0.0,0.0,0.0,0.0,51.694808248669474,0.0,0.0,0.0,0.0
342,1,51.69480824866946,0.96315168,53.625319760030585,53.42431490146767,0.0,8.0,0.0,0.0,0.0,0.0,51.69480824866946,0.0,0.0,0.0,0.0
342,2,51.69480824866946,0.94198224,53.625319760030564,52.28909691232687,0.0,7.0,0.0,0.0,0.0,0.0,51.69480824866946,0.0,0.0,0.0,0.0
342,3,51.41054709110826,0.91988736,53.33044304056875,50.82323812086198,0.0,8.0,0.0,0.0,0.0,0.0,51.41054709110826,0.0,0.0,0.0,0.0
342,4,51.694808248669474,0.92544,53.625319760030585,51.40201400277972,0.0,7.0,0.0,0.0,0.0,0.0,51.694808248669474,0.0,0.0,0.0,0.0
342,5,51.69480824866948,1.00687872,53.625319760030585,55.76919140362732,0.0,8.0,0.0,0.0,0.0,0.0,51.69480824866948,0.0,0.0,0.0,0.0
342,6,51.69480824866946,1.1197823999999998,53.625319760030585,61.82368734571148,0.0,7.0,0.0,0.0,0.0,0.0,51.69480824866946,0.0,0.0,0.0,0.0
342,7,51.69480824866945,1.2051542400000002,53.625319760030585,66.40177956421365,0.0,7.0,0.0,0.0,0.0,0.0,51.69480824866945,0.0,0.0,0.0,0.0
342,8,51.694808248669474,1.3031352,53.62531976003058,71.65603987460841,0.0,8.0,0.0,0.0,0.0,0.0,51.694808248669474,0.0,0.0,0.0,0.0
342,9,7.4,1.37103936,7.6763485477178435,10.778663136929461,0.0,1.0,0.0,0.0,0.0,0.0,7.4,0.0,0.0,0.0,0.0
342,10,0.0,1.3737,0.0,0.0,0.0,0.0,0.0,0.0,0.0,0.0,0.0,0.0,0.0,0.0,0.0
342,11,6.1210696468549814,1.356348,6.349657310015542,0.0,56.51195005913832,0.0,0.0,0.0,0.0,1.0,0.0,0.0,0.0,0.0,6.1210696468549814
342,12,0.0,1.34952288,0.0,0.0,0.0,0.0,0.0,0.0,0.0,0.0,0.0,0.0,0.0,0.0,0.0
342,13,0.0,1.29307104,0.0,0.0,0.0,0.0,0.0,0.0,0.0,0.0,0.0,0.0,0.0,0.0,0.0
342,14,0.37109081493414037,1.2678527999999998,0.38494897814744855,0.0,3.426045905512292,0.0,0.0,0.0,0.0,1.0,0.0,0.0,0.0,0.0,0.37109081493414037
342,15,0.9200998538070206,1.32650256,0.954460429260395,0.0,8.494697820417516,0.0,0.0,0.0,0.0,1.0,0.0,0.0,0.0,0.0,0.9200998538070206
342,16,0.0,1.28879088,0.0,0.0,0.0,0.0,0.0,0.0,0.0,0.0,0.0,0.0,0.0,0.0,0.0
342,17,0.0,1.32268512,0.0,0.0,0.0,0.0,0.0,0.0,0.0,0.0,0.0,0.0,0.0,0.0,0.0
342,18,7.4,1.32939456,7.6763485477178435,10.458983136929461,0.0,1.0,0.0,0.0,0.0,0.0,7.4,0.0,0.0,0.0,0.0
342,19,14.8,1.18386912,15.352697095435687,18.683758273858924,0.0,2.0,0.0,0.0,0.0,0.0,14.8,0.0,0.0,0.0,0.0
342,20,44.67803824250952,1.0978032,46.346512699698685,52.413419520929864,0.0,7.0,0.0,0.0,0.0,0.0,44.67803824250952,0.0,0.0,0.0,0.0
342,21,51.69480824866945,0.95366592,53.625319760030585,52.91563798830076,0.0,7.0,0.0,0.0,0.0,0.0,51.69480824866945,0.0,0.0,0.0,0.0
342,22,51.69480824866946,0.84700896,53.625319760030585,47.19612440366797,0.0,7.0,0.0,0.0,0.0,0.0,51.69480824866946,0.0,0.0,0.0,0.0
342,23,44.29480824866946,0.8096443199999999,45.94897121231272,38.72323449902005,0.0,7.0,0.0,0.0,0.0,0.0,44.29480824866946,0.0,0.0,0.0,0.0
343,0,51.69480824866946,0.6940799999999999,53.625319760030564,38.99526002309902,0.0,8.0,0.0,0.0,0.0,0.0,51.69480824866946,0.0,0.0,0.0,0.0
343,1,51.694808248669474,0.69072528,53.625319760030585,38.81536209039367,0.0,8.0,0.0,0.0,0.0,0.0,51.694808248669474,0.0,0.0,0.0,0.0
343,2,51.694808248669474,0.68956848,53.625319760030585,38.75332832049527,0.0,7.0,0.0,0.0,0.0,0.0,51.694808248669474,0.0,0.0,0.0,0.0
343,3,51.69480824866946,0.6784631999999999,53.62531976003057,38.15780412947058,0.0,8.0,0.0,0.0,0.0,0.0,51.69480824866946,0.0,0.0,0.0,0.0
343,4,51.69480824866946,0.6940799999999999,53.625319760030585,38.99526002309904,0.0,8.0,0.0,0.0,0.0,0.0,51.69480824866946,0.0,0.0,0.0,0.0
343,5,51.69480824866945,0.63427344,53.62531976003057,35.788114119351576,0.0,8.0,0.0,0.0,0.0,0.0,51.69480824866945,0.0,0.0,0.0,0.0
343,6,51.69480824866945,0.68042976,53.625319760030585,38.26326153829789,0.0,8.0,0.0,0.0,0.0,0.0,51.69480824866945,0.0,0.0,0.0,0.0
343,7,51.49400840361895,0.71039088,53.41702116557983,39.71506807337557,0.0,7.0,0.0,0.0,0.0,0.0,51.49400840361895,0.0,0.0,0.0,0.0
343,8,51.694808248669474,0.6940799999999999,53.625319760030585,38.995260023099036,0.0,7.0,0.0,0.0,0.0,0.0,51.694808248669474,0.0,0.0,0.0,0.0
343,9,42.11886126612226,0.70842432,43.69176479888202,32.39850618209092,0.0,6.0,0.0,0.0,0.0,0.0,42.11886126612226,0.0,0.0,0.0,0.0
343,10,14.8,0.76371936,15.352697095435687,12.233326273858923,0.0,2.0,0.0,0.0,0.0,0.0,14.8,0.0,0.0,0.0,0.0
343,11,11.275261421526395,0.80976,11.69632927544232,0.0,104.09733055143664,0.0,0.0,0.0,0.0,2.0,0.0,0.0,0.0,0.0,11.275261421526395
343,12,9.755016906224238,0.8762759999999999,10.11931214338614,0.0,90.06187807613665,0.0,0.0,0.0,0.0,2.0,0.0,0.0,0.0,0.0,9.755016906224238
343,13,7.35703798734576,0.92544,7.631782144549544,0.0,67.92286108649094,0.0,0.0,0.0,0.0,2.0,0.0,0.0,0.0,0.0,7.35703798734576
343,14,19.346908391411787,0.99056784,20.069407045032975,0.0,178.61772270079348,0.0,0.0,0.0,0.0,1.0,0.0,0.0,0.0,0.0,19.346908391411787
343,15,38.71818336955635,0.965928,40.16409063231987,0.0,357.4604066276469,0.0,0.0,0.0,0.0,3.0,0.0,0.0,0.0,0.0,38.71818336955635
343,16,2.702382761828482,0.92636544,2.8033016201540275,0.0,24.949384419370844,0.0,0.0,0.0,0.0,1.0,0.0,0.0,0.0,0.0,2.702382761828482
343,17,0.3715216703621893,0.91433472,0.38539592361222963,0.0,3.430023720148844,0.0,0.0,0.0,0.0,1.0,0.0,0.0,0.0,0.0,0.3715216703621893
343,18,7.4,0.89571024,7.6763485477178435,7.129871136929462,0.0,1.0,0.0,0.0,0.0,0.0,7.4,0.0,0.0,0.0,0.0
343,19,29.6,0.8033976,30.705394190871374,25.684988547717847,0.0,4.0,0.0,0.0,0.0,0.0,29.6,0.0,0.0,0.0,0.0
343,20,51.69480824866946,0.7456732799999999,53.62531976003057,41.76196616056781,0.0,9.0,0.0,0.0,0.0,0.0,51.69480824866947,0.0,0.0,0.0,0.0
343,21,51.694808248669474,0.6988228799999999,53.625319760030585,39.24959847968249,0.0,11.0,0.0,0.0,0.0,0.0,51.694808248669474,0.0,0.0,0.0,0.0
343,22,51.69480824866948,0.65752512,53.625319760030585,37.03499289430949,0.0,8.0,0.0,0.0,0.0,0.0,51.69480824866948,0.0,0.0,0.0,0.0
343,23,51.69480824866947,0.53421024,53.62531976003058,30.422193023139684,0.0,8.0,0.0,0.0,0.0,0.0,51.69480824866947,0.0,0.0,0.0,0.0
344,0,51.694808248669474,0.48261696,53.625319760030585,27.655486885670907,0.0,10.0,0.0,0.0,0.0,0.0,51.694808248669474,0.0,0.0,0.0,0.0
344,1,51.694808248669474,0.45369696,53.625319760030585,26.104642638210823,0.0,7.0,0.0,0.0,0.0,0.0,51.69480824866946,0.0,0.0,0.0,0.0
344,2,51.69480824866945,0.4430543999999999,53.625319760030564,25.533931955145494,0.0,8.0,0.0,0.0,0.0,0.0,51.69480824866945,0.0,0.0,0.0,0.0
344,3,51.694808248669474,0.45126768,53.625319760030585,25.97437172142417,0.0,7.0,0.0,0.0,0.0,0.0,51.694808248669474,0.0,0.0,0.0,0.0
344,4,51.69480824866948,0.37445616,53.625319760030585,21.85532940017019,0.0,8.0,0.0,0.0,0.0,0.0,51.69480824866948,0.0,0.0,0.0,0.0
344,5,51.69480824866949,0.3974764799999999,53.62531976003059,23.08980142114841,0.0,9.0,0.0,0.0,0.0,0.0,51.69480824866949,0.0,0.0,0.0,0.0
344,6,51.694808248669474,0.38949456,53.625319760030585,22.66176840884943,0.0,8.0,0.0,0.0,0.0,0.0,51.694808248669474,0.0,0.0,0.0,0.0
344,7,51.694808248669474,0.5170896,53.625319760030585,29.504093228643328,0.0,8.0,0.0,0.0,0.0,0.0,51.694808248669474,0.0,0.0,0.0,0.0
344,8,55.758279917694274,0.70402848,57.84053933370777,39.5287504442253,37.515454205727025,8.0,0.0,0.0,0.0,1.0,51.69480824866946,0.0,0.0,0.0,4.063471669024815
344,9,31.008741963036123,0.76094304,32.16674477493374,18.286053410788384,81.32552227284388,3.0,0.0,0.0,0.0,1.0,22.200000000000003,0.0,0.0,0.0,8.808741963036123
344,10,12.539655993028274,0.7791047999999999,13.007941901481614,6.234767136929461,47.45118084849756,1.0,0.0,0.0,0.0,1.0,7.4,0.0,0.0,0.0,5.139655993028274
344,11,19.195256309875937,0.8259552,19.912091607755123,0.0,177.2176153090206,0.0,0.0,0.0,0.0,1.0,0.0,0.0,0.0,0.0,19.195256309875937
344,12,7.293876333001747,0.7964568,7.566261756225879,0.0,67.33972963041033,0.0,0.0,0.0,0.0,3.0,0.0,0.0,0.0,0.0,7.293876333001747
344,13,12.0003996819569,0.80096832,12.448547387922098,0.0,110.79207175250667,0.0,0.0,0.0,0.0,2.0,0.0,0.0,0.0,0.0,12.0003996819569
344,14,10.456727982567806,0.8258395199999999,10.847228197684446,0.0,96.54033095939157,0.0,0.0,0.0,0.0,1.0,0.0,0.0,0.0,0.0,10.456727982567806
344,15,8.382334140221559,0.88367952,8.695367365375061,0.0,77.38876955183805,0.0,0.0,0.0,0.0,5.0,0.0,0.0,0.0,0.0,8.382334140221559
344,16,10.965286169675291,0.9289104,11.374778184310468,0.0,101.23552584036318,0.0,0.0,0.0,0.0,2.0,0.0,0.0,0.0,0.0,10.965286169675291
344,17,6.103208307482918,0.93052992,6.331128949671077,0.0,56.34704765207259,0.0,0.0,0.0,0.0,2.0,0.0,0.0,0.0,0.0,6.103208307482918
344,18,8.065044735169833,0.98813856,8.366228978391943,0.0,74.4594379076883,0.0,0.0,0.0,0.0,1.0,0.0,0.0,0.0,0.0,8.065044735169833
344,19,3.4866676490384734,0.93423168,3.6168751546042257,0.0,32.19018887597761,0.0,0.0,0.0,0.0,1.0,0.0,0.0,0.0,0.0,3.4866676490384734
344,20,55.83325300957512,0.9028824,57.91831225059661,50.19235548976083,38.20763316603775,7.0,0.0,0.0,0.0,1.0,51.69480824866945,0.0,0.0,0.0,4.138444760905662
344,21,51.69480824866945,0.89235552,53.625319760030585,49.62784818368539,0.0,8.0,0.0,0.0,0.0,0.0,51.69480824866945,0.0,0.0,0.0,0.0
344,22,51.69480824866945,0.8807875199999999,53.625319760030585,49.00751048470135,0.0,7.0,0.0,0.0,0.0,0.0,51.69480824866945,0.0,0.0,0.0,0.0
344,23,49.880740314008264,0.80004288,51.743506549801104,43.10973406820017,0.0,7.0,0.0,0.0,0.0,0.0,49.880740314008264,0.0,0.0,0.0,0.0
345,0,51.69480824866946,0.57041808,53.625319760030585,32.363850020959724,0.0,7.0,0.0,0.0,0.0,0.0,51.69480824866946,0.0,0.0,0.0,0.0
345,1,51.69480824866946,0.5350199999999999,53.62531976003059,30.465616662068577,0.0,8.0,0.0,0.0,0.0,0.0,51.69480824866946,0.0,0.0,0.0,0.0
345,2,51.69480824866946,0.5338632,53.62531976003059,30.403582892170174,0.0,8.0,0.0,0.0,0.0,0.0,51.69480824866946,0.0,0.0,0.0,0.0
345,3,51.694808248669474,0.5269223999999999,53.625319760030585,30.031380272779746,0.0,8.0,0.0,0.0,0.0,0.0,51.694808248669474,0.0,0.0,0.0,0.0
345,4,51.69480824866946,0.5396472,53.62531976003059,30.71375174166219,0.0,8.0,0.0,0.0,0.0,0.0,51.69480824866946,0.0,0.0,0.0,0.0
345,5,51.69480824866945,0.59008368,53.625319760030585,33.418424109232575,0.0,7.0,0.0,0.0,0.0,0.0,51.69480824866945,0.0,0.0,0.0,0.0
345,6,51.69480824866945,0.86285712,53.625319760030585,48.045987051276086,0.0,7.0,0.0,0.0,0.0,0.0,51.69480824866945,0.0,0.0,0.0,0.0
345,7,54.34311820817742,1.02874224,56.37252926159484,56.941629654707135,24.450164563921913,8.0,0.0,0.0,0.0,1.0,51.69480824866949,0.0,0.0,0.0,2.6483099595079462
345,8,50.103107003856145,1.10624784,51.974177389892276,59.216666744950594,0.0,8.0,0.0,0.0,0.0,0.0,50.103107003856145,0.0,0.0,0.0,0.0
345,9,29.6,1.12105488,30.705394190871374,35.43878054771785,0.0,4.0,0.0,0.0,0.0,0.0,29.6,0.0,0.0,0.0,0.0
345,10,0.0,1.07998848,0.0,0.0,0.0,0.0,0.0,0.0,0.0,0.0,0.0,0.0,0.0,0.0,0.0
345,11,0.0,1.0489862399999998,0.0,0.0,0.0,0.0,0.0,0.0,0.0,0.0,0.0,0.0,0.0,0.0,0.0
345,12,0.0,1.0331380799999998,0.0,0.0,0.0,0.0,0.0,0.0,0.0,0.0,0.0,0.0,0.0,0.0,0.0
345,13,0.0,1.03429488,0.0,0.0,0.0,0.0,0.0,0.0,0.0,0.0,0.0,0.0,0.0,0.0,0.0
345,14,0.0,1.0746672000000002,0.0,0.0,0.0,0.0,0.0,0.0,0.0,0.0,0.0,0.0,0.0,0.0,0.0
345,15,0.0,1.10960256,0.0,0.0,0.0,0.0,0.0,0.0,0.0,0.0,0.0,0.0,0.0,0.0,0.0
345,16,0.0,1.22053968,0.0,0.0,0.0,0.0,0.0,0.0,0.0,0.0,0.0,0.0,0.0,0.0,0.0
345,17,0.0,1.36490832,0.0,0.0,0.0,0.0,0.0,0.0,0.0,0.0,0.0,0.0,0.0,0.0,0.0
345,18,0.0,1.41869952,0.0,0.0,0.0,0.0,0.0,0.0,0.0,0.0,0.0,0.0,0.0,0.0,0.0
345,19,7.4,1.36305744,7.6763485477178435,10.71739113692946,0.0,1.0,0.0,0.0,0.0,0.0,7.4,0.0,0.0,0.0,0.0
345,20,37.0,1.28080896,38.38174273858922,50.43011568464731,0.0,5.0,0.0,0.0,0.0,0.0,37.0,0.0,0.0,0.0,0.0
345,21,51.69480824866946,1.1430340799999998,53.625319760030564,63.07056612066936,0.0,7.0,0.0,0.0,0.0,0.0,51.69480824866946,0.0,0.0,0.0,0.0
345,22,51.69480824866946,1.10809872,53.625319760030585,61.197146269737615,0.0,7.0,0.0,0.0,0.0,0.0,51.69480824866946,0.0,0.0,0.0,0.0
345,23,51.69480824866946,1.00433376,53.625319760030564,55.6327171098508,0.0,7.0,0.0,0.0,0.0,0.0,51.69480824866946,0.0,0.0,0.0,0.0
346,0,51.69480824866946,1.0185624,53.62531976003057,56.395732479601165,0.0,8.0,0.0,0.0,0.0,0.0,51.69480824866946,0.0,0.0,0.0,0.0
346,1,51.694808248669474,1.00711008,53.625319760030585,55.78159815760699,0.0,7.0,0.0,0.0,0.0,0.0,51.694808248669474,0.0,0.0,0.0,0.0
346,2,51.694808248669474,0.99045216,53.625319760030585,54.88831187106998,0.0,7.0,0.0,0.0,0.0,0.0,51.694808248669474,0.0,0.0,0.0,0.0
346,3,51.694808248669474,0.97657056,53.625319760030585,54.14390663228915,0.0,7.0,0.0,0.0,0.0,0.0,51.694808248669474,0.0,0.0,0.0,0.0
346,4,50.20829875518672,0.98767584,52.083297463886645,53.165371718668766,0.0,7.0,0.0,0.0,0.0,0.0,50.20829875518672,0.0,0.0,0.0,0.0
346,5,48.60209981390513,1.02989904,50.41711598952814,53.59334589643707,0.0,7.0,0.0,0.0,0.0,0.0,48.60209981390513,0.0,0.0,0.0,0.0
346,6,51.69480824866946,1.2296784,53.625319760030564,67.71689548605977,0.0,7.0,0.0,0.0,0.0,0.0,51.69480824866946,0.0,0.0,0.0,0.0
346,7,45.515429833995135,1.43524176,47.21517617634351,69.3280148854823,0.0,7.0,0.0,0.0,0.0,0.0,45.515429833995135,0.0,0.0,0.0,0.0
346,8,52.81070742308729,1.73439024,54.78289151772541,89.3312105761396,37.75038551484605,7.0,0.0,0.0,0.0,1.0,48.72178926170397,0.0,0.0,0.0,4.088918161383324
346,9,9.433295630436424,1.69575312,9.785576380120773,13.271279136929461,18.772127708386073,1.0,0.0,0.0,0.0,1.0,7.4,0.0,0.0,0.0,2.033295630436424
346,10,0.0,1.66440384,0.0,0.0,0.0,0.0,0.0,0.0,0.0,0.0,0.0,0.0,0.0,0.0,0.0
346,11,0.0,1.66903104,0.0,0.0,0.0,0.0,0.0,0.0,0.0,0.0,0.0,0.0,0.0,0.0,0.0
346,12,0.0,1.6937865599999995,0.0,0.0,0.0,0.0,0.0,0.0,0.0,0.0,0.0,0.0,0.0,0.0,0.0
346,13,2.7751813948872313,1.68707712,2.878818874364348,0.0,25.621487981842698,0.0,0.0,0.0,0.0,1.0,0.0,0.0,0.0,0.0,2.7751813948872313
346,14,0.0,1.73300208,0.0,0.0,0.0,0.0,0.0,0.0,0.0,0.0,0.0,0.0,0.0,0.0,0.0
346,15,0.0,1.90548096,0.0,0.0,0.0,0.0,0.0,0.0,0.0,0.0,0.0,0.0,0.0,0.0,0.0
346,16,0.0,2.09184144,0.0,0.0,0.0,0.0,0.0,0.0,0.0,0.0,0.0,0.0,0.0,0.0,0.0
346,17,0.0,1.99039008,0.0,0.0,0.0,0.0,0.0,0.0,0.0,0.0,0.0,0.0,0.0,0.0,0.0
346,18,0.0,1.79304,0.0,0.0,0.0,0.0,0.0,0.0,0.0,0.0,0.0,0.0,0.0,0.0,0.0
346,19,7.4,1.23152928,7.6763485477178435,9.707735136929461,0.0,1.0,0.0,0.0,0.0,0.0,7.4,0.0,0.0,0.0,0.0
346,20,22.200000000000003,1.09213488,23.02904564315353,25.913085410788383,0.0,3.0,0.0,0.0,0.0,0.0,22.200000000000003,0.0,0.0,0.0,0.0
346,21,32.26983119289338,1.02353664,33.474928623333376,35.37083610479881,0.0,5.0,0.0,0.0,0.0,0.0,32.26983119289338,0.0,0.0,0.0,0.0
346,22,51.694808248669474,0.98813856,53.625319760030585,54.76424433127318,0.0,7.0,0.0,0.0,0.0,0.0,51.694808248669474,0.0,0.0,0.0,0.0
346,23,51.694808248669474,0.9184992,53.625319760030585,51.029811383389294,0.0,7.0,0.0,0.0,0.0,0.0,51.694808248669474,0.0,0.0,0.0,0.0
347,0,51.69480824866946,0.8945534399999999,53.625319760030585,49.74571234649234,0.0,7.0,0.0,0.0,0.0,0.0,51.69480824866946,0.0,0.0,0.0,0.0
347,1,44.996810300961165,0.8706076800000001,46.67718910888089,42.182534278508015,0.0,7.0,0.0,0.0,0.0,0.0,44.996810300961165,0.0,0.0,0.0,0.0
347,2,50.89862415462922,0.8736153599999998,52.799402650030316,47.87402938160719,0.0,7.0,0.0,0.0,0.0,0.0,50.89862415462922,0.0,0.0,0.0,0.0
347,3,37.12962066937849,0.84654624,38.51620401387811,33.88063403988078,0.0,6.0,0.0,0.0,0.0,0.0,37.12962066937849,0.0,0.0,0.0,0.0
347,4,40.74295161455414,0.8446953599999999,42.26447262920555,37.099557966763626,0.0,7.0,0.0,0.0,0.0,0.0,40.74295161455414,0.0,0.0,0.0,0.0
347,5,49.16792157195091,0.8728056000000001,51.004068020695975,46.2048708427294,0.0,7.0,0.0,0.0,0.0,0.0,49.16792157195091,0.0,0.0,0.0,0.0
347,6,50.103107003856174,0.9613008,51.974177389892304,51.68316357585082,0.0,7.0,0.0,0.0,0.0,0.0,50.103107003856174,0.0,0.0,0.0,0.0
347,7,51.69480824866946,1.23823872,53.625319760030585,68.17594538330798,0.0,7.0,0.0,0.0,0.0,0.0,51.69480824866946,0.0,0.0,0.0,0.0
347,8,37.0,1.6497124799999998,38.38174273858922,64.5892756846473,0.0,5.0,0.0,0.0,0.0,0.0,37.0,0.0,0.0,0.0,0.0
347,9,7.4,1.6497124799999998,7.6763485477178435,12.917855136929461,0.0,1.0,0.0,0.0,0.0,0.0,7.4,0.0,0.0,0.0,0.0
347,10,0.0,1.6871927999999998,0.0,0.0,0.0,0.0,0.0,0.0,0.0,0.0,0.0,0.0,0.0,0.0,0.0
347,11,0.0,1.6906632,0.0,0.0,0.0,0.0,0.0,0.0,0.0,0.0,0.0,0.0,0.0,0.0,0.0
347,12,0.0,1.6948276800000002,0.0,0.0,0.0,0.0,0.0,0.0,0.0,0.0,0.0,0.0,0.0,0.0,0.0
347,13,0.0,1.25697888,0.0,0.0,0.0,0.0,0.0,0.0,0.0,0.0,0.0,0.0,0.0,0.0,0.0
347,14,0.0,1.23708192,0.0,0.0,0.0,0.0,0.0,0.0,0.0,0.0,0.0,0.0,0.0,0.0,0.0
347,15,6.834588358040688,1.2655392,7.089821948174988,0.0,63.099415338757396,0.0,0.0,0.0,0.0,1.0,0.0,0.0,0.0,0.0,6.834588358040688
347,16,0.0,1.25697888,0.0,0.0,0.0,0.0,0.0,0.0,0.0,0.0,0.0,0.0,0.0,0.0,0.0
347,17,0.0,1.31505024,0.0,0.0,0.0,0.0,0.0,0.0,0.0,0.0,0.0,0.0,0.0,0.0,0.0
347,18,0.0,1.25663184,0.0,0.0,0.0,0.0,0.0,0.0,0.0,0.0,0.0,0.0,0.0,0.0,0.0
347,19,13.313490506517262,1.18467888,13.810674799291766,16.818348089125752,0.0,2.0,0.0,0.0,0.0,0.0,13.313490506517262,0.0,0.0,0.0,0.0
347,20,51.07678579186522,1.11723744,52.98421762641621,60.949729264774504,0.0,7.0,0.0,0.0,0.0,0.0,51.07678579186522,0.0,0.0,0.0,0.0
347,21,46.08392659896555,1.05129984,47.80490311096012,51.839629284740646,0.0,7.0,0.0,0.0,0.0,0.0,46.08392659896555,0.0,0.0,0.0,0.0
347,22,44.898023243645454,1.0683048,46.574712908345916,51.29761235587414,0.0,7.0,0.0,0.0,0.0,0.0,44.898023243645454,0.0,0.0,0.0,0.0
347,23,51.694808248669474,0.974604,53.625319760030585,54.03844922346187,0.0,7.0,0.0,0.0,0.0,0.0,51.694808248669474,0.0,0.0,0.0,0.0
348,0,51.69480824866945,0.89466912,53.625319760030585,49.751915723482185,0.0,7.0,0.0,0.0,0.0,0.0,51.69480824866945,0.0,0.0,0.0,0.0
348,1,50.79749216943331,0.8826383999999999,52.69449395169431,48.254371580134226,0.0,7.0,0.0,0.0,0.0,0.0,50.79749216943331,0.0,0.0,0.0,0.0
348,2,51.69480824866946,0.8900419199999999,53.625319760030585,49.50378064388857,0.0,7.0,0.0,0.0,0.0,0.0,51.69480824866946,0.0,0.0,0.0,0.0
348,3,51.694808248669474,0.8884224,53.625319760030585,49.41693336603081,0.0,7.0,0.0,0.0,0.0,0.0,51.694808248669474,0.0,0.0,0.0,0.0
348,4,51.694808248669474,0.90855072,53.625319760030585,50.49632096226303,0.0,7.0,0.0,0.0,0.0,0.0,51.694808248669474,0.0,0.0,0.0,0.0
348,5,51.69480824866945,0.95516976,53.62531976003058,52.99628188916868,0.0,8.0,0.0,0.0,0.0,0.0,51.69480824866945,0.0,0.0,0.0,0.0
348,6,51.09728592655988,1.13921664,53.00548332630693,62.13921011467215,0.0,7.0,0.0,0.0,0.0,0.0,51.09728592655988,0.0,0.0,0.0,0.0
348,7,51.69480824866946,1.41835248,53.625319760030564,77.83460335648938,0.0,8.0,0.0,0.0,0.0,0.0,51.69480824866947,0.0,0.0,0.0,0.0
348,8,44.4,1.54860816,46.05809128630706,72.85045882157677,0.0,6.0,0.0,0.0,0.0,0.0,44.4,0.0,0.0,0.0,0.0
348,9,14.8,1.7349686399999995,15.352697095435687,27.144622273858918,0.0,2.0,0.0,0.0,0.0,0.0,14.8,0.0,0.0,0.0,0.0
348,10,0.0,1.7349686399999995,0.0,0.0,0.0,0.0,0.0,0.0,0.0,0.0,0.0,0.0,0.0,0.0,0.0
348,11,0.0,1.50777312,0.0,0.0,0.0,0.0,0.0,0.0,0.0,0.0,0.0,0.0,0.0,0.0,0.0
348,12,4.854851271928333,1.41708,5.036152771709889,0.0,44.821759668218014,0.0,0.0,0.0,0.0,1.0,0.0,0.0,0.0,0.0,4.854851271928333
348,13,0.0,1.5709344,0.0,0.0,0.0,0.0,0.0,0.0,0.0,0.0,0.0,0.0,0.0,0.0,0.0
348,14,0.0,1.73473728,0.0,0.0,0.0,0.0,0.0,0.0,0.0,0.0,0.0,0.0,0.0,0.0,0.0
348,15,0.0,2.17906416,0.0,0.0,0.0,0.0,0.0,0.0,0.0,0.0,0.0,0.0,0.0,0.0,0.0
348,16,3.1062766515681406,2.17524672,3.222278684199316,0.0,28.678280289373912,0.0,0.0,0.0,0.0,1.0,0.0,0.0,0.0,0.0,3.1062766515681406
348,17,0.0,2.08952784,0.0,0.0,0.0,0.0,0.0,0.0,0.0,0.0,0.0,0.0,0.0,0.0,0.0
348,18,0.0,1.6704192,0.0,0.0,0.0,0.0,0.0,0.0,0.0,0.0,0.0,0.0,0.0,0.0,0.0
348,19,14.8,1.4225169599999998,15.352697095435687,22.34764627385892,0.0,2.0,0.0,0.0,0.0,0.0,14.8,0.0,0.0,0.0,0.0
348,20,51.694808248669474,1.26415104,53.625319760030585,69.56550182903221,0.0,7.0,0.0,0.0,0.0,0.0,51.694808248669474,0.0,0.0,0.0,0.0
348,21,45.55760014200324,1.1128416,47.25892130913199,54.155963899260804,0.0,7.0,0.0,0.0,0.0,0.0,45.55760014200324,0.0,0.0,0.0,0.0
348,22,50.20829875518672,1.09271328,52.083297463886645,58.6360679510339,0.0,7.0,0.0,0.0,0.0,0.0,50.20829875518672,0.0,0.0,0.0,0.0
348,23,46.209989362811704,0.9898737599999998,47.93567361287521,49.03693627389573,0.0,7.0,0.0,0.0,0.0,0.0,46.209989362811704,0.0,0.0,0.0,0.0
349,0,45.912775395614005,0.99635184,47.6273603688942,49.030073766101204,0.0,7.0,0.0,0.0,0.0,0.0,45.912775395614005,0.0,0.0,0.0,0.0
349,1,51.69480824866946,0.95933424,53.625319760030564,53.219603460802915,0.0,7.0,0.0,0.0,0.0,0.0,51.69480824866946,0.0,0.0,0.0,0.0
349,2,50.51293610254178,0.9265968,52.39931130969065,50.28745138611393,0.0,7.0,0.0,0.0,0.0,0.0,50.51293610254178,0.0,0.0,0.0,0.0
349,3,51.694808248669474,0.8855303999999999,53.625319760030585,49.261848941284796,0.0,7.0,0.0,0.0,0.0,0.0,51.694808248669474,0.0,0.0,0.0,0.0
349,4,51.69480824866946,0.86945088,53.625319760030585,48.399579539696994,0.0,7.0,0.0,0.0,0.0,0.0,51.69480824866946,0.0,0.0,0.0,0.0
349,5,51.694808248669474,0.93018288,53.625319760030585,51.65635245936318,0.0,8.0,0.0,0.0,0.0,0.0,51.694808248669474,0.0,0.0,0.0,0.0
349,6,45.49961257631546,1.11018096,47.19876823269239,53.96145305589005,0.0,7.0,0.0,0.0,0.0,0.0,45.49961257631546,0.0,0.0,0.0,0.0
349,7,51.69480824866945,1.2371976,53.625319760030564,68.1201149903994,0.0,7.0,0.0,0.0,0.0,0.0,51.69480824866945,0.0,0.0,0.0,0.0
349,8,43.30034128856805,1.405512,44.91736648191708,64.61866242928369,0.0,7.0,0.0,0.0,0.0,0.0,43.30034128856805,0.0,0.0,0.0,0.0
349,9,7.4,1.35854592,7.6763485477178435,10.682759136929462,0.0,1.0,0.0,0.0,0.0,0.0,7.4,0.0,0.0,0.0,0.0
349,10,0.0,1.27213296,0.0,0.0,0.0,0.0,0.0,0.0,0.0,0.0,0.0,0.0,0.0,0.0,0.0
349,11,0.0,1.188612,0.0,0.0,0.0,0.0,0.0,0.0,0.0,0.0,0.0,0.0,0.0,0.0,0.0
349,12,0.0,1.08889584,0.0,0.0,0.0,0.0,0.0,0.0,0.0,0.0,0.0,0.0,0.0,0.0,0.0
349,13,0.0,1.0214544,0.0,0.0,0.0,0.0,0.0,0.0,0.0,0.0,0.0,0.0,0.0,0.0,0.0
349,14,0.0,0.99878112,0.0,0.0,0.0,0.0,0.0,0.0,0.0,0.0,0.0,0.0,0.0,0.0,0.0
349,15,0.0,1.0145136,0.0,0.0,0.0,0.0,0.0,0.0,0.0,0.0,0.0,0.0,0.0,0.0,0.0
349,16,0.0,1.10786736,0.0,0.0,0.0,0.0,0.0,0.0,0.0,0.0,0.0,0.0,0.0,0.0,0.0
349,17,0.0,1.0717752,0.0,0.0,0.0,0.0,0.0,0.0,0.0,0.0,0.0,0.0,0.0,0.0,0.0
349,18,0.0,0.98223888,0.0,0.0,0.0,0.0,0.0,0.0,0.0,0.0,0.0,0.0,0.0,0.0,0.0
349,19,22.200000000000003,0.9208128,23.02904564315353,21.967701410788386,0.0,3.0,0.0,0.0,0.0,0.0,22.200000000000003,0.0,0.0,0.0,0.0
349,20,36.87059275924452,0.89085168,38.24750286228686,35.33884452541476,0.0,5.0,0.0,0.0,0.0,0.0,36.87059275924452,0.0,0.0,0.0,0.0
349,21,45.38538925432438,0.8756976,47.08027930946513,42.78644484377157,0.0,8.0,0.0,0.0,0.0,0.0,45.38538925432438,0.0,0.0,0.0,0.0
349,22,51.694808248669474,0.7033343999999999,53.62531976003058,39.49153018228626,0.0,8.0,0.0,0.0,0.0,0.0,51.694808248669474,0.0,0.0,0.0,0.0
349,23,51.69480824866948,0.8036289600000001,53.625319760030585,44.86985803247785,0.0,8.0,0.0,0.0,0.0,0.0,51.69480824866948,0.0,0.0,0.0,0.0
350,0,51.694808248669474,0.5049432,53.625319760030585,28.85273864471009,0.0,8.0,0.0,0.0,0.0,0.0,51.694808248669474,0.0,0.0,0.0,0.0
350,1,51.69480824866946,0.44617776,53.625319760030585,25.701423133871195,0.0,7.0,0.0,0.0,0.0,0.0,51.69480824866946,0.0,0.0,0.0,0.0
350,2,46.95330839374972,0.39874896,48.70675144579847,21.03395995684657,0.0,7.0,0.0,0.0,0.0,0.0,46.95330839374972,0.0,0.0,0.0,0.0
350,3,51.69480824866945,0.30990672,53.625319760030585,18.39384503983928,0.0,8.0,0.0,0.0,0.0,0.0,51.69480824866946,0.0,0.0,0.0,0.0
350,4,51.69480824866946,0.25322352,53.625319760030585,15.35419031481751,0.0,7.0,0.0,0.0,0.0,0.0,51.69480824866946,0.0,0.0,0.0,0.0
350,5,51.69480824866945,0.2007048,53.625319760030585,12.537857161429995,0.0,8.0,0.0,0.0,0.0,0.0,51.69480824866945,0.0,0.0,0.0,0.0
350,6,51.69480824866948,0.18994656,53.62531976003059,11.960943101374847,0.0,8.0,0.0,0.0,0.0,0.0,51.69480824866948,0.0,0.0,0.0,0.0
350,7,51.69480824866945,0.19133472,53.625319760030585,12.03538362525293,0.0,8.0,0.0,0.0,0.0,0.0,51.69480824866945,0.0,0.0,0.0,0.0
350,8,51.69480824866945,0.19283856,53.625319760030564,12.11602752612085,0.0,7.0,0.0,0.0,0.0,0.0,51.69480824866945,0.0,0.0,0.0,0.0
350,9,35.49283819577159,0.1868232,36.81829688358049,4.701496897091988,137.41950313403058,3.0,0.0,0.0,0.0,1.0,20.608298755186702,0.0,0.0,0.0,14.884539440584884
350,10,0.0,0.18034512,0.0,0.0,0.0,0.0,0.0,0.0,0.0,0.0,0.0,0.0,0.0,0.0,0.0
350,11,7.1264387162080896,0.1602167999999999,7.392571282373538,0.0,65.79388441312449,0.0,0.0,0.0,0.0,2.0,0.0,0.0,0.0,0.0,7.1264387162080896
350,12,16.961128643845147,0.15258192,17.594531788221108,0.0,156.59133291516787,0.0,0.0,0.0,0.0,1.0,0.0,0.0,0.0,0.0,16.961128643845147
350,13,5.119594719835099,0.1433275199999999,5.310782904393256,0.0,47.26596784909998,0.0,0.0,0.0,0.0,2.0,0.0,0.0,0.0,0.0,5.119594719835099
350,14,16.482248348551938,0.14702928,17.097767996423173,0.0,152.17013516816624,0.0,0.0,0.0,0.0,2.0,0.0,0.0,0.0,0.0,16.482248348551938
350,15,0.0,0.15929136,0.0,0.0,0.0,0.0,0.0,0.0,0.0,0.0,0.0,0.0,0.0,0.0,0.0
350,16,2.4357871606918033,0.16391856,2.526750166692742,0.0,22.488076483565404,0.0,0.0,0.0,0.0,1.0,0.0,0.0,0.0,0.0,2.4357871606918033
350,17,15.501221467316409,0.15975408,16.080105256552294,0.0,143.1129367833154,0.0,0.0,0.0,0.0,3.0,0.0,0.0,0.0,0.0,15.501221467316409
350,18,18.60333737896118,0.1330319999999999,19.29806782049915,0.0,171.75280360244244,0.0,0.0,0.0,0.0,2.0,0.0,0.0,0.0,0.0,18.60333737896118
350,19,58.94757367724265,0.12424032,61.14893534983679,7.246794821576765,134.30851216541456,6.0,0.0,0.0,0.0,1.0,44.4,0.0,0.0,0.0,14.547573677242655
350,20,51.694808248669446,0.0572616,53.62531976003056,4.845669694027977,0.0,8.0,0.0,0.0,0.0,0.0,51.69480824866945,0.0,0.0,0.0,0.0
350,21,51.69480824866945,0.02568096,53.625319760030564,3.1521477758015655,0.0,7.0,0.0,0.0,0.0,0.0,51.69480824866945,0.0,0.0,0.0,0.0
350,22,51.69480824866946,0.0003470399999999,53.62531976003057,1.7936082150265276,0.0,9.0,0.0,0.0,0.0,0.0,51.69480824866946,0.0,0.0,0.0,0.0
350,23,51.69480824866942,0.00011568,53.62531976003057,1.7812014610468518,0.0,12.0,0.0,0.0,0.0,0.0,51.69480824866942,0.0,0.0,0.0,0.0
351,0,51.69480824866948,-0.0127248,53.62531976003059,1.0926266151745752,0.0,10.0,0.0,0.0,0.0,0.0,51.69480824866947,0.0,0.0,0.0,0.0
351,1,51.694808248669474,-0.01284048,53.62531976003059,1.0864232381847347,0.0,8.0,0.0,0.0,0.0,0.0,51.694808248669474,0.0,0.0,0.0,0.0
351,2,51.694808248669474,-0.01284048,53.625319760030585,1.0864232381847347,0.0,7.0,0.0,0.0,0.0,0.0,51.694808248669474,0.0,0.0,0.0,0.0
351,3,51.69480824866948,-0.0127248,53.62531976003059,1.0926266151745752,0.0,9.0,0.0,0.0,0.0,0.0,51.69480824866948,0.0,0.0,0.0,0.0
351,4,51.69480824866946,-0.0083289599999999,53.62531976003057,1.328354940788513,0.0,8.0,0.0,0.0,0.0,0.0,51.69480824866946,0.0,0.0,0.0,0.0
351,5,51.69480824866948,-0.00127248,53.625319760030585,1.7067609371687689,0.0,8.0,0.0,0.0,0.0,0.0,51.69480824866948,0.0,0.0,0.0,0.0
351,6,51.694808248669474,-0.00011568,53.625319760030585,1.768794707067172,0.0,7.0,0.0,0.0,0.0,0.0,51.694808248669474,0.0,0.0,0.0,0.0
351,7,51.694808248669474,0.00011568,53.62531976003059,1.7812014610468527,0.0,9.0,0.0,0.0,0.0,0.0,51.694808248669474,0.0,0.0,0.0,0.0
351,8,51.69480824866945,0.01492272,53.625319760030564,2.575233715746415,0.0,7.0,0.0,0.0,0.0,0.0,51.69480824866945,0.0,0.0,0.0,0.0
351,9,31.119324726379233,0.02556528,32.28145718504069,1.8013405477178426,14.026960648106972,4.0,0.0,0.0,0.0,1.0,29.6,0.0,0.0,0.0,1.5193247263792267
351,10,7.768948168198317,0.02915136,8.059074863276262,0.47786313692946064,3.40626420846993,1.0,0.0,0.0,0.0,1.0,7.4,0.0,0.0,0.0,0.36894816819831594
351,11,0.0,0.0416447999999999,0.0,0.0,0.0,0.0,0.0,0.0,0.0,0.0,0.0,0.0,0.0,0.0,0.0
351,12,0.0,0.02614368,0.0,0.0,0.0,0.0,0.0,0.0,0.0,0.0,0.0,0.0,0.0,0.0,0.0
351,13,14.4012617027819,0.0453465599999999,14.93906815641276,0.0,132.95770659207358,0.0,0.0,0.0,0.0,3.0,0.0,0.0,0.0,0.0,14.4012617027819
351,14,11.185307546856778,0.02579664,11.603016127444793,0.0,103.26684353425867,0.0,0.0,0.0,0.0,2.0,0.0,0.0,0.0,0.0,11.185307546856778
351,15,2.9613753382073846,0.04719744,3.0719661184723908,0.0,27.34049845440428,0.0,0.0,0.0,0.0,1.0,0.0,0.0,0.0,0.0,2.9613753382073846
351,16,7.984108286812369,0.0651278399999999,8.282270007066774,0.0,73.71220306289429,0.0,0.0,0.0,0.0,1.0,0.0,0.0,0.0,0.0,7.984108286812369
351,17,1.0427924191147557,0.13083408,1.0817348746003692,0.0,9.627440383943286,0.0,0.0,0.0,0.0,1.0,0.0,0.0,0.0,0.0,1.0427924191147557
351,18,5.2009287759481655,0.1605638399999999,5.395154331896438,0.0,48.0168735538783,0.0,0.0,0.0,0.0,1.0,0.0,0.0,0.0,0.0,5.2009287759481655
351,19,32.45509577587105,0.15767184,33.66711180069612,4.42955965256477,92.98687477640146,4.0,0.0,0.0,0.0,1.0,22.383259002337233,0.0,0.0,0.0,10.071836773533821
351,20,36.49945189007228,0.1434432,37.86250196065589,6.684367256140465,0.0,5.0,0.0,0.0,0.0,0.0,36.49945189007228,0.0,0.0,0.0,0.0
351,21,44.24234072055447,0.13222224,45.894544315927874,7.587388870088464,0.0,7.0,0.0,0.0,0.0,0.0,44.24234072055447,0.0,0.0,0.0,0.0
351,22,44.928729201770864,0.07773696,46.60656556200298,5.1657300429331015,0.0,7.0,0.0,0.0,0.0,0.0,44.928729201770864,0.0,0.0,0.0,0.0
351,23,43.114566266050815,0.06917664,44.724653802957285,4.574287316129693,0.0,6.0,0.0,0.0,0.0,0.0,43.114566266050815,0.0,0.0,0.0,0.0
352,0,50.20829875518672,0.11949744,52.08329746388665,7.947777859747594,0.0,7.0,0.0,0.0,0.0,0.0,50.20829875518672,0.0,0.0,0.0,0.0
352,1,51.69480824866945,0.1026081599999999,53.625319760030564,7.277393474045385,0.0,7.0,0.0,0.0,0.0,0.0,51.69480824866945,0.0,0.0,0.0,0.0
352,2,45.71889141853494,0.07206864,47.42623591134331,4.987752731115138,0.0,7.0,0.0,0.0,0.0,0.0,45.71889141853494,0.0,0.0,0.0,0.0
352,3,50.20829875518671,0.0577243199999999,52.083297463886645,4.730430075515224,0.0,8.0,0.0,0.0,0.0,0.0,50.20829875518671,0.0,0.0,0.0,0.0
352,4,51.694808248669474,0.07102752,53.625319760030585,5.5838715558189795,0.0,8.0,0.0,0.0,0.0,0.0,51.694808248669474,0.0,0.0,0.0,0.0
352,5,45.15886408476743,0.11648976,46.845294693742154,7.007576390366163,0.0,7.0,0.0,0.0,0.0,0.0,45.15886408476743,0.0,0.0,0.0,0.0
352,6,51.69480824866946,0.18150192,53.625319760030564,11.5080965811165,0.0,7.0,0.0,0.0,0.0,0.0,51.69480824866946,0.0,0.0,0.0,0.0
352,7,51.694808248669474,0.24535728,53.625319760030585,14.932360679508372,0.0,7.0,0.0,0.0,0.0,0.0,51.694808248669474,0.0,0.0,0.0,0.0
352,8,37.0,0.28908432,38.38174273858922,12.365995684647306,0.0,5.0,0.0,0.0,0.0,0.0,37.0,0.0,0.0,0.0,0.0
352,9,22.200000000000003,0.26988144,23.02904564315353,6.977373410788383,0.0,3.0,0.0,0.0,0.0,0.0,22.200000000000003,0.0,0.0,0.0,0.0
352,10,0.0,0.24824928,0.0,0.0,0.0,0.0,0.0,0.0,0.0,0.0,0.0,0.0,0.0,0.0,0.0
352,11,0.0,0.23112864,0.0,0.0,0.0,0.0,0.0,0.0,0.0,0.0,0.0,0.0,0.0,0.0,0.0
352,12,0.0,0.20116752,0.0,0.0,0.0,0.0,0.0,0.0,0.0,0.0,0.0,0.0,0.0,0.0,0.0
352,13,0.0,0.19711872,0.0,0.0,0.0,0.0,0.0,0.0,0.0,0.0,0.0,0.0,0.0,0.0,0.0
352,14,0.0,0.19688736,0.0,0.0,0.0,0.0,0.0,0.0,0.0,0.0,0.0,0.0,0.0,0.0,0.0
352,15,0.0,0.2105376,0.0,0.0,0.0,0.0,0.0,0.0,0.0,0.0,0.0,0.0,0.0,0.0,0.0
352,16,0.0,0.23332656,0.0,0.0,0.0,0.0,0.0,0.0,0.0,0.0,0.0,0.0,0.0,0.0,0.0
352,17,0.0,0.26999712,0.0,0.0,0.0,0.0,0.0,0.0,0.0,0.0,0.0,0.0,0.0,0.0,0.0
352,18,0.0,0.25981728,0.0,0.0,0.0,0.0,0.0,0.0,0.0,0.0,0.0,0.0,0.0,0.0,0.0
352,19,0.0,0.22222128,0.0,0.0,0.0,0.0,0.0,0.0,0.0,0.0,0.0,0.0,0.0,0.0,0.0
352,20,27.39219478760421,0.1989696,28.4151398211662,6.594290132242111,0.0,5.0,0.0,0.0,0.0,0.0,27.39219478760421,0.0,0.0,0.0,0.0
352,21,51.69480824866945,0.17594928,53.625319760030585,11.210334485604168,0.0,7.0,0.0,0.0,0.0,0.0,51.69480824866945,0.0,0.0,0.0,0.0
352,22,51.694808248669474,0.1464508799999999,53.625319760030585,9.628473353194874,0.0,7.0,0.0,0.0,0.0,0.0,51.694808248669474,0.0,0.0,0.0,0.0
352,23,51.694808248669474,0.11660544,53.625319760030585,8.028002089816074,0.0,7.0,0.0,0.0,0.0,0.0,51.694808248669474,0.0,0.0,0.0,0.0
353,0,51.694808248669474,0.09323808,53.625319760030585,6.774919937868324,0.0,7.0,0.0,0.0,0.0,0.0,51.694808248669474,0.0,0.0,0.0,0.0
353,1,45.87796362201178,0.0615417599999999,47.59124857055164,4.504119525314486,0.0,7.0,0.0,0.0,0.0,0.0,45.87796362201178,0.0,0.0,0.0,0.0
353,2,48.85551262532751,0.02637504,50.67999234992481,3.014194572211472,0.0,7.0,0.0,0.0,0.0,0.0,48.85551262532751,0.0,0.0,0.0,0.0
353,3,42.37694216359125,0.01827744,43.95948357219011,2.2585257296611823,0.0,7.0,0.0,0.0,0.0,0.0,42.37694216359125,0.0,0.0,0.0,0.0
353,4,37.0,0.049164,38.38174273858922,3.1574356846473033,0.0,5.0,0.0,0.0,0.0,0.0,37.0,0.0,0.0,0.0,0.0
353,5,46.83252176775877,0.10191408,48.581454115932345,6.559180332524819,0.0,7.0,0.0,0.0,0.0,0.0,46.83252176775877,0.0,0.0,0.0,0.0
353,6,50.103107003856174,0.1633401599999999,51.974177389892304,10.209815722338822,0.0,7.0,0.0,0.0,0.0,0.0,50.103107003856174,0.0,0.0,0.0,0.0
353,7,42.867079630536,0.27369888,44.467924927941915,13.64270956381666,0.0,7.0,0.0,0.0,0.0,0.0,42.867079630536,0.0,0.0,0.0,0.0
353,8,13.288727218642258,0.35791392,13.784986741330144,5.3901217028755255,0.0,2.0,0.0,0.0,0.0,0.0,13.288727218642258,0.0,0.0,0.0,0.0
353,9,7.4,0.36520176,7.6763485477178435,3.057503136929461,0.0,1.0,0.0,0.0,0.0,0.0,7.4,0.0,0.0,0.0,0.0
353,10,0.0,0.38093424,0.0,0.0,0.0,0.0,0.0,0.0,0.0,0.0,0.0,0.0,0.0,0.0,0.0
353,11,0.0,0.35872368,0.0,0.0,0.0,0.0,0.0,0.0,0.0,0.0,0.0,0.0,0.0,0.0,0.0
353,12,0.0,0.30967536,0.0,0.0,0.0,0.0,0.0,0.0,0.0,0.0,0.0,0.0,0.0,0.0,0.0
353,13,0.0,0.27219504,0.0,0.0,0.0,0.0,0.0,0.0,0.0,0.0,0.0,0.0,0.0,0.0,0.0
353,14,0.0,0.27508704,0.0,0.0,0.0,0.0,0.0,0.0,0.0,0.0,0.0,0.0,0.0,0.0,0.0
353,15,0.0,0.2701128,0.0,0.0,0.0,0.0,0.0,0.0,0.0,0.0,0.0,0.0,0.0,0.0,0.0
353,16,0.0,0.23899488,0.0,0.0,0.0,0.0,0.0,0.0,0.0,0.0,0.0,0.0,0.0,0.0,0.0
353,17,0.0,0.23297952,0.0,0.0,0.0,0.0,0.0,0.0,0.0,0.0,0.0,0.0,0.0,0.0,0.0
353,18,0.0,0.23899488,0.0,0.0,0.0,0.0,0.0,0.0,0.0,0.0,0.0,0.0,0.0,0.0,0.0
353,19,29.6,0.20232432,30.705394190871374,7.2287965477178435,0.0,4.0,0.0,0.0,0.0,0.0,29.6,0.0,0.0,0.0,0.0
353,20,19.426374690167673,0.1799980799999999,20.151840964904228,4.294318618086436,0.0,3.0,0.0,0.0,0.0,0.0,19.426374690167673,0.0,0.0,0.0,0.0
353,21,44.37089189322336,0.1591756799999999,46.027896154796025,8.850045032132785,0.0,7.0,0.0,0.0,0.0,0.0,44.37089189322336,0.0,0.0,0.0,0.0
353,22,44.392403925557694,0.1405512,46.05021154103496,7.996674494354571,0.0,6.0,0.0,0.0,0.0,0.0,44.392403925557694,0.0,0.0,0.0,0.0
353,23,49.916801032326404,0.1312968,51.78091393394856,8.512616551816555,0.0,7.0,0.0,0.0,0.0,0.0,49.916801032326404,0.0,0.0,0.0,0.0
354,0,51.69480824866946,0.1333790399999999,53.625319760030564,8.927491753342913,0.0,7.0,0.0,0.0,0.0,0.0,51.69480824866946,0.0,0.0,0.0,0.0
354,1,51.69480824866945,0.1216953599999999,53.625319760030564,8.30095067736904,0.0,7.0,0.0,0.0,0.0,0.0,51.69480824866945,0.0,0.0,0.0,0.0
354,2,19.901349236177424,0.11672112,20.64455314956164,3.0929900747668526,0.0,6.0,0.0,0.0,0.0,0.0,19.901349236177424,0.0,0.0,0.0,0.0
354,3,51.69480824866945,0.1168367999999999,53.625319760030564,8.040408843795747,0.0,7.0,0.0,0.0,0.0,0.0,51.69480824866945,0.0,0.0,0.0,0.0
354,4,48.459776677068575,0.1579032,50.269477880776535,9.601631137557536,0.0,7.0,0.0,0.0,0.0,0.0,48.459776677068575,0.0,0.0,0.0,0.0
354,5,51.69480824866945,0.19746576,53.625319760030564,12.364162605714464,0.0,7.0,0.0,0.0,0.0,0.0,51.69480824866945,0.0,0.0,0.0,0.0
354,6,44.294808248669455,0.31337712,45.94897121231272,15.920267212605022,0.0,7.0,0.0,0.0,0.0,0.0,44.294808248669455,0.0,0.0,0.0,0.0
354,7,37.28382978460803,0.4409721599999999,38.676171975734476,18.335296389067906,0.0,7.0,0.0,0.0,0.0,0.0,37.28382978460803,0.0,0.0,0.0,0.0
354,8,22.200000000000003,0.52322064,23.02904564315353,12.811533410788385,0.0,3.0,0.0,0.0,0.0,0.0,22.200000000000003,0.0,0.0,0.0,0.0
354,9,14.8,0.5804822399999999,15.352697095435687,9.420142273858922,0.0,2.0,0.0,0.0,0.0,0.0,14.8,0.0,0.0,0.0,0.0
354,10,0.0,0.7669583999999999,0.0,0.0,0.0,0.0,0.0,0.0,0.0,0.0,0.0,0.0,0.0,0.0,0.0
354,11,0.0,0.70402848,0.0,0.0,0.0,0.0,0.0,0.0,0.0,0.0,0.0,0.0,0.0,0.0,0.0
354,12,0.0,0.6999796799999999,0.0,0.0,0.0,0.0,0.0,0.0,0.0,0.0,0.0,0.0,0.0,0.0,0.0
354,13,0.0,0.70090512,0.0,0.0,0.0,0.0,0.0,0.0,0.0,0.0,0.0,0.0,0.0,0.0,0.0
354,14,0.0,0.7727423999999999,0.0,0.0,0.0,0.0,0.0,0.0,0.0,0.0,0.0,0.0,0.0,0.0,0.0
354,15,0.0,0.7902100799999999,0.0,0.0,0.0,0.0,0.0,0.0,0.0,0.0,0.0,0.0,0.0,0.0,0.0
354,16,0.0,0.8238729599999999,0.0,0.0,0.0,0.0,0.0,0.0,0.0,0.0,0.0,0.0,0.0,0.0,0.0
354,17,0.0,0.8994119999999999,0.0,0.0,0.0,0.0,0.0,0.0,0.0,0.0,0.0,0.0,0.0,0.0,0.0
354,18,0.0,0.8670216000000001,0.0,0.0,0.0,0.0,0.0,0.0,0.0,0.0,0.0,0.0,0.0,0.0,0.0
354,19,0.0,0.79275504,0.0,0.0,0.0,0.0,0.0,0.0,0.0,0.0,0.0,0.0,0.0,0.0,0.0
354,20,37.0,0.7907884799999999,38.38174273858922,31.622275684647306,0.0,5.0,0.0,0.0,0.0,0.0,37.0,0.0,0.0,0.0,0.0
354,21,51.694808248669474,0.73653456,53.625319760030585,41.27189937837044,0.0,7.0,0.0,0.0,0.0,0.0,51.694808248669474,0.0,0.0,0.0,0.0
354,22,51.69480824866946,0.6935016,53.625319760030564,38.96424313814983,0.0,7.0,0.0,0.0,0.0,0.0,51.69480824866946,0.0,0.0,0.0,0.0
354,23,44.294808248669455,0.56544384,45.94897121231272,27.50247367346711,0.0,7.0,0.0,0.0,0.0,0.0,44.294808248669455,0.0,0.0,0.0,0.0
355,0,51.69480824866946,0.51396624,53.625319760030564,29.336602049917623,0.0,7.0,0.0,0.0,0.0,0.0,51.69480824866946,0.0,0.0,0.0,0.0
355,1,42.79915061389312,0.488748,44.39745914304266,23.168725258878524,0.0,7.0,0.0,0.0,0.0,0.0,42.79915061389312,0.0,0.0,0.0,0.0
355,2,51.69480824866945,0.43218048,53.625319760030564,24.950814518100508,0.0,7.0,0.0,0.0,0.0,0.0,51.69480824866945,0.0,0.0,0.0,0.0
355,3,44.294808248669455,0.3857928,45.94897121231272,19.24769320824507,0.0,7.0,0.0,0.0,0.0,0.0,44.294808248669455,0.0,0.0,0.0,0.0
355,4,45.84812025714128,0.37515024,47.56029072317562,19.41650010220622,0.0,7.0,0.0,0.0,0.0,0.0,45.84812025714128,0.0,0.0,0.0,0.0
355,5,37.0,0.3834791999999999,38.38174273858922,15.989035684647302,0.0,5.0,0.0,0.0,0.0,0.0,37.0,0.0,0.0,0.0,0.0
355,6,47.69129017262279,0.4294041599999999,49.47229271018962,22.88114118320037,0.0,7.0,0.0,0.0,0.0,0.0,47.69129017262279,0.0,0.0,0.0,0.0
355,7,44.29480824866946,0.53478864,45.94897121231272,26.093898771159424,0.0,7.0,0.0,0.0,0.0,0.0,44.29480824866946,0.0,0.0,0.0,0.0
355,8,48.727896186614664,0.56636928,50.547610152089895,30.30173946359402,0.0,7.0,0.0,0.0,0.0,0.0,48.727896186614664,0.0,0.0,0.0,0.0
355,9,14.8,0.4413192,15.352697095435687,7.283614273858923,0.0,2.0,0.0,0.0,0.0,0.0,14.8,0.0,0.0,0.0,0.0
355,10,0.0,0.40638384,0.0,0.0,0.0,0.0,0.0,0.0,0.0,0.0,0.0,0.0,0.0,0.0,0.0
355,11,0.0,0.40279776,0.0,0.0,0.0,0.0,0.0,0.0,0.0,0.0,0.0,0.0,0.0,0.0,0.0
355,12,0.0,0.38787504,0.0,0.0,0.0,0.0,0.0,0.0,0.0,0.0,0.0,0.0,0.0,0.0,0.0
355,13,0.0,0.3915768,0.0,0.0,0.0,0.0,0.0,0.0,0.0,0.0,0.0,0.0,0.0,0.0,0.0
355,14,0.0,0.39759216,0.0,0.0,0.0,0.0,0.0,0.0,0.0,0.0,0.0,0.0,0.0,0.0,0.0
355,15,3.223285670126819,0.40476432,3.3436573341564517,0.0,29.758550273992423,0.0,0.0,0.0,0.0,1.0,0.0,0.0,0.0,0.0,3.223285670126819
355,16,0.0,0.40407024,0.0,0.0,0.0,0.0,0.0,0.0,0.0,0.0,0.0,0.0,0.0,0.0,0.0
355,17,0.0,0.41575392,0.0,0.0,0.0,0.0,0.0,0.0,0.0,0.0,0.0,0.0,0.0,0.0,0.0
355,18,0.0,0.44513664,0.0,0.0,0.0,0.0,0.0,0.0,0.0,0.0,0.0,0.0,0.0,0.0,0.0
355,19,16.189881688339884,0.5448528,16.794483079190755,8.873134273858923,12.831895255420099,2.0,0.0,0.0,0.0,1.0,14.8,0.0,0.0,0.0,1.3898816883398848
355,20,14.36961205197648,0.47394096,14.906236568440335,7.558072499649093,0.0,2.0,0.0,0.0,0.0,0.0,14.36961205197648,0.0,0.0,0.0,0.0
355,21,46.245082256772186,0.3834791999999999,47.972077029846666,19.984169471431898,0.0,8.0,0.0,0.0,0.0,0.0,46.245082256772186,0.0,0.0,0.0,0.0
355,22,47.66075188019564,0.33281136,49.44061398360544,18.090882301976087,0.0,7.0,0.0,0.0,0.0,0.0,47.66075188019564,0.0,0.0,0.0,0.0
355,23,51.694808248669474,0.21065328,53.625319760030585,13.071347582556266,0.0,7.0,0.0,0.0,0.0,0.0,51.694808248669474,0.0,0.0,0.0,0.0
356,0,51.694808248669474,0.1773374399999999,53.625319760030585,11.284775009482246,0.0,7.0,0.0,0.0,0.0,0.0,51.694808248669474,0.0,0.0,0.0,0.0
356,1,40.65690928642734,0.1226208,42.17521710210305,6.567558547313169,0.0,7.0,0.0,0.0,0.0,0.0,40.65690928642734,0.0,0.0,0.0,0.0
356,2,51.07651859513196,0.05691456,52.9839404513817,4.769326086797325,0.0,7.0,0.0,0.0,0.0,0.0,51.07651859513196,0.0,0.0,0.0,0.0
356,3,48.09015775591565,0.04673472,49.88605576339798,3.9826392937752635,0.0,7.0,0.0,0.0,0.0,0.0,48.09015775591565,0.0,0.0,0.0,0.0
356,4,51.69480824866945,0.0659376,53.625319760030585,5.310922968266006,0.0,7.0,0.0,0.0,0.0,0.0,51.69480824866945,0.0,0.0,0.0,0.0
356,5,51.694808248669474,0.1595227199999999,53.625319760030585,10.329454953046831,0.0,7.0,0.0,0.0,0.0,0.0,51.694808248669474,0.0,0.0,0.0,0.0
356,6,51.69480824866945,0.26629536,53.625319760030564,16.055171914669465,0.0,8.0,0.0,0.0,0.0,0.0,51.69480824866945,0.0,0.0,0.0,0.0
356,7,51.694808248669474,0.38081856,53.625319760030585,22.196515134611406,0.0,7.0,0.0,0.0,0.0,0.0,51.694808248669474,0.0,0.0,0.0,0.0
356,8,28.008298755186722,0.4595966399999999,29.054251820733114,14.314932249789086,0.0,5.0,0.0,0.0,0.0,0.0,28.008298755186722,0.0,0.0,0.0,0.0
356,9,0.0,0.41228352,0.0,0.0,0.0,0.0,0.0,0.0,0.0,0.0,0.0,0.0,0.0,0.0,0.0
356,10,0.0,0.35907072,0.0,0.0,0.0,0.0,0.0,0.0,0.0,0.0,0.0,0.0,0.0,0.0,0.0
356,11,0.0,0.34368528,0.0,0.0,0.0,0.0,0.0,0.0,0.0,0.0,0.0,0.0,0.0,0.0,0.0
356,12,0.0,0.31684752,0.0,0.0,0.0,0.0,0.0,0.0,0.0,0.0,0.0,0.0,0.0,0.0,0.0
356,13,0.0,0.30088368,0.0,0.0,0.0,0.0,0.0,0.0,0.0,0.0,0.0,0.0,0.0,0.0,0.0
356,14,0.0,0.34206576,0.0,0.0,0.0,0.0,0.0,0.0,0.0,0.0,0.0,0.0,0.0,0.0,0.0
356,15,0.0,0.39932736,0.0,0.0,0.0,0.0,0.0,0.0,0.0,0.0,0.0,0.0,0.0,0.0,0.0
356,16,0.0,0.47879952,0.0,0.0,0.0,0.0,0.0,0.0,0.0,0.0,0.0,0.0,0.0,0.0,0.0
356,17,0.0,0.4823856,0.0,0.0,0.0,0.0,0.0,0.0,0.0,0.0,0.0,0.0,0.0,0.0,0.0
356,18,0.0,0.45485376,0.0,0.0,0.0,0.0,0.0,0.0,0.0,0.0,0.0,0.0,0.0,0.0,0.0
356,19,3.3886194813684054,0.41841456,3.515165437104155,1.5871483756612903,0.0,1.0,0.0,0.0,0.0,0.0,3.3886194813684054,0.0,0.0,0.0,0.0
356,20,46.25575647757187,0.28526688,47.98314987299987,15.276245717639366,0.0,7.0,0.0,0.0,0.0,0.0,46.25575647757187,0.0,0.0,0.0,0.0
356,21,46.73176297309082,0.28827456,48.47693254470002,15.57925286670265,0.0,8.0,0.0,0.0,0.0,0.0,46.73176297309082,0.0,0.0,0.0,0.0
356,22,51.69480824866946,0.26108976,53.625319760030585,15.776019950126658,0.0,7.0,0.0,0.0,0.0,0.0,51.69480824866946,0.0,0.0,0.0,0.0
356,23,48.415487639369765,0.138816,50.22353489561179,8.634229225113998,0.0,7.0,0.0,0.0,0.0,0.0,48.415487639369765,0.0,0.0,0.0,0.0
357,0,42.64780835629556,0.11556432,44.240465099891665,6.576978660559127,0.0,8.0,0.0,0.0,0.0,0.0,42.64780835629556,0.0,0.0,0.0,0.0
357,1,48.58047667003485,0.05008944,50.39468534235981,4.1923056526071205,0.0,7.0,0.0,0.0,0.0,0.0,48.58047667003485,0.0,0.0,0.0,0.0
357,2,48.754157729265366,0.0040488,50.574852416250394,1.8787950774408024,0.0,7.0,0.0,0.0,0.0,0.0,48.754157729265366,0.0,0.0,0.0,0.0
357,3,51.694808248669474,0.0153854399999999,53.625319760030585,2.6000472237057712,0.0,7.0,0.0,0.0,0.0,0.0,51.694808248669474,0.0,0.0,0.0,0.0
357,4,46.06290306551224,0.0652435199999999,47.78309446629901,4.699157706308362,0.0,7.0,0.0,0.0,0.0,0.0,46.06290306551224,0.0,0.0,0.0,0.0
357,5,51.694808248669474,0.09034608,53.625319760030585,6.619835513122316,0.0,7.0,0.0,0.0,0.0,0.0,51.694808248669474,0.0,0.0,0.0,0.0
357,6,41.69075158664925,0.1570934399999999,43.24766762100545,8.225422676815638,0.0,7.0,0.0,0.0,0.0,0.0,41.69075158664925,0.0,0.0,0.0,0.0
357,7,41.2887693205797,0.23182272,42.830673569066086,11.346818541349094,0.0,7.0,0.0,0.0,0.0,0.0,41.2887693205797,0.0,0.0,0.0,0.0
357,8,49.18915639616922,0.25981728,51.026095846648566,14.946425204419599,0.0,7.0,0.0,0.0,0.0,0.0,49.18915639616922,0.0,0.0,0.0,0.0
357,9,41.0539642222065,0.4867814399999999,42.587099815566916,22.140242777540657,0.0,6.0,0.0,0.0,0.0,0.0,41.0539642222065,0.0,0.0,0.0,0.0
357,10,7.730620355042689,0.4860873600000001,8.019315720998641,3.9854631369294617,3.052407842199095,1.0,0.0,0.0,0.0,1.0,7.4,0.0,0.0,0.0,0.33062035504268844
357,11,0.6412421985713014,0.5309712,0.6651890026673252,0.0,5.9201821237391945,0.0,0.0,0.0,0.0,1.0,0.0,0.0,0.0,0.0,0.6412421985713014
357,12,15.943367410052767,0.54786048,16.538762873498722,0.0,147.19498957413865,0.0,0.0,0.0,0.0,1.0,0.0,0.0,0.0,0.0,15.943367410052767
357,13,16.658490580664683,0.5697239999999999,17.28059188865631,0.0,153.79726780904116,0.0,0.0,0.0,0.0,1.0,0.0,0.0,0.0,0.0,16.658490580664683
357,14,31.615141067557655,0.59702448,32.795789489167696,0.0,291.8825264535925,0.0,0.0,0.0,0.0,2.0,0.0,0.0,0.0,0.0,31.615141067557655
357,15,2.2542495540492293,0.62201136,2.3384331473539723,0.0,20.812055011450354,0.0,0.0,0.0,0.0,1.0,0.0,0.0,0.0,0.0,2.2542495540492293
357,16,17.846668363554,0.6715224,18.51314145596888,0.0,164.76695895812304,0.0,0.0,0.0,0.0,2.0,0.0,0.0,0.0,0.0,17.846668363554
357,17,6.263575980734671,0.7691563199999999,6.497485457193642,0.0,57.827620569023416,0.0,0.0,0.0,0.0,1.0,0.0,0.0,0.0,0.0,6.263575980734671
357,18,32.93557471385284,0.76476048,34.16553393553199,0.0,304.07325202623474,0.0,0.0,0.0,0.0,1.0,0.0,0.0,0.0,0.0,32.93557471385284
357,19,22.200000000000003,0.7120103999999999,23.02904564315353,17.159181410788385,0.0,3.0,0.0,0.0,0.0,0.0,22.200000000000003,0.0,0.0,0.0,0.0
357,20,52.58376173394526,0.60627888,54.54747067836646,34.286896887810215,8.207143173189467,7.0,0.0,0.0,0.0,1.0,51.69480824866945,0.0,0.0,0.0,0.8889534852758029
357,21,51.694808248669474,0.49268112,53.625319760030585,28.19518068378702,0.0,8.0,0.0,0.0,0.0,0.0,51.694808248669474,0.0,0.0,0.0,0.0
357,22,51.782163078401254,0.41205216,53.715936803320815,23.8714269218683,0.8064916852830579,7.0,0.0,0.0,0.0,1.0,51.694808248669474,0.0,0.0,0.0,0.0873548297317829
357,23,51.69480824866948,0.41748912,53.625319760030585,24.162985640390794,0.0,10.0,0.0,0.0,0.0,0.0,51.69480824866948,0.0,0.0,0.0,0.0
358,0,51.694808248669474,0.33859536,53.625319760030585,19.932282533319682,0.0,8.0,0.0,0.0,0.0,0.0,51.694808248669474,0.0,0.0,0.0,0.0
358,1,51.694808248669474,0.33813264,53.625319760030585,19.90746902536032,0.0,7.0,0.0,0.0,0.0,0.0,51.694808248669474,0.0,0.0,0.0,0.0
358,2,51.694808248669474,0.33709152,53.625319760030585,19.85163863245176,0.0,7.0,0.0,0.0,0.0,0.0,51.694808248669474,0.0,0.0,0.0,0.0
358,3,51.69480824866946,0.33119184,53.62531976003057,19.535266405969896,0.0,11.0,0.0,0.0,0.0,0.0,51.69480824866946,0.0,0.0,0.0,0.0
358,4,51.69480824866948,0.33258,53.62531976003059,19.609706929847984,0.0,9.0,0.0,0.0,0.0,0.0,51.69480824866948,0.0,0.0,0.0,0.0
358,5,51.69480824866946,0.34958496,53.62531976003057,20.521603347354507,0.0,9.0,0.0,0.0,0.0,0.0,51.69480824866946,0.0,0.0,0.0,0.0
358,6,51.694808248669474,0.37006032,53.62531976003058,21.61960107455625,0.0,9.0,0.0,0.0,0.0,0.0,51.694808248669474,0.0,0.0,0.0,0.0
358,7,51.69480824866945,0.49696128,53.62531976003057,28.424705632411094,0.0,9.0,0.0,0.0,0.0,0.0,51.69480824866945,0.0,0.0,0.0,0.0
358,8,51.69480824866946,0.5998008,53.62531976003057,33.939507776379166,0.0,7.0,0.0,0.0,0.0,0.0,51.69480824866946,0.0,0.0,0.0,0.0
358,9,51.37516438821646,0.6236308799999999,53.29373899192581,15.123885410788382,269.35577080407325,3.0,0.0,0.0,0.0,2.0,22.200000000000003,0.0,0.0,0.0,29.175164388216466
358,10,15.654375143922632,0.63612432,16.238978365064973,0.0,144.52690744907827,0.0,0.0,0.0,0.0,1.0,0.0,0.0,0.0,0.0,15.654375143922632
358,11,27.400259709685944,0.6237465600000001,28.42350592291073,0.0,252.96920271390553,0.0,0.0,0.0,0.0,1.0,0.0,0.0,0.0,0.0,27.400259709685944
358,12,10.894380080373631,0.60986496,11.301224149765178,0.0,100.58089493291008,0.0,0.0,0.0,0.0,2.0,0.0,0.0,0.0,0.0,10.894380080373631
358,13,27.920699230540166,0.58927392,28.963380944543744,0.0,257.7740904064393,0.0,0.0,0.0,0.0,2.0,0.0,0.0,0.0,0.0,27.920699230540166
358,14,56.72072952375864,0.57793728,58.838931041243406,0.0,523.6664862670664,0.0,0.0,0.0,0.0,7.0,0.0,0.0,0.0,0.0,56.72072952375864
358,15,25.009234595949486,0.57342576,25.94318941488536,0.0,230.8943857924797,0.0,0.0,0.0,0.0,2.0,0.0,0.0,0.0,0.0,25.009234595949486
358,16,12.783904785518784,0.5373336000000001,13.261312018173014,0.0,118.02567696173982,0.0,0.0,0.0,0.0,1.0,0.0,0.0,0.0,0.0,12.783904785518784
358,17,18.0968750317814,0.4575144,18.772691941681952,0.0,167.0769582809694,0.0,0.0,0.0,0.0,1.0,0.0,0.0,0.0,0.0,18.0968750317814
358,18,0.0,0.41344032,0.0,0.0,0.0,0.0,0.0,0.0,0.0,0.0,0.0,0.0,0.0,0.0,0.0
358,19,7.4,0.37549728,7.6763485477178435,3.136535136929461,0.0,1.0,0.0,0.0,0.0,0.0,7.4,0.0,0.0,0.0,0.0
358,20,51.69480824866946,0.34692432,53.625319760030564,20.37892567658818,0.0,7.0,0.0,0.0,0.0,0.0,51.69480824866946,0.0,0.0,0.0,0.0
358,21,50.103107003856174,0.34692432,51.97417738989231,19.751451420153202,0.0,8.0,0.0,0.0,0.0,0.0,50.103107003856174,0.0,0.0,0.0,0.0
358,22,48.643724002957974,0.33524064,50.460294608877575,18.586577210822515,0.0,8.0,0.0,0.0,0.0,0.0,48.643724002957974,0.0,0.0,0.0,0.0
358,23,51.694808248669474,0.2730048,53.625319760030585,16.41496778008021,0.0,7.0,0.0,0.0,0.0,0.0,51.694808248669474,0.0,0.0,0.0,0.0
359,0,51.69480824866948,0.3886848,53.625319760030585,22.618344769920547,0.0,8.0,0.0,0.0,0.0,0.0,51.69480824866948,0.0,0.0,0.0,0.0
359,1,51.69480824866948,0.38995728,53.625319760030585,22.68658191680879,0.0,8.0,0.0,0.0,0.0,0.0,51.69480824866948,0.0,0.0,0.0,0.0
359,2,51.69480824866945,0.36578016,53.625319760030585,21.39007612593216,0.0,7.0,0.0,0.0,0.0,0.0,51.69480824866945,0.0,0.0,0.0,0.0
359,3,51.694808248669474,0.34704,53.625319760030585,20.38512905357803,0.0,7.0,0.0,0.0,0.0,0.0,51.694808248669474,0.0,0.0,0.0,0.0
359,4,51.69480824866946,0.3100224,53.625319760030564,18.40004841682911,0.0,7.0,0.0,0.0,0.0,0.0,51.69480824866946,0.0,0.0,0.0,0.0
359,5,48.601575168600824,0.25599984,50.41657175166062,14.575422826753604,0.0,8.0,0.0,0.0,0.0,0.0,48.60157516860083,0.0,0.0,0.0,0.0
359,6,47.138750605008276,0.23957328,48.89911888486337,13.33348313544564,0.0,8.0,0.0,0.0,0.0,0.0,47.138750605008276,0.0,0.0,0.0,0.0
359,7,49.33907790618874,0.32228448,51.181616085258035,18.189152018019062,0.0,7.0,0.0,0.0,0.0,0.0,49.33907790618874,0.0,0.0,0.0,0.0
359,8,51.694808248669474,0.3534024,53.625319760030585,20.726314788019245,0.0,7.0,0.0,0.0,0.0,0.0,51.694808248669474,0.0,0.0,0.0,0.0
359,9,25.32588842536172,0.36057456,26.27166849103913,10.342487533675694,0.0,4.0,0.0,0.0,0.0,0.0,25.32588842536172,0.0,0.0,0.0,0.0
359,10,9.073945915607396,0.3781579199999999,9.412806966397715,3.1569591369294607,15.45447992625086,1.0,0.0,0.0,0.0,1.0,7.4,0.0,0.0,0.0,1.6739459156073964
359,11,0.0,0.3823224,0.0,0.0,0.0,0.0,0.0,0.0,0.0,0.0,0.0,0.0,0.0,0.0,0.0
359,12,0.0,0.37757952,0.0,0.0,0.0,0.0,0.0,0.0,0.0,0.0,0.0,0.0,0.0,0.0,0.0
359,13,0.0,0.37156416,0.0,0.0,0.0,0.0,0.0,0.0,0.0,0.0,0.0,0.0,0.0,0.0,0.0
359,14,0.0,0.3815126399999999,0.0,0.0,0.0,0.0,0.0,0.0,0.0,0.0,0.0,0.0,0.0,0.0,0.0
359,15,0.0,0.39076704,0.0,0.0,0.0,0.0,0.0,0.0,0.0,0.0,0.0,0.0,0.0,0.0,0.0
359,16,1.000464254728284,0.40476432,1.0378259903820375,0.0,9.236651314400135,0.0,0.0,0.0,0.0,1.0,0.0,0.0,0.0,0.0,1.000464254728284
359,17,0.0,0.4486070399999999,0.0,0.0,0.0,0.0,0.0,0.0,0.0,0.0,0.0,0.0,0.0,0.0,0.0
359,18,0.0,0.43981536,0.0,0.0,0.0,0.0,0.0,0.0,0.0,0.0,0.0,0.0,0.0,0.0,0.0
359,19,7.4,0.4058054399999999,7.6763485477178435,3.3691911369294605,0.0,1.0,0.0,0.0,0.0,0.0,7.4,0.0,0.0,0.0,0.0
359,20,51.69480824866945,0.3870652799999999,53.625319760030564,22.53149749206277,0.0,7.0,0.0,0.0,0.0,0.0,51.69480824866945,0.0,0.0,0.0,0.0
359,21,52.272945026263955,0.3947001599999999,54.2250467077427,22.94092037339223,5.337569834637982,7.0,0.0,0.0,0.0,1.0,51.69480824866945,0.0,0.0,0.0,0.5781367775944959
359,22,51.694808248669474,0.40152528,53.625319760030585,23.306919615792825,0.0,7.0,0.0,0.0,0.0,0.0,51.694808248669474,0.0,0.0,0.0,0.0
359,23,47.04710067839718,0.38822208,48.80404634688504,20.56222231928601,0.0,7.0,0.0,0.0,0.0,0.0,47.04710067839718,0.0,0.0,0.0,0.0
360,0,51.69480824866946,0.35432784,53.62531976003057,20.775941803937965,0.0,8.0,0.0,0.0,0.0,0.0,51.69480824866946,0.0,0.0,0.0,0.0
360,1,51.694808248669474,0.3247137599999999,53.625319760030585,19.187877294538836,0.0,8.0,0.0,0.0,0.0,0.0,51.694808248669474,0.0,0.0,0.0,0.0
360,2,51.69480824866946,0.31569072,53.625319760030564,18.704013889331286,0.0,8.0,0.0,0.0,0.0,0.0,51.69480824866946,0.0,0.0,0.0,0.0
360,3,51.69480824866945,0.32934096,53.625319760030585,19.436012374132456,0.0,7.0,0.0,0.0,0.0,0.0,51.69480824866945,0.0,0.0,0.0,0.0
360,4,50.062261182127585,0.358608,51.93180620552655,20.342103945154392,0.0,7.0,0.0,0.0,0.0,0.0,50.062261182127585,0.0,0.0,0.0,0.0
360,5,51.69480824866945,0.38775936,53.625319760030585,22.568717754001828,0.0,7.0,0.0,0.0,0.0,0.0,51.69480824866945,0.0,0.0,0.0,0.0
360,6,49.2503058768632,0.3915768,51.0895289179079,21.69653765436459,0.0,7.0,0.0,0.0,0.0,0.0,49.2503058768632,0.0,0.0,0.0,0.0
360,7,44.294808248669455,0.4239672,45.94897121231272,21.00176761489238,0.0,7.0,0.0,0.0,0.0,0.0,44.294808248669455,0.0,0.0,0.0,0.0
360,8,17.45110412184193,0.4516147199999999,18.102805105645153,8.77469610799736,0.0,3.0,0.0,0.0,0.0,0.0,17.45110412184193,0.0,0.0,0.0,0.0
360,9,7.4,0.5733100799999999,7.6763485477178435,4.655015136929461,0.0,1.0,0.0,0.0,0.0,0.0,7.4,0.0,0.0,0.0,0.0
360,10,0.0,0.5805979199999999,0.0,0.0,0.0,0.0,0.0,0.0,0.0,0.0,0.0,0.0,0.0,0.0,0.0
360,11,0.0,0.57793728,0.0,0.0,0.0,0.0,0.0,0.0,0.0,0.0,0.0,0.0,0.0,0.0,0.0
360,12,11.28243399672685,0.56926128,11.703769706148185,0.0,104.16355038471885,0.0,0.0,0.0,0.0,1.0,0.0,0.0,0.0,0.0,11.28243399672685
360,13,0.0,0.52657536,0.0,0.0,0.0,0.0,0.0,0.0,0.0,0.0,0.0,0.0,0.0,0.0,0.0
360,14,2.126460273687542,0.51003312,2.205871653202845,0.0,19.63225771350532,0.0,0.0,0.0,0.0,1.0,0.0,0.0,0.0,0.0,2.126460273687542
360,15,0.0,0.4956888,0.0,0.0,0.0,0.0,0.0,0.0,0.0,0.0,0.0,0.0,0.0,0.0,0.0
360,16,0.03745718893464164,0.54901728,0.038856005118922864,0.0,0.3458184455584135,0.0,0.0,0.0,0.0,1.0,0.0,0.0,0.0,0.0,0.03745718893464164
360,17,0.0,0.61171584,0.0,0.0,0.0,0.0,0.0,0.0,0.0,0.0,0.0,0.0,0.0,0.0,0.0
360,18,0.0,0.6125256,0.0,0.0,0.0,0.0,0.0,0.0,0.0,0.0,0.0,0.0,0.0,0.0,0.0
360,19,29.6,0.57169056,30.705394190871374,18.570332547717843,0.0,4.0,0.0,0.0,0.0,0.0,29.6,0.0,0.0,0.0,0.0
360,20,29.6,0.48620304,30.705394190871374,15.945404547717843,0.0,4.0,0.0,0.0,0.0,0.0,29.6,0.0,0.0,0.0,0.0
360,21,51.69480824866945,0.47151168,53.625319760030585,27.059962694646227,0.0,7.0,0.0,0.0,0.0,0.0,51.69480824866945,0.0,0.0,0.0,0.0
360,22,51.694808248669474,0.43854288,53.625319760030585,25.29200025254174,0.0,7.0,0.0,0.0,0.0,0.0,51.694808248669474,0.0,0.0,0.0,0.0
360,23,48.35767843794732,0.393312,50.163566844343705,21.390346865230292,0.0,7.0,0.0,0.0,0.0,0.0,48.35767843794732,0.0,0.0,0.0,0.0
361,0,51.694808248669474,0.40615248,53.625319760030585,23.555054695386445,0.0,8.0,0.0,0.0,0.0,0.0,51.694808248669474,0.0,0.0,0.0,0.0
361,1,51.69480824866945,0.3597648,53.625319760030585,21.067500522460467,0.0,7.0,0.0,0.0,0.0,0.0,51.69480824866945,0.0,0.0,0.0,0.0
361,2,42.33327685269261,0.35490624,43.91418760652762,17.03897881586338,0.0,7.0,0.0,0.0,0.0,0.0,42.33327685269261,0.0,0.0,0.0,0.0
361,3,51.694808248669474,0.35837664,53.625319760030585,20.993059998582382,0.0,7.0,0.0,0.0,0.0,0.0,51.694808248669474,0.0,0.0,0.0,0.0
361,4,51.69480824866945,0.3765384,53.625319760030564,21.966990185987306,0.0,8.0,0.0,0.0,0.0,0.0,51.69480824866945,0.0,0.0,0.0,0.0
361,5,51.69480824866945,0.39134544,53.625319760030585,22.761022440686876,0.0,7.0,0.0,0.0,0.0,0.0,51.69480824866945,0.0,0.0,0.0,0.0
361,6,50.5226785643271,0.42246336,52.409417597849696,23.875810376519542,0.0,7.0,0.0,0.0,0.0,0.0,50.5226785643271,0.0,0.0,0.0,0.0
361,7,51.694808248669474,0.6351988799999999,53.625319760030585,35.837741135270306,0.0,7.0,0.0,0.0,0.0,0.0,51.694808248669474,0.0,0.0,0.0,0.0
361,8,7.4,0.8990649599999999,7.6763485477178435,7.155623136929461,0.0,1.0,0.0,0.0,0.0,0.0,7.4,0.0,0.0,0.0,0.0
361,9,0.23651949051279572,0.9005688,0.24535216858173833,0.0,2.1836343003774714,0.0,0.0,0.0,0.0,1.0,0.0,0.0,0.0,0.0,0.23651949051279572
361,10,0.0,0.84897552,0.0,0.0,0.0,0.0,0.0,0.0,0.0,0.0,0.0,0.0,0.0,0.0,0.0
361,11,4.196084181785848,0.83914272,4.352784420939677,0.0,38.739781346363124,0.0,0.0,0.0,0.0,1.0,0.0,0.0,0.0,0.0,4.196084181785848
361,12,0.0,0.83312736,0.0,0.0,0.0,0.0,0.0,0.0,0.0,0.0,0.0,0.0,0.0,0.0,0.0
361,13,0.0,0.8184359999999999,0.0,0.0,0.0,0.0,0.0,0.0,0.0,0.0,0.0,0.0,0.0,0.0,0.0
361,14,0.0,0.8475873599999999,0.0,0.0,0.0,0.0,0.0,0.0,0.0,0.0,0.0,0.0,0.0,0.0,0.0
361,15,0.0,0.8980238399999999,0.0,0.0,0.0,0.0,0.0,0.0,0.0,0.0,0.0,0.0,0.0,0.0,0.0
361,16,0.0,0.92277936,0.0,0.0,0.0,0.0,0.0,0.0,0.0,0.0,0.0,0.0,0.0,0.0,0.0
361,17,0.0,0.92914176,0.0,0.0,0.0,0.0,0.0,0.0,0.0,0.0,0.0,0.0,0.0,0.0,0.0
361,18,7.4,0.8600808,7.6763485477178435,6.856367136929461,0.0,1.0,0.0,0.0,0.0,0.0,7.4,0.0,0.0,0.0,0.0
361,19,7.4,0.7501847999999999,7.6763485477178435,6.012767136929461,0.0,1.0,0.0,0.0,0.0,0.0,7.4,0.0,0.0,0.0,0.0
361,20,28.113490506517262,0.63311664,29.163371894727455,19.429123634775756,0.0,4.0,0.0,0.0,0.0,0.0,28.113490506517262,0.0,0.0,0.0,0.0
361,21,50.10310700385618,0.4269748799999999,51.974177389892304,23.91201342575341,0.0,7.0,0.0,0.0,0.0,0.0,50.10310700385618,0.0,0.0,0.0,0.0
361,22,46.513856627820346,0.38544576,48.250888618070896,20.19520484732584,0.0,7.0,0.0,0.0,0.0,0.0,46.513856627820346,0.0,0.0,0.0,0.0
361,23,47.28110993310573,0.3638136,49.04679453641674,19.467339787909502,0.0,8.0,0.0,0.0,0.0,0.0,47.28110993310573,0.0,0.0,0.0,0.0
362,0,49.06862351238677,0.3481968,50.90106173484105,19.408411956097346,0.0,7.0,0.0,0.0,0.0,0.0,49.06862351238677,0.0,0.0,0.0,0.0
362,1,51.69480824866946,0.3450734399999999,53.625319760030585,20.27967164475074,0.0,7.0,0.0,0.0,0.0,0.0,51.69480824866946,0.0,0.0,0.0,0.0
362,2,50.072055971995994,0.3208963199999999,51.941966775929465,18.387265092241293,0.0,7.0,0.0,0.0,0.0,0.0,50.072055971995994,0.0,0.0,0.0,0.0
362,3,50.88724813308439,0.2932488,52.787601797805394,17.227170501591633,0.0,7.0,0.0,0.0,0.0,0.0,50.88724813308439,0.0,0.0,0.0,0.0
362,4,51.69480824866946,0.34704,53.625319760030585,20.38512905357803,0.0,7.0,0.0,0.0,0.0,0.0,51.69480824866946,0.0,0.0,0.0,0.0
362,5,44.9092236083769,0.3857928,46.586331543959446,19.514678862177497,0.0,7.0,0.0,0.0,0.0,0.0,44.9092236083769,0.0,0.0,0.0,0.0
362,6,51.694808248669474,0.42234768,53.625319760030585,24.42352747396409,0.0,7.0,0.0,0.0,0.0,0.0,51.694808248669474,0.0,0.0,0.0,0.0
362,7,51.694808248669474,0.44987952,53.625319760030585,25.89993119754609,0.0,7.0,0.0,0.0,0.0,0.0,51.694808248669474,0.0,0.0,0.0,0.0
362,8,44.4,0.48735984,46.05809128630706,23.97138682157677,0.0,6.0,0.0,0.0,0.0,0.0,44.4,0.0,0.0,0.0,0.0
362,9,10.348222803642747,0.4621416,10.73467095813563,3.801647136929461,27.219069452718305,1.0,0.0,0.0,0.0,1.0,7.4,0.0,0.0,0.0,2.9482228036427465
362,10,0.0,0.44964816,0.0,0.0,0.0,0.0,0.0,0.0,0.0,0.0,0.0,0.0,0.0,0.0,0.0
362,11,0.0,0.4349568,0.0,0.0,0.0,0.0,0.0,0.0,0.0,0.0,0.0,0.0,0.0,0.0,0.0
362,12,0.7419045352901193,0.4332216,0.769610513786431,0.0,6.849533572699236,0.0,0.0,0.0,0.0,1.0,0.0,0.0,0.0,0.0,0.7419045352901193
362,13,0.0,0.45358128,0.0,0.0,0.0,0.0,0.0,0.0,0.0,0.0,0.0,0.0,0.0,0.0,0.0
362,14,0.0,0.4580928,0.0,0.0,0.0,0.0,0.0,0.0,0.0,0.0,0.0,0.0,0.0,0.0,0.0
362,15,7.834265904199314,0.4719744,8.126831850829165,0.0,72.32880347237956,0.0,0.0,0.0,0.0,1.0,0.0,0.0,0.0,0.0,7.834265904199314
362,16,11.594793953010859,0.47810544,12.027794557065207,0.0,107.04737155788034,0.0,0.0,0.0,0.0,1.0,0.0,0.0,0.0,0.0,11.594793953010859
362,17,0.0,0.54172944,0.0,0.0,0.0,0.0,0.0,0.0,0.0,0.0,0.0,0.0,0.0,0.0,0.0
362,18,0.0,0.5309712,0.0,0.0,0.0,0.0,0.0,0.0,0.0,0.0,0.0,0.0,0.0,0.0,0.0
362,19,3.7073456094933355,0.4569359999999999,3.845794200719228,1.8845776069436473,0.0,1.0,0.0,0.0,0.0,0.0,3.7073456094933355,0.0,0.0,0.0,0.0
362,20,29.6,0.4244299199999999,30.705394190871374,14.048636547717843,0.0,4.0,0.0,0.0,0.0,0.0,29.6,0.0,0.0,0.0,0.0
362,21,51.694808248669474,0.3889161599999999,53.625319760030585,22.630751523900223,0.0,7.0,0.0,0.0,0.0,0.0,51.694808248669474,0.0,0.0,0.0,0.0
362,22,51.694808248669474,0.3582609599999999,53.625319760030585,20.986856621592537,0.0,7.0,0.0,0.0,0.0,0.0,51.694808248669474,0.0,0.0,0.0,0.0
362,23,43.82890196619768,0.29810736,45.46566594003909,15.058563186642264,0.0,7.0,0.0,0.0,0.0,0.0,43.82890196619768,0.0,0.0,0.0,0.0
363,0,51.694808248669474,0.27219504,53.625319760030585,16.371544141151332,0.0,7.0,0.0,0.0,0.0,0.0,51.694808248669474,0.0,0.0,0.0,0.0
363,1,49.24433900867528,0.24096144,51.08333922061753,13.999973506810917,0.0,7.0,0.0,0.0,0.0,0.0,49.24433900867528,0.0,0.0,0.0,0.0
363,2,51.694808248669474,0.23147568,53.625319760030585,14.187955440727531,0.0,7.0,0.0,0.0,0.0,0.0,51.694808248669474,0.0,0.0,0.0,0.0
363,3,51.694808248669474,0.2180568,53.625319760030585,13.468363709906049,0.0,7.0,0.0,0.0,0.0,0.0,51.694808248669474,0.0,0.0,0.0,0.0
363,4,46.21450033560228,0.2330952,47.94035304523059,12.761491866945764,0.0,7.0,0.0,0.0,0.0,0.0,46.21450033560228,0.0,0.0,0.0,0.0
363,5,50.10310700385618,0.24269664,51.974177389892304,14.33430349089627,0.0,7.0,0.0,0.0,0.0,0.0,50.10310700385618,0.0,0.0,0.0,0.0
363,6,41.59464572225852,0.2857296,43.14797274093208,13.75685088980228,0.0,7.0,0.0,0.0,0.0,0.0,41.59464572225852,0.0,0.0,0.0,0.0
363,7,51.694808248669474,0.36057456,53.625319760030585,21.110924161389345,0.0,7.0,0.0,0.0,0.0,0.0,51.694808248669474,0.0,0.0,0.0,0.0
363,8,34.460165980089165,0.37260528,35.74706014532072,14.502771045434184,0.0,5.0,0.0,0.0,0.0,0.0,34.460165980089165,0.0,0.0,0.0,0.0
363,9,37.0,0.37167984,38.38174273858922,15.536155684647305,0.0,5.0,0.0,0.0,0.0,0.0,37.0,0.0,0.0,0.0,0.0
363,10,7.4,0.36982896,7.6763485477178435,3.093023136929461,0.0,1.0,0.0,0.0,0.0,0.0,7.4,0.0,0.0,0.0,0.0
363,11,7.4,0.3781579199999999,7.6763485477178435,3.1569591369294607,0.0,1.0,0.0,0.0,0.0,0.0,7.4,0.0,0.0,0.0,0.0
363,12,0.0,0.37260528,0.0,0.0,0.0,0.0,0.0,0.0,0.0,0.0,0.0,0.0,0.0,0.0,0.0
363,13,0.0,0.35583168,0.0,0.0,0.0,0.0,0.0,0.0,0.0,0.0,0.0,0.0,0.0,0.0,0.0
363,14,0.0,0.3574511999999999,0.0,0.0,0.0,0.0,0.0,0.0,0.0,0.0,0.0,0.0,0.0,0.0,0.0
363,15,0.0,0.3545591999999999,0.0,0.0,0.0,0.0,0.0,0.0,0.0,0.0,0.0,0.0,0.0,0.0,0.0
363,16,0.0,0.38197536,0.0,0.0,0.0,0.0,0.0,0.0,0.0,0.0,0.0,0.0,0.0,0.0,0.0
363,17,4.998142182874437,0.41494416,5.184794795512902,0.0,46.14467368006483,0.0,0.0,0.0,0.0,1.0,0.0,0.0,0.0,0.0,4.998142182874437
363,18,0.0,0.3947001599999999,0.0,0.0,0.0,0.0,0.0,0.0,0.0,0.0,0.0,0.0,0.0,0.0,0.0
363,19,31.331756631806677,0.35583168,32.50182223216461,12.640988323817131,0.0,5.0,0.0,0.0,0.0,0.0,31.331756631806677,0.0,0.0,0.0,0.0
363,20,46.706355165247096,0.34727136,48.45057589755924,18.429211446937828,0.0,7.0,0.0,0.0,0.0,0.0,46.706355165247096,0.0,0.0,0.0,0.0
363,21,51.69480824866945,0.32540784,53.625319760030564,19.225097556477873,0.0,7.0,0.0,0.0,0.0,0.0,51.69480824866945,0.0,0.0,0.0,0.0
363,22,49.81679868891035,0.29313312,51.67717706318503,16.858806706115292,0.0,7.0,0.0,0.0,0.0,0.0,49.81679868891035,0.0,0.0,0.0,0.0
363,23,47.02443862233176,0.2238408,48.78053798997071,12.533710455573468,0.0,7.0,0.0,0.0,0.0,0.0,47.02443862233176,0.0,0.0,0.0,0.0
364,0,51.694808248669474,0.24107712,53.625319760030585,14.702835730884276,0.0,7.0,0.0,0.0,0.0,0.0,51.694808248669474,0.0,0.0,0.0,0.0
364,1,49.10657078461684,0.23101296,50.94042612512121,13.454026727567094,0.0,7.0,0.0,0.0,0.0,0.0,49.10657078461684,0.0,0.0,0.0,0.0
364,2,50.20829875518672,0.20903376,52.083297463886645,12.611124648129337,0.0,8.0,0.0,0.0,0.0,0.0,50.20829875518672,0.0,0.0,0.0,0.0
364,3,45.769678502574244,0.20961216,47.478919608479515,11.523711132640418,0.0,8.0,0.0,0.0,0.0,0.0,45.769678502574244,0.0,0.0,0.0,0.0
364,4,50.103107003856174,0.20903376,51.974177389892304,12.584702994321608,0.0,7.0,0.0,0.0,0.0,0.0,50.103107003856174,0.0,0.0,0.0,0.0
364,5,49.72417751210455,0.2330952,51.58109700425785,13.73064043326782,0.0,7.0,0.0,0.0,0.0,0.0,49.72417751210455,0.0,0.0,0.0,0.0
364,6,51.69480824866946,0.25472736,53.625319760030585,15.434834215685438,0.0,7.0,0.0,0.0,0.0,0.0,51.69480824866946,0.0,0.0,0.0,0.0
364,7,46.68259202508197,0.29255472,48.425925337221976,15.770131156433928,0.0,8.0,0.0,0.0,0.0,0.0,46.68259202508197,0.0,0.0,0.0,0.0
364,8,48.289564995329926,0.33327408,50.09290974619288,18.35274372278445,0.0,7.0,0.0,0.0,0.0,0.0,48.289564995329926,0.0,0.0,0.0,0.0
364,9,7.4,0.4133246399999999,7.6763485477178435,3.4269111369294607,0.0,1.0,0.0,0.0,0.0,0.0,7.4,0.0,0.0,0.0,0.0
364,10,8.182392090343454,0.45358128,8.487958599941344,0.0,75.54283153947796,0.0,0.0,0.0,0.0,1.0,0.0,0.0,0.0,0.0,8.182392090343454
364,11,14.77108243247966,0.45855552,15.322699618754836,0.0,136.37202660691804,0.0,0.0,0.0,0.0,2.0,0.0,0.0,0.0,0.0,14.77108243247966
364,12,2.666413994274963,0.42084384,2.765989620617182,0.0,24.61730762349292,0.0,0.0,0.0,0.0,1.0,0.0,0.0,0.0,0.0,2.666413994274963
364,13,0.0,0.384636,0.0,0.0,0.0,0.0,0.0,0.0,0.0,0.0,0.0,0.0,0.0,0.0,0.0
364,14,12.493837927674388,0.48631872,12.960412788043973,0.0,115.34767381359137,0.0,0.0,0.0,0.0,1.0,0.0,0.0,0.0,0.0,12.493837927674388
364,15,38.55661078434027,0.6507,39.99648421612062,0.0,355.96870952347354,0.0,0.0,0.0,0.0,4.0,0.0,0.0,0.0,0.0,38.55661078434027
364,16,7.204640298743093,0.8096443199999999,7.473693255957567,0.0,66.51586997802235,0.0,0.0,0.0,0.0,3.0,0.0,0.0,0.0,0.0,7.204640298743093
364,17,15.25924872566304,0.92451456,15.829096188447139,0.0,140.87895607717954,0.0,0.0,0.0,0.0,2.0,0.0,0.0,0.0,0.0,15.25924872566304
364,18,6.8299374585262855,0.92532432,7.08499736361648,0.0,63.05647653618667,0.0,0.0,0.0,0.0,1.0,0.0,0.0,0.0,0.0,6.8299374585262855
364,19,26.037958450398474,0.8223691200000001,27.010330342737007,19.70063741078839,35.43343382629294,3.0,0.0,0.0,0.0,2.0,22.200000000000003,0.0,0.0,0.0,3.837958450398471
364,20,51.69480824866947,0.71733168,53.62531976003059,40.24213879805695,0.0,8.0,0.0,0.0,0.0,0.0,51.69480824866947,0.0,0.0,0.0,0.0
364,21,54.595340757264395,0.63785952,56.63417091002533,35.98041880603664,26.778775234953223,8.0,0.0,0.0,0.0,1.0,51.69480824866946,0.0,0.0,0.0,2.900532508594933
364,22,51.69480824866946,0.5795568,53.62531976003057,32.8539168031571,0.0,8.0,0.0,0.0,0.0,0.0,51.69480824866946,0.0,0.0,0.0,0.0
364,23,51.694808248669474,0.50008464,53.625319760030585,28.592196811136798,0.0,7.0,0.0,0.0,0.0,0.0,51.694808248669474,0.0,0.0,0.0,0.0
365,0,51.694808248669474,0.51905616,53.625319760030585,29.609550637470615,0.0,9.0,0.0,0.0,0.0,0.0,51.694808248669474,0.0,0.0,0.0,0.0
365,1,51.694808248669474,0.47070192,53.625319760030585,27.016539055717352,0.0,8.0,0.0,0.0,0.0,0.0,51.694808248669474,0.0,0.0,0.0,0.0
365,2,51.694808248669474,0.4724371200000001,53.62531976003059,27.10958971056496,0.0,9.0,0.0,0.0,0.0,0.0,51.694808248669474,0.0,0.0,0.0,0.0
365,3,51.694808248669474,0.46225728,53.625319760030585,26.563692535459005,0.0,9.0,0.0,0.0,0.0,0.0,51.694808248669474,0.0,0.0,0.0,0.0
365,4,51.69480824866946,0.44120352,53.62531976003057,25.434677923308058,0.0,10.0,0.0,0.0,0.0,0.0,51.69480824866945,0.0,0.0,0.0,0.0
365,5,51.69480824866948,0.4542753599999999,53.625319760030585,26.13565952316002,0.0,8.0,0.0,0.0,0.0,0.0,51.69480824866948,0.0,0.0,0.0,0.0
365,6,51.69480824866946,0.46283568,53.625319760030585,26.594709420408215,0.0,11.0,0.0,0.0,0.0,0.0,51.69480824866946,0.0,0.0,0.0,0.0
365,7,51.69480824866946,0.50980176,53.625319760030564,29.11328047828337,0.0,8.0,0.0,0.0,0.0,0.0,51.69480824866946,0.0,0.0,0.0,0.0
365,8,51.69480824866945,0.5580403199999999,53.62531976003056,31.70008868304679,0.0,7.0,0.0,0.0,0.0,0.0,51.69480824866945,0.0,0.0,0.0,0.0
365,9,55.04466634414709,0.5160484799999999,57.100276290609024,21.077275684647304,166.59494861297628,5.0,0.0,0.0,0.0,2.0,37.0,0.0,0.0,0.0,18.044666344147092
365,10,2.2571882836153088,0.488748,2.341481622007582,0.0,20.83918643586748,0.0,0.0,0.0,0.0,1.0,0.0,0.0,0.0,0.0,2.2571882836153088
365,11,3.5751115103815363,0.50228256,3.708621898736034,0.0,33.0067348987507,0.0,0.0,0.0,0.0,1.0,0.0,0.0,0.0,0.0,3.5751115103815363
365,12,11.380457424654725,0.49476336,11.805453760015276,0.0,105.06853846413595,0.0,0.0,0.0,0.0,1.0,0.0,0.0,0.0,0.0,11.380457424654725
365,13,23.54741664005323,0.50390208,24.426780746943184,0.0,217.39834864779434,0.0,0.0,0.0,0.0,2.0,0.0,0.0,0.0,0.0,23.54741664005323
365,14,25.522235874152557,0.47903088,26.475348417170704,0.0,235.6306009128193,0.0,0.0,0.0,0.0,3.0,0.0,0.0,0.0,0.0,25.522235874152557
365,15,0.02897941812169377,0.52715376,0.030061637055698934,0.0,0.2675485697957205,0.0,0.0,0.0,0.0,1.0,0.0,0.0,0.0,0.0,0.02897941812169377
365,16,32.22576285670356,0.58615056,33.4292145816427,0.0,297.52000977662004,0.0,0.0,0.0,0.0,2.0,0.0,0.0,0.0,0.0,32.22576285670356
365,17,0.0,0.5784,0.0,0.0,0.0,0.0,0.0,0.0,0.0,0.0,0.0,0.0,0.0,0.0,0.0
365,18,8.045272238510975,0.5246088,8.345718089741677,0.0,74.2768909987009,0.0,0.0,0.0,0.0,3.0,0.0,0.0,0.0,0.0,8.045272238510975
365,19,0.18714828182145304,0.45855552,0.19413722180648657,0.0,1.7278212740777306,0.0,0.0,0.0,0.0,1.0,0.0,0.0,0.0,0.0,0.18714828182145304
365,20,0.0,0.40360752,0.0,0.0,0.0,0.0,0.0,0.0,0.0,0.0,0.0,0.0,0.0,0.0,0.0
365,21,0.0,0.3424128,0.0,0.0,0.0,0.0,0.0,0.0,0.0,0.0,0.0,0.0,0.0,0.0,0.0
365,22,0.0,0.33165456,0.0,0.0,0.0,0.0,0.0,0.0,0.0,0.0,0.0,0.0,0.0,0.0,0.0
365,23,0.0,0.3108321599999999,0.0,0.0,0.0,0.0,0.0,0.0,0.0,0.0,0.0,0.0,0.0,0.0,0.0
