Date,Elect_price
2024-01-01 00:00:00,0.3292
2024-01-01 01:00:00,0.3169
2024-01-01 02:00:00,0.2969
2024-01-01 03:00:00,0.2726
2024-01-01 04:00:00,0.26739999999999997
2024-01-01 05:00:00,0.2364
2024-01-01 06:00:00,0.2519
2024-01-01 07:00:00,0.2788
2024-01-01 08:00:00,0.2922
2024-01-01 09:00:00,0.35869999999999996
2024-01-01 10:00:00,0.4603
2024-01-01 11:00:00,0.48450000000000004
2024-01-01 12:00:00,0.479
2024-01-01 13:00:00,0.4932
2024-01-01 14:00:00,0.5149
2024-01-01 15:00:00,0.5635
2024-01-01 16:00:00,0.6622
2024-01-01 17:00:00,0.7237
2024-01-01 18:00:00,0.6875
2024-01-01 19:00:00,0.6132
2024-01-01 20:00:00,0.5346
2024-01-01 21:00:00,0.49
2024-01-01 22:00:00,0.5033
2024-01-01 23:00:00,0.42310000000000003
2024-01-02 00:00:00,0.42310000000000003
2024-01-02 01:00:00,0.3737
2024-01-02 02:00:00,0.3566
2024-01-02 03:00:00,0.35960000000000003
2024-01-02 04:00:00,0.4086
2024-01-02 05:00:00,0.4646
2024-01-02 06:00:00,0.5476
2024-01-02 07:00:00,0.6542
2024-01-02 08:00:00,0.7312000000000001
2024-01-02 09:00:00,0.7361
2024-01-02 10:00:00,0.7681
2024-01-02 11:00:00,0.8189
2024-01-02 12:00:00,0.8703
2024-01-02 13:00:00,0.8782
2024-01-02 14:00:00,0.8823000000000001
2024-01-02 15:00:00,0.8904000000000001
2024-01-02 16:00:00,0.907
2024-01-02 17:00:00,0.9009999999999999
2024-01-02 18:00:00,0.8345999999999999
2024-01-02 19:00:00,0.7034999999999999
2024-01-02 20:00:00,0.6359
2024-01-02 21:00:00,0.5349
2024-01-02 22:00:00,0.45640000000000003
2024-01-02 23:00:00,0.42700000000000005
2024-01-03 00:00:00,0.4535
2024-01-03 01:00:00,0.43579999999999997
2024-01-03 02:00:00,0.4153
2024-01-03 03:00:00,0.402
2024-01-03 04:00:00,0.42469999999999997
2024-01-03 05:00:00,0.4733
2024-01-03 06:00:00,0.5496
2024-01-03 07:00:00,0.595
2024-01-03 08:00:00,0.7056
2024-01-03 09:00:00,0.7223999999999999
2024-01-03 10:00:00,0.669
2024-01-03 11:00:00,0.6665000000000001
2024-01-03 12:00:00,0.6647
2024-01-03 13:00:00,0.6542
2024-01-03 14:00:00,0.7223999999999999
2024-01-03 15:00:00,0.7651
2024-01-03 16:00:00,0.818
2024-01-03 17:00:00,0.9146
2024-01-03 18:00:00,0.9222
2024-01-03 19:00:00,0.8784000000000001
2024-01-03 20:00:00,0.8140000000000001
2024-01-03 21:00:00,0.7493000000000001
2024-01-03 22:00:00,0.7225
2024-01-03 23:00:00,0.6459999999999999
2024-01-04 00:00:00,0.6565000000000001
2024-01-04 01:00:00,0.5993999999999999
2024-01-04 02:00:00,0.6088
2024-01-04 03:00:00,0.617
2024-01-04 04:00:00,0.6514
2024-01-04 05:00:00,0.6614
2024-01-04 06:00:00,0.8123999999999999
2024-01-04 07:00:00,0.9506999999999999
2024-01-04 08:00:00,1.0228
2024-01-04 09:00:00,1.0534000000000001
2024-01-04 10:00:00,1.0285
2024-01-04 11:00:00,1.0109000000000001
2024-01-04 12:00:00,0.9693999999999999
2024-01-04 13:00:00,0.9612
2024-01-04 14:00:00,1.03
2024-01-04 15:00:00,1.1028
2024-01-04 16:00:00,1.1823000000000001
2024-01-04 17:00:00,1.4897999999999998
2024-01-04 18:00:00,1.6175
2024-01-04 19:00:00,1.3978
2024-01-04 20:00:00,1.1584
2024-01-04 21:00:00,1.1183
2024-01-04 22:00:00,1.0608
2024-01-04 23:00:00,0.9933
2024-01-05 00:00:00,0.995
2024-01-05 01:00:00,0.9307
2024-01-05 02:00:00,0.8961
2024-01-05 03:00:00,0.898
2024-01-05 04:00:00,0.924
2024-01-05 05:00:00,0.9873000000000001
2024-01-05 06:00:00,1.2298
2024-01-05 07:00:00,1.8484
2024-01-05 08:00:00,3.3494
2024-01-05 09:00:00,2.7905
2024-01-05 10:00:00,2.866
2024-01-05 11:00:00,2.3648
2024-01-05 12:00:00,2.2769999999999997
2024-01-05 13:00:00,2.2065
2024-01-05 14:00:00,2.2163
2024-01-05 15:00:00,3.3598000000000003
2024-01-05 16:00:00,5.0367
2024-01-05 17:00:00,5.8948
2024-01-05 18:00:00,3.92
2024-01-05 19:00:00,2.0377
2024-01-05 20:00:00,1.6758000000000002
2024-01-05 21:00:00,1.2638
2024-01-05 22:00:00,1.1213
2024-01-05 23:00:00,1.0403
2024-01-06 00:00:00,0.9528
2024-01-06 01:00:00,0.9339
2024-01-06 02:00:00,0.9208
2024-01-06 03:00:00,0.9224
2024-01-06 04:00:00,0.9264
2024-01-06 05:00:00,0.9443
2024-01-06 06:00:00,0.9483
2024-01-06 07:00:00,0.9814
2024-01-06 08:00:00,1.02
2024-01-06 09:00:00,1.0661
2024-01-06 10:00:00,1.1271
2024-01-06 11:00:00,1.1634
2024-01-06 12:00:00,1.1486
2024-01-06 13:00:00,1.0972
2024-01-06 14:00:00,1.0720999999999998
2024-01-06 15:00:00,1.1056
2024-01-06 16:00:00,1.2347
2024-01-06 17:00:00,1.3276
2024-01-06 18:00:00,1.2004000000000001
2024-01-06 19:00:00,1.148
2024-01-06 20:00:00,1.0661
2024-01-06 21:00:00,1.0173
2024-01-06 22:00:00,1.0028
2024-01-06 23:00:00,0.9294
2024-01-07 00:00:00,0.9704
2024-01-07 01:00:00,0.9289000000000001
2024-01-07 02:00:00,0.8924
2024-01-07 03:00:00,0.8733
2024-01-07 04:00:00,0.8661
2024-01-07 05:00:00,0.8721
2024-01-07 06:00:00,0.8837
2024-01-07 07:00:00,0.9053
2024-01-07 08:00:00,0.9486
2024-01-07 09:00:00,0.9864
2024-01-07 10:00:00,1.011
2024-01-07 11:00:00,1.0362
2024-01-07 12:00:00,1.0307
2024-01-07 13:00:00,0.9859
2024-01-07 14:00:00,0.9826
2024-01-07 15:00:00,1.021
2024-01-07 16:00:00,1.0837999999999999
2024-01-07 17:00:00,1.1745
2024-01-07 18:00:00,1.195
2024-01-07 19:00:00,1.1664
2024-01-07 20:00:00,1.1320999999999999
2024-01-07 21:00:00,1.0511
2024-01-07 22:00:00,1.0270000000000001
2024-01-07 23:00:00,0.9445999999999999
2024-01-08 00:00:00,0.9802
2024-01-08 01:00:00,0.9498000000000001
2024-01-08 02:00:00,0.9216
2024-01-08 03:00:00,0.8911
2024-01-08 04:00:00,0.884
2024-01-08 05:00:00,0.9248000000000001
2024-01-08 06:00:00,1.0622
2024-01-08 07:00:00,1.2528
2024-01-08 08:00:00,1.3641999999999999
2024-01-08 09:00:00,1.36
2024-01-08 10:00:00,1.2830000000000001
2024-01-08 11:00:00,1.1887999999999999
2024-01-08 12:00:00,1.1020999999999999
2024-01-08 13:00:00,1.0688
2024-01-08 14:00:00,1.1542000000000001
2024-01-08 15:00:00,1.2463
2024-01-08 16:00:00,1.4418
2024-01-08 17:00:00,1.4904
2024-01-08 18:00:00,1.4645
2024-01-08 19:00:00,1.3756
2024-01-08 20:00:00,1.2865
2024-01-08 21:00:00,1.1248
2024-01-08 22:00:00,1.0936
2024-01-08 23:00:00,1.0006
2024-01-09 00:00:00,0.9614
2024-01-09 01:00:00,0.8319
2024-01-09 02:00:00,0.4568
2024-01-09 03:00:00,0.3283
2024-01-09 04:00:00,0.3025
2024-01-09 05:00:00,0.4559
2024-01-09 06:00:00,1.0014
2024-01-09 07:00:00,1.0678
2024-01-09 08:00:00,1.453
2024-01-09 09:00:00,1.3185
2024-01-09 10:00:00,1.2368999999999999
2024-01-09 11:00:00,1.1535
2024-01-09 12:00:00,1.0929
2024-01-09 13:00:00,1.0994
2024-01-09 14:00:00,1.2092
2024-01-09 15:00:00,1.3019999999999998
2024-01-09 16:00:00,1.3941
2024-01-09 17:00:00,1.5031
2024-01-09 18:00:00,1.5027000000000001
2024-01-09 19:00:00,1.4223
2024-01-09 20:00:00,1.3112000000000001
2024-01-09 21:00:00,1.1249
2024-01-09 22:00:00,1.0126
2024-01-09 23:00:00,0.573
2024-01-10 00:00:00,0.426
2024-01-10 01:00:00,0.38799999999999996
2024-01-10 02:00:00,0.31379999999999997
2024-01-10 03:00:00,0.3072
2024-01-10 04:00:00,0.36
2024-01-10 05:00:00,0.897
2024-01-10 06:00:00,0.9277
2024-01-10 07:00:00,1.0864
2024-01-10 08:00:00,1.535
2024-01-10 09:00:00,1.4166999999999998
2024-01-10 10:00:00,1.2881
2024-01-10 11:00:00,1.1882
2024-01-10 12:00:00,1.1079999999999999
2024-01-10 13:00:00,1.0258
2024-01-10 14:00:00,1.0651000000000002
2024-01-10 15:00:00,1.1136
2024-01-10 16:00:00,1.3686
2024-01-10 17:00:00,1.5607
2024-01-10 18:00:00,1.0643
2024-01-10 19:00:00,0.4814
2024-01-10 20:00:00,0.2813
2024-01-10 21:00:00,0.2839
2024-01-10 22:00:00,0.27390000000000003
2024-01-10 23:00:00,0.24109999999999998
2024-01-11 00:00:00,0.2361
2024-01-11 01:00:00,0.2446
2024-01-11 02:00:00,0.273
2024-01-11 03:00:00,0.3024
2024-01-11 04:00:00,0.3221
2024-01-11 05:00:00,0.3847
2024-01-11 06:00:00,0.46950000000000003
2024-01-11 07:00:00,0.5991
2024-01-11 08:00:00,1.0075
2024-01-11 09:00:00,1.3998
2024-01-11 10:00:00,1.2316
2024-01-11 11:00:00,1.1564
2024-01-11 12:00:00,1.0781
2024-01-11 13:00:00,1.074
2024-01-11 14:00:00,1.1496
2024-01-11 15:00:00,1.3206
2024-01-11 16:00:00,1.5377
2024-01-11 17:00:00,1.6803
2024-01-11 18:00:00,1.5303
2024-01-11 19:00:00,1.4812
2024-01-11 20:00:00,1.3197
2024-01-11 21:00:00,1.1616
2024-01-11 22:00:00,1.0578
2024-01-11 23:00:00,0.9599
2024-01-12 00:00:00,0.9695999999999999
2024-01-12 01:00:00,0.9334
2024-01-12 02:00:00,0.9104000000000001
2024-01-12 03:00:00,0.8946
2024-01-12 04:00:00,0.8962
2024-01-12 05:00:00,0.9166
2024-01-12 06:00:00,0.9711
2024-01-12 07:00:00,1.2534
2024-01-12 08:00:00,1.5282
2024-01-12 09:00:00,1.4653999999999998
2024-01-12 10:00:00,1.3247
2024-01-12 11:00:00,1.2484
2024-01-12 12:00:00,1.1617
2024-01-12 13:00:00,1.1192
2024-01-12 14:00:00,1.1351
2024-01-12 15:00:00,1.1968
2024-01-12 16:00:00,1.3056
2024-01-12 17:00:00,1.4287
2024-01-12 18:00:00,1.4119
2024-01-12 19:00:00,1.2999
2024-01-12 20:00:00,1.1657
2024-01-12 21:00:00,0.9947
2024-01-12 22:00:00,0.9281
2024-01-12 23:00:00,0.8976000000000001
2024-01-13 00:00:00,0.5599000000000001
2024-01-13 01:00:00,0.5255
2024-01-13 02:00:00,0.49579999999999996
2024-01-13 03:00:00,0.47859999999999997
2024-01-13 04:00:00,0.4794
2024-01-13 05:00:00,0.4905
2024-01-13 06:00:00,0.5141
2024-01-13 07:00:00,0.5770000000000001
2024-01-13 08:00:00,0.6528
2024-01-13 09:00:00,0.8261
2024-01-13 10:00:00,0.8116
2024-01-13 11:00:00,0.7998000000000001
2024-01-13 12:00:00,0.7881999999999999
2024-01-13 13:00:00,0.7175
2024-01-13 14:00:00,0.7653
2024-01-13 15:00:00,0.7731
2024-01-13 16:00:00,0.7976000000000001
2024-01-13 17:00:00,0.8364
2024-01-13 18:00:00,0.8543000000000001
2024-01-13 19:00:00,0.8318000000000001
2024-01-13 20:00:00,0.8233
2024-01-13 21:00:00,0.7993000000000001
2024-01-13 22:00:00,0.7071999999999999
2024-01-13 23:00:00,0.6947
2024-01-14 00:00:00,0.7209
2024-01-14 01:00:00,0.6994
2024-01-14 02:00:00,0.7086
2024-01-14 03:00:00,0.7208
2024-01-14 04:00:00,0.7282
2024-01-14 05:00:00,0.7342
2024-01-14 06:00:00,0.7579
2024-01-14 07:00:00,0.8069
2024-01-14 08:00:00,0.8641
2024-01-14 09:00:00,0.9136
2024-01-14 10:00:00,0.9079
2024-01-14 11:00:00,0.9215000000000001
2024-01-14 12:00:00,0.9052
2024-01-14 13:00:00,0.8675
2024-01-14 14:00:00,0.8912
2024-01-14 15:00:00,0.9269
2024-01-14 16:00:00,0.9754
2024-01-14 17:00:00,1.0344
2024-01-14 18:00:00,1.0656
2024-01-14 19:00:00,0.96
2024-01-14 20:00:00,0.8902
2024-01-14 21:00:00,0.8829
2024-01-14 22:00:00,0.8408
2024-01-14 23:00:00,0.7532
2024-01-15 00:00:00,0.7843000000000001
2024-01-15 01:00:00,0.7437
,0.0
2024-01-15 03:00:00,0.6986
2024-01-15 04:00:00,0.7158
2024-01-15 05:00:00,0.7946
2024-01-15 06:00:00,0.9002
2024-01-15 07:00:00,0.9440000000000001
2024-01-15 08:00:00,1.1181
2024-01-15 09:00:00,1.1259000000000001
2024-01-15 10:00:00,1.0684
2024-01-15 11:00:00,1.0163
2024-01-15 12:00:00,0.9443
2024-01-15 13:00:00,0.925
2024-01-15 14:00:00,0.9515
2024-01-15 15:00:00,1.0070999999999999
2024-01-15 16:00:00,1.1251
2024-01-15 17:00:00,1.2282
2024-01-15 18:00:00,1.3013
2024-01-15 19:00:00,1.246
2024-01-15 20:00:00,1.1615
2024-01-15 21:00:00,1.0466
2024-01-15 22:00:00,1.0077
2024-01-15 23:00:00,0.9732
2024-01-16 00:00:00,0.9266
2024-01-16 01:00:00,0.9177
2024-01-16 02:00:00,0.9027
2024-01-16 03:00:00,0.8823000000000001
2024-01-16 04:00:00,0.8747
2024-01-16 05:00:00,0.9408
2024-01-16 06:00:00,1.3866999999999998
2024-01-16 07:00:00,2.1806
2024-01-16 08:00:00,3.1069
2024-01-16 09:00:00,3.0502
2024-01-16 10:00:00,2.8176
2024-01-16 11:00:00,2.2609
2024-01-16 12:00:00,1.9169999999999998
2024-01-16 13:00:00,1.6005
2024-01-16 14:00:00,1.6187
2024-01-16 15:00:00,1.7605000000000002
2024-01-16 16:00:00,1.9174
2024-01-16 17:00:00,1.9257
2024-01-16 18:00:00,1.5003
2024-01-16 19:00:00,1.2601
2024-01-16 20:00:00,1.0765
2024-01-16 21:00:00,0.9719
2024-01-16 22:00:00,0.9248999999999999
2024-01-16 23:00:00,0.8758
2024-01-17 00:00:00,0.7926000000000001
2024-01-17 01:00:00,0.7866
2024-01-17 02:00:00,0.7765000000000001
2024-01-17 03:00:00,0.7662
2024-01-17 04:00:00,0.7634000000000001
2024-01-17 05:00:00,0.763
2024-01-17 06:00:00,0.8012999999999999
2024-01-17 07:00:00,0.9066
2024-01-17 08:00:00,1.0814
2024-01-17 09:00:00,1.1667
2024-01-17 10:00:00,1.2125
2024-01-17 11:00:00,1.2209999999999999
2024-01-17 12:00:00,1.2936
2024-01-17 13:00:00,1.3374000000000001
2024-01-17 14:00:00,1.3378999999999999
2024-01-17 15:00:00,1.3816
2024-01-17 16:00:00,1.4158000000000002
2024-01-17 17:00:00,1.5474
2024-01-17 18:00:00,1.3611000000000002
2024-01-17 19:00:00,1.2584
2024-01-17 20:00:00,1.2091
2024-01-17 21:00:00,1.1059
2024-01-17 22:00:00,1.0361
2024-01-17 23:00:00,0.925
2024-01-18 00:00:00,0.6839
2024-01-18 01:00:00,0.7293999999999999
2024-01-18 02:00:00,0.8304
2024-01-18 03:00:00,0.826
2024-01-18 04:00:00,0.8554999999999999
2024-01-18 05:00:00,0.8933
2024-01-18 06:00:00,1.0084
2024-01-18 07:00:00,1.2273
2024-01-18 08:00:00,1.4328
2024-01-18 09:00:00,1.3903999999999999
2024-01-18 10:00:00,1.2622
2024-01-18 11:00:00,1.2286
2024-01-18 12:00:00,1.0647
2024-01-18 13:00:00,0.9972
2024-01-18 14:00:00,0.9837
2024-01-18 15:00:00,1.0727
2024-01-18 16:00:00,1.1326
2024-01-18 17:00:00,1.1914
2024-01-18 18:00:00,1.1752
2024-01-18 19:00:00,1.0758
2024-01-18 20:00:00,0.9898
2024-01-18 21:00:00,0.9233
2024-01-18 22:00:00,0.8812000000000001
2024-01-18 23:00:00,0.8118000000000001
2024-01-19 00:00:00,0.7777
2024-01-19 01:00:00,0.7429000000000001
2024-01-19 02:00:00,0.7282
2024-01-19 03:00:00,0.7136
2024-01-19 04:00:00,0.7199
2024-01-19 05:00:00,0.7487
2024-01-19 06:00:00,0.8612000000000001
2024-01-19 07:00:00,1.0162
2024-01-19 08:00:00,1.1855
2024-01-19 09:00:00,1.1745
2024-01-19 10:00:00,1.0898
2024-01-19 11:00:00,0.9842
2024-01-19 12:00:00,0.895
2024-01-19 13:00:00,0.8543999999999999
2024-01-19 14:00:00,0.8745
2024-01-19 15:00:00,0.9886
2024-01-19 16:00:00,1.1893
2024-01-19 17:00:00,1.3049000000000002
2024-01-19 18:00:00,1.2335
2024-01-19 19:00:00,0.9676
2024-01-19 20:00:00,0.8621
2024-01-19 21:00:00,0.8301000000000001
2024-01-19 22:00:00,0.8037000000000001
2024-01-19 23:00:00,0.7583
2024-01-20 00:00:00,0.7695000000000001
2024-01-20 01:00:00,0.7398
2024-01-20 02:00:00,0.7409
2024-01-20 03:00:00,0.7208
2024-01-20 04:00:00,0.7212000000000001
2024-01-20 05:00:00,0.7199
2024-01-20 06:00:00,0.7334999999999999
2024-01-20 07:00:00,0.7801
2024-01-20 08:00:00,0.8515
2024-01-20 09:00:00,0.8973
2024-01-20 10:00:00,0.8371999999999999
2024-01-20 11:00:00,0.8251999999999999
2024-01-20 12:00:00,0.7938
2024-01-20 13:00:00,0.8056
2024-01-20 14:00:00,0.8351999999999999
2024-01-20 15:00:00,0.9003
2024-01-20 16:00:00,1.0248
2024-01-20 17:00:00,1.107
2024-01-20 18:00:00,1.1506999999999998
2024-01-20 19:00:00,1.0421
2024-01-20 20:00:00,0.9104000000000001
2024-01-20 21:00:00,0.8351999999999999
2024-01-20 22:00:00,0.8014
2024-01-20 23:00:00,0.7624
2024-01-21 00:00:00,0.6816
2024-01-21 01:00:00,0.6413
2024-01-21 02:00:00,0.4403
2024-01-21 03:00:00,0.39270000000000005
2024-01-21 04:00:00,0.3914
2024-01-21 05:00:00,0.3951
2024-01-21 06:00:00,0.39159999999999995
2024-01-21 07:00:00,0.3994
2024-01-21 08:00:00,0.39759999999999995
2024-01-21 09:00:00,0.40619999999999995
2024-01-21 10:00:00,0.42100000000000004
2024-01-21 11:00:00,0.4315
2024-01-21 12:00:00,0.426
2024-01-21 13:00:00,0.4199
2024-01-21 14:00:00,0.4229
2024-01-21 15:00:00,0.4285
2024-01-21 16:00:00,0.5552
2024-01-21 17:00:00,0.6312
2024-01-21 18:00:00,0.6846
2024-01-21 19:00:00,0.6502
2024-01-21 20:00:00,0.4003
2024-01-21 21:00:00,0.3944
2024-01-21 22:00:00,0.39759999999999995
2024-01-21 23:00:00,0.33140000000000003
2024-01-22 00:00:00,0.31170000000000003
2024-01-22 01:00:00,0.2539
2024-01-22 02:00:00,0.2126
2024-01-22 03:00:00,0.0575
2024-01-22 04:00:00,0.057800000000000004
2024-01-22 05:00:00,0.22829999999999998
2024-01-22 06:00:00,0.2974
2024-01-22 07:00:00,0.379
2024-01-22 08:00:00,0.37770000000000004
2024-01-22 09:00:00,0.3753
2024-01-22 10:00:00,0.3618
2024-01-22 11:00:00,0.35240000000000005
2024-01-22 12:00:00,0.3494
2024-01-22 13:00:00,0.3344
2024-01-22 14:00:00,0.32630000000000003
2024-01-22 15:00:00,0.34619999999999995
2024-01-22 16:00:00,0.361
2024-01-22 17:00:00,0.375
2024-01-22 18:00:00,0.3704
2024-01-22 19:00:00,0.3625
2024-01-22 20:00:00,0.3586
2024-01-22 21:00:00,0.3292
2024-01-22 22:00:00,0.29760000000000003
2024-01-22 23:00:00,0.26289999999999997
2024-01-23 00:00:00,0.18
2024-01-23 01:00:00,0.11199999999999999
2024-01-23 02:00:00,0.1038
2024-01-23 03:00:00,0.047400000000000005
2024-01-23 04:00:00,0.1161
2024-01-23 05:00:00,0.2457
2024-01-23 06:00:00,0.2923
2024-01-23 07:00:00,0.33390000000000003
2024-01-23 08:00:00,0.382
2024-01-23 09:00:00,0.3502
2024-01-23 10:00:00,0.33990000000000004
2024-01-23 11:00:00,0.3144
2024-01-23 12:00:00,0.302
2024-01-23 13:00:00,0.304
2024-01-23 14:00:00,0.3037
2024-01-23 15:00:00,0.3295
2024-01-23 16:00:00,0.7379000000000001
2024-01-23 17:00:00,0.7778
2024-01-23 18:00:00,0.7587
2024-01-23 19:00:00,0.7195999999999999
2024-01-23 20:00:00,0.6869
2024-01-23 21:00:00,0.5959
2024-01-23 22:00:00,0.46380000000000005
2024-01-23 23:00:00,0.3779
2024-01-24 00:00:00,0.325
2024-01-24 01:00:00,0.2859
2024-01-24 02:00:00,0.2345
2024-01-24 03:00:00,0.2138
2024-01-24 04:00:00,0.2028
2024-01-24 05:00:00,0.22210000000000002
2024-01-24 06:00:00,0.2897
2024-01-24 07:00:00,0.44
2024-01-24 08:00:00,0.5688
2024-01-24 09:00:00,0.5628
2024-01-24 10:00:00,0.5690999999999999
2024-01-24 11:00:00,0.5766
2024-01-24 12:00:00,0.44689999999999996
2024-01-24 13:00:00,0.4242
2024-01-24 14:00:00,0.5115999999999999
2024-01-24 15:00:00,0.5674
2024-01-24 16:00:00,0.5771000000000001
2024-01-24 17:00:00,0.6158
2024-01-24 18:00:00,0.6057
2024-01-24 19:00:00,0.569
2024-01-24 20:00:00,0.4792
2024-01-24 21:00:00,0.4548
2024-01-24 22:00:00,0.4772
2024-01-24 23:00:00,0.43770000000000003
2024-01-25 00:00:00,0.4984
2024-01-25 01:00:00,0.49979999999999997
2024-01-25 02:00:00,0.4861
2024-01-25 03:00:00,0.4985
2024-01-25 04:00:00,0.5128
2024-01-25 05:00:00,0.5799
2024-01-25 06:00:00,0.6751
2024-01-25 07:00:00,0.7508
2024-01-25 08:00:00,1.012
2024-01-25 09:00:00,0.9691
2024-01-25 10:00:00,0.9248000000000001
2024-01-25 11:00:00,0.8664000000000001
2024-01-25 12:00:00,0.8316
2024-01-25 13:00:00,0.8637999999999999
2024-01-25 14:00:00,0.966
2024-01-25 15:00:00,1.0466
2024-01-25 16:00:00,1.1525
2024-01-25 17:00:00,1.3908
2024-01-25 18:00:00,1.2993000000000001
2024-01-25 19:00:00,1.123
2024-01-25 20:00:00,1.0352
2024-01-25 21:00:00,0.9811
2024-01-25 22:00:00,0.9096
2024-01-25 23:00:00,0.8279000000000001
2024-01-26 00:00:00,0.713
2024-01-26 01:00:00,0.6906
2024-01-26 02:00:00,0.6640999999999999
2024-01-26 03:00:00,0.6352
2024-01-26 04:00:00,0.6215999999999999
2024-01-26 05:00:00,0.5922
2024-01-26 06:00:00,0.6579999999999999
2024-01-26 07:00:00,0.715
2024-01-26 08:00:00,0.7373000000000001
2024-01-26 09:00:00,0.7243999999999999
2024-01-26 10:00:00,0.6951
2024-01-26 11:00:00,0.667
2024-01-26 12:00:00,0.5936
2024-01-26 13:00:00,0.5276
2024-01-26 14:00:00,0.5595
2024-01-26 15:00:00,0.5553
2024-01-26 16:00:00,0.5845
2024-01-26 17:00:00,0.6514
2024-01-26 18:00:00,0.6153
2024-01-26 19:00:00,0.38049999999999995
2024-01-26 20:00:00,0.3132
2024-01-26 21:00:00,0.2925
2024-01-26 22:00:00,0.27690000000000003
2024-01-26 23:00:00,0.24960000000000002
2024-01-27 00:00:00,0.2186
2024-01-27 01:00:00,0.2066
2024-01-27 02:00:00,0.19940000000000002
2024-01-27 03:00:00,0.2039
2024-01-27 04:00:00,0.20920000000000002
2024-01-27 05:00:00,0.21309999999999998
2024-01-27 06:00:00,0.21960000000000002
2024-01-27 07:00:00,0.2343
2024-01-27 08:00:00,0.2376
2024-01-27 09:00:00,0.2379
2024-01-27 10:00:00,0.239
2024-01-27 11:00:00,0.2378
2024-01-27 12:00:00,0.2323
2024-01-27 13:00:00,0.22719999999999999
2024-01-27 14:00:00,0.2266
2024-01-27 15:00:00,0.22820000000000001
2024-01-27 16:00:00,0.23
2024-01-27 17:00:00,0.23379999999999998
2024-01-27 18:00:00,0.2309
2024-01-27 19:00:00,0.21059999999999998
2024-01-27 20:00:00,0.17120000000000002
2024-01-27 21:00:00,0.11470000000000001
2024-01-27 22:00:00,0.0394
2024-01-27 23:00:00,0.031200000000000002
2024-01-28 00:00:00,0.0001
2024-01-28 01:00:00,0.0297
2024-01-28 02:00:00,0.0394
2024-01-28 03:00:00,0.1301
2024-01-28 04:00:00,0.17059999999999997
2024-01-28 05:00:00,0.1852
2024-01-28 06:00:00,0.2065
2024-01-28 07:00:00,0.2126
2024-01-28 08:00:00,0.2102
2024-01-28 09:00:00,0.2115
2024-01-28 10:00:00,0.2113
2024-01-28 11:00:00,0.21230000000000002
2024-01-28 12:00:00,0.2096
2024-01-28 13:00:00,0.2046
2024-01-28 14:00:00,0.1917
2024-01-28 15:00:00,0.203
2024-01-28 16:00:00,0.20879999999999999
2024-01-28 17:00:00,0.207
2024-01-28 18:00:00,0.20579999999999998
2024-01-28 19:00:00,0.1521
2024-01-28 20:00:00,0.0223
2024-01-28 21:00:00,0.0001
2024-01-28 22:00:00,-0.0001
2024-01-28 23:00:00,-0.0034999999999999996
2024-01-29 00:00:00,-0.0048
2024-01-29 01:00:00,-0.0195
2024-01-29 02:00:00,-0.0202
2024-01-29 03:00:00,-0.020099999999999996
2024-01-29 04:00:00,-0.016
2024-01-29 05:00:00,-0.0012
2024-01-29 06:00:00,0.067
2024-01-29 07:00:00,0.2173
2024-01-29 08:00:00,0.233
2024-01-29 09:00:00,0.2801
2024-01-29 10:00:00,0.46
2024-01-29 11:00:00,0.5431
2024-01-29 12:00:00,0.7095999999999999
2024-01-29 13:00:00,0.7132
2024-01-29 14:00:00,0.7243
2024-01-29 15:00:00,1.0084
2024-01-29 16:00:00,1.1909
2024-01-29 17:00:00,1.3994
2024-01-29 18:00:00,1.2883000000000002
2024-01-29 19:00:00,1.1809
2024-01-29 20:00:00,1.0102
2024-01-29 21:00:00,0.9275
2024-01-29 22:00:00,0.7299
2024-01-29 23:00:00,0.7049
2024-01-30 00:00:00,0.6822
2024-01-30 01:00:00,0.5669
2024-01-30 02:00:00,0.5440999999999999
2024-01-30 03:00:00,0.5436
2024-01-30 04:00:00,0.5440999999999999
2024-01-30 05:00:00,0.6801999999999999
2024-01-30 06:00:00,0.7029000000000001
2024-01-30 07:00:00,0.8020999999999999
2024-01-30 08:00:00,0.9476
2024-01-30 09:00:00,0.9329000000000001
2024-01-30 10:00:00,0.8473999999999999
2024-01-30 11:00:00,0.7356
2024-01-30 12:00:00,0.7240000000000001
2024-01-30 13:00:00,0.7227
2024-01-30 14:00:00,0.7264
2024-01-30 15:00:00,0.7108
2024-01-30 16:00:00,0.7231000000000001
2024-01-30 17:00:00,0.7922
2024-01-30 18:00:00,0.6969
2024-01-30 19:00:00,0.6631999999999999
2024-01-30 20:00:00,0.6436
2024-01-30 21:00:00,0.6118
2024-01-30 22:00:00,0.256
2024-01-30 23:00:00,0.2743
2024-01-31 00:00:00,0.2075
2024-01-31 01:00:00,0.20829999999999999
2024-01-31 02:00:00,0.20879999999999999
2024-01-31 03:00:00,0.2097
2024-01-31 04:00:00,0.214
2024-01-31 05:00:00,0.2188
2024-01-31 06:00:00,0.2882
2024-01-31 07:00:00,0.6336999999999999
2024-01-31 08:00:00,0.6534
2024-01-31 09:00:00,0.3615
2024-01-31 10:00:00,0.2303
2024-01-31 11:00:00,0.2158
2024-01-31 12:00:00,0.20920000000000002
2024-01-31 13:00:00,0.2005
2024-01-31 14:00:00,0.1918
2024-01-31 15:00:00,0.1841
2024-01-31 16:00:00,0.1913
2024-01-31 17:00:00,0.1881
2024-01-31 18:00:00,0.11710000000000001
2024-01-31 19:00:00,0.0392
2024-01-31 20:00:00,0.0
2024-01-31 21:00:00,-0.0008
2024-01-31 22:00:00,-0.01
2024-01-31 23:00:00,-0.022799999999999997
2024-02-01 00:00:00,-0.0233
2024-02-01 01:00:00,-0.025
2024-02-01 02:00:00,-0.027999999999999997
2024-02-01 03:00:00,-0.0282
2024-02-01 04:00:00,-0.0233
2024-02-01 05:00:00,-0.0207
2024-02-01 06:00:00,-0.0011
2024-02-01 07:00:00,0.0347
2024-02-01 08:00:00,0.038599999999999995
2024-02-01 09:00:00,0.0499
2024-02-01 10:00:00,0.038599999999999995
2024-02-01 11:00:00,0.0311
2024-02-01 12:00:00,0.038599999999999995
2024-02-01 13:00:00,0.033
2024-02-01 14:00:00,0.0388
2024-02-01 15:00:00,0.054299999999999994
2024-02-01 16:00:00,0.1356
2024-02-01 17:00:00,0.396
2024-02-01 18:00:00,0.45659999999999995
2024-02-01 19:00:00,0.16469999999999999
2024-02-01 20:00:00,0.1822
2024-02-01 21:00:00,0.1761
2024-02-01 22:00:00,0.1341
2024-02-01 23:00:00,0.0816
2024-02-02 00:00:00,0.0891
2024-02-02 01:00:00,0.1014
2024-02-02 02:00:00,0.1036
2024-02-02 03:00:00,0.11779999999999999
2024-02-02 04:00:00,0.1328
2024-02-02 05:00:00,0.1471
2024-02-02 06:00:00,0.22940000000000002
2024-02-02 07:00:00,0.6544
2024-02-02 08:00:00,0.6772
2024-02-02 09:00:00,0.6575
2024-02-02 10:00:00,0.6420999999999999
2024-02-02 11:00:00,0.4858
2024-02-02 12:00:00,0.2776
2024-02-02 13:00:00,0.2639
2024-02-02 14:00:00,0.25920000000000004
2024-02-02 15:00:00,0.2602
2024-02-02 16:00:00,0.23800000000000002
2024-02-02 17:00:00,0.2348
2024-02-02 18:00:00,0.21239999999999998
2024-02-02 19:00:00,0.1646
2024-02-02 20:00:00,0.12539999999999998
2024-02-02 21:00:00,0.08410000000000001
2024-02-02 22:00:00,0.009000000000000001
2024-02-02 23:00:00,-0.0001
2024-02-03 00:00:00,-0.0113
2024-02-03 01:00:00,-0.0168
2024-02-03 02:00:00,-0.0203
2024-02-03 03:00:00,-0.0231
2024-02-03 04:00:00,-0.0229
2024-02-03 05:00:00,-0.0206
2024-02-03 06:00:00,-0.0046
2024-02-03 07:00:00,-0.0007000000000000001
2024-02-03 08:00:00,0.0001
2024-02-03 09:00:00,0.023799999999999998
2024-02-03 10:00:00,0.0242
2024-02-03 11:00:00,0.0003
2024-02-03 12:00:00,0.0
2024-02-03 13:00:00,-0.0001
2024-02-03 14:00:00,-0.0001
2024-02-03 15:00:00,0.0055000000000000005
2024-02-03 16:00:00,0.0384
2024-02-03 17:00:00,0.1161
2024-02-03 18:00:00,0.11710000000000001
2024-02-03 19:00:00,0.0394
2024-02-03 20:00:00,0.0009
2024-02-03 21:00:00,0.016200000000000003
2024-02-03 22:00:00,0.0001
2024-02-03 23:00:00,-0.0001
2024-02-04 00:00:00,-0.0011
2024-02-04 01:00:00,-0.0006
2024-02-04 02:00:00,-0.0007000000000000001
2024-02-04 03:00:00,-0.0004
2024-02-04 04:00:00,-0.0001
2024-02-04 05:00:00,-0.0011
2024-02-04 06:00:00,0.0
2024-02-04 07:00:00,0.011899999999999999
2024-02-04 08:00:00,0.10039999999999999
2024-02-04 09:00:00,0.11130000000000001
2024-02-04 10:00:00,0.1231
2024-02-04 11:00:00,0.145
2024-02-04 12:00:00,0.1565
2024-02-04 13:00:00,0.10890000000000001
2024-02-04 14:00:00,0.1471
2024-02-04 15:00:00,0.17800000000000002
2024-02-04 16:00:00,0.2502
2024-02-04 17:00:00,0.39909999999999995
2024-02-04 18:00:00,0.41759999999999997
2024-02-04 19:00:00,0.3997
2024-02-04 20:00:00,0.3289
2024-02-04 21:00:00,0.2776
2024-02-04 22:00:00,0.2767
2024-02-04 23:00:00,0.24050000000000002
2024-02-05 00:00:00,0.1334
2024-02-05 01:00:00,0.1206
2024-02-05 02:00:00,0.10949999999999999
2024-02-05 03:00:00,0.0565
2024-02-05 04:00:00,0.0794
2024-02-05 05:00:00,0.1702
2024-02-05 06:00:00,0.3872
2024-02-05 07:00:00,0.6277
2024-02-05 08:00:00,0.6886
2024-02-05 09:00:00,0.6437999999999999
2024-02-05 10:00:00,0.5992999999999999
2024-02-05 11:00:00,0.49579999999999996
2024-02-05 12:00:00,0.5437
2024-02-05 13:00:00,0.5496
2024-02-05 14:00:00,0.6112
2024-02-05 15:00:00,0.6315999999999999
2024-02-05 16:00:00,0.6875
2024-02-05 17:00:00,0.7752
2024-02-05 18:00:00,0.7787000000000001
2024-02-05 19:00:00,0.7001000000000001
2024-02-05 20:00:00,0.6847
2024-02-05 21:00:00,0.6753
2024-02-05 22:00:00,0.6374
2024-02-05 23:00:00,0.5920000000000001
2024-02-06 00:00:00,0.6117
2024-02-06 01:00:00,0.6045
2024-02-06 02:00:00,0.6049
2024-02-06 03:00:00,0.605
2024-02-06 04:00:00,0.6203
2024-02-06 05:00:00,0.6506000000000001
2024-02-06 06:00:00,0.6951999999999999
2024-02-06 07:00:00,0.7853
2024-02-06 08:00:00,0.8459
2024-02-06 09:00:00,0.7764
2024-02-06 10:00:00,0.7265
2024-02-06 11:00:00,0.7071999999999999
2024-02-06 12:00:00,0.7004
2024-02-06 13:00:00,0.6976
2024-02-06 14:00:00,0.7029000000000001
2024-02-06 15:00:00,0.7031999999999999
2024-02-06 16:00:00,0.7121
2024-02-06 17:00:00,0.7373000000000001
2024-02-06 18:00:00,0.7254999999999999
2024-02-06 19:00:00,0.7068000000000001
2024-02-06 20:00:00,0.687
2024-02-06 21:00:00,0.6690999999999999
2024-02-06 22:00:00,0.6598999999999999
2024-02-06 23:00:00,0.626
2024-02-07 00:00:00,0.6063000000000001
2024-02-07 01:00:00,0.5965
2024-02-07 02:00:00,0.5769
2024-02-07 03:00:00,0.5769
2024-02-07 04:00:00,0.6382
2024-02-07 05:00:00,0.6848000000000001
2024-02-07 06:00:00,0.8469
2024-02-07 07:00:00,0.9872
2024-02-07 08:00:00,0.991
2024-02-07 09:00:00,0.9742000000000001
2024-02-07 10:00:00,0.9246
2024-02-07 11:00:00,0.8886
2024-02-07 12:00:00,0.8636
2024-02-07 13:00:00,0.8917
2024-02-07 14:00:00,0.8806999999999999
2024-02-07 15:00:00,0.988
2024-02-07 16:00:00,1.1083
2024-02-07 17:00:00,1.3674000000000002
2024-02-07 18:00:00,1.5515999999999999
2024-02-07 19:00:00,1.2495
2024-02-07 20:00:00,1.138
2024-02-07 21:00:00,0.9984000000000001
2024-02-07 22:00:00,0.9526
2024-02-07 23:00:00,0.9022
2024-02-08 00:00:00,0.8318000000000001
2024-02-08 01:00:00,0.8262
2024-02-08 02:00:00,0.8143
2024-02-08 03:00:00,0.8034
2024-02-08 04:00:00,0.8008
2024-02-08 05:00:00,0.8576
2024-02-08 06:00:00,0.9828
2024-02-08 07:00:00,1.2415
2024-02-08 08:00:00,1.5028
2024-02-08 09:00:00,1.2816
2024-02-08 10:00:00,1.1037000000000001
2024-02-08 11:00:00,1.0369
2024-02-08 12:00:00,1.0088
2024-02-08 13:00:00,1.0268000000000002
2024-02-08 14:00:00,1.0711
2024-02-08 15:00:00,1.0652
2024-02-08 16:00:00,1.0498
2024-02-08 17:00:00,1.1911
2024-02-08 18:00:00,1.0948
2024-02-08 19:00:00,0.9712999999999999
2024-02-08 20:00:00,0.9390000000000001
2024-02-08 21:00:00,0.9098
2024-02-08 22:00:00,0.8533
2024-02-08 23:00:00,0.7447
2024-02-09 00:00:00,0.7592
2024-02-09 01:00:00,0.741
2024-02-09 02:00:00,0.7299
2024-02-09 03:00:00,0.7175
2024-02-09 04:00:00,0.7106999999999999
2024-02-09 05:00:00,0.7464
2024-02-09 06:00:00,0.7609
2024-02-09 07:00:00,0.7855
2024-02-09 08:00:00,0.8519
2024-02-09 09:00:00,0.8316
2024-02-09 10:00:00,0.8065000000000001
2024-02-09 11:00:00,0.7985
2024-02-09 12:00:00,0.7846
2024-02-09 13:00:00,0.7855
2024-02-09 14:00:00,0.7911
2024-02-09 15:00:00,0.7914
2024-02-09 16:00:00,0.7990999999999999
2024-02-09 17:00:00,0.8626999999999999
2024-02-09 18:00:00,0.8571
2024-02-09 19:00:00,0.8007
2024-02-09 20:00:00,0.759
2024-02-09 21:00:00,0.7465999999999999
2024-02-09 22:00:00,0.7332
2024-02-09 23:00:00,0.7142000000000001
2024-02-10 00:00:00,0.6894
2024-02-10 01:00:00,0.6995
2024-02-10 02:00:00,0.703
2024-02-10 03:00:00,0.7028
2024-02-10 04:00:00,0.7031000000000001
2024-02-10 05:00:00,0.7143999999999999
2024-02-10 06:00:00,0.7062999999999999
2024-02-10 07:00:00,0.7132999999999999
2024-02-10 08:00:00,0.73
2024-02-10 09:00:00,0.7411
2024-02-10 10:00:00,0.7608
2024-02-10 11:00:00,0.7585999999999999
2024-02-10 12:00:00,0.7463
2024-02-10 13:00:00,0.7343000000000001
2024-02-10 14:00:00,0.7545000000000001
2024-02-10 15:00:00,0.7669
2024-02-10 16:00:00,0.7772
2024-02-10 17:00:00,0.972
2024-02-10 18:00:00,0.9575
2024-02-10 19:00:00,0.7787000000000001
2024-02-10 20:00:00,0.7361
2024-02-10 21:00:00,0.7237
2024-02-10 22:00:00,0.7147
2024-02-10 23:00:00,0.6983
2024-02-11 00:00:00,0.625
2024-02-11 01:00:00,0.6046
2024-02-11 02:00:00,0.5925
2024-02-11 03:00:00,0.5275
2024-02-11 04:00:00,0.4916
2024-02-11 05:00:00,0.521
2024-02-11 06:00:00,0.5540999999999999
2024-02-11 07:00:00,0.5988
2024-02-11 08:00:00,0.6202000000000001
2024-02-11 09:00:00,0.653
2024-02-11 10:00:00,0.6889
2024-02-11 11:00:00,0.7206
2024-02-11 12:00:00,0.7101999999999999
2024-02-11 13:00:00,0.6954
2024-02-11 14:00:00,0.7134
2024-02-11 15:00:00,0.7289
2024-02-11 16:00:00,0.7664
2024-02-11 17:00:00,0.8569
2024-02-11 18:00:00,0.8813
2024-02-11 19:00:00,0.7996
2024-02-11 20:00:00,0.7129000000000001
2024-02-11 21:00:00,0.68
2024-02-11 22:00:00,0.6365999999999999
2024-02-11 23:00:00,0.6464
2024-02-12 00:00:00,0.7023
2024-02-12 01:00:00,0.6751999999999999
2024-02-12 02:00:00,0.6622
2024-02-12 03:00:00,0.6507999999999999
2024-02-12 04:00:00,0.667
2024-02-12 05:00:00,0.6762999999999999
2024-02-12 06:00:00,0.7535
2024-02-12 07:00:00,0.9342
2024-02-12 08:00:00,1.1375
2024-02-12 09:00:00,1.0554999999999999
2024-02-12 10:00:00,0.935
2024-02-12 11:00:00,0.8651000000000001
2024-02-12 12:00:00,0.7354
2024-02-12 13:00:00,0.7181000000000001
2024-02-12 14:00:00,0.7139
2024-02-12 15:00:00,0.7268000000000001
2024-02-12 16:00:00,0.8540000000000001
2024-02-12 17:00:00,1.025
2024-02-12 18:00:00,1.0478
2024-02-12 19:00:00,0.9723999999999999
2024-02-12 20:00:00,0.8621
2024-02-12 21:00:00,0.7653
2024-02-12 22:00:00,0.7181000000000001
2024-02-12 23:00:00,0.6751999999999999
2024-02-13 00:00:00,0.7232
2024-02-13 01:00:00,0.7101999999999999
2024-02-13 02:00:00,0.6864
2024-02-13 03:00:00,0.6623
2024-02-13 04:00:00,0.6585
2024-02-13 05:00:00,0.5512
2024-02-13 06:00:00,0.7215
2024-02-13 07:00:00,0.8256
2024-02-13 08:00:00,0.9681000000000001
2024-02-13 09:00:00,0.8177
2024-02-13 10:00:00,0.7533
2024-02-13 11:00:00,0.7175
2024-02-13 12:00:00,0.68
2024-02-13 13:00:00,0.6769
2024-02-13 14:00:00,0.7088
2024-02-13 15:00:00,0.7712
2024-02-13 16:00:00,0.8513
2024-02-13 17:00:00,1.0342
2024-02-13 18:00:00,1.0872
2024-02-13 19:00:00,0.9909
2024-02-13 20:00:00,0.8504999999999999
2024-02-13 21:00:00,0.7839
2024-02-13 22:00:00,0.7437
2024-02-13 23:00:00,0.7084999999999999
2024-02-14 00:00:00,0.5054
2024-02-14 01:00:00,0.5119
2024-02-14 02:00:00,0.5029
2024-02-14 03:00:00,0.4996
2024-02-14 04:00:00,0.4924
2024-02-14 05:00:00,0.5023
2024-02-14 06:00:00,0.6916
2024-02-14 07:00:00,0.7944
2024-02-14 08:00:00,0.8706999999999999
2024-02-14 09:00:00,0.7606999999999999
2024-02-14 10:00:00,0.7182999999999999
2024-02-14 11:00:00,0.7119
2024-02-14 12:00:00,0.7045
2024-02-14 13:00:00,0.7075
2024-02-14 14:00:00,0.7524
2024-02-14 15:00:00,0.7872
2024-02-14 16:00:00,0.856
2024-02-14 17:00:00,0.9061
2024-02-14 18:00:00,0.9548000000000001
2024-02-14 19:00:00,0.9206
2024-02-14 20:00:00,0.8340000000000001
2024-02-14 21:00:00,0.6067
2024-02-14 22:00:00,0.5486
2024-02-14 23:00:00,0.5114
2024-02-15 00:00:00,0.6784
2024-02-15 01:00:00,0.6720999999999999
2024-02-15 02:00:00,0.6
2024-02-15 03:00:00,0.5998
2024-02-15 04:00:00,0.5502
2024-02-15 05:00:00,0.5596
2024-02-15 06:00:00,0.6795
2024-02-15 07:00:00,0.8948999999999999
2024-02-15 08:00:00,0.9068999999999999
2024-02-15 09:00:00,0.8623999999999999
2024-02-15 10:00:00,0.8156
2024-02-15 11:00:00,0.7676000000000001
2024-02-15 12:00:00,0.7342
2024-02-15 13:00:00,0.7293000000000001
2024-02-15 14:00:00,0.7670999999999999
2024-02-15 15:00:00,0.8251999999999999
2024-02-15 16:00:00,0.8656
2024-02-15 17:00:00,0.9286
2024-02-15 18:00:00,0.9286
2024-02-15 19:00:00,0.7922
2024-02-15 20:00:00,0.7253000000000001
2024-02-15 21:00:00,0.6278
2024-02-15 22:00:00,0.5858
2024-02-15 23:00:00,0.5478000000000001
2024-02-16 00:00:00,0.4299
2024-02-16 01:00:00,0.389
2024-02-16 02:00:00,0.36590000000000006
2024-02-16 03:00:00,0.3395
2024-02-16 04:00:00,0.33649999999999997
2024-02-16 05:00:00,0.3697
2024-02-16 06:00:00,0.4031
2024-02-16 07:00:00,0.43979999999999997
2024-02-16 08:00:00,0.4378
2024-02-16 09:00:00,0.42869999999999997
2024-02-16 10:00:00,0.4018
2024-02-16 11:00:00,0.39640000000000003
2024-02-16 12:00:00,0.4068
2024-02-16 13:00:00,0.3714
2024-02-16 14:00:00,0.3642
2024-02-16 15:00:00,0.3522
2024-02-16 16:00:00,0.3822
2024-02-16 17:00:00,0.4269
2024-02-16 18:00:00,0.4068
2024-02-16 19:00:00,0.33759999999999996
2024-02-16 20:00:00,0.2967
2024-02-16 21:00:00,0.2872
2024-02-16 22:00:00,0.275
2024-02-16 23:00:00,0.2202
2024-02-17 00:00:00,0.2173
2024-02-17 01:00:00,0.21239999999999998
2024-02-17 02:00:00,0.2073
2024-02-17 03:00:00,0.1487
2024-02-17 04:00:00,0.1255
2024-02-17 05:00:00,0.1124
2024-02-17 06:00:00,0.125
2024-02-17 07:00:00,0.1938
2024-02-17 08:00:00,0.2225
2024-02-17 09:00:00,0.24109999999999998
2024-02-17 10:00:00,0.23379999999999998
2024-02-17 11:00:00,0.1902
2024-02-17 12:00:00,0.1485
2024-02-17 13:00:00,0.1375
2024-02-17 14:00:00,0.1462
2024-02-17 15:00:00,0.21739999999999998
2024-02-17 16:00:00,0.2645
2024-02-17 17:00:00,0.2962
2024-02-17 18:00:00,0.29710000000000003
2024-02-17 19:00:00,0.2909
2024-02-17 20:00:00,0.289
2024-02-17 21:00:00,0.2948
2024-02-17 22:00:00,0.2858
2024-02-17 23:00:00,0.2763
2024-02-18 00:00:00,0.218
2024-02-18 01:00:00,0.2462
2024-02-18 02:00:00,0.2796
2024-02-18 03:00:00,0.31920000000000004
2024-02-18 04:00:00,0.375
2024-02-18 05:00:00,0.3925
2024-02-18 06:00:00,0.4268
2024-02-18 07:00:00,0.445
2024-02-18 08:00:00,0.469
2024-02-18 09:00:00,0.48340000000000005
2024-02-18 10:00:00,0.45439999999999997
2024-02-18 11:00:00,0.4606
2024-02-18 12:00:00,0.45039999999999997
2024-02-18 13:00:00,0.44799999999999995
2024-02-18 14:00:00,0.4816
2024-02-18 15:00:00,0.5241
2024-02-18 16:00:00,0.5181
2024-02-18 17:00:00,0.5254
2024-02-18 18:00:00,0.5173
2024-02-18 19:00:00,0.48460000000000003
2024-02-18 20:00:00,0.4534
2024-02-18 21:00:00,0.48460000000000003
2024-02-18 22:00:00,0.5025
2024-02-18 23:00:00,0.49079999999999996
2024-02-19 00:00:00,0.4824
2024-02-19 01:00:00,0.47700000000000004
2024-02-19 02:00:00,0.4966
2024-02-19 03:00:00,0.4932
2024-02-19 04:00:00,0.5046
2024-02-19 05:00:00,0.5793
2024-02-19 06:00:00,0.73
2024-02-19 07:00:00,0.8884000000000001
2024-02-19 08:00:00,0.9418000000000001
2024-02-19 09:00:00,0.8428
2024-02-19 10:00:00,0.7956
2024-02-19 11:00:00,0.7766
2024-02-19 12:00:00,0.7017
2024-02-19 13:00:00,0.6740999999999999
2024-02-19 14:00:00,0.7232
2024-02-19 15:00:00,0.7481
2024-02-19 16:00:00,0.784
2024-02-19 17:00:00,0.8420000000000001
2024-02-19 18:00:00,1.065
2024-02-19 19:00:00,0.8724
2024-02-19 20:00:00,0.6825
2024-02-19 21:00:00,0.6307
2024-02-19 22:00:00,0.6006
2024-02-19 23:00:00,0.5920000000000001
2024-02-20 00:00:00,0.5277000000000001
2024-02-20 01:00:00,0.505
2024-02-20 02:00:00,0.4836
2024-02-20 03:00:00,0.47490000000000004
2024-02-20 04:00:00,0.4857
2024-02-20 05:00:00,0.5882000000000001
2024-02-20 06:00:00,0.6734
2024-02-20 07:00:00,0.9625
2024-02-20 08:00:00,0.9967
2024-02-20 09:00:00,0.8739
2024-02-20 10:00:00,0.7781
2024-02-20 11:00:00,0.6676000000000001
2024-02-20 12:00:00,0.6013000000000001
2024-02-20 13:00:00,0.5777
2024-02-20 14:00:00,0.5819
2024-02-20 15:00:00,0.6158
2024-02-20 16:00:00,0.6284000000000001
2024-02-20 17:00:00,0.7502
2024-02-20 18:00:00,0.7363
2024-02-20 19:00:00,0.6253
2024-02-20 20:00:00,0.5907
2024-02-20 21:00:00,0.49079999999999996
2024-02-20 22:00:00,0.43829999999999997
2024-02-20 23:00:00,0.4046
2024-02-21 00:00:00,0.4193
2024-02-21 01:00:00,0.4128
2024-02-21 02:00:00,0.4131
2024-02-21 03:00:00,0.4131
2024-02-21 04:00:00,0.42579999999999996
2024-02-21 05:00:00,0.4378
2024-02-21 06:00:00,0.47950000000000004
2024-02-21 07:00:00,0.599
2024-02-21 08:00:00,0.6204
2024-02-21 09:00:00,0.6303
2024-02-21 10:00:00,0.6234000000000001
2024-02-21 11:00:00,0.621
2024-02-21 12:00:00,0.5805
2024-02-21 13:00:00,0.5609000000000001
2024-02-21 14:00:00,0.5792
2024-02-21 15:00:00,0.5682
2024-02-21 16:00:00,0.5926
2024-02-21 17:00:00,0.6254
2024-02-21 18:00:00,0.6154
2024-02-21 19:00:00,0.591
2024-02-21 20:00:00,0.5164
2024-02-21 21:00:00,0.46159999999999995
2024-02-21 22:00:00,0.44170000000000004
2024-02-21 23:00:00,0.3857
2024-02-22 00:00:00,0.3471
2024-02-22 01:00:00,0.3072
2024-02-22 02:00:00,0.30329999999999996
2024-02-22 03:00:00,0.3131
2024-02-22 04:00:00,0.3465
2024-02-22 05:00:00,0.3286
2024-02-22 06:00:00,0.37920000000000004
2024-02-22 07:00:00,0.6381
2024-02-22 08:00:00,0.7281
2024-02-22 09:00:00,0.7281
2024-02-22 10:00:00,0.6718000000000001
2024-02-22 11:00:00,0.7281
2024-02-22 12:00:00,0.5859000000000001
2024-02-22 13:00:00,0.3957
2024-02-22 14:00:00,0.3914
2024-02-22 15:00:00,0.3859
2024-02-22 16:00:00,0.3822
2024-02-22 17:00:00,0.3825
2024-02-22 18:00:00,0.3789
2024-02-22 19:00:00,0.35
2024-02-22 20:00:00,0.33630000000000004
2024-02-22 21:00:00,0.2738
2024-02-22 22:00:00,0.1351
2024-02-22 23:00:00,0.0218
2024-02-23 00:00:00,0.0179
2024-02-23 01:00:00,0.0116
2024-02-23 02:00:00,0.0039000000000000003
2024-02-23 03:00:00,0.0
2024-02-23 04:00:00,0.0
2024-02-23 05:00:00,0.0
2024-02-23 06:00:00,0.0292
2024-02-23 07:00:00,0.1605
2024-02-23 08:00:00,0.1641
2024-02-23 09:00:00,0.1391
2024-02-23 10:00:00,0.0559
2024-02-23 11:00:00,0.055
2024-02-23 12:00:00,0.0742
2024-02-23 13:00:00,0.038900000000000004
2024-02-23 14:00:00,0.0021
2024-02-23 15:00:00,0.0001
2024-02-23 16:00:00,0.0268
2024-02-23 17:00:00,0.06709999999999999
2024-02-23 18:00:00,0.06
2024-02-23 19:00:00,0.022099999999999998
2024-02-23 20:00:00,0.0
2024-02-23 21:00:00,-0.001
2024-02-23 22:00:00,-0.0017000000000000001
2024-02-23 23:00:00,-0.011000000000000001
2024-02-24 00:00:00,0.0
2024-02-24 01:00:00,0.0
2024-02-24 02:00:00,0.0001
2024-02-24 03:00:00,0.0382
2024-02-24 04:00:00,0.07200000000000001
2024-02-24 05:00:00,0.1583
2024-02-24 06:00:00,0.171
2024-02-24 07:00:00,0.2386
2024-02-24 08:00:00,0.40159999999999996
2024-02-24 09:00:00,0.5075999999999999
2024-02-24 10:00:00,0.5357
2024-02-24 11:00:00,0.47909999999999997
2024-02-24 12:00:00,0.33590000000000003
2024-02-24 13:00:00,0.34
2024-02-24 14:00:00,0.34659999999999996
2024-02-24 15:00:00,0.3785
2024-02-24 16:00:00,0.5771999999999999
2024-02-24 17:00:00,0.6317
2024-02-24 18:00:00,0.8131
2024-02-24 19:00:00,0.5532
2024-02-24 20:00:00,0.431
2024-02-24 21:00:00,0.4675
2024-02-24 22:00:00,0.4526
2024-02-24 23:00:00,0.40840000000000004
2024-02-25 00:00:00,0.3725
2024-02-25 01:00:00,0.3743
2024-02-25 02:00:00,0.3546
2024-02-25 03:00:00,0.3493
2024-02-25 04:00:00,0.345
2024-02-25 05:00:00,0.3408
2024-02-25 06:00:00,0.3432
2024-02-25 07:00:00,0.3448
2024-02-25 08:00:00,0.3771
2024-02-25 09:00:00,0.39189999999999997
2024-02-25 10:00:00,0.3932
2024-02-25 11:00:00,0.38170000000000004
2024-02-25 12:00:00,0.3397
2024-02-25 13:00:00,0.33640000000000003
2024-02-25 14:00:00,0.3354
2024-02-25 15:00:00,0.34259999999999996
2024-02-25 16:00:00,0.5196000000000001
2024-02-25 17:00:00,0.8896
2024-02-25 18:00:00,1.0142
2024-02-25 19:00:00,0.8173999999999999
2024-02-25 20:00:00,0.711
2024-02-25 21:00:00,0.48729999999999996
2024-02-25 22:00:00,0.4376
2024-02-25 23:00:00,0.33520000000000005
2024-02-26 00:00:00,0.2964
2024-02-26 01:00:00,0.3015
2024-02-26 02:00:00,0.31010000000000004
2024-02-26 03:00:00,0.32170000000000004
2024-02-26 04:00:00,0.3789
2024-02-26 05:00:00,0.39049999999999996
2024-02-26 06:00:00,0.5313
2024-02-26 07:00:00,0.7272
2024-02-26 08:00:00,0.8851
2024-02-26 09:00:00,0.7992
2024-02-26 10:00:00,0.7215
2024-02-26 11:00:00,0.6984
2024-02-26 12:00:00,0.6324000000000001
2024-02-26 13:00:00,0.6292
2024-02-26 14:00:00,0.6587999999999999
2024-02-26 15:00:00,0.6629999999999999
2024-02-26 16:00:00,0.6976
2024-02-26 17:00:00,0.8334
2024-02-26 18:00:00,0.9235
2024-02-26 19:00:00,0.8769
2024-02-26 20:00:00,0.7817000000000001
2024-02-26 21:00:00,0.711
2024-02-26 22:00:00,0.6697
2024-02-26 23:00:00,0.6577
2024-02-27 00:00:00,0.6232
2024-02-27 01:00:00,0.5972999999999999
2024-02-27 02:00:00,0.5572
2024-02-27 03:00:00,0.5674
2024-02-27 04:00:00,0.6135
2024-02-27 05:00:00,0.6214999999999999
2024-02-27 06:00:00,0.6709999999999999
2024-02-27 07:00:00,1.0344
2024-02-27 08:00:00,1.0359
2024-02-27 09:00:00,0.8740000000000001
2024-02-27 10:00:00,0.7432
2024-02-27 11:00:00,0.7023
2024-02-27 12:00:00,0.6409
2024-02-27 13:00:00,0.6408
2024-02-27 14:00:00,0.6252
2024-02-27 15:00:00,0.6363
2024-02-27 16:00:00,0.6613
2024-02-27 17:00:00,0.6693000000000001
2024-02-27 18:00:00,0.6693000000000001
2024-02-27 19:00:00,0.6548999999999999
2024-02-27 20:00:00,0.33490000000000003
2024-02-27 21:00:00,0.3111
2024-02-27 22:00:00,0.2717
2024-02-27 23:00:00,0.2273
2024-02-28 00:00:00,0.1916
2024-02-28 01:00:00,0.18780000000000002
2024-02-28 02:00:00,0.185
2024-02-28 03:00:00,0.1856
2024-02-28 04:00:00,0.1945
2024-02-28 05:00:00,0.2071
2024-02-28 06:00:00,0.2371
2024-02-28 07:00:00,0.2869
2024-02-28 08:00:00,0.3077
2024-02-28 09:00:00,0.3063
2024-02-28 10:00:00,0.2915
2024-02-28 11:00:00,0.2766
2024-02-28 12:00:00,0.24989999999999998
2024-02-28 13:00:00,0.23920000000000002
2024-02-28 14:00:00,0.2418
2024-02-28 15:00:00,0.24719999999999998
2024-02-28 16:00:00,0.2503
2024-02-28 17:00:00,0.2551
2024-02-28 18:00:00,0.25
2024-02-28 19:00:00,0.2354
2024-02-28 20:00:00,0.2386
2024-02-28 21:00:00,0.2303
2024-02-28 22:00:00,0.21
2024-02-28 23:00:00,0.18510000000000001
2024-02-29 00:00:00,0.2311
2024-02-29 01:00:00,0.2186
2024-02-29 02:00:00,0.2027
2024-02-29 03:00:00,0.1935
2024-02-29 04:00:00,0.1925
2024-02-29 05:00:00,0.2045
2024-02-29 06:00:00,0.2114
2024-02-29 07:00:00,0.2305
2024-02-29 08:00:00,0.2314
2024-02-29 09:00:00,0.2243
2024-02-29 10:00:00,0.2108
2024-02-29 11:00:00,0.1885
2024-02-29 12:00:00,0.1686
2024-02-29 13:00:00,0.1491
2024-02-29 14:00:00,0.1259
2024-02-29 15:00:00,0.1033
2024-02-29 16:00:00,0.1249
2024-02-29 17:00:00,0.1382
2024-02-29 18:00:00,0.109
2024-02-29 19:00:00,0.0727
2024-02-29 20:00:00,0.032
2024-02-29 21:00:00,0.0036
2024-02-29 22:00:00,0.0
2024-02-29 23:00:00,-0.0002
2024-03-01 00:00:00,0.0695
2024-03-01 01:00:00,0.0969
2024-03-01 02:00:00,0.1234
2024-03-01 03:00:00,0.1458
2024-03-01 04:00:00,0.1607
2024-03-01 05:00:00,0.22949999999999998
2024-03-01 06:00:00,0.258
2024-03-01 07:00:00,0.2913
2024-03-01 08:00:00,0.4082
2024-03-01 09:00:00,0.4178
2024-03-01 10:00:00,0.6528
2024-03-01 11:00:00,0.6125
2024-03-01 12:00:00,0.3893
2024-03-01 13:00:00,0.34740000000000004
2024-03-01 14:00:00,0.33590000000000003
2024-03-01 15:00:00,0.44880000000000003
2024-03-01 16:00:00,0.5157
2024-03-01 17:00:00,0.7079000000000001
2024-03-01 18:00:00,0.6695
2024-03-01 19:00:00,0.3264
2024-03-01 20:00:00,0.2981
2024-03-01 21:00:00,0.29600000000000004
2024-03-01 22:00:00,0.3004
2024-03-01 23:00:00,0.29109999999999997
2024-03-02 00:00:00,0.34869999999999995
2024-03-02 01:00:00,0.3703
2024-03-02 02:00:00,0.38799999999999996
2024-03-02 03:00:00,0.39640000000000003
2024-03-02 04:00:00,0.4133
2024-03-02 05:00:00,0.42460000000000003
2024-03-02 06:00:00,0.4078
2024-03-02 07:00:00,0.4239
2024-03-02 08:00:00,0.44670000000000004
2024-03-02 09:00:00,0.47090000000000004
2024-03-02 10:00:00,0.4635
2024-03-02 11:00:00,0.48219999999999996
2024-03-02 12:00:00,0.4891
2024-03-02 13:00:00,0.5362
2024-03-02 14:00:00,0.5521
2024-03-02 15:00:00,0.5665
2024-03-02 16:00:00,0.6622
2024-03-02 17:00:00,0.7056
2024-03-02 18:00:00,0.7152
2024-03-02 19:00:00,0.6759999999999999
2024-03-02 20:00:00,0.5717
2024-03-02 21:00:00,0.5378000000000001
2024-03-02 22:00:00,0.6415000000000001
2024-03-02 23:00:00,0.5018
2024-03-03 00:00:00,0.5769
2024-03-03 01:00:00,0.5814
2024-03-03 02:00:00,0.5874
2024-03-03 03:00:00,0.5984
2024-03-03 04:00:00,0.6008
2024-03-03 05:00:00,0.6064
2024-03-03 06:00:00,0.6114999999999999
2024-03-03 07:00:00,0.621
2024-03-03 08:00:00,0.6127
2024-03-03 09:00:00,0.604
2024-03-03 10:00:00,0.5818
2024-03-03 11:00:00,0.5533
2024-03-03 12:00:00,0.5315
2024-03-03 13:00:00,0.4756
2024-03-03 14:00:00,0.524
2024-03-03 15:00:00,0.6056
2024-03-03 16:00:00,0.6528
2024-03-03 17:00:00,0.7037
2024-03-03 18:00:00,0.7088
2024-03-03 19:00:00,0.684
2024-03-03 20:00:00,0.6689
2024-03-03 21:00:00,0.6585
2024-03-03 22:00:00,0.6524
2024-03-03 23:00:00,0.6481
2024-03-04 00:00:00,0.6543000000000001
2024-03-04 01:00:00,0.6579
2024-03-04 02:00:00,0.6567000000000001
2024-03-04 03:00:00,0.6578
2024-03-04 04:00:00,0.6598999999999999
2024-03-04 05:00:00,0.6698999999999999
2024-03-04 06:00:00,0.6815000000000001
2024-03-04 07:00:00,1.0469
2024-03-04 08:00:00,1.1162
2024-03-04 09:00:00,0.9196
2024-03-04 10:00:00,0.7128
2024-03-04 11:00:00,0.6547
2024-03-04 12:00:00,0.6628000000000001
2024-03-04 13:00:00,0.6624
2024-03-04 14:00:00,0.6667000000000001
2024-03-04 15:00:00,0.6698000000000001
2024-03-04 16:00:00,0.6759000000000001
2024-03-04 17:00:00,0.8092
2024-03-04 18:00:00,0.8092
2024-03-04 19:00:00,0.7023
2024-03-04 20:00:00,0.6812
2024-03-04 21:00:00,0.6627
2024-03-04 22:00:00,0.6515000000000001
2024-03-04 23:00:00,0.6474
2024-03-05 00:00:00,0.632
2024-03-05 01:00:00,0.6351
2024-03-05 02:00:00,0.6347999999999999
2024-03-05 03:00:00,0.6336999999999999
2024-03-05 04:00:00,0.635
2024-03-05 05:00:00,0.6453
2024-03-05 06:00:00,0.6564
2024-03-05 07:00:00,0.6779999999999999
2024-03-05 08:00:00,0.6886
2024-03-05 09:00:00,0.6706
2024-03-05 10:00:00,0.6654000000000001
2024-03-05 11:00:00,0.6659
2024-03-05 12:00:00,0.659
2024-03-05 13:00:00,0.6587999999999999
2024-03-05 14:00:00,0.6640999999999999
2024-03-05 15:00:00,0.6707
2024-03-05 16:00:00,0.6823999999999999
2024-03-05 17:00:00,0.8305
2024-03-05 18:00:00,1.0763
2024-03-05 19:00:00,0.8856999999999999
2024-03-05 20:00:00,0.7631
2024-03-05 21:00:00,0.7166
2024-03-05 22:00:00,0.6969
2024-03-05 23:00:00,0.6835
2024-03-06 00:00:00,0.7222
2024-03-06 01:00:00,0.7081000000000001
2024-03-06 02:00:00,0.7012999999999999
2024-03-06 03:00:00,0.7078
2024-03-06 04:00:00,0.7323999999999999
2024-03-06 05:00:00,0.7736
2024-03-06 06:00:00,0.9134
2024-03-06 07:00:00,1.1681
2024-03-06 08:00:00,1.1968
2024-03-06 09:00:00,0.9553
2024-03-06 10:00:00,0.8279000000000001
2024-03-06 11:00:00,0.7859
2024-03-06 12:00:00,0.7594
2024-03-06 13:00:00,0.7582
2024-03-06 14:00:00,0.7714
2024-03-06 15:00:00,0.7892
2024-03-06 16:00:00,0.8713
2024-03-06 17:00:00,1.1281
2024-03-06 18:00:00,1.3452000000000002
2024-03-06 19:00:00,1.3428
2024-03-06 20:00:00,1.0209000000000001
2024-03-06 21:00:00,0.8762000000000001
2024-03-06 22:00:00,0.8222
2024-03-06 23:00:00,0.7395
2024-03-07 00:00:00,0.7644
2024-03-07 01:00:00,0.7399
2024-03-07 02:00:00,0.7295999999999999
2024-03-07 03:00:00,0.7247
2024-03-07 04:00:00,0.73
2024-03-07 05:00:00,0.7473000000000001
2024-03-07 06:00:00,0.8837999999999999
2024-03-07 07:00:00,1.1625
2024-03-07 08:00:00,1.0578
2024-03-07 09:00:00,0.8641
2024-03-07 10:00:00,0.7775
2024-03-07 11:00:00,0.7214
2024-03-07 12:00:00,0.6869
2024-03-07 13:00:00,0.6788
2024-03-07 14:00:00,0.6962999999999999
2024-03-07 15:00:00,0.7159
2024-03-07 16:00:00,0.7309
2024-03-07 17:00:00,0.9712999999999999
2024-03-07 18:00:00,1.1562000000000001
2024-03-07 19:00:00,0.9861
2024-03-07 20:00:00,0.9001
2024-03-07 21:00:00,0.7734000000000001
2024-03-07 22:00:00,0.7275
2024-03-07 23:00:00,0.7173999999999999
2024-03-08 00:00:00,0.7408
2024-03-08 01:00:00,0.7271
2024-03-08 02:00:00,0.7269
2024-03-08 03:00:00,0.7172
2024-03-08 04:00:00,0.7198
2024-03-08 05:00:00,0.7287
2024-03-08 06:00:00,0.8464
2024-03-08 07:00:00,1.0652
2024-03-08 08:00:00,0.996
2024-03-08 09:00:00,0.8131999999999999
2024-03-08 10:00:00,0.6652
2024-03-08 11:00:00,0.625
2024-03-08 12:00:00,0.607
2024-03-08 13:00:00,0.5916
2024-03-08 14:00:00,0.5824
2024-03-08 15:00:00,0.5907
2024-03-08 16:00:00,0.6511
2024-03-08 17:00:00,0.78
2024-03-08 18:00:00,0.8509
2024-03-08 19:00:00,0.8676999999999999
2024-03-08 20:00:00,0.7715000000000001
2024-03-08 21:00:00,0.7092
2024-03-08 22:00:00,0.7062
2024-03-08 23:00:00,0.6711
2024-03-09 00:00:00,0.6474
2024-03-09 01:00:00,0.6134000000000001
2024-03-09 02:00:00,0.6028
2024-03-09 03:00:00,0.5968
2024-03-09 04:00:00,0.5562
2024-03-09 05:00:00,0.547
2024-03-09 06:00:00,0.5768
2024-03-09 07:00:00,0.5927
2024-03-09 08:00:00,0.5927
2024-03-09 09:00:00,0.5375
2024-03-09 10:00:00,0.5508
2024-03-09 11:00:00,0.536
2024-03-09 12:00:00,0.5505
2024-03-09 13:00:00,0.5249
2024-03-09 14:00:00,0.5075999999999999
2024-03-09 15:00:00,0.5082
2024-03-09 16:00:00,0.6024
2024-03-09 17:00:00,0.6686
2024-03-09 18:00:00,0.6933
2024-03-09 19:00:00,0.672
2024-03-09 20:00:00,0.635
2024-03-09 21:00:00,0.6034
2024-03-09 22:00:00,0.5918
2024-03-09 23:00:00,0.5621
2024-03-10 00:00:00,0.5438000000000001
2024-03-10 01:00:00,0.5147999999999999
2024-03-10 02:00:00,0.4581
2024-03-10 03:00:00,0.39740000000000003
2024-03-10 04:00:00,0.36200000000000004
2024-03-10 05:00:00,0.3608
2024-03-10 06:00:00,0.379
2024-03-10 07:00:00,0.4414
2024-03-10 08:00:00,0.3892
2024-03-10 09:00:00,0.35
2024-03-10 10:00:00,0.36469999999999997
2024-03-10 11:00:00,0.37689999999999996
2024-03-10 12:00:00,0.374
2024-03-10 13:00:00,0.37670000000000003
2024-03-10 14:00:00,0.37479999999999997
2024-03-10 15:00:00,0.3605
2024-03-10 16:00:00,0.5449
2024-03-10 17:00:00,0.6168
2024-03-10 18:00:00,0.6443000000000001
2024-03-10 19:00:00,0.6209
2024-03-10 20:00:00,0.5589999999999999
2024-03-10 21:00:00,0.5863
2024-03-10 22:00:00,0.5589999999999999
2024-03-10 23:00:00,0.5487
2024-03-11 00:00:00,0.41
2024-03-11 01:00:00,0.3789
2024-03-11 02:00:00,0.38939999999999997
2024-03-11 03:00:00,0.3912
2024-03-11 04:00:00,0.4971
2024-03-11 05:00:00,0.6142
2024-03-11 06:00:00,0.6309
2024-03-11 07:00:00,0.696
2024-03-11 08:00:00,0.7242000000000001
2024-03-11 09:00:00,0.7025
2024-03-11 10:00:00,0.6919
2024-03-11 11:00:00,0.6756
2024-03-11 12:00:00,0.6578
2024-03-11 13:00:00,0.6586
2024-03-11 14:00:00,0.6564
2024-03-11 15:00:00,0.6701
2024-03-11 16:00:00,0.6887000000000001
2024-03-11 17:00:00,0.7301000000000001
2024-03-11 18:00:00,0.8161
2024-03-11 19:00:00,0.7826000000000001
2024-03-11 20:00:00,0.7509999999999999
2024-03-11 21:00:00,0.7332
2024-03-11 22:00:00,0.7092
2024-03-11 23:00:00,0.6701
2024-03-12 00:00:00,0.7225
2024-03-12 01:00:00,0.7101999999999999
2024-03-12 02:00:00,0.7084
2024-03-12 03:00:00,0.7062
2024-03-12 04:00:00,0.7145
2024-03-12 05:00:00,0.7739
2024-03-12 06:00:00,0.8103
2024-03-12 07:00:00,1.0726
2024-03-12 08:00:00,1.1112
2024-03-12 09:00:00,1.0173
2024-03-12 10:00:00,0.93
2024-03-12 11:00:00,0.8748999999999999
2024-03-12 12:00:00,0.8523999999999999
2024-03-12 13:00:00,0.8244
2024-03-12 14:00:00,0.784
2024-03-12 15:00:00,0.7723
2024-03-12 16:00:00,0.7720999999999999
2024-03-12 17:00:00,0.8434999999999999
2024-03-12 18:00:00,0.9213
2024-03-12 19:00:00,1.1093000000000002
2024-03-12 20:00:00,0.7955
2024-03-12 21:00:00,0.7990999999999999
2024-03-12 22:00:00,0.764
2024-03-12 23:00:00,0.7067
2024-03-13 00:00:00,0.6565000000000001
2024-03-13 01:00:00,0.6396000000000001
2024-03-13 02:00:00,0.6322
2024-03-13 03:00:00,0.6265999999999999
2024-03-13 04:00:00,0.6301
2024-03-13 05:00:00,0.6515000000000001
2024-03-13 06:00:00,0.672
2024-03-13 07:00:00,0.8148000000000001
2024-03-13 08:00:00,1.0016
2024-03-13 09:00:00,0.8572
2024-03-13 10:00:00,0.7515999999999999
2024-03-13 11:00:00,0.6801999999999999
2024-03-13 12:00:00,0.6681
2024-03-13 13:00:00,0.6434000000000001
2024-03-13 14:00:00,0.6351
2024-03-13 15:00:00,0.6332
2024-03-13 16:00:00,0.6589
2024-03-13 17:00:00,0.7031999999999999
2024-03-13 18:00:00,0.7028
2024-03-13 19:00:00,0.6139
2024-03-13 20:00:00,0.3983
2024-03-13 21:00:00,0.3446
2024-03-13 22:00:00,0.289
2024-03-13 23:00:00,0.1394
2024-03-14 00:00:00,0.2932
2024-03-14 01:00:00,0.2347
2024-03-14 02:00:00,0.21280000000000002
2024-03-14 03:00:00,0.1449
2024-03-14 04:00:00,0.1595
2024-03-14 05:00:00,0.2231
2024-03-14 06:00:00,0.3006
2024-03-14 07:00:00,0.3398
2024-03-14 08:00:00,0.3411
2024-03-14 09:00:00,0.3371
2024-03-14 10:00:00,0.3394
2024-03-14 11:00:00,0.3427
2024-03-14 12:00:00,0.3353
2024-03-14 13:00:00,0.3249
2024-03-14 14:00:00,0.3071
2024-03-14 15:00:00,0.27899999999999997
2024-03-14 16:00:00,0.25
2024-03-14 17:00:00,0.2343
2024-03-14 18:00:00,0.2602
2024-03-14 19:00:00,0.21660000000000001
2024-03-14 20:00:00,0.1595
2024-03-14 21:00:00,0.039
2024-03-14 22:00:00,0.0011
2024-03-14 23:00:00,-0.001
2024-03-15 00:00:00,-0.0012
2024-03-15 01:00:00,-0.0012
2024-03-15 02:00:00,-0.0011
2024-03-15 03:00:00,-0.0007000000000000001
2024-03-15 04:00:00,0.0001
2024-03-15 05:00:00,0.1502
2024-03-15 06:00:00,0.3054
2024-03-15 07:00:00,0.39640000000000003
2024-03-15 08:00:00,0.4428
2024-03-15 09:00:00,0.4717
2024-03-15 10:00:00,0.504
2024-03-15 11:00:00,0.4391
2024-03-15 12:00:00,0.42969999999999997
2024-03-15 13:00:00,0.4253
2024-03-15 14:00:00,0.4915
2024-03-15 15:00:00,0.5639
2024-03-15 16:00:00,0.5811
2024-03-15 17:00:00,0.6233
2024-03-15 18:00:00,0.6365
2024-03-15 19:00:00,0.585
2024-03-15 20:00:00,0.5483
2024-03-15 21:00:00,0.4925
2024-03-15 22:00:00,0.4483
2024-03-15 23:00:00,0.42840000000000006
2024-03-16 00:00:00,0.42840000000000006
2024-03-16 01:00:00,0.4289
2024-03-16 02:00:00,0.413
2024-03-16 03:00:00,0.401
2024-03-16 04:00:00,0.39289999999999997
2024-03-16 05:00:00,0.3857
2024-03-16 06:00:00,0.386
2024-03-16 07:00:00,0.40049999999999997
2024-03-16 08:00:00,0.4175
2024-03-16 09:00:00,0.4379
2024-03-16 10:00:00,0.4412
2024-03-16 11:00:00,0.4379
2024-03-16 12:00:00,0.4033
2024-03-16 13:00:00,0.2466
2024-03-16 14:00:00,0.1462
2024-03-16 15:00:00,0.3265
2024-03-16 16:00:00,0.38530000000000003
2024-03-16 17:00:00,0.4303
2024-03-16 18:00:00,0.4269
2024-03-16 19:00:00,0.3734
2024-03-16 20:00:00,0.3343
2024-03-16 21:00:00,0.32520000000000004
2024-03-16 22:00:00,0.28559999999999997
2024-03-16 23:00:00,0.1917
2024-03-17 00:00:00,0.2982
2024-03-17 01:00:00,0.3107
2024-03-17 02:00:00,0.32880000000000004
2024-03-17 03:00:00,0.3422
2024-03-17 04:00:00,0.3958
2024-03-17 05:00:00,0.43450000000000005
2024-03-17 06:00:00,0.46630000000000005
2024-03-17 07:00:00,0.5556
2024-03-17 08:00:00,0.5588000000000001
2024-03-17 09:00:00,0.5325
2024-03-17 10:00:00,0.5127
2024-03-17 11:00:00,0.5185
2024-03-17 12:00:00,0.4722
2024-03-17 13:00:00,0.4534
2024-03-17 14:00:00,0.5297999999999999
2024-03-17 15:00:00,0.6135
2024-03-17 16:00:00,0.6489
2024-03-17 17:00:00,0.8265
2024-03-17 18:00:00,1.0395
2024-03-17 19:00:00,0.9662999999999999
2024-03-17 20:00:00,0.6890999999999999
2024-03-17 21:00:00,0.652
2024-03-17 22:00:00,0.6257
2024-03-17 23:00:00,0.5131
2024-03-18 00:00:00,0.6157
2024-03-18 01:00:00,0.4647
2024-03-18 02:00:00,0.495
2024-03-18 03:00:00,0.6106
2024-03-18 04:00:00,0.6126
2024-03-18 05:00:00,0.6279
2024-03-18 06:00:00,0.6512
2024-03-18 07:00:00,0.7562000000000001
2024-03-18 08:00:00,1.0326
2024-03-18 09:00:00,0.8862000000000001
2024-03-18 10:00:00,0.7898000000000001
2024-03-18 11:00:00,0.7132
2024-03-18 12:00:00,0.6903
2024-03-18 13:00:00,0.6659999999999999
2024-03-18 14:00:00,0.6522
2024-03-18 15:00:00,0.6503
2024-03-18 16:00:00,0.6520999999999999
2024-03-18 17:00:00,0.7465
2024-03-18 18:00:00,0.8409
2024-03-18 19:00:00,0.6803
2024-03-18 20:00:00,0.6766
2024-03-18 21:00:00,0.6501
2024-03-18 22:00:00,0.6418
2024-03-18 23:00:00,0.5004
2024-03-19 00:00:00,0.47950000000000004
2024-03-19 01:00:00,0.48719999999999997
2024-03-19 02:00:00,0.5052
2024-03-19 03:00:00,0.5201
2024-03-19 04:00:00,0.5456
2024-03-19 05:00:00,0.6214
2024-03-19 06:00:00,0.6683
2024-03-19 07:00:00,1.0295999999999998
2024-03-19 08:00:00,1.0842
2024-03-19 09:00:00,0.8145
2024-03-19 10:00:00,0.7254999999999999
2024-03-19 11:00:00,0.6493000000000001
2024-03-19 12:00:00,0.616
2024-03-19 13:00:00,0.6215999999999999
2024-03-19 14:00:00,0.636
2024-03-19 15:00:00,0.659
2024-03-19 16:00:00,0.7054
2024-03-19 17:00:00,0.777
2024-03-19 18:00:00,0.7491
2024-03-19 19:00:00,0.6690999999999999
2024-03-19 20:00:00,0.6505
2024-03-19 21:00:00,0.5584
2024-03-19 22:00:00,0.5194
2024-03-19 23:00:00,0.4814
2024-03-20 00:00:00,0.5227
2024-03-20 01:00:00,0.5214
2024-03-20 02:00:00,0.5291
2024-03-20 03:00:00,0.542
2024-03-20 04:00:00,0.5692
2024-03-20 05:00:00,0.5695
2024-03-20 06:00:00,0.6779000000000001
2024-03-20 07:00:00,1.2706
2024-03-20 08:00:00,1.0892
2024-03-20 09:00:00,0.7822
2024-03-20 10:00:00,0.7401000000000001
2024-03-20 11:00:00,0.7243999999999999
2024-03-20 12:00:00,0.6805
2024-03-20 13:00:00,0.7034
2024-03-20 14:00:00,0.7129000000000001
2024-03-20 15:00:00,0.7733
2024-03-20 16:00:00,0.8344
2024-03-20 17:00:00,1.2745
2024-03-20 18:00:00,1.7987
2024-03-20 19:00:00,1.1134
2024-03-20 20:00:00,0.738
2024-03-20 21:00:00,0.6945
2024-03-20 22:00:00,0.6731999999999999
2024-03-20 23:00:00,0.6593000000000001
2024-03-21 00:00:00,0.6758
2024-03-21 01:00:00,0.6692
2024-03-21 02:00:00,0.66
2024-03-21 03:00:00,0.6659999999999999
2024-03-21 04:00:00,0.6715000000000001
2024-03-21 05:00:00,0.6940000000000001
2024-03-21 06:00:00,0.9214
2024-03-21 07:00:00,1.1172
2024-03-21 08:00:00,1.1636
2024-03-21 09:00:00,0.91
2024-03-21 10:00:00,0.8237000000000001
2024-03-21 11:00:00,0.7553
2024-03-21 12:00:00,0.7173
2024-03-21 13:00:00,0.6784
2024-03-21 14:00:00,0.7421
2024-03-21 15:00:00,0.7359
2024-03-21 16:00:00,0.8562000000000001
2024-03-21 17:00:00,1.1478
2024-03-21 18:00:00,1.4462000000000002
2024-03-21 19:00:00,1.3729
2024-03-21 20:00:00,0.9318000000000001
2024-03-21 21:00:00,0.6995
2024-03-21 22:00:00,0.6770999999999999
2024-03-21 23:00:00,0.46659999999999996
2024-03-22 00:00:00,0.4285
2024-03-22 01:00:00,0.3896
2024-03-22 02:00:00,0.3666
2024-03-22 03:00:00,0.3289
2024-03-22 04:00:00,0.363
2024-03-22 05:00:00,0.4201
2024-03-22 06:00:00,0.4813
2024-03-22 07:00:00,0.5464
2024-03-22 08:00:00,0.6053999999999999
2024-03-22 09:00:00,0.6252
2024-03-22 10:00:00,0.5832
2024-03-22 11:00:00,0.555
2024-03-22 12:00:00,0.5527000000000001
2024-03-22 13:00:00,0.5716
2024-03-22 14:00:00,0.5544
2024-03-22 15:00:00,0.5665
2024-03-22 16:00:00,0.6075
2024-03-22 17:00:00,0.66
2024-03-22 18:00:00,0.6768000000000001
2024-03-22 19:00:00,0.6793
2024-03-22 20:00:00,0.6145
2024-03-22 21:00:00,0.5759000000000001
2024-03-22 22:00:00,0.5627
2024-03-22 23:00:00,0.5297
2024-03-23 00:00:00,0.4199
2024-03-23 01:00:00,0.42579999999999996
2024-03-23 02:00:00,0.4213
2024-03-23 03:00:00,0.43270000000000003
2024-03-23 04:00:00,0.4341
2024-03-23 05:00:00,0.435
2024-03-23 06:00:00,0.4788
2024-03-23 07:00:00,0.4963
2024-03-23 08:00:00,0.4305
2024-03-23 09:00:00,0.2731
2024-03-23 10:00:00,0.1324
2024-03-23 11:00:00,0.11869999999999999
2024-03-23 12:00:00,0.11810000000000001
2024-03-23 13:00:00,0.16570000000000001
2024-03-23 14:00:00,0.2735
2024-03-23 15:00:00,0.3342
2024-03-23 16:00:00,0.43799999999999994
2024-03-23 17:00:00,0.5512
2024-03-23 18:00:00,0.6265
2024-03-23 19:00:00,0.6693000000000001
2024-03-23 20:00:00,0.5914
2024-03-23 21:00:00,0.5361
2024-03-23 22:00:00,0.4598
2024-03-23 23:00:00,0.3564
2024-03-24 00:00:00,0.4142
2024-03-24 01:00:00,0.38689999999999997
2024-03-24 02:00:00,0.3812
2024-03-24 03:00:00,0.3831
2024-03-24 04:00:00,0.40159999999999996
2024-03-24 05:00:00,0.41509999999999997
2024-03-24 06:00:00,0.3789
2024-03-24 07:00:00,0.4252
2024-03-24 08:00:00,0.4788
2024-03-24 09:00:00,0.515
2024-03-24 10:00:00,0.5283
2024-03-24 11:00:00,0.5509000000000001
2024-03-24 12:00:00,0.5669
2024-03-24 13:00:00,0.5624
2024-03-24 14:00:00,0.5657
2024-03-24 15:00:00,0.5852
2024-03-24 16:00:00,0.6271
2024-03-24 17:00:00,0.6785
2024-03-24 18:00:00,0.8567
2024-03-24 19:00:00,0.8554999999999999
2024-03-24 20:00:00,0.7642
2024-03-24 21:00:00,0.7398
2024-03-24 22:00:00,0.7341
2024-03-24 23:00:00,0.7105
2024-03-25 00:00:00,0.7140000000000001
2024-03-25 01:00:00,0.7115
2024-03-25 02:00:00,0.7078
2024-03-25 03:00:00,0.7304
2024-03-25 04:00:00,0.7648
2024-03-25 05:00:00,0.8811
2024-03-25 06:00:00,1.0101
2024-03-25 07:00:00,1.3006
2024-03-25 08:00:00,1.1386
2024-03-25 09:00:00,0.8844
2024-03-25 10:00:00,0.8001
2024-03-25 11:00:00,0.7271
2024-03-25 12:00:00,0.7065
2024-03-25 13:00:00,0.7221
2024-03-25 14:00:00,0.737
2024-03-25 15:00:00,0.8449
2024-03-25 16:00:00,0.9258
2024-03-25 17:00:00,1.2779
2024-03-25 18:00:00,1.9663
2024-03-25 19:00:00,1.7105000000000001
2024-03-25 20:00:00,1.1453
2024-03-25 21:00:00,0.9411
2024-03-25 22:00:00,0.9087999999999999
2024-03-25 23:00:00,0.8537
2024-03-26 00:00:00,0.8270000000000001
2024-03-26 01:00:00,0.8040999999999999
2024-03-26 02:00:00,0.7709999999999999
2024-03-26 03:00:00,0.7605
2024-03-26 04:00:00,0.7839
2024-03-26 05:00:00,0.812
2024-03-26 06:00:00,0.8358
2024-03-26 07:00:00,0.9078
2024-03-26 08:00:00,0.8264
2024-03-26 09:00:00,0.6867
2024-03-26 10:00:00,0.6286999999999999
2024-03-26 11:00:00,0.5986
2024-03-26 12:00:00,0.5722
2024-03-26 13:00:00,0.5501
2024-03-26 14:00:00,0.5681
2024-03-26 15:00:00,0.632
2024-03-26 16:00:00,0.73
2024-03-26 17:00:00,0.7633
2024-03-26 18:00:00,0.7271
2024-03-26 19:00:00,0.6862
2024-03-26 20:00:00,0.669
2024-03-26 21:00:00,0.6648999999999999
2024-03-26 22:00:00,0.6494
2024-03-26 23:00:00,0.6324000000000001
2024-03-27 00:00:00,0.5791
2024-03-27 01:00:00,0.5547
2024-03-27 02:00:00,0.5325
2024-03-27 03:00:00,0.5322
2024-03-27 04:00:00,0.5381
2024-03-27 05:00:00,0.5463
2024-03-27 06:00:00,0.5611999999999999
2024-03-27 07:00:00,0.6137
2024-03-27 08:00:00,0.6840999999999999
2024-03-27 09:00:00,0.6267
2024-03-27 10:00:00,0.5676
2024-03-27 11:00:00,0.5178
2024-03-27 12:00:00,0.5154
2024-03-27 13:00:00,0.5287
2024-03-27 14:00:00,0.547
2024-03-27 15:00:00,0.5486
2024-03-27 16:00:00,0.544
2024-03-27 17:00:00,0.5557
2024-03-27 18:00:00,0.5494
2024-03-27 19:00:00,0.5373
2024-03-27 20:00:00,0.5131
2024-03-27 21:00:00,0.4997
2024-03-27 22:00:00,0.4926
2024-03-27 23:00:00,0.4818
2024-03-28 00:00:00,0.4102
2024-03-28 01:00:00,0.43310000000000004
2024-03-28 02:00:00,0.4093
2024-03-28 03:00:00,0.4044
2024-03-28 04:00:00,0.43939999999999996
2024-03-28 05:00:00,0.4683
2024-03-28 06:00:00,0.502
2024-03-28 07:00:00,0.552
2024-03-28 08:00:00,0.6154
2024-03-28 09:00:00,0.6391
2024-03-28 10:00:00,0.5313
2024-03-28 11:00:00,0.4363
2024-03-28 12:00:00,0.3788
2024-03-28 13:00:00,0.3486
2024-03-28 14:00:00,0.3392
2024-03-28 15:00:00,0.2839
2024-03-28 16:00:00,0.40270000000000006
2024-03-28 17:00:00,0.5102
2024-03-28 18:00:00,0.5028
2024-03-28 19:00:00,0.4894
2024-03-28 20:00:00,0.44789999999999996
2024-03-28 21:00:00,0.4155
2024-03-28 22:00:00,0.3582
2024-03-28 23:00:00,0.2772
2024-03-29 00:00:00,0.23870000000000002
2024-03-29 01:00:00,0.213
2024-03-29 02:00:00,0.1406
2024-03-29 03:00:00,0.1158
2024-03-29 04:00:00,0.1392
2024-03-29 05:00:00,0.14800000000000002
2024-03-29 06:00:00,0.249
2024-03-29 07:00:00,0.2595
2024-03-29 08:00:00,0.18469999999999998
2024-03-29 09:00:00,0.1539
2024-03-29 10:00:00,0.1956
2024-03-29 11:00:00,0.2182
2024-03-29 12:00:00,0.1506
2024-03-29 13:00:00,0.1143
2024-03-29 14:00:00,0.1558
2024-03-29 15:00:00,0.3035
2024-03-29 16:00:00,0.46009999999999995
2024-03-29 17:00:00,0.4904
2024-03-29 18:00:00,0.48619999999999997
2024-03-29 19:00:00,0.4853
2024-03-29 20:00:00,0.4865
2024-03-29 21:00:00,0.4625
2024-03-29 22:00:00,0.429
2024-03-29 23:00:00,0.41119999999999995
2024-03-30 00:00:00,0.4456
2024-03-30 01:00:00,0.4499
2024-03-30 02:00:00,0.4498
2024-03-30 03:00:00,0.45890000000000003
2024-03-30 04:00:00,0.4836
2024-03-30 05:00:00,0.5044
2024-03-30 06:00:00,0.5133
2024-03-30 07:00:00,0.5293
2024-03-30 08:00:00,0.5111
2024-03-30 09:00:00,0.48479999999999995
2024-03-30 10:00:00,0.4177
2024-03-30 11:00:00,0.29059999999999997
2024-03-30 12:00:00,0.2983
2024-03-30 13:00:00,0.1478
2024-03-30 14:00:00,0.1884
2024-03-30 15:00:00,0.4061
2024-03-30 16:00:00,0.5943999999999999
2024-03-30 17:00:00,0.6566
2024-03-30 18:00:00,0.6662
2024-03-30 19:00:00,0.6343
2024-03-30 20:00:00,0.6004
2024-03-30 21:00:00,0.5725
2024-03-30 22:00:00,0.5301
2024-03-30 23:00:00,0.4878
2024-03-31 00:00:00,0.4878
2024-03-31 01:00:00,0.48700000000000004
2024-03-31 02:00:00,0.48700000000000004
2024-03-31 03:00:00,0.4879
2024-03-31 04:00:00,0.5078
2024-03-31 05:00:00,0.5353
2024-03-31 06:00:00,0.5165
2024-03-31 07:00:00,0.5669
2024-03-31 08:00:00,0.5799
2024-03-31 09:00:00,0.5714
2024-03-31 10:00:00,0.48719999999999997
2024-03-31 11:00:00,0.40990000000000004
2024-03-31 12:00:00,0.41090000000000004
2024-03-31 13:00:00,0.3836
2024-03-31 14:00:00,0.3555
2024-03-31 15:00:00,0.3778
2024-03-31 16:00:00,0.47600000000000003
2024-03-31 17:00:00,0.6103000000000001
2024-03-31 18:00:00,0.6678000000000001
2024-03-31 19:00:00,0.6727
2024-03-31 20:00:00,0.5891
2024-03-31 21:00:00,0.5805
2024-03-31 22:00:00,0.5363
2024-03-31 23:00:00,0.5097
2024-04-01 00:00:00,0.4683
2024-04-01 01:00:00,0.4681
2024-04-01 02:00:00,0.4637
2024-04-01 03:00:00,0.43450000000000005
2024-04-01 04:00:00,0.4229
2024-04-01 05:00:00,0.4229
2024-04-01 06:00:00,0.4274
2024-04-01 07:00:00,0.4664
2024-04-01 08:00:00,0.491
2024-04-01 09:00:00,0.4736
2024-04-01 10:00:00,0.43450000000000005
2024-04-01 11:00:00,0.3522
2024-04-01 12:00:00,0.2091
2024-04-01 13:00:00,0.2324
2024-04-01 14:00:00,0.1162
2024-04-01 15:00:00,0.0518
2024-04-01 16:00:00,0.0478
2024-04-01 17:00:00,0.1524
2024-04-01 18:00:00,0.39299999999999996
2024-04-01 19:00:00,0.4235
2024-04-01 20:00:00,0.3725
2024-04-01 21:00:00,0.32549999999999996
2024-04-01 22:00:00,0.0482
2024-04-01 23:00:00,0.0038
2024-04-02 00:00:00,0.0642
2024-04-02 01:00:00,0.0148
2024-04-02 02:00:00,0.006999999999999999
2024-04-02 03:00:00,0.0097
2024-04-02 04:00:00,0.0175
2024-04-02 05:00:00,0.0812
2024-04-02 06:00:00,0.4623
2024-04-02 07:00:00,0.5898
2024-04-02 08:00:00,0.6496
2024-04-02 09:00:00,0.5426
2024-04-02 10:00:00,0.4437
2024-04-02 11:00:00,0.45539999999999997
2024-04-02 12:00:00,0.45520000000000005
2024-04-02 13:00:00,0.4447
2024-04-02 14:00:00,0.3868
2024-04-02 15:00:00,0.2909
2024-04-02 16:00:00,0.1023
2024-04-02 17:00:00,0.4775
2024-04-02 18:00:00,0.5572
2024-04-02 19:00:00,0.529
2024-04-02 20:00:00,0.4972
2024-04-02 21:00:00,0.45380000000000004
2024-04-02 22:00:00,0.2978
2024-04-02 23:00:00,0.0192
2024-04-03 00:00:00,0.2923
2024-04-03 01:00:00,0.2386
2024-04-03 02:00:00,0.196
2024-04-03 03:00:00,0.1502
2024-04-03 04:00:00,0.3104
2024-04-03 05:00:00,0.4045
2024-04-03 06:00:00,0.462
2024-04-03 07:00:00,0.5329999999999999
2024-04-03 08:00:00,0.5761
2024-04-03 09:00:00,0.602
2024-04-03 10:00:00,0.5851
2024-04-03 11:00:00,0.562
2024-04-03 12:00:00,0.5753
2024-04-03 13:00:00,0.5650999999999999
2024-04-03 14:00:00,0.5598
2024-04-03 15:00:00,0.5738
2024-04-03 16:00:00,0.6239
2024-04-03 17:00:00,0.6853
2024-04-03 18:00:00,0.7282
2024-04-03 19:00:00,0.7428
2024-04-03 20:00:00,0.7115
2024-04-03 21:00:00,0.6759999999999999
2024-04-03 22:00:00,0.6668999999999999
2024-04-03 23:00:00,0.6397999999999999
2024-04-04 00:00:00,0.6315999999999999
2024-04-04 01:00:00,0.6026
2024-04-04 02:00:00,0.5811999999999999
2024-04-04 03:00:00,0.5974
2024-04-04 04:00:00,0.6017
2024-04-04 05:00:00,0.6265
2024-04-04 06:00:00,0.7055
2024-04-04 07:00:00,0.8951
2024-04-04 08:00:00,0.8726999999999999
2024-04-04 09:00:00,0.8317
2024-04-04 10:00:00,0.8014
2024-04-04 11:00:00,0.7306
2024-04-04 12:00:00,0.6729
2024-04-04 13:00:00,0.6513
2024-04-04 14:00:00,0.6429
2024-04-04 15:00:00,0.6507999999999999
2024-04-04 16:00:00,0.6613
2024-04-04 17:00:00,0.7811
2024-04-04 18:00:00,0.846
2024-04-04 19:00:00,1.0178
2024-04-04 20:00:00,0.7852
2024-04-04 21:00:00,0.6944
2024-04-04 22:00:00,0.6628000000000001
2024-04-04 23:00:00,0.6487999999999999
2024-04-05 00:00:00,0.5375
2024-04-05 01:00:00,0.5546
2024-04-05 02:00:00,0.546
2024-04-05 03:00:00,0.5346
2024-04-05 04:00:00,0.5439
2024-04-05 05:00:00,0.5434
2024-04-05 06:00:00,0.5859000000000001
2024-04-05 07:00:00,0.654
2024-04-05 08:00:00,0.7040000000000001
2024-04-05 09:00:00,0.6889
2024-04-05 10:00:00,0.5802
2024-04-05 11:00:00,0.5232
2024-04-05 12:00:00,0.5105
2024-04-05 13:00:00,0.45990000000000003
2024-04-05 14:00:00,0.42590000000000006
2024-04-05 15:00:00,0.3566
2024-04-05 16:00:00,0.3172
2024-04-05 17:00:00,0.4595
2024-04-05 18:00:00,0.5705
2024-04-05 19:00:00,0.6136
2024-04-05 20:00:00,0.6195
2024-04-05 21:00:00,0.6136
2024-04-05 22:00:00,0.6059
2024-04-05 23:00:00,0.5700999999999999
2024-04-06 00:00:00,0.48460000000000003
2024-04-06 01:00:00,0.5045000000000001
2024-04-06 02:00:00,0.5071
2024-04-06 03:00:00,0.5171
2024-04-06 04:00:00,0.5475
2024-04-06 05:00:00,0.556
2024-04-06 06:00:00,0.5755
2024-04-06 07:00:00,0.5907
2024-04-06 08:00:00,0.5789
2024-04-06 09:00:00,0.556
2024-04-06 10:00:00,0.4508
2024-04-06 11:00:00,0.4608
2024-04-06 12:00:00,0.4558
2024-04-06 13:00:00,0.4361
2024-04-06 14:00:00,0.40240000000000004
2024-04-06 15:00:00,0.45189999999999997
2024-04-06 16:00:00,0.4595
2024-04-06 17:00:00,0.5333
2024-04-06 18:00:00,0.6073
2024-04-06 19:00:00,0.5872999999999999
2024-04-06 20:00:00,0.5564
2024-04-06 21:00:00,0.5188
2024-04-06 22:00:00,0.4594
2024-04-06 23:00:00,0.29109999999999997
2024-04-07 00:00:00,0.13
2024-04-07 01:00:00,0.0012
2024-04-07 02:00:00,0.0
2024-04-07 03:00:00,0.0
2024-04-07 04:00:00,0.0
2024-04-07 05:00:00,0.0
2024-04-07 06:00:00,0.0
2024-04-07 07:00:00,0.0
2024-04-07 08:00:00,0.0
2024-04-07 09:00:00,-0.0001
2024-04-07 10:00:00,-0.0018
2024-04-07 11:00:00,-0.0346
2024-04-07 12:00:00,-0.045899999999999996
2024-04-07 13:00:00,-0.0754
2024-04-07 14:00:00,-0.115
2024-04-07 15:00:00,-0.057999999999999996
2024-04-07 16:00:00,-0.0018
2024-04-07 17:00:00,0.0776
2024-04-07 18:00:00,0.3189
2024-04-07 19:00:00,0.3436
2024-04-07 20:00:00,0.2958
2024-04-07 21:00:00,0.2717
2024-04-07 22:00:00,0.0571
2024-04-07 23:00:00,0.013999999999999999
2024-04-08 00:00:00,0.033
2024-04-08 01:00:00,0.0285
2024-04-08 02:00:00,0.0473
2024-04-08 03:00:00,0.0565
2024-04-08 04:00:00,0.2809
2024-04-08 05:00:00,0.3897
2024-04-08 06:00:00,0.4521
2024-04-08 07:00:00,0.465
2024-04-08 08:00:00,0.5316
2024-04-08 09:00:00,0.5913
2024-04-08 10:00:00,0.5479999999999999
2024-04-08 11:00:00,0.46
2024-04-08 12:00:00,0.4483
2024-04-08 13:00:00,0.4096
2024-04-08 14:00:00,0.4301
2024-04-08 15:00:00,0.4959
2024-04-08 16:00:00,0.512
2024-04-08 17:00:00,0.5562
2024-04-08 18:00:00,0.5941
2024-04-08 19:00:00,0.6077
2024-04-08 20:00:00,0.6033
2024-04-08 21:00:00,0.6054999999999999
2024-04-08 22:00:00,0.5635
2024-04-08 23:00:00,0.5318
2024-04-09 00:00:00,0.4794
2024-04-09 01:00:00,0.493
2024-04-09 02:00:00,0.5025999999999999
2024-04-09 03:00:00,0.5234000000000001
2024-04-09 04:00:00,0.5659000000000001
2024-04-09 05:00:00,0.5711999999999999
2024-04-09 06:00:00,0.6347
2024-04-09 07:00:00,0.9852
2024-04-09 08:00:00,0.8864
2024-04-09 09:00:00,0.7542
2024-04-09 10:00:00,0.5788
2024-04-09 11:00:00,0.5167
2024-04-09 12:00:00,0.4303
2024-04-09 13:00:00,0.3444
2024-04-09 14:00:00,0.30879999999999996
2024-04-09 15:00:00,0.34119999999999995
2024-04-09 16:00:00,0.45630000000000004
2024-04-09 17:00:00,0.5546
2024-04-09 18:00:00,0.5801
2024-04-09 19:00:00,0.5268999999999999
2024-04-09 20:00:00,0.4571
2024-04-09 21:00:00,0.4366
2024-04-09 22:00:00,0.3771
2024-04-09 23:00:00,0.0572
2024-04-10 00:00:00,0.08039999999999999
2024-04-10 01:00:00,0.047
2024-04-10 02:00:00,0.009899999999999999
2024-04-10 03:00:00,0.0
2024-04-10 04:00:00,-0.0001
2024-04-10 05:00:00,0.0
2024-04-10 06:00:00,0.0354
2024-04-10 07:00:00,0.1557
2024-04-10 08:00:00,0.2229
2024-04-10 09:00:00,0.056900000000000006
2024-04-10 10:00:00,0.0172
2024-04-10 11:00:00,0.0
2024-04-10 12:00:00,-0.001
2024-04-10 13:00:00,-0.0171
2024-04-10 14:00:00,-0.0232
2024-04-10 15:00:00,-0.023799999999999998
2024-04-10 16:00:00,-0.024
2024-04-10 17:00:00,-0.0219
2024-04-10 18:00:00,-0.022099999999999998
2024-04-10 19:00:00,-0.0218
2024-04-10 20:00:00,-0.023
2024-04-10 21:00:00,-0.026000000000000002
2024-04-10 22:00:00,-0.028300000000000002
2024-04-10 23:00:00,-0.0354
2024-04-11 00:00:00,-0.0352
2024-04-11 01:00:00,-0.0352
2024-04-11 02:00:00,-0.035
2024-04-11 03:00:00,-0.0344
2024-04-11 04:00:00,-0.0239
2024-04-11 05:00:00,-0.0123
2024-04-11 06:00:00,0.029900000000000003
2024-04-11 07:00:00,0.14400000000000002
2024-04-11 08:00:00,0.28309999999999996
2024-04-11 09:00:00,0.2771
2024-04-11 10:00:00,0.0825
2024-04-11 11:00:00,0.0096
2024-04-11 12:00:00,0.0026
2024-04-11 13:00:00,0.003
2024-04-11 14:00:00,0.0031
2024-04-11 15:00:00,0.0481
2024-04-11 16:00:00,0.09939999999999999
2024-04-11 17:00:00,0.2554
2024-04-11 18:00:00,0.2933
2024-04-11 19:00:00,0.2909
2024-04-11 20:00:00,0.24059999999999998
2024-04-11 21:00:00,0.21559999999999999
2024-04-11 22:00:00,0.056600000000000004
2024-04-11 23:00:00,0.039599999999999996
2024-04-12 00:00:00,0.048
2024-04-12 01:00:00,0.0478
2024-04-12 02:00:00,0.0504
2024-04-12 03:00:00,0.056799999999999996
2024-04-12 04:00:00,0.1794
2024-04-12 05:00:00,0.3171
2024-04-12 06:00:00,0.4556
2024-04-12 07:00:00,0.5442
2024-04-12 08:00:00,0.7387999999999999
2024-04-12 09:00:00,0.7561
2024-04-12 10:00:00,0.486
2024-04-12 11:00:00,0.2875
2024-04-12 12:00:00,0.2316
2024-04-12 13:00:00,0.0574
2024-04-12 14:00:00,0.009300000000000001
2024-04-12 15:00:00,0.005
2024-04-12 16:00:00,0.1985
2024-04-12 17:00:00,0.4542
2024-04-12 18:00:00,0.4582
2024-04-12 19:00:00,0.3558
2024-04-12 20:00:00,0.2696
2024-04-12 21:00:00,0.221
2024-04-12 22:00:00,0.1714
2024-04-12 23:00:00,0.0567
2024-04-13 00:00:00,0.011000000000000001
2024-04-13 01:00:00,0.009399999999999999
2024-04-13 02:00:00,0.0116
2024-04-13 03:00:00,0.0345
2024-04-13 04:00:00,0.047400000000000005
2024-04-13 05:00:00,0.1158
2024-04-13 06:00:00,0.11560000000000001
2024-04-13 07:00:00,0.1929
2024-04-13 08:00:00,0.26
2024-04-13 09:00:00,0.1018
2024-04-13 10:00:00,-0.0002
2024-04-13 11:00:00,-0.0467
2024-04-13 12:00:00,-0.0928
2024-04-13 13:00:00,-0.23370000000000002
2024-04-13 14:00:00,-0.3392
2024-04-13 15:00:00,-0.36560000000000004
2024-04-13 16:00:00,-0.1165
2024-04-13 17:00:00,0.0231
2024-04-13 18:00:00,0.26280000000000003
2024-04-13 19:00:00,0.2882
2024-04-13 20:00:00,0.2903
2024-04-13 21:00:00,0.2984
2024-04-13 22:00:00,0.2384
2024-04-13 23:00:00,0.0816
2024-04-14 00:00:00,0.005
2024-04-14 01:00:00,0.0096
2024-04-14 02:00:00,0.0106
2024-04-14 03:00:00,0.0049
2024-04-14 04:00:00,0.005699999999999999
2024-04-14 05:00:00,0.0337
2024-04-14 06:00:00,0.1454
2024-04-14 07:00:00,0.1506
2024-04-14 08:00:00,0.0859
2024-04-14 09:00:00,0.0
2024-04-14 10:00:00,0.011699999999999999
2024-04-14 11:00:00,0.0572
2024-04-14 12:00:00,0.06570000000000001
2024-04-14 13:00:00,0.0591
2024-04-14 14:00:00,0.0509
2024-04-14 15:00:00,0.0572
2024-04-14 16:00:00,-0.0118
2024-04-14 17:00:00,0.0182
2024-04-14 18:00:00,0.2445
2024-04-14 19:00:00,0.16149999999999998
2024-04-14 20:00:00,0.0168
2024-04-14 21:00:00,0.0
2024-04-14 22:00:00,-0.0006
2024-04-14 23:00:00,-0.0017000000000000001
2024-04-15 00:00:00,-0.02
2024-04-15 01:00:00,-0.0196
2024-04-15 02:00:00,-0.0067
2024-04-15 03:00:00,-0.0007000000000000001
2024-04-15 04:00:00,0.0028000000000000004
2024-04-15 05:00:00,0.1957
2024-04-15 06:00:00,0.4732
2024-04-15 07:00:00,1.6822
2024-04-15 08:00:00,1.2055
2024-04-15 09:00:00,0.5740999999999999
2024-04-15 10:00:00,0.5771000000000001
2024-04-15 11:00:00,0.5299
2024-04-15 12:00:00,0.49829999999999997
2024-04-15 13:00:00,0.3811
2024-04-15 14:00:00,0.226
2024-04-15 15:00:00,0.34700000000000003
2024-04-15 16:00:00,0.41229999999999994
2024-04-15 17:00:00,0.5224
2024-04-15 18:00:00,0.5144
2024-04-15 19:00:00,0.5437
2024-04-15 20:00:00,0.5582
2024-04-15 21:00:00,0.5481
2024-04-15 22:00:00,0.5225
2024-04-15 23:00:00,0.4057
2024-04-16 00:00:00,0.3589
2024-04-16 01:00:00,0.20559999999999998
2024-04-16 02:00:00,0.07690000000000001
2024-04-16 03:00:00,0.0635
2024-04-16 04:00:00,0.2069
2024-04-16 05:00:00,0.41869999999999996
2024-04-16 06:00:00,0.5664
2024-04-16 07:00:00,0.8584
2024-04-16 08:00:00,0.8584
2024-04-16 09:00:00,0.7491
2024-04-16 10:00:00,0.6015999999999999
2024-04-16 11:00:00,0.5334
2024-04-16 12:00:00,0.4966
2024-04-16 13:00:00,0.48979999999999996
2024-04-16 14:00:00,0.49950000000000006
2024-04-16 15:00:00,0.561
2024-04-16 16:00:00,0.5972
2024-04-16 17:00:00,0.6357
2024-04-16 18:00:00,1.074
2024-04-16 19:00:00,1.3175999999999999
2024-04-16 20:00:00,1.253
2024-04-16 21:00:00,0.6934999999999999
2024-04-16 22:00:00,0.627
2024-04-16 23:00:00,0.6051
2024-04-17 00:00:00,0.6673
2024-04-17 01:00:00,0.6527
2024-04-17 02:00:00,0.6475
2024-04-17 03:00:00,0.645
2024-04-17 04:00:00,0.6478
2024-04-17 05:00:00,0.6842
2024-04-17 06:00:00,1.2725
2024-04-17 07:00:00,1.9298
2024-04-17 08:00:00,1.7618
2024-04-17 09:00:00,1.1743999999999999
2024-04-17 10:00:00,0.9526
2024-04-17 11:00:00,0.9116
2024-04-17 12:00:00,0.9340999999999999
2024-04-17 13:00:00,0.9054000000000001
2024-04-17 14:00:00,0.6940999999999999
2024-04-17 15:00:00,0.6901999999999999
2024-04-17 16:00:00,0.7226
2024-04-17 17:00:00,0.7562000000000001
2024-04-17 18:00:00,1.2787
2024-04-17 19:00:00,1.0468000000000002
2024-04-17 20:00:00,0.8001
2024-04-17 21:00:00,0.8144
2024-04-17 22:00:00,0.6978
2024-04-17 23:00:00,0.6947
2024-04-18 00:00:00,0.7201000000000001
2024-04-18 01:00:00,0.7273000000000001
2024-04-18 02:00:00,0.7302
2024-04-18 03:00:00,0.7342
2024-04-18 04:00:00,0.7433
2024-04-18 05:00:00,1.0887
2024-04-18 06:00:00,1.4196
2024-04-18 07:00:00,1.8148
2024-04-18 08:00:00,1.5281
2024-04-18 09:00:00,1.1778
2024-04-18 10:00:00,1.0508
2024-04-18 11:00:00,0.9769
2024-04-18 12:00:00,0.9393
2024-04-18 13:00:00,0.8992
2024-04-18 14:00:00,0.8504
2024-04-18 15:00:00,0.8234999999999999
2024-04-18 16:00:00,0.8256
2024-04-18 17:00:00,0.9473
2024-04-18 18:00:00,1.0953
2024-04-18 19:00:00,1.4587999999999999
2024-04-18 20:00:00,1.5006
2024-04-18 21:00:00,1.2338
2024-04-18 22:00:00,0.7452
2024-04-18 23:00:00,0.7116
2024-04-19 00:00:00,0.5713
2024-04-19 01:00:00,0.6053999999999999
2024-04-19 02:00:00,0.5870000000000001
2024-04-19 03:00:00,0.5605
2024-04-19 04:00:00,0.5573
2024-04-19 05:00:00,0.5702
2024-04-19 06:00:00,0.6984
2024-04-19 07:00:00,0.8218000000000001
2024-04-19 08:00:00,0.9046
2024-04-19 09:00:00,0.8045
2024-04-19 10:00:00,0.7118000000000001
2024-04-19 11:00:00,0.6654000000000001
2024-04-19 12:00:00,0.606
2024-04-19 13:00:00,0.5654
2024-04-19 14:00:00,0.5388000000000001
2024-04-19 15:00:00,0.5496
2024-04-19 16:00:00,0.5914
2024-04-19 17:00:00,0.6616
2024-04-19 18:00:00,0.6975
2024-04-19 19:00:00,0.6896
2024-04-19 20:00:00,0.606
2024-04-19 21:00:00,0.5776
2024-04-19 22:00:00,0.53
2024-04-19 23:00:00,0.4886
2024-04-20 00:00:00,0.46630000000000005
2024-04-20 01:00:00,0.45159999999999995
2024-04-20 02:00:00,0.4382
2024-04-20 03:00:00,0.4155
2024-04-20 04:00:00,0.3753
2024-04-20 05:00:00,0.29510000000000003
2024-04-20 06:00:00,0.2973
2024-04-20 07:00:00,0.4181
2024-04-20 08:00:00,0.4639
2024-04-20 09:00:00,0.48200000000000004
2024-04-20 10:00:00,0.4915
2024-04-20 11:00:00,0.4489
2024-04-20 12:00:00,0.33840000000000003
2024-04-20 13:00:00,0.14400000000000002
2024-04-20 14:00:00,0.1232
2024-04-20 15:00:00,0.2141
2024-04-20 16:00:00,0.43700000000000006
2024-04-20 17:00:00,0.5045000000000001
2024-04-20 18:00:00,0.5527000000000001
2024-04-20 19:00:00,0.7292000000000001
2024-04-20 20:00:00,0.7384999999999999
2024-04-20 21:00:00,0.7397
2024-04-20 22:00:00,0.735
2024-04-20 23:00:00,0.5653
2024-04-21 00:00:00,0.6369
2024-04-21 01:00:00,0.6615000000000001
2024-04-21 02:00:00,0.6764
2024-04-21 03:00:00,0.695
2024-04-21 04:00:00,0.7093
2024-04-21 05:00:00,0.7158
2024-04-21 06:00:00,0.7106
2024-04-21 07:00:00,0.6990000000000001
2024-04-21 08:00:00,0.7087
2024-04-21 09:00:00,0.6371
2024-04-21 10:00:00,0.504
2024-04-21 11:00:00,0.49439999999999995
2024-04-21 12:00:00,0.5115
2024-04-21 13:00:00,0.49060000000000004
2024-04-21 14:00:00,0.4829
2024-04-21 15:00:00,0.48810000000000003
2024-04-21 16:00:00,0.5553
2024-04-21 17:00:00,0.6831
2024-04-21 18:00:00,0.8684000000000001
2024-04-21 19:00:00,1.0403
2024-04-21 20:00:00,1.109
2024-04-21 21:00:00,1.0602
2024-04-21 22:00:00,0.9852
2024-04-21 23:00:00,0.8462999999999999
2024-04-22 00:00:00,0.8973
2024-04-22 01:00:00,0.8148000000000001
2024-04-22 02:00:00,0.7514
2024-04-22 03:00:00,0.7495
2024-04-22 04:00:00,0.8092
2024-04-22 05:00:00,0.9942
2024-04-22 06:00:00,1.2328000000000001
2024-04-22 07:00:00,1.5226
2024-04-22 08:00:00,1.3674000000000002
2024-04-22 09:00:00,1.1298000000000001
2024-04-22 10:00:00,0.953
2024-04-22 11:00:00,0.9458
2024-04-22 12:00:00,0.897
2024-04-22 13:00:00,0.8576
2024-04-22 14:00:00,0.863
2024-04-22 15:00:00,0.8732
2024-04-22 16:00:00,0.8370000000000001
2024-04-22 17:00:00,1.1268
2024-04-22 18:00:00,1.376
2024-04-22 19:00:00,1.9098
2024-04-22 20:00:00,1.9902000000000002
2024-04-22 21:00:00,1.514
2024-04-22 22:00:00,1.2313
2024-04-22 23:00:00,1.1291
2024-04-23 00:00:00,1.0252
2024-04-23 01:00:00,1.0063
2024-04-23 02:00:00,0.9976999999999999
2024-04-23 03:00:00,0.9915
2024-04-23 04:00:00,1.0023
2024-04-23 05:00:00,1.1340000000000001
2024-04-23 06:00:00,1.4091999999999998
2024-04-23 07:00:00,2.104
2024-04-23 08:00:00,1.5819
2024-04-23 09:00:00,1.1420000000000001
2024-04-23 10:00:00,0.9619
2024-04-23 11:00:00,0.8968
2024-04-23 12:00:00,0.8991
2024-04-23 13:00:00,0.9214
2024-04-23 14:00:00,0.9126000000000001
2024-04-23 15:00:00,0.9288
2024-04-23 16:00:00,0.9637
2024-04-23 17:00:00,1.0444
2024-04-23 18:00:00,1.1886
2024-04-23 19:00:00,1.4279
2024-04-23 20:00:00,1.4518
2024-04-23 21:00:00,1.22
2024-04-23 22:00:00,1.0764
2024-04-23 23:00:00,0.9466
2024-04-24 00:00:00,0.9266
2024-04-24 01:00:00,0.8832
2024-04-24 02:00:00,0.8740000000000001
2024-04-24 03:00:00,0.848
2024-04-24 04:00:00,0.8825
2024-04-24 05:00:00,0.9497
2024-04-24 06:00:00,1.1798
2024-04-24 07:00:00,1.524
2024-04-24 08:00:00,1.4997999999999998
2024-04-24 09:00:00,1.1266
2024-04-24 10:00:00,1.079
2024-04-24 11:00:00,1.0566
2024-04-24 12:00:00,0.9936
2024-04-24 13:00:00,0.9688
2024-04-24 14:00:00,0.9348000000000001
2024-04-24 15:00:00,0.9595999999999999
2024-04-24 16:00:00,0.9882
2024-04-24 17:00:00,1.1152
2024-04-24 18:00:00,1.2074
2024-04-24 19:00:00,1.569
2024-04-24 20:00:00,1.6647
2024-04-24 21:00:00,1.4061000000000001
2024-04-24 22:00:00,1.2222
2024-04-24 23:00:00,1.0469
2024-04-25 00:00:00,0.9711
2024-04-25 01:00:00,0.9304000000000001
2024-04-25 02:00:00,0.8998
2024-04-25 03:00:00,0.8845000000000001
2024-04-25 04:00:00,0.875
2024-04-25 05:00:00,0.9772
2024-04-25 06:00:00,1.1914
2024-04-25 07:00:00,1.5233
2024-04-25 08:00:00,1.33
2024-04-25 09:00:00,1.0765
2024-04-25 10:00:00,0.9323999999999999
2024-04-25 11:00:00,0.9095
2024-04-25 12:00:00,0.8597
2024-04-25 13:00:00,0.8027
2024-04-25 14:00:00,0.777
2024-04-25 15:00:00,0.8069
2024-04-25 16:00:00,0.8468000000000001
2024-04-25 17:00:00,0.929
2024-04-25 18:00:00,1.1068
2024-04-25 19:00:00,1.6409
2024-04-25 20:00:00,1.7711000000000001
2024-04-25 21:00:00,1.3224
2024-04-25 22:00:00,1.0624
2024-04-25 23:00:00,0.9274
2024-04-26 00:00:00,0.9304000000000001
2024-04-26 01:00:00,0.862
2024-04-26 02:00:00,0.8493
2024-04-26 03:00:00,0.8421
2024-04-26 04:00:00,0.8981
2024-04-26 05:00:00,0.9666
2024-04-26 06:00:00,1.0892
2024-04-26 07:00:00,1.2122
2024-04-26 08:00:00,1.119
2024-04-26 09:00:00,0.9445
2024-04-26 10:00:00,0.9064
2024-04-26 11:00:00,0.8498
2024-04-26 12:00:00,0.8195
2024-04-26 13:00:00,0.8008
2024-04-26 14:00:00,0.7615000000000001
2024-04-26 15:00:00,0.8145
2024-04-26 16:00:00,0.8351999999999999
2024-04-26 17:00:00,0.9373
2024-04-26 18:00:00,1.0936
2024-04-26 19:00:00,1.4982
2024-04-26 20:00:00,1.5399
2024-04-26 21:00:00,1.2248
2024-04-26 22:00:00,0.9451
2024-04-26 23:00:00,0.9152
2024-04-27 00:00:00,0.8545
2024-04-27 01:00:00,0.8068000000000001
2024-04-27 02:00:00,0.7957
2024-04-27 03:00:00,0.8015000000000001
2024-04-27 04:00:00,0.8029999999999999
2024-04-27 05:00:00,0.8136
2024-04-27 06:00:00,0.7914
2024-04-27 07:00:00,0.8116
2024-04-27 08:00:00,0.8012
2024-04-27 09:00:00,0.6909000000000001
2024-04-27 10:00:00,0.5962
2024-04-27 11:00:00,0.5146999999999999
2024-04-27 12:00:00,0.5078
2024-04-27 13:00:00,0.4987
2024-04-27 14:00:00,0.5035000000000001
2024-04-27 15:00:00,0.5277000000000001
2024-04-27 16:00:00,0.6165999999999999
2024-04-27 17:00:00,0.7293000000000001
2024-04-27 18:00:00,1.0058
2024-04-27 19:00:00,1.4022999999999999
2024-04-27 20:00:00,1.3131
2024-04-27 21:00:00,0.9941
2024-04-27 22:00:00,0.8876999999999999
2024-04-27 23:00:00,0.7629
2024-04-28 00:00:00,0.6596
2024-04-28 01:00:00,0.5397
2024-04-28 02:00:00,0.4632
2024-04-28 03:00:00,0.38079999999999997
2024-04-28 04:00:00,0.3332
2024-04-28 05:00:00,0.31370000000000003
2024-04-28 06:00:00,0.17679999999999998
2024-04-28 07:00:00,0.3013
2024-04-28 08:00:00,0.3465
2024-04-28 09:00:00,0.37829999999999997
2024-04-28 10:00:00,0.39380000000000004
2024-04-28 11:00:00,0.3736
2024-04-28 12:00:00,0.34299999999999997
2024-04-28 13:00:00,0.3182
2024-04-28 14:00:00,0.292
2024-04-28 15:00:00,0.1519
2024-04-28 16:00:00,0.2072
2024-04-28 17:00:00,0.2897
2024-04-28 18:00:00,0.41450000000000004
2024-04-28 19:00:00,0.601
2024-04-28 20:00:00,0.6651
2024-04-28 21:00:00,0.691
2024-04-28 22:00:00,0.6937000000000001
2024-04-28 23:00:00,0.5462
2024-04-29 00:00:00,0.4807
2024-04-29 01:00:00,0.46130000000000004
2024-04-29 02:00:00,0.4449
2024-04-29 03:00:00,0.4379
2024-04-29 04:00:00,0.4451
2024-04-29 05:00:00,0.4668
2024-04-29 06:00:00,0.7017
2024-04-29 07:00:00,0.9356
2024-04-29 08:00:00,1.1201999999999999
2024-04-29 09:00:00,0.7326
2024-04-29 10:00:00,0.6067
2024-04-29 11:00:00,0.4014
2024-04-29 12:00:00,0.36719999999999997
2024-04-29 13:00:00,0.2962
2024-04-29 14:00:00,0.2944
2024-04-29 15:00:00,0.38189999999999996
2024-04-29 16:00:00,0.4128
2024-04-29 17:00:00,0.4404
2024-04-29 18:00:00,0.4913
2024-04-29 19:00:00,0.7555
2024-04-29 20:00:00,0.7704000000000001
2024-04-29 21:00:00,0.7661
2024-04-29 22:00:00,0.7149
2024-04-29 23:00:00,0.4679
2024-04-30 00:00:00,0.3618
2024-04-30 01:00:00,0.36369999999999997
2024-04-30 02:00:00,0.38689999999999997
2024-04-30 03:00:00,0.4182
2024-04-30 04:00:00,0.5993999999999999
2024-04-30 05:00:00,0.6074
2024-04-30 06:00:00,0.634
2024-04-30 07:00:00,0.7023
2024-04-30 08:00:00,0.988
2024-04-30 09:00:00,0.7331
2024-04-30 10:00:00,0.6147
2024-04-30 11:00:00,0.5136999999999999
2024-04-30 12:00:00,0.36560000000000004
2024-04-30 13:00:00,0.282
2024-04-30 14:00:00,0.1754
2024-04-30 15:00:00,0.2962
2024-04-30 16:00:00,0.5333
2024-04-30 17:00:00,0.6246
2024-04-30 18:00:00,0.6295000000000001
2024-04-30 19:00:00,0.6353
2024-04-30 20:00:00,0.6325999999999999
2024-04-30 21:00:00,0.625
2024-04-30 22:00:00,0.6144
2024-04-30 23:00:00,0.5856
2024-05-01 00:00:00,0.4464
2024-05-01 01:00:00,0.4301
2024-05-01 02:00:00,0.4208
2024-05-01 03:00:00,0.41240000000000004
2024-05-01 04:00:00,0.4181
2024-05-01 05:00:00,0.4177
2024-05-01 06:00:00,0.4498
2024-05-01 07:00:00,0.3299
2024-05-01 08:00:00,0.1107
2024-05-01 09:00:00,0.045
2024-05-01 10:00:00,0.040999999999999995
2024-05-01 11:00:00,0.049
2024-05-01 12:00:00,0.0269
2024-05-01 13:00:00,0.0176
2024-05-01 14:00:00,0.0052
2024-05-01 15:00:00,0.0078000000000000005
2024-05-01 16:00:00,0.038599999999999995
2024-05-01 17:00:00,0.0513
2024-05-01 18:00:00,0.2732
2024-05-01 19:00:00,0.4913
2024-05-01 20:00:00,0.5375
2024-05-01 21:00:00,0.3996
2024-05-01 22:00:00,0.3515
2024-05-01 23:00:00,0.2585
2024-05-02 00:00:00,0.1702
2024-05-02 01:00:00,0.12789999999999999
2024-05-02 02:00:00,0.11689999999999999
2024-05-02 03:00:00,0.09119999999999999
2024-05-02 04:00:00,0.12789999999999999
2024-05-02 05:00:00,0.3557
2024-05-02 06:00:00,0.4656
2024-05-02 07:00:00,0.5803
2024-05-02 08:00:00,0.5484
2024-05-02 09:00:00,0.3677
2024-05-02 10:00:00,0.2376
2024-05-02 11:00:00,0.1016
2024-05-02 12:00:00,0.0581
2024-05-02 13:00:00,0.0575
2024-05-02 14:00:00,0.0574
2024-05-02 15:00:00,0.0766
2024-05-02 16:00:00,0.25739999999999996
2024-05-02 17:00:00,0.4083
2024-05-02 18:00:00,0.45659999999999995
2024-05-02 19:00:00,0.4901
2024-05-02 20:00:00,0.49090000000000006
2024-05-02 21:00:00,0.4901
2024-05-02 22:00:00,0.4428
2024-05-02 23:00:00,0.3967
2024-05-03 00:00:00,0.3479
2024-05-03 01:00:00,0.3429
2024-05-03 02:00:00,0.35
2024-05-03 03:00:00,0.3506
2024-05-03 04:00:00,0.3556
2024-05-03 05:00:00,0.37310000000000004
2024-05-03 06:00:00,0.40979999999999994
2024-05-03 07:00:00,0.5019
2024-05-03 08:00:00,0.4993
2024-05-03 09:00:00,0.452
2024-05-03 10:00:00,0.445
2024-05-03 11:00:00,0.4086
2024-05-03 12:00:00,0.3992
2024-05-03 13:00:00,0.381
2024-05-03 14:00:00,0.3712
2024-05-03 15:00:00,0.3754
2024-05-03 16:00:00,0.4006
2024-05-03 17:00:00,0.43799999999999994
2024-05-03 18:00:00,0.46159999999999995
2024-05-03 19:00:00,0.486
2024-05-03 20:00:00,0.4645
2024-05-03 21:00:00,0.43329999999999996
2024-05-03 22:00:00,0.3722
2024-05-03 23:00:00,0.3007
2024-05-04 00:00:00,0.2279
2024-05-04 01:00:00,0.1997
2024-05-04 02:00:00,0.1884
2024-05-04 03:00:00,0.2134
2024-05-04 04:00:00,0.2384
2024-05-04 05:00:00,0.2666
2024-05-04 06:00:00,0.2937
2024-05-04 07:00:00,0.3532
2024-05-04 08:00:00,0.4573
2024-05-04 09:00:00,0.4435
2024-05-04 10:00:00,0.425
2024-05-04 11:00:00,0.35159999999999997
2024-05-04 12:00:00,0.2833
2024-05-04 13:00:00,0.16920000000000002
2024-05-04 14:00:00,0.1553
2024-05-04 15:00:00,0.2958
2024-05-04 16:00:00,0.3494
2024-05-04 17:00:00,0.3797
2024-05-04 18:00:00,0.4028
2024-05-04 19:00:00,0.3858
2024-05-04 20:00:00,0.4014
2024-05-04 21:00:00,0.3336
2024-05-04 22:00:00,0.295
2024-05-04 23:00:00,0.2666
2024-05-05 00:00:00,0.3071
2024-05-05 01:00:00,0.32409999999999994
2024-05-05 02:00:00,0.3273
2024-05-05 03:00:00,0.3311
2024-05-05 04:00:00,0.34240000000000004
2024-05-05 05:00:00,0.3383
2024-05-05 06:00:00,0.3649
2024-05-05 07:00:00,0.40240000000000004
2024-05-05 08:00:00,0.41619999999999996
2024-05-05 09:00:00,0.2986
2024-05-05 10:00:00,0.10869999999999999
2024-05-05 11:00:00,0.0431
2024-05-05 12:00:00,0.0381
2024-05-05 13:00:00,0.0233
2024-05-05 14:00:00,0.022099999999999998
2024-05-05 15:00:00,0.049800000000000004
2024-05-05 16:00:00,0.0571
2024-05-05 17:00:00,0.3728
2024-05-05 18:00:00,0.4393
2024-05-05 19:00:00,0.5035000000000001
2024-05-05 20:00:00,0.5435
2024-05-05 21:00:00,0.5092
2024-05-05 22:00:00,0.4667
2024-05-05 23:00:00,0.2809
2024-05-06 00:00:00,0.3136
2024-05-06 01:00:00,0.2999
2024-05-06 02:00:00,0.29309999999999997
2024-05-06 03:00:00,0.2907
2024-05-06 04:00:00,0.3249
2024-05-06 05:00:00,0.40369999999999995
2024-05-06 06:00:00,0.5672999999999999
2024-05-06 07:00:00,0.6341
2024-05-06 08:00:00,0.7918000000000001
2024-05-06 09:00:00,0.8133
2024-05-06 10:00:00,0.6992
2024-05-06 11:00:00,0.5772999999999999
2024-05-06 12:00:00,0.5684
2024-05-06 13:00:00,0.5699000000000001
2024-05-06 14:00:00,0.5661
2024-05-06 15:00:00,0.5656
2024-05-06 16:00:00,0.565
2024-05-06 17:00:00,0.5821999999999999
2024-05-06 18:00:00,0.7912
2024-05-06 19:00:00,0.816
2024-05-06 20:00:00,0.8088
2024-05-06 21:00:00,0.6995999999999999
2024-05-06 22:00:00,0.5653
2024-05-06 23:00:00,0.40950000000000003
2024-05-07 00:00:00,0.4129
2024-05-07 01:00:00,0.4081
2024-05-07 02:00:00,0.4053
2024-05-07 03:00:00,0.4045
2024-05-07 04:00:00,0.4097
2024-05-07 05:00:00,0.5907
2024-05-07 06:00:00,1.1176000000000001
2024-05-07 07:00:00,1.3763999999999998
2024-05-07 08:00:00,1.3116999999999999
2024-05-07 09:00:00,1.0683
2024-05-07 10:00:00,0.9620000000000001
2024-05-07 11:00:00,0.8140000000000001
2024-05-07 12:00:00,0.644
2024-05-07 13:00:00,0.5474
2024-05-07 14:00:00,0.46630000000000005
2024-05-07 15:00:00,0.4239
2024-05-07 16:00:00,0.6027
2024-05-07 17:00:00,0.6826000000000001
2024-05-07 18:00:00,0.9259999999999999
2024-05-07 19:00:00,1.5211000000000001
2024-05-07 20:00:00,1.339
2024-05-07 21:00:00,1.1638
2024-05-07 22:00:00,0.8640000000000001
2024-05-07 23:00:00,0.5886
2024-05-08 00:00:00,0.6187
2024-05-08 01:00:00,0.6101
2024-05-08 02:00:00,0.5942000000000001
2024-05-08 03:00:00,0.5608
2024-05-08 04:00:00,0.6103999999999999
2024-05-08 05:00:00,0.6198
2024-05-08 06:00:00,1.2253
2024-05-08 07:00:00,1.364
2024-05-08 08:00:00,1.2555
2024-05-08 09:00:00,1.0534999999999999
2024-05-08 10:00:00,0.9772
2024-05-08 11:00:00,0.9061
2024-05-08 12:00:00,0.8314
2024-05-08 13:00:00,0.7234
2024-05-08 14:00:00,0.7253000000000001
2024-05-08 15:00:00,0.6995999999999999
2024-05-08 16:00:00,0.7487
2024-05-08 17:00:00,1.0273
2024-05-08 18:00:00,1.2142
2024-05-08 19:00:00,1.454
2024-05-08 20:00:00,1.5700999999999998
2024-05-08 21:00:00,1.3313
2024-05-08 22:00:00,1.1006
2024-05-08 23:00:00,1.0028
2024-05-09 00:00:00,0.6043999999999999
2024-05-09 01:00:00,0.5924
2024-05-09 02:00:00,0.3508
2024-05-09 03:00:00,0.3037
2024-05-09 04:00:00,0.3012
2024-05-09 05:00:00,0.2989
2024-05-09 06:00:00,0.3336
2024-05-09 07:00:00,0.4068
2024-05-09 08:00:00,0.4678
2024-05-09 09:00:00,0.2737
2024-05-09 10:00:00,0.0584
2024-05-09 11:00:00,0.0128
2024-05-09 12:00:00,-0.0019
2024-05-09 13:00:00,-0.0069
2024-05-09 14:00:00,-0.0092
2024-05-09 15:00:00,-0.0021
2024-05-09 16:00:00,0.0361
2024-05-09 17:00:00,0.23440000000000003
2024-05-09 18:00:00,0.2339
2024-05-09 19:00:00,0.1104
2024-05-09 20:00:00,0.055
2024-05-09 21:00:00,0.0308
2024-05-09 22:00:00,0.0102
2024-05-09 23:00:00,-0.0013
2024-05-10 00:00:00,0.0001
2024-05-10 01:00:00,0.0036
2024-05-10 02:00:00,-0.0007000000000000001
2024-05-10 03:00:00,-0.0019
2024-05-10 04:00:00,-0.0069
2024-05-10 05:00:00,-0.0019
2024-05-10 06:00:00,0.0046
2024-05-10 07:00:00,0.0335
2024-05-10 08:00:00,0.048799999999999996
2024-05-10 09:00:00,0.048799999999999996
2024-05-10 10:00:00,0.0458
2024-05-10 11:00:00,0.0229
2024-05-10 12:00:00,0.004
2024-05-10 13:00:00,0.0001
2024-05-10 14:00:00,0.0002
2024-05-10 15:00:00,0.0316
2024-05-10 16:00:00,0.048600000000000004
2024-05-10 17:00:00,0.4935
2024-05-10 18:00:00,0.5832
2024-05-10 19:00:00,0.5909
2024-05-10 20:00:00,0.5911
2024-05-10 21:00:00,0.5852
2024-05-10 22:00:00,0.5844
2024-05-10 23:00:00,0.23379999999999998
2024-05-11 00:00:00,0.0584
2024-05-11 01:00:00,0.1487
2024-05-11 02:00:00,0.218
2024-05-11 03:00:00,0.2336
2024-05-11 04:00:00,0.26170000000000004
2024-05-11 05:00:00,0.2663
2024-05-11 06:00:00,0.2939
2024-05-11 07:00:00,0.3582
2024-05-11 08:00:00,0.39640000000000003
2024-05-11 09:00:00,0.0814
2024-05-11 10:00:00,0.0092
2024-05-11 11:00:00,0.0
2024-05-11 12:00:00,-0.0068000000000000005
2024-05-11 13:00:00,-0.0103
2024-05-11 14:00:00,-0.0106
2024-05-11 15:00:00,-0.0008
2024-05-11 16:00:00,0.0348
2024-05-11 17:00:00,0.36119999999999997
2024-05-11 18:00:00,0.4121
2024-05-11 19:00:00,0.433
2024-05-11 20:00:00,0.391
2024-05-11 21:00:00,0.37979999999999997
2024-05-11 22:00:00,0.33039999999999997
2024-05-11 23:00:00,0.2945
2024-05-12 00:00:00,0.2848
2024-05-12 01:00:00,0.22510000000000002
2024-05-12 02:00:00,0.16620000000000001
2024-05-12 03:00:00,0.1054
2024-05-12 04:00:00,0.0574
2024-05-12 05:00:00,0.048
2024-05-12 06:00:00,0.048600000000000004
2024-05-12 07:00:00,0.053099999999999994
2024-05-12 08:00:00,0.0173
2024-05-12 09:00:00,-0.0144
2024-05-12 10:00:00,-0.03
2024-05-12 11:00:00,-0.047599999999999996
2024-05-12 12:00:00,-0.059500000000000004
2024-05-12 13:00:00,-0.07690000000000001
2024-05-12 14:00:00,-0.0603
2024-05-12 15:00:00,-0.024399999999999998
2024-05-12 16:00:00,-0.001
2024-05-12 17:00:00,0.030299999999999997
2024-05-12 18:00:00,0.289
2024-05-12 19:00:00,0.46869999999999995
2024-05-12 20:00:00,0.5047999999999999
2024-05-12 21:00:00,0.4926
2024-05-12 22:00:00,0.4202
2024-05-12 23:00:00,0.3268
2024-05-13 00:00:00,0.3063
2024-05-13 01:00:00,0.2952
2024-05-13 02:00:00,0.2924
2024-05-13 03:00:00,0.28190000000000004
2024-05-13 04:00:00,0.30820000000000003
2024-05-13 05:00:00,0.39659999999999995
2024-05-13 06:00:00,0.43579999999999997
2024-05-13 07:00:00,0.523
2024-05-13 08:00:00,0.5283
2024-05-13 09:00:00,0.4395
2024-05-13 10:00:00,0.2127
2024-05-13 11:00:00,0.0823
2024-05-13 12:00:00,0.018600000000000002
2024-05-13 13:00:00,0.0118
2024-05-13 14:00:00,0.0034999999999999996
2024-05-13 15:00:00,0.0176
2024-05-13 16:00:00,0.201
2024-05-13 17:00:00,0.3967
2024-05-13 18:00:00,0.4396
2024-05-13 19:00:00,0.4388
2024-05-13 20:00:00,0.4336
2024-05-13 21:00:00,0.3987
2024-05-13 22:00:00,0.3458
2024-05-13 23:00:00,0.2668
2024-05-14 00:00:00,0.1446
2024-05-14 01:00:00,0.1521
2024-05-14 02:00:00,0.147
2024-05-14 03:00:00,0.1157
2024-05-14 04:00:00,0.11449999999999999
2024-05-14 05:00:00,0.1494
2024-05-14 06:00:00,0.4286
2024-05-14 07:00:00,0.4446
2024-05-14 08:00:00,0.4379
2024-05-14 09:00:00,0.09050000000000001
2024-05-14 10:00:00,0.0039000000000000003
2024-05-14 11:00:00,-0.0171
2024-05-14 12:00:00,-0.0351
2024-05-14 13:00:00,-0.0436
2024-05-14 14:00:00,-0.0584
2024-05-14 15:00:00,-0.0467
2024-05-14 16:00:00,-0.0108
2024-05-14 17:00:00,0.0174
2024-05-14 18:00:00,0.0909
2024-05-14 19:00:00,0.057
2024-05-14 20:00:00,0.0199
2024-05-14 21:00:00,0.0028000000000000004
2024-05-14 22:00:00,-0.0008
2024-05-14 23:00:00,-0.0118
2024-05-15 00:00:00,-0.0025
2024-05-15 01:00:00,-0.0019
2024-05-15 02:00:00,-0.0018
2024-05-15 03:00:00,-0.0013
2024-05-15 04:00:00,-0.0006
2024-05-15 05:00:00,0.0025
2024-05-15 06:00:00,0.064
2024-05-15 07:00:00,0.4291
2024-05-15 08:00:00,0.44409999999999994
2024-05-15 09:00:00,0.42210000000000003
2024-05-15 10:00:00,0.0828
2024-05-15 11:00:00,0.0026
2024-05-15 12:00:00,-0.0109
2024-05-15 13:00:00,-0.0123
2024-05-15 14:00:00,-0.0111
2024-05-15 15:00:00,-0.001
2024-05-15 16:00:00,0.0203
2024-05-15 17:00:00,0.0815
2024-05-15 18:00:00,0.33899999999999997
2024-05-15 19:00:00,0.4028
2024-05-15 20:00:00,0.4229
2024-05-15 21:00:00,0.2942
2024-05-15 22:00:00,0.096
2024-05-15 23:00:00,0.0707
2024-05-16 00:00:00,0.0311
2024-05-16 01:00:00,0.0319
2024-05-16 02:00:00,0.0392
2024-05-16 03:00:00,0.0527
2024-05-16 04:00:00,0.0802
2024-05-16 05:00:00,0.20079999999999998
2024-05-16 06:00:00,0.2945
2024-05-16 07:00:00,0.41479999999999995
2024-05-16 08:00:00,0.40869999999999995
2024-05-16 09:00:00,0.3124
2024-05-16 10:00:00,0.12050000000000001
2024-05-16 11:00:00,0.0147
2024-05-16 12:00:00,-0.0002
2024-05-16 13:00:00,-0.0083
2024-05-16 14:00:00,-0.0019
2024-05-16 15:00:00,0.010700000000000001
2024-05-16 16:00:00,0.1061
2024-05-16 17:00:00,0.2018
2024-05-16 18:00:00,0.243
2024-05-16 19:00:00,0.2844
2024-05-16 20:00:00,0.29719999999999996
2024-05-16 21:00:00,0.2458
2024-05-16 22:00:00,0.1168
2024-05-16 23:00:00,0.050199999999999995
2024-05-17 00:00:00,0.0383
2024-05-17 01:00:00,0.0332
2024-05-17 02:00:00,0.0326
2024-05-17 03:00:00,0.032799999999999996
2024-05-17 04:00:00,0.0404
2024-05-17 05:00:00,0.057999999999999996
2024-05-17 06:00:00,0.268
2024-05-17 07:00:00,0.3481
2024-05-17 08:00:00,0.37689999999999996
2024-05-17 09:00:00,0.2982
2024-05-17 10:00:00,0.12990000000000002
2024-05-17 11:00:00,0.0489
2024-05-17 12:00:00,0.034300000000000004
2024-05-17 13:00:00,0.022400000000000003
2024-05-17 14:00:00,0.014499999999999999
2024-05-17 15:00:00,0.0288
2024-05-17 16:00:00,0.0381
2024-05-17 17:00:00,0.057800000000000004
2024-05-17 18:00:00,0.0832
2024-05-17 19:00:00,0.0684
2024-05-17 20:00:00,0.048
2024-05-17 21:00:00,0.0144
2024-05-17 22:00:00,-0.001
2024-05-17 23:00:00,-0.018600000000000002
2024-05-18 00:00:00,0.0
2024-05-18 01:00:00,0.0
2024-05-18 02:00:00,0.0022
2024-05-18 03:00:00,0.0059
2024-05-18 04:00:00,0.011399999999999999
2024-05-18 05:00:00,0.0165
2024-05-18 06:00:00,0.0287
2024-05-18 07:00:00,0.0575
2024-05-18 08:00:00,0.0926
2024-05-18 09:00:00,0.0863
2024-05-18 10:00:00,0.0575
2024-05-18 11:00:00,0.008199999999999999
2024-05-18 12:00:00,-0.0002
2024-05-18 13:00:00,-0.0151
2024-05-18 14:00:00,-0.032400000000000005
2024-05-18 15:00:00,-0.0223
2024-05-18 16:00:00,-0.0005
2024-05-18 17:00:00,0.0392
2024-05-18 18:00:00,0.2556
2024-05-18 19:00:00,0.3325
2024-05-18 20:00:00,0.3354
2024-05-18 21:00:00,0.2995
2024-05-18 22:00:00,0.057699999999999994
2024-05-18 23:00:00,0.0348
2024-05-19 00:00:00,0.031200000000000002
2024-05-19 01:00:00,0.0288
2024-05-19 02:00:00,0.0302
2024-05-19 03:00:00,0.0331
2024-05-19 04:00:00,0.0331
2024-05-19 05:00:00,0.0338
2024-05-19 06:00:00,0.0415
2024-05-19 07:00:00,0.0368
2024-05-19 08:00:00,0.058600000000000006
2024-05-19 09:00:00,0.0338
2024-05-19 10:00:00,-0.0004
2024-05-19 11:00:00,-0.0021
2024-05-19 12:00:00,-0.0239
2024-05-19 13:00:00,-0.086
2024-05-19 14:00:00,-0.175
2024-05-19 15:00:00,-0.1161
2024-05-19 16:00:00,-0.044000000000000004
2024-05-19 17:00:00,-0.0007000000000000001
2024-05-19 18:00:00,0.3191
2024-05-19 19:00:00,0.322
2024-05-19 20:00:00,0.3422
2024-05-19 21:00:00,0.324
2024-05-19 22:00:00,0.3121
2024-05-19 23:00:00,0.056900000000000006
2024-05-20 00:00:00,0.0138
2024-05-20 01:00:00,0.0049
2024-05-20 02:00:00,0.0
2024-05-20 03:00:00,0.0001
2024-05-20 04:00:00,0.016399999999999998
2024-05-20 05:00:00,0.0574
2024-05-20 06:00:00,0.12119999999999999
2024-05-20 07:00:00,0.34850000000000003
2024-05-20 08:00:00,0.3946
2024-05-20 09:00:00,0.34119999999999995
2024-05-20 10:00:00,0.1441
2024-05-20 11:00:00,0.0704
2024-05-20 12:00:00,0.027999999999999997
2024-05-20 13:00:00,0.0001
2024-05-20 14:00:00,0.0002
2024-05-20 15:00:00,0.0433
2024-05-20 16:00:00,0.1094
2024-05-20 17:00:00,0.3109
2024-05-20 18:00:00,0.369
2024-05-20 19:00:00,0.3945
2024-05-20 20:00:00,0.3945
2024-05-20 21:00:00,0.35369999999999996
2024-05-20 22:00:00,0.2587
2024-05-20 23:00:00,0.11539999999999999
2024-05-21 00:00:00,0.10300000000000001
2024-05-21 01:00:00,0.0891
2024-05-21 02:00:00,0.0736
2024-05-21 03:00:00,0.0662
2024-05-21 04:00:00,0.08779999999999999
2024-05-21 05:00:00,0.1508
2024-05-21 06:00:00,0.3795
2024-05-21 07:00:00,0.5747
2024-05-21 08:00:00,0.635
2024-05-21 09:00:00,0.4108
2024-05-21 10:00:00,0.3517
2024-05-21 11:00:00,0.292
2024-05-21 12:00:00,0.23989999999999997
2024-05-21 13:00:00,0.21280000000000002
2024-05-21 14:00:00,0.1746
2024-05-21 15:00:00,0.24100000000000002
2024-05-21 16:00:00,0.2902
2024-05-21 17:00:00,0.3616
2024-05-21 18:00:00,0.39280000000000004
2024-05-21 19:00:00,0.39280000000000004
2024-05-21 20:00:00,0.3564
2024-05-21 21:00:00,0.3507
2024-05-21 22:00:00,0.16190000000000002
2024-05-21 23:00:00,0.0967
2024-05-22 00:00:00,0.039599999999999996
2024-05-22 01:00:00,0.0326
2024-05-22 02:00:00,0.0305
2024-05-22 03:00:00,0.0277
2024-05-22 04:00:00,0.0338
2024-05-22 05:00:00,0.0572
2024-05-22 06:00:00,0.2777
2024-05-22 07:00:00,0.42229999999999995
2024-05-22 08:00:00,0.4413
2024-05-22 09:00:00,0.3856
2024-05-22 10:00:00,0.268
2024-05-22 11:00:00,0.1082
2024-05-22 12:00:00,0.057
2024-05-22 13:00:00,0.0418
2024-05-22 14:00:00,0.035699999999999996
2024-05-22 15:00:00,0.0351
2024-05-22 16:00:00,0.049699999999999994
2024-05-22 17:00:00,0.0908
2024-05-22 18:00:00,0.1174
2024-05-22 19:00:00,0.1159
2024-05-22 20:00:00,0.057699999999999994
2024-05-22 21:00:00,0.04769999999999999
2024-05-22 22:00:00,0.028999999999999998
2024-05-22 23:00:00,0.0018
2024-05-23 00:00:00,0.0174
2024-05-23 01:00:00,0.0108
2024-05-23 02:00:00,0.0029
2024-05-23 03:00:00,0.0
2024-05-23 04:00:00,0.0016
2024-05-23 05:00:00,0.0149
2024-05-23 06:00:00,0.0359
2024-05-23 07:00:00,0.125
2024-05-23 08:00:00,0.2608
2024-05-23 09:00:00,0.17600000000000002
2024-05-23 10:00:00,0.0812
2024-05-23 11:00:00,0.050199999999999995
2024-05-23 12:00:00,0.0348
2024-05-23 13:00:00,0.0206
2024-05-23 14:00:00,0.013999999999999999
2024-05-23 15:00:00,0.0137
2024-05-23 16:00:00,0.015
2024-05-23 17:00:00,0.0292
2024-05-23 18:00:00,0.048
2024-05-23 19:00:00,0.0489
2024-05-23 20:00:00,0.0335
2024-05-23 21:00:00,0.0176
2024-05-23 22:00:00,0.0
2024-05-23 23:00:00,-0.009899999999999999
2024-05-24 00:00:00,-0.0285
2024-05-24 01:00:00,-0.028900000000000002
2024-05-24 02:00:00,-0.026000000000000002
2024-05-24 03:00:00,-0.022799999999999997
2024-05-24 04:00:00,-0.0070999999999999995
2024-05-24 05:00:00,0.0004
2024-05-24 06:00:00,0.0565
2024-05-24 07:00:00,0.3923
2024-05-24 08:00:00,0.7537
2024-05-24 09:00:00,0.6657
2024-05-24 10:00:00,0.6503
2024-05-24 11:00:00,0.4299
2024-05-24 12:00:00,0.3995
2024-05-24 13:00:00,0.2432
2024-05-24 14:00:00,0.19010000000000002
2024-05-24 15:00:00,0.1442
2024-05-24 16:00:00,0.19010000000000002
2024-05-24 17:00:00,0.26039999999999996
2024-05-24 18:00:00,0.2892
2024-05-24 19:00:00,0.306
2024-05-24 20:00:00,0.2748
2024-05-24 21:00:00,0.2391
2024-05-24 22:00:00,0.1592
2024-05-24 23:00:00,0.0748
2024-05-25 00:00:00,0.0709
2024-05-25 01:00:00,0.0723
2024-05-25 02:00:00,0.0706
2024-05-25 03:00:00,0.0732
2024-05-25 04:00:00,0.076
2024-05-25 05:00:00,0.081
2024-05-25 06:00:00,0.1188
2024-05-25 07:00:00,0.1959
2024-05-25 08:00:00,0.2429
2024-05-25 09:00:00,0.23739999999999997
2024-05-25 10:00:00,0.17600000000000002
2024-05-25 11:00:00,0.1058
2024-05-25 12:00:00,0.037599999999999995
2024-05-25 13:00:00,0.0005
2024-05-25 14:00:00,0.0
2024-05-25 15:00:00,0.012199999999999999
2024-05-25 16:00:00,0.13470000000000001
2024-05-25 17:00:00,0.18230000000000002
2024-05-25 18:00:00,0.2091
2024-05-25 19:00:00,0.1771
2024-05-25 20:00:00,0.12480000000000001
2024-05-25 21:00:00,0.0629
2024-05-25 22:00:00,0.044800000000000006
2024-05-25 23:00:00,0.0281
2024-05-26 00:00:00,0.019
2024-05-26 01:00:00,0.0226
2024-05-26 02:00:00,0.0229
2024-05-26 03:00:00,0.0231
2024-05-26 04:00:00,0.026099999999999998
2024-05-26 05:00:00,0.0288
2024-05-26 06:00:00,0.0355
2024-05-26 07:00:00,0.052199999999999996
2024-05-26 08:00:00,0.0819
2024-05-26 09:00:00,0.0144
2024-05-26 10:00:00,0.0
2024-05-26 11:00:00,-0.001
2024-05-26 12:00:00,-0.0245
2024-05-26 13:00:00,-0.07
2024-05-26 14:00:00,-0.059000000000000004
2024-05-26 15:00:00,-0.0323
2024-05-26 16:00:00,0.013600000000000001
2024-05-26 17:00:00,0.10439999999999999
2024-05-26 18:00:00,0.1399
2024-05-26 19:00:00,0.1456
2024-05-26 20:00:00,0.0886
2024-05-26 21:00:00,0.053099999999999994
2024-05-26 22:00:00,0.0325
2024-05-26 23:00:00,0.0105
2024-05-27 00:00:00,-0.02
2024-05-27 01:00:00,-0.02
2024-05-27 02:00:00,-0.0207
2024-05-27 03:00:00,-0.018000000000000002
2024-05-27 04:00:00,-0.0017000000000000001
2024-05-27 05:00:00,0.0046
2024-05-27 06:00:00,0.0335
2024-05-27 07:00:00,0.0892
2024-05-27 08:00:00,0.1377
2024-05-27 09:00:00,0.09029999999999999
2024-05-27 10:00:00,0.0489
2024-05-27 11:00:00,0.031400000000000004
2024-05-27 12:00:00,0.019799999999999998
2024-05-27 13:00:00,0.0169
2024-05-27 14:00:00,0.0173
2024-05-27 15:00:00,0.0209
2024-05-27 16:00:00,0.027200000000000002
2024-05-27 17:00:00,0.040999999999999995
2024-05-27 18:00:00,0.09789999999999999
2024-05-27 19:00:00,0.32299999999999995
2024-05-27 20:00:00,0.25579999999999997
2024-05-27 21:00:00,0.0388
2024-05-27 22:00:00,0.016
2024-05-27 23:00:00,-0.0001
2024-05-28 00:00:00,-0.011899999999999999
2024-05-28 01:00:00,-0.02
2024-05-28 02:00:00,-0.02
2024-05-28 03:00:00,-0.012199999999999999
2024-05-28 04:00:00,-0.0017000000000000001
2024-05-28 05:00:00,0.0097
2024-05-28 06:00:00,0.044800000000000006
2024-05-28 07:00:00,0.373
2024-05-28 08:00:00,0.39759999999999995
2024-05-28 09:00:00,0.162
2024-05-28 10:00:00,0.0944
2024-05-28 11:00:00,0.0555
2024-05-28 12:00:00,0.043899999999999995
2024-05-28 13:00:00,0.032400000000000005
2024-05-28 14:00:00,0.0256
2024-05-28 15:00:00,0.0262
2024-05-28 16:00:00,0.0336
2024-05-28 17:00:00,0.055999999999999994
2024-05-28 18:00:00,0.087
2024-05-28 19:00:00,0.14429999999999998
2024-05-28 20:00:00,0.1115
2024-05-28 21:00:00,0.0909
2024-05-28 22:00:00,0.052000000000000005
2024-05-28 23:00:00,0.0262
2024-05-29 00:00:00,0.0105
2024-05-29 01:00:00,0.009000000000000001
2024-05-29 02:00:00,0.0097
2024-05-29 03:00:00,0.013300000000000001
2024-05-29 04:00:00,0.0226
2024-05-29 05:00:00,0.0345
2024-05-29 06:00:00,0.2064
2024-05-29 07:00:00,0.7103
2024-05-29 08:00:00,0.6995
2024-05-29 09:00:00,0.608
2024-05-29 10:00:00,0.46840000000000004
2024-05-29 11:00:00,0.4628
2024-05-29 12:00:00,0.2634
2024-05-29 13:00:00,0.044000000000000004
2024-05-29 14:00:00,0.0437
2024-05-29 15:00:00,0.2299
2024-05-29 16:00:00,0.4888
2024-05-29 17:00:00,0.6062
2024-05-29 18:00:00,0.8137000000000001
2024-05-29 19:00:00,0.8712000000000001
2024-05-29 20:00:00,0.7015
2024-05-29 21:00:00,0.4253
2024-05-29 22:00:00,0.0583
2024-05-29 23:00:00,0.0354
2024-05-30 00:00:00,0.021
2024-05-30 01:00:00,0.0124
2024-05-30 02:00:00,0.0144
2024-05-30 03:00:00,0.0208
2024-05-30 04:00:00,0.031
2024-05-30 05:00:00,0.06
2024-05-30 06:00:00,0.14279999999999998
2024-05-30 07:00:00,0.49079999999999996
2024-05-30 08:00:00,0.7106
2024-05-30 09:00:00,0.29100000000000004
2024-05-30 10:00:00,0.20920000000000002
2024-05-30 11:00:00,0.1709
2024-05-30 12:00:00,0.155
2024-05-30 13:00:00,0.15560000000000002
2024-05-30 14:00:00,0.149
2024-05-30 15:00:00,0.24059999999999998
2024-05-30 16:00:00,0.2868
2024-05-30 17:00:00,0.6639
2024-05-30 18:00:00,0.8645999999999999
2024-05-30 19:00:00,0.867
2024-05-30 20:00:00,0.7018000000000001
2024-05-30 21:00:00,0.4913
2024-05-30 22:00:00,0.1723
2024-05-30 23:00:00,0.0694
2024-05-31 00:00:00,0.0818
2024-05-31 01:00:00,0.0788
2024-05-31 02:00:00,0.0819
2024-05-31 03:00:00,0.0827
2024-05-31 04:00:00,0.1051
2024-05-31 05:00:00,0.15560000000000002
2024-05-31 06:00:00,0.2243
2024-05-31 07:00:00,0.3443
2024-05-31 08:00:00,0.5909
2024-05-31 09:00:00,0.3325
2024-05-31 10:00:00,0.2516
2024-05-31 11:00:00,0.23399999999999999
2024-05-31 12:00:00,0.2293
2024-05-31 13:00:00,0.20879999999999999
2024-05-31 14:00:00,0.2082
2024-05-31 15:00:00,0.20829999999999999
2024-05-31 16:00:00,0.223
2024-05-31 17:00:00,0.2409
2024-05-31 18:00:00,0.2473
2024-05-31 19:00:00,0.2415
2024-05-31 20:00:00,0.2138
2024-05-31 21:00:00,0.18489999999999998
2024-05-31 22:00:00,0.1432
2024-05-31 23:00:00,0.08869999999999999
2024-06-01 00:00:00,0.1771
2024-06-01 01:00:00,0.1727
2024-06-01 02:00:00,0.1607
2024-06-01 03:00:00,0.1502
2024-06-01 04:00:00,0.1543
2024-06-01 05:00:00,0.1593
2024-06-01 06:00:00,0.17120000000000002
2024-06-01 07:00:00,0.19949999999999998
2024-06-01 08:00:00,0.2419
2024-06-01 09:00:00,0.2564
2024-06-01 10:00:00,0.2459
2024-06-01 11:00:00,0.2325
2024-06-01 12:00:00,0.23199999999999998
2024-06-01 13:00:00,0.085
2024-06-01 14:00:00,0.0334
2024-06-01 15:00:00,0.0663
2024-06-01 16:00:00,0.14859999999999998
2024-06-01 17:00:00,0.22899999999999998
2024-06-01 18:00:00,0.24670000000000003
2024-06-01 19:00:00,0.25
2024-06-01 20:00:00,0.2468
2024-06-01 21:00:00,0.205
2024-06-01 22:00:00,0.19829999999999998
2024-06-01 23:00:00,0.1315
2024-06-02 00:00:00,0.0471
2024-06-02 01:00:00,0.0298
2024-06-02 02:00:00,0.018799999999999997
2024-06-02 03:00:00,0.0113
2024-06-02 04:00:00,0.0126
2024-06-02 05:00:00,0.0242
2024-06-02 06:00:00,0.0559
2024-06-02 07:00:00,0.046900000000000004
2024-06-02 08:00:00,0.0111
2024-06-02 09:00:00,0.0
2024-06-02 10:00:00,0.0178
2024-06-02 11:00:00,0.0088
2024-06-02 12:00:00,-0.0011
2024-06-02 13:00:00,-0.0458
2024-06-02 14:00:00,-0.0571
2024-06-02 15:00:00,-0.049800000000000004
2024-06-02 16:00:00,-0.0009
2024-06-02 17:00:00,0.056299999999999996
2024-06-02 18:00:00,0.1631
2024-06-02 19:00:00,0.40369999999999995
2024-06-02 20:00:00,0.4877
2024-06-02 21:00:00,0.5135000000000001
2024-06-02 22:00:00,0.4294
2024-06-02 23:00:00,0.1593
2024-06-03 00:00:00,0.12179999999999999
2024-06-03 01:00:00,0.10769999999999999
2024-06-03 02:00:00,0.09699999999999999
2024-06-03 03:00:00,0.0892
2024-06-03 04:00:00,0.1007
2024-06-03 05:00:00,0.1101
2024-06-03 06:00:00,0.14400000000000002
2024-06-03 07:00:00,0.3497
2024-06-03 08:00:00,0.7411
2024-06-03 09:00:00,0.6914
2024-06-03 10:00:00,0.3345
2024-06-03 11:00:00,0.30219999999999997
2024-06-03 12:00:00,0.25170000000000003
2024-06-03 13:00:00,0.2414
2024-06-03 14:00:00,0.21760000000000002
2024-06-03 15:00:00,0.1841
2024-06-03 16:00:00,0.18420000000000003
2024-06-03 17:00:00,0.20879999999999999
2024-06-03 18:00:00,0.1812
2024-06-03 19:00:00,0.1656
2024-06-03 20:00:00,0.14400000000000002
2024-06-03 21:00:00,0.1358
2024-06-03 22:00:00,0.11130000000000001
2024-06-03 23:00:00,0.050300000000000004
2024-06-04 00:00:00,0.0191
2024-06-04 01:00:00,0.0158
2024-06-04 02:00:00,0.015600000000000001
2024-06-04 03:00:00,0.0218
2024-06-04 04:00:00,0.035
2024-06-04 05:00:00,0.0736
2024-06-04 06:00:00,0.1575
2024-06-04 07:00:00,0.2235
2024-06-04 08:00:00,0.3077
2024-06-04 09:00:00,0.3123
2024-06-04 10:00:00,0.3172
2024-06-04 11:00:00,0.319
2024-06-04 12:00:00,0.3042
2024-06-04 13:00:00,0.2664
2024-06-04 14:00:00,0.21359999999999998
2024-06-04 15:00:00,0.20379999999999998
2024-06-04 16:00:00,0.1936
2024-06-04 17:00:00,0.2005
2024-06-04 18:00:00,0.4318
2024-06-04 19:00:00,0.4857
2024-06-04 20:00:00,0.48590000000000005
2024-06-04 21:00:00,0.1381
2024-06-04 22:00:00,0.0816
2024-06-04 23:00:00,0.0219
2024-06-05 00:00:00,0.0462
2024-06-05 01:00:00,0.0318
2024-06-05 02:00:00,0.0255
2024-06-05 03:00:00,0.018000000000000002
2024-06-05 04:00:00,0.0219
2024-06-05 05:00:00,0.0374
2024-06-05 06:00:00,0.0729
2024-06-05 07:00:00,0.18280000000000002
2024-06-05 08:00:00,0.4404
2024-06-05 09:00:00,0.0644
2024-06-05 10:00:00,0.0432
2024-06-05 11:00:00,0.0192
2024-06-05 12:00:00,0.015
2024-06-05 13:00:00,0.010700000000000001
2024-06-05 14:00:00,0.0106
2024-06-05 15:00:00,0.015
2024-06-05 16:00:00,0.0304
2024-06-05 17:00:00,0.0608
2024-06-05 18:00:00,0.0987
2024-06-05 19:00:00,0.12869999999999998
2024-06-05 20:00:00,0.1379
2024-06-05 21:00:00,0.1413
2024-06-05 22:00:00,0.1286
2024-06-05 23:00:00,0.08380000000000001
2024-06-06 00:00:00,0.014199999999999999
2024-06-06 01:00:00,0.0341
2024-06-06 02:00:00,0.0663
2024-06-06 03:00:00,0.0892
2024-06-06 04:00:00,0.1182
2024-06-06 05:00:00,0.1472
2024-06-06 06:00:00,0.1675
2024-06-06 07:00:00,0.1866
2024-06-06 08:00:00,0.1862
2024-06-06 09:00:00,0.17550000000000002
2024-06-06 10:00:00,0.17859999999999998
2024-06-06 11:00:00,0.16820000000000002
2024-06-06 12:00:00,0.14730000000000001
2024-06-06 13:00:00,0.1434
2024-06-06 14:00:00,0.1423
2024-06-06 15:00:00,0.1484
2024-06-06 16:00:00,0.1677
2024-06-06 17:00:00,0.1928
2024-06-06 18:00:00,0.215
2024-06-06 19:00:00,0.2255
2024-06-06 20:00:00,0.22
2024-06-06 21:00:00,0.21289999999999998
2024-06-06 22:00:00,0.1789
2024-06-06 23:00:00,0.1412
2024-06-07 00:00:00,0.1354
2024-06-07 01:00:00,0.1297
2024-06-07 02:00:00,0.1449
2024-06-07 03:00:00,0.16620000000000001
2024-06-07 04:00:00,0.20559999999999998
2024-06-07 05:00:00,0.247
2024-06-07 06:00:00,0.3435
2024-06-07 07:00:00,0.4818
2024-06-07 08:00:00,0.5839
2024-06-07 09:00:00,0.36810000000000004
2024-06-07 10:00:00,0.3522
2024-06-07 11:00:00,0.3436
2024-06-07 12:00:00,0.3329
2024-06-07 13:00:00,0.2866
2024-06-07 14:00:00,0.1967
2024-06-07 15:00:00,0.1649
2024-06-07 16:00:00,0.27190000000000003
2024-06-07 17:00:00,0.3616
2024-06-07 18:00:00,0.4975
2024-06-07 19:00:00,0.5112
2024-06-07 20:00:00,0.508
2024-06-07 21:00:00,0.498
2024-06-07 22:00:00,0.33140000000000003
2024-06-07 23:00:00,0.2614
2024-06-08 00:00:00,0.2561
2024-06-08 01:00:00,0.2465
2024-06-08 02:00:00,0.2365
2024-06-08 03:00:00,0.23309999999999997
2024-06-08 04:00:00,0.2321
2024-06-08 05:00:00,0.2357
2024-06-08 06:00:00,0.2825
2024-06-08 07:00:00,0.3207
2024-06-08 08:00:00,0.3337
2024-06-08 09:00:00,0.171
2024-06-08 10:00:00,0.0171
2024-06-08 11:00:00,-0.024900000000000002
2024-06-08 12:00:00,-0.0679
2024-06-08 13:00:00,-0.1572
2024-06-08 14:00:00,-0.1656
2024-06-08 15:00:00,-0.15289999999999998
2024-06-08 16:00:00,-0.0288
2024-06-08 17:00:00,0.1625
2024-06-08 18:00:00,0.30579999999999996
2024-06-08 19:00:00,0.32189999999999996
2024-06-08 20:00:00,0.2953
2024-06-08 21:00:00,0.254
2024-06-08 22:00:00,0.2278
2024-06-08 23:00:00,0.2053
2024-06-09 00:00:00,0.1745
2024-06-09 01:00:00,0.1474
2024-06-09 02:00:00,0.10279999999999999
2024-06-09 03:00:00,0.056799999999999996
2024-06-09 04:00:00,0.0466
2024-06-09 05:00:00,0.0213
2024-06-09 06:00:00,0.008199999999999999
2024-06-09 07:00:00,0.0089
2024-06-09 08:00:00,-0.0015
2024-06-09 09:00:00,-0.0229
2024-06-09 10:00:00,-0.08650000000000001
2024-06-09 11:00:00,-0.1707
2024-06-09 12:00:00,-0.28190000000000004
2024-06-09 13:00:00,-0.37200000000000005
2024-06-09 14:00:00,-0.4226
2024-06-09 15:00:00,-0.3264
2024-06-09 16:00:00,-0.056799999999999996
2024-06-09 17:00:00,-0.0067
2024-06-09 18:00:00,0.0694
2024-06-09 19:00:00,0.1482
2024-06-09 20:00:00,0.18239999999999998
2024-06-09 21:00:00,0.1986
2024-06-09 22:00:00,0.1898
2024-06-09 23:00:00,0.18
2024-06-10 00:00:00,0.1672
2024-06-10 01:00:00,0.1458
2024-06-10 02:00:00,0.135
2024-06-10 03:00:00,0.1369
2024-06-10 04:00:00,0.174
2024-06-10 05:00:00,0.315
2024-06-10 06:00:00,0.3553
2024-06-10 07:00:00,0.3712
2024-06-10 08:00:00,0.3847
2024-06-10 09:00:00,0.42950000000000005
2024-06-10 10:00:00,0.40130000000000005
2024-06-10 11:00:00,0.3762
2024-06-10 12:00:00,0.3678
2024-06-10 13:00:00,0.36450000000000005
2024-06-10 14:00:00,0.3642
2024-06-10 15:00:00,0.36229999999999996
2024-06-10 16:00:00,0.3628
2024-06-10 17:00:00,0.3739
2024-06-10 18:00:00,0.40299999999999997
2024-06-10 19:00:00,0.39799999999999996
2024-06-10 20:00:00,0.3801
2024-06-10 21:00:00,0.3689
2024-06-10 22:00:00,0.35850000000000004
2024-06-10 23:00:00,0.312
2024-06-11 00:00:00,0.3467
2024-06-11 01:00:00,0.34009999999999996
2024-06-11 02:00:00,0.3394
2024-06-11 03:00:00,0.3395
2024-06-11 04:00:00,0.3574
2024-06-11 05:00:00,0.4253
2024-06-11 06:00:00,0.8545
2024-06-11 07:00:00,1.1371
2024-06-11 08:00:00,1.0378
2024-06-11 09:00:00,0.7743000000000001
2024-06-11 10:00:00,0.5661999999999999
2024-06-11 11:00:00,0.3738
2024-06-11 12:00:00,0.3345
2024-06-11 13:00:00,0.2458
2024-06-11 14:00:00,0.284
2024-06-11 15:00:00,0.3078
2024-06-11 16:00:00,0.3538
2024-06-11 17:00:00,0.43060000000000004
2024-06-11 18:00:00,0.8126000000000001
2024-06-11 19:00:00,1.107
2024-06-11 20:00:00,1.3972
2024-06-11 21:00:00,1.3547
2024-06-11 22:00:00,1.1466
2024-06-11 23:00:00,0.5573
2024-06-12 00:00:00,0.3654
2024-06-12 01:00:00,0.35869999999999996
2024-06-12 02:00:00,0.3456
2024-06-12 03:00:00,0.3489
2024-06-12 04:00:00,0.3578
2024-06-12 05:00:00,0.3843
2024-06-12 06:00:00,0.5099
2024-06-12 07:00:00,1.296
2024-06-12 08:00:00,1.1695
2024-06-12 09:00:00,0.7655
2024-06-12 10:00:00,0.5786
2024-06-12 11:00:00,0.5151
2024-06-12 12:00:00,0.4618
2024-06-12 13:00:00,0.4451
2024-06-12 14:00:00,0.4368
2024-06-12 15:00:00,0.467
2024-06-12 16:00:00,0.5007
2024-06-12 17:00:00,0.5064
2024-06-12 18:00:00,0.5212
2024-06-12 19:00:00,0.528
2024-06-12 20:00:00,0.5162
2024-06-12 21:00:00,0.5178
2024-06-12 22:00:00,0.48950000000000005
2024-06-12 23:00:00,0.4646
2024-06-13 00:00:00,0.4607
2024-06-13 01:00:00,0.45539999999999997
2024-06-13 02:00:00,0.4506
2024-06-13 03:00:00,0.45159999999999995
2024-06-13 04:00:00,0.4487
2024-06-13 05:00:00,0.46159999999999995
2024-06-13 06:00:00,0.4939
2024-06-13 07:00:00,0.855
2024-06-13 08:00:00,1.1574
2024-06-13 09:00:00,0.8027
2024-06-13 10:00:00,0.6195
2024-06-13 11:00:00,0.5423
2024-06-13 12:00:00,0.4961
2024-06-13 13:00:00,0.479
2024-06-13 14:00:00,0.47200000000000003
2024-06-13 15:00:00,0.4951
2024-06-13 16:00:00,0.48310000000000003
2024-06-13 17:00:00,0.4866
2024-06-13 18:00:00,0.5206000000000001
2024-06-13 19:00:00,0.5194
2024-06-13 20:00:00,0.5065999999999999
2024-06-13 21:00:00,0.4829
2024-06-13 22:00:00,0.47490000000000004
2024-06-13 23:00:00,0.4543
2024-06-14 00:00:00,0.3824
2024-06-14 01:00:00,0.37670000000000003
2024-06-14 02:00:00,0.3715
2024-06-14 03:00:00,0.36950000000000005
2024-06-14 04:00:00,0.37329999999999997
2024-06-14 05:00:00,0.4012
2024-06-14 06:00:00,0.44170000000000004
2024-06-14 07:00:00,0.47909999999999997
2024-06-14 08:00:00,0.4894
2024-06-14 09:00:00,0.4806
2024-06-14 10:00:00,0.47609999999999997
2024-06-14 11:00:00,0.4681
2024-06-14 12:00:00,0.4598
2024-06-14 13:00:00,0.44189999999999996
2024-06-14 14:00:00,0.4102
2024-06-14 15:00:00,0.4147
2024-06-14 16:00:00,0.44060000000000005
2024-06-14 17:00:00,0.4434
2024-06-14 18:00:00,0.4443
2024-06-14 19:00:00,0.44380000000000003
2024-06-14 20:00:00,0.43119999999999997
2024-06-14 21:00:00,0.41869999999999996
2024-06-14 22:00:00,0.38880000000000003
2024-06-14 23:00:00,0.3483
2024-06-15 00:00:00,0.3845
2024-06-15 01:00:00,0.36939999999999995
2024-06-15 02:00:00,0.33770000000000006
2024-06-15 03:00:00,0.32520000000000004
2024-06-15 04:00:00,0.2536
2024-06-15 05:00:00,0.1131
2024-06-15 06:00:00,0.0202
2024-06-15 07:00:00,0.0027
2024-06-15 08:00:00,0.0
2024-06-15 09:00:00,-0.0006
2024-06-15 10:00:00,-0.0003
2024-06-15 11:00:00,-0.0006
2024-06-15 12:00:00,-0.0025
2024-06-15 13:00:00,-0.0072
2024-06-15 14:00:00,-0.010700000000000001
2024-06-15 15:00:00,-0.0002
2024-06-15 16:00:00,0.0134
2024-06-15 17:00:00,0.1067
2024-06-15 18:00:00,0.175
2024-06-15 19:00:00,0.36
2024-06-15 20:00:00,0.3832
2024-06-15 21:00:00,0.37420000000000003
2024-06-15 22:00:00,0.3514
2024-06-15 23:00:00,0.3122
2024-06-16 00:00:00,0.2741
2024-06-16 01:00:00,0.1168
2024-06-16 02:00:00,0.0555
2024-06-16 03:00:00,0.0329
2024-06-16 04:00:00,0.024700000000000003
2024-06-16 05:00:00,0.0285
2024-06-16 06:00:00,0.0333
2024-06-16 07:00:00,0.0078000000000000005
2024-06-16 08:00:00,-0.0002
2024-06-16 09:00:00,-0.009000000000000001
2024-06-16 10:00:00,-0.006500000000000001
2024-06-16 11:00:00,-0.0066
2024-06-16 12:00:00,-0.01
2024-06-16 13:00:00,-0.009000000000000001
2024-06-16 14:00:00,-0.0012
2024-06-16 15:00:00,0.0
2024-06-16 16:00:00,0.0756
2024-06-16 17:00:00,0.2728
2024-06-16 18:00:00,0.39280000000000004
2024-06-16 19:00:00,0.4268
2024-06-16 20:00:00,0.4243
2024-06-16 21:00:00,0.4182
2024-06-16 22:00:00,0.4072
2024-06-16 23:00:00,0.375
2024-06-17 00:00:00,0.35450000000000004
2024-06-17 01:00:00,0.35509999999999997
2024-06-17 02:00:00,0.3552
2024-06-17 03:00:00,0.35840000000000005
2024-06-17 04:00:00,0.3741
2024-06-17 05:00:00,0.3946
2024-06-17 06:00:00,0.44630000000000003
2024-06-17 07:00:00,0.8123999999999999
2024-06-17 08:00:00,1.2111
2024-06-17 09:00:00,0.9257
2024-06-17 10:00:00,0.6786
2024-06-17 11:00:00,0.5294
2024-06-17 12:00:00,0.4573
2024-06-17 13:00:00,0.4448
2024-06-17 14:00:00,0.455
2024-06-17 15:00:00,0.5054
2024-06-17 16:00:00,0.5902000000000001
2024-06-17 17:00:00,0.9031999999999999
2024-06-17 18:00:00,1.1806999999999999
2024-06-17 19:00:00,1.5219
2024-06-17 20:00:00,0.541
2024-06-17 21:00:00,0.4625
2024-06-17 22:00:00,0.447
2024-06-17 23:00:00,0.414
2024-06-18 00:00:00,0.4012
2024-06-18 01:00:00,0.39590000000000003
2024-06-18 02:00:00,0.3962
2024-06-18 03:00:00,0.3967
2024-06-18 04:00:00,0.4011
2024-06-18 05:00:00,0.43689999999999996
2024-06-18 06:00:00,0.4816
2024-06-18 07:00:00,1.4301
2024-06-18 08:00:00,1.0617
2024-06-18 09:00:00,0.8514
2024-06-18 10:00:00,0.6773
2024-06-18 11:00:00,0.4844
2024-06-18 12:00:00,0.47979999999999995
2024-06-18 13:00:00,0.4499
2024-06-18 14:00:00,0.4434
2024-06-18 15:00:00,0.43479999999999996
2024-06-18 16:00:00,0.426
2024-06-18 17:00:00,0.4407
2024-06-18 18:00:00,0.44799999999999995
2024-06-18 19:00:00,0.44780000000000003
2024-06-18 20:00:00,0.4425
2024-06-18 21:00:00,0.42060000000000003
2024-06-18 22:00:00,0.3856
2024-06-18 23:00:00,0.3442
2024-06-19 00:00:00,0.3095
2024-06-19 01:00:00,0.29100000000000004
2024-06-19 02:00:00,0.2802
2024-06-19 03:00:00,0.2639
2024-06-19 04:00:00,0.2609
2024-06-19 05:00:00,0.2938
2024-06-19 06:00:00,0.4131
2024-06-19 07:00:00,1.2214
2024-06-19 08:00:00,1.1353
2024-06-19 09:00:00,0.8573000000000001
2024-06-19 10:00:00,0.6001
2024-06-19 11:00:00,0.3932
2024-06-19 12:00:00,0.2915
2024-06-19 13:00:00,0.2858
2024-06-19 14:00:00,0.24609999999999999
2024-06-19 15:00:00,0.2132
2024-06-19 16:00:00,0.23420000000000002
2024-06-19 17:00:00,0.3103
2024-06-19 18:00:00,0.41729999999999995
2024-06-19 19:00:00,0.433
2024-06-19 20:00:00,0.4537
2024-06-19 21:00:00,0.2133
2024-06-19 22:00:00,0.1133
2024-06-19 23:00:00,0.050300000000000004
2024-06-20 00:00:00,0.057699999999999994
2024-06-20 01:00:00,0.0652
2024-06-20 02:00:00,0.0916
2024-06-20 03:00:00,0.1192
2024-06-20 04:00:00,0.1186
2024-06-20 05:00:00,0.13140000000000002
2024-06-20 06:00:00,0.1752
2024-06-20 07:00:00,0.215
2024-06-20 08:00:00,0.258
2024-06-20 09:00:00,0.2113
2024-06-20 10:00:00,0.16690000000000002
2024-06-20 11:00:00,0.1165
2024-06-20 12:00:00,0.0738
2024-06-20 13:00:00,0.0429
2024-06-20 14:00:00,0.0336
2024-06-20 15:00:00,0.0292
2024-06-20 16:00:00,0.023
2024-06-20 17:00:00,0.0168
2024-06-20 18:00:00,0.0273
2024-06-20 19:00:00,0.0337
2024-06-20 20:00:00,0.0337
2024-06-20 21:00:00,0.0226
2024-06-20 22:00:00,0.0104
2024-06-20 23:00:00,0.0024
2024-06-21 00:00:00,0.0
2024-06-21 01:00:00,0.0028000000000000004
2024-06-21 02:00:00,0.0045000000000000005
2024-06-21 03:00:00,0.0146
2024-06-21 04:00:00,0.0286
2024-06-21 05:00:00,0.0458
2024-06-21 06:00:00,0.046900000000000004
2024-06-21 07:00:00,0.0828
2024-06-21 08:00:00,0.1705
2024-06-21 09:00:00,0.22760000000000002
2024-06-21 10:00:00,0.2182
2024-06-21 11:00:00,0.2297
2024-06-21 12:00:00,0.2404
2024-06-21 13:00:00,0.188
2024-06-21 14:00:00,0.23440000000000003
2024-06-21 15:00:00,0.2566
2024-06-21 16:00:00,0.2966
2024-06-21 17:00:00,0.3256
2024-06-21 18:00:00,0.38549999999999995
2024-06-21 19:00:00,0.389
2024-06-21 20:00:00,0.3908
2024-06-21 21:00:00,0.3644
2024-06-21 22:00:00,0.3453
2024-06-21 23:00:00,0.3146
2024-06-22 00:00:00,0.37479999999999997
2024-06-22 01:00:00,0.3721
2024-06-22 02:00:00,0.3579
2024-06-22 03:00:00,0.35509999999999997
2024-06-22 04:00:00,0.344
2024-06-22 05:00:00,0.33159999999999995
2024-06-22 06:00:00,0.3602
2024-06-22 07:00:00,0.3908
2024-06-22 08:00:00,0.40020000000000006
2024-06-22 09:00:00,0.3861
2024-06-22 10:00:00,0.1445
2024-06-22 11:00:00,0.0415
2024-06-22 12:00:00,0.030600000000000002
2024-06-22 13:00:00,0.0011
2024-06-22 14:00:00,0.0025
2024-06-22 15:00:00,0.0416
2024-06-22 16:00:00,0.132
2024-06-22 17:00:00,0.3945
2024-06-22 18:00:00,0.4114
2024-06-22 19:00:00,0.4069
2024-06-22 20:00:00,0.40049999999999997
2024-06-22 21:00:00,0.387
2024-06-22 22:00:00,0.3428
2024-06-22 23:00:00,0.3097
2024-06-23 00:00:00,0.34759999999999996
2024-06-23 01:00:00,0.3398
2024-06-23 02:00:00,0.33630000000000004
2024-06-23 03:00:00,0.3345
2024-06-23 04:00:00,0.3332
2024-06-23 05:00:00,0.32880000000000004
2024-06-23 06:00:00,0.3414
2024-06-23 07:00:00,0.39380000000000004
2024-06-23 08:00:00,0.2861
2024-06-23 09:00:00,0.1119
2024-06-23 10:00:00,0.0458
2024-06-23 11:00:00,0.018000000000000002
2024-06-23 12:00:00,0.013300000000000001
2024-06-23 13:00:00,0.005
2024-06-23 14:00:00,0.001
2024-06-23 15:00:00,0.0196
2024-06-23 16:00:00,0.0562
2024-06-23 17:00:00,0.2896
2024-06-23 18:00:00,0.41450000000000004
2024-06-23 19:00:00,0.4111
2024-06-23 20:00:00,0.3876
2024-06-23 21:00:00,0.3591
2024-06-23 22:00:00,0.32789999999999997
2024-06-23 23:00:00,0.305
2024-06-24 00:00:00,0.2762
2024-06-24 01:00:00,0.26239999999999997
2024-06-24 02:00:00,0.24969999999999998
2024-06-24 03:00:00,0.23170000000000002
2024-06-24 04:00:00,0.24969999999999998
2024-06-24 05:00:00,0.3017
2024-06-24 06:00:00,0.4191
2024-06-24 07:00:00,0.42810000000000004
2024-06-24 08:00:00,0.44060000000000005
2024-06-24 09:00:00,0.43729999999999997
2024-06-24 10:00:00,0.4325
2024-06-24 11:00:00,0.41090000000000004
2024-06-24 12:00:00,0.358
2024-06-24 13:00:00,0.3372
2024-06-24 14:00:00,0.3481
2024-06-24 15:00:00,0.41450000000000004
2024-06-24 16:00:00,0.4177
2024-06-24 17:00:00,0.42340000000000005
2024-06-24 18:00:00,0.4178
2024-06-24 19:00:00,0.4164
2024-06-24 20:00:00,0.4268
2024-06-24 21:00:00,0.42219999999999996
2024-06-24 22:00:00,0.4201
2024-06-24 23:00:00,0.4131
2024-06-25 00:00:00,0.3247
2024-06-25 01:00:00,0.3116
2024-06-25 02:00:00,0.3062
2024-06-25 03:00:00,0.3075
2024-06-25 04:00:00,0.3173
2024-06-25 05:00:00,0.3494
2024-06-25 06:00:00,0.387
2024-06-25 07:00:00,0.4105
2024-06-25 08:00:00,0.41979999999999995
2024-06-25 09:00:00,0.41409999999999997
2024-06-25 10:00:00,0.3859
2024-06-25 11:00:00,0.3196
2024-06-25 12:00:00,0.294
2024-06-25 13:00:00,0.2487
2024-06-25 14:00:00,0.2565
2024-06-25 15:00:00,0.2923
2024-06-25 16:00:00,0.3712
2024-06-25 17:00:00,0.38880000000000003
2024-06-25 18:00:00,0.39890000000000003
2024-06-25 19:00:00,0.39799999999999996
2024-06-25 20:00:00,0.3945
2024-06-25 21:00:00,0.385
2024-06-25 22:00:00,0.371
2024-06-25 23:00:00,0.3699
2024-06-26 00:00:00,0.2661
2024-06-26 01:00:00,0.23079999999999998
2024-06-26 02:00:00,0.21059999999999998
2024-06-26 03:00:00,0.1949
2024-06-26 04:00:00,0.19870000000000002
2024-06-26 05:00:00,0.2733
2024-06-26 06:00:00,0.3274
2024-06-26 07:00:00,0.3826
2024-06-26 08:00:00,0.4
2024-06-26 09:00:00,0.3954
2024-06-26 10:00:00,0.3973
2024-06-26 11:00:00,0.37799999999999995
2024-06-26 12:00:00,0.37020000000000003
2024-06-26 13:00:00,0.36719999999999997
2024-06-26 14:00:00,0.3665
2024-06-26 15:00:00,0.3674
2024-06-26 16:00:00,0.3721
2024-06-26 17:00:00,0.3787
2024-06-26 18:00:00,0.39299999999999996
2024-06-26 19:00:00,0.3934
2024-06-26 20:00:00,0.38020000000000004
2024-06-26 21:00:00,0.37920000000000004
2024-06-26 22:00:00,0.3713
2024-06-26 23:00:00,0.35509999999999997
2024-06-27 00:00:00,0.32049999999999995
2024-06-27 01:00:00,0.3053
2024-06-27 02:00:00,0.2934
2024-06-27 03:00:00,0.2812
2024-06-27 04:00:00,0.29109999999999997
2024-06-27 05:00:00,0.29969999999999997
2024-06-27 06:00:00,0.3298
2024-06-27 07:00:00,0.3713
2024-06-27 08:00:00,0.3967
2024-06-27 09:00:00,0.3925
2024-06-27 10:00:00,0.3803
2024-06-27 11:00:00,0.33240000000000003
2024-06-27 12:00:00,0.33520000000000005
2024-06-27 13:00:00,0.3265
2024-06-27 14:00:00,0.3028
2024-06-27 15:00:00,0.282
2024-06-27 16:00:00,0.30510000000000004
2024-06-27 17:00:00,0.3298
2024-06-27 18:00:00,0.3306
2024-06-27 19:00:00,0.31670000000000004
2024-06-27 20:00:00,0.2859
2024-06-27 21:00:00,0.2518
2024-06-27 22:00:00,0.1703
2024-06-27 23:00:00,0.039599999999999996
2024-06-28 00:00:00,0.0363
2024-06-28 01:00:00,0.0345
2024-06-28 02:00:00,0.0341
2024-06-28 03:00:00,0.033
2024-06-28 04:00:00,0.034300000000000004
2024-06-28 05:00:00,0.050199999999999995
2024-06-28 06:00:00,0.19210000000000002
2024-06-28 07:00:00,0.3175
2024-06-28 08:00:00,0.3429
2024-06-28 09:00:00,0.331
2024-06-28 10:00:00,0.2504
2024-06-28 11:00:00,0.049800000000000004
2024-06-28 12:00:00,0.013500000000000002
2024-06-28 13:00:00,-0.0002
2024-06-28 14:00:00,-0.0091
2024-06-28 15:00:00,-0.0102
2024-06-28 16:00:00,-0.0002
2024-06-28 17:00:00,0.0366
2024-06-28 18:00:00,0.14550000000000002
2024-06-28 19:00:00,0.2173
2024-06-28 20:00:00,0.1598
2024-06-28 21:00:00,0.0564
2024-06-28 22:00:00,0.0472
2024-06-28 23:00:00,0.0105
2024-06-29 00:00:00,0.021099999999999997
2024-06-29 01:00:00,-0.0007000000000000001
2024-06-29 02:00:00,-0.0034999999999999996
2024-06-29 03:00:00,-0.0115
2024-06-29 04:00:00,-0.0125
2024-06-29 05:00:00,-0.0115
2024-06-29 06:00:00,-0.0066
2024-06-29 07:00:00,-0.0009
2024-06-29 08:00:00,-0.0007000000000000001
2024-06-29 09:00:00,-0.0012
2024-06-29 10:00:00,-0.0226
2024-06-29 11:00:00,-0.026000000000000002
2024-06-29 12:00:00,-0.022799999999999997
2024-06-29 13:00:00,-0.023799999999999998
2024-06-29 14:00:00,-0.0275
2024-06-29 15:00:00,-0.026000000000000002
2024-06-29 16:00:00,-0.0168
2024-06-29 17:00:00,-0.0012
2024-06-29 18:00:00,0.0
2024-06-29 19:00:00,0.033
2024-06-29 20:00:00,0.1057
2024-06-29 21:00:00,0.1341
2024-06-29 22:00:00,0.12990000000000002
2024-06-29 23:00:00,0.0567
2024-06-30 00:00:00,0.221
2024-06-30 01:00:00,0.2116
2024-06-30 02:00:00,0.21059999999999998
2024-06-30 03:00:00,0.2266
2024-06-30 04:00:00,0.24280000000000002
2024-06-30 05:00:00,0.2718
2024-06-30 06:00:00,0.30519999999999997
2024-06-30 07:00:00,0.23190000000000002
2024-06-30 08:00:00,0.0776
2024-06-30 09:00:00,0.009300000000000001
2024-06-30 10:00:00,0.0
2024-06-30 11:00:00,0.0
2024-06-30 12:00:00,0.0
2024-06-30 13:00:00,0.0
2024-06-30 14:00:00,0.0
2024-06-30 15:00:00,0.0
2024-06-30 16:00:00,0.0876
2024-06-30 17:00:00,0.3392
2024-06-30 18:00:00,0.3722
2024-06-30 19:00:00,0.3718
2024-06-30 20:00:00,0.3715
2024-06-30 21:00:00,0.3705
2024-06-30 22:00:00,0.3663
2024-06-30 23:00:00,0.3513
2024-07-01 00:00:00,0.34340000000000004
2024-07-01 01:00:00,0.3358
2024-07-01 02:00:00,0.32770000000000005
2024-07-01 03:00:00,0.3251
2024-07-01 04:00:00,0.32770000000000005
2024-07-01 05:00:00,0.3464
2024-07-01 06:00:00,0.36840000000000006
2024-07-01 07:00:00,0.4081
2024-07-01 08:00:00,0.4139
2024-07-01 09:00:00,0.4021
2024-07-01 10:00:00,0.39640000000000003
2024-07-01 11:00:00,0.3881
2024-07-01 12:00:00,0.37979999999999997
2024-07-01 13:00:00,0.3768
2024-07-01 14:00:00,0.36810000000000004
2024-07-01 15:00:00,0.3697
2024-07-01 16:00:00,0.3712
2024-07-01 17:00:00,0.376
2024-07-01 18:00:00,0.38659999999999994
2024-07-01 19:00:00,0.38520000000000004
2024-07-01 20:00:00,0.3801
2024-07-01 21:00:00,0.371
2024-07-01 22:00:00,0.35969999999999996
2024-07-01 23:00:00,0.3489
2024-07-02 00:00:00,0.31489999999999996
2024-07-02 01:00:00,0.30210000000000004
2024-07-02 02:00:00,0.29059999999999997
2024-07-02 03:00:00,0.2824
2024-07-02 04:00:00,0.2897
2024-07-02 05:00:00,0.3077
2024-07-02 06:00:00,0.3151
2024-07-02 07:00:00,0.40909999999999996
2024-07-02 08:00:00,0.4315
2024-07-02 09:00:00,0.431
2024-07-02 10:00:00,0.40840000000000004
2024-07-02 11:00:00,0.3971
2024-07-02 12:00:00,0.397
2024-07-02 13:00:00,0.3933
2024-07-02 14:00:00,0.3857
2024-07-02 15:00:00,0.3705
2024-07-02 16:00:00,0.38020000000000004
2024-07-02 17:00:00,0.3996
2024-07-02 18:00:00,0.39899999999999997
2024-07-02 19:00:00,0.4073
2024-07-02 20:00:00,0.4268
2024-07-02 21:00:00,0.4204
2024-07-02 22:00:00,0.4293
2024-07-02 23:00:00,0.4114
2024-07-03 00:00:00,0.2913
2024-07-03 01:00:00,0.2748
2024-07-03 02:00:00,0.271
2024-07-03 03:00:00,0.2821
2024-07-03 04:00:00,0.2992
2024-07-03 05:00:00,0.3299
2024-07-03 06:00:00,0.3821
2024-07-03 07:00:00,0.44060000000000005
2024-07-03 08:00:00,0.4489
2024-07-03 09:00:00,0.4522
2024-07-03 10:00:00,0.4489
2024-07-03 11:00:00,0.4468
2024-07-03 12:00:00,0.434
2024-07-03 13:00:00,0.4397
2024-07-03 14:00:00,0.4334
2024-07-03 15:00:00,0.4235
2024-07-03 16:00:00,0.4191
2024-07-03 17:00:00,0.41100000000000003
2024-07-03 18:00:00,0.4191
2024-07-03 19:00:00,0.4108
2024-07-03 20:00:00,0.405
2024-07-03 21:00:00,0.40020000000000006
2024-07-03 22:00:00,0.3845
2024-07-03 23:00:00,0.3651
2024-07-04 00:00:00,0.3542
2024-07-04 01:00:00,0.3408
2024-07-04 02:00:00,0.2912
2024-07-04 03:00:00,0.19820000000000002
2024-07-04 04:00:00,0.111
2024-07-04 05:00:00,0.11380000000000001
2024-07-04 06:00:00,0.3007
2024-07-04 07:00:00,0.3408
2024-07-04 08:00:00,0.34450000000000003
2024-07-04 09:00:00,0.272
2024-07-04 10:00:00,0.0407
2024-07-04 11:00:00,0.0332
2024-07-04 12:00:00,0.0311
2024-07-04 13:00:00,0.011000000000000001
2024-07-04 14:00:00,0.0
2024-07-04 15:00:00,0.0
2024-07-04 16:00:00,-0.0001
2024-07-04 17:00:00,0.0172
2024-07-04 18:00:00,0.1331
2024-07-04 19:00:00,0.29960000000000003
2024-07-04 20:00:00,0.2865
2024-07-04 21:00:00,0.2706
2024-07-04 22:00:00,0.204
2024-07-04 23:00:00,0.1506
2024-07-05 00:00:00,0.0785
2024-07-05 01:00:00,0.053399999999999996
2024-07-05 02:00:00,0.0467
2024-07-05 03:00:00,0.030299999999999997
2024-07-05 04:00:00,0.0331
2024-07-05 05:00:00,0.0649
2024-07-05 06:00:00,0.2267
2024-07-05 07:00:00,0.32539999999999997
2024-07-05 08:00:00,0.33659999999999995
2024-07-05 09:00:00,0.21050000000000002
2024-07-05 10:00:00,0.0334
2024-07-05 11:00:00,0.0046
2024-07-05 12:00:00,-0.0004
2024-07-05 13:00:00,-0.0062
2024-07-05 14:00:00,-0.0087
2024-07-05 15:00:00,-0.0003
2024-07-05 16:00:00,0.0219
2024-07-05 17:00:00,0.1481
2024-07-05 18:00:00,0.2639
2024-07-05 19:00:00,0.2815
2024-07-05 20:00:00,0.2664
2024-07-05 21:00:00,0.2266
2024-07-05 22:00:00,0.1979
2024-07-05 23:00:00,0.1246
2024-07-06 00:00:00,0.1746
2024-07-06 01:00:00,0.1336
2024-07-06 02:00:00,0.1494
2024-07-06 03:00:00,0.19949999999999998
2024-07-06 04:00:00,0.22260000000000002
2024-07-06 05:00:00,0.0746
2024-07-06 06:00:00,0.0636
2024-07-06 07:00:00,0.0625
2024-07-06 08:00:00,0.039599999999999996
2024-07-06 09:00:00,0.0036
2024-07-06 10:00:00,-0.0004
2024-07-06 11:00:00,-0.0002
2024-07-06 12:00:00,-0.0003
2024-07-06 13:00:00,-0.0014000000000000002
2024-07-06 14:00:00,-0.0248
2024-07-06 15:00:00,-0.0308
2024-07-06 16:00:00,-0.0068000000000000005
2024-07-06 17:00:00,0.0001
2024-07-06 18:00:00,0.022000000000000002
2024-07-06 19:00:00,0.005
2024-07-06 20:00:00,0.0761
2024-07-06 21:00:00,0.1069
2024-07-06 22:00:00,0.1997
2024-07-06 23:00:00,0.077
2024-07-07 00:00:00,-0.0002
2024-07-07 01:00:00,-0.0011
2024-07-07 02:00:00,-0.0091
2024-07-07 03:00:00,-0.0055000000000000005
2024-07-07 04:00:00,-0.01
2024-07-07 05:00:00,-0.02
2024-07-07 06:00:00,-0.0092
2024-07-07 07:00:00,-0.0067
2024-07-07 08:00:00,-0.0069
2024-07-07 09:00:00,-0.0736
2024-07-07 10:00:00,-0.11349999999999999
2024-07-07 11:00:00,-0.1369
2024-07-07 12:00:00,-0.1534
2024-07-07 13:00:00,-0.17079999999999998
2024-07-07 14:00:00,-0.2262
2024-07-07 15:00:00,-0.1387
2024-07-07 16:00:00,-0.07
2024-07-07 17:00:00,-0.028300000000000002
2024-07-07 18:00:00,-0.0132
2024-07-07 19:00:00,-0.0091
2024-07-07 20:00:00,-0.0012
2024-07-07 21:00:00,-0.0017000000000000001
2024-07-07 22:00:00,-0.0011
2024-07-07 23:00:00,-0.0011
2024-07-08 00:00:00,0.005
2024-07-08 01:00:00,0.011000000000000001
2024-07-08 02:00:00,0.0222
2024-07-08 03:00:00,0.0467
2024-07-08 04:00:00,0.0732
2024-07-08 05:00:00,0.2104
2024-07-08 06:00:00,0.27899999999999997
2024-07-08 07:00:00,0.31989999999999996
2024-07-08 08:00:00,0.3443
2024-07-08 09:00:00,0.348
2024-07-08 10:00:00,0.34740000000000004
2024-07-08 11:00:00,0.3432
2024-07-08 12:00:00,0.34509999999999996
2024-07-08 13:00:00,0.3267
2024-07-08 14:00:00,0.32799999999999996
2024-07-08 15:00:00,0.3408
2024-07-08 16:00:00,0.3408
2024-07-08 17:00:00,0.3428
2024-07-08 18:00:00,0.34950000000000003
2024-07-08 19:00:00,0.3576
2024-07-08 20:00:00,0.3544
2024-07-08 21:00:00,0.34299999999999997
2024-07-08 22:00:00,0.33
2024-07-08 23:00:00,0.3182
2024-07-09 00:00:00,0.3125
2024-07-09 01:00:00,0.3037
2024-07-09 02:00:00,0.2965
2024-07-09 03:00:00,0.2919
2024-07-09 04:00:00,0.29109999999999997
2024-07-09 05:00:00,0.3103
2024-07-09 06:00:00,0.34729999999999994
2024-07-09 07:00:00,0.36700000000000005
2024-07-09 08:00:00,0.3847
2024-07-09 09:00:00,0.3829
2024-07-09 10:00:00,0.3575
2024-07-09 11:00:00,0.3464
2024-07-09 12:00:00,0.3281
2024-07-09 13:00:00,0.2876
2024-07-09 14:00:00,0.3036
2024-07-09 15:00:00,0.3382
2024-07-09 16:00:00,0.3674
2024-07-09 17:00:00,0.3945
2024-07-09 18:00:00,0.40850000000000003
2024-07-09 19:00:00,0.4376
2024-07-09 20:00:00,0.4375
2024-07-09 21:00:00,0.38939999999999997
2024-07-09 22:00:00,0.3589
2024-07-09 23:00:00,0.3425
2024-07-10 00:00:00,0.331
2024-07-10 01:00:00,0.3221
2024-07-10 02:00:00,0.31120000000000003
2024-07-10 03:00:00,0.3005
2024-07-10 04:00:00,0.2939
2024-07-10 05:00:00,0.3091
2024-07-10 06:00:00,0.32299999999999995
2024-07-10 07:00:00,0.3329
2024-07-10 08:00:00,0.33899999999999997
2024-07-10 09:00:00,0.33020000000000005
2024-07-10 10:00:00,0.3193
2024-07-10 11:00:00,0.3043
2024-07-10 12:00:00,0.2892
2024-07-10 13:00:00,0.2853
2024-07-10 14:00:00,0.2779
2024-07-10 15:00:00,0.253
2024-07-10 16:00:00,0.2734
2024-07-10 17:00:00,0.2907
2024-07-10 18:00:00,0.2986
2024-07-10 19:00:00,0.2893
2024-07-10 20:00:00,0.2568
2024-07-10 21:00:00,0.2072
2024-07-10 22:00:00,0.056900000000000006
2024-07-10 23:00:00,0.0304
2024-07-11 00:00:00,0.0345
2024-07-11 01:00:00,0.0339
2024-07-11 02:00:00,0.0347
2024-07-11 03:00:00,0.047
2024-07-11 04:00:00,0.056100000000000004
2024-07-11 05:00:00,0.12279999999999999
2024-07-11 06:00:00,0.214
2024-07-11 07:00:00,0.2695
2024-07-11 08:00:00,0.298
2024-07-11 09:00:00,0.3089
2024-07-11 10:00:00,0.31620000000000004
2024-07-11 11:00:00,0.31670000000000004
2024-07-11 12:00:00,0.3204
2024-07-11 13:00:00,0.3218
2024-07-11 14:00:00,0.3218
2024-07-11 15:00:00,0.3259
2024-07-11 16:00:00,0.331
2024-07-11 17:00:00,0.3356
2024-07-11 18:00:00,0.3356
2024-07-11 19:00:00,0.3372
2024-07-11 20:00:00,0.33630000000000004
2024-07-11 21:00:00,0.3317
2024-07-11 22:00:00,0.3245
2024-07-11 23:00:00,0.30829999999999996
2024-07-12 00:00:00,0.3064
2024-07-12 01:00:00,0.2932
2024-07-12 02:00:00,0.27899999999999997
2024-07-12 03:00:00,0.2466
2024-07-12 04:00:00,0.24420000000000003
2024-07-12 05:00:00,0.2914
2024-07-12 06:00:00,0.31829999999999997
2024-07-12 07:00:00,0.3268
2024-07-12 08:00:00,0.3369
2024-07-12 09:00:00,0.33840000000000003
2024-07-12 10:00:00,0.33630000000000004
2024-07-12 11:00:00,0.3326
2024-07-12 12:00:00,0.3283
2024-07-12 13:00:00,0.3231
2024-07-12 14:00:00,0.321
2024-07-12 15:00:00,0.3193
2024-07-12 16:00:00,0.31920000000000004
2024-07-12 17:00:00,0.3369
2024-07-12 18:00:00,0.3392
2024-07-12 19:00:00,0.3403
2024-07-12 20:00:00,0.3367
2024-07-12 21:00:00,0.3257
2024-07-12 22:00:00,0.31829999999999997
2024-07-12 23:00:00,0.30260000000000004
2024-07-13 00:00:00,0.23800000000000002
2024-07-13 01:00:00,0.153
2024-07-13 02:00:00,0.1052
2024-07-13 03:00:00,0.09179999999999999
2024-07-13 04:00:00,0.0708
2024-07-13 05:00:00,0.1361
2024-07-13 06:00:00,0.22440000000000002
2024-07-13 07:00:00,0.2858
2024-07-13 08:00:00,0.2966
2024-07-13 09:00:00,0.2408
2024-07-13 10:00:00,0.0592
2024-07-13 11:00:00,0.0005
2024-07-13 12:00:00,-0.0001
2024-07-13 13:00:00,-0.01
2024-07-13 14:00:00,-0.009300000000000001
2024-07-13 15:00:00,-0.0007000000000000001
2024-07-13 16:00:00,0.0174
2024-07-13 17:00:00,0.0726
2024-07-13 18:00:00,0.2576
2024-07-13 19:00:00,0.3016
2024-07-13 20:00:00,0.24960000000000002
2024-07-13 21:00:00,0.2028
2024-07-13 22:00:00,0.128
2024-07-13 23:00:00,0.09539999999999998
2024-07-14 00:00:00,0.2728
2024-07-14 01:00:00,0.24100000000000002
2024-07-14 02:00:00,0.2189
2024-07-14 03:00:00,0.16079999999999997
2024-07-14 04:00:00,0.131
2024-07-14 05:00:00,0.1152
2024-07-14 06:00:00,0.19190000000000002
2024-07-14 07:00:00,0.16440000000000002
2024-07-14 08:00:00,0.0033
2024-07-14 09:00:00,-0.0264
2024-07-14 10:00:00,-0.0348
2024-07-14 11:00:00,-0.0391
2024-07-14 12:00:00,-0.048600000000000004
2024-07-14 13:00:00,-0.0594
2024-07-14 14:00:00,-0.0738
2024-07-14 15:00:00,-0.0617
2024-07-14 16:00:00,-0.024
2024-07-14 17:00:00,0.0215
2024-07-14 18:00:00,0.2504
2024-07-14 19:00:00,0.24850000000000003
2024-07-14 20:00:00,0.22949999999999998
2024-07-14 21:00:00,0.19079999999999997
2024-07-14 22:00:00,0.0816
2024-07-14 23:00:00,0.056600000000000004
2024-07-15 00:00:00,0.1515
2024-07-15 01:00:00,0.15689999999999998
2024-07-15 02:00:00,0.1547
2024-07-15 03:00:00,0.1586
2024-07-15 04:00:00,0.19640000000000002
2024-07-15 05:00:00,0.2189
2024-07-15 06:00:00,0.2921
2024-07-15 07:00:00,0.312
2024-07-15 08:00:00,0.3175
2024-07-15 09:00:00,0.3121
2024-07-15 10:00:00,0.304
2024-07-15 11:00:00,0.2306
2024-07-15 12:00:00,0.1827
2024-07-15 13:00:00,0.1151
2024-07-15 14:00:00,0.21170000000000003
2024-07-15 15:00:00,0.2397
2024-07-15 16:00:00,0.3111
2024-07-15 17:00:00,0.3326
2024-07-15 18:00:00,0.3442
2024-07-15 19:00:00,0.3418
2024-07-15 20:00:00,0.3325
2024-07-15 21:00:00,0.32439999999999997
2024-07-15 22:00:00,0.314
2024-07-15 23:00:00,0.2981
2024-07-16 00:00:00,0.287
2024-07-16 01:00:00,0.2822
2024-07-16 02:00:00,0.2811
2024-07-16 03:00:00,0.2827
2024-07-16 04:00:00,0.2857
2024-07-16 05:00:00,0.2949
2024-07-16 06:00:00,0.31420000000000003
2024-07-16 07:00:00,0.325
2024-07-16 08:00:00,0.3224
2024-07-16 09:00:00,0.3225
2024-07-16 10:00:00,0.2904
2024-07-16 11:00:00,0.2451
2024-07-16 12:00:00,0.1826
2024-07-16 13:00:00,0.1567
2024-07-16 14:00:00,0.1924
2024-07-16 15:00:00,0.22030000000000002
2024-07-16 16:00:00,0.2746
2024-07-16 17:00:00,0.2945
2024-07-16 18:00:00,0.33380000000000004
2024-07-16 19:00:00,0.3274
2024-07-16 20:00:00,0.3157
2024-07-16 21:00:00,0.3028
2024-07-16 22:00:00,0.2915
2024-07-16 23:00:00,0.2768
2024-07-17 00:00:00,0.2429
2024-07-17 01:00:00,0.2407
2024-07-17 02:00:00,0.2377
2024-07-17 03:00:00,0.23120000000000002
2024-07-17 04:00:00,0.2248
2024-07-17 05:00:00,0.2205
2024-07-17 06:00:00,0.23850000000000002
2024-07-17 07:00:00,0.2658
2024-07-17 08:00:00,0.2729
2024-07-17 09:00:00,0.265
2024-07-17 10:00:00,0.2372
2024-07-17 11:00:00,0.21530000000000002
2024-07-17 12:00:00,0.2235
2024-07-17 13:00:00,0.2059
2024-07-17 14:00:00,0.1219
2024-07-17 15:00:00,0.0795
2024-07-17 16:00:00,0.1009
2024-07-17 17:00:00,0.13449999999999998
2024-07-17 18:00:00,0.1439
2024-07-17 19:00:00,0.159
2024-07-17 20:00:00,0.16010000000000002
2024-07-17 21:00:00,0.15539999999999998
2024-07-17 22:00:00,0.1673
2024-07-17 23:00:00,0.1351
2024-07-18 00:00:00,0.0632
2024-07-18 01:00:00,0.0579
2024-07-18 02:00:00,0.0565
2024-07-18 03:00:00,0.053099999999999994
2024-07-18 04:00:00,0.0558
2024-07-18 05:00:00,0.0999
2024-07-18 06:00:00,0.1285
2024-07-18 07:00:00,0.21420000000000003
2024-07-18 08:00:00,0.2248
2024-07-18 09:00:00,0.23670000000000002
2024-07-18 10:00:00,0.2351
2024-07-18 11:00:00,0.2188
2024-07-18 12:00:00,0.2122
2024-07-18 13:00:00,0.20670000000000002
2024-07-18 14:00:00,0.20170000000000002
2024-07-18 15:00:00,0.1968
2024-07-18 16:00:00,0.21309999999999998
2024-07-18 17:00:00,0.22329999999999997
2024-07-18 18:00:00,0.23670000000000002
2024-07-18 19:00:00,0.24710000000000001
2024-07-18 20:00:00,0.2302
2024-07-18 21:00:00,0.21960000000000002
2024-07-18 22:00:00,0.1819
2024-07-18 23:00:00,0.122
2024-07-19 00:00:00,0.11699999999999999
2024-07-19 01:00:00,0.11359999999999999
2024-07-19 02:00:00,0.1039
2024-07-19 03:00:00,0.057699999999999994
2024-07-19 04:00:00,0.057999999999999996
2024-07-19 05:00:00,0.1482
2024-07-19 06:00:00,0.2202
2024-07-19 07:00:00,0.2366
2024-07-19 08:00:00,0.2459
2024-07-19 09:00:00,0.24850000000000003
2024-07-19 10:00:00,0.2341
2024-07-19 11:00:00,0.2275
2024-07-19 12:00:00,0.2341
2024-07-19 13:00:00,0.2391
2024-07-19 14:00:00,0.2418
2024-07-19 15:00:00,0.2372
2024-07-19 16:00:00,0.2384
2024-07-19 17:00:00,0.2502
2024-07-19 18:00:00,0.2581
2024-07-19 19:00:00,0.2635
2024-07-19 20:00:00,0.24530000000000002
2024-07-19 21:00:00,0.2339
2024-07-19 22:00:00,0.2198
2024-07-19 23:00:00,0.1935
2024-07-20 00:00:00,0.1507
2024-07-20 01:00:00,0.1487
2024-07-20 02:00:00,0.1562
2024-07-20 03:00:00,0.1597
2024-07-20 04:00:00,0.17550000000000002
2024-07-20 05:00:00,0.19690000000000002
2024-07-20 06:00:00,0.2257
2024-07-20 07:00:00,0.2413
2024-07-20 08:00:00,0.26789999999999997
2024-07-20 09:00:00,0.27190000000000003
2024-07-20 10:00:00,0.18460000000000001
2024-07-20 11:00:00,0.0438
2024-07-20 12:00:00,0.0159
2024-07-20 13:00:00,0.0002
2024-07-20 14:00:00,0.0051
2024-07-20 15:00:00,0.053399999999999996
2024-07-20 16:00:00,0.2091
2024-07-20 17:00:00,0.29309999999999997
2024-07-20 18:00:00,0.2926
2024-07-20 19:00:00,0.2926
2024-07-20 20:00:00,0.2846
2024-07-20 21:00:00,0.2759
2024-07-20 22:00:00,0.2669
2024-07-20 23:00:00,0.24969999999999998
2024-07-21 00:00:00,0.2484
2024-07-21 01:00:00,0.2416
2024-07-21 02:00:00,0.23739999999999997
2024-07-21 03:00:00,0.23329999999999998
2024-07-21 04:00:00,0.22390000000000002
2024-07-21 05:00:00,0.2359
2024-07-21 06:00:00,0.2486
2024-07-21 07:00:00,0.2632
2024-07-21 08:00:00,0.2737
2024-07-21 09:00:00,0.2158
2024-07-21 10:00:00,0.033
2024-07-21 11:00:00,0.0072
2024-07-21 12:00:00,0.0002
2024-07-21 13:00:00,-0.0007000000000000001
2024-07-21 14:00:00,0.0236
2024-07-21 15:00:00,0.0454
2024-07-21 16:00:00,0.21710000000000002
2024-07-21 17:00:00,0.2687
2024-07-21 18:00:00,0.2687
2024-07-21 19:00:00,0.2651
2024-07-21 20:00:00,0.2575
2024-07-21 21:00:00,0.2514
2024-07-21 22:00:00,0.2376
2024-07-21 23:00:00,0.22089999999999999
2024-07-22 00:00:00,0.233
2024-07-22 01:00:00,0.2298
2024-07-22 02:00:00,0.22719999999999999
2024-07-22 03:00:00,0.23
2024-07-22 04:00:00,0.23440000000000003
2024-07-22 05:00:00,0.2523
2024-07-22 06:00:00,0.2751
2024-07-22 07:00:00,0.2842
2024-07-22 08:00:00,0.29
2024-07-22 09:00:00,0.2862
2024-07-22 10:00:00,0.2852
2024-07-22 11:00:00,0.2784
2024-07-22 12:00:00,0.2785
2024-07-22 13:00:00,0.27140000000000003
2024-07-22 14:00:00,0.2256
2024-07-22 15:00:00,0.2368
2024-07-22 16:00:00,0.2652
2024-07-22 17:00:00,0.2809
2024-07-22 18:00:00,0.2899
2024-07-22 19:00:00,0.2898
2024-07-22 20:00:00,0.2789
2024-07-22 21:00:00,0.2768
2024-07-22 22:00:00,0.2615
2024-07-22 23:00:00,0.23800000000000002
2024-07-23 00:00:00,0.2216
2024-07-23 01:00:00,0.2114
2024-07-23 02:00:00,0.2108
2024-07-23 03:00:00,0.20739999999999997
2024-07-23 04:00:00,0.2039
2024-07-23 05:00:00,0.2293
2024-07-23 06:00:00,0.2544
2024-07-23 07:00:00,0.278
2024-07-23 08:00:00,0.2847
2024-07-23 09:00:00,0.2802
2024-07-23 10:00:00,0.2713
2024-07-23 11:00:00,0.2618
2024-07-23 12:00:00,0.25079999999999997
2024-07-23 13:00:00,0.24559999999999998
2024-07-23 14:00:00,0.2473
2024-07-23 15:00:00,0.25370000000000004
2024-07-23 16:00:00,0.266
2024-07-23 17:00:00,0.2732
2024-07-23 18:00:00,0.2787
2024-07-23 19:00:00,0.2842
2024-07-23 20:00:00,0.2756
2024-07-23 21:00:00,0.2717
2024-07-23 22:00:00,0.262
2024-07-23 23:00:00,0.2446
2024-07-24 00:00:00,0.23550000000000001
2024-07-24 01:00:00,0.2255
2024-07-24 02:00:00,0.22149999999999997
2024-07-24 03:00:00,0.2188
2024-07-24 04:00:00,0.2198
2024-07-24 05:00:00,0.23989999999999997
2024-07-24 06:00:00,0.2569
2024-07-24 07:00:00,0.2677
2024-07-24 08:00:00,0.2798
2024-07-24 09:00:00,0.2867
2024-07-24 10:00:00,0.2888
2024-07-24 11:00:00,0.247
2024-07-24 12:00:00,0.1808
2024-07-24 13:00:00,0.1402
2024-07-24 14:00:00,0.1306
2024-07-24 15:00:00,0.1782
2024-07-24 16:00:00,0.2267
2024-07-24 17:00:00,0.2889
2024-07-24 18:00:00,0.2994
2024-07-24 19:00:00,0.30219999999999997
2024-07-24 20:00:00,0.2913
2024-07-24 21:00:00,0.282
2024-07-24 22:00:00,0.2754
2024-07-24 23:00:00,0.2589
2024-07-25 00:00:00,0.256
2024-07-25 01:00:00,0.25170000000000003
2024-07-25 02:00:00,0.2482
2024-07-25 03:00:00,0.2463
2024-07-25 04:00:00,0.24710000000000001
2024-07-25 05:00:00,0.2458
2024-07-25 06:00:00,0.2606
2024-07-25 07:00:00,0.2811
2024-07-25 08:00:00,0.2897
2024-07-25 09:00:00,0.2939
2024-07-25 10:00:00,0.29359999999999997
2024-07-25 11:00:00,0.2844
2024-07-25 12:00:00,0.2773
2024-07-25 13:00:00,0.2096
2024-07-25 14:00:00,0.20120000000000002
2024-07-25 15:00:00,0.26
2024-07-25 16:00:00,0.2747
2024-07-25 17:00:00,0.2803
2024-07-25 18:00:00,0.28600000000000003
2024-07-25 19:00:00,0.2897
2024-07-25 20:00:00,0.2804
2024-07-25 21:00:00,0.2725
2024-07-25 22:00:00,0.276
2024-07-25 23:00:00,0.2532
2024-07-26 00:00:00,0.2416
2024-07-26 01:00:00,0.23420000000000002
2024-07-26 02:00:00,0.2243
2024-07-26 03:00:00,0.2225
2024-07-26 04:00:00,0.221
2024-07-26 05:00:00,0.2225
2024-07-26 06:00:00,0.2254
2024-07-26 07:00:00,0.23600000000000002
2024-07-26 08:00:00,0.2452
2024-07-26 09:00:00,0.2446
2024-07-26 10:00:00,0.2378
2024-07-26 11:00:00,0.2243
2024-07-26 12:00:00,0.2182
2024-07-26 13:00:00,0.2207
2024-07-26 14:00:00,0.22149999999999997
2024-07-26 15:00:00,0.2261
2024-07-26 16:00:00,0.2268
2024-07-26 17:00:00,0.23989999999999997
2024-07-26 18:00:00,0.2439
2024-07-26 19:00:00,0.24609999999999999
2024-07-26 20:00:00,0.24760000000000001
2024-07-26 21:00:00,0.242
2024-07-26 22:00:00,0.23870000000000002
2024-07-26 23:00:00,0.2227
2024-07-27 00:00:00,0.22510000000000002
2024-07-27 01:00:00,0.22260000000000002
2024-07-27 02:00:00,0.2237
2024-07-27 03:00:00,0.2273
2024-07-27 04:00:00,0.2302
2024-07-27 05:00:00,0.23199999999999998
2024-07-27 06:00:00,0.23989999999999997
2024-07-27 07:00:00,0.2459
2024-07-27 08:00:00,0.2565
2024-07-27 09:00:00,0.2636
2024-07-27 10:00:00,0.25780000000000003
2024-07-27 11:00:00,0.2527
2024-07-27 12:00:00,0.24609999999999999
2024-07-27 13:00:00,0.2036
2024-07-27 14:00:00,0.2051
2024-07-27 15:00:00,0.2373
2024-07-27 16:00:00,0.2419
2024-07-27 17:00:00,0.24600000000000002
2024-07-27 18:00:00,0.2555
2024-07-27 19:00:00,0.2643
2024-07-27 20:00:00,0.2606
2024-07-27 21:00:00,0.2552
2024-07-27 22:00:00,0.2536
2024-07-27 23:00:00,0.2364
2024-07-28 00:00:00,0.2554
2024-07-28 01:00:00,0.2503
2024-07-28 02:00:00,0.2437
2024-07-28 03:00:00,0.23010000000000003
2024-07-28 04:00:00,0.2228
2024-07-28 05:00:00,0.2336
2024-07-28 06:00:00,0.2462
2024-07-28 07:00:00,0.2545
2024-07-28 08:00:00,0.25989999999999996
2024-07-28 09:00:00,0.058600000000000006
2024-07-28 10:00:00,0.0
2024-07-28 11:00:00,-0.0285
2024-07-28 12:00:00,-0.1766
2024-07-28 13:00:00,-0.34990000000000004
2024-07-28 14:00:00,-0.5716
2024-07-28 15:00:00,-0.3936
2024-07-28 16:00:00,-0.1559
2024-07-28 17:00:00,-0.003
2024-07-28 18:00:00,0.0584
2024-07-28 19:00:00,0.0684
2024-07-28 20:00:00,0.0584
2024-07-28 21:00:00,0.0576
2024-07-28 22:00:00,0.0315
2024-07-28 23:00:00,-0.0012
2024-07-29 00:00:00,-0.0069
2024-07-29 01:00:00,-0.0108
2024-07-29 02:00:00,-0.0149
2024-07-29 03:00:00,-0.0184
2024-07-29 04:00:00,-0.0149
2024-07-29 05:00:00,-0.0095
2024-07-29 06:00:00,-0.0001
2024-07-29 07:00:00,0.015
2024-07-29 08:00:00,0.0049
2024-07-29 09:00:00,0.0063
2024-07-29 10:00:00,-0.0006
2024-07-29 11:00:00,-0.0019
2024-07-29 12:00:00,-0.0022
2024-07-29 13:00:00,-0.02
2024-07-29 14:00:00,-0.0115
2024-07-29 15:00:00,-0.0008
2024-07-29 16:00:00,0.0582
2024-07-29 17:00:00,0.1766
2024-07-29 18:00:00,0.195
2024-07-29 19:00:00,0.2238
2024-07-29 20:00:00,0.2145
2024-07-29 21:00:00,0.165
2024-07-29 22:00:00,0.1003
2024-07-29 23:00:00,0.057999999999999996
2024-07-30 00:00:00,0.0576
2024-07-30 01:00:00,0.0576
2024-07-30 02:00:00,0.0576
2024-07-30 03:00:00,0.057800000000000004
2024-07-30 04:00:00,0.0583
2024-07-30 05:00:00,0.1643
2024-07-30 06:00:00,0.1827
2024-07-30 07:00:00,0.2572
2024-07-30 08:00:00,0.2718
2024-07-30 09:00:00,0.27440000000000003
2024-07-30 10:00:00,0.23420000000000002
2024-07-30 11:00:00,0.09179999999999999
2024-07-30 12:00:00,0.0128
2024-07-30 13:00:00,0.0001
2024-07-30 14:00:00,0.01
2024-07-30 15:00:00,0.1514
2024-07-30 16:00:00,0.2351
2024-07-30 17:00:00,0.22949999999999998
2024-07-30 18:00:00,0.2494
2024-07-30 19:00:00,0.25980000000000003
2024-07-30 20:00:00,0.2452
2024-07-30 21:00:00,0.21170000000000003
2024-07-30 22:00:00,0.1778
2024-07-30 23:00:00,0.11699999999999999
2024-07-31 00:00:00,0.1444
2024-07-31 01:00:00,0.0935
2024-07-31 02:00:00,0.0582
2024-07-31 03:00:00,0.0582
2024-07-31 04:00:00,0.057699999999999994
2024-07-31 05:00:00,0.057800000000000004
2024-07-31 06:00:00,0.1353
2024-07-31 07:00:00,0.18100000000000002
2024-07-31 08:00:00,0.1981
2024-07-31 09:00:00,0.1606
2024-07-31 10:00:00,0.1186
2024-07-31 11:00:00,0.0644
2024-07-31 12:00:00,0.1539
2024-07-31 13:00:00,0.1127
2024-07-31 14:00:00,0.0579
2024-07-31 15:00:00,0.057699999999999994
2024-07-31 16:00:00,0.0574
2024-07-31 17:00:00,0.0574
2024-07-31 18:00:00,0.0583
2024-07-31 19:00:00,0.0581
2024-07-31 20:00:00,0.0571
2024-07-31 21:00:00,0.043899999999999995
2024-07-31 22:00:00,0.024
2024-07-31 23:00:00,-0.0001
2024-08-01 00:00:00,0.0126
2024-08-01 01:00:00,0.0
2024-08-01 02:00:00,-0.0001
2024-08-01 03:00:00,-0.0001
2024-08-01 04:00:00,0.0
2024-08-01 05:00:00,0.027200000000000002
2024-08-01 06:00:00,0.048499999999999995
2024-08-01 07:00:00,0.0579
2024-08-01 08:00:00,0.13570000000000002
2024-08-01 09:00:00,0.1472
2024-08-01 10:00:00,0.1376
2024-08-01 11:00:00,0.1298
2024-08-01 12:00:00,0.058899999999999994
2024-08-01 13:00:00,0.0579
2024-08-01 14:00:00,0.0602
2024-08-01 15:00:00,0.0933
2024-08-01 16:00:00,0.1244
2024-08-01 17:00:00,0.1436
2024-08-01 18:00:00,0.14279999999999998
2024-08-01 19:00:00,0.1419
2024-08-01 20:00:00,0.12710000000000002
2024-08-01 21:00:00,0.07
2024-08-01 22:00:00,0.0821
2024-08-01 23:00:00,0.057800000000000004
2024-08-02 00:00:00,0.0487
2024-08-02 01:00:00,0.0388
2024-08-02 02:00:00,0.031200000000000002
2024-08-02 03:00:00,0.030299999999999997
2024-08-02 04:00:00,0.0408
2024-08-02 05:00:00,0.056799999999999996
2024-08-02 06:00:00,0.0859
2024-08-02 07:00:00,0.145
2024-08-02 08:00:00,0.2076
2024-08-02 09:00:00,0.2214
2024-08-02 10:00:00,0.2213
2024-08-02 11:00:00,0.22260000000000002
2024-08-02 12:00:00,0.1654
2024-08-02 13:00:00,0.1723
2024-08-02 14:00:00,0.1709
2024-08-02 15:00:00,0.19870000000000002
2024-08-02 16:00:00,0.22719999999999999
2024-08-02 17:00:00,0.26940000000000003
2024-08-02 18:00:00,0.2713
2024-08-02 19:00:00,0.2726
2024-08-02 20:00:00,0.26539999999999997
2024-08-02 21:00:00,0.2547
2024-08-02 22:00:00,0.2302
2024-08-02 23:00:00,0.15869999999999998
2024-08-03 00:00:00,0.174
2024-08-03 01:00:00,0.1654
2024-08-03 02:00:00,0.15689999999999998
2024-08-03 03:00:00,0.1519
2024-08-03 04:00:00,0.1447
2024-08-03 05:00:00,0.1597
2024-08-03 06:00:00,0.18539999999999998
2024-08-03 07:00:00,0.21660000000000001
2024-08-03 08:00:00,0.2274
2024-08-03 09:00:00,0.235
2024-08-03 10:00:00,0.23199999999999998
2024-08-03 11:00:00,0.23070000000000002
2024-08-03 12:00:00,0.1702
2024-08-03 13:00:00,0.07440000000000001
2024-08-03 14:00:00,0.047599999999999996
2024-08-03 15:00:00,0.1539
2024-08-03 16:00:00,0.2581
2024-08-03 17:00:00,0.2758
2024-08-03 18:00:00,0.2696
2024-08-03 19:00:00,0.26739999999999997
2024-08-03 20:00:00,0.2659
2024-08-03 21:00:00,0.2581
2024-08-03 22:00:00,0.244
2024-08-03 23:00:00,0.2242
2024-08-04 00:00:00,0.2249
2024-08-04 01:00:00,0.2161
2024-08-04 02:00:00,0.21350000000000002
2024-08-04 03:00:00,0.2089
2024-08-04 04:00:00,0.2003
2024-08-04 05:00:00,0.1971
2024-08-04 06:00:00,0.2267
2024-08-04 07:00:00,0.2407
2024-08-04 08:00:00,0.25780000000000003
2024-08-04 09:00:00,0.2425
2024-08-04 10:00:00,0.1764
2024-08-04 11:00:00,0.0576
2024-08-04 12:00:00,0.049400000000000006
2024-08-04 13:00:00,-0.0002
2024-08-04 14:00:00,0.0222
2024-08-04 15:00:00,0.057699999999999994
2024-08-04 16:00:00,0.18359999999999999
2024-08-04 17:00:00,0.254
2024-08-04 18:00:00,0.2998
2024-08-04 19:00:00,0.2984
2024-08-04 20:00:00,0.29100000000000004
2024-08-04 21:00:00,0.28859999999999997
2024-08-04 22:00:00,0.2783
2024-08-04 23:00:00,0.2616
2024-08-05 00:00:00,0.2687
2024-08-05 01:00:00,0.25420000000000004
2024-08-05 02:00:00,0.2409
2024-08-05 03:00:00,0.2429
2024-08-05 04:00:00,0.2484
2024-08-05 05:00:00,0.2732
2024-08-05 06:00:00,0.27899999999999997
2024-08-05 07:00:00,0.30079999999999996
2024-08-05 08:00:00,0.3165
2024-08-05 09:00:00,0.32
2024-08-05 10:00:00,0.3235
2024-08-05 11:00:00,0.3206
2024-08-05 12:00:00,0.31980000000000003
2024-08-05 13:00:00,0.3129
2024-08-05 14:00:00,0.3071
2024-08-05 15:00:00,0.2998
2024-08-05 16:00:00,0.3012
2024-08-05 17:00:00,0.3012
2024-08-05 18:00:00,0.30870000000000003
2024-08-05 19:00:00,0.3012
2024-08-05 20:00:00,0.2983
2024-08-05 21:00:00,0.292
2024-08-05 22:00:00,0.2843
2024-08-05 23:00:00,0.2439
2024-08-06 00:00:00,0.2228
2024-08-06 01:00:00,0.2082
2024-08-06 02:00:00,0.2053
2024-08-06 03:00:00,0.2036
2024-08-06 04:00:00,0.2061
2024-08-06 05:00:00,0.22820000000000001
2024-08-06 06:00:00,0.2647
2024-08-06 07:00:00,0.2939
2024-08-06 08:00:00,0.3038
2024-08-06 09:00:00,0.3186
2024-08-06 10:00:00,0.326
2024-08-06 11:00:00,0.2633
2024-08-06 12:00:00,0.2022
2024-08-06 13:00:00,0.18899999999999997
2024-08-06 14:00:00,0.1913
2024-08-06 15:00:00,0.2306
2024-08-06 16:00:00,0.3184
2024-08-06 17:00:00,0.3245
2024-08-06 18:00:00,0.32030000000000003
2024-08-06 19:00:00,0.3009
2024-08-06 20:00:00,0.2949
2024-08-06 21:00:00,0.2853
2024-08-06 22:00:00,0.2498
2024-08-06 23:00:00,0.2021
2024-08-07 00:00:00,0.16219999999999998
2024-08-07 01:00:00,0.1433
2024-08-07 02:00:00,0.138
2024-08-07 03:00:00,0.1373
2024-08-07 04:00:00,0.1436
2024-08-07 05:00:00,0.17190000000000003
2024-08-07 06:00:00,0.1968
2024-08-07 07:00:00,0.2378
2024-08-07 08:00:00,0.26530000000000004
2024-08-07 09:00:00,0.2681
2024-08-07 10:00:00,0.2566
2024-08-07 11:00:00,0.2586
2024-08-07 12:00:00,0.2492
2024-08-07 13:00:00,0.2354
2024-08-07 14:00:00,0.2266
2024-08-07 15:00:00,0.2091
2024-08-07 16:00:00,0.2091
2024-08-07 17:00:00,0.2009
2024-08-07 18:00:00,0.2299
2024-08-07 19:00:00,0.2066
2024-08-07 20:00:00,0.17010000000000003
2024-08-07 21:00:00,0.14029999999999998
2024-08-07 22:00:00,0.1027
2024-08-07 23:00:00,0.057
2024-08-08 00:00:00,0.033
2024-08-08 01:00:00,0.029500000000000002
2024-08-08 02:00:00,0.0294
2024-08-08 03:00:00,0.0297
2024-08-08 04:00:00,0.0338
2024-08-08 05:00:00,0.0554
2024-08-08 06:00:00,0.09789999999999999
2024-08-08 07:00:00,0.16760000000000003
2024-08-08 08:00:00,0.187
2024-08-08 09:00:00,0.18489999999999998
2024-08-08 10:00:00,0.16469999999999999
2024-08-08 11:00:00,0.13119999999999998
2024-08-08 12:00:00,0.127
2024-08-08 13:00:00,0.1051
2024-08-08 14:00:00,0.0848
2024-08-08 15:00:00,0.0911
2024-08-08 16:00:00,0.0904
2024-08-08 17:00:00,0.1103
2024-08-08 18:00:00,0.1295
2024-08-08 19:00:00,0.1166
2024-08-08 20:00:00,0.0748
2024-08-08 21:00:00,0.053399999999999996
2024-08-08 22:00:00,0.0346
2024-08-08 23:00:00,0.0
2024-08-09 00:00:00,0.032400000000000005
2024-08-09 01:00:00,0.0282
2024-08-09 02:00:00,0.03
2024-08-09 03:00:00,0.030699999999999998
2024-08-09 04:00:00,0.0371
2024-08-09 05:00:00,0.0484
2024-08-09 06:00:00,0.0866
2024-08-09 07:00:00,0.18760000000000002
2024-08-09 08:00:00,0.19920000000000002
2024-08-09 09:00:00,0.19829999999999998
2024-08-09 10:00:00,0.10060000000000001
2024-08-09 11:00:00,0.0342
2024-08-09 12:00:00,0.0006
2024-08-09 13:00:00,-0.0018
2024-08-09 14:00:00,-0.0092
2024-08-09 15:00:00,-0.0013
2024-08-09 16:00:00,-0.0001
2024-08-09 17:00:00,0.0301
2024-08-09 18:00:00,0.0562
2024-08-09 19:00:00,0.0466
2024-08-09 20:00:00,0.0385
2024-08-09 21:00:00,0.018799999999999997
2024-08-09 22:00:00,-0.0007000000000000001
2024-08-09 23:00:00,-0.0147
2024-08-10 00:00:00,-0.009300000000000001
2024-08-10 01:00:00,-0.0102
2024-08-10 02:00:00,-0.01
2024-08-10 03:00:00,-0.0104
2024-08-10 04:00:00,-0.0115
2024-08-10 05:00:00,-0.0115
2024-08-10 06:00:00,-0.009399999999999999
2024-08-10 07:00:00,-0.0059
2024-08-10 08:00:00,-0.0017000000000000001
2024-08-10 09:00:00,-0.008
2024-08-10 10:00:00,-0.0345
2024-08-10 11:00:00,-0.14029999999999998
2024-08-10 12:00:00,-0.2586
2024-08-10 13:00:00,-0.46869999999999995
2024-08-10 14:00:00,-0.46090000000000003
2024-08-10 15:00:00,-0.3411
2024-08-10 16:00:00,-0.0935
2024-08-10 17:00:00,0.0
2024-08-10 18:00:00,0.028900000000000002
2024-08-10 19:00:00,0.0333
2024-08-10 20:00:00,0.0333
2024-08-10 21:00:00,0.0338
2024-08-10 22:00:00,0.0252
2024-08-10 23:00:00,0.0049
2024-08-11 00:00:00,0.0
2024-08-11 01:00:00,-0.0001
2024-08-11 02:00:00,-0.0001
2024-08-11 03:00:00,-0.0001
2024-08-11 04:00:00,-0.0001
2024-08-11 05:00:00,-0.0001
2024-08-11 06:00:00,-0.0001
2024-08-11 07:00:00,0.0054
2024-08-11 08:00:00,0.0102
2024-08-11 09:00:00,0.0
2024-08-11 10:00:00,-0.0574
2024-08-11 11:00:00,-0.172
2024-08-11 12:00:00,-0.3677
2024-08-11 13:00:00,-0.6881999999999999
2024-08-11 14:00:00,-0.45840000000000003
2024-08-11 15:00:00,-0.2815
2024-08-11 16:00:00,-0.0495
2024-08-11 17:00:00,0.0001
2024-08-11 18:00:00,0.0317
2024-08-11 19:00:00,0.0344
2024-08-11 20:00:00,0.0333
2024-08-11 21:00:00,0.0334
2024-08-11 22:00:00,0.0278
2024-08-11 23:00:00,0.0079
2024-08-12 00:00:00,0.005600000000000001
2024-08-12 01:00:00,0.004699999999999999
2024-08-12 02:00:00,0.0040999999999999995
2024-08-12 03:00:00,0.0074
2024-08-12 04:00:00,0.0236
2024-08-12 05:00:00,0.0349
2024-08-12 06:00:00,0.07780000000000001
2024-08-12 07:00:00,0.1548
2024-08-12 08:00:00,0.2147
2024-08-12 09:00:00,0.17629999999999998
2024-08-12 10:00:00,0.171
2024-08-12 11:00:00,0.1663
2024-08-12 12:00:00,0.1155
2024-08-12 13:00:00,0.0801
2024-08-12 14:00:00,0.15460000000000002
2024-08-12 15:00:00,0.16940000000000002
2024-08-12 16:00:00,0.20579999999999998
2024-08-12 17:00:00,0.2303
2024-08-12 18:00:00,0.255
2024-08-12 19:00:00,0.2633
2024-08-12 20:00:00,0.2348
2024-08-12 21:00:00,0.2066
2024-08-12 22:00:00,0.1886
2024-08-12 23:00:00,0.1602
2024-08-13 00:00:00,0.1805
2024-08-13 01:00:00,0.1816
2024-08-13 02:00:00,0.184
2024-08-13 03:00:00,0.191
2024-08-13 04:00:00,0.2009
2024-08-13 05:00:00,0.21850000000000003
2024-08-13 06:00:00,0.2384
2024-08-13 07:00:00,0.2957
2024-08-13 08:00:00,0.2991
2024-08-13 09:00:00,0.2983
2024-08-13 10:00:00,0.2658
2024-08-13 11:00:00,0.23559999999999998
2024-08-13 12:00:00,0.2118
2024-08-13 13:00:00,0.2064
2024-08-13 14:00:00,0.2155
2024-08-13 15:00:00,0.2439
2024-08-13 16:00:00,0.2683
2024-08-13 17:00:00,0.2687
2024-08-13 18:00:00,0.2743
2024-08-13 19:00:00,0.2531
2024-08-13 20:00:00,0.2394
2024-08-13 21:00:00,0.20809999999999998
2024-08-13 22:00:00,0.2118
2024-08-13 23:00:00,0.1722
2024-08-14 00:00:00,0.1993
2024-08-14 01:00:00,0.1912
2024-08-14 02:00:00,0.1766
2024-08-14 03:00:00,0.1729
2024-08-14 04:00:00,0.17809999999999998
2024-08-14 05:00:00,0.1868
2024-08-14 06:00:00,0.1885
2024-08-14 07:00:00,0.1993
2024-08-14 08:00:00,0.2268
2024-08-14 09:00:00,0.2403
2024-08-14 10:00:00,0.2339
2024-08-14 11:00:00,0.207
2024-08-14 12:00:00,0.2011
2024-08-14 13:00:00,0.1953
2024-08-14 14:00:00,0.1932
2024-08-14 15:00:00,0.1938
2024-08-14 16:00:00,0.19579999999999997
2024-08-14 17:00:00,0.2184
2024-08-14 18:00:00,0.2412
2024-08-14 19:00:00,0.22899999999999998
2024-08-14 20:00:00,0.207
2024-08-14 21:00:00,0.1956
2024-08-14 22:00:00,0.21539999999999998
2024-08-14 23:00:00,0.1745
2024-08-15 00:00:00,0.0895
2024-08-15 01:00:00,0.0672
2024-08-15 02:00:00,0.0482
2024-08-15 03:00:00,0.044800000000000006
2024-08-15 04:00:00,0.0473
2024-08-15 05:00:00,0.0803
2024-08-15 06:00:00,0.1054
2024-08-15 07:00:00,0.1752
2024-08-15 08:00:00,0.22899999999999998
2024-08-15 09:00:00,0.2288
2024-08-15 10:00:00,0.2184
2024-08-15 11:00:00,0.17420000000000002
2024-08-15 12:00:00,0.1131
2024-08-15 13:00:00,0.0481
2024-08-15 14:00:00,0.0365
2024-08-15 15:00:00,0.05
2024-08-15 16:00:00,0.1408
2024-08-15 17:00:00,0.1393
2024-08-15 18:00:00,0.1349
2024-08-15 19:00:00,0.1027
2024-08-15 20:00:00,0.057800000000000004
2024-08-15 21:00:00,0.048
2024-08-15 22:00:00,0.0209
2024-08-15 23:00:00,-0.0008
2024-08-16 00:00:00,-0.0001
2024-08-16 01:00:00,-0.0013
2024-08-16 02:00:00,-0.0067
2024-08-16 03:00:00,-0.0092
2024-08-16 04:00:00,-0.0017000000000000001
2024-08-16 05:00:00,-0.0001
2024-08-16 06:00:00,0.0001
2024-08-16 07:00:00,0.0355
2024-08-16 08:00:00,0.0708
2024-08-16 09:00:00,0.0909
2024-08-16 10:00:00,0.11259999999999999
2024-08-16 11:00:00,0.1245
2024-08-16 12:00:00,0.136
2024-08-16 13:00:00,0.1363
2024-08-16 14:00:00,0.1253
2024-08-16 15:00:00,0.1367
2024-08-16 16:00:00,0.1275
2024-08-16 17:00:00,0.1535
2024-08-16 18:00:00,0.16519999999999999
2024-08-16 19:00:00,0.171
2024-08-16 20:00:00,0.1714
2024-08-16 21:00:00,0.16570000000000001
2024-08-16 22:00:00,0.1573
2024-08-16 23:00:00,0.1304
2024-08-17 00:00:00,0.136
2024-08-17 01:00:00,0.1109
2024-08-17 02:00:00,0.0931
2024-08-17 03:00:00,0.0916
2024-08-17 04:00:00,0.08900000000000001
2024-08-17 05:00:00,0.0922
2024-08-17 06:00:00,0.0968
2024-08-17 07:00:00,0.1168
2024-08-17 08:00:00,0.1373
2024-08-17 09:00:00,0.1433
2024-08-17 10:00:00,0.1381
2024-08-17 11:00:00,0.128
2024-08-17 12:00:00,0.11699999999999999
2024-08-17 13:00:00,0.1105
2024-08-17 14:00:00,0.1096
2024-08-17 15:00:00,0.1207
2024-08-17 16:00:00,0.1429
2024-08-17 17:00:00,0.1641
2024-08-17 18:00:00,0.1624
2024-08-17 19:00:00,0.16579999999999998
2024-08-17 20:00:00,0.166
2024-08-17 21:00:00,0.1638
2024-08-17 22:00:00,0.159
2024-08-17 23:00:00,0.1377
2024-08-18 00:00:00,0.1033
2024-08-18 01:00:00,0.0947
2024-08-18 02:00:00,0.1058
2024-08-18 03:00:00,0.1149
2024-08-18 04:00:00,0.1168
2024-08-18 05:00:00,0.11810000000000001
2024-08-18 06:00:00,0.115
2024-08-18 07:00:00,0.1184
2024-08-18 08:00:00,0.125
2024-08-18 09:00:00,0.1252
2024-08-18 10:00:00,0.1223
2024-08-18 11:00:00,0.115
2024-08-18 12:00:00,0.115
2024-08-18 13:00:00,0.1158
2024-08-18 14:00:00,0.1096
2024-08-18 15:00:00,0.1118
2024-08-18 16:00:00,0.11720000000000001
2024-08-18 17:00:00,0.12029999999999999
2024-08-18 18:00:00,0.12269999999999999
2024-08-18 19:00:00,0.12300000000000001
2024-08-18 20:00:00,0.1038
2024-08-18 21:00:00,0.07780000000000001
2024-08-18 22:00:00,0.0564
2024-08-18 23:00:00,0.0354
2024-08-19 00:00:00,0.037200000000000004
2024-08-19 01:00:00,0.0424
2024-08-19 02:00:00,0.0405
2024-08-19 03:00:00,0.04019999999999999
2024-08-19 04:00:00,0.04019999999999999
2024-08-19 05:00:00,0.0575
2024-08-19 06:00:00,0.061399999999999996
2024-08-19 07:00:00,0.1186
2024-08-19 08:00:00,0.1378
2024-08-19 09:00:00,0.10890000000000001
2024-08-19 10:00:00,0.083
2024-08-19 11:00:00,0.068
2024-08-19 12:00:00,0.0794
2024-08-19 13:00:00,0.07139999999999999
2024-08-19 14:00:00,0.07429999999999999
2024-08-19 15:00:00,0.08779999999999999
2024-08-19 16:00:00,0.11470000000000001
2024-08-19 17:00:00,0.1387
2024-08-19 18:00:00,0.1537
2024-08-19 19:00:00,0.1607
2024-08-19 20:00:00,0.1457
2024-08-19 21:00:00,0.1369
2024-08-19 22:00:00,0.114
2024-08-19 23:00:00,0.0837
2024-08-20 00:00:00,0.048499999999999995
2024-08-20 01:00:00,0.0447
2024-08-20 02:00:00,0.0437
2024-08-20 03:00:00,0.0436
2024-08-20 04:00:00,0.045899999999999996
2024-08-20 05:00:00,0.047599999999999996
2024-08-20 06:00:00,0.0596
2024-08-20 07:00:00,0.086
2024-08-20 08:00:00,0.1025
2024-08-20 09:00:00,0.1032
2024-08-20 10:00:00,0.08869999999999999
2024-08-20 11:00:00,0.0802
2024-08-20 12:00:00,0.085
2024-08-20 13:00:00,0.0665
2024-08-20 14:00:00,0.0613
2024-08-20 15:00:00,0.057
2024-08-20 16:00:00,0.0603
2024-08-20 17:00:00,0.0756
2024-08-20 18:00:00,0.0805
2024-08-20 19:00:00,0.07519999999999999
2024-08-20 20:00:00,0.0582
2024-08-20 21:00:00,0.040999999999999995
2024-08-20 22:00:00,0.0308
2024-08-20 23:00:00,0.0001
2024-08-21 00:00:00,-0.0012
2024-08-21 01:00:00,-0.006500000000000001
2024-08-21 02:00:00,-0.0091
2024-08-21 03:00:00,-0.0092
2024-08-21 04:00:00,-0.0067
2024-08-21 05:00:00,0.0
2024-08-21 06:00:00,0.0254
2024-08-21 07:00:00,0.056900000000000006
2024-08-21 08:00:00,0.095
2024-08-21 09:00:00,0.0951
2024-08-21 10:00:00,0.0336
2024-08-21 11:00:00,0.0212
2024-08-21 12:00:00,0.0049
2024-08-21 13:00:00,0.0
2024-08-21 14:00:00,-0.0008
2024-08-21 15:00:00,-0.0001
2024-08-21 16:00:00,0.0159
2024-08-21 17:00:00,0.045
2024-08-21 18:00:00,0.09759999999999999
2024-08-21 19:00:00,0.0842
2024-08-21 20:00:00,0.0604
2024-08-21 21:00:00,0.050300000000000004
2024-08-21 22:00:00,0.044800000000000006
2024-08-21 23:00:00,0.0378
2024-08-22 00:00:00,0.0278
2024-08-22 01:00:00,0.026600000000000002
2024-08-22 02:00:00,0.024
2024-08-22 03:00:00,0.025
2024-08-22 04:00:00,0.030600000000000002
2024-08-22 05:00:00,0.035
2024-08-22 06:00:00,0.055999999999999994
2024-08-22 07:00:00,0.1261
2024-08-22 08:00:00,0.175
2024-08-22 09:00:00,0.15869999999999998
2024-08-22 10:00:00,0.08929999999999999
2024-08-22 11:00:00,0.0432
2024-08-22 12:00:00,0.0319
2024-08-22 13:00:00,0.0282
2024-08-22 14:00:00,0.0181
2024-08-22 15:00:00,0.0131
2024-08-22 16:00:00,0.0425
2024-08-22 17:00:00,0.0951
2024-08-22 18:00:00,0.0861
2024-08-22 19:00:00,0.0632
2024-08-22 20:00:00,0.055099999999999996
2024-08-22 21:00:00,0.0406
2024-08-22 22:00:00,0.0268
2024-08-22 23:00:00,0.0
2024-08-23 00:00:00,-0.012199999999999999
2024-08-23 01:00:00,-0.0124
2024-08-23 02:00:00,-0.011399999999999999
2024-08-23 03:00:00,-0.0092
2024-08-23 04:00:00,-0.0018
2024-08-23 05:00:00,0.0
2024-08-23 06:00:00,0.0248
2024-08-23 07:00:00,0.0452
2024-08-23 08:00:00,0.0537
2024-08-23 09:00:00,0.042199999999999994
2024-08-23 10:00:00,0.0139
2024-08-23 11:00:00,0.0001
2024-08-23 12:00:00,-0.0008
2024-08-23 13:00:00,-0.0091
2024-08-23 14:00:00,-0.02
2024-08-23 15:00:00,-0.0092
2024-08-23 16:00:00,0.0036
2024-08-23 17:00:00,0.03
2024-08-23 18:00:00,0.0405
2024-08-23 19:00:00,0.0302
2024-08-23 20:00:00,0.0070999999999999995
2024-08-23 21:00:00,-0.0006
2024-08-23 22:00:00,-0.0155
2024-08-23 23:00:00,-0.0342
2024-08-24 00:00:00,-0.0868
2024-08-24 01:00:00,-0.11410000000000001
2024-08-24 02:00:00,-0.11410000000000001
2024-08-24 03:00:00,-0.11410000000000001
2024-08-24 04:00:00,-0.10710000000000001
2024-08-24 05:00:00,-0.0868
2024-08-24 06:00:00,-0.0687
2024-08-24 07:00:00,-0.040999999999999995
2024-08-24 08:00:00,-0.034300000000000004
2024-08-24 09:00:00,-0.0275
2024-08-24 10:00:00,-0.0233
2024-08-24 11:00:00,-0.069
2024-08-24 12:00:00,-0.13419999999999999
2024-08-24 13:00:00,-0.11410000000000001
2024-08-24 14:00:00,-0.0932
2024-08-24 15:00:00,-0.10710000000000001
2024-08-24 16:00:00,-0.0508
2024-08-24 17:00:00,-0.0111
2024-08-24 18:00:00,0.0
2024-08-24 19:00:00,0.0
2024-08-24 20:00:00,-0.0001
2024-08-24 21:00:00,-0.0018
2024-08-24 22:00:00,-0.013600000000000001
2024-08-24 23:00:00,-0.023
2024-08-25 00:00:00,-0.0177
2024-08-25 01:00:00,-0.0227
2024-08-25 02:00:00,-0.023
2024-08-25 03:00:00,-0.0199
2024-08-25 04:00:00,-0.0199
2024-08-25 05:00:00,-0.0199
2024-08-25 06:00:00,-0.0147
2024-08-25 07:00:00,-0.0103
2024-08-25 08:00:00,-0.0103
2024-08-25 09:00:00,-0.0176
2024-08-25 10:00:00,-0.0692
2024-08-25 11:00:00,-0.1151
2024-08-25 12:00:00,-0.1766
2024-08-25 13:00:00,-0.228
2024-08-25 14:00:00,-0.226
2024-08-25 15:00:00,-0.1157
2024-08-25 16:00:00,-0.0571
2024-08-25 17:00:00,-0.0279
2024-08-25 18:00:00,-0.0125
2024-08-25 19:00:00,-0.009300000000000001
2024-08-25 20:00:00,-0.0064
2024-08-25 21:00:00,-0.0058
2024-08-25 22:00:00,-0.0105
2024-08-25 23:00:00,-0.018500000000000003
2024-08-26 00:00:00,-0.0227
2024-08-26 01:00:00,-0.0227
2024-08-26 02:00:00,-0.0199
2024-08-26 03:00:00,-0.0176
2024-08-26 04:00:00,-0.0115
2024-08-26 05:00:00,-0.0066
2024-08-26 06:00:00,0.0
2024-08-26 07:00:00,0.0148
2024-08-26 08:00:00,0.022400000000000003
2024-08-26 09:00:00,0.005
2024-08-26 10:00:00,-0.0001
2024-08-26 11:00:00,-0.0067
2024-08-26 12:00:00,-0.0092
2024-08-26 13:00:00,-0.0105
2024-08-26 14:00:00,-0.0115
2024-08-26 15:00:00,-0.011399999999999999
2024-08-26 16:00:00,-0.0092
2024-08-26 17:00:00,-0.0011
2024-08-26 18:00:00,-0.0001
2024-08-26 19:00:00,0.0
2024-08-26 20:00:00,0.0
2024-08-26 21:00:00,0.0
2024-08-26 22:00:00,-0.0011
2024-08-26 23:00:00,-0.0103
2024-08-27 00:00:00,-0.0139
2024-08-27 01:00:00,-0.015300000000000001
2024-08-27 02:00:00,-0.0116
2024-08-27 03:00:00,-0.0091
2024-08-27 04:00:00,-0.0006
2024-08-27 05:00:00,0.001
2024-08-27 06:00:00,0.0223
2024-08-27 07:00:00,0.042
2024-08-27 08:00:00,0.056299999999999996
2024-08-27 09:00:00,0.052300000000000006
2024-08-27 10:00:00,0.050300000000000004
2024-08-27 11:00:00,0.046799999999999994
2024-08-27 12:00:00,0.044500000000000005
2024-08-27 13:00:00,0.013500000000000002
2024-08-27 14:00:00,0.026000000000000002
2024-08-27 15:00:00,0.0352
2024-08-27 16:00:00,0.041100000000000005
2024-08-27 17:00:00,0.04769999999999999
2024-08-27 18:00:00,0.052300000000000006
2024-08-27 19:00:00,0.048
2024-08-27 20:00:00,0.0378
2024-08-27 21:00:00,0.0288
2024-08-27 22:00:00,0.0127
2024-08-27 23:00:00,0.0
2024-08-28 00:00:00,-0.0012
2024-08-28 01:00:00,-0.0064
2024-08-28 02:00:00,-0.0091
2024-08-28 03:00:00,-0.0067
2024-08-28 04:00:00,-0.0011
2024-08-28 05:00:00,0.0
2024-08-28 06:00:00,0.018600000000000002
2024-08-28 07:00:00,0.0432
2024-08-28 08:00:00,0.0504
2024-08-28 09:00:00,0.0518
2024-08-28 10:00:00,0.0493
2024-08-28 11:00:00,0.04769999999999999
2024-08-28 12:00:00,0.044800000000000006
2024-08-28 13:00:00,0.0467
2024-08-28 14:00:00,0.0458
2024-08-28 15:00:00,0.0455
2024-08-28 16:00:00,0.056600000000000004
2024-08-28 17:00:00,0.0864
2024-08-28 18:00:00,0.09210000000000002
2024-08-28 19:00:00,0.0873
2024-08-28 20:00:00,0.0725
2024-08-28 21:00:00,0.056900000000000006
2024-08-28 22:00:00,0.0432
2024-08-28 23:00:00,0.0286
2024-08-29 00:00:00,0.013000000000000001
2024-08-29 01:00:00,0.011000000000000001
2024-08-29 02:00:00,0.011200000000000002
2024-08-29 03:00:00,0.011399999999999999
2024-08-29 04:00:00,0.0202
2024-08-29 05:00:00,0.0337
2024-08-29 06:00:00,0.0638
2024-08-29 07:00:00,0.0791
2024-08-29 08:00:00,0.1121
2024-08-29 09:00:00,0.129
2024-08-29 10:00:00,0.10679999999999999
2024-08-29 11:00:00,0.060599999999999994
2024-08-29 12:00:00,0.0559
2024-08-29 13:00:00,0.0556
2024-08-29 14:00:00,0.0482
2024-08-29 15:00:00,0.0484
2024-08-29 16:00:00,0.0501
2024-08-29 17:00:00,0.056100000000000004
2024-08-29 18:00:00,0.0557
2024-08-29 19:00:00,0.0467
2024-08-29 20:00:00,0.0359
2024-08-29 21:00:00,0.022400000000000003
2024-08-29 22:00:00,-0.0001
2024-08-29 23:00:00,-0.0092
2024-08-30 00:00:00,-0.0091
2024-08-30 01:00:00,-0.0106
2024-08-30 02:00:00,-0.0121
2024-08-30 03:00:00,-0.0143
2024-08-30 04:00:00,-0.0113
2024-08-30 05:00:00,-0.0012
2024-08-30 06:00:00,0.0075
2024-08-30 07:00:00,0.0329
2024-08-30 08:00:00,0.04019999999999999
2024-08-30 09:00:00,0.0436
2024-08-30 10:00:00,0.0406
2024-08-30 11:00:00,0.0338
2024-08-30 12:00:00,0.0333
2024-08-30 13:00:00,0.0329
2024-08-30 14:00:00,0.0298
2024-08-30 15:00:00,0.026600000000000002
2024-08-30 16:00:00,0.036699999999999997
2024-08-30 17:00:00,0.046900000000000004
2024-08-30 18:00:00,0.0506
2024-08-30 19:00:00,0.0542
2024-08-30 20:00:00,0.0499
2024-08-30 21:00:00,0.04190000000000001
2024-08-30 22:00:00,0.0335
2024-08-30 23:00:00,0.0225
2024-08-31 00:00:00,0.0012
2024-08-31 01:00:00,-0.0001
2024-08-31 02:00:00,-0.0067
2024-08-31 03:00:00,-0.0092
2024-08-31 04:00:00,-0.0121
2024-08-31 05:00:00,-0.0161
2024-08-31 06:00:00,-0.0001
2024-08-31 07:00:00,0.0182
2024-08-31 08:00:00,0.0327
2024-08-31 09:00:00,0.0345
2024-08-31 10:00:00,0.0344
2024-08-31 11:00:00,0.0342
2024-08-31 12:00:00,0.0053
2024-08-31 13:00:00,-0.0067
2024-08-31 14:00:00,-0.0091
2024-08-31 15:00:00,0.028900000000000002
2024-08-31 16:00:00,0.0365
2024-08-31 17:00:00,0.041299999999999996
2024-08-31 18:00:00,0.0377
2024-08-31 19:00:00,0.037000000000000005
2024-08-31 20:00:00,0.0336
2024-08-31 21:00:00,0.029500000000000002
2024-08-31 22:00:00,0.013300000000000001
2024-08-31 23:00:00,0.0
2024-09-01 00:00:00,0.0068000000000000005
2024-09-01 01:00:00,0.0001
2024-09-01 02:00:00,0.0
2024-09-01 03:00:00,0.0
2024-09-01 04:00:00,0.0
2024-09-01 05:00:00,0.0
2024-09-01 06:00:00,0.0075
2024-09-01 07:00:00,0.011399999999999999
2024-09-01 08:00:00,0.0286
2024-09-01 09:00:00,0.0362
2024-09-01 10:00:00,0.0432
2024-09-01 11:00:00,0.0297
2024-09-01 12:00:00,0.0026
2024-09-01 13:00:00,0.0026
2024-09-01 14:00:00,0.0182
2024-09-01 15:00:00,0.0406
2024-09-01 16:00:00,0.1388
2024-09-01 17:00:00,0.33899999999999997
2024-09-01 18:00:00,0.3544
2024-09-01 19:00:00,0.4819
2024-09-01 20:00:00,0.6215999999999999
2024-09-01 21:00:00,0.2262
2024-09-01 22:00:00,0.0797
2024-09-01 23:00:00,0.0591
2024-09-02 00:00:00,0.0556
2024-09-02 01:00:00,0.0518
2024-09-02 02:00:00,0.0489
2024-09-02 03:00:00,0.0471
2024-09-02 04:00:00,0.047400000000000005
2024-09-02 05:00:00,0.0579
2024-09-02 06:00:00,0.1497
2024-09-02 07:00:00,0.6307
2024-09-02 08:00:00,1.0217
2024-09-02 09:00:00,0.7418
2024-09-02 10:00:00,1.1673
2024-09-02 11:00:00,1.031
2024-09-02 12:00:00,0.6247
2024-09-02 13:00:00,0.62
2024-09-02 14:00:00,0.6179
2024-09-02 15:00:00,0.6169
2024-09-02 16:00:00,0.6138
2024-09-02 17:00:00,0.619
2024-09-02 18:00:00,0.7719
2024-09-02 19:00:00,0.5735
2024-09-02 20:00:00,0.4986
2024-09-02 21:00:00,0.2377
2024-09-02 22:00:00,0.1586
2024-09-02 23:00:00,0.059699999999999996
2024-09-03 00:00:00,0.0519
2024-09-03 01:00:00,0.0481
2024-09-03 02:00:00,0.046799999999999994
2024-09-03 03:00:00,0.04769999999999999
2024-09-03 04:00:00,0.054000000000000006
2024-09-03 05:00:00,0.0632
2024-09-03 06:00:00,0.22329999999999997
2024-09-03 07:00:00,0.5837
2024-09-03 08:00:00,0.6442
2024-09-03 09:00:00,0.6179
2024-09-03 10:00:00,1.0957999999999999
2024-09-03 11:00:00,0.7775
2024-09-03 12:00:00,0.2259
2024-09-03 13:00:00,0.11349999999999999
2024-09-03 14:00:00,0.1018
2024-09-03 15:00:00,0.15109999999999998
2024-09-03 16:00:00,0.23800000000000002
2024-09-03 17:00:00,0.5717
2024-09-03 18:00:00,0.6189
2024-09-03 19:00:00,0.2493
2024-09-03 20:00:00,0.10210000000000001
2024-09-03 21:00:00,0.042
2024-09-03 22:00:00,0.038
2024-09-03 23:00:00,0.0327
2024-09-04 00:00:00,0.0305
2024-09-04 01:00:00,0.0304
2024-09-04 02:00:00,0.0333
2024-09-04 03:00:00,0.0354
2024-09-04 04:00:00,0.042699999999999995
2024-09-04 05:00:00,0.0478
2024-09-04 06:00:00,0.047400000000000005
2024-09-04 07:00:00,0.2039
2024-09-04 08:00:00,0.6137
2024-09-04 09:00:00,0.541
2024-09-04 10:00:00,0.4619
2024-09-04 11:00:00,0.2807
2024-09-04 12:00:00,0.1703
2024-09-04 13:00:00,0.0901
2024-09-04 14:00:00,0.0901
2024-09-04 15:00:00,0.1699
2024-09-04 16:00:00,0.35229999999999995
2024-09-04 17:00:00,0.5760000000000001
2024-09-04 18:00:00,0.5622
2024-09-04 19:00:00,0.34119999999999995
2024-09-04 20:00:00,0.17010000000000003
2024-09-04 21:00:00,0.0564
2024-09-04 22:00:00,0.04190000000000001
2024-09-04 23:00:00,0.0349
2024-09-05 00:00:00,0.042300000000000004
2024-09-05 01:00:00,0.0431
2024-09-05 02:00:00,0.046799999999999994
2024-09-05 03:00:00,0.054900000000000004
2024-09-05 04:00:00,0.061200000000000004
2024-09-05 05:00:00,0.0915
2024-09-05 06:00:00,0.114
2024-09-05 07:00:00,0.4899
2024-09-05 08:00:00,0.5698
2024-09-05 09:00:00,0.45439999999999997
2024-09-05 10:00:00,0.5357999999999999
2024-09-05 11:00:00,0.15410000000000001
2024-09-05 12:00:00,0.0492
2024-09-05 13:00:00,0.0369
2024-09-05 14:00:00,0.0345
2024-09-05 15:00:00,0.0451
2024-09-05 16:00:00,0.0634
2024-09-05 17:00:00,0.3054
2024-09-05 18:00:00,0.48710000000000003
2024-09-05 19:00:00,0.3407
2024-09-05 20:00:00,0.3292
2024-09-05 21:00:00,0.31829999999999997
2024-09-05 22:00:00,0.1843
2024-09-05 23:00:00,0.0908
2024-09-06 00:00:00,0.07139999999999999
2024-09-06 01:00:00,0.0718
2024-09-06 02:00:00,0.0693
2024-09-06 03:00:00,0.06709999999999999
2024-09-06 04:00:00,0.0672
2024-09-06 05:00:00,0.0681
2024-09-06 06:00:00,0.0911
2024-09-06 07:00:00,0.1805
2024-09-06 08:00:00,0.2052
2024-09-06 09:00:00,0.2159
2024-09-06 10:00:00,0.1862
2024-09-06 11:00:00,0.17859999999999998
2024-09-06 12:00:00,0.1528
2024-09-06 13:00:00,0.0907
2024-09-06 14:00:00,0.0891
2024-09-06 15:00:00,0.0901
2024-09-06 16:00:00,0.0908
2024-09-06 17:00:00,0.1759
2024-09-06 18:00:00,0.17550000000000002
2024-09-06 19:00:00,0.1739
2024-09-06 20:00:00,0.09119999999999999
2024-09-06 21:00:00,0.048499999999999995
2024-09-06 22:00:00,0.0384
2024-09-06 23:00:00,0.0331
2024-09-07 00:00:00,0.0362
2024-09-07 01:00:00,0.0373
2024-09-07 02:00:00,0.0374
2024-09-07 03:00:00,0.0384
2024-09-07 04:00:00,0.0408
2024-09-07 05:00:00,0.044000000000000004
2024-09-07 06:00:00,0.0592
2024-09-07 07:00:00,0.0639
2024-09-07 08:00:00,0.0978
2024-09-07 09:00:00,0.12029999999999999
2024-09-07 10:00:00,0.11320000000000001
2024-09-07 11:00:00,0.0859
2024-09-07 12:00:00,0.0599
2024-09-07 13:00:00,0.0141
2024-09-07 14:00:00,0.0352
2024-09-07 15:00:00,0.0653
2024-09-07 16:00:00,0.10220000000000001
2024-09-07 17:00:00,0.1525
2024-09-07 18:00:00,0.1551
2024-09-07 19:00:00,0.1499
2024-09-07 20:00:00,0.0906
2024-09-07 21:00:00,0.0858
2024-09-07 22:00:00,0.0728
2024-09-07 23:00:00,0.0667
2024-09-08 00:00:00,0.0594
2024-09-08 01:00:00,0.0519
2024-09-08 02:00:00,0.0454
2024-09-08 03:00:00,0.0444
2024-09-08 04:00:00,0.0429
2024-09-08 05:00:00,0.0444
2024-09-08 06:00:00,0.0446
2024-09-08 07:00:00,0.0537
2024-09-08 08:00:00,0.0584
2024-09-08 09:00:00,0.0635
2024-09-08 10:00:00,0.0677
2024-09-08 11:00:00,0.0285
2024-09-08 12:00:00,0.0005
2024-09-08 13:00:00,0.0001
2024-09-08 14:00:00,0.013600000000000001
2024-09-08 15:00:00,0.0359
2024-09-08 16:00:00,0.045599999999999995
2024-09-08 17:00:00,0.0642
2024-09-08 18:00:00,0.0675
2024-09-08 19:00:00,0.0587
2024-09-08 20:00:00,0.044000000000000004
2024-09-08 21:00:00,0.035
2024-09-08 22:00:00,0.018500000000000003
2024-09-08 23:00:00,0.0006
2024-09-09 00:00:00,-0.0011
2024-09-09 01:00:00,-0.0024
2024-09-09 02:00:00,-0.0011
2024-09-09 03:00:00,-0.0001
2024-09-09 04:00:00,0.0
2024-09-09 05:00:00,0.0049
2024-09-09 06:00:00,0.0209
2024-09-09 07:00:00,0.0341
2024-09-09 08:00:00,0.043
2024-09-09 09:00:00,0.046900000000000004
2024-09-09 10:00:00,0.0412
2024-09-09 11:00:00,0.0349
2024-09-09 12:00:00,0.0271
2024-09-09 13:00:00,0.0168
2024-09-09 14:00:00,0.0126
2024-09-09 15:00:00,0.022099999999999998
2024-09-09 16:00:00,0.0255
2024-09-09 17:00:00,0.0258
2024-09-09 18:00:00,0.024700000000000003
2024-09-09 19:00:00,0.0182
2024-09-09 20:00:00,0.0074
2024-09-09 21:00:00,0.0
2024-09-09 22:00:00,-0.0066
2024-09-09 23:00:00,-0.011399999999999999
2024-09-10 00:00:00,-0.009300000000000001
2024-09-10 01:00:00,-0.0103
2024-09-10 02:00:00,-0.0116
2024-09-10 03:00:00,-0.0125
2024-09-10 04:00:00,-0.0103
2024-09-10 05:00:00,-0.0068000000000000005
2024-09-10 06:00:00,0.0001
2024-09-10 07:00:00,0.023
2024-09-10 08:00:00,0.0278
2024-09-10 09:00:00,0.0236
2024-09-10 10:00:00,0.023799999999999998
2024-09-10 11:00:00,0.013600000000000001
2024-09-10 12:00:00,0.0001
2024-09-10 13:00:00,-0.0008
2024-09-10 14:00:00,-0.0018
2024-09-10 15:00:00,-0.0005
2024-09-10 16:00:00,0.0025
2024-09-10 17:00:00,0.0338
2024-09-10 18:00:00,0.0301
2024-09-10 19:00:00,0.031200000000000002
2024-09-10 20:00:00,0.0281
2024-09-10 21:00:00,0.016399999999999998
2024-09-10 22:00:00,0.0001
2024-09-10 23:00:00,-0.0003
2024-09-11 00:00:00,-0.0001
2024-09-11 01:00:00,-0.0001
2024-09-11 02:00:00,0.0
2024-09-11 03:00:00,0.0001
2024-09-11 04:00:00,0.0106
2024-09-11 05:00:00,0.025699999999999997
2024-09-11 06:00:00,0.0381
2024-09-11 07:00:00,0.102
2024-09-11 08:00:00,0.41340000000000005
2024-09-11 09:00:00,0.4154
2024-09-11 10:00:00,0.41200000000000003
2024-09-11 11:00:00,0.4096
2024-09-11 12:00:00,0.2586
2024-09-11 13:00:00,0.23120000000000002
2024-09-11 14:00:00,0.1949
2024-09-11 15:00:00,0.057
2024-09-11 16:00:00,0.1143
2024-09-11 17:00:00,0.2163
2024-09-11 18:00:00,0.17420000000000002
2024-09-11 19:00:00,0.102
2024-09-11 20:00:00,0.0473
2024-09-11 21:00:00,0.0374
2024-09-11 22:00:00,0.034300000000000004
2024-09-11 23:00:00,0.0226
2024-09-12 00:00:00,0.0
2024-09-12 01:00:00,-0.0001
2024-09-12 02:00:00,-0.0001
2024-09-12 03:00:00,0.0
2024-09-12 04:00:00,0.0052
2024-09-12 05:00:00,0.0256
2024-09-12 06:00:00,0.0403
2024-09-12 07:00:00,0.0762
2024-09-12 08:00:00,0.092
2024-09-12 09:00:00,0.0768
2024-09-12 10:00:00,0.11230000000000001
2024-09-12 11:00:00,0.09720000000000001
2024-09-12 12:00:00,0.056799999999999996
2024-09-12 13:00:00,0.062
2024-09-12 14:00:00,0.0647
2024-09-12 15:00:00,0.0691
2024-09-12 16:00:00,0.08259999999999999
2024-09-12 17:00:00,0.1033
2024-09-12 18:00:00,0.2278
2024-09-12 19:00:00,0.2511
2024-09-12 20:00:00,0.1144
2024-09-12 21:00:00,0.092
2024-09-12 22:00:00,0.069
2024-09-12 23:00:00,0.057
2024-09-13 00:00:00,0.0432
2024-09-13 01:00:00,0.0421
2024-09-13 02:00:00,0.044000000000000004
2024-09-13 03:00:00,0.0447
2024-09-13 04:00:00,0.047599999999999996
2024-09-13 05:00:00,0.056299999999999996
2024-09-13 06:00:00,0.0668
2024-09-13 07:00:00,0.5709000000000001
2024-09-13 08:00:00,1.375
2024-09-13 09:00:00,0.5927
2024-09-13 10:00:00,0.5745
2024-09-13 11:00:00,0.1294
2024-09-13 12:00:00,0.1139
2024-09-13 13:00:00,0.1264
2024-09-13 14:00:00,0.1066
2024-09-13 15:00:00,0.1063
2024-09-13 16:00:00,0.11410000000000001
2024-09-13 17:00:00,0.15990000000000001
2024-09-13 18:00:00,0.1594
2024-09-13 19:00:00,0.12
2024-09-13 20:00:00,0.10060000000000001
2024-09-13 21:00:00,0.0789
2024-09-13 22:00:00,0.0633
2024-09-13 23:00:00,0.0565
2024-09-14 00:00:00,0.0604
2024-09-14 01:00:00,0.0562
2024-09-14 02:00:00,0.0521
2024-09-14 03:00:00,0.0489
2024-09-14 04:00:00,0.048799999999999996
2024-09-14 05:00:00,0.052300000000000006
2024-09-14 06:00:00,0.0553
2024-09-14 07:00:00,0.057999999999999996
2024-09-14 08:00:00,0.0721
2024-09-14 09:00:00,0.0902
2024-09-14 10:00:00,0.0926
2024-09-14 11:00:00,0.0682
2024-09-14 12:00:00,0.0334
2024-09-14 13:00:00,0.0048
2024-09-14 14:00:00,0.009399999999999999
2024-09-14 15:00:00,0.0338
2024-09-14 16:00:00,0.07400000000000001
2024-09-14 17:00:00,0.1304
2024-09-14 18:00:00,0.1305
2024-09-14 19:00:00,0.1284
2024-09-14 20:00:00,0.11900000000000001
2024-09-14 21:00:00,0.10099999999999999
2024-09-14 22:00:00,0.09029999999999999
2024-09-14 23:00:00,0.08
2024-09-15 00:00:00,0.1048
2024-09-15 01:00:00,0.0898
2024-09-15 02:00:00,0.0837
2024-09-15 03:00:00,0.08130000000000001
2024-09-15 04:00:00,0.0816
2024-09-15 05:00:00,0.0859
2024-09-15 06:00:00,0.0897
2024-09-15 07:00:00,0.1038
2024-09-15 08:00:00,0.1124
2024-09-15 09:00:00,0.1173
2024-09-15 10:00:00,0.08310000000000001
2024-09-15 11:00:00,0.041299999999999996
2024-09-15 12:00:00,0.0323
2024-09-15 13:00:00,0.0222
2024-09-15 14:00:00,0.0349
2024-09-15 15:00:00,0.061399999999999996
2024-09-15 16:00:00,0.1276
2024-09-15 17:00:00,0.1548
2024-09-15 18:00:00,0.1696
2024-09-15 19:00:00,0.1607
2024-09-15 20:00:00,0.1411
2024-09-15 21:00:00,0.1233
2024-09-15 22:00:00,0.10189999999999999
2024-09-15 23:00:00,0.0852
2024-09-16 00:00:00,0.105
2024-09-16 01:00:00,0.078
2024-09-16 02:00:00,0.0839
2024-09-16 03:00:00,0.09960000000000001
2024-09-16 04:00:00,0.1128
2024-09-16 05:00:00,0.1377
2024-09-16 06:00:00,0.20559999999999998
2024-09-16 07:00:00,0.5776
2024-09-16 08:00:00,1.4075
2024-09-16 09:00:00,0.9717
2024-09-16 10:00:00,0.5665
2024-09-16 11:00:00,0.4534
2024-09-16 12:00:00,0.47840000000000005
2024-09-16 13:00:00,0.4539
2024-09-16 14:00:00,0.4732
2024-09-16 15:00:00,0.4858
2024-09-16 16:00:00,0.4868
2024-09-16 17:00:00,0.5645
2024-09-16 18:00:00,0.8009000000000001
2024-09-16 19:00:00,0.5147999999999999
2024-09-16 20:00:00,0.498
2024-09-16 21:00:00,0.2703
2024-09-16 22:00:00,0.2059
2024-09-16 23:00:00,0.1585
2024-09-17 00:00:00,0.1808
2024-09-17 01:00:00,0.1714
2024-09-17 02:00:00,0.1664
2024-09-17 03:00:00,0.1577
2024-09-17 04:00:00,0.1617
2024-09-17 05:00:00,0.1773
2024-09-17 06:00:00,0.23739999999999997
2024-09-17 07:00:00,0.5735
2024-09-17 08:00:00,0.594
2024-09-17 09:00:00,0.5710000000000001
2024-09-17 10:00:00,0.22329999999999997
2024-09-17 11:00:00,0.21280000000000002
2024-09-17 12:00:00,0.21050000000000002
2024-09-17 13:00:00,0.2069
2024-09-17 14:00:00,0.2069
2024-09-17 15:00:00,0.2071
2024-09-17 16:00:00,0.4999
2024-09-17 17:00:00,0.5806
2024-09-17 18:00:00,1.2793999999999999
2024-09-17 19:00:00,1.3566
2024-09-17 20:00:00,0.5924
2024-09-17 21:00:00,0.565
2024-09-17 22:00:00,0.203
2024-09-17 23:00:00,0.13720000000000002
2024-09-18 00:00:00,0.1284
2024-09-18 01:00:00,0.1137
2024-09-18 02:00:00,0.0908
2024-09-18 03:00:00,0.0796
2024-09-18 04:00:00,0.0797
2024-09-18 05:00:00,0.1192
2024-09-18 06:00:00,0.2028
2024-09-18 07:00:00,0.5596
2024-09-18 08:00:00,0.6045
2024-09-18 09:00:00,0.5444
2024-09-18 10:00:00,0.48229999999999995
2024-09-18 11:00:00,0.2263
2024-09-18 12:00:00,0.1471
2024-09-18 13:00:00,0.1361
2024-09-18 14:00:00,0.1436
2024-09-18 15:00:00,0.1684
2024-09-18 16:00:00,0.2216
2024-09-18 17:00:00,0.4764
2024-09-18 18:00:00,0.5413
2024-09-18 19:00:00,0.5653
2024-09-18 20:00:00,0.5579
2024-09-18 21:00:00,0.2183
2024-09-18 22:00:00,0.2097
2024-09-18 23:00:00,0.17010000000000003
2024-09-19 00:00:00,0.1814
2024-09-19 01:00:00,0.16920000000000002
2024-09-19 02:00:00,0.1535
2024-09-19 03:00:00,0.1459
2024-09-19 04:00:00,0.14529999999999998
2024-09-19 05:00:00,0.1536
2024-09-19 06:00:00,0.1967
2024-09-19 07:00:00,0.3275
2024-09-19 08:00:00,0.3309
2024-09-19 09:00:00,0.22640000000000002
2024-09-19 10:00:00,0.2072
2024-09-19 11:00:00,0.2032
2024-09-19 12:00:00,0.1563
2024-09-19 13:00:00,0.1393
2024-09-19 14:00:00,0.1419
2024-09-19 15:00:00,0.16010000000000002
2024-09-19 16:00:00,0.2039
2024-09-19 17:00:00,0.2113
2024-09-19 18:00:00,0.2189
2024-09-19 19:00:00,0.22399999999999998
2024-09-19 20:00:00,0.1981
2024-09-19 21:00:00,0.19039999999999999
2024-09-19 22:00:00,0.1249
2024-09-19 23:00:00,0.0787
2024-09-20 00:00:00,0.11410000000000001
2024-09-20 01:00:00,0.1165
2024-09-20 02:00:00,0.1272
2024-09-20 03:00:00,0.1348
2024-09-20 04:00:00,0.14730000000000001
2024-09-20 05:00:00,0.179
2024-09-20 06:00:00,0.1956
2024-09-20 07:00:00,0.2235
2024-09-20 08:00:00,0.2862
2024-09-20 09:00:00,0.2703
2024-09-20 10:00:00,0.21710000000000002
2024-09-20 11:00:00,0.2005
2024-09-20 12:00:00,0.1726
2024-09-20 13:00:00,0.1333
2024-09-20 14:00:00,0.135
2024-09-20 15:00:00,0.15789999999999998
2024-09-20 16:00:00,0.1974
2024-09-20 17:00:00,0.1996
2024-09-20 18:00:00,0.20079999999999998
2024-09-20 19:00:00,0.19699999999999998
2024-09-20 20:00:00,0.1909
2024-09-20 21:00:00,0.1703
2024-09-20 22:00:00,0.1532
2024-09-20 23:00:00,0.1112
2024-09-21 00:00:00,0.0858
2024-09-21 01:00:00,0.056299999999999996
2024-09-21 02:00:00,0.0349
2024-09-21 03:00:00,0.0223
2024-09-21 04:00:00,0.0171
2024-09-21 05:00:00,0.0333
2024-09-21 06:00:00,0.038599999999999995
2024-09-21 07:00:00,0.057
2024-09-21 08:00:00,0.09029999999999999
2024-09-21 09:00:00,0.1
2024-09-21 10:00:00,0.060700000000000004
2024-09-21 11:00:00,0.0359
2024-09-21 12:00:00,0.0001
2024-09-21 13:00:00,0.0003
2024-09-21 14:00:00,0.022000000000000002
2024-09-21 15:00:00,0.06309999999999999
2024-09-21 16:00:00,0.1791
2024-09-21 17:00:00,0.19140000000000001
2024-09-21 18:00:00,0.19329999999999997
2024-09-21 19:00:00,0.19399999999999998
2024-09-21 20:00:00,0.19149999999999998
2024-09-21 21:00:00,0.1856
2024-09-21 22:00:00,0.179
2024-09-21 23:00:00,0.1703
2024-09-22 00:00:00,0.17679999999999998
2024-09-22 01:00:00,0.1769
2024-09-22 02:00:00,0.1764
2024-09-22 03:00:00,0.17579999999999998
2024-09-22 04:00:00,0.1759
2024-09-22 05:00:00,0.1777
2024-09-22 06:00:00,0.175
2024-09-22 07:00:00,0.1797
2024-09-22 08:00:00,0.18539999999999998
2024-09-22 09:00:00,0.1905
2024-09-22 10:00:00,0.19260000000000002
2024-09-22 11:00:00,0.1666
2024-09-22 12:00:00,0.1241
2024-09-22 13:00:00,0.0908
2024-09-22 14:00:00,0.1233
2024-09-22 15:00:00,0.17329999999999998
2024-09-22 16:00:00,0.1953
2024-09-22 17:00:00,0.2003
2024-09-22 18:00:00,0.2024
2024-09-22 19:00:00,0.21170000000000003
2024-09-22 20:00:00,0.20679999999999998
2024-09-22 21:00:00,0.1962
2024-09-22 22:00:00,0.18969999999999998
2024-09-22 23:00:00,0.18350000000000002
2024-09-23 00:00:00,0.1801
2024-09-23 01:00:00,0.1772
2024-09-23 02:00:00,0.17670000000000002
2024-09-23 03:00:00,0.1754
2024-09-23 04:00:00,0.1769
2024-09-23 05:00:00,0.1808
2024-09-23 06:00:00,0.1948
2024-09-23 07:00:00,0.2279
2024-09-23 08:00:00,0.47479999999999994
2024-09-23 09:00:00,0.46549999999999997
2024-09-23 10:00:00,0.2493
2024-09-23 11:00:00,0.2181
2024-09-23 12:00:00,0.20989999999999998
2024-09-23 13:00:00,0.19219999999999998
2024-09-23 14:00:00,0.19190000000000002
2024-09-23 15:00:00,0.1954
2024-09-23 16:00:00,0.2079
2024-09-23 17:00:00,0.2225
2024-09-23 18:00:00,0.2306
2024-09-23 19:00:00,0.2148
2024-09-23 20:00:00,0.188
2024-09-23 21:00:00,0.1789
2024-09-23 22:00:00,0.1479
2024-09-23 23:00:00,0.111
2024-09-24 00:00:00,0.0986
2024-09-24 01:00:00,0.0924
2024-09-24 02:00:00,0.0992
2024-09-24 03:00:00,0.1092
2024-09-24 04:00:00,0.1273
2024-09-24 05:00:00,0.18100000000000002
2024-09-24 06:00:00,0.1924
2024-09-24 07:00:00,0.2366
2024-09-24 08:00:00,0.29350000000000004
2024-09-24 09:00:00,0.2843
2024-09-24 10:00:00,0.2286
2024-09-24 11:00:00,0.2208
2024-09-24 12:00:00,0.2188
2024-09-24 13:00:00,0.21600000000000003
2024-09-24 14:00:00,0.22
2024-09-24 15:00:00,0.22
2024-09-24 16:00:00,0.23629999999999998
2024-09-24 17:00:00,0.2891
2024-09-24 18:00:00,0.2909
2024-09-24 19:00:00,0.28600000000000003
2024-09-24 20:00:00,0.2187
2024-09-24 21:00:00,0.1953
2024-09-24 22:00:00,0.1862
2024-09-24 23:00:00,0.1479
2024-09-25 00:00:00,0.11359999999999999
2024-09-25 01:00:00,0.0943
2024-09-25 02:00:00,0.0768
2024-09-25 03:00:00,0.0674
2024-09-25 04:00:00,0.0652
2024-09-25 05:00:00,0.11220000000000001
2024-09-25 06:00:00,0.1766
2024-09-25 07:00:00,0.19760000000000003
2024-09-25 08:00:00,0.19949999999999998
2024-09-25 09:00:00,0.1869
2024-09-25 10:00:00,0.1518
2024-09-25 11:00:00,0.0966
2024-09-25 12:00:00,0.0785
2024-09-25 13:00:00,0.078
2024-09-25 14:00:00,0.0629
2024-09-25 15:00:00,0.061
2024-09-25 16:00:00,0.0649
2024-09-25 17:00:00,0.065
2024-09-25 18:00:00,0.07
2024-09-25 19:00:00,0.0582
2024-09-25 20:00:00,0.0341
2024-09-25 21:00:00,0.0001
2024-09-25 22:00:00,-0.0006
2024-09-25 23:00:00,-0.009000000000000001
2024-09-26 00:00:00,-0.0137
2024-09-26 01:00:00,-0.02
2024-09-26 02:00:00,-0.02
2024-09-26 03:00:00,-0.0118
2024-09-26 04:00:00,-0.0067
2024-09-26 05:00:00,0.0318
2024-09-26 06:00:00,0.056600000000000004
2024-09-26 07:00:00,0.19039999999999999
2024-09-26 08:00:00,0.19879999999999998
2024-09-26 09:00:00,0.1993
2024-09-26 10:00:00,0.19699999999999998
2024-09-26 11:00:00,0.193
2024-09-26 12:00:00,0.1548
2024-09-26 13:00:00,0.1366
2024-09-26 14:00:00,0.1434
2024-09-26 15:00:00,0.19510000000000002
2024-09-26 16:00:00,0.2263
2024-09-26 17:00:00,0.243
2024-09-26 18:00:00,0.20420000000000002
2024-09-26 19:00:00,0.2024
2024-09-26 20:00:00,0.1991
2024-09-26 21:00:00,0.19269999999999998
2024-09-26 22:00:00,0.1677
2024-09-26 23:00:00,0.14730000000000001
2024-09-27 00:00:00,0.060899999999999996
2024-09-27 01:00:00,0.0365
2024-09-27 02:00:00,0.0076
2024-09-27 03:00:00,0.0
2024-09-27 04:00:00,-0.0023
2024-09-27 05:00:00,-0.0003
2024-09-27 06:00:00,0.0472
2024-09-27 07:00:00,0.1292
2024-09-27 08:00:00,0.16140000000000002
2024-09-27 09:00:00,0.1074
2024-09-27 10:00:00,0.0944
2024-09-27 11:00:00,0.0678
2024-09-27 12:00:00,0.0709
2024-09-27 13:00:00,0.0556
2024-09-27 14:00:00,0.045899999999999996
2024-09-27 15:00:00,0.0537
2024-09-27 16:00:00,0.056600000000000004
2024-09-27 17:00:00,0.159
2024-09-27 18:00:00,0.1518
2024-09-27 19:00:00,0.1371
2024-09-27 20:00:00,0.09880000000000001
2024-09-27 21:00:00,0.056600000000000004
2024-09-27 22:00:00,0.0556
2024-09-27 23:00:00,0.04190000000000001
2024-09-28 00:00:00,0.0327
2024-09-28 01:00:00,0.0342
2024-09-28 02:00:00,0.0371
2024-09-28 03:00:00,0.035699999999999996
2024-09-28 04:00:00,0.0369
2024-09-28 05:00:00,0.046799999999999994
2024-09-28 06:00:00,0.0581
2024-09-28 07:00:00,0.1027
2024-09-28 08:00:00,0.1638
2024-09-28 09:00:00,0.1805
2024-09-28 10:00:00,0.1101
2024-09-28 11:00:00,0.0473
2024-09-28 12:00:00,0.0471
2024-09-28 13:00:00,0.0409
2024-09-28 14:00:00,0.0383
2024-09-28 15:00:00,0.0371
2024-09-28 16:00:00,0.07440000000000001
2024-09-28 17:00:00,0.1139
2024-09-28 18:00:00,0.1226
2024-09-28 19:00:00,0.0911
2024-09-28 20:00:00,0.0605
2024-09-28 21:00:00,0.0478
2024-09-28 22:00:00,0.0417
2024-09-28 23:00:00,0.0424
2024-09-29 00:00:00,0.043899999999999995
2024-09-29 01:00:00,0.0353
2024-09-29 02:00:00,0.0276
2024-09-29 03:00:00,0.0175
2024-09-29 04:00:00,0.017
2024-09-29 05:00:00,0.0256
2024-09-29 06:00:00,0.030299999999999997
2024-09-29 07:00:00,0.0409
2024-09-29 08:00:00,0.0501
2024-09-29 09:00:00,0.0554
2024-09-29 10:00:00,0.015
2024-09-29 11:00:00,0.0
2024-09-29 12:00:00,-0.0001
2024-09-29 13:00:00,-0.0055000000000000005
2024-09-29 14:00:00,-0.005
2024-09-29 15:00:00,0.0
2024-09-29 16:00:00,0.058499999999999996
2024-09-29 17:00:00,0.1232
2024-09-29 18:00:00,0.2021
2024-09-29 19:00:00,0.33770000000000006
2024-09-29 20:00:00,0.2697
2024-09-29 21:00:00,0.12789999999999999
2024-09-29 22:00:00,0.1139
2024-09-29 23:00:00,0.1219
2024-09-30 00:00:00,0.1685
2024-09-30 01:00:00,0.1281
2024-09-30 02:00:00,0.0947
2024-09-30 03:00:00,0.062400000000000004
2024-09-30 04:00:00,0.1017
2024-09-30 05:00:00,0.19149999999999998
2024-09-30 06:00:00,0.40700000000000003
2024-09-30 07:00:00,0.6373
2024-09-30 08:00:00,0.6437
2024-09-30 09:00:00,0.5339
2024-09-30 10:00:00,0.4073
2024-09-30 11:00:00,0.23579999999999998
2024-09-30 12:00:00,0.18420000000000003
2024-09-30 13:00:00,0.1547
2024-09-30 14:00:00,0.1436
2024-09-30 15:00:00,0.1902
2024-09-30 16:00:00,0.2728
2024-09-30 17:00:00,0.369
2024-09-30 18:00:00,0.40590000000000004
2024-09-30 19:00:00,0.4131
2024-09-30 20:00:00,0.10679999999999999
2024-09-30 21:00:00,0.0473
2024-09-30 22:00:00,0.0229
2024-09-30 23:00:00,0.0
2024-10-01 00:00:00,0.0074
2024-10-01 01:00:00,0.0008
2024-10-01 02:00:00,0.0006
2024-10-01 03:00:00,0.0002
2024-10-01 04:00:00,0.001
2024-10-01 05:00:00,0.0373
2024-10-01 06:00:00,0.08839999999999999
2024-10-01 07:00:00,0.2822
2024-10-01 08:00:00,0.46740000000000004
2024-10-01 09:00:00,0.46950000000000003
2024-10-01 10:00:00,0.4372
2024-10-01 11:00:00,0.3958
2024-10-01 12:00:00,0.3533
2024-10-01 13:00:00,0.3392
2024-10-01 14:00:00,0.3954
2024-10-01 15:00:00,0.44909999999999994
2024-10-01 16:00:00,0.4927
2024-10-01 17:00:00,0.5646
2024-10-01 18:00:00,0.5975
2024-10-01 19:00:00,0.6207
2024-10-01 20:00:00,0.5403
2024-10-01 21:00:00,0.5089
2024-10-01 22:00:00,0.4738
2024-10-01 23:00:00,0.41119999999999995
2024-10-02 00:00:00,0.4531
2024-10-02 01:00:00,0.4482
2024-10-02 02:00:00,0.4413
2024-10-02 03:00:00,0.4497
2024-10-02 04:00:00,0.4557
2024-10-02 05:00:00,0.4793
2024-10-02 06:00:00,0.5684
2024-10-02 07:00:00,0.9181999999999999
2024-10-02 08:00:00,1.3869999999999998
2024-10-02 09:00:00,1.0334
2024-10-02 10:00:00,0.701
2024-10-02 11:00:00,0.5813
2024-10-02 12:00:00,0.6214
2024-10-02 13:00:00,0.5711999999999999
2024-10-02 14:00:00,0.5698
2024-10-02 15:00:00,0.5660000000000001
2024-10-02 16:00:00,0.5857
2024-10-02 17:00:00,0.6776000000000001
2024-10-02 18:00:00,0.6484000000000001
2024-10-02 19:00:00,0.6035
2024-10-02 20:00:00,0.5785
2024-10-02 21:00:00,0.5318
2024-10-02 22:00:00,0.4877
2024-10-02 23:00:00,0.389
2024-10-03 00:00:00,0.2699
2024-10-03 01:00:00,0.2455
2024-10-03 02:00:00,0.2298
2024-10-03 03:00:00,0.2241
2024-10-03 04:00:00,0.221
2024-10-03 05:00:00,0.2502
2024-10-03 06:00:00,0.5563
2024-10-03 07:00:00,0.8066
2024-10-03 08:00:00,0.8429000000000001
2024-10-03 09:00:00,0.7371
2024-10-03 10:00:00,0.5793
2024-10-03 11:00:00,0.5576
2024-10-03 12:00:00,0.5083
2024-10-03 13:00:00,0.37439999999999996
2024-10-03 14:00:00,0.4334
2024-10-03 15:00:00,0.5457
2024-10-03 16:00:00,0.5596
2024-10-03 17:00:00,0.5796
2024-10-03 18:00:00,0.6675
2024-10-03 19:00:00,0.6807
2024-10-03 20:00:00,0.7437
2024-10-03 21:00:00,0.6013000000000001
2024-10-03 22:00:00,0.5659000000000001
2024-10-03 23:00:00,0.39649999999999996
2024-10-04 00:00:00,0.47740000000000005
2024-10-04 01:00:00,0.36369999999999997
2024-10-04 02:00:00,0.2912
2024-10-04 03:00:00,0.2457
2024-10-04 04:00:00,0.2784
2024-10-04 05:00:00,0.5065999999999999
2024-10-04 06:00:00,0.5568
2024-10-04 07:00:00,1.3934
2024-10-04 08:00:00,1.5556999999999999
2024-10-04 09:00:00,1.2804
2024-10-04 10:00:00,0.6472
2024-10-04 11:00:00,0.5656
2024-10-04 12:00:00,0.5341
2024-10-04 13:00:00,0.3226
2024-10-04 14:00:00,0.30670000000000003
2024-10-04 15:00:00,0.3059
2024-10-04 16:00:00,0.49689999999999995
2024-10-04 17:00:00,0.5589
2024-10-04 18:00:00,0.909
2024-10-04 19:00:00,1.3984
2024-10-04 20:00:00,0.5562
2024-10-04 21:00:00,0.40909999999999996
2024-10-04 22:00:00,0.3141
2024-10-04 23:00:00,0.21789999999999998
2024-10-05 00:00:00,0.2469
2024-10-05 01:00:00,0.2299
2024-10-05 02:00:00,0.2268
2024-10-05 03:00:00,0.22390000000000002
2024-10-05 04:00:00,0.2299
2024-10-05 05:00:00,0.2501
2024-10-05 06:00:00,0.2437
2024-10-05 07:00:00,0.2799
2024-10-05 08:00:00,0.32130000000000003
2024-10-05 09:00:00,0.3435
2024-10-05 10:00:00,0.3383
2024-10-05 11:00:00,0.3223
2024-10-05 12:00:00,0.3098
2024-10-05 13:00:00,0.3056
2024-10-05 14:00:00,0.29710000000000003
2024-10-05 15:00:00,0.3055
2024-10-05 16:00:00,0.3282
2024-10-05 17:00:00,0.3749
2024-10-05 18:00:00,0.5001
2024-10-05 19:00:00,0.48
2024-10-05 20:00:00,0.30579999999999996
2024-10-05 21:00:00,0.2718
2024-10-05 22:00:00,0.2494
2024-10-05 23:00:00,0.2299
2024-10-06 00:00:00,0.2168
2024-10-06 01:00:00,0.20309999999999997
2024-10-06 02:00:00,0.1946
2024-10-06 03:00:00,0.1913
2024-10-06 04:00:00,0.1918
2024-10-06 05:00:00,0.2043
2024-10-06 06:00:00,0.2396
2024-10-06 07:00:00,0.25429999999999997
2024-10-06 08:00:00,0.2658
2024-10-06 09:00:00,0.27140000000000003
2024-10-06 10:00:00,0.27
2024-10-06 11:00:00,0.1934
2024-10-06 12:00:00,0.1616
2024-10-06 13:00:00,0.1425
2024-10-06 14:00:00,0.1739
2024-10-06 15:00:00,0.213
2024-10-06 16:00:00,0.3095
2024-10-06 17:00:00,0.44170000000000004
2024-10-06 18:00:00,0.5115999999999999
2024-10-06 19:00:00,0.5347
2024-10-06 20:00:00,0.5001
2024-10-06 21:00:00,0.4702
2024-10-06 22:00:00,0.3295
2024-10-06 23:00:00,0.2982
2024-10-07 00:00:00,0.3102
2024-10-07 01:00:00,0.2873
2024-10-07 02:00:00,0.2801
2024-10-07 03:00:00,0.28559999999999997
2024-10-07 04:00:00,0.31170000000000003
2024-10-07 05:00:00,0.445
2024-10-07 06:00:00,0.48700000000000004
2024-10-07 07:00:00,0.5566
2024-10-07 08:00:00,0.613
2024-10-07 09:00:00,0.585
2024-10-07 10:00:00,0.5513
2024-10-07 11:00:00,0.5274
2024-10-07 12:00:00,0.5047
2024-10-07 13:00:00,0.4767
2024-10-07 14:00:00,0.44549999999999995
2024-10-07 15:00:00,0.4954
2024-10-07 16:00:00,0.5239
2024-10-07 17:00:00,0.5488000000000001
2024-10-07 18:00:00,0.5507
2024-10-07 19:00:00,0.5456
2024-10-07 20:00:00,0.4997
2024-10-07 21:00:00,0.2721
2024-10-07 22:00:00,0.2652
2024-10-07 23:00:00,0.21969999999999998
2024-10-08 00:00:00,0.2403
2024-10-08 01:00:00,0.2096
2024-10-08 02:00:00,0.19899999999999998
2024-10-08 03:00:00,0.1957
2024-10-08 04:00:00,0.20489999999999997
2024-10-08 05:00:00,0.2687
2024-10-08 06:00:00,0.4778
2024-10-08 07:00:00,0.5454
2024-10-08 08:00:00,0.7833
2024-10-08 09:00:00,0.9370999999999999
2024-10-08 10:00:00,0.5853
2024-10-08 11:00:00,0.5438000000000001
2024-10-08 12:00:00,0.4449
2024-10-08 13:00:00,0.3503
2024-10-08 14:00:00,0.2834
2024-10-08 15:00:00,0.2726
2024-10-08 16:00:00,0.26940000000000003
2024-10-08 17:00:00,0.3062
2024-10-08 18:00:00,0.3639
2024-10-08 19:00:00,0.1966
2024-10-08 20:00:00,0.11779999999999999
2024-10-08 21:00:00,0.056799999999999996
2024-10-08 22:00:00,0.0558
2024-10-08 23:00:00,0.0406
2024-10-09 00:00:00,0.0248
2024-10-09 01:00:00,0.029500000000000002
2024-10-09 02:00:00,0.028999999999999998
2024-10-09 03:00:00,0.0262
2024-10-09 04:00:00,0.0232
2024-10-09 05:00:00,0.0383
2024-10-09 06:00:00,0.0553
2024-10-09 07:00:00,0.1118
2024-10-09 08:00:00,0.12689999999999999
2024-10-09 09:00:00,0.1294
2024-10-09 10:00:00,0.1274
2024-10-09 11:00:00,0.1065
2024-10-09 12:00:00,0.0904
2024-10-09 13:00:00,0.08199999999999999
2024-10-09 14:00:00,0.0858
2024-10-09 15:00:00,0.09179999999999999
2024-10-09 16:00:00,0.1025
2024-10-09 17:00:00,0.1604
2024-10-09 18:00:00,0.1617
2024-10-09 19:00:00,0.1534
2024-10-09 20:00:00,0.1303
2024-10-09 21:00:00,0.1148
2024-10-09 22:00:00,0.0983
2024-10-09 23:00:00,0.0789
2024-10-10 00:00:00,0.0812
2024-10-10 01:00:00,0.09789999999999999
2024-10-10 02:00:00,0.1137
2024-10-10 03:00:00,0.1245
2024-10-10 04:00:00,0.16190000000000002
2024-10-10 05:00:00,0.17620000000000002
2024-10-10 06:00:00,0.2041
2024-10-10 07:00:00,0.2824
2024-10-10 08:00:00,0.36340000000000006
2024-10-10 09:00:00,0.3013
2024-10-10 10:00:00,0.284
2024-10-10 11:00:00,0.2813
2024-10-10 12:00:00,0.2482
2024-10-10 13:00:00,0.1812
2024-10-10 14:00:00,0.2249
2024-10-10 15:00:00,0.2262
2024-10-10 16:00:00,0.2036
2024-10-10 17:00:00,0.1818
2024-10-10 18:00:00,0.1815
2024-10-10 19:00:00,0.1315
2024-10-10 20:00:00,0.07
2024-10-10 21:00:00,0.0378
2024-10-10 22:00:00,0.0
2024-10-10 23:00:00,-0.0115
2024-10-11 00:00:00,-0.0226
2024-10-11 01:00:00,-0.022799999999999997
2024-10-11 02:00:00,-0.0229
2024-10-11 03:00:00,-0.0236
2024-10-11 04:00:00,-0.022799999999999997
2024-10-11 05:00:00,-0.0091
2024-10-11 06:00:00,-0.0001
2024-10-11 07:00:00,0.0345
2024-10-11 08:00:00,0.0471
2024-10-11 09:00:00,0.046900000000000004
2024-10-11 10:00:00,0.0414
2024-10-11 11:00:00,0.0344
2024-10-11 12:00:00,0.0334
2024-10-11 13:00:00,0.0373
2024-10-11 14:00:00,0.047400000000000005
2024-10-11 15:00:00,0.0858
2024-10-11 16:00:00,0.1689
2024-10-11 17:00:00,0.223
2024-10-11 18:00:00,0.2316
2024-10-11 19:00:00,0.2116
2024-10-11 20:00:00,0.1883
2024-10-11 21:00:00,0.1702
2024-10-11 22:00:00,0.1604
2024-10-11 23:00:00,0.1291
2024-10-12 00:00:00,0.12119999999999999
2024-10-12 01:00:00,0.1148
2024-10-12 02:00:00,0.1155
2024-10-12 03:00:00,0.1208
2024-10-12 04:00:00,0.11939999999999999
2024-10-12 05:00:00,0.12960000000000002
2024-10-12 06:00:00,0.1332
2024-10-12 07:00:00,0.1649
2024-10-12 08:00:00,0.17370000000000002
2024-10-12 09:00:00,0.1773
2024-10-12 10:00:00,0.18100000000000002
2024-10-12 11:00:00,0.17989999999999998
2024-10-12 12:00:00,0.17370000000000002
2024-10-12 13:00:00,0.1589
2024-10-12 14:00:00,0.1356
2024-10-12 15:00:00,0.1341
2024-10-12 16:00:00,0.1188
2024-10-12 17:00:00,0.0928
2024-10-12 18:00:00,0.0666
2024-10-12 19:00:00,0.0458
2024-10-12 20:00:00,0.0212
2024-10-12 21:00:00,0.0001
2024-10-12 22:00:00,-0.0001
2024-10-12 23:00:00,-0.006500000000000001
2024-10-13 00:00:00,0.0
2024-10-13 01:00:00,-0.0001
2024-10-13 02:00:00,-0.0008
2024-10-13 03:00:00,-0.0042
2024-10-13 04:00:00,-0.0058
2024-10-13 05:00:00,-0.001
2024-10-13 06:00:00,-0.0001
2024-10-13 07:00:00,0.0002
2024-10-13 08:00:00,0.031200000000000002
2024-10-13 09:00:00,0.0443
2024-10-13 10:00:00,0.0558
2024-10-13 11:00:00,0.0705
2024-10-13 12:00:00,0.0725
2024-10-13 13:00:00,0.0806
2024-10-13 14:00:00,0.09
2024-10-13 15:00:00,0.14400000000000002
2024-10-13 16:00:00,0.18
2024-10-13 17:00:00,0.2378
2024-10-13 18:00:00,0.3972
2024-10-13 19:00:00,0.45659999999999995
2024-10-13 20:00:00,0.43799999999999994
2024-10-13 21:00:00,0.3734
2024-10-13 22:00:00,0.3718
2024-10-13 23:00:00,0.2842
2024-10-14 00:00:00,0.22329999999999997
2024-10-14 01:00:00,0.254
2024-10-14 02:00:00,0.2582
2024-10-14 03:00:00,0.2606
2024-10-14 04:00:00,0.2669
2024-10-14 05:00:00,0.29350000000000004
2024-10-14 06:00:00,0.5023
2024-10-14 07:00:00,0.5671
2024-10-14 08:00:00,0.6052000000000001
2024-10-14 09:00:00,0.5962
2024-10-14 10:00:00,0.5626
2024-10-14 11:00:00,0.5262
2024-10-14 12:00:00,0.5151
2024-10-14 13:00:00,0.5042
2024-10-14 14:00:00,0.5043
2024-10-14 15:00:00,0.5115
2024-10-14 16:00:00,0.5256000000000001
2024-10-14 17:00:00,0.5524
2024-10-14 18:00:00,0.5832
2024-10-14 19:00:00,0.6074
2024-10-14 20:00:00,0.5422
2024-10-14 21:00:00,0.45439999999999997
2024-10-14 22:00:00,0.1739
2024-10-14 23:00:00,0.1158
2024-10-15 00:00:00,0.0958
2024-10-15 01:00:00,0.0753
2024-10-15 02:00:00,0.08460000000000001
2024-10-15 03:00:00,0.0776
2024-10-15 04:00:00,0.1195
2024-10-15 05:00:00,0.1654
2024-10-15 06:00:00,0.5519
2024-10-15 07:00:00,1.4719
2024-10-15 08:00:00,1.8849
2024-10-15 09:00:00,1.2105
2024-10-15 10:00:00,0.6772
2024-10-15 11:00:00,0.5505
2024-10-15 12:00:00,0.3983
2024-10-15 13:00:00,0.31
2024-10-15 14:00:00,0.3201
2024-10-15 15:00:00,0.3983
2024-10-15 16:00:00,0.518
2024-10-15 17:00:00,0.5514
2024-10-15 18:00:00,0.6898000000000001
2024-10-15 19:00:00,0.7005
2024-10-15 20:00:00,0.5515
2024-10-15 21:00:00,0.22820000000000001
2024-10-15 22:00:00,0.16010000000000002
2024-10-15 23:00:00,0.11560000000000001
2024-10-16 00:00:00,0.1245
2024-10-16 01:00:00,0.10439999999999999
2024-10-16 02:00:00,0.06
2024-10-16 03:00:00,0.0408
2024-10-16 04:00:00,0.0368
2024-10-16 05:00:00,0.0928
2024-10-16 06:00:00,0.19149999999999998
2024-10-16 07:00:00,0.49920000000000003
2024-10-16 08:00:00,0.5254
2024-10-16 09:00:00,0.32909999999999995
2024-10-16 10:00:00,0.2202
2024-10-16 11:00:00,0.1602
2024-10-16 12:00:00,0.0479
2024-10-16 13:00:00,0.0334
2024-10-16 14:00:00,0.0467
2024-10-16 15:00:00,0.159
2024-10-16 16:00:00,0.18739999999999998
2024-10-16 17:00:00,0.1837
2024-10-16 18:00:00,0.18170000000000003
2024-10-16 19:00:00,0.1616
2024-10-16 20:00:00,0.0695
2024-10-16 21:00:00,0.0557
2024-10-16 22:00:00,0.0341
2024-10-16 23:00:00,0.0076
2024-10-17 00:00:00,0.0001
2024-10-17 01:00:00,0.0
2024-10-17 02:00:00,0.0
2024-10-17 03:00:00,-0.0001
2024-10-17 04:00:00,-0.0001
2024-10-17 05:00:00,0.0
2024-10-17 06:00:00,0.030899999999999997
2024-10-17 07:00:00,0.049100000000000005
2024-10-17 08:00:00,0.0541
2024-10-17 09:00:00,0.0487
2024-10-17 10:00:00,0.045700000000000005
2024-10-17 11:00:00,0.0373
2024-10-17 12:00:00,0.0326
2024-10-17 13:00:00,0.040999999999999995
2024-10-17 14:00:00,0.047599999999999996
2024-10-17 15:00:00,0.0473
2024-10-17 16:00:00,0.044800000000000006
2024-10-17 17:00:00,0.0342
2024-10-17 18:00:00,0.0294
2024-10-17 19:00:00,0.013999999999999999
2024-10-17 20:00:00,0.0
2024-10-17 21:00:00,-0.0006
2024-10-17 22:00:00,-0.0067
2024-10-17 23:00:00,-0.0123
2024-10-18 00:00:00,-0.022799999999999997
2024-10-18 01:00:00,-0.022799999999999997
2024-10-18 02:00:00,-0.02
2024-10-18 03:00:00,-0.0146
2024-10-18 04:00:00,-0.006500000000000001
2024-10-18 05:00:00,0.0183
2024-10-18 06:00:00,0.056299999999999996
2024-10-18 07:00:00,0.1407
2024-10-18 08:00:00,0.2046
2024-10-18 09:00:00,0.15
2024-10-18 10:00:00,0.15130000000000002
2024-10-18 11:00:00,0.1516
2024-10-18 12:00:00,0.1508
2024-10-18 13:00:00,0.15039999999999998
2024-10-18 14:00:00,0.15039999999999998
2024-10-18 15:00:00,0.1533
2024-10-18 16:00:00,0.20489999999999997
2024-10-18 17:00:00,0.22760000000000002
2024-10-18 18:00:00,0.2621
2024-10-18 19:00:00,0.1559
2024-10-18 20:00:00,0.1495
2024-10-18 21:00:00,0.1317
2024-10-18 22:00:00,0.10279999999999999
2024-10-18 23:00:00,0.0726
2024-10-19 00:00:00,0.0431
2024-10-19 01:00:00,0.0353
2024-10-19 02:00:00,0.0332
2024-10-19 03:00:00,0.0315
2024-10-19 04:00:00,0.0315
2024-10-19 05:00:00,0.0339
2024-10-19 06:00:00,0.041100000000000005
2024-10-19 07:00:00,0.0509
2024-10-19 08:00:00,0.056900000000000006
2024-10-19 09:00:00,0.0571
2024-10-19 10:00:00,0.056600000000000004
2024-10-19 11:00:00,0.0567
2024-10-19 12:00:00,0.0559
2024-10-19 13:00:00,0.0528
2024-10-19 14:00:00,0.055999999999999994
2024-10-19 15:00:00,0.056799999999999996
2024-10-19 16:00:00,0.09050000000000001
2024-10-19 17:00:00,0.11560000000000001
2024-10-19 18:00:00,0.1142
2024-10-19 19:00:00,0.0748
2024-10-19 20:00:00,0.056600000000000004
2024-10-19 21:00:00,0.04769999999999999
2024-10-19 22:00:00,0.0375
2024-10-19 23:00:00,0.029300000000000003
2024-10-20 00:00:00,0.0282
2024-10-20 01:00:00,0.0226
2024-10-20 02:00:00,0.011000000000000001
2024-10-20 03:00:00,0.0062
2024-10-20 04:00:00,0.015700000000000002
2024-10-20 05:00:00,0.0176
2024-10-20 06:00:00,0.0063
2024-10-20 07:00:00,0.0229
2024-10-20 08:00:00,0.024399999999999998
2024-10-20 09:00:00,0.0231
2024-10-20 10:00:00,0.0213
2024-10-20 11:00:00,0.0009
2024-10-20 12:00:00,0.0
2024-10-20 13:00:00,-0.011200000000000002
2024-10-20 14:00:00,-0.023
2024-10-20 15:00:00,0.0
2024-10-20 16:00:00,0.024
2024-10-20 17:00:00,0.0355
2024-10-20 18:00:00,0.036000000000000004
2024-10-20 19:00:00,0.0297
2024-10-20 20:00:00,0.0001
2024-10-20 21:00:00,0.0
2024-10-20 22:00:00,-0.0002
2024-10-20 23:00:00,-0.0092
2024-10-21 00:00:00,-0.023
2024-10-21 01:00:00,-0.0282
2024-10-21 02:00:00,-0.0301
2024-10-21 03:00:00,-0.034300000000000004
2024-10-21 04:00:00,-0.03
2024-10-21 05:00:00,-0.0229
2024-10-21 06:00:00,-0.009300000000000001
2024-10-21 07:00:00,-0.0009
2024-10-21 08:00:00,-0.0001
2024-10-21 09:00:00,-0.0001
2024-10-21 10:00:00,-0.0011
2024-10-21 11:00:00,-0.0024
2024-10-21 12:00:00,-0.006500000000000001
2024-10-21 13:00:00,-0.0066
2024-10-21 14:00:00,-0.006500000000000001
2024-10-21 15:00:00,-0.006
2024-10-21 16:00:00,-0.003
2024-10-21 17:00:00,-0.0001
2024-10-21 18:00:00,-0.0001
2024-10-21 19:00:00,-0.001
2024-10-21 20:00:00,-0.0068000000000000005
2024-10-21 21:00:00,-0.009300000000000001
2024-10-21 22:00:00,-0.0192
2024-10-21 23:00:00,-0.023399999999999997
2024-10-22 00:00:00,-0.0215
2024-10-22 01:00:00,-0.02
2024-10-22 02:00:00,-0.0143
2024-10-22 03:00:00,-0.011399999999999999
2024-10-22 04:00:00,-0.0062
2024-10-22 05:00:00,0.0
2024-10-22 06:00:00,0.0218
2024-10-22 07:00:00,0.11380000000000001
2024-10-22 08:00:00,0.2285
2024-10-22 09:00:00,0.1722
2024-10-22 10:00:00,0.1134
2024-10-22 11:00:00,0.035699999999999996
2024-10-22 12:00:00,0.0352
2024-10-22 13:00:00,0.0335
2024-10-22 14:00:00,0.0297
2024-10-22 15:00:00,0.0274
2024-10-22 16:00:00,0.0318
2024-10-22 17:00:00,0.0344
2024-10-22 18:00:00,0.0333
2024-10-22 19:00:00,0.026099999999999998
2024-10-22 20:00:00,0.0106
2024-10-22 21:00:00,0.005600000000000001
2024-10-22 22:00:00,0.0
2024-10-22 23:00:00,-0.0092
2024-10-23 00:00:00,0.0
2024-10-23 01:00:00,-0.0005
2024-10-23 02:00:00,-0.0062
2024-10-23 03:00:00,-0.0091
2024-10-23 04:00:00,-0.0066
2024-10-23 05:00:00,0.0
2024-10-23 06:00:00,0.0055000000000000005
2024-10-23 07:00:00,0.056600000000000004
2024-10-23 08:00:00,0.0559
2024-10-23 09:00:00,0.0245
2024-10-23 10:00:00,0.0105
2024-10-23 11:00:00,0.0001
2024-10-23 12:00:00,-0.0001
2024-10-23 13:00:00,-0.0007000000000000001
2024-10-23 14:00:00,-0.0013
2024-10-23 15:00:00,-0.0001
2024-10-23 16:00:00,0.0
2024-10-23 17:00:00,0.0091
2024-10-23 18:00:00,0.011000000000000001
2024-10-23 19:00:00,0.0001
2024-10-23 20:00:00,0.0
2024-10-23 21:00:00,0.0
2024-10-23 22:00:00,-0.001
2024-10-23 23:00:00,-0.0092
2024-10-24 00:00:00,-0.011399999999999999
2024-10-24 01:00:00,-0.011399999999999999
2024-10-24 02:00:00,-0.0091
2024-10-24 03:00:00,-0.0059
2024-10-24 04:00:00,0.0
2024-10-24 05:00:00,0.0096
2024-10-24 06:00:00,0.1766
2024-10-24 07:00:00,0.315
2024-10-24 08:00:00,0.36369999999999997
2024-10-24 09:00:00,0.42200000000000004
2024-10-24 10:00:00,0.3763
2024-10-24 11:00:00,0.3555
2024-10-24 12:00:00,0.34159999999999996
2024-10-24 13:00:00,0.3373
2024-10-24 14:00:00,0.3392
2024-10-24 15:00:00,0.3397
2024-10-24 16:00:00,0.3422
2024-10-24 17:00:00,0.6809999999999999
2024-10-24 18:00:00,0.9065000000000001
2024-10-24 19:00:00,0.45630000000000004
2024-10-24 20:00:00,0.3417
2024-10-24 21:00:00,0.316
2024-10-24 22:00:00,0.2848
2024-10-24 23:00:00,0.1515
2024-10-25 00:00:00,0.045700000000000005
2024-10-25 01:00:00,0.0276
2024-10-25 02:00:00,0.0242
2024-10-25 03:00:00,0.022799999999999997
2024-10-25 04:00:00,0.024
2024-10-25 05:00:00,0.057800000000000004
2024-10-25 06:00:00,0.2518
2024-10-25 07:00:00,0.3576
2024-10-25 08:00:00,0.4586
2024-10-25 09:00:00,0.39399999999999996
2024-10-25 10:00:00,0.3616
2024-10-25 11:00:00,0.3308
2024-10-25 12:00:00,0.3141
2024-10-25 13:00:00,0.2889
2024-10-25 14:00:00,0.2735
2024-10-25 15:00:00,0.2614
2024-10-25 16:00:00,0.2958
2024-10-25 17:00:00,0.31379999999999997
2024-10-25 18:00:00,0.3448
2024-10-25 19:00:00,0.2934
2024-10-25 20:00:00,0.2593
2024-10-25 21:00:00,0.2518
2024-10-25 22:00:00,0.1115
2024-10-25 23:00:00,0.0345
2024-10-26 00:00:00,0.034
2024-10-26 01:00:00,0.0361
2024-10-26 02:00:00,0.0405
2024-10-26 03:00:00,0.044800000000000006
2024-10-26 04:00:00,0.0508
2024-10-26 05:00:00,0.1109
2024-10-26 06:00:00,0.16219999999999998
2024-10-26 07:00:00,0.2218
2024-10-26 08:00:00,0.3429
2024-10-26 09:00:00,1.0015
2024-10-26 10:00:00,1.1457
2024-10-26 11:00:00,0.8190000000000001
2024-10-26 12:00:00,0.6259
2024-10-26 13:00:00,0.5147999999999999
2024-10-26 14:00:00,0.5535
2024-10-26 15:00:00,0.7376
2024-10-26 16:00:00,0.9501000000000001
2024-10-26 17:00:00,1.4047999999999998
2024-10-26 18:00:00,1.6861000000000002
2024-10-26 19:00:00,0.8412000000000001
2024-10-26 20:00:00,0.2726
2024-10-26 21:00:00,0.2228
2024-10-26 22:00:00,0.1383
2024-10-26 23:00:00,0.0467
2024-10-27 00:00:00,0.008
2024-10-27 01:00:00,0.0001
2024-10-27 02:00:00,-0.0006
2024-10-27 03:00:00,-0.0013
2024-10-27 04:00:00,-0.0055000000000000005
2024-10-27 05:00:00,-0.009300000000000001
2024-10-27 06:00:00,-0.0116
2024-10-27 07:00:00,-0.0187
2024-10-27 08:00:00,-0.0115
2024-10-27 09:00:00,-0.0092
2024-10-27 10:00:00,-0.0062
2024-10-27 11:00:00,-0.0055000000000000005
2024-10-27 12:00:00,-0.0013
2024-10-27 13:00:00,-0.001
2024-10-27 14:00:00,-0.0009
2024-10-27 15:00:00,-0.0008
2024-10-27 16:00:00,-0.0002
2024-10-27 17:00:00,0.0
2024-10-27 18:00:00,0.0001
2024-10-27 19:00:00,0.0049
2024-10-27 20:00:00,0.0
2024-10-27 21:00:00,-0.0002
2024-10-27 22:00:00,-0.0055000000000000005
2024-10-27 23:00:00,-0.0115
2024-10-28 00:00:00,-0.028300000000000002
2024-10-28 01:00:00,-0.0313
2024-10-28 02:00:00,-0.0344
2024-10-28 03:00:00,-0.0339
2024-10-28 04:00:00,-0.0241
2024-10-28 05:00:00,-0.009300000000000001
2024-10-28 06:00:00,0.0001
2024-10-28 07:00:00,0.025
2024-10-28 08:00:00,0.102
2024-10-28 09:00:00,0.10400000000000001
2024-10-28 10:00:00,0.0796
2024-10-28 11:00:00,0.0346
2024-10-28 12:00:00,0.0332
2024-10-28 13:00:00,0.056299999999999996
2024-10-28 14:00:00,0.1144
2024-10-28 15:00:00,0.22949999999999998
2024-10-28 16:00:00,0.2615
2024-10-28 17:00:00,0.3145
2024-10-28 18:00:00,0.34259999999999996
2024-10-28 19:00:00,0.282
2024-10-28 20:00:00,0.266
2024-10-28 21:00:00,0.2286
2024-10-28 22:00:00,0.2078
2024-10-28 23:00:00,0.056299999999999996
2024-10-29 00:00:00,0.0553
2024-10-29 01:00:00,0.026699999999999998
2024-10-29 02:00:00,0.024700000000000003
2024-10-29 03:00:00,0.0358
2024-10-29 04:00:00,0.056900000000000006
2024-10-29 05:00:00,0.2325
2024-10-29 06:00:00,0.4583
2024-10-29 07:00:00,1.7837
2024-10-29 08:00:00,1.7363
2024-10-29 09:00:00,1.4881
2024-10-29 10:00:00,1.385
2024-10-29 11:00:00,1.2963
2024-10-29 12:00:00,1.21
2024-10-29 13:00:00,0.5752
2024-10-29 14:00:00,0.34490000000000004
2024-10-29 15:00:00,0.267
2024-10-29 16:00:00,0.2616
2024-10-29 17:00:00,0.267
2024-10-29 18:00:00,0.13119999999999998
2024-10-29 19:00:00,0.0077
2024-10-29 20:00:00,-0.0001
2024-10-29 21:00:00,-0.0013
2024-10-29 22:00:00,-0.009300000000000001
2024-10-29 23:00:00,-0.023
2024-10-30 00:00:00,-0.0298
2024-10-30 01:00:00,-0.0264
2024-10-30 02:00:00,-0.0287
2024-10-30 03:00:00,-0.0298
2024-10-30 04:00:00,-0.0263
2024-10-30 05:00:00,-0.0134
2024-10-30 06:00:00,-0.0075
2024-10-30 07:00:00,0.0635
2024-10-30 08:00:00,0.2591
2024-10-30 09:00:00,0.1364
2024-10-30 10:00:00,0.061500000000000006
2024-10-30 11:00:00,0.0602
2024-10-30 12:00:00,0.081
2024-10-30 13:00:00,0.0916
2024-10-30 14:00:00,0.0895
2024-10-30 15:00:00,0.0575
2024-10-30 16:00:00,0.31120000000000003
2024-10-30 17:00:00,0.3975
2024-10-30 18:00:00,0.1702
2024-10-30 19:00:00,0.18710000000000002
2024-10-30 20:00:00,0.1809
2024-10-30 21:00:00,0.1153
2024-10-30 22:00:00,0.057999999999999996
2024-10-30 23:00:00,0.044800000000000006
2024-10-31 00:00:00,0.0095
2024-10-31 01:00:00,0.0118
2024-10-31 02:00:00,0.0217
2024-10-31 03:00:00,0.0335
2024-10-31 04:00:00,0.0406
2024-10-31 05:00:00,0.0557
2024-10-31 06:00:00,0.22219999999999998
2024-10-31 07:00:00,0.3718
2024-10-31 08:00:00,0.36479999999999996
2024-10-31 09:00:00,0.3061
2024-10-31 10:00:00,0.2375
2024-10-31 11:00:00,0.1634
2024-10-31 12:00:00,0.1388
2024-10-31 13:00:00,0.1286
2024-10-31 14:00:00,0.1282
2024-10-31 15:00:00,0.12539999999999998
2024-10-31 16:00:00,0.1261
2024-10-31 17:00:00,0.1386
2024-10-31 18:00:00,0.1272
2024-10-31 19:00:00,0.11800000000000001
2024-10-31 20:00:00,0.1026
2024-10-31 21:00:00,0.0726
2024-10-31 22:00:00,0.0582
2024-10-31 23:00:00,0.0455
2024-11-01 00:00:00,0.0199
2024-11-01 01:00:00,0.0176
2024-11-01 02:00:00,0.013500000000000002
2024-11-01 03:00:00,0.012
2024-11-01 04:00:00,0.0116
2024-11-01 05:00:00,0.013000000000000001
2024-11-01 06:00:00,0.025099999999999997
2024-11-01 07:00:00,0.037000000000000005
2024-11-01 08:00:00,0.038599999999999995
2024-11-01 09:00:00,0.030899999999999997
2024-11-01 10:00:00,0.028999999999999998
2024-11-01 11:00:00,0.0255
2024-11-01 12:00:00,0.0255
2024-11-01 13:00:00,0.025099999999999997
2024-11-01 14:00:00,0.0256
2024-11-01 15:00:00,0.029300000000000003
2024-11-01 16:00:00,0.0492
2024-11-01 17:00:00,0.0872
2024-11-01 18:00:00,0.11630000000000001
2024-11-01 19:00:00,0.0713
2024-11-01 20:00:00,0.054400000000000004
2024-11-01 21:00:00,0.0141
2024-11-01 22:00:00,0.0077
2024-11-01 23:00:00,0.0
2024-11-02 00:00:00,-0.0028000000000000004
2024-11-02 01:00:00,-0.008
2024-11-02 02:00:00,-0.008100000000000001
2024-11-02 03:00:00,-0.0096
2024-11-02 04:00:00,-0.008100000000000001
2024-11-02 05:00:00,-0.0073
2024-11-02 06:00:00,-0.0019
2024-11-02 07:00:00,0.0326
2024-11-02 08:00:00,0.0593
2024-11-02 09:00:00,0.0663
2024-11-02 10:00:00,0.0666
2024-11-02 11:00:00,0.1329
2024-11-02 12:00:00,0.1336
2024-11-02 13:00:00,0.142
2024-11-02 14:00:00,0.1507
2024-11-02 15:00:00,0.1698
2024-11-02 16:00:00,0.3268
2024-11-02 17:00:00,0.45520000000000005
2024-11-02 18:00:00,0.2921
2024-11-02 19:00:00,0.1548
2024-11-02 20:00:00,0.0701
2024-11-02 21:00:00,0.0373
2024-11-02 22:00:00,0.0278
2024-11-02 23:00:00,0.027200000000000002
2024-11-03 00:00:00,0.038900000000000004
2024-11-03 01:00:00,0.0387
2024-11-03 02:00:00,0.0381
2024-11-03 03:00:00,0.0363
2024-11-03 04:00:00,0.0375
2024-11-03 05:00:00,0.038900000000000004
2024-11-03 06:00:00,0.04019999999999999
2024-11-03 07:00:00,0.057
2024-11-03 08:00:00,0.060899999999999996
2024-11-03 09:00:00,0.057800000000000004
2024-11-03 10:00:00,0.0576
2024-11-03 11:00:00,0.057
2024-11-03 12:00:00,0.0541
2024-11-03 13:00:00,0.0482
2024-11-03 14:00:00,0.044000000000000004
2024-11-03 15:00:00,0.0438
2024-11-03 16:00:00,0.048600000000000004
2024-11-03 17:00:00,0.0636
2024-11-03 18:00:00,0.1166
2024-11-03 19:00:00,0.1155
2024-11-03 20:00:00,0.073
2024-11-03 21:00:00,0.0723
2024-11-03 22:00:00,0.0659
2024-11-03 23:00:00,0.0581
2024-11-04 00:00:00,0.0661
2024-11-04 01:00:00,0.0725
2024-11-04 02:00:00,0.0731
2024-11-04 03:00:00,0.172
2024-11-04 04:00:00,0.18100000000000002
2024-11-04 05:00:00,0.3607
2024-11-04 06:00:00,0.9178000000000001
2024-11-04 07:00:00,1.4262000000000001
2024-11-04 08:00:00,1.351
2024-11-04 09:00:00,1.1951
2024-11-04 10:00:00,0.9924
2024-11-04 11:00:00,0.9765999999999999
2024-11-04 12:00:00,0.9528
2024-11-04 13:00:00,1.0293999999999999
2024-11-04 14:00:00,1.0434
2024-11-04 15:00:00,1.3596000000000001
2024-11-04 16:00:00,1.8484
2024-11-04 17:00:00,2.8125
2024-11-04 18:00:00,2.3516999999999997
2024-11-04 19:00:00,1.5531
2024-11-04 20:00:00,1.165
2024-11-04 21:00:00,1.0075
2024-11-04 22:00:00,0.7920999999999999
2024-11-04 23:00:00,0.4654
2024-11-05 00:00:00,0.2507
2024-11-05 01:00:00,0.0764
2024-11-05 02:00:00,0.0739
2024-11-05 03:00:00,0.0617
2024-11-05 04:00:00,0.0646
2024-11-05 05:00:00,0.4533
2024-11-05 06:00:00,0.9963
2024-11-05 07:00:00,1.4061000000000001
2024-11-05 08:00:00,1.3465
2024-11-05 09:00:00,1.1503
2024-11-05 10:00:00,1.0312999999999999
2024-11-05 11:00:00,0.9274
2024-11-05 12:00:00,0.925
2024-11-05 13:00:00,0.9495
2024-11-05 14:00:00,1.042
2024-11-05 15:00:00,1.2589
2024-11-05 16:00:00,1.8163999999999998
2024-11-05 17:00:00,2.5126
2024-11-05 18:00:00,1.8197999999999999
2024-11-05 19:00:00,1.0118
2024-11-05 20:00:00,0.8355
2024-11-05 21:00:00,0.7962
2024-11-05 22:00:00,0.5223
2024-11-05 23:00:00,0.2891
2024-11-06 00:00:00,0.1267
2024-11-06 01:00:00,0.0741
2024-11-06 02:00:00,0.0784
2024-11-06 03:00:00,0.0924
2024-11-06 04:00:00,0.09910000000000001
2024-11-06 05:00:00,0.4475
2024-11-06 06:00:00,0.6415000000000001
2024-11-06 07:00:00,1.8205
2024-11-06 08:00:00,1.723
2024-11-06 09:00:00,1.2986000000000002
2024-11-06 10:00:00,1.0992
2024-11-06 11:00:00,0.9033
2024-11-06 12:00:00,0.96
2024-11-06 13:00:00,1.1865999999999999
2024-11-06 14:00:00,1.3077
2024-11-06 15:00:00,1.3855000000000002
2024-11-06 16:00:00,1.3668
2024-11-06 17:00:00,2.3666
2024-11-06 18:00:00,1.4819
2024-11-06 19:00:00,1.0827
2024-11-06 20:00:00,0.7168000000000001
2024-11-06 21:00:00,0.5832
2024-11-06 22:00:00,0.5231
2024-11-06 23:00:00,0.2506
2024-11-07 00:00:00,0.0776
2024-11-07 01:00:00,0.046799999999999994
2024-11-07 02:00:00,0.0281
2024-11-07 03:00:00,0.0144
2024-11-07 04:00:00,0.0369
2024-11-07 05:00:00,0.4082
2024-11-07 06:00:00,0.5321
2024-11-07 07:00:00,0.8748999999999999
2024-11-07 08:00:00,1.1529
2024-11-07 09:00:00,0.9573999999999999
2024-11-07 10:00:00,0.8952
2024-11-07 11:00:00,0.8671
2024-11-07 12:00:00,0.8842
2024-11-07 13:00:00,0.8569
2024-11-07 14:00:00,0.8172
2024-11-07 15:00:00,1.1017000000000001
2024-11-07 16:00:00,1.4193
2024-11-07 17:00:00,2.1222
2024-11-07 18:00:00,1.3417
2024-11-07 19:00:00,1.2064
2024-11-07 20:00:00,0.9186
2024-11-07 21:00:00,0.8504999999999999
2024-11-07 22:00:00,0.5598
2024-11-07 23:00:00,0.4729
2024-11-08 00:00:00,0.3397
2024-11-08 01:00:00,0.3034
2024-11-08 02:00:00,0.0931
2024-11-08 03:00:00,0.0931
2024-11-08 04:00:00,0.0738
2024-11-08 05:00:00,0.3259
2024-11-08 06:00:00,0.467
2024-11-08 07:00:00,0.5969
2024-11-08 08:00:00,0.6251
2024-11-08 09:00:00,0.5943
2024-11-08 10:00:00,0.5468
2024-11-08 11:00:00,0.5176
2024-11-08 12:00:00,0.4841
2024-11-08 13:00:00,0.49479999999999996
2024-11-08 14:00:00,0.4838
2024-11-08 15:00:00,0.4806
2024-11-08 16:00:00,0.6199
2024-11-08 17:00:00,0.6207
2024-11-08 18:00:00,0.5019
2024-11-08 19:00:00,0.39549999999999996
2024-11-08 20:00:00,0.23600000000000002
2024-11-08 21:00:00,0.22899999999999998
2024-11-08 22:00:00,0.2257
2024-11-08 23:00:00,0.2195
2024-11-09 00:00:00,0.3147
2024-11-09 01:00:00,0.1558
2024-11-09 02:00:00,0.1155
2024-11-09 03:00:00,0.1202
2024-11-09 04:00:00,0.1041
2024-11-09 05:00:00,0.3592
2024-11-09 06:00:00,0.5205
2024-11-09 07:00:00,0.546
2024-11-09 08:00:00,0.5939
2024-11-09 09:00:00,0.6246
2024-11-09 10:00:00,0.7737999999999999
2024-11-09 11:00:00,0.6870999999999999
2024-11-09 12:00:00,0.7462000000000001
2024-11-09 13:00:00,0.7939
2024-11-09 14:00:00,0.8103
2024-11-09 15:00:00,1.0834000000000001
2024-11-09 16:00:00,1.236
2024-11-09 17:00:00,1.3099
2024-11-09 18:00:00,1.3155000000000001
2024-11-09 19:00:00,1.3136
2024-11-09 20:00:00,1.2991
2024-11-09 21:00:00,1.2044
2024-11-09 22:00:00,1.0711
2024-11-09 23:00:00,1.0684
2024-11-10 00:00:00,0.7348
2024-11-10 01:00:00,0.6212
2024-11-10 02:00:00,0.6148
2024-11-10 03:00:00,0.5814
2024-11-10 04:00:00,0.6103999999999999
2024-11-10 05:00:00,0.8123999999999999
2024-11-10 06:00:00,0.7962
2024-11-10 07:00:00,0.8281000000000001
2024-11-10 08:00:00,0.9412999999999999
2024-11-10 09:00:00,1.0042
2024-11-10 10:00:00,1.0154
2024-11-10 11:00:00,1.055
2024-11-10 12:00:00,1.0244
2024-11-10 13:00:00,0.9729000000000001
2024-11-10 14:00:00,1.0302
2024-11-10 15:00:00,1.1236
2024-11-10 16:00:00,1.2252
2024-11-10 17:00:00,1.3659999999999999
2024-11-10 18:00:00,1.3028
2024-11-10 19:00:00,1.2023000000000001
2024-11-10 20:00:00,1.051
2024-11-10 21:00:00,1.0225
2024-11-10 22:00:00,0.8542000000000001
2024-11-10 23:00:00,0.7456
2024-11-11 00:00:00,0.6820999999999999
2024-11-11 01:00:00,0.6563
2024-11-11 02:00:00,0.62
2024-11-11 03:00:00,0.616
2024-11-11 04:00:00,0.6379
2024-11-11 05:00:00,0.8148000000000001
2024-11-11 06:00:00,1.0336
2024-11-11 07:00:00,1.35
2024-11-11 08:00:00,1.4306999999999999
2024-11-11 09:00:00,1.2846000000000002
2024-11-11 10:00:00,1.2448000000000001
2024-11-11 11:00:00,1.1909
2024-11-11 12:00:00,1.1534
2024-11-11 13:00:00,1.1804999999999999
2024-11-11 14:00:00,1.2145000000000001
2024-11-11 15:00:00,1.2869
2024-11-11 16:00:00,1.3351
2024-11-11 17:00:00,1.5
2024-11-11 18:00:00,1.4112
2024-11-11 19:00:00,1.2597
2024-11-11 20:00:00,1.1992
2024-11-11 21:00:00,1.1073
2024-11-11 22:00:00,1.0656999999999999
2024-11-11 23:00:00,0.9179999999999999
2024-11-12 00:00:00,0.9139
2024-11-12 01:00:00,0.8722
2024-11-12 02:00:00,0.7964
2024-11-12 03:00:00,0.8639
2024-11-12 04:00:00,0.892
2024-11-12 05:00:00,1.0031999999999999
2024-11-12 06:00:00,1.3463999999999998
2024-11-12 07:00:00,1.9031
2024-11-12 08:00:00,1.3034999999999999
2024-11-12 09:00:00,1.6003
2024-11-12 10:00:00,1.2795999999999998
2024-11-12 11:00:00,1.173
2024-11-12 12:00:00,1.2268999999999999
2024-11-12 13:00:00,1.1191
2024-11-12 14:00:00,1.2312
2024-11-12 15:00:00,1.4475
2024-11-12 16:00:00,1.8403
2024-11-12 17:00:00,2.9032
2024-11-12 18:00:00,2.2232
2024-11-12 19:00:00,1.6747
2024-11-12 20:00:00,1.4657
2024-11-12 21:00:00,1.2224
2024-11-12 22:00:00,1.1118999999999999
2024-11-12 23:00:00,0.8904000000000001
2024-11-13 00:00:00,0.5768
2024-11-13 01:00:00,0.551
2024-11-13 02:00:00,0.5315
2024-11-13 03:00:00,0.5324
2024-11-13 04:00:00,0.4511
2024-11-13 05:00:00,0.5182
2024-11-13 06:00:00,0.7016
2024-11-13 07:00:00,0.8034
2024-11-13 08:00:00,1.0769
2024-11-13 09:00:00,1.0151000000000001
2024-11-13 10:00:00,0.91
2024-11-13 11:00:00,0.818
2024-11-13 12:00:00,0.7548999999999999
2024-11-13 13:00:00,0.7508
2024-11-13 14:00:00,0.7487999999999999
2024-11-13 15:00:00,0.7853
2024-11-13 16:00:00,0.922
2024-11-13 17:00:00,0.48310000000000003
2024-11-13 18:00:00,1.2418
2024-11-13 19:00:00,0.7434999999999999
2024-11-13 20:00:00,0.4314
2024-11-13 21:00:00,0.3048
2024-11-13 22:00:00,0.1784
2024-11-13 23:00:00,0.1655
2024-11-14 00:00:00,0.2188
2024-11-14 01:00:00,0.18960000000000002
2024-11-14 02:00:00,0.1761
2024-11-14 03:00:00,0.17670000000000002
2024-11-14 04:00:00,0.19219999999999998
2024-11-14 05:00:00,0.2138
2024-11-14 06:00:00,0.2611
2024-11-14 07:00:00,0.6033
2024-11-14 08:00:00,0.695
2024-11-14 09:00:00,0.6544
2024-11-14 10:00:00,0.6008
2024-11-14 11:00:00,0.5931000000000001
2024-11-14 12:00:00,0.5809000000000001
2024-11-14 13:00:00,0.5688
2024-11-14 14:00:00,0.568
2024-11-14 15:00:00,0.3469
2024-11-14 16:00:00,0.6103000000000001
2024-11-14 17:00:00,0.6493000000000001
2024-11-14 18:00:00,0.3553
2024-11-14 19:00:00,0.3502
2024-11-14 20:00:00,0.3086
2024-11-14 21:00:00,0.2876
2024-11-14 22:00:00,0.25579999999999997
2024-11-14 23:00:00,0.19579999999999997
2024-11-15 00:00:00,0.1892
2024-11-15 01:00:00,0.17059999999999997
2024-11-15 02:00:00,0.1414
2024-11-15 03:00:00,0.1366
2024-11-15 04:00:00,0.138
2024-11-15 05:00:00,0.1822
2024-11-15 06:00:00,0.20149999999999998
2024-11-15 07:00:00,0.3013
2024-11-15 08:00:00,0.45439999999999997
2024-11-15 09:00:00,0.45399999999999996
2024-11-15 10:00:00,0.4264
2024-11-15 11:00:00,0.2907
2024-11-15 12:00:00,0.2202
2024-11-15 13:00:00,0.209
2024-11-15 14:00:00,0.21
2024-11-15 15:00:00,0.204
2024-11-15 16:00:00,0.203
2024-11-15 17:00:00,0.2023
2024-11-15 18:00:00,0.19640000000000002
2024-11-15 19:00:00,0.1807
2024-11-15 20:00:00,0.0124
2024-11-15 21:00:00,-0.0036
2024-11-15 22:00:00,-0.015700000000000002
2024-11-15 23:00:00,-0.024700000000000003
2024-11-16 00:00:00,-0.015300000000000001
2024-11-16 01:00:00,-0.015
2024-11-16 02:00:00,-0.022799999999999997
2024-11-16 03:00:00,-0.0226
2024-11-16 04:00:00,-0.022400000000000003
2024-11-16 05:00:00,-0.022000000000000002
2024-11-16 06:00:00,-0.0175
2024-11-16 07:00:00,-0.0108
2024-11-16 08:00:00,-0.0014000000000000002
2024-11-16 09:00:00,-0.0004
2024-11-16 10:00:00,-0.0008
2024-11-16 11:00:00,-0.0008
2024-11-16 12:00:00,-0.0008
2024-11-16 13:00:00,-0.0004
2024-11-16 14:00:00,0.0009
2024-11-16 15:00:00,0.0348
2024-11-16 16:00:00,0.1478
2024-11-16 17:00:00,0.2097
2024-11-16 18:00:00,0.1276
2024-11-16 19:00:00,0.0361
2024-11-16 20:00:00,0.005600000000000001
2024-11-16 21:00:00,-0.0008
2024-11-16 22:00:00,-0.0008
2024-11-16 23:00:00,-0.001
2024-11-17 00:00:00,-0.0017000000000000001
2024-11-17 01:00:00,-0.0016
2024-11-17 02:00:00,-0.0014000000000000002
2024-11-17 03:00:00,-0.0008
2024-11-17 04:00:00,-0.0005
2024-11-17 05:00:00,0.0095
2024-11-17 06:00:00,0.0262
2024-11-17 07:00:00,0.060599999999999994
2024-11-17 08:00:00,0.083
2024-11-17 09:00:00,0.1033
2024-11-17 10:00:00,0.11289999999999999
2024-11-17 11:00:00,0.11380000000000001
2024-11-17 12:00:00,0.1217
2024-11-17 13:00:00,0.1502
2024-11-17 14:00:00,0.22940000000000002
2024-11-17 15:00:00,0.3185
2024-11-17 16:00:00,0.43
2024-11-17 17:00:00,0.4407
2024-11-17 18:00:00,0.44170000000000004
2024-11-17 19:00:00,0.42479999999999996
2024-11-17 20:00:00,0.4044
2024-11-17 21:00:00,0.39159999999999995
2024-11-17 22:00:00,0.3479
2024-11-17 23:00:00,0.2227
2024-11-18 00:00:00,0.1439
2024-11-18 01:00:00,0.1432
2024-11-18 02:00:00,0.15109999999999998
2024-11-18 03:00:00,0.1555
2024-11-18 04:00:00,0.2498
2024-11-18 05:00:00,0.3128
2024-11-18 06:00:00,0.6938
2024-11-18 07:00:00,1.1072
2024-11-18 08:00:00,1.3122999999999998
2024-11-18 09:00:00,1.1693
2024-11-18 10:00:00,0.9761
2024-11-18 11:00:00,0.9205
2024-11-18 12:00:00,0.8709
2024-11-18 13:00:00,0.7901
2024-11-18 14:00:00,0.9212
2024-11-18 15:00:00,1.2406
2024-11-18 16:00:00,1.4417
2024-11-18 17:00:00,1.7256
2024-11-18 18:00:00,1.8283
2024-11-18 19:00:00,1.7113
2024-11-18 20:00:00,1.1948
2024-11-18 21:00:00,1.0987
2024-11-18 22:00:00,1.1392
2024-11-18 23:00:00,0.8919
2024-11-19 00:00:00,1.0792
2024-11-19 01:00:00,1.0942
2024-11-19 02:00:00,1.0613
2024-11-19 03:00:00,0.9267
2024-11-19 04:00:00,1.0397
2024-11-19 05:00:00,1.125
2024-11-19 06:00:00,1.3427
2024-11-19 07:00:00,1.6118999999999999
2024-11-19 08:00:00,1.8433000000000002
2024-11-19 09:00:00,1.8661
2024-11-19 10:00:00,1.8302
2024-11-19 11:00:00,1.7897999999999998
2024-11-19 12:00:00,1.7418
2024-11-19 13:00:00,1.699
2024-11-19 14:00:00,1.6678
2024-11-19 15:00:00,1.5811000000000002
2024-11-19 16:00:00,1.6543
2024-11-19 17:00:00,1.6778
2024-11-19 18:00:00,1.546
2024-11-19 19:00:00,1.4452
2024-11-19 20:00:00,1.2809
2024-11-19 21:00:00,1.0984
2024-11-19 22:00:00,0.9275
2024-11-19 23:00:00,0.5611
2024-11-20 00:00:00,0.6609
2024-11-20 01:00:00,0.5747
2024-11-20 02:00:00,0.5209
2024-11-20 03:00:00,0.45549999999999996
2024-11-20 04:00:00,0.4769
2024-11-20 05:00:00,0.5406
2024-11-20 06:00:00,0.9009999999999999
2024-11-20 07:00:00,1.3675
2024-11-20 08:00:00,1.5584
2024-11-20 09:00:00,1.3714
2024-11-20 10:00:00,1.1239
2024-11-20 11:00:00,1.0386
2024-11-20 12:00:00,0.9501999999999999
2024-11-20 13:00:00,0.9399
2024-11-20 14:00:00,1.0321
2024-11-20 15:00:00,1.2462
2024-11-20 16:00:00,1.2872
2024-11-20 17:00:00,1.3099
2024-11-20 18:00:00,1.3102
2024-11-20 19:00:00,1.1093000000000002
2024-11-20 20:00:00,0.8042
2024-11-20 21:00:00,0.5752
2024-11-20 22:00:00,0.49939999999999996
2024-11-20 23:00:00,0.3677
2024-11-21 00:00:00,0.36729999999999996
2024-11-21 01:00:00,0.3171
2024-11-21 02:00:00,0.315
2024-11-21 03:00:00,0.33840000000000003
2024-11-21 04:00:00,0.3608
2024-11-21 05:00:00,0.3944
2024-11-21 06:00:00,1.1138
2024-11-21 07:00:00,1.3078999999999998
2024-11-21 08:00:00,1.4504
2024-11-21 09:00:00,1.4788
2024-11-21 10:00:00,1.3621
2024-11-21 11:00:00,1.2087999999999999
2024-11-21 12:00:00,1.1487
2024-11-21 13:00:00,1.2509000000000001
2024-11-21 14:00:00,1.3639
2024-11-21 15:00:00,1.4604
2024-11-21 16:00:00,1.7015
2024-11-21 17:00:00,1.7369999999999999
2024-11-21 18:00:00,1.5725
2024-11-21 19:00:00,1.453
2024-11-21 20:00:00,1.2267000000000001
2024-11-21 21:00:00,1.1396
2024-11-21 22:00:00,1.133
2024-11-21 23:00:00,0.9059
2024-11-22 00:00:00,1.0629
2024-11-22 01:00:00,0.9661
2024-11-22 02:00:00,0.8859
2024-11-22 03:00:00,0.9514
2024-11-22 04:00:00,0.9895999999999999
2024-11-22 05:00:00,1.0438
2024-11-22 06:00:00,1.3707
2024-11-22 07:00:00,1.6132
2024-11-22 08:00:00,1.9933
2024-11-22 09:00:00,1.8084
2024-11-22 10:00:00,1.6336000000000002
2024-11-22 11:00:00,1.5863
2024-11-22 12:00:00,1.3694
2024-11-22 13:00:00,1.1208
2024-11-22 14:00:00,1.22
2024-11-22 15:00:00,1.3169
2024-11-22 16:00:00,1.4667
2024-11-22 17:00:00,1.6091
2024-11-22 18:00:00,1.6131
2024-11-22 19:00:00,1.5425
2024-11-22 20:00:00,1.2348999999999999
2024-11-22 21:00:00,1.2192
2024-11-22 22:00:00,1.0425
2024-11-22 23:00:00,0.8622
2024-11-23 00:00:00,0.7217
2024-11-23 01:00:00,0.6177
2024-11-23 02:00:00,0.5647
2024-11-23 03:00:00,0.5223
2024-11-23 04:00:00,0.5192
2024-11-23 05:00:00,0.5196000000000001
2024-11-23 06:00:00,0.5113
2024-11-23 07:00:00,0.6019
2024-11-23 08:00:00,0.6541
2024-11-23 09:00:00,0.7881999999999999
2024-11-23 10:00:00,0.7458
2024-11-23 11:00:00,0.7273000000000001
2024-11-23 12:00:00,0.6751
2024-11-23 13:00:00,0.6647
2024-11-23 14:00:00,0.7087
2024-11-23 15:00:00,0.8822
2024-11-23 16:00:00,0.8395
2024-11-23 17:00:00,0.9488
2024-11-23 18:00:00,0.8342
2024-11-23 19:00:00,0.69
2024-11-23 20:00:00,0.5477000000000001
2024-11-23 21:00:00,0.4343
2024-11-23 22:00:00,0.26940000000000003
2024-11-23 23:00:00,0.1628
2024-11-24 00:00:00,0.0364
2024-11-24 01:00:00,0.0291
2024-11-24 02:00:00,0.025
2024-11-24 03:00:00,0.0292
2024-11-24 04:00:00,0.0254
2024-11-24 05:00:00,0.0275
2024-11-24 06:00:00,0.0351
2024-11-24 07:00:00,0.039900000000000005
2024-11-24 08:00:00,0.041299999999999996
2024-11-24 09:00:00,0.05
2024-11-24 10:00:00,0.0433
2024-11-24 11:00:00,0.0444
2024-11-24 12:00:00,0.042300000000000004
2024-11-24 13:00:00,0.0398
2024-11-24 14:00:00,0.0425
2024-11-24 15:00:00,0.0741
2024-11-24 16:00:00,0.1301
2024-11-24 17:00:00,0.1241
2024-11-24 18:00:00,0.1282
2024-11-24 19:00:00,0.0973
2024-11-24 20:00:00,0.0604
2024-11-24 21:00:00,0.0398
2024-11-24 22:00:00,0.0292
2024-11-24 23:00:00,0.003
2024-11-25 00:00:00,-0.010700000000000001
2024-11-25 01:00:00,-0.015300000000000001
2024-11-25 02:00:00,-0.013600000000000001
2024-11-25 03:00:00,-0.0183
2024-11-25 04:00:00,-0.0128
2024-11-25 05:00:00,-0.0004
2024-11-25 06:00:00,0.005600000000000001
2024-11-25 07:00:00,0.19579999999999997
2024-11-25 08:00:00,0.26
2024-11-25 09:00:00,0.2588
2024-11-25 10:00:00,0.24739999999999998
2024-11-25 11:00:00,0.2418
2024-11-25 12:00:00,0.2425
2024-11-25 13:00:00,0.2526
2024-11-25 14:00:00,0.2539
2024-11-25 15:00:00,0.2514
2024-11-25 16:00:00,0.2528
2024-11-25 17:00:00,0.2588
2024-11-25 18:00:00,0.2553
2024-11-25 19:00:00,0.2531
2024-11-25 20:00:00,0.2369
2024-11-25 21:00:00,0.0643
2024-11-25 22:00:00,0.0344
2024-11-25 23:00:00,0.0183
2024-11-26 00:00:00,-0.0006
2024-11-26 01:00:00,-0.0115
2024-11-26 02:00:00,-0.001
2024-11-26 03:00:00,-0.010700000000000001
2024-11-26 04:00:00,-0.0108
2024-11-26 05:00:00,0.0109
2024-11-26 06:00:00,0.23670000000000002
2024-11-26 07:00:00,0.2514
2024-11-26 08:00:00,0.2705
2024-11-26 09:00:00,0.2711
2024-11-26 10:00:00,0.28559999999999997
2024-11-26 11:00:00,0.3066
2024-11-26 12:00:00,0.30210000000000004
2024-11-26 13:00:00,0.3152
2024-11-26 14:00:00,0.3342
2024-11-26 15:00:00,0.3839
2024-11-26 16:00:00,0.43939999999999996
2024-11-26 17:00:00,0.4985
2024-11-26 18:00:00,0.516
2024-11-26 19:00:00,0.47759999999999997
2024-11-26 20:00:00,0.4473
2024-11-26 21:00:00,0.4955
2024-11-26 22:00:00,0.43079999999999996
2024-11-26 23:00:00,0.39409999999999995
2024-11-27 00:00:00,0.43810000000000004
2024-11-27 01:00:00,0.4215
2024-11-27 02:00:00,0.4285
2024-11-27 03:00:00,0.447
2024-11-27 04:00:00,0.48340000000000005
2024-11-27 05:00:00,0.5424
2024-11-27 06:00:00,0.7284999999999999
2024-11-27 07:00:00,1.6124
2024-11-27 08:00:00,1.855
2024-11-27 09:00:00,1.7282
2024-11-27 10:00:00,1.6061
2024-11-27 11:00:00,1.605
2024-11-27 12:00:00,1.5875
2024-11-27 13:00:00,1.5291
2024-11-27 14:00:00,1.4279
2024-11-27 15:00:00,1.4498
2024-11-27 16:00:00,1.318
2024-11-27 17:00:00,1.3169
2024-11-27 18:00:00,1.3300999999999998
2024-11-27 19:00:00,1.1992
2024-11-27 20:00:00,0.9184
2024-11-27 21:00:00,0.8440000000000001
2024-11-27 22:00:00,0.7804000000000001
2024-11-27 23:00:00,0.5710999999999999
2024-11-28 00:00:00,0.5729
2024-11-28 01:00:00,0.4907
2024-11-28 02:00:00,0.3911
2024-11-28 03:00:00,0.3804
2024-11-28 04:00:00,0.4385
2024-11-28 05:00:00,0.5573
2024-11-28 06:00:00,0.7384000000000001
2024-11-28 07:00:00,1.022
2024-11-28 08:00:00,1.2198
2024-11-28 09:00:00,1.1784999999999999
2024-11-28 10:00:00,1.0479
2024-11-28 11:00:00,1.2772
2024-11-28 12:00:00,1.2572
2024-11-28 13:00:00,1.2808000000000002
2024-11-28 14:00:00,1.1168
2024-11-28 15:00:00,1.4168
2024-11-28 16:00:00,1.6122
2024-11-28 17:00:00,1.8056999999999999
2024-11-28 18:00:00,1.8563999999999998
2024-11-28 19:00:00,1.8067
2024-11-28 20:00:00,1.6241999999999999
2024-11-28 21:00:00,1.4894
2024-11-28 22:00:00,1.2807
2024-11-28 23:00:00,0.7352
2024-11-29 00:00:00,1.0763
2024-11-29 01:00:00,0.8702
2024-11-29 02:00:00,0.8531
2024-11-29 03:00:00,0.8653
2024-11-29 04:00:00,0.6912999999999999
2024-11-29 05:00:00,1.0149
2024-11-29 06:00:00,1.4902000000000002
2024-11-29 07:00:00,1.8275
2024-11-29 08:00:00,1.8840000000000001
2024-11-29 09:00:00,1.6669
2024-11-29 10:00:00,1.464
2024-11-29 11:00:00,1.3666
2024-11-29 12:00:00,1.2932
2024-11-29 13:00:00,1.1602
2024-11-29 14:00:00,1.1694
2024-11-29 15:00:00,1.2489
2024-11-29 16:00:00,1.3763999999999998
2024-11-29 17:00:00,1.2990000000000002
2024-11-29 18:00:00,0.8418000000000001
2024-11-29 19:00:00,0.5512
2024-11-29 20:00:00,0.5192
2024-11-29 21:00:00,0.5228
2024-11-29 22:00:00,0.43479999999999996
2024-11-29 23:00:00,0.4044
2024-11-30 00:00:00,0.36920000000000003
2024-11-30 01:00:00,0.3665
2024-11-30 02:00:00,0.36560000000000004
2024-11-30 03:00:00,0.3452
2024-11-30 04:00:00,0.3309
2024-11-30 05:00:00,0.2985
2024-11-30 06:00:00,0.2778
2024-11-30 07:00:00,0.2939
2024-11-30 08:00:00,0.30870000000000003
2024-11-30 09:00:00,0.314
2024-11-30 10:00:00,0.3007
2024-11-30 11:00:00,0.294
2024-11-30 12:00:00,0.2836
2024-11-30 13:00:00,0.2848
2024-11-30 14:00:00,0.2958
2024-11-30 15:00:00,0.2974
2024-11-30 16:00:00,0.3152
2024-11-30 17:00:00,0.4
2024-11-30 18:00:00,0.2973
2024-11-30 19:00:00,0.2742
2024-11-30 20:00:00,0.2669
2024-11-30 21:00:00,0.2528
2024-11-30 22:00:00,0.245
2024-11-30 23:00:00,0.23800000000000002
2024-12-01 00:00:00,0.2224
2024-12-01 01:00:00,0.2186
2024-12-01 02:00:00,0.2193
2024-12-01 03:00:00,0.22
2024-12-01 04:00:00,0.22260000000000002
2024-12-01 05:00:00,0.22699999999999998
2024-12-01 06:00:00,0.22699999999999998
2024-12-01 07:00:00,0.2339
2024-12-01 08:00:00,0.2314
2024-12-01 09:00:00,0.2324
2024-12-01 10:00:00,0.23190000000000002
2024-12-01 11:00:00,0.2299
2024-12-01 12:00:00,0.2262
2024-12-01 13:00:00,0.2224
2024-12-01 14:00:00,0.21850000000000003
2024-12-01 15:00:00,0.21760000000000002
2024-12-01 16:00:00,0.2916
2024-12-01 17:00:00,0.2872
2024-12-01 18:00:00,0.2107
2024-12-01 19:00:00,0.2032
2024-12-01 20:00:00,0.2011
2024-12-01 21:00:00,0.1954
2024-12-01 22:00:00,0.19210000000000002
2024-12-01 23:00:00,0.177
2024-12-02 00:00:00,-0.0017000000000000001
2024-12-02 01:00:00,-0.0026
2024-12-02 02:00:00,-0.0064
2024-12-02 03:00:00,-0.0091
2024-12-02 04:00:00,-0.0022
2024-12-02 05:00:00,0.0
2024-12-02 06:00:00,0.2502
2024-12-02 07:00:00,0.2742
2024-12-02 08:00:00,0.2887
2024-12-02 09:00:00,0.29350000000000004
2024-12-02 10:00:00,0.3135
2024-12-02 11:00:00,0.31170000000000003
2024-12-02 12:00:00,0.3143
2024-12-02 13:00:00,0.3128
2024-12-02 14:00:00,0.3127
2024-12-02 15:00:00,0.3165
2024-12-02 16:00:00,0.3182
2024-12-02 17:00:00,0.4163
2024-12-02 18:00:00,0.4524
2024-12-02 19:00:00,0.4661
2024-12-02 20:00:00,0.4434
2024-12-02 21:00:00,0.4524
2024-12-02 22:00:00,0.3923
2024-12-02 23:00:00,0.2993
2024-12-03 00:00:00,0.2825
2024-12-03 01:00:00,0.2823
2024-12-03 02:00:00,0.1023
2024-12-03 03:00:00,0.0947
2024-12-03 04:00:00,0.2182
2024-12-03 05:00:00,0.5576
2024-12-03 06:00:00,0.7009000000000001
2024-12-03 07:00:00,1.617
2024-12-03 08:00:00,1.7575
2024-12-03 09:00:00,1.6337000000000002
2024-12-03 10:00:00,1.4211
2024-12-03 11:00:00,1.1937
2024-12-03 12:00:00,1.083
2024-12-03 13:00:00,1.1514
2024-12-03 14:00:00,1.0458
2024-12-03 15:00:00,0.9636
2024-12-03 16:00:00,1.0856000000000001
2024-12-03 17:00:00,2.0575
2024-12-03 18:00:00,1.9566
2024-12-03 19:00:00,1.8372
2024-12-03 20:00:00,1.6112
2024-12-03 21:00:00,1.3758000000000001
2024-12-03 22:00:00,0.9798
2024-12-03 23:00:00,0.5540999999999999
2024-12-04 00:00:00,0.4414
2024-12-04 01:00:00,0.46490000000000004
2024-12-04 02:00:00,0.4965
2024-12-04 03:00:00,0.5558
2024-12-04 04:00:00,0.6673
2024-12-04 05:00:00,0.8099
2024-12-04 06:00:00,1.6307
2024-12-04 07:00:00,2.42
2024-12-04 08:00:00,3.142
2024-12-04 09:00:00,2.858
2024-12-04 10:00:00,2.489
2024-12-04 11:00:00,2.3331999999999997
2024-12-04 12:00:00,2.136
2024-12-04 13:00:00,2.2034000000000002
2024-12-04 14:00:00,2.2767
2024-12-04 15:00:00,2.4618
2024-12-04 16:00:00,2.4819999999999998
2024-12-04 17:00:00,2.3171
2024-12-04 18:00:00,2.0221999999999998
2024-12-04 19:00:00,1.3325
2024-12-04 20:00:00,1.3374000000000001
2024-12-04 21:00:00,1.3278
2024-12-04 22:00:00,0.9357
2024-12-04 23:00:00,0.6211
2024-12-05 00:00:00,0.5820000000000001
2024-12-05 01:00:00,0.4594
2024-12-05 02:00:00,0.35340000000000005
2024-12-05 03:00:00,0.3392
2024-12-05 04:00:00,0.3513
2024-12-05 05:00:00,0.5807
2024-12-05 06:00:00,0.9373999999999999
2024-12-05 07:00:00,1.3237999999999999
2024-12-05 08:00:00,1.5292
2024-12-05 09:00:00,1.1965000000000001
2024-12-05 10:00:00,1.0998
2024-12-05 11:00:00,0.9588
2024-12-05 12:00:00,0.9014
2024-12-05 13:00:00,0.8451000000000001
2024-12-05 14:00:00,0.7498
2024-12-05 15:00:00,0.7387
2024-12-05 16:00:00,0.7231000000000001
2024-12-05 17:00:00,0.7199
2024-12-05 18:00:00,0.6107
2024-12-05 19:00:00,0.43810000000000004
2024-12-05 20:00:00,0.2929
2024-12-05 21:00:00,0.2943
2024-12-05 22:00:00,0.35600000000000004
2024-12-05 23:00:00,0.2606
2024-12-06 00:00:00,0.1201
2024-12-06 01:00:00,0.056799999999999996
2024-12-06 02:00:00,0.0478
2024-12-06 03:00:00,0.0358
2024-12-06 04:00:00,0.0425
2024-12-06 05:00:00,0.1152
2024-12-06 06:00:00,0.2753
2024-12-06 07:00:00,0.3908
2024-12-06 08:00:00,0.5865
2024-12-06 09:00:00,0.5404
2024-12-06 10:00:00,0.5602
2024-12-06 11:00:00,0.5448
2024-12-06 12:00:00,0.5842
2024-12-06 13:00:00,0.5454
2024-12-06 14:00:00,0.6022
2024-12-06 15:00:00,0.7595000000000001
2024-12-06 16:00:00,0.8349
2024-12-06 17:00:00,0.9098
2024-12-06 18:00:00,0.8371999999999999
2024-12-06 19:00:00,0.6103999999999999
2024-12-06 20:00:00,0.5613
2024-12-06 21:00:00,0.5249
2024-12-06 22:00:00,0.49
2024-12-06 23:00:00,0.355
2024-12-07 00:00:00,0.35359999999999997
2024-12-07 01:00:00,0.3343
2024-12-07 02:00:00,0.3171
2024-12-07 03:00:00,0.3054
2024-12-07 04:00:00,0.297
2024-12-07 05:00:00,0.29350000000000004
2024-12-07 06:00:00,0.2898
2024-12-07 07:00:00,0.321
2024-12-07 08:00:00,0.4018
2024-12-07 09:00:00,0.4918
2024-12-07 10:00:00,0.5802
2024-12-07 11:00:00,0.606
2024-12-07 12:00:00,0.6469
2024-12-07 13:00:00,0.6505
2024-12-07 14:00:00,0.6762
2024-12-07 15:00:00,0.6962
2024-12-07 16:00:00,0.7184
2024-12-07 17:00:00,0.7426999999999999
2024-12-07 18:00:00,0.732
2024-12-07 19:00:00,0.7265
2024-12-07 20:00:00,0.6651
2024-12-07 21:00:00,0.5917
2024-12-07 22:00:00,0.5939
2024-12-07 23:00:00,0.4717
2024-12-08 00:00:00,0.4551
2024-12-08 01:00:00,0.4172
2024-12-08 02:00:00,0.4022
2024-12-08 03:00:00,0.397
2024-12-08 04:00:00,0.3876
2024-12-08 05:00:00,0.3947
2024-12-08 06:00:00,0.41950000000000004
2024-12-08 07:00:00,0.4964
2024-12-08 08:00:00,0.5153
2024-12-08 09:00:00,0.6157
2024-12-08 10:00:00,0.6759000000000001
2024-12-08 11:00:00,0.6788
2024-12-08 12:00:00,0.7234999999999999
2024-12-08 13:00:00,0.7587999999999999
2024-12-08 14:00:00,0.8805
2024-12-08 15:00:00,0.9255
2024-12-08 16:00:00,0.9963
2024-12-08 17:00:00,0.9895999999999999
2024-12-08 18:00:00,0.9255
2024-12-08 19:00:00,0.8115000000000001
2024-12-08 20:00:00,0.6944
2024-12-08 21:00:00,0.6456999999999999
2024-12-08 22:00:00,0.5085999999999999
2024-12-08 23:00:00,0.349
2024-12-09 00:00:00,0.22219999999999998
2024-12-09 01:00:00,0.0613
2024-12-09 02:00:00,0.0655
2024-12-09 03:00:00,0.0808
2024-12-09 04:00:00,0.1125
2024-12-09 05:00:00,0.44060000000000005
2024-12-09 06:00:00,0.6073
2024-12-09 07:00:00,0.8724
2024-12-09 08:00:00,0.9677
2024-12-09 09:00:00,0.7844
2024-12-09 10:00:00,0.7884
2024-12-09 11:00:00,0.8042
2024-12-09 12:00:00,0.8219
2024-12-09 13:00:00,0.9328
2024-12-09 14:00:00,1.1009
2024-12-09 15:00:00,1.34
2024-12-09 16:00:00,1.3702
2024-12-09 17:00:00,1.3773
2024-12-09 18:00:00,1.3402
2024-12-09 19:00:00,1.2695
2024-12-09 20:00:00,1.1648
2024-12-09 21:00:00,1.0277
2024-12-09 22:00:00,0.502
2024-12-09 23:00:00,0.44659999999999994
2024-12-10 00:00:00,0.4174
2024-12-10 01:00:00,0.3956
2024-12-10 02:00:00,0.384
2024-12-10 03:00:00,0.3848
2024-12-10 04:00:00,0.3986
2024-12-10 05:00:00,0.47100000000000003
2024-12-10 06:00:00,0.6365
2024-12-10 07:00:00,0.7959999999999999
2024-12-10 08:00:00,0.9979
2024-12-10 09:00:00,1.0709
2024-12-10 10:00:00,1.0823
2024-12-10 11:00:00,1.0927
2024-12-10 12:00:00,1.0462
2024-12-10 13:00:00,1.1028
2024-12-10 14:00:00,1.104
2024-12-10 15:00:00,1.1568
2024-12-10 16:00:00,1.1618000000000002
2024-12-10 17:00:00,2.3239
2024-12-10 18:00:00,2.0983
2024-12-10 19:00:00,1.9421000000000002
2024-12-10 20:00:00,1.5941
2024-12-10 21:00:00,0.6402
2024-12-10 22:00:00,0.4864
2024-12-10 23:00:00,0.4263
2024-12-11 00:00:00,0.4169
2024-12-11 01:00:00,0.3736
2024-12-11 02:00:00,0.35729999999999995
2024-12-11 03:00:00,0.355
2024-12-11 04:00:00,0.3543
2024-12-11 05:00:00,0.3944
2024-12-11 06:00:00,1.072
2024-12-11 07:00:00,2.5808999999999997
2024-12-11 08:00:00,4.2183
2024-12-11 09:00:00,4.3204
2024-12-11 10:00:00,4.0081
2024-12-11 11:00:00,3.7774
2024-12-11 12:00:00,3.6856999999999998
2024-12-11 13:00:00,3.5069999999999997
2024-12-11 14:00:00,4.2608999999999995
2024-12-11 15:00:00,4.3608
2024-12-11 16:00:00,5.0112
2024-12-11 17:00:00,5.0955
2024-12-11 18:00:00,1.6946
2024-12-11 19:00:00,1.5164
2024-12-11 20:00:00,0.9964
2024-12-11 21:00:00,0.8362999999999999
2024-12-11 22:00:00,0.7709999999999999
2024-12-11 23:00:00,0.7059000000000001
2024-12-12 00:00:00,0.6486
2024-12-12 01:00:00,0.5982999999999999
2024-12-12 02:00:00,0.5768
2024-12-12 03:00:00,0.5618
2024-12-12 04:00:00,0.5821999999999999
2024-12-12 05:00:00,0.6
2024-12-12 06:00:00,0.889
2024-12-12 07:00:00,3.0946
2024-12-12 08:00:00,2.7708999999999997
2024-12-12 09:00:00,2.7513
2024-12-12 10:00:00,2.4714
2024-12-12 11:00:00,2.0704
2024-12-12 12:00:00,1.8441
2024-12-12 13:00:00,1.8784
2024-12-12 14:00:00,2.1026
2024-12-12 15:00:00,3.2278
2024-12-12 16:00:00,7.7458
2024-12-12 17:00:00,8.1591
2024-12-12 18:00:00,5.9052999999999995
2024-12-12 19:00:00,4.8395
2024-12-12 20:00:00,2.6399
2024-12-12 21:00:00,0.9547
2024-12-12 22:00:00,0.8785
2024-12-12 23:00:00,0.8197
2024-12-13 00:00:00,0.6793
2024-12-13 01:00:00,0.6118
2024-12-13 02:00:00,0.5558
2024-12-13 03:00:00,0.5236
2024-12-13 04:00:00,0.5443
2024-12-13 05:00:00,0.6748999999999999
2024-12-13 06:00:00,1.2085
2024-12-13 07:00:00,1.6716
2024-12-13 08:00:00,3.0096
2024-12-13 09:00:00,2.5287
2024-12-13 10:00:00,2.0727
2024-12-13 11:00:00,1.8756
2024-12-13 12:00:00,1.6968
2024-12-13 13:00:00,1.6828999999999998
2024-12-13 14:00:00,1.7529
2024-12-13 15:00:00,1.9391999999999998
2024-12-13 16:00:00,1.6471
2024-12-13 17:00:00,1.3831
2024-12-13 18:00:00,1.3294
2024-12-13 19:00:00,0.7444
2024-12-13 20:00:00,0.6983
2024-12-13 21:00:00,0.6097
2024-12-13 22:00:00,0.46
2024-12-13 23:00:00,0.35350000000000004
2024-12-14 00:00:00,0.31379999999999997
2024-12-14 01:00:00,0.30010000000000003
2024-12-14 02:00:00,0.31379999999999997
2024-12-14 03:00:00,0.2866
2024-12-14 04:00:00,0.24170000000000003
2024-12-14 05:00:00,0.2325
2024-12-14 06:00:00,0.2402
2024-12-14 07:00:00,0.2888
2024-12-14 08:00:00,0.292
2024-12-14 09:00:00,0.2957
2024-12-14 10:00:00,0.289
2024-12-14 11:00:00,0.2787
2024-12-14 12:00:00,0.27390000000000003
2024-12-14 13:00:00,0.2681
2024-12-14 14:00:00,0.2619
2024-12-14 15:00:00,0.2591
2024-12-14 16:00:00,0.34049999999999997
2024-12-14 17:00:00,0.3095
2024-12-14 18:00:00,0.1924
2024-12-14 19:00:00,0.076
2024-12-14 20:00:00,0.0643
2024-12-14 21:00:00,0.0603
2024-12-14 22:00:00,0.055099999999999996
2024-12-14 23:00:00,0.0278
2024-12-15 00:00:00,0.0464
2024-12-15 01:00:00,0.0665
2024-12-15 02:00:00,0.0706
2024-12-15 03:00:00,0.09539999999999998
2024-12-15 04:00:00,0.10220000000000001
2024-12-15 05:00:00,0.1568
2024-12-15 06:00:00,0.2742
2024-12-15 07:00:00,0.3267
2024-12-15 08:00:00,0.3814
2024-12-15 09:00:00,0.42469999999999997
2024-12-15 10:00:00,0.5038
2024-12-15 11:00:00,0.5567
2024-12-15 12:00:00,0.5907
2024-12-15 13:00:00,0.5629
2024-12-15 14:00:00,0.5409
2024-12-15 15:00:00,0.5114
2024-12-15 16:00:00,0.39890000000000003
2024-12-15 17:00:00,0.363
2024-12-15 18:00:00,0.2994
2024-12-15 19:00:00,0.0738
2024-12-15 20:00:00,0.066
2024-12-15 21:00:00,0.0654
2024-12-15 22:00:00,0.0588
2024-12-15 23:00:00,0.0264
2024-12-16 00:00:00,0.0009
2024-12-16 01:00:00,0.0007000000000000001
2024-12-16 02:00:00,0.0
2024-12-16 03:00:00,0.0002
2024-12-16 04:00:00,0.0
2024-12-16 05:00:00,0.025099999999999997
2024-12-16 06:00:00,0.08259999999999999
2024-12-16 07:00:00,0.3421
2024-12-16 08:00:00,0.45289999999999997
2024-12-16 09:00:00,0.41840000000000005
2024-12-16 10:00:00,0.38520000000000004
2024-12-16 11:00:00,0.4277
2024-12-16 12:00:00,0.4163
2024-12-16 13:00:00,0.4029
2024-12-16 14:00:00,0.4188
2024-12-16 15:00:00,0.5104
2024-12-16 16:00:00,0.4947
2024-12-16 17:00:00,0.46340000000000003
2024-12-16 18:00:00,0.4683
2024-12-16 19:00:00,0.4146
2024-12-16 20:00:00,0.34450000000000003
2024-12-16 21:00:00,0.2642
2024-12-16 22:00:00,0.0975
2024-12-16 23:00:00,0.048799999999999996
2024-12-17 00:00:00,0.0363
2024-12-17 01:00:00,0.0178
2024-12-17 02:00:00,0.019
2024-12-17 03:00:00,0.0252
2024-12-17 04:00:00,0.0361
2024-12-17 05:00:00,0.111
2024-12-17 06:00:00,0.4797
2024-12-17 07:00:00,0.6299
2024-12-17 08:00:00,0.7506
2024-12-17 09:00:00,0.7998000000000001
2024-12-17 10:00:00,0.7424
2024-12-17 11:00:00,0.715
2024-12-17 12:00:00,0.8887
2024-12-17 13:00:00,0.9153
2024-12-17 14:00:00,1.2512
2024-12-17 15:00:00,1.4003
2024-12-17 16:00:00,1.3436000000000001
2024-12-17 17:00:00,1.5541999999999998
2024-12-17 18:00:00,1.3916
2024-12-17 19:00:00,1.2929
2024-12-17 20:00:00,1.0646
2024-12-17 21:00:00,0.9159999999999999
2024-12-17 22:00:00,0.6867
2024-12-17 23:00:00,0.5876
2024-12-18 00:00:00,0.5728
2024-12-18 01:00:00,0.3834
2024-12-18 02:00:00,0.3182
2024-12-18 03:00:00,0.287
2024-12-18 04:00:00,0.2723
2024-12-18 05:00:00,0.2887
2024-12-18 06:00:00,0.35259999999999997
2024-12-18 07:00:00,0.5629
2024-12-18 08:00:00,0.8064
2024-12-18 09:00:00,0.7109000000000001
2024-12-18 10:00:00,0.6411
2024-12-18 11:00:00,0.5946
2024-12-18 12:00:00,0.4874
2024-12-18 13:00:00,0.4772
2024-12-18 14:00:00,0.4551
2024-12-18 15:00:00,0.4849
2024-12-18 16:00:00,0.3837
2024-12-18 17:00:00,0.3387
2024-12-18 18:00:00,0.3212
2024-12-18 19:00:00,0.2297
2024-12-18 20:00:00,0.11470000000000001
2024-12-18 21:00:00,0.0815
2024-12-18 22:00:00,0.0554
2024-12-18 23:00:00,0.02
2024-12-19 00:00:00,0.0139
2024-12-19 01:00:00,0.0123
2024-12-19 02:00:00,0.031400000000000004
2024-12-19 03:00:00,0.0204
2024-12-19 04:00:00,0.0064
2024-12-19 05:00:00,0.03
2024-12-19 06:00:00,0.09519999999999999
2024-12-19 07:00:00,0.2351
2024-12-19 08:00:00,0.32909999999999995
2024-12-19 09:00:00,0.3586
2024-12-19 10:00:00,0.3592
2024-12-19 11:00:00,0.3713
2024-12-19 12:00:00,0.364
2024-12-19 13:00:00,0.3518
2024-12-19 14:00:00,0.3403
2024-12-19 15:00:00,0.345
2024-12-19 16:00:00,0.36369999999999997
2024-12-19 17:00:00,0.3566
2024-12-19 18:00:00,0.3292
2024-12-19 19:00:00,0.2852
2024-12-19 20:00:00,0.2523
2024-12-19 21:00:00,0.2426
2024-12-19 22:00:00,0.2243
2024-12-19 23:00:00,0.2091
2024-12-20 00:00:00,0.1905
2024-12-20 01:00:00,0.1778
2024-12-20 02:00:00,0.1512
2024-12-20 03:00:00,0.1152
2024-12-20 04:00:00,0.1186
2024-12-20 05:00:00,0.14
2024-12-20 06:00:00,0.3078
2024-12-20 07:00:00,0.34450000000000003
2024-12-20 08:00:00,0.3682
2024-12-20 09:00:00,0.3858
2024-12-20 10:00:00,0.377
2024-12-20 11:00:00,0.387
2024-12-20 12:00:00,0.3917
2024-12-20 13:00:00,0.3923
2024-12-20 14:00:00,0.41090000000000004
2024-12-20 15:00:00,0.447
2024-12-20 16:00:00,0.45020000000000004
2024-12-20 17:00:00,0.4482
2024-12-20 18:00:00,0.4315
2024-12-20 19:00:00,0.4164
2024-12-20 20:00:00,0.39380000000000004
2024-12-20 21:00:00,0.3678
2024-12-20 22:00:00,0.33380000000000004
2024-12-20 23:00:00,0.2286
2024-12-21 00:00:00,0.1313
2024-12-21 01:00:00,0.2529
2024-12-21 02:00:00,0.2391
2024-12-21 03:00:00,0.1766
2024-12-21 04:00:00,0.1671
2024-12-21 05:00:00,0.17989999999999998
2024-12-21 06:00:00,0.17559999999999998
2024-12-21 07:00:00,0.1945
2024-12-21 08:00:00,0.21100000000000002
2024-12-21 09:00:00,0.308
2024-12-21 10:00:00,0.33030000000000004
2024-12-21 11:00:00,0.35479999999999995
2024-12-21 12:00:00,0.34700000000000003
2024-12-21 13:00:00,0.3306
2024-12-21 14:00:00,0.2959
2024-12-21 15:00:00,0.3129
2024-12-21 16:00:00,0.336
2024-12-21 17:00:00,0.3299
2024-12-21 18:00:00,0.3072
2024-12-21 19:00:00,0.20170000000000002
2024-12-21 20:00:00,0.1638
2024-12-21 21:00:00,0.0626
2024-12-21 22:00:00,0.0521
2024-12-21 23:00:00,0.0461
2024-12-22 00:00:00,0.0259
2024-12-22 01:00:00,0.021400000000000002
2024-12-22 02:00:00,0.0108
2024-12-22 03:00:00,0.0154
2024-12-22 04:00:00,0.0196
2024-12-22 05:00:00,0.0282
2024-12-22 06:00:00,0.0391
2024-12-22 07:00:00,0.052300000000000006
2024-12-22 08:00:00,0.079
2024-12-22 09:00:00,0.1891
2024-12-22 10:00:00,0.1924
2024-12-22 11:00:00,0.2336
2024-12-22 12:00:00,0.2328
2024-12-22 13:00:00,0.2327
2024-12-22 14:00:00,0.3164
2024-12-22 15:00:00,0.44049999999999995
2024-12-22 16:00:00,0.5288
2024-12-22 17:00:00,0.6142
2024-12-22 18:00:00,0.6104999999999999
2024-12-22 19:00:00,0.5367999999999999
2024-12-22 20:00:00,0.48310000000000003
2024-12-22 21:00:00,0.4294
2024-12-22 22:00:00,0.4115
2024-12-22 23:00:00,0.27649999999999997
2024-12-23 00:00:00,0.3222
2024-12-23 01:00:00,0.2134
2024-12-23 02:00:00,0.158
2024-12-23 03:00:00,0.1059
2024-12-23 04:00:00,0.1112
2024-12-23 05:00:00,0.1635
2024-12-23 06:00:00,0.2305
2024-12-23 07:00:00,0.5218
2024-12-23 08:00:00,0.6784
2024-12-23 09:00:00,0.6812999999999999
2024-12-23 10:00:00,0.6197
2024-12-23 11:00:00,0.611
2024-12-23 12:00:00,0.6363
2024-12-23 13:00:00,0.6437999999999999
2024-12-23 14:00:00,0.7240000000000001
2024-12-23 15:00:00,0.8674
2024-12-23 16:00:00,0.9715
2024-12-23 17:00:00,1.1576
2024-12-23 18:00:00,1.1976
2024-12-23 19:00:00,1.1462
2024-12-23 20:00:00,1.0571
2024-12-23 21:00:00,1.0342
2024-12-23 22:00:00,0.7444
2024-12-23 23:00:00,0.5518
2024-12-24 00:00:00,0.4757
2024-12-24 01:00:00,0.46149999999999997
2024-12-24 02:00:00,0.4499
2024-12-24 03:00:00,0.37810000000000005
2024-12-24 04:00:00,0.3557
2024-12-24 05:00:00,0.3554
2024-12-24 06:00:00,0.3851
2024-12-24 07:00:00,0.4292
2024-12-24 08:00:00,0.46909999999999996
2024-12-24 09:00:00,0.5045000000000001
2024-12-24 10:00:00,0.5347
2024-12-24 11:00:00,0.5567
2024-12-24 12:00:00,0.4893
2024-12-24 13:00:00,0.452
2024-12-24 14:00:00,0.43670000000000003
2024-12-24 15:00:00,0.41960000000000003
2024-12-24 16:00:00,0.38520000000000004
2024-12-24 17:00:00,0.2636
2024-12-24 18:00:00,0.18489999999999998
2024-12-24 19:00:00,0.1793
2024-12-24 20:00:00,0.2112
2024-12-24 21:00:00,0.0716
2024-12-24 22:00:00,0.0664
2024-12-24 23:00:00,0.053200000000000004
2024-12-25 00:00:00,0.06269999999999999
2024-12-25 01:00:00,0.0392
2024-12-25 02:00:00,0.0349
2024-12-25 03:00:00,0.0369
2024-12-25 04:00:00,0.0318
2024-12-25 05:00:00,0.0262
2024-12-25 06:00:00,0.0574
2024-12-25 07:00:00,0.1268
2024-12-25 08:00:00,0.107
2024-12-25 09:00:00,0.1336
2024-12-25 10:00:00,0.14800000000000002
2024-12-25 11:00:00,0.1515
2024-12-25 12:00:00,0.1512
2024-12-25 13:00:00,0.1476
2024-12-25 14:00:00,0.1412
2024-12-25 15:00:00,0.1519
2024-12-25 16:00:00,0.16579999999999998
2024-12-25 17:00:00,0.1674
2024-12-25 18:00:00,0.1729
2024-12-25 19:00:00,0.1509
2024-12-25 20:00:00,0.15560000000000002
2024-12-25 21:00:00,0.0969
2024-12-25 22:00:00,0.0536
2024-12-25 23:00:00,0.046900000000000004
2024-12-26 00:00:00,0.028900000000000002
2024-12-26 01:00:00,0.0227
2024-12-26 02:00:00,0.0158
2024-12-26 03:00:00,0.0001
2024-12-26 04:00:00,-0.0023
2024-12-26 05:00:00,-0.0026
2024-12-26 06:00:00,-0.002
2024-12-26 07:00:00,-0.0029
2024-12-26 08:00:00,-0.0028000000000000004
2024-12-26 09:00:00,0.008
2024-12-26 10:00:00,0.022000000000000002
2024-12-26 11:00:00,0.025699999999999997
2024-12-26 12:00:00,0.0431
2024-12-26 13:00:00,0.15039999999999998
2024-12-26 14:00:00,0.1766
2024-12-26 15:00:00,0.1884
2024-12-26 16:00:00,0.22899999999999998
2024-12-26 17:00:00,0.20879999999999999
2024-12-26 18:00:00,0.2086
2024-12-26 19:00:00,0.2047
2024-12-26 20:00:00,0.18780000000000002
2024-12-26 21:00:00,0.174
2024-12-26 22:00:00,0.1668
2024-12-26 23:00:00,0.1585
2024-12-27 00:00:00,0.1516
2024-12-27 01:00:00,0.1506
2024-12-27 02:00:00,0.1505
2024-12-27 03:00:00,0.1305
2024-12-27 04:00:00,0.10800000000000001
2024-12-27 05:00:00,0.17329999999999998
2024-12-27 06:00:00,0.1957
2024-12-27 07:00:00,0.21489999999999998
2024-12-27 08:00:00,0.24719999999999998
2024-12-27 09:00:00,0.2547
2024-12-27 10:00:00,0.2615
2024-12-27 11:00:00,0.2591
2024-12-27 12:00:00,0.2597
2024-12-27 13:00:00,0.259
2024-12-27 14:00:00,0.2585
2024-12-27 15:00:00,0.2582
2024-12-27 16:00:00,0.265
2024-12-27 17:00:00,0.26530000000000004
2024-12-27 18:00:00,0.2528
2024-12-27 19:00:00,0.2322
2024-12-27 20:00:00,0.21850000000000003
2024-12-27 21:00:00,0.20440000000000003
2024-12-27 22:00:00,0.2016
2024-12-27 23:00:00,0.19039999999999999
2024-12-28 00:00:00,0.1841
2024-12-28 01:00:00,0.16699999999999998
2024-12-28 02:00:00,0.1516
2024-12-28 03:00:00,0.1454
2024-12-28 04:00:00,0.14800000000000002
2024-12-28 05:00:00,0.1483
2024-12-28 06:00:00,0.1577
2024-12-28 07:00:00,0.1736
2024-12-28 08:00:00,0.1954
2024-12-28 09:00:00,0.20850000000000002
2024-12-28 10:00:00,0.2089
2024-12-28 11:00:00,0.20989999999999998
2024-12-28 12:00:00,0.212
2024-12-28 13:00:00,0.2137
2024-12-28 14:00:00,0.2125
2024-12-28 15:00:00,0.213
2024-12-28 16:00:00,0.21489999999999998
2024-12-28 17:00:00,0.2091
2024-12-28 18:00:00,0.20929999999999999
2024-12-28 19:00:00,0.1809
2024-12-28 20:00:00,0.057999999999999996
2024-12-28 21:00:00,0.0516
2024-12-28 22:00:00,0.0412
2024-12-28 23:00:00,0.0313
2024-12-29 00:00:00,0.0069
2024-12-29 01:00:00,0.0016
2024-12-29 02:00:00,-0.0002
2024-12-29 03:00:00,-0.003
2024-12-29 04:00:00,-0.0031
2024-12-29 05:00:00,-0.003
2024-12-29 06:00:00,-0.0029
2024-12-29 07:00:00,0.0
2024-12-29 08:00:00,-0.0003
2024-12-29 09:00:00,0.0033
2024-12-29 10:00:00,0.0096
2024-12-29 11:00:00,0.0118
2024-12-29 12:00:00,0.011399999999999999
2024-12-29 13:00:00,0.0115
2024-12-29 14:00:00,0.0175
2024-12-29 15:00:00,0.023700000000000002
2024-12-29 16:00:00,0.029900000000000003
2024-12-29 17:00:00,0.0336
2024-12-29 18:00:00,0.0315
2024-12-29 19:00:00,0.030299999999999997
2024-12-29 20:00:00,0.0236
2024-12-29 21:00:00,0.0229
2024-12-29 22:00:00,0.012
2024-12-29 23:00:00,0.0016
2024-12-30 00:00:00,-0.016200000000000003
2024-12-30 01:00:00,-0.018500000000000003
2024-12-30 02:00:00,-0.0202
2024-12-30 03:00:00,-0.019
2024-12-30 04:00:00,-0.0184
2024-12-30 05:00:00,-0.0128
2024-12-30 06:00:00,0.0
2024-12-30 07:00:00,0.0248
2024-12-30 08:00:00,0.20679999999999998
2024-12-30 09:00:00,0.2322
2024-12-30 10:00:00,0.248
2024-12-30 11:00:00,0.2447
2024-12-30 12:00:00,0.2309
2024-12-30 13:00:00,0.2223
2024-12-30 14:00:00,0.23309999999999997
2024-12-30 15:00:00,0.23829999999999998
2024-12-30 16:00:00,0.2635
2024-12-30 17:00:00,0.3124
2024-12-30 18:00:00,0.2346
2024-12-30 19:00:00,0.26539999999999997
2024-12-30 20:00:00,0.1986
2024-12-30 21:00:00,0.196
2024-12-30 22:00:00,0.1838
2024-12-30 23:00:00,0.024399999999999998
2024-12-31 00:00:00,0.0062
2024-12-31 01:00:00,0.006999999999999999
2024-12-31 02:00:00,0.0026
2024-12-31 03:00:00,0.0121
2024-12-31 04:00:00,0.0151
2024-12-31 05:00:00,0.044199999999999996
2024-12-31 06:00:00,0.1837
2024-12-31 07:00:00,0.23600000000000002
2024-12-31 08:00:00,0.2541
2024-12-31 09:00:00,0.2721
2024-12-31 10:00:00,0.2812
2024-12-31 11:00:00,0.26280000000000003
2024-12-31 12:00:00,0.2412
2024-12-31 13:00:00,0.2354
2024-12-31 14:00:00,0.2275
2024-12-31 15:00:00,0.3257
2024-12-31 16:00:00,0.3906
2024-12-31 17:00:00,0.38280000000000003
2024-12-31 18:00:00,0.2864
2024-12-31 19:00:00,0.2645
2024-12-31 20:00:00,0.2473
2024-12-31 21:00:00,0.1722
2024-12-31 22:00:00,0.09119999999999999
2024-12-31 23:00:00,0.0258
