date,Elect_price
2023-01-01 00:00:00.120,0.02325168
2023-01-01 01:00:00.115,0.015963839999999997
2023-01-01 02:00:00.110,0.0010411199999999998
2023-01-01 03:00:00.105,0.00092544
2023-01-01 04:00:00.100,0.0005784000000000001
2023-01-01 05:00:00.095,0.00092544
2023-01-01 06:00:00.090,0.0010411199999999998
2023-01-01 07:00:00.085,0.006131040000000001
2023-01-01 08:00:00.080,0.023483039999999997
2023-01-01 09:00:00.075,0.0358608
2023-01-01 10:00:00.070,0.05124623999999999
2023-01-01 11:00:00.065,0.07010207999999998
2023-01-01 12:00:00.060,0.07010207999999998
2023-01-01 13:00:00.055,0.06570624
2023-01-01 14:00:00.050,0.20486928000000001
2023-01-01 15:00:00.045,0.27890447999999995
2023-01-01 16:00:00.040,0.42269472
2023-01-01 17:00:00.035,0.53247504
2023-01-01 18:00:00.030,0.62733264
2023-01-01 19:00:00.025,0.62039184
2023-01-01 20:00:00.020,0.5558424
2023-01-01 21:00:00.015,0.51685824
2023-01-01 22:00:00.010,0.5316652799999999
2023-01-01 23:00:00.005,0.40488
2023-01-02 00:00:00.000,0.66990288
2023-01-02 01:00:00.000,0.59771856
2023-01-02 02:00:00.000,0.61148448
2023-01-02 03:00:00.000,0.5108428799999999
2023-01-02 04:00:00.000,0.57932544
2023-01-02 05:00:00.000,0.81820464
2023-01-02 06:00:00.000,1.18641408
2023-01-02 07:00:00.000,1.59858192
2023-01-02 08:00:00.000,1.6886966399999999
2023-01-02 09:00:00.000,1.7010744
2023-01-02 10:00:00.000,1.68441648
2023-01-02 11:00:00.000,1.6582728
2023-01-02 12:00:00.000,1.6701878399999999
2023-01-02 13:00:00.000,1.6630156799999996
2023-01-02 14:00:00.000,1.7143775999999997
2023-01-02 15:00:00.000,1.79697312
2023-01-02 16:00:00.000,1.88431152
2023-01-02 17:00:00.000,1.9665599999999999
2023-01-02 18:00:00.000,2.02139232
2023-01-02 19:00:00.000,1.90247328
2023-01-02 20:00:00.000,1.769904
2023-01-02 21:00:00.000,1.6388385599999997
2023-01-02 22:00:00.000,1.5231585600000002
2023-01-02 23:00:00.000,1.3657180800000002
2023-01-03 00:00:00.000,0.91167408
2023-01-03 01:00:00.000,0.85522224
2023-01-03 02:00:00.000,0.85533792
2023-01-03 03:00:00.000,0.82641792
2023-01-03 04:00:00.000,0.83671344
2023-01-03 05:00:00.000,0.89235552
2023-01-03 06:00:00.000,1.18548864
2023-01-03 07:00:00.000,1.79257728
2023-01-03 08:00:00.000,1.8962265600000001
2023-01-03 09:00:00.000,1.9326657600000001
2023-01-03 10:00:00.000,1.95001776
2023-01-03 11:00:00.000,1.96066032
2023-01-03 12:00:00.000,1.902936
2023-01-03 13:00:00.000,1.86140688
2023-01-03 14:00:00.000,1.88627808
2023-01-03 15:00:00.000,1.94030064
2023-01-03 16:00:00.000,1.92734448
2023-01-03 17:00:00.000,1.97488896
2023-01-03 18:00:00.000,1.9541822400000002
2023-01-03 19:00:00.000,1.86233232
2023-01-03 20:00:00.000,1.73080416
2023-01-03 21:00:00.000,1.5159864
2023-01-03 22:00:00.000,1.32187536
2023-01-03 23:00:00.000,1.08345888
2023-01-04 00:00:00.000,0.95875584
2023-01-04 01:00:00.000,0.91202112
2023-01-04 02:00:00.000,0.80895024
2023-01-04 03:00:00.000,0.8011996800000001
2023-01-04 04:00:00.000,0.830004
2023-01-04 05:00:00.000,0.94545264
2023-01-04 06:00:00.000,0.9267124800000001
2023-01-04 07:00:00.000,0.9639614400000001
2023-01-04 08:00:00.000,0.99797136
2023-01-04 09:00:00.000,0.98756016
2023-01-04 10:00:00.000,0.8785896
2023-01-04 11:00:00.000,0.9452212799999999
2023-01-04 12:00:00.000,0.9357355199999999
2023-01-04 13:00:00.000,0.92220096
2023-01-04 14:00:00.000,0.92798496
2023-01-04 15:00:00.000,0.92243232
2023-01-04 16:00:00.000,0.9349257599999999
2023-01-04 17:00:00.000,0.9966988800000001
2023-01-04 18:00:00.000,0.83613504
2023-01-04 19:00:00.000,0.77054448
2023-01-04 20:00:00.000,0.71871984
2023-01-04 21:00:00.000,0.6623836799999999
2023-01-04 22:00:00.000,0.43888992000000004
2023-01-04 23:00:00.000,0.35652575999999997
2023-01-05 00:00:00.000,0.34738704000000004
2023-01-05 01:00:00.000,0.3256392
2023-01-05 02:00:00.000,0.32020224
2023-01-05 03:00:00.000,0.32112767999999997
2023-01-05 04:00:00.000,0.33119184
2023-01-05 05:00:00.000,0.4604064
2023-01-05 06:00:00.000,0.7253136000000001
2023-01-05 07:00:00.000,0.9894110399999999
2023-01-05 08:00:00.000,1.08207072
2023-01-05 09:00:00.000,1.2484185600000002
2023-01-05 10:00:00.000,1.4893800000000001
2023-01-05 11:00:00.000,1.6153555199999998
2023-01-05 12:00:00.000,1.6194043200000001
2023-01-05 13:00:00.000,1.64936544
2023-01-05 14:00:00.000,1.7282591999999999
2023-01-05 15:00:00.000,1.7953535999999999
2023-01-05 16:00:00.000,1.95024912
2023-01-05 17:00:00.000,2.19826704
2023-01-05 18:00:00.000,2.19792
2023-01-05 19:00:00.000,2.00947728
2023-01-05 20:00:00.000,1.8514584
2023-01-05 21:00:00.000,1.71923616
2023-01-05 22:00:00.000,1.6330545599999997
2023-01-05 23:00:00.000,1.469136
2023-01-06 00:00:00.000,1.2402052799999999
2023-01-06 01:00:00.000,1.1695247999999998
2023-01-06 02:00:00.000,1.11897264
2023-01-06 03:00:00.000,0.9525091200000001
2023-01-06 04:00:00.000,0.9477662400000001
2023-01-06 05:00:00.000,0.97205904
2023-01-06 06:00:00.000,1.124988
2023-01-06 07:00:00.000,1.2024936
2023-01-06 08:00:00.000,1.25524368
2023-01-06 09:00:00.000,1.27155456
2023-01-06 10:00:00.000,1.27409952
2023-01-06 11:00:00.000,1.2799992
2023-01-06 12:00:00.000,1.2714388799999998
2023-01-06 13:00:00.000,1.16940912
2023-01-06 14:00:00.000,1.30787808
2023-01-06 15:00:00.000,1.42066608
2023-01-06 16:00:00.000,1.5688521599999998
2023-01-06 17:00:00.000,1.7435289600000001
2023-01-06 18:00:00.000,1.64392848
2023-01-06 19:00:00.000,1.38723456
2023-01-06 20:00:00.000,1.24032096
2023-01-06 21:00:00.000,1.16859936
2023-01-06 22:00:00.000,0.858924
2023-01-06 23:00:00.000,0.8298883199999999
2023-01-07 00:00:00.000,0.82907856
2023-01-07 01:00:00.000,0.80895024
2023-01-07 02:00:00.000,0.8090659199999999
2023-01-07 03:00:00.000,0.8207496
2023-01-07 04:00:00.000,0.85406544
2023-01-07 05:00:00.000,0.8706076800000001
2023-01-07 06:00:00.000,0.9002217599999999
2023-01-07 07:00:00.000,0.87882096
2023-01-07 08:00:00.000,0.9252086399999999
2023-01-07 09:00:00.000,1.1232528
2023-01-07 10:00:00.000,1.1290368000000002
2023-01-07 11:00:00.000,0.9971616
2023-01-07 12:00:00.000,0.99241872
2023-01-07 13:00:00.000,1.06182672
2023-01-07 14:00:00.000,0.93133968
2023-01-07 15:00:00.000,0.91317792
2023-01-07 16:00:00.000,0.9246302399999999
2023-01-07 17:00:00.000,0.91017024
2023-01-07 18:00:00.000,0.90669984
2023-01-07 19:00:00.000,0.8605435199999999
2023-01-07 20:00:00.000,0.7748246400000001
2023-01-07 21:00:00.000,0.6939643200000001
2023-01-07 22:00:00.000,0.5645184
2023-01-07 23:00:00.000,0.4152912
2023-01-08 00:00:00.000,0.28272192
2023-01-08 01:00:00.000,0.10758240000000001
2023-01-08 02:00:00.000,0.1052688
2023-01-08 03:00:00.000,0.04812288
2023-01-08 04:00:00.000,0.06454944
2023-01-08 05:00:00.000,0.11475455999999999
2023-01-08 06:00:00.000,0.10434336000000001
2023-01-08 07:00:00.000,0.19052496
2023-01-08 08:00:00.000,0.31326144
2023-01-08 09:00:00.000,0.33639744
2023-01-08 10:00:00.000,0.40742496
2023-01-08 11:00:00.000,0.5436960000000001
2023-01-08 12:00:00.000,0.5436960000000001
2023-01-08 13:00:00.000,0.56636928
2023-01-08 14:00:00.000,0.6351988799999999
2023-01-08 15:00:00.000,0.7344523199999999
2023-01-08 16:00:00.000,0.76476048
2023-01-08 17:00:00.000,0.80038992
2023-01-08 18:00:00.000,0.8087188799999999
2023-01-08 19:00:00.000,0.75909216
2023-01-08 20:00:00.000,0.7054166399999999
2023-01-08 21:00:00.000,0.66411888
2023-01-08 22:00:00.000,0.5786313599999999
2023-01-08 23:00:00.000,0.53548272
2023-01-09 00:00:00.000,0.79865472
2023-01-09 01:00:00.000,0.7447478399999998
2023-01-09 02:00:00.000,0.69731904
2023-01-09 03:00:00.000,0.45589488
2023-01-09 04:00:00.000,0.5476291200000001
2023-01-09 05:00:00.000,0.79807632
2023-01-09 06:00:00.000,1.20955008
2023-01-09 07:00:00.000,1.48486848
2023-01-09 08:00:00.000,1.7041977599999998
2023-01-09 09:00:00.000,1.86314208
2023-01-09 10:00:00.000,1.7830915199999995
2023-01-09 11:00:00.000,1.79662608
2023-01-09 12:00:00.000,1.57891632
2023-01-09 13:00:00.000,1.5496492800000001
2023-01-09 14:00:00.000,1.60934016
2023-01-09 15:00:00.000,1.6934395199999996
2023-01-09 16:00:00.000,1.8144408
2023-01-09 17:00:00.000,1.9050182400000002
2023-01-09 18:00:00.000,1.88951712
2023-01-09 19:00:00.000,1.8242736
2023-01-09 20:00:00.000,1.6781697599999998
2023-01-09 21:00:00.000,1.55728416
2023-01-09 22:00:00.000,0.96986112
2023-01-09 23:00:00.000,0.9322651200000001
2023-01-10 00:00:00.000,0.8797464
2023-01-10 01:00:00.000,0.9248616
2023-01-10 02:00:00.000,0.91178976
2023-01-10 03:00:00.000,0.9261340800000001
2023-01-10 04:00:00.000,0.96199488
2023-01-10 05:00:00.000,1.0529193600000002
2023-01-10 06:00:00.000,1.5344952
2023-01-10 07:00:00.000,1.73450592
2023-01-10 08:00:00.000,1.8570110400000002
2023-01-10 09:00:00.000,1.80194736
2023-01-10 10:00:00.000,1.73450592
2023-01-10 11:00:00.000,1.64161488
2023-01-10 12:00:00.000,1.6203297600000002
2023-01-10 13:00:00.000,1.61917296
2023-01-10 14:00:00.000,1.6417305599999996
2023-01-10 15:00:00.000,1.6475145599999999
2023-01-10 16:00:00.000,1.61153808
2023-01-10 17:00:00.000,1.65225744
2023-01-10 18:00:00.000,1.58574144
2023-01-10 19:00:00.000,1.4050492799999998
2023-01-10 20:00:00.000,1.22204352
2023-01-10 21:00:00.000,1.00097904
2023-01-10 22:00:00.000,0.9179208
2023-01-10 23:00:00.000,0.6451473600000001
2023-01-11 00:00:00.000,0.48620304
2023-01-11 01:00:00.000,0.32078064
2023-01-11 02:00:00.000,0.29116656
2023-01-11 03:00:00.000,0.26108976
2023-01-11 04:00:00.000,0.29486831999999996
2023-01-11 05:00:00.000,0.3077088
2023-01-11 06:00:00.000,0.56151072
2023-01-11 07:00:00.000,0.82699632
2023-01-11 08:00:00.000,0.8411092799999998
2023-01-11 09:00:00.000,0.8092972799999999
2023-01-11 10:00:00.000,0.79691952
2023-01-11 11:00:00.000,0.80154672
2023-01-11 12:00:00.000,0.7965724799999999
2023-01-11 13:00:00.000,0.7727423999999999
2023-01-11 14:00:00.000,0.8042073599999999
2023-01-11 15:00:00.000,0.8781268799999999
2023-01-11 16:00:00.000,0.8888851200000001
2023-01-11 17:00:00.000,0.85695744
2023-01-11 18:00:00.000,0.86852544
2023-01-11 19:00:00.000,0.7865083199999999
2023-01-11 20:00:00.000,0.7537708799999999
2023-01-11 21:00:00.000,0.6941956799999999
2023-01-11 22:00:00.000,0.5773588799999999
2023-01-11 23:00:00.000,0.50112576
2023-01-12 00:00:00.000,0.22997183999999998
2023-01-12 01:00:00.000,0.06420239999999999
2023-01-12 02:00:00.000,0.054253920000000004
2023-01-12 03:00:00.000,0.0011568000000000001
2023-01-12 04:00:00.000,0.03158064
2023-01-12 05:00:00.000,0.28850592
2023-01-12 06:00:00.000,0.41656368
2023-01-12 07:00:00.000,0.6938486399999999
2023-01-12 08:00:00.000,0.75400224
2023-01-12 09:00:00.000,0.75226704
2023-01-12 10:00:00.000,0.7669583999999999
2023-01-12 11:00:00.000,0.77181696
2023-01-12 12:00:00.000,0.7704287999999999
2023-01-12 13:00:00.000,0.8195927999999999
2023-01-12 14:00:00.000,0.85325568
2023-01-12 15:00:00.000,1.07455152
2023-01-12 16:00:00.000,1.1186256
2023-01-12 17:00:00.000,1.2717859200000001
2023-01-12 18:00:00.000,1.34906016
2023-01-12 19:00:00.000,1.13794416
2023-01-12 20:00:00.000,0.85695744
2023-01-12 21:00:00.000,0.8618159999999999
2023-01-12 22:00:00.000,0.77320512
2023-01-12 23:00:00.000,0.49152432
2023-01-13 00:00:00.000,0.37757952
2023-01-13 01:00:00.000,0.25299216
2023-01-13 02:00:00.000,0.19133472
2023-01-13 03:00:00.000,0.21354528
2023-01-13 04:00:00.000,0.28711776
2023-01-13 05:00:00.000,0.35074176
2023-01-13 06:00:00.000,0.64884912
2023-01-13 07:00:00.000,0.99218736
2023-01-13 08:00:00.000,1.1059008
2023-01-13 09:00:00.000,1.13632464
2023-01-13 10:00:00.000,1.07096544
2023-01-13 11:00:00.000,0.9824702399999999
2023-01-13 12:00:00.000,0.88529904
2023-01-13 13:00:00.000,0.83254896
2023-01-13 14:00:00.000,0.87176448
2023-01-13 15:00:00.000,0.9464937599999999
2023-01-13 16:00:00.000,0.98686608
2023-01-13 17:00:00.000,1.1209392
2023-01-13 18:00:00.000,1.1128415999999999
2023-01-13 19:00:00.000,1.05349776
2023-01-13 20:00:00.000,0.98258592
2023-01-13 21:00:00.000,0.8894635200000001
2023-01-13 22:00:00.000,0.88506768
2023-01-13 23:00:00.000,0.7900944
2023-01-14 00:00:00.000,0.5750452799999999
2023-01-14 01:00:00.000,0.51176832
2023-01-14 02:00:00.000,0.5253028799999999
2023-01-14 03:00:00.000,0.488748
2023-01-14 04:00:00.000,0.4823856
2023-01-14 05:00:00.000,0.48215424
2023-01-14 06:00:00.000,0.5217168
2023-01-14 07:00:00.000,0.6177311999999999
2023-01-14 08:00:00.000,0.62039184
2023-01-14 09:00:00.000,0.65810352
2023-01-14 10:00:00.000,0.77181696
2023-01-14 11:00:00.000,0.7583980800000001
2023-01-14 12:00:00.000,0.75643152
2023-01-14 13:00:00.000,0.7251979199999999
2023-01-14 14:00:00.000,0.7745932799999999
2023-01-14 15:00:00.000,0.8556849599999999
2023-01-14 16:00:00.000,0.8781268799999999
2023-01-14 17:00:00.000,0.8517518399999999
2023-01-14 18:00:00.000,0.80409168
2023-01-14 19:00:00.000,0.72542928
2023-01-14 20:00:00.000,0.5960990399999999
2023-01-14 21:00:00.000,0.50529024
2023-01-14 22:00:00.000,0.4632984
2023-01-14 23:00:00.000,0.40858175999999996
2023-01-15 00:00:00.000,0.31696319999999994
2023-01-15 01:00:00.000,0.31499664
2023-01-15 02:00:00.000,0.28087104
2023-01-15 03:00:00.000,0.150384
2023-01-15 04:00:00.000,0.09231264
2023-01-15 05:00:00.000,0.056104799999999996
2023-01-15 06:00:00.000,0.06998639999999999
2023-01-15 07:00:00.000,0.11672112
2023-01-15 08:00:00.000,0.16229903999999998
2023-01-15 09:00:00.000,0.22060176
2023-01-15 10:00:00.000,0.20625744000000001
2023-01-15 11:00:00.000,0.13534559999999998
2023-01-15 12:00:00.000,0.08016623999999999
2023-01-15 13:00:00.000,0.06987072
2023-01-15 14:00:00.000,0.07044911999999999
2023-01-15 15:00:00.000,0.2209488
2023-01-15 16:00:00.000,0.31731024
2023-01-15 17:00:00.000,0.35745119999999997
2023-01-15 18:00:00.000,0.31939248
2023-01-15 19:00:00.000,0.2996112
2023-01-15 20:00:00.000,0.14425296
2023-01-15 21:00:00.000,0.24049872
2023-01-15 22:00:00.000,0.35907072
2023-01-15 23:00:00.000,0.37457184
2023-01-16 00:00:00.000,0.40892880000000004
2023-01-16 01:00:00.000,0.41795184
2023-01-16 02:00:00.000,0.41795184
2023-01-16 03:00:00.000,0.44617776
2023-01-16 04:00:00.000,0.48365808
2023-01-16 05:00:00.000,0.52738512
2023-01-16 06:00:00.000,0.77285808
2023-01-16 07:00:00.000,1.00213584
2023-01-16 08:00:00.000,1.0334851200000001
2023-01-16 09:00:00.000,1.05222528
2023-01-16 10:00:00.000,1.14210864
2023-01-16 11:00:00.000,1.1496278400000002
2023-01-16 12:00:00.000,1.0411199999999998
2023-01-16 13:00:00.000,1.2713232
2023-01-16 14:00:00.000,1.58319648
2023-01-16 15:00:00.000,1.6330545599999997
2023-01-16 16:00:00.000,1.6905475199999997
2023-01-16 17:00:00.000,1.5027988799999998
2023-01-16 18:00:00.000,1.0285108799999998
2023-01-16 19:00:00.000,0.9259027200000001
2023-01-16 20:00:00.000,0.7624468799999999
2023-01-16 21:00:00.000,0.69049392
2023-01-16 22:00:00.000,0.59274432
2023-01-16 23:00:00.000,0.5381433600000001
2023-01-17 00:00:00.000,0.54519984
2023-01-17 01:00:00.000,0.49672992
2023-01-17 02:00:00.000,0.4875912
2023-01-17 03:00:00.000,0.4719744
2023-01-17 04:00:00.000,0.48146015999999997
2023-01-17 05:00:00.000,0.529236
2023-01-17 06:00:00.000,0.69604656
2023-01-17 07:00:00.000,0.81982416
2023-01-17 08:00:00.000,0.8487441600000001
2023-01-17 09:00:00.000,0.8400681600000001
2023-01-17 10:00:00.000,0.8554536
2023-01-17 11:00:00.000,0.8809032000000001
2023-01-17 12:00:00.000,0.9249772799999999
2023-01-17 13:00:00.000,0.86887248
2023-01-17 14:00:00.000,0.83532528
2023-01-17 15:00:00.000,0.8741937599999999
2023-01-17 16:00:00.000,0.87951504
2023-01-17 17:00:00.000,0.88564608
2023-01-17 18:00:00.000,0.84978528
2023-01-17 19:00:00.000,0.77725392
2023-01-17 20:00:00.000,0.69569952
2023-01-17 21:00:00.000,0.62154864
2023-01-17 22:00:00.000,0.54855456
2023-01-17 23:00:00.000,0.50135712
2023-01-18 00:00:00.000,0.46098480000000003
2023-01-18 01:00:00.000,0.44814432
2023-01-18 02:00:00.000,0.44756592
2023-01-18 03:00:00.000,0.44328576
2023-01-18 04:00:00.000,0.4939536
2023-01-18 05:00:00.000,0.60234576
2023-01-18 06:00:00.000,0.7727423999999999
2023-01-18 07:00:00.000,0.92509296
2023-01-18 08:00:00.000,0.95505408
2023-01-18 09:00:00.000,0.95447568
2023-01-18 10:00:00.000,1.04019456
2023-01-18 11:00:00.000,1.1446536
2023-01-18 12:00:00.000,1.27167024
2023-01-18 13:00:00.000,1.38283872
2023-01-18 14:00:00.000,1.43049888
2023-01-18 15:00:00.000,1.5362304
2023-01-18 16:00:00.000,1.6568846399999997
2023-01-18 17:00:00.000,1.7222438400000002
2023-01-18 18:00:00.000,1.59036864
2023-01-18 19:00:00.000,1.47075552
2023-01-18 20:00:00.000,1.39938096
2023-01-18 21:00:00.000,1.3870032
2023-01-18 22:00:00.000,0.9519307199999999
2023-01-18 23:00:00.000,0.87650736
2023-01-19 00:00:00.000,0.9666220799999999
2023-01-19 01:00:00.000,0.9610694399999999
2023-01-19 02:00:00.000,0.9566736
2023-01-19 03:00:00.000,0.98235456
2023-01-19 04:00:00.000,1.07397312
2023-01-19 05:00:00.000,1.2141772800000001
2023-01-19 06:00:00.000,1.3675689599999998
2023-01-19 07:00:00.000,1.73080416
2023-01-19 08:00:00.000,1.85007024
2023-01-19 09:00:00.000,1.80321984
2023-01-19 10:00:00.000,1.79084208
2023-01-19 11:00:00.000,1.60367184
2023-01-19 12:00:00.000,1.6943649600000001
2023-01-19 13:00:00.000,1.74861888
2023-01-19 14:00:00.000,1.7970887999999998
2023-01-19 15:00:00.000,1.97037744
2023-01-19 16:00:00.000,2.0860574400000003
2023-01-19 17:00:00.000,2.00994
2023-01-19 18:00:00.000,1.81166448
2023-01-19 19:00:00.000,1.7531304
2023-01-19 20:00:00.000,1.6848792000000001
2023-01-19 21:00:00.000,1.66185888
2023-01-19 22:00:00.000,1.376592
2023-01-19 23:00:00.000,1.2286372799999998
2023-01-20 00:00:00.000,1.1323915199999999
2023-01-20 01:00:00.000,1.04031024
2023-01-20 02:00:00.000,0.97738032
2023-01-20 03:00:00.000,0.95655792
2023-01-20 04:00:00.000,0.9732158399999999
2023-01-20 05:00:00.000,1.0405416
2023-01-20 06:00:00.000,1.72802784
2023-01-20 07:00:00.000,1.73450592
2023-01-20 08:00:00.000,1.7571792
2023-01-20 09:00:00.000,1.85076432
2023-01-20 10:00:00.000,2.34899808
2023-01-20 11:00:00.000,2.2330867199999997
2023-01-20 12:00:00.000,1.75185792
2023-01-20 13:00:00.000,1.7319609599999999
2023-01-20 14:00:00.000,1.75417152
2023-01-20 15:00:00.000,1.73126688
2023-01-20 16:00:00.000,1.73161392
2023-01-20 17:00:00.000,1.75960848
2023-01-20 18:00:00.000,1.78656192
2023-01-20 19:00:00.000,1.732308
2023-01-20 20:00:00.000,1.12464096
2023-01-20 21:00:00.000,1.0359143999999998
2023-01-20 22:00:00.000,0.94013136
2023-01-20 23:00:00.000,0.8671372799999999
2023-01-21 00:00:00.000,0.7954156800000001
2023-01-21 01:00:00.000,0.7748246400000001
2023-01-21 02:00:00.000,0.7796832
2023-01-21 03:00:00.000,0.7926393599999999
2023-01-21 04:00:00.000,0.8007369599999999
2023-01-21 05:00:00.000,0.80663664
2023-01-21 06:00:00.000,0.8087188799999999
2023-01-21 07:00:00.000,1.1149238399999999
2023-01-21 08:00:00.000,1.65237312
2023-01-21 09:00:00.000,1.92422112
2023-01-21 10:00:00.000,1.8658027199999998
2023-01-21 11:00:00.000,1.7574105599999998
2023-01-21 12:00:00.000,1.6529515199999998
2023-01-21 13:00:00.000,1.5161020799999998
2023-01-21 14:00:00.000,1.51795296
2023-01-21 15:00:00.000,1.5343795199999994
2023-01-21 16:00:00.000,1.6283116799999997
2023-01-21 17:00:00.000,2.01190656
2023-01-21 18:00:00.000,2.0197728
2023-01-21 19:00:00.000,1.6204454400000001
2023-01-21 20:00:00.000,1.55601168
2023-01-21 21:00:00.000,1.4962051200000002
2023-01-21 22:00:00.000,1.24784016
2023-01-21 23:00:00.000,1.04019456
2023-01-22 00:00:00.000,0.9184992
2023-01-22 01:00:00.000,0.9158385600000001
2023-01-22 02:00:00.000,0.84515808
2023-01-22 03:00:00.000,0.8265336
2023-01-22 04:00:00.000,0.80987568
2023-01-22 05:00:00.000,0.72404112
2023-01-22 06:00:00.000,0.71050656
2023-01-22 07:00:00.000,0.75099456
2023-01-22 08:00:00.000,0.74463216
2023-01-22 09:00:00.000,0.92474592
2023-01-22 10:00:00.000,1.04088864
2023-01-22 11:00:00.000,1.38816
2023-01-22 12:00:00.000,1.25616912
2023-01-22 13:00:00.000,1.3879286400000002
2023-01-22 14:00:00.000,1.61697504
2023-01-22 15:00:00.000,1.7615750399999999
2023-01-22 16:00:00.000,1.91716464
2023-01-22 17:00:00.000,2.15211072
2023-01-22 18:00:00.000,2.26513008
2023-01-22 19:00:00.000,2.21249568
2023-01-22 20:00:00.000,1.3299729599999999
2023-01-22 21:00:00.000,0.6417926399999999
2023-01-22 22:00:00.000,0.61796256
2023-01-22 23:00:00.000,0.58753872
2023-01-23 00:00:00.000,1.15865088
2023-01-23 01:00:00.000,0.56902992
2023-01-23 02:00:00.000,0.5483231999999999
2023-01-23 03:00:00.000,0.5556110400000001
2023-01-23 04:00:00.000,0.5662536
2023-01-23 05:00:00.000,0.67823184
2023-01-23 06:00:00.000,1.61281056
2023-01-23 07:00:00.000,2.5394073600000002
2023-01-23 08:00:00.000,2.89107456
2023-01-23 09:00:00.000,3.0290808
2023-01-23 10:00:00.000,2.80165392
2023-01-23 11:00:00.000,2.5808208
2023-01-23 12:00:00.000,2.4767088
2023-01-23 13:00:00.000,2.45681184
2023-01-23 14:00:00.000,2.45981952
2023-01-23 15:00:00.000,2.45218464
2023-01-23 16:00:00.000,2.51742816
2023-01-23 17:00:00.000,2.79008592
2023-01-23 18:00:00.000,2.7749318400000003
2023-01-23 19:00:00.000,1.3233792
2023-01-23 20:00:00.000,0.81820464
2023-01-23 21:00:00.000,0.5891582399999999
2023-01-23 22:00:00.000,0.53548272
2023-01-23 23:00:00.000,0.48319536
2023-01-24 00:00:00.000,0.31858272
2023-01-24 01:00:00.000,0.31638479999999997
2023-01-24 02:00:00.000,0.31650048
2023-01-24 03:00:00.000,0.31916111999999996
2023-01-24 04:00:00.000,0.32633328
2023-01-24 05:00:00.000,0.35293968000000003
2023-01-24 06:00:00.000,0.60223008
2023-01-24 07:00:00.000,1.55693712
2023-01-24 08:00:00.000,1.42621872
2023-01-24 09:00:00.000,2.25645408
2023-01-24 10:00:00.000,2.67243936
2023-01-24 11:00:00.000,2.5779288
2023-01-24 12:00:00.000,2.44269888
2023-01-24 13:00:00.000,2.3066592
2023-01-24 14:00:00.000,2.41320048
2023-01-24 15:00:00.000,2.43841872
2023-01-24 16:00:00.000,2.51476752
2023-01-24 17:00:00.000,2.799456
2023-01-24 18:00:00.000,1.63131936
2023-01-24 19:00:00.000,0.9555167999999999
2023-01-24 20:00:00.000,0.33107616
2023-01-24 21:00:00.000,0.31511231999999995
2023-01-24 22:00:00.000,0.2897784
2023-01-24 23:00:00.000,0.23945760000000002
2023-01-25 00:00:00.000,0.1567464
2023-01-25 01:00:00.000,0.104112
2023-01-25 02:00:00.000,0.05298144
2023-01-25 03:00:00.000,0.0474288
2023-01-25 04:00:00.000,0.07033344
2023-01-25 05:00:00.000,0.12933024
2023-01-25 06:00:00.000,0.30065232
2023-01-25 07:00:00.000,0.32297856
2023-01-25 08:00:00.000,0.33743856
2023-01-25 09:00:00.000,0.33998352
2023-01-25 10:00:00.000,0.33686016
2023-01-25 11:00:00.000,0.33628176000000004
2023-01-25 12:00:00.000,0.32957232
2023-01-25 13:00:00.000,0.3256392
2023-01-25 14:00:00.000,0.33107616
2023-01-25 15:00:00.000,0.33628176000000004
2023-01-25 16:00:00.000,0.34680864
2023-01-25 17:00:00.000,0.35594736
2023-01-25 18:00:00.000,0.37040735999999996
2023-01-25 19:00:00.000,0.36855648
2023-01-25 20:00:00.000,0.36473904
2023-01-25 21:00:00.000,0.3823224
2023-01-25 22:00:00.000,0.36103728
2023-01-25 23:00:00.000,0.34715568
2023-01-26 00:00:00.000,0.44906976
2023-01-26 01:00:00.000,0.46225728
2023-01-26 02:00:00.000,0.46260431999999996
2023-01-26 03:00:00.000,0.45959663999999995
2023-01-26 04:00:00.000,0.46272
2023-01-26 05:00:00.000,0.48400511999999996
2023-01-26 06:00:00.000,1.09791888
2023-01-26 07:00:00.000,1.46844192
2023-01-26 08:00:00.000,1.50626928
2023-01-26 09:00:00.000,1.49932848
2023-01-26 10:00:00.000,1.51795296
2023-01-26 11:00:00.000,1.51783728
2023-01-26 12:00:00.000,1.52327424
2023-01-26 13:00:00.000,1.46022864
2023-01-26 14:00:00.000,1.4373239999999998
2023-01-26 15:00:00.000,1.5126316799999995
2023-01-26 16:00:00.000,1.5386596799999999
2023-01-26 17:00:00.000,1.55404512
2023-01-26 18:00:00.000,1.5592507199999999
2023-01-26 19:00:00.000,1.50418704
2023-01-26 20:00:00.000,1.27571904
2023-01-26 21:00:00.000,1.23233904
2023-01-26 22:00:00.000,0.79830768
2023-01-26 23:00:00.000,0.70657344
2023-01-27 00:00:00.000,0.9087820799999999
2023-01-27 01:00:00.000,0.9475348800000001
2023-01-27 02:00:00.000,1.05916608
2023-01-27 03:00:00.000,1.09849728
2023-01-27 04:00:00.000,1.26577056
2023-01-27 05:00:00.000,1.42506192
2023-01-27 06:00:00.000,1.70500752
2023-01-27 07:00:00.000,2.0371248
2023-01-27 08:00:00.000,2.2557600000000004
2023-01-27 09:00:00.000,2.30422992
2023-01-27 10:00:00.000,2.20162176
2023-01-27 11:00:00.000,2.12978448
2023-01-27 12:00:00.000,2.05204752
2023-01-27 13:00:00.000,1.7349686399999997
2023-01-27 14:00:00.000,1.5488395199999998
2023-01-27 15:00:00.000,1.54872384
2023-01-27 16:00:00.000,2.10514464
2023-01-27 17:00:00.000,2.21781696
2023-01-27 18:00:00.000,1.50187344
2023-01-27 19:00:00.000,1.45028016
2023-01-27 20:00:00.000,0.98223888
2023-01-27 21:00:00.000,0.57284736
2023-01-27 22:00:00.000,0.36948192
2023-01-27 23:00:00.000,0.33894240000000003
2023-01-28 00:00:00.000,0.31430256
2023-01-28 01:00:00.000,0.33790127999999997
2023-01-28 02:00:00.000,0.32980368
2023-01-28 03:00:00.000,0.31997088
2023-01-28 04:00:00.000,0.31950816
2023-01-28 05:00:00.000,0.30516384
2023-01-28 06:00:00.000,0.30608927999999996
2023-01-28 07:00:00.000,0.3320016
2023-01-28 08:00:00.000,0.34912224
2023-01-28 09:00:00.000,0.36161568
2023-01-28 10:00:00.000,0.41054831999999997
2023-01-28 11:00:00.000,0.44259168
2023-01-28 12:00:00.000,0.43507248
2023-01-28 13:00:00.000,0.41448144000000003
2023-01-28 14:00:00.000,0.40488
2023-01-28 15:00:00.000,0.40383888
2023-01-28 16:00:00.000,0.43877424000000004
2023-01-28 17:00:00.000,0.5905463999999999
2023-01-28 18:00:00.000,0.44120352
2023-01-28 19:00:00.000,0.40094688
2023-01-28 20:00:00.000,0.36578016
2023-01-28 21:00:00.000,0.35641008
2023-01-28 22:00:00.000,0.34842816
2023-01-28 23:00:00.000,0.33963648
2023-01-29 00:00:00.000,0.34426368
2023-01-29 01:00:00.000,0.33917376
2023-01-29 02:00:00.000,0.32818416
2023-01-29 03:00:00.000,0.32656464
2023-01-29 04:00:00.000,0.33107616
2023-01-29 05:00:00.000,0.31222032
2023-01-29 06:00:00.000,0.31534368
2023-01-29 07:00:00.000,0.33755424
2023-01-29 08:00:00.000,0.35745119999999997
2023-01-29 09:00:00.000,0.36219408
2023-01-29 10:00:00.000,0.39747647999999997
2023-01-29 11:00:00.000,0.393312
2023-01-29 12:00:00.000,0.39203952
2023-01-29 13:00:00.000,0.4043016
2023-01-29 14:00:00.000,0.39770784
2023-01-29 15:00:00.000,0.37642272000000004
2023-01-29 16:00:00.000,0.40129392
2023-01-29 17:00:00.000,0.4239672
2023-01-29 18:00:00.000,0.40314479999999997
2023-01-29 19:00:00.000,0.36057456000000004
2023-01-29 20:00:00.000,0.33003504
2023-01-29 21:00:00.000,0.30053663999999997
2023-01-29 22:00:00.000,0.29012544
2023-01-29 23:00:00.000,0.21215712
2023-01-30 00:00:00.000,0.15142512
2023-01-30 01:00:00.000,0.06663167999999998
2023-01-30 02:00:00.000,0.0572616
2023-01-30 03:00:00.000,0.023483039999999997
2023-01-30 04:00:00.000,0.10445904
2023-01-30 05:00:00.000,0.30932832000000005
2023-01-30 06:00:00.000,0.32552352
2023-01-30 07:00:00.000,0.34715568
2023-01-30 08:00:00.000,0.35617872
2023-01-30 09:00:00.000,0.35143584
2023-01-30 10:00:00.000,0.34692432
2023-01-30 11:00:00.000,0.33049776000000003
2023-01-30 12:00:00.000,0.335472
2023-01-30 13:00:00.000,0.3262176
2023-01-30 14:00:00.000,0.32147472
2023-01-30 15:00:00.000,0.32320992
2023-01-30 16:00:00.000,0.32749007999999996
2023-01-30 17:00:00.000,0.34056191999999996
2023-01-30 18:00:00.000,0.34264416
2023-01-30 19:00:00.000,0.31858272
2023-01-30 20:00:00.000,0.31025376
2023-01-30 21:00:00.000,0.30065232
2023-01-30 22:00:00.000,0.24570432
2023-01-30 23:00:00.000,0.11568
2023-01-31 00:00:00.000,0.29336448000000004
2023-01-31 01:00:00.000,0.2915136
2023-01-31 02:00:00.000,0.29590944
2023-01-31 03:00:00.000,0.3042384
2023-01-31 04:00:00.000,0.33824832
2023-01-31 05:00:00.000,0.35120448
2023-01-31 06:00:00.000,0.46318272
2023-01-31 07:00:00.000,1.0029456
2023-01-31 08:00:00.000,1.3304356800000001
2023-01-31 09:00:00.000,1.3018627200000001
2023-01-31 10:00:00.000,1.2591767999999999
2023-01-31 11:00:00.000,1.16940912
2023-01-31 12:00:00.000,1.1301936000000001
2023-01-31 13:00:00.000,1.11665904
2023-01-31 14:00:00.000,1.1108750399999998
2023-01-31 15:00:00.000,1.1122632000000001
2023-01-31 16:00:00.000,1.1160806399999998
2023-01-31 17:00:00.000,1.15656864
2023-01-31 18:00:00.000,1.14627312
2023-01-31 19:00:00.000,1.1024304
2023-01-31 20:00:00.000,1.0416984
2023-01-31 21:00:00.000,0.97310016
2023-01-31 22:00:00.000,0.9483446400000001
2023-01-31 23:00:00.000,0.79622544
2023-02-01 00:00:00.000,0.8754662400000001
2023-02-01 01:00:00.000,0.7814184
2023-02-01 02:00:00.000,0.7599019199999999
2023-02-01 03:00:00.000,0.7729737599999998
2023-02-01 04:00:00.000,0.68262768
2023-02-01 05:00:00.000,0.8463148799999999
2023-02-01 06:00:00.000,1.0870449599999998
2023-02-01 07:00:00.000,1.27294272
2023-02-01 08:00:00.000,1.353456
2023-02-01 09:00:00.000,1.2778012799999998
2023-02-01 10:00:00.000,1.21498704
2023-02-01 11:00:00.000,1.1735735999999999
2023-02-01 12:00:00.000,1.14916512
2023-02-01 13:00:00.000,1.1397950399999999
2023-02-01 14:00:00.000,1.13736576
2023-02-01 15:00:00.000,1.1401420800000002
2023-02-01 16:00:00.000,1.18791792
2023-02-01 17:00:00.000,1.2623001600000001
2023-02-01 18:00:00.000,1.2597552
2023-02-01 19:00:00.000,1.16697984
2023-02-01 20:00:00.000,1.1296152
2023-02-01 21:00:00.000,1.096068
2023-02-01 22:00:00.000,0.99970656
2023-02-01 23:00:00.000,0.9091291199999999
2023-02-02 00:00:00.000,0.8595024
2023-02-02 01:00:00.000,0.78396336
2023-02-02 02:00:00.000,0.8253767999999999
2023-02-02 03:00:00.000,0.8665588799999999
2023-02-02 04:00:00.000,0.95123664
2023-02-02 05:00:00.000,0.98142912
2023-02-02 06:00:00.000,1.3059115200000002
2023-02-02 07:00:00.000,1.60714224
2023-02-02 08:00:00.000,1.96505616
2023-02-02 09:00:00.000,2.0614176000000004
2023-02-02 10:00:00.000,1.96760112
2023-02-02 11:00:00.000,1.93428528
2023-02-02 12:00:00.000,1.81455648
2023-02-02 13:00:00.000,1.76689632
2023-02-02 14:00:00.000,1.8078470400000002
2023-02-02 15:00:00.000,1.84474896
2023-02-02 16:00:00.000,1.93509504
2023-02-02 17:00:00.000,2.06107056
2023-02-02 18:00:00.000,2.11833216
2023-02-02 19:00:00.000,1.9917782400000001
2023-02-02 20:00:00.000,1.59268224
2023-02-02 21:00:00.000,1.5719755199999994
2023-02-02 22:00:00.000,1.4455372799999997
2023-02-02 23:00:00.000,1.20226224
2023-02-03 00:00:00.000,1.2528143999999999
2023-02-03 01:00:00.000,1.15992336
2023-02-03 02:00:00.000,1.0853097600000001
2023-02-03 03:00:00.000,1.01601744
2023-02-03 04:00:00.000,0.97205904
2023-02-03 05:00:00.000,1.02978336
2023-02-03 06:00:00.000,1.15992336
2023-02-03 07:00:00.000,1.24622064
2023-02-03 08:00:00.000,1.2544339199999999
2023-02-03 09:00:00.000,1.2420561600000002
2023-02-03 10:00:00.000,1.1571470400000001
2023-02-03 11:00:00.000,1.1893060800000002
2023-02-03 12:00:00.000,1.1799359999999999
2023-02-03 13:00:00.000,1.1577254399999999
2023-02-03 14:00:00.000,1.16050176
2023-02-03 15:00:00.000,1.1799359999999999
2023-02-03 16:00:00.000,1.2461049599999998
2023-02-03 17:00:00.000,1.3002432
2023-02-03 18:00:00.000,1.3131993599999998
2023-02-03 19:00:00.000,1.25015376
2023-02-03 20:00:00.000,1.17079728
2023-02-03 21:00:00.000,1.1623526400000002
2023-02-03 22:00:00.000,1.1351678399999998
2023-02-03 23:00:00.000,0.95655792
2023-02-04 00:00:00.000,0.8139244800000001
2023-02-04 01:00:00.000,0.83740752
2023-02-04 02:00:00.000,0.84492672
2023-02-04 03:00:00.000,0.8670216000000001
2023-02-04 04:00:00.000,0.99415392
2023-02-04 05:00:00.000,1.3838798399999999
2023-02-04 06:00:00.000,1.40528064
2023-02-04 07:00:00.000,1.4373239999999998
2023-02-04 08:00:00.000,1.57185984
2023-02-04 09:00:00.000,1.91751168
2023-02-04 10:00:00.000,1.85284656
2023-02-04 11:00:00.000,1.76562384
2023-02-04 12:00:00.000,1.6804833600000002
2023-02-04 13:00:00.000,1.4926190400000001
2023-02-04 14:00:00.000,1.48567824
2023-02-04 15:00:00.000,1.56098592
2023-02-04 16:00:00.000,1.79720448
2023-02-04 17:00:00.000,1.96991472
2023-02-04 18:00:00.000,1.73473728
2023-02-04 19:00:00.000,1.4336222399999998
2023-02-04 20:00:00.000,1.36537104
2023-02-04 21:00:00.000,1.3233792
2023-02-04 22:00:00.000,0.77667552
2023-02-04 23:00:00.000,0.5270380800000001
2023-02-05 00:00:00.000,0.5784
2023-02-05 01:00:00.000,0.42200064
2023-02-05 02:00:00.000,0.401988
2023-02-05 03:00:00.000,0.38509872
2023-02-05 04:00:00.000,0.37225824
2023-02-05 05:00:00.000,0.36832512
2023-02-05 06:00:00.000,0.37202688
2023-02-05 07:00:00.000,0.39365904
2023-02-05 08:00:00.000,0.8096443199999999
2023-02-05 09:00:00.000,1.25246736
2023-02-05 10:00:00.000,1.2555907199999998
2023-02-05 11:00:00.000,1.2385857599999999
2023-02-05 12:00:00.000,1.21440864
2023-02-05 13:00:00.000,1.1996016
2023-02-05 14:00:00.000,1.2302568
2023-02-05 15:00:00.000,1.30382928
2023-02-05 16:00:00.000,1.38781296
2023-02-05 17:00:00.000,1.5853944
2023-02-05 18:00:00.000,1.5009480000000002
2023-02-05 19:00:00.000,1.4731848
2023-02-05 20:00:00.000,1.39405968
2023-02-05 21:00:00.000,1.38723456
2023-02-05 22:00:00.000,1.38769728
2023-02-05 23:00:00.000,0.8577672
2023-02-06 00:00:00.000,1.2175319999999998
2023-02-06 01:00:00.000,0.9824702399999999
2023-02-06 02:00:00.000,0.9147974400000001
2023-02-06 03:00:00.000,1.04100432
2023-02-06 04:00:00.000,1.38827568
2023-02-06 05:00:00.000,1.4605756799999998
2023-02-06 06:00:00.000,2.03215056
2023-02-06 07:00:00.000,2.3211192
2023-02-06 08:00:00.000,2.46849552
2023-02-06 09:00:00.000,2.3211192
2023-02-06 10:00:00.000,2.14100544
2023-02-06 11:00:00.000,2.08038912
2023-02-06 12:00:00.000,1.95175296
2023-02-06 13:00:00.000,1.84255104
2023-02-06 14:00:00.000,1.4870664000000002
2023-02-06 15:00:00.000,1.67516208
2023-02-06 16:00:00.000,2.03573664
2023-02-06 17:00:00.000,2.22764976
2023-02-06 18:00:00.000,1.83109872
2023-02-06 19:00:00.000,1.45028016
2023-02-06 20:00:00.000,1.3927872
2023-02-06 21:00:00.000,0.98050368
2023-02-06 22:00:00.000,0.65266656
2023-02-06 23:00:00.000,0.47694864000000003
2023-02-07 00:00:00.000,0.46202592
2023-02-07 01:00:00.000,0.40094688
2023-02-07 02:00:00.000,0.38567712
2023-02-07 03:00:00.000,0.37561296
2023-02-07 04:00:00.000,0.38371056
2023-02-07 05:00:00.000,0.4233888
2023-02-07 06:00:00.000,0.6906096
2023-02-07 07:00:00.000,0.7944902400000001
2023-02-07 08:00:00.000,0.7354934399999999
2023-02-07 09:00:00.000,0.8205182400000001
2023-02-07 10:00:00.000,0.87754848
2023-02-07 11:00:00.000,0.79923312
2023-02-07 12:00:00.000,0.6938486399999999
2023-02-07 13:00:00.000,0.6930388799999999
2023-02-07 14:00:00.000,0.65845056
2023-02-07 15:00:00.000,0.6929232
2023-02-07 16:00:00.000,0.68528832
2023-02-07 17:00:00.000,0.9821232
2023-02-07 18:00:00.000,1.0139352
2023-02-07 19:00:00.000,1.26692736
2023-02-07 20:00:00.000,1.30857216
2023-02-07 21:00:00.000,1.3945223999999998
2023-02-07 22:00:00.000,1.39463808
2023-02-07 23:00:00.000,1.35380304
2023-02-08 00:00:00.000,0.9246302399999999
2023-02-08 01:00:00.000,0.90380784
2023-02-08 02:00:00.000,0.82838448
2023-02-08 03:00:00.000,0.75180432
2023-02-08 04:00:00.000,0.7519199999999999
2023-02-08 05:00:00.000,0.76163712
2023-02-08 06:00:00.000,1.2183417599999997
2023-02-08 07:00:00.000,1.38133488
2023-02-08 08:00:00.000,1.3879286400000002
2023-02-08 09:00:00.000,1.3632887999999999
2023-02-08 10:00:00.000,1.0885487999999999
2023-02-08 11:00:00.000,0.7516886400000001
2023-02-08 12:00:00.000,0.48226992
2023-02-08 13:00:00.000,0.3944688
2023-02-08 14:00:00.000,0.338364
2023-02-08 15:00:00.000,0.33477792
2023-02-08 16:00:00.000,0.33443088
2023-02-08 17:00:00.000,0.33315839999999997
2023-02-08 18:00:00.000,0.32818416
2023-02-08 19:00:00.000,0.33246432
2023-02-08 20:00:00.000,0.29417424
2023-02-08 21:00:00.000,0.24894336
2023-02-08 22:00:00.000,0.22916208
2023-02-08 23:00:00.000,0.16114224
2023-02-09 00:00:00.000,0.13916304
2023-02-09 01:00:00.000,0.11579568
2023-02-09 02:00:00.000,0.08861087999999999
2023-02-09 03:00:00.000,0.08479344
2023-02-09 04:00:00.000,0.13708079999999997
2023-02-09 05:00:00.000,0.190872
2023-02-09 06:00:00.000,0.23725968
2023-02-09 07:00:00.000,0.29024112
2023-02-09 08:00:00.000,0.32876256
2023-02-09 09:00:00.000,0.33674448
2023-02-09 10:00:00.000,0.34067759999999997
2023-02-09 11:00:00.000,0.33292703999999995
2023-02-09 12:00:00.000,0.3227472
2023-02-09 13:00:00.000,0.2990328
2023-02-09 14:00:00.000,0.29197632
2023-02-09 15:00:00.000,0.29602512000000003
2023-02-09 16:00:00.000,0.29509968000000003
2023-02-09 17:00:00.000,0.312336
2023-02-09 18:00:00.000,0.30273456
2023-02-09 19:00:00.000,0.27959856
2023-02-09 20:00:00.000,0.27103824
2023-02-09 21:00:00.000,0.25889184
2023-02-09 22:00:00.000,0.24767088
2023-02-09 23:00:00.000,0.23216976
2023-02-10 00:00:00.000,0.21192576
2023-02-10 01:00:00.000,0.20672016
2023-02-10 02:00:00.000,0.20637312
2023-02-10 03:00:00.000,0.21840384000000002
2023-02-10 04:00:00.000,0.22349376
2023-02-10 05:00:00.000,0.22742688
2023-02-10 06:00:00.000,0.29509968000000003
2023-02-10 07:00:00.000,1.05986016
2023-02-10 08:00:00.000,1.3467465600000001
2023-02-10 09:00:00.000,1.26912528
2023-02-10 10:00:00.000,0.9936912
2023-02-10 11:00:00.000,0.7742462400000001
2023-02-10 12:00:00.000,0.69315456
2023-02-10 13:00:00.000,0.63543024
2023-02-10 14:00:00.000,0.57828432
2023-02-10 15:00:00.000,0.43299023999999997
2023-02-10 16:00:00.000,0.4447896
2023-02-10 17:00:00.000,0.47729568
2023-02-10 18:00:00.000,0.36207839999999997
2023-02-10 19:00:00.000,0.34680864
2023-02-10 20:00:00.000,0.34495776
2023-02-10 21:00:00.000,0.35675712
2023-02-10 22:00:00.000,0.34773407999999995
2023-02-10 23:00:00.000,0.34715568
2023-02-11 00:00:00.000,0.37549728
2023-02-11 01:00:00.000,0.37665408
2023-02-11 02:00:00.000,0.352824
2023-02-11 03:00:00.000,0.3372072
2023-02-11 04:00:00.000,0.32320992
2023-02-11 05:00:00.000,0.31684752
2023-02-11 06:00:00.000,0.3262176
2023-02-11 07:00:00.000,0.3453048
2023-02-11 08:00:00.000,0.37781088
2023-02-11 09:00:00.000,0.40985424
2023-02-11 10:00:00.000,0.42813168
2023-02-11 11:00:00.000,0.4436328
2023-02-11 12:00:00.000,0.5220638400000001
2023-02-11 13:00:00.000,0.6502372799999999
2023-02-11 14:00:00.000,0.59390112
2023-02-11 15:00:00.000,0.6935016
2023-02-11 16:00:00.000,1.0259659200000002
2023-02-11 17:00:00.000,1.1564529599999998
2023-02-11 18:00:00.000,1.2565161599999999
2023-02-11 19:00:00.000,1.22146512
2023-02-11 20:00:00.000,1.1215176
2023-02-11 21:00:00.000,1.1030087999999998
2023-02-11 22:00:00.000,0.8716487999999999
2023-02-11 23:00:00.000,0.6929232
2023-02-12 00:00:00.000,0.71675328
2023-02-12 01:00:00.000,0.59366976
2023-02-12 02:00:00.000,0.38752800000000004
2023-02-12 03:00:00.000,0.28468848
2023-02-12 04:00:00.000,0.26895600000000003
2023-02-12 05:00:00.000,0.26617968000000003
2023-02-12 06:00:00.000,0.26860896
2023-02-12 07:00:00.000,0.27323616
2023-02-12 08:00:00.000,0.27740064000000003
2023-02-12 09:00:00.000,0.28572960000000003
2023-02-12 10:00:00.000,0.2886216
2023-02-12 11:00:00.000,0.28087104
2023-02-12 12:00:00.000,0.27369888
2023-02-12 13:00:00.000,0.25611552
2023-02-12 14:00:00.000,0.24848064
2023-02-12 15:00:00.000,0.25114128
2023-02-12 16:00:00.000,0.2753184
2023-02-12 17:00:00.000,0.29417424
2023-02-12 18:00:00.000,0.2892
2023-02-12 19:00:00.000,0.27485568
2023-02-12 20:00:00.000,0.25310784000000003
2023-02-12 21:00:00.000,0.24477887999999998
2023-02-12 22:00:00.000,0.23216976
2023-02-12 23:00:00.000,0.18693888
2023-02-13 00:00:00.000,0.19769712
2023-02-13 01:00:00.000,0.1700496
2023-02-13 02:00:00.000,0.15813455999999998
2023-02-13 03:00:00.000,0.14668224
2023-02-13 04:00:00.000,0.18682320000000002
2023-02-13 05:00:00.000,0.22696416
2023-02-13 06:00:00.000,0.2556528
2023-02-13 07:00:00.000,0.40488
2023-02-13 08:00:00.000,0.6938486399999999
2023-02-13 09:00:00.000,0.6938486399999999
2023-02-13 10:00:00.000,0.6930388799999999
2023-02-13 11:00:00.000,0.6722164799999999
2023-02-13 12:00:00.000,0.6771907199999999
2023-02-13 13:00:00.000,0.6935016
2023-02-13 14:00:00.000,0.7165219199999999
2023-02-13 15:00:00.000,0.7907884799999999
2023-02-13 16:00:00.000,1.25096352
2023-02-13 17:00:00.000,1.27849536
2023-02-13 18:00:00.000,1.27676016
2023-02-13 19:00:00.000,0.7537708799999999
2023-02-13 20:00:00.000,0.676728
2023-02-13 21:00:00.000,0.35490624000000004
2023-02-13 22:00:00.000,0.35259264
2023-02-13 23:00:00.000,0.38266944
2023-02-14 00:00:00.000,0.44201328
2023-02-14 01:00:00.000,0.64422192
2023-02-14 02:00:00.000,0.98397408
2023-02-14 03:00:00.000,1.2139459199999998
2023-02-14 04:00:00.000,1.23002544
2023-02-14 05:00:00.000,1.25246736
2023-02-14 06:00:00.000,1.3955635199999998
2023-02-14 07:00:00.000,2.24176272
2023-02-14 08:00:00.000,2.32019376
2023-02-14 09:00:00.000,2.01988848
2023-02-14 10:00:00.000,1.40747856
2023-02-14 11:00:00.000,1.40181024
2023-02-14 12:00:00.000,1.45571712
2023-02-14 13:00:00.000,1.37705472
2023-02-14 14:00:00.000,1.4114116799999998
2023-02-14 15:00:00.000,1.3598184000000002
2023-02-14 16:00:00.000,1.6435814400000002
2023-02-14 17:00:00.000,2.04140496
2023-02-14 18:00:00.000,2.23944912
2023-02-14 19:00:00.000,1.50060096
2023-02-14 20:00:00.000,1.2650764799999998
2023-02-14 21:00:00.000,1.2612590399999999
2023-02-14 22:00:00.000,1.2269020800000001
2023-02-14 23:00:00.000,1.20434448
2023-02-15 00:00:00.000,0.83486256
2023-02-15 01:00:00.000,0.80154672
2023-02-15 02:00:00.000,0.7743619199999999
2023-02-15 03:00:00.000,0.78407904
2023-02-15 04:00:00.000,0.83486256
2023-02-15 05:00:00.000,0.80154672
2023-02-15 06:00:00.000,1.2614904
2023-02-15 07:00:00.000,1.30683696
2023-02-15 08:00:00.000,2.11370496
2023-02-15 09:00:00.000,1.7465366399999998
2023-02-15 10:00:00.000,1.4884545599999999
2023-02-15 11:00:00.000,1.32731232
2023-02-15 12:00:00.000,1.3131993599999998
2023-02-15 13:00:00.000,1.3056801599999999
2023-02-15 14:00:00.000,1.3052174399999998
2023-02-15 15:00:00.000,1.304292
2023-02-15 16:00:00.000,1.30579584
2023-02-15 17:00:00.000,1.29769824
2023-02-15 18:00:00.000,1.25998656
2023-02-15 19:00:00.000,1.2141772800000001
2023-02-15 20:00:00.000,0.8530243199999998
2023-02-15 21:00:00.000,0.76545456
2023-02-15 22:00:00.000,0.67487712
2023-02-15 23:00:00.000,0.5736571200000001
2023-02-16 00:00:00.000,0.50887632
2023-02-16 01:00:00.000,0.43079232
2023-02-16 02:00:00.000,0.35328672
2023-02-16 03:00:00.000,0.30782448
2023-02-16 04:00:00.000,0.30296592
2023-02-16 05:00:00.000,0.36311952000000003
2023-02-16 06:00:00.000,0.43865856000000003
2023-02-16 07:00:00.000,0.62397792
2023-02-16 08:00:00.000,0.6087081599999999
2023-02-16 09:00:00.000,0.52021296
2023-02-16 10:00:00.000,0.53467296
2023-02-16 11:00:00.000,0.5380276799999999
2023-02-16 12:00:00.000,0.5487859199999999
2023-02-16 13:00:00.000,0.57816864
2023-02-16 14:00:00.000,0.5681044799999999
2023-02-16 15:00:00.000,0.5316652799999999
2023-02-16 16:00:00.000,0.6355459199999999
2023-02-16 17:00:00.000,0.6939643200000001
2023-02-16 18:00:00.000,0.69685632
2023-02-16 19:00:00.000,0.653592
2023-02-16 20:00:00.000,0.5633616
2023-02-16 21:00:00.000,0.46272
2023-02-16 22:00:00.000,0.42038112
2023-02-16 23:00:00.000,0.3918081599999999
2023-02-17 00:00:00.000,0.40476432
2023-02-17 01:00:00.000,0.36508608
2023-02-17 02:00:00.000,0.37202688
2023-02-17 03:00:00.000,0.37110144
2023-02-17 04:00:00.000,0.40106256
2023-02-17 05:00:00.000,0.43449408
2023-02-17 06:00:00.000,0.7814184
2023-02-17 07:00:00.000,1.0875076799999999
2023-02-17 08:00:00.000,1.0875076799999999
2023-02-17 09:00:00.000,1.0294363199999998
2023-02-17 10:00:00.000,1.01173728
2023-02-17 11:00:00.000,0.6634248
2023-02-17 12:00:00.000,0.5320123200000001
2023-02-17 13:00:00.000,0.48724416000000004
2023-02-17 14:00:00.000,0.4141344
2023-02-17 15:00:00.000,0.3805872
2023-02-17 16:00:00.000,0.38949456
2023-02-17 17:00:00.000,0.43218048
2023-02-17 18:00:00.000,0.4407408
2023-02-17 19:00:00.000,0.42593376
2023-02-17 20:00:00.000,0.40036847999999997
2023-02-17 21:00:00.000,0.38035584
2023-02-17 22:00:00.000,0.34461072000000004
2023-02-17 23:00:00.000,0.25704096
2023-02-18 00:00:00.000,0.31765728000000004
2023-02-18 01:00:00.000,0.28839024
2023-02-18 02:00:00.000,0.26583264
2023-02-18 03:00:00.000,0.2903568
2023-02-18 04:00:00.000,0.28295328000000003
2023-02-18 05:00:00.000,0.28815888
2023-02-18 06:00:00.000,0.30979104
2023-02-18 07:00:00.000,0.32367264
2023-02-18 08:00:00.000,0.3464616
2023-02-18 09:00:00.000,0.37757952
2023-02-18 10:00:00.000,0.36751536
2023-02-18 11:00:00.000,0.34287552
2023-02-18 12:00:00.000,0.32355696
2023-02-18 13:00:00.000,0.31939248
2023-02-18 14:00:00.000,0.31788864
2023-02-18 15:00:00.000,0.32760575999999997
2023-02-18 16:00:00.000,0.3719112
2023-02-18 17:00:00.000,0.72658608
2023-02-18 18:00:00.000,1.2052699199999999
2023-02-18 19:00:00.000,0.6938486399999999
2023-02-18 20:00:00.000,0.53363184
2023-02-18 21:00:00.000,0.34322256
2023-02-18 22:00:00.000,0.33824832
2023-02-18 23:00:00.000,0.33986784
2023-02-19 00:00:00.000,0.46272
2023-02-19 01:00:00.000,0.46283568
2023-02-19 02:00:00.000,0.4846992
2023-02-19 03:00:00.000,0.45149903999999996
2023-02-19 04:00:00.000,0.44721888
2023-02-19 05:00:00.000,0.46272
2023-02-19 06:00:00.000,0.42304176
2023-02-19 07:00:00.000,0.52738512
2023-02-19 08:00:00.000,0.68563536
2023-02-19 09:00:00.000,0.98362704
2023-02-19 10:00:00.000,0.8456208
2023-02-19 11:00:00.000,0.6929232
2023-02-19 12:00:00.000,0.5169739199999999
2023-02-19 13:00:00.000,0.47162736
2023-02-19 14:00:00.000,0.47798976
2023-02-19 15:00:00.000,0.69338592
2023-02-19 16:00:00.000,1.1254507200000001
2023-02-19 17:00:00.000,1.2163751999999999
2023-02-19 18:00:00.000,1.2344212799999998
2023-02-19 19:00:00.000,1.16755824
2023-02-19 20:00:00.000,1.1149238399999999
2023-02-19 21:00:00.000,1.0939857599999998
2023-02-19 22:00:00.000,0.80675232
2023-02-19 23:00:00.000,0.6616896
2023-02-20 00:00:00.000,0.62039184
2023-02-20 01:00:00.000,0.5210227199999999
2023-02-20 02:00:00.000,0.49453199999999997
2023-02-20 03:00:00.000,0.38382624
2023-02-20 04:00:00.000,0.33697584
2023-02-20 05:00:00.000,0.39481584
2023-02-20 06:00:00.000,0.44259168
2023-02-20 07:00:00.000,0.5526033600000001
2023-02-20 08:00:00.000,0.62686992
2023-02-20 09:00:00.000,0.5635929599999999
2023-02-20 10:00:00.000,0.48539328
2023-02-20 11:00:00.000,0.39967439999999993
2023-02-20 12:00:00.000,0.40256639999999994
2023-02-20 13:00:00.000,0.39527856
2023-02-20 14:00:00.000,0.48030336
2023-02-20 15:00:00.000,0.59100912
2023-02-20 16:00:00.000,0.5766648
2023-02-20 17:00:00.000,0.66782064
2023-02-20 18:00:00.000,0.69315456
2023-02-20 19:00:00.000,0.64688256
2023-02-20 20:00:00.000,0.6140294399999999
2023-02-20 21:00:00.000,0.5772432
2023-02-20 22:00:00.000,0.53594544
2023-02-20 23:00:00.000,0.497424
2023-02-21 00:00:00.000,0.52067568
2023-02-21 01:00:00.000,0.49557312000000003
2023-02-21 02:00:00.000,0.49557312000000003
2023-02-21 03:00:00.000,0.5166268799999999
2023-02-21 04:00:00.000,0.54809184
2023-02-21 05:00:00.000,0.6061632
2023-02-21 06:00:00.000,0.7404676800000001
2023-02-21 07:00:00.000,1.12244304
2023-02-21 08:00:00.000,1.1706816
2023-02-21 09:00:00.000,1.18039872
2023-02-21 10:00:00.000,1.1788948799999999
2023-02-21 11:00:00.000,1.17449904
2023-02-21 12:00:00.000,1.18444752
2023-02-21 13:00:00.000,1.19763504
2023-02-21 14:00:00.000,1.25200464
2023-02-21 15:00:00.000,1.32927888
2023-02-21 16:00:00.000,1.6516790399999999
2023-02-21 17:00:00.000,1.9069848
2023-02-21 18:00:00.000,2.0606078400000003
2023-02-21 19:00:00.000,2.03886
2023-02-21 20:00:00.000,1.91936256
2023-02-21 21:00:00.000,1.79292432
2023-02-21 22:00:00.000,1.2756033599999999
2023-02-21 23:00:00.000,1.25061648
2023-02-22 00:00:00.000,1.21244208
2023-02-22 01:00:00.000,1.1942803199999998
2023-02-22 02:00:00.000,1.18838064
2023-02-22 03:00:00.000,1.18537296
2023-02-22 04:00:00.000,1.18826496
2023-02-22 05:00:00.000,1.20781488
2023-02-22 06:00:00.000,1.2543182400000001
2023-02-22 07:00:00.000,2.00276784
2023-02-22 08:00:00.000,2.03990112
2023-02-22 09:00:00.000,1.9035144
2023-02-22 10:00:00.000,1.76446704
2023-02-22 11:00:00.000,1.5847003199999998
2023-02-22 12:00:00.000,1.4627736
2023-02-22 13:00:00.000,1.45849344
2023-02-22 14:00:00.000,1.43535744
2023-02-22 15:00:00.000,1.43697696
2023-02-22 16:00:00.000,1.2996647999999997
2023-02-22 17:00:00.000,1.8630263999999999
2023-02-22 18:00:00.000,1.2990864
2023-02-22 19:00:00.000,1.2607963199999999
2023-02-22 20:00:00.000,1.05315072
2023-02-22 21:00:00.000,0.66099552
2023-02-22 22:00:00.000,0.39527856
2023-02-22 23:00:00.000,0.33246432
2023-02-23 00:00:00.000,0.34923792000000003
2023-02-23 01:00:00.000,0.35536896
2023-02-23 02:00:00.000,0.35490624000000004
2023-02-23 03:00:00.000,0.38070287999999997
2023-02-23 04:00:00.000,0.43715472
2023-02-23 05:00:00.000,0.46410816
2023-02-23 06:00:00.000,0.6082454399999999
2023-02-23 07:00:00.000,1.2051542400000002
2023-02-23 08:00:00.000,1.25535936
2023-02-23 09:00:00.000,1.2961944
2023-02-23 10:00:00.000,1.2702820799999999
2023-02-23 11:00:00.000,1.28069328
2023-02-23 12:00:00.000,1.26831552
2023-02-23 13:00:00.000,1.25293008
2023-02-23 14:00:00.000,1.23580944
2023-02-23 15:00:00.000,1.2389327999999997
2023-02-23 16:00:00.000,1.2723643199999999
2023-02-23 17:00:00.000,1.39521648
2023-02-23 18:00:00.000,1.4055119999999999
2023-02-23 19:00:00.000,1.28393232
2023-02-23 20:00:00.000,1.2053856
2023-02-23 21:00:00.000,1.19867616
2023-02-23 22:00:00.000,1.0411199999999998
2023-02-23 23:00:00.000,0.8480500799999999
2023-02-24 00:00:00.000,0.69338592
2023-02-24 01:00:00.000,0.55607376
2023-02-24 02:00:00.000,0.5204443200000001
2023-02-24 03:00:00.000,0.52021296
2023-02-24 04:00:00.000,0.57793728
2023-02-24 05:00:00.000,0.65914464
2023-02-24 06:00:00.000,1.00202016
2023-02-24 07:00:00.000,1.16767392
2023-02-24 08:00:00.000,1.1913883199999997
2023-02-24 09:00:00.000,1.16096448
2023-02-24 10:00:00.000,1.1418772799999999
2023-02-24 11:00:00.000,1.12290576
2023-02-24 12:00:00.000,1.10902416
2023-02-24 13:00:00.000,1.0679577599999999
2023-02-24 14:00:00.000,1.0589347199999999
2023-02-24 15:00:00.000,1.05558
2023-02-24 16:00:00.000,1.10856144
2023-02-24 17:00:00.000,1.1270702400000001
2023-02-24 18:00:00.000,1.11677472
2023-02-24 19:00:00.000,1.02966768
2023-02-24 20:00:00.000,0.6087081599999999
2023-02-24 21:00:00.000,0.3918081599999999
2023-02-24 22:00:00.000,0.34160304
2023-02-24 23:00:00.000,0.32355696
2023-02-25 00:00:00.000,0.29174496
2023-02-25 01:00:00.000,0.27578112
2023-02-25 02:00:00.000,0.26999712
2023-02-25 03:00:00.000,0.26733648
2023-02-25 04:00:00.000,0.26930304
2023-02-25 05:00:00.000,0.27462432
2023-02-25 06:00:00.000,0.28249056
2023-02-25 07:00:00.000,0.32390399999999997
2023-02-25 08:00:00.000,0.38047152
2023-02-25 09:00:00.000,0.393312
2023-02-25 10:00:00.000,0.38220672
2023-02-25 11:00:00.000,0.38093424
2023-02-25 12:00:00.000,0.35826095999999996
2023-02-25 13:00:00.000,0.35132016
2023-02-25 14:00:00.000,0.34102464
2023-02-25 15:00:00.000,0.33917376
2023-02-25 16:00:00.000,0.35606304
2023-02-25 17:00:00.000,0.41691072
2023-02-25 18:00:00.000,0.7049539199999999
2023-02-25 19:00:00.000,0.41679503999999995
2023-02-25 20:00:00.000,0.36323520000000004
2023-02-25 21:00:00.000,0.34657728
2023-02-25 22:00:00.000,0.34056191999999996
2023-02-25 23:00:00.000,0.3395208
2023-02-26 00:00:00.000,0.37399344
2023-02-26 01:00:00.000,0.38787504
2023-02-26 02:00:00.000,0.40580543999999996
2023-02-26 03:00:00.000,0.41054831999999997
2023-02-26 04:00:00.000,0.4162166399999999
2023-02-26 05:00:00.000,0.46341408
2023-02-26 06:00:00.000,0.57701184
2023-02-26 07:00:00.000,0.71062224
2023-02-26 08:00:00.000,1.15610592
2023-02-26 09:00:00.000,1.07432016
2023-02-26 10:00:00.000,1.1260291199999999
2023-02-26 11:00:00.000,1.0751299200000002
2023-02-26 12:00:00.000,0.97680192
2023-02-26 13:00:00.000,0.63624
2023-02-26 14:00:00.000,0.63149712
2023-02-26 15:00:00.000,0.98374272
2023-02-26 16:00:00.000,1.14430656
2023-02-26 17:00:00.000,1.31921472
2023-02-26 18:00:00.000,1.6087617600000002
2023-02-26 19:00:00.000,1.37555088
2023-02-26 20:00:00.000,1.3163227199999998
2023-02-26 21:00:00.000,1.27271136
2023-02-26 22:00:00.000,1.1136513599999998
2023-02-26 23:00:00.000,0.73988928
2023-02-27 00:00:00.000,0.7626782400000001
2023-02-27 01:00:00.000,0.7671897599999998
2023-02-27 02:00:00.000,0.7520356800000001
2023-02-27 03:00:00.000,0.8409936
2023-02-27 04:00:00.000,1.08415296
2023-02-27 05:00:00.000,1.27086048
2023-02-27 06:00:00.000,1.3040606399999999
2023-02-27 07:00:00.000,1.55277264
2023-02-27 08:00:00.000,2.0822399999999996
2023-02-27 09:00:00.000,1.36814736
2023-02-27 10:00:00.000,1.3326335999999999
2023-02-27 11:00:00.000,1.2955003200000001
2023-02-27 12:00:00.000,1.25825136
2023-02-27 13:00:00.000,1.2071208
2023-02-27 14:00:00.000,0.71351424
2023-02-27 15:00:00.000,0.7391952
2023-02-27 16:00:00.000,0.72808992
2023-02-27 17:00:00.000,0.92451456
2023-02-27 18:00:00.000,1.04100432
2023-02-27 19:00:00.000,0.6936172799999999
2023-02-27 20:00:00.000,0.3117576
2023-02-27 21:00:00.000,0.30412272
2023-02-27 22:00:00.000,0.27624383999999996
2023-02-27 23:00:00.000,0.2672208
2023-02-28 00:00:00.000,0.25611552
2023-02-28 01:00:00.000,0.26027999999999996
2023-02-28 02:00:00.000,0.26687376
2023-02-28 03:00:00.000,0.27150096
2023-02-28 04:00:00.000,0.30574224
2023-02-28 05:00:00.000,0.32934096
2023-02-28 06:00:00.000,0.33778559999999996
2023-02-28 07:00:00.000,1.34200368
2023-02-28 08:00:00.000,1.36028112
2023-02-28 09:00:00.000,0.7877807999999998
2023-02-28 10:00:00.000,0.66782064
2023-02-28 11:00:00.000,0.5807136
2023-02-28 12:00:00.000,0.41575392
2023-02-28 13:00:00.000,0.34403232
2023-02-28 14:00:00.000,0.335472
2023-02-28 15:00:00.000,0.45959663999999995
2023-02-28 16:00:00.000,0.57458256
2023-02-28 17:00:00.000,0.9246302399999999
2023-02-28 18:00:00.000,0.92544
2023-02-28 19:00:00.000,0.68933712
2023-02-28 20:00:00.000,0.33581904
2023-02-28 21:00:00.000,0.33188592
2023-02-28 22:00:00.000,0.31939248
2023-02-28 23:00:00.000,0.29000976
2023-03-01 00:00:00.000,0.31129488
2023-03-01 01:00:00.000,0.29463696
2023-03-01 02:00:00.000,0.29544672000000005
2023-03-01 03:00:00.000,0.30088368000000004
2023-03-01 04:00:00.000,0.32436672
2023-03-01 05:00:00.000,0.41667936
2023-03-01 06:00:00.000,1.2531614400000002
2023-03-01 07:00:00.000,1.73589408
2023-03-01 08:00:00.000,2.0830497599999998
2023-03-01 09:00:00.000,1.654224
2023-03-01 10:00:00.000,1.36363584
2023-03-01 11:00:00.000,1.33078272
2023-03-01 12:00:00.000,1.2979296
2023-03-01 13:00:00.000,1.28185008
2023-03-01 14:00:00.000,1.29341808
2023-03-01 15:00:00.000,1.3202558399999997
2023-03-01 16:00:00.000,1.33332768
2023-03-01 17:00:00.000,1.3557696000000001
2023-03-01 18:00:00.000,1.35438144
2023-03-01 19:00:00.000,0.8224847999999999
2023-03-01 20:00:00.000,0.36369792
2023-03-01 21:00:00.000,0.31360847999999997
2023-03-01 22:00:00.000,0.26305632
2023-03-01 23:00:00.000,0.24605136
2023-03-02 00:00:00.000,0.19503648
2023-03-02 01:00:00.000,0.14911152000000003
2023-03-02 02:00:00.000,0.12100127999999999
2023-03-02 03:00:00.000,0.1463352
2023-03-02 04:00:00.000,0.20232432
2023-03-02 05:00:00.000,0.2550744
2023-03-02 06:00:00.000,0.27578112
2023-03-02 07:00:00.000,0.46179455999999997
2023-03-02 08:00:00.000,0.70553232
2023-03-02 09:00:00.000,0.38162831999999997
2023-03-02 10:00:00.000,0.29243904
2023-03-02 11:00:00.000,0.28006128
2023-03-02 12:00:00.000,0.27508704
2023-03-02 13:00:00.000,0.2724264
2023-03-02 14:00:00.000,0.26826192000000004
2023-03-02 15:00:00.000,0.26189952
2023-03-02 16:00:00.000,0.26328768
2023-03-02 17:00:00.000,0.27150096
2023-03-02 18:00:00.000,0.27288912
2023-03-02 19:00:00.000,0.27335183999999996
2023-03-02 20:00:00.000,0.26340336000000003
2023-03-02 21:00:00.000,0.26976576
2023-03-02 22:00:00.000,0.266064
2023-03-02 23:00:00.000,0.26074272000000004
2023-03-03 00:00:00.000,0.24905904
2023-03-03 01:00:00.000,0.24917472000000002
2023-03-03 02:00:00.000,0.254496
2023-03-03 03:00:00.000,0.26051136
2023-03-03 04:00:00.000,0.27173232
2023-03-03 05:00:00.000,0.30273456
2023-03-03 06:00:00.000,0.73954224
2023-03-03 07:00:00.000,1.3392273600000002
2023-03-03 08:00:00.000,1.35264624
2023-03-03 09:00:00.000,1.3416566399999998
2023-03-03 10:00:00.000,1.32314784
2023-03-03 11:00:00.000,1.26183744
2023-03-03 12:00:00.000,0.659376
2023-03-03 13:00:00.000,0.31314576
2023-03-03 14:00:00.000,0.29290176
2023-03-03 15:00:00.000,0.28422576
2023-03-03 16:00:00.000,0.27728496
2023-03-03 17:00:00.000,0.286308
2023-03-03 18:00:00.000,0.29463696
2023-03-03 19:00:00.000,0.46191023999999997
2023-03-03 20:00:00.000,0.28075536
2023-03-03 21:00:00.000,0.26803056000000003
2023-03-03 22:00:00.000,0.25877616
2023-03-03 23:00:00.000,0.24940608
2023-03-04 00:00:00.000,0.28700208
2023-03-04 01:00:00.000,0.28584528
2023-03-04 02:00:00.000,0.27959856
2023-03-04 03:00:00.000,0.28619232
2023-03-04 04:00:00.000,0.29567808
2023-03-04 05:00:00.000,0.31973952000000005
2023-03-04 06:00:00.000,0.3435696
2023-03-04 07:00:00.000,0.46734719999999996
2023-03-04 08:00:00.000,0.6940799999999999
2023-03-04 09:00:00.000,0.85533792
2023-03-04 10:00:00.000,0.85533792
2023-03-04 11:00:00.000,0.52067568
2023-03-04 12:00:00.000,0.47336256
2023-03-04 13:00:00.000,0.4696608
2023-03-04 14:00:00.000,0.5189404799999999
2023-03-04 15:00:00.000,1.0071100800000001
2023-03-04 16:00:00.000,1.1983291200000001
2023-03-04 17:00:00.000,1.2889065599999998
2023-03-04 18:00:00.000,1.31713248
2023-03-04 19:00:00.000,1.31424048
2023-03-04 20:00:00.000,1.29642576
2023-03-04 21:00:00.000,1.2801148800000002
2023-03-04 22:00:00.000,1.24853424
2023-03-04 23:00:00.000,1.22401008
2023-03-05 00:00:00.000,1.21313616
2023-03-05 01:00:00.000,1.1924294400000002
2023-03-05 02:00:00.000,1.1810927999999998
2023-03-05 03:00:00.000,1.20295632
2023-03-05 04:00:00.000,1.17102864
2023-03-05 05:00:00.000,1.18132416
2023-03-05 06:00:00.000,1.1736892799999998
2023-03-05 07:00:00.000,1.22366304
2023-03-05 08:00:00.000,1.2461049599999998
2023-03-05 09:00:00.000,1.24622064
2023-03-05 10:00:00.000,1.21672224
2023-03-05 11:00:00.000,1.2354623999999998
2023-03-05 12:00:00.000,1.23580944
2023-03-05 13:00:00.000,1.2162595200000001
2023-03-05 14:00:00.000,1.2354623999999998
2023-03-05 15:00:00.000,1.27930512
2023-03-05 16:00:00.000,1.3344844799999998
2023-03-05 17:00:00.000,1.6789795200000002
2023-03-05 18:00:00.000,1.92572496
2023-03-05 19:00:00.000,1.9681795199999998
2023-03-05 20:00:00.000,1.7082465599999999
2023-03-05 21:00:00.000,1.67724432
2023-03-05 22:00:00.000,1.58446896
2023-03-05 23:00:00.000,1.36178496
2023-03-06 00:00:00.000,1.5107807999999998
2023-03-06 01:00:00.000,1.37103936
2023-03-06 02:00:00.000,1.35125808
2023-03-06 03:00:00.000,1.3603968
2023-03-06 04:00:00.000,1.4160388799999999
2023-03-06 05:00:00.000,1.5899059199999999
2023-03-06 06:00:00.000,1.8485664
2023-03-06 07:00:00.000,2.1400799999999998
2023-03-06 08:00:00.000,2.51129712
2023-03-06 09:00:00.000,2.1978043200000004
2023-03-06 10:00:00.000,1.9695676800000002
2023-03-06 11:00:00.000,1.86059712
2023-03-06 12:00:00.000,1.7342745599999998
2023-03-06 13:00:00.000,1.6767815999999998
2023-03-06 14:00:00.000,1.6692624
2023-03-06 15:00:00.000,1.68638304
2023-03-06 16:00:00.000,1.7583360000000001
2023-03-06 17:00:00.000,1.87436304
2023-03-06 18:00:00.000,2.13857616
2023-03-06 19:00:00.000,2.04533808
2023-03-06 20:00:00.000,1.73508432
2023-03-06 21:00:00.000,1.5454847999999999
2023-03-06 22:00:00.000,1.3956792
2023-03-06 23:00:00.000,1.2560534399999999
2023-03-07 00:00:00.000,1.1677896
2023-03-07 01:00:00.000,1.12313712
2023-03-07 02:00:00.000,1.0747828799999999
2023-03-07 03:00:00.000,0.97090224
2023-03-07 04:00:00.000,0.9306456
2023-03-07 05:00:00.000,1.01428224
2023-03-07 06:00:00.000,1.1418772799999999
2023-03-07 07:00:00.000,1.1862983999999999
2023-03-07 08:00:00.000,1.22146512
2023-03-07 09:00:00.000,1.1388696
2023-03-07 10:00:00.000,1.1255663999999999
2023-03-07 11:00:00.000,1.1209392
2023-03-07 12:00:00.000,1.04007888
2023-03-07 13:00:00.000,1.11249456
2023-03-07 14:00:00.000,1.0997697599999998
2023-03-07 15:00:00.000,1.1290368000000002
2023-03-07 16:00:00.000,1.2331488
2023-03-07 17:00:00.000,1.4274912
2023-03-07 18:00:00.000,1.7293003200000001
2023-03-07 19:00:00.000,1.4949326399999998
2023-03-07 20:00:00.000,1.3112328
2023-03-07 21:00:00.000,1.30012752
2023-03-07 22:00:00.000,0.78708672
2023-03-07 23:00:00.000,0.66423456
2023-03-08 00:00:00.000,0.85152048
2023-03-08 01:00:00.000,0.8214436800000001
2023-03-08 02:00:00.000,0.8105697599999998
2023-03-08 03:00:00.000,0.96384576
2023-03-08 04:00:00.000,1.2467990400000002
2023-03-08 05:00:00.000,1.3253457599999998
2023-03-08 06:00:00.000,1.5882864
2023-03-08 07:00:00.000,1.83387504
2023-03-08 08:00:00.000,2.0024208
2023-03-08 09:00:00.000,1.8855840000000001
2023-03-08 10:00:00.000,1.7697883200000002
2023-03-08 11:00:00.000,1.6677585599999998
2023-03-08 12:00:00.000,1.58678256
2023-03-08 13:00:00.000,1.5628368
2023-03-08 14:00:00.000,1.5896745599999997
2023-03-08 15:00:00.000,1.6320134400000001
2023-03-08 16:00:00.000,1.6712289599999999
2023-03-08 17:00:00.000,1.77001968
2023-03-08 18:00:00.000,1.9305835199999999
2023-03-08 19:00:00.000,1.96679136
2023-03-08 20:00:00.000,1.77881136
2023-03-08 21:00:00.000,1.5575155199999997
2023-03-08 22:00:00.000,1.49018976
2023-03-08 23:00:00.000,1.33390608
2023-03-09 00:00:00.000,1.3148188799999998
2023-03-09 01:00:00.000,1.28855952
2023-03-09 02:00:00.000,1.28427936
2023-03-09 03:00:00.000,1.26530784
2023-03-09 04:00:00.000,1.28659296
2023-03-09 05:00:00.000,1.30741536
2023-03-09 06:00:00.000,1.59568992
2023-03-09 07:00:00.000,1.82878512
2023-03-09 08:00:00.000,1.89877152
2023-03-09 09:00:00.000,1.7888755199999997
2023-03-09 10:00:00.000,1.6468204800000001
2023-03-09 11:00:00.000,1.5247780800000001
2023-03-09 12:00:00.000,1.411296
2023-03-09 13:00:00.000,1.3470936
2023-03-09 14:00:00.000,1.34408592
2023-03-09 15:00:00.000,1.35021696
2023-03-09 16:00:00.000,1.36918848
2023-03-09 17:00:00.000,1.5715128
2023-03-09 18:00:00.000,1.70304096
2023-03-09 19:00:00.000,1.67782272
2023-03-09 20:00:00.000,1.5628368
2023-03-09 21:00:00.000,1.4470411200000002
2023-03-09 22:00:00.000,1.36282608
2023-03-09 23:00:00.000,1.2602179199999999
2023-03-10 00:00:00.000,1.19023152
2023-03-10 01:00:00.000,1.16466624
2023-03-10 02:00:00.000,1.14592608
2023-03-10 03:00:00.000,1.14338112
2023-03-10 04:00:00.000,1.14627312
2023-03-10 05:00:00.000,1.2146400000000002
2023-03-10 06:00:00.000,1.38596208
2023-03-10 07:00:00.000,1.58377488
2023-03-10 08:00:00.000,1.63004688
2023-03-10 09:00:00.000,1.5803044800000001
2023-03-10 10:00:00.000,1.5257035199999998
2023-03-10 11:00:00.000,1.4471568
2023-03-10 12:00:00.000,1.3467465600000001
2023-03-10 13:00:00.000,1.30533312
2023-03-10 14:00:00.000,1.32927888
2023-03-10 15:00:00.000,1.30278816
2023-03-10 16:00:00.000,1.2736368
2023-03-10 17:00:00.000,1.4962051200000002
2023-03-10 18:00:00.000,1.5672326399999994
2023-03-10 19:00:00.000,1.54918656
2023-03-10 20:00:00.000,1.33506288
2023-03-10 21:00:00.000,1.2604492799999998
2023-03-10 22:00:00.000,1.1566843199999999
2023-03-10 23:00:00.000,0.98894832
2023-03-11 00:00:00.000,0.81230496
2023-03-11 01:00:00.000,0.82260048
2023-03-11 02:00:00.000,0.8453894399999999
2023-03-11 03:00:00.000,0.9305299199999999
2023-03-11 04:00:00.000,0.99207168
2023-03-11 05:00:00.000,1.11261024
2023-03-11 06:00:00.000,1.2058483199999999
2023-03-11 07:00:00.000,1.27352112
2023-03-11 08:00:00.000,1.2871713599999999
2023-03-11 09:00:00.000,1.2304881600000002
2023-03-11 10:00:00.000,1.08519408
2023-03-11 11:00:00.000,0.9479976
2023-03-11 12:00:00.000,0.90993888
2023-03-11 13:00:00.000,0.6940799999999999
2023-03-11 14:00:00.000,0.70518528
2023-03-11 15:00:00.000,0.9329592
2023-03-11 16:00:00.000,1.13389536
2023-03-11 17:00:00.000,1.2314136
2023-03-11 18:00:00.000,1.32488304
2023-03-11 19:00:00.000,1.27745424
2023-03-11 20:00:00.000,1.22655504
2023-03-11 21:00:00.000,1.19636256
2023-03-11 22:00:00.000,1.17056592
2023-03-11 23:00:00.000,1.0399631999999999
2023-03-12 00:00:00.000,0.74995344
2023-03-12 01:00:00.000,0.69338592
2023-03-12 02:00:00.000,0.6681676799999999
2023-03-12 03:00:00.000,0.65278224
2023-03-12 04:00:00.000,0.66007008
2023-03-12 05:00:00.000,0.659376
2023-03-12 06:00:00.000,0.68343744
2023-03-12 07:00:00.000,0.7527297599999999
2023-03-12 08:00:00.000,0.9457996799999999
2023-03-12 09:00:00.000,0.90843504
2023-03-12 10:00:00.000,0.76557024
2023-03-12 11:00:00.000,0.76476048
2023-03-12 12:00:00.000,0.76487616
2023-03-12 13:00:00.000,0.77864208
2023-03-12 14:00:00.000,0.80976
2023-03-12 15:00:00.000,0.8664432000000001
2023-03-12 16:00:00.000,0.9838583999999999
2023-03-12 17:00:00.000,1.1673268799999998
2023-03-12 18:00:00.000,1.26623328
2023-03-12 19:00:00.000,1.28647728
2023-03-12 20:00:00.000,1.2244728
2023-03-12 21:00:00.000,1.17345792
2023-03-12 22:00:00.000,1.07108112
2023-03-12 23:00:00.000,0.7521513599999999
2023-03-13 00:00:00.000,0.57654912
2023-03-13 01:00:00.000,0.4528872
2023-03-13 02:00:00.000,0.39990576
2023-03-13 03:00:00.000,0.35236128
2023-03-13 04:00:00.000,0.3898416
2023-03-13 05:00:00.000,0.39539424
2023-03-13 06:00:00.000,0.44525232
2023-03-13 07:00:00.000,0.89894928
2023-03-13 08:00:00.000,0.92324208
2023-03-13 09:00:00.000,0.49117728
2023-03-13 10:00:00.000,0.36161568
2023-03-13 11:00:00.000,0.35698848
2023-03-13 12:00:00.000,0.38498304
2023-03-13 13:00:00.000,0.3909984
2023-03-13 14:00:00.000,0.37700112
2023-03-13 15:00:00.000,0.36531744
2023-03-13 16:00:00.000,0.36624288
2023-03-13 17:00:00.000,0.54809184
2023-03-13 18:00:00.000,0.60708864
2023-03-13 19:00:00.000,0.5653281599999999
2023-03-13 20:00:00.000,0.50714112
2023-03-13 21:00:00.000,0.48793824
2023-03-13 22:00:00.000,0.40025279999999996
2023-03-13 23:00:00.000,0.26976576
2023-03-14 00:00:00.000,0.11070576
2023-03-14 01:00:00.000,0.052865760000000005
2023-03-14 02:00:00.000,0.0485856
2023-03-14 03:00:00.000,0.028688639999999998
2023-03-14 04:00:00.000,0.05298144
2023-03-14 05:00:00.000,0.31210464000000004
2023-03-14 06:00:00.000,0.49279680000000003
2023-03-14 07:00:00.000,0.8036289600000001
2023-03-14 08:00:00.000,1.0708497599999998
2023-03-14 09:00:00.000,0.94117248
2023-03-14 10:00:00.000,0.85348704
2023-03-14 11:00:00.000,0.7049539199999999
2023-03-14 12:00:00.000,0.6161116799999999
2023-03-14 13:00:00.000,0.6894528
2023-03-14 14:00:00.000,0.7571256
2023-03-14 15:00:00.000,0.69199776
2023-03-14 16:00:00.000,0.91190544
2023-03-14 17:00:00.000,1.15575888
2023-03-14 18:00:00.000,1.20376608
2023-03-14 19:00:00.000,1.2035347200000002
2023-03-14 20:00:00.000,1.148124
2023-03-14 21:00:00.000,0.7379227199999999
2023-03-14 22:00:00.000,0.62860512
2023-03-14 23:00:00.000,0.58510944
2023-03-15 00:00:00.000,0.69211344
2023-03-15 01:00:00.000,0.6587976
2023-03-15 02:00:00.000,0.65868192
2023-03-15 03:00:00.000,0.65902896
2023-03-15 04:00:00.000,0.6358929600000001
2023-03-15 05:00:00.000,0.66203664
2023-03-15 06:00:00.000,1.30556448
2023-03-15 07:00:00.000,1.5770654400000002
2023-03-15 08:00:00.000,1.7199302399999998
2023-03-15 09:00:00.000,1.29133584
2023-03-15 10:00:00.000,1.19462736
2023-03-15 11:00:00.000,0.6947740800000001
2023-03-15 12:00:00.000,0.61460784
2023-03-15 13:00:00.000,0.5873073600000001
2023-03-15 14:00:00.000,0.69431136
2023-03-15 15:00:00.000,1.0602072
2023-03-15 16:00:00.000,1.1689464
2023-03-15 17:00:00.000,1.25015376
2023-03-15 18:00:00.000,1.28670864
2023-03-15 19:00:00.000,1.2670430400000001
2023-03-15 20:00:00.000,1.21764768
2023-03-15 21:00:00.000,1.21533408
2023-03-15 22:00:00.000,0.94475856
2023-03-15 23:00:00.000,0.84342288
2023-03-16 00:00:00.000,0.38151263999999996
2023-03-16 01:00:00.000,0.40441728
2023-03-16 02:00:00.000,0.42026544
2023-03-16 03:00:00.000,0.44317007999999997
2023-03-16 04:00:00.000,0.50876064
2023-03-16 05:00:00.000,1.04019456
2023-03-16 06:00:00.000,1.25362416
2023-03-16 07:00:00.000,1.57683408
2023-03-16 08:00:00.000,1.54722
2023-03-16 09:00:00.000,1.30128432
2023-03-16 10:00:00.000,1.16755824
2023-03-16 11:00:00.000,1.05858768
2023-03-16 12:00:00.000,0.9879072
2023-03-16 13:00:00.000,0.9079723199999999
2023-03-16 14:00:00.000,0.93099264
2023-03-16 15:00:00.000,0.98200752
2023-03-16 16:00:00.000,1.07917872
2023-03-16 17:00:00.000,1.15136304
2023-03-16 18:00:00.000,1.16825232
2023-03-16 19:00:00.000,1.15124736
2023-03-16 20:00:00.000,1.110528
2023-03-16 21:00:00.000,1.023768
2023-03-16 22:00:00.000,0.55144656
2023-03-16 23:00:00.000,0.49557312000000003
2023-03-17 00:00:00.000,0.39227087999999993
2023-03-17 01:00:00.000,0.37734816
2023-03-17 02:00:00.000,0.36520176
2023-03-17 03:00:00.000,0.34692432
2023-03-17 04:00:00.000,0.34183440000000004
2023-03-17 05:00:00.000,0.3429912
2023-03-17 06:00:00.000,0.36335088000000004
2023-03-17 07:00:00.000,0.38509872
2023-03-17 08:00:00.000,0.38822208
2023-03-17 09:00:00.000,0.37954608
2023-03-17 10:00:00.000,0.38012448
2023-03-17 11:00:00.000,0.37665408
2023-03-17 12:00:00.000,0.37607567999999997
2023-03-17 13:00:00.000,0.37364640000000005
2023-03-17 14:00:00.000,0.37410912
2023-03-17 15:00:00.000,0.34865952
2023-03-17 16:00:00.000,0.34449504000000003
2023-03-17 17:00:00.000,0.33975216
2023-03-17 18:00:00.000,0.33454656
2023-03-17 19:00:00.000,0.3071304
2023-03-17 20:00:00.000,0.27982992
2023-03-17 21:00:00.000,0.2701128
2023-03-17 22:00:00.000,0.2585448
2023-03-17 23:00:00.000,0.21250416000000003
2023-03-18 00:00:00.000,0.04696607999999999
2023-03-18 01:00:00.000,0.04719744
2023-03-18 02:00:00.000,0.04696607999999999
2023-03-18 03:00:00.000,0.11498591999999999
2023-03-18 04:00:00.000,0.19931664000000002
2023-03-18 05:00:00.000,0.24327504
2023-03-18 06:00:00.000,0.24917472000000002
2023-03-18 07:00:00.000,0.26571695999999995
2023-03-18 08:00:00.000,0.33223295999999997
2023-03-18 09:00:00.000,0.34542048
2023-03-18 10:00:00.000,0.3781579199999999
2023-03-18 11:00:00.000,0.37919904000000004
2023-03-18 12:00:00.000,0.37491888
2023-03-18 13:00:00.000,0.36878784000000003
2023-03-18 14:00:00.000,0.35166719999999996
2023-03-18 15:00:00.000,0.36207839999999997
2023-03-18 16:00:00.000,0.38602416
2023-03-18 17:00:00.000,0.6351988799999999
2023-03-18 18:00:00.000,1.1197823999999998
2023-03-18 19:00:00.000,0.6360086399999999
2023-03-18 20:00:00.000,0.40140960000000003
2023-03-18 21:00:00.000,0.40407024
2023-03-18 22:00:00.000,0.39030432000000004
2023-03-18 23:00:00.000,0.38509872
2023-03-19 00:00:00.000,0.4170264
2023-03-19 01:00:00.000,0.42697487999999995
2023-03-19 02:00:00.000,0.44906976
2023-03-19 03:00:00.000,0.46086912
2023-03-19 04:00:00.000,0.48597168
2023-03-19 05:00:00.000,0.5062156800000001
2023-03-19 06:00:00.000,0.5261126399999999
2023-03-19 07:00:00.000,0.56902992
2023-03-19 08:00:00.000,0.6940799999999999
2023-03-19 09:00:00.000,0.88182864
2023-03-19 10:00:00.000,0.8377545599999999
2023-03-19 11:00:00.000,0.7756344
2023-03-19 12:00:00.000,0.6358929600000001
2023-03-19 13:00:00.000,0.52009728
2023-03-19 14:00:00.000,0.57770592
2023-03-19 15:00:00.000,0.6360086399999999
2023-03-19 16:00:00.000,0.9141033599999999
2023-03-19 17:00:00.000,1.14280272
2023-03-19 18:00:00.000,1.15610592
2023-03-19 19:00:00.000,0.6184252800000001
2023-03-19 20:00:00.000,0.38729664
2023-03-19 21:00:00.000,0.36520176
2023-03-19 22:00:00.000,0.32749007999999996
2023-03-19 23:00:00.000,0.28839024
2023-03-20 00:00:00.000,0.29995824
2023-03-20 01:00:00.000,0.29833872
2023-03-20 02:00:00.000,0.30458543999999993
2023-03-20 03:00:00.000,0.33246432
2023-03-20 04:00:00.000,0.38787504
2023-03-20 05:00:00.000,0.451152
2023-03-20 06:00:00.000,0.47440368
2023-03-20 07:00:00.000,1.1940489600000002
2023-03-20 08:00:00.000,1.2071208
2023-03-20 09:00:00.000,1.1983291200000001
2023-03-20 10:00:00.000,1.194396
2023-03-20 11:00:00.000,1.17253248
2023-03-20 12:00:00.000,1.11966672
2023-03-20 13:00:00.000,1.1016206400000002
2023-03-20 14:00:00.000,1.10092656
2023-03-20 15:00:00.000,1.1192039999999999
2023-03-20 16:00:00.000,1.15055328
2023-03-20 17:00:00.000,1.21209504
2023-03-20 18:00:00.000,1.25871408
2023-03-20 19:00:00.000,1.3916304
2023-03-20 20:00:00.000,1.24911264
2023-03-20 21:00:00.000,1.23800736
2023-03-20 22:00:00.000,1.1964782399999998
2023-03-20 23:00:00.000,0.91421904
2023-03-21 00:00:00.000,0.7524983999999999
2023-03-21 01:00:00.000,0.6353145600000001
2023-03-21 02:00:00.000,0.4430543999999999
2023-03-21 03:00:00.000,0.41205216
2023-03-21 04:00:00.000,0.42616512
2023-03-21 05:00:00.000,0.67973568
2023-03-21 06:00:00.000,1.1652446399999998
2023-03-21 07:00:00.000,1.18618272
2023-03-21 08:00:00.000,1.18710816
2023-03-21 09:00:00.000,1.17160704
2023-03-21 10:00:00.000,1.153908
2023-03-21 11:00:00.000,1.13956368
2023-03-21 12:00:00.000,1.1255663999999999
2023-03-21 13:00:00.000,0.6721008
2023-03-21 14:00:00.000,0.67163808
2023-03-21 15:00:00.000,1.07096544
2023-03-21 16:00:00.000,1.10948688
2023-03-21 17:00:00.000,1.16038608
2023-03-21 18:00:00.000,1.16061744
2023-03-21 19:00:00.000,1.12637616
2023-03-21 20:00:00.000,0.69315456
2023-03-21 21:00:00.000,0.52356768
2023-03-21 22:00:00.000,0.5085292800000001
2023-03-21 23:00:00.000,0.49672992
2023-03-22 00:00:00.000,0.4095072
2023-03-22 01:00:00.000,0.40927584
2023-03-22 02:00:00.000,0.40696224000000003
2023-03-22 03:00:00.000,0.40754064
2023-03-22 04:00:00.000,0.41448144000000003
2023-03-22 05:00:00.000,0.50297664
2023-03-22 06:00:00.000,0.58846416
2023-03-22 07:00:00.000,1.0366084800000002
2023-03-22 08:00:00.000,1.0811452799999999
2023-03-22 09:00:00.000,0.90380784
2023-03-22 10:00:00.000,0.62686992
2023-03-22 11:00:00.000,0.42732191999999997
2023-03-22 12:00:00.000,0.38961024
2023-03-22 13:00:00.000,0.37700112
2023-03-22 14:00:00.000,0.45612624
2023-03-22 15:00:00.000,0.52669104
2023-03-22 16:00:00.000,0.48331103999999997
2023-03-22 17:00:00.000,0.4985808
2023-03-22 18:00:00.000,0.5300457599999999
2023-03-22 19:00:00.000,0.45138335999999996
2023-03-22 20:00:00.000,0.39932736
2023-03-22 21:00:00.000,0.35189856
2023-03-22 22:00:00.000,0.28017696
2023-03-22 23:00:00.000,0.2475552
2023-03-23 00:00:00.000,0.1145232
2023-03-23 01:00:00.000,0.05760864
2023-03-23 02:00:00.000,0.04719744
2023-03-23 03:00:00.000,0.04731312
2023-03-23 04:00:00.000,0.10168272
2023-03-23 05:00:00.000,0.27288912
2023-03-23 06:00:00.000,0.33859536
2023-03-23 07:00:00.000,0.44640912
2023-03-23 08:00:00.000,0.50771952
2023-03-23 09:00:00.000,0.48146015999999997
2023-03-23 10:00:00.000,0.46005936000000003
2023-03-23 11:00:00.000,0.41274624
2023-03-23 12:00:00.000,0.41228352
2023-03-23 13:00:00.000,0.41980272
2023-03-23 14:00:00.000,0.48146015999999997
2023-03-23 15:00:00.000,0.4962672
2023-03-23 16:00:00.000,0.5322436799999999
2023-03-23 17:00:00.000,0.57805296
2023-03-23 18:00:00.000,0.7520356800000001
2023-03-23 19:00:00.000,0.6605327999999999
2023-03-23 20:00:00.000,0.55283472
2023-03-23 21:00:00.000,0.5199816
2023-03-23 22:00:00.000,0.48377376
2023-03-23 23:00:00.000,0.43021391999999997
2023-03-24 00:00:00.000,0.38533008
2023-03-24 01:00:00.000,0.35259264
2023-03-24 02:00:00.000,0.35039472
2023-03-24 03:00:00.000,0.35883936
2023-03-24 04:00:00.000,0.39261792
2023-03-24 05:00:00.000,0.45369696
2023-03-24 06:00:00.000,0.51870912
2023-03-24 07:00:00.000,0.67776912
2023-03-24 08:00:00.000,0.8799777599999998
2023-03-24 09:00:00.000,0.6801984
2023-03-24 10:00:00.000,0.46225728
2023-03-24 11:00:00.000,0.39516288
2023-03-24 12:00:00.000,0.42211632
2023-03-24 13:00:00.000,0.34403232
2023-03-24 14:00:00.000,0.35536896
2023-03-24 15:00:00.000,0.34669296000000005
2023-03-24 16:00:00.000,0.44351712
2023-03-24 17:00:00.000,0.57747456
2023-03-24 18:00:00.000,0.58487808
2023-03-24 19:00:00.000,0.5182464
2023-03-24 20:00:00.000,0.46179455999999997
2023-03-24 21:00:00.000,0.44062512
2023-03-24 22:00:00.000,0.3915768
2023-03-24 23:00:00.000,0.34275984
2023-03-25 00:00:00.000,0.27312048
2023-03-25 01:00:00.000,0.07623312
2023-03-25 02:00:00.000,0.034935360000000006
2023-03-25 03:00:00.000,0.02383008
2023-03-25 04:00:00.000,0.020591039999999998
2023-03-25 05:00:00.000,0.03331583999999999
2023-03-25 06:00:00.000,0.053212800000000005
2023-03-25 07:00:00.000,0.26617968000000003
2023-03-25 08:00:00.000,0.29324880000000003
2023-03-25 09:00:00.000,0.329688
2023-03-25 10:00:00.000,0.32887824
2023-03-25 11:00:00.000,0.3256392
2023-03-25 12:00:00.000,0.32436672
2023-03-25 13:00:00.000,0.32610192
2023-03-25 14:00:00.000,0.34148736
2023-03-25 15:00:00.000,0.4181832
2023-03-25 16:00:00.000,0.46977648
2023-03-25 17:00:00.000,0.50413344
2023-03-25 18:00:00.000,0.6940799999999999
2023-03-25 19:00:00.000,0.7417401600000001
2023-03-25 20:00:00.000,0.66388752
2023-03-25 21:00:00.000,0.48400511999999996
2023-03-25 22:00:00.000,0.45011088
2023-03-25 23:00:00.000,0.38590848
2023-03-26 00:00:00.000,0.45878688
2023-03-26 01:00:00.000,0.45381263999999993
2023-03-26 02:00:00.000,0.46410816
2023-03-26 03:00:00.000,0.47289983999999996
2023-03-26 04:00:00.000,0.46769424
2023-03-26 05:00:00.000,0.474288
2023-03-26 06:00:00.000,0.482964
2023-03-26 07:00:00.000,0.50193552
2023-03-26 08:00:00.000,0.55133088
2023-03-26 09:00:00.000,0.57400416
2023-03-26 10:00:00.000,0.57851568
2023-03-26 11:00:00.000,0.5364081599999999
2023-03-26 12:00:00.000,0.5008944000000001
2023-03-26 13:00:00.000,0.511884
2023-03-26 14:00:00.000,0.49834944000000003
2023-03-26 15:00:00.000,0.5593128
2023-03-26 16:00:00.000,0.7214961599999999
2023-03-26 17:00:00.000,0.86852544
2023-03-26 18:00:00.000,1.1168904
2023-03-26 19:00:00.000,0.8684097599999999
2023-03-26 20:00:00.000,0.51107424
2023-03-26 21:00:00.000,0.47278415999999995
2023-03-26 22:00:00.000,0.45242448
2023-03-26 23:00:00.000,0.48735984000000004
2023-03-27 00:00:00.000,0.46630608
2023-03-27 01:00:00.000,0.4621416
2023-03-27 02:00:00.000,0.46433952
2023-03-27 03:00:00.000,0.48088176
2023-03-27 04:00:00.000,0.5064470400000001
2023-03-27 05:00:00.000,0.62478768
2023-03-27 06:00:00.000,1.37323728
2023-03-27 07:00:00.000,1.1782008
2023-03-27 08:00:00.000,1.1319287999999998
2023-03-27 09:00:00.000,1.0708497599999998
2023-03-27 10:00:00.000,0.9361982400000001
2023-03-27 11:00:00.000,0.7896316800000001
2023-03-27 12:00:00.000,0.6351988799999999
2023-03-27 13:00:00.000,0.49603584
2023-03-27 14:00:00.000,0.5323593600000001
2023-03-27 15:00:00.000,0.57400416
2023-03-27 16:00:00.000,0.8160067200000001
2023-03-27 17:00:00.000,0.86852544
2023-03-27 18:00:00.000,1.1143454400000001
2023-03-27 19:00:00.000,0.57770592
2023-03-27 20:00:00.000,0.55075248
2023-03-27 21:00:00.000,0.49568880000000004
2023-03-27 22:00:00.000,0.4667688
2023-03-27 23:00:00.000,0.3337368
2023-03-28 00:00:00.000,0.33871104
2023-03-28 01:00:00.000,0.33535632
2023-03-28 02:00:00.000,0.34171872000000003
2023-03-28 03:00:00.000,0.36763103999999996
2023-03-28 04:00:00.000,0.46468655999999997
2023-03-28 05:00:00.000,0.43946832
2023-03-28 06:00:00.000,1.8499545599999998
2023-03-28 07:00:00.000,1.6557278399999997
2023-03-28 08:00:00.000,1.26981936
2023-03-28 09:00:00.000,0.92150688
2023-03-28 10:00:00.000,0.6773064
2023-03-28 11:00:00.000,0.57400416
2023-03-28 12:00:00.000,0.50933904
2023-03-28 13:00:00.000,0.49707696
2023-03-28 14:00:00.000,0.50054736
2023-03-28 15:00:00.000,0.5475134399999999
2023-03-28 16:00:00.000,1.1731108799999999
2023-03-28 17:00:00.000,1.53426384
2023-03-28 18:00:00.000,1.8026414400000002
2023-03-28 19:00:00.000,1.52223312
2023-03-28 20:00:00.000,1.47815904
2023-03-28 21:00:00.000,1.2402052799999999
2023-03-28 22:00:00.000,1.1562216
2023-03-28 23:00:00.000,0.61877232
2023-03-29 00:00:00.000,0.6002635199999999
2023-03-29 01:00:00.000,0.61032768
2023-03-29 02:00:00.000,0.61877232
2023-03-29 03:00:00.000,0.66215232
2023-03-29 04:00:00.000,0.7559687999999999
2023-03-29 05:00:00.000,1.24945968
2023-03-29 06:00:00.000,1.6189416
2023-03-29 07:00:00.000,1.70732112
2023-03-29 08:00:00.000,1.6192886399999997
2023-03-29 09:00:00.000,1.46022864
2023-03-29 10:00:00.000,1.3344844799999998
2023-03-29 11:00:00.000,1.24656768
2023-03-29 12:00:00.000,1.1839848
2023-03-29 13:00:00.000,1.16096448
2023-03-29 14:00:00.000,1.1652446399999998
2023-03-29 15:00:00.000,1.1858356799999998
2023-03-29 16:00:00.000,1.37439408
2023-03-29 17:00:00.000,1.6299312
2023-03-29 18:00:00.000,1.6920513600000002
2023-03-29 19:00:00.000,1.4809353600000001
2023-03-29 20:00:00.000,1.28694
2023-03-29 21:00:00.000,1.1978664
2023-03-29 22:00:00.000,1.07027136
2023-03-29 23:00:00.000,1.03776528
2023-03-30 00:00:00.000,0.951468
2023-03-30 01:00:00.000,0.934116
2023-03-30 02:00:00.000,0.91121136
2023-03-30 03:00:00.000,0.90126288
2023-03-30 04:00:00.000,0.8884224
2023-03-30 05:00:00.000,1.04031024
2023-03-30 06:00:00.000,1.3352942399999999
2023-03-30 07:00:00.000,1.45074288
2023-03-30 08:00:00.000,1.23176064
2023-03-30 09:00:00.000,1.04875488
2023-03-30 10:00:00.000,0.92544
2023-03-30 11:00:00.000,0.79437456
2023-03-30 12:00:00.000,0.5836056
2023-03-30 13:00:00.000,0.5597755200000001
2023-03-30 14:00:00.000,0.5730787199999999
2023-03-30 15:00:00.000,0.53837472
2023-03-30 16:00:00.000,0.74879664
2023-03-30 17:00:00.000,0.6533606399999999
2023-03-30 18:00:00.000,0.57273168
2023-03-30 19:00:00.000,0.50887632
2023-03-30 20:00:00.000,0.48689711999999996
2023-03-30 21:00:00.000,0.45022656
2023-03-30 22:00:00.000,0.39770784
2023-03-30 23:00:00.000,0.43079232
2023-03-31 00:00:00.000,0.4384272
2023-03-31 01:00:00.000,0.42847872000000004
2023-03-31 02:00:00.000,0.43588224000000003
2023-03-31 03:00:00.000,0.45890256
2023-03-31 04:00:00.000,0.47637024
2023-03-31 05:00:00.000,0.50459616
2023-03-31 06:00:00.000,0.67163808
2023-03-31 07:00:00.000,0.8687567999999999
2023-03-31 08:00:00.000,1.1245252799999998
2023-03-31 09:00:00.000,1.3922088000000001
2023-03-31 10:00:00.000,0.9261340800000001
2023-03-31 11:00:00.000,0.8578828799999999
2023-03-31 12:00:00.000,0.6583348799999998
2023-03-31 13:00:00.000,0.57816864
2023-03-31 14:00:00.000,0.5512152
2023-03-31 15:00:00.000,0.5364081599999999
2023-03-31 16:00:00.000,0.7095811200000001
2023-03-31 17:00:00.000,0.8219063999999999
2023-03-31 18:00:00.000,0.7604803199999999
2023-03-31 19:00:00.000,0.55618944
2023-03-31 20:00:00.000,0.47347824000000005
2023-03-31 21:00:00.000,0.4147128
2023-03-31 22:00:00.000,0.34750271999999993
2023-03-31 23:00:00.000,0.45786144
2023-04-01 00:00:00.000,0.42362016
2023-04-01 01:00:00.000,0.40441728
2023-04-01 02:00:00.000,0.41089536
2023-04-01 03:00:00.000,0.40707792
2023-04-01 04:00:00.000,0.40869743999999997
2023-04-01 05:00:00.000,0.39747647999999997
2023-04-01 06:00:00.000,0.49545744
2023-04-01 07:00:00.000,0.5784
2023-04-01 08:00:00.000,0.68204928
2023-04-01 09:00:00.000,0.57342576
2023-04-01 10:00:00.000,0.53316912
2023-04-01 11:00:00.000,0.47382528
2023-04-01 12:00:00.000,0.44675616
2023-04-01 13:00:00.000,0.38752800000000004
2023-04-01 14:00:00.000,0.42072816
2023-04-01 15:00:00.000,0.46931376
2023-04-01 16:00:00.000,0.5639399999999999
2023-04-01 17:00:00.000,0.61472352
2023-04-01 18:00:00.000,0.61564896
2023-04-01 19:00:00.000,0.5696083200000001
2023-04-01 20:00:00.000,0.50864496
2023-04-01 21:00:00.000,0.45820848000000003
2023-04-01 22:00:00.000,0.39527856
2023-04-01 23:00:00.000,0.51570144
2023-04-02 00:00:00.000,0.5051745599999999
2023-04-02 01:00:00.000,0.50297664
2023-04-02 02:00:00.000,0.50818224
2023-04-02 03:00:00.000,0.52599696
2023-04-02 04:00:00.000,0.56544384
2023-04-02 05:00:00.000,0.57805296
2023-04-02 06:00:00.000,0.5161641599999999
2023-04-02 07:00:00.000,0.5789784
2023-04-02 08:00:00.000,0.66782064
2023-04-02 09:00:00.000,0.59760288
2023-04-02 10:00:00.000,0.56717904
2023-04-02 11:00:00.000,0.4997376
2023-04-02 12:00:00.000,0.30898128
2023-04-02 13:00:00.000,0.28491984000000004
2023-04-02 14:00:00.000,0.29706624
2023-04-02 15:00:00.000,0.3684408
2023-04-02 16:00:00.000,0.5500584
2023-04-02 17:00:00.000,1.05477024
2023-04-02 18:00:00.000,1.1654760000000002
2023-04-02 19:00:00.000,0.98374272
2023-04-02 20:00:00.000,0.8992963199999999
2023-04-02 21:00:00.000,0.7068048
2023-04-02 22:00:00.000,0.6353145600000001
2023-04-02 23:00:00.000,0.82433568
2023-04-03 00:00:00.000,0.78847488
2023-04-03 01:00:00.000,0.81126384
2023-04-03 02:00:00.000,0.82838448
2023-04-03 03:00:00.000,0.8958259199999999
2023-04-03 04:00:00.000,1.2146400000000002
2023-04-03 05:00:00.000,1.55288832
2023-04-03 06:00:00.000,1.8856996799999999
2023-04-03 07:00:00.000,1.8360729599999999
2023-04-03 08:00:00.000,1.2938808
2023-04-03 09:00:00.000,1.10000112
2023-04-03 10:00:00.000,1.00213584
2023-04-03 11:00:00.000,0.93677664
2023-04-03 12:00:00.000,0.8664432000000001
2023-04-03 13:00:00.000,0.82896288
2023-04-03 14:00:00.000,0.8909673599999999
2023-04-03 15:00:00.000,0.92578704
2023-04-03 16:00:00.000,1.13296992
2023-04-03 17:00:00.000,1.24564224
2023-04-03 18:00:00.000,1.72386336
2023-04-03 19:00:00.000,1.7513952
2023-04-03 20:00:00.000,1.54213008
2023-04-03 21:00:00.000,1.30394496
2023-04-03 22:00:00.000,1.1001168
2023-04-03 23:00:00.000,0.99334416
2023-04-04 00:00:00.000,1.0191408
2023-04-04 01:00:00.000,1.04158272
2023-04-04 02:00:00.000,1.04216112
2023-04-04 03:00:00.000,1.24656768
2023-04-04 04:00:00.000,1.2720172799999998
2023-04-04 05:00:00.000,1.36513968
2023-04-04 06:00:00.000,2.02197072
2023-04-04 07:00:00.000,2.001264
2023-04-04 08:00:00.000,1.56526608
2023-04-04 09:00:00.000,1.33714512
2023-04-04 10:00:00.000,1.26056496
2023-04-04 11:00:00.000,1.23014112
2023-04-04 12:00:00.000,1.22065536
2023-04-04 13:00:00.000,1.2116323199999999
2023-04-04 14:00:00.000,1.2273648
2023-04-04 15:00:00.000,1.2592924799999998
2023-04-04 16:00:00.000,1.34292912
2023-04-04 17:00:00.000,1.3768233600000002
2023-04-04 18:00:00.000,1.38075648
2023-04-04 19:00:00.000,1.46948304
2023-04-04 20:00:00.000,1.39753008
2023-04-04 21:00:00.000,1.32314784
2023-04-04 22:00:00.000,1.2706291200000002
2023-04-04 23:00:00.000,1.16108016
2023-04-05 00:00:00.000,1.1414145599999999
2023-04-05 01:00:00.000,1.1267231999999998
2023-04-05 02:00:00.000,1.12660752
2023-04-05 03:00:00.000,1.26646464
2023-04-05 04:00:00.000,1.31030736
2023-04-05 05:00:00.000,1.36722192
2023-04-05 06:00:00.000,1.7352
2023-04-05 07:00:00.000,1.98368064
2023-04-05 08:00:00.000,1.5318345599999998
2023-04-05 09:00:00.000,1.34061552
2023-04-05 10:00:00.000,1.28902224
2023-04-05 11:00:00.000,1.27328976
2023-04-05 12:00:00.000,1.27606608
2023-04-05 13:00:00.000,1.2717859200000001
2023-04-05 14:00:00.000,1.2717859200000001
2023-04-05 15:00:00.000,1.27294272
2023-04-05 16:00:00.000,1.2893692799999998
2023-04-05 17:00:00.000,1.29064176
2023-04-05 18:00:00.000,1.27629744
2023-04-05 19:00:00.000,1.09710912
2023-04-05 20:00:00.000,0.9305299199999999
2023-04-05 21:00:00.000,0.78384768
2023-04-05 22:00:00.000,0.69512112
2023-04-05 23:00:00.000,0.86852544
2023-04-06 00:00:00.000,0.8928182400000001
2023-04-06 01:00:00.000,0.96199488
2023-04-06 02:00:00.000,0.9879072
2023-04-06 03:00:00.000,1.03452624
2023-04-06 04:00:00.000,1.0647187200000001
2023-04-06 05:00:00.000,1.3281220800000002
2023-04-06 06:00:00.000,1.36085952
2023-04-06 07:00:00.000,1.3656024
2023-04-06 08:00:00.000,1.3569263999999999
2023-04-06 09:00:00.000,1.29422784
2023-04-06 10:00:00.000,1.18664544
2023-04-06 11:00:00.000,1.1208235199999999
2023-04-06 12:00:00.000,1.05222528
2023-04-06 13:00:00.000,1.01925648
2023-04-06 14:00:00.000,1.03579872
2023-04-06 15:00:00.000,1.07096544
2023-04-06 16:00:00.000,1.12568208
2023-04-06 17:00:00.000,1.1195510400000002
2023-04-06 18:00:00.000,1.03371648
2023-04-06 19:00:00.000,1.01011776
2023-04-06 20:00:00.000,0.9595656
2023-04-06 21:00:00.000,0.8109167999999999
2023-04-06 22:00:00.000,0.6525508799999999
2023-04-06 23:00:00.000,0.68852736
2023-04-07 00:00:00.000,0.6940799999999999
2023-04-07 01:00:00.000,0.7249665599999999
2023-04-07 02:00:00.000,0.76105872
2023-04-07 03:00:00.000,0.8010839999999999
2023-04-07 04:00:00.000,0.7523827200000001
2023-04-07 05:00:00.000,0.5873073600000001
2023-04-07 06:00:00.000,0.5685671999999999
2023-04-07 07:00:00.000,0.59956944
2023-04-07 08:00:00.000,0.6940799999999999
2023-04-07 09:00:00.000,0.70113648
2023-04-07 10:00:00.000,0.6553272
2023-04-07 11:00:00.000,0.6121785599999999
2023-04-07 12:00:00.000,0.55607376
2023-04-07 13:00:00.000,0.54577824
2023-04-07 14:00:00.000,0.5482075200000001
2023-04-07 15:00:00.000,0.5648654399999999
2023-04-07 16:00:00.000,0.6466512
2023-04-07 17:00:00.000,0.7154808
2023-04-07 18:00:00.000,0.71247312
2023-04-07 19:00:00.000,0.68413152
2023-04-07 20:00:00.000,0.6127569599999999
2023-04-07 21:00:00.000,0.5917031999999999
2023-04-07 22:00:00.000,0.6292992
2023-04-07 23:00:00.000,0.49603584
2023-04-08 00:00:00.000,0.50448048
2023-04-08 01:00:00.000,0.5108428799999999
2023-04-08 02:00:00.000,0.5251872
2023-04-08 03:00:00.000,0.5372179199999999
2023-04-08 04:00:00.000,0.5535288
2023-04-08 05:00:00.000,0.5483231999999999
2023-04-08 06:00:00.000,0.5550326399999999
2023-04-08 07:00:00.000,0.58962096
2023-04-08 08:00:00.000,0.62097024
2023-04-08 09:00:00.000,0.6509313600000001
2023-04-08 10:00:00.000,0.61298832
2023-04-08 11:00:00.000,0.5795568
2023-04-08 12:00:00.000,0.5657908799999999
2023-04-08 13:00:00.000,0.55514832
2023-04-08 14:00:00.000,0.59887536
2023-04-08 15:00:00.000,0.6844785600000001
2023-04-08 16:00:00.000,0.7639507200000001
2023-04-08 17:00:00.000,0.81565968
2023-04-08 18:00:00.000,0.83555664
2023-04-08 19:00:00.000,0.7844260799999999
2023-04-08 20:00:00.000,0.7759814399999999
2023-04-08 21:00:00.000,0.6744144
2023-04-08 22:00:00.000,0.5773588799999999
2023-04-08 23:00:00.000,0.6041966399999998
2023-04-09 00:00:00.000,0.6119471999999999
2023-04-09 01:00:00.000,0.6074356799999999
2023-04-09 02:00:00.000,0.61264128
2023-04-09 03:00:00.000,0.63438912
2023-04-09 04:00:00.000,0.61969776
2023-04-09 05:00:00.000,0.6031555200000001
2023-04-09 06:00:00.000,0.6127569599999999
2023-04-09 07:00:00.000,0.61264128
2023-04-09 08:00:00.000,0.6121785599999999
2023-04-09 09:00:00.000,0.5784
2023-04-09 10:00:00.000,0.5762020800000001
2023-04-09 11:00:00.000,0.5546856
2023-04-09 12:00:00.000,0.56879856
2023-04-09 13:00:00.000,0.55885008
2023-04-09 14:00:00.000,0.56463408
2023-04-09 15:00:00.000,0.5696083200000001
2023-04-09 16:00:00.000,0.60523776
2023-04-09 17:00:00.000,0.6589132799999999
2023-04-09 18:00:00.000,0.6924604799999999
2023-04-09 19:00:00.000,0.6557899199999999
2023-04-09 20:00:00.000,0.6081297600000001
2023-04-09 21:00:00.000,0.57759024
2023-04-09 22:00:00.000,0.53363184
2023-04-09 23:00:00.000,0.43692336
2023-04-10 00:00:00.000,0.43021391999999997
2023-04-10 01:00:00.000,0.44548368
2023-04-10 02:00:00.000,0.46237296
2023-04-10 03:00:00.000,0.48203856
2023-04-10 04:00:00.000,0.5280792
2023-04-10 05:00:00.000,0.56382432
2023-04-10 06:00:00.000,0.55954416
2023-04-10 07:00:00.000,0.5772432
2023-04-10 08:00:00.000,0.55676784
2023-04-10 09:00:00.000,0.31754160000000003
2023-04-10 10:00:00.000,0.15639936000000002
2023-04-10 11:00:00.000,0.15281328
2023-04-10 12:00:00.000,0.11556432
2023-04-10 13:00:00.000,0.02035968
2023-04-10 14:00:00.000,0.025565280000000003
2023-04-10 15:00:00.000,0.04835424
2023-04-10 16:00:00.000,0.29544672000000005
2023-04-10 17:00:00.000,0.44571504
2023-04-10 18:00:00.000,0.51755232
2023-04-10 19:00:00.000,0.41783616
2023-04-10 20:00:00.000,0.30285024
2023-04-10 21:00:00.000,0.17328864
2023-04-10 22:00:00.000,0.034704
2023-04-10 23:00:00.000,0.01723632
2023-04-11 00:00:00.000,0.01145232
2023-04-11 01:00:00.000,0.008328959999999998
2023-04-11 02:00:00.000,0.012609120000000001
2023-04-11 03:00:00.000,0.07276272
2023-04-11 04:00:00.000,0.3835948799999999
2023-04-11 05:00:00.000,0.4523088
2023-04-11 06:00:00.000,0.5396472
2023-04-11 07:00:00.000,0.62675424
2023-04-11 08:00:00.000,0.610212
2023-04-11 09:00:00.000,0.46260431999999996
2023-04-11 10:00:00.000,0.36635856
2023-04-11 11:00:00.000,0.35779824000000005
2023-04-11 12:00:00.000,0.33477792
2023-04-11 13:00:00.000,0.29706624
2023-04-11 14:00:00.000,0.31788864
2023-04-11 15:00:00.000,0.40869743999999997
2023-04-11 16:00:00.000,0.5548012800000001
2023-04-11 17:00:00.000,0.51859344
2023-04-11 18:00:00.000,0.46931376
2023-04-11 19:00:00.000,0.45566352
2023-04-11 20:00:00.000,0.43923696
2023-04-11 21:00:00.000,0.40615248000000004
2023-04-11 22:00:00.000,0.36936624
2023-04-11 23:00:00.000,0.39296496000000003
2023-04-12 00:00:00.000,0.40464864
2023-04-12 01:00:00.000,0.42153792
2023-04-12 02:00:00.000,0.44548368
2023-04-12 03:00:00.000,0.45531648
2023-04-12 04:00:00.000,0.5360611200000001
2023-04-12 05:00:00.000,0.55688352
2023-04-12 06:00:00.000,0.6675892800000001
2023-04-12 07:00:00.000,0.6881803200000001
2023-04-12 08:00:00.000,0.63207552
2023-04-12 09:00:00.000,0.57851568
2023-04-12 10:00:00.000,0.61264128
2023-04-12 11:00:00.000,0.5810606399999999
2023-04-12 12:00:00.000,0.5372179199999999
2023-04-12 13:00:00.000,0.45207744
2023-04-12 14:00:00.000,0.4037232
2023-04-12 15:00:00.000,0.3719112
2023-04-12 16:00:00.000,0.40696224000000003
2023-04-12 17:00:00.000,0.4285944
2023-04-12 18:00:00.000,0.37642272000000004
2023-04-12 19:00:00.000,0.31418687999999995
2023-04-12 20:00:00.000,0.29278608
2023-04-12 21:00:00.000,0.22893072
2023-04-12 22:00:00.000,0.08120735999999999
2023-04-12 23:00:00.000,0.0167736
2023-04-13 00:00:00.000,0.011336639999999999
2023-04-13 01:00:00.000,0.009254400000000001
2023-04-13 02:00:00.000,0.00821328
2023-04-13 03:00:00.000,0.00913872
2023-04-13 04:00:00.000,0.04604064
2023-04-13 05:00:00.000,0.29278608
2023-04-13 06:00:00.000,0.32089631999999996
2023-04-13 07:00:00.000,0.33766992
2023-04-13 08:00:00.000,0.3244824
2023-04-13 09:00:00.000,0.31603776
2023-04-13 10:00:00.000,0.30042095999999996
2023-04-13 11:00:00.000,0.28503552000000004
2023-04-13 12:00:00.000,0.2828376
2023-04-13 13:00:00.000,0.24188688
2023-04-13 14:00:00.000,0.2550744
2023-04-13 15:00:00.000,0.27231072
2023-04-13 16:00:00.000,0.2903568
2023-04-13 17:00:00.000,0.28989408
2023-04-13 18:00:00.000,0.29105088
2023-04-13 19:00:00.000,0.27554976
2023-04-13 20:00:00.000,0.2377224
2023-04-13 21:00:00.000,0.1920288
2023-04-13 22:00:00.000,0.12574416
2023-04-13 23:00:00.000,0.18948384
2023-04-14 00:00:00.000,0.20267136
2023-04-14 01:00:00.000,0.23448336
2023-04-14 02:00:00.000,0.27277344
2023-04-14 03:00:00.000,0.30643632000000004
2023-04-14 04:00:00.000,0.3186984
2023-04-14 05:00:00.000,0.39493152
2023-04-14 06:00:00.000,0.51038016
2023-04-14 07:00:00.000,0.56995536
2023-04-14 08:00:00.000,0.5642870400000001
2023-04-14 09:00:00.000,0.51257808
2023-04-14 10:00:00.000,0.45670463999999994
2023-04-14 11:00:00.000,0.42570240000000004
2023-04-14 12:00:00.000,0.40649952
2023-04-14 13:00:00.000,0.3881064
2023-04-14 14:00:00.000,0.3893788799999999
2023-04-14 15:00:00.000,0.39365904
2023-04-14 16:00:00.000,0.41320896
2023-04-14 17:00:00.000,0.42084384
2023-04-14 18:00:00.000,0.39284928
2023-04-14 19:00:00.000,0.36797808
2023-04-14 20:00:00.000,0.34114032
2023-04-14 21:00:00.000,0.32818416
2023-04-14 22:00:00.000,0.31025376
2023-04-14 23:00:00.000,0.32633328
2023-04-15 00:00:00.000,0.3256392
2023-04-15 01:00:00.000,0.33072912000000004
2023-04-15 02:00:00.000,0.34611455999999996
2023-04-15 03:00:00.000,0.37387776
2023-04-15 04:00:00.000,0.43969968
2023-04-15 05:00:00.000,0.45242448
2023-04-15 06:00:00.000,0.47625456000000005
2023-04-15 07:00:00.000,0.5789784
2023-04-15 08:00:00.000,0.5786313599999999
2023-04-15 09:00:00.000,0.50818224
2023-04-15 10:00:00.000,0.47891520000000004
2023-04-15 11:00:00.000,0.4690824
2023-04-15 12:00:00.000,0.46283568
2023-04-15 13:00:00.000,0.46352976
2023-04-15 14:00:00.000,0.47058624
2023-04-15 15:00:00.000,0.47637024
2023-04-15 16:00:00.000,0.52969872
2023-04-15 17:00:00.000,0.59899104
2023-04-15 18:00:00.000,0.63080304
2023-04-15 19:00:00.000,0.60512208
2023-04-15 20:00:00.000,0.57851568
2023-04-15 21:00:00.000,0.5424235199999999
2023-04-15 22:00:00.000,0.5050588799999999
2023-04-15 23:00:00.000,0.63866928
2023-04-16 00:00:00.000,0.642024
2023-04-16 01:00:00.000,0.68285904
2023-04-16 02:00:00.000,0.72323136
2023-04-16 03:00:00.000,0.75689424
2023-04-16 04:00:00.000,0.7622155199999999
2023-04-16 05:00:00.000,0.77089152
2023-04-16 06:00:00.000,0.7800302400000001
2023-04-16 07:00:00.000,0.80976
2023-04-16 08:00:00.000,0.8190143999999999
2023-04-16 09:00:00.000,0.8139244800000001
2023-04-16 10:00:00.000,0.7948372799999999
2023-04-16 11:00:00.000,0.7578196800000001
2023-04-16 12:00:00.000,0.7288996799999999
2023-04-16 13:00:00.000,0.71039088
2023-04-16 14:00:00.000,0.72542928
2023-04-16 15:00:00.000,0.7910198399999999
2023-04-16 16:00:00.000,0.8877283199999999
2023-04-16 17:00:00.000,1.01231568
2023-04-16 18:00:00.000,1.19948592
2023-04-16 19:00:00.000,1.21336752
2023-04-16 20:00:00.000,1.2159124799999999
2023-04-16 21:00:00.000,1.0699243200000002
2023-04-16 22:00:00.000,0.77667552
2023-04-16 23:00:00.000,0.84550512
2023-04-17 00:00:00.000,0.8338214399999999
2023-04-17 01:00:00.000,0.8096443199999999
2023-04-17 02:00:00.000,0.798192
2023-04-17 03:00:00.000,0.86771568
2023-04-17 04:00:00.000,1.2186887999999998
2023-04-17 05:00:00.000,1.36606512
2023-04-17 06:00:00.000,1.99640544
2023-04-17 07:00:00.000,2.00103264
2023-04-17 08:00:00.000,1.6051756799999999
2023-04-17 09:00:00.000,1.48833888
2023-04-17 10:00:00.000,1.22597664
2023-04-17 11:00:00.000,1.1905785599999998
2023-04-17 12:00:00.000,1.1544864
2023-04-17 13:00:00.000,1.0968777600000001
2023-04-17 14:00:00.000,1.072932
2023-04-17 15:00:00.000,1.0886644799999998
2023-04-17 16:00:00.000,1.1401420800000002
2023-04-17 17:00:00.000,1.1891904
2023-04-17 18:00:00.000,1.1903472
2023-04-17 19:00:00.000,1.12880544
2023-04-17 20:00:00.000,0.94938576
2023-04-17 21:00:00.000,0.80976
2023-04-17 22:00:00.000,0.67776912
2023-04-17 23:00:00.000,0.72913104
2023-04-18 00:00:00.000,0.73537776
2023-04-18 01:00:00.000,0.75342384
2023-04-18 02:00:00.000,0.8090659199999999
2023-04-18 03:00:00.000,0.8900419199999999
2023-04-18 04:00:00.000,0.98374272
2023-04-18 05:00:00.000,1.21533408
2023-04-18 06:00:00.000,1.5707030400000002
2023-04-18 07:00:00.000,1.7361254400000001
2023-04-18 08:00:00.000,1.3960262399999999
2023-04-18 09:00:00.000,1.1905785599999998
2023-04-18 10:00:00.000,1.04701968
2023-04-18 11:00:00.000,0.9721747199999999
2023-04-18 12:00:00.000,0.88460496
2023-04-18 13:00:00.000,0.80883456
2023-04-18 14:00:00.000,0.76892496
2023-04-18 15:00:00.000,0.78974736
2023-04-18 16:00:00.000,0.91572288
2023-04-18 17:00:00.000,0.98223888
2023-04-18 18:00:00.000,0.974604
2023-04-18 19:00:00.000,1.0625208
2023-04-18 20:00:00.000,0.9792312
2023-04-18 21:00:00.000,0.80594256
2023-04-18 22:00:00.000,0.6549801599999999
2023-04-18 23:00:00.000,0.70125216
2023-04-19 00:00:00.000,0.6946583999999999
2023-04-19 01:00:00.000,0.6819335999999999
2023-04-19 02:00:00.000,0.6660854399999999
2023-04-19 03:00:00.000,0.6776534399999999
2023-04-19 04:00:00.000,0.705648
2023-04-19 05:00:00.000,0.91780512
2023-04-19 06:00:00.000,1.16038608
2023-04-19 07:00:00.000,0.9474192
2023-04-19 08:00:00.000,0.8663275199999999
2023-04-19 09:00:00.000,0.7599019199999999
2023-04-19 10:00:00.000,0.6583348799999998
2023-04-19 11:00:00.000,0.40904448000000004
2023-04-19 12:00:00.000,0.393312
2023-04-19 13:00:00.000,0.39261792
2023-04-19 14:00:00.000,0.38324784
2023-04-19 15:00:00.000,0.43946832
2023-04-19 16:00:00.000,0.6504686399999999
2023-04-19 17:00:00.000,0.705648
2023-04-19 18:00:00.000,0.705648
2023-04-19 19:00:00.000,0.69338592
2023-04-19 20:00:00.000,0.5891582399999999
2023-04-19 21:00:00.000,0.48226992
2023-04-19 22:00:00.000,0.41390304
2023-04-19 23:00:00.000,0.45670463999999994
2023-04-20 00:00:00.000,0.42732191999999997
2023-04-20 01:00:00.000,0.41841456
2023-04-20 02:00:00.000,0.42223200000000005
2023-04-20 03:00:00.000,0.46167888
2023-04-20 04:00:00.000,0.48458352000000005
2023-04-20 05:00:00.000,0.6501216000000001
2023-04-20 06:00:00.000,0.78708672
2023-04-20 07:00:00.000,0.81068544
2023-04-20 08:00:00.000,0.80883456
2023-04-20 09:00:00.000,0.80143104
2023-04-20 10:00:00.000,0.68100816
2023-04-20 11:00:00.000,0.64572576
2023-04-20 12:00:00.000,0.59286
2023-04-20 13:00:00.000,0.5558424
2023-04-20 14:00:00.000,0.55618944
2023-04-20 15:00:00.000,0.57851568
2023-04-20 16:00:00.000,0.68181792
2023-04-20 17:00:00.000,0.71235744
2023-04-20 18:00:00.000,0.6929232
2023-04-20 19:00:00.000,0.6504686399999999
2023-04-20 20:00:00.000,0.54473712
2023-04-20 21:00:00.000,0.47104896
2023-04-20 22:00:00.000,0.37711680000000003
2023-04-20 23:00:00.000,0.40522704
2023-04-21 00:00:00.000,0.45080496
2023-04-21 01:00:00.000,0.47475072
2023-04-21 02:00:00.000,0.51292512
2023-04-21 03:00:00.000,0.5863819199999999
2023-04-21 04:00:00.000,0.6316128
2023-04-21 05:00:00.000,1.01208432
2023-04-21 06:00:00.000,1.3051017599999999
2023-04-21 07:00:00.000,1.36479264
2023-04-21 08:00:00.000,1.1996016
2023-04-21 09:00:00.000,1.01613312
2023-04-21 10:00:00.000,0.80594256
2023-04-21 11:00:00.000,0.48180720000000005
2023-04-21 12:00:00.000,0.38787504
2023-04-21 13:00:00.000,0.39308064000000004
2023-04-21 14:00:00.000,0.43171776
2023-04-21 15:00:00.000,0.6229368
2023-04-21 16:00:00.000,0.77517168
2023-04-21 17:00:00.000,0.71131632
2023-04-21 18:00:00.000,0.69130368
2023-04-21 19:00:00.000,0.64757664
2023-04-21 20:00:00.000,0.59100912
2023-04-21 21:00:00.000,0.4870128
2023-04-21 22:00:00.000,0.4162166399999999
2023-04-21 23:00:00.000,0.30886559999999996
2023-04-22 00:00:00.000,0.30608927999999996
2023-04-22 01:00:00.000,0.30446976000000003
2023-04-22 02:00:00.000,0.31742592000000003
2023-04-22 03:00:00.000,0.36161568
2023-04-22 04:00:00.000,0.4066152
2023-04-22 05:00:00.000,0.46248863999999995
2023-04-22 06:00:00.000,0.5078351999999999
2023-04-22 07:00:00.000,0.5833742399999999
2023-04-22 08:00:00.000,0.5152387199999999
2023-04-22 09:00:00.000,0.49256544
2023-04-22 10:00:00.000,0.43403136000000003
2023-04-22 11:00:00.000,0.3030816
2023-04-22 12:00:00.000,0.11591136
2023-04-22 13:00:00.000,0.06501216
2023-04-22 14:00:00.000,0.33813264
2023-04-22 15:00:00.000,0.44340144
2023-04-22 16:00:00.000,0.50297664
2023-04-22 17:00:00.000,0.51755232
2023-04-22 18:00:00.000,0.50529024
2023-04-22 19:00:00.000,0.58811712
2023-04-22 20:00:00.000,0.5418451200000001
2023-04-22 21:00:00.000,0.4991592
2023-04-22 22:00:00.000,0.43634496
2023-04-22 23:00:00.000,0.4297512
2023-04-23 00:00:00.000,0.42095952
2023-04-23 01:00:00.000,0.43391568
2023-04-23 02:00:00.000,0.44016239999999995
2023-04-23 03:00:00.000,0.45601056
2023-04-23 04:00:00.000,0.45982799999999996
2023-04-23 05:00:00.000,0.46896672
2023-04-23 06:00:00.000,0.46896672
2023-04-23 07:00:00.000,0.46815696
2023-04-23 08:00:00.000,0.4806503999999999
2023-04-23 09:00:00.000,0.47671728
2023-04-23 10:00:00.000,0.48088176
2023-04-23 11:00:00.000,0.41633232
2023-04-23 12:00:00.000,0.11880336
2023-04-23 13:00:00.000,0.05784
2023-04-23 14:00:00.000,0.40013711999999996
2023-04-23 15:00:00.000,0.4725528
2023-04-23 16:00:00.000,0.47463504
2023-04-23 17:00:00.000,0.47278415999999995
2023-04-23 18:00:00.000,0.48504624
2023-04-23 19:00:00.000,0.4794936
2023-04-23 20:00:00.000,0.4731312
2023-04-23 21:00:00.000,0.45103632
2023-04-23 22:00:00.000,0.40499567999999997
2023-04-23 23:00:00.000,0.44872271999999996
2023-04-24 00:00:00.000,0.42766896000000004
2023-04-24 01:00:00.000,0.42362016
2023-04-24 02:00:00.000,0.43137072
2023-04-24 03:00:00.000,0.46780992
2023-04-24 04:00:00.000,0.57759024
2023-04-24 05:00:00.000,0.69512112
2023-04-24 06:00:00.000,0.81126384
2023-04-24 07:00:00.000,0.90068448
2023-04-24 08:00:00.000,0.9092448000000001
2023-04-24 09:00:00.000,0.9179208
2023-04-24 10:00:00.000,0.96488688
2023-04-24 11:00:00.000,0.92821632
2023-04-24 12:00:00.000,0.91537584
2023-04-24 13:00:00.000,0.90716256
2023-04-24 14:00:00.000,0.8953632
2023-04-24 15:00:00.000,0.93330624
2023-04-24 16:00:00.000,1.0122
2023-04-24 17:00:00.000,1.03383216
2023-04-24 18:00:00.000,0.97622352
2023-04-24 19:00:00.000,0.88217568
2023-04-24 20:00:00.000,0.80895024
2023-04-24 21:00:00.000,0.70379712
2023-04-24 22:00:00.000,0.5308555199999999
2023-04-24 23:00:00.000,0.67742208
2023-04-25 00:00:00.000,0.58152336
2023-04-25 01:00:00.000,0.51396624
2023-04-25 02:00:00.000,0.48978912
2023-04-25 03:00:00.000,0.49672992
2023-04-25 04:00:00.000,0.5108428799999999
2023-04-25 05:00:00.000,0.676728
2023-04-25 06:00:00.000,0.8297726400000001
2023-04-25 07:00:00.000,0.84226608
2023-04-25 08:00:00.000,0.66330912
2023-04-25 09:00:00.000,0.51627984
2023-04-25 10:00:00.000,0.41077968
2023-04-25 11:00:00.000,0.4037232
2023-04-25 12:00:00.000,0.2880432
2023-04-25 13:00:00.000,0.16056383999999999
2023-04-25 14:00:00.000,0.16472831999999998
2023-04-25 15:00:00.000,0.23992032
2023-04-25 16:00:00.000,0.37642272000000004
2023-04-25 17:00:00.000,0.41378736
2023-04-25 18:00:00.000,0.41286192
2023-04-25 19:00:00.000,0.40626816000000004
2023-04-25 20:00:00.000,0.38822208
2023-04-25 21:00:00.000,0.23529312
2023-04-25 22:00:00.000,0.11753087999999999
2023-04-25 23:00:00.000,0.4638768
2023-04-26 00:00:00.000,0.45670463999999994
2023-04-26 01:00:00.000,0.45485376
2023-04-26 02:00:00.000,0.4447896
2023-04-26 03:00:00.000,0.44849136
2023-04-26 04:00:00.000,0.51199968
2023-04-26 05:00:00.000,0.70287168
2023-04-26 06:00:00.000,0.90369216
2023-04-26 07:00:00.000,0.95123664
2023-04-26 08:00:00.000,0.8861087999999998
2023-04-26 09:00:00.000,0.8781268799999999
2023-04-26 10:00:00.000,0.68089248
2023-04-26 11:00:00.000,0.61298832
2023-04-26 12:00:00.000,0.51547008
2023-04-26 13:00:00.000,0.47590752
2023-04-26 14:00:00.000,0.43044528000000004
2023-04-26 15:00:00.000,0.49071456
2023-04-26 16:00:00.000,0.7850044799999999
2023-04-26 17:00:00.000,0.82040256
2023-04-26 18:00:00.000,0.86308848
2023-04-26 19:00:00.000,0.8835638399999999
2023-04-26 20:00:00.000,0.88275408
2023-04-26 21:00:00.000,0.7785264
2023-04-26 22:00:00.000,0.5211383999999999
2023-04-26 23:00:00.000,1.1082143999999998
2023-04-27 00:00:00.000,1.0510684799999999
2023-04-27 01:00:00.000,1.00664736
2023-04-27 02:00:00.000,0.9961204800000001
2023-04-27 03:00:00.000,0.99334416
2023-04-27 04:00:00.000,1.15587456
2023-04-27 05:00:00.000,1.35183648
2023-04-27 06:00:00.000,1.651332
2023-04-27 07:00:00.000,1.5310248
2023-04-27 08:00:00.000,1.21880448
2023-04-27 09:00:00.000,1.1143454400000001
2023-04-27 10:00:00.000,1.08380592
2023-04-27 11:00:00.000,1.0474824
2023-04-27 12:00:00.000,1.04007888
2023-04-27 13:00:00.000,1.0448217599999998
2023-04-27 14:00:00.000,1.0283951999999998
2023-04-27 15:00:00.000,1.0267756799999999
2023-04-27 16:00:00.000,1.1315817599999998
2023-04-27 17:00:00.000,1.26403536
2023-04-27 18:00:00.000,1.40308272
2023-04-27 19:00:00.000,1.7932713599999999
2023-04-27 20:00:00.000,1.37589792
2023-04-27 21:00:00.000,1.2567475199999998
2023-04-27 22:00:00.000,1.1406047999999998
2023-04-27 23:00:00.000,0.9265968
2023-04-28 00:00:00.000,0.87882096
2023-04-28 01:00:00.000,0.86956656
2023-04-28 02:00:00.000,0.9252086399999999
2023-04-28 03:00:00.000,1.01069616
2023-04-28 04:00:00.000,1.10081088
2023-04-28 05:00:00.000,1.24899696
2023-04-28 06:00:00.000,1.3879286400000002
2023-04-28 07:00:00.000,1.4669380799999998
2023-04-28 08:00:00.000,1.35565392
2023-04-28 09:00:00.000,1.2686625599999999
2023-04-28 10:00:00.000,1.22817456
2023-04-28 11:00:00.000,1.1805144
2023-04-28 12:00:00.000,1.07686512
2023-04-28 13:00:00.000,1.04331792
2023-04-28 14:00:00.000,1.0295519999999998
2023-04-28 15:00:00.000,1.0481764800000002
2023-04-28 16:00:00.000,1.14719856
2023-04-28 17:00:00.000,1.25882976
2023-04-28 18:00:00.000,1.3442016
2023-04-28 19:00:00.000,1.40574336
2023-04-28 20:00:00.000,1.39371264
2023-04-28 21:00:00.000,1.30579584
2023-04-28 22:00:00.000,1.0779062400000001
2023-04-28 23:00:00.000,1.0550016
2023-04-29 00:00:00.000,1.05488592
2023-04-29 01:00:00.000,1.00144176
2023-04-29 02:00:00.000,0.99935952
2023-04-29 03:00:00.000,0.9903364800000001
2023-04-29 04:00:00.000,0.977496
2023-04-29 05:00:00.000,0.98547792
2023-04-29 06:00:00.000,1.02076032
2023-04-29 07:00:00.000,1.03279104
2023-04-29 08:00:00.000,1.03753392
2023-04-29 09:00:00.000,0.98756016
2023-04-29 10:00:00.000,0.88506768
2023-04-29 11:00:00.000,0.74463216
2023-04-29 12:00:00.000,0.5524876799999999
2023-04-29 13:00:00.000,0.49083024000000003
2023-04-29 14:00:00.000,0.46885104
2023-04-29 15:00:00.000,0.49129296
2023-04-29 16:00:00.000,0.49464768
2023-04-29 17:00:00.000,0.54924864
2023-04-29 18:00:00.000,0.5244931199999999
2023-04-29 19:00:00.000,0.50818224
2023-04-29 20:00:00.000,0.47845247999999996
2023-04-29 21:00:00.000,0.33362112
2023-04-29 22:00:00.000,0.29475264
2023-04-29 23:00:00.000,0.326796
2023-04-30 00:00:00.000,0.32251584
2023-04-30 01:00:00.000,0.30886559999999996
2023-04-30 02:00:00.000,0.3048168
2023-04-30 03:00:00.000,0.30666768
2023-04-30 04:00:00.000,0.30180912
2023-04-30 05:00:00.000,0.3106008
2023-04-30 06:00:00.000,0.32367264
2023-04-30 07:00:00.000,0.36173136
2023-04-30 08:00:00.000,0.35062608
2023-04-30 09:00:00.000,0.31002240000000003
2023-04-30 10:00:00.000,0.06963936
2023-04-30 11:00:00.000,0.01110528
2023-04-30 12:00:00.000,-0.00092544
2023-04-30 13:00:00.000,-0.010642559999999999
2023-04-30 14:00:00.000,0.014112959999999999
2023-04-30 15:00:00.000,0.16195199999999998
2023-04-30 16:00:00.000,0.37121712
2023-04-30 17:00:00.000,0.4499952
2023-04-30 18:00:00.000,0.46607472
2023-04-30 19:00:00.000,0.44710320000000003
2023-04-30 20:00:00.000,0.44687184
2023-04-30 21:00:00.000,0.3938904
2023-04-30 22:00:00.000,0.36450768
2023-04-30 23:00:00.000,0.36427632
2023-05-01 00:00:00.000,0.39354336
2023-05-01 01:00:00.000,0.42442991999999996
2023-05-01 02:00:00.000,0.46144752
2023-05-01 03:00:00.000,0.4922184
2023-05-01 04:00:00.000,0.51859344
2023-05-01 05:00:00.000,0.5539915200000001
2023-05-01 06:00:00.000,0.64908048
2023-05-01 07:00:00.000,0.7582823999999999
2023-05-01 08:00:00.000,0.57944112
2023-05-01 09:00:00.000,0.57180624
2023-05-01 10:00:00.000,0.511884
2023-05-01 11:00:00.000,0.4846992
2023-05-01 12:00:00.000,0.39608832
2023-05-01 13:00:00.000,0.34599888
2023-05-01 14:00:00.000,0.4650336
2023-05-01 15:00:00.000,0.6010732799999999
2023-05-01 16:00:00.000,0.7601332799999999
2023-05-01 17:00:00.000,0.8680627200000001
2023-05-01 18:00:00.000,0.88414224
2023-05-01 19:00:00.000,0.8680627200000001
2023-05-01 20:00:00.000,0.83717616
2023-05-01 21:00:00.000,0.74521056
2023-05-01 22:00:00.000,0.6622680000000001
2023-05-01 23:00:00.000,0.80536416
2023-05-02 00:00:00.000,0.75400224
2023-05-02 01:00:00.000,0.7112006399999999
2023-05-02 02:00:00.000,0.67244784
2023-05-02 03:00:00.000,0.6749928
2023-05-02 04:00:00.000,0.75920784
2023-05-02 05:00:00.000,1.1593449599999999
2023-05-02 06:00:00.000,1.42679712
2023-05-02 07:00:00.000,1.51506096
2023-05-02 08:00:00.000,1.38145056
2023-05-02 09:00:00.000,1.2956159999999999
2023-05-02 10:00:00.000,1.22412576
2023-05-02 11:00:00.000,1.11203184
2023-05-02 12:00:00.000,1.06414032
2023-05-02 13:00:00.000,0.9969302400000001
2023-05-02 14:00:00.000,0.92960448
2023-05-02 15:00:00.000,0.98131344
2023-05-02 16:00:00.000,1.06622256
2023-05-02 17:00:00.000,1.2344212799999998
2023-05-02 18:00:00.000,1.1961312
2023-05-02 19:00:00.000,1.05708384
2023-05-02 20:00:00.000,0.8297726400000001
2023-05-02 21:00:00.000,0.63635568
2023-05-02 22:00:00.000,0.56671632
2023-05-02 23:00:00.000,0.12273648
2023-05-03 00:00:00.000,0.08652863999999999
2023-05-03 01:00:00.000,0.11556432
2023-05-03 02:00:00.000,0.20070480000000002
2023-05-03 03:00:00.000,0.34623023999999997
2023-05-03 04:00:00.000,0.57562368
2023-05-03 05:00:00.000,0.61761552
2023-05-03 06:00:00.000,0.78188112
2023-05-03 07:00:00.000,0.92544
2023-05-03 08:00:00.000,0.8176262400000001
2023-05-03 09:00:00.000,0.7426656
2023-05-03 10:00:00.000,0.6935016
2023-05-03 11:00:00.000,0.6408671999999999
2023-05-03 12:00:00.000,0.61032768
2023-05-03 13:00:00.000,0.5965617599999999
2023-05-03 14:00:00.000,0.60061056
2023-05-03 15:00:00.000,0.6113687999999999
2023-05-03 16:00:00.000,0.63693408
2023-05-03 17:00:00.000,0.76672704
2023-05-03 18:00:00.000,0.92578704
2023-05-03 19:00:00.000,0.9520464
2023-05-03 20:00:00.000,0.9299515199999999
2023-05-03 21:00:00.000,0.78037728
2023-05-03 22:00:00.000,0.6180782399999999
2023-05-03 23:00:00.000,0.77146992
2023-05-04 00:00:00.000,0.7711228799999998
2023-05-04 01:00:00.000,0.7496063999999999
2023-05-04 02:00:00.000,0.7715856
2023-05-04 03:00:00.000,0.7773696
2023-05-04 04:00:00.000,0.88541472
2023-05-04 05:00:00.000,1.1736892799999998
2023-05-04 06:00:00.000,1.4442648
2023-05-04 07:00:00.000,1.3569263999999999
2023-05-04 08:00:00.000,1.20793056
2023-05-04 09:00:00.000,1.0411199999999998
2023-05-04 10:00:00.000,0.9208128
2023-05-04 11:00:00.000,0.83046672
2023-05-04 12:00:00.000,0.71883552
2023-05-04 13:00:00.000,0.67753776
2023-05-04 14:00:00.000,0.77378352
2023-05-04 15:00:00.000,0.9141033599999999
2023-05-04 16:00:00.000,1.14511632
2023-05-04 17:00:00.000,1.22829024
2023-05-04 18:00:00.000,1.32731232
2023-05-04 19:00:00.000,1.3533403199999998
2023-05-04 20:00:00.000,1.2805776
2023-05-04 21:00:00.000,1.17866352
2023-05-04 22:00:00.000,1.03603008
2023-05-04 23:00:00.000,0.9473035200000001
2023-05-05 00:00:00.000,0.8913144
2023-05-05 01:00:00.000,0.8797464
2023-05-05 02:00:00.000,0.89038896
2023-05-05 03:00:00.000,0.88286976
2023-05-05 04:00:00.000,0.98813856
2023-05-05 05:00:00.000,1.0876233599999998
2023-05-05 06:00:00.000,1.17924192
2023-05-05 07:00:00.000,1.11064368
2023-05-05 08:00:00.000,1.0486392
2023-05-05 09:00:00.000,1.0174056
2023-05-05 10:00:00.000,0.94927008
2023-05-05 11:00:00.000,0.8974454399999999
2023-05-05 12:00:00.000,0.8877283199999999
2023-05-05 13:00:00.000,0.89085168
2023-05-05 14:00:00.000,0.91537584
2023-05-05 15:00:00.000,0.9763392
2023-05-05 16:00:00.000,0.93689232
2023-05-05 17:00:00.000,0.9370080000000001
2023-05-05 18:00:00.000,0.9361982400000001
2023-05-05 19:00:00.000,0.92740656
2023-05-05 20:00:00.000,0.9687043200000001
2023-05-05 21:00:00.000,0.90369216
2023-05-05 22:00:00.000,0.8404152
2023-05-05 23:00:00.000,0.7865083199999999
2023-05-06 00:00:00.000,0.73907952
2023-05-06 01:00:00.000,0.7277428799999999
2023-05-06 02:00:00.000,0.75006912
2023-05-06 03:00:00.000,0.75897648
2023-05-06 04:00:00.000,0.8022408
2023-05-06 05:00:00.000,0.85707312
2023-05-06 06:00:00.000,0.8929339199999999
2023-05-06 07:00:00.000,0.9786528
2023-05-06 08:00:00.000,0.91780512
2023-05-06 09:00:00.000,0.89987472
2023-05-06 10:00:00.000,0.8401838399999999
2023-05-06 11:00:00.000,0.8133460800000001
2023-05-06 12:00:00.000,0.6450316799999999
2023-05-06 13:00:00.000,0.5784
2023-05-06 14:00:00.000,0.73063488
2023-05-06 15:00:00.000,0.8427287999999998
2023-05-06 16:00:00.000,0.90184128
2023-05-06 17:00:00.000,0.94383312
2023-05-06 18:00:00.000,0.9840897599999998
2023-05-06 19:00:00.000,0.957252
2023-05-06 20:00:00.000,0.9077409599999999
2023-05-06 21:00:00.000,0.90669984
2023-05-06 22:00:00.000,0.8461992
2023-05-06 23:00:00.000,0.7096967999999999
2023-05-07 00:00:00.000,0.7146710399999999
2023-05-07 01:00:00.000,0.71339856
2023-05-07 02:00:00.000,0.7177943999999999
2023-05-07 03:00:00.000,0.7366502399999999
2023-05-07 04:00:00.000,0.7463673599999999
2023-05-07 05:00:00.000,0.76360368
2023-05-07 06:00:00.000,0.90704688
2023-05-07 07:00:00.000,0.87766416
2023-05-07 08:00:00.000,0.7819967999999999
2023-05-07 09:00:00.000,0.43241184
2023-05-07 10:00:00.000,0.35236128
2023-05-07 11:00:00.000,0.45439103999999997
2023-05-07 12:00:00.000,0.40557408
2023-05-07 13:00:00.000,0.35467487999999997
2023-05-07 14:00:00.000,0.34784976
2023-05-07 15:00:00.000,0.6549801599999999
2023-05-07 16:00:00.000,0.79691952
2023-05-07 17:00:00.000,0.83474688
2023-05-07 18:00:00.000,0.83613504
2023-05-07 19:00:00.000,0.7854672
2023-05-07 20:00:00.000,0.76360368
2023-05-07 21:00:00.000,0.772164
2023-05-07 22:00:00.000,0.7131672
2023-05-07 23:00:00.000,0.6508156799999999
2023-05-08 00:00:00.000,0.6375124799999999
2023-05-08 01:00:00.000,0.65567424
2023-05-08 02:00:00.000,0.6877176
2023-05-08 03:00:00.000,0.72751152
2023-05-08 04:00:00.000,0.7860456
2023-05-08 05:00:00.000,0.9246302399999999
2023-05-08 06:00:00.000,1.3131993599999998
2023-05-08 07:00:00.000,1.24390704
2023-05-08 08:00:00.000,1.12105488
2023-05-08 09:00:00.000,1.03683984
2023-05-08 10:00:00.000,0.92173824
2023-05-08 11:00:00.000,0.86829408
2023-05-08 12:00:00.000,0.80374464
2023-05-08 13:00:00.000,0.7276272
2023-05-08 14:00:00.000,0.69650928
2023-05-08 15:00:00.000,0.69743472
2023-05-08 16:00:00.000,0.71710032
2023-05-08 17:00:00.000,0.75006912
2023-05-08 18:00:00.000,0.72658608
2023-05-08 19:00:00.000,0.66145824
2023-05-08 20:00:00.000,0.6021143999999999
2023-05-08 21:00:00.000,0.4661904
2023-05-08 22:00:00.000,0.33928944
2023-05-08 23:00:00.000,0.22245264
2023-05-09 00:00:00.000,0.21944496000000002
2023-05-09 01:00:00.000,0.15570528000000003
2023-05-09 02:00:00.000,0.13384176
2023-05-09 03:00:00.000,0.10769808
2023-05-09 04:00:00.000,0.28885296
2023-05-09 05:00:00.000,0.34495776
2023-05-09 06:00:00.000,0.5940168
2023-05-09 07:00:00.000,0.66839904
2023-05-09 08:00:00.000,0.54496848
2023-05-09 09:00:00.000,0.3864868799999999
2023-05-09 10:00:00.000,0.33419952
2023-05-09 11:00:00.000,0.28989408
2023-05-09 12:00:00.000,0.17548655999999999
2023-05-09 13:00:00.000,0.11556432
2023-05-09 14:00:00.000,0.0803976
2023-05-09 15:00:00.000,0.07322543999999999
2023-05-09 16:00:00.000,0.14737632
2023-05-09 17:00:00.000,0.25519008
2023-05-09 18:00:00.000,0.24223392000000002
2023-05-09 19:00:00.000,0.11938176
2023-05-09 20:00:00.000,0.06697871999999999
2023-05-09 21:00:00.000,0.018508800000000002
2023-05-09 22:00:00.000,0.00011568
2023-05-09 23:00:00.000,0.0026606399999999997
2023-05-10 00:00:00.000,0.00011568
2023-05-10 01:00:00.000,0.0
2023-05-10 02:00:00.000,0.0
2023-05-10 03:00:00.000,0.0
2023-05-10 04:00:00.000,0.0008097600000000001
2023-05-10 05:00:00.000,0.038637120000000004
2023-05-10 06:00:00.000,0.33998352
2023-05-10 07:00:00.000,0.41124239999999995
2023-05-10 08:00:00.000,0.349932
2023-05-10 09:00:00.000,0.2550744
2023-05-10 10:00:00.000,0.04615632
2023-05-10 11:00:00.000,0.0358608
2023-05-10 12:00:00.000,0.027878879999999998
2023-05-10 13:00:00.000,0.01804608
2023-05-10 14:00:00.000,0.01758336
2023-05-10 15:00:00.000,0.02001264
2023-05-10 16:00:00.000,0.04303296
2023-05-10 17:00:00.000,0.11463888
2023-05-10 18:00:00.000,0.164844
2023-05-10 19:00:00.000,0.13893168
2023-05-10 20:00:00.000,0.11128416
2023-05-10 21:00:00.000,0.039331200000000004
2023-05-10 22:00:00.000,0.02290464
2023-05-10 23:00:00.000,0.02510256
2023-05-11 00:00:00.000,0.025912320000000003
2023-05-11 01:00:00.000,0.03620784
2023-05-11 02:00:00.000,0.038752800000000004
2023-05-11 03:00:00.000,0.04766016
2023-05-11 04:00:00.000,0.07299408
2023-05-11 05:00:00.000,0.17594928
2023-05-11 06:00:00.000,0.39932736
2023-05-11 07:00:00.000,0.5535288
2023-05-11 08:00:00.000,0.52009728
2023-05-11 09:00:00.000,0.43912128
2023-05-11 10:00:00.000,0.33755424
2023-05-11 11:00:00.000,0.32725872
2023-05-11 12:00:00.000,0.32529216
2023-05-11 13:00:00.000,0.17421408
2023-05-11 14:00:00.000,0.24963744
2023-05-11 15:00:00.000,0.31198896000000004
2023-05-11 16:00:00.000,0.3372072
2023-05-11 17:00:00.000,0.33709152
2023-05-11 18:00:00.000,0.33628176000000004
2023-05-11 19:00:00.000,0.312336
2023-05-11 20:00:00.000,0.16021679999999996
2023-05-11 21:00:00.000,0.09948480000000001
2023-05-11 22:00:00.000,0.08375231999999999
2023-05-11 23:00:00.000,0.16033247999999997
2023-05-12 00:00:00.000,0.16796736
2023-05-12 01:00:00.000,0.2186352
2023-05-12 02:00:00.000,0.28839024
2023-05-12 03:00:00.000,0.28700208
2023-05-12 04:00:00.000,0.31071648
2023-05-12 05:00:00.000,0.49568880000000004
2023-05-12 06:00:00.000,0.9821232
2023-05-12 07:00:00.000,1.116312
2023-05-12 08:00:00.000,0.97541376
2023-05-12 09:00:00.000,0.95412864
2023-05-12 10:00:00.000,0.74706144
2023-05-12 11:00:00.000,0.61160016
2023-05-12 12:00:00.000,0.51095856
2023-05-12 13:00:00.000,0.43472544
2023-05-12 14:00:00.000,0.43067664
2023-05-12 15:00:00.000,0.44039375999999997
2023-05-12 16:00:00.000,0.57342576
2023-05-12 17:00:00.000,0.6587976
2023-05-12 18:00:00.000,0.67175376
2023-05-12 19:00:00.000,0.57654912
2023-05-12 20:00:00.000,0.55954416
2023-05-12 21:00:00.000,0.5159328000000001
2023-05-12 22:00:00.000,0.45196176000000005
2023-05-12 23:00:00.000,0.29857008
2023-05-13 00:00:00.000,0.29255472
2023-05-13 01:00:00.000,0.29324880000000003
2023-05-13 02:00:00.000,0.30088368000000004
2023-05-13 03:00:00.000,0.30527951999999997
2023-05-13 04:00:00.000,0.30516384
2023-05-13 05:00:00.000,0.26097408
2023-05-13 06:00:00.000,0.26571695999999995
2023-05-13 07:00:00.000,0.28098671999999997
2023-05-13 08:00:00.000,0.27959856
2023-05-13 09:00:00.000,0.2608584
2023-05-13 10:00:00.000,0.22673279999999998
2023-05-13 11:00:00.000,0.17849424
2023-05-13 12:00:00.000,0.0653592
2023-05-13 13:00:00.000,0.05853408
2023-05-13 14:00:00.000,0.07137456
2023-05-13 15:00:00.000,0.22025472
2023-05-13 16:00:00.000,0.27844176
2023-05-13 17:00:00.000,0.29162928
2023-05-13 18:00:00.000,0.29301744
2023-05-13 19:00:00.000,0.27716928
2023-05-13 20:00:00.000,0.28179647999999996
2023-05-13 21:00:00.000,0.23136
2023-05-13 22:00:00.000,0.14483136
2023-05-13 23:00:00.000,0.11683679999999999
2023-05-14 00:00:00.000,0.104112
2023-05-14 01:00:00.000,0.09902208
2023-05-14 02:00:00.000,0.09659279999999999
2023-05-14 03:00:00.000,0.092544
2023-05-14 04:00:00.000,0.09520464
2023-05-14 05:00:00.000,0.08710704
2023-05-14 06:00:00.000,0.10041024
2023-05-14 07:00:00.000,0.15929136
2023-05-14 08:00:00.000,0.18069216
2023-05-14 09:00:00.000,0.14020415999999997
2023-05-14 10:00:00.000,0.10746671999999999
2023-05-14 11:00:00.000,0.06674735999999999
2023-05-14 12:00:00.000,0.0214008
2023-05-14 13:00:00.000,0.00185088
2023-05-14 14:00:00.000,0.020591039999999998
2023-05-14 15:00:00.000,0.06003792
2023-05-14 16:00:00.000,0.11961311999999999
2023-05-14 17:00:00.000,0.16091087999999998
2023-05-14 18:00:00.000,0.19006224
2023-05-14 19:00:00.000,0.121464
2023-05-14 20:00:00.000,0.06836687999999999
2023-05-14 21:00:00.000,0.057724319999999996
2023-05-14 22:00:00.000,0.0485856
2023-05-14 23:00:00.000,0.053791200000000004
2023-05-15 00:00:00.000,0.053559840000000004
2023-05-15 01:00:00.000,0.055526400000000004
2023-05-15 02:00:00.000,0.058996799999999995
2023-05-15 03:00:00.000,0.06107904
2023-05-15 04:00:00.000,0.07738992
2023-05-15 05:00:00.000,0.16785167999999998
2023-05-15 06:00:00.000,1.06726368
2023-05-15 07:00:00.000,1.08889584
2023-05-15 08:00:00.000,1.01023344
2023-05-15 09:00:00.000,0.61287264
2023-05-15 10:00:00.000,0.35224560000000005
2023-05-15 11:00:00.000,0.17282592
2023-05-15 12:00:00.000,0.13442015999999998
2023-05-15 13:00:00.000,0.1035336
2023-05-15 14:00:00.000,0.13789056
2023-05-15 15:00:00.000,0.46237296
2023-05-15 16:00:00.000,0.8508263999999999
2023-05-15 17:00:00.000,0.9289104
2023-05-15 18:00:00.000,0.9578304000000001
2023-05-15 19:00:00.000,0.96835728
2023-05-15 20:00:00.000,0.95586384
2023-05-15 21:00:00.000,0.20672016
2023-05-15 22:00:00.000,0.08375231999999999
2023-05-15 23:00:00.000,0.06628463999999999
2023-05-16 00:00:00.000,0.05888112
2023-05-16 01:00:00.000,0.057724319999999996
2023-05-16 02:00:00.000,0.059806559999999995
2023-05-16 03:00:00.000,0.06674735999999999
2023-05-16 04:00:00.000,0.10029456
2023-05-16 05:00:00.000,0.88645584
2023-05-16 06:00:00.000,0.89177712
2023-05-16 07:00:00.000,0.89085168
2023-05-16 08:00:00.000,0.8503636800000001
2023-05-16 09:00:00.000,0.82618656
2023-05-16 10:00:00.000,0.7131672
2023-05-16 11:00:00.000,0.59309136
2023-05-16 12:00:00.000,0.45334992
2023-05-16 13:00:00.000,0.2348304
2023-05-16 14:00:00.000,0.14217072
2023-05-16 15:00:00.000,0.47694864000000003
2023-05-16 16:00:00.000,0.6916507199999999
2023-05-16 17:00:00.000,0.6916507199999999
2023-05-16 18:00:00.000,0.68632944
2023-05-16 19:00:00.000,0.65683104
2023-05-16 20:00:00.000,0.56139504
2023-05-16 21:00:00.000,0.20336544
2023-05-16 22:00:00.000,0.0011568000000000001
2023-05-16 23:00:00.000,0.00011568
2023-05-17 00:00:00.000,-0.00219792
2023-05-17 01:00:00.000,-0.0127248
2023-05-17 02:00:00.000,-0.02336736
2023-05-17 03:00:00.000,-0.02302032
2023-05-17 04:00:00.000,-0.01179936
2023-05-17 05:00:00.000,0.00011568
2023-05-17 06:00:00.000,0.02811024
2023-05-17 07:00:00.000,0.039909599999999996
2023-05-17 08:00:00.000,0.038058720000000004
2023-05-17 09:00:00.000,0.034241280000000006
2023-05-17 10:00:00.000,0.018855840000000002
2023-05-17 11:00:00.000,0.005552639999999999
2023-05-17 12:00:00.000,0.0005784000000000001
2023-05-17 13:00:00.000,0.00092544
2023-05-17 14:00:00.000,0.0008097600000000001
2023-05-17 15:00:00.000,0.03782736
2023-05-17 16:00:00.000,0.05587344
2023-05-17 17:00:00.000,0.50077872
2023-05-17 18:00:00.000,0.6990542399999999
2023-05-17 19:00:00.000,0.66851472
2023-05-17 20:00:00.000,0.18809568
2023-05-17 21:00:00.000,0.0
2023-05-17 22:00:00.000,-0.023483039999999997
2023-05-17 23:00:00.000,-0.02417712
2023-05-18 00:00:00.000,-0.0306552
2023-05-18 01:00:00.000,-0.03886848
2023-05-18 02:00:00.000,-0.03724896
2023-05-18 03:00:00.000,-0.02996112
2023-05-18 04:00:00.000,-0.02325168
2023-05-18 05:00:00.000,-0.01284048
2023-05-18 06:00:00.000,0.11487024
2023-05-18 07:00:00.000,0.38301648
2023-05-18 08:00:00.000,0.46179455999999997
2023-05-18 09:00:00.000,0.46167888
2023-05-18 10:00:00.000,0.25380192
2023-05-18 11:00:00.000,0.0323904
2023-05-18 12:00:00.000,0.03713328
2023-05-18 13:00:00.000,0.04789151999999999
2023-05-18 14:00:00.000,0.053559840000000004
2023-05-18 15:00:00.000,0.21678432
2023-05-18 16:00:00.000,0.46272
2023-05-18 17:00:00.000,0.9780744
2023-05-18 18:00:00.000,0.98594064
2023-05-18 19:00:00.000,0.98605632
2023-05-18 20:00:00.000,0.98594064
2023-05-18 21:00:00.000,0.96095376
2023-05-18 22:00:00.000,0.46260431999999996
2023-05-18 23:00:00.000,0.06200448
2023-05-19 00:00:00.000,0.052056
2023-05-19 01:00:00.000,0.0474288
2023-05-19 02:00:00.000,0.04812288
2023-05-19 03:00:00.000,0.04557792
2023-05-19 04:00:00.000,0.05228735999999999
2023-05-19 05:00:00.000,0.96234192
2023-05-19 06:00:00.000,1.1891904
2023-05-19 07:00:00.000,1.17912624
2023-05-19 08:00:00.000,1.0185624
2023-05-19 09:00:00.000,0.46167888
2023-05-19 10:00:00.000,0.1839312
2023-05-19 11:00:00.000,0.11556432
2023-05-19 12:00:00.000,0.08421504
2023-05-19 13:00:00.000,0.05506368
2023-05-19 14:00:00.000,0.05367551999999999
2023-05-19 15:00:00.000,0.06952368
2023-05-19 16:00:00.000,0.09323808
2023-05-19 17:00:00.000,0.11568
2023-05-19 18:00:00.000,0.23124431999999998
2023-05-19 19:00:00.000,0.12620688
2023-05-19 20:00:00.000,0.03852144
2023-05-19 21:00:00.000,0.021285119999999998
2023-05-19 22:00:00.000,0.00508992
2023-05-19 23:00:00.000,0.1145232
2023-05-20 00:00:00.000,0.07183727999999999
2023-05-20 01:00:00.000,0.05864976
2023-05-20 02:00:00.000,0.06559055999999999
2023-05-20 03:00:00.000,0.01422864
2023-05-20 04:00:00.000,0.01492272
2023-05-20 05:00:00.000,0.027300480000000002
2023-05-20 06:00:00.000,0.05055216
2023-05-20 07:00:00.000,0.05703023999999999
2023-05-20 08:00:00.000,0.0572616
2023-05-20 09:00:00.000,0.050089440000000006
2023-05-20 10:00:00.000,0.00439584
2023-05-20 11:00:00.000,-0.0017352000000000001
2023-05-20 12:00:00.000,-0.0063624
2023-05-20 13:00:00.000,-0.0010411199999999998
2023-05-20 14:00:00.000,0.0
2023-05-20 15:00:00.000,0.01526976
2023-05-20 16:00:00.000,0.07623312
2023-05-20 17:00:00.000,0.46248863999999995
2023-05-20 18:00:00.000,0.54091968
2023-05-20 19:00:00.000,0.43923696
2023-05-20 20:00:00.000,0.07357248
2023-05-20 21:00:00.000,0.027300480000000002
2023-05-20 22:00:00.000,0.008676
2023-05-20 23:00:00.000,0.00508992
2023-05-21 00:00:00.000,0.0005784000000000001
2023-05-21 01:00:00.000,0.0
2023-05-21 02:00:00.000,-0.0003470399999999999
2023-05-21 03:00:00.000,0.00011568
2023-05-21 04:00:00.000,0.00023136
2023-05-21 05:00:00.000,0.014344319999999999
2023-05-21 06:00:00.000,0.029729759999999997
2023-05-21 07:00:00.000,0.039099840000000004
2023-05-21 08:00:00.000,0.02475552
2023-05-21 09:00:00.000,0.0
2023-05-21 10:00:00.000,-0.005552639999999999
2023-05-21 11:00:00.000,-0.0445368
2023-05-21 12:00:00.000,-0.05784
2023-05-21 13:00:00.000,-0.051361920000000005
2023-05-21 14:00:00.000,-0.040487999999999996
2023-05-21 15:00:00.000,-0.0047428800000000005
2023-05-21 16:00:00.000,0.02568096
2023-05-21 17:00:00.000,0.47822112
2023-05-21 18:00:00.000,0.80247216
2023-05-21 19:00:00.000,0.8678313599999999
2023-05-21 20:00:00.000,0.8109167999999999
2023-05-21 21:00:00.000,0.45751440000000004
2023-05-21 22:00:00.000,0.037943040000000004
2023-05-21 23:00:00.000,0.04557792
2023-05-22 00:00:00.000,0.04592496
2023-05-22 01:00:00.000,0.0474288
2023-05-22 02:00:00.000,0.04638768
2023-05-22 03:00:00.000,0.050783520000000006
2023-05-22 04:00:00.000,0.07206864
2023-05-22 05:00:00.000,0.15443279999999998
2023-05-22 06:00:00.000,0.88981056
2023-05-22 07:00:00.000,1.02006624
2023-05-22 08:00:00.000,0.9316867200000001
2023-05-22 09:00:00.000,0.66296208
2023-05-22 10:00:00.000,0.6935016
2023-05-22 11:00:00.000,0.23216976
2023-05-22 12:00:00.000,0.19943232
2023-05-22 13:00:00.000,0.18601344
2023-05-22 14:00:00.000,0.167736
2023-05-22 15:00:00.000,0.23124431999999998
2023-05-22 16:00:00.000,0.8160067200000001
2023-05-22 17:00:00.000,0.82526112
2023-05-22 18:00:00.000,0.8638982400000002
2023-05-22 19:00:00.000,0.8510577599999999
2023-05-22 20:00:00.000,0.5309712
2023-05-22 21:00:00.000,0.05367551999999999
2023-05-22 22:00:00.000,0.036323520000000005
2023-05-22 23:00:00.000,0.03285312
2023-05-23 00:00:00.000,0.026606400000000002
2023-05-23 01:00:00.000,0.019665600000000002
2023-05-23 02:00:00.000,0.019665600000000002
2023-05-23 03:00:00.000,0.027763200000000002
2023-05-23 04:00:00.000,0.04523088
2023-05-23 05:00:00.000,0.1151016
2023-05-23 06:00:00.000,0.8266492799999998
2023-05-23 07:00:00.000,0.8599651199999999
2023-05-23 08:00:00.000,0.8105697599999998
2023-05-23 09:00:00.000,0.69743472
2023-05-23 10:00:00.000,0.5204443200000001
2023-05-23 11:00:00.000,0.31719456
2023-05-23 12:00:00.000,0.2325168
2023-05-23 13:00:00.000,0.06616896
2023-05-23 14:00:00.000,0.050089440000000006
2023-05-23 15:00:00.000,0.14818608
2023-05-23 16:00:00.000,0.62397792
2023-05-23 17:00:00.000,0.70877136
2023-05-23 18:00:00.000,0.77366784
2023-05-23 19:00:00.000,0.7804929599999999
2023-05-23 20:00:00.000,0.79379616
2023-05-23 21:00:00.000,0.23031888
2023-05-23 22:00:00.000,0.03053952
2023-05-23 23:00:00.000,0.02811024
2023-05-24 00:00:00.000,0.01746768
2023-05-24 01:00:00.000,0.01769904
2023-05-24 02:00:00.000,0.01769904
2023-05-24 03:00:00.000,0.01492272
2023-05-24 04:00:00.000,0.015038399999999999
2023-05-24 05:00:00.000,0.7865083199999999
2023-05-24 06:00:00.000,0.88414224
2023-05-24 07:00:00.000,0.9956577600000001
2023-05-24 08:00:00.000,0.87465648
2023-05-24 09:00:00.000,0.7935647999999998
2023-05-24 10:00:00.000,0.04696607999999999
2023-05-24 11:00:00.000,-0.022326239999999997
2023-05-24 12:00:00.000,-0.02961408
2023-05-24 13:00:00.000,-0.02984544
2023-05-24 14:00:00.000,-0.029382719999999998
2023-05-24 15:00:00.000,-0.02209488
2023-05-24 16:00:00.000,-0.004627200000000001
2023-05-24 17:00:00.000,-0.00046272
2023-05-24 18:00:00.000,-0.00023136
2023-05-24 19:00:00.000,-0.00011568
2023-05-24 20:00:00.000,0.0
2023-05-24 21:00:00.000,-0.0013881599999999998
2023-05-24 22:00:00.000,-0.0237144
2023-05-24 23:00:00.000,-0.03551376
2023-05-25 00:00:00.000,-0.0381744
2023-05-25 01:00:00.000,-0.038058720000000004
2023-05-25 02:00:00.000,-0.039331200000000004
2023-05-25 03:00:00.000,-0.038058720000000004
2023-05-25 04:00:00.000,-0.0242928
2023-05-25 05:00:00.000,-0.0005784000000000001
2023-05-25 06:00:00.000,0.6472296
2023-05-25 07:00:00.000,0.78986304
2023-05-25 08:00:00.000,0.71270448
2023-05-25 09:00:00.000,0.65636832
2023-05-25 10:00:00.000,0.5205599999999999
2023-05-25 11:00:00.000,-0.0070564799999999995
2023-05-25 12:00:00.000,-0.02209488
2023-05-25 13:00:00.000,-0.02359872
2023-05-25 14:00:00.000,-0.028688639999999998
2023-05-25 15:00:00.000,-0.02383008
2023-05-25 16:00:00.000,0.11498591999999999
2023-05-25 17:00:00.000,0.66064848
2023-05-25 18:00:00.000,0.6721008
2023-05-25 19:00:00.000,0.68147088
2023-05-25 20:00:00.000,0.11475455999999999
2023-05-25 21:00:00.000,0.01550112
2023-05-25 22:00:00.000,-0.0005784000000000001
2023-05-25 23:00:00.000,0.00011568
2023-05-26 00:00:00.000,-0.00046272
2023-05-26 01:00:00.000,-0.00092544
2023-05-26 02:00:00.000,-0.0010411199999999998
2023-05-26 03:00:00.000,-0.00023136
2023-05-26 04:00:00.000,0.01573248
2023-05-26 05:00:00.000,0.024871200000000003
2023-05-26 06:00:00.000,0.4644552
2023-05-26 07:00:00.000,0.6069729599999999
2023-05-26 08:00:00.000,0.33177024
2023-05-26 09:00:00.000,0.1700496
2023-05-26 10:00:00.000,0.04592496
2023-05-26 11:00:00.000,0.02440848
2023-05-26 12:00:00.000,0.01122096
2023-05-26 13:00:00.000,0.0
2023-05-26 14:00:00.000,0.0008097600000000001
2023-05-26 15:00:00.000,0.015963839999999997
2023-05-26 16:00:00.000,0.03516672
2023-05-26 17:00:00.000,0.11984448
2023-05-26 18:00:00.000,0.6807768
2023-05-26 19:00:00.000,0.67545552
2023-05-26 20:00:00.000,0.6553272
2023-05-26 21:00:00.000,0.17317296
2023-05-26 22:00:00.000,0.025565280000000003
2023-05-26 23:00:00.000,0.31846704
2023-05-27 00:00:00.000,0.06859823999999999
2023-05-27 01:00:00.000,0.06836687999999999
2023-05-27 02:00:00.000,0.04927968
2023-05-27 03:00:00.000,0.04731312
2023-05-27 04:00:00.000,0.07669583999999999
2023-05-27 05:00:00.000,0.11568
2023-05-27 06:00:00.000,0.2041752
2023-05-27 07:00:00.000,0.35756688000000003
2023-05-27 08:00:00.000,0.15165647999999998
2023-05-27 09:00:00.000,0.08953632
2023-05-27 10:00:00.000,0.01712064
2023-05-27 11:00:00.000,0.0
2023-05-27 12:00:00.000,-0.02672208
2023-05-27 13:00:00.000,-0.0225576
2023-05-27 14:00:00.000,0.004627200000000001
2023-05-27 15:00:00.000,0.01827744
2023-05-27 16:00:00.000,0.019549920000000002
2023-05-27 17:00:00.000,0.0214008
2023-05-27 18:00:00.000,0.0161952
2023-05-27 19:00:00.000,0.013881600000000001
2023-05-27 20:00:00.000,-0.0008097600000000001
2023-05-27 21:00:00.000,-0.0237144
2023-05-27 22:00:00.000,-0.040140959999999996
2023-05-27 23:00:00.000,-0.03956256
2023-05-28 00:00:00.000,-0.041182079999999996
2023-05-28 01:00:00.000,-0.04766016
2023-05-28 02:00:00.000,-0.039909599999999996
2023-05-28 03:00:00.000,-0.03551376
2023-05-28 04:00:00.000,-0.02394576
2023-05-28 05:00:00.000,-0.005321279999999999
2023-05-28 06:00:00.000,0.0
2023-05-28 07:00:00.000,0.00023136
2023-05-28 08:00:00.000,-0.0005784000000000001
2023-05-28 09:00:00.000,-0.035629440000000005
2023-05-28 10:00:00.000,-0.11637408
2023-05-28 11:00:00.000,-0.11602704
2023-05-28 12:00:00.000,-0.11463888
2023-05-28 13:00:00.000,-0.11568
2023-05-28 14:00:00.000,-0.056798879999999996
2023-05-28 15:00:00.000,-0.05830272
2023-05-28 16:00:00.000,-0.0006940799999999999
2023-05-28 17:00:00.000,0.11521728
2023-05-28 18:00:00.000,0.69662496
2023-05-28 19:00:00.000,0.7929863999999999
2023-05-28 20:00:00.000,0.78673968
2023-05-28 21:00:00.000,0.7326014399999999
2023-05-28 22:00:00.000,0.66955584
2023-05-28 23:00:00.000,-0.00150384
2023-05-29 00:00:00.000,-0.00092544
2023-05-29 01:00:00.000,-0.0008097600000000001
2023-05-29 02:00:00.000,-0.00023136
2023-05-29 03:00:00.000,0.013303200000000001
2023-05-29 04:00:00.000,0.02637504
2023-05-29 05:00:00.000,0.7021776
2023-05-29 06:00:00.000,0.67892592
2023-05-29 07:00:00.000,0.34611455999999996
2023-05-29 08:00:00.000,0.04661904
2023-05-29 09:00:00.000,0.04037232
2023-05-29 10:00:00.000,0.026606400000000002
2023-05-29 11:00:00.000,0.0242928
2023-05-29 12:00:00.000,0.021632159999999998
2023-05-29 13:00:00.000,0.018855840000000002
2023-05-29 14:00:00.000,0.01943424
2023-05-29 15:00:00.000,0.017814720000000003
2023-05-29 16:00:00.000,0.02579664
2023-05-29 17:00:00.000,0.22210560000000001
2023-05-29 18:00:00.000,0.63612432
2023-05-29 19:00:00.000,0.7848887999999999
2023-05-29 20:00:00.000,0.75643152
2023-05-29 21:00:00.000,0.12690096
2023-05-29 22:00:00.000,0.034935360000000006
2023-05-29 23:00:00.000,0.6516254399999999
2023-05-30 00:00:00.000,0.09323808
2023-05-30 01:00:00.000,0.10457472
2023-05-30 02:00:00.000,0.0971712
2023-05-30 03:00:00.000,0.13511424
2023-05-30 04:00:00.000,0.59089344
2023-05-30 05:00:00.000,0.8315078399999999
2023-05-30 06:00:00.000,1.36456128
2023-05-30 07:00:00.000,1.2567475199999998
2023-05-30 08:00:00.000,1.0418140800000002
2023-05-30 09:00:00.000,0.9528561600000001
2023-05-30 10:00:00.000,0.8128833599999999
2023-05-30 11:00:00.000,0.74602032
2023-05-30 12:00:00.000,0.66354048
2023-05-30 13:00:00.000,0.6533606399999999
2023-05-30 14:00:00.000,0.6940799999999999
2023-05-30 15:00:00.000,0.6881803200000001
2023-05-30 16:00:00.000,0.6881803200000001
2023-05-30 17:00:00.000,0.67962
2023-05-30 18:00:00.000,0.67418304
2023-05-30 19:00:00.000,0.6448003200000001
2023-05-30 20:00:00.000,0.043495679999999995
2023-05-30 21:00:00.000,0.00127248
2023-05-30 22:00:00.000,-0.01492272
2023-05-30 23:00:00.000,-0.0428016
2023-05-31 00:00:00.000,-0.04442112
2023-05-31 01:00:00.000,-0.04384272
2023-05-31 02:00:00.000,-0.04777584
2023-05-31 03:00:00.000,-0.038637120000000004
2023-05-31 04:00:00.000,-0.02984544
2023-05-31 05:00:00.000,-0.0010411199999999998
2023-05-31 06:00:00.000,1.00919232
2023-05-31 07:00:00.000,0.86794704
2023-05-31 08:00:00.000,0.7455575999999999
2023-05-31 09:00:00.000,0.6398260800000001
2023-05-31 10:00:00.000,0.5240304
2023-05-31 11:00:00.000,0.01862448
2023-05-31 12:00:00.000,-0.00023136
2023-05-31 13:00:00.000,-0.00937008
2023-05-31 14:00:00.000,-0.00196656
2023-05-31 15:00:00.000,0.22754256
2023-05-31 16:00:00.000,0.6000321599999999
2023-05-31 17:00:00.000,0.67013424
2023-05-31 18:00:00.000,0.67973568
2023-05-31 19:00:00.000,0.7874337599999999
2023-05-31 20:00:00.000,0.68008272
2023-05-31 21:00:00.000,0.6582192
2023-05-31 22:00:00.000,0.037711680000000004
2023-05-31 23:00:00.000,0.043958399999999995
2023-06-01 00:00:00.000,0.0006940799999999999
2023-06-01 01:00:00.000,0.00011568
2023-06-01 02:00:00.000,0.00092544
2023-06-01 03:00:00.000,0.0156168
2023-06-01 04:00:00.000,0.02394576
2023-06-01 05:00:00.000,0.56868288
2023-06-01 06:00:00.000,1.2082776
2023-06-01 07:00:00.000,0.7949529599999999
2023-06-01 08:00:00.000,0.68621376
2023-06-01 09:00:00.000,0.68274336
2023-06-01 10:00:00.000,0.6319598399999999
2023-06-01 11:00:00.000,0.43877424000000004
2023-06-01 12:00:00.000,0.10804512
2023-06-01 13:00:00.000,0.03481968
2023-06-01 14:00:00.000,0.15073103999999998
2023-06-01 15:00:00.000,0.49360656
2023-06-01 16:00:00.000,0.6900312000000001
2023-06-01 17:00:00.000,0.7276272
2023-06-01 18:00:00.000,0.7260076799999999
2023-06-01 19:00:00.000,0.7400049599999999
2023-06-01 20:00:00.000,0.72311568
2023-06-01 21:00:00.000,0.68956848
2023-06-01 22:00:00.000,0.057724319999999996
2023-06-01 23:00:00.000,0.02336736
2023-06-02 00:00:00.000,0.019318560000000002
2023-06-02 01:00:00.000,0.01769904
2023-06-02 02:00:00.000,0.01804608
2023-06-02 03:00:00.000,0.02463984
2023-06-02 04:00:00.000,0.043264319999999995
2023-06-02 05:00:00.000,0.10133568
2023-06-02 06:00:00.000,0.23112864
2023-06-02 07:00:00.000,0.23101296
2023-06-02 08:00:00.000,0.27786336
2023-06-02 09:00:00.000,0.23055024
2023-06-02 10:00:00.000,0.20348112000000002
2023-06-02 11:00:00.000,0.20220864
2023-06-02 12:00:00.000,0.20405952
2023-06-02 13:00:00.000,0.20752992
2023-06-02 14:00:00.000,0.22222128000000002
2023-06-02 15:00:00.000,0.32806848
2023-06-02 16:00:00.000,0.46352976
2023-06-02 17:00:00.000,0.6358929600000001
2023-06-02 18:00:00.000,0.65856624
2023-06-02 19:00:00.000,0.65058432
2023-06-02 20:00:00.000,0.6408671999999999
2023-06-02 21:00:00.000,0.6192350400000001
2023-06-02 22:00:00.000,0.40892880000000004
2023-06-02 23:00:00.000,0.3713328
2023-06-03 00:00:00.000,0.29081952
2023-06-03 01:00:00.000,0.2481336
2023-06-03 02:00:00.000,0.21516480000000002
2023-06-03 03:00:00.000,0.20845536
2023-06-03 04:00:00.000,0.22511328
2023-06-03 05:00:00.000,0.2683776
2023-06-03 06:00:00.000,0.39944303999999997
2023-06-03 07:00:00.000,0.430908
2023-06-03 08:00:00.000,0.36890352000000004
2023-06-03 09:00:00.000,0.25831344
2023-06-03 10:00:00.000,0.07206864
2023-06-03 11:00:00.000,0.02996112
2023-06-03 12:00:00.000,0.02568096
2023-06-03 13:00:00.000,0.020591039999999998
2023-06-03 14:00:00.000,0.01862448
2023-06-03 15:00:00.000,0.06223584
2023-06-03 16:00:00.000,0.16148928
2023-06-03 17:00:00.000,0.22754256
2023-06-03 18:00:00.000,0.18682320000000002
2023-06-03 19:00:00.000,0.15130944
2023-06-03 20:00:00.000,0.13314768
2023-06-03 21:00:00.000,0.11498591999999999
2023-06-03 22:00:00.000,0.10260815999999999
2023-06-03 23:00:00.000,0.08317392
2023-06-04 00:00:00.000,0.08352095999999999
2023-06-04 01:00:00.000,0.08525616
2023-06-04 02:00:00.000,0.08456208
2023-06-04 03:00:00.000,0.09416352
2023-06-04 04:00:00.000,0.10607856
2023-06-04 05:00:00.000,0.11764656
2023-06-04 06:00:00.000,0.1393944
2023-06-04 07:00:00.000,0.16044815999999998
2023-06-04 08:00:00.000,0.19966368
2023-06-04 09:00:00.000,0.09508896
2023-06-04 10:00:00.000,0.05194032
2023-06-04 11:00:00.000,0.04696607999999999
2023-06-04 12:00:00.000,0.04199184
2023-06-04 13:00:00.000,0.035282400000000005
2023-06-04 14:00:00.000,0.034704
2023-06-04 15:00:00.000,0.05795568
2023-06-04 16:00:00.000,0.1781472
2023-06-04 17:00:00.000,0.17918832
2023-06-04 18:00:00.000,0.26884032
2023-06-04 19:00:00.000,0.31210464000000004
2023-06-04 20:00:00.000,0.25380192
2023-06-04 21:00:00.000,0.1104744
2023-06-04 22:00:00.000,0.0757704
2023-06-04 23:00:00.000,0.013534560000000001
2023-06-05 00:00:00.000,0.00011568
2023-06-05 01:00:00.000,0.0
2023-06-05 02:00:00.000,-0.00023136
2023-06-05 03:00:00.000,0.0
2023-06-05 04:00:00.000,0.00011568
2023-06-05 05:00:00.000,0.029729759999999997
2023-06-05 06:00:00.000,0.25345488
2023-06-05 07:00:00.000,0.15304463999999998
2023-06-05 08:00:00.000,0.07496064
2023-06-05 09:00:00.000,0.05795568
2023-06-05 10:00:00.000,0.05807135999999999
2023-06-05 11:00:00.000,0.057724319999999996
2023-06-05 12:00:00.000,0.05888112
2023-06-05 13:00:00.000,0.05911248
2023-06-05 14:00:00.000,0.06212016
2023-06-05 15:00:00.000,0.05760864
2023-06-05 16:00:00.000,0.06223584
2023-06-05 17:00:00.000,0.07137456
2023-06-05 18:00:00.000,0.08861087999999999
2023-06-05 19:00:00.000,0.09358512000000001
2023-06-05 20:00:00.000,0.09265968
2023-06-05 21:00:00.000,0.0653592
2023-06-05 22:00:00.000,0.061541759999999994
2023-06-05 23:00:00.000,0.060847679999999994
2023-06-06 00:00:00.000,0.0705648
2023-06-06 01:00:00.000,0.08167007999999999
2023-06-06 02:00:00.000,0.09150288000000001
2023-06-06 03:00:00.000,0.11313504
2023-06-06 04:00:00.000,0.16576944
2023-06-06 05:00:00.000,0.21111600000000003
2023-06-06 06:00:00.000,0.25576848
2023-06-06 07:00:00.000,0.30921264000000004
2023-06-06 08:00:00.000,0.31141056000000006
2023-06-06 09:00:00.000,0.2868864
2023-06-06 10:00:00.000,0.2510256
2023-06-06 11:00:00.000,0.25438032
2023-06-06 12:00:00.000,0.22326240000000003
2023-06-06 13:00:00.000,0.22256832
2023-06-06 14:00:00.000,0.21840384000000002
2023-06-06 15:00:00.000,0.22372512
2023-06-06 16:00:00.000,0.25206672
2023-06-06 17:00:00.000,0.28839024
2023-06-06 18:00:00.000,0.29405856
2023-06-06 19:00:00.000,0.2533392
2023-06-06 20:00:00.000,0.2383008
2023-06-06 21:00:00.000,0.22222128000000002
2023-06-06 22:00:00.000,0.21204144
2023-06-06 23:00:00.000,0.26421312
2023-06-07 00:00:00.000,0.25264512
2023-06-07 01:00:00.000,0.24304367999999998
2023-06-07 02:00:00.000,0.24940608
2023-06-07 03:00:00.000,0.26051136
2023-06-07 04:00:00.000,0.30620496
2023-06-07 05:00:00.000,0.39354336
2023-06-07 06:00:00.000,0.47336256
2023-06-07 07:00:00.000,0.5627831999999999
2023-06-07 08:00:00.000,0.47336256
2023-06-07 09:00:00.000,0.42639648
2023-06-07 10:00:00.000,0.40013711999999996
2023-06-07 11:00:00.000,0.34657728
2023-06-07 12:00:00.000,0.31962384
2023-06-07 13:00:00.000,0.30585792
2023-06-07 14:00:00.000,0.29683488
2023-06-07 15:00:00.000,0.30099936000000005
2023-06-07 16:00:00.000,0.30412272
2023-06-07 17:00:00.000,0.31256736
2023-06-07 18:00:00.000,0.3111792
2023-06-07 19:00:00.000,0.28781184000000004
2023-06-07 20:00:00.000,0.25553712
2023-06-07 21:00:00.000,0.22407216
2023-06-07 22:00:00.000,0.19006224
2023-06-07 23:00:00.000,0.22465056
2023-06-08 00:00:00.000,0.225576
2023-06-08 01:00:00.000,0.22453488
2023-06-08 02:00:00.000,0.22291535999999998
2023-06-08 03:00:00.000,0.22476624
2023-06-08 04:00:00.000,0.22939344
2023-06-08 05:00:00.000,0.28931567999999996
2023-06-08 06:00:00.000,0.32517648000000005
2023-06-08 07:00:00.000,0.34160304
2023-06-08 08:00:00.000,0.32216880000000003
2023-06-08 09:00:00.000,0.31742592000000003
2023-06-08 10:00:00.000,0.30516384
2023-06-08 11:00:00.000,0.30794016
2023-06-08 12:00:00.000,0.29995824
2023-06-08 13:00:00.000,0.29209199999999996
2023-06-08 14:00:00.000,0.29220767999999997
2023-06-08 15:00:00.000,0.29186064
2023-06-08 16:00:00.000,0.29764463999999996
2023-06-08 17:00:00.000,0.30886559999999996
2023-06-08 18:00:00.000,0.31198896000000004
2023-06-08 19:00:00.000,0.30643632000000004
2023-06-08 20:00:00.000,0.30215616
2023-06-08 21:00:00.000,0.27740064000000003
2023-06-08 22:00:00.000,0.22835232
2023-06-08 23:00:00.000,0.24038304
2023-06-09 00:00:00.000,0.27740064000000003
2023-06-09 01:00:00.000,0.30689904
2023-06-09 02:00:00.000,0.32390399999999997
2023-06-09 03:00:00.000,0.329688
2023-06-09 04:00:00.000,0.37237392
2023-06-09 05:00:00.000,0.45855552
2023-06-09 06:00:00.000,0.50054736
2023-06-09 07:00:00.000,0.5161641599999999
2023-06-09 08:00:00.000,0.49059888
2023-06-09 09:00:00.000,0.47972496000000003
2023-06-09 10:00:00.000,0.46827264
2023-06-09 11:00:00.000,0.44930112
2023-06-09 12:00:00.000,0.39203952
2023-06-09 13:00:00.000,0.36705264
2023-06-09 14:00:00.000,0.36925056
2023-06-09 15:00:00.000,0.39886464
2023-06-09 16:00:00.000,0.45265584000000003
2023-06-09 17:00:00.000,0.47752704
2023-06-09 18:00:00.000,0.48180720000000005
2023-06-09 19:00:00.000,0.45138335999999996
2023-06-09 20:00:00.000,0.38764368
2023-06-09 21:00:00.000,0.34345391999999997
2023-06-09 22:00:00.000,0.28434144
2023-06-09 23:00:00.000,0.24015168
2023-06-10 00:00:00.000,0.23471472
2023-06-10 01:00:00.000,0.23182272
2023-06-10 02:00:00.000,0.23228543999999998
2023-06-10 03:00:00.000,0.23633424
2023-06-10 04:00:00.000,0.2423496
2023-06-10 05:00:00.000,0.30874992
2023-06-10 06:00:00.000,0.41806752
2023-06-10 07:00:00.000,0.46167888
2023-06-10 08:00:00.000,0.45728304000000003
2023-06-10 09:00:00.000,0.29625648
2023-06-10 10:00:00.000,0.14934288
2023-06-10 11:00:00.000,0.05275008
2023-06-10 12:00:00.000,0.15408576
2023-06-10 13:00:00.000,0.09913776
2023-06-10 14:00:00.000,0.11972880000000001
2023-06-10 15:00:00.000,0.1579032
2023-06-10 16:00:00.000,0.38625551999999996
2023-06-10 17:00:00.000,0.49036752
2023-06-10 18:00:00.000,0.49568880000000004
2023-06-10 19:00:00.000,0.48041904
2023-06-10 20:00:00.000,0.40476432
2023-06-10 21:00:00.000,0.27809472
2023-06-10 22:00:00.000,0.20278704
2023-06-10 23:00:00.000,0.12643823999999998
2023-06-11 00:00:00.000,0.05228735999999999
2023-06-11 01:00:00.000,0.05240304
2023-06-11 02:00:00.000,0.053906880000000004
2023-06-11 03:00:00.000,0.08664432
2023-06-11 04:00:00.000,0.11035872000000001
2023-06-11 05:00:00.000,0.1954992
2023-06-11 06:00:00.000,0.23679696
2023-06-11 07:00:00.000,0.32899392
2023-06-11 08:00:00.000,0.1839312
2023-06-11 09:00:00.000,0.00011568
2023-06-11 10:00:00.000,-0.01943424
2023-06-11 11:00:00.000,-0.04002528
2023-06-11 12:00:00.000,-0.05853408
2023-06-11 13:00:00.000,-0.05888112
2023-06-11 14:00:00.000,-0.06061632
2023-06-11 15:00:00.000,-0.0011568000000000001
2023-06-11 16:00:00.000,0.20833968
2023-06-11 17:00:00.000,0.2203704
2023-06-11 18:00:00.000,0.31164192
2023-06-11 19:00:00.000,0.23806944
2023-06-11 20:00:00.000,0.22060176
2023-06-11 21:00:00.000,0.21609024
2023-06-11 22:00:00.000,0.20116752
2023-06-11 23:00:00.000,0.21181008
2023-06-12 00:00:00.000,0.21007488000000002
2023-06-12 01:00:00.000,0.21042192
2023-06-12 02:00:00.000,0.21609024
2023-06-12 03:00:00.000,0.29533104000000004
2023-06-12 04:00:00.000,0.37318367999999996
2023-06-12 05:00:00.000,0.47648592
2023-06-12 06:00:00.000,0.5204443200000001
2023-06-12 07:00:00.000,0.55422288
2023-06-12 08:00:00.000,0.51951888
2023-06-12 09:00:00.000,0.49025184
2023-06-12 10:00:00.000,0.46780992
2023-06-12 11:00:00.000,0.45427535999999996
2023-06-12 12:00:00.000,0.42570240000000004
2023-06-12 13:00:00.000,0.36774671999999997
2023-06-12 14:00:00.000,0.33362112
2023-06-12 15:00:00.000,0.33443088
2023-06-12 16:00:00.000,0.38764368
2023-06-12 17:00:00.000,0.42200064
2023-06-12 18:00:00.000,0.42130656
2023-06-12 19:00:00.000,0.3944688
2023-06-12 20:00:00.000,0.26803056000000003
2023-06-12 21:00:00.000,0.20035776000000002
2023-06-12 22:00:00.000,0.11637408
2023-06-12 23:00:00.000,0.052518720000000005
2023-06-13 00:00:00.000,0.0937008
2023-06-13 01:00:00.000,0.0937008
2023-06-13 02:00:00.000,0.13106544
2023-06-13 03:00:00.000,0.16380287999999998
2023-06-13 04:00:00.000,0.21319824
2023-06-13 05:00:00.000,0.48215424
2023-06-13 06:00:00.000,0.63866928
2023-06-13 07:00:00.000,0.6467668799999999
2023-06-13 08:00:00.000,0.64908048
2023-06-13 09:00:00.000,0.6417926399999999
2023-06-13 10:00:00.000,0.62686992
2023-06-13 11:00:00.000,0.6297619199999999
2023-06-13 12:00:00.000,0.5807136
2023-06-13 13:00:00.000,0.561048
2023-06-13 14:00:00.000,0.6399417599999999
2023-06-13 15:00:00.000,0.64746096
2023-06-13 16:00:00.000,0.66932448
2023-06-13 17:00:00.000,0.66261504
2023-06-13 18:00:00.000,0.69269184
2023-06-13 19:00:00.000,0.69315456
2023-06-13 20:00:00.000,0.6727948799999999
2023-06-13 21:00:00.000,0.6552115199999999
2023-06-13 22:00:00.000,0.63346368
2023-06-13 23:00:00.000,0.6520881599999999
2023-06-14 00:00:00.000,0.65139408
2023-06-14 01:00:00.000,0.6507
2023-06-14 02:00:00.000,0.64792368
2023-06-14 03:00:00.000,0.6603014399999999
2023-06-14 04:00:00.000,0.7145553600000001
2023-06-14 05:00:00.000,0.7571256
2023-06-14 06:00:00.000,0.81242064
2023-06-14 07:00:00.000,0.85406544
2023-06-14 08:00:00.000,0.8291942400000001
2023-06-14 09:00:00.000,0.8103384
2023-06-14 10:00:00.000,0.78188112
2023-06-14 11:00:00.000,0.8087188799999999
2023-06-14 12:00:00.000,0.79055712
2023-06-14 13:00:00.000,0.7919452799999999
2023-06-14 14:00:00.000,0.80987568
2023-06-14 15:00:00.000,0.8258395199999999
2023-06-14 16:00:00.000,0.8567260800000001
2023-06-14 17:00:00.000,0.8360193599999999
2023-06-14 18:00:00.000,0.83266464
2023-06-14 19:00:00.000,0.8102227200000001
2023-06-14 20:00:00.000,0.7344523199999999
2023-06-14 21:00:00.000,0.6673579199999999
2023-06-14 22:00:00.000,0.58395264
2023-06-14 23:00:00.000,0.6090552
2023-06-15 00:00:00.000,0.56070096
2023-06-15 01:00:00.000,0.55919712
2023-06-15 02:00:00.000,0.5814076799999999
2023-06-15 03:00:00.000,0.6000321599999999
2023-06-15 04:00:00.000,0.676728
2023-06-15 05:00:00.000,0.70206192
2023-06-15 06:00:00.000,0.78037728
2023-06-15 07:00:00.000,0.83590368
2023-06-15 08:00:00.000,0.8086032
2023-06-15 09:00:00.000,0.79287072
2023-06-15 10:00:00.000,0.78350064
2023-06-15 11:00:00.000,0.7874337599999999
2023-06-15 12:00:00.000,0.8114952000000001
2023-06-15 13:00:00.000,0.8090659199999999
2023-06-15 14:00:00.000,0.786624
2023-06-15 15:00:00.000,0.7752873599999999
2023-06-15 16:00:00.000,0.78558288
2023-06-15 17:00:00.000,0.8087188799999999
2023-06-15 18:00:00.000,0.79460592
2023-06-15 19:00:00.000,0.73595616
2023-06-15 20:00:00.000,0.69951696
2023-06-15 21:00:00.000,0.65752512
2023-06-15 22:00:00.000,0.5955206399999999
2023-06-15 23:00:00.000,0.7288996799999999
2023-06-16 00:00:00.000,0.70599504
2023-06-16 01:00:00.000,0.6939643200000001
2023-06-16 02:00:00.000,0.6507
2023-06-16 03:00:00.000,0.70518528
2023-06-16 04:00:00.000,0.73491504
2023-06-16 05:00:00.000,0.7096967999999999
2023-06-16 06:00:00.000,0.86216304
2023-06-16 07:00:00.000,1.00167312
2023-06-16 08:00:00.000,1.00387104
2023-06-16 09:00:00.000,0.9021883199999999
2023-06-16 10:00:00.000,0.7954156800000001
2023-06-16 11:00:00.000,0.7743619199999999
2023-06-16 12:00:00.000,0.7479868799999999
2023-06-16 13:00:00.000,0.7241567999999999
2023-06-16 14:00:00.000,0.7253136000000001
2023-06-16 15:00:00.000,0.74127744
2023-06-16 16:00:00.000,0.7627939199999999
2023-06-16 17:00:00.000,0.7701974399999999
2023-06-16 18:00:00.000,0.7422028799999999
2023-06-16 19:00:00.000,0.69049392
2023-06-16 20:00:00.000,0.6461884800000001
2023-06-16 21:00:00.000,0.5922816000000001
2023-06-16 22:00:00.000,0.44606207999999997
2023-06-16 23:00:00.000,0.55040544
2023-06-17 00:00:00.000,0.52495584
2023-06-17 01:00:00.000,0.54577824
2023-06-17 02:00:00.000,0.58152336
2023-06-17 03:00:00.000,0.58406832
2023-06-17 04:00:00.000,0.59968512
2023-06-17 05:00:00.000,0.6149548799999999
2023-06-17 06:00:00.000,0.6325382399999999
2023-06-17 07:00:00.000,0.64352784
2023-06-17 08:00:00.000,0.63704976
2023-06-17 09:00:00.000,0.62999328
2023-06-17 10:00:00.000,0.6227054399999999
2023-06-17 11:00:00.000,0.6398260800000001
2023-06-17 12:00:00.000,0.5598911999999999
2023-06-17 13:00:00.000,0.46665312
2023-06-17 14:00:00.000,0.6375124799999999
2023-06-17 15:00:00.000,0.6437592
2023-06-17 16:00:00.000,0.66516
2023-06-17 17:00:00.000,0.68089248
2023-06-17 18:00:00.000,0.668052
2023-06-17 19:00:00.000,0.63068736
2023-06-17 20:00:00.000,0.6132196799999999
2023-06-17 21:00:00.000,0.58834848
2023-06-17 22:00:00.000,0.48863232
2023-06-17 23:00:00.000,0.43206479999999997
2023-06-18 00:00:00.000,0.28434144
2023-06-18 01:00:00.000,0.28260624
2023-06-18 02:00:00.000,0.28040831999999993
2023-06-18 03:00:00.000,0.3111792
2023-06-18 04:00:00.000,0.4951104
2023-06-18 05:00:00.000,0.54924864
2023-06-18 06:00:00.000,0.58256448
2023-06-18 07:00:00.000,0.6111374399999999
2023-06-18 08:00:00.000,0.6353145600000001
2023-06-18 09:00:00.000,0.64734528
2023-06-18 10:00:00.000,0.60570048
2023-06-18 11:00:00.000,0.52969872
2023-06-18 12:00:00.000,0.3481968
2023-06-18 13:00:00.000,0.29833872
2023-06-18 14:00:00.000,0.56660064
2023-06-18 15:00:00.000,0.6500059199999999
2023-06-18 16:00:00.000,0.6501216000000001
2023-06-18 17:00:00.000,0.659376
2023-06-18 18:00:00.000,0.65810352
2023-06-18 19:00:00.000,0.63762816
2023-06-18 20:00:00.000,0.61958208
2023-06-18 21:00:00.000,0.59309136
2023-06-18 22:00:00.000,0.5730787199999999
2023-06-18 23:00:00.000,0.57076512
2023-06-19 00:00:00.000,0.5476291200000001
2023-06-19 01:00:00.000,0.55676784
2023-06-19 02:00:00.000,0.57654912
2023-06-19 03:00:00.000,0.61588032
2023-06-19 04:00:00.000,0.6576408
2023-06-19 05:00:00.000,0.8400681600000001
2023-06-19 06:00:00.000,1.0191408
2023-06-19 07:00:00.000,1.4852155199999995
2023-06-19 08:00:00.000,1.3378392
2023-06-19 09:00:00.000,1.11411408
2023-06-19 10:00:00.000,1.0405416
2023-06-19 11:00:00.000,1.01312544
2023-06-19 12:00:00.000,0.99843408
2023-06-19 13:00:00.000,0.98767584
2023-06-19 14:00:00.000,0.98293296
2023-06-19 15:00:00.000,0.97564512
2023-06-19 16:00:00.000,0.9855936000000001
2023-06-19 17:00:00.000,0.9840897599999998
2023-06-19 18:00:00.000,0.97784304
2023-06-19 19:00:00.000,0.97252176
2023-06-19 20:00:00.000,0.8676
2023-06-19 21:00:00.000,0.723
2023-06-19 22:00:00.000,0.66782064
2023-06-19 23:00:00.000,0.65278224
2023-06-20 00:00:00.000,0.64746096
2023-06-20 01:00:00.000,0.6448003200000001
2023-06-20 02:00:00.000,0.64005744
2023-06-20 03:00:00.000,0.6449159999999999
2023-06-20 04:00:00.000,0.64746096
2023-06-20 05:00:00.000,0.68147088
2023-06-20 06:00:00.000,0.78118704
2023-06-20 07:00:00.000,0.90820368
2023-06-20 08:00:00.000,0.7999272000000001
2023-06-20 09:00:00.000,0.7524983999999999
2023-06-20 10:00:00.000,0.71802576
2023-06-20 11:00:00.000,0.73479936
2023-06-20 12:00:00.000,0.69037824
2023-06-20 13:00:00.000,0.68066112
2023-06-20 14:00:00.000,0.6874862399999999
2023-06-20 15:00:00.000,0.7131672
2023-06-20 16:00:00.000,0.7455575999999999
2023-06-20 17:00:00.000,0.7935647999999998
2023-06-20 18:00:00.000,0.8171635199999999
2023-06-20 19:00:00.000,0.72508224
2023-06-20 20:00:00.000,0.69650928
2023-06-20 21:00:00.000,0.66249936
2023-06-20 22:00:00.000,0.6461884800000001
2023-06-20 23:00:00.000,0.64815504
2023-06-21 00:00:00.000,0.5945952
2023-06-21 01:00:00.000,0.5548012800000001
2023-06-21 02:00:00.000,0.55792464
2023-06-21 03:00:00.000,0.6192350400000001
2023-06-21 04:00:00.000,0.65486448
2023-06-21 05:00:00.000,0.6780004799999999
2023-06-21 06:00:00.000,0.7742462400000001
2023-06-21 07:00:00.000,0.8947847999999999
2023-06-21 08:00:00.000,0.803976
2023-06-21 09:00:00.000,0.7351464
2023-06-21 10:00:00.000,0.6848256
2023-06-21 11:00:00.000,0.68551968
2023-06-21 12:00:00.000,0.67510848
2023-06-21 13:00:00.000,0.67314192
2023-06-21 14:00:00.000,0.6766123199999999
2023-06-21 15:00:00.000,0.6778848000000001
2023-06-21 16:00:00.000,0.68505696
2023-06-21 17:00:00.000,0.6888743999999999
2023-06-21 18:00:00.000,0.67996704
2023-06-21 19:00:00.000,0.6583348799999998
2023-06-21 20:00:00.000,0.6450316799999999
2023-06-21 21:00:00.000,0.5899679999999999
2023-06-21 22:00:00.000,0.52484016
2023-06-21 23:00:00.000,0.55318176
2023-06-22 00:00:00.000,0.52414608
2023-06-22 01:00:00.000,0.4794936
2023-06-22 02:00:00.000,0.47509776
2023-06-22 03:00:00.000,0.5246088
2023-06-22 04:00:00.000,0.57678048
2023-06-22 05:00:00.000,0.5849937599999999
2023-06-22 06:00:00.000,0.6389006399999999
2023-06-22 07:00:00.000,0.68841168
2023-06-22 08:00:00.000,0.6847099199999999
2023-06-22 09:00:00.000,0.61206288
2023-06-22 10:00:00.000,0.59482656
2023-06-22 11:00:00.000,0.5796724799999999
2023-06-22 12:00:00.000,0.56208912
2023-06-22 13:00:00.000,0.55549536
2023-06-22 14:00:00.000,0.54045696
2023-06-22 15:00:00.000,0.48655008
2023-06-22 16:00:00.000,0.5159328000000001
2023-06-22 17:00:00.000,0.5580403199999999
2023-06-22 18:00:00.000,0.5656752
2023-06-22 19:00:00.000,0.5657908799999999
2023-06-22 20:00:00.000,0.56660064
2023-06-22 21:00:00.000,0.54392736
2023-06-22 22:00:00.000,0.25761935999999996
2023-06-22 23:00:00.000,0.18855840000000001
2023-06-23 00:00:00.000,0.11475455999999999
2023-06-23 01:00:00.000,0.042917279999999995
2023-06-23 02:00:00.000,0.026259360000000002
2023-06-23 03:00:00.000,0.03921552
2023-06-23 04:00:00.000,0.12065424
2023-06-23 05:00:00.000,0.20220864
2023-06-23 06:00:00.000,0.36508608
2023-06-23 07:00:00.000,0.22395647999999999
2023-06-23 08:00:00.000,0.20116752
2023-06-23 09:00:00.000,0.18717024000000002
2023-06-23 10:00:00.000,0.11822495999999999
2023-06-23 11:00:00.000,0.06246720000000001
2023-06-23 12:00:00.000,0.03030816
2023-06-23 13:00:00.000,0.02614368
2023-06-23 14:00:00.000,0.02579664
2023-06-23 15:00:00.000,0.039331200000000004
2023-06-23 16:00:00.000,0.13974144
2023-06-23 17:00:00.000,0.19711872
2023-06-23 18:00:00.000,0.1943424
2023-06-23 19:00:00.000,0.18797999999999998
2023-06-23 20:00:00.000,0.18589776
2023-06-23 21:00:00.000,0.1723632
2023-06-23 22:00:00.000,0.11521728
2023-06-23 23:00:00.000,0.052056
2023-06-24 00:00:00.000,0.034588320000000006
2023-06-24 01:00:00.000,0.02637504
2023-06-24 02:00:00.000,0.02614368
2023-06-24 03:00:00.000,0.039909599999999996
2023-06-24 04:00:00.000,0.11579568
2023-06-24 05:00:00.000,0.19191312
2023-06-24 06:00:00.000,0.21493344
2023-06-24 07:00:00.000,0.23390496
2023-06-24 08:00:00.000,0.24686112
2023-06-24 09:00:00.000,0.25287647999999996
2023-06-24 10:00:00.000,0.25368624
2023-06-24 11:00:00.000,0.17340431999999997
2023-06-24 12:00:00.000,0.021979199999999997
2023-06-24 13:00:00.000,0.0035860799999999997
2023-06-24 14:00:00.000,0.11568
2023-06-24 15:00:00.000,0.31835135999999997
2023-06-24 16:00:00.000,0.6014203199999999
2023-06-24 17:00:00.000,0.59008368
2023-06-24 18:00:00.000,0.61391376
2023-06-24 19:00:00.000,0.6016516799999999
2023-06-24 20:00:00.000,0.58256448
2023-06-24 21:00:00.000,0.5240304
2023-06-24 22:00:00.000,0.4455993600000001
2023-06-24 23:00:00.000,0.5722689599999999
2023-06-25 00:00:00.000,0.52854192
2023-06-25 01:00:00.000,0.44097215999999995
2023-06-25 02:00:00.000,0.40233504
2023-06-25 03:00:00.000,0.4933752
2023-06-25 04:00:00.000,0.5366395199999999
2023-06-25 05:00:00.000,0.61992912
2023-06-25 06:00:00.000,0.6460728
2023-06-25 07:00:00.000,0.624672
2023-06-25 08:00:00.000,0.37653840000000005
2023-06-25 09:00:00.000,0.11475455999999999
2023-06-25 10:00:00.000,0.00219792
2023-06-25 11:00:00.000,0.010295519999999999
2023-06-25 12:00:00.000,0.01145232
2023-06-25 13:00:00.000,0.01110528
2023-06-25 14:00:00.000,0.06397104
2023-06-25 15:00:00.000,0.25044720000000004
2023-06-25 16:00:00.000,0.6851726399999999
2023-06-25 17:00:00.000,0.7160591999999999
2023-06-25 18:00:00.000,0.7114320000000001
2023-06-25 19:00:00.000,0.7003267200000001
2023-06-25 20:00:00.000,0.69442704
2023-06-25 21:00:00.000,0.676728
2023-06-25 22:00:00.000,0.6507
2023-06-25 23:00:00.000,0.7507632000000001
2023-06-26 00:00:00.000,0.69951696
2023-06-26 01:00:00.000,0.6930388799999999
2023-06-26 02:00:00.000,0.6843628799999999
2023-06-26 03:00:00.000,0.6874862399999999
2023-06-26 04:00:00.000,0.7514572799999999
2023-06-26 05:00:00.000,0.85637904
2023-06-26 06:00:00.000,1.5004852800000001
2023-06-26 07:00:00.000,1.39486944
2023-06-26 08:00:00.000,1.1743833599999998
2023-06-26 09:00:00.000,1.0168272
2023-06-26 10:00:00.000,0.9416352
2023-06-26 11:00:00.000,0.8666745600000001
2023-06-26 12:00:00.000,0.6963936
2023-06-26 13:00:00.000,0.613104
2023-06-26 14:00:00.000,0.6449159999999999
2023-06-26 15:00:00.000,0.7467144
2023-06-26 16:00:00.000,0.9404783999999999
2023-06-26 17:00:00.000,1.02237984
2023-06-26 18:00:00.000,1.0406572799999998
2023-06-26 19:00:00.000,0.98223888
2023-06-26 20:00:00.000,0.80247216
2023-06-26 21:00:00.000,0.7339896
2023-06-26 22:00:00.000,0.65856624
2023-06-26 23:00:00.000,0.75226704
2023-06-27 00:00:00.000,0.72369408
2023-06-27 01:00:00.000,0.73271712
2023-06-27 02:00:00.000,0.7530767999999999
2023-06-27 03:00:00.000,0.7850044799999999
2023-06-27 04:00:00.000,0.8383329599999999
2023-06-27 05:00:00.000,1.1798203199999997
2023-06-27 06:00:00.000,1.04088864
2023-06-27 07:00:00.000,1.0472510400000001
2023-06-27 08:00:00.000,0.8999903999999999
2023-06-27 09:00:00.000,0.92104416
2023-06-27 10:00:00.000,0.9063528
2023-06-27 11:00:00.000,0.8179732799999999
2023-06-27 12:00:00.000,0.7521513599999999
2023-06-27 13:00:00.000,0.78801216
2023-06-27 14:00:00.000,0.88009344
2023-06-27 15:00:00.000,0.8833324799999999
2023-06-27 16:00:00.000,0.93446304
2023-06-27 17:00:00.000,1.0617110399999998
2023-06-27 18:00:00.000,1.2103598399999997
2023-06-27 19:00:00.000,1.1080987199999999
2023-06-27 20:00:00.000,1.3246516799999999
2023-06-27 21:00:00.000,1.06032288
2023-06-27 22:00:00.000,0.9138719999999999
2023-06-27 23:00:00.000,0.9463780799999999
2023-06-28 00:00:00.000,0.8851833599999999
2023-06-28 01:00:00.000,0.86112192
2023-06-28 02:00:00.000,0.85765152
2023-06-28 03:00:00.000,0.8606592000000001
2023-06-28 04:00:00.000,1.06564416
2023-06-28 05:00:00.000,1.34223504
2023-06-28 06:00:00.000,1.521192
2023-06-28 07:00:00.000,1.47977856
2023-06-28 08:00:00.000,1.3147031999999998
2023-06-28 09:00:00.000,1.17866352
2023-06-28 10:00:00.000,1.1487024
2023-06-28 11:00:00.000,1.1704502399999999
2023-06-28 12:00:00.000,1.12695456
2023-06-28 13:00:00.000,1.10578512
2023-06-28 14:00:00.000,1.10347152
2023-06-28 15:00:00.000,1.1290368000000002
2023-06-28 16:00:00.000,1.23870144
2023-06-28 17:00:00.000,1.4913465599999995
2023-06-28 18:00:00.000,1.79512224
2023-06-28 19:00:00.000,1.92456816
2023-06-28 20:00:00.000,1.8231168
2023-06-28 21:00:00.000,1.61952
2023-06-28 22:00:00.000,1.23291744
2023-06-28 23:00:00.000,1.1568
2023-06-29 00:00:00.000,1.07455152
2023-06-29 01:00:00.000,1.04158272
2023-06-29 02:00:00.000,1.04042592
2023-06-29 03:00:00.000,1.046904
2023-06-29 04:00:00.000,1.2083932799999997
2023-06-29 05:00:00.000,1.40909808
2023-06-29 06:00:00.000,1.5102023999999998
2023-06-29 07:00:00.000,1.50742608
2023-06-29 08:00:00.000,1.3463995199999998
2023-06-29 09:00:00.000,1.2256296
2023-06-29 10:00:00.000,1.1406047999999998
2023-06-29 11:00:00.000,1.1566843199999999
2023-06-29 12:00:00.000,1.13644032
2023-06-29 13:00:00.000,1.1406047999999998
2023-06-29 14:00:00.000,1.1568
2023-06-29 15:00:00.000,1.16975616
2023-06-29 16:00:00.000,1.2959630400000002
2023-06-29 17:00:00.000,1.51841568
2023-06-29 18:00:00.000,1.9231800000000001
2023-06-29 19:00:00.000,1.5055752
2023-06-29 20:00:00.000,1.3112328
2023-06-29 21:00:00.000,1.1568
2023-06-29 22:00:00.000,1.11041232
2023-06-29 23:00:00.000,0.9844368
2023-06-30 00:00:00.000,0.8772014399999999
2023-06-30 01:00:00.000,0.85279296
2023-06-30 02:00:00.000,0.83092944
2023-06-30 03:00:00.000,0.83312736
2023-06-30 04:00:00.000,0.8843736
2023-06-30 05:00:00.000,0.96234192
2023-06-30 06:00:00.000,1.0811452799999999
2023-06-30 07:00:00.000,1.13458944
2023-06-30 08:00:00.000,0.9821232
2023-06-30 09:00:00.000,0.98304864
2023-06-30 10:00:00.000,0.97552944
2023-06-30 11:00:00.000,0.94151952
2023-06-30 12:00:00.000,0.9255556800000001
2023-06-30 13:00:00.000,0.9156072000000001
2023-06-30 14:00:00.000,0.8825227200000001
2023-06-30 15:00:00.000,0.80594256
2023-06-30 16:00:00.000,0.7970352
2023-06-30 17:00:00.000,0.79981152
2023-06-30 18:00:00.000,0.7896316800000001
2023-06-30 19:00:00.000,0.7472928
2023-06-30 20:00:00.000,0.69616224
2023-06-30 21:00:00.000,0.65451744
2023-06-30 22:00:00.000,0.4621416
2023-06-30 23:00:00.000,0.25877616
2023-07-01 00:00:00.000,0.23702832000000001
2023-07-01 01:00:00.000,0.23332656
2023-07-01 02:00:00.000,0.23089727999999998
2023-07-01 03:00:00.000,0.22869936000000002
2023-07-01 04:00:00.000,0.2330952
2023-07-01 05:00:00.000,0.32344128
2023-07-01 06:00:00.000,0.45508512
2023-07-01 07:00:00.000,0.29220767999999997
2023-07-01 08:00:00.000,0.34033056
2023-07-01 09:00:00.000,0.34553616
2023-07-01 10:00:00.000,0.28468848
2023-07-01 11:00:00.000,0.19468944
2023-07-01 12:00:00.000,0.05124623999999999
2023-07-01 13:00:00.000,0.0008097600000000001
2023-07-01 14:00:00.000,0.01145232
2023-07-01 15:00:00.000,0.14656655999999998
2023-07-01 16:00:00.000,0.6061632
2023-07-01 17:00:00.000,0.64595712
2023-07-01 18:00:00.000,0.67314192
2023-07-01 19:00:00.000,0.6463041599999999
2023-07-01 20:00:00.000,0.64283376
2023-07-01 21:00:00.000,0.63762816
2023-07-01 22:00:00.000,0.5244931199999999
2023-07-01 23:00:00.000,0.1902936
2023-07-02 00:00:00.000,0.036670560000000005
2023-07-02 01:00:00.000,0.00011568
2023-07-02 02:00:00.000,0.0
2023-07-02 03:00:00.000,-0.0003470399999999999
2023-07-02 04:00:00.000,-0.0005784000000000001
2023-07-02 05:00:00.000,-0.0005784000000000001
2023-07-02 06:00:00.000,-0.005784
2023-07-02 07:00:00.000,-0.0341256
2023-07-02 08:00:00.000,-0.05818704
2023-07-02 09:00:00.000,-0.04904832
2023-07-02 10:00:00.000,-0.03551376
2023-07-02 11:00:00.000,-0.02892
2023-07-02 12:00:00.000,-0.04870128
2023-07-02 13:00:00.000,-0.07658016
2023-07-02 14:00:00.000,-0.07044911999999999
2023-07-02 15:00:00.000,-0.04962672
2023-07-02 16:00:00.000,-0.01237776
2023-07-02 17:00:00.000,0.0
2023-07-02 18:00:00.000,0.057492959999999996
2023-07-02 19:00:00.000,0.32934096
2023-07-02 20:00:00.000,0.32714304
2023-07-02 21:00:00.000,0.24674544
2023-07-02 22:00:00.000,0.19468944
2023-07-02 23:00:00.000,0.248712
2023-07-03 00:00:00.000,0.23101296
2023-07-03 01:00:00.000,0.20521632
2023-07-03 02:00:00.000,0.11487024
2023-07-03 03:00:00.000,0.11463888
2023-07-03 04:00:00.000,0.20787696
2023-07-03 05:00:00.000,0.46202592
2023-07-03 06:00:00.000,0.6397103999999999
2023-07-03 07:00:00.000,0.66701088
2023-07-03 08:00:00.000,0.48192288
2023-07-03 09:00:00.000,0.24362208000000002
2023-07-03 10:00:00.000,0.20070480000000002
2023-07-03 11:00:00.000,0.190872
2023-07-03 12:00:00.000,0.17051232
2023-07-03 13:00:00.000,0.12828912
2023-07-03 14:00:00.000,0.11556432
2023-07-03 15:00:00.000,0.19792848000000002
2023-07-03 16:00:00.000,0.25403328
2023-07-03 17:00:00.000,0.60732
2023-07-03 18:00:00.000,0.6547487999999999
2023-07-03 19:00:00.000,0.62328384
2023-07-03 20:00:00.000,0.59193456
2023-07-03 21:00:00.000,0.52484016
2023-07-03 22:00:00.000,0.4274376
2023-07-03 23:00:00.000,0.2625936
2023-07-04 00:00:00.000,0.24905904
2023-07-04 01:00:00.000,0.23136
2023-07-04 02:00:00.000,0.2290464
2023-07-04 03:00:00.000,0.25067856
2023-07-04 04:00:00.000,0.2886216
2023-07-04 05:00:00.000,0.54358032
2023-07-04 06:00:00.000,0.7339896
2023-07-04 07:00:00.000,0.75087888
2023-07-04 08:00:00.000,0.71710032
2023-07-04 09:00:00.000,0.4297512
2023-07-04 10:00:00.000,0.27265775999999997
2023-07-04 11:00:00.000,0.27982992
2023-07-04 12:00:00.000,0.27601248
2023-07-04 13:00:00.000,0.27485568
2023-07-04 14:00:00.000,0.45369696
2023-07-04 15:00:00.000,0.59274432
2023-07-04 16:00:00.000,0.62189568
2023-07-04 17:00:00.000,0.63693408
2023-07-04 18:00:00.000,0.728784
2023-07-04 19:00:00.000,0.70553232
2023-07-04 20:00:00.000,0.64746096
2023-07-04 21:00:00.000,0.6339263999999999
2023-07-04 22:00:00.000,0.5784
2023-07-04 23:00:00.000,0.50471184
2023-07-05 00:00:00.000,0.39990576
2023-07-05 01:00:00.000,0.35548464
2023-07-05 02:00:00.000,0.34692432
2023-07-05 03:00:00.000,0.36913488
2023-07-05 04:00:00.000,0.44721888
2023-07-05 05:00:00.000,0.53837472
2023-07-05 06:00:00.000,0.63716544
2023-07-05 07:00:00.000,0.6732576
2023-07-05 08:00:00.000,0.7210334399999999
2023-07-05 09:00:00.000,0.7186041599999999
2023-07-05 10:00:00.000,0.57284736
2023-07-05 11:00:00.000,0.53016144
2023-07-05 12:00:00.000,0.5205599999999999
2023-07-05 13:00:00.000,0.49904352
2023-07-05 14:00:00.000,0.4794936
2023-07-05 15:00:00.000,0.45369696
2023-07-05 16:00:00.000,0.5506368
2023-07-05 17:00:00.000,0.68170224
2023-07-05 18:00:00.000,0.7794518399999999
2023-07-05 19:00:00.000,0.723
2023-07-05 20:00:00.000,0.64734528
2023-07-05 21:00:00.000,0.6009576
2023-07-05 22:00:00.000,0.53247504
2023-07-05 23:00:00.000,0.46896672
2023-07-06 00:00:00.000,0.4314864
2023-07-06 01:00:00.000,0.42558672000000003
2023-07-06 02:00:00.000,0.42790032
2023-07-06 03:00:00.000,0.47845247999999996
2023-07-06 04:00:00.000,0.54126672
2023-07-06 05:00:00.000,0.63785952
2023-07-06 06:00:00.000,0.71686896
2023-07-06 07:00:00.000,0.74359104
2023-07-06 08:00:00.000,0.73364256
2023-07-06 09:00:00.000,0.7251979199999999
2023-07-06 10:00:00.000,0.6977817599999999
2023-07-06 11:00:00.000,0.65405472
2023-07-06 12:00:00.000,0.65856624
2023-07-06 13:00:00.000,0.6458414399999999
2023-07-06 14:00:00.000,0.63624
2023-07-06 15:00:00.000,0.6003792
2023-07-06 16:00:00.000,0.7088870399999999
2023-07-06 17:00:00.000,0.73954224
2023-07-06 18:00:00.000,0.7427812799999999
2023-07-06 19:00:00.000,0.7368816
2023-07-06 20:00:00.000,0.7095811200000001
2023-07-06 21:00:00.000,0.68991552
2023-07-06 22:00:00.000,0.63624
2023-07-06 23:00:00.000,0.6373968
2023-07-07 00:00:00.000,0.6208545599999999
2023-07-07 01:00:00.000,0.5888112
2023-07-07 02:00:00.000,0.57354144
2023-07-07 03:00:00.000,0.5830272
2023-07-07 04:00:00.000,0.6277953599999999
2023-07-07 05:00:00.000,0.69442704
2023-07-07 06:00:00.000,0.7536552000000001
2023-07-07 07:00:00.000,0.86320416
2023-07-07 08:00:00.000,0.8651707200000001
2023-07-07 09:00:00.000,0.86968224
2023-07-07 10:00:00.000,0.8423817599999999
2023-07-07 11:00:00.000,0.8456208
2023-07-07 12:00:00.000,0.75157296
2023-07-07 13:00:00.000,0.73364256
2023-07-07 14:00:00.000,0.74544192
2023-07-07 15:00:00.000,0.743244
2023-07-07 16:00:00.000,0.7434753599999999
2023-07-07 17:00:00.000,0.7614057599999998
2023-07-07 18:00:00.000,0.7622155199999999
2023-07-07 19:00:00.000,0.749028
2023-07-07 20:00:00.000,0.7368816
2023-07-07 21:00:00.000,0.68841168
2023-07-07 22:00:00.000,0.6430651199999999
2023-07-07 23:00:00.000,0.61287264
2023-07-08 00:00:00.000,0.56174208
2023-07-08 01:00:00.000,0.50748816
2023-07-08 02:00:00.000,0.48354239999999993
2023-07-08 03:00:00.000,0.47579183999999997
2023-07-08 04:00:00.000,0.49996895999999996
2023-07-08 05:00:00.000,0.54971136
2023-07-08 06:00:00.000,0.62097024
2023-07-08 07:00:00.000,0.64121424
2023-07-08 08:00:00.000,0.63924768
2023-07-08 09:00:00.000,0.6399417599999999
2023-07-08 10:00:00.000,0.5358297599999999
2023-07-08 11:00:00.000,0.41286192
2023-07-08 12:00:00.000,0.25981728
2023-07-08 13:00:00.000,0.25947023999999996
2023-07-08 14:00:00.000,0.48111312
2023-07-08 15:00:00.000,0.6672422399999999
2023-07-08 16:00:00.000,0.670944
2023-07-08 17:00:00.000,0.6940799999999999
2023-07-08 18:00:00.000,0.6996326399999999
2023-07-08 19:00:00.000,0.67996704
2023-07-08 20:00:00.000,0.6582192
2023-07-08 21:00:00.000,0.64341216
2023-07-08 22:00:00.000,0.63936336
2023-07-08 23:00:00.000,0.60477504
2023-07-09 00:00:00.000,0.5920502400000001
2023-07-09 01:00:00.000,0.57932544
2023-07-09 02:00:00.000,0.5784
2023-07-09 03:00:00.000,0.57828432
2023-07-09 04:00:00.000,0.5847623999999999
2023-07-09 05:00:00.000,0.63300096
2023-07-09 06:00:00.000,0.64711392
2023-07-09 07:00:00.000,0.66793632
2023-07-09 08:00:00.000,0.69049392
2023-07-09 09:00:00.000,0.67950432
2023-07-09 10:00:00.000,0.58395264
2023-07-09 11:00:00.000,0.52854192
2023-07-09 12:00:00.000,0.42790032
2023-07-09 13:00:00.000,0.5188248
2023-07-09 14:00:00.000,0.6379752
2023-07-09 15:00:00.000,0.7334112
2023-07-09 16:00:00.000,0.72542928
2023-07-09 17:00:00.000,0.75111024
2023-07-09 18:00:00.000,0.8091816000000001
2023-07-09 19:00:00.000,0.7617527999999999
2023-07-09 20:00:00.000,0.71235744
2023-07-09 21:00:00.000,0.67649664
2023-07-09 22:00:00.000,0.6567153600000001
2023-07-09 23:00:00.000,0.6478079999999999
2023-07-10 00:00:00.000,0.6436435199999999
2023-07-10 01:00:00.000,0.63866928
2023-07-10 02:00:00.000,0.63959472
2023-07-10 03:00:00.000,0.64109856
2023-07-10 04:00:00.000,0.659376
2023-07-10 05:00:00.000,0.69199776
2023-07-10 06:00:00.000,0.99727728
2023-07-10 07:00:00.000,1.1564529599999998
2023-07-10 08:00:00.000,1.02191712
2023-07-10 09:00:00.000,0.87893664
2023-07-10 10:00:00.000,0.7914825600000001
2023-07-10 11:00:00.000,0.8281531200000001
2023-07-10 12:00:00.000,0.7914825600000001
2023-07-10 13:00:00.000,0.7183728
2023-07-10 14:00:00.000,0.71501808
2023-07-10 15:00:00.000,0.72808992
2023-07-10 16:00:00.000,0.8980238399999999
2023-07-10 17:00:00.000,1.2316449600000001
2023-07-10 18:00:00.000,1.09583664
2023-07-10 19:00:00.000,0.6941956799999999
2023-07-10 20:00:00.000,0.6725635200000001
2023-07-10 21:00:00.000,0.63936336
2023-07-10 22:00:00.000,0.58152336
2023-07-10 23:00:00.000,0.5873073600000001
2023-07-11 00:00:00.000,0.5733100799999999
2023-07-11 01:00:00.000,0.5645184
2023-07-11 02:00:00.000,0.57284736
2023-07-11 03:00:00.000,0.5891582399999999
2023-07-11 04:00:00.000,0.62767968
2023-07-11 05:00:00.000,0.6463041599999999
2023-07-11 06:00:00.000,0.7166376
2023-07-11 07:00:00.000,0.8272276800000001
2023-07-11 08:00:00.000,0.71617488
2023-07-11 09:00:00.000,0.69130368
2023-07-11 10:00:00.000,0.7166376
2023-07-11 11:00:00.000,0.64746096
2023-07-11 12:00:00.000,0.54982704
2023-07-11 13:00:00.000,0.5482075200000001
2023-07-11 14:00:00.000,0.66955584
2023-07-11 15:00:00.000,0.6844785600000001
2023-07-11 16:00:00.000,0.68343744
2023-07-11 17:00:00.000,0.7160591999999999
2023-07-11 18:00:00.000,0.69153504
2023-07-11 19:00:00.000,0.67048128
2023-07-11 20:00:00.000,0.5784
2023-07-11 21:00:00.000,0.52831056
2023-07-11 22:00:00.000,0.43715472
2023-07-11 23:00:00.000,0.37445616000000004
2023-07-12 00:00:00.000,0.30678336
2023-07-12 01:00:00.000,0.25808208
2023-07-12 02:00:00.000,0.2730048
2023-07-12 03:00:00.000,0.34946928000000005
2023-07-12 04:00:00.000,0.4517304
2023-07-12 05:00:00.000,0.48053471999999997
2023-07-12 06:00:00.000,0.58429968
2023-07-12 07:00:00.000,0.6010732799999999
2023-07-12 08:00:00.000,0.6216643199999999
2023-07-12 09:00:00.000,0.62860512
2023-07-12 10:00:00.000,0.5873073600000001
2023-07-12 11:00:00.000,0.34125599999999995
2023-07-12 12:00:00.000,0.21146304000000002
2023-07-12 13:00:00.000,0.2302032
2023-07-12 14:00:00.000,0.31592208
2023-07-12 15:00:00.000,0.45994367999999997
2023-07-12 16:00:00.000,0.50690976
2023-07-12 17:00:00.000,0.57909408
2023-07-12 18:00:00.000,0.5905463999999999
2023-07-12 19:00:00.000,0.5445057600000001
2023-07-12 20:00:00.000,0.52160112
2023-07-12 21:00:00.000,0.4951104
2023-07-12 22:00:00.000,0.42697487999999995
2023-07-12 23:00:00.000,0.47579183999999997
2023-07-13 00:00:00.000,0.46919808
2023-07-13 01:00:00.000,0.46063776
2023-07-13 02:00:00.000,0.45184608
2023-07-13 03:00:00.000,0.4621416
2023-07-13 04:00:00.000,0.47116464
2023-07-13 05:00:00.000,0.47671728
2023-07-13 06:00:00.000,0.51350352
2023-07-13 07:00:00.000,0.54936432
2023-07-13 08:00:00.000,0.56764176
2023-07-13 09:00:00.000,0.56417136
2023-07-13 10:00:00.000,0.55052112
2023-07-13 11:00:00.000,0.57134352
2023-07-13 12:00:00.000,0.5379120000000001
2023-07-13 13:00:00.000,0.5379120000000001
2023-07-13 14:00:00.000,0.540804
2023-07-13 15:00:00.000,0.52136976
2023-07-13 16:00:00.000,0.54288624
2023-07-13 17:00:00.000,0.5784
2023-07-13 18:00:00.000,0.5917031999999999
2023-07-13 19:00:00.000,0.57816864
2023-07-13 20:00:00.000,0.546588
2023-07-13 21:00:00.000,0.51963456
2023-07-13 22:00:00.000,0.49834944000000003
2023-07-13 23:00:00.000,0.436692
2023-07-14 00:00:00.000,0.428016
2023-07-14 01:00:00.000,0.42038112
2023-07-14 02:00:00.000,0.42419856
2023-07-14 03:00:00.000,0.43356864
2023-07-14 04:00:00.000,0.46838832
2023-07-14 05:00:00.000,0.51963456
2023-07-14 06:00:00.000,0.5199816
2023-07-14 07:00:00.000,0.53432592
2023-07-14 08:00:00.000,0.54288624
2023-07-14 09:00:00.000,0.5199816
2023-07-14 10:00:00.000,0.51165264
2023-07-14 11:00:00.000,0.5188248
2023-07-14 12:00:00.000,0.50702544
2023-07-14 13:00:00.000,0.49788672
2023-07-14 14:00:00.000,0.4904832
2023-07-14 15:00:00.000,0.49175568
2023-07-14 16:00:00.000,0.5199816
2023-07-14 17:00:00.000,0.5203286399999999
2023-07-14 18:00:00.000,0.5308555199999999
2023-07-14 19:00:00.000,0.52252656
2023-07-14 20:00:00.000,0.50482752
2023-07-14 21:00:00.000,0.49476336
2023-07-14 22:00:00.000,0.46306704000000004
2023-07-14 23:00:00.000,0.43194912000000013
2023-07-15 00:00:00.000,0.42304176
2023-07-15 01:00:00.000,0.3372072
2023-07-15 02:00:00.000,0.2307816
2023-07-15 03:00:00.000,0.19642464
2023-07-15 04:00:00.000,0.15836592
2023-07-15 05:00:00.000,0.2302032
2023-07-15 06:00:00.000,0.2614368
2023-07-15 07:00:00.000,0.34553616
2023-07-15 08:00:00.000,0.20139888
2023-07-15 09:00:00.000,0.054253920000000004
2023-07-15 10:00:00.000,0.00023136
2023-07-15 11:00:00.000,0.00011568
2023-07-15 12:00:00.000,-0.00150384
2023-07-15 13:00:00.000,-0.01191504
2023-07-15 14:00:00.000,-0.0011568000000000001
2023-07-15 15:00:00.000,0.020475359999999998
2023-07-15 16:00:00.000,0.2417712
2023-07-15 17:00:00.000,0.41077968
2023-07-15 18:00:00.000,0.41401871999999995
2023-07-15 19:00:00.000,0.38764368
2023-07-15 20:00:00.000,0.35479056000000003
2023-07-15 21:00:00.000,0.240036
2023-07-15 22:00:00.000,0.18763296
2023-07-15 23:00:00.000,0.15986976000000003
2023-07-16 00:00:00.000,0.14367456
2023-07-16 01:00:00.000,0.030076799999999997
2023-07-16 02:00:00.000,0.0008097600000000001
2023-07-16 03:00:00.000,0.0
2023-07-16 04:00:00.000,-0.0049742399999999996
2023-07-16 05:00:00.000,-0.02394576
2023-07-16 06:00:00.000,-0.0127248
2023-07-16 07:00:00.000,-0.02417712
2023-07-16 08:00:00.000,-0.0613104
2023-07-16 09:00:00.000,-0.07819968000000001
2023-07-16 10:00:00.000,-0.15073103999999998
2023-07-16 11:00:00.000,-0.44409552
2023-07-16 12:00:00.000,-0.57944112
2023-07-16 13:00:00.000,-0.69454272
2023-07-16 14:00:00.000,-0.55885008
2023-07-16 15:00:00.000,-0.11683679999999999
2023-07-16 16:00:00.000,-0.012956160000000001
2023-07-16 17:00:00.000,0.04997376
2023-07-16 18:00:00.000,0.030076799999999997
2023-07-16 19:00:00.000,0.010989599999999999
2023-07-16 20:00:00.000,0.01017984
2023-07-16 21:00:00.000,0.01943424
2023-07-16 22:00:00.000,0.00092544
2023-07-16 23:00:00.000,0.0
2023-07-17 00:00:00.000,0.0
2023-07-17 01:00:00.000,0.0
2023-07-17 02:00:00.000,0.00011568
2023-07-17 03:00:00.000,0.01145232
2023-07-17 04:00:00.000,0.03690192
2023-07-17 05:00:00.000,0.05298144
2023-07-17 06:00:00.000,0.069408
2023-07-17 07:00:00.000,0.06512783999999999
2023-07-17 08:00:00.000,0.038405760000000004
2023-07-17 09:00:00.000,0.041297759999999996
2023-07-17 10:00:00.000,0.02568096
2023-07-17 11:00:00.000,0.009948479999999999
2023-07-17 12:00:00.000,0.006825119999999999
2023-07-17 13:00:00.000,0.0
2023-07-17 14:00:00.000,0.0006940799999999999
2023-07-17 15:00:00.000,0.01492272
2023-07-17 16:00:00.000,0.06778848000000001
2023-07-17 17:00:00.000,0.11174688
2023-07-17 18:00:00.000,0.19584624
2023-07-17 19:00:00.000,0.190872
2023-07-17 20:00:00.000,0.18844272
2023-07-17 21:00:00.000,0.1457568
2023-07-17 22:00:00.000,0.10145135999999999
2023-07-17 23:00:00.000,0.08016623999999999
2023-07-18 00:00:00.000,0.06975503999999999
2023-07-18 01:00:00.000,0.0254496
2023-07-18 02:00:00.000,0.00960144
2023-07-18 03:00:00.000,0.01874016
2023-07-18 04:00:00.000,0.05575776
2023-07-18 05:00:00.000,0.20683584
2023-07-18 06:00:00.000,0.23263247999999997
2023-07-18 07:00:00.000,0.23887919999999999
2023-07-18 08:00:00.000,0.2377224
2023-07-18 09:00:00.000,0.23795376
2023-07-18 10:00:00.000,0.23945760000000002
2023-07-18 11:00:00.000,0.2446632
2023-07-18 12:00:00.000,0.2469768
2023-07-18 13:00:00.000,0.24674544
2023-07-18 14:00:00.000,0.242928
2023-07-18 15:00:00.000,0.24281232
2023-07-18 16:00:00.000,0.2492904
2023-07-18 17:00:00.000,0.283416
2023-07-18 18:00:00.000,0.30955968
2023-07-18 19:00:00.000,0.27335183999999996
2023-07-18 20:00:00.000,0.24581999999999998
2023-07-18 21:00:00.000,0.24894336
2023-07-18 22:00:00.000,0.23702832000000001
2023-07-18 23:00:00.000,0.21204144
2023-07-19 00:00:00.000,0.20926512
2023-07-19 01:00:00.000,0.19619328
2023-07-19 02:00:00.000,0.20591040000000002
2023-07-19 03:00:00.000,0.22360944
2023-07-19 04:00:00.000,0.2435064
2023-07-19 05:00:00.000,0.33871104
2023-07-19 06:00:00.000,0.393312
2023-07-19 07:00:00.000,0.40407024
2023-07-19 08:00:00.000,0.39365904
2023-07-19 09:00:00.000,0.3864868799999999
2023-07-19 10:00:00.000,0.37121712
2023-07-19 11:00:00.000,0.35212992000000004
2023-07-19 12:00:00.000,0.34912224
2023-07-19 13:00:00.000,0.34854384
2023-07-19 14:00:00.000,0.35317104
2023-07-19 15:00:00.000,0.37503456
2023-07-19 16:00:00.000,0.39319632
2023-07-19 17:00:00.000,0.41020128
2023-07-19 18:00:00.000,0.42639648
2023-07-19 19:00:00.000,0.42535536
2023-07-19 20:00:00.000,0.42095952
2023-07-19 21:00:00.000,0.40811904
2023-07-19 22:00:00.000,0.35826095999999996
2023-07-19 23:00:00.000,0.30689904
2023-07-20 00:00:00.000,0.25576848
2023-07-20 01:00:00.000,0.23390496
2023-07-20 02:00:00.000,0.23402063999999997
2023-07-20 03:00:00.000,0.28665503999999997
2023-07-20 04:00:00.000,0.33581904
2023-07-20 05:00:00.000,0.35247696
2023-07-20 06:00:00.000,0.38382624
2023-07-20 07:00:00.000,0.36022752
2023-07-20 08:00:00.000,0.34495776
2023-07-20 09:00:00.000,0.33072912000000004
2023-07-20 10:00:00.000,0.31916111999999996
2023-07-20 11:00:00.000,0.32691168
2023-07-20 12:00:00.000,0.31279872000000003
2023-07-20 13:00:00.000,0.29209199999999996
2023-07-20 14:00:00.000,0.30597359999999996
2023-07-20 15:00:00.000,0.27693792
2023-07-20 16:00:00.000,0.31731024
2023-07-20 17:00:00.000,0.3337368
2023-07-20 18:00:00.000,0.3840576
2023-07-20 19:00:00.000,0.3684408
2023-07-20 20:00:00.000,0.34738704000000004
2023-07-20 21:00:00.000,0.32760575999999997
2023-07-20 22:00:00.000,0.3013464
2023-07-20 23:00:00.000,0.28966272
2023-07-21 00:00:00.000,0.23702832000000001
2023-07-21 01:00:00.000,0.23448336
2023-07-21 02:00:00.000,0.23205408
2023-07-21 03:00:00.000,0.23332656
2023-07-21 04:00:00.000,0.29313312
2023-07-21 05:00:00.000,0.29290176
2023-07-21 06:00:00.000,0.321012
2023-07-21 07:00:00.000,0.34889087999999996
2023-07-21 08:00:00.000,0.34923792000000003
2023-07-21 09:00:00.000,0.3424128
2023-07-21 10:00:00.000,0.34264416
2023-07-21 11:00:00.000,0.33651312
2023-07-21 12:00:00.000,0.31777296
2023-07-21 13:00:00.000,0.31360847999999997
2023-07-21 14:00:00.000,0.31245168
2023-07-21 15:00:00.000,0.32598624
2023-07-21 16:00:00.000,0.35606304
2023-07-21 17:00:00.000,0.35837664
2023-07-21 18:00:00.000,0.36948192
2023-07-21 19:00:00.000,0.36346656
2023-07-21 20:00:00.000,0.35374943999999997
2023-07-21 21:00:00.000,0.34738704000000004
2023-07-21 22:00:00.000,0.31765728000000004
2023-07-21 23:00:00.000,0.24732384
2023-07-22 00:00:00.000,0.24084576000000002
2023-07-22 01:00:00.000,0.23691264
2023-07-22 02:00:00.000,0.23286384000000002
2023-07-22 03:00:00.000,0.23216976
2023-07-22 04:00:00.000,0.2319384
2023-07-22 05:00:00.000,0.24073007999999999
2023-07-22 06:00:00.000,0.28549824
2023-07-22 07:00:00.000,0.3042384
2023-07-22 08:00:00.000,0.30296592
2023-07-22 09:00:00.000,0.29637216
2023-07-22 10:00:00.000,0.2753184
2023-07-22 11:00:00.000,0.26860896
2023-07-22 12:00:00.000,0.2452416
2023-07-22 13:00:00.000,0.22580735999999998
2023-07-22 14:00:00.000,0.24026735999999999
2023-07-22 15:00:00.000,0.26583264
2023-07-22 16:00:00.000,0.30342863999999997
2023-07-22 17:00:00.000,0.3030816
2023-07-22 18:00:00.000,0.31106352
2023-07-22 19:00:00.000,0.30666768
2023-07-22 20:00:00.000,0.30655200000000005
2023-07-22 21:00:00.000,0.30227184
2023-07-22 22:00:00.000,0.26189952
2023-07-22 23:00:00.000,0.23899488
2023-07-23 00:00:00.000,0.2348304
2023-07-23 01:00:00.000,0.23066592
2023-07-23 02:00:00.000,0.2302032
2023-07-23 03:00:00.000,0.18254304
2023-07-23 04:00:00.000,0.12828912
2023-07-23 05:00:00.000,0.058765439999999995
2023-07-23 06:00:00.000,0.03331583999999999
2023-07-23 07:00:00.000,0.03956256
2023-07-23 08:00:00.000,0.0023136000000000003
2023-07-23 09:00:00.000,0.04037232
2023-07-23 10:00:00.000,0.05332848
2023-07-23 11:00:00.000,0.04673472
2023-07-23 12:00:00.000,0.04708176
2023-07-23 13:00:00.000,0.09346944
2023-07-23 14:00:00.000,0.0572616
2023-07-23 15:00:00.000,0.14240208000000001
2023-07-23 16:00:00.000,0.1891368
2023-07-23 17:00:00.000,0.25611552
2023-07-23 18:00:00.000,0.36612720000000004
2023-07-23 19:00:00.000,0.34067759999999997
2023-07-23 20:00:00.000,0.34195008
2023-07-23 21:00:00.000,0.31777296
2023-07-23 22:00:00.000,0.2915136
2023-07-23 23:00:00.000,0.24998447999999998
2023-07-24 00:00:00.000,0.2469768
2023-07-24 01:00:00.000,0.2498688
2023-07-24 02:00:00.000,0.25206672
2023-07-24 03:00:00.000,0.25137264
2023-07-24 04:00:00.000,0.26247792
2023-07-24 05:00:00.000,0.30851856000000005
2023-07-24 06:00:00.000,0.36566448
2023-07-24 07:00:00.000,0.3915768
2023-07-24 08:00:00.000,0.3343151999999999
2023-07-24 09:00:00.000,0.36797808
2023-07-24 10:00:00.000,0.33165456
2023-07-24 11:00:00.000,0.31742592000000003
2023-07-24 12:00:00.000,0.312336
2023-07-24 13:00:00.000,0.30782448
2023-07-24 14:00:00.000,0.31268304
2023-07-24 15:00:00.000,0.32887824
2023-07-24 16:00:00.000,0.358608
2023-07-24 17:00:00.000,0.3811656
2023-07-24 18:00:00.000,0.38313216
2023-07-24 19:00:00.000,0.35212992000000004
2023-07-24 20:00:00.000,0.3348936
2023-07-24 21:00:00.000,0.3111792
2023-07-24 22:00:00.000,0.27196368
2023-07-24 23:00:00.000,0.30608927999999996
2023-07-25 00:00:00.000,0.28885296
2023-07-25 01:00:00.000,0.27659088000000004
2023-07-25 02:00:00.000,0.254496
2023-07-25 03:00:00.000,0.24824928
2023-07-25 04:00:00.000,0.25831344
2023-07-25 05:00:00.000,0.30620496
2023-07-25 06:00:00.000,0.33847968
2023-07-25 07:00:00.000,0.32991936
2023-07-25 08:00:00.000,0.33281136
2023-07-25 09:00:00.000,0.3158064
2023-07-25 10:00:00.000,0.31002240000000003
2023-07-25 11:00:00.000,0.29070384
2023-07-25 12:00:00.000,0.28815888
2023-07-25 13:00:00.000,0.28040831999999993
2023-07-25 14:00:00.000,0.28075536
2023-07-25 15:00:00.000,0.28584528
2023-07-25 16:00:00.000,0.29625648
2023-07-25 17:00:00.000,0.30435407999999997
2023-07-25 18:00:00.000,0.34380096
2023-07-25 19:00:00.000,0.32864688000000003
2023-07-25 20:00:00.000,0.32297856
2023-07-25 21:00:00.000,0.31372416
2023-07-25 22:00:00.000,0.28896864
2023-07-25 23:00:00.000,0.29995824
2023-07-26 00:00:00.000,0.2892
2023-07-26 01:00:00.000,0.28896864
2023-07-26 02:00:00.000,0.28839024
2023-07-26 03:00:00.000,0.28966272
2023-07-26 04:00:00.000,0.30655200000000005
2023-07-26 05:00:00.000,0.33419952
2023-07-26 06:00:00.000,0.35502192000000005
2023-07-26 07:00:00.000,0.36520176
2023-07-26 08:00:00.000,0.3609216
2023-07-26 09:00:00.000,0.3615
2023-07-26 10:00:00.000,0.3539808
2023-07-26 11:00:00.000,0.3447264
2023-07-26 12:00:00.000,0.3435696
2023-07-26 13:00:00.000,0.34183440000000004
2023-07-26 14:00:00.000,0.34495776
2023-07-26 15:00:00.000,0.3580296
2023-07-26 16:00:00.000,0.38047152
2023-07-26 17:00:00.000,0.38452032
2023-07-26 18:00:00.000,0.37873631999999996
2023-07-26 19:00:00.000,0.36184704
2023-07-26 20:00:00.000,0.35849232
2023-07-26 21:00:00.000,0.37225824
2023-07-26 22:00:00.000,0.34183440000000004
2023-07-26 23:00:00.000,0.35212992000000004
2023-07-27 00:00:00.000,0.34576752
2023-07-27 01:00:00.000,0.34044624
2023-07-27 02:00:00.000,0.338364
2023-07-27 03:00:00.000,0.33998352
2023-07-27 04:00:00.000,0.35247696
2023-07-27 05:00:00.000,0.37607567999999997
2023-07-27 06:00:00.000,0.39886464
2023-07-27 07:00:00.000,0.39227087999999993
2023-07-27 08:00:00.000,0.39238656
2023-07-27 09:00:00.000,0.39643536
2023-07-27 10:00:00.000,0.39227087999999993
2023-07-27 11:00:00.000,0.39284928
2023-07-27 12:00:00.000,0.38255376
2023-07-27 13:00:00.000,0.37977744
2023-07-27 14:00:00.000,0.39030432000000004
2023-07-27 15:00:00.000,0.39597264
2023-07-27 16:00:00.000,0.41020128
2023-07-27 17:00:00.000,0.41656368
2023-07-27 18:00:00.000,0.42500832000000005
2023-07-27 19:00:00.000,0.4204968
2023-07-27 20:00:00.000,0.40973856000000003
2023-07-27 21:00:00.000,0.3956256
2023-07-27 22:00:00.000,0.37607567999999997
2023-07-27 23:00:00.000,0.37410912
2023-07-28 00:00:00.000,0.35548464
2023-07-28 01:00:00.000,0.34865952
2023-07-28 02:00:00.000,0.34842816
2023-07-28 03:00:00.000,0.35617872
2023-07-28 04:00:00.000,0.38556144
2023-07-28 05:00:00.000,0.3944688
2023-07-28 06:00:00.000,0.40592111999999997
2023-07-28 07:00:00.000,0.41841456
2023-07-28 08:00:00.000,0.42084384
2023-07-28 09:00:00.000,0.41205216
2023-07-28 10:00:00.000,0.40962288
2023-07-28 11:00:00.000,0.40904448000000004
2023-07-28 12:00:00.000,0.40407024
2023-07-28 13:00:00.000,0.39655104
2023-07-28 14:00:00.000,0.39238656
2023-07-28 15:00:00.000,0.39377472
2023-07-28 16:00:00.000,0.40302911999999996
2023-07-28 17:00:00.000,0.4129776
2023-07-28 18:00:00.000,0.40754064
2023-07-28 19:00:00.000,0.39689808
2023-07-28 20:00:00.000,0.39088272
2023-07-28 21:00:00.000,0.36508608
2023-07-28 22:00:00.000,0.32841552
2023-07-28 23:00:00.000,0.21990768
2023-07-29 00:00:00.000,0.18589776
2023-07-29 01:00:00.000,0.05830272
2023-07-29 02:00:00.000,0.02649072
2023-07-29 03:00:00.000,0.011568
2023-07-29 04:00:00.000,0.008907360000000001
2023-07-29 05:00:00.000,0.06952368
2023-07-29 06:00:00.000,0.17351999999999998
2023-07-29 07:00:00.000,0.2192136
2023-07-29 08:00:00.000,0.23968896
2023-07-29 09:00:00.000,0.24778656000000002
2023-07-29 10:00:00.000,0.2562312
2023-07-29 11:00:00.000,0.25761935999999996
2023-07-29 12:00:00.000,0.27485568
2023-07-29 13:00:00.000,0.2105376
2023-07-29 14:00:00.000,0.22754256
2023-07-29 15:00:00.000,0.3106008
2023-07-29 16:00:00.000,0.33223295999999997
2023-07-29 17:00:00.000,0.33500927999999996
2023-07-29 18:00:00.000,0.33709152
2023-07-29 19:00:00.000,0.32205311999999997
2023-07-29 20:00:00.000,0.31164192
2023-07-29 21:00:00.000,0.30088368000000004
2023-07-29 22:00:00.000,0.2828376
2023-07-29 23:00:00.000,0.28896864
2023-07-30 00:00:00.000,0.28526688
2023-07-30 01:00:00.000,0.2828376
2023-07-30 02:00:00.000,0.28815888
2023-07-30 03:00:00.000,0.28769616000000003
2023-07-30 04:00:00.000,0.28318464
2023-07-30 05:00:00.000,0.30030528
2023-07-30 06:00:00.000,0.30874992
2023-07-30 07:00:00.000,0.31511231999999995
2023-07-30 08:00:00.000,0.12273648
2023-07-30 09:00:00.000,0.0006940799999999999
2023-07-30 10:00:00.000,-0.0017352000000000001
2023-07-30 11:00:00.000,-0.008676
2023-07-30 12:00:00.000,0.0
2023-07-30 13:00:00.000,0.00011568
2023-07-30 14:00:00.000,0.0005784000000000001
2023-07-30 15:00:00.000,0.03030816
2023-07-30 16:00:00.000,0.18878976
2023-07-30 17:00:00.000,0.31650048
2023-07-30 18:00:00.000,0.39007296
2023-07-30 19:00:00.000,0.38336352
2023-07-30 20:00:00.000,0.37434048000000003
2023-07-30 21:00:00.000,0.36173136
2023-07-30 22:00:00.000,0.335472
2023-07-30 23:00:00.000,0.34704
2023-07-31 00:00:00.000,0.34264416
2023-07-31 01:00:00.000,0.34125599999999995
2023-07-31 02:00:00.000,0.33975216
2023-07-31 03:00:00.000,0.32633328
2023-07-31 04:00:00.000,0.36543312
2023-07-31 05:00:00.000,0.37549728
2023-07-31 06:00:00.000,0.38255376
2023-07-31 07:00:00.000,0.3956256
2023-07-31 08:00:00.000,0.41020128
2023-07-31 09:00:00.000,0.41077968
2023-07-31 10:00:00.000,0.41101104
2023-07-31 11:00:00.000,0.4071936
2023-07-31 12:00:00.000,0.40337616000000004
2023-07-31 13:00:00.000,0.37873631999999996
2023-07-31 14:00:00.000,0.399096
2023-07-31 15:00:00.000,0.40187232
2023-07-31 16:00:00.000,0.40395456
2023-07-31 17:00:00.000,0.41806752
2023-07-31 18:00:00.000,0.4348411200000001
2023-07-31 19:00:00.000,0.40407024
2023-07-31 20:00:00.000,0.3805872
2023-07-31 21:00:00.000,0.35617872
2023-07-31 22:00:00.000,0.32552352
2023-07-31 23:00:00.000,0.30123072
2023-08-01 00:00:00.000,0.26641104
2023-08-01 01:00:00.000,0.2296248
2023-08-01 02:00:00.000,0.22696416
2023-08-01 03:00:00.000,0.23101296
2023-08-01 04:00:00.000,0.29417424
2023-08-01 05:00:00.000,0.33049776000000003
2023-08-01 06:00:00.000,0.37457184
2023-08-01 07:00:00.000,0.39319632
2023-08-01 08:00:00.000,0.39932736
2023-08-01 09:00:00.000,0.39296496000000003
2023-08-01 10:00:00.000,0.38914751999999997
2023-08-01 11:00:00.000,0.38625551999999996
2023-08-01 12:00:00.000,0.37676976
2023-08-01 13:00:00.000,0.38081856
2023-08-01 14:00:00.000,0.37144848
2023-08-01 15:00:00.000,0.37214256
2023-08-01 16:00:00.000,0.38139695999999995
2023-08-01 17:00:00.000,0.40187232
2023-08-01 18:00:00.000,0.39608832
2023-08-01 19:00:00.000,0.37387776
2023-08-01 20:00:00.000,0.37723248000000004
2023-08-01 21:00:00.000,0.34623023999999997
2023-08-01 22:00:00.000,0.32749007999999996
2023-08-01 23:00:00.000,0.26016431999999995
2023-08-02 00:00:00.000,0.25576848
2023-08-02 01:00:00.000,0.22974048
2023-08-02 02:00:00.000,0.23205408
2023-08-02 03:00:00.000,0.22869936000000002
2023-08-02 04:00:00.000,0.27774768
2023-08-02 05:00:00.000,0.31754160000000003
2023-08-02 06:00:00.000,0.33281136
2023-08-02 07:00:00.000,0.34333823999999996
2023-08-02 08:00:00.000,0.33732288
2023-08-02 09:00:00.000,0.32355696
2023-08-02 10:00:00.000,0.3134928
2023-08-02 11:00:00.000,0.2996112
2023-08-02 12:00:00.000,0.30215616
2023-08-02 13:00:00.000,0.2730048
2023-08-02 14:00:00.000,0.23980464
2023-08-02 15:00:00.000,0.31210464000000004
2023-08-02 16:00:00.000,0.3158064
2023-08-02 17:00:00.000,0.32297856
2023-08-02 18:00:00.000,0.32228448
2023-08-02 19:00:00.000,0.31256736
2023-08-02 20:00:00.000,0.31800431999999995
2023-08-02 21:00:00.000,0.30678336
2023-08-02 22:00:00.000,0.26988144
2023-08-02 23:00:00.000,0.08467776
2023-08-03 00:00:00.000,0.10029456
2023-08-03 01:00:00.000,0.0358608
2023-08-03 02:00:00.000,0.06327696000000001
2023-08-03 03:00:00.000,0.08132304
2023-08-03 04:00:00.000,0.08756976
2023-08-03 05:00:00.000,0.17074367999999998
2023-08-03 06:00:00.000,0.24061439999999998
2023-08-03 07:00:00.000,0.29972688
2023-08-03 08:00:00.000,0.31754160000000003
2023-08-03 09:00:00.000,0.33593472
2023-08-03 10:00:00.000,0.34889087999999996
2023-08-03 11:00:00.000,0.30643632000000004
2023-08-03 12:00:00.000,0.25183536
2023-08-03 13:00:00.000,0.20799264
2023-08-03 14:00:00.000,0.21123168
2023-08-03 15:00:00.000,0.30007392
2023-08-03 16:00:00.000,0.36855648
2023-08-03 17:00:00.000,0.36485471999999997
2023-08-03 18:00:00.000,0.3638136
2023-08-03 19:00:00.000,0.34900656
2023-08-03 20:00:00.000,0.3366288
2023-08-03 21:00:00.000,0.31939248
2023-08-03 22:00:00.000,0.30273456
2023-08-03 23:00:00.000,0.2041752
2023-08-04 00:00:00.000,0.20116752
2023-08-04 01:00:00.000,0.19896960000000002
2023-08-04 02:00:00.000,0.1862448
2023-08-04 03:00:00.000,0.17351999999999998
2023-08-04 04:00:00.000,0.18150192
2023-08-04 05:00:00.000,0.2041752
2023-08-04 06:00:00.000,0.24211823999999998
2023-08-04 07:00:00.000,0.27231072
2023-08-04 08:00:00.000,0.2868864
2023-08-04 09:00:00.000,0.2915136
2023-08-04 10:00:00.000,0.28677072
2023-08-04 11:00:00.000,0.2816808
2023-08-04 12:00:00.000,0.2556528
2023-08-04 13:00:00.000,0.23749104
2023-08-04 14:00:00.000,0.23344224
2023-08-04 15:00:00.000,0.23448336
2023-08-04 16:00:00.000,0.27184800000000003
2023-08-04 17:00:00.000,0.28734912
2023-08-04 18:00:00.000,0.28376303999999997
2023-08-04 19:00:00.000,0.26930304
2023-08-04 20:00:00.000,0.24200255999999998
2023-08-04 21:00:00.000,0.2093808
2023-08-04 22:00:00.000,0.19688736
2023-08-04 23:00:00.000,0.1058472
2023-08-05 00:00:00.000,0.07970352
2023-08-05 01:00:00.000,0.05656752
2023-08-05 02:00:00.000,0.056104799999999996
2023-08-05 03:00:00.000,0.05703023999999999
2023-08-05 04:00:00.000,0.08664432
2023-08-05 05:00:00.000,0.14795471999999998
2023-08-05 06:00:00.000,0.17513952
2023-08-05 07:00:00.000,0.18659183999999998
2023-08-05 08:00:00.000,0.19584624
2023-08-05 09:00:00.000,0.19943232
2023-08-05 10:00:00.000,0.19619328
2023-08-05 11:00:00.000,0.19133472
2023-08-05 12:00:00.000,0.18983088
2023-08-05 13:00:00.000,0.19098768000000002
2023-08-05 14:00:00.000,0.19468944
2023-08-05 15:00:00.000,0.1983912
2023-08-05 16:00:00.000,0.2076456
2023-08-05 17:00:00.000,0.2134296
2023-08-05 18:00:00.000,0.21609024
2023-08-05 19:00:00.000,0.2099592
2023-08-05 20:00:00.000,0.20857104
2023-08-05 21:00:00.000,0.20510064
2023-08-05 22:00:00.000,0.19827552
2023-08-05 23:00:00.000,0.17548655999999999
2023-08-06 00:00:00.000,0.17097503999999997
2023-08-06 01:00:00.000,0.15582096
2023-08-06 02:00:00.000,0.1498056
2023-08-06 03:00:00.000,0.1382376
2023-08-06 04:00:00.000,0.12771071999999997
2023-08-06 05:00:00.000,0.12690096
2023-08-06 06:00:00.000,0.1457568
2023-08-06 07:00:00.000,0.18497232
2023-08-06 08:00:00.000,0.18855840000000001
2023-08-06 09:00:00.000,0.19306992
2023-08-06 10:00:00.000,0.18959952000000002
2023-08-06 11:00:00.000,0.18786432
2023-08-06 12:00:00.000,0.13546128000000002
2023-08-06 13:00:00.000,0.13835328000000002
2023-08-06 14:00:00.000,0.10515312
2023-08-06 15:00:00.000,0.13661808
2023-08-06 16:00:00.000,0.13580832
2023-08-06 17:00:00.000,0.12747935999999999
2023-08-06 18:00:00.000,0.10908624
2023-08-06 19:00:00.000,0.053559840000000004
2023-08-06 20:00:00.000,0.03886848
2023-08-06 21:00:00.000,0.01492272
2023-08-06 22:00:00.000,-0.011568
2023-08-06 23:00:00.000,-0.00219792
2023-08-07 00:00:00.000,-0.013881600000000001
2023-08-07 01:00:00.000,-0.02394576
2023-08-07 02:00:00.000,-0.029382719999999998
2023-08-07 03:00:00.000,-0.02753184
2023-08-07 04:00:00.000,-0.01943424
2023-08-07 05:00:00.000,0.00011568
2023-08-07 06:00:00.000,0.026606400000000002
2023-08-07 07:00:00.000,0.0508992
2023-08-07 08:00:00.000,0.057377279999999996
2023-08-07 09:00:00.000,0.04708176
2023-08-07 10:00:00.000,0.011568
2023-08-07 11:00:00.000,-0.00011568
2023-08-07 12:00:00.000,-0.00937008
2023-08-07 13:00:00.000,-0.01284048
2023-08-07 14:00:00.000,-0.01318752
2023-08-07 15:00:00.000,-0.010411199999999999
2023-08-07 16:00:00.000,-0.00046272
2023-08-07 17:00:00.000,0.00902304
2023-08-07 18:00:00.000,0.033894240000000006
2023-08-07 19:00:00.000,0.016310879999999996
2023-08-07 20:00:00.000,0.00821328
2023-08-07 21:00:00.000,0.00011568
2023-08-07 22:00:00.000,-0.00208224
2023-08-07 23:00:00.000,-0.04951104
2023-08-08 00:00:00.000,-0.06975503999999999
2023-08-08 01:00:00.000,-0.0717216
2023-08-08 02:00:00.000,-0.06848256
2023-08-08 03:00:00.000,-0.058765439999999995
2023-08-08 04:00:00.000,-0.039793919999999997
2023-08-08 05:00:00.000,-0.019549920000000002
2023-08-08 06:00:00.000,-0.00150384
2023-08-08 07:00:00.000,-0.006709439999999999
2023-08-08 08:00:00.000,-0.030423839999999997
2023-08-08 09:00:00.000,-0.06061632
2023-08-08 10:00:00.000,-0.07195296
2023-08-08 11:00:00.000,-0.07195296
2023-08-08 12:00:00.000,-0.07843104
2023-08-08 13:00:00.000,-0.11579568
2023-08-08 14:00:00.000,-0.1341888
2023-08-08 15:00:00.000,-0.06582192
2023-08-08 16:00:00.000,-0.03100224
2023-08-08 17:00:00.000,-0.02394576
2023-08-08 18:00:00.000,-0.0242928
2023-08-08 19:00:00.000,-0.02880432
2023-08-08 20:00:00.000,-0.034935360000000006
2023-08-08 21:00:00.000,-0.04904832
2023-08-08 22:00:00.000,-0.058418399999999995
2023-08-08 23:00:00.000,-0.0618888
2023-08-09 00:00:00.000,-0.06235152
2023-08-09 01:00:00.000,-0.07044911999999999
2023-08-09 02:00:00.000,-0.0711432
2023-08-09 03:00:00.000,-0.06026928
2023-08-09 04:00:00.000,-0.05055216
2023-08-09 05:00:00.000,-0.023136
2023-08-09 06:00:00.000,0.0003470399999999999
2023-08-09 07:00:00.000,0.01827744
2023-08-09 08:00:00.000,0.02510256
2023-08-09 09:00:00.000,0.01607952
2023-08-09 10:00:00.000,0.01712064
2023-08-09 11:00:00.000,0.010873919999999999
2023-08-09 12:00:00.000,0.01550112
2023-08-09 13:00:00.000,0.03019248
2023-08-09 14:00:00.000,0.025565280000000003
2023-08-09 15:00:00.000,0.04708176
2023-08-09 16:00:00.000,0.09208128
2023-08-09 17:00:00.000,0.17386703999999994
2023-08-09 18:00:00.000,0.16843008
2023-08-09 19:00:00.000,0.11637408
2023-08-09 20:00:00.000,0.12562848
2023-08-09 21:00:00.000,0.11151551999999999
2023-08-09 22:00:00.000,0.07426656
2023-08-09 23:00:00.000,0.0705648
2023-08-10 00:00:00.000,0.07033344
2023-08-10 01:00:00.000,0.0670944
2023-08-10 02:00:00.000,0.06281424
2023-08-10 03:00:00.000,0.06987072
2023-08-10 04:00:00.000,0.09208128
2023-08-10 05:00:00.000,0.15420144
2023-08-10 06:00:00.000,0.19931664000000002
2023-08-10 07:00:00.000,0.24686112
2023-08-10 08:00:00.000,0.26965008
2023-08-10 09:00:00.000,0.26745216
2023-08-10 10:00:00.000,0.26513855999999997
2023-08-10 11:00:00.000,0.21111600000000003
2023-08-10 12:00:00.000,0.20833968
2023-08-10 13:00:00.000,0.19457375999999998
2023-08-10 14:00:00.000,0.19596191999999998
2023-08-10 15:00:00.000,0.20382816
2023-08-10 16:00:00.000,0.21435504
2023-08-10 17:00:00.000,0.21678432
2023-08-10 18:00:00.000,0.21192576
2023-08-10 19:00:00.000,0.20787696
2023-08-10 20:00:00.000,0.19619328
2023-08-10 21:00:00.000,0.16195199999999998
2023-08-10 22:00:00.000,0.11521728
2023-08-10 23:00:00.000,0.15859728
2023-08-11 00:00:00.000,0.15362303999999993
2023-08-11 01:00:00.000,0.13280064
2023-08-11 02:00:00.000,0.12285215999999999
2023-08-11 03:00:00.000,0.12967728
2023-08-11 04:00:00.000,0.15477984
2023-08-11 05:00:00.000,0.19908528
2023-08-11 06:00:00.000,0.22627008
2023-08-11 07:00:00.000,0.26976576
2023-08-11 08:00:00.000,0.27346751999999996
2023-08-11 09:00:00.000,0.27277344
2023-08-11 10:00:00.000,0.23205408
2023-08-11 11:00:00.000,0.22511328
2023-08-11 12:00:00.000,0.20672016
2023-08-11 13:00:00.000,0.21447072
2023-08-11 14:00:00.000,0.21528048000000002
2023-08-11 15:00:00.000,0.21990768
2023-08-11 16:00:00.000,0.23031888
2023-08-11 17:00:00.000,0.2643288
2023-08-11 18:00:00.000,0.27265775999999997
2023-08-11 19:00:00.000,0.22627008
2023-08-11 20:00:00.000,0.2116944
2023-08-11 21:00:00.000,0.19364832
2023-08-11 22:00:00.000,0.16287744
2023-08-11 23:00:00.000,0.15362303999999993
2023-08-12 00:00:00.000,0.13233792
2023-08-12 01:00:00.000,0.11822495999999999
2023-08-12 02:00:00.000,0.09983184
2023-08-12 03:00:00.000,0.08652863999999999
2023-08-12 04:00:00.000,0.05784
2023-08-12 05:00:00.000,0.06177312
2023-08-12 06:00:00.000,0.0931224
2023-08-12 07:00:00.000,0.12192672
2023-08-12 08:00:00.000,0.1486488
2023-08-12 09:00:00.000,0.15593664000000002
2023-08-12 10:00:00.000,0.13800624
2023-08-12 11:00:00.000,0.12597552
2023-08-12 12:00:00.000,0.11695248
2023-08-12 13:00:00.000,0.069408
2023-08-12 14:00:00.000,0.08005055999999999
2023-08-12 15:00:00.000,0.17664336
2023-08-12 16:00:00.000,0.20151455999999998
2023-08-12 17:00:00.000,0.20752992
2023-08-12 18:00:00.000,0.20683584
2023-08-12 19:00:00.000,0.19769712
2023-08-12 20:00:00.000,0.1862448
2023-08-12 21:00:00.000,0.16981824
2023-08-12 22:00:00.000,0.15408576
2023-08-12 23:00:00.000,0.1174152
2023-08-13 00:00:00.000,0.12238943999999999
2023-08-13 01:00:00.000,0.12389328000000001
2023-08-13 02:00:00.000,0.13002432
2023-08-13 03:00:00.000,0.13661808
2023-08-13 04:00:00.000,0.10758240000000001
2023-08-13 05:00:00.000,0.12134832
2023-08-13 06:00:00.000,0.15316032
2023-08-13 07:00:00.000,0.18381551999999998
2023-08-13 08:00:00.000,0.19677168
2023-08-13 09:00:00.000,0.1827744
2023-08-13 10:00:00.000,0.15952271999999998
2023-08-13 11:00:00.000,0.06952368
2023-08-13 12:00:00.000,0.0127248
2023-08-13 13:00:00.000,0.01746768
2023-08-13 14:00:00.000,0.08005055999999999
2023-08-13 15:00:00.000,0.19989504
2023-08-13 16:00:00.000,0.22326240000000003
2023-08-13 17:00:00.000,0.22522896
2023-08-13 18:00:00.000,0.22546032
2023-08-13 19:00:00.000,0.21585888
2023-08-13 20:00:00.000,0.21030624
2023-08-13 21:00:00.000,0.19885392
2023-08-13 22:00:00.000,0.16380287999999998
2023-08-13 23:00:00.000,0.17895696
2023-08-14 00:00:00.000,0.16889279999999998
2023-08-14 01:00:00.000,0.16472831999999998
2023-08-14 02:00:00.000,0.16391856000000002
2023-08-14 03:00:00.000,0.16843008
2023-08-14 04:00:00.000,0.18601344
2023-08-14 05:00:00.000,0.21123168
2023-08-14 06:00:00.000,0.28272192
2023-08-14 07:00:00.000,1.1727638399999998
2023-08-14 08:00:00.000,0.2990328
2023-08-14 09:00:00.000,0.28538256
2023-08-14 10:00:00.000,0.28214352000000004
2023-08-14 11:00:00.000,0.27959856
2023-08-14 12:00:00.000,0.26710512
2023-08-14 13:00:00.000,0.2591232
2023-08-14 14:00:00.000,0.24963744
2023-08-14 15:00:00.000,0.26571695999999995
2023-08-14 16:00:00.000,0.28237488
2023-08-14 17:00:00.000,0.32367264
2023-08-14 18:00:00.000,0.28538256
2023-08-14 19:00:00.000,0.28434144
2023-08-14 20:00:00.000,0.254496
2023-08-14 21:00:00.000,0.21215712
2023-08-14 22:00:00.000,0.1897152
2023-08-14 23:00:00.000,0.19711872
2023-08-15 00:00:00.000,0.185088
2023-08-15 01:00:00.000,0.17224752000000002
2023-08-15 02:00:00.000,0.17560224
2023-08-15 03:00:00.000,0.17710608
2023-08-15 04:00:00.000,0.20070480000000002
2023-08-15 05:00:00.000,0.22175856
2023-08-15 06:00:00.000,0.26444448
2023-08-15 07:00:00.000,0.30377568000000005
2023-08-15 08:00:00.000,0.32320992
2023-08-15 09:00:00.000,0.30042095999999996
2023-08-15 10:00:00.000,0.28445711999999995
2023-08-15 11:00:00.000,0.2758968
2023-08-15 12:00:00.000,0.26479152
2023-08-15 13:00:00.000,0.26583264
2023-08-15 14:00:00.000,0.26791487999999997
2023-08-15 15:00:00.000,0.2816808
2023-08-15 16:00:00.000,0.2880432
2023-08-15 17:00:00.000,0.27740064000000003
2023-08-15 18:00:00.000,0.26456016
2023-08-15 19:00:00.000,0.2816808
2023-08-15 20:00:00.000,0.26803056000000003
2023-08-15 21:00:00.000,0.21967632
2023-08-15 22:00:00.000,0.20313408000000002
2023-08-15 23:00:00.000,0.17629632
2023-08-16 00:00:00.000,0.17351999999999998
2023-08-16 01:00:00.000,0.15940704
2023-08-16 02:00:00.000,0.15697776
2023-08-16 03:00:00.000,0.1538544
2023-08-16 04:00:00.000,0.14147664000000001
2023-08-16 05:00:00.000,0.17606496000000002
2023-08-16 06:00:00.000,0.19735007999999998
2023-08-16 07:00:00.000,0.21019056
2023-08-16 08:00:00.000,0.22303103999999999
2023-08-16 09:00:00.000,0.22071744000000001
2023-08-16 10:00:00.000,0.21423936000000002
2023-08-16 11:00:00.000,0.20926512
2023-08-16 12:00:00.000,0.208224
2023-08-16 13:00:00.000,0.20810831999999999
2023-08-16 14:00:00.000,0.20625744000000001
2023-08-16 15:00:00.000,0.20718288
2023-08-16 16:00:00.000,0.20776128
2023-08-16 17:00:00.000,0.20984352
2023-08-16 18:00:00.000,0.20776128
2023-08-16 19:00:00.000,0.24188688
2023-08-16 20:00:00.000,0.19642464
2023-08-16 21:00:00.000,0.16021679999999996
2023-08-16 22:00:00.000,0.08340527999999998
2023-08-16 23:00:00.000,0.026028
2023-08-17 00:00:00.000,0.025565280000000003
2023-08-17 01:00:00.000,0.021632159999999998
2023-08-17 02:00:00.000,0.02637504
2023-08-17 03:00:00.000,0.04303296
2023-08-17 04:00:00.000,0.0815544
2023-08-17 05:00:00.000,0.141708
2023-08-17 06:00:00.000,0.1897152
2023-08-17 07:00:00.000,0.21377664
2023-08-17 08:00:00.000,0.21794112000000002
2023-08-17 09:00:00.000,0.22407216
2023-08-17 10:00:00.000,0.21898224
2023-08-17 11:00:00.000,0.2145864
2023-08-17 12:00:00.000,0.21250416000000003
2023-08-17 13:00:00.000,0.21504911999999998
2023-08-17 14:00:00.000,0.21516480000000002
2023-08-17 15:00:00.000,0.21956064
2023-08-17 16:00:00.000,0.28237488
2023-08-17 17:00:00.000,0.3117576
2023-08-17 18:00:00.000,0.28885296
2023-08-17 19:00:00.000,0.30088368000000004
2023-08-17 20:00:00.000,0.27485568
2023-08-17 21:00:00.000,0.23112864
2023-08-17 22:00:00.000,0.20440656000000001
2023-08-17 23:00:00.000,0.2093808
2023-08-18 00:00:00.000,0.20324976
2023-08-18 01:00:00.000,0.19758144
2023-08-18 02:00:00.000,0.18705456
2023-08-18 03:00:00.000,0.18994656000000001
2023-08-18 04:00:00.000,0.20891808
2023-08-18 05:00:00.000,0.2157432
2023-08-18 06:00:00.000,0.30551088
2023-08-18 07:00:00.000,0.36254112
2023-08-18 08:00:00.000,0.37966176
2023-08-18 09:00:00.000,0.35652575999999997
2023-08-18 10:00:00.000,0.3435696
2023-08-18 11:00:00.000,0.33015071999999995
2023-08-18 12:00:00.000,0.31071648
2023-08-18 13:00:00.000,0.29128224
2023-08-18 14:00:00.000,0.25646256
2023-08-18 15:00:00.000,0.23089727999999998
2023-08-18 16:00:00.000,0.22742688
2023-08-18 17:00:00.000,0.22511328
2023-08-18 18:00:00.000,0.21551184
2023-08-18 19:00:00.000,0.20752992
2023-08-18 20:00:00.000,0.19226016
2023-08-18 21:00:00.000,0.18057648
2023-08-18 22:00:00.000,0.16646351999999998
2023-08-18 23:00:00.000,0.17803152
2023-08-19 00:00:00.000,0.17155344
2023-08-19 01:00:00.000,0.16819871999999997
2023-08-19 02:00:00.000,0.16646351999999998
2023-08-19 03:00:00.000,0.16391856000000002
2023-08-19 04:00:00.000,0.11672112
2023-08-19 05:00:00.000,0.14413728
2023-08-19 06:00:00.000,0.16588512
2023-08-19 07:00:00.000,0.18103919999999998
2023-08-19 08:00:00.000,0.1949208
2023-08-19 09:00:00.000,0.20267136
2023-08-19 10:00:00.000,0.20544768
2023-08-19 11:00:00.000,0.19306992
2023-08-19 12:00:00.000,0.16646351999999998
2023-08-19 13:00:00.000,0.14564112
2023-08-19 14:00:00.000,0.196656
2023-08-19 15:00:00.000,0.20845536
2023-08-19 16:00:00.000,0.21319824
2023-08-19 17:00:00.000,0.21100032
2023-08-19 18:00:00.000,0.19977936
2023-08-19 19:00:00.000,0.18878976
2023-08-19 20:00:00.000,0.17780015999999998
2023-08-19 21:00:00.000,0.16623216
2023-08-19 22:00:00.000,0.16357152
2023-08-19 23:00:00.000,0.16576944
2023-08-20 00:00:00.000,0.16172064
2023-08-20 01:00:00.000,0.15998543999999998
2023-08-20 02:00:00.000,0.15975408
2023-08-20 03:00:00.000,0.1607952
2023-08-20 04:00:00.000,0.14853312
2023-08-20 05:00:00.000,0.15709343999999997
2023-08-20 06:00:00.000,0.16912416
2023-08-20 07:00:00.000,0.19364832
2023-08-20 08:00:00.000,0.2134296
2023-08-20 09:00:00.000,0.22060176
2023-08-20 10:00:00.000,0.22337808
2023-08-20 11:00:00.000,0.21713136
2023-08-20 12:00:00.000,0.153276
2023-08-20 13:00:00.000,0.16010111999999999
2023-08-20 14:00:00.000,0.22198992
2023-08-20 15:00:00.000,0.22696416
2023-08-20 16:00:00.000,0.28908432
2023-08-20 17:00:00.000,1.26449808
2023-08-20 18:00:00.000,1.4542132799999998
2023-08-20 19:00:00.000,1.58065152
2023-08-20 20:00:00.000,0.23031888
2023-08-20 21:00:00.000,0.22256832
2023-08-20 22:00:00.000,0.21204144
2023-08-20 23:00:00.000,0.20105184
2023-08-21 00:00:00.000,0.18659183999999998
2023-08-21 01:00:00.000,0.1839312
2023-08-21 02:00:00.000,0.18173328
2023-08-21 03:00:00.000,0.1845096
2023-08-21 04:00:00.000,0.2088024
2023-08-21 05:00:00.000,0.22893072
2023-08-21 06:00:00.000,0.29070384
2023-08-21 07:00:00.000,0.33674448
2023-08-21 08:00:00.000,0.37781088
2023-08-21 09:00:00.000,0.37087008
2023-08-21 10:00:00.000,0.34495776
2023-08-21 11:00:00.000,0.32598624
2023-08-21 12:00:00.000,0.29209199999999996
2023-08-21 13:00:00.000,0.28572960000000003
2023-08-21 14:00:00.000,0.28954704
2023-08-21 15:00:00.000,0.28885296
2023-08-21 16:00:00.000,0.31973952000000005
2023-08-21 17:00:00.000,0.34946928000000005
2023-08-21 18:00:00.000,0.36022752
2023-08-21 19:00:00.000,0.3493536
2023-08-21 20:00:00.000,0.29868576
2023-08-21 21:00:00.000,0.23031888
2023-08-21 22:00:00.000,0.21470208
2023-08-21 23:00:00.000,0.2169
2023-08-22 00:00:00.000,0.2105376
2023-08-22 01:00:00.000,0.20163024
2023-08-22 02:00:00.000,0.20139888
2023-08-22 03:00:00.000,0.20857104
2023-08-22 04:00:00.000,0.21308256
2023-08-22 05:00:00.000,0.24281232
2023-08-22 06:00:00.000,0.286308
2023-08-22 07:00:00.000,0.3134928
2023-08-22 08:00:00.000,0.31395552
2023-08-22 09:00:00.000,0.31094784
2023-08-22 10:00:00.000,0.30551088
2023-08-22 11:00:00.000,0.29394288
2023-08-22 12:00:00.000,0.28087104
2023-08-22 13:00:00.000,0.26363472
2023-08-22 14:00:00.000,0.27612815999999996
2023-08-22 15:00:00.000,0.28653935999999997
2023-08-22 16:00:00.000,0.31094784
2023-08-22 17:00:00.000,0.3140712
2023-08-22 18:00:00.000,0.33246432
2023-08-22 19:00:00.000,0.3256392
2023-08-22 20:00:00.000,0.31279872000000003
2023-08-22 21:00:00.000,0.27277344
2023-08-22 22:00:00.000,0.26779919999999996
2023-08-22 23:00:00.000,0.23853216
2023-08-23 00:00:00.000,0.22360944
2023-08-23 01:00:00.000,0.22279968
2023-08-23 02:00:00.000,0.22198992
2023-08-23 03:00:00.000,0.24165551999999998
2023-08-23 04:00:00.000,0.26039568
2023-08-23 05:00:00.000,0.3111792
2023-08-23 06:00:00.000,0.28885296
2023-08-23 07:00:00.000,0.32691168
2023-08-23 08:00:00.000,0.326796
2023-08-23 09:00:00.000,0.32124336
2023-08-23 10:00:00.000,0.31141056000000006
2023-08-23 11:00:00.000,0.2944056
2023-08-23 12:00:00.000,0.2880432
2023-08-23 13:00:00.000,0.28306896
2023-08-23 14:00:00.000,0.28353168
2023-08-23 15:00:00.000,0.2845728
2023-08-23 16:00:00.000,0.32355696
2023-08-23 17:00:00.000,0.32587056000000003
2023-08-23 18:00:00.000,0.31973952000000005
2023-08-23 19:00:00.000,0.31707888
2023-08-23 20:00:00.000,0.29278608
2023-08-23 21:00:00.000,0.25010016
2023-08-23 22:00:00.000,0.24512592
2023-08-23 23:00:00.000,0.23263247999999997
2023-08-24 00:00:00.000,0.22407216
2023-08-24 01:00:00.000,0.21724704
2023-08-24 02:00:00.000,0.21423936000000002
2023-08-24 03:00:00.000,0.21770976
2023-08-24 04:00:00.000,0.23216976
2023-08-24 05:00:00.000,0.25588416
2023-08-24 06:00:00.000,0.30678336
2023-08-24 07:00:00.000,1.8474096
2023-08-24 08:00:00.000,1.4899584
2023-08-24 09:00:00.000,1.28161872
2023-08-24 10:00:00.000,1.2299097599999997
2023-08-24 11:00:00.000,0.33362112
2023-08-24 12:00:00.000,0.32309424000000003
2023-08-24 13:00:00.000,0.31754160000000003
2023-08-24 14:00:00.000,0.34611455999999996
2023-08-24 15:00:00.000,0.34160304
2023-08-24 16:00:00.000,1.7947752000000001
2023-08-24 17:00:00.000,2.3911056
2023-08-24 18:00:00.000,2.9909063999999996
2023-08-24 19:00:00.000,2.38231392
2023-08-24 20:00:00.000,1.7938497599999998
2023-08-24 21:00:00.000,1.7982455999999996
2023-08-24 22:00:00.000,0.32876256
2023-08-24 23:00:00.000,0.32922528
2023-08-25 00:00:00.000,0.31337712
2023-08-25 01:00:00.000,0.29544672000000005
2023-08-25 02:00:00.000,0.27624383999999996
2023-08-25 03:00:00.000,0.27474
2023-08-25 04:00:00.000,0.29209199999999996
2023-08-25 05:00:00.000,0.3158064
2023-08-25 06:00:00.000,0.34669296000000005
2023-08-25 07:00:00.000,1.5740577599999999
2023-08-25 08:00:00.000,1.4567582399999999
2023-08-25 09:00:00.000,1.3172481600000001
2023-08-25 10:00:00.000,1.2487656
2023-08-25 11:00:00.000,1.1510159999999998
2023-08-25 12:00:00.000,0.33038207999999997
2023-08-25 13:00:00.000,0.32054928
2023-08-25 14:00:00.000,0.74972208
2023-08-25 15:00:00.000,1.1382911999999998
2023-08-25 16:00:00.000,1.37763312
2023-08-25 17:00:00.000,1.60320912
2023-08-25 18:00:00.000,1.82068752
2023-08-25 19:00:00.000,1.7096347199999997
2023-08-25 20:00:00.000,1.1997172799999998
2023-08-25 21:00:00.000,0.27369888
2023-08-25 22:00:00.000,0.24836496
2023-08-25 23:00:00.000,0.24327504
2023-08-26 00:00:00.000,0.222684
2023-08-26 01:00:00.000,0.21076896
2023-08-26 02:00:00.000,0.20093616
2023-08-26 03:00:00.000,0.19584624
2023-08-26 04:00:00.000,0.18855840000000001
2023-08-26 05:00:00.000,0.2012832
2023-08-26 06:00:00.000,0.22291535999999998
2023-08-26 07:00:00.000,0.26062704000000003
2023-08-26 08:00:00.000,0.30030528
2023-08-26 09:00:00.000,0.31592208
2023-08-26 10:00:00.000,0.31360847999999997
2023-08-26 11:00:00.000,0.29718192
2023-08-26 12:00:00.000,0.27277344
2023-08-26 13:00:00.000,0.26074272000000004
2023-08-26 14:00:00.000,0.23471472
2023-08-26 15:00:00.000,0.22303103999999999
2023-08-26 16:00:00.000,0.2261544
2023-08-26 17:00:00.000,0.22650144
2023-08-26 18:00:00.000,0.21620592
2023-08-26 19:00:00.000,0.20741424
2023-08-26 20:00:00.000,0.18300576000000002
2023-08-26 21:00:00.000,0.167736
2023-08-26 22:00:00.000,0.1237776
2023-08-26 23:00:00.000,0.16229903999999998
2023-08-27 00:00:00.000,0.14737632
2023-08-27 01:00:00.000,0.13638672
2023-08-27 02:00:00.000,0.11949744
2023-08-27 03:00:00.000,0.1191504
2023-08-27 04:00:00.000,0.09323808
2023-08-27 05:00:00.000,0.07496064
2023-08-27 06:00:00.000,0.12007584
2023-08-27 07:00:00.000,0.15003696
2023-08-27 08:00:00.000,0.16195199999999998
2023-08-27 09:00:00.000,0.16762032
2023-08-27 10:00:00.000,0.1683144
2023-08-27 11:00:00.000,0.14274912
2023-08-27 12:00:00.000,0.1660008
2023-08-27 13:00:00.000,0.16889279999999998
2023-08-27 14:00:00.000,0.17259456
2023-08-27 15:00:00.000,0.19931664000000002
2023-08-27 16:00:00.000,1.1924294400000002
2023-08-27 17:00:00.000,1.35415008
2023-08-27 18:00:00.000,1.45791504
2023-08-27 19:00:00.000,1.41210576
2023-08-27 20:00:00.000,1.4354731200000002
2023-08-27 21:00:00.000,0.27103824
2023-08-27 22:00:00.000,0.25252944
2023-08-27 23:00:00.000,0.28237488
2023-08-28 00:00:00.000,0.27635951999999997
2023-08-28 01:00:00.000,0.28503552000000004
2023-08-28 02:00:00.000,0.29637216
2023-08-28 03:00:00.000,0.34056191999999996
2023-08-28 04:00:00.000,1.05396048
2023-08-28 05:00:00.000,1.2861302399999999
2023-08-28 06:00:00.000,1.6254196799999996
2023-08-28 07:00:00.000,1.6849948799999999
2023-08-28 08:00:00.000,1.4407944
2023-08-28 09:00:00.000,1.34859744
2023-08-28 10:00:00.000,1.32870048
2023-08-28 11:00:00.000,1.21544976
2023-08-28 12:00:00.000,1.159692
2023-08-28 13:00:00.000,1.13574624
2023-08-28 14:00:00.000,1.32754368
2023-08-28 15:00:00.000,1.34732496
2023-08-28 16:00:00.000,1.73589408
2023-08-28 17:00:00.000,1.8838488
2023-08-28 18:00:00.000,2.02393728
2023-08-28 19:00:00.000,1.92873264
2023-08-28 20:00:00.000,1.6077206399999997
2023-08-28 21:00:00.000,0.46202592
2023-08-28 22:00:00.000,0.3186984
2023-08-28 23:00:00.000,0.18682320000000002
2023-08-29 00:00:00.000,0.17456112
2023-08-29 01:00:00.000,0.16727328
2023-08-29 02:00:00.000,0.16808304
2023-08-29 03:00:00.000,0.17618064
2023-08-29 04:00:00.000,0.27427728
2023-08-29 05:00:00.000,0.3285312
2023-08-29 06:00:00.000,0.38729664
2023-08-29 07:00:00.000,1.10393424
2023-08-29 08:00:00.000,0.92544
2023-08-29 09:00:00.000,0.7759814399999999
2023-08-29 10:00:00.000,0.5253028799999999
2023-08-29 11:00:00.000,0.56139504
2023-08-29 12:00:00.000,0.5334004800000001
2023-08-29 13:00:00.000,0.5633616
2023-08-29 14:00:00.000,0.70645776
2023-08-29 15:00:00.000,0.980388
2023-08-29 16:00:00.000,1.5990446399999998
2023-08-29 17:00:00.000,1.8028728
2023-08-29 18:00:00.000,1.9665599999999999
2023-08-29 19:00:00.000,1.8346848
2023-08-29 20:00:00.000,1.2950376000000001
2023-08-29 21:00:00.000,0.3366288
2023-08-29 22:00:00.000,0.31222032
2023-08-29 23:00:00.000,0.5318966399999999
2023-08-30 00:00:00.000,0.381744
2023-08-30 01:00:00.000,0.39493152
2023-08-30 02:00:00.000,0.43993104
2023-08-30 03:00:00.000,0.6940799999999999
2023-08-30 04:00:00.000,1.10289312
2023-08-30 05:00:00.000,1.4709868799999999
2023-08-30 06:00:00.000,1.66729584
2023-08-30 07:00:00.000,1.6184788799999998
2023-08-30 08:00:00.000,1.4425296
2023-08-30 09:00:00.000,1.27583472
2023-08-30 10:00:00.000,1.1487024
2023-08-30 11:00:00.000,1.1306563199999997
2023-08-30 12:00:00.000,1.10566944
2023-08-30 13:00:00.000,1.0885487999999999
2023-08-30 14:00:00.000,1.1180472
2023-08-30 15:00:00.000,1.1075203200000001
2023-08-30 16:00:00.000,1.33413744
2023-08-30 17:00:00.000,1.6185945599999998
2023-08-30 18:00:00.000,1.95510768
2023-08-30 19:00:00.000,1.94446512
2023-08-30 20:00:00.000,1.5547392
2023-08-30 21:00:00.000,1.34906016
2023-08-30 22:00:00.000,1.0529193600000002
2023-08-30 23:00:00.000,1.04875488
2023-08-31 00:00:00.000,0.56648496
2023-08-31 01:00:00.000,0.41540688
2023-08-31 02:00:00.000,0.39712944
2023-08-31 03:00:00.000,0.40927584
2023-08-31 04:00:00.000,1.0323283199999997
2023-08-31 05:00:00.000,1.21938288
2023-08-31 06:00:00.000,1.6369876799999994
2023-08-31 07:00:00.000,1.47746496
2023-08-31 08:00:00.000,1.3202558399999997
2023-08-31 09:00:00.000,1.12059216
2023-08-31 10:00:00.000,1.064256
2023-08-31 11:00:00.000,1.0418140800000002
2023-08-31 12:00:00.000,1.01844672
2023-08-31 13:00:00.000,0.99785568
2023-08-31 14:00:00.000,1.0065316800000002
2023-08-31 15:00:00.000,1.02966768
2023-08-31 16:00:00.000,1.15356096
2023-08-31 17:00:00.000,1.3771704
2023-08-31 18:00:00.000,1.7184264
2023-08-31 19:00:00.000,1.6096872
2023-08-31 20:00:00.000,1.4517840000000002
2023-08-31 21:00:00.000,1.20295632
2023-08-31 22:00:00.000,1.08808608
2023-08-31 23:00:00.000,0.23355792
2023-09-01 00:00:00.000,0.22881504
2023-09-01 01:00:00.000,0.21944496000000002
2023-09-01 02:00:00.000,0.21840384000000002
2023-09-01 03:00:00.000,0.21956064
2023-09-01 04:00:00.000,0.23008752000000002
2023-09-01 05:00:00.000,0.24848064
2023-09-01 06:00:00.000,0.8482814399999999
2023-09-01 07:00:00.000,1.46126976
2023-09-01 08:00:00.000,1.25663184
2023-09-01 09:00:00.000,1.1541393599999998
2023-09-01 10:00:00.000,1.0897056
2023-09-01 11:00:00.000,1.03903776
2023-09-01 12:00:00.000,0.3256392
2023-09-01 13:00:00.000,0.30527951999999997
2023-09-01 14:00:00.000,0.3464616
2023-09-01 15:00:00.000,0.35039472
2023-09-01 16:00:00.000,0.36878784000000003
2023-09-01 17:00:00.000,0.3695976
2023-09-01 18:00:00.000,0.34842816
2023-09-01 19:00:00.000,0.30898128
2023-09-01 20:00:00.000,0.27578112
2023-09-01 21:00:00.000,0.25414896
2023-09-01 22:00:00.000,0.23286384000000002
2023-09-01 23:00:00.000,0.21851952
2023-09-02 00:00:00.000,0.20868672000000002
2023-09-02 01:00:00.000,0.20047344
2023-09-02 02:00:00.000,0.19330128
2023-09-02 03:00:00.000,0.19758144
2023-09-02 04:00:00.000,0.19110336
2023-09-02 05:00:00.000,0.21296688
2023-09-02 06:00:00.000,0.2238408
2023-09-02 07:00:00.000,0.22684848
2023-09-02 08:00:00.000,0.23355792
2023-09-02 09:00:00.000,0.2359872
2023-09-02 10:00:00.000,0.2348304
2023-09-02 11:00:00.000,0.22823664
2023-09-02 12:00:00.000,0.22546032
2023-09-02 13:00:00.000,0.22534463999999998
2023-09-02 14:00:00.000,0.23702832000000001
2023-09-02 15:00:00.000,0.25079424
2023-09-02 16:00:00.000,0.27022848
2023-09-02 17:00:00.000,0.28318464
2023-09-02 18:00:00.000,0.28896864
2023-09-02 19:00:00.000,0.28815888
2023-09-02 20:00:00.000,0.27207936
2023-09-02 21:00:00.000,0.24917472000000002
2023-09-02 22:00:00.000,0.24188688
2023-09-02 23:00:00.000,0.2290464
2023-09-03 00:00:00.000,0.22418784
2023-09-03 01:00:00.000,0.22210560000000001
2023-09-03 02:00:00.000,0.222684
2023-09-03 03:00:00.000,0.22650144
2023-09-03 04:00:00.000,0.22812095999999998
2023-09-03 05:00:00.000,0.22765824
2023-09-03 06:00:00.000,0.24038304
2023-09-03 07:00:00.000,0.25785072000000003
2023-09-03 08:00:00.000,0.26930304
2023-09-03 09:00:00.000,0.27786336
2023-09-03 10:00:00.000,0.2799456
2023-09-03 11:00:00.000,0.24396912
2023-09-03 12:00:00.000,0.13430447999999998
2023-09-03 13:00:00.000,0.057145919999999996
2023-09-03 14:00:00.000,0.18173328
2023-09-03 15:00:00.000,0.28873728
2023-09-03 16:00:00.000,0.2926704
2023-09-03 17:00:00.000,0.2775163199999999
2023-09-03 18:00:00.000,0.2643288
2023-09-03 19:00:00.000,0.22696416
2023-09-03 20:00:00.000,0.18462528
2023-09-03 21:00:00.000,0.11197823999999999
2023-09-03 22:00:00.000,0.01607952
2023-09-03 23:00:00.000,-0.00219792
2023-09-04 00:00:00.000,-0.013997279999999999
2023-09-04 01:00:00.000,-0.019202880000000002
2023-09-04 02:00:00.000,-0.020822399999999998
2023-09-04 03:00:00.000,-0.01862448
2023-09-04 04:00:00.000,-0.0016195200000000002
2023-09-04 05:00:00.000,0.03019248
2023-09-04 06:00:00.000,0.14772336000000003
2023-09-04 07:00:00.000,0.23911056
2023-09-04 08:00:00.000,0.30898128
2023-09-04 09:00:00.000,1.0486392
2023-09-04 10:00:00.000,0.552372
2023-09-04 11:00:00.000,0.29891712000000004
2023-09-04 12:00:00.000,0.22441919999999999
2023-09-04 13:00:00.000,0.20220864
2023-09-04 14:00:00.000,0.16981824
2023-09-04 15:00:00.000,0.14274912
2023-09-04 16:00:00.000,0.0572616
2023-09-04 17:00:00.000,0.02637504
2023-09-04 18:00:00.000,0.006825119999999999
2023-09-04 19:00:00.000,0.0
2023-09-04 20:00:00.000,-0.00092544
2023-09-04 21:00:00.000,-0.017814720000000003
2023-09-04 22:00:00.000,-0.0242928
2023-09-04 23:00:00.000,-0.028341599999999998
2023-09-05 00:00:00.000,-0.02336736
2023-09-05 01:00:00.000,-0.020475359999999998
2023-09-05 02:00:00.000,-0.007519199999999999
2023-09-05 03:00:00.000,0.00011568
2023-09-05 04:00:00.000,0.04661904
2023-09-05 05:00:00.000,0.1660008
2023-09-05 06:00:00.000,0.22546032
2023-09-05 07:00:00.000,0.24963744
2023-09-05 08:00:00.000,0.24304367999999998
2023-09-05 09:00:00.000,0.20891808
2023-09-05 10:00:00.000,0.17190048
2023-09-05 11:00:00.000,0.16195199999999998
2023-09-05 12:00:00.000,0.10550016
2023-09-05 13:00:00.000,0.14031984
2023-09-05 14:00:00.000,0.14841744
2023-09-05 15:00:00.000,0.15049968
2023-09-05 16:00:00.000,0.27659088000000004
2023-09-05 17:00:00.000,0.21898224
2023-09-05 18:00:00.000,0.07322543999999999
2023-09-05 19:00:00.000,0.04141344
2023-09-05 20:00:00.000,0.020243999999999998
2023-09-05 21:00:00.000,0.0026606399999999997
2023-09-05 22:00:00.000,-0.00185088
2023-09-05 23:00:00.000,-0.012956160000000001
2023-09-06 00:00:00.000,-0.01203072
2023-09-06 01:00:00.000,-0.01168368
2023-09-06 02:00:00.000,0.0
2023-09-06 03:00:00.000,0.00856032
2023-09-06 04:00:00.000,0.023136
2023-09-06 05:00:00.000,0.1151016
2023-09-06 06:00:00.000,0.17282592
2023-09-06 07:00:00.000,0.22349376
2023-09-06 08:00:00.000,0.22974048
2023-09-06 09:00:00.000,0.22210560000000001
2023-09-06 10:00:00.000,0.21886656
2023-09-06 11:00:00.000,0.2105376
2023-09-06 12:00:00.000,0.21204144
2023-09-06 13:00:00.000,0.2359872
2023-09-06 14:00:00.000,0.401988
2023-09-06 15:00:00.000,1.05777792
2023-09-06 16:00:00.000,1.22470416
2023-09-06 17:00:00.000,1.6869614400000001
2023-09-06 18:00:00.000,2.19248304
2023-09-06 19:00:00.000,1.92075072
2023-09-06 20:00:00.000,1.1281113600000001
2023-09-06 21:00:00.000,0.23818512
2023-09-06 22:00:00.000,0.19896960000000002
2023-09-06 23:00:00.000,0.16414991999999998
2023-09-07 00:00:00.000,0.1486488
2023-09-07 01:00:00.000,0.14621952
2023-09-07 02:00:00.000,0.14552544
2023-09-07 03:00:00.000,0.14714496
2023-09-07 04:00:00.000,0.16530672
2023-09-07 05:00:00.000,0.2649072
2023-09-07 06:00:00.000,1.5038399999999998
2023-09-07 07:00:00.000,1.457568
2023-09-07 08:00:00.000,1.18780224
2023-09-07 09:00:00.000,0.97784304
2023-09-07 10:00:00.000,0.81681648
2023-09-07 11:00:00.000,0.8022408
2023-09-07 12:00:00.000,0.55387584
2023-09-07 13:00:00.000,0.4430543999999999
2023-09-07 14:00:00.000,0.38139695999999995
2023-09-07 15:00:00.000,0.55572672
2023-09-07 16:00:00.000,0.6321912
2023-09-07 17:00:00.000,0.9858249600000001
2023-09-07 18:00:00.000,0.555264
2023-09-07 19:00:00.000,0.32702736
2023-09-07 20:00:00.000,0.2383008
2023-09-07 21:00:00.000,0.18080784
2023-09-07 22:00:00.000,0.14957424
2023-09-07 23:00:00.000,0.25553712
2023-09-08 00:00:00.000,0.21909792
2023-09-08 01:00:00.000,0.20683584
2023-09-08 02:00:00.000,0.20244
2023-09-08 03:00:00.000,0.26328768
2023-09-08 04:00:00.000,1.07883168
2023-09-08 05:00:00.000,1.3059115200000002
2023-09-08 06:00:00.000,1.54733568
2023-09-08 07:00:00.000,1.4200876800000002
2023-09-08 08:00:00.000,1.16038608
2023-09-08 09:00:00.000,1.0395004799999998
2023-09-08 10:00:00.000,0.95412864
2023-09-08 11:00:00.000,0.8687567999999999
2023-09-08 12:00:00.000,0.8202868799999998
2023-09-08 13:00:00.000,0.83948976
2023-09-08 14:00:00.000,0.92810064
2023-09-08 15:00:00.000,1.02272688
2023-09-08 16:00:00.000,1.2481872
2023-09-08 17:00:00.000,1.96447776
2023-09-08 18:00:00.000,2.5869518400000002
2023-09-08 19:00:00.000,2.2407215999999996
2023-09-08 20:00:00.000,0.2955624
2023-09-08 21:00:00.000,0.13603968
2023-09-08 22:00:00.000,0.11255664
2023-09-08 23:00:00.000,0.13337903999999995
2023-09-09 00:00:00.000,0.12898320000000002
2023-09-09 01:00:00.000,0.12609120000000001
2023-09-09 02:00:00.000,0.12528144
2023-09-09 03:00:00.000,0.12308351999999999
2023-09-09 04:00:00.000,0.10133568
2023-09-09 05:00:00.000,0.11579568
2023-09-09 06:00:00.000,0.1220424
2023-09-09 07:00:00.000,0.14483136
2023-09-09 08:00:00.000,0.17675904
2023-09-09 09:00:00.000,0.1926072
2023-09-09 10:00:00.000,0.18797999999999998
2023-09-09 11:00:00.000,0.1740984
2023-09-09 12:00:00.000,0.12331488
2023-09-09 13:00:00.000,0.13511424
2023-09-09 14:00:00.000,0.15397008
2023-09-09 15:00:00.000,0.15628368
2023-09-09 16:00:00.000,0.15524256
2023-09-09 17:00:00.000,0.14274912
2023-09-09 18:00:00.000,0.11695248
2023-09-09 19:00:00.000,0.0358608
2023-09-09 20:00:00.000,0.022326239999999997
2023-09-09 21:00:00.000,0.010064159999999999
2023-09-09 22:00:00.000,-0.004164479999999999
2023-09-09 23:00:00.000,-0.02336736
2023-09-10 00:00:00.000,-0.02070672
2023-09-10 01:00:00.000,-0.013418879999999998
2023-09-10 02:00:00.000,-0.00451152
2023-09-10 03:00:00.000,0.00624672
2023-09-10 04:00:00.000,0.00485856
2023-09-10 05:00:00.000,0.025912320000000003
2023-09-10 06:00:00.000,0.057145919999999996
2023-09-10 07:00:00.000,0.11753087999999999
2023-09-10 08:00:00.000,0.13048703999999997
2023-09-10 09:00:00.000,0.13395743999999998
2023-09-10 10:00:00.000,0.13291631999999998
2023-09-10 11:00:00.000,0.09578304
2023-09-10 12:00:00.000,0.02221056
2023-09-10 13:00:00.000,0.06339264
2023-09-10 14:00:00.000,0.16368719999999998
2023-09-10 15:00:00.000,0.19815984
2023-09-10 16:00:00.000,0.27844176
2023-09-10 17:00:00.000,0.30030528
2023-09-10 18:00:00.000,0.4650336
2023-09-10 19:00:00.000,0.31950816
2023-09-10 20:00:00.000,0.23066592
2023-09-10 21:00:00.000,0.18439392000000002
2023-09-10 22:00:00.000,0.1752552
2023-09-10 23:00:00.000,0.1769904
2023-09-11 00:00:00.000,0.17803152
2023-09-11 01:00:00.000,0.18682320000000002
2023-09-11 02:00:00.000,0.18636048
2023-09-11 03:00:00.000,0.18138623999999998
2023-09-11 04:00:00.000,0.19642464
2023-09-11 05:00:00.000,1.5068476800000001
2023-09-11 06:00:00.000,2.07310128
2023-09-11 07:00:00.000,1.5783379199999998
2023-09-11 08:00:00.000,1.307184
2023-09-11 09:00:00.000,1.10081088
2023-09-11 10:00:00.000,1.03151856
2023-09-11 11:00:00.000,1.01416656
2023-09-11 12:00:00.000,0.9798096000000001
2023-09-11 13:00:00.000,0.9890639999999999
2023-09-11 14:00:00.000,1.0703870400000002
2023-09-11 15:00:00.000,1.1417616000000002
2023-09-11 16:00:00.000,1.53773424
2023-09-11 17:00:00.000,0.28758048
2023-09-11 18:00:00.000,0.05784
2023-09-11 19:00:00.000,0.025565280000000003
2023-09-11 20:00:00.000,0.00786624
2023-09-11 21:00:00.000,-0.00092544
2023-09-11 22:00:00.000,-0.013881600000000001
2023-09-11 23:00:00.000,-0.02672208
2023-09-12 00:00:00.000,-0.02383008
2023-09-12 01:00:00.000,-0.02244192
2023-09-12 02:00:00.000,-0.0121464
2023-09-12 03:00:00.000,0.00046272
2023-09-12 04:00:00.000,0.01052688
2023-09-12 05:00:00.000,0.057724319999999996
2023-09-12 06:00:00.000,0.13870032000000002
2023-09-12 07:00:00.000,0.16692623999999998
2023-09-12 08:00:00.000,0.16738896
2023-09-12 09:00:00.000,0.16044815999999998
2023-09-12 10:00:00.000,0.15223488000000002
2023-09-12 11:00:00.000,0.14540976
2023-09-12 12:00:00.000,0.14205504
2023-09-12 13:00:00.000,0.14286480000000001
2023-09-12 14:00:00.000,0.14783903999999998
2023-09-12 15:00:00.000,0.16727328
2023-09-12 16:00:00.000,0.22707983999999998
2023-09-12 17:00:00.000,0.21990768
2023-09-12 18:00:00.000,0.22326240000000003
2023-09-12 19:00:00.000,0.17826287999999998
2023-09-12 20:00:00.000,0.17085936
2023-09-12 21:00:00.000,0.14540976
2023-09-12 22:00:00.000,0.13511424
2023-09-12 23:00:00.000,0.11602704
2023-09-13 00:00:00.000,0.10989600000000001
2023-09-13 01:00:00.000,0.10341792
2023-09-13 02:00:00.000,0.10295520000000001
2023-09-13 03:00:00.000,0.11255664
2023-09-13 04:00:00.000,0.11880336
2023-09-13 05:00:00.000,0.18346848
2023-09-13 06:00:00.000,1.61616528
2023-09-13 07:00:00.000,1.59314496
2023-09-13 08:00:00.000,1.44495888
2023-09-13 09:00:00.000,1.19393328
2023-09-13 10:00:00.000,1.12047648
2023-09-13 11:00:00.000,1.0870449599999998
2023-09-13 12:00:00.000,1.07385744
2023-09-13 13:00:00.000,1.06448736
2023-09-13 14:00:00.000,0.80038992
2023-09-13 15:00:00.000,0.84712464
2023-09-13 16:00:00.000,1.2075835199999998
2023-09-13 17:00:00.000,1.44576864
2023-09-13 18:00:00.000,1.7756880000000002
2023-09-13 19:00:00.000,0.30065232
2023-09-13 20:00:00.000,0.14888015999999998
2023-09-13 21:00:00.000,0.1382376
2023-09-13 22:00:00.000,0.11753087999999999
2023-09-13 23:00:00.000,0.12817344
2023-09-14 00:00:00.000,0.12701664
2023-09-14 01:00:00.000,0.124356
2023-09-14 02:00:00.000,0.12562848
2023-09-14 03:00:00.000,0.12990864
2023-09-14 04:00:00.000,0.1463352
2023-09-14 05:00:00.000,0.17594928
2023-09-14 06:00:00.000,1.0382280000000002
2023-09-14 07:00:00.000,1.79408112
2023-09-14 08:00:00.000,1.3652553600000001
2023-09-14 09:00:00.000,1.1200137599999997
2023-09-14 10:00:00.000,1.05951312
2023-09-14 11:00:00.000,1.05558
2023-09-14 12:00:00.000,1.03718688
2023-09-14 13:00:00.000,1.01960352
2023-09-14 14:00:00.000,1.0376496
2023-09-14 15:00:00.000,1.08924288
2023-09-14 16:00:00.000,1.3516051199999999
2023-09-14 17:00:00.000,2.00137968
2023-09-14 18:00:00.000,2.66387904
2023-09-14 19:00:00.000,2.1493344000000003
2023-09-14 20:00:00.000,1.54247712
2023-09-14 21:00:00.000,1.32037152
2023-09-14 22:00:00.000,0.16276176
2023-09-14 23:00:00.000,0.16762032
2023-09-15 00:00:00.000,0.16091087999999998
2023-09-15 01:00:00.000,0.15258192
2023-09-15 02:00:00.000,0.14425296
2023-09-15 03:00:00.000,0.1446
2023-09-15 04:00:00.000,0.14448432
2023-09-15 05:00:00.000,0.16114224
2023-09-15 06:00:00.000,0.33512495999999997
2023-09-15 07:00:00.000,1.44680976
2023-09-15 08:00:00.000,1.2074678399999998
2023-09-15 09:00:00.000,0.57770592
2023-09-15 10:00:00.000,0.33500927999999996
2023-09-15 11:00:00.000,0.25426464000000004
2023-09-15 12:00:00.000,0.18358416
2023-09-15 13:00:00.000,0.18115488
2023-09-15 14:00:00.000,0.17837856
2023-09-15 15:00:00.000,0.1862448
2023-09-15 16:00:00.000,0.19422672
2023-09-15 17:00:00.000,0.1798824
2023-09-15 18:00:00.000,0.15420144
2023-09-15 19:00:00.000,0.14078256
2023-09-15 20:00:00.000,0.12909888
2023-09-15 21:00:00.000,0.10330224
2023-09-15 22:00:00.000,0.06963936
2023-09-15 23:00:00.000,0.1058472
2023-09-16 00:00:00.000,0.10133568
2023-09-16 01:00:00.000,0.09844368
2023-09-16 02:00:00.000,0.09231264
2023-09-16 03:00:00.000,0.09242832
2023-09-16 04:00:00.000,0.08872656
2023-09-16 05:00:00.000,0.1058472
2023-09-16 06:00:00.000,0.11753087999999999
2023-09-16 07:00:00.000,0.12863616
2023-09-16 08:00:00.000,0.14598816
2023-09-16 09:00:00.000,0.15073103999999998
2023-09-16 10:00:00.000,0.14540976
2023-09-16 11:00:00.000,0.13974144
2023-09-16 12:00:00.000,0.13407312
2023-09-16 13:00:00.000,0.13627104
2023-09-16 14:00:00.000,0.14089823999999998
2023-09-16 15:00:00.000,0.1463352
2023-09-16 16:00:00.000,0.15778752000000001
2023-09-16 17:00:00.000,0.16507535999999998
2023-09-16 18:00:00.000,0.15628368
2023-09-16 19:00:00.000,0.15084672
2023-09-16 20:00:00.000,0.13684944
2023-09-16 21:00:00.000,0.11984448
2023-09-16 22:00:00.000,0.10607856
2023-09-16 23:00:00.000,0.1307184
2023-09-17 00:00:00.000,0.12169535999999999
2023-09-17 01:00:00.000,0.11487024
2023-09-17 02:00:00.000,0.1046904
2023-09-17 03:00:00.000,0.07091184
2023-09-17 04:00:00.000,0.056336159999999996
2023-09-17 05:00:00.000,0.028572959999999998
2023-09-17 06:00:00.000,0.051824640000000005
2023-09-17 07:00:00.000,0.10388064
2023-09-17 08:00:00.000,0.10897056000000001
2023-09-17 09:00:00.000,0.10850784000000001
2023-09-17 10:00:00.000,0.11417615999999998
2023-09-17 11:00:00.000,0.11556432
2023-09-17 12:00:00.000,0.04719744
2023-09-17 13:00:00.000,0.049742400000000006
2023-09-17 14:00:00.000,0.12886752
2023-09-17 15:00:00.000,0.14413728
2023-09-17 16:00:00.000,0.15859728
2023-09-17 17:00:00.000,0.17132208
2023-09-17 18:00:00.000,0.18427824
2023-09-17 19:00:00.000,0.17456112
2023-09-17 20:00:00.000,0.15281328
2023-09-17 21:00:00.000,0.14147664000000001
2023-09-17 22:00:00.000,0.13742784
2023-09-17 23:00:00.000,0.11001168
2023-09-18 00:00:00.000,0.1023768
2023-09-18 01:00:00.000,0.09994752
2023-09-18 02:00:00.000,0.09728687999999999
2023-09-18 03:00:00.000,0.09983184
2023-09-18 04:00:00.000,0.10781376000000001
2023-09-18 05:00:00.000,0.10781376000000001
2023-09-18 06:00:00.000,0.11568
2023-09-18 07:00:00.000,0.12053856
2023-09-18 08:00:00.000,0.12470304
2023-09-18 09:00:00.000,0.12585984
2023-09-18 10:00:00.000,0.11637408
2023-09-18 11:00:00.000,0.11440752
2023-09-18 12:00:00.000,0.1104744
2023-09-18 13:00:00.000,0.10295520000000001
2023-09-18 14:00:00.000,0.10515312
2023-09-18 15:00:00.000,0.11186256
2023-09-18 16:00:00.000,0.10966464000000001
2023-09-18 17:00:00.000,0.09936911999999999
2023-09-18 18:00:00.000,0.08953632
2023-09-18 19:00:00.000,0.057377279999999996
2023-09-18 20:00:00.000,0.0335472
2023-09-18 21:00:00.000,0.00485856
2023-09-18 22:00:00.000,-0.0008097600000000001
2023-09-18 23:00:00.000,-0.00023136
2023-09-19 00:00:00.000,-0.0023136000000000003
2023-09-19 01:00:00.000,-0.012956160000000001
2023-09-19 02:00:00.000,-0.013303200000000001
2023-09-19 03:00:00.000,-0.012956160000000001
2023-09-19 04:00:00.000,-0.0003470399999999999
2023-09-19 05:00:00.000,0.020938079999999998
2023-09-19 06:00:00.000,0.03019248
2023-09-19 07:00:00.000,0.03447264
2023-09-19 08:00:00.000,0.03377856
2023-09-19 09:00:00.000,0.03088656
2023-09-19 10:00:00.000,0.017352
2023-09-19 11:00:00.000,-0.01284048
2023-09-19 12:00:00.000,-0.01573248
2023-09-19 13:00:00.000,-0.02151648
2023-09-19 14:00:00.000,-0.021979199999999997
2023-09-19 15:00:00.000,-0.00092544
2023-09-19 16:00:00.000,0.002892
2023-09-19 17:00:00.000,0.002892
2023-09-19 18:00:00.000,0.0010411199999999998
2023-09-19 19:00:00.000,0.0
2023-09-19 20:00:00.000,-0.0008097600000000001
2023-09-19 21:00:00.000,-0.005668319999999999
2023-09-19 22:00:00.000,-0.022673279999999997
2023-09-19 23:00:00.000,-0.039678240000000004
2023-09-20 00:00:00.000,-0.0428016
2023-09-20 01:00:00.000,-0.0428016
2023-09-20 02:00:00.000,-0.039331200000000004
2023-09-20 03:00:00.000,-0.03088656
2023-09-20 04:00:00.000,-0.01457568
2023-09-20 05:00:00.000,0.00011568
2023-09-20 06:00:00.000,0.02383008
2023-09-20 07:00:00.000,0.0335472
2023-09-20 08:00:00.000,0.03447264
2023-09-20 09:00:00.000,0.025912320000000003
2023-09-20 10:00:00.000,0.00624672
2023-09-20 11:00:00.000,0.0
2023-09-20 12:00:00.000,-0.00011568
2023-09-20 13:00:00.000,0.0
2023-09-20 14:00:00.000,0.004280160000000001
2023-09-20 15:00:00.000,0.03343152
2023-09-20 16:00:00.000,0.10318656
2023-09-20 17:00:00.000,0.11533296
2023-09-20 18:00:00.000,0.1220424
2023-09-20 19:00:00.000,0.10619424
2023-09-20 20:00:00.000,0.06755712
2023-09-20 21:00:00.000,0.03100224
2023-09-20 22:00:00.000,0.015038399999999999
2023-09-20 23:00:00.000,0.006825119999999999
2023-09-21 00:00:00.000,0.00127248
2023-09-21 01:00:00.000,0.0
2023-09-21 02:00:00.000,-0.00011568
2023-09-21 03:00:00.000,0.00011568
2023-09-21 04:00:00.000,0.006825119999999999
2023-09-21 05:00:00.000,0.02151648
2023-09-21 06:00:00.000,0.04615632
2023-09-21 07:00:00.000,0.0572616
2023-09-21 08:00:00.000,0.036670560000000005
2023-09-21 09:00:00.000,0.026028
2023-09-21 10:00:00.000,0.02116944
2023-09-21 11:00:00.000,0.020243999999999998
2023-09-21 12:00:00.000,0.016310879999999996
2023-09-21 13:00:00.000,0.01526976
2023-09-21 14:00:00.000,0.01827744
2023-09-21 15:00:00.000,0.0214008
2023-09-21 16:00:00.000,0.02406144
2023-09-21 17:00:00.000,0.02406144
2023-09-21 18:00:00.000,0.021979199999999997
2023-09-21 19:00:00.000,0.01654224
2023-09-21 20:00:00.000,0.00601536
2023-09-21 21:00:00.000,-0.00011568
2023-09-21 22:00:00.000,-0.0070564799999999995
2023-09-21 23:00:00.000,-0.018161760000000002
2023-09-22 00:00:00.000,-0.0190872
2023-09-22 01:00:00.000,-0.01700496
2023-09-22 02:00:00.000,-0.013534560000000001
2023-09-22 03:00:00.000,-0.00856032
2023-09-22 04:00:00.000,-0.00011568
2023-09-22 05:00:00.000,0.010989599999999999
2023-09-22 06:00:00.000,0.02359872
2023-09-22 07:00:00.000,0.03516672
2023-09-22 08:00:00.000,0.04546224
2023-09-22 09:00:00.000,0.040603679999999996
2023-09-22 10:00:00.000,0.026259360000000002
2023-09-22 11:00:00.000,0.02533392
2023-09-22 12:00:00.000,0.020822399999999998
2023-09-22 13:00:00.000,0.019896959999999998
2023-09-22 14:00:00.000,0.01700496
2023-09-22 15:00:00.000,0.01492272
2023-09-22 16:00:00.000,0.01203072
2023-09-22 17:00:00.000,0.0121464
2023-09-22 18:00:00.000,0.011568
2023-09-22 19:00:00.000,0.006709439999999999
2023-09-22 20:00:00.000,0.0006940799999999999
2023-09-22 21:00:00.000,0.0
2023-09-22 22:00:00.000,-0.00254496
2023-09-22 23:00:00.000,-0.00011568
2023-09-23 00:00:00.000,-0.00011568
2023-09-23 01:00:00.000,-0.00011568
2023-09-23 02:00:00.000,0.0
2023-09-23 03:00:00.000,0.00011568
2023-09-23 04:00:00.000,0.0032390400000000003
2023-09-23 05:00:00.000,0.0026606399999999997
2023-09-23 06:00:00.000,0.011568
2023-09-23 07:00:00.000,0.02614368
2023-09-23 08:00:00.000,0.035629440000000005
2023-09-23 09:00:00.000,0.04338
2023-09-23 10:00:00.000,0.043958399999999995
2023-09-23 11:00:00.000,0.039909599999999996
2023-09-23 12:00:00.000,0.03852144
2023-09-23 13:00:00.000,0.042223199999999995
2023-09-23 14:00:00.000,0.05309712
2023-09-23 15:00:00.000,0.057724319999999996
2023-09-23 16:00:00.000,0.06894528
2023-09-23 17:00:00.000,0.07981919999999999
2023-09-23 18:00:00.000,0.07091184
2023-09-23 19:00:00.000,0.057492959999999996
2023-09-23 20:00:00.000,0.05691456
2023-09-23 21:00:00.000,0.04384272
2023-09-23 22:00:00.000,0.03111792
2023-09-23 23:00:00.000,0.023483039999999997
2023-09-24 00:00:00.000,0.019665600000000002
2023-09-24 01:00:00.000,0.01573248
2023-09-24 02:00:00.000,0.01203072
2023-09-24 03:00:00.000,0.010873919999999999
2023-09-24 04:00:00.000,0.013650239999999998
2023-09-24 05:00:00.000,0.01284048
2023-09-24 06:00:00.000,0.02105376
2023-09-24 07:00:00.000,0.03053952
2023-09-24 08:00:00.000,0.031812
2023-09-24 09:00:00.000,0.01226208
2023-09-24 10:00:00.000,0.009832800000000001
2023-09-24 11:00:00.000,-0.0003470399999999999
2023-09-24 12:00:00.000,-0.03030816
2023-09-24 13:00:00.000,-0.02290464
2023-09-24 14:00:00.000,-0.0003470399999999999
2023-09-24 15:00:00.000,0.05194032
2023-09-24 16:00:00.000,0.08791679999999999
2023-09-24 17:00:00.000,0.095436
2023-09-24 18:00:00.000,0.09115584
2023-09-24 19:00:00.000,0.06408672
2023-09-24 20:00:00.000,0.05344416
2023-09-24 21:00:00.000,0.03204336
2023-09-24 22:00:00.000,0.01700496
2023-09-24 23:00:00.000,0.00277632
2023-09-25 00:00:00.000,-0.00011568
2023-09-25 01:00:00.000,-0.00960144
2023-09-25 02:00:00.000,-0.01712064
2023-09-25 03:00:00.000,-0.019318560000000002
2023-09-25 04:00:00.000,-0.0071721599999999995
2023-09-25 05:00:00.000,0.00011568
2023-09-25 06:00:00.000,0.0121464
2023-09-25 07:00:00.000,0.02174784
2023-09-25 08:00:00.000,0.023136
2023-09-25 09:00:00.000,0.019549920000000002
2023-09-25 10:00:00.000,0.010989599999999999
2023-09-25 11:00:00.000,0.00127248
2023-09-25 12:00:00.000,0.00011568
2023-09-25 13:00:00.000,0.00011568
2023-09-25 14:00:00.000,0.0
2023-09-25 15:00:00.000,0.0
2023-09-25 16:00:00.000,0.0
2023-09-25 17:00:00.000,0.00011568
2023-09-25 18:00:00.000,0.00011568
2023-09-25 19:00:00.000,-0.00023136
2023-09-25 20:00:00.000,-0.00879168
2023-09-25 21:00:00.000,-0.019318560000000002
2023-09-25 22:00:00.000,-0.02892
2023-09-25 23:00:00.000,-0.043958399999999995
2023-09-26 00:00:00.000,-0.04661904
2023-09-26 01:00:00.000,-0.043264319999999995
2023-09-26 02:00:00.000,-0.03956256
2023-09-26 03:00:00.000,-0.02845728
2023-09-26 04:00:00.000,-0.00728784
2023-09-26 05:00:00.000,0.008676
2023-09-26 06:00:00.000,0.02475552
2023-09-26 07:00:00.000,0.039446880000000004
2023-09-26 08:00:00.000,0.053212800000000005
2023-09-26 09:00:00.000,0.056683199999999996
2023-09-26 10:00:00.000,0.05853408
2023-09-26 11:00:00.000,0.05784
2023-09-26 12:00:00.000,0.05795568
2023-09-26 13:00:00.000,0.06003792
2023-09-26 14:00:00.000,0.06663167999999998
2023-09-26 15:00:00.000,0.06963936
2023-09-26 16:00:00.000,1.2606806400000001
2023-09-26 17:00:00.000,0.38151263999999996
2023-09-26 18:00:00.000,0.1312968
2023-09-26 19:00:00.000,0.05691456
2023-09-26 20:00:00.000,0.0190872
2023-09-26 21:00:00.000,0.0049742399999999996
2023-09-26 22:00:00.000,-0.00046272
2023-09-26 23:00:00.000,0.01746768
2023-09-27 00:00:00.000,0.013534560000000001
2023-09-27 01:00:00.000,0.01550112
2023-09-27 02:00:00.000,0.01515408
2023-09-27 03:00:00.000,0.016310879999999996
2023-09-27 04:00:00.000,0.0254496
2023-09-27 05:00:00.000,0.037017600000000005
2023-09-27 06:00:00.000,0.11151551999999999
2023-09-27 07:00:00.000,1.44530592
2023-09-27 08:00:00.000,0.6703656
2023-09-27 09:00:00.000,0.07981919999999999
2023-09-27 10:00:00.000,0.06582192
2023-09-27 11:00:00.000,0.054716640000000004
2023-09-27 12:00:00.000,0.038058720000000004
2023-09-27 13:00:00.000,0.03400992
2023-09-27 14:00:00.000,0.033894240000000006
2023-09-27 15:00:00.000,0.03782736
2023-09-27 16:00:00.000,0.04442112
2023-09-27 17:00:00.000,0.056798879999999996
2023-09-27 18:00:00.000,0.057377279999999996
2023-09-27 19:00:00.000,0.039678240000000004
2023-09-27 20:00:00.000,0.0341256
2023-09-27 21:00:00.000,0.02637504
2023-09-27 22:00:00.000,0.0237144
2023-09-27 23:00:00.000,0.02383008
2023-09-28 00:00:00.000,0.02290464
2023-09-28 01:00:00.000,0.0214008
2023-09-28 02:00:00.000,0.019318560000000002
2023-09-28 03:00:00.000,0.02394576
2023-09-28 04:00:00.000,0.04407408
2023-09-28 05:00:00.000,0.09242832
2023-09-28 06:00:00.000,0.38151263999999996
2023-09-28 07:00:00.000,0.47648592
2023-09-28 08:00:00.000,0.38752800000000004
2023-09-28 09:00:00.000,0.36520176
2023-09-28 10:00:00.000,0.13835328000000002
2023-09-28 11:00:00.000,0.10954896
2023-09-28 12:00:00.000,0.09161856
2023-09-28 13:00:00.000,0.07299408
2023-09-28 14:00:00.000,0.06744144
2023-09-28 15:00:00.000,0.07403520000000001
2023-09-28 16:00:00.000,0.34704
2023-09-28 17:00:00.000,0.34715568
2023-09-28 18:00:00.000,0.049742400000000006
2023-09-28 19:00:00.000,0.03169632
2023-09-28 20:00:00.000,0.01943424
2023-09-28 21:00:00.000,0.0006940799999999999
2023-09-28 22:00:00.000,-0.007519199999999999
2023-09-28 23:00:00.000,-0.0069408
2023-09-29 00:00:00.000,-0.0069408
2023-09-29 01:00:00.000,-0.00659376
2023-09-29 02:00:00.000,-0.004164479999999999
2023-09-29 03:00:00.000,0.0
2023-09-29 04:00:00.000,0.0190872
2023-09-29 05:00:00.000,0.040256639999999996
2023-09-29 06:00:00.000,0.05969088
2023-09-29 07:00:00.000,0.07658016
2023-09-29 08:00:00.000,0.08120735999999999
2023-09-29 09:00:00.000,0.0803976
2023-09-29 10:00:00.000,0.07912512
2023-09-29 11:00:00.000,0.0723
2023-09-29 12:00:00.000,0.07218432
2023-09-29 13:00:00.000,0.06744144
2023-09-29 14:00:00.000,0.06744144
2023-09-29 15:00:00.000,0.06836687999999999
2023-09-29 16:00:00.000,0.06998639999999999
2023-09-29 17:00:00.000,0.061194719999999994
2023-09-29 18:00:00.000,0.057724319999999996
2023-09-29 19:00:00.000,0.04210752
2023-09-29 20:00:00.000,0.030423839999999997
2023-09-29 21:00:00.000,0.01978128
2023-09-29 22:00:00.000,0.00185088
2023-09-29 23:00:00.000,-0.00023136
2023-09-30 00:00:00.000,-0.00046272
2023-09-30 01:00:00.000,-0.0008097600000000001
2023-09-30 02:00:00.000,-0.00023136
2023-09-30 03:00:00.000,0.0
2023-09-30 04:00:00.000,0.00011568
2023-09-30 05:00:00.000,0.0008097600000000001
2023-09-30 06:00:00.000,0.014344319999999999
2023-09-30 07:00:00.000,0.02290464
2023-09-30 08:00:00.000,0.02475552
2023-09-30 09:00:00.000,0.017352
2023-09-30 10:00:00.000,0.00046272
2023-09-30 11:00:00.000,-0.00196656
2023-09-30 12:00:00.000,-0.0127248
2023-09-30 13:00:00.000,-0.02001264
2023-09-30 14:00:00.000,-0.01550112
2023-09-30 15:00:00.000,-0.01226208
2023-09-30 16:00:00.000,-0.009254400000000001
2023-09-30 17:00:00.000,-0.0049742399999999996
2023-09-30 18:00:00.000,-0.00451152
2023-09-30 19:00:00.000,-0.009485760000000001
2023-09-30 20:00:00.000,-0.01203072
2023-09-30 21:00:00.000,-0.012956160000000001
2023-09-30 22:00:00.000,-0.01943424
2023-09-30 23:00:00.000,-0.02302032
2023-10-01 00:00:00.000,-0.02336736
2023-10-01 01:00:00.000,-0.02406144
2023-10-01 02:00:00.000,-0.02417712
2023-10-01 03:00:00.000,-0.02394576
2023-10-01 04:00:00.000,-0.02394576
2023-10-01 05:00:00.000,-0.023136
2023-10-01 06:00:00.000,-0.02070672
2023-10-01 07:00:00.000,-0.01237776
2023-10-01 08:00:00.000,-0.00185088
2023-10-01 09:00:00.000,0.0
2023-10-01 10:00:00.000,0.00451152
2023-10-01 11:00:00.000,-0.0005784000000000001
2023-10-01 12:00:00.000,-0.02186352
2023-10-01 13:00:00.000,-0.00844464
2023-10-01 14:00:00.000,0.01769904
2023-10-01 15:00:00.000,0.03724896
2023-10-01 16:00:00.000,0.05541072
2023-10-01 17:00:00.000,0.06570624
2023-10-01 18:00:00.000,0.06836687999999999
2023-10-01 19:00:00.000,0.05760864
2023-10-01 20:00:00.000,0.056451839999999996
2023-10-01 21:00:00.000,0.049164
2023-10-01 22:00:00.000,0.041529119999999996
2023-10-01 23:00:00.000,0.03227472
2023-10-02 00:00:00.000,0.03215904
2023-10-02 01:00:00.000,0.03366288
2023-10-02 02:00:00.000,0.0364392
2023-10-02 03:00:00.000,0.044652479999999994
2023-10-02 04:00:00.000,0.05760864
2023-10-02 05:00:00.000,0.08652863999999999
2023-10-02 06:00:00.000,0.3805872
2023-10-02 07:00:00.000,1.6314350400000002
2023-10-02 08:00:00.000,1.33032
2023-10-02 09:00:00.000,0.13210656
2023-10-02 10:00:00.000,0.1255128
2023-10-02 11:00:00.000,0.11209392
2023-10-02 12:00:00.000,0.1052688
2023-10-02 13:00:00.000,0.10249248
2023-10-02 14:00:00.000,0.10364928000000001
2023-10-02 15:00:00.000,0.10792944
2023-10-02 16:00:00.000,0.11938176
2023-10-02 17:00:00.000,0.11880336
2023-10-02 18:00:00.000,0.11463888
2023-10-02 19:00:00.000,0.07970352
2023-10-02 20:00:00.000,0.05795568
2023-10-02 21:00:00.000,0.04835424
2023-10-02 22:00:00.000,0.0358608
2023-10-02 23:00:00.000,0.034588320000000006
2023-10-03 00:00:00.000,0.034241280000000006
2023-10-03 01:00:00.000,0.034241280000000006
2023-10-03 02:00:00.000,0.03435696
2023-10-03 03:00:00.000,0.037017600000000005
2023-10-03 04:00:00.000,0.05101488
2023-10-03 05:00:00.000,0.07125888000000001
2023-10-03 06:00:00.000,0.13488288
2023-10-03 07:00:00.000,0.12354624
2023-10-03 08:00:00.000,0.05703023999999999
2023-10-03 09:00:00.000,0.038290080000000004
2023-10-03 10:00:00.000,0.034588320000000006
2023-10-03 11:00:00.000,0.03447264
2023-10-03 12:00:00.000,0.03215904
2023-10-03 13:00:00.000,0.03053952
2023-10-03 14:00:00.000,0.02984544
2023-10-03 15:00:00.000,0.03377856
2023-10-03 16:00:00.000,0.05760864
2023-10-03 17:00:00.000,0.09613008
2023-10-03 18:00:00.000,0.08814816
2023-10-03 19:00:00.000,0.06223584
2023-10-03 20:00:00.000,0.04731312
2023-10-03 21:00:00.000,0.03111792
2023-10-03 22:00:00.000,0.00844464
2023-10-03 23:00:00.000,0.00150384
2023-10-04 00:00:00.000,0.00011568
2023-10-04 01:00:00.000,-0.00023136
2023-10-04 02:00:00.000,-0.0008097600000000001
2023-10-04 03:00:00.000,-0.0010411199999999998
2023-10-04 04:00:00.000,-0.0006940799999999999
2023-10-04 05:00:00.000,0.018161760000000002
2023-10-04 06:00:00.000,0.054948000000000004
2023-10-04 07:00:00.000,0.057377279999999996
2023-10-04 08:00:00.000,0.04754448
2023-10-04 09:00:00.000,0.03192767999999999
2023-10-04 10:00:00.000,0.02221056
2023-10-04 11:00:00.000,0.01712064
2023-10-04 12:00:00.000,0.014344319999999999
2023-10-04 13:00:00.000,0.015385439999999998
2023-10-04 14:00:00.000,0.01642656
2023-10-04 15:00:00.000,0.028225919999999998
2023-10-04 16:00:00.000,0.03678624
2023-10-04 17:00:00.000,0.036670560000000005
2023-10-04 18:00:00.000,0.02915136
2023-10-04 19:00:00.000,0.01839312
2023-10-04 20:00:00.000,0.00150384
2023-10-04 21:00:00.000,0.0
2023-10-04 22:00:00.000,-0.0035860799999999997
2023-10-04 23:00:00.000,0.0
2023-10-05 00:00:00.000,-0.0003470399999999999
2023-10-05 01:00:00.000,-0.0006940799999999999
2023-10-05 02:00:00.000,-0.0005784000000000001
2023-10-05 03:00:00.000,-0.00011568
2023-10-05 04:00:00.000,0.00127248
2023-10-05 05:00:00.000,0.03447264
2023-10-05 06:00:00.000,0.057492959999999996
2023-10-05 07:00:00.000,0.08074464
2023-10-05 08:00:00.000,0.09034608
2023-10-05 09:00:00.000,0.08467776
2023-10-05 10:00:00.000,0.07970352
2023-10-05 11:00:00.000,0.06570624
2023-10-05 12:00:00.000,0.057724319999999996
2023-10-05 13:00:00.000,0.057377279999999996
2023-10-05 14:00:00.000,0.060153599999999995
2023-10-05 15:00:00.000,0.083868
2023-10-05 16:00:00.000,0.09578304
2023-10-05 17:00:00.000,0.59158752
2023-10-05 18:00:00.000,1.6185945599999998
2023-10-05 19:00:00.000,0.17386703999999994
2023-10-05 20:00:00.000,0.056798879999999996
2023-10-05 21:00:00.000,0.04615632
2023-10-05 22:00:00.000,0.03447264
2023-10-05 23:00:00.000,0.03262175999999999
2023-10-06 00:00:00.000,0.02915136
2023-10-06 01:00:00.000,0.026259360000000002
2023-10-06 02:00:00.000,0.027647520000000002
2023-10-06 03:00:00.000,0.03273744
2023-10-06 04:00:00.000,0.044652479999999994
2023-10-06 05:00:00.000,0.0647808
2023-10-06 06:00:00.000,0.16704191999999998
2023-10-06 07:00:00.000,0.21944496000000002
2023-10-06 08:00:00.000,0.13927872
2023-10-06 09:00:00.000,0.11417615999999998
2023-10-06 10:00:00.000,0.07877807999999999
2023-10-06 11:00:00.000,0.057377279999999996
2023-10-06 12:00:00.000,0.0335472
2023-10-06 13:00:00.000,0.02359872
2023-10-06 14:00:00.000,0.03320016
2023-10-06 15:00:00.000,0.03088656
2023-10-06 16:00:00.000,0.03273744
2023-10-06 17:00:00.000,0.03273744
2023-10-06 18:00:00.000,0.02290464
2023-10-06 19:00:00.000,0.01318752
2023-10-06 20:00:00.000,0.0005784000000000001
2023-10-06 21:00:00.000,-0.0010411199999999998
2023-10-06 22:00:00.000,-0.013881600000000001
2023-10-06 23:00:00.000,-0.039446880000000004
2023-10-07 00:00:00.000,-0.039446880000000004
2023-10-07 01:00:00.000,-0.04199184
2023-10-07 02:00:00.000,-0.04985808
2023-10-07 03:00:00.000,-0.040256639999999996
2023-10-07 04:00:00.000,-0.04384272
2023-10-07 05:00:00.000,-0.03551376
2023-10-07 06:00:00.000,-0.019202880000000002
2023-10-07 07:00:00.000,-0.00219792
2023-10-07 08:00:00.000,-0.00092544
2023-10-07 09:00:00.000,-0.0010411199999999998
2023-10-07 10:00:00.000,-0.00219792
2023-10-07 11:00:00.000,-0.0032390400000000003
2023-10-07 12:00:00.000,-0.00439584
2023-10-07 13:00:00.000,-0.00381744
2023-10-07 14:00:00.000,-0.00092544
2023-10-07 15:00:00.000,0.0
2023-10-07 16:00:00.000,0.00439584
2023-10-07 17:00:00.000,0.01376592
2023-10-07 18:00:00.000,0.0080976
2023-10-07 19:00:00.000,0.0
2023-10-07 20:00:00.000,-0.0010411199999999998
2023-10-07 21:00:00.000,-0.01191504
2023-10-07 22:00:00.000,-0.022673279999999997
2023-10-07 23:00:00.000,-0.01943424
2023-10-08 00:00:00.000,-0.02302032
2023-10-08 01:00:00.000,-0.02359872
2023-10-08 02:00:00.000,-0.02394576
2023-10-08 03:00:00.000,-0.0237144
2023-10-08 04:00:00.000,-0.020822399999999998
2023-10-08 05:00:00.000,-0.0127248
2023-10-08 06:00:00.000,-0.00046272
2023-10-08 07:00:00.000,0.00589968
2023-10-08 08:00:00.000,0.01515408
2023-10-08 09:00:00.000,0.01573248
2023-10-08 10:00:00.000,0.015038399999999999
2023-10-08 11:00:00.000,0.01526976
2023-10-08 12:00:00.000,0.0156168
2023-10-08 13:00:00.000,0.018971520000000002
2023-10-08 14:00:00.000,0.02892
2023-10-08 15:00:00.000,0.03852144
2023-10-08 16:00:00.000,0.057377279999999996
2023-10-08 17:00:00.000,0.08918928
2023-10-08 18:00:00.000,0.13141248
2023-10-08 19:00:00.000,0.1058472
2023-10-08 20:00:00.000,0.08363664
2023-10-08 21:00:00.000,0.06998639999999999
2023-10-08 22:00:00.000,0.057724319999999996
2023-10-08 23:00:00.000,0.054716640000000004
2023-10-09 00:00:00.000,0.043495679999999995
2023-10-09 01:00:00.000,0.0451152
2023-10-09 02:00:00.000,0.04846992
2023-10-09 03:00:00.000,0.057377279999999996
2023-10-09 04:00:00.000,0.08699135999999999
2023-10-09 05:00:00.000,0.61634304
2023-10-09 06:00:00.000,1.2933024
2023-10-09 07:00:00.000,1.4680948800000002
2023-10-09 08:00:00.000,1.40470224
2023-10-09 09:00:00.000,1.2908731199999999
2023-10-09 10:00:00.000,1.21880448
2023-10-09 11:00:00.000,1.14511632
2023-10-09 12:00:00.000,1.1358619199999997
2023-10-09 13:00:00.000,1.19115696
2023-10-09 14:00:00.000,1.24101504
2023-10-09 15:00:00.000,1.27606608
2023-10-09 16:00:00.000,1.49597376
2023-10-09 17:00:00.000,2.18889696
2023-10-09 18:00:00.000,2.5646256
2023-10-09 19:00:00.000,2.0830497599999998
2023-10-09 20:00:00.000,1.49886576
2023-10-09 21:00:00.000,0.6025771200000001
2023-10-09 22:00:00.000,0.12215808
2023-10-09 23:00:00.000,0.32668031999999997
2023-10-10 00:00:00.000,0.10214543999999999
2023-10-10 01:00:00.000,0.09520464
2023-10-10 02:00:00.000,0.09948480000000001
2023-10-10 03:00:00.000,0.19827552
2023-10-10 04:00:00.000,0.5800195199999999
2023-10-10 05:00:00.000,1.46774784
2023-10-10 06:00:00.000,2.33581056
2023-10-10 07:00:00.000,2.29775184
2023-10-10 08:00:00.000,1.5281328
2023-10-10 09:00:00.000,1.3442016
2023-10-10 10:00:00.000,1.20492288
2023-10-10 11:00:00.000,1.09120944
2023-10-10 12:00:00.000,0.59725584
2023-10-10 13:00:00.000,0.54149808
2023-10-10 14:00:00.000,0.4748664
2023-10-10 15:00:00.000,0.5506368
2023-10-10 16:00:00.000,0.49430063999999996
2023-10-10 17:00:00.000,0.30516384
2023-10-10 18:00:00.000,0.05691456
2023-10-10 19:00:00.000,0.0237144
2023-10-10 20:00:00.000,0.00011568
2023-10-10 21:00:00.000,-0.020128319999999998
2023-10-10 22:00:00.000,-0.035629440000000005
2023-10-10 23:00:00.000,-0.052518720000000005
2023-10-11 00:00:00.000,-0.05760864
2023-10-11 01:00:00.000,-0.05888112
2023-10-11 02:00:00.000,-0.0595752
2023-10-11 03:00:00.000,-0.05622048
2023-10-11 04:00:00.000,-0.039909599999999996
2023-10-11 05:00:00.000,-0.0127248
2023-10-11 06:00:00.000,0.00011568
2023-10-11 07:00:00.000,0.018508800000000002
2023-10-11 08:00:00.000,0.02417712
2023-10-11 09:00:00.000,0.028688639999999998
2023-10-11 10:00:00.000,0.0121464
2023-10-11 11:00:00.000,0.0
2023-10-11 12:00:00.000,-0.0006940799999999999
2023-10-11 13:00:00.000,-0.00046272
2023-10-11 14:00:00.000,0.0006940799999999999
2023-10-11 15:00:00.000,0.013534560000000001
2023-10-11 16:00:00.000,0.01526976
2023-10-11 17:00:00.000,0.010064159999999999
2023-10-11 18:00:00.000,0.0
2023-10-11 19:00:00.000,-0.01110528
2023-10-11 20:00:00.000,-0.023483039999999997
2023-10-11 21:00:00.000,-0.03713328
2023-10-11 22:00:00.000,-0.058765439999999995
2023-10-11 23:00:00.000,-0.08791679999999999
2023-10-12 00:00:00.000,-0.11568
2023-10-12 01:00:00.000,-0.11660544
2023-10-12 02:00:00.000,-0.12019152
2023-10-12 03:00:00.000,-0.11602704
2023-10-12 04:00:00.000,-0.05101488
2023-10-12 05:00:00.000,-0.02510256
2023-10-12 06:00:00.000,-0.004164479999999999
2023-10-12 07:00:00.000,0.0
2023-10-12 08:00:00.000,0.0
2023-10-12 09:00:00.000,-0.00127248
2023-10-12 10:00:00.000,-0.0127248
2023-10-12 11:00:00.000,-0.02244192
2023-10-12 12:00:00.000,-0.02417712
2023-10-12 13:00:00.000,-0.02417712
2023-10-12 14:00:00.000,-0.02394576
2023-10-12 15:00:00.000,-0.023483039999999997
2023-10-12 16:00:00.000,-0.0127248
2023-10-12 17:00:00.000,-0.00127248
2023-10-12 18:00:00.000,-0.0011568000000000001
2023-10-12 19:00:00.000,-0.00879168
2023-10-12 20:00:00.000,-0.01237776
2023-10-12 21:00:00.000,-0.019318560000000002
2023-10-12 22:00:00.000,-0.02394576
2023-10-12 23:00:00.000,-0.02406144
2023-10-13 00:00:00.000,-0.023483039999999997
2023-10-13 01:00:00.000,-0.01446
2023-10-13 02:00:00.000,-0.00219792
2023-10-13 03:00:00.000,0.006131040000000001
2023-10-13 04:00:00.000,0.034241280000000006
2023-10-13 05:00:00.000,0.07149024
2023-10-13 06:00:00.000,0.5495956799999999
2023-10-13 07:00:00.000,0.5917031999999999
2023-10-13 08:00:00.000,0.56174208
2023-10-13 09:00:00.000,0.5332848
2023-10-13 10:00:00.000,0.39608832
2023-10-13 11:00:00.000,0.11475455999999999
2023-10-13 12:00:00.000,0.08247984
2023-10-13 13:00:00.000,0.051130560000000005
2023-10-13 14:00:00.000,0.04904832
2023-10-13 15:00:00.000,0.04927968
2023-10-13 16:00:00.000,0.041644799999999996
2023-10-13 17:00:00.000,0.04557792
2023-10-13 18:00:00.000,0.031233600000000004
2023-10-13 19:00:00.000,0.012609120000000001
2023-10-13 20:00:00.000,-0.0011568000000000001
2023-10-13 21:00:00.000,-0.02325168
2023-10-13 22:00:00.000,-0.03447264
2023-10-13 23:00:00.000,-0.01446
2023-10-14 00:00:00.000,-0.02383008
2023-10-14 01:00:00.000,-0.03204336
2023-10-14 02:00:00.000,-0.039678240000000004
2023-10-14 03:00:00.000,-0.0456936
2023-10-14 04:00:00.000,-0.05055216
2023-10-14 05:00:00.000,-0.034935360000000006
2023-10-14 06:00:00.000,-0.030076799999999997
2023-10-14 07:00:00.000,-0.023483039999999997
2023-10-14 08:00:00.000,-0.023483039999999997
2023-10-14 09:00:00.000,-0.02533392
2023-10-14 10:00:00.000,-0.02533392
2023-10-14 11:00:00.000,-0.030076799999999997
2023-10-14 12:00:00.000,-0.03030816
2023-10-14 13:00:00.000,-0.02440848
2023-10-14 14:00:00.000,-0.01446
2023-10-14 15:00:00.000,-0.01179936
2023-10-14 16:00:00.000,0.0
2023-10-14 17:00:00.000,0.00011568
2023-10-14 18:00:00.000,0.0
2023-10-14 19:00:00.000,-0.01237776
2023-10-14 20:00:00.000,-0.014691359999999999
2023-10-14 21:00:00.000,-0.025912320000000003
2023-10-14 22:00:00.000,-0.035629440000000005
2023-10-14 23:00:00.000,-0.05055216
2023-10-15 00:00:00.000,-0.0508992
2023-10-15 01:00:00.000,-0.05124623999999999
2023-10-15 02:00:00.000,-0.05032079999999999
2023-10-15 03:00:00.000,-0.050089440000000006
2023-10-15 04:00:00.000,-0.04592496
2023-10-15 05:00:00.000,-0.038405760000000004
2023-10-15 06:00:00.000,-0.03481968
2023-10-15 07:00:00.000,-0.03019248
2023-10-15 08:00:00.000,-0.03505103999999999
2023-10-15 09:00:00.000,-0.03481968
2023-10-15 10:00:00.000,-0.03516672
2023-10-15 11:00:00.000,-0.03551376
2023-10-15 12:00:00.000,-0.03539808
2023-10-15 13:00:00.000,-0.03019248
2023-10-15 14:00:00.000,-0.0242928
2023-10-15 15:00:00.000,-0.012956160000000001
2023-10-15 16:00:00.000,-0.0003470399999999999
2023-10-15 17:00:00.000,0.0
2023-10-15 18:00:00.000,-0.00011568
2023-10-15 19:00:00.000,-0.005321279999999999
2023-10-15 20:00:00.000,-0.0127248
2023-10-15 21:00:00.000,-0.01457568
2023-10-15 22:00:00.000,-0.02394576
2023-10-15 23:00:00.000,-0.0237144
2023-10-16 00:00:00.000,-0.02394576
2023-10-16 01:00:00.000,-0.02417712
2023-10-16 02:00:00.000,-0.02406144
2023-10-16 03:00:00.000,-0.02336736
2023-10-16 04:00:00.000,-0.0127248
2023-10-16 05:00:00.000,0.0451152
2023-10-16 06:00:00.000,0.66365616
2023-10-16 07:00:00.000,0.75793536
2023-10-16 08:00:00.000,0.73237008
2023-10-16 09:00:00.000,0.6839001599999999
2023-10-16 10:00:00.000,0.34669296000000005
2023-10-16 11:00:00.000,0.11475455999999999
2023-10-16 12:00:00.000,0.05691456
2023-10-16 13:00:00.000,0.033894240000000006
2023-10-16 14:00:00.000,0.05830272
2023-10-16 15:00:00.000,0.23043456
2023-10-16 16:00:00.000,0.66018576
2023-10-16 17:00:00.000,0.66203664
2023-10-16 18:00:00.000,0.65393904
2023-10-16 19:00:00.000,0.23066592
2023-10-16 20:00:00.000,0.03921552
2023-10-16 21:00:00.000,0.03447264
2023-10-16 22:00:00.000,0.03146496
2023-10-16 23:00:00.000,0.040603679999999996
2023-10-17 00:00:00.000,0.042223199999999995
2023-10-17 01:00:00.000,0.04557792
2023-10-17 02:00:00.000,0.057492959999999996
2023-10-17 03:00:00.000,0.08294256
2023-10-17 04:00:00.000,0.14217072
2023-10-17 05:00:00.000,0.63207552
2023-10-17 06:00:00.000,1.8629107200000001
2023-10-17 07:00:00.000,2.1574319999999996
2023-10-17 08:00:00.000,1.2720172799999998
2023-10-17 09:00:00.000,0.7253136000000001
2023-10-17 10:00:00.000,0.6900312000000001
2023-10-17 11:00:00.000,0.3360504
2023-10-17 12:00:00.000,0.24975312
2023-10-17 13:00:00.000,0.23124431999999998
2023-10-17 14:00:00.000,0.28896864
2023-10-17 15:00:00.000,0.5773588799999999
2023-10-17 16:00:00.000,0.61819392
2023-10-17 17:00:00.000,0.653592
2023-10-17 18:00:00.000,0.62744832
2023-10-17 19:00:00.000,0.60049488
2023-10-17 20:00:00.000,0.52021296
2023-10-17 21:00:00.000,0.18497232
2023-10-17 22:00:00.000,0.09925344
2023-10-17 23:00:00.000,0.08537183999999999
2023-10-18 00:00:00.000,0.08409935999999998
2023-10-18 01:00:00.000,0.08178576
2023-10-18 02:00:00.000,0.08398367999999999
2023-10-18 03:00:00.000,0.092544
2023-10-18 04:00:00.000,0.10388064
2023-10-18 05:00:00.000,0.54473712
2023-10-18 06:00:00.000,0.82688064
2023-10-18 07:00:00.000,1.7967417600000002
2023-10-18 08:00:00.000,1.33795488
2023-10-18 09:00:00.000,0.97842144
2023-10-18 10:00:00.000,0.76129008
2023-10-18 11:00:00.000,0.7196452799999999
2023-10-18 12:00:00.000,0.7130515199999999
2023-10-18 13:00:00.000,0.6877176
2023-10-18 14:00:00.000,0.5805979199999999
2023-10-18 15:00:00.000,0.62328384
2023-10-18 16:00:00.000,0.6726791999999999
2023-10-18 17:00:00.000,0.69512112
2023-10-18 18:00:00.000,0.5958676799999999
2023-10-18 19:00:00.000,0.5476291200000001
2023-10-18 20:00:00.000,0.3811656
2023-10-18 21:00:00.000,0.0989064
2023-10-18 22:00:00.000,0.07877807999999999
2023-10-18 23:00:00.000,0.04673472
2023-10-19 00:00:00.000,0.03366288
2023-10-19 01:00:00.000,0.02845728
2023-10-19 02:00:00.000,0.02221056
2023-10-19 03:00:00.000,0.028341599999999998
2023-10-19 04:00:00.000,0.04870128
2023-10-19 05:00:00.000,0.09474192
2023-10-19 06:00:00.000,0.13893168
2023-10-19 07:00:00.000,0.21956064
2023-10-19 08:00:00.000,0.21886656
2023-10-19 09:00:00.000,0.17398271999999998
2023-10-19 10:00:00.000,0.1220424
2023-10-19 11:00:00.000,0.11382912
2023-10-19 12:00:00.000,0.10978032
2023-10-19 13:00:00.000,0.10619424
2023-10-19 14:00:00.000,0.10341792
2023-10-19 15:00:00.000,0.09925344
2023-10-19 16:00:00.000,0.10515312
2023-10-19 17:00:00.000,0.1023768
2023-10-19 18:00:00.000,0.09913776
2023-10-19 19:00:00.000,0.0902304
2023-10-19 20:00:00.000,0.08687567999999998
2023-10-19 21:00:00.000,0.06998639999999999
2023-10-19 22:00:00.000,0.049164
2023-10-19 23:00:00.000,0.07449792000000001
2023-10-20 00:00:00.000,0.07206864
2023-10-20 01:00:00.000,0.06963936
2023-10-20 02:00:00.000,0.06559055999999999
2023-10-20 03:00:00.000,0.06258288000000001
2023-10-20 04:00:00.000,0.0971712
2023-10-20 05:00:00.000,0.11544863999999999
2023-10-20 06:00:00.000,0.21875088
2023-10-20 07:00:00.000,0.27670656000000005
2023-10-20 08:00:00.000,0.21886656
2023-10-20 09:00:00.000,0.16056383999999999
2023-10-20 10:00:00.000,0.13210656
2023-10-20 11:00:00.000,0.11903472
2023-10-20 12:00:00.000,0.11487024
2023-10-20 13:00:00.000,0.11382912
2023-10-20 14:00:00.000,0.11313504
2023-10-20 15:00:00.000,0.11498591999999999
2023-10-20 16:00:00.000,0.11810928
2023-10-20 17:00:00.000,0.11637408
2023-10-20 18:00:00.000,0.11163120000000001
2023-10-20 19:00:00.000,0.10295520000000001
2023-10-20 20:00:00.000,0.0989064
2023-10-20 21:00:00.000,0.08490912
2023-10-20 22:00:00.000,0.06917664000000001
2023-10-20 23:00:00.000,0.08398367999999999
2023-10-21 00:00:00.000,0.07334112
2023-10-21 01:00:00.000,0.061426079999999994
2023-10-21 02:00:00.000,0.05830272
2023-10-21 03:00:00.000,0.05969088
2023-10-21 04:00:00.000,0.06836687999999999
2023-10-21 05:00:00.000,0.07958783999999999
2023-10-21 06:00:00.000,0.09855936
2023-10-21 07:00:00.000,0.10758240000000001
2023-10-21 08:00:00.000,0.11556432
2023-10-21 09:00:00.000,0.11521728
2023-10-21 10:00:00.000,0.112788
2023-10-21 11:00:00.000,0.11267231999999999
2023-10-21 12:00:00.000,0.11093711999999999
2023-10-21 13:00:00.000,0.10978032
2023-10-21 14:00:00.000,0.11336639999999999
2023-10-21 15:00:00.000,0.12424032
2023-10-21 16:00:00.000,0.15026831999999998
2023-10-21 17:00:00.000,0.1654224
2023-10-21 18:00:00.000,0.15084672
2023-10-21 19:00:00.000,0.13291631999999998
2023-10-21 20:00:00.000,0.12123264
2023-10-21 21:00:00.000,0.11579568
2023-10-21 22:00:00.000,0.10746671999999999
2023-10-21 23:00:00.000,0.12227376
2023-10-22 00:00:00.000,0.12169535999999999
2023-10-22 01:00:00.000,0.12331488
2023-10-22 02:00:00.000,0.12343056
2023-10-22 03:00:00.000,0.12597552
2023-10-22 04:00:00.000,0.13569264
2023-10-22 05:00:00.000,0.15801888
2023-10-22 06:00:00.000,0.16681055999999997
2023-10-22 07:00:00.000,0.19735007999999998
2023-10-22 08:00:00.000,0.20810831999999999
2023-10-22 09:00:00.000,0.3458832
2023-10-22 10:00:00.000,0.5486702400000001
2023-10-22 11:00:00.000,0.5079508799999999
2023-10-22 12:00:00.000,0.32957232
2023-10-22 13:00:00.000,0.35964912
2023-10-22 14:00:00.000,0.5373336000000001
2023-10-22 15:00:00.000,0.59309136
2023-10-22 16:00:00.000,0.6413299199999999
2023-10-22 17:00:00.000,0.67695936
2023-10-22 18:00:00.000,0.66492864
2023-10-22 19:00:00.000,0.62895216
2023-10-22 20:00:00.000,0.44826
2023-10-22 21:00:00.000,0.28850592
2023-10-22 22:00:00.000,0.22013904
2023-10-22 23:00:00.000,0.34333823999999996
2023-10-23 00:00:00.000,0.28538256
2023-10-23 01:00:00.000,0.2828376
2023-10-23 02:00:00.000,0.28098671999999997
2023-10-23 03:00:00.000,0.32413536
2023-10-23 04:00:00.000,0.65845056
2023-10-23 05:00:00.000,0.6935016
2023-10-23 06:00:00.000,1.89611088
2023-10-23 07:00:00.000,2.22383232
2023-10-23 08:00:00.000,1.7121796799999995
2023-10-23 09:00:00.000,1.4355887999999999
2023-10-23 10:00:00.000,1.2221592000000001
2023-10-23 11:00:00.000,1.14500064
2023-10-23 12:00:00.000,1.15587456
2023-10-23 13:00:00.000,0.95424432
2023-10-23 14:00:00.000,1.1465044800000002
2023-10-23 15:00:00.000,1.15691568
2023-10-23 16:00:00.000,1.54166736
2023-10-23 17:00:00.000,1.5075417599999998
2023-10-23 18:00:00.000,0.9039235200000001
2023-10-23 19:00:00.000,0.77135424
2023-10-23 20:00:00.000,0.72924672
2023-10-23 21:00:00.000,0.36948192
2023-10-23 22:00:00.000,0.27786336
2023-10-23 23:00:00.000,0.29914848
2023-10-24 00:00:00.000,0.29186064
2023-10-24 01:00:00.000,0.28491984000000004
2023-10-24 02:00:00.000,0.28943135999999997
2023-10-24 03:00:00.000,0.32054928
2023-10-24 04:00:00.000,0.43565087999999996
2023-10-24 05:00:00.000,0.70483824
2023-10-24 06:00:00.000,0.75064752
2023-10-24 07:00:00.000,0.789516
2023-10-24 08:00:00.000,0.7725110399999999
2023-10-24 09:00:00.000,0.7505318399999998
2023-10-24 10:00:00.000,0.73850112
2023-10-24 11:00:00.000,0.70877136
2023-10-24 12:00:00.000,0.69766608
2023-10-24 13:00:00.000,0.70379712
2023-10-24 14:00:00.000,0.6969719999999999
2023-10-24 15:00:00.000,0.67950432
2023-10-24 16:00:00.000,0.69442704
2023-10-24 17:00:00.000,0.69708768
2023-10-24 18:00:00.000,0.615996
2023-10-24 19:00:00.000,0.3539808
2023-10-24 20:00:00.000,0.28480416000000003
2023-10-24 21:00:00.000,0.25877616
2023-10-24 22:00:00.000,0.23841648000000001
2023-10-24 23:00:00.000,0.24096144
2023-10-25 00:00:00.000,0.2330952
2023-10-25 01:00:00.000,0.2209488
2023-10-25 02:00:00.000,0.21932928000000002
2023-10-25 03:00:00.000,0.21828816
2023-10-25 04:00:00.000,0.24246528
2023-10-25 05:00:00.000,0.29209199999999996
2023-10-25 06:00:00.000,0.39319632
2023-10-25 07:00:00.000,0.5281948799999999
2023-10-25 08:00:00.000,0.75226704
2023-10-25 09:00:00.000,0.6860980799999999
2023-10-25 10:00:00.000,0.52079136
2023-10-25 11:00:00.000,0.41448144000000003
2023-10-25 12:00:00.000,0.42998255999999996
2023-10-25 13:00:00.000,0.4517304
2023-10-25 14:00:00.000,0.51385056
2023-10-25 15:00:00.000,0.7467144
2023-10-25 16:00:00.000,0.7523827200000001
2023-10-25 17:00:00.000,0.7530767999999999
2023-10-25 18:00:00.000,0.47151168
2023-10-25 19:00:00.000,0.29833872
2023-10-25 20:00:00.000,0.28931567999999996
2023-10-25 21:00:00.000,0.3505104
2023-10-25 22:00:00.000,0.2330952
2023-10-25 23:00:00.000,0.23517744
2023-10-26 00:00:00.000,0.22198992
2023-10-26 01:00:00.000,0.21423936000000002
2023-10-26 02:00:00.000,0.21528048000000002
2023-10-26 03:00:00.000,0.23055024
2023-10-26 04:00:00.000,0.34403232
2023-10-26 05:00:00.000,0.41390304
2023-10-26 06:00:00.000,0.71559648
2023-10-26 07:00:00.000,0.66516
2023-10-26 08:00:00.000,0.7914825600000001
2023-10-26 09:00:00.000,0.7918296
2023-10-26 10:00:00.000,0.8334744
2023-10-26 11:00:00.000,0.83312736
2023-10-26 12:00:00.000,0.80941296
2023-10-26 13:00:00.000,0.7848887999999999
2023-10-26 14:00:00.000,0.8188987200000001
2023-10-26 15:00:00.000,0.82549248
2023-10-26 16:00:00.000,0.9179208
2023-10-26 17:00:00.000,0.87963072
2023-10-26 18:00:00.000,0.7922923199999999
2023-10-26 19:00:00.000,0.5413823999999999
2023-10-26 20:00:00.000,0.45589488
2023-10-26 21:00:00.000,0.43599792000000004
2023-10-26 22:00:00.000,0.39585696000000004
2023-10-26 23:00:00.000,0.58869552
2023-10-27 00:00:00.000,0.5751609599999999
2023-10-27 01:00:00.000,0.56243616
2023-10-27 02:00:00.000,0.5467036799999999
2023-10-27 03:00:00.000,0.57458256
2023-10-27 04:00:00.000,0.56902992
2023-10-27 05:00:00.000,0.82433568
2023-10-27 06:00:00.000,1.22782752
2023-10-27 07:00:00.000,1.7305728
2023-10-27 08:00:00.000,1.71171696
2023-10-27 09:00:00.000,1.25466528
2023-10-27 10:00:00.000,1.25535936
2023-10-27 11:00:00.000,1.3719648
2023-10-27 12:00:00.000,1.2308352
2023-10-27 13:00:00.000,1.1385225600000002
2023-10-27 14:00:00.000,0.9242832
2023-10-27 15:00:00.000,1.02573456
2023-10-27 16:00:00.000,1.4095608
2023-10-27 17:00:00.000,1.5665385599999995
2023-10-27 18:00:00.000,1.3880443199999999
2023-10-27 19:00:00.000,0.85418112
2023-10-27 20:00:00.000,0.7935647999999998
2023-10-27 21:00:00.000,0.5330534399999999
2023-10-27 22:00:00.000,0.50818224
2023-10-27 23:00:00.000,0.46272
2023-10-28 00:00:00.000,0.4199184
2023-10-28 01:00:00.000,0.4066152
2023-10-28 02:00:00.000,0.39793920000000005
2023-10-28 03:00:00.000,0.40927584
2023-10-28 04:00:00.000,0.46005936000000003
2023-10-28 05:00:00.000,0.48307968
2023-10-28 06:00:00.000,0.8033976
2023-10-28 07:00:00.000,0.9680102399999999
2023-10-28 08:00:00.000,1.00491216
2023-10-28 09:00:00.000,0.9507739199999999
2023-10-28 10:00:00.000,0.8068679999999999
2023-10-28 11:00:00.000,0.7887062400000001
2023-10-28 12:00:00.000,0.7666113599999999
2023-10-28 13:00:00.000,0.8230632000000001
2023-10-28 14:00:00.000,0.8784739199999999
2023-10-28 15:00:00.000,1.01405088
2023-10-28 16:00:00.000,1.42656576
2023-10-28 17:00:00.000,1.6818715199999996
2023-10-28 18:00:00.000,1.06865184
2023-10-28 19:00:00.000,0.79576272
2023-10-28 20:00:00.000,0.71617488
2023-10-28 21:00:00.000,0.6771907199999999
2023-10-28 22:00:00.000,0.5360611200000001
2023-10-28 23:00:00.000,0.39712944
2023-10-29 00:00:00.000,0.31453392
2023-10-29 01:00:00.000,0.29313312
2023-10-29 02:00:00.000,0.2585448
2023-10-29 03:00:00.000,0.2446632
2023-10-29 04:00:00.000,0.25391759999999997
2023-10-29 05:00:00.000,0.26409743999999996
2023-10-29 06:00:00.000,0.28931567999999996
2023-10-29 07:00:00.000,0.29544672000000005
2023-10-29 08:00:00.000,0.28087104
2023-10-29 09:00:00.000,0.27682224
2023-10-29 10:00:00.000,0.26999712
2023-10-29 11:00:00.000,0.2741616
2023-10-29 12:00:00.000,0.26710512
2023-10-29 13:00:00.000,0.25935456
2023-10-29 14:00:00.000,0.26571695999999995
2023-10-29 15:00:00.000,0.396204
2023-10-29 16:00:00.000,0.70171488
2023-10-29 17:00:00.000,0.76152144
2023-10-29 18:00:00.000,0.67892592
2023-10-29 19:00:00.000,0.51026448
2023-10-29 20:00:00.000,0.47289983999999996
2023-10-29 21:00:00.000,0.39655104
2023-10-29 22:00:00.000,0.3505104
2023-10-29 23:00:00.000,0.28445711999999995
2023-10-30 00:00:00.000,0.21470208
2023-10-30 01:00:00.000,0.14552544
2023-10-30 02:00:00.000,0.13708079999999997
2023-10-30 03:00:00.000,0.13372608
2023-10-30 04:00:00.000,0.20024208
2023-10-30 05:00:00.000,0.29105088
2023-10-30 06:00:00.000,0.6860980799999999
2023-10-30 07:00:00.000,0.89235552
2023-10-30 08:00:00.000,0.9481132800000001
2023-10-30 09:00:00.000,0.893628
2023-10-30 10:00:00.000,0.85637904
2023-10-30 11:00:00.000,0.8365977599999999
2023-10-30 12:00:00.000,0.8216750399999999
2023-10-30 13:00:00.000,0.8423817599999999
2023-10-30 14:00:00.000,0.93862752
2023-10-30 15:00:00.000,1.0266600000000001
2023-10-30 16:00:00.000,1.1024304
2023-10-30 17:00:00.000,1.25015376
2023-10-30 18:00:00.000,1.16559168
2023-10-30 19:00:00.000,1.00097904
2023-10-30 20:00:00.000,0.7177943999999999
2023-10-30 21:00:00.000,0.5318966399999999
2023-10-30 22:00:00.000,0.39631968
2023-10-30 23:00:00.000,0.32297856
2023-10-31 00:00:00.000,0.34206576
2023-10-31 01:00:00.000,0.34252848
2023-10-31 02:00:00.000,0.34565184
2023-10-31 03:00:00.000,0.35293968000000003
2023-10-31 04:00:00.000,0.34657728
2023-10-31 05:00:00.000,0.39805488
2023-10-31 06:00:00.000,0.92451456
2023-10-31 07:00:00.000,1.20376608
2023-10-31 08:00:00.000,1.21082256
2023-10-31 09:00:00.000,1.12649184
2023-10-31 10:00:00.000,1.0425081600000001
2023-10-31 11:00:00.000,1.14280272
2023-10-31 12:00:00.000,1.1377127999999999
2023-10-31 13:00:00.000,1.08889584
2023-10-31 14:00:00.000,0.69940128
2023-10-31 15:00:00.000,0.5656752
2023-10-31 16:00:00.000,0.4724371200000001
2023-10-31 17:00:00.000,0.73479936
2023-10-31 18:00:00.000,0.3857928
2023-10-31 19:00:00.000,0.2562312
2023-10-31 20:00:00.000,0.22869936000000002
2023-10-31 21:00:00.000,0.20486928000000001
2023-10-31 22:00:00.000,0.15420144
2023-10-31 23:00:00.000,0.11487024
2023-11-01 00:00:00.000,0.03539808
2023-11-01 01:00:00.000,0.039331200000000004
2023-11-01 02:00:00.000,0.04731312
2023-11-01 03:00:00.000,0.05807135999999999
2023-11-01 04:00:00.000,0.10839216
2023-11-01 05:00:00.000,0.17444543999999998
2023-11-01 06:00:00.000,0.7513415999999999
2023-11-01 07:00:00.000,0.89617296
2023-11-01 08:00:00.000,0.87616032
2023-11-01 09:00:00.000,0.8008526400000001
2023-11-01 10:00:00.000,0.67291056
2023-11-01 11:00:00.000,0.58857984
2023-11-01 12:00:00.000,0.55109952
2023-11-01 13:00:00.000,0.5920502400000001
2023-11-01 14:00:00.000,0.6935016
2023-11-01 15:00:00.000,0.7854672
2023-11-01 16:00:00.000,0.8199398399999999
2023-11-01 17:00:00.000,0.8537184
2023-11-01 18:00:00.000,0.8223691200000001
2023-11-01 19:00:00.000,0.75157296
2023-11-01 20:00:00.000,0.6148392
2023-11-01 21:00:00.000,0.36647424
2023-11-01 22:00:00.000,0.22106448
2023-11-01 23:00:00.000,0.1960776
2023-11-02 00:00:00.000,0.23355792
2023-11-02 01:00:00.000,0.19630896
2023-11-02 02:00:00.000,0.17791584
2023-11-02 03:00:00.000,0.15894432
2023-11-02 04:00:00.000,0.18080784
2023-11-02 05:00:00.000,0.24732384
2023-11-02 06:00:00.000,0.50401776
2023-11-02 07:00:00.000,0.7887062400000001
2023-11-02 08:00:00.000,0.87789552
2023-11-02 09:00:00.000,0.80004288
2023-11-02 10:00:00.000,0.6950054399999999
2023-11-02 11:00:00.000,0.6936172799999999
2023-11-02 12:00:00.000,0.6819335999999999
2023-11-02 13:00:00.000,0.6702499199999999
2023-11-02 14:00:00.000,0.7363031999999999
2023-11-02 15:00:00.000,0.71224176
2023-11-02 16:00:00.000,0.7249665599999999
2023-11-02 17:00:00.000,0.7299408
2023-11-02 18:00:00.000,0.67418304
2023-11-02 19:00:00.000,0.36705264
2023-11-02 20:00:00.000,0.30979104
2023-11-02 21:00:00.000,0.2666424
2023-11-02 22:00:00.000,0.2423496
2023-11-02 23:00:00.000,0.2238408
2023-11-03 00:00:00.000,0.17548655999999999
2023-11-03 01:00:00.000,0.13268496
2023-11-03 02:00:00.000,0.11568
2023-11-03 03:00:00.000,0.06628463999999999
2023-11-03 04:00:00.000,0.1162584
2023-11-03 05:00:00.000,0.19908528
2023-11-03 06:00:00.000,0.20972784
2023-11-03 07:00:00.000,0.23043456
2023-11-03 08:00:00.000,0.237144
2023-11-03 09:00:00.000,0.23957328
2023-11-03 10:00:00.000,0.23795376
2023-11-03 11:00:00.000,0.23564016000000002
2023-11-03 12:00:00.000,0.23321088
2023-11-03 13:00:00.000,0.22337808
2023-11-03 14:00:00.000,0.21261984
2023-11-03 15:00:00.000,0.20602608
2023-11-03 16:00:00.000,0.20174592000000002
2023-11-03 17:00:00.000,0.20116752
2023-11-03 18:00:00.000,0.19376400000000002
2023-11-03 19:00:00.000,0.17490815999999998
2023-11-03 20:00:00.000,0.13997279999999998
2023-11-03 21:00:00.000,0.11579568
2023-11-03 22:00:00.000,0.057377279999999996
2023-11-03 23:00:00.000,0.027994559999999998
2023-11-04 00:00:00.000,0.11568
2023-11-04 01:00:00.000,0.11579568
2023-11-04 02:00:00.000,0.08259551999999999
2023-11-04 03:00:00.000,0.055989119999999996
2023-11-04 04:00:00.000,0.04372704
2023-11-04 05:00:00.000,0.0358608
2023-11-04 06:00:00.000,0.02579664
2023-11-04 07:00:00.000,0.03262175999999999
2023-11-04 08:00:00.000,0.05032079999999999
2023-11-04 09:00:00.000,0.06674735999999999
2023-11-04 10:00:00.000,0.10295520000000001
2023-11-04 11:00:00.000,0.11059008000000001
2023-11-04 12:00:00.000,0.11093711999999999
2023-11-04 13:00:00.000,0.0856032
2023-11-04 14:00:00.000,0.07149024
2023-11-04 15:00:00.000,0.08132304
2023-11-04 16:00:00.000,0.11984448
2023-11-04 17:00:00.000,0.1318752
2023-11-04 18:00:00.000,0.13048703999999997
2023-11-04 19:00:00.000,0.13465152
2023-11-04 20:00:00.000,0.13025567999999998
2023-11-04 21:00:00.000,0.1174152
2023-11-04 22:00:00.000,0.09034608
2023-11-04 23:00:00.000,0.06998639999999999
2023-11-05 00:00:00.000,0.098328
2023-11-05 01:00:00.000,0.07623312
2023-11-05 02:00:00.000,0.05992224
2023-11-05 03:00:00.000,0.03447264
2023-11-05 04:00:00.000,0.04904832
2023-11-05 05:00:00.000,0.0902304
2023-11-05 06:00:00.000,0.08224848
2023-11-05 07:00:00.000,0.13002432
2023-11-05 08:00:00.000,0.17386703999999994
2023-11-05 09:00:00.000,0.22141152
2023-11-05 10:00:00.000,0.27520272
2023-11-05 11:00:00.000,0.31650048
2023-11-05 12:00:00.000,0.33616608000000003
2023-11-05 13:00:00.000,0.33524064
2023-11-05 14:00:00.000,0.36971328
2023-11-05 15:00:00.000,0.39227087999999993
2023-11-05 16:00:00.000,0.48735984000000004
2023-11-05 17:00:00.000,0.5616264
2023-11-05 18:00:00.000,0.540804
2023-11-05 19:00:00.000,0.5182464
2023-11-05 20:00:00.000,0.425124
2023-11-05 21:00:00.000,0.34923792000000003
2023-11-05 22:00:00.000,0.3106008
2023-11-05 23:00:00.000,0.25021583999999997
2023-11-06 00:00:00.000,0.21979200000000002
2023-11-06 01:00:00.000,0.19642464
2023-11-06 02:00:00.000,0.19561488
2023-11-06 03:00:00.000,0.19295424
2023-11-06 04:00:00.000,0.19596191999999998
2023-11-06 05:00:00.000,0.29336448000000004
2023-11-06 06:00:00.000,0.69604656
2023-11-06 07:00:00.000,0.803976
2023-11-06 08:00:00.000,0.9613008
2023-11-06 09:00:00.000,0.84261312
2023-11-06 10:00:00.000,0.71629056
2023-11-06 11:00:00.000,0.6533606399999999
2023-11-06 12:00:00.000,0.6715224
2023-11-06 13:00:00.000,0.7748246400000001
2023-11-06 14:00:00.000,0.8999903999999999
2023-11-06 15:00:00.000,1.04678832
2023-11-06 16:00:00.000,1.25998656
2023-11-06 17:00:00.000,1.54641024
2023-11-06 18:00:00.000,1.6919356799999998
2023-11-06 19:00:00.000,1.1045126399999998
2023-11-06 20:00:00.000,0.9077409599999999
2023-11-06 21:00:00.000,0.78801216
2023-11-06 22:00:00.000,0.52009728
2023-11-06 23:00:00.000,0.40592111999999997
2023-11-07 00:00:00.000,0.46630608
2023-11-07 01:00:00.000,0.4348411200000001
2023-11-07 02:00:00.000,0.40106256
2023-11-07 03:00:00.000,0.41158944000000003
2023-11-07 04:00:00.000,0.46341408
2023-11-07 05:00:00.000,0.57747456
2023-11-07 06:00:00.000,0.99068352
2023-11-07 07:00:00.000,1.48857024
2023-11-07 08:00:00.000,1.5220017600000002
2023-11-07 09:00:00.000,1.26403536
2023-11-07 10:00:00.000,1.11469248
2023-11-07 11:00:00.000,0.9969302400000001
2023-11-07 12:00:00.000,0.96639072
2023-11-07 13:00:00.000,0.99380688
2023-11-07 14:00:00.000,1.09282896
2023-11-07 15:00:00.000,1.14534768
2023-11-07 16:00:00.000,1.2680841600000001
2023-11-07 17:00:00.000,1.53704016
2023-11-07 18:00:00.000,1.67435232
2023-11-07 19:00:00.000,1.1362089599999998
2023-11-07 20:00:00.000,0.9808507200000001
2023-11-07 21:00:00.000,0.93538848
2023-11-07 22:00:00.000,0.7195296
2023-11-07 23:00:00.000,0.5483231999999999
2023-11-08 00:00:00.000,0.46167888
2023-11-08 01:00:00.000,0.43241184
2023-11-08 02:00:00.000,0.41598528
2023-11-08 03:00:00.000,0.40811904
2023-11-08 04:00:00.000,0.42847872000000004
2023-11-08 05:00:00.000,0.52669104
2023-11-08 06:00:00.000,0.8693352
2023-11-08 07:00:00.000,0.99403824
2023-11-08 08:00:00.000,1.17843216
2023-11-08 09:00:00.000,1.04956464
2023-11-08 10:00:00.000,0.95702064
2023-11-08 11:00:00.000,0.9121368
2023-11-08 12:00:00.000,0.8758132799999998
2023-11-08 13:00:00.000,0.88009344
2023-11-08 14:00:00.000,0.93203376
2023-11-08 15:00:00.000,0.93099264
2023-11-08 16:00:00.000,0.9574833599999999
2023-11-08 17:00:00.000,0.98316432
2023-11-08 18:00:00.000,0.90820368
2023-11-08 19:00:00.000,0.8401838399999999
2023-11-08 20:00:00.000,0.685404
2023-11-08 21:00:00.000,0.5907777599999999
2023-11-08 22:00:00.000,0.4615632
2023-11-08 23:00:00.000,0.35490624000000004
2023-11-09 00:00:00.000,0.38486736
2023-11-09 01:00:00.000,0.34033056
2023-11-09 02:00:00.000,0.31499664
2023-11-09 03:00:00.000,0.29590944
2023-11-09 04:00:00.000,0.29625648
2023-11-09 05:00:00.000,0.30817152
2023-11-09 06:00:00.000,0.3655488
2023-11-09 07:00:00.000,0.4187616
2023-11-09 08:00:00.000,0.4268592
2023-11-09 09:00:00.000,0.44236032000000003
2023-11-09 10:00:00.000,0.44224464
2023-11-09 11:00:00.000,0.47394096
2023-11-09 12:00:00.000,0.48388944
2023-11-09 13:00:00.000,0.54554688
2023-11-09 14:00:00.000,0.58904256
2023-11-09 15:00:00.000,0.60489072
2023-11-09 16:00:00.000,1.06437168
2023-11-09 17:00:00.000,1.0920192
2023-11-09 18:00:00.000,1.08068256
2023-11-09 19:00:00.000,0.9808507200000001
2023-11-09 20:00:00.000,0.45034224
2023-11-09 21:00:00.000,0.42951984
2023-11-09 22:00:00.000,0.38382624
2023-11-09 23:00:00.000,0.32922528
2023-11-10 00:00:00.000,0.32135904
2023-11-10 01:00:00.000,0.28943135999999997
2023-11-10 02:00:00.000,0.27427728
2023-11-10 03:00:00.000,0.26328768
2023-11-10 04:00:00.000,0.26004864
2023-11-10 05:00:00.000,0.28885296
2023-11-10 06:00:00.000,0.34704
2023-11-10 07:00:00.000,0.725892
2023-11-10 08:00:00.000,0.94441152
2023-11-10 09:00:00.000,0.92740656
2023-11-10 10:00:00.000,0.9145660800000001
2023-11-10 11:00:00.000,0.90253536
2023-11-10 12:00:00.000,0.80976
2023-11-10 13:00:00.000,0.6025771200000001
2023-11-10 14:00:00.000,0.5205599999999999
2023-11-10 15:00:00.000,1.01809968
2023-11-10 16:00:00.000,0.49777104000000005
2023-11-10 17:00:00.000,0.49777104000000005
2023-11-10 18:00:00.000,0.38764368
2023-11-10 19:00:00.000,0.32251584
2023-11-10 20:00:00.000,0.28700208
2023-11-10 21:00:00.000,0.26282496
2023-11-10 22:00:00.000,0.25472736
2023-11-10 23:00:00.000,0.22511328
2023-11-11 00:00:00.000,0.23355792
2023-11-11 01:00:00.000,0.23448336
2023-11-11 02:00:00.000,0.23147568000000002
2023-11-11 03:00:00.000,0.22846799999999998
2023-11-11 04:00:00.000,0.23367359999999998
2023-11-11 05:00:00.000,0.23633424
2023-11-11 06:00:00.000,0.242928
2023-11-11 07:00:00.000,0.25981728
2023-11-11 08:00:00.000,0.29417424
2023-11-11 09:00:00.000,0.32887824
2023-11-11 10:00:00.000,0.32795280000000004
2023-11-11 11:00:00.000,0.33500927999999996
2023-11-11 12:00:00.000,0.33558768000000005
2023-11-11 13:00:00.000,0.34623023999999997
2023-11-11 14:00:00.000,0.33477792
2023-11-11 15:00:00.000,0.33072912000000004
2023-11-11 16:00:00.000,0.35710416
2023-11-11 17:00:00.000,0.39666672
2023-11-11 18:00:00.000,0.36925056
2023-11-11 19:00:00.000,0.3429912
2023-11-11 20:00:00.000,0.29509968000000003
2023-11-11 21:00:00.000,0.2868864
2023-11-11 22:00:00.000,0.26594832
2023-11-11 23:00:00.000,0.24026735999999999
2023-11-12 00:00:00.000,0.25310784000000003
2023-11-12 01:00:00.000,0.2475552
2023-11-12 02:00:00.000,0.24373776
2023-11-12 03:00:00.000,0.24038304
2023-11-12 04:00:00.000,0.24130848
2023-11-12 05:00:00.000,0.2469768
2023-11-12 06:00:00.000,0.23725968
2023-11-12 07:00:00.000,0.25044720000000004
2023-11-12 08:00:00.000,0.26409743999999996
2023-11-12 09:00:00.000,0.29081952
2023-11-12 10:00:00.000,0.3348936
2023-11-12 11:00:00.000,0.35270832
2023-11-12 12:00:00.000,0.3615
2023-11-12 13:00:00.000,0.36971328
2023-11-12 14:00:00.000,0.37630704
2023-11-12 15:00:00.000,0.39111408
2023-11-12 16:00:00.000,0.43056096000000005
2023-11-12 17:00:00.000,0.46272
2023-11-12 18:00:00.000,0.46283568
2023-11-12 19:00:00.000,0.45207744
2023-11-12 20:00:00.000,0.42697487999999995
2023-11-12 21:00:00.000,0.42315744
2023-11-12 22:00:00.000,0.39631968
2023-11-12 23:00:00.000,0.3829008
2023-11-13 00:00:00.000,0.40464864
2023-11-13 01:00:00.000,0.40383888
2023-11-13 02:00:00.000,0.40499567999999997
2023-11-13 03:00:00.000,0.41517552
2023-11-13 04:00:00.000,0.4517304
2023-11-13 05:00:00.000,0.49476336
2023-11-13 06:00:00.000,0.96546528
2023-11-13 07:00:00.000,1.1035872
2023-11-13 08:00:00.000,1.37925264
2023-11-13 09:00:00.000,1.414188
2023-11-13 10:00:00.000,1.33506288
2023-11-13 11:00:00.000,1.13007792
2023-11-13 12:00:00.000,1.04192976
2023-11-13 13:00:00.000,1.03892208
2023-11-13 14:00:00.000,0.97078656
2023-11-13 15:00:00.000,0.9269438400000001
2023-11-13 16:00:00.000,0.9100545600000001
2023-11-13 17:00:00.000,0.92879472
2023-11-13 18:00:00.000,0.92544
2023-11-13 19:00:00.000,0.84862848
2023-11-13 20:00:00.000,0.53860608
2023-11-13 21:00:00.000,0.49696128
2023-11-13 22:00:00.000,0.43160208
2023-11-13 23:00:00.000,0.34715568
2023-11-14 00:00:00.000,0.42581808
2023-11-14 01:00:00.000,0.41448144000000003
2023-11-14 02:00:00.000,0.40395456
2023-11-14 03:00:00.000,0.39840192
2023-11-14 04:00:00.000,0.39631968
2023-11-14 05:00:00.000,0.42281040000000003
2023-11-14 06:00:00.000,0.5390688
2023-11-14 07:00:00.000,0.8308137599999998
2023-11-14 08:00:00.000,0.92763792
2023-11-14 09:00:00.000,0.88506768
2023-11-14 10:00:00.000,0.8400681600000001
2023-11-14 11:00:00.000,0.83104512
2023-11-14 12:00:00.000,0.847356
2023-11-14 13:00:00.000,0.8478187200000001
2023-11-14 14:00:00.000,0.91468176
2023-11-14 15:00:00.000,0.994848
2023-11-14 16:00:00.000,1.02515616
2023-11-14 17:00:00.000,1.1012736
2023-11-14 18:00:00.000,1.07917872
2023-11-14 19:00:00.000,1.0220327999999999
2023-11-14 20:00:00.000,0.92474592
2023-11-14 21:00:00.000,0.81045408
2023-11-14 22:00:00.000,0.71733168
2023-11-14 23:00:00.000,0.6243249599999999
2023-11-15 00:00:00.000,0.9381648
2023-11-15 01:00:00.000,0.88402656
2023-11-15 02:00:00.000,0.8433072
2023-11-15 03:00:00.000,0.8177419199999999
2023-11-15 04:00:00.000,0.8612376
2023-11-15 05:00:00.000,0.93330624
2023-11-15 06:00:00.000,1.14164592
2023-11-15 07:00:00.000,1.4134939199999998
2023-11-15 08:00:00.000,1.4875291199999998
2023-11-15 09:00:00.000,1.40308272
2023-11-15 10:00:00.000,1.30463904
2023-11-15 11:00:00.000,1.15494912
2023-11-15 12:00:00.000,1.12626048
2023-11-15 13:00:00.000,1.16940912
2023-11-15 14:00:00.000,1.22933136
2023-11-15 15:00:00.000,1.40215728
2023-11-15 16:00:00.000,1.4224012799999999
2023-11-15 17:00:00.000,1.47885312
2023-11-15 18:00:00.000,1.5026831999999999
2023-11-15 19:00:00.000,1.4006534400000001
2023-11-15 20:00:00.000,1.2713232
2023-11-15 21:00:00.000,1.1278800000000002
2023-11-15 22:00:00.000,1.06032288
2023-11-15 23:00:00.000,0.97414128
2023-11-16 00:00:00.000,0.98860128
2023-11-16 01:00:00.000,0.9630359999999999
2023-11-16 02:00:00.000,0.8728056000000001
2023-11-16 03:00:00.000,0.8638982400000002
2023-11-16 04:00:00.000,0.9381648
2023-11-16 05:00:00.000,1.00676304
2023-11-16 06:00:00.000,1.1550648000000001
2023-11-16 07:00:00.000,1.4679792
2023-11-16 08:00:00.000,1.5037243200000001
2023-11-16 09:00:00.000,1.4875291199999998
2023-11-16 10:00:00.000,1.3893167999999998
2023-11-16 11:00:00.000,1.34906016
2023-11-16 12:00:00.000,1.41858384
2023-11-16 13:00:00.000,1.5228115199999994
2023-11-16 14:00:00.000,1.6576944
2023-11-16 15:00:00.000,1.833528
2023-11-16 16:00:00.000,1.83052032
2023-11-16 17:00:00.000,2.10988752
2023-11-16 18:00:00.000,1.6456636800000002
2023-11-16 19:00:00.000,1.41384096
2023-11-16 20:00:00.000,1.3605124800000001
2023-11-16 21:00:00.000,1.28705568
2023-11-16 22:00:00.000,1.23395856
2023-11-16 23:00:00.000,0.97657056
2023-11-17 00:00:00.000,1.1232528
2023-11-17 01:00:00.000,1.0732790399999999
2023-11-17 02:00:00.000,1.0170585600000002
2023-11-17 03:00:00.000,1.03255968
2023-11-17 04:00:00.000,1.07270064
2023-11-17 05:00:00.000,1.1568
2023-11-17 06:00:00.000,1.33136112
2023-11-17 07:00:00.000,1.47943152
2023-11-17 08:00:00.000,1.6417305599999996
2023-11-17 09:00:00.000,1.558788
2023-11-17 10:00:00.000,1.47966288
2023-11-17 11:00:00.000,1.44808224
2023-11-17 12:00:00.000,1.382376
2023-11-17 13:00:00.000,1.2956159999999999
2023-11-17 14:00:00.000,1.43339088
2023-11-17 15:00:00.000,1.5037243200000001
2023-11-17 16:00:00.000,1.5852787199999998
2023-11-17 17:00:00.000,1.6926297599999998
2023-11-17 18:00:00.000,1.6803676799999998
2023-11-17 19:00:00.000,1.58377488
2023-11-17 20:00:00.000,1.43605152
2023-11-17 21:00:00.000,1.27803264
2023-11-17 22:00:00.000,1.116312
2023-11-17 23:00:00.000,1.07212224
2023-11-18 00:00:00.000,1.0668009600000001
2023-11-18 01:00:00.000,1.04597856
2023-11-18 02:00:00.000,1.01462928
2023-11-18 03:00:00.000,0.9610694399999999
2023-11-18 04:00:00.000,0.9246302399999999
2023-11-18 05:00:00.000,0.9249772799999999
2023-11-18 06:00:00.000,0.96511824
2023-11-18 07:00:00.000,1.03117152
2023-11-18 08:00:00.000,1.12105488
2023-11-18 09:00:00.000,1.09352304
2023-11-18 10:00:00.000,1.11145344
2023-11-18 11:00:00.000,1.1012736
2023-11-18 12:00:00.000,1.0954896
2023-11-18 13:00:00.000,1.09872864
2023-11-18 14:00:00.000,1.12279008
2023-11-18 15:00:00.000,1.12683888
2023-11-18 16:00:00.000,1.11029664
2023-11-18 17:00:00.000,1.21544976
2023-11-18 18:00:00.000,1.2417091199999999
2023-11-18 19:00:00.000,1.0301304
2023-11-18 20:00:00.000,0.9613008
2023-11-18 21:00:00.000,0.90207264
2023-11-18 22:00:00.000,0.85325568
2023-11-18 23:00:00.000,0.6836688000000001
2023-11-19 00:00:00.000,0.5536444799999999
2023-11-19 01:00:00.000,0.5099174399999999
2023-11-19 02:00:00.000,0.48840096
2023-11-19 03:00:00.000,0.43356864
2023-11-19 04:00:00.000,0.40568975999999995
2023-11-19 05:00:00.000,0.4349568
2023-11-19 06:00:00.000,0.48331103999999997
2023-11-19 07:00:00.000,0.51118992
2023-11-19 08:00:00.000,0.55098384
2023-11-19 09:00:00.000,0.57678048
2023-11-19 10:00:00.000,0.66481296
2023-11-19 11:00:00.000,0.6939643200000001
2023-11-19 12:00:00.000,0.71814144
2023-11-19 13:00:00.000,0.7391952
2023-11-19 14:00:00.000,0.76614864
2023-11-19 15:00:00.000,0.81982416
2023-11-19 16:00:00.000,0.93677664
2023-11-19 17:00:00.000,1.0991913599999998
2023-11-19 18:00:00.000,1.19370192
2023-11-19 19:00:00.000,1.17542448
2023-11-19 20:00:00.000,1.0255032000000002
2023-11-19 21:00:00.000,0.9761078400000001
2023-11-19 22:00:00.000,1.0058376
2023-11-19 23:00:00.000,0.9260184
2023-11-20 00:00:00.000,0.80952864
2023-11-20 01:00:00.000,0.72508224
2023-11-20 02:00:00.000,0.6930388799999999
2023-11-20 03:00:00.000,0.69442704
2023-11-20 04:00:00.000,0.74914368
2023-11-20 05:00:00.000,0.93041424
2023-11-20 06:00:00.000,1.17426768
2023-11-20 07:00:00.000,1.48174512
2023-11-20 08:00:00.000,1.4653185599999998
2023-11-20 09:00:00.000,1.37011392
2023-11-20 10:00:00.000,1.29769824
2023-11-20 11:00:00.000,1.2262080000000002
2023-11-20 12:00:00.000,1.191504
2023-11-20 13:00:00.000,1.3181736000000002
2023-11-20 14:00:00.000,1.3922088000000001
2023-11-20 15:00:00.000,1.4893800000000001
2023-11-20 16:00:00.000,1.6187102400000002
2023-11-20 17:00:00.000,1.700496
2023-11-20 18:00:00.000,1.6192886399999997
2023-11-20 19:00:00.000,1.46844192
2023-11-20 20:00:00.000,1.3467465600000001
2023-11-20 21:00:00.000,1.1983291200000001
2023-11-20 22:00:00.000,1.2111695999999998
2023-11-20 23:00:00.000,1.09467984
2023-11-21 00:00:00.000,1.1564529599999998
2023-11-21 01:00:00.000,1.1006952
2023-11-21 02:00:00.000,1.07744352
2023-11-21 03:00:00.000,1.02932064
2023-11-21 04:00:00.000,1.07663376
2023-11-21 05:00:00.000,1.14164592
2023-11-21 06:00:00.000,1.3893167999999998
2023-11-21 07:00:00.000,1.57417344
2023-11-21 08:00:00.000,1.64948112
2023-11-21 09:00:00.000,1.5870139200000002
2023-11-21 10:00:00.000,1.5616799999999997
2023-11-21 11:00:00.000,1.5605232
2023-11-21 12:00:00.000,1.61709072
2023-11-21 13:00:00.000,1.61697504
2023-11-21 14:00:00.000,1.60066416
2023-11-21 15:00:00.000,1.62345312
2023-11-21 16:00:00.000,1.6648665599999997
2023-11-21 17:00:00.000,1.70014896
2023-11-21 18:00:00.000,1.6435814400000002
2023-11-21 19:00:00.000,1.5310248
2023-11-21 20:00:00.000,1.4435707199999999
2023-11-21 21:00:00.000,1.24147776
2023-11-21 22:00:00.000,1.24194048
2023-11-21 23:00:00.000,1.09791888
2023-11-22 00:00:00.000,1.10081088
2023-11-22 01:00:00.000,1.06495008
2023-11-22 02:00:00.000,1.06495008
2023-11-22 03:00:00.000,1.0312872
2023-11-22 04:00:00.000,1.02642864
2023-11-22 05:00:00.000,0.49707696
2023-11-22 06:00:00.000,0.85637904
2023-11-22 07:00:00.000,0.89038896
2023-11-22 08:00:00.000,0.6345048000000001
2023-11-22 09:00:00.000,0.45890256
2023-11-22 10:00:00.000,0.36763103999999996
2023-11-22 11:00:00.000,0.29776031999999997
2023-11-22 12:00:00.000,0.28908432
2023-11-22 13:00:00.000,0.2435064
2023-11-22 14:00:00.000,0.2296248
2023-11-22 15:00:00.000,0.23089727999999998
2023-11-22 16:00:00.000,0.24223392000000002
2023-11-22 17:00:00.000,0.23795376
2023-11-22 18:00:00.000,0.22210560000000001
2023-11-22 19:00:00.000,0.19792848000000002
2023-11-22 20:00:00.000,0.18080784
2023-11-22 21:00:00.000,0.17675904
2023-11-22 22:00:00.000,0.14737632
2023-11-22 23:00:00.000,0.13742784
2023-11-23 00:00:00.000,0.05830272
2023-11-23 01:00:00.000,0.11105280000000001
2023-11-23 02:00:00.000,0.11591136
2023-11-23 03:00:00.000,0.11637408
2023-11-23 04:00:00.000,0.13638672
2023-11-23 05:00:00.000,0.18994656000000001
2023-11-23 06:00:00.000,0.27346751999999996
2023-11-23 07:00:00.000,0.35791392
2023-11-23 08:00:00.000,0.410664
2023-11-23 09:00:00.000,0.41575392
2023-11-23 10:00:00.000,0.42292608000000004
2023-11-23 11:00:00.000,0.43611360000000005
2023-11-23 12:00:00.000,0.41853024
2023-11-23 13:00:00.000,0.41795184
2023-11-23 14:00:00.000,0.41656368
2023-11-23 15:00:00.000,0.41448144000000003
2023-11-23 16:00:00.000,0.41505984
2023-11-23 17:00:00.000,0.40256639999999994
2023-11-23 18:00:00.000,0.38833776
2023-11-23 19:00:00.000,0.34796543999999996
2023-11-23 20:00:00.000,0.34183440000000004
2023-11-23 21:00:00.000,0.31812
2023-11-23 22:00:00.000,0.21655296000000002
2023-11-23 23:00:00.000,0.11614271999999998
2023-11-24 00:00:00.000,0.01712064
2023-11-24 01:00:00.000,0.0011568000000000001
2023-11-24 02:00:00.000,0.0013881599999999998
2023-11-24 03:00:00.000,0.00393312
2023-11-24 04:00:00.000,0.0179304
2023-11-24 05:00:00.000,0.05124623999999999
2023-11-24 06:00:00.000,0.18612912
2023-11-24 07:00:00.000,0.23170704
2023-11-24 08:00:00.000,0.24015168
2023-11-24 09:00:00.000,0.24130848
2023-11-24 10:00:00.000,0.25033152000000003
2023-11-24 11:00:00.000,0.26409743999999996
2023-11-24 12:00:00.000,0.29012544
2023-11-24 13:00:00.000,0.24038304
2023-11-24 14:00:00.000,0.23957328
2023-11-24 15:00:00.000,0.24038304
2023-11-24 16:00:00.000,0.31812
2023-11-24 17:00:00.000,0.46260431999999996
2023-11-24 18:00:00.000,0.39666672
2023-11-24 19:00:00.000,0.25391759999999997
2023-11-24 20:00:00.000,0.237144
2023-11-24 21:00:00.000,0.22893072
2023-11-24 22:00:00.000,0.22812095999999998
2023-11-24 23:00:00.000,0.22002336
2023-11-25 00:00:00.000,0.32436672
2023-11-25 01:00:00.000,0.29972688
2023-11-25 02:00:00.000,0.29486831999999996
2023-11-25 03:00:00.000,0.29174496
2023-11-25 04:00:00.000,0.29521536
2023-11-25 05:00:00.000,0.24211823999999998
2023-11-25 06:00:00.000,0.2695344
2023-11-25 07:00:00.000,0.30204048
2023-11-25 08:00:00.000,0.39655104
2023-11-25 09:00:00.000,0.8670216000000001
2023-11-25 10:00:00.000,1.00676304
2023-11-25 11:00:00.000,0.98293296
2023-11-25 12:00:00.000,0.95759904
2023-11-25 13:00:00.000,0.93793344
2023-11-25 14:00:00.000,1.0170585600000002
2023-11-25 15:00:00.000,1.07721216
2023-11-25 16:00:00.000,1.2880967999999997
2023-11-25 17:00:00.000,1.3939439999999998
2023-11-25 18:00:00.000,1.43061456
2023-11-25 19:00:00.000,1.42587168
2023-11-25 20:00:00.000,1.36062816
2023-11-25 21:00:00.000,1.289832
2023-11-25 22:00:00.000,1.2595238399999997
2023-11-25 23:00:00.000,1.0853097600000001
2023-11-26 00:00:00.000,1.2454108799999999
2023-11-26 01:00:00.000,1.1822496
2023-11-26 02:00:00.000,1.14384384
2023-11-26 03:00:00.000,1.12117056
2023-11-26 04:00:00.000,1.09039968
2023-11-26 05:00:00.000,1.09849728
2023-11-26 06:00:00.000,1.11897264
2023-11-26 07:00:00.000,1.1822496
2023-11-26 08:00:00.000,1.26310992
2023-11-26 09:00:00.000,1.32014016
2023-11-26 10:00:00.000,1.30163136
2023-11-26 11:00:00.000,1.29492192
2023-11-26 12:00:00.000,1.2799992
2023-11-26 13:00:00.000,1.24217184
2023-11-26 14:00:00.000,1.3314768
2023-11-26 15:00:00.000,1.42587168
2023-11-26 16:00:00.000,1.5518471999999999
2023-11-26 17:00:00.000,1.66359408
2023-11-26 18:00:00.000,1.7313825599999997
2023-11-26 19:00:00.000,1.65584352
2023-11-26 20:00:00.000,1.57220688
2023-11-26 21:00:00.000,1.4160388799999999
2023-11-26 22:00:00.000,1.34339184
2023-11-26 23:00:00.000,1.15066896
2023-11-27 00:00:00.000,1.11261024
2023-11-27 01:00:00.000,1.05465456
2023-11-27 02:00:00.000,1.01497632
2023-11-27 03:00:00.000,1.00271424
2023-11-27 04:00:00.000,0.9925344
2023-11-27 05:00:00.000,1.08843312
2023-11-27 06:00:00.000,1.4114116799999998
2023-11-27 07:00:00.000,1.6070265599999998
2023-11-27 08:00:00.000,1.67724432
2023-11-27 09:00:00.000,1.61269488
2023-11-27 10:00:00.000,1.596384
2023-11-27 11:00:00.000,1.5841219199999999
2023-11-27 12:00:00.000,1.50175776
2023-11-27 13:00:00.000,1.48718208
2023-11-27 14:00:00.000,1.45282512
2023-11-27 15:00:00.000,1.3586615999999998
2023-11-27 16:00:00.000,1.30810944
2023-11-27 17:00:00.000,1.40597472
2023-11-27 18:00:00.000,1.33008864
2023-11-27 19:00:00.000,1.1822496
2023-11-27 20:00:00.000,1.12776432
2023-11-27 21:00:00.000,1.0588190400000002
2023-11-27 22:00:00.000,0.96511824
2023-11-27 23:00:00.000,0.93400032
2023-11-28 00:00:00.000,0.5901993600000001
2023-11-28 01:00:00.000,0.5253028799999999
2023-11-28 02:00:00.000,0.46318272
2023-11-28 03:00:00.000,0.4632984
2023-11-28 04:00:00.000,0.4638768
2023-11-28 05:00:00.000,0.90380784
2023-11-28 06:00:00.000,1.0334851200000001
2023-11-28 07:00:00.000,1.3051017599999999
2023-11-28 08:00:00.000,1.46948304
2023-11-28 09:00:00.000,1.59730944
2023-11-28 10:00:00.000,1.6114224000000001
2023-11-28 11:00:00.000,1.6021679999999998
2023-11-28 12:00:00.000,1.5686208
2023-11-28 13:00:00.000,1.54698864
2023-11-28 14:00:00.000,1.61790048
2023-11-28 15:00:00.000,1.6848792000000001
2023-11-28 16:00:00.000,1.89726768
2023-11-28 17:00:00.000,2.19768864
2023-11-28 18:00:00.000,2.047536
2023-11-28 19:00:00.000,1.7994024000000002
2023-11-28 20:00:00.000,1.6062168
2023-11-28 21:00:00.000,1.40620608
2023-11-28 22:00:00.000,1.31435616
2023-11-28 23:00:00.000,1.22181216
2023-11-29 00:00:00.000,1.13863824
2023-11-29 01:00:00.000,0.8670216000000001
2023-11-29 02:00:00.000,0.4210752
2023-11-29 03:00:00.000,0.39817056
2023-11-29 04:00:00.000,0.6437592
2023-11-29 05:00:00.000,1.08646656
2023-11-29 06:00:00.000,1.18965312
2023-11-29 07:00:00.000,1.5338011200000001
2023-11-29 08:00:00.000,1.72744944
2023-11-29 09:00:00.000,1.6490184
2023-11-29 10:00:00.000,1.58493168
2023-11-29 11:00:00.000,1.50812016
2023-11-29 12:00:00.000,1.51818432
2023-11-29 13:00:00.000,1.5747518399999998
2023-11-29 14:00:00.000,1.7346215999999994
2023-11-29 15:00:00.000,1.943424
2023-11-29 16:00:00.000,2.3136
2023-11-29 17:00:00.000,2.892
2023-11-29 18:00:00.000,2.892
2023-11-29 19:00:00.000,2.3136
2023-11-29 20:00:00.000,1.862448
2023-11-29 21:00:00.000,1.60806768
2023-11-29 22:00:00.000,1.4465784000000002
2023-11-29 23:00:00.000,1.2808089599999999
2023-11-30 00:00:00.000,1.1794732799999998
2023-11-30 01:00:00.000,1.17160704
2023-11-30 02:00:00.000,1.14557904
2023-11-30 03:00:00.000,1.1232528
2023-11-30 04:00:00.000,1.14153024
2023-11-30 05:00:00.000,1.1940489600000002
2023-11-30 06:00:00.000,1.49701488
2023-11-30 07:00:00.000,1.94446512
2023-11-30 08:00:00.000,2.5365153599999997
2023-11-30 09:00:00.000,2.74311984
2023-11-30 10:00:00.000,2.57388
2023-11-30 11:00:00.000,2.58359712
2023-11-30 12:00:00.000,2.25818928
2023-11-30 13:00:00.000,2.19572208
2023-11-30 14:00:00.000,2.2557600000000004
2023-11-30 15:00:00.000,2.1904008
2023-11-30 16:00:00.000,2.614368
2023-11-30 17:00:00.000,3.00606048
2023-11-30 18:00:00.000,2.79286224
2023-11-30 19:00:00.000,2.1846167999999997
2023-11-30 20:00:00.000,1.7319609599999999
2023-11-30 21:00:00.000,1.48776048
2023-11-30 22:00:00.000,1.39810848
2023-11-30 23:00:00.000,1.2756033599999999
2023-12-01 00:00:00.000,0.84076224
2023-12-01 01:00:00.000,0.81045408
2023-12-01 02:00:00.000,0.79807632
2023-12-01 03:00:00.000,0.7974979199999999
2023-12-01 04:00:00.000,0.84978528
2023-12-01 05:00:00.000,0.92532432
2023-12-01 06:00:00.000,1.34339184
2023-12-01 07:00:00.000,1.7051232
2023-12-01 08:00:00.000,2.2938187200000004
2023-12-01 09:00:00.000,2.50077024
2023-12-01 10:00:00.000,2.41910016
2023-12-01 11:00:00.000,2.3983934400000004
2023-12-01 12:00:00.000,2.27993712
2023-12-01 13:00:00.000,1.96783248
2023-12-01 14:00:00.000,2.01653376
2023-12-01 15:00:00.000,2.1331392
2023-12-01 16:00:00.000,2.3141784
2023-12-01 17:00:00.000,2.6045352
2023-12-01 18:00:00.000,2.30388288
2023-12-01 19:00:00.000,1.88940144
2023-12-01 20:00:00.000,1.60205232
2023-12-01 21:00:00.000,1.40262
2023-12-01 22:00:00.000,1.32985728
2023-12-01 23:00:00.000,1.2146400000000002
2023-12-02 00:00:00.000,1.18190256
2023-12-02 01:00:00.000,1.13088768
2023-12-02 02:00:00.000,1.0590504
2023-12-02 03:00:00.000,1.04077296
2023-12-02 04:00:00.000,1.10034816
2023-12-02 05:00:00.000,1.10728896
2023-12-02 06:00:00.000,1.1168904
2023-12-02 07:00:00.000,1.17565584
2023-12-02 08:00:00.000,1.3489444800000001
2023-12-02 09:00:00.000,1.4404473599999998
2023-12-02 10:00:00.000,1.51563936
2023-12-02 11:00:00.000,1.4716809599999998
2023-12-02 12:00:00.000,1.40643744
2023-12-02 13:00:00.000,1.32546144
2023-12-02 14:00:00.000,1.37103936
2023-12-02 15:00:00.000,1.428648
2023-12-02 16:00:00.000,1.50141072
2023-12-02 17:00:00.000,1.66625472
2023-12-02 18:00:00.000,1.67689728
2023-12-02 19:00:00.000,1.49875008
2023-12-02 20:00:00.000,1.3833014399999999
2023-12-02 21:00:00.000,1.29654144
2023-12-02 22:00:00.000,1.2343056
2023-12-02 23:00:00.000,1.19080992
2023-12-03 00:00:00.000,1.2163751999999999
2023-12-03 01:00:00.000,1.1533296
2023-12-03 02:00:00.000,1.0986129599999999
2023-12-03 03:00:00.000,1.0275854399999997
2023-12-03 04:00:00.000,1.0683048
2023-12-03 05:00:00.000,1.03556736
2023-12-03 06:00:00.000,1.02793248
2023-12-03 07:00:00.000,1.06575984
2023-12-03 08:00:00.000,1.12232736
2023-12-03 09:00:00.000,1.1585352
2023-12-03 10:00:00.000,1.2141772800000001
2023-12-03 11:00:00.000,1.21544976
2023-12-03 12:00:00.000,1.19937024
2023-12-03 13:00:00.000,1.1852572799999999
2023-12-03 14:00:00.000,1.22250624
2023-12-03 15:00:00.000,1.36305744
2023-12-03 16:00:00.000,1.4483135999999999
2023-12-03 17:00:00.000,1.52373696
2023-12-03 18:00:00.000,1.52952096
2023-12-03 19:00:00.000,1.45837776
2023-12-03 20:00:00.000,1.29943344
2023-12-03 21:00:00.000,1.1793576000000001
2023-12-03 22:00:00.000,1.14627312
2023-12-03 23:00:00.000,1.0540761600000002
2023-12-04 00:00:00.000,1.11249456
2023-12-04 01:00:00.000,1.0699243200000002
2023-12-04 02:00:00.000,1.04644128
2023-12-04 03:00:00.000,1.01937216
2023-12-04 04:00:00.000,1.02469344
2023-12-04 05:00:00.000,1.09884432
2023-12-04 06:00:00.000,1.2356937600000002
2023-12-04 07:00:00.000,2.30237904
2023-12-04 08:00:00.000,2.72553648
2023-12-04 09:00:00.000,2.73571632
2023-12-04 10:00:00.000,2.38682544
2023-12-04 11:00:00.000,1.92132912
2023-12-04 12:00:00.000,1.85168976
2023-12-04 13:00:00.000,1.931856
2023-12-04 14:00:00.000,2.0248627200000002
2023-12-04 15:00:00.000,2.4265036799999997
2023-12-04 16:00:00.000,3.03926064
2023-12-04 17:00:00.000,2.3870568
2023-12-04 18:00:00.000,2.13186672
2023-12-04 19:00:00.000,1.7473463999999999
2023-12-04 20:00:00.000,1.4401003199999998
2023-12-04 21:00:00.000,1.25466528
2023-12-04 22:00:00.000,1.18791792
2023-12-04 23:00:00.000,1.09653072
2023-12-05 00:00:00.000,1.0846156800000002
2023-12-05 01:00:00.000,1.0506057599999998
2023-12-05 02:00:00.000,1.02342096
2023-12-05 03:00:00.000,1.01266272
2023-12-05 04:00:00.000,1.02446208
2023-12-05 05:00:00.000,1.09109376
2023-12-05 06:00:00.000,1.28092464
2023-12-05 07:00:00.000,2.1654139199999998
2023-12-05 08:00:00.000,3.840576
2023-12-05 09:00:00.000,2.89292544
2023-12-05 10:00:00.000,2.89072752
2023-12-05 11:00:00.000,2.3477256000000004
2023-12-05 12:00:00.000,2.1730488
2023-12-05 13:00:00.000,2.18322864
2023-12-05 14:00:00.000,2.30422992
2023-12-05 15:00:00.000,2.62524192
2023-12-05 16:00:00.000,2.61124464
2023-12-05 17:00:00.000,1.9966368
2023-12-05 18:00:00.000,1.7501227199999998
2023-12-05 19:00:00.000,1.65642192
2023-12-05 20:00:00.000,1.4879918399999998
2023-12-05 21:00:00.000,1.36305744
2023-12-05 22:00:00.000,1.2904104
2023-12-05 23:00:00.000,1.19474304
2023-12-06 00:00:00.000,1.12568208
2023-12-06 01:00:00.000,1.0972248
2023-12-06 02:00:00.000,1.08345888
2023-12-06 03:00:00.000,1.0781376
2023-12-06 04:00:00.000,1.07374176
2023-12-06 05:00:00.000,1.1027774399999999
2023-12-06 06:00:00.000,1.23708192
2023-12-06 07:00:00.000,1.5865512000000002
2023-12-06 08:00:00.000,1.98958032
2023-12-06 09:00:00.000,1.98414336
2023-12-06 10:00:00.000,1.78702464
2023-12-06 11:00:00.000,1.7338118399999998
2023-12-06 12:00:00.000,1.73161392
2023-12-06 13:00:00.000,1.671576
2023-12-06 14:00:00.000,1.66532928
2023-12-06 15:00:00.000,1.70662704
2023-12-06 16:00:00.000,1.897152
2023-12-06 17:00:00.000,2.0599137599999997
2023-12-06 18:00:00.000,1.91195904
2023-12-06 19:00:00.000,1.73439024
2023-12-06 20:00:00.000,1.45918752
2023-12-06 21:00:00.000,1.29943344
2023-12-06 22:00:00.000,1.203072
2023-12-06 23:00:00.000,1.1306563199999997
2023-12-07 00:00:00.000,1.1108750399999998
2023-12-07 01:00:00.000,1.09676208
2023-12-07 02:00:00.000,1.0856568
2023-12-07 03:00:00.000,1.04100432
2023-12-07 04:00:00.000,1.0361457600000001
2023-12-07 05:00:00.000,1.08033552
2023-12-07 06:00:00.000,1.2647294399999998
2023-12-07 07:00:00.000,1.47387888
2023-12-07 08:00:00.000,1.7352
2023-12-07 09:00:00.000,1.5929136000000002
2023-12-07 10:00:00.000,1.5542764800000002
2023-12-07 11:00:00.000,1.59835056
2023-12-07 12:00:00.000,1.5962683199999999
2023-12-07 13:00:00.000,1.6004327999999999
2023-12-07 14:00:00.000,1.59730944
2023-12-07 15:00:00.000,1.59661536
2023-12-07 16:00:00.000,1.54860816
2023-12-07 17:00:00.000,1.4875291199999998
2023-12-07 18:00:00.000,1.34906016
2023-12-07 19:00:00.000,1.1673268799999998
2023-12-07 20:00:00.000,1.1325072
2023-12-07 21:00:00.000,1.0895899199999999
2023-12-07 22:00:00.000,1.08299616
2023-12-07 23:00:00.000,1.00734144
2023-12-08 00:00:00.000,1.00745712
2023-12-08 01:00:00.000,0.9631516800000001
2023-12-08 02:00:00.000,0.9419822400000001
2023-12-08 03:00:00.000,0.9198873599999999
2023-12-08 04:00:00.000,0.92544
2023-12-08 05:00:00.000,1.00687872
2023-12-08 06:00:00.000,1.1197823999999998
2023-12-08 07:00:00.000,1.2051542400000002
2023-12-08 08:00:00.000,1.3031352
2023-12-08 09:00:00.000,1.37103936
2023-12-08 10:00:00.000,1.3737000000000001
2023-12-08 11:00:00.000,1.3563479999999999
2023-12-08 12:00:00.000,1.34952288
2023-12-08 13:00:00.000,1.29307104
2023-12-08 14:00:00.000,1.2678527999999998
2023-12-08 15:00:00.000,1.32650256
2023-12-08 16:00:00.000,1.28879088
2023-12-08 17:00:00.000,1.32268512
2023-12-08 18:00:00.000,1.32939456
2023-12-08 19:00:00.000,1.18386912
2023-12-08 20:00:00.000,1.0978032
2023-12-08 21:00:00.000,0.9536659200000001
2023-12-08 22:00:00.000,0.84700896
2023-12-08 23:00:00.000,0.8096443199999999
2023-12-09 00:00:00.000,0.6940799999999999
2023-12-09 01:00:00.000,0.69072528
2023-12-09 02:00:00.000,0.68956848
2023-12-09 03:00:00.000,0.6784631999999999
2023-12-09 04:00:00.000,0.6940799999999999
2023-12-09 05:00:00.000,0.63427344
2023-12-09 06:00:00.000,0.68042976
2023-12-09 07:00:00.000,0.71039088
2023-12-09 08:00:00.000,0.6940799999999999
2023-12-09 09:00:00.000,0.70842432
2023-12-09 10:00:00.000,0.76371936
2023-12-09 11:00:00.000,0.80976
2023-12-09 12:00:00.000,0.8762759999999999
2023-12-09 13:00:00.000,0.92544
2023-12-09 14:00:00.000,0.9905678400000001
2023-12-09 15:00:00.000,0.965928
2023-12-09 16:00:00.000,0.92636544
2023-12-09 17:00:00.000,0.9143347199999999
2023-12-09 18:00:00.000,0.89571024
2023-12-09 19:00:00.000,0.8033976
2023-12-09 20:00:00.000,0.7456732799999999
2023-12-09 21:00:00.000,0.6988228799999999
2023-12-09 22:00:00.000,0.65752512
2023-12-09 23:00:00.000,0.53421024
2023-12-10 00:00:00.000,0.48261696
2023-12-10 01:00:00.000,0.45369696
2023-12-10 02:00:00.000,0.4430543999999999
2023-12-10 03:00:00.000,0.45126768
2023-12-10 04:00:00.000,0.37445616000000004
2023-12-10 05:00:00.000,0.39747647999999997
2023-12-10 06:00:00.000,0.38949456
2023-12-10 07:00:00.000,0.5170896
2023-12-10 08:00:00.000,0.70402848
2023-12-10 09:00:00.000,0.76094304
2023-12-10 10:00:00.000,0.7791047999999999
2023-12-10 11:00:00.000,0.8259552
2023-12-10 12:00:00.000,0.7964568
2023-12-10 13:00:00.000,0.80096832
2023-12-10 14:00:00.000,0.8258395199999999
2023-12-10 15:00:00.000,0.88367952
2023-12-10 16:00:00.000,0.9289104
2023-12-10 17:00:00.000,0.9305299199999999
2023-12-10 18:00:00.000,0.98813856
2023-12-10 19:00:00.000,0.93423168
2023-12-10 20:00:00.000,0.9028824
2023-12-10 21:00:00.000,0.89235552
2023-12-10 22:00:00.000,0.8807875199999999
2023-12-10 23:00:00.000,0.80004288
2023-12-11 00:00:00.000,0.57041808
2023-12-11 01:00:00.000,0.5350199999999999
2023-12-11 02:00:00.000,0.5338632
2023-12-11 03:00:00.000,0.5269223999999999
2023-12-11 04:00:00.000,0.5396472
2023-12-11 05:00:00.000,0.59008368
2023-12-11 06:00:00.000,0.86285712
2023-12-11 07:00:00.000,1.0287422400000001
2023-12-11 08:00:00.000,1.10624784
2023-12-11 09:00:00.000,1.12105488
2023-12-11 10:00:00.000,1.07998848
2023-12-11 11:00:00.000,1.0489862399999998
2023-12-11 12:00:00.000,1.0331380799999998
2023-12-11 13:00:00.000,1.03429488
2023-12-11 14:00:00.000,1.0746672000000002
2023-12-11 15:00:00.000,1.1096025600000001
2023-12-11 16:00:00.000,1.2205396800000001
2023-12-11 17:00:00.000,1.36490832
2023-12-11 18:00:00.000,1.4186995199999999
2023-12-11 19:00:00.000,1.36305744
2023-12-11 20:00:00.000,1.2808089599999999
2023-12-11 21:00:00.000,1.1430340799999998
2023-12-11 22:00:00.000,1.1080987199999999
2023-12-11 23:00:00.000,1.00433376
2023-12-12 00:00:00.000,1.0185624
2023-12-12 01:00:00.000,1.0071100800000001
2023-12-12 02:00:00.000,0.99045216
2023-12-12 03:00:00.000,0.97657056
2023-12-12 04:00:00.000,0.98767584
2023-12-12 05:00:00.000,1.02989904
2023-12-12 06:00:00.000,1.2296784
2023-12-12 07:00:00.000,1.43524176
2023-12-12 08:00:00.000,1.73439024
2023-12-12 09:00:00.000,1.69575312
2023-12-12 10:00:00.000,1.6644038399999999
2023-12-12 11:00:00.000,1.66903104
2023-12-12 12:00:00.000,1.6937865599999997
2023-12-12 13:00:00.000,1.6870771199999999
2023-12-12 14:00:00.000,1.73300208
2023-12-12 15:00:00.000,1.90548096
2023-12-12 16:00:00.000,2.09184144
2023-12-12 17:00:00.000,1.9903900799999998
2023-12-12 18:00:00.000,1.79304
2023-12-12 19:00:00.000,1.23152928
2023-12-12 20:00:00.000,1.09213488
2023-12-12 21:00:00.000,1.02353664
2023-12-12 22:00:00.000,0.98813856
2023-12-12 23:00:00.000,0.9184992
2023-12-13 00:00:00.000,0.8945534399999999
2023-12-13 01:00:00.000,0.8706076800000001
2023-12-13 02:00:00.000,0.8736153599999998
2023-12-13 03:00:00.000,0.84654624
2023-12-13 04:00:00.000,0.8446953599999999
2023-12-13 05:00:00.000,0.8728056000000001
2023-12-13 06:00:00.000,0.9613008
2023-12-13 07:00:00.000,1.23823872
2023-12-13 08:00:00.000,1.6497124799999998
2023-12-13 09:00:00.000,1.6497124799999998
2023-12-13 10:00:00.000,1.6871927999999998
2023-12-13 11:00:00.000,1.6906632
2023-12-13 12:00:00.000,1.6948276800000002
2023-12-13 13:00:00.000,1.25697888
2023-12-13 14:00:00.000,1.23708192
2023-12-13 15:00:00.000,1.2655391999999999
2023-12-13 16:00:00.000,1.25697888
2023-12-13 17:00:00.000,1.31505024
2023-12-13 18:00:00.000,1.25663184
2023-12-13 19:00:00.000,1.1846788799999999
2023-12-13 20:00:00.000,1.11723744
2023-12-13 21:00:00.000,1.05129984
2023-12-13 22:00:00.000,1.0683048
2023-12-13 23:00:00.000,0.974604
2023-12-14 00:00:00.000,0.89466912
2023-12-14 01:00:00.000,0.8826383999999999
2023-12-14 02:00:00.000,0.8900419199999999
2023-12-14 03:00:00.000,0.8884224
2023-12-14 04:00:00.000,0.9085507199999999
2023-12-14 05:00:00.000,0.95516976
2023-12-14 06:00:00.000,1.1392166400000001
2023-12-14 07:00:00.000,1.41835248
2023-12-14 08:00:00.000,1.54860816
2023-12-14 09:00:00.000,1.7349686399999997
2023-12-14 10:00:00.000,1.7349686399999997
2023-12-14 11:00:00.000,1.50777312
2023-12-14 12:00:00.000,1.41708
2023-12-14 13:00:00.000,1.5709344
2023-12-14 14:00:00.000,1.73473728
2023-12-14 15:00:00.000,2.17906416
2023-12-14 16:00:00.000,2.17524672
2023-12-14 17:00:00.000,2.08952784
2023-12-14 18:00:00.000,1.6704192
2023-12-14 19:00:00.000,1.4225169599999998
2023-12-14 20:00:00.000,1.26415104
2023-12-14 21:00:00.000,1.1128415999999999
2023-12-14 22:00:00.000,1.09271328
2023-12-14 23:00:00.000,0.9898737599999998
2023-12-15 00:00:00.000,0.99635184
2023-12-15 01:00:00.000,0.95933424
2023-12-15 02:00:00.000,0.9265968
2023-12-15 03:00:00.000,0.8855303999999999
2023-12-15 04:00:00.000,0.86945088
2023-12-15 05:00:00.000,0.9301828799999999
2023-12-15 06:00:00.000,1.1101809599999999
2023-12-15 07:00:00.000,1.2371976
2023-12-15 08:00:00.000,1.4055119999999999
2023-12-15 09:00:00.000,1.35854592
2023-12-15 10:00:00.000,1.27213296
2023-12-15 11:00:00.000,1.188612
2023-12-15 12:00:00.000,1.08889584
2023-12-15 13:00:00.000,1.0214543999999999
2023-12-15 14:00:00.000,0.99878112
2023-12-15 15:00:00.000,1.0145136
2023-12-15 16:00:00.000,1.10786736
2023-12-15 17:00:00.000,1.0717752
2023-12-15 18:00:00.000,0.98223888
2023-12-15 19:00:00.000,0.9208128
2023-12-15 20:00:00.000,0.89085168
2023-12-15 21:00:00.000,0.8756976
2023-12-15 22:00:00.000,0.7033343999999999
2023-12-15 23:00:00.000,0.8036289600000001
2023-12-16 00:00:00.000,0.5049432
2023-12-16 01:00:00.000,0.44617776
2023-12-16 02:00:00.000,0.39874896
2023-12-16 03:00:00.000,0.30990672
2023-12-16 04:00:00.000,0.25322352000000004
2023-12-16 05:00:00.000,0.20070480000000002
2023-12-16 06:00:00.000,0.18994656000000001
2023-12-16 07:00:00.000,0.19133472
2023-12-16 08:00:00.000,0.19283856
2023-12-16 09:00:00.000,0.18682320000000002
2023-12-16 10:00:00.000,0.18034512
2023-12-16 11:00:00.000,0.16021679999999996
2023-12-16 12:00:00.000,0.15258192
2023-12-16 13:00:00.000,0.14332751999999999
2023-12-16 14:00:00.000,0.14702928
2023-12-16 15:00:00.000,0.15929136
2023-12-16 16:00:00.000,0.16391856000000002
2023-12-16 17:00:00.000,0.15975408
2023-12-16 18:00:00.000,0.13303199999999998
2023-12-16 19:00:00.000,0.12424032
2023-12-16 20:00:00.000,0.0572616
2023-12-16 21:00:00.000,0.02568096
2023-12-16 22:00:00.000,0.0003470399999999999
2023-12-16 23:00:00.000,0.00011568
2023-12-17 00:00:00.000,-0.0127248
2023-12-17 01:00:00.000,-0.01284048
2023-12-17 02:00:00.000,-0.01284048
2023-12-17 03:00:00.000,-0.0127248
2023-12-17 04:00:00.000,-0.008328959999999998
2023-12-17 05:00:00.000,-0.00127248
2023-12-17 06:00:00.000,-0.00011568
2023-12-17 07:00:00.000,0.00011568
2023-12-17 08:00:00.000,0.01492272
2023-12-17 09:00:00.000,0.025565280000000003
2023-12-17 10:00:00.000,0.02915136
2023-12-17 11:00:00.000,0.041644799999999996
2023-12-17 12:00:00.000,0.02614368
2023-12-17 13:00:00.000,0.045346559999999994
2023-12-17 14:00:00.000,0.02579664
2023-12-17 15:00:00.000,0.04719744
2023-12-17 16:00:00.000,0.06512783999999999
2023-12-17 17:00:00.000,0.13083408
2023-12-17 18:00:00.000,0.16056383999999999
2023-12-17 19:00:00.000,0.15767184
2023-12-17 20:00:00.000,0.1434432
2023-12-17 21:00:00.000,0.13222224
2023-12-17 22:00:00.000,0.07773696
2023-12-17 23:00:00.000,0.06917664000000001
2023-12-18 00:00:00.000,0.11949744
2023-12-18 01:00:00.000,0.10260815999999999
2023-12-18 02:00:00.000,0.07206864
2023-12-18 03:00:00.000,0.057724319999999996
2023-12-18 04:00:00.000,0.07102752
2023-12-18 05:00:00.000,0.11648976
2023-12-18 06:00:00.000,0.18150192
2023-12-18 07:00:00.000,0.24535728
2023-12-18 08:00:00.000,0.28908432
2023-12-18 09:00:00.000,0.26988144
2023-12-18 10:00:00.000,0.24824928
2023-12-18 11:00:00.000,0.23112864
2023-12-18 12:00:00.000,0.20116752
2023-12-18 13:00:00.000,0.19711872
2023-12-18 14:00:00.000,0.19688736
2023-12-18 15:00:00.000,0.2105376
2023-12-18 16:00:00.000,0.23332656
2023-12-18 17:00:00.000,0.26999712
2023-12-18 18:00:00.000,0.25981728
2023-12-18 19:00:00.000,0.22222128000000002
2023-12-18 20:00:00.000,0.19896960000000002
2023-12-18 21:00:00.000,0.17594928
2023-12-18 22:00:00.000,0.14645087999999998
2023-12-18 23:00:00.000,0.11660544
2023-12-19 00:00:00.000,0.09323808
2023-12-19 01:00:00.000,0.061541759999999994
2023-12-19 02:00:00.000,0.02637504
2023-12-19 03:00:00.000,0.01827744
2023-12-19 04:00:00.000,0.049164
2023-12-19 05:00:00.000,0.10191408
2023-12-19 06:00:00.000,0.16334015999999998
2023-12-19 07:00:00.000,0.27369888
2023-12-19 08:00:00.000,0.35791392
2023-12-19 09:00:00.000,0.36520176
2023-12-19 10:00:00.000,0.38093424
2023-12-19 11:00:00.000,0.35872368
2023-12-19 12:00:00.000,0.30967536
2023-12-19 13:00:00.000,0.27219504
2023-12-19 14:00:00.000,0.27508704
2023-12-19 15:00:00.000,0.2701128
2023-12-19 16:00:00.000,0.23899488
2023-12-19 17:00:00.000,0.23297952
2023-12-19 18:00:00.000,0.23899488
2023-12-19 19:00:00.000,0.20232432
2023-12-19 20:00:00.000,0.17999807999999998
2023-12-19 21:00:00.000,0.15917567999999999
2023-12-19 22:00:00.000,0.1405512
2023-12-19 23:00:00.000,0.1312968
2023-12-20 00:00:00.000,0.13337903999999995
2023-12-20 01:00:00.000,0.12169535999999999
2023-12-20 02:00:00.000,0.11672112
2023-12-20 03:00:00.000,0.11683679999999999
2023-12-20 04:00:00.000,0.1579032
2023-12-20 05:00:00.000,0.19746576
2023-12-20 06:00:00.000,0.31337712
2023-12-20 07:00:00.000,0.44097215999999995
2023-12-20 08:00:00.000,0.52322064
2023-12-20 09:00:00.000,0.5804822399999999
2023-12-20 10:00:00.000,0.7669583999999999
2023-12-20 11:00:00.000,0.70402848
2023-12-20 12:00:00.000,0.6999796799999999
2023-12-20 13:00:00.000,0.70090512
2023-12-20 14:00:00.000,0.7727423999999999
2023-12-20 15:00:00.000,0.7902100799999999
2023-12-20 16:00:00.000,0.8238729599999999
2023-12-20 17:00:00.000,0.8994119999999999
2023-12-20 18:00:00.000,0.8670216000000001
2023-12-20 19:00:00.000,0.79275504
2023-12-20 20:00:00.000,0.7907884799999999
2023-12-20 21:00:00.000,0.73653456
2023-12-20 22:00:00.000,0.6935016
2023-12-20 23:00:00.000,0.56544384
2023-12-21 00:00:00.000,0.51396624
2023-12-21 01:00:00.000,0.488748
2023-12-21 02:00:00.000,0.43218048
2023-12-21 03:00:00.000,0.3857928
2023-12-21 04:00:00.000,0.37515024
2023-12-21 05:00:00.000,0.38347919999999996
2023-12-21 06:00:00.000,0.4294041599999999
2023-12-21 07:00:00.000,0.53478864
2023-12-21 08:00:00.000,0.56636928
2023-12-21 09:00:00.000,0.4413192
2023-12-21 10:00:00.000,0.40638384
2023-12-21 11:00:00.000,0.40279776
2023-12-21 12:00:00.000,0.38787504
2023-12-21 13:00:00.000,0.3915768
2023-12-21 14:00:00.000,0.39759216
2023-12-21 15:00:00.000,0.40476432
2023-12-21 16:00:00.000,0.40407024
2023-12-21 17:00:00.000,0.41575392
2023-12-21 18:00:00.000,0.44513664
2023-12-21 19:00:00.000,0.5448528
2023-12-21 20:00:00.000,0.47394096
2023-12-21 21:00:00.000,0.38347919999999996
2023-12-21 22:00:00.000,0.33281136
2023-12-21 23:00:00.000,0.21065328
2023-12-22 00:00:00.000,0.17733743999999999
2023-12-22 01:00:00.000,0.1226208
2023-12-22 02:00:00.000,0.05691456
2023-12-22 03:00:00.000,0.04673472
2023-12-22 04:00:00.000,0.0659376
2023-12-22 05:00:00.000,0.15952271999999998
2023-12-22 06:00:00.000,0.26629536000000004
2023-12-22 07:00:00.000,0.38081856
2023-12-22 08:00:00.000,0.45959663999999995
2023-12-22 09:00:00.000,0.41228352
2023-12-22 10:00:00.000,0.35907072
2023-12-22 11:00:00.000,0.34368528
2023-12-22 12:00:00.000,0.31684752
2023-12-22 13:00:00.000,0.30088368000000004
2023-12-22 14:00:00.000,0.34206576
2023-12-22 15:00:00.000,0.39932736
2023-12-22 16:00:00.000,0.47879952
2023-12-22 17:00:00.000,0.4823856
2023-12-22 18:00:00.000,0.45485376
2023-12-22 19:00:00.000,0.41841456
2023-12-22 20:00:00.000,0.28526688
2023-12-22 21:00:00.000,0.28827456
2023-12-22 22:00:00.000,0.26108976
2023-12-22 23:00:00.000,0.138816
2023-12-23 00:00:00.000,0.11556432
2023-12-23 01:00:00.000,0.050089440000000006
2023-12-23 02:00:00.000,0.0040488
2023-12-23 03:00:00.000,0.015385439999999998
2023-12-23 04:00:00.000,0.06524351999999999
2023-12-23 05:00:00.000,0.09034608
2023-12-23 06:00:00.000,0.15709343999999997
2023-12-23 07:00:00.000,0.23182272
2023-12-23 08:00:00.000,0.25981728
2023-12-23 09:00:00.000,0.48678143999999995
2023-12-23 10:00:00.000,0.4860873600000001
2023-12-23 11:00:00.000,0.5309712
2023-12-23 12:00:00.000,0.54786048
2023-12-23 13:00:00.000,0.5697239999999999
2023-12-23 14:00:00.000,0.59702448
2023-12-23 15:00:00.000,0.62201136
2023-12-23 16:00:00.000,0.6715224
2023-12-23 17:00:00.000,0.7691563199999999
2023-12-23 18:00:00.000,0.76476048
2023-12-23 19:00:00.000,0.7120103999999999
2023-12-23 20:00:00.000,0.60627888
2023-12-23 21:00:00.000,0.49268112000000003
2023-12-23 22:00:00.000,0.41205216
2023-12-23 23:00:00.000,0.41748912
2023-12-24 00:00:00.000,0.33859536
2023-12-24 01:00:00.000,0.33813264
2023-12-24 02:00:00.000,0.33709152
2023-12-24 03:00:00.000,0.33119184
2023-12-24 04:00:00.000,0.33258
2023-12-24 05:00:00.000,0.34958496
2023-12-24 06:00:00.000,0.37006032
2023-12-24 07:00:00.000,0.49696128
2023-12-24 08:00:00.000,0.5998008
2023-12-24 09:00:00.000,0.6236308799999999
2023-12-24 10:00:00.000,0.63612432
2023-12-24 11:00:00.000,0.6237465600000001
2023-12-24 12:00:00.000,0.60986496
2023-12-24 13:00:00.000,0.58927392
2023-12-24 14:00:00.000,0.57793728
2023-12-24 15:00:00.000,0.57342576
2023-12-24 16:00:00.000,0.5373336000000001
2023-12-24 17:00:00.000,0.45751440000000004
2023-12-24 18:00:00.000,0.41344032
2023-12-24 19:00:00.000,0.37549728
2023-12-24 20:00:00.000,0.34692432
2023-12-24 21:00:00.000,0.34692432
2023-12-24 22:00:00.000,0.33524064
2023-12-24 23:00:00.000,0.2730048
2023-12-25 00:00:00.000,0.3886848
2023-12-25 01:00:00.000,0.38995728
2023-12-25 02:00:00.000,0.36578016
2023-12-25 03:00:00.000,0.34704
2023-12-25 04:00:00.000,0.31002240000000003
2023-12-25 05:00:00.000,0.25599984
2023-12-25 06:00:00.000,0.23957328
2023-12-25 07:00:00.000,0.32228448
2023-12-25 08:00:00.000,0.3534024
2023-12-25 09:00:00.000,0.36057456000000004
2023-12-25 10:00:00.000,0.3781579199999999
2023-12-25 11:00:00.000,0.3823224
2023-12-25 12:00:00.000,0.37757952
2023-12-25 13:00:00.000,0.37156416000000003
2023-12-25 14:00:00.000,0.38151263999999996
2023-12-25 15:00:00.000,0.39076704
2023-12-25 16:00:00.000,0.40476432
2023-12-25 17:00:00.000,0.44860703999999996
2023-12-25 18:00:00.000,0.43981536
2023-12-25 19:00:00.000,0.40580543999999996
2023-12-25 20:00:00.000,0.38706527999999996
2023-12-25 21:00:00.000,0.39470015999999997
2023-12-25 22:00:00.000,0.40152528
2023-12-25 23:00:00.000,0.38822208
2023-12-26 00:00:00.000,0.35432784
2023-12-26 01:00:00.000,0.32471375999999996
2023-12-26 02:00:00.000,0.31569072
2023-12-26 03:00:00.000,0.32934096
2023-12-26 04:00:00.000,0.358608
2023-12-26 05:00:00.000,0.38775936
2023-12-26 06:00:00.000,0.3915768
2023-12-26 07:00:00.000,0.4239672
2023-12-26 08:00:00.000,0.45161471999999997
2023-12-26 09:00:00.000,0.5733100799999999
2023-12-26 10:00:00.000,0.5805979199999999
2023-12-26 11:00:00.000,0.57793728
2023-12-26 12:00:00.000,0.56926128
2023-12-26 13:00:00.000,0.52657536
2023-12-26 14:00:00.000,0.51003312
2023-12-26 15:00:00.000,0.49568880000000004
2023-12-26 16:00:00.000,0.54901728
2023-12-26 17:00:00.000,0.61171584
2023-12-26 18:00:00.000,0.6125256
2023-12-26 19:00:00.000,0.57169056
2023-12-26 20:00:00.000,0.48620304
2023-12-26 21:00:00.000,0.47151168
2023-12-26 22:00:00.000,0.43854288
2023-12-26 23:00:00.000,0.393312
2023-12-27 00:00:00.000,0.40615248000000004
2023-12-27 01:00:00.000,0.3597648
2023-12-27 02:00:00.000,0.35490624000000004
2023-12-27 03:00:00.000,0.35837664
2023-12-27 04:00:00.000,0.37653840000000005
2023-12-27 05:00:00.000,0.39134544
2023-12-27 06:00:00.000,0.42246336
2023-12-27 07:00:00.000,0.6351988799999999
2023-12-27 08:00:00.000,0.8990649599999999
2023-12-27 09:00:00.000,0.9005688
2023-12-27 10:00:00.000,0.84897552
2023-12-27 11:00:00.000,0.83914272
2023-12-27 12:00:00.000,0.83312736
2023-12-27 13:00:00.000,0.8184359999999999
2023-12-27 14:00:00.000,0.8475873599999999
2023-12-27 15:00:00.000,0.8980238399999999
2023-12-27 16:00:00.000,0.92277936
2023-12-27 17:00:00.000,0.9291417599999999
2023-12-27 18:00:00.000,0.8600808
2023-12-27 19:00:00.000,0.7501847999999999
2023-12-27 20:00:00.000,0.63311664
2023-12-27 21:00:00.000,0.42697487999999995
2023-12-27 22:00:00.000,0.38544576
2023-12-27 23:00:00.000,0.3638136
2023-12-28 00:00:00.000,0.3481968
2023-12-28 01:00:00.000,0.34507343999999995
2023-12-28 02:00:00.000,0.32089631999999996
2023-12-28 03:00:00.000,0.29324880000000003
2023-12-28 04:00:00.000,0.34704
2023-12-28 05:00:00.000,0.3857928
2023-12-28 06:00:00.000,0.42234768
2023-12-28 07:00:00.000,0.44987952000000003
2023-12-28 08:00:00.000,0.48735984000000004
2023-12-28 09:00:00.000,0.4621416
2023-12-28 10:00:00.000,0.44964816
2023-12-28 11:00:00.000,0.4349568
2023-12-28 12:00:00.000,0.43322160000000004
2023-12-28 13:00:00.000,0.45358128
2023-12-28 14:00:00.000,0.4580928
2023-12-28 15:00:00.000,0.4719744
2023-12-28 16:00:00.000,0.47810544
2023-12-28 17:00:00.000,0.54172944
2023-12-28 18:00:00.000,0.5309712
2023-12-28 19:00:00.000,0.45693599999999995
2023-12-28 20:00:00.000,0.42442991999999996
2023-12-28 21:00:00.000,0.38891615999999996
2023-12-28 22:00:00.000,0.35826095999999996
2023-12-28 23:00:00.000,0.29810736000000004
2023-12-29 00:00:00.000,0.27219504
2023-12-29 01:00:00.000,0.24096144
2023-12-29 02:00:00.000,0.23147568000000002
2023-12-29 03:00:00.000,0.21805680000000002
2023-12-29 04:00:00.000,0.2330952
2023-12-29 05:00:00.000,0.24269664
2023-12-29 06:00:00.000,0.28572960000000003
2023-12-29 07:00:00.000,0.36057456000000004
2023-12-29 08:00:00.000,0.37260528
2023-12-29 09:00:00.000,0.37167984000000004
2023-12-29 10:00:00.000,0.36982896
2023-12-29 11:00:00.000,0.3781579199999999
2023-12-29 12:00:00.000,0.37260528
2023-12-29 13:00:00.000,0.35583168
2023-12-29 14:00:00.000,0.35745119999999997
2023-12-29 15:00:00.000,0.35455919999999996
2023-12-29 16:00:00.000,0.38197536000000004
2023-12-29 17:00:00.000,0.41494416
2023-12-29 18:00:00.000,0.39470015999999997
2023-12-29 19:00:00.000,0.35583168
2023-12-29 20:00:00.000,0.34727136000000003
2023-12-29 21:00:00.000,0.32540784
2023-12-29 22:00:00.000,0.29313312
2023-12-29 23:00:00.000,0.2238408
2023-12-30 00:00:00.000,0.24107712
2023-12-30 01:00:00.000,0.23101296
2023-12-30 02:00:00.000,0.20903376
2023-12-30 03:00:00.000,0.20961216
2023-12-30 04:00:00.000,0.20903376
2023-12-30 05:00:00.000,0.2330952
2023-12-30 06:00:00.000,0.25472736
2023-12-30 07:00:00.000,0.29255472
2023-12-30 08:00:00.000,0.33327408000000003
2023-12-30 09:00:00.000,0.4133246399999999
2023-12-30 10:00:00.000,0.45358128
2023-12-30 11:00:00.000,0.45855552
2023-12-30 12:00:00.000,0.42084384
2023-12-30 13:00:00.000,0.38463600000000003
2023-12-30 14:00:00.000,0.48631872
2023-12-30 15:00:00.000,0.6507
2023-12-30 16:00:00.000,0.8096443199999999
2023-12-30 17:00:00.000,0.92451456
2023-12-30 18:00:00.000,0.92532432
2023-12-30 19:00:00.000,0.8223691200000001
2023-12-30 20:00:00.000,0.71733168
2023-12-30 21:00:00.000,0.63785952
2023-12-30 22:00:00.000,0.5795568
2023-12-30 23:00:00.000,0.50008464
2023-12-31 00:00:00.000,0.51905616
2023-12-31 01:00:00.000,0.47070192
2023-12-31 02:00:00.000,0.4724371200000001
2023-12-31 03:00:00.000,0.46225728
2023-12-31 04:00:00.000,0.44120352
2023-12-31 05:00:00.000,0.45427535999999996
2023-12-31 06:00:00.000,0.46283568
2023-12-31 07:00:00.000,0.50980176
2023-12-31 08:00:00.000,0.5580403199999999
2023-12-31 09:00:00.000,0.5160484799999999
2023-12-31 10:00:00.000,0.488748
2023-12-31 11:00:00.000,0.50228256
2023-12-31 12:00:00.000,0.49476336
2023-12-31 13:00:00.000,0.50390208
2023-12-31 14:00:00.000,0.47903088000000005
2023-12-31 15:00:00.000,0.52715376
2023-12-31 16:00:00.000,0.58615056
2023-12-31 17:00:00.000,0.5784
2023-12-31 18:00:00.000,0.5246088
2023-12-31 19:00:00.000,0.45855552
2023-12-31 20:00:00.000,0.40360752
2023-12-31 21:00:00.000,0.3424128
2023-12-31 22:00:00.000,0.33165456
2023-12-31 23:00:00.000,0.31083215999999997
