Date,Hour,Charging energy,Price,Energy Purchase from grid,Cost of energy supply from grid at DT,Cost of energy supply on route,EVs slow charging,EVs fast charging 50kW,EVs fast charging 150kW,EVs fast charging 350kW,EVs route charging,Slow Charging pertime,Fast Charging pertime 50kW,Fast Charging pertime 150kW,Fast Charging pertime 350kW,Route Charging pertime
1,0,0.0,0.02325168,0.0,0.0,0.0,0.0,0.0,0.0,0.0,0.0,0.0,0.0,0.0,0.0,0.0
1,1,0.0,0.0159638399999999,0.0,0.0,0.0,0.0,0.0,0.0,0.0,0.0,0.0,0.0,0.0,0.0,0.0
1,2,0.0,0.0010411199999999,0.0,0.0,0.0,0.0,0.0,0.0,0.0,0.0,0.0,0.0,0.0,0.0,0.0
1,3,0.0,0.00092544,0.0,0.0,0.0,0.0,0.0,0.0,0.0,0.0,0.0,0.0,0.0,0.0,0.0
1,4,0.0,0.0005784,0.0,0.0,0.0,0.0,0.0,0.0,0.0,0.0,0.0,0.0,0.0,0.0,0.0
1,5,0.0,0.00092544,0.0,0.0,0.0,0.0,0.0,0.0,0.0,0.0,0.0,0.0,0.0,0.0,0.0
1,6,0.0,0.0010411199999999,0.0,0.0,0.0,0.0,0.0,0.0,0.0,0.0,0.0,0.0,0.0,0.0,0.0
1,7,0.0,0.00613104,0.0,0.0,0.0,0.0,0.0,0.0,0.0,0.0,0.0,0.0,0.0,0.0,0.0
1,8,0.0,0.0234830399999999,0.0,0.0,0.0,0.0,0.0,0.0,0.0,0.0,0.0,0.0,0.0,0.0,0.0
1,9,0.0,0.0358608,0.0,0.0,0.0,0.0,0.0,0.0,0.0,0.0,0.0,0.0,0.0,0.0,0.0
1,10,0.0,0.0512462399999999,0.0,0.0,0.0,0.0,0.0,0.0,0.0,0.0,0.0,0.0,0.0,0.0,0.0
1,11,0.0,0.0701020799999999,0.0,0.0,0.0,0.0,0.0,0.0,0.0,0.0,0.0,0.0,0.0,0.0,0.0
1,12,0.0,0.0701020799999999,0.0,0.0,0.0,0.0,0.0,0.0,0.0,0.0,0.0,0.0,0.0,0.0,0.0
1,13,0.0,0.06570624,0.0,0.0,0.0,0.0,0.0,0.0,0.0,0.0,0.0,0.0,0.0,0.0,0.0
1,14,0.0,0.20486928,0.0,0.0,0.0,0.0,0.0,0.0,0.0,0.0,0.0,0.0,0.0,0.0,0.0
1,15,5.136422812306272,0.2789044799999999,5.328239431852979,1.6624345732507837,0.0,1.0,0.0,0.0,0.0,0.0,5.136422812306272,0.0,0.0,0.0,0.0
1,16,0.0,0.42269472,0.0,0.0,0.0,0.0,0.0,0.0,0.0,0.0,0.0,0.0,0.0,0.0,0.0
1,17,0.0,0.53247504,0.0,0.0,0.0,0.0,0.0,0.0,0.0,0.0,0.0,0.0,0.0,0.0,0.0
1,18,0.0,0.62733264,0.0,0.0,0.0,0.0,0.0,0.0,0.0,0.0,0.0,0.0,0.0,0.0,0.0
1,19,43.80143397209252,0.62039184,45.43717217022089,29.69282124591444,0.0,6.0,0.0,0.0,0.0,0.0,43.801433972092525,0.0,0.0,0.0,0.0
1,20,37.434734453939704,0.5558424,38.832712089149325,22.87023065629262,0.0,6.0,0.0,0.0,0.0,0.0,37.43473445393971,0.0,0.0,0.0,0.0
1,21,36.52904046344941,0.51685824,37.893195501503726,20.839675105982913,0.0,6.0,0.0,0.0,0.0,0.0,36.52904046344942,0.0,0.0,0.0,0.0
1,22,26.997455787971568,0.5316652799999999,28.005659531091048,15.816624146661303,0.0,5.0,0.0,0.0,0.0,0.0,26.997455787971568,0.0,0.0,0.0,0.0
1,23,32.77608084521655,0.40488,34.00008386433278,14.89135673090047,0.0,6.0,0.0,0.0,0.0,0.0,32.776080845216555,0.0,0.0,0.0,0.0
2,0,27.370918670947944,0.66990288,28.393069160734846,19.960409392035775,0.0,5.0,0.0,0.0,0.0,0.0,27.370918670947944,0.0,0.0,0.0,0.0
2,1,7.567983235960607,0.59771856,7.850605016556719,4.9523073516730856,0.0,2.0,0.0,0.0,0.0,0.0,7.567983235960616,0.0,0.0,0.0,0.0
2,2,39.42962163135555,0.61148448,40.902097127962215,26.364857008137015,0.0,6.0,0.0,0.0,0.0,0.0,39.42962163135556,0.0,0.0,0.0,0.0
2,3,43.801433972092525,0.5108428799999999,45.43717217022066,24.71522628932567,0.0,6.0,0.0,0.0,0.0,0.0,43.801433972092475,0.0,0.0,0.0,0.0
2,4,34.249245960683126,0.57932544,35.528263444692364,21.758412372551632,0.0,5.0,0.0,0.0,0.0,0.0,34.249245960683126,0.0,0.0,0.0,0.0
2,5,26.27234286464416,0.81820464,27.253467701913078,23.20100351072874,0.0,6.0,0.0,0.0,0.0,0.0,26.27234286464416,0.0,0.0,0.0,0.0
2,6,33.38015388279681,1.18641408,34.6267156460552,42.2277672745206,0.0,5.0,0.0,0.0,0.0,0.0,33.38015388279677,0.0,0.0,0.0,0.0
2,7,7.081693188442294,1.59858192,7.346154759794912,11.9865879030793,0.0,1.0,0.0,0.0,0.0,0.0,7.081693188442294,0.0,0.0,0.0,0.0
2,8,0.0,1.68869664,0.0,0.0,0.0,0.0,0.0,0.0,0.0,0.0,0.0,0.0,0.0,0.0,0.0
2,9,0.0,1.7010744,0.0,0.0,0.0,0.0,0.0,0.0,0.0,0.0,0.0,0.0,0.0,0.0,0.0
2,10,0.0,1.68441648,0.0,0.0,0.0,0.0,0.0,0.0,0.0,0.0,0.0,0.0,0.0,0.0,0.0
2,11,0.0,1.6582728,0.0,0.0,0.0,0.0,0.0,0.0,0.0,0.0,0.0,0.0,0.0,0.0,0.0
2,12,0.0,1.67018784,0.0,0.0,0.0,0.0,0.0,0.0,0.0,0.0,0.0,0.0,0.0,0.0,0.0
2,13,0.0,1.6630156799999996,0.0,0.0,0.0,0.0,0.0,0.0,0.0,0.0,0.0,0.0,0.0,0.0,0.0
2,14,0.0,1.7143775999999995,0.0,0.0,0.0,0.0,0.0,0.0,0.0,0.0,0.0,0.0,0.0,0.0,0.0
2,15,39.82039161742896,1.79697312,41.307460184055785,70.24139568464885,26.038885264644936,5.0,0.0,0.0,0.0,1.0,37.0,0.0,0.0,0.0,2.8203916174289567
2,16,0.0,1.88431152,0.0,0.0,0.0,0.0,0.0,0.0,0.0,0.0,0.0,0.0,0.0,0.0,0.0
2,17,15.27737407447446,1.96656,15.847898417504872,30.70017427385941,4.407291766413578,2.0,0.0,0.0,0.0,1.0,14.8,0.0,0.0,0.0,0.47737407447445934
2,18,52.07282182446272,2.02139232,54.01745002537652,91.87636311989445,82.74961603103297,6.0,0.0,0.0,0.0,2.0,43.109829706045225,0.0,0.0,0.0,8.962992118417503
2,19,43.80143397209251,1.90247328,45.437172170220975,87.94697637143933,0.0,6.0,0.0,0.0,0.0,0.0,43.801433972092525,0.0,0.0,0.0,0.0
2,20,40.16560028133595,1.769904,41.66556045781797,75.12317216768763,0.0,7.0,0.0,0.0,0.0,0.0,40.16560028133595,0.0,0.0,0.0,0.0
2,21,42.19054811402751,1.6388385599999995,43.76612874899167,73.17427827736371,0.0,7.0,0.0,0.0,0.0,0.0,42.19054811402752,0.0,0.0,0.0,0.0
2,22,30.833010776563086,1.5231585600000002,31.984451013032693,49.77607567593281,0.0,5.0,0.0,0.0,0.0,0.0,30.833010776563086,0.0,0.0,0.0,0.0
2,23,37.49461180784779,1.3657180800000002,38.894825526813584,54.40678516535237,0.0,6.0,0.0,0.0,0.0,0.0,37.49461180784779,0.0,0.0,0.0,0.0
3,0,43.80143397209251,0.91167408,45.43717217022132,42.92786253492245,0.0,6.0,0.0,0.0,0.0,0.0,43.801433972092525,0.0,0.0,0.0,0.0
3,1,43.80143397209252,0.85522224,45.437172170221146,40.36285056151651,0.0,6.0,0.0,0.0,0.0,0.0,43.801433972092525,0.0,0.0,0.0,0.0
3,2,33.670483922475064,0.85533792,34.92788788638543,31.031260063773466,0.0,5.0,0.0,0.0,0.0,0.0,33.670483922475064,0.0,0.0,0.0,0.0
3,3,43.801433972092504,0.82641792,45.43717217022105,39.054063714430285,0.0,6.0,0.0,0.0,0.0,0.0,43.801433972092525,0.0,0.0,0.0,0.0
3,4,36.0569278708229,0.83671344,37.4034521481584,32.534025380865046,0.0,6.0,0.0,0.0,0.0,0.0,36.05692787082291,0.0,0.0,0.0,0.0
3,5,36.22733526935176,0.89235552,37.58022330845653,34.77882510364376,0.0,6.0,0.0,0.0,0.0,0.0,36.22733526935178,0.0,0.0,0.0,0.0
3,6,42.80829875518642,1.18548864,44.406948916169064,54.11380348630394,0.0,6.0,0.0,0.0,0.0,0.0,42.80829875518642,0.0,0.0,0.0,0.0
3,7,14.468052707298213,1.79257728,15.008353430807375,27.400409868835073,0.0,2.0,0.0,0.0,0.0,0.0,14.468052707298224,0.0,0.0,0.0,0.0
3,8,0.0,1.89622656,0.0,0.0,0.0,0.0,0.0,0.0,0.0,0.0,0.0,0.0,0.0,0.0,0.0
3,9,0.0,1.93266576,0.0,0.0,0.0,0.0,0.0,0.0,0.0,0.0,0.0,0.0,0.0,0.0,0.0
3,10,0.0,1.95001776,0.0,0.0,0.0,0.0,0.0,0.0,0.0,0.0,0.0,0.0,0.0,0.0,0.0
3,11,0.0,1.96066032,0.0,0.0,0.0,0.0,0.0,0.0,0.0,0.0,0.0,0.0,0.0,0.0,0.0
3,12,0.0,1.902936,0.0,0.0,0.0,0.0,0.0,0.0,0.0,0.0,0.0,0.0,0.0,0.0,0.0
3,13,0.0,1.86140688,0.0,0.0,0.0,0.0,0.0,0.0,0.0,0.0,0.0,0.0,0.0,0.0,0.0
3,14,0.1422292598426775,1.88627808,0.14754072597788123,0.0,1.313112461203143,0.0,0.0,0.0,0.0,1.0,0.0,0.0,0.0,0.0,0.1422292598426775
3,15,43.801433972092475,1.94030064,45.4371721702218,89.66574464050589,0.0,6.0,0.0,0.0,0.0,0.0,43.801433972092525,0.0,0.0,0.0,0.0
3,16,0.0,1.92734448,0.0,0.0,0.0,0.0,0.0,0.0,0.0,0.0,0.0,0.0,0.0,0.0,0.0
3,17,0.0,1.97488896,0.0,0.0,0.0,0.0,0.0,0.0,0.0,0.0,0.0,0.0,0.0,0.0,0.0
3,18,37.93194023578859,1.95418224,39.34848572177285,71.99240390911531,27.785118301188753,5.0,0.0,0.0,0.0,1.0,34.922406073727245,0.0,0.0,0.0,3.009534162061343
3,19,43.80143397209251,1.86233232,45.43717217022135,86.12308466084207,0.0,6.0,0.0,0.0,0.0,0.0,43.801433972092525,0.0,0.0,0.0,0.0
3,20,43.80143397209251,1.73080416,45.437172170222716,80.14681700969207,0.0,6.0,0.0,0.0,0.0,0.0,43.801433972092525,0.0,0.0,0.0,0.0
3,21,39.00755066029296,1.5159864,40.464264170428685,62.68264131241836,0.0,6.0,0.0,0.0,0.0,0.0,39.007550660292964,0.0,0.0,0.0,0.0
3,22,43.801433972092504,1.32187536,45.437172170220904,61.56624871872705,0.0,6.0,0.0,0.0,0.0,0.0,43.80143397209253,0.0,0.0,0.0,0.0
3,23,43.64738231386221,1.08345888,45.27736754550076,50.55484679595267,0.0,6.0,0.0,0.0,0.0,0.0,43.64738231386222,0.0,0.0,0.0,0.0
4,0,41.86374633624752,0.95875584,43.42712275544402,43.07344531938405,0.0,6.0,0.0,0.0,0.0,0.0,41.86374633624752,0.0,0.0,0.0,0.0
4,1,43.80143397209251,0.91202112,45.437172170221096,42.943631051152195,0.0,6.0,0.0,0.0,0.0,0.0,43.801433972092525,0.0,0.0,0.0,0.0
4,2,42.86679221964126,0.80895024,44.46762678386076,37.44397580558038,0.0,7.0,0.0,0.0,0.0,0.0,42.86679221964127,0.0,0.0,0.0,0.0
4,3,40.03966844397096,0.8011996800000001,41.534925771754786,34.65257528019877,0.0,6.0,0.0,0.0,0.0,0.0,40.03966844397096,0.0,0.0,0.0,0.0
4,4,36.40143397209263,0.830004,37.76082362250329,32.59151791187708,0.0,7.0,0.0,0.0,0.0,0.0,36.40143397209265,0.0,0.0,0.0,0.0
4,5,42.808298755186705,0.94545264,44.40694891616953,43.45453709626283,0.0,6.0,0.0,0.0,0.0,0.0,42.80829875518672,0.0,0.0,0.0,0.0
4,6,43.548854335217406,0.92671248,45.175160098773645,43.35968244880098,0.0,7.0,0.0,0.0,0.0,0.0,43.54885433521744,0.0,0.0,0.0,0.0
4,7,11.77822138154904,0.96396144,12.21807197256151,7.653791136929726,40.42133848110628,1.0,0.0,0.0,0.0,1.0,7.4,0.0,0.0,0.0,4.378221381549039
4,8,0.0,0.99797136,0.0,0.0,0.0,0.0,0.0,0.0,0.0,0.0,0.0,0.0,0.0,0.0,0.0
4,9,0.0,0.98756016,0.0,0.0,0.0,0.0,0.0,0.0,0.0,0.0,0.0,0.0,0.0,0.0,0.0
4,10,0.0,0.8785896,0.0,0.0,0.0,0.0,0.0,0.0,0.0,0.0,0.0,0.0,0.0,0.0,0.0
4,11,0.5280808025351554,0.94522128,0.5478016623808667,0.0,4.8754347951897135,0.0,0.0,0.0,0.0,1.0,0.0,0.0,0.0,0.0,0.5280808025351554
4,12,24.1343594993777,0.93573552,25.035642634209236,0.0,222.8172194444622,0.0,0.0,0.0,0.0,1.0,0.0,0.0,0.0,0.0,24.1343594993777
4,13,0.0,0.92220096,0.0,0.0,0.0,0.0,0.0,0.0,0.0,0.0,0.0,0.0,0.0,0.0,0.0
4,14,0.0,0.92798496,0.0,0.0,0.0,0.0,0.0,0.0,0.0,0.0,0.0,0.0,0.0,0.0,0.0
4,15,43.80143397209249,0.92243232,45.43717217021991,43.41668653804967,0.0,6.0,0.0,0.0,0.0,0.0,43.80143397209252,0.0,0.0,0.0,0.0
4,16,1.855674529010328,0.93492576,1.9249735778115438,0.0,17.13226484252274,0.0,0.0,0.0,0.0,1.0,0.0,0.0,0.0,0.0,1.855674529010328
4,17,7.4,0.99669888,7.6763485477180575,7.905095136929682,0.0,1.0,0.0,0.0,0.0,0.0,7.4,0.0,0.0,0.0,0.0
4,18,43.80143397209251,0.83613504,45.43717217022036,39.49558216886838,0.0,6.0,0.0,0.0,0.0,0.0,43.801433972092525,0.0,0.0,0.0,0.0
4,19,40.53693184620229,0.77054448,42.05075917655904,33.793860492051024,0.0,7.0,0.0,0.0,0.0,0.0,40.5369318462023,0.0,0.0,0.0,0.0
4,20,43.80143397209252,0.71871984,45.43717217022054,34.160567511067654,0.0,6.0,0.0,0.0,0.0,0.0,43.801433972092525,0.0,0.0,0.0,0.0
4,21,43.7248913433928,0.6623836799999999,45.357771103104994,31.545589563385118,0.0,6.0,0.0,0.0,0.0,0.0,43.724891343392805,0.0,0.0,0.0,0.0
4,22,42.8755490188183,0.43888992,44.47671060043568,20.992559078162785,0.0,6.0,0.0,0.0,0.0,0.0,42.875549018818305,0.0,0.0,0.0,0.0
4,23,43.8014339720925,0.3565257599999999,45.43717217022051,17.70349273907301,0.0,7.0,0.0,0.0,0.0,0.0,43.80143397209252,0.0,0.0,0.0,0.0
5,0,43.80143397209251,0.34738704,45.4371721702205,17.288255145017573,0.0,6.0,0.0,0.0,0.0,0.0,43.801433972092525,0.0,0.0,0.0,0.0
5,1,43.80143397209252,0.3256392,45.43717217022373,16.300094794608327,0.0,6.0,0.0,0.0,0.0,0.0,43.801433972092525,0.0,0.0,0.0,0.0
5,2,37.0,0.32020224,38.381742738589814,13.560355684647519,0.0,5.0,0.0,0.0,0.0,0.0,37.0,0.0,0.0,0.0,0.0
5,3,43.80143397209251,0.3211276799999999,45.4371721702212,16.09510408361802,0.0,6.0,0.0,0.0,0.0,0.0,43.801433972092525,0.0,0.0,0.0,0.0
5,4,43.80143397209252,0.33119184,45.43717217022078,16.55239105428652,0.0,6.0,0.0,0.0,0.0,0.0,43.801433972092525,0.0,0.0,0.0,0.0
5,5,43.80143397209111,0.4604064,45.43717217022114,22.423535263906025,0.0,6.0,0.0,0.0,0.0,0.0,43.80143397209111,0.0,0.0,0.0,0.0
5,6,43.80143397209251,0.7253136000000001,45.43717217022081,34.460169319436986,0.0,6.0,0.0,0.0,0.0,0.0,43.80143397209252,0.0,0.0,0.0,0.0
5,7,7.9480883624516085,0.98941104,8.244904940302641,7.849151136929606,5.060151894003441,1.0,0.0,0.0,0.0,1.0,7.4,0.0,0.0,0.0,0.5480883624516086
5,8,0.0,1.08207072,0.0,0.0,0.0,0.0,0.0,0.0,0.0,0.0,0.0,0.0,0.0,0.0,0.0
5,9,0.0,1.2484185600000002,0.0,0.0,0.0,0.0,0.0,0.0,0.0,0.0,0.0,0.0,0.0,0.0,0.0
5,10,0.0,1.48938,0.0,0.0,0.0,0.0,0.0,0.0,0.0,0.0,0.0,0.0,0.0,0.0,0.0
5,11,0.0,1.6153555199999998,0.0,0.0,0.0,0.0,0.0,0.0,0.0,0.0,0.0,0.0,0.0,0.0,0.0
5,12,0.0,1.61940432,0.0,0.0,0.0,0.0,0.0,0.0,0.0,0.0,0.0,0.0,0.0,0.0,0.0
5,13,4.022274571620953,1.64936544,4.17248399545742,0.0,37.13510755957104,0.0,0.0,0.0,0.0,1.0,0.0,0.0,0.0,0.0,4.022274571620953
5,14,0.0,1.7282592,0.0,0.0,0.0,0.0,0.0,0.0,0.0,0.0,0.0,0.0,0.0,0.0,0.0
5,15,43.80143397209249,1.7953536,45.43717217022114,83.07976102846067,0.0,6.0,0.0,0.0,0.0,0.0,43.80143397209249,0.0,0.0,0.0,0.0
5,16,0.0,1.95024912,0.0,0.0,0.0,0.0,0.0,0.0,0.0,0.0,0.0,0.0,0.0,0.0,0.0
5,17,14.8,2.19826704,15.352697095435971,34.257502273859565,0.0,2.0,0.0,0.0,0.0,0.0,14.8,0.0,0.0,0.0,0.0
5,18,37.0,2.19792,38.38174273858996,85.63043568464897,0.0,5.0,0.0,0.0,0.0,0.0,37.0,0.0,0.0,0.0,0.0
5,19,43.801433972092525,2.00947728,45.437172170221224,92.80893554234217,0.0,6.0,0.0,0.0,0.0,0.0,43.80143397209238,0.0,0.0,0.0,0.0
5,20,41.07339421876778,1.8514584,42.607255413659914,80.29586109075827,0.0,7.0,0.0,0.0,0.0,0.0,41.07339421876782,0.0,0.0,0.0,0.0
5,21,38.215749624189996,1.71923616,39.64289380102761,69.46767629458051,0.0,7.0,0.0,0.0,0.0,0.0,38.215749624189876,0.0,0.0,0.0,0.0
5,22,42.04663694531761,1.6330545599999997,43.61684330427195,72.67240236421816,0.0,6.0,0.0,0.0,0.0,0.0,42.04663694531761,0.0,0.0,0.0,0.0
5,23,30.404837374214615,1.469136,31.540287732588276,47.38095568225248,0.0,5.0,0.0,0.0,0.0,0.0,30.404837374214615,0.0,0.0,0.0,0.0
6,0,43.44645418400737,1.24020528,45.06893587552692,57.38651401428986,0.0,7.0,0.0,0.0,0.0,0.0,43.44645418400738,0.0,0.0,0.0,0.0
6,1,43.80143397209252,1.1695247999999998,45.437172170221366,54.64387009377802,0.0,6.0,0.0,0.0,0.0,0.0,43.801433972092525,0.0,0.0,0.0,0.0
6,2,39.138935613139,1.11897264,40.60055561528995,46.77478929317392,0.0,6.0,0.0,0.0,0.0,0.0,39.138935613139004,0.0,0.0,0.0,0.0
6,3,43.80143397209251,0.95250912,45.43717217022113,44.78329127798013,0.0,6.0,0.0,0.0,0.0,0.0,43.80143397209252,0.0,0.0,0.0,0.0
6,4,43.80143397209217,0.94776624,45.437172170220606,44.56778822283692,0.0,7.0,0.0,0.0,0.0,0.0,43.80143397209219,0.0,0.0,0.0,0.0
6,5,43.1713585745269,0.97205904,44.78356698602425,45.01460719944782,0.0,7.0,0.0,0.0,0.0,0.0,43.17135857452691,0.0,0.0,0.0,0.0
6,6,43.801433972089676,1.124988,45.437172170218076,52.62024384426351,0.0,6.0,0.0,0.0,0.0,0.0,43.801433972089676,0.0,0.0,0.0,0.0
6,7,22.200000000000003,1.2024936,23.02904564315632,28.45454141079183,0.0,3.0,0.0,0.0,0.0,0.0,22.200000000000003,0.0,0.0,0.0,0.0
6,8,7.4,1.25524368,7.676348547717986,9.889775136929645,0.0,1.0,0.0,0.0,0.0,0.0,7.4,0.0,0.0,0.0,0.0
6,9,0.0,1.27155456,0.0,0.0,0.0,0.0,0.0,0.0,0.0,0.0,0.0,0.0,0.0,0.0,0.0
6,10,0.0,1.27409952,0.0,0.0,0.0,0.0,0.0,0.0,0.0,0.0,0.0,0.0,0.0,0.0,0.0
6,11,0.0,1.2799992,0.0,0.0,0.0,0.0,0.0,0.0,0.0,0.0,0.0,0.0,0.0,0.0,0.0
6,12,1.1314068920947022,1.2714388799999998,1.17365860175799,0.0,10.445561555646112,0.0,0.0,0.0,0.0,1.0,0.0,0.0,0.0,0.0,1.1314068920947022
6,13,0.0,1.16940912,0.0,0.0,0.0,0.0,0.0,0.0,0.0,0.0,0.0,0.0,0.0,0.0,0.0
6,14,5.051791999556447,1.30787808,5.240448132319966,0.0,46.639988377647704,0.0,0.0,0.0,0.0,1.0,0.0,0.0,0.0,0.0,5.051791999556447
6,15,24.998841240192633,1.42066608,25.93240792551108,33.47884541078845,25.839924312981783,3.0,0.0,0.0,0.0,1.0,22.200000000000003,0.0,0.0,0.0,2.7988412401926333
6,16,0.0,1.5688521599999998,0.0,0.0,0.0,0.0,0.0,0.0,0.0,0.0,0.0,0.0,0.0,0.0,0.0
6,17,9.750154405249921,1.74352896,10.11426805523865,13.638023136929714,21.697483616933916,1.0,0.0,0.0,0.0,1.0,7.4,0.0,0.0,0.0,2.3501544052499206
6,18,43.80143397209251,1.64392848,45.437172170221054,76.19943178012412,0.0,6.0,0.0,0.0,0.0,0.0,43.801433972092525,0.0,0.0,0.0,0.0
6,19,37.19955710489617,1.38723456,38.58875218350282,54.8089383535045,0.0,6.0,0.0,0.0,0.0,0.0,37.19955710489617,0.0,0.0,0.0,0.0
6,20,43.80143397209251,1.24032096,45.43717217022126,57.860647404688436,0.0,6.0,0.0,0.0,0.0,0.0,43.801433972092525,0.0,0.0,0.0,0.0
6,21,34.71726784157061,1.16859936,36.01376332113152,43.27771633419521,0.0,5.0,0.0,0.0,0.0,0.0,34.71726784157061,0.0,0.0,0.0,0.0
6,22,40.239098352154286,0.858924,41.74180326986934,37.234690320001924,0.0,6.0,0.0,0.0,0.0,0.0,40.2390983521543,0.0,0.0,0.0,0.0
6,23,14.8,0.8298883199999999,15.352697095435897,13.249198273859102,0.0,2.0,0.0,0.0,0.0,0.0,14.8,0.0,0.0,0.0,0.0
7,0,37.0,0.82907856,38.381742738589814,33.09191568464782,0.0,5.0,0.0,0.0,0.0,0.0,37.0,0.0,0.0,0.0,0.0
7,1,30.855443386785787,0.80895024,32.00772135559026,26.952109449327907,0.0,6.0,0.0,0.0,0.0,0.0,30.855443386785787,0.0,0.0,0.0,0.0
7,2,40.9750092299442,0.8090659199999999,42.50519629662263,35.79642774392578,0.0,6.0,0.0,0.0,0.0,0.0,40.97500922994421,0.0,0.0,0.0,0.0
7,3,43.80143397209252,0.8207496,45.43717217022472,38.79651128267751,0.0,6.0,0.0,0.0,0.0,0.0,43.801433972092525,0.0,0.0,0.0,0.0
7,4,43.80143397209251,0.85406544,45.43717217022077,40.31028884074967,0.0,6.0,0.0,0.0,0.0,0.0,43.801433972092525,0.0,0.0,0.0,0.0
7,5,35.93336453400561,0.8706076800000001,37.27527441286928,33.68595176101746,0.0,6.0,0.0,0.0,0.0,0.0,35.93336453400564,0.0,0.0,0.0,0.0
7,6,37.0,0.9002217599999999,38.38174273858986,35.8225156846479,0.0,5.0,0.0,0.0,0.0,0.0,37.0,0.0,0.0,0.0,0.0
7,7,43.80143397209251,0.87882096,45.437172170221025,41.43510966515324,0.0,6.0,0.0,0.0,0.0,0.0,43.801433972092525,0.0,0.0,0.0,0.0
7,8,43.80143397209252,0.92520864,45.437172170220876,43.54283466789021,0.0,6.0,0.0,0.0,0.0,0.0,43.801433972092525,0.0,0.0,0.0,0.0
7,9,43.80143397208945,1.1232528,45.437172170217906,52.54140126311354,0.0,6.0,0.0,0.0,0.0,0.0,43.80143397208945,0.0,0.0,0.0,0.0
7,10,14.8,1.1290368000000002,15.352697095440334,17.841934273864325,0.0,2.0,0.0,0.0,0.0,0.0,14.8,0.0,0.0,0.0,0.0
7,11,0.0,0.9971616,0.0,0.0,0.0,0.0,0.0,0.0,0.0,0.0,0.0,0.0,0.0,0.0,0.0
7,12,0.0,0.99241872,0.0,0.0,0.0,0.0,0.0,0.0,0.0,0.0,0.0,0.0,0.0,0.0,0.0
7,13,0.0,1.06182672,0.0,0.0,0.0,0.0,0.0,0.0,0.0,0.0,0.0,0.0,0.0,0.0,0.0
7,14,0.0,0.93133968,0.0,0.0,0.0,0.0,0.0,0.0,0.0,0.0,0.0,0.0,0.0,0.0,0.0
7,15,29.6,0.91317792,30.705394190872223,29.05583654771865,0.0,4.0,0.0,0.0,0.0,0.0,29.6,0.0,0.0,0.0,0.0
7,16,0.0,0.92463024,0.0,0.0,0.0,0.0,0.0,0.0,0.0,0.0,0.0,0.0,0.0,0.0,0.0
7,17,0.0,0.91017024,0.0,0.0,0.0,0.0,0.0,0.0,0.0,0.0,0.0,0.0,0.0,0.0,0.0
7,18,29.6,0.90669984,30.705394190874223,28.856924547720524,0.0,4.0,0.0,0.0,0.0,0.0,29.6,0.0,0.0,0.0,0.0
7,19,26.043925322788617,0.8605435199999999,27.01652004438655,24.143138070616153,0.0,6.0,0.0,0.0,0.0,0.0,26.043925322788624,0.0,0.0,0.0,0.0
7,20,43.80143397209251,0.7748246400000001,45.43717217022079,36.70981096824365,0.0,6.0,0.0,0.0,0.0,0.0,43.801433972092525,0.0,0.0,0.0,0.0
7,21,42.23262274392576,0.6939643200000001,43.809774630628525,31.85252400117119,0.0,6.0,0.0,0.0,0.0,0.0,42.23262274392576,0.0,0.0,0.0,0.0
7,22,43.80143397209251,0.5645184,45.437172170220634,27.15409013289178,0.0,6.0,0.0,0.0,0.0,0.0,43.801433972092525,0.0,0.0,0.0,0.0
7,23,43.80143397209265,0.4152912,45.43717217022099,20.373628154011996,0.0,6.0,0.0,0.0,0.0,0.0,43.80143397209267,0.0,0.0,0.0,0.0
8,0,7.4,0.28272192,7.676348547717948,2.4243591369294943,0.0,1.0,0.0,0.0,0.0,0.0,7.4,0.0,0.0,0.0,0.0
8,1,29.6,0.1075824,30.705394190871925,4.31970854771792,0.0,4.0,0.0,0.0,0.0,0.0,29.6,0.0,0.0,0.0,0.0
8,2,37.632557576048335,0.1052688,39.037922796731124,5.40163053187633,0.0,6.0,0.0,0.0,0.0,0.0,37.63255757604836,0.0,0.0,0.0,0.0
8,3,41.81954875949215,0.04812288,43.381274646780035,3.523552064882457,0.0,6.0,0.0,0.0,0.0,0.0,41.81954875949217,0.0,0.0,0.0,0.0
8,4,39.08264002692542,0.06454944,40.542157704282815,3.958918996214903,0.0,6.0,0.0,0.0,0.0,0.0,39.08264002692544,0.0,0.0,0.0,0.0
8,5,43.56239617987149,0.1147545599999999,45.1892076554684,6.681430414647908,0.0,6.0,0.0,0.0,0.0,0.0,43.562396179871506,0.0,0.0,0.0,0.0
8,6,14.8,0.10434336,15.352697095436028,2.110126273858968,0.0,2.0,0.0,0.0,0.0,0.0,14.8,0.0,0.0,0.0,0.0
8,7,37.0,0.19052496,38.38174273858968,8.583115684647407,0.0,5.0,0.0,0.0,0.0,0.0,37.0,0.0,0.0,0.0,0.0
8,8,31.09322336882093,0.31326144,32.25438108798912,11.171673879944677,0.0,6.0,0.0,0.0,0.0,0.0,31.09322336882095,0.0,0.0,0.0,0.0
8,9,43.80143397209251,0.33639744,45.437172170221054,16.788918797735924,0.0,6.0,0.0,0.0,0.0,0.0,43.801433972092525,0.0,0.0,0.0,0.0
8,10,7.4,0.40742496,7.676348547717749,3.3816231369294196,0.0,1.0,0.0,0.0,0.0,0.0,7.4,0.0,0.0,0.0,0.0
8,11,0.0,0.5436960000000001,0.0,0.0,0.0,0.0,0.0,0.0,0.0,0.0,0.0,0.0,0.0,0.0,0.0
8,12,0.0,0.5436960000000001,0.0,0.0,0.0,0.0,0.0,0.0,0.0,0.0,0.0,0.0,0.0,0.0,0.0
8,13,0.0,0.56636928,0.0,0.0,0.0,0.0,0.0,0.0,0.0,0.0,0.0,0.0,0.0,0.0,0.0
8,14,0.0,0.6351988799999999,0.0,0.0,0.0,0.0,0.0,0.0,0.0,0.0,0.0,0.0,0.0,0.0,0.0
8,15,22.200000000000003,0.7344523199999999,23.029045643151566,17.675997410786877,0.0,4.0,0.0,0.0,0.0,0.0,22.200000000000003,0.0,0.0,0.0,0.0
8,16,0.0,0.76476048,0.0,0.0,0.0,0.0,0.0,0.0,0.0,0.0,0.0,0.0,0.0,0.0,0.0
8,17,0.0,0.80038992,0.0,0.0,0.0,0.0,0.0,0.0,0.0,0.0,0.0,0.0,0.0,0.0,0.0
8,18,14.8,0.8087188799999999,15.352697095435897,12.924190273859098,0.0,2.0,0.0,0.0,0.0,0.0,14.8,0.0,0.0,0.0,0.0
8,19,43.80143397209251,0.75909216,45.437172170217664,35.99497156581662,0.0,6.0,0.0,0.0,0.0,0.0,43.80143397209252,0.0,0.0,0.0,0.0
8,20,43.801433972093484,0.7054166399999999,45.43717217022219,33.556107722254,0.0,6.0,0.0,0.0,0.0,0.0,43.801433972093484,0.0,0.0,0.0,0.0
8,21,7.4,0.66411888,7.676348547717986,5.35209513692956,0.0,1.0,0.0,0.0,0.0,0.0,7.4,0.0,0.0,0.0,0.0
8,22,22.12561953344808,0.5786313599999999,22.95188748283023,14.040389344438712,0.0,3.0,0.0,0.0,0.0,0.0,22.125619533448095,0.0,0.0,0.0,0.0
8,23,36.40143397209252,0.53548272,37.76082362250318,21.470151804723113,0.0,6.0,0.0,0.0,0.0,0.0,36.401433972092526,0.0,0.0,0.0,0.0
9,0,43.801433972092916,0.79865472,45.43717217022149,37.792582416034364,0.0,6.0,0.0,0.0,0.0,0.0,43.80143397209293,0.0,0.0,0.0,0.0
9,1,32.43794791361608,0.7447478399999998,33.649323561842614,26.174053650040378,0.0,7.0,0.0,0.0,0.0,0.0,32.4379479136161,0.0,0.0,0.0,0.0
9,2,43.45561613455232,0.69731904,45.07843997360249,32.92615085021637,0.0,6.0,0.0,0.0,0.0,0.0,43.45561613455233,0.0,0.0,0.0,0.0
9,3,43.80143397209251,0.45589488,45.43717217022059,22.218544552916356,0.0,6.0,0.0,0.0,0.0,0.0,43.801433972092525,0.0,0.0,0.0,0.0
9,4,22.200000000000003,0.5476291200000001,23.029045643153882,13.37363741078859,0.0,3.0,0.0,0.0,0.0,0.0,22.200000000000003,0.0,0.0,0.0,0.0
9,5,41.53989602189236,0.79807632,43.091178445947136,35.816367125165655,0.0,6.0,0.0,0.0,0.0,0.0,41.53989602189236,0.0,0.0,0.0,0.0
9,6,43.80143397209274,1.20955008,45.437172170221274,56.462505632299234,0.0,6.0,0.0,0.0,0.0,0.0,43.801433972092745,0.0,0.0,0.0,0.0
9,7,43.55138613413016,1.48486848,45.17778644619395,68.57845582149362,0.0,6.0,0.0,0.0,0.0,0.0,43.551386134130176,0.0,0.0,0.0,0.0
9,8,0.0,1.7041977599999998,0.0,0.0,0.0,0.0,0.0,0.0,0.0,0.0,0.0,0.0,0.0,0.0,0.0
9,9,3.596045000997782,1.86314208,3.7303371379645043,0.0,33.200000527884086,0.0,0.0,0.0,0.0,1.0,0.0,0.0,0.0,0.0,3.596045000997782
9,10,0.0,1.7830915199999997,0.0,0.0,0.0,0.0,0.0,0.0,0.0,0.0,0.0,0.0,0.0,0.0,0.0
9,11,0.0,1.79662608,0.0,0.0,0.0,0.0,0.0,0.0,0.0,0.0,0.0,0.0,0.0,0.0,0.0
9,12,0.0,1.57891632,0.0,0.0,0.0,0.0,0.0,0.0,0.0,0.0,0.0,0.0,0.0,0.0,0.0
9,13,0.0,1.54964928,0.0,0.0,0.0,0.0,0.0,0.0,0.0,0.0,0.0,0.0,0.0,0.0,0.0
9,14,0.07301479089420317,1.60934016,0.07574148433008628,0.0,0.6740992105377679,0.0,0.0,0.0,0.0,1.0,0.0,0.0,0.0,0.0,0.07301479089420317
9,15,14.8,1.6934395199999996,15.352697095436298,26.507038273859976,0.0,2.0,0.0,0.0,0.0,0.0,14.8,0.0,0.0,0.0,0.0
9,16,0.0,1.8144408,0.0,0.0,0.0,0.0,0.0,0.0,0.0,0.0,0.0,0.0,0.0,0.0,0.0
9,17,0.0,1.90501824,0.0,0.0,0.0,0.0,0.0,0.0,0.0,0.0,0.0,0.0,0.0,0.0,0.0
9,18,22.200000000000003,1.88951712,23.029045643153694,44.2760374107887,0.0,3.0,0.0,0.0,0.0,0.0,22.200000000000003,0.0,0.0,0.0,0.0
9,19,43.8014339720925,1.8242736,45.43717217022094,84.39380404762308,0.0,6.0,0.0,0.0,0.0,0.0,43.801433972092525,0.0,0.0,0.0,0.0
9,20,29.16654231646865,1.6781697599999998,30.255749290943,51.77574882773219,0.0,6.0,0.0,0.0,0.0,0.0,29.166542316468657,0.0,0.0,0.0,0.0
9,21,29.6,1.55728416,30.705394190871903,48.83337254771868,0.0,4.0,0.0,0.0,0.0,0.0,29.6,0.0,0.0,0.0,0.0
9,22,35.76939761805438,0.96986112,37.105184251094116,37.21505715428371,0.0,6.0,0.0,0.0,0.0,0.0,35.76939761805438,0.0,0.0,0.0,0.0
9,23,42.20973272727904,0.93226512,43.78602980008248,42.2695059122802,0.0,6.0,0.0,0.0,0.0,0.0,42.209732727279054,0.0,0.0,0.0,0.0
10,0,43.801433972092504,0.8797464,45.437172170221196,41.47715904176661,0.0,7.0,0.0,0.0,0.0,0.0,43.801433972092525,0.0,0.0,0.0,0.0
10,1,43.437630839501566,0.9248616,45.059783028531086,43.16554184566448,0.0,6.0,0.0,0.0,0.0,0.0,43.437630839501566,0.0,0.0,0.0,0.0
10,2,29.6,0.91178976,30.70539419087183,29.01321254771828,0.0,4.0,0.0,0.0,0.0,0.0,29.6,0.0,0.0,0.0,0.0
10,3,43.80143397209316,0.92613408,45.437172170222254,43.58488404450475,0.0,6.0,0.0,0.0,0.0,0.0,43.801433972093164,0.0,0.0,0.0,0.0
10,4,43.80143397209251,0.96199488,45.43717217022122,45.21429738826562,0.0,6.0,0.0,0.0,0.0,0.0,43.801433972092525,0.0,0.0,0.0,0.0
10,5,40.858699823336444,1.0529193600000002,42.38454338520413,46.030434681091634,0.0,7.0,0.0,0.0,0.0,0.0,40.85869982333645,0.0,0.0,0.0,0.0
10,6,37.0,1.5344952,38.381742738590404,60.167035684649164,0.0,5.0,0.0,0.0,0.0,0.0,37.0,0.0,0.0,0.0,0.0
10,7,14.8,1.73450592,15.352697095435643,27.137518273858845,0.0,2.0,0.0,0.0,0.0,0.0,14.8,0.0,0.0,0.0,0.0
10,8,0.0,1.85701104,0.0,0.0,0.0,0.0,0.0,0.0,0.0,0.0,0.0,0.0,0.0,0.0,0.0
10,9,0.0,1.80194736,0.0,0.0,0.0,0.0,0.0,0.0,0.0,0.0,0.0,0.0,0.0,0.0,0.0
10,10,0.0,1.73450592,0.0,0.0,0.0,0.0,0.0,0.0,0.0,0.0,0.0,0.0,0.0,0.0,0.0
10,11,0.0,1.64161488,0.0,0.0,0.0,0.0,0.0,0.0,0.0,0.0,0.0,0.0,0.0,0.0,0.0
10,12,0.0,1.6203297600000002,0.0,0.0,0.0,0.0,0.0,0.0,0.0,0.0,0.0,0.0,0.0,0.0,0.0
10,13,0.0,1.61917296,0.0,0.0,0.0,0.0,0.0,0.0,0.0,0.0,0.0,0.0,0.0,0.0,0.0
10,14,0.0,1.6417305599999996,0.0,0.0,0.0,0.0,0.0,0.0,0.0,0.0,0.0,0.0,0.0,0.0,0.0
10,15,41.86208134981093,1.64751456,43.42539559109075,72.98135210414692,0.0,6.0,0.0,0.0,0.0,0.0,41.86208134981096,0.0,0.0,0.0,0.0
10,16,0.0,1.61153808,0.0,0.0,0.0,0.0,0.0,0.0,0.0,0.0,0.0,0.0,0.0,0.0,0.0
10,17,7.4,1.65225744,7.676348547717986,12.937391136929701,0.0,1.0,0.0,0.0,0.0,0.0,7.4,0.0,0.0,0.0,0.0
10,18,29.416925272367948,1.58574144,30.515482647684227,49.39972787167214,0.0,4.0,0.0,0.0,0.0,0.0,29.416925272367955,0.0,0.0,0.0,0.0
10,19,41.46783098193261,1.4050492799999998,43.01642218042852,61.86403658695929,0.0,6.0,0.0,0.0,0.0,0.0,41.46783098193262,0.0,0.0,0.0,0.0
10,20,43.80143397209251,1.22204352,45.43717217022106,57.030172216577284,0.0,6.0,0.0,0.0,0.0,0.0,43.801433972092525,0.0,0.0,0.0,0.0
10,21,34.57793246546684,1.00097904,35.86922454923989,37.09161328742241,0.0,5.0,0.0,0.0,0.0,0.0,34.57793246546684,0.0,0.0,0.0,0.0
10,22,43.80143397209249,0.9179208,45.43717217022104,43.21169582706135,0.0,7.0,0.0,0.0,0.0,0.0,43.801433972092525,0.0,0.0,0.0,0.0
10,23,43.80143397209251,0.6451473600000001,45.437172170221444,30.81764207031817,0.0,6.0,0.0,0.0,0.0,0.0,43.80143397209252,0.0,0.0,0.0,0.0
11,0,42.919923909989464,0.48620304,44.52274264521801,23.120795604799348,0.0,6.0,0.0,0.0,0.0,0.0,42.91992390998947,0.0,0.0,0.0,0.0
11,1,22.200000000000003,0.32078064,23.029045643154053,8.149533410788568,0.0,3.0,0.0,0.0,0.0,0.0,22.200000000000003,0.0,0.0,0.0,0.0
11,2,43.80143397209251,0.29116656,45.43717217022143,14.733755515765441,0.0,6.0,0.0,0.0,0.0,0.0,43.801433972092525,0.0,0.0,0.0,0.0
11,3,20.123651452281177,0.26108976,20.875157108175742,6.141257459616517,0.0,3.0,0.0,0.0,0.0,0.0,20.123651452281177,0.0,0.0,0.0,0.0
11,4,36.40143397209252,0.2948683199999999,37.76082362250311,12.384353885288654,0.0,6.0,0.0,0.0,0.0,0.0,36.401433972092526,0.0,0.0,0.0,0.0
11,5,41.54550976805228,0.3077088,43.097001834079656,14.687837478670488,0.0,6.0,0.0,0.0,0.0,0.0,41.54550976805229,0.0,0.0,0.0,0.0
11,6,43.80143397209251,0.56151072,45.437172170221295,27.017429658899246,0.0,6.0,0.0,0.0,0.0,0.0,43.801433972092525,0.0,0.0,0.0,0.0
11,7,29.6,0.82699632,30.705394190871985,26.409596547718376,0.0,4.0,0.0,0.0,0.0,0.0,29.6,0.0,0.0,0.0,0.0
11,8,0.0,0.8411092799999998,0.0,0.0,0.0,0.0,0.0,0.0,0.0,0.0,0.0,0.0,0.0,0.0,0.0
11,9,0.0,0.8092972799999999,0.0,0.0,0.0,0.0,0.0,0.0,0.0,0.0,0.0,0.0,0.0,0.0,0.0
11,10,0.0,0.79691952,0.0,0.0,0.0,0.0,0.0,0.0,0.0,0.0,0.0,0.0,0.0,0.0,0.0
11,11,0.0,0.80154672,0.0,0.0,0.0,0.0,0.0,0.0,0.0,0.0,0.0,0.0,0.0,0.0,0.0
11,12,0.0,0.7965724799999999,0.0,0.0,0.0,0.0,0.0,0.0,0.0,0.0,0.0,0.0,0.0,0.0,0.0
11,13,0.0,0.7727423999999999,0.0,0.0,0.0,0.0,0.0,0.0,0.0,0.0,0.0,0.0,0.0,0.0,0.0
11,14,0.0,0.8042073599999999,0.0,0.0,0.0,0.0,0.0,0.0,0.0,0.0,0.0,0.0,0.0,0.0,0.0
11,15,37.0,0.8781268799999999,38.381742738589764,34.9744756846478,0.0,5.0,0.0,0.0,0.0,0.0,37.0,0.0,0.0,0.0,0.0
11,16,0.0,0.8888851200000001,0.0,0.0,0.0,0.0,0.0,0.0,0.0,0.0,0.0,0.0,0.0,0.0,0.0
11,17,7.4,0.85695744,7.676348547717948,6.832391136929555,0.0,1.0,0.0,0.0,0.0,0.0,7.4,0.0,0.0,0.0,0.0
11,18,43.80143397209251,0.86852544,45.43717217021933,40.96731035032976,0.0,6.0,0.0,0.0,0.0,0.0,43.801433972092525,0.0,0.0,0.0,0.0
11,19,27.72467343189396,0.7865083199999999,28.76003468038825,23.57196370753475,0.0,6.0,0.0,0.0,0.0,0.0,27.72467343189396,0.0,0.0,0.0,0.0
11,20,42.46868099988008,0.7537708799999999,44.05464834012506,34.665319907484744,0.0,6.0,0.0,0.0,0.0,0.0,42.46868099988008,0.0,0.0,0.0,0.0
11,21,37.0,0.6941956799999999,38.381742738589814,27.914875684647736,0.0,5.0,0.0,0.0,0.0,0.0,37.0,0.0,0.0,0.0,0.0
11,22,43.80143397209251,0.5773588799999999,45.43717217022138,27.73752523340051,0.0,6.0,0.0,0.0,0.0,0.0,43.801433972092525,0.0,0.0,0.0,0.0
11,23,38.414940499657305,0.50112576,39.84952333989364,21.288641891892425,0.0,6.0,0.0,0.0,0.0,0.0,38.41494049965731,0.0,0.0,0.0,0.0
12,0,37.0,0.2299718399999999,38.38174273859458,10.097155684648712,0.0,6.0,0.0,0.0,0.0,0.0,37.0,0.0,0.0,0.0,0.0
12,1,29.6,0.0642023999999999,30.70539419087183,2.9877085477178844,0.0,4.0,0.0,0.0,0.0,0.0,29.6,0.0,0.0,0.0,0.0
12,2,43.80143397209309,0.05425392,45.437172170221665,3.969115102783769,0.0,6.0,0.0,0.0,0.0,0.0,43.80143397209309,0.0,0.0,0.0,0.0
12,3,42.64761600880827,0.0011568,44.24026556930377,1.5155299295545255,0.0,6.0,0.0,0.0,0.0,0.0,42.64761600880827,0.0,0.0,0.0,0.0
12,4,39.308410209407015,0.03158064,40.776359138389616,2.6374410059408886,0.0,7.0,0.0,0.0,0.0,0.0,39.308410209407015,0.0,0.0,0.0,0.0
12,5,41.137964571138,0.28850592,42.67423710699026,13.724287285091744,0.0,6.0,0.0,0.0,0.0,0.0,41.137964571138006,0.0,0.0,0.0,0.0
12,6,43.202867944181534,0.41656368,44.81625305413069,20.152241272131644,0.0,6.0,0.0,0.0,0.0,0.0,43.202867944181534,0.0,0.0,0.0,0.0
12,7,14.8,0.6938486399999999,15.352697095435968,11.160622273859126,0.0,2.0,0.0,0.0,0.0,0.0,14.8,0.0,0.0,0.0,0.0
12,8,0.0,0.75400224,0.0,0.0,0.0,0.0,0.0,0.0,0.0,0.0,0.0,0.0,0.0,0.0,0.0
12,9,0.0,0.75226704,0.0,0.0,0.0,0.0,0.0,0.0,0.0,0.0,0.0,0.0,0.0,0.0,0.0
12,10,0.0,0.7669583999999999,0.0,0.0,0.0,0.0,0.0,0.0,0.0,0.0,0.0,0.0,0.0,0.0,0.0
12,11,0.0,0.77181696,0.0,0.0,0.0,0.0,0.0,0.0,0.0,0.0,0.0,0.0,0.0,0.0,0.0
12,12,0.0,0.7704287999999999,0.0,0.0,0.0,0.0,0.0,0.0,0.0,0.0,0.0,0.0,0.0,0.0,0.0
12,13,0.0,0.8195927999999999,0.0,0.0,0.0,0.0,0.0,0.0,0.0,0.0,0.0,0.0,0.0,0.0,0.0
12,14,0.0,0.85325568,0.0,0.0,0.0,0.0,0.0,0.0,0.0,0.0,0.0,0.0,0.0,0.0,0.0
12,15,22.200000000000003,1.07455152,23.029045643154355,25.508157410789295,0.0,3.0,0.0,0.0,0.0,0.0,22.200000000000003,0.0,0.0,0.0,0.0
12,16,0.0,1.1186256,0.0,0.0,0.0,0.0,0.0,0.0,0.0,0.0,0.0,0.0,0.0,0.0,0.0
12,17,0.0,1.27178592,0.0,0.0,0.0,0.0,0.0,0.0,0.0,0.0,0.0,0.0,0.0,0.0,0.0
12,18,17.151464093537363,1.34906016,17.79197520076501,24.59135929020539,0.0,3.0,0.0,0.0,0.0,0.0,17.151464093537363,0.0,0.0,0.0,0.0
12,19,43.801433972092305,1.13794416,45.437172170220805,53.20893511685159,0.0,6.0,0.0,0.0,0.0,0.0,43.801433972092305,0.0,0.0,0.0,0.0
12,20,43.80143397209251,0.85695744,45.437172170221274,40.441693142666395,0.0,6.0,0.0,0.0,0.0,0.0,43.801433972092525,0.0,0.0,0.0,0.0
12,21,37.0,0.8618159999999999,38.38174273858958,34.34843568464763,0.0,5.0,0.0,0.0,0.0,0.0,37.0,0.0,0.0,0.0,0.0
12,22,37.0,0.77320512,38.38174273858984,30.94739568464781,0.0,5.0,0.0,0.0,0.0,0.0,37.0,0.0,0.0,0.0,0.0
12,23,22.200000000000003,0.49152432,23.029045643153882,12.081597410788568,0.0,4.0,0.0,0.0,0.0,0.0,22.200000000000003,0.0,0.0,0.0,0.0
13,0,22.200000000000003,0.37757952,23.029045643153978,9.457557410788567,0.0,3.0,0.0,0.0,0.0,0.0,22.200000000000003,0.0,0.0,0.0,0.0
13,1,43.80143397209251,0.25299216,45.43717217022023,12.999218730470194,0.0,6.0,0.0,0.0,0.0,0.0,43.801433972092525,0.0,0.0,0.0,0.0
13,2,43.80143397209252,0.19133472,45.43717217022106,10.197679013615357,0.0,6.0,0.0,0.0,0.0,0.0,43.801433972092525,0.0,0.0,0.0,0.0
13,3,43.455963138688375,0.21354528,45.07879993639918,11.11847323237716,0.0,6.0,0.0,0.0,0.0,0.0,43.45596313868839,0.0,0.0,0.0,0.0
13,4,39.5405220622846,0.28711776,41.0171390687605,13.134416394206974,0.0,6.0,0.0,0.0,0.0,0.0,39.54052206228451,0.0,0.0,0.0,0.0
13,5,36.40143397209251,0.35074176,37.7608236225027,14.494180998311009,0.0,6.0,0.0,0.0,0.0,0.0,36.401433972092526,0.0,0.0,0.0,0.0
13,6,43.80143397209251,0.64884912,45.437172170220734,30.985839576770513,0.0,6.0,0.0,0.0,0.0,0.0,43.801433972092525,0.0,0.0,0.0,0.0
13,7,43.80143397209252,0.99218736,45.43717217022056,46.58615830027091,0.0,6.0,0.0,0.0,0.0,0.0,43.801433972092525,0.0,0.0,0.0,0.0
13,8,14.8,1.1059008,15.352697095435971,17.486734273859245,0.0,2.0,0.0,0.0,0.0,0.0,14.8,0.0,0.0,0.0,0.0
13,9,0.0,1.13632464,0.0,0.0,0.0,0.0,0.0,0.0,0.0,0.0,0.0,0.0,0.0,0.0,0.0
13,10,0.0,1.07096544,0.0,0.0,0.0,0.0,0.0,0.0,0.0,0.0,0.0,0.0,0.0,0.0,0.0
13,11,0.0,0.98247024,0.0,0.0,0.0,0.0,0.0,0.0,0.0,0.0,0.0,0.0,0.0,0.0,0.0
13,12,0.0,0.88529904,0.0,0.0,0.0,0.0,0.0,0.0,0.0,0.0,0.0,0.0,0.0,0.0,0.0
13,13,0.0,0.83254896,0.0,0.0,0.0,0.0,0.0,0.0,0.0,0.0,0.0,0.0,0.0,0.0,0.0
13,14,0.0,0.87176448,0.0,0.0,0.0,0.0,0.0,0.0,0.0,0.0,0.0,0.0,0.0,0.0,0.0
13,15,28.722760991298774,0.94649376,29.795395219189516,29.18738323345188,0.0,4.0,0.0,0.0,0.0,0.0,28.7227609912988,0.0,0.0,0.0,0.0
13,16,0.0,0.98686608,0.0,0.0,0.0,0.0,0.0,0.0,0.0,0.0,0.0,0.0,0.0,0.0,0.0
13,17,7.4,1.1209392,7.676348547717487,8.85880713692905,0.0,1.0,0.0,0.0,0.0,0.0,7.4,0.0,0.0,0.0,0.0
13,18,22.200000000000003,1.1128416,23.029045643153907,26.38994141078882,0.0,3.0,0.0,0.0,0.0,0.0,22.200000000000003,0.0,0.0,0.0,0.0
13,19,43.80143397209251,1.05349776,45.4371721702208,49.37192950089624,0.0,6.0,0.0,0.0,0.0,0.0,43.801433972092525,0.0,0.0,0.0,0.0
13,20,22.200000000000003,0.98258592,23.029045643154305,23.390277410789167,0.0,3.0,0.0,0.0,0.0,0.0,22.200000000000003,0.0,0.0,0.0,0.0
13,21,29.6,0.8894635200000001,30.705394190871907,28.32767654771834,0.0,4.0,0.0,0.0,0.0,0.0,29.6,0.0,0.0,0.0,0.0
13,22,42.20973272727859,0.88506768,43.786029800081906,40.20291739795208,0.0,6.0,0.0,0.0,0.0,0.0,42.209732727278606,0.0,0.0,0.0,0.0
13,23,43.80143397209252,0.7900944,45.43717217022097,37.40362568236174,0.0,6.0,0.0,0.0,0.0,0.0,43.801433972092525,0.0,0.0,0.0,0.0
14,0,37.79204477631063,0.5750452799999999,39.203365950530134,23.841341962927608,0.0,6.0,0.0,0.0,0.0,0.0,37.79204477631063,0.0,0.0,0.0,0.0
14,1,22.200000000000003,0.51176832,23.029045643154088,12.54779741078869,0.0,3.0,0.0,0.0,0.0,0.0,22.200000000000003,0.0,0.0,0.0,0.0
14,2,29.6,0.5253028799999999,30.705394190871907,17.14598054771814,0.0,5.0,0.0,0.0,0.0,0.0,29.6,0.0,0.0,0.0,0.0
14,3,22.200000000000003,0.488748,23.02904564314923,12.01766141078614,0.0,3.0,0.0,0.0,0.0,0.0,22.200000000000003,0.0,0.0,0.0,0.0
14,4,14.8,0.4823856,15.352697095435952,7.9140942738590585,0.0,2.0,0.0,0.0,0.0,0.0,14.8,0.0,0.0,0.0,0.0
14,5,25.33272529522749,0.48215424,26.278760679696646,13.540242862158978,0.0,4.0,0.0,0.0,0.0,0.0,25.332725295227355,0.0,0.0,0.0,0.0
14,6,43.80143397209252,0.5217168,45.437172170221,25.209306464531075,0.0,6.0,0.0,0.0,0.0,0.0,43.801433972092525,0.0,0.0,0.0,0.0
14,7,14.8,0.6177311999999999,15.352697095435467,9.992014273858778,0.0,3.0,0.0,0.0,0.0,0.0,14.8,0.0,0.0,0.0,0.0
14,8,40.8170100512157,0.62039184,42.34129673362707,27.66969191044394,0.0,6.0,0.0,0.0,0.0,0.0,40.81701005121571,0.0,0.0,0.0,0.0
14,9,37.344005956989555,0.65810352,38.738595391068365,26.776253494162233,0.0,6.0,0.0,0.0,0.0,0.0,37.344005956989555,0.0,0.0,0.0,0.0
14,10,17.293773120131497,0.77181696,17.93959867233579,14.43988722695656,0.0,3.0,0.0,0.0,0.0,0.0,17.293773120131394,0.0,0.0,0.0,0.0
14,11,0.0,0.7583980800000001,0.0,0.0,0.0,0.0,0.0,0.0,0.0,0.0,0.0,0.0,0.0,0.0,0.0
14,12,0.0,0.75643152,0.0,0.0,0.0,0.0,0.0,0.0,0.0,0.0,0.0,0.0,0.0,0.0,0.0
14,13,0.0,0.7251979199999999,0.0,0.0,0.0,0.0,0.0,0.0,0.0,0.0,0.0,0.0,0.0,0.0,0.0
14,14,0.0,0.7745932799999999,0.0,0.0,0.0,0.0,0.0,0.0,0.0,0.0,0.0,0.0,0.0,0.0,0.0
14,15,22.200000000000003,0.8556849599999999,23.029045643151136,20.467869410786257,0.0,4.0,0.0,0.0,0.0,0.0,22.200000000000003,0.0,0.0,0.0,0.0
14,16,0.0,0.8781268799999999,0.0,0.0,0.0,0.0,0.0,0.0,0.0,0.0,0.0,0.0,0.0,0.0,0.0
14,17,0.0,0.8517518399999999,0.0,0.0,0.0,0.0,0.0,0.0,0.0,0.0,0.0,0.0,0.0,0.0,0.0
14,18,0.0,0.80409168,0.0,0.0,0.0,0.0,0.0,0.0,0.0,0.0,0.0,0.0,0.0,0.0,0.0
14,19,41.466270663840604,0.72542928,43.01480359319611,32.627987998888464,0.0,6.0,0.0,0.0,0.0,0.0,41.466270663840604,0.0,0.0,0.0,0.0
14,20,27.22285864489759,0.5960990399999999,28.239479922093327,17.768253657080393,0.0,4.0,0.0,0.0,0.0,0.0,27.22285864489759,0.0,0.0,0.0,0.0
14,21,29.001433972092517,0.50529024,30.08447507478919,16.19718775578977,0.0,6.0,0.0,0.0,0.0,0.0,29.001433972092528,0.0,0.0,0.0,0.0
14,22,39.06694293365292,0.4632984,40.52587441250165,20.11697921696676,0.0,6.0,0.0,0.0,0.0,0.0,39.066942933652925,0.0,0.0,0.0,0.0
14,23,37.0,0.4085817599999999,38.38174273858988,16.952515684647594,0.0,5.0,0.0,0.0,0.0,0.0,37.0,0.0,0.0,0.0,0.0
15,0,43.80143397209251,0.3169631999999999,45.4371721702209,15.905881888858467,0.0,6.0,0.0,0.0,0.0,0.0,43.801433972092525,0.0,0.0,0.0,0.0
15,1,37.0,0.31499664,38.38174273858985,13.360555684647526,0.0,5.0,0.0,0.0,0.0,0.0,37.0,0.0,0.0,0.0,0.0
15,2,19.722739812333145,0.28087104,20.45927366424629,6.423619430008019,0.0,3.0,0.0,0.0,0.0,0.0,19.722739812333145,0.0,0.0,0.0,0.0
15,3,33.30722584022452,0.150384,34.55106414961104,6.339567454427231,0.0,6.0,0.0,0.0,0.0,0.0,33.307225840224525,0.0,0.0,0.0,0.0
15,4,13.371764806964181,0.09231264,13.871125318427717,1.7396144459548606,0.0,3.0,0.0,0.0,0.0,0.0,13.371764806964181,0.0,0.0,0.0,0.0
15,5,37.57929239462144,0.0561047999999999,38.98266845915146,3.4774411433649104,0.0,6.0,0.0,0.0,0.0,0.0,37.57929239462145,0.0,0.0,0.0,0.0
15,6,21.85669784286996,0.0699863999999999,22.672923073516813,2.337270017125781,0.0,3.0,0.0,0.0,0.0,0.0,21.85669784286996,0.0,0.0,0.0,0.0
15,7,43.801433972089235,0.11672112,45.437172170217636,6.807448024174837,0.0,6.0,0.0,0.0,0.0,0.0,43.801433972089136,0.0,0.0,0.0,0.0
15,8,14.8,0.1622990399999999,15.35269709543994,2.999902273859751,0.0,3.0,0.0,0.0,0.0,0.0,14.8,0.0,0.0,0.0,0.0
15,9,43.801433972093015,0.22060176,45.43717217022154,11.527490549008222,0.0,6.0,0.0,0.0,0.0,0.0,43.801433972093015,0.0,0.0,0.0,0.0
15,10,7.4,0.20625744,7.676348547717948,1.8373911369294857,0.0,1.0,0.0,0.0,0.0,0.0,7.4,0.0,0.0,0.0,0.0
15,11,0.0,0.1353455999999999,0.0,0.0,0.0,0.0,0.0,0.0,0.0,0.0,0.0,0.0,0.0,0.0,0.0
15,12,0.0,0.0801662399999999,0.0,0.0,0.0,0.0,0.0,0.0,0.0,0.0,0.0,0.0,0.0,0.0,0.0
15,13,0.0,0.06987072,0.0,0.0,0.0,0.0,0.0,0.0,0.0,0.0,0.0,0.0,0.0,0.0,0.0
15,14,0.0,0.0704491199999999,0.0,0.0,0.0,0.0,0.0,0.0,0.0,0.0,0.0,0.0,0.0,0.0,0.0
15,15,43.80143397209252,0.2209488,45.43717217022106,11.543259065238056,0.0,6.0,0.0,0.0,0.0,0.0,43.801433972092525,0.0,0.0,0.0,0.0
15,16,0.0,0.31731024,0.0,0.0,0.0,0.0,0.0,0.0,0.0,0.0,0.0,0.0,0.0,0.0,0.0
15,17,0.0,0.3574511999999999,0.0,0.0,0.0,0.0,0.0,0.0,0.0,0.0,0.0,0.0,0.0,0.0,0.0
15,18,14.8,0.31939248,15.352697095435897,5.411710273858996,0.0,2.0,0.0,0.0,0.0,0.0,14.8,0.0,0.0,0.0,0.0
15,19,37.185099653252415,0.2996112,38.573754827025866,12.833920257005568,0.0,6.0,0.0,0.0,0.0,0.0,37.185099653252415,0.0,0.0,0.0,0.0
15,20,14.8,0.14425296,15.352697095437051,2.7228462738591634,0.0,2.0,0.0,0.0,0.0,0.0,14.8,0.0,0.0,0.0,0.0
15,21,43.40363037695478,0.24049872,45.024512839165325,12.3186490814192,0.0,6.0,0.0,0.0,0.0,0.0,43.40363037695478,0.0,0.0,0.0,0.0
15,22,43.205654625892436,0.35907072,44.81914380279375,17.576755894925164,0.0,6.0,0.0,0.0,0.0,0.0,43.20565462589245,0.0,0.0,0.0,0.0
15,23,22.200000000000003,0.37457184,23.02904564315394,9.38829341078855,0.0,3.0,0.0,0.0,0.0,0.0,22.200000000000003,0.0,0.0,0.0,0.0
16,0,37.0,0.4089288,38.38174273859131,16.965835684648233,0.0,5.0,0.0,0.0,0.0,0.0,37.0,0.0,0.0,0.0,0.0
16,1,19.707521847837373,0.41795184,20.443487394022384,9.221072605090601,0.0,3.0,0.0,0.0,0.0,0.0,19.707521847837373,0.0,0.0,0.0,0.0
16,2,37.0,0.41795184,38.381742738589864,17.3121556846476,0.0,5.0,0.0,0.0,0.0,0.0,37.0,0.0,0.0,0.0,0.0
16,3,42.665490559437075,0.44617776,44.25880763427147,21.21226218322453,0.0,6.0,0.0,0.0,0.0,0.0,42.665490559437075,0.0,0.0,0.0,0.0
16,4,42.098525996922426,0.48365808,43.670670121289255,22.5671716441908,0.0,6.0,0.0,0.0,0.0,0.0,42.098525996922426,0.0,0.0,0.0,0.0
16,5,35.408298755186635,0.52738512,36.73060036845327,20.586954955184577,0.0,5.0,0.0,0.0,0.0,0.0,35.408298755186635,0.0,0.0,0.0,0.0
16,6,29.6,0.77285808,30.70539419087416,24.74726054772009,0.0,4.0,0.0,0.0,0.0,0.0,29.6,0.0,0.0,0.0,0.0
16,7,29.6,1.00213584,30.70539419087221,31.78732454771871,0.0,4.0,0.0,0.0,0.0,0.0,29.6,0.0,0.0,0.0,0.0
16,8,0.41838949530808284,1.03348512,0.43401399928224366,0.0,3.8627245936119685,0.0,0.0,0.0,0.0,1.0,0.0,0.0,0.0,0.0,0.41838949530808284
16,9,0.0,1.05222528,0.0,0.0,0.0,0.0,0.0,0.0,0.0,0.0,0.0,0.0,0.0,0.0,0.0
16,10,0.0,1.14210864,0.0,0.0,0.0,0.0,0.0,0.0,0.0,0.0,0.0,0.0,0.0,0.0,0.0
16,11,0.0,1.1496278400000002,0.0,0.0,0.0,0.0,0.0,0.0,0.0,0.0,0.0,0.0,0.0,0.0,0.0
16,12,1.6043692434223535,1.0411199999999998,1.664283447533562,0.0,14.812122683048702,0.0,0.0,0.0,0.0,1.0,0.0,0.0,0.0,0.0,1.6043692434223535
16,13,0.0,1.2713232,0.0,0.0,0.0,0.0,0.0,0.0,0.0,0.0,0.0,0.0,0.0,0.0,0.0
16,14,0.0,1.58319648,0.0,0.0,0.0,0.0,0.0,0.0,0.0,0.0,0.0,0.0,0.0,0.0,0.0
16,15,30.59646370359646,1.6330545599999997,31.73907023194783,52.88219659712013,0.0,5.0,0.0,0.0,0.0,0.0,30.59646370359646,0.0,0.0,0.0,0.0
16,16,0.0,1.6905475199999995,0.0,0.0,0.0,0.0,0.0,0.0,0.0,0.0,0.0,0.0,0.0,0.0,0.0
16,17,0.0,1.5027988799999998,0.0,0.0,0.0,0.0,0.0,0.0,0.0,0.0,0.0,0.0,0.0,0.0,0.0
16,18,43.80143397209251,1.0285108799999998,45.43717217022284,48.23659633234176,0.0,6.0,0.0,0.0,0.0,0.0,43.801433972092525,0.0,0.0,0.0,0.0
16,19,37.92350673117369,0.92590272,39.33973727300224,37.72691504889453,0.0,6.0,0.0,0.0,0.0,0.0,37.92350673117369,0.0,0.0,0.0,0.0
16,20,43.80143397209252,0.7624468799999999,45.43717217022108,36.147400556042214,0.0,6.0,0.0,0.0,0.0,0.0,43.801433972092525,0.0,0.0,0.0,0.0
16,21,42.79108995428879,0.69049392,44.389097462955505,32.11968103848203,0.0,7.0,0.0,0.0,0.0,0.0,42.7910899542888,0.0,0.0,0.0,0.0
16,22,43.80143397209251,0.59274432,45.43717217022099,28.43659611959488,0.0,6.0,0.0,0.0,0.0,0.0,43.801433972092525,0.0,0.0,0.0,0.0
16,23,36.9425683268686,0.5381433600000001,38.3221663141794,21.891283047790658,0.0,6.0,0.0,0.0,0.0,0.0,36.9425683268686,0.0,0.0,0.0,0.0
17,0,43.80143397209251,0.54519984,45.437172170221444,26.276309396091513,0.0,6.0,0.0,0.0,0.0,0.0,43.801433972092525,0.0,0.0,0.0,0.0
17,1,22.200000000000003,0.49672992,23.029045643154152,12.201477410788712,0.0,3.0,0.0,0.0,0.0,0.0,22.200000000000003,0.0,0.0,0.0,0.0
17,2,42.95619012091066,0.4875912,44.56036319596595,23.202188984943344,0.0,6.0,0.0,0.0,0.0,0.0,42.95619012091067,0.0,0.0,0.0,0.0
17,3,39.51454868355867,0.4719744,40.99019572983343,20.703098514128182,0.0,6.0,0.0,0.0,0.0,0.0,39.51454868355867,0.0,0.0,0.0,0.0
17,4,43.80143397209251,0.4814601599999999,45.43717217022112,23.380158581856524,0.0,6.0,0.0,0.0,0.0,0.0,43.801433972092525,0.0,0.0,0.0,0.0
17,5,43.80143397209284,0.529236,45.437172170221395,25.55095764951362,0.0,6.0,0.0,0.0,0.0,0.0,43.80143397209284,0.0,0.0,0.0,0.0
17,6,43.80143397209251,0.69604656,45.43717217022243,33.130357784045415,0.0,6.0,0.0,0.0,0.0,0.0,43.801433972092525,0.0,0.0,0.0,0.0
17,7,36.68580884257164,0.81982416,38.05581830142323,32.45872685785404,0.0,6.0,0.0,0.0,0.0,0.0,36.68580884257166,0.0,0.0,0.0,0.0
17,8,7.4,0.8487441600000001,7.676348547717989,6.76934313692959,0.0,1.0,0.0,0.0,0.0,0.0,7.4,0.0,0.0,0.0,0.0
17,9,3.7252899227390404,0.8400681600000001,3.8644086335467227,0.0,34.393236838565834,0.0,0.0,0.0,0.0,1.0,0.0,0.0,0.0,0.0,3.7252899227390404
17,10,0.0,0.8554536,0.0,0.0,0.0,0.0,0.0,0.0,0.0,0.0,0.0,0.0,0.0,0.0,0.0
17,11,0.0,0.8809032000000001,0.0,0.0,0.0,0.0,0.0,0.0,0.0,0.0,0.0,0.0,0.0,0.0,0.0
17,12,0.8236492425776466,0.92497728,0.8544079279851107,0.0,7.604230559067485,0.0,0.0,0.0,0.0,1.0,0.0,0.0,0.0,0.0,0.8236492425776466
17,13,0.0,0.86887248,0.0,0.0,0.0,0.0,0.0,0.0,0.0,0.0,0.0,0.0,0.0,0.0,0.0
17,14,0.0,0.83532528,0.0,0.0,0.0,0.0,0.0,0.0,0.0,0.0,0.0,0.0,0.0,0.0,0.0
17,15,22.200000000000003,0.8741937599999999,23.029045643153523,20.894109410788378,0.0,3.0,0.0,0.0,0.0,0.0,22.200000000000003,0.0,0.0,0.0,0.0
17,16,0.0,0.87951504,0.0,0.0,0.0,0.0,0.0,0.0,0.0,0.0,0.0,0.0,0.0,0.0,0.0
17,17,7.4,0.88564608,7.676348547717948,7.052615136929558,0.0,1.0,0.0,0.0,0.0,0.0,7.4,0.0,0.0,0.0,0.0
17,18,43.80143397209251,0.84978528,45.437172170221054,40.11581047391382,0.0,6.0,0.0,0.0,0.0,0.0,43.801433972092525,0.0,0.0,0.0,0.0
17,19,43.560863842131766,0.77725392,45.187618093498,33.1607264198643,37.97033478312316,6.0,0.0,0.0,0.0,1.0,39.44812196225192,0.0,0.0,0.0,4.112741879879856
17,20,43.80143397209037,0.69569952,45.43717217021806,33.11458926781228,0.0,6.0,0.0,0.0,0.0,0.0,43.80143397209037,0.0,0.0,0.0,0.0
17,21,43.20286794418521,0.62154864,44.816253054134535,29.338899111785018,0.0,6.0,0.0,0.0,0.0,0.0,43.202867944185215,0.0,0.0,0.0,0.0
17,22,38.68584273957307,0.54855456,40.13054226096995,23.342112901365883,0.0,6.0,0.0,0.0,0.0,0.0,38.68584273957307,0.0,0.0,0.0,0.0
17,23,42.808298755186705,0.50135712,44.4069489161692,23.73361002572291,0.0,6.0,0.0,0.0,0.0,0.0,42.80829875518672,0.0,0.0,0.0,0.0
18,0,43.80143397209,0.4609848,45.437172170218545,22.44981612428799,0.0,6.0,0.0,0.0,0.0,0.0,43.80143397209,0.0,0.0,0.0,0.0
18,1,38.35754149498803,0.44814432,39.78998080392974,19.14870225480022,0.0,7.0,0.0,0.0,0.0,0.0,38.35754149498792,0.0,0.0,0.0,0.0
18,2,43.80143397209251,0.44756592,45.43717217022104,21.840100163397693,0.0,6.0,0.0,0.0,0.0,0.0,43.80143397209252,0.0,0.0,0.0,0.0
18,3,37.0,0.44328576,38.381742738589814,18.28451568464759,0.0,5.0,0.0,0.0,0.0,0.0,37.0,0.0,0.0,0.0,0.0
18,4,43.80143397209248,0.4939536,45.43717217022092,23.94782516613475,0.0,7.0,0.0,0.0,0.0,0.0,43.80143397209251,0.0,0.0,0.0,0.0
18,5,41.90629429855302,0.60234576,43.47125964580253,27.623627623784323,0.0,7.0,0.0,0.0,0.0,0.0,41.90629429855289,0.0,0.0,0.0,0.0
18,6,43.80143397209251,0.7727423999999999,45.437172170221444,36.61519987086445,0.0,6.0,0.0,0.0,0.0,0.0,43.801433972092525,0.0,0.0,0.0,0.0
18,7,37.0,0.92509296,38.38174273859228,36.77711568465024,0.0,5.0,0.0,0.0,0.0,0.0,37.0,0.0,0.0,0.0,0.0
18,8,14.8,0.95505408,15.352697095436126,15.170830273859357,0.0,2.0,0.0,0.0,0.0,0.0,14.8,0.0,0.0,0.0,0.0
18,9,0.0,0.95447568,0.0,0.0,0.0,0.0,0.0,0.0,0.0,0.0,0.0,0.0,0.0,0.0,0.0
18,10,0.0,1.04019456,0.0,0.0,0.0,0.0,0.0,0.0,0.0,0.0,0.0,0.0,0.0,0.0,0.0
18,11,0.0,1.1446536,0.0,0.0,0.0,0.0,0.0,0.0,0.0,0.0,0.0,0.0,0.0,0.0,0.0
18,12,0.0,1.27167024,0.0,0.0,0.0,0.0,0.0,0.0,0.0,0.0,0.0,0.0,0.0,0.0,0.0
18,13,0.0,1.38283872,0.0,0.0,0.0,0.0,0.0,0.0,0.0,0.0,0.0,0.0,0.0,0.0,0.0
18,14,0.0,1.43049888,0.0,0.0,0.0,0.0,0.0,0.0,0.0,0.0,0.0,0.0,0.0,0.0,0.0
18,15,43.8014339720925,1.5362304,45.43717217022062,71.30593557676119,0.0,6.0,0.0,0.0,0.0,0.0,43.801433972092525,0.0,0.0,0.0,0.0
18,16,0.0,1.6568846399999997,0.0,0.0,0.0,0.0,0.0,0.0,0.0,0.0,0.0,0.0,0.0,0.0,0.0
18,17,7.4,1.7222438400000002,7.676348547717948,13.474631136929647,0.0,1.0,0.0,0.0,0.0,0.0,7.4,0.0,0.0,0.0,0.0
18,18,14.8,1.59036864,15.352697095437401,24.924622273861708,0.0,2.0,0.0,0.0,0.0,0.0,14.8,0.0,0.0,0.0,0.0
18,19,43.80143397208963,1.47075552,45.437172170217934,68.3309421813726,0.0,6.0,0.0,0.0,0.0,0.0,43.80143397208963,0.0,0.0,0.0,0.0
18,20,37.30381160225654,1.39938096,38.69690000234452,55.432572464382474,0.0,6.0,0.0,0.0,0.0,0.0,37.30381160225654,0.0,0.0,0.0,0.0
18,21,43.28887598482444,1.3870032,44.90547301330505,63.77040592370814,0.0,7.0,0.0,0.0,0.0,0.0,43.28887598482444,0.0,0.0,0.0,0.0
18,22,43.584666988240684,0.95193072,45.21231015377661,44.535514423637885,0.0,6.0,0.0,0.0,0.0,0.0,43.58466698824069,0.0,0.0,0.0,0.0
18,23,43.80143397209251,0.87650736,45.43717217022279,41.329986223621816,0.0,6.0,0.0,0.0,0.0,0.0,43.80143397209252,0.0,0.0,0.0,0.0
19,0,43.35760250718188,0.96662208,44.97676608628876,44.96426614345806,0.0,6.0,0.0,0.0,0.0,0.0,43.35760250718179,0.0,0.0,0.0,0.0
19,1,36.40518053770729,0.96106944,37.76471010135678,37.54452069322822,0.0,6.0,0.0,0.0,0.0,0.0,36.40518053770729,0.0,0.0,0.0,0.0
19,2,43.80143397209251,0.9566736,45.43717217022102,44.972513472739465,0.0,6.0,0.0,0.0,0.0,0.0,43.801433972092525,0.0,0.0,0.0,0.0
19,3,43.26333178139641,0.98235456,44.87897487696785,45.57255968694245,0.0,7.0,0.0,0.0,0.0,0.0,43.26333178139643,0.0,0.0,0.0,0.0
19,4,39.03247975126074,1.07397312,40.49012422329987,44.825528153076164,0.0,6.0,0.0,0.0,0.0,0.0,39.03247975126075,0.0,0.0,0.0,0.0
19,5,42.92221748018962,1.21417728,44.52512186741708,55.535172894460494,0.0,6.0,0.0,0.0,0.0,0.0,42.92221748018964,0.0,0.0,0.0,0.0
19,6,43.80143397209251,1.3675689599999998,45.43717217022113,63.64243668900457,0.0,6.0,0.0,0.0,0.0,0.0,43.801433972092525,0.0,0.0,0.0,0.0
19,7,7.4,1.73080416,7.676348547718538,13.540343136930687,0.0,1.0,0.0,0.0,0.0,0.0,7.4,0.0,0.0,0.0,0.0
19,8,0.0,1.85007024,0.0,0.0,0.0,0.0,0.0,0.0,0.0,0.0,0.0,0.0,0.0,0.0,0.0
19,9,0.0,1.80321984,0.0,0.0,0.0,0.0,0.0,0.0,0.0,0.0,0.0,0.0,0.0,0.0,0.0
19,10,19.878337159235787,1.79084208,20.620681700452064,0.0,183.52406713402337,0.0,0.0,0.0,0.0,1.0,0.0,0.0,0.0,0.0,19.878337159235787
19,11,0.0,1.60367184,0.0,0.0,0.0,0.0,0.0,0.0,0.0,0.0,0.0,0.0,0.0,0.0,0.0
19,12,0.0,1.69436496,0.0,0.0,0.0,0.0,0.0,0.0,0.0,0.0,0.0,0.0,0.0,0.0,0.0
19,13,0.0,1.74861888,0.0,0.0,0.0,0.0,0.0,0.0,0.0,0.0,0.0,0.0,0.0,0.0,0.0
19,14,0.0,1.7970887999999998,0.0,0.0,0.0,0.0,0.0,0.0,0.0,0.0,0.0,0.0,0.0,0.0,0.0
19,15,37.23606343260097,1.97037744,38.62662181805115,77.38756539587727,0.0,6.0,0.0,0.0,0.0,0.0,37.23606343260102,0.0,0.0,0.0,0.0
19,16,0.0,2.0860574400000003,0.0,0.0,0.0,0.0,0.0,0.0,0.0,0.0,0.0,0.0,0.0,0.0,0.0
19,17,0.0,2.00994,0.0,0.0,0.0,0.0,0.0,0.0,0.0,0.0,0.0,0.0,0.0,0.0,0.0
19,18,22.200000000000003,1.81166448,23.029045643153765,42.48316541078882,0.0,3.0,0.0,0.0,0.0,0.0,22.200000000000003,0.0,0.0,0.0,0.0
19,19,36.29235295317188,1.7531304,37.64766903856036,67.24741092581527,0.0,6.0,0.0,0.0,0.0,0.0,36.292352953171886,0.0,0.0,0.0,0.0
19,20,43.80143397209251,1.6848792,45.43717217022109,78.06011669525869,0.0,6.0,0.0,0.0,0.0,0.0,43.80143397209252,0.0,0.0,0.0,0.0
19,21,36.215072536604204,1.66185888,37.56750263133241,63.67537218440023,0.0,6.0,0.0,0.0,0.0,0.0,36.215072536604204,0.0,0.0,0.0,0.0
19,22,43.80143397209251,1.376592,45.43717217022136,64.05241811098368,0.0,6.0,0.0,0.0,0.0,0.0,43.801433972092525,0.0,0.0,0.0,0.0
19,23,43.8014339720925,1.2286372799999998,45.43717217022245,57.32977402494816,0.0,7.0,0.0,0.0,0.0,0.0,43.801433972092525,0.0,0.0,0.0,0.0
20,0,43.55099785140543,1.13239152,45.17738366328419,52.65385755534427,0.0,6.0,0.0,0.0,0.0,0.0,43.55099785140544,0.0,0.0,0.0,0.0
20,1,23.71114178742038,1.04031024,24.596620111432145,26.402263897001202,0.0,4.0,0.0,0.0,0.0,0.0,23.71114178742038,0.0,0.0,0.0,0.0
20,2,39.74593217321219,0.97738032,41.230220096694566,41.662325996978346,0.0,6.0,0.0,0.0,0.0,0.0,39.7459321732122,0.0,0.0,0.0,0.0
20,3,43.80143397209252,0.95655792,45.43717217022256,44.96725730066434,0.0,6.0,0.0,0.0,0.0,0.0,43.801433972092525,0.0,0.0,0.0,0.0
20,4,29.6,0.97321584,30.705394190872326,30.899324547718805,0.0,4.0,0.0,0.0,0.0,0.0,29.6,0.0,0.0,0.0,0.0
20,5,37.35771089384003,1.0405416,38.752812130541045,41.6066312203335,0.0,6.0,0.0,0.0,0.0,0.0,37.35771089384004,0.0,0.0,0.0,0.0
20,6,41.236465228077066,1.72802784,42.776416211699676,75.33473748585162,0.0,6.0,0.0,0.0,0.0,0.0,41.23646522807708,0.0,0.0,0.0,0.0
20,7,29.6,1.73450592,30.705394190874006,54.2750365477225,0.0,4.0,0.0,0.0,0.0,0.0,29.6,0.0,0.0,0.0,0.0
20,8,7.4,1.7571792,7.676348547717948,13.742807136929649,0.0,1.0,0.0,0.0,0.0,0.0,7.4,0.0,0.0,0.0,0.0
20,9,0.0,1.85076432,0.0,0.0,0.0,0.0,0.0,0.0,0.0,0.0,0.0,0.0,0.0,0.0,0.0
20,10,0.0,2.34899808,0.0,0.0,0.0,0.0,0.0,0.0,0.0,0.0,0.0,0.0,0.0,0.0,0.0
20,11,0.0,2.23308672,0.0,0.0,0.0,0.0,0.0,0.0,0.0,0.0,0.0,0.0,0.0,0.0,0.0
20,12,0.0,1.75185792,0.0,0.0,0.0,0.0,0.0,0.0,0.0,0.0,0.0,0.0,0.0,0.0,0.0
20,13,0.0,1.73196096,0.0,0.0,0.0,0.0,0.0,0.0,0.0,0.0,0.0,0.0,0.0,0.0,0.0
20,14,0.0,1.75417152,0.0,0.0,0.0,0.0,0.0,0.0,0.0,0.0,0.0,0.0,0.0,0.0,0.0
20,15,27.809977015493423,1.73126688,28.84852387499358,50.899380061927936,0.0,4.0,0.0,0.0,0.0,0.0,27.809977015493423,0.0,0.0,0.0,0.0
20,16,0.0,1.73161392,0.0,0.0,0.0,0.0,0.0,0.0,0.0,0.0,0.0,0.0,0.0,0.0,0.0
20,17,7.4,1.75960848,7.676348547717986,13.761455136929717,0.0,1.0,0.0,0.0,0.0,0.0,7.4,0.0,0.0,0.0,0.0
20,18,20.847936473772833,1.78656192,21.62649011802182,39.35290053102061,0.0,3.0,0.0,0.0,0.0,0.0,20.84793647377284,0.0,0.0,0.0,0.0
20,19,42.808298755186705,1.732308,44.406948916169384,78.39638287219677,0.0,6.0,0.0,0.0,0.0,0.0,42.80829875518672,0.0,0.0,0.0,0.0
20,20,36.1446974888442,1.12464096,37.49449946975313,43.408917810831475,0.0,6.0,0.0,0.0,0.0,0.0,36.144697488844216,0.0,0.0,0.0,0.0
20,21,25.03039328022185,1.0359143999999998,25.965138257491937,27.75710669524978,0.0,4.0,0.0,0.0,0.0,0.0,25.03039328022185,0.0,0.0,0.0,0.0
20,22,22.200000000000003,0.94013136,23.029045643153957,22.412589410788797,0.0,3.0,0.0,0.0,0.0,0.0,22.200000000000003,0.0,0.0,0.0,0.0
20,23,43.80143397209251,0.8671372799999999,45.43717217022106,40.90423628541149,0.0,6.0,0.0,0.0,0.0,0.0,43.801433972092525,0.0,0.0,0.0,0.0
21,0,43.80143397209251,0.7954156800000001,45.4371721702229,37.645409597889305,0.0,6.0,0.0,0.0,0.0,0.0,43.801433972092525,0.0,0.0,0.0,0.0
21,1,43.80143397209251,0.7748246400000001,45.43717217022335,36.70981096824572,0.0,6.0,0.0,0.0,0.0,0.0,43.801433972092525,0.0,0.0,0.0,0.0
21,2,38.90131314948022,0.7796832,40.35405928369517,32.79910143759147,0.0,6.0,0.0,0.0,0.0,0.0,38.90131314948023,0.0,0.0,0.0,0.0
21,3,43.80143397209251,0.7926393599999999,45.437172170220805,37.51926146804793,0.0,6.0,0.0,0.0,0.0,0.0,43.801433972092525,0.0,0.0,0.0,0.0
21,4,43.80143397209251,0.8007369599999999,45.437172170221096,37.887193513413756,0.0,6.0,0.0,0.0,0.0,0.0,43.801433972092525,0.0,0.0,0.0,0.0
21,5,22.200000000000003,0.80663664,23.02904564315366,19.338333410788493,0.0,3.0,0.0,0.0,0.0,0.0,22.200000000000003,0.0,0.0,0.0,0.0
21,6,13.042596527056132,0.8087188799999999,13.529664447153806,11.389526971678835,0.0,2.0,0.0,0.0,0.0,0.0,13.042596527056132,0.0,0.0,0.0,0.0
21,7,43.801433972092894,1.11492384,45.43717217022134,52.16295687359863,0.0,6.0,0.0,0.0,0.0,0.0,43.80143397209291,0.0,0.0,0.0,0.0
21,8,39.33387462922888,1.65237312,40.80277451164806,68.77197966080394,0.0,6.0,0.0,0.0,0.0,0.0,39.333874629228895,0.0,0.0,0.0,0.0
21,9,43.80143397209252,1.92422112,45.43717217022102,88.93513672184983,0.0,6.0,0.0,0.0,0.0,0.0,43.801433972092525,0.0,0.0,0.0,0.0
21,10,0.0,1.86580272,0.0,0.0,0.0,0.0,0.0,0.0,0.0,0.0,0.0,0.0,0.0,0.0,0.0
21,11,0.0,1.7574105599999998,0.0,0.0,0.0,0.0,0.0,0.0,0.0,0.0,0.0,0.0,0.0,0.0,0.0
21,12,0.0,1.6529515199999998,0.0,0.0,0.0,0.0,0.0,0.0,0.0,0.0,0.0,0.0,0.0,0.0,0.0
21,13,0.0,1.5161020799999998,0.0,0.0,0.0,0.0,0.0,0.0,0.0,0.0,0.0,0.0,0.0,0.0,0.0
21,14,0.0,1.51795296,0.0,0.0,0.0,0.0,0.0,0.0,0.0,0.0,0.0,0.0,0.0,0.0,0.0
21,15,22.200000000000003,1.5343795199999994,23.029045643154305,36.09755741078959,0.0,3.0,0.0,0.0,0.0,0.0,22.200000000000003,0.0,0.0,0.0,0.0
21,16,0.0,1.6283116799999997,0.0,0.0,0.0,0.0,0.0,0.0,0.0,0.0,0.0,0.0,0.0,0.0,0.0
21,17,0.0,2.01190656,0.0,0.0,0.0,0.0,0.0,0.0,0.0,0.0,0.0,0.0,0.0,0.0,0.0
21,18,7.4,2.0197728,7.6763485477180256,15.75856713692984,0.0,1.0,0.0,0.0,0.0,0.0,7.4,0.0,0.0,0.0,0.0
21,19,43.8014339720925,1.62044544,45.437172170220975,75.13242884856379,0.0,6.0,0.0,0.0,0.0,0.0,43.80143397209252,0.0,0.0,0.0,0.0
21,20,38.51289628010374,1.55601168,39.95113722002527,63.48681878562489,0.0,6.0,0.0,0.0,0.0,0.0,38.51289628010374,0.0,0.0,0.0,0.0
21,21,42.24807867578366,1.4962051200000002,43.825807754962476,67.02303218779981,0.0,6.0,0.0,0.0,0.0,0.0,42.248078675783674,0.0,0.0,0.0,0.0
21,22,29.77126086442086,1.24784016,30.883050689233137,39.55933989115441,0.0,5.0,0.0,0.0,0.0,0.0,29.77126086442086,0.0,0.0,0.0,0.0
21,23,43.80143397209252,1.04019456,45.43717217022338,48.76746971208413,0.0,6.0,0.0,0.0,0.0,0.0,43.801433972092525,0.0,0.0,0.0,0.0
22,0,22.200000000000003,0.9184992,23.02904564315398,21.914421410788815,0.0,3.0,0.0,0.0,0.0,0.0,22.200000000000003,0.0,0.0,0.0,0.0
22,1,43.80143397209251,0.91583856,45.43717217022109,43.11708472968168,0.0,6.0,0.0,0.0,0.0,0.0,43.801433972092525,0.0,0.0,0.0,0.0
22,2,14.8,0.84515808,15.352697095435897,13.483630273859108,0.0,2.0,0.0,0.0,0.0,0.0,14.8,0.0,0.0,0.0,0.0
22,3,43.801433972091914,0.8265336,45.43717217022044,39.05931988650641,0.0,6.0,0.0,0.0,0.0,0.0,43.801433972091914,0.0,0.0,0.0,0.0
22,4,29.6,0.80987568,30.705394190881787,25.883900547726626,0.0,4.0,0.0,0.0,0.0,0.0,29.6,0.0,0.0,0.0,0.0
22,5,20.78389605994532,0.72404112,21.560058153470496,16.32400657758378,0.0,4.0,0.0,0.0,0.0,0.0,20.783896059945178,0.0,0.0,0.0,0.0
22,6,43.80143397209251,0.71050656,45.437172170225196,33.787379293628895,0.0,6.0,0.0,0.0,0.0,0.0,43.80143397209252,0.0,0.0,0.0,0.0
22,7,29.6,0.75099456,30.705394190871523,24.075932547717965,0.0,4.0,0.0,0.0,0.0,0.0,29.6,0.0,0.0,0.0,0.0
22,8,43.80143397209251,0.74463216,45.437172170221054,35.33795005623791,0.0,6.0,0.0,0.0,0.0,0.0,43.80143397209252,0.0,0.0,0.0,0.0
22,9,43.80143397209252,0.92474592,45.43717217022047,43.521809979583225,0.0,6.0,0.0,0.0,0.0,0.0,43.801433972092525,0.0,0.0,0.0,0.0
22,10,22.200000000000003,1.04088864,23.029045643153882,24.73293341078876,0.0,3.0,0.0,0.0,0.0,0.0,22.200000000000003,0.0,0.0,0.0,0.0
22,11,0.0,1.38816,0.0,0.0,0.0,0.0,0.0,0.0,0.0,0.0,0.0,0.0,0.0,0.0,0.0
22,12,0.0,1.25616912,0.0,0.0,0.0,0.0,0.0,0.0,0.0,0.0,0.0,0.0,0.0,0.0,0.0
22,13,0.0,1.3879286400000002,0.0,0.0,0.0,0.0,0.0,0.0,0.0,0.0,0.0,0.0,0.0,0.0,0.0
22,14,0.0,1.61697504,0.0,0.0,0.0,0.0,0.0,0.0,0.0,0.0,0.0,0.0,0.0,0.0,0.0
22,15,37.0,1.76157504,38.3817427385907,68.88275568464998,0.0,5.0,0.0,0.0,0.0,0.0,37.0,0.0,0.0,0.0,0.0
22,16,0.0,1.91716464,0.0,0.0,0.0,0.0,0.0,0.0,0.0,0.0,0.0,0.0,0.0,0.0,0.0
22,17,0.0,2.15211072,0.0,0.0,0.0,0.0,0.0,0.0,0.0,0.0,0.0,0.0,0.0,0.0,0.0
22,18,0.0,2.26513008,0.0,0.0,0.0,0.0,0.0,0.0,0.0,0.0,0.0,0.0,0.0,0.0,0.0
22,19,36.401433972092754,2.21249568,37.760823622505704,84.79554239994076,0.0,6.0,0.0,0.0,0.0,0.0,36.401433972092754,0.0,0.0,0.0,0.0
22,20,43.80143397209252,1.32997296,45.437172170221096,61.93418076409289,0.0,6.0,0.0,0.0,0.0,0.0,43.801433972092525,0.0,0.0,0.0,0.0
22,21,29.6,0.6417926399999999,30.7053941908748,20.722844547720154,0.0,4.0,0.0,0.0,0.0,0.0,29.6,0.0,0.0,0.0,0.0
22,22,38.39436768184939,0.61796256,39.8281822425829,25.930638291002566,0.0,6.0,0.0,0.0,0.0,0.0,38.394367681849396,0.0,0.0,0.0,0.0
22,23,36.88045389110922,0.58753872,38.25773225218809,23.744229975100737,0.0,7.0,0.0,0.0,0.0,0.0,36.88045389110923,0.0,0.0,0.0,0.0
23,0,37.28720185959732,1.15865088,38.67966997883574,46.09653073538706,0.0,7.0,0.0,0.0,0.0,0.0,37.28720185959733,0.0,0.0,0.0,0.0
23,1,36.74638963180171,0.56902992,38.11866144377797,22.952386565649107,0.0,7.0,0.0,0.0,0.0,0.0,36.74638963180175,0.0,0.0,0.0,0.0
23,2,22.200000000000003,0.5483231999999999,23.02904564315478,13.389621410789111,0.0,3.0,0.0,0.0,0.0,0.0,22.200000000000003,0.0,0.0,0.0,0.0
23,3,43.80143397209251,0.5556110400000001,45.43717217022299,26.74936488299104,0.0,6.0,0.0,0.0,0.0,0.0,43.801433972092525,0.0,0.0,0.0,0.0
23,4,43.80143397209251,0.5662536,45.437172170222695,27.23293271404279,0.0,6.0,0.0,0.0,0.0,0.0,43.801433972092525,0.0,0.0,0.0,0.0
23,5,42.31759905415717,0.67823184,43.89792433003794,31.225991285866655,0.0,6.0,0.0,0.0,0.0,0.0,42.31759905415717,0.0,0.0,0.0,0.0
23,6,42.327808221262096,1.61281056,43.90851475234736,72.26948810480431,0.0,6.0,0.0,0.0,0.0,0.0,42.327808221262096,0.0,0.0,0.0,0.0
23,7,14.8,2.53940736,15.352697095435841,39.49492627385932,0.0,2.0,0.0,0.0,0.0,0.0,14.8,0.0,0.0,0.0,0.0
23,8,0.0,2.89107456,0.0,0.0,0.0,0.0,0.0,0.0,0.0,0.0,0.0,0.0,0.0,0.0,0.0
23,9,3.929865452175174,3.0290808,4.076623913044787,0.0,36.2819528260986,0.0,0.0,0.0,0.0,1.0,0.0,0.0,0.0,0.0,3.929865452175174
23,10,0.0,2.80165392,0.0,0.0,0.0,0.0,0.0,0.0,0.0,0.0,0.0,0.0,0.0,0.0,0.0
23,11,0.0,2.5808208,0.0,0.0,0.0,0.0,0.0,0.0,0.0,0.0,0.0,0.0,0.0,0.0,0.0
23,12,0.0,2.4767088,0.0,0.0,0.0,0.0,0.0,0.0,0.0,0.0,0.0,0.0,0.0,0.0,0.0
23,13,0.0,2.45681184,0.0,0.0,0.0,0.0,0.0,0.0,0.0,0.0,0.0,0.0,0.0,0.0,0.0
23,14,0.0,2.45981952,0.0,0.0,0.0,0.0,0.0,0.0,0.0,0.0,0.0,0.0,0.0,0.0,0.0
23,15,29.6,2.45218464,30.70539419087183,76.31164454771898,0.0,4.0,0.0,0.0,0.0,0.0,29.6,0.0,0.0,0.0,0.0
23,16,0.0,2.51742816,0.0,0.0,0.0,0.0,0.0,0.0,0.0,0.0,0.0,0.0,0.0,0.0,0.0
23,17,8.64626134422121,2.79008592,8.969150772013847,21.671759136929868,11.505939796233168,1.0,0.0,0.0,0.0,1.0,7.4,0.0,0.0,0.0,1.2462613442212103
23,18,27.35010086414882,2.7749318400000003,28.37147392546597,64.66629341078949,47.54761171257727,3.0,0.0,0.0,0.0,1.0,22.200000000000003,0.0,0.0,0.0,5.150100864148818
23,19,35.243399652691934,1.3233792,36.55954320818794,49.5922599234082,0.0,7.0,0.0,0.0,0.0,0.0,35.24339965269195,0.0,0.0,0.0,0.0
23,20,29.6,0.81820464,30.705394190871907,26.1396445477183,0.0,4.0,0.0,0.0,0.0,0.0,29.6,0.0,0.0,0.0,0.0
23,21,43.80143397209251,0.5891582399999999,45.43717217022147,28.273654785218994,0.0,6.0,0.0,0.0,0.0,0.0,43.801433972092525,0.0,0.0,0.0,0.0
23,22,43.80143397209267,0.53548272,45.43717217022071,25.834790941652393,0.0,6.0,0.0,0.0,0.0,0.0,43.80143397209267,0.0,0.0,0.0,0.0
23,23,43.8014339720925,0.48319536,45.437172170220954,23.45900116300621,0.0,6.0,0.0,0.0,0.0,0.0,43.80143397209252,0.0,0.0,0.0,0.0
24,0,35.40829875518619,0.31858272,36.73060036845084,12.917517444809793,0.0,5.0,0.0,0.0,0.0,0.0,35.40829875518619,0.0,0.0,0.0,0.0
24,1,43.80143397209251,0.3163847999999999,45.43717217022367,15.879601028476182,0.0,6.0,0.0,0.0,0.0,0.0,43.801433972092525,0.0,0.0,0.0,0.0
24,2,43.801433972092504,0.31650048,45.437172170220535,15.88485720055174,0.0,6.0,0.0,0.0,0.0,0.0,43.80143397209251,0.0,0.0,0.0,0.0
24,3,43.80143397209251,0.3191611199999999,45.437172170221444,16.005749158315034,0.0,6.0,0.0,0.0,0.0,0.0,43.801433972092525,0.0,0.0,0.0,0.0
24,4,35.077981611763235,0.32633328,36.38794773004541,13.079039405078777,0.0,6.0,0.0,0.0,0.0,0.0,35.077981611763235,0.0,0.0,0.0,0.0
24,5,37.0,0.35293968,38.38174273859298,14.81687568464876,0.0,6.0,0.0,0.0,0.0,0.0,37.0,0.0,0.0,0.0,0.0
24,6,41.281436030599146,0.60223008,42.82306642178382,27.206782215597226,0.0,6.0,0.0,0.0,0.0,0.0,41.281436030599146,0.0,0.0,0.0,0.0
24,7,29.001433972092926,1.55693712,30.08447507478563,47.83543210462392,0.0,4.0,0.0,0.0,0.0,0.0,29.001433972092926,0.0,0.0,0.0,0.0
24,8,14.8,1.42621872,15.352697095435934,22.404478273859283,0.0,2.0,0.0,0.0,0.0,0.0,14.8,0.0,0.0,0.0,0.0
24,9,0.0,2.25645408,0.0,0.0,0.0,0.0,0.0,0.0,0.0,0.0,0.0,0.0,0.0,0.0,0.0
24,10,0.0,2.67243936,0.0,0.0,0.0,0.0,0.0,0.0,0.0,0.0,0.0,0.0,0.0,0.0,0.0
24,11,12.739937676552591,2.5779288,13.215702983975717,0.0,117.6197565573839,0.0,0.0,0.0,0.0,2.0,0.0,0.0,0.0,0.0,12.739937676552591
24,12,0.0,2.44269888,0.0,0.0,0.0,0.0,0.0,0.0,0.0,0.0,0.0,0.0,0.0,0.0,0.0
24,13,0.0,2.3066592,0.0,0.0,0.0,0.0,0.0,0.0,0.0,0.0,0.0,0.0,0.0,0.0,0.0
24,14,0.0,2.41320048,0.0,0.0,0.0,0.0,0.0,0.0,0.0,0.0,0.0,0.0,0.0,0.0,0.0
24,15,50.51102570922281,2.43841872,52.397329573883354,110.65691386947637,67.85795122297723,7.0,0.0,0.0,0.0,1.0,43.16101840821724,0.0,0.0,0.0,7.350007301005624
24,16,5.642905351607986,2.51476752,5.853636256854758,0.0,52.097362686007344,0.0,0.0,0.0,0.0,1.0,0.0,0.0,0.0,0.0,5.642905351607986
24,17,0.0,2.799456,0.0,0.0,0.0,0.0,0.0,0.0,0.0,0.0,0.0,0.0,0.0,0.0,0.0
24,18,29.6,1.63131936,30.705394190873207,51.1066525477209,0.0,4.0,0.0,0.0,0.0,0.0,29.6,0.0,0.0,0.0,0.0
24,19,36.401433972092526,0.9555168,37.76082362250305,37.33098461504337,0.0,6.0,0.0,0.0,0.0,0.0,36.401433972092384,0.0,0.0,0.0,0.0
24,20,43.801433972092504,0.33107616,45.43717217022094,16.54713488220993,0.0,6.0,0.0,0.0,0.0,0.0,43.80143397209252,0.0,0.0,0.0,0.0
24,21,43.80143397209251,0.3151123199999999,45.43717217022098,15.82178313563208,0.0,6.0,0.0,0.0,0.0,0.0,43.801433972092525,0.0,0.0,0.0,0.0
24,22,22.200000000000003,0.2897784,23.029045643153882,7.435581410788497,0.0,3.0,0.0,0.0,0.0,0.0,22.200000000000003,0.0,0.0,0.0,0.0
24,23,35.6028192237097,0.2394576,36.93238508683642,10.066202241543927,0.0,6.0,0.0,0.0,0.0,0.0,35.6028192237097,0.0,0.0,0.0,0.0
25,0,43.80143397209251,0.1567464,45.43717217022032,8.626083562696515,0.0,6.0,0.0,0.0,0.0,0.0,43.801433972092525,0.0,0.0,0.0,0.0
25,1,43.80143397209251,0.104112,45.43717217022077,6.234525267820333,0.0,6.0,0.0,0.0,0.0,0.0,43.80143397209252,0.0,0.0,0.0,0.0
25,2,43.80143397209171,0.05298144,45.437172170222276,3.9112972099406584,0.0,6.0,0.0,0.0,0.0,0.0,43.80143397209171,0.0,0.0,0.0,0.0
25,3,43.80143397209061,0.0474288,45.43717217021894,3.6590009502611265,0.0,6.0,0.0,0.0,0.0,0.0,43.80143397209061,0.0,0.0,0.0,0.0
25,4,33.27639924083587,0.07033344,34.51908634941544,3.5704278467770805,0.0,5.0,0.0,0.0,0.0,0.0,33.27639924083587,0.0,0.0,0.0,0.0
25,5,43.80143397209252,0.12933024,45.43717217022102,7.380370780530321,0.0,6.0,0.0,0.0,0.0,0.0,43.801433972092525,0.0,0.0,0.0,0.0
25,6,43.80143397209252,0.30065232,45.43717217022106,15.16476162605071,0.0,6.0,0.0,0.0,0.0,0.0,43.801433972092525,0.0,0.0,0.0,0.0
25,7,22.7376270794658,0.32297856,23.586750082433756,8.200149410788509,4.963569509590876,3.0,0.0,0.0,0.0,1.0,22.200000000000003,0.0,0.0,0.0,0.5376270794657981
25,8,0.0,0.33743856,0.0,0.0,0.0,0.0,0.0,0.0,0.0,0.0,0.0,0.0,0.0,0.0,0.0
25,9,0.0,0.33998352,0.0,0.0,0.0,0.0,0.0,0.0,0.0,0.0,0.0,0.0,0.0,0.0,0.0
25,10,0.0,0.33686016,0.0,0.0,0.0,0.0,0.0,0.0,0.0,0.0,0.0,0.0,0.0,0.0,0.0
25,11,0.0,0.33628176,0.0,0.0,0.0,0.0,0.0,0.0,0.0,0.0,0.0,0.0,0.0,0.0,0.0
25,12,0.0,0.32957232,0.0,0.0,0.0,0.0,0.0,0.0,0.0,0.0,0.0,0.0,0.0,0.0,0.0
25,13,0.0,0.3256392,0.0,0.0,0.0,0.0,0.0,0.0,0.0,0.0,0.0,0.0,0.0,0.0,0.0
25,14,0.0,0.33107616,0.0,0.0,0.0,0.0,0.0,0.0,0.0,0.0,0.0,0.0,0.0,0.0,0.0
25,15,29.6,0.33628176,30.705394190871687,11.342012547717959,0.0,4.0,0.0,0.0,0.0,0.0,29.6,0.0,0.0,0.0,0.0
25,16,7.4,0.34680864,7.676348547717986,2.916311136929515,0.0,1.0,0.0,0.0,0.0,0.0,7.4,0.0,0.0,0.0,0.0
25,17,13.494842359746736,0.35594736,13.998799128368127,5.44619584406192,0.0,2.0,0.0,0.0,0.0,0.0,13.494842359746736,0.0,0.0,0.0,0.0
25,18,29.6,0.3704073599999999,30.705394190871907,12.389852547718055,0.0,4.0,0.0,0.0,0.0,0.0,29.6,0.0,0.0,0.0,0.0
25,19,43.80143397209264,0.36855648,45.43717217022141,18.250134635045093,0.0,6.0,0.0,0.0,0.0,0.0,43.80143397209264,0.0,0.0,0.0,0.0
25,20,43.80143397209252,0.36473904,45.43717217022138,18.07668095651559,0.0,6.0,0.0,0.0,0.0,0.0,43.801433972092525,0.0,0.0,0.0,0.0
25,21,42.80829875518606,0.3823224,44.40694891617053,18.44764129543296,0.0,6.0,0.0,0.0,0.0,0.0,42.808298755186065,0.0,0.0,0.0,0.0
25,22,42.024807680093666,0.36103728,43.59419883827197,17.182098953895675,0.0,6.0,0.0,0.0,0.0,0.0,42.02480768009368,0.0,0.0,0.0,0.0
25,23,26.271283955442364,0.34715568,27.252369248384948,10.362868200155708,0.0,4.0,0.0,0.0,0.0,0.0,26.271283955442257,0.0,0.0,0.0,0.0
26,0,43.26631792047809,0.44906976,44.88207253161677,21.64077814087225,0.0,6.0,0.0,0.0,0.0,0.0,43.266317920478095,0.0,0.0,0.0,0.0
26,1,43.80143397209251,0.46225728,45.43717217022102,22.50763401713238,0.0,6.0,0.0,0.0,0.0,0.0,43.801433972092525,0.0,0.0,0.0,0.0
26,2,42.138431227434765,0.4626043199999999,43.71206558862655,21.668259748405518,0.0,7.0,0.0,0.0,0.0,0.0,42.1384312274348,0.0,0.0,0.0,0.0
26,3,39.870384615814295,0.4595966399999999,41.35932014088752,20.3775980660996,0.0,6.0,0.0,0.0,0.0,0.0,39.870384615814295,0.0,0.0,0.0,0.0
26,4,43.53321673170904,0.46272,45.158938518370775,22.3907048961786,0.0,6.0,0.0,0.0,0.0,0.0,43.53321673170904,0.0,0.0,0.0,0.0
26,5,43.80143397209252,0.4840051199999999,45.43717217022133,23.49579436754296,0.0,6.0,0.0,0.0,0.0,0.0,43.801433972092525,0.0,0.0,0.0,0.0
26,6,35.731461622742394,1.09791888,37.06583155886176,41.92215529597247,0.0,6.0,0.0,0.0,0.0,0.0,35.7314616227424,0.0,0.0,0.0,0.0
26,7,34.58824816032435,1.46844192,35.87992547751551,53.875212190965556,0.0,5.0,0.0,0.0,0.0,0.0,34.58824816032435,0.0,0.0,0.0,0.0
26,8,1.9977840374334188,1.50626928,2.0723900803251234,0.0,18.4442717148936,0.0,0.0,0.0,0.0,1.0,0.0,0.0,0.0,0.0,1.9977840374334188
26,9,0.0,1.49932848,0.0,0.0,0.0,0.0,0.0,0.0,0.0,0.0,0.0,0.0,0.0,0.0,0.0
26,10,0.0,1.51795296,0.0,0.0,0.0,0.0,0.0,0.0,0.0,0.0,0.0,0.0,0.0,0.0,0.0
26,11,0.0,1.51783728,0.0,0.0,0.0,0.0,0.0,0.0,0.0,0.0,0.0,0.0,0.0,0.0,0.0
26,12,0.0,1.52327424,0.0,0.0,0.0,0.0,0.0,0.0,0.0,0.0,0.0,0.0,0.0,0.0,0.0
26,13,0.0,1.46022864,0.0,0.0,0.0,0.0,0.0,0.0,0.0,0.0,0.0,0.0,0.0,0.0,0.0
26,14,0.0,1.4373239999999998,0.0,0.0,0.0,0.0,0.0,0.0,0.0,0.0,0.0,0.0,0.0,0.0,0.0
26,15,43.376758335144125,1.5126316799999997,44.9966372771213,69.55272773271531,0.0,6.0,0.0,0.0,0.0,0.0,43.37675833514417,0.0,0.0,0.0,0.0
26,16,0.0,1.53865968,0.0,0.0,0.0,0.0,0.0,0.0,0.0,0.0,0.0,0.0,0.0,0.0,0.0
26,17,0.0,1.55404512,0.0,0.0,0.0,0.0,0.0,0.0,0.0,0.0,0.0,0.0,0.0,0.0,0.0
26,18,43.80143397209251,1.55925072,45.437172170221075,72.35191382001548,0.0,6.0,0.0,0.0,0.0,0.0,43.801433972092525,0.0,0.0,0.0,0.0
26,19,40.54219636300773,1.50418704,42.05622029357908,64.6524824087041,0.0,6.0,0.0,0.0,0.0,0.0,40.54219636300773,0.0,0.0,0.0,0.0
26,20,43.62837593861442,1.27571904,45.25765138860468,59.234075843088235,0.0,6.0,0.0,0.0,0.0,0.0,43.62837593861443,0.0,0.0,0.0,0.0
26,21,43.202867944180284,1.23233904,44.81625305412941,56.71223624121458,0.0,6.0,0.0,0.0,0.0,0.0,43.202867944180284,0.0,0.0,0.0,0.0
26,22,28.55675107390561,0.79830768,29.623185761313266,24.628944148022498,0.0,4.0,0.0,0.0,0.0,0.0,28.55675107390561,0.0,0.0,0.0,0.0
26,23,17.135644433236862,0.70657344,17.775564764768816,13.148113137499342,0.0,4.0,0.0,0.0,0.0,0.0,17.135644433236756,0.0,0.0,0.0,0.0
27,0,22.200000000000003,0.90878208,23.02904564315397,21.690645410788804,0.0,4.0,0.0,0.0,0.0,0.0,22.200000000000003,0.0,0.0,0.0,0.0
27,1,43.80143397209251,0.94753488,45.43717217022105,44.55727587868405,0.0,6.0,0.0,0.0,0.0,0.0,43.801433972092525,0.0,0.0,0.0,0.0
27,2,36.28871426353774,1.05916608,37.64389446425129,41.11714904240145,0.0,5.0,0.0,0.0,0.0,0.0,36.28871426353774,0.0,0.0,0.0,0.0
27,3,35.58293689983459,1.09849728,36.911760269538384,41.7692475210217,0.0,7.0,0.0,0.0,0.0,0.0,35.582936899834614,0.0,0.0,0.0,0.0
27,4,43.80143397209251,1.26577056,45.43717217022068,59.01700526155094,0.0,6.0,0.0,0.0,0.0,0.0,43.801433972092525,0.0,0.0,0.0,0.0
27,5,43.641527565460905,1.42506192,45.27129415504308,66.0128772060024,0.0,6.0,0.0,0.0,0.0,0.0,43.64152756546091,0.0,0.0,0.0,0.0
27,6,37.0,1.70500752,38.381742738590134,66.7115956846489,0.0,6.0,0.0,0.0,0.0,0.0,37.0,0.0,0.0,0.0,0.0
27,7,29.6,2.0371248,30.70539419087183,63.5670685477188,0.0,4.0,0.0,0.0,0.0,0.0,29.6,0.0,0.0,0.0,0.0
27,8,0.0,2.2557600000000004,0.0,0.0,0.0,0.0,0.0,0.0,0.0,0.0,0.0,0.0,0.0,0.0,0.0
27,9,0.0,2.30422992,0.0,0.0,0.0,0.0,0.0,0.0,0.0,0.0,0.0,0.0,0.0,0.0,0.0
27,10,2.664852596613412,2.20162176,2.76436991349939,0.0,24.602892230144572,0.0,0.0,0.0,0.0,1.0,0.0,0.0,0.0,0.0,2.664852596613412
27,11,0.0,2.12978448,0.0,0.0,0.0,0.0,0.0,0.0,0.0,0.0,0.0,0.0,0.0,0.0,0.0
27,12,12.290581814994496,2.05204752,12.74956619812707,0.0,113.47113916333093,0.0,0.0,0.0,0.0,2.0,0.0,0.0,0.0,0.0,12.290581814994496
27,13,0.0,1.7349686399999995,0.0,0.0,0.0,0.0,0.0,0.0,0.0,0.0,0.0,0.0,0.0,0.0,0.0
27,14,0.0,1.5488395199999998,0.0,0.0,0.0,0.0,0.0,0.0,0.0,0.0,0.0,0.0,0.0,0.0,0.0
27,15,40.35931041420394,1.54872384,41.86650457904802,66.22543504060732,0.0,6.0,0.0,0.0,0.0,0.0,40.35931041420396,0.0,0.0,0.0,0.0
27,16,0.0,2.10514464,0.0,0.0,0.0,0.0,0.0,0.0,0.0,0.0,0.0,0.0,0.0,0.0,0.0
27,17,0.0,2.21781696,0.0,0.0,0.0,0.0,0.0,0.0,0.0,0.0,0.0,0.0,0.0,0.0,0.0
27,18,13.567568711784444,1.50187344,14.074241402266164,11.78299113692968,56.94124640547879,1.0,0.0,0.0,0.0,1.0,7.4,0.0,0.0,0.0,6.167568711784444
27,19,43.36090338023884,1.45028016,44.98019022846399,66.72272177792934,0.0,6.0,0.0,0.0,0.0,0.0,43.36090338023885,0.0,0.0,0.0,0.0
27,20,22.200000000000003,0.98223888,23.02904564315392,23.382285410788782,0.0,3.0,0.0,0.0,0.0,0.0,22.200000000000003,0.0,0.0,0.0,0.0
27,21,37.0,0.57284736,38.381742738591306,23.257315684648574,0.0,5.0,0.0,0.0,0.0,0.0,37.0,0.0,0.0,0.0,0.0
27,22,41.725085424374,0.36948192,43.283283635243706,17.425067429780988,0.0,6.0,0.0,0.0,0.0,0.0,41.72508542437401,0.0,0.0,0.0,0.0
27,23,42.594793574306905,0.3389424,44.185470512767054,16.438868494699086,0.0,6.0,0.0,0.0,0.0,0.0,42.59479357430692,0.0,0.0,0.0,0.0
28,0,36.99183794057793,0.31430256,38.373275871969305,13.33097427350837,0.0,5.0,0.0,0.0,0.0,0.0,36.99183794057793,0.0,0.0,0.0,0.0
28,1,43.80143397209251,0.3379012799999999,45.43717217022106,16.857249034732387,0.0,6.0,0.0,0.0,0.0,0.0,43.801433972092525,0.0,0.0,0.0,0.0
28,2,43.65396500391318,0.32980368,45.28419606215109,16.43380139679614,0.0,6.0,0.0,0.0,0.0,0.0,43.65396500391319,0.0,0.0,0.0,0.0
28,3,22.200000000000003,0.31997088,23.029045643153715,8.130885410788448,0.0,3.0,0.0,0.0,0.0,0.0,22.200000000000003,0.0,0.0,0.0,0.0
28,4,43.80143397209251,0.31950816,45.43717217022346,16.021517674545702,0.0,6.0,0.0,0.0,0.0,0.0,43.801433972092525,0.0,0.0,0.0,0.0
28,5,43.80143397209252,0.30516384,45.43717217022126,15.369752337040179,0.0,6.0,0.0,0.0,0.0,0.0,43.801433972092525,0.0,0.0,0.0,0.0
28,6,43.801433972092596,0.3060892799999999,45.43717217022082,15.411801713653233,0.0,6.0,0.0,0.0,0.0,0.0,43.801433972092596,0.0,0.0,0.0,0.0
28,7,37.44704716309756,0.3320016,38.84548460902286,14.182548583529622,0.0,6.0,0.0,0.0,0.0,0.0,37.44704716309756,0.0,0.0,0.0,0.0
28,8,43.80143397209251,0.34912224,45.437172170219995,17.36709772616715,0.0,6.0,0.0,0.0,0.0,0.0,43.801433972092525,0.0,0.0,0.0,0.0
28,9,31.537809309907267,0.36161568,32.71556982355571,12.913348389492274,0.0,6.0,0.0,0.0,0.0,0.0,31.537809309907175,0.0,0.0,0.0,0.0
28,10,7.4,0.4105483199999999,7.676348547717986,3.4055991369295238,0.0,1.0,0.0,0.0,0.0,0.0,7.4,0.0,0.0,0.0,0.0
28,11,0.0,0.44259168,0.0,0.0,0.0,0.0,0.0,0.0,0.0,0.0,0.0,0.0,0.0,0.0,0.0
28,12,0.0,0.43507248,0.0,0.0,0.0,0.0,0.0,0.0,0.0,0.0,0.0,0.0,0.0,0.0,0.0
28,13,0.0,0.41448144,0.0,0.0,0.0,0.0,0.0,0.0,0.0,0.0,0.0,0.0,0.0,0.0,0.0
28,14,0.8283967749623447,0.40488,0.8593327541103161,0.0,7.648061511581814,0.0,0.0,0.0,0.0,1.0,0.0,0.0,0.0,0.0,0.8283967749623447
28,15,37.0,0.40383888,38.38174273859041,16.770475684647828,0.0,5.0,0.0,0.0,0.0,0.0,37.0,0.0,0.0,0.0,0.0
28,16,0.0,0.43877424,0.0,0.0,0.0,0.0,0.0,0.0,0.0,0.0,0.0,0.0,0.0,0.0,0.0
28,17,0.0,0.5905463999999999,0.0,0.0,0.0,0.0,0.0,0.0,0.0,0.0,0.0,0.0,0.0,0.0,0.0
28,18,0.0,0.44120352,0.0,0.0,0.0,0.0,0.0,0.0,0.0,0.0,0.0,0.0,0.0,0.0,0.0
28,19,42.323651452281325,0.40094688,43.90420275133277,19.056482223103405,0.0,6.0,0.0,0.0,0.0,0.0,42.323651452281325,0.0,0.0,0.0,0.0
28,20,43.22118040283651,0.36578016,44.83524938053626,17.883891446548205,0.0,6.0,0.0,0.0,0.0,0.0,43.22118040283651,0.0,0.0,0.0,0.0
28,21,42.20973272727893,0.35641008,43.78602980008238,17.055099970312472,0.0,6.0,0.0,0.0,0.0,0.0,42.20973272727895,0.0,0.0,0.0,0.0
28,22,43.801433972089235,0.34842816,45.43717217022062,17.335560693707478,0.0,6.0,0.0,0.0,0.0,0.0,43.801433972089235,0.0,0.0,0.0,0.0
28,23,43.80143397209251,0.33963648,45.43717217022106,16.936091615882162,0.0,6.0,0.0,0.0,0.0,0.0,43.801433972092525,0.0,0.0,0.0,0.0
29,0,22.200000000000003,0.34426368,23.02904564315392,8.69032541078853,0.0,3.0,0.0,0.0,0.0,0.0,22.200000000000003,0.0,0.0,0.0,0.0
29,1,22.200000000000003,0.33917376,23.029045643153616,8.573109410788415,0.0,3.0,0.0,0.0,0.0,0.0,22.200000000000003,0.0,0.0,0.0,0.0
29,2,37.0,0.32818416,38.38174273858975,13.866715684647497,0.0,5.0,0.0,0.0,0.0,0.0,37.0,0.0,0.0,0.0,0.0
29,3,14.8,0.32656464,15.352697095435808,5.521822273858966,0.0,2.0,0.0,0.0,0.0,0.0,14.8,0.0,0.0,0.0,0.0
29,4,22.200000000000003,0.33107616,23.029045643153943,8.386629410788533,0.0,3.0,0.0,0.0,0.0,0.0,22.200000000000003,0.0,0.0,0.0,0.0
29,5,43.80143397209251,0.31222032,45.437172170221054,15.69037883371583,0.0,6.0,0.0,0.0,0.0,0.0,43.801433972092525,0.0,0.0,0.0,0.0
29,6,33.76927055573739,0.31534368,35.030363647031066,12.206108820909726,0.0,5.0,0.0,0.0,0.0,0.0,33.76927055573739,0.0,0.0,0.0,0.0
29,7,43.80143397209251,0.33755424,45.43717217022167,16.841480518502664,0.0,6.0,0.0,0.0,0.0,0.0,43.801433972092525,0.0,0.0,0.0,0.0
29,8,43.801433972092546,0.3574511999999999,45.437172170221096,17.74554211568645,0.0,6.0,0.0,0.0,0.0,0.0,43.801433972092546,0.0,0.0,0.0,0.0
29,9,40.92424107306699,0.36219408,42.45253223347248,16.78123467290085,0.0,6.0,0.0,0.0,0.0,0.0,40.92424107306699,0.0,0.0,0.0,0.0
29,10,14.8,0.3974764799999999,15.352697095435996,6.610510273859054,0.0,2.0,0.0,0.0,0.0,0.0,14.8,0.0,0.0,0.0,0.0
29,11,0.0,0.393312,0.0,0.0,0.0,0.0,0.0,0.0,0.0,0.0,0.0,0.0,0.0,0.0,0.0
29,12,0.0,0.39203952,0.0,0.0,0.0,0.0,0.0,0.0,0.0,0.0,0.0,0.0,0.0,0.0,0.0
29,13,0.0,0.4043016,0.0,0.0,0.0,0.0,0.0,0.0,0.0,0.0,0.0,0.0,0.0,0.0,0.0
29,14,0.0,0.39770784,0.0,0.0,0.0,0.0,0.0,0.0,0.0,0.0,0.0,0.0,0.0,0.0,0.0
29,15,30.542430549808174,0.37642272,31.68301924254031,12.974916218017446,0.0,5.0,0.0,0.0,0.0,0.0,30.542430549808238,0.0,0.0,0.0,0.0
29,16,0.0,0.40129392,0.0,0.0,0.0,0.0,0.0,0.0,0.0,0.0,0.0,0.0,0.0,0.0,0.0
29,17,0.0,0.4239672,0.0,0.0,0.0,0.0,0.0,0.0,0.0,0.0,0.0,0.0,0.0,0.0,0.0
29,18,7.4,0.4031447999999999,7.6763485477197175,3.3487671369302783,0.0,1.0,0.0,0.0,0.0,0.0,7.4,0.0,0.0,0.0,0.0
29,19,43.80143397209254,0.36057456,45.437172170222546,17.88745876175661,0.0,6.0,0.0,0.0,0.0,0.0,43.80143397209254,0.0,0.0,0.0,0.0
29,20,37.0,0.33003504,38.38174273858972,13.937755684647488,0.0,5.0,0.0,0.0,0.0,0.0,37.0,0.0,0.0,0.0,0.0
29,21,37.0,0.3005366399999999,38.38174273859127,12.805555684647986,0.0,5.0,0.0,0.0,0.0,0.0,37.0,0.0,0.0,0.0,0.0
29,22,43.80143397209251,0.29012544,45.43717217022114,14.686449967075482,0.0,6.0,0.0,0.0,0.0,0.0,43.801433972092525,0.0,0.0,0.0,0.0
29,23,14.8,0.21215712,15.352697095435492,3.765358273858874,0.0,2.0,0.0,0.0,0.0,0.0,14.8,0.0,0.0,0.0,0.0
30,0,7.4,0.15142512,7.676348547719814,1.4164791369298244,0.0,1.0,0.0,0.0,0.0,0.0,7.4,0.0,0.0,0.0,0.0
30,1,37.0,0.0666316799999999,38.3817427385896,3.8278756846473376,0.0,5.0,0.0,0.0,0.0,0.0,37.0,0.0,0.0,0.0,0.0
30,2,37.0,0.0572616,38.38174273858978,3.468235684647354,0.0,5.0,0.0,0.0,0.0,0.0,37.0,0.0,0.0,0.0,0.0
30,3,29.6,0.0234830399999999,30.705394190871885,1.7374045477178683,0.0,4.0,0.0,0.0,0.0,0.0,29.6,0.0,0.0,0.0,0.0
30,4,37.52721989898088,0.10445904,38.92865134749138,5.35498790785562,0.0,6.0,0.0,0.0,0.0,0.0,37.52721989898088,0.0,0.0,0.0,0.0
30,5,39.51525761013398,0.30932832,40.99093113084477,14.036455682370875,0.0,7.0,0.0,0.0,0.0,0.0,39.51525761013398,0.0,0.0,0.0,0.0
30,6,43.80143397209251,0.32552352,45.43717217022102,16.2948386225307,0.0,6.0,0.0,0.0,0.0,0.0,43.801433972092525,0.0,0.0,0.0,0.0
30,7,17.604378380697895,0.34715568,18.261803299479766,6.944154431669923,0.0,3.0,0.0,0.0,0.0,0.0,17.604378380697895,0.0,0.0,0.0,0.0
30,8,0.0,0.35617872,0.0,0.0,0.0,0.0,0.0,0.0,0.0,0.0,0.0,0.0,0.0,0.0,0.0
30,9,0.0,0.35143584,0.0,0.0,0.0,0.0,0.0,0.0,0.0,0.0,0.0,0.0,0.0,0.0,0.0
30,10,0.0,0.34692432,0.0,0.0,0.0,0.0,0.0,0.0,0.0,0.0,0.0,0.0,0.0,0.0,0.0
30,11,0.0,0.33049776,0.0,0.0,0.0,0.0,0.0,0.0,0.0,0.0,0.0,0.0,0.0,0.0,0.0
30,12,0.0,0.335472,0.0,0.0,0.0,0.0,0.0,0.0,0.0,0.0,0.0,0.0,0.0,0.0,0.0
30,13,0.0,0.3262176,0.0,0.0,0.0,0.0,0.0,0.0,0.0,0.0,0.0,0.0,0.0,0.0,0.0
30,14,0.0,0.32147472,0.0,0.0,0.0,0.0,0.0,0.0,0.0,0.0,0.0,0.0,0.0,0.0,0.0
30,15,14.8,0.32320992,15.352697095434113,5.470318273858361,0.0,2.0,0.0,0.0,0.0,0.0,14.8,0.0,0.0,0.0,0.0
30,16,0.0,0.3274900799999999,0.0,0.0,0.0,0.0,0.0,0.0,0.0,0.0,0.0,0.0,0.0,0.0,0.0
30,17,7.4,0.3405619199999999,7.676348547717948,2.8683591369294996,0.0,1.0,0.0,0.0,0.0,0.0,7.4,0.0,0.0,0.0,0.0
30,18,40.556140714165835,0.34264416,42.07068538813975,15.807814341790845,0.0,6.0,0.0,0.0,0.0,0.0,40.55614071416585,0.0,0.0,0.0,0.0
30,19,43.20286794418525,0.31858272,44.81625305413544,15.761101774286656,0.0,6.0,0.0,0.0,0.0,0.0,43.202867944185265,0.0,0.0,0.0,0.0
30,20,43.80143397209251,0.31025376,45.43717217022097,15.601023908412731,0.0,6.0,0.0,0.0,0.0,0.0,43.801433972092525,0.0,0.0,0.0,0.0
30,21,42.61473053268952,0.30065232,44.20615200486607,14.7539057898967,0.0,6.0,0.0,0.0,0.0,0.0,42.61473053268939,0.0,0.0,0.0,0.0
30,22,41.7770839857508,0.24570432,43.33722405160915,12.082605282396532,0.0,6.0,0.0,0.0,0.0,0.0,41.777083985750814,0.0,0.0,0.0,0.0
30,23,38.672289801020035,0.11568,40.11648319607944,5.968530369912699,0.0,6.0,0.0,0.0,0.0,0.0,38.67228980102005,0.0,0.0,0.0,0.0
31,0,43.35511020560119,0.29336448,44.97418071120502,14.682472519309579,0.0,7.0,0.0,0.0,0.0,0.0,43.35511020560121,0.0,0.0,0.0,0.0
31,1,43.320226923018105,0.2915136,44.937994733424226,14.587484247197878,0.0,7.0,0.0,0.0,0.0,0.0,43.32022692301811,0.0,0.0,0.0,0.0
31,2,41.757125714220926,0.29590944,43.31652045043717,14.25154413614688,0.0,6.0,0.0,0.0,0.0,0.0,41.75712571422094,0.0,0.0,0.0,0.0
31,3,35.40829875518672,0.3042384,36.730600368452855,12.390641959333298,0.0,5.0,0.0,0.0,0.0,0.0,35.408298755186614,0.0,0.0,0.0,0.0
31,4,37.45558921106916,0.33824832,38.854345654636305,14.428495983548492,0.0,7.0,0.0,0.0,0.0,0.0,37.455589211069174,0.0,0.0,0.0,0.0
31,5,42.18563110073432,0.35120448,43.761028112795586,16.817559153153287,0.0,6.0,0.0,0.0,0.0,0.0,42.18563110073432,0.0,0.0,0.0,0.0
31,6,42.007674385122016,0.46318272,43.576425710707625,21.626227079587913,0.0,7.0,0.0,0.0,0.0,0.0,42.007674385122044,0.0,0.0,0.0,0.0
31,7,21.048123818773032,1.0029456,21.834153338976424,22.621178496571833,0.0,3.0,0.0,0.0,0.0,0.0,21.048123818773043,0.0,0.0,0.0,0.0
31,8,0.0,1.33043568,0.0,0.0,0.0,0.0,0.0,0.0,0.0,0.0,0.0,0.0,0.0,0.0,0.0
31,9,0.0,1.30186272,0.0,0.0,0.0,0.0,0.0,0.0,0.0,0.0,0.0,0.0,0.0,0.0,0.0
31,10,0.0,1.2591768,0.0,0.0,0.0,0.0,0.0,0.0,0.0,0.0,0.0,0.0,0.0,0.0,0.0
31,11,0.0,1.16940912,0.0,0.0,0.0,0.0,0.0,0.0,0.0,0.0,0.0,0.0,0.0,0.0,0.0
31,12,0.0,1.1301936,0.0,0.0,0.0,0.0,0.0,0.0,0.0,0.0,0.0,0.0,0.0,0.0,0.0
31,13,0.0,1.11665904,0.0,0.0,0.0,0.0,0.0,0.0,0.0,0.0,0.0,0.0,0.0,0.0,0.0
31,14,0.0,1.1108750399999998,0.0,0.0,0.0,0.0,0.0,0.0,0.0,0.0,0.0,0.0,0.0,0.0,0.0
31,15,28.761512342363872,1.1122632,29.835593716145553,26.376621410788903,60.57827784962494,3.0,0.0,0.0,0.0,1.0,22.200000000000003,0.0,0.0,0.0,6.561512342363869
31,16,0.0,1.1160806399999998,0.0,0.0,0.0,0.0,0.0,0.0,0.0,0.0,0.0,0.0,0.0,0.0,0.0
31,17,0.0,1.15656864,0.0,0.0,0.0,0.0,0.0,0.0,0.0,0.0,0.0,0.0,0.0,0.0,0.0
31,18,7.4,1.14627312,7.676348547717948,9.053279136929586,0.0,1.0,0.0,0.0,0.0,0.0,7.4,0.0,0.0,0.0,0.0
31,19,43.51296812028713,1.1024304,45.13793373473844,51.255495948981036,0.0,6.0,0.0,0.0,0.0,0.0,43.51296812028713,0.0,0.0,0.0,0.0
31,20,43.801433972092475,1.0416984,45.43717217022087,48.83579994907791,0.0,6.0,0.0,0.0,0.0,0.0,43.801433972092475,0.0,0.0,0.0,0.0
31,21,41.17163390231389,0.97310016,42.709163799081395,42.9739674481019,0.0,6.0,0.0,0.0,0.0,0.0,41.17163390231391,0.0,0.0,0.0,0.0
31,22,42.62529904552276,0.94834464,44.2171151924515,43.39665070189409,0.0,7.0,0.0,0.0,0.0,0.0,42.625299045522674,0.0,0.0,0.0,0.0
31,23,43.80143397209251,0.79622544,45.43717217022135,37.68220280242458,0.0,6.0,0.0,0.0,0.0,0.0,43.80143397209252,0.0,0.0,0.0,0.0
32,0,29.6,0.8754662400000001,30.70539419087183,27.897884547718267,0.0,4.0,0.0,0.0,0.0,0.0,29.6,0.0,0.0,0.0,0.0
32,1,43.80143397209251,0.7814184,45.43717217022116,37.00941277661307,0.0,6.0,0.0,0.0,0.0,0.0,43.801433972092525,0.0,0.0,0.0,0.0
32,2,39.136093970036484,0.7599019199999999,40.5976078527355,32.19398097462633,0.0,6.0,0.0,0.0,0.0,0.0,39.13609397003649,0.0,0.0,0.0,0.0
32,3,43.80143397209233,0.7729737599999998,45.437172170220826,36.62571221501726,0.0,7.0,0.0,0.0,0.0,0.0,43.80143397209237,0.0,0.0,0.0,0.0
32,4,43.801433972092674,0.68262768,45.437172170221075,32.52064182315289,0.0,7.0,0.0,0.0,0.0,0.0,43.801433972092696,0.0,0.0,0.0,0.0
32,5,42.2097327272774,0.8463148799999999,43.786029800080584,38.50608614231429,0.0,7.0,0.0,0.0,0.0,0.0,42.2097327272774,0.0,0.0,0.0,0.0
32,6,43.03997401187655,1.0870449599999998,44.64727594593067,50.01142112856346,0.0,6.0,0.0,0.0,0.0,0.0,43.03997401187656,0.0,0.0,0.0,0.0
32,7,14.8,1.27294272,15.352697095435934,20.051278273859246,0.0,2.0,0.0,0.0,0.0,0.0,14.8,0.0,0.0,0.0,0.0
32,8,0.0,1.353456,0.0,0.0,0.0,0.0,0.0,0.0,0.0,0.0,0.0,0.0,0.0,0.0,0.0
32,9,0.0,1.2778012799999998,0.0,0.0,0.0,0.0,0.0,0.0,0.0,0.0,0.0,0.0,0.0,0.0,0.0
32,10,8.973607436755803,1.21498704,9.308721407423032,0.0,82.84762052606499,0.0,0.0,0.0,0.0,1.0,0.0,0.0,0.0,0.0,8.973607436755803
32,11,0.0,1.1735736,0.0,0.0,0.0,0.0,0.0,0.0,0.0,0.0,0.0,0.0,0.0,0.0,0.0
32,12,3.2017266765055816,1.14916512,3.321293232889608,0.0,29.55950977271751,0.0,0.0,0.0,0.0,1.0,0.0,0.0,0.0,0.0,3.2017266765055816
32,13,0.0,1.13979504,0.0,0.0,0.0,0.0,0.0,0.0,0.0,0.0,0.0,0.0,0.0,0.0,0.0
32,14,0.0,1.13736576,0.0,0.0,0.0,0.0,0.0,0.0,0.0,0.0,0.0,0.0,0.0,0.0,0.0
32,15,22.200000000000003,1.1401420800000002,23.029045643151754,27.0186454107863,0.0,3.0,0.0,0.0,0.0,0.0,22.200000000000003,0.0,0.0,0.0,0.0
32,16,0.9963464603927382,1.18791792,1.0335544194945419,0.0,9.198634333501422,0.0,0.0,0.0,0.0,1.0,0.0,0.0,0.0,0.0,0.9963464603927382
32,17,14.8,1.26230016,15.352697095435897,19.88788627385919,0.0,2.0,0.0,0.0,0.0,0.0,14.8,0.0,0.0,0.0,0.0
32,18,43.36691930251315,1.2597552,44.98643081173611,58.16094100439326,0.0,6.0,0.0,0.0,0.0,0.0,43.36691930251315,0.0,0.0,0.0,0.0
32,19,49.78044752512175,1.16697984,51.63946838705672,54.52823430809177,55.20043632983426,6.0,0.0,0.0,0.0,1.0,43.80143397209252,0.0,0.0,0.0,5.9790135530292385
32,20,43.80143397209251,1.1296152,45.43717217022113,52.830490727333085,0.0,6.0,0.0,0.0,0.0,0.0,43.801433972092525,0.0,0.0,0.0,0.0
32,21,43.80143397209223,1.096068,45.43717217022102,51.30620082510412,0.0,7.0,0.0,0.0,0.0,0.0,43.80143397209224,0.0,0.0,0.0,0.0
32,22,43.24281342476685,0.99970656,44.8576902746549,46.32931678211178,0.0,7.0,0.0,0.0,0.0,0.0,43.24281342476686,0.0,0.0,0.0,0.0
32,23,43.80143397209251,0.90912912,45.437172170221096,42.81222674923592,0.0,6.0,0.0,0.0,0.0,0.0,43.801433972092525,0.0,0.0,0.0,0.0
33,0,43.80143397209248,0.8595024,45.43717217022087,40.557328928352355,0.0,7.0,0.0,0.0,0.0,0.0,43.801433972092525,0.0,0.0,0.0,0.0
33,1,43.80143397209254,0.78396336,45.43717217022105,37.1250485622993,0.0,6.0,0.0,0.0,0.0,0.0,43.80143397209254,0.0,0.0,0.0,0.0
33,2,42.94139569762966,0.8253767999999999,44.54501628384886,38.240863035306454,0.0,7.0,0.0,0.0,0.0,0.0,42.94139569762967,0.0,0.0,0.0,0.0
33,3,43.10940192587777,0.8665588799999999,44.719296603608,40.23211229678977,0.0,7.0,0.0,0.0,0.0,0.0,43.10940192587778,0.0,0.0,0.0,0.0
33,4,43.80143397209252,0.95123664,45.4371721702214,44.72547338513724,0.0,6.0,0.0,0.0,0.0,0.0,43.801433972092525,0.0,0.0,0.0,0.0
33,5,43.801433972092475,0.98142912,45.43717217022081,46.09733429714261,0.0,7.0,0.0,0.0,0.0,0.0,43.80143397209251,0.0,0.0,0.0,0.0
33,6,43.80143397209251,1.3059115200000002,45.43717217022115,60.84089697214953,0.0,6.0,0.0,0.0,0.0,0.0,43.801433972092525,0.0,0.0,0.0,0.0
33,7,7.4,1.60714224,7.676348547718005,12.591071136929726,0.0,1.0,0.0,0.0,0.0,0.0,7.4,0.0,0.0,0.0,0.0
33,8,0.0,1.96505616,0.0,0.0,0.0,0.0,0.0,0.0,0.0,0.0,0.0,0.0,0.0,0.0,0.0
33,9,0.0,2.0614176000000004,0.0,0.0,0.0,0.0,0.0,0.0,0.0,0.0,0.0,0.0,0.0,0.0,0.0
33,10,0.0,1.96760112,0.0,0.0,0.0,0.0,0.0,0.0,0.0,0.0,0.0,0.0,0.0,0.0,0.0
33,11,0.0,1.93428528,0.0,0.0,0.0,0.0,0.0,0.0,0.0,0.0,0.0,0.0,0.0,0.0,0.0
33,12,0.0,1.81455648,0.0,0.0,0.0,0.0,0.0,0.0,0.0,0.0,0.0,0.0,0.0,0.0,0.0
33,13,0.0,1.76689632,0.0,0.0,0.0,0.0,0.0,0.0,0.0,0.0,0.0,0.0,0.0,0.0,0.0
33,14,0.0,1.80784704,0.0,0.0,0.0,0.0,0.0,0.0,0.0,0.0,0.0,0.0,0.0,0.0,0.0
33,15,29.6,1.84474896,30.705394190871466,57.66009254771802,0.0,4.0,0.0,0.0,0.0,0.0,29.6,0.0,0.0,0.0,0.0
33,16,0.0,1.93509504,0.0,0.0,0.0,0.0,0.0,0.0,0.0,0.0,0.0,0.0,0.0,0.0,0.0
33,17,7.4,2.06107056,7.676348547717755,16.07558313692928,0.0,1.0,0.0,0.0,0.0,0.0,7.4,0.0,0.0,0.0,0.0
33,18,22.200000000000003,2.11833216,23.02904564315399,49.54542941078938,0.0,3.0,0.0,0.0,0.0,0.0,22.200000000000003,0.0,0.0,0.0,0.0
33,19,43.80143397209251,1.99177824,45.437172170221054,92.00474121461417,0.0,6.0,0.0,0.0,0.0,0.0,43.801433972092525,0.0,0.0,0.0,0.0
33,20,36.8089979383423,1.59268224,38.18360781985769,62.07823145264975,0.0,6.0,0.0,0.0,0.0,0.0,36.80899793834231,0.0,0.0,0.0,0.0
33,21,43.80143397209251,1.5719755199999994,45.43717217022121,72.9300927484473,0.0,6.0,0.0,0.0,0.0,0.0,43.80143397209252,0.0,0.0,0.0,0.0
33,22,43.80143397209251,1.4455372799999997,45.43717217022123,67.1850966686676,0.0,6.0,0.0,0.0,0.0,0.0,43.80143397209252,0.0,0.0,0.0,0.0
33,23,42.14160654345561,1.20226224,43.71535948491271,54.00430441568701,0.0,7.0,0.0,0.0,0.0,0.0,42.14160654345561,0.0,0.0,0.0,0.0
34,0,40.20803437835651,1.2528144,41.70957923066153,53.63494855064858,0.0,6.0,0.0,0.0,0.0,0.0,40.20803437835652,0.0,0.0,0.0,0.0
34,1,43.80143397209252,1.15992336,45.437172170221125,54.207607811415684,0.0,6.0,0.0,0.0,0.0,0.0,43.801433972092525,0.0,0.0,0.0,0.0
34,2,43.80143397209252,1.08530976,45.43717217022056,50.81737682197506,0.0,6.0,0.0,0.0,0.0,0.0,43.801433972092525,0.0,0.0,0.0,0.0
34,3,34.07576241289202,1.01601744,35.34830125818972,37.084519324340775,0.0,6.0,0.0,0.0,0.0,0.0,34.07576241289204,0.0,0.0,0.0,0.0
34,4,46.4751906807107,0.97205904,48.21077871443066,42.987829086800026,48.44792678251266,6.0,0.0,0.0,0.0,1.0,41.22757254381832,0.0,0.0,0.0,5.247618136892382
34,5,40.23558625391,1.02978336,41.73816001442995,44.362795756354956,0.0,6.0,0.0,0.0,0.0,0.0,40.23558625391,0.0,0.0,0.0,0.0
34,6,41.646420246258444,1.15992336,43.20168075338052,51.54061433004536,0.0,6.0,0.0,0.0,0.0,0.0,41.64642024625845,0.0,0.0,0.0,0.0
34,7,37.0,1.24622064,38.381742738589644,49.102555684647854,0.0,5.0,0.0,0.0,0.0,0.0,37.0,0.0,0.0,0.0,0.0
34,8,7.4,1.25443392,7.676348547717948,9.883559136929597,0.0,1.0,0.0,0.0,0.0,0.0,7.4,0.0,0.0,0.0,0.0
34,9,6.562747750831765,1.2420561600000002,6.8078296170454,0.0,60.58968359170406,0.0,0.0,0.0,0.0,1.0,0.0,0.0,0.0,0.0,6.562747750831765
34,10,0.0,1.15714704,0.0,0.0,0.0,0.0,0.0,0.0,0.0,0.0,0.0,0.0,0.0,0.0,0.0
34,11,0.0,1.1893060800000002,0.0,0.0,0.0,0.0,0.0,0.0,0.0,0.0,0.0,0.0,0.0,0.0,0.0
34,12,0.0,1.179936,0.0,0.0,0.0,0.0,0.0,0.0,0.0,0.0,0.0,0.0,0.0,0.0,0.0
34,13,0.0,1.15772544,0.0,0.0,0.0,0.0,0.0,0.0,0.0,0.0,0.0,0.0,0.0,0.0,0.0
34,14,0.0,1.16050176,0.0,0.0,0.0,0.0,0.0,0.0,0.0,0.0,0.0,0.0,0.0,0.0,0.0
34,15,38.66314953737661,1.179936,40.10700159478698,48.65123678653401,0.0,6.0,0.0,0.0,0.0,0.0,38.66314953737667,0.0,0.0,0.0,0.0
34,16,2.6579222787808376,1.2461049599999998,2.757180787117052,0.0,24.538909005341765,0.0,0.0,0.0,0.0,1.0,0.0,0.0,0.0,0.0,2.6579222787808376
34,17,0.0,1.3002432,0.0,0.0,0.0,1.0,0.0,0.0,0.0,0.0,0.0,0.0,0.0,0.0,0.0
34,18,37.0,1.3131993599999998,38.38174273858968,51.67331568464792,0.0,5.0,0.0,0.0,0.0,0.0,37.0,0.0,0.0,0.0,0.0
34,19,42.32365145227792,1.25015376,43.904202751325506,56.34023326044078,0.0,6.0,0.0,0.0,0.0,0.0,42.32365145227792,0.0,0.0,0.0,0.0
34,20,43.80143397209251,1.17079728,45.437172170224756,54.70168798662526,0.0,6.0,0.0,0.0,0.0,0.0,43.801433972092525,0.0,0.0,0.0,0.0
34,21,34.40886223137398,1.1623526400000002,35.69384048897744,42.67029584428698,0.0,6.0,0.0,0.0,0.0,0.0,34.40886223137398,0.0,0.0,0.0,0.0
34,22,14.8,1.1351678399999998,15.352697095435971,17.936062273859253,0.0,2.0,0.0,0.0,0.0,0.0,14.8,0.0,0.0,0.0,0.0
34,23,43.80143397209274,0.95655792,45.43717217022126,44.96725730066305,0.0,6.0,0.0,0.0,0.0,0.0,43.80143397209274,0.0,0.0,0.0,0.0
35,0,43.80143397209252,0.8139244800000001,45.43717217022106,38.486397130151964,0.0,6.0,0.0,0.0,0.0,0.0,43.801433972092525,0.0,0.0,0.0,0.0
35,1,43.80143397209252,0.83740752,45.43717217022056,39.55340006171172,0.0,6.0,0.0,0.0,0.0,0.0,43.801433972092525,0.0,0.0,0.0,0.0
35,2,43.801433972090614,0.84492672,45.43717217022157,39.895051246694926,0.0,6.0,0.0,0.0,0.0,0.0,43.80143397209051,0.0,0.0,0.0,0.0
35,3,42.157521446892794,0.8670216000000001,43.73186872084381,39.36399964399589,0.0,6.0,0.0,0.0,0.0,0.0,42.1575214468927,0.0,0.0,0.0,0.0
35,4,43.80143397209252,0.99415392,45.43717217022097,46.67551322557439,0.0,6.0,0.0,0.0,0.0,0.0,43.801433972092525,0.0,0.0,0.0,0.0
35,5,22.200000000000003,1.38387984,23.02904564315392,32.63169341078894,0.0,4.0,0.0,0.0,0.0,0.0,22.200000000000003,0.0,0.0,0.0,0.0
35,6,43.80143397209252,1.40528064,45.43717217022105,65.35594878599272,0.0,6.0,0.0,0.0,0.0,0.0,43.801433972092525,0.0,0.0,0.0,0.0
35,7,43.31245421523209,1.4373239999999998,44.92993175854004,66.06604997611947,0.0,6.0,0.0,0.0,0.0,0.0,43.312454215232094,0.0,0.0,0.0,0.0
35,8,38.41229232772103,1.57185984,39.84677627357033,63.95247567254522,0.0,6.0,0.0,0.0,0.0,0.0,38.41229232772105,0.0,0.0,0.0,0.0
35,9,43.8014339720925,1.91751168,45.43717217022325,88.6302787414084,0.0,6.0,0.0,0.0,0.0,0.0,43.80143397209252,0.0,0.0,0.0,0.0
35,10,14.8,1.85284656,15.352697095435971,28.95436627385946,0.0,2.0,0.0,0.0,0.0,0.0,14.8,0.0,0.0,0.0,0.0
35,11,6.674133714608584,1.76562384,6.923375222623013,0.0,61.61803948134482,0.0,0.0,0.0,0.0,1.0,0.0,0.0,0.0,0.0,6.674133714608584
35,12,0.0,1.6804833600000002,0.0,0.0,0.0,0.0,0.0,0.0,0.0,0.0,0.0,0.0,0.0,0.0,0.0
35,13,0.0,1.49261904,0.0,0.0,0.0,0.0,0.0,0.0,0.0,0.0,0.0,0.0,0.0,0.0,0.0
35,14,0.0,1.48567824,0.0,0.0,0.0,0.0,0.0,0.0,0.0,0.0,0.0,0.0,0.0,0.0,0.0
35,15,29.6,1.56098592,30.705394190872205,48.94703654771918,0.0,4.0,0.0,0.0,0.0,0.0,29.6,0.0,0.0,0.0,0.0
35,16,0.0,1.79720448,0.0,0.0,0.0,0.0,0.0,0.0,0.0,0.0,0.0,0.0,0.0,0.0,0.0
35,17,0.0,1.96991472,0.0,0.0,0.0,0.0,0.0,0.0,0.0,0.0,0.0,0.0,0.0,0.0,0.0
35,18,14.8,1.73473728,15.352697095435934,27.141070273859363,0.0,2.0,0.0,0.0,0.0,0.0,14.8,0.0,0.0,0.0,0.0
35,19,43.801433972092454,1.4336222399999998,45.437172170220855,66.64371094477198,0.0,6.0,0.0,0.0,0.0,0.0,43.80143397209246,0.0,0.0,0.0,0.0
35,20,36.76467113007707,1.36537104,38.137625653607344,53.334365010930945,0.0,6.0,0.0,0.0,0.0,0.0,36.764671130077076,0.0,0.0,0.0,0.0
35,21,43.80143397209252,1.3233792,45.43717217022106,61.63457895572372,0.0,6.0,0.0,0.0,0.0,0.0,43.801433972092525,0.0,0.0,0.0,0.0
35,22,7.4,0.77667552,7.676348547717997,6.216119136929586,0.0,2.0,0.0,0.0,0.0,0.0,7.4,0.0,0.0,0.0,0.0
35,23,14.8,0.5270380800000001,15.352697095438103,8.599630273860276,0.0,2.0,0.0,0.0,0.0,0.0,14.8,0.0,0.0,0.0,0.0
36,0,29.6,0.5784,30.70539419087183,18.776348547718126,0.0,4.0,0.0,0.0,0.0,0.0,29.6,0.0,0.0,0.0,0.0
36,1,31.799055556647637,0.42200064,32.98657215419926,15.01221009878226,0.0,5.0,0.0,0.0,0.0,0.0,31.799055556647637,0.0,0.0,0.0,0.0
36,2,43.80143397209252,0.401988,45.43717217022045,19.769168365196876,0.0,6.0,0.0,0.0,0.0,0.0,43.801433972092525,0.0,0.0,0.0,0.0
36,3,32.063328437354386,0.38509872,33.260714146633276,13.909588082407929,0.0,6.0,0.0,0.0,0.0,0.0,32.063328437354386,0.0,0.0,0.0,0.0
36,4,41.00862232604243,0.37225824,42.540064653571484,17.24396573745795,0.0,6.0,0.0,0.0,0.0,0.0,41.0086223260423,0.0,0.0,0.0,0.0
36,5,39.68513470992667,0.36832512,41.16715218872112,16.52552900741564,0.0,6.0,0.0,0.0,0.0,0.0,39.68513470992668,0.0,0.0,0.0,0.0
36,6,43.80143397209251,0.37202688,45.437172170220876,18.40781979734441,0.0,6.0,0.0,0.0,0.0,0.0,43.80143397209252,0.0,0.0,0.0,0.0
36,7,35.858507331524116,0.39365904,37.197621713199105,15.874421332608005,0.0,5.0,0.0,0.0,0.0,0.0,35.858507331524116,0.0,0.0,0.0,0.0
36,8,23.823267234847393,0.8096443199999999,24.712932816232126,20.826683761421226,0.0,6.0,0.0,0.0,0.0,0.0,23.823267234847407,0.0,0.0,0.0,0.0
36,9,42.21996382524193,1.25246736,43.79664297224312,56.30353468268915,0.0,6.0,0.0,0.0,0.0,0.0,42.21996382524194,0.0,0.0,0.0,0.0
36,10,14.887721303013004,1.2555907199999998,15.443694297731438,19.902145524003416,0.0,4.0,0.0,0.0,0.0,0.0,14.887721303013004,0.0,0.0,0.0,0.0
36,11,0.0,1.23858576,0.0,0.0,0.0,0.0,0.0,0.0,0.0,0.0,0.0,0.0,0.0,0.0,0.0
36,12,0.0,1.21440864,0.0,0.0,0.0,0.0,0.0,0.0,0.0,0.0,0.0,0.0,0.0,0.0,0.0
36,13,0.0,1.1996016,0.0,0.0,0.0,0.0,0.0,0.0,0.0,0.0,0.0,0.0,0.0,0.0,0.0
36,14,0.0,1.2302568,0.0,0.0,0.0,0.0,0.0,0.0,0.0,0.0,0.0,0.0,0.0,0.0,0.0
36,15,29.6,1.30382928,30.70539419087213,41.05094054771887,0.0,4.0,0.0,0.0,0.0,0.0,29.6,0.0,0.0,0.0,0.0
36,16,0.0,1.38781296,0.0,0.0,0.0,0.0,0.0,0.0,0.0,0.0,0.0,0.0,0.0,0.0,0.0
36,17,0.0,1.5853944,0.0,0.0,0.0,0.0,0.0,0.0,0.0,0.0,0.0,0.0,0.0,0.0,0.0
36,18,0.0,1.5009480000000002,0.0,0.0,0.0,0.0,0.0,0.0,0.0,0.0,0.0,0.0,0.0,0.0,0.0
36,19,43.53685136336787,1.4731848,45.16270888316228,68.02790191753232,0.0,6.0,0.0,0.0,0.0,0.0,43.53685136336789,0.0,0.0,0.0,0.0
36,20,40.790294623146764,1.39405968,42.31358363397018,60.38824047871011,0.0,6.0,0.0,0.0,0.0,0.0,40.79029462314678,0.0,0.0,0.0,0.0
36,21,42.85481727293964,1.38723456,44.45520463997935,63.14126352203502,0.0,6.0,0.0,0.0,0.0,0.0,42.854817272939655,0.0,0.0,0.0,0.0
36,22,40.08550290252217,1.38769728,41.582471890583626,59.08026295781767,0.0,7.0,0.0,0.0,0.0,0.0,40.085502902522045,0.0,0.0,0.0,0.0
36,23,43.19240739704526,0.8577672,44.80540186415484,39.915662903594395,0.0,6.0,0.0,0.0,0.0,0.0,43.192407397045265,0.0,0.0,0.0,0.0
37,0,28.606864783094196,1.2175319999999998,29.67517093682195,37.1127183790595,0.0,4.0,0.0,0.0,0.0,0.0,28.606864783094196,0.0,0.0,0.0,0.0
37,1,43.80143397209251,0.98247024,45.43717217022238,46.14463984583406,0.0,6.0,0.0,0.0,0.0,0.0,43.801433972092525,0.0,0.0,0.0,0.0
37,2,25.400267823629513,0.91479744,26.348825543184375,24.975984279391078,0.0,4.0,0.0,0.0,0.0,0.0,25.400267823629513,0.0,0.0,0.0,0.0
37,3,29.6,1.04100432,30.705394190872838,32.98079654771942,0.0,4.0,0.0,0.0,0.0,0.0,29.6,0.0,0.0,0.0,0.0
37,4,37.0,1.38827568,38.381742738589914,54.554875684648295,0.0,6.0,0.0,0.0,0.0,0.0,37.0,0.0,0.0,0.0,0.0
37,5,43.80143397209251,1.4605756799999998,45.43717217022102,67.86839903863194,0.0,6.0,0.0,0.0,0.0,0.0,43.80143397209252,0.0,0.0,0.0,0.0
37,6,46.327480512576145,2.03215056,48.05755239893815,93.83914526936468,23.321384035585414,6.0,0.0,0.0,0.0,1.0,43.801433972092525,0.0,0.0,0.0,2.5260465404836334
37,7,7.4,2.3211192,7.6763485477182325,18.07180713693038,0.0,1.0,0.0,0.0,0.0,0.0,7.4,0.0,0.0,0.0,0.0
37,8,0.0,2.46849552,0.0,0.0,0.0,0.0,0.0,0.0,0.0,0.0,0.0,0.0,0.0,0.0,0.0
37,9,0.0,2.3211192,0.0,0.0,0.0,0.0,0.0,0.0,0.0,0.0,0.0,0.0,0.0,0.0,0.0
37,10,0.0,2.14100544,0.0,0.0,0.0,0.0,0.0,0.0,0.0,0.0,0.0,0.0,0.0,0.0,0.0
37,11,0.0,2.08038912,0.0,0.0,0.0,0.0,0.0,0.0,0.0,0.0,0.0,0.0,0.0,0.0,0.0
37,12,0.0,1.95175296,0.0,0.0,0.0,0.0,0.0,0.0,0.0,0.0,0.0,0.0,0.0,0.0,0.0
37,13,0.0,1.84255104,0.0,0.0,0.0,0.0,0.0,0.0,0.0,0.0,0.0,0.0,0.0,0.0,0.0
37,14,4.952484230175487,1.4870664000000002,5.137431774040961,0.0,45.72314278896456,0.0,0.0,0.0,0.0,1.0,0.0,0.0,0.0,0.0,4.952484230175487
37,15,29.6,1.67516208,30.705394190872013,52.45286054771894,0.0,4.0,0.0,0.0,0.0,0.0,29.6,0.0,0.0,0.0,0.0
37,16,0.0,2.03573664,0.0,0.0,0.0,0.0,0.0,0.0,0.0,0.0,0.0,0.0,0.0,0.0,0.0
37,17,4.37745825147269,2.22764976,4.540931796133496,0.0,40.41429298558811,0.0,0.0,0.0,0.0,2.0,0.0,0.0,0.0,0.0,4.37745825147269
37,18,14.8,1.83109872,15.352697095438012,28.62047827386326,0.0,2.0,0.0,0.0,0.0,0.0,14.8,0.0,0.0,0.0,0.0
37,19,49.72220411376002,1.45028016,51.57904991054,67.40059972381006,54.66271188883856,6.0,0.0,0.0,0.0,1.0,43.80143397209258,0.0,0.0,0.0,5.9207701416674565
37,20,43.801433972092504,1.3927872,45.43717217022141,64.7882822017149,0.0,7.0,0.0,0.0,0.0,0.0,43.801433972092525,0.0,0.0,0.0,0.0
37,21,39.324064540591536,0.98050368,40.79259807115334,41.347527521681926,0.0,6.0,0.0,0.0,0.0,0.0,39.32406454059145,0.0,0.0,0.0,0.0
37,22,41.770994970710916,0.65266656,43.330907645966256,29.714887478051978,0.0,6.0,0.0,0.0,0.0,0.0,41.770994970710916,0.0,0.0,0.0,0.0
37,23,41.98420536135677,0.47694864,43.55208025037055,22.213679300872357,0.0,6.0,0.0,0.0,0.0,0.0,41.98420536135678,0.0,0.0,0.0,0.0
38,0,43.539771221129556,0.46202592,45.165737781257164,22.362727471423714,0.0,6.0,0.0,0.0,0.0,0.0,43.539771221129556,0.0,0.0,0.0,0.0
38,1,43.801433972092724,0.40094688,45.43717217022103,19.72186281650727,0.0,6.0,0.0,0.0,0.0,0.0,43.801433972092724,0.0,0.0,0.0,0.0
38,2,43.8014339720891,0.38567712,45.43717217021741,19.028048102387796,0.0,7.0,0.0,0.0,0.0,0.0,43.80143397208913,0.0,0.0,0.0,0.0
38,3,43.80143397209252,0.37561296,45.437172170221096,18.570761131720687,0.0,6.0,0.0,0.0,0.0,0.0,43.801433972092525,0.0,0.0,0.0,0.0
38,4,39.98224091134847,0.38371056,41.47535364247839,17.287365377919457,0.0,6.0,0.0,0.0,0.0,0.0,39.98224091134847,0.0,0.0,0.0,0.0
38,5,43.80143397209251,0.4233888,45.43717217022077,20.741560199377474,0.0,6.0,0.0,0.0,0.0,0.0,43.801433972092525,0.0,0.0,0.0,0.0
38,6,43.80143397209251,0.6906096,45.437172170220975,32.88331769644176,0.0,6.0,0.0,0.0,0.0,0.0,43.801433972092525,0.0,0.0,0.0,0.0
38,7,43.80143397209241,0.7944902400000001,45.43717217022079,37.60336022127434,0.0,6.0,0.0,0.0,0.0,0.0,43.80143397209241,0.0,0.0,0.0,0.0
38,8,7.4,0.7354934399999999,7.676348547717948,5.8999911369295415,0.0,1.0,0.0,0.0,0.0,0.0,7.4,0.0,0.0,0.0,0.0
38,9,0.0,0.8205182400000001,0.0,0.0,0.0,0.0,0.0,0.0,0.0,0.0,0.0,0.0,0.0,0.0,0.0
38,10,0.0,0.87754848,0.0,0.0,0.0,0.0,0.0,0.0,0.0,0.0,0.0,0.0,0.0,0.0,0.0
38,11,0.0,0.79923312,0.0,0.0,0.0,0.0,0.0,0.0,0.0,0.0,0.0,0.0,0.0,0.0,0.0
38,12,0.0,0.6938486399999999,0.0,0.0,0.0,0.0,0.0,0.0,0.0,0.0,0.0,0.0,0.0,0.0,0.0
38,13,0.0,0.6930388799999999,0.0,0.0,0.0,0.0,0.0,0.0,0.0,0.0,0.0,0.0,0.0,0.0,0.0
38,14,0.0,0.65845056,0.0,0.0,0.0,0.0,0.0,0.0,0.0,0.0,0.0,0.0,0.0,0.0,0.0
38,15,37.0,0.6929232,38.38174273859009,27.866035684647944,0.0,5.0,0.0,0.0,0.0,0.0,37.0,0.0,0.0,0.0,0.0
38,16,0.0,0.68528832,0.0,0.0,0.0,0.0,0.0,0.0,0.0,0.0,0.0,0.0,0.0,0.0,0.0
38,17,14.8,0.9821232,15.352697095435934,15.586414273859173,0.0,2.0,0.0,0.0,0.0,0.0,14.8,0.0,0.0,0.0,0.0
38,18,43.801433972088724,1.0139352,45.43717217021817,47.574318650678805,0.0,6.0,0.0,0.0,0.0,0.0,43.801433972088724,0.0,0.0,0.0,0.0
38,19,43.80143397209252,1.26692736,45.43717217022106,59.06956698231794,0.0,6.0,0.0,0.0,0.0,0.0,43.801433972092525,0.0,0.0,0.0,0.0
38,20,43.45250430106458,1.30857216,45.07521193056527,60.47615695333927,0.0,7.0,0.0,0.0,0.0,0.0,43.4525043010646,0.0,0.0,0.0,0.0
38,21,37.0,1.3945223999999998,38.381742738589814,54.794635684648156,0.0,5.0,0.0,0.0,0.0,0.0,37.0,0.0,0.0,0.0,0.0
38,22,42.20973272727945,1.39463808,43.78602980008395,62.51498211759465,0.0,6.0,0.0,0.0,0.0,0.0,42.209732727279466,0.0,0.0,0.0,0.0
38,23,41.766690182454035,1.35380304,43.32644209798187,60.089574258075025,0.0,7.0,0.0,0.0,0.0,0.0,41.76669018245405,0.0,0.0,0.0,0.0
39,0,43.80143397209189,0.92463024,45.43717217022045,43.516553807506554,0.0,6.0,0.0,0.0,0.0,0.0,43.80143397209189,0.0,0.0,0.0,0.0
39,1,43.80143397209251,0.90380784,45.43717217022102,42.57044283370988,0.0,6.0,0.0,0.0,0.0,0.0,43.801433972092525,0.0,0.0,0.0,0.0
39,2,43.80143397209251,0.82838448,45.43717217022279,39.143418639734854,0.0,6.0,0.0,0.0,0.0,0.0,43.801433972092525,0.0,0.0,0.0,0.0
39,3,43.801433972092525,0.75180432,45.437172170221075,35.6638327249903,0.0,6.0,0.0,0.0,0.0,0.0,43.80143397209242,0.0,0.0,0.0,0.0
39,4,43.406864783097795,0.7519199999999999,45.027868032260066,35.3477769626848,0.0,6.0,0.0,0.0,0.0,0.0,43.406864783097795,0.0,0.0,0.0,0.0
39,5,37.56647186150128,0.76163712,38.969369150935215,30.97040420723109,0.0,6.0,0.0,0.0,0.0,0.0,37.56647186150128,0.0,0.0,0.0,0.0
39,6,45.16750330316368,1.2183417599999995,46.85425653855218,56.86197471012541,12.612050878140074,6.0,0.0,0.0,0.0,1.0,43.80143397209323,0.0,0.0,0.0,1.3660693310704528
39,7,29.6,1.38133488,30.705394190874486,43.43078054772225,0.0,4.0,0.0,0.0,0.0,0.0,29.6,0.0,0.0,0.0,0.0
39,8,7.4,1.3879286400000002,7.676348547717986,10.908311136929665,0.0,1.0,0.0,0.0,0.0,0.0,7.4,0.0,0.0,0.0,0.0
39,9,0.0,1.3632888,0.0,0.0,0.0,0.0,0.0,0.0,0.0,0.0,0.0,0.0,0.0,0.0,0.0
39,10,0.0,1.0885488,0.0,0.0,0.0,0.0,0.0,0.0,0.0,0.0,0.0,0.0,0.0,0.0,0.0
39,11,0.0,0.7516886400000001,0.0,0.0,0.0,0.0,0.0,0.0,0.0,0.0,0.0,0.0,0.0,0.0,0.0
39,12,0.0,0.48226992,0.0,0.0,0.0,0.0,0.0,0.0,0.0,0.0,0.0,0.0,0.0,0.0,0.0
39,13,0.0,0.3944688,0.0,0.0,0.0,0.0,0.0,0.0,0.0,0.0,0.0,0.0,0.0,0.0,0.0
39,14,0.0,0.338364,0.0,0.0,0.0,0.0,0.0,0.0,0.0,0.0,0.0,0.0,0.0,0.0,0.0
39,15,14.8,0.33477792,15.352697095436255,5.647918273859132,0.0,2.0,0.0,0.0,0.0,0.0,14.8,0.0,0.0,0.0,0.0
39,16,0.0,0.33443088,0.0,0.0,0.0,0.0,0.0,0.0,0.0,0.0,0.0,0.0,0.0,0.0,0.0
39,17,7.4,0.3331583999999999,7.676348547718013,2.8115271369295227,0.0,1.0,0.0,0.0,0.0,0.0,7.4,0.0,0.0,0.0,0.0
39,18,35.03986180020165,0.32818416,36.34840435705881,12.572377050889529,13.788477725838197,6.0,0.0,0.0,0.0,1.0,33.546368257762545,0.0,0.0,0.0,1.4934935424391034
39,19,36.27761537471203,0.33246432,37.63238109410011,13.757055804645562,0.0,6.0,0.0,0.0,0.0,0.0,36.27761537471203,0.0,0.0,0.0,0.0
39,20,43.20286794418242,0.29417424,44.816253054131536,14.667205157938579,0.0,7.0,0.0,0.0,0.0,0.0,43.20286794418244,0.0,0.0,0.0,0.0
39,21,37.16625882665975,0.24894336,38.55421040109983,10.873959043673143,0.0,6.0,0.0,0.0,0.0,0.0,37.166258826659764,0.0,0.0,0.0,0.0
39,22,43.80143397209251,0.22916208,45.43717217022109,11.916447282680295,0.0,6.0,0.0,0.0,0.0,0.0,43.801433972092525,0.0,0.0,0.0,0.0
39,23,43.80143397209252,0.16114224,45.437172170221245,8.825818101609435,0.0,6.0,0.0,0.0,0.0,0.0,43.801433972092525,0.0,0.0,0.0,0.0
40,0,42.0022023202529,0.13916304,43.5707492948686,7.50562972861192,0.0,6.0,0.0,0.0,0.0,0.0,42.0022023202529,0.0,0.0,0.0,0.0
40,1,43.801433972090365,0.11579568,45.43717217021879,6.765398647561802,0.0,6.0,0.0,0.0,0.0,0.0,43.801433972090365,0.0,0.0,0.0,0.0
40,2,43.80143397209251,0.0886108799999999,45.437172170223256,5.530198209549377,0.0,6.0,0.0,0.0,0.0,0.0,43.801433972092525,0.0,0.0,0.0,0.0
40,3,39.226798943289225,0.08479344,40.69170014864078,4.797284509971773,0.0,6.0,0.0,0.0,0.0,0.0,39.226798943289225,0.0,0.0,0.0,0.0
40,4,43.80143397209252,0.1370807999999999,45.437172170221274,7.732534309665987,0.0,6.0,0.0,0.0,0.0,0.0,43.801433972092525,0.0,0.0,0.0,0.0
40,5,37.27713708988658,0.190872,38.66922934635592,8.660824635162028,0.0,6.0,0.0,0.0,0.0,0.0,37.27713708988658,0.0,0.0,0.0,0.0
40,6,39.83266550094684,0.23725968,41.32019242836849,11.171314002472128,0.0,6.0,0.0,0.0,0.0,0.0,39.83266550094671,0.0,0.0,0.0,0.0
40,7,40.517262007410615,0.29024112,42.030354779471594,13.207850998708146,10.522601666573102,6.0,0.0,0.0,0.0,1.0,39.37751054599754,0.0,0.0,0.0,1.1397514614130866
40,8,7.4,0.32876256,7.676348547717948,2.7777831369294987,0.0,1.0,0.0,0.0,0.0,0.0,7.4,0.0,0.0,0.0,0.0
40,9,0.0,0.33674448,0.0,0.0,0.0,0.0,0.0,0.0,0.0,0.0,0.0,0.0,0.0,0.0,0.0
40,10,0.0,0.3406775999999999,0.0,0.0,0.0,0.0,0.0,0.0,0.0,0.0,0.0,0.0,0.0,0.0,0.0
40,11,0.0,0.3329270399999999,0.0,0.0,0.0,0.0,0.0,0.0,0.0,0.0,0.0,0.0,0.0,0.0,0.0
40,12,0.0,0.3227472,0.0,0.0,0.0,0.0,0.0,0.0,0.0,0.0,0.0,0.0,0.0,0.0,0.0
40,13,0.0,0.2990328,0.0,0.0,0.0,0.0,0.0,0.0,0.0,0.0,0.0,0.0,0.0,0.0,0.0
40,14,0.0,0.29197632,0.0,0.0,0.0,0.0,0.0,0.0,0.0,0.0,0.0,0.0,0.0,0.0,0.0
40,15,24.866554182951468,0.29602512,25.795180687706928,8.489841939263224,0.0,4.0,0.0,0.0,0.0,0.0,24.866554182951468,0.0,0.0,0.0,0.0
40,16,0.15298916975890897,0.29509968,0.15870245825612966,0.0,1.4124518784795541,0.0,0.0,0.0,0.0,1.0,0.0,0.0,0.0,0.0,0.15298916975890897
40,17,14.8,0.312336,15.352697095435934,5.303374273859008,0.0,2.0,0.0,0.0,0.0,0.0,14.8,0.0,0.0,0.0,0.0
40,18,43.80143397209251,0.30273456,45.43717217022127,15.259372723430506,0.0,6.0,0.0,0.0,0.0,0.0,43.801433972092525,0.0,0.0,0.0,0.0
40,19,43.80143397209251,0.27959856,45.43717217022366,14.208138308101013,0.0,6.0,0.0,0.0,0.0,0.0,43.801433972092525,0.0,0.0,0.0,0.0
40,20,43.80143397209252,0.27103824,45.43717217022118,13.81918157442805,0.0,6.0,0.0,0.0,0.0,0.0,43.801433972092525,0.0,0.0,0.0,0.0
40,21,43.80143397209252,0.25889184,45.437172170222915,13.267283506380181,0.0,6.0,0.0,0.0,0.0,0.0,43.801433972092525,0.0,0.0,0.0,0.0
40,22,43.80143397209252,0.24767088,45.437172170222524,12.757434814944887,0.0,6.0,0.0,0.0,0.0,0.0,43.801433972092525,0.0,0.0,0.0,0.0
40,23,14.8,0.23216976,15.352697095436126,4.072606273859039,0.0,2.0,0.0,0.0,0.0,0.0,14.8,0.0,0.0,0.0,0.0
41,0,38.419687673326465,0.21192576,39.85444779390839,9.765366360082728,0.0,6.0,0.0,0.0,0.0,0.0,38.41968767332647,0.0,0.0,0.0,0.0
41,1,37.0,0.20672016,38.38174273859177,9.204715684647915,0.0,5.0,0.0,0.0,0.0,0.0,37.0,0.0,0.0,0.0,0.0
41,2,39.96926156620664,0.20637312,41.46188959150081,9.929008061572222,0.0,6.0,0.0,0.0,0.0,0.0,39.969261566206654,0.0,0.0,0.0,0.0
41,3,43.80143397209249,0.21840384,45.43717217022068,11.427623279551632,0.0,7.0,0.0,0.0,0.0,0.0,43.80143397209252,0.0,0.0,0.0,0.0
41,4,43.801433972092504,0.22349376,45.437172170220904,11.658894850924343,0.0,6.0,0.0,0.0,0.0,0.0,43.801433972092525,0.0,0.0,0.0,0.0
41,5,43.80143397209251,0.22742688,45.43717217022126,11.837604701530575,0.0,6.0,0.0,0.0,0.0,0.0,43.801433972092525,0.0,0.0,0.0,0.0
41,6,38.01777298014111,0.29509968,39.43752383832119,12.943382703729387,0.0,7.0,0.0,0.0,0.0,0.0,38.017772980141125,0.0,0.0,0.0,0.0
41,7,29.6,1.05986016,30.705394190871793,33.5597725477183,0.0,4.0,0.0,0.0,0.0,0.0,29.6,0.0,0.0,0.0,0.0
41,8,0.0,1.34674656,0.0,0.0,0.0,0.0,0.0,0.0,0.0,0.0,0.0,0.0,0.0,0.0,0.0
41,9,0.0,1.26912528,0.0,0.0,0.0,0.0,0.0,0.0,0.0,0.0,0.0,0.0,0.0,0.0,0.0
41,10,0.0,0.9936912,0.0,0.0,0.0,0.0,0.0,0.0,0.0,0.0,0.0,0.0,0.0,0.0,0.0
41,11,0.0,0.7742462400000001,0.0,0.0,0.0,0.0,0.0,0.0,0.0,0.0,0.0,0.0,0.0,0.0,0.0
41,12,0.0,0.69315456,0.0,0.0,0.0,0.0,0.0,0.0,0.0,0.0,0.0,0.0,0.0,0.0,0.0
41,13,0.0,0.63543024,0.0,0.0,0.0,0.0,0.0,0.0,0.0,0.0,0.0,0.0,0.0,0.0,0.0
41,14,0.0,0.57828432,0.0,0.0,0.0,0.0,0.0,0.0,0.0,0.0,0.0,0.0,0.0,0.0,0.0
41,15,22.200000000000003,0.4329902399999999,23.029045643153925,10.733613410788566,0.0,3.0,0.0,0.0,0.0,0.0,22.200000000000003,0.0,0.0,0.0,0.0
41,16,0.0,0.4447896,0.0,0.0,0.0,0.0,0.0,0.0,0.0,0.0,0.0,0.0,0.0,0.0,0.0
41,17,0.0,0.47729568,0.0,0.0,0.0,0.0,0.0,0.0,0.0,0.0,0.0,0.0,0.0,0.0,0.0
41,18,22.200000000000003,0.3620783999999999,23.029045643156934,9.100581410789726,0.0,3.0,0.0,0.0,0.0,0.0,22.200000000000003,0.0,0.0,0.0,0.0
41,19,43.801433972092454,0.34680864,45.43717217022084,17.261974284634448,0.0,7.0,0.0,0.0,0.0,0.0,43.80143397209247,0.0,0.0,0.0,0.0
41,20,43.80143397209252,0.34495776,45.43717217022093,17.177875531408066,0.0,6.0,0.0,0.0,0.0,0.0,43.801433972092525,0.0,0.0,0.0,0.0
41,21,34.84660319035065,0.35675712,36.1479286206962,14.09252734603019,0.0,5.0,0.0,0.0,0.0,0.0,34.84660319035065,0.0,0.0,0.0,0.0
41,22,31.457364685072704,0.3477340799999999,32.63212104260704,12.427423795709888,0.0,5.0,0.0,0.0,0.0,0.0,31.45736468507271,0.0,0.0,0.0,0.0
41,23,29.6,0.34715568,30.705394190871907,11.675900547718047,0.0,4.0,0.0,0.0,0.0,0.0,29.6,0.0,0.0,0.0,0.0
42,0,43.80143397209251,0.37549728,45.43717217022066,18.56550495964386,0.0,6.0,0.0,0.0,0.0,0.0,43.801433972092525,0.0,0.0,0.0,0.0
42,1,43.80143397209251,0.37665408,45.43717217022146,18.6180666804107,0.0,6.0,0.0,0.0,0.0,0.0,43.801433972092525,0.0,0.0,0.0,0.0
42,2,27.170266770935108,0.352824,28.18492403624017,10.87723862376195,0.0,4.0,0.0,0.0,0.0,0.0,27.170266770935108,0.0,0.0,0.0,0.0
42,3,22.200000000000003,0.3372072,23.02904564315392,8.527821410788528,0.0,3.0,0.0,0.0,0.0,0.0,22.200000000000003,0.0,0.0,0.0,0.0
42,4,21.557468757195274,0.32320992,22.362519457672075,7.96798751896158,0.0,3.0,0.0,0.0,0.0,0.0,21.557468757195274,0.0,0.0,0.0,0.0
42,5,37.0,0.31684752,38.381742738590056,13.431595684647597,0.0,6.0,0.0,0.0,0.0,0.0,37.0,0.0,0.0,0.0,0.0
42,6,22.200000000000003,0.3262176,23.029045643153843,8.274741410788497,0.0,3.0,0.0,0.0,0.0,0.0,22.200000000000003,0.0,0.0,0.0,0.0
42,7,40.365835855866244,0.3453048,41.873273709405396,15.845047763352806,0.0,6.0,0.0,0.0,0.0,0.0,40.365835855866244,0.0,0.0,0.0,0.0
42,8,38.736761373860205,0.37781088,40.18336242101744,16.51178081377921,0.0,6.0,0.0,0.0,0.0,0.0,38.736761373860205,0.0,0.0,0.0,0.0
42,9,38.52557998317727,0.40985424,39.9642945883586,17.702353736522497,0.0,6.0,0.0,0.0,0.0,0.0,38.52557998317727,0.0,0.0,0.0,0.0
42,10,22.200000000000003,0.42813168,23.029045643153925,10.621725410788565,0.0,3.0,0.0,0.0,0.0,0.0,22.200000000000003,0.0,0.0,0.0,0.0
42,11,0.0,0.4436328,0.0,0.0,0.0,0.0,0.0,0.0,0.0,0.0,0.0,0.0,0.0,0.0,0.0
42,12,0.0,0.5220638400000001,0.0,0.0,0.0,0.0,0.0,0.0,0.0,0.0,0.0,0.0,0.0,0.0,0.0
42,13,0.0,0.6502372799999999,0.0,0.0,0.0,0.0,0.0,0.0,0.0,0.0,0.0,0.0,0.0,0.0,0.0
42,14,0.0,0.59390112,0.0,0.0,0.0,0.0,0.0,0.0,0.0,0.0,0.0,0.0,0.0,0.0,0.0
42,15,22.200000000000003,0.6935016,23.029045643153985,16.73294141078872,0.0,3.0,0.0,0.0,0.0,0.0,22.200000000000003,0.0,0.0,0.0,0.0
42,16,0.0,1.0259659200000002,0.0,0.0,0.0,0.0,0.0,0.0,0.0,0.0,0.0,0.0,0.0,0.0,0.0
42,17,0.0,1.1564529599999998,0.0,0.0,0.0,0.0,0.0,0.0,0.0,0.0,0.0,0.0,0.0,0.0,0.0
42,18,0.0,1.25651616,0.0,0.0,0.0,0.0,0.0,0.0,0.0,0.0,0.0,0.0,0.0,0.0,0.0
42,19,36.42284299042483,1.22146512,37.78303214774381,47.40127426039807,0.0,6.0,0.0,0.0,0.0,0.0,36.42284299042483,0.0,0.0,0.0,0.0
42,20,43.80143397209251,1.1215176,45.43717217022073,52.46255868196704,0.0,6.0,0.0,0.0,0.0,0.0,43.80143397209252,0.0,0.0,0.0,0.0
42,21,43.80143397209251,1.1030087999999998,45.43717217022122,51.62157114970341,0.0,6.0,0.0,0.0,0.0,0.0,43.801433972092525,0.0,0.0,0.0,0.0
42,22,37.0,0.8716487999999999,38.38174273858888,34.725835684647,0.0,5.0,0.0,0.0,0.0,0.0,37.0,0.0,0.0,0.0,0.0
42,23,43.80143397209251,0.6929232,45.43717217021641,32.988441137971456,0.0,6.0,0.0,0.0,0.0,0.0,43.801433972092525,0.0,0.0,0.0,0.0
43,0,36.6970367379765,0.71675328,38.067465495827,28.545013863332706,0.0,5.0,0.0,0.0,0.0,0.0,36.6970367379765,0.0,0.0,0.0,0.0
43,1,43.80143397209251,0.59366976,45.43717217022088,28.47864549620802,0.0,6.0,0.0,0.0,0.0,0.0,43.801433972092525,0.0,0.0,0.0,0.0
43,2,14.8,0.387528,15.352697095435934,6.457774273859027,0.0,2.0,0.0,0.0,0.0,0.0,14.8,0.0,0.0,0.0,0.0
43,3,29.6,0.28468848,30.70539419087192,9.757820547718019,0.0,4.0,0.0,0.0,0.0,0.0,29.6,0.0,0.0,0.0,0.0
43,4,7.4,0.268956,7.676348547717986,2.318687136929504,0.0,1.0,0.0,0.0,0.0,0.0,7.4,0.0,0.0,0.0,0.0
43,5,14.8,0.26617968,15.352697095436053,4.594750273859031,0.0,2.0,0.0,0.0,0.0,0.0,14.8,0.0,0.0,0.0,0.0
43,6,43.20286794418224,0.26860896,44.816253054131494,13.521465100058837,0.0,6.0,0.0,0.0,0.0,0.0,43.20286794418224,0.0,0.0,0.0,0.0
43,7,31.465063079057707,0.27323616,32.640106928483156,9.998845018460925,0.0,6.0,0.0,0.0,0.0,0.0,31.465063079057707,0.0,0.0,0.0,0.0
43,8,41.761131184679506,0.27740064,43.32067550278007,13.451097468845532,0.0,6.0,0.0,0.0,0.0,0.0,41.7611311846794,0.0,0.0,0.0,0.0
43,9,37.0,0.2857296,38.381742738589814,12.237235684647496,0.0,5.0,0.0,0.0,0.0,0.0,37.0,0.0,0.0,0.0,0.0
43,10,0.0,0.2886216,0.0,0.0,0.0,0.0,0.0,0.0,0.0,0.0,0.0,0.0,0.0,0.0,0.0
43,11,0.0,0.28087104,0.0,0.0,0.0,0.0,0.0,0.0,0.0,0.0,0.0,0.0,0.0,0.0,0.0
43,12,0.0,0.27369888,0.0,0.0,0.0,0.0,0.0,0.0,0.0,0.0,0.0,0.0,0.0,0.0,0.0
43,13,0.0,0.25611552,0.0,0.0,0.0,0.0,0.0,0.0,0.0,0.0,0.0,0.0,0.0,0.0,0.0
43,14,0.0,0.24848064,0.0,0.0,0.0,0.0,0.0,0.0,0.0,0.0,0.0,0.0,0.0,0.0,0.0
43,15,22.200000000000003,0.25114128,23.02904564315309,6.545805410788258,0.0,3.0,0.0,0.0,0.0,0.0,22.200000000000003,0.0,0.0,0.0,0.0
43,16,0.0,0.2753184,0.0,0.0,0.0,0.0,0.0,0.0,0.0,0.0,0.0,0.0,0.0,0.0,0.0
43,17,0.0,0.29417424,0.0,0.0,0.0,0.0,0.0,0.0,0.0,0.0,0.0,0.0,0.0,0.0,0.0
43,18,7.4,0.2892,7.676348547717948,2.474087136929495,0.0,1.0,0.0,0.0,0.0,0.0,7.4,0.0,0.0,0.0,0.0
43,19,43.80143397209252,0.27485568,45.43717217022105,13.992635252957497,0.0,6.0,0.0,0.0,0.0,0.0,43.801433972092525,0.0,0.0,0.0,0.0
43,20,43.80143397209252,0.25310784,45.43717217022179,13.00447490254729,0.0,6.0,0.0,0.0,0.0,0.0,43.80143397209252,0.0,0.0,0.0,0.0
43,21,43.80143397209251,0.2447788799999999,45.43717217022106,12.62603051302819,0.0,6.0,0.0,0.0,0.0,0.0,43.801433972092525,0.0,0.0,0.0,0.0
43,22,43.80143397209251,0.23216976,45.437172170221054,12.053107756673219,0.0,6.0,0.0,0.0,0.0,0.0,43.801433972092525,0.0,0.0,0.0,0.0
43,23,37.0,0.18693888,38.38174273858985,8.445475684647443,0.0,5.0,0.0,0.0,0.0,0.0,37.0,0.0,0.0,0.0,0.0
44,0,42.60361294242934,0.19769712,44.19461923488571,10.199990838908224,0.0,6.0,0.0,0.0,0.0,0.0,42.60361294242935,0.0,0.0,0.0,0.0
44,1,23.327626735468453,0.1700496,24.198782920610533,4.915973070808861,0.0,4.0,0.0,0.0,0.0,0.0,23.327626735468314,0.0,0.0,0.0,0.0
44,2,38.55440667849094,0.1581345599999999,39.99419779926486,7.648272818695379,0.0,6.0,0.0,0.0,0.0,0.0,38.55440667849094,0.0,0.0,0.0,0.0
44,3,14.8,0.14668224,15.352697095435616,2.7601422738589085,0.0,2.0,0.0,0.0,0.0,0.0,14.8,0.0,0.0,0.0,0.0
44,4,14.8,0.1868232,15.352697095435897,3.3764142738589675,0.0,2.0,0.0,0.0,0.0,0.0,14.8,0.0,0.0,0.0,0.0
44,5,43.80143397209251,0.22696416,45.43717217022022,11.816580013223698,0.0,6.0,0.0,0.0,0.0,0.0,43.801433972092525,0.0,0.0,0.0,0.0
44,6,31.69109383585841,0.2556528,32.874578667903165,9.49262663917731,0.0,5.0,0.0,0.0,0.0,0.0,31.69109383585841,0.0,0.0,0.0,0.0
44,7,29.6,0.40488,30.705394190873808,13.448348547718911,0.0,5.0,0.0,0.0,0.0,0.0,29.6,0.0,0.0,0.0,0.0
44,8,0.0,0.6938486399999999,0.0,0.0,0.0,0.0,0.0,0.0,0.0,0.0,0.0,0.0,0.0,0.0,0.0
44,9,0.0,0.6938486399999999,0.0,0.0,0.0,0.0,0.0,0.0,0.0,0.0,0.0,0.0,0.0,0.0,0.0
44,10,0.0,0.6930388799999999,0.0,0.0,0.0,0.0,0.0,0.0,0.0,0.0,0.0,0.0,0.0,0.0,0.0
44,11,0.0,0.6722164799999999,0.0,0.0,0.0,0.0,0.0,0.0,0.0,0.0,0.0,0.0,0.0,0.0,0.0
44,12,0.0,0.6771907199999999,0.0,0.0,0.0,0.0,0.0,0.0,0.0,0.0,0.0,0.0,0.0,0.0,0.0
44,13,0.0,0.6935016,0.0,0.0,0.0,0.0,0.0,0.0,0.0,0.0,0.0,0.0,0.0,0.0,0.0
44,14,0.0,0.7165219199999999,0.0,0.0,0.0,0.0,0.0,0.0,0.0,0.0,0.0,0.0,0.0,0.0,0.0
44,15,7.4,0.7907884799999999,7.676348547717864,6.324455136929478,0.0,1.0,0.0,0.0,0.0,0.0,7.4,0.0,0.0,0.0,0.0
44,16,0.0,1.25096352,0.0,0.0,0.0,0.0,0.0,0.0,0.0,0.0,0.0,0.0,0.0,0.0,0.0
44,17,7.4,1.27849536,7.676348547717948,10.068263136929598,0.0,1.0,0.0,0.0,0.0,0.0,7.4,0.0,0.0,0.0,0.0
44,18,37.0,1.27676016,38.3817427385901,50.274715684648456,0.0,5.0,0.0,0.0,0.0,0.0,37.0,0.0,0.0,0.0,0.0
44,19,36.40143397209251,0.7537708799999999,37.76082362250303,29.712892513363748,0.0,6.0,0.0,0.0,0.0,0.0,36.401433972092526,0.0,0.0,0.0,0.0
44,20,37.868953046739854,0.676728,39.28314631404599,27.884277181806638,0.0,6.0,0.0,0.0,0.0,0.0,37.868953046739854,0.0,0.0,0.0,0.0
44,21,43.80143397209251,0.35490624,45.437172170221096,17.629906330000125,0.0,6.0,0.0,0.0,0.0,0.0,43.801433972092525,0.0,0.0,0.0,0.0
44,22,43.80143397209251,0.35259264,45.437172170221054,17.52478288846709,0.0,6.0,0.0,0.0,0.0,0.0,43.801433972092525,0.0,0.0,0.0,0.0
44,23,43.80143397209251,0.38266944,45.437172170220975,18.891387628396366,0.0,6.0,0.0,0.0,0.0,0.0,43.801433972092525,0.0,0.0,0.0,0.0
45,0,43.8014339720924,0.44201328,45.437172170220904,21.58780390371837,0.0,6.0,0.0,0.0,0.0,0.0,43.8014339720924,0.0,0.0,0.0,0.0
45,1,43.80143397209251,0.64422192,45.437172170220386,30.77559269370424,0.0,6.0,0.0,0.0,0.0,0.0,43.801433972092525,0.0,0.0,0.0,0.0
45,2,43.801433972092624,0.98397408,45.43717217022121,46.21297008282934,0.0,6.0,0.0,0.0,0.0,0.0,43.801433972092624,0.0,0.0,0.0,0.0
45,3,14.8,1.2139459199999998,15.352697095435934,19.145518273859228,0.0,2.0,0.0,0.0,0.0,0.0,14.8,0.0,0.0,0.0,0.0
45,4,39.90737546267111,1.23002544,41.39769238866319,52.29047841341483,0.0,6.0,0.0,0.0,0.0,0.0,39.907375462671126,0.0,0.0,0.0,0.0
45,5,41.44607820579238,1.25246736,42.9938570599519,55.271499316779725,0.0,6.0,0.0,0.0,0.0,0.0,41.446078205792396,0.0,0.0,0.0,0.0
45,6,43.80143397209251,1.3955635199999998,45.43717217022091,64.91443033155383,0.0,6.0,0.0,0.0,0.0,0.0,43.801433972092525,0.0,0.0,0.0,0.0
45,7,29.6,2.24176272,30.705394190872006,69.8505565477193,0.0,4.0,0.0,0.0,0.0,0.0,29.6,0.0,0.0,0.0,0.0
45,8,0.0,2.32019376,0.0,0.0,0.0,0.0,0.0,0.0,0.0,0.0,0.0,0.0,0.0,0.0,0.0
45,9,0.0,2.01988848,0.0,0.0,0.0,0.0,0.0,0.0,0.0,0.0,0.0,0.0,0.0,0.0,0.0
45,10,0.0,1.40747856,0.0,0.0,0.0,0.0,0.0,0.0,0.0,0.0,0.0,0.0,0.0,0.0,0.0
45,11,0.0,1.40181024,0.0,0.0,0.0,0.0,0.0,0.0,0.0,0.0,0.0,0.0,0.0,0.0,0.0
45,12,0.0,1.45571712,0.0,0.0,0.0,0.0,0.0,0.0,0.0,0.0,0.0,0.0,0.0,0.0,0.0
45,13,0.0,1.37705472,0.0,0.0,0.0,0.0,0.0,0.0,0.0,0.0,0.0,0.0,0.0,0.0,0.0
45,14,0.0,1.4114116799999998,0.0,0.0,0.0,0.0,0.0,0.0,0.0,0.0,0.0,0.0,0.0,0.0,0.0
45,15,29.6,1.3598184000000002,30.705394190872383,42.77010854771926,0.0,4.0,0.0,0.0,0.0,0.0,29.6,0.0,0.0,0.0,0.0
45,16,0.0,1.6435814400000002,0.0,0.0,0.0,0.0,0.0,0.0,0.0,0.0,0.0,0.0,0.0,0.0,0.0
45,17,0.0,2.04140496,0.0,0.0,0.0,0.0,0.0,0.0,0.0,0.0,0.0,0.0,0.0,0.0,0.0
45,18,37.0,2.23944912,38.38174273858991,87.22439568464888,0.0,5.0,0.0,0.0,0.0,0.0,37.0,0.0,0.0,0.0,0.0
45,19,43.801433972092404,1.50060096,45.43717217022102,69.68703457715326,0.0,6.0,0.0,0.0,0.0,0.0,43.801433972092404,0.0,0.0,0.0,0.0
45,20,42.40432449990269,1.2650764799999998,43.98788848537674,57.10404223657889,0.0,6.0,0.0,0.0,0.0,0.0,42.40432449990269,0.0,0.0,0.0,0.0
45,21,43.80143397209251,1.26125904,45.437172170220705,58.812014550561585,0.0,6.0,0.0,0.0,0.0,0.0,43.801433972092525,0.0,0.0,0.0,0.0
45,22,38.63179480260327,1.22690208,40.07447593631091,50.493923034661684,0.0,6.0,0.0,0.0,0.0,0.0,38.63179480260328,0.0,0.0,0.0,0.0
45,23,38.234764469779435,1.20434448,39.662618744585046,49.080288627831294,0.0,7.0,0.0,0.0,0.0,0.0,38.23476446977946,0.0,0.0,0.0,0.0
46,0,29.6,0.83486256,30.70539419087183,26.651132547718248,0.0,4.0,0.0,0.0,0.0,0.0,29.6,0.0,0.0,0.0,0.0
46,1,42.48837009945789,0.80154672,44.07507271728068,36.78711487723981,0.0,6.0,0.0,0.0,0.0,0.0,42.48837009945789,0.0,0.0,0.0,0.0
46,2,43.20286794418528,0.7743619199999999,44.81625305413454,36.18741773829734,0.0,6.0,0.0,0.0,0.0,0.0,43.20286794418528,0.0,0.0,0.0,0.0
46,3,14.8,0.78407904,15.35269709543603,12.545902273859202,0.0,2.0,0.0,0.0,0.0,0.0,14.8,0.0,0.0,0.0,0.0
46,4,37.26420690214694,0.83486256,38.65581628853458,33.551801264686176,0.0,7.0,0.0,0.0,0.0,0.0,37.26420690214681,0.0,0.0,0.0,0.0
46,5,43.801433972090756,0.80154672,45.43717217021927,37.92398671794879,0.0,6.0,0.0,0.0,0.0,0.0,43.801433972090756,0.0,0.0,0.0,0.0
46,6,37.85928692096671,1.2614904,39.27311921262322,50.842603110717576,0.0,6.0,0.0,0.0,0.0,0.0,37.85928692096662,0.0,0.0,0.0,0.0
46,7,22.200000000000003,1.30683696,23.029045643153935,30.857469410788926,0.0,3.0,0.0,0.0,0.0,0.0,22.200000000000003,0.0,0.0,0.0,0.0
46,8,7.4,2.11370496,7.676348547717948,16.47962313692969,0.0,1.0,0.0,0.0,0.0,0.0,7.4,0.0,0.0,0.0,0.0
46,9,0.0,1.7465366399999998,0.0,0.0,0.0,0.0,0.0,0.0,0.0,0.0,0.0,0.0,0.0,0.0,0.0
46,10,0.0,1.48845456,0.0,0.0,0.0,0.0,0.0,0.0,0.0,0.0,0.0,0.0,0.0,0.0,0.0
46,11,0.0,1.32731232,0.0,0.0,0.0,0.0,0.0,0.0,0.0,0.0,0.0,0.0,0.0,0.0,0.0
46,12,0.0,1.3131993599999998,0.0,0.0,0.0,0.0,0.0,0.0,0.0,0.0,0.0,0.0,0.0,0.0,0.0
46,13,7.736919685031044,1.30568016,8.025850295675358,0.0,71.4300676315107,0.0,0.0,0.0,0.0,1.0,0.0,0.0,0.0,0.0,7.736919685031044
46,14,0.0,1.3052174399999998,0.0,0.0,0.0,0.0,0.0,0.0,0.0,0.0,0.0,0.0,0.0,0.0,0.0
46,15,37.0,1.304292,38.38174273858877,51.331435684646706,0.0,5.0,0.0,0.0,0.0,0.0,37.0,0.0,0.0,0.0,0.0
46,16,0.0,1.30579584,0.0,0.0,0.0,0.0,0.0,0.0,0.0,0.0,0.0,0.0,0.0,0.0,0.0
46,17,0.0,1.29769824,0.0,0.0,0.0,0.0,0.0,0.0,0.0,0.0,0.0,0.0,0.0,0.0,0.0
46,18,37.0,1.25998656,38.38174273858986,49.63091568464812,0.0,5.0,0.0,0.0,0.0,0.0,37.0,0.0,0.0,0.0,0.0
46,19,42.20973272727893,1.21417728,43.78602980008426,54.61332015104803,0.0,6.0,0.0,0.0,0.0,0.0,42.20973272727895,0.0,0.0,0.0,0.0
46,20,42.590850001669494,0.8530243199999998,44.181379669781954,39.15019501654734,0.0,7.0,0.0,0.0,0.0,0.0,42.5908500016695,0.0,0.0,0.0,0.0
46,21,42.84851676983286,0.76545456,44.44866884837767,35.49468719480194,0.0,6.0,0.0,0.0,0.0,0.0,42.84851676983288,0.0,0.0,0.0,0.0
46,22,36.63090955906197,0.67487712,37.99886883720125,26.90232972261949,0.0,6.0,0.0,0.0,0.0,0.0,36.63090955906198,0.0,0.0,0.0,0.0
46,23,43.80143397209251,0.5736571200000001,45.43717217022106,27.56932772694749,0.0,6.0,0.0,0.0,0.0,0.0,43.801433972092525,0.0,0.0,0.0,0.0
47,0,43.80143397209251,0.50887632,45.43717217022076,24.625871364022665,0.0,6.0,0.0,0.0,0.0,0.0,43.801433972092525,0.0,0.0,0.0,0.0
47,1,43.80143397209251,0.43079232,45.437172170221615,21.07795521228354,0.0,6.0,0.0,0.0,0.0,0.0,43.801433972092525,0.0,0.0,0.0,0.0
47,2,22.200000000000003,0.35328672,23.029045643154227,8.898117410788654,0.0,3.0,0.0,0.0,0.0,0.0,22.200000000000003,0.0,0.0,0.0,0.0
47,3,38.64109503255649,0.30782448,40.08412347775658,13.665658952909954,0.0,6.0,0.0,0.0,0.0,0.0,38.64109503255651,0.0,0.0,0.0,0.0
47,4,7.4,0.30296592,7.676348547717948,2.5797591369294963,0.0,1.0,0.0,0.0,0.0,0.0,7.4,0.0,0.0,0.0,0.0
47,5,43.80143397209251,0.36311952,45.43717217021992,18.003094547441894,0.0,6.0,0.0,0.0,0.0,0.0,43.801433972092525,0.0,0.0,0.0,0.0
47,6,42.3379768395515,0.43865856,43.919063111568406,20.71919397006263,0.0,7.0,0.0,0.0,0.0,0.0,42.337976839551416,0.0,0.0,0.0,0.0
47,7,34.40778873009607,0.62397792,35.69272689844038,23.45290274955525,0.0,5.0,0.0,0.0,0.0,0.0,34.40778873009607,0.0,0.0,0.0,0.0
47,8,0.0,0.6087081599999999,0.0,0.0,0.0,0.0,0.0,0.0,0.0,0.0,0.0,0.0,0.0,0.0,0.0
47,9,4.94308761008748,0.52021296,5.1276842428293365,0.0,45.6363897611811,0.0,0.0,0.0,0.0,1.0,0.0,0.0,0.0,0.0,4.94308761008748
47,10,0.0,0.53467296,0.0,0.0,0.0,0.0,0.0,0.0,0.0,0.0,0.0,0.0,0.0,0.0,0.0
47,11,0.0,0.5380276799999999,0.0,0.0,0.0,0.0,0.0,0.0,0.0,0.0,0.0,0.0,0.0,0.0,0.0
47,12,0.0,0.5487859199999999,0.0,0.0,0.0,0.0,0.0,0.0,0.0,0.0,0.0,0.0,0.0,0.0,0.0
47,13,0.0,0.57816864,0.0,0.0,0.0,0.0,0.0,0.0,0.0,0.0,0.0,0.0,0.0,0.0,0.0
47,14,0.0,0.5681044799999999,0.0,0.0,0.0,0.0,0.0,0.0,0.0,0.0,0.0,0.0,0.0,0.0,0.0
47,15,14.8,0.5316652799999999,15.35269709543614,8.670670273859177,0.0,2.0,0.0,0.0,0.0,0.0,14.8,0.0,0.0,0.0,0.0
47,16,0.0,0.6355459199999999,0.0,0.0,0.0,0.0,0.0,0.0,0.0,0.0,0.0,0.0,0.0,0.0,0.0
47,17,3.8310591057463554,0.6939643200000001,3.9741277030563857,2.8894464560158535,0.0,1.0,0.0,0.0,0.0,0.0,3.8310591057463554,0.0,0.0,0.0,0.0
47,18,43.80143397209251,0.69685632,45.43717217022127,33.16715098858113,0.0,6.0,0.0,0.0,0.0,0.0,43.801433972092525,0.0,0.0,0.0,0.0
47,19,38.3913126372751,0.653592,39.82501310920764,27.347517901988013,0.0,6.0,0.0,0.0,0.0,0.0,38.391312637275,0.0,0.0,0.0,0.0
47,20,42.20973272727866,0.5633616,43.78602980008214,26.116685392204673,0.0,6.0,0.0,0.0,0.0,0.0,42.20973272727867,0.0,0.0,0.0,0.0
47,21,43.80143397208964,0.46272,45.43717217021825,22.52865870543761,0.0,6.0,0.0,0.0,0.0,0.0,43.80143397208964,0.0,0.0,0.0,0.0
47,22,42.80829875518926,0.42038112,44.406948916171686,20.137712930288327,0.0,6.0,0.0,0.0,0.0,0.0,42.80829875518926,0.0,0.0,0.0,0.0
47,23,41.998697583413445,0.3918081599999999,43.56711367574006,18.51202210846954,0.0,6.0,0.0,0.0,0.0,0.0,41.99869758341346,0.0,0.0,0.0,0.0
48,0,43.80143397209251,0.40476432,45.437172170220734,19.895316495036628,0.0,6.0,0.0,0.0,0.0,0.0,43.801433972092525,0.0,0.0,0.0,0.0
48,1,29.6,0.36508608,30.7053941908718,12.226460547718014,0.0,4.0,0.0,0.0,0.0,0.0,29.6,0.0,0.0,0.0,0.0
48,2,41.693071558118426,0.37202688,43.250074230413766,17.52176763273593,0.0,6.0,0.0,0.0,0.0,0.0,41.69307155811843,0.0,0.0,0.0,0.0
48,3,43.80143397209251,0.37110144,45.437172170221004,18.365770420731256,0.0,6.0,0.0,0.0,0.0,0.0,43.801433972092525,0.0,0.0,0.0,0.0
48,4,37.0,0.40106256,38.38174273858988,16.66391568464759,0.0,5.0,0.0,0.0,0.0,0.0,37.0,0.0,0.0,0.0,0.0
48,5,41.6065140052524,0.43449408,43.16028423781433,20.181493400719297,0.0,6.0,0.0,0.0,0.0,0.0,41.6065140052524,0.0,0.0,0.0,0.0
48,6,37.620177181884934,0.7814184,39.02508006419652,31.786645773761247,0.0,6.0,0.0,0.0,0.0,0.0,37.620177181884934,0.0,0.0,0.0,0.0
48,7,42.20535299154233,1.08750768,43.78148650574997,43.010875684648056,48.05771952772478,5.0,0.0,0.0,0.0,1.0,37.0,0.0,0.0,0.0,5.205352991542324
48,8,7.4,1.08750768,7.676348547717948,8.60217513692958,0.0,1.0,0.0,0.0,0.0,0.0,7.4,0.0,0.0,0.0,0.0
48,9,0.0,1.0294363199999998,0.0,0.0,0.0,0.0,0.0,0.0,0.0,0.0,0.0,0.0,0.0,0.0,0.0
48,10,0.0,1.01173728,0.0,0.0,0.0,0.0,0.0,0.0,0.0,0.0,0.0,0.0,0.0,0.0,0.0
48,11,5.398815383432092,0.6634248,5.600430895676444,0.0,49.84383497152036,0.0,0.0,0.0,0.0,1.0,0.0,0.0,0.0,0.0,5.398815383432092
48,12,0.0,0.5320123200000001,0.0,0.0,0.0,0.0,0.0,0.0,0.0,0.0,0.0,0.0,0.0,0.0,0.0
48,13,0.0,0.48724416,0.0,0.0,0.0,0.0,0.0,0.0,0.0,0.0,0.0,0.0,0.0,0.0,0.0
48,14,0.0,0.4141344,0.0,0.0,0.0,0.0,0.0,0.0,0.0,0.0,0.0,0.0,0.0,0.0,0.0
48,15,25.90722039241954,0.3805872,26.874709950642618,11.117723510293484,0.0,4.0,0.0,0.0,0.0,0.0,25.90722039241954,0.0,0.0,0.0,0.0
48,16,0.0,0.38949456,0.0,0.0,0.0,0.0,0.0,0.0,0.0,0.0,0.0,0.0,0.0,0.0,0.0
48,17,7.4,0.43218048,7.676348547718051,3.5716551369295577,0.0,1.0,0.0,0.0,0.0,0.0,7.4,0.0,0.0,0.0,0.0
48,18,37.0,0.4407408,38.38174273859018,18.186835684647757,0.0,5.0,0.0,0.0,0.0,0.0,37.0,0.0,0.0,0.0,0.0
48,19,43.01806990032219,0.42593376,44.62455383850919,20.48417673681331,0.0,6.0,0.0,0.0,0.0,0.0,43.01806990032219,0.0,0.0,0.0,0.0
48,20,22.200000000000003,0.4003684799999999,23.02904564315392,9.98236541078855,0.0,3.0,0.0,0.0,0.0,0.0,22.200000000000003,0.0,0.0,0.0,0.0
48,21,37.300916822216124,0.38035584,38.693897118482184,15.998217735995631,0.0,6.0,0.0,0.0,0.0,0.0,37.30091682221604,0.0,0.0,0.0,0.0
48,22,33.115723039925086,0.34461072,34.352409792453905,12.975273436442816,0.0,6.0,0.0,0.0,0.0,0.0,33.115723039925086,0.0,0.0,0.0,0.0
48,23,21.206864783094186,0.25704096,21.998822389102177,6.3827594468436,0.0,3.0,0.0,0.0,0.0,0.0,21.206864783094197,0.0,0.0,0.0,0.0
49,0,37.0,0.31765728,38.3817427385876,13.462675684646738,0.0,6.0,0.0,0.0,0.0,0.0,37.0,0.0,0.0,0.0,0.0
49,1,29.6,0.28839024,30.70539419087187,9.871484547718005,0.0,4.0,0.0,0.0,0.0,0.0,29.6,0.0,0.0,0.0,0.0
49,2,14.8,0.26583264,15.352697095435897,4.589422273858985,0.0,2.0,0.0,0.0,0.0,0.0,14.8,0.0,0.0,0.0,0.0
49,3,29.6,0.2903568,30.705394190871417,9.931868547717858,0.0,4.0,0.0,0.0,0.0,0.0,29.6,0.0,0.0,0.0,0.0
49,4,14.8,0.28295328,15.352697095435971,4.852270273859012,0.0,2.0,0.0,0.0,0.0,0.0,14.8,0.0,0.0,0.0,0.0
49,5,9.694695419419178,0.28815888,10.056737986949583,3.230816382140878,0.0,2.0,0.0,0.0,0.0,0.0,9.694695419419178,0.0,0.0,0.0,0.0
49,6,43.80143397209251,0.30979104,45.43717217022117,15.579999220106194,0.0,6.0,0.0,0.0,0.0,0.0,43.801433972092525,0.0,0.0,0.0,0.0
49,7,33.80736734043744,0.32367264,35.069883133234285,12.51197478993547,0.0,6.0,0.0,0.0,0.0,0.0,33.807367340437445,0.0,0.0,0.0,0.0
49,8,43.80143397209252,0.3464616,45.437172170221054,17.246205768404575,0.0,6.0,0.0,0.0,0.0,0.0,43.801433972092525,0.0,0.0,0.0,0.0
49,9,39.931083655900416,0.37757952,41.42228595010449,17.011284511291656,0.0,6.0,0.0,0.0,0.0,0.0,39.93108365590042,0.0,0.0,0.0,0.0
49,10,7.4,0.36751536,7.676348547717948,3.0752631369295034,0.0,1.0,0.0,0.0,0.0,0.0,7.4,0.0,0.0,0.0,0.0
49,11,0.0,0.34287552,0.0,0.0,0.0,0.0,0.0,0.0,0.0,0.0,0.0,0.0,0.0,0.0,0.0
49,12,0.0,0.32355696,0.0,0.0,0.0,0.0,0.0,0.0,0.0,0.0,0.0,0.0,0.0,0.0,0.0
49,13,0.0,0.31939248,0.0,0.0,0.0,0.0,0.0,0.0,0.0,0.0,0.0,0.0,0.0,0.0,0.0
49,14,0.0,0.31788864,0.0,0.0,0.0,0.0,0.0,0.0,0.0,0.0,0.0,0.0,0.0,0.0,0.0
49,15,28.006556483541242,0.3276057599999999,29.052444485001182,10.479384067820158,0.0,5.0,0.0,0.0,0.0,0.0,28.006556483540976,0.0,0.0,0.0,0.0
49,16,0.0,0.3719112,0.0,0.0,0.0,0.0,0.0,0.0,0.0,0.0,0.0,0.0,0.0,0.0,0.0
49,17,0.0,0.72658608,0.0,0.0,0.0,0.0,0.0,0.0,0.0,0.0,0.0,0.0,0.0,0.0,0.0
49,18,0.0,1.20526992,0.0,0.0,0.0,0.0,0.0,0.0,0.0,0.0,0.0,0.0,0.0,0.0,0.0
49,19,37.22336171207507,0.6938486399999999,38.613445759414326,28.06999188052001,0.0,6.0,0.0,0.0,0.0,0.0,37.22336171207508,0.0,0.0,0.0,0.0
49,20,42.50419974683318,0.53363184,44.091493513313104,24.988053247148,0.0,6.0,0.0,0.0,0.0,0.0,42.50419974683318,0.0,0.0,0.0,0.0
49,21,36.190204708603495,0.34322256,37.541706129256745,14.12779095732959,0.0,6.0,0.0,0.0,0.0,0.0,36.190204708603495,0.0,0.0,0.0,0.0
49,22,40.14263162131844,0.33824832,41.64173404701137,15.463587980244473,0.0,6.0,0.0,0.0,0.0,0.0,40.14263162131845,0.0,0.0,0.0,0.0
49,23,9.318474981454939,0.33986784,9.66646782308579,3.6052816244058095,0.0,2.0,0.0,0.0,0.0,0.0,9.318474981454939,0.0,0.0,0.0,0.0
50,0,43.80143397209251,0.46272,45.437172170221096,22.528658705439025,0.0,6.0,0.0,0.0,0.0,0.0,43.801433972092525,0.0,0.0,0.0,0.0
50,1,41.81769502565197,0.46283568,43.37935168636399,21.513368276536077,0.0,6.0,0.0,0.0,0.0,0.0,41.817695025651986,0.0,0.0,0.0,0.0
50,2,22.200000000000003,0.4846992,23.02904564315388,11.924421410788565,0.0,3.0,0.0,0.0,0.0,0.0,22.200000000000003,0.0,0.0,0.0,0.0
50,3,7.4,0.4514990399999999,7.676348547717707,3.7199511369293945,0.0,1.0,0.0,0.0,0.0,0.0,7.4,0.0,0.0,0.0,0.0
50,4,37.0,0.44721888,38.381742738589814,18.435475684647592,0.0,5.0,0.0,0.0,0.0,0.0,37.0,0.0,0.0,0.0,0.0
50,5,26.968458687516947,0.46272,27.97557955136652,13.870851853158548,0.0,4.0,0.0,0.0,0.0,0.0,26.968458687516947,0.0,0.0,0.0,0.0
50,6,43.80143397209251,0.42304176,45.43717217022273,20.725791683148415,0.0,6.0,0.0,0.0,0.0,0.0,43.801433972092525,0.0,0.0,0.0,0.0
50,7,34.678672504567686,0.52738512,35.9737266644898,20.16273850639377,0.0,5.0,0.0,0.0,0.0,0.0,34.678672504567686,0.0,0.0,0.0,0.0
50,8,43.80143397209251,0.68563536,45.43717217022153,32.65730229714615,0.0,6.0,0.0,0.0,0.0,0.0,43.80143397209252,0.0,0.0,0.0,0.0
50,9,43.80143397209251,0.98362704,45.43717217022039,46.19720156659856,0.0,6.0,0.0,0.0,0.0,0.0,43.801433972092525,0.0,0.0,0.0,0.0
50,10,7.4,0.8456208,7.676348547717986,6.745367136929586,0.0,1.0,0.0,0.0,0.0,0.0,7.4,0.0,0.0,0.0,0.0
50,11,0.0,0.6929232,0.0,0.0,0.0,0.0,0.0,0.0,0.0,0.0,0.0,0.0,0.0,0.0,0.0
50,12,0.0,0.5169739199999999,0.0,0.0,0.0,0.0,0.0,0.0,0.0,0.0,0.0,0.0,0.0,0.0,0.0
50,13,0.0,0.47162736,0.0,0.0,0.0,0.0,0.0,0.0,0.0,0.0,0.0,0.0,0.0,0.0,0.0
50,14,0.0,0.47798976,0.0,0.0,0.0,0.0,0.0,0.0,0.0,0.0,0.0,0.0,0.0,0.0,0.0
50,15,20.46083935948847,0.69338592,21.22493709490547,12.884533063123623,31.056700333541286,3.0,0.0,0.0,0.0,1.0,17.096945076170066,0.0,0.0,0.0,3.363894283318404
50,16,0.0,1.12545072,0.0,0.0,0.0,0.0,0.0,0.0,0.0,0.0,0.0,0.0,0.0,0.0,0.0
50,17,0.0,1.2163752,0.0,0.0,0.0,0.0,0.0,0.0,0.0,0.0,0.0,0.0,0.0,0.0,0.0
50,18,3.9382547843137656,1.2344212799999998,4.08532653974457,5.178238324875007,0.0,1.0,0.0,0.0,0.0,0.0,3.9382547843137754,0.0,0.0,0.0,0.0
50,19,36.83939724364376,1.16755824,38.215142368925534,45.88332557802356,0.0,7.0,0.0,0.0,0.0,0.0,36.83939724364379,0.0,0.0,0.0,0.0
50,20,43.80143397209251,1.11492384,45.437172170221,52.16295687359823,0.0,6.0,0.0,0.0,0.0,0.0,43.801433972092525,0.0,0.0,0.0,0.0
50,21,37.0,1.0939857599999998,38.3817427385902,43.259515684648406,0.0,5.0,0.0,0.0,0.0,0.0,37.0,0.0,0.0,0.0,0.0
50,22,43.80143397209252,0.80675232,45.43717217022106,38.16051446139959,0.0,6.0,0.0,0.0,0.0,0.0,43.801433972092525,0.0,0.0,0.0,0.0
50,23,39.26364474952538,0.6616896,40.72992193934253,28.298726172267017,0.0,6.0,0.0,0.0,0.0,0.0,39.2636447495254,0.0,0.0,0.0,0.0
51,0,25.980906263333345,0.62039184,26.951147576072287,17.612355019599022,0.0,4.0,0.0,0.0,0.0,0.0,25.980906263333345,0.0,0.0,0.0,0.0
51,1,28.008298755186416,0.5210227199999999,29.054251820733413,16.09962104646975,0.0,4.0,0.0,0.0,0.0,0.0,28.008298755186416,0.0,0.0,0.0,0.0
51,2,43.20286794418497,0.4945319999999999,44.816253054134215,23.646489231458936,0.0,6.0,0.0,0.0,0.0,0.0,43.20286794418483,0.0,0.0,0.0,0.0
51,3,33.26728224734119,0.38382624,34.50962888728362,14.387969815770544,0.0,6.0,0.0,0.0,0.0,0.0,33.26728224734119,0.0,0.0,0.0,0.0
51,4,22.200000000000003,0.33697584,23.02904564315392,8.52249341078853,0.0,3.0,0.0,0.0,0.0,0.0,22.200000000000003,0.0,0.0,0.0,0.0
51,5,29.6,0.39481584,30.705394190871992,13.139324547718108,0.0,6.0,0.0,0.0,0.0,0.0,29.6,0.0,0.0,0.0,0.0
51,6,38.1211993813189,0.44259168,39.54481263622357,18.811138358210417,0.0,6.0,0.0,0.0,0.0,0.0,38.12119938131891,0.0,0.0,0.0,0.0
51,7,22.773517844368364,0.5526033600000001,23.623981166357577,13.488189410788593,5.294926156512885,3.0,0.0,0.0,0.0,1.0,22.200000000000003,0.0,0.0,0.0,0.5735178443683618
51,8,7.4,0.62686992,7.676348547717986,5.066159136929555,0.0,1.0,0.0,0.0,0.0,0.0,7.4,0.0,0.0,0.0,0.0
51,9,0.0,0.5635929599999999,0.0,0.0,0.0,0.0,0.0,0.0,0.0,0.0,0.0,0.0,0.0,0.0,0.0
51,10,0.0,0.48539328,0.0,0.0,0.0,0.0,0.0,0.0,0.0,0.0,0.0,0.0,0.0,0.0,0.0
51,11,0.0,0.3996743999999999,0.0,0.0,0.0,0.0,0.0,0.0,0.0,0.0,0.0,0.0,0.0,0.0,0.0
51,12,0.0,0.4025663999999999,0.0,0.0,0.0,0.0,0.0,0.0,0.0,0.0,0.0,0.0,0.0,0.0,0.0
51,13,0.0,0.39527856,0.0,0.0,0.0,0.0,0.0,0.0,0.0,0.0,0.0,0.0,0.0,0.0,0.0
51,14,3.644374093149083,0.48030336,3.7804710509845263,0.0,33.64619235376229,0.0,0.0,0.0,0.0,1.0,0.0,0.0,0.0,0.0,3.644374093149083
51,15,43.80143397209271,0.59100912,45.43717217022146,28.357753538445408,0.0,6.0,0.0,0.0,0.0,0.0,43.801433972092525,0.0,0.0,0.0,0.0
51,16,0.0,0.5766648,0.0,0.0,0.0,0.0,0.0,0.0,0.0,0.0,0.0,0.0,0.0,0.0,0.0
51,17,14.8,0.66782064,15.352697095435989,10.761022273859133,0.0,2.0,0.0,0.0,0.0,0.0,14.8,0.0,0.0,0.0,0.0
51,18,43.80143397209251,0.69315456,45.43717217022078,32.99895348212794,0.0,6.0,0.0,0.0,0.0,0.0,43.801433972092525,0.0,0.0,0.0,0.0
51,19,43.80143397209251,0.64688256,45.43717217022097,30.896484651467606,0.0,6.0,0.0,0.0,0.0,0.0,43.801433972092525,0.0,0.0,0.0,0.0
51,20,41.363311248094924,0.6140294399999999,42.907999220015945,27.767029506769354,0.0,6.0,0.0,0.0,0.0,0.0,41.363311248094924,0.0,0.0,0.0,0.0
51,21,36.40143397209251,0.5772432,37.76082362250268,23.047061924393873,0.0,6.0,0.0,0.0,0.0,0.0,36.401433972092526,0.0,0.0,0.0,0.0
51,22,42.32365145228162,0.53594544,43.9042027513281,24.98348637247871,0.0,6.0,0.0,0.0,0.0,0.0,42.32365145228163,0.0,0.0,0.0,0.0
51,23,39.83153807429947,0.497424,41.31902289865136,21.920733304284113,0.0,6.0,0.0,0.0,0.0,0.0,39.83153807429947,0.0,0.0,0.0,0.0
52,0,39.54349644802244,0.52067568,41.02022453114439,22.71600273348717,0.0,6.0,0.0,0.0,0.0,0.0,39.54349644802245,0.0,0.0,0.0,0.0
52,1,41.75462898063882,0.49557312,43.31393047784146,22.898910765183533,0.0,7.0,0.0,0.0,0.0,0.0,41.75462898063884,0.0,0.0,0.0,0.0
52,2,22.200000000000003,0.49557312,23.02904564315392,12.174837410788587,0.0,3.0,0.0,0.0,0.0,0.0,22.200000000000003,0.0,0.0,0.0,0.0
52,3,43.801433972092525,0.5166268799999999,45.437172170221444,24.978034893158657,0.0,6.0,0.0,0.0,0.0,0.0,43.80143397209242,0.0,0.0,0.0,0.0
52,4,43.80143397209251,0.54809184,45.43717217022102,26.407713698007548,0.0,6.0,0.0,0.0,0.0,0.0,43.801433972092525,0.0,0.0,0.0,0.0
52,5,43.80143397209252,0.6061632,45.43717217022129,29.04631208048661,0.0,6.0,0.0,0.0,0.0,0.0,43.801433972092525,0.0,0.0,0.0,0.0
52,6,42.209732727279075,0.7404676800000001,43.786029800082055,33.871457488860344,0.0,6.0,0.0,0.0,0.0,0.0,42.209732727279075,0.0,0.0,0.0,0.0
52,7,22.200000000000003,1.12244304,23.029045643153882,26.61105341078879,0.0,3.0,0.0,0.0,0.0,0.0,22.200000000000003,0.0,0.0,0.0,0.0
52,8,7.4,1.1706816,7.676348547717986,9.240647136929633,0.0,1.0,0.0,0.0,0.0,0.0,7.4,0.0,0.0,0.0,0.0
52,9,7.012064201402098,1.18039872,7.273925520126658,0.0,64.73793712912726,0.0,0.0,0.0,0.0,1.0,0.0,0.0,0.0,0.0,7.012064201402098
52,10,10.739906768424426,1.17889488,11.140982124921605,0.0,99.15474091180229,0.0,0.0,0.0,0.0,2.0,0.0,0.0,0.0,0.0,10.739906768424426
52,11,0.0,1.17449904,0.0,0.0,0.0,0.0,0.0,0.0,0.0,0.0,0.0,0.0,0.0,0.0,0.0
52,12,0.0,1.18444752,0.0,0.0,0.0,0.0,0.0,0.0,0.0,0.0,0.0,0.0,0.0,0.0,0.0
52,13,0.0,1.19763504,0.0,0.0,0.0,0.0,0.0,0.0,0.0,0.0,0.0,0.0,0.0,0.0,0.0
52,14,0.0,1.25200464,0.0,0.0,0.0,0.0,0.0,0.0,0.0,0.0,0.0,0.0,0.0,0.0,0.0
52,15,41.379316296007126,1.32927888,42.92460196681041,58.47957115198895,0.0,6.0,0.0,0.0,0.0,0.0,41.379316296007126,0.0,0.0,0.0,0.0
52,16,0.0,1.65167904,0.0,0.0,0.0,0.0,0.0,0.0,0.0,0.0,0.0,0.0,0.0,0.0,0.0
52,17,0.0,1.9069848,0.0,0.0,0.0,0.0,0.0,0.0,0.0,0.0,0.0,0.0,0.0,0.0,0.0
52,18,41.65281904021511,2.0606078400000003,43.20831850644945,80.36015568465203,42.95652433393612,5.0,0.0,0.0,0.0,1.0,37.0,0.0,0.0,0.0,4.652819040215103
52,19,43.80143397209252,2.03886,45.437172170221054,94.14400324981123,0.0,6.0,0.0,0.0,0.0,0.0,43.801433972092525,0.0,0.0,0.0,0.0
52,20,44.31305601029544,1.91936256,45.967900425618105,88.71437749462423,4.723481473062425,7.0,0.0,0.0,0.0,1.0,43.80143397208949,0.0,0.0,0.0,0.5116220382058626
52,21,43.80143397209251,1.79292432,45.43717217022106,82.96938141485084,0.0,6.0,0.0,0.0,0.0,0.0,43.801433972092525,0.0,0.0,0.0,0.0
52,22,37.29106394577858,1.27560336,38.683676292302074,50.62545714088806,0.0,6.0,0.0,0.0,0.0,0.0,37.29106394577858,0.0,0.0,0.0,0.0
52,23,43.80143397209251,1.25061648,45.43717217022082,58.32844671950982,0.0,6.0,0.0,0.0,0.0,0.0,43.801433972092525,0.0,0.0,0.0,0.0
53,0,43.80143397209251,1.21244208,45.437172170221295,56.59390993421553,0.0,6.0,0.0,0.0,0.0,0.0,43.801433972092525,0.0,0.0,0.0,0.0
53,1,43.80143397209251,1.1942803199999998,45.43717217022106,55.76869091818101,0.0,6.0,0.0,0.0,0.0,0.0,43.801433972092525,0.0,0.0,0.0,0.0
53,2,43.80143397209251,1.18838064,45.43717217022102,55.500626142271756,0.0,6.0,0.0,0.0,0.0,0.0,43.801433972092525,0.0,0.0,0.0,0.0
53,3,43.80143397209269,1.18537296,45.437172170221416,55.363965668279306,0.0,6.0,0.0,0.0,0.0,0.0,43.801433972092696,0.0,0.0,0.0,0.0
53,4,43.16043179334361,1.18826496,44.772232150772176,54.683235529938564,0.0,6.0,0.0,0.0,0.0,0.0,43.16043179334362,0.0,0.0,0.0,0.0
53,5,42.20973272727854,1.20781488,43.78602980008169,54.33473591504479,0.0,6.0,0.0,0.0,0.0,0.0,42.20973272727854,0.0,0.0,0.0,0.0
53,6,42.51037578836101,1.25431824,44.09790019539592,56.77244105725226,0.0,6.0,0.0,0.0,0.0,0.0,42.510375788361024,0.0,0.0,0.0,0.0
53,7,30.283682887749293,2.00276784,31.414608804719677,62.51212454771887,6.31201006324552,4.0,0.0,0.0,0.0,1.0,29.6,0.0,0.0,0.0,0.6836828877492899
53,8,7.4,2.03990112,7.676348547717986,15.91307913692976,0.0,1.0,0.0,0.0,0.0,0.0,7.4,0.0,0.0,0.0,0.0
53,9,0.0,1.9035144,0.0,0.0,0.0,0.0,0.0,0.0,0.0,0.0,0.0,0.0,0.0,0.0,0.0
53,10,0.0,1.76446704,0.0,0.0,0.0,0.0,0.0,0.0,0.0,0.0,0.0,0.0,0.0,0.0,0.0
53,11,0.0,1.5847003199999998,0.0,0.0,0.0,0.0,0.0,0.0,0.0,0.0,0.0,0.0,0.0,0.0,0.0
53,12,0.0,1.4627736,0.0,0.0,0.0,0.0,0.0,0.0,0.0,0.0,0.0,0.0,0.0,0.0,0.0
53,13,0.0,1.45849344,0.0,0.0,0.0,0.0,0.0,0.0,0.0,0.0,0.0,0.0,0.0,0.0,0.0
53,14,0.0,1.43535744,0.0,0.0,0.0,0.0,0.0,0.0,0.0,0.0,0.0,0.0,0.0,0.0,0.0
53,15,43.801433972092525,1.43697696,45.437172170221025,66.79613993499513,0.0,6.0,0.0,0.0,0.0,0.0,43.801433972092525,0.0,0.0,0.0,0.0
53,16,0.0,1.2996647999999995,0.0,0.0,0.0,0.0,0.0,0.0,0.0,0.0,0.0,0.0,0.0,0.0,0.0
53,17,7.4,1.8630264,7.676348547717948,14.55532713692966,0.0,1.0,0.0,0.0,0.0,0.0,7.4,0.0,0.0,0.0,0.0
53,18,37.0,1.2990864,38.38174273858958,51.1316356846478,0.0,5.0,0.0,0.0,0.0,0.0,37.0,0.0,0.0,0.0,0.0
53,19,39.975491373341384,1.26079632,41.46835204703495,53.65574811012298,0.0,6.0,0.0,0.0,0.0,0.0,39.975491373341285,0.0,0.0,0.0,0.0
53,20,36.401433972092676,1.05315072,37.76082362250347,41.017721847737405,0.0,6.0,0.0,0.0,0.0,0.0,36.401433972092676,0.0,0.0,0.0,0.0
53,21,42.80829875518671,0.66099552,44.40694891616939,30.822664299582026,0.0,6.0,0.0,0.0,0.0,0.0,42.80829875518672,0.0,0.0,0.0,0.0
53,22,43.80143397209251,0.39527856,45.437172170221096,19.46431038475139,0.0,6.0,0.0,0.0,0.0,0.0,43.801433972092525,0.0,0.0,0.0,0.0
53,23,43.80143397209251,0.33246432,45.43717217022105,16.61020894712978,0.0,6.0,0.0,0.0,0.0,0.0,43.801433972092525,0.0,0.0,0.0,0.0
54,0,43.80143397209226,0.34923792,45.4371721702209,17.372353898244143,0.0,6.0,0.0,0.0,0.0,0.0,43.80143397209226,0.0,0.0,0.0,0.0
54,1,37.0,0.35536896,38.381742738589935,14.910115684647584,0.0,5.0,0.0,0.0,0.0,0.0,37.0,0.0,0.0,0.0,0.0
54,2,43.80143397209251,0.35490624,45.43717217022105,17.62990633000011,0.0,6.0,0.0,0.0,0.0,0.0,43.801433972092525,0.0,0.0,0.0,0.0
54,3,43.80143397208954,0.3807028799999999,45.4371721702181,18.802032703092095,0.0,6.0,0.0,0.0,0.0,0.0,43.80143397208954,0.0,0.0,0.0,0.0
54,4,43.80143397209251,0.43715472,45.43717217022478,21.367044676500846,0.0,6.0,0.0,0.0,0.0,0.0,43.80143397209252,0.0,0.0,0.0,0.0
54,5,37.946555369580366,0.46410816,39.36364664894021,19.571926321209727,0.0,6.0,0.0,0.0,0.0,0.0,37.94655536958038,0.0,0.0,0.0,0.0
54,6,40.515126118849786,0.6082454399999999,42.02813912743775,26.954555381067777,0.0,6.0,0.0,0.0,0.0,0.0,40.51512611884979,0.0,0.0,0.0,0.0
54,7,37.0,1.2051542400000002,38.38174273858986,47.5263556846481,0.0,5.0,0.0,0.0,0.0,0.0,37.0,0.0,0.0,0.0,0.0
54,8,7.4,1.25535936,7.676348547717948,9.890663136929597,0.0,1.0,0.0,0.0,0.0,0.0,7.4,0.0,0.0,0.0,0.0
54,9,0.0,1.2961944,0.0,0.0,0.0,0.0,0.0,0.0,0.0,0.0,0.0,0.0,0.0,0.0,0.0
54,10,0.0,1.27028208,0.0,0.0,0.0,0.0,0.0,0.0,0.0,0.0,0.0,0.0,0.0,0.0,0.0
54,11,0.0,1.28069328,0.0,0.0,0.0,0.0,0.0,0.0,0.0,0.0,0.0,0.0,0.0,0.0,0.0
54,12,0.0,1.26831552,0.0,0.0,0.0,0.0,0.0,0.0,0.0,0.0,0.0,0.0,0.0,0.0,0.0
54,13,1.951211033524173,1.25293008,2.024077835605989,0.0,18.014292736893303,0.0,0.0,0.0,0.0,1.0,0.0,0.0,0.0,0.0,1.951211033524173
54,14,0.0,1.23580944,0.0,0.0,0.0,0.0,0.0,0.0,0.0,0.0,0.0,0.0,0.0,0.0,0.0
54,15,20.065337172918383,1.2389327999999995,20.814665117136006,19.529134273859867,48.611515393126176,2.0,0.0,0.0,0.0,1.0,14.8,0.0,0.0,0.0,5.265337172918385
54,16,0.0,1.27236432,0.0,0.0,0.0,0.0,0.0,0.0,0.0,0.0,0.0,0.0,0.0,0.0,0.0
54,17,14.8,1.39521648,15.352697095435934,21.928510273859274,0.0,2.0,0.0,0.0,0.0,0.0,14.8,0.0,0.0,0.0,0.0
54,18,38.457154970817804,1.405512,39.89331428508121,57.39100065028925,0.0,6.0,0.0,0.0,0.0,0.0,38.45715497081781,0.0,0.0,0.0,0.0
54,19,43.801433972093115,1.28393232,45.43717217022156,59.842224277586325,0.0,6.0,0.0,0.0,0.0,0.0,43.80143397209312,0.0,0.0,0.0,0.0
54,20,43.80143397208965,1.2053856,45.43717217021809,56.273283437535845,0.0,6.0,0.0,0.0,0.0,0.0,43.80143397208965,0.0,0.0,0.0,0.0
54,21,41.95010364020105,1.19867616,43.51670502095589,53.602839806565754,0.0,6.0,0.0,0.0,0.0,0.0,41.950103640201064,0.0,0.0,0.0,0.0
54,22,43.801433972092504,1.0411199999999998,45.437172170221736,48.80951908869558,0.0,7.0,0.0,0.0,0.0,0.0,43.801433972092525,0.0,0.0,0.0,0.0
54,23,38.050916183292046,0.8480500799999999,39.471904754452794,34.780672032138455,0.0,6.0,0.0,0.0,0.0,0.0,38.050916183292046,0.0,0.0,0.0,0.0
55,0,38.88214336207268,0.69338592,40.334173612108614,29.30220922403245,0.0,7.0,0.0,0.0,0.0,0.0,38.882143362072696,0.0,0.0,0.0,0.0
55,1,43.80143397209251,0.55607376,45.43717217022104,26.77038957129649,0.0,6.0,0.0,0.0,0.0,0.0,43.801433972092525,0.0,0.0,0.0,0.0
55,2,41.20894804649476,0.5204443200000001,42.747871417526326,23.66284141526205,0.0,6.0,0.0,0.0,0.0,0.0,41.20894804649476,0.0,0.0,0.0,0.0
55,3,43.8014339720925,0.52021296,45.43717217022093,25.14097622753457,0.0,6.0,0.0,0.0,0.0,0.0,43.80143397209252,0.0,0.0,0.0,0.0
55,4,36.59621617917081,0.57793728,37.96287985391217,23.19673484690129,0.0,6.0,0.0,0.0,0.0,0.0,36.596216179170824,0.0,0.0,0.0,0.0
55,5,49.05018407888995,0.65914464,50.881933691795176,31.453638891592703,48.458377542009515,6.0,0.0,0.0,0.0,1.0,43.80143397209252,0.0,0.0,0.0,5.248750106797434
55,6,40.86524828349654,1.00202016,42.391336393669235,43.88012691042872,0.0,6.0,0.0,0.0,0.0,0.0,40.86524828349655,0.0,0.0,0.0,0.0
55,7,40.28974894513674,1.16767392,41.794345378773095,50.18555993430325,0.0,6.0,0.0,0.0,0.0,0.0,40.28974894513674,0.0,0.0,0.0,0.0
55,8,14.189852170425613,1.1913883199999995,14.719763662267443,9.399599136929714,62.686394519489575,1.0,0.0,0.0,0.0,2.0,7.4,0.0,0.0,0.0,6.789852170425612
55,9,0.0,1.16096448,0.0,0.0,0.0,0.0,0.0,0.0,0.0,0.0,0.0,0.0,0.0,0.0,0.0
55,10,1.3139581624171999,1.14187728,1.3630271394369295,0.0,12.130941540988674,0.0,0.0,0.0,0.0,1.0,0.0,0.0,0.0,0.0,1.3139581624171999
55,11,0.0,1.12290576,0.0,0.0,0.0,0.0,0.0,0.0,0.0,0.0,0.0,0.0,0.0,0.0,0.0
55,12,4.089943462808957,1.10902416,4.2426799406731925,0.0,37.75985147199142,0.0,0.0,0.0,0.0,1.0,0.0,0.0,0.0,0.0,4.089943462808957
55,13,1.4136776454318685,1.06795776,1.4664705865475816,0.0,13.051588220273477,0.0,0.0,0.0,0.0,1.0,0.0,0.0,0.0,0.0,1.4136776454318685
55,14,0.0,1.05893472,0.0,0.0,0.0,0.0,0.0,0.0,0.0,0.0,0.0,0.0,0.0,0.0,0.0
55,15,22.200000000000003,1.05558,23.029045643154067,25.071261410788967,0.0,3.0,0.0,0.0,0.0,0.0,22.200000000000003,0.0,0.0,0.0,0.0
55,16,0.0,1.10856144,0.0,0.0,0.0,0.0,0.0,0.0,0.0,0.0,0.0,0.0,0.0,0.0,0.0
55,17,0.0,1.12707024,0.0,0.0,0.0,0.0,0.0,0.0,0.0,0.0,0.0,0.0,0.0,0.0,0.0
55,18,11.68163451598455,1.11677472,12.117878128614784,13.934041720135049,0.0,2.0,0.0,0.0,0.0,0.0,11.68163451598455,0.0,0.0,0.0,0.0
55,19,39.48069902334257,1.02966768,40.95508197442226,43.52573745416655,0.0,6.0,0.0,0.0,0.0,0.0,39.480699023342574,0.0,0.0,0.0,0.0
55,20,43.80143397209251,0.6087081599999999,45.437172170221274,29.161947866172916,0.0,6.0,0.0,0.0,0.0,0.0,43.801433972092525,0.0,0.0,0.0,0.0
55,21,41.48537629309108,0.3918081599999999,43.03462271067575,18.285762352287442,0.0,7.0,0.0,0.0,0.0,0.0,41.48537629309108,0.0,0.0,0.0,0.0
55,22,43.801433972092276,0.34160304,45.43717217022367,17.02544654118621,0.0,6.0,0.0,0.0,0.0,0.0,43.801433972092276,0.0,0.0,0.0,0.0
55,23,37.0,0.32355696,38.381742738589814,13.689115684647518,0.0,6.0,0.0,0.0,0.0,0.0,37.0,0.0,0.0,0.0,0.0
56,0,43.801433972092504,0.29174496,45.43717217022197,14.76003637614887,0.0,6.0,0.0,0.0,0.0,0.0,43.801433972092525,0.0,0.0,0.0,0.0
56,1,31.127435075806233,0.27578112,32.28987041058786,9.97373133707724,0.0,5.0,0.0,0.0,0.0,0.0,31.127435075806233,0.0,0.0,0.0,0.0
56,2,34.52275721179556,0.26999712,35.81198880891695,10.854510669454958,0.0,5.0,0.0,0.0,0.0,0.0,34.52275721179556,0.0,0.0,0.0,0.0
56,3,36.83353358667581,0.26733648,38.20905973721604,11.479395411558912,0.0,6.0,0.0,0.0,0.0,0.0,36.83353358667581,0.0,0.0,0.0,0.0
56,4,7.4,0.26930304,7.676348547717986,2.321351136929504,0.0,1.0,0.0,0.0,0.0,0.0,7.4,0.0,0.0,0.0,0.0
56,5,22.200000000000003,0.27462432,23.02904564315298,7.0865974107882135,0.0,3.0,0.0,0.0,0.0,0.0,22.200000000000003,0.0,0.0,0.0,0.0
56,6,43.15822443575482,0.28249056,44.769942360742014,14.128971180794293,0.0,6.0,0.0,0.0,0.0,0.0,43.158224435754825,0.0,0.0,0.0,0.0
56,7,43.80143397209242,0.3239039999999999,45.43717217022096,16.22125221345756,0.0,6.0,0.0,0.0,0.0,0.0,43.80143397209242,0.0,0.0,0.0,0.0
56,8,42.2097327272791,0.38047152,43.786029800082105,18.10865489918525,0.0,6.0,0.0,0.0,0.0,0.0,42.20973272727911,0.0,0.0,0.0,0.0
56,9,43.80143397209252,0.393312,45.43717217022106,19.3749554594483,0.0,6.0,0.0,0.0,0.0,0.0,43.801433972092525,0.0,0.0,0.0,0.0
56,10,20.73924435426756,0.38220672,21.513738956709336,8.934800361047177,0.0,3.0,0.0,0.0,0.0,0.0,20.73924435426756,0.0,0.0,0.0,0.0
56,11,0.0,0.38093424,0.0,0.0,0.0,0.0,0.0,0.0,0.0,0.0,0.0,0.0,0.0,0.0,0.0
56,12,0.0,0.3582609599999999,0.0,0.0,0.0,0.0,0.0,0.0,0.0,0.0,0.0,0.0,0.0,0.0,0.0
56,13,0.0,0.35132016,0.0,0.0,0.0,0.0,0.0,0.0,0.0,0.0,0.0,0.0,0.0,0.0,0.0
56,14,0.0,0.34102464,0.0,0.0,0.0,0.0,0.0,0.0,0.0,0.0,0.0,0.0,0.0,0.0,0.0
56,15,29.6,0.33917376,30.70539419087183,11.430812547718013,0.0,4.0,0.0,0.0,0.0,0.0,29.6,0.0,0.0,0.0,0.0
56,16,0.0,0.35606304,0.0,0.0,0.0,0.0,0.0,0.0,0.0,0.0,0.0,0.0,0.0,0.0,0.0
56,17,0.0,0.41691072,0.0,0.0,0.0,0.0,0.0,0.0,0.0,0.0,0.0,0.0,0.0,0.0,0.0
56,18,7.67181226584421,0.7049539199999999,7.95831147909161,5.665559136929538,2.509470089225589,1.0,0.0,0.0,0.0,1.0,7.4,0.0,0.0,0.0,0.27181226584420987
56,19,43.80143397209252,0.4167950399999999,45.43717217022327,20.441958391009482,0.0,6.0,0.0,0.0,0.0,0.0,43.801433972092525,0.0,0.0,0.0,0.0
56,20,21.989862920465516,0.3632352,22.8110611208151,9.040826471530476,0.0,3.0,0.0,0.0,0.0,0.0,21.989862920465516,0.0,0.0,0.0,0.0
56,21,43.61903765636493,0.34657728,45.24796437382301,17.179624038990024,0.0,6.0,0.0,0.0,0.0,0.0,43.619037656364945,0.0,0.0,0.0,0.0
56,22,43.801433972092504,0.3405619199999999,45.43717217022098,16.978140992495334,0.0,6.0,0.0,0.0,0.0,0.0,43.801433972092525,0.0,0.0,0.0,0.0
56,23,43.80143397209251,0.3395208,45.437172170220705,16.93083544380538,0.0,6.0,0.0,0.0,0.0,0.0,43.801433972092525,0.0,0.0,0.0,0.0
57,0,38.349463466066474,0.37399344,39.78160110587854,16.194828842899902,0.0,6.0,0.0,0.0,0.0,0.0,38.349463466066474,0.0,0.0,0.0,0.0
57,1,37.0,0.38787504,38.381742738593246,16.157755684649004,0.0,5.0,0.0,0.0,0.0,0.0,37.0,0.0,0.0,0.0,0.0
57,2,14.8,0.4058054399999999,15.352697095435934,6.738382273859029,0.0,2.0,0.0,0.0,0.0,0.0,14.8,0.0,0.0,0.0,0.0
57,3,21.601433972092583,0.4105483199999999,22.40812652706728,9.941327688080833,0.0,3.0,0.0,0.0,0.0,0.0,21.601433972092583,0.0,0.0,0.0,0.0
57,4,22.200000000000003,0.4162166399999999,23.029045643158387,10.347333410790563,0.0,3.0,0.0,0.0,0.0,0.0,22.200000000000003,0.0,0.0,0.0,0.0
57,5,40.644245134437114,0.46341408,42.16208001497591,20.934066369522153,0.0,6.0,0.0,0.0,0.0,0.0,40.64424513443712,0.0,0.0,0.0,0.0
57,6,37.0,0.57701184,38.38174273858936,23.417155684647398,0.0,6.0,0.0,0.0,0.0,0.0,37.0,0.0,0.0,0.0,0.0
57,7,37.04464350843011,0.71062224,38.42805343198194,28.579797977273294,0.0,6.0,0.0,0.0,0.0,0.0,37.04464350843012,0.0,0.0,0.0,0.0
57,8,43.80143397209218,1.15610592,45.437172170220784,54.03415413288579,0.0,6.0,0.0,0.0,0.0,0.0,43.80143397209218,0.0,0.0,0.0,0.0
57,9,42.78861605063913,1.07432016,44.38653117286274,49.154539453296636,0.0,6.0,0.0,0.0,0.0,0.0,42.788616050639035,0.0,0.0,0.0,0.0
57,10,22.200000000000003,1.12602912,23.029045643153722,26.69363741078861,0.0,3.0,0.0,0.0,0.0,0.0,22.200000000000003,0.0,0.0,0.0,0.0
57,11,0.0,1.0751299200000002,0.0,0.0,0.0,0.0,0.0,0.0,0.0,0.0,0.0,0.0,0.0,0.0,0.0
57,12,0.0,0.97680192,0.0,0.0,0.0,0.0,0.0,0.0,0.0,0.0,0.0,0.0,0.0,0.0,0.0
57,13,0.0,0.63624,0.0,0.0,0.0,0.0,0.0,0.0,0.0,0.0,0.0,0.0,0.0,0.0,0.0
57,14,0.0,0.63149712,0.0,0.0,0.0,0.0,0.0,0.0,0.0,0.0,0.0,0.0,0.0,0.0,0.0
57,15,14.8,0.98374272,15.35269709543596,15.611278273859199,0.0,2.0,0.0,0.0,0.0,0.0,14.8,0.0,0.0,0.0,0.0
57,16,0.0,1.14430656,0.0,0.0,0.0,0.0,0.0,0.0,0.0,0.0,0.0,0.0,0.0,0.0,0.0
57,17,0.0,1.31921472,0.0,0.0,0.0,0.0,0.0,0.0,0.0,0.0,0.0,0.0,0.0,0.0,0.0
57,18,0.0,1.6087617600000002,0.0,0.0,0.0,0.0,0.0,0.0,0.0,0.0,0.0,0.0,0.0,0.0,0.0
57,19,41.73142574232375,1.37555088,43.289860728553414,60.980300410354204,0.0,6.0,0.0,0.0,0.0,0.0,41.73142574232361,0.0,0.0,0.0,0.0
57,20,43.202867944184334,1.3163227199999998,44.81625305413329,60.47607009651684,0.0,6.0,0.0,0.0,0.0,0.0,43.20286794418435,0.0,0.0,0.0,0.0
57,21,42.909405373674744,1.27271136,44.51183130049329,58.124054966587714,0.0,6.0,0.0,0.0,0.0,0.0,42.909405373674744,0.0,0.0,0.0,0.0
57,22,37.0,1.1136513599999998,38.3817427385898,44.01431568464796,0.0,5.0,0.0,0.0,0.0,0.0,37.0,0.0,0.0,0.0,0.0
57,23,39.784552103617145,0.73988928,41.270282265163615,31.90148577354559,0.0,6.0,0.0,0.0,0.0,0.0,39.784552103617145,0.0,0.0,0.0,0.0
58,0,14.8,0.7626782400000001,15.35269709543553,12.217342273858801,0.0,2.0,0.0,0.0,0.0,0.0,14.8,0.0,0.0,0.0,0.0
58,1,22.200000000000003,0.7671897599999998,23.02904564315405,18.429909410788795,0.0,3.0,0.0,0.0,0.0,0.0,22.200000000000003,0.0,0.0,0.0,0.0
58,2,37.0,0.7520356800000001,38.3817427385895,30.134875684647536,0.0,5.0,0.0,0.0,0.0,0.0,37.0,0.0,0.0,0.0,0.0
58,3,43.801433972089455,0.8409936,45.437172170219434,39.71634139608692,0.0,6.0,0.0,0.0,0.0,0.0,43.801433972089455,0.0,0.0,0.0,0.0
58,4,43.80143397209251,1.08415296,45.437172170223896,50.764815101212264,0.0,6.0,0.0,0.0,0.0,0.0,43.801433972092525,0.0,0.0,0.0,0.0
58,5,36.40143397209251,1.27086048,37.76082362250311,49.23862169599448,0.0,6.0,0.0,0.0,0.0,0.0,36.401433972092526,0.0,0.0,0.0,0.0
58,6,40.22052023023574,1.30406064,41.722531359166226,55.789726734642784,0.0,6.0,0.0,0.0,0.0,0.0,40.220520230235756,0.0,0.0,0.0,0.0
58,7,22.200000000000003,1.55277264,23.029045643154234,36.5211334107895,0.0,3.0,0.0,0.0,0.0,0.0,22.200000000000003,0.0,0.0,0.0,0.0
58,8,6.592032490935635,2.08224,6.838207978149,14.465134864497706,0.0,1.0,0.0,0.0,0.0,0.0,6.592032490935646,0.0,0.0,0.0,0.0
58,9,0.0,1.36814736,0.0,0.0,0.0,0.0,0.0,0.0,0.0,0.0,0.0,0.0,0.0,0.0,0.0
58,10,0.0,1.3326336,0.0,0.0,0.0,0.0,0.0,0.0,0.0,0.0,0.0,0.0,0.0,0.0,0.0
58,11,0.0,1.29550032,0.0,0.0,0.0,0.0,0.0,0.0,0.0,0.0,0.0,0.0,0.0,0.0,0.0
58,12,0.0,1.25825136,0.0,0.0,0.0,0.0,0.0,0.0,0.0,0.0,0.0,0.0,0.0,0.0,0.0
58,13,0.0,1.2071208,0.0,0.0,0.0,0.0,0.0,0.0,0.0,0.0,0.0,0.0,0.0,0.0,0.0
58,14,0.0,0.71351424,0.0,0.0,0.0,0.0,0.0,0.0,0.0,0.0,0.0,0.0,0.0,0.0,0.0
58,15,42.47599898106574,0.7391952,44.0622396069101,34.02905614966656,0.0,6.0,0.0,0.0,0.0,0.0,42.47599898106581,0.0,0.0,0.0,0.0
58,16,0.0,0.72808992,0.0,0.0,0.0,0.0,0.0,0.0,0.0,0.0,0.0,0.0,0.0,0.0,0.0
58,17,7.4,0.92451456,7.676348547717948,7.350983136929562,0.0,1.0,0.0,0.0,0.0,0.0,7.4,0.0,0.0,0.0,0.0
58,18,47.140692706410555,1.04100432,48.90113351287463,48.804262916618214,30.829255949616815,6.0,0.0,0.0,0.0,1.0,43.801433972092525,0.0,0.0,0.0,3.3392587343180455
58,19,43.80143397209252,0.6936172799999999,45.43717217022158,33.01997817043512,0.0,6.0,0.0,0.0,0.0,0.0,43.801433972092525,0.0,0.0,0.0,0.0
58,20,43.80143397209249,0.3117576,45.43717217022094,15.669354145409187,0.0,7.0,0.0,0.0,0.0,0.0,43.801433972092525,0.0,0.0,0.0,0.0
58,21,43.80143397209232,0.30412272,45.43717217022102,15.322446788350234,0.0,6.0,0.0,0.0,0.0,0.0,43.80143397209232,0.0,0.0,0.0,0.0
58,22,38.608576127107696,0.2762438399999999,40.05039017334863,12.389341489721927,0.0,6.0,0.0,0.0,0.0,0.0,38.608576127107696,0.0,0.0,0.0,0.0
58,23,42.20973272727874,0.2672208,43.78602980008219,13.149855498384522,0.0,6.0,0.0,0.0,0.0,0.0,42.20973272727875,0.0,0.0,0.0,0.0
59,0,37.0,0.25611552,38.38174273858974,11.100595684647455,0.0,5.0,0.0,0.0,0.0,0.0,37.0,0.0,0.0,0.0,0.0
59,1,36.40143397209189,0.2602799999999999,37.76082362250235,11.078270434369736,0.0,6.0,0.0,0.0,0.0,0.0,36.40143397209189,0.0,0.0,0.0,0.0
59,2,14.8,0.26687376,15.352697095435897,4.605406273858986,0.0,2.0,0.0,0.0,0.0,0.0,14.8,0.0,0.0,0.0,0.0
59,3,39.44227444192392,0.27150096,40.915222450128944,12.462816036922831,0.0,6.0,0.0,0.0,0.0,0.0,39.44227444192394,0.0,0.0,0.0,0.0
59,4,43.80143397209251,0.30574224,45.43717217022159,15.396033197423542,0.0,6.0,0.0,0.0,0.0,0.0,43.801433972092525,0.0,0.0,0.0,0.0
59,5,43.80143397209251,0.32934096,45.437172170222645,16.468292301060778,0.0,6.0,0.0,0.0,0.0,0.0,43.801433972092525,0.0,0.0,0.0,0.0
59,6,43.202763036987534,0.3377855999999999,44.816144229240585,16.621662542148428,0.0,6.0,0.0,0.0,0.0,0.0,43.20276303698755,0.0,0.0,0.0,0.0
59,7,22.200000000000003,1.34200368,23.029045643153985,31.667325410789005,0.0,3.0,0.0,0.0,0.0,0.0,22.200000000000003,0.0,0.0,0.0,0.0
59,8,0.0,1.36028112,0.0,0.0,0.0,0.0,0.0,0.0,0.0,0.0,0.0,0.0,0.0,0.0,0.0
59,9,0.0,0.7877807999999998,0.0,0.0,0.0,0.0,0.0,0.0,0.0,0.0,0.0,0.0,0.0,0.0,0.0
59,10,3.212481046084801,0.66782064,3.3324492179302916,0.0,29.658798039579597,0.0,0.0,0.0,0.0,1.0,0.0,0.0,0.0,0.0,3.212481046084801
59,11,0.0,0.5807136,0.0,0.0,0.0,0.0,0.0,0.0,0.0,0.0,0.0,0.0,0.0,0.0,0.0
59,12,0.0,0.41575392,0.0,0.0,0.0,0.0,0.0,0.0,0.0,0.0,0.0,0.0,0.0,0.0,0.0
59,13,0.0,0.34403232,0.0,0.0,0.0,0.0,0.0,0.0,0.0,0.0,0.0,0.0,0.0,0.0,0.0
59,14,0.0,0.335472,0.0,0.0,0.0,0.0,0.0,0.0,0.0,0.0,0.0,0.0,0.0,0.0,0.0
59,15,37.0,0.4595966399999999,38.38174273858992,18.910555684647647,0.0,5.0,0.0,0.0,0.0,0.0,37.0,0.0,0.0,0.0,0.0
59,16,0.0,0.57458256,0.0,0.0,0.0,0.0,0.0,0.0,0.0,0.0,0.0,0.0,0.0,0.0,0.0
59,17,10.252342939753943,0.92463024,10.635210518417388,7.351871136929876,26.333871539222088,1.0,0.0,0.0,0.0,1.0,7.4,0.0,0.0,0.0,2.852342939753943
59,18,29.6,0.92544,30.705394190871832,29.432348547718288,0.0,4.0,0.0,0.0,0.0,0.0,29.6,0.0,0.0,0.0,0.0
59,19,33.539210125062,0.68933712,34.79171174799276,25.134824035090052,0.0,5.0,0.0,0.0,0.0,0.0,33.539210125062,0.0,0.0,0.0,0.0
59,20,40.68164556601806,0.33581904,42.20087714317266,15.568707082817202,0.0,6.0,0.0,0.0,0.0,0.0,40.68164556601806,0.0,0.0,0.0,0.0
59,21,43.80143397209031,0.33188592,45.43717217021882,16.583928086745715,0.0,6.0,0.0,0.0,0.0,0.0,43.801433972090315,0.0,0.0,0.0,0.0
59,22,43.583228764782206,0.31939248,45.210818220728946,15.936473437453934,0.0,6.0,0.0,0.0,0.0,0.0,43.58322876478222,0.0,0.0,0.0,0.0
59,23,42.7224648046869,0.29000976,44.3179095484308,14.319549117895184,0.0,6.0,0.0,0.0,0.0,0.0,42.722464804686915,0.0,0.0,0.0,0.0
60,0,39.779350684298656,0.31129488,41.26488660197022,14.211415669499143,0.0,6.0,0.0,0.0,0.0,0.0,39.779350684298656,0.0,0.0,0.0,0.0
60,1,41.054634780989915,0.29463696,42.587795415965175,13.95759460273036,0.0,6.0,0.0,0.0,0.0,0.0,41.054634780989915,0.0,0.0,0.0,0.0
60,2,37.0,0.29544672,38.38174273858968,12.610195684647458,0.0,5.0,0.0,0.0,0.0,0.0,37.0,0.0,0.0,0.0,0.0
60,3,37.96888034765456,0.30088368,39.386805339890984,13.15455019086044,0.0,7.0,0.0,0.0,0.0,0.0,37.96888034765456,0.0,0.0,0.0,0.0
60,4,40.607888824255696,0.32436672,42.12436600026574,15.058058946194516,0.0,6.0,0.0,0.0,0.0,0.0,40.60788882425571,0.0,0.0,0.0,0.0
60,5,42.62302679884092,0.41667936,44.21475809008609,19.886885596313746,0.0,7.0,0.0,0.0,0.0,0.0,42.62302679884093,0.0,0.0,0.0,0.0
60,6,43.80143397209251,1.2531614400000002,45.43717217022106,58.44408250519647,0.0,6.0,0.0,0.0,0.0,0.0,43.801433972092525,0.0,0.0,0.0,0.0
60,7,22.200000000000003,1.73589408,23.02904564315387,40.73824541078899,0.0,3.0,0.0,0.0,0.0,0.0,22.200000000000003,0.0,0.0,0.0,0.0
60,8,1.7083394436516925,2.08304976,1.7721363523357807,0.0,15.77201353578845,0.0,0.0,0.0,0.0,1.0,0.0,0.0,0.0,0.0,1.7083394436516925
60,9,0.0,1.654224,0.0,0.0,0.0,0.0,0.0,0.0,0.0,0.0,0.0,0.0,0.0,0.0,0.0
60,10,0.0,1.36363584,0.0,0.0,0.0,0.0,0.0,0.0,0.0,0.0,0.0,0.0,0.0,0.0,0.0
60,11,0.0,1.33078272,0.0,0.0,0.0,0.0,0.0,0.0,0.0,0.0,0.0,0.0,0.0,0.0,0.0
60,12,0.0,1.2979296,0.0,0.0,0.0,0.0,0.0,0.0,0.0,0.0,0.0,0.0,0.0,0.0,0.0
60,13,0.0,1.28185008,0.0,0.0,0.0,0.0,0.0,0.0,0.0,0.0,0.0,0.0,0.0,0.0,0.0
60,14,0.0,1.29341808,0.0,0.0,0.0,0.0,0.0,0.0,0.0,0.0,0.0,0.0,0.0,0.0,0.0
60,15,29.064568874510265,1.3202558399999995,30.149967712147948,40.80363487904685,0.0,4.0,0.0,0.0,0.0,0.0,29.064568874510265,0.0,0.0,0.0,0.0
60,16,0.0,1.33332768,0.0,0.0,0.0,0.0,0.0,0.0,0.0,0.0,0.0,0.0,0.0,0.0,0.0
60,17,7.4,1.3557696,7.676348547717989,10.661447136929663,0.0,1.0,0.0,0.0,0.0,0.0,7.4,0.0,0.0,0.0,0.0
60,18,22.200000000000003,1.35438144,23.029045643153882,31.952373410788873,0.0,3.0,0.0,0.0,0.0,0.0,22.200000000000003,0.0,0.0,0.0,0.0
60,19,38.84577022280301,0.8224847999999999,40.29644213983761,34.47702338892452,0.0,6.0,0.0,0.0,0.0,0.0,38.845770222803026,0.0,0.0,0.0,0.0
60,20,42.209732727278876,0.36369792,43.786029800082325,17.374205549730682,0.0,6.0,0.0,0.0,0.0,0.0,42.209732727278876,0.0,0.0,0.0,0.0
60,21,34.21152879590618,0.3136084799999999,35.489137755089814,12.3043850075778,0.0,6.0,0.0,0.0,0.0,0.0,34.211528795906204,0.0,0.0,0.0,0.0
60,22,41.51744099447302,0.26305632,43.067884849039984,12.754826287075439,0.0,6.0,0.0,0.0,0.0,0.0,41.51744099447302,0.0,0.0,0.0,0.0
60,23,43.80143397209252,0.24605136,45.43717217022253,12.68384840587177,0.0,6.0,0.0,0.0,0.0,0.0,43.801433972092525,0.0,0.0,0.0,0.0
61,0,37.0,0.19503648,38.38174273859004,8.756275684647491,0.0,5.0,0.0,0.0,0.0,0.0,37.0,0.0,0.0,0.0,0.0
61,1,42.80829875518638,0.14911152,44.40694891616905,8.091457660577513,0.0,6.0,0.0,0.0,0.0,0.0,42.80829875518638,0.0,0.0,0.0,0.0
61,2,37.30186464168411,0.1210012799999999,38.69488033369738,5.962930588869589,0.0,6.0,0.0,0.0,0.0,0.0,37.301864641684126,0.0,0.0,0.0,0.0
61,3,43.80143397209252,0.1463352,45.437172170221125,8.153028075798062,0.0,6.0,0.0,0.0,0.0,0.0,43.801433972092525,0.0,0.0,0.0,0.0
61,4,14.8,0.20232432,15.352697095435897,3.614398273858971,0.0,2.0,0.0,0.0,0.0,0.0,14.8,0.0,0.0,0.0,0.0
61,5,43.202867944183915,0.2550744,44.81625305413323,12.914896834123008,0.0,6.0,0.0,0.0,0.0,0.0,43.202867944183915,0.0,0.0,0.0,0.0
61,6,36.40143397209252,0.27578112,37.76082362250307,11.663605492641205,0.0,6.0,0.0,0.0,0.0,0.0,36.401433972092526,0.0,0.0,0.0,0.0
61,7,22.200000000000003,0.4617945599999999,23.029045643153957,11.396949410788594,0.0,3.0,0.0,0.0,0.0,0.0,22.200000000000003,0.0,0.0,0.0,0.0
61,8,0.0,0.70553232,0.0,0.0,0.0,0.0,0.0,0.0,0.0,0.0,0.0,0.0,0.0,0.0,0.0
61,9,0.0,0.3816283199999999,0.0,0.0,0.0,0.0,0.0,0.0,0.0,0.0,0.0,0.0,0.0,0.0,0.0
61,10,0.0,0.29243904,0.0,0.0,0.0,0.0,0.0,0.0,0.0,0.0,0.0,0.0,0.0,0.0,0.0
61,11,0.0,0.28006128,0.0,0.0,0.0,0.0,0.0,0.0,0.0,0.0,0.0,0.0,0.0,0.0,0.0
61,12,0.0,0.27508704,0.0,0.0,0.0,0.0,0.0,0.0,0.0,0.0,0.0,0.0,0.0,0.0,0.0
61,13,0.0,0.2724264,0.0,0.0,0.0,0.0,0.0,0.0,0.0,0.0,0.0,0.0,0.0,0.0,0.0
61,14,0.0,0.26826192,0.0,0.0,0.0,0.0,0.0,0.0,0.0,0.0,0.0,0.0,0.0,0.0,0.0
61,15,30.098655216278452,0.26189952,31.22267138618174,9.058076547718072,4.603767038255405,4.0,0.0,0.0,0.0,1.0,29.6,0.0,0.0,0.0,0.49865521627845055
61,16,0.0,0.26328768,0.0,0.0,0.0,0.0,0.0,0.0,0.0,0.0,0.0,0.0,0.0,0.0,0.0
61,17,14.8,0.27150096,15.352697095435971,4.676446273859009,0.0,2.0,0.0,0.0,0.0,0.0,14.8,0.0,0.0,0.0,0.0
61,18,37.0,0.27288912,38.381742738589764,11.744395684647474,0.0,5.0,0.0,0.0,0.0,0.0,37.0,0.0,0.0,0.0,0.0
61,19,43.80143397209251,0.2733518399999999,45.43717217022067,13.924305015960913,0.0,6.0,0.0,0.0,0.0,0.0,43.801433972092525,0.0,0.0,0.0,0.0
61,20,42.20973272727922,0.26340336,43.78602980008273,12.98270495678466,0.0,6.0,0.0,0.0,0.0,0.0,42.20973272727922,0.0,0.0,0.0,0.0
61,21,32.161270400814715,0.26976576,33.362313693791286,10.104302492228506,0.0,5.0,0.0,0.0,0.0,0.0,32.161270400814715,0.0,0.0,0.0,0.0
61,22,36.57759877562592,0.266064,37.94356719463316,11.351349336215236,0.0,5.0,0.0,0.0,0.0,0.0,36.57759877562592,0.0,0.0,0.0,0.0
61,23,29.10971597091988,0.26074272,30.196800799709756,8.87311008228489,0.0,4.0,0.0,0.0,0.0,0.0,29.109715970919886,0.0,0.0,0.0,0.0
62,0,43.80143397209251,0.24905904,45.437172170221466,12.820508879864406,0.0,6.0,0.0,0.0,0.0,0.0,43.80143397209252,0.0,0.0,0.0,0.0
62,1,37.80125055027182,0.24917472,39.21291550858114,11.068814745568398,0.0,6.0,0.0,0.0,0.0,0.0,37.801250550271824,0.0,0.0,0.0,0.0
62,2,43.801433972092866,0.254496,45.43717217022057,13.067548967466756,0.0,6.0,0.0,0.0,0.0,0.0,43.801433972092866,0.0,0.0,0.0,0.0
62,3,37.0,0.26051136,38.381742738590255,11.269315684647612,0.0,5.0,0.0,0.0,0.0,0.0,37.0,0.0,0.0,0.0,0.0
62,4,40.131718683216455,0.27173232,41.6304135718018,12.690295551651833,0.0,6.0,0.0,0.0,0.0,0.0,40.131718683216455,0.0,0.0,0.0,0.0
62,5,41.55710421486487,0.30273456,43.10902926853225,14.477501876424649,0.0,6.0,0.0,0.0,0.0,0.0,41.55710421486478,0.0,0.0,0.0,0.0
62,6,37.24001198315267,0.73954224,38.63071782484774,29.847724352998284,0.0,6.0,0.0,0.0,0.0,0.0,37.24001198315267,0.0,0.0,0.0,0.0
62,7,29.6,1.3392273600000002,30.705394190871907,42.13785254771858,0.0,4.0,0.0,0.0,0.0,0.0,29.6,0.0,0.0,0.0,0.0
62,8,14.8,1.35264624,15.352697095435934,21.274942273859267,0.0,2.0,0.0,0.0,0.0,0.0,14.8,0.0,0.0,0.0,0.0
62,9,0.0,1.3416566399999998,0.0,0.0,0.0,0.0,0.0,0.0,0.0,0.0,0.0,0.0,0.0,0.0,0.0
62,10,0.0,1.32314784,0.0,0.0,0.0,0.0,0.0,0.0,0.0,0.0,0.0,0.0,0.0,0.0,0.0
62,11,0.0,1.26183744,0.0,0.0,0.0,0.0,0.0,0.0,0.0,0.0,0.0,0.0,0.0,0.0,0.0
62,12,0.0,0.659376,0.0,0.0,0.0,0.0,0.0,0.0,0.0,0.0,0.0,0.0,0.0,0.0,0.0
62,13,0.0,0.31314576,0.0,0.0,0.0,0.0,0.0,0.0,0.0,0.0,0.0,0.0,0.0,0.0,0.0
62,14,0.0,0.29290176,0.0,0.0,0.0,0.0,0.0,0.0,0.0,0.0,0.0,0.0,0.0,0.0,0.0
62,15,36.40638438155169,0.28422576,37.76595890202513,11.98411161071389,0.0,5.0,0.0,0.0,0.0,0.0,36.40638438155169,0.0,0.0,0.0,0.0
62,16,0.0,0.27728496,0.0,0.0,0.0,0.0,0.0,0.0,0.0,0.0,0.0,0.0,0.0,0.0,0.0
62,17,0.0,0.286308,0.0,0.0,0.0,0.0,0.0,0.0,0.0,0.0,0.0,0.0,0.0,0.0,0.0
62,18,29.6,0.29463696,30.70539419087431,10.063292547718806,0.0,4.0,0.0,0.0,0.0,0.0,29.6,0.0,0.0,0.0,0.0
62,19,43.80143397209251,0.4619102399999999,45.43717217022109,22.49186550090246,0.0,6.0,0.0,0.0,0.0,0.0,43.801433972092525,0.0,0.0,0.0,0.0
62,20,37.12129302424121,0.28075536,38.507565377844244,12.085805794386843,0.0,6.0,0.0,0.0,0.0,0.0,37.12129302424121,0.0,0.0,0.0,0.0
62,21,22.200000000000003,0.26803056,23.02904564315382,6.93474941078847,0.0,3.0,0.0,0.0,0.0,0.0,22.200000000000003,0.0,0.0,0.0,0.0
62,22,37.14394186884945,0.25877616,38.53106002992702,11.246297842264584,0.0,7.0,0.0,0.0,0.0,0.0,37.14394186884945,0.0,0.0,0.0,0.0
62,23,43.80143397209252,0.24940608,45.4371721702209,12.8362773960942,0.0,6.0,0.0,0.0,0.0,0.0,43.801433972092525,0.0,0.0,0.0,0.0
63,0,37.24355674957911,0.28700208,38.634394968443736,12.366950188940375,0.0,6.0,0.0,0.0,0.0,0.0,37.24355674957911,0.0,0.0,0.0,0.0
63,1,43.80143397209251,0.28584528,45.43717217022106,14.49197160023936,0.0,6.0,0.0,0.0,0.0,0.0,43.801433972092525,0.0,0.0,0.0,0.0
63,2,22.200000000000003,0.27959856,23.029045643153363,7.2011494107883305,0.0,3.0,0.0,0.0,0.0,0.0,22.200000000000003,0.0,0.0,0.0,0.0
63,3,35.996233854496495,0.28619232,37.34049155030845,11.922532177038383,0.0,5.0,0.0,0.0,0.0,0.0,35.996233854496495,0.0,0.0,0.0,0.0
63,4,43.80143397209251,0.29567808,45.43717217022132,14.938746226754802,0.0,6.0,0.0,0.0,0.0,0.0,43.801433972092525,0.0,0.0,0.0,0.0
63,5,36.29346777992828,0.31973952,37.648825497851405,13.283993517225653,0.0,5.0,0.0,0.0,0.0,0.0,36.29346777992817,0.0,0.0,0.0,0.0
63,6,7.4,0.3435696,7.676348547717986,2.8914471369295143,0.0,1.0,0.0,0.0,0.0,0.0,7.4,0.0,0.0,0.0,0.0
63,7,42.32365145228214,0.4673471999999999,43.90420275133032,21.97173533513555,0.0,6.0,0.0,0.0,0.0,0.0,42.32365145228216,0.0,0.0,0.0,0.0
63,8,43.80143397209251,0.6940799999999999,45.437172170221096,33.04100285874137,0.0,6.0,0.0,0.0,0.0,0.0,43.801433972092525,0.0,0.0,0.0,0.0
63,9,43.80143397209252,0.85533792,45.437172170221075,40.368106733593095,0.0,6.0,0.0,0.0,0.0,0.0,43.801433972092525,0.0,0.0,0.0,0.0
63,10,37.0,0.85533792,38.38174273858957,34.099795684647624,0.0,5.0,0.0,0.0,0.0,0.0,37.0,0.0,0.0,0.0,0.0
63,11,0.0,0.52067568,0.0,0.0,0.0,0.0,0.0,0.0,0.0,0.0,0.0,0.0,0.0,0.0,0.0
63,12,0.0,0.47336256,0.0,0.0,0.0,0.0,0.0,0.0,0.0,0.0,0.0,0.0,0.0,0.0,0.0
63,13,0.0,0.4696608,0.0,0.0,0.0,0.0,0.0,0.0,0.0,0.0,0.0,0.0,0.0,0.0,0.0
63,14,2.090476227671408,0.5189404799999999,2.1685438046383902,0.0,19.300039861281675,0.0,0.0,0.0,0.0,1.0,0.0,0.0,0.0,0.0,2.090476227671408
63,15,21.368994901423168,1.00711008,22.167007159152853,23.058344290382955,0.0,3.0,0.0,0.0,0.0,0.0,21.368994901423193,0.0,0.0,0.0,0.0
63,16,0.0,1.19832912,0.0,0.0,0.0,0.0,0.0,0.0,0.0,0.0,0.0,0.0,0.0,0.0,0.0
63,17,0.0,1.2889065599999998,0.0,0.0,0.0,0.0,0.0,0.0,0.0,0.0,0.0,0.0,0.0,0.0,0.0
63,18,7.4,1.31713248,7.67634854771763,10.364855136929172,0.0,1.0,0.0,0.0,0.0,0.0,7.4,0.0,0.0,0.0,0.0
63,19,32.0087913835076,1.31424048,33.20414043932385,44.73728251750601,0.0,6.0,0.0,0.0,0.0,0.0,32.0087913835076,0.0,0.0,0.0,0.0
63,20,26.04862608307334,1.29642576,27.02139635173618,35.92564252080327,0.0,4.0,0.0,0.0,0.0,0.0,26.04862608307334,0.0,0.0,0.0,0.0
63,21,43.80143397209251,1.2801148800000002,45.437172170221054,59.66877059905618,0.0,6.0,0.0,0.0,0.0,0.0,43.801433972092525,0.0,0.0,0.0,0.0
63,22,14.8,1.24853424,15.352697095438128,19.676542273862047,0.0,2.0,0.0,0.0,0.0,0.0,14.8,0.0,0.0,0.0,0.0
63,23,43.80143397209252,1.22401008,45.43717217022093,57.11952714188021,0.0,6.0,0.0,0.0,0.0,0.0,43.801433972092525,0.0,0.0,0.0,0.0
64,0,14.8,1.21313616,15.352697095435987,19.1330862738593,0.0,2.0,0.0,0.0,0.0,0.0,14.8,0.0,0.0,0.0,0.0
64,1,43.80143397209252,1.1924294400000002,45.43717217022093,55.68459216495443,0.0,6.0,0.0,0.0,0.0,0.0,43.801433972092525,0.0,0.0,0.0,0.0
64,2,20.60829875518671,1.1810927999999998,21.37790327301537,25.956896233191685,0.0,3.0,0.0,0.0,0.0,0.0,20.60829875518672,0.0,0.0,0.0,0.0
64,3,35.83721894519702,1.20295632,37.17553832489357,45.95105909588691,0.0,6.0,0.0,0.0,0.0,0.0,35.83721894519689,0.0,0.0,0.0,0.0
64,4,38.111441920337285,1.17102864,39.53469078873591,47.60485345226109,0.0,6.0,0.0,0.0,0.0,0.0,38.111441920337285,0.0,0.0,0.0,0.0
64,5,43.80143397209251,1.18132416,45.43717217022102,55.17999964559603,0.0,6.0,0.0,0.0,0.0,0.0,43.80143397209252,0.0,0.0,0.0,0.0
64,6,43.80143397209252,1.1736892799999998,45.43717217022088,54.833092288536875,0.0,6.0,0.0,0.0,0.0,0.0,43.801433972092525,0.0,0.0,0.0,0.0
64,7,19.762413139494743,1.22366304,20.50042856794087,25.76418092834821,0.0,3.0,0.0,0.0,0.0,0.0,19.762413139494743,0.0,0.0,0.0,0.0
64,8,43.462605687146294,1.2461049599999998,45.085690546832744,57.67383897253355,0.0,6.0,0.0,0.0,0.0,0.0,43.46260568714631,0.0,0.0,0.0,0.0
64,9,36.40143397209251,1.24622064,37.76082362250311,48.30820104366778,0.0,6.0,0.0,0.0,0.0,0.0,36.401433972092526,0.0,0.0,0.0,0.0
64,10,7.4,1.21672224,7.676348547717948,9.594071136929593,0.0,1.0,0.0,0.0,0.0,0.0,7.4,0.0,0.0,0.0,0.0
64,11,0.0,1.2354623999999998,0.0,0.0,0.0,0.0,0.0,0.0,0.0,0.0,0.0,0.0,0.0,0.0,0.0
64,12,0.0,1.23580944,0.0,0.0,0.0,0.0,0.0,0.0,0.0,0.0,0.0,0.0,0.0,0.0,0.0
64,13,0.0,1.21625952,0.0,0.0,0.0,0.0,0.0,0.0,0.0,0.0,0.0,0.0,0.0,0.0,0.0
64,14,6.426402345119082,1.2354623999999998,6.666392474189919,0.0,59.33089302029028,0.0,0.0,0.0,0.0,1.0,0.0,0.0,0.0,0.0,6.426402345119082
64,15,35.84092696045599,1.27930512,37.17938481375183,40.2979165477189,57.61851654362894,4.0,0.0,0.0,0.0,1.0,29.6,0.0,0.0,0.0,6.240926960455988
64,16,0.0,1.3344844799999998,0.0,0.0,0.0,0.0,0.0,0.0,0.0,0.0,0.0,0.0,0.0,0.0,0.0
64,17,0.0,1.6789795200000002,0.0,0.0,0.0,0.0,0.0,0.0,0.0,0.0,0.0,0.0,0.0,0.0,0.0
64,18,7.4,1.92572496,7.67634854771805,15.036623136929867,0.0,1.0,0.0,0.0,0.0,0.0,7.4,0.0,0.0,0.0,0.0
64,19,43.19374856995895,1.96817952,44.80679312236451,89.67091743266496,0.0,6.0,0.0,0.0,0.0,0.0,43.19374856995895,0.0,0.0,0.0,0.0
64,20,14.8,1.70824656,15.352697095435897,26.73436627385929,0.0,2.0,0.0,0.0,0.0,0.0,14.8,0.0,0.0,0.0,0.0
64,21,38.8190882289817,1.67724432,40.26876372301058,68.8734513070732,0.0,6.0,0.0,0.0,0.0,0.0,38.8190882289817,0.0,0.0,0.0,0.0
64,22,38.816072916106606,1.58446896,40.26563580509019,65.1324426329785,0.0,6.0,0.0,0.0,0.0,0.0,38.81607291610662,0.0,0.0,0.0,0.0
64,23,37.0,1.36178496,38.38174273859049,53.538115684649085,0.0,5.0,0.0,0.0,0.0,0.0,37.0,0.0,0.0,0.0,0.0
65,0,35.871979075847136,1.5107807999999998,37.21159655170915,57.45026945352995,0.0,5.0,0.0,0.0,0.0,0.0,35.871979075847136,0.0,0.0,0.0,0.0
65,1,42.37491766882826,1.37103936,43.95738347388887,61.72229229830088,0.0,6.0,0.0,0.0,0.0,0.0,42.37491766882826,0.0,0.0,0.0,0.0
65,2,42.001782488706645,1.35125808,43.57031378496586,60.31691593635286,0.0,6.0,0.0,0.0,0.0,0.0,42.00178248870666,0.0,0.0,0.0,0.0
65,3,33.70507841966999,1.3603968,34.963774294264155,48.72190759497935,0.0,7.0,0.0,0.0,0.0,0.0,33.70507841966988,0.0,0.0,0.0,0.0
65,4,43.80143397209251,1.41603888,45.43717217022113,65.84477278912141,0.0,6.0,0.0,0.0,0.0,0.0,43.801433972092525,0.0,0.0,0.0,0.0
65,5,38.171556036799835,1.58990592,39.5970498307058,64.26624628977049,0.0,6.0,0.0,0.0,0.0,0.0,38.17155603679975,0.0,0.0,0.0,0.0
65,6,43.33129213227605,1.8485664,44.94947316626203,84.57991335465687,0.0,6.0,0.0,0.0,0.0,0.0,43.33129213227605,0.0,0.0,0.0,0.0
65,7,18.519784595362413,2.14008,19.21139480846734,16.68208713692969,102.6619117206696,1.0,0.0,0.0,0.0,1.0,7.4,0.0,0.0,0.0,11.119784595362413
65,8,6.431264260899699,2.51129712,6.6714359552901445,16.974782430904693,0.0,1.0,0.0,0.0,0.0,0.0,6.431264260899699,0.0,0.0,0.0,0.0
65,9,0.0,2.1978043200000004,0.0,0.0,0.0,0.0,0.0,0.0,0.0,0.0,0.0,0.0,0.0,0.0,0.0
65,10,0.0,1.96956768,0.0,0.0,0.0,0.0,0.0,0.0,0.0,0.0,0.0,0.0,0.0,0.0,0.0
65,11,16.799507616038436,1.86059712,17.426875120371825,0.0,155.09918857130924,0.0,0.0,0.0,0.0,1.0,0.0,0.0,0.0,0.0,16.799507616038436
65,12,0.8092721068954738,1.7342745599999998,0.839493886821031,0.0,7.471495592707176,0.0,0.0,0.0,0.0,1.0,0.0,0.0,0.0,0.0,0.8092721068954738
65,13,14.465555218050905,1.6767815999999998,15.005762674326666,0.0,133.55128780150733,0.0,0.0,0.0,0.0,1.0,0.0,0.0,0.0,0.0,14.465555218050905
65,14,0.0,1.6692624,0.0,0.0,0.0,0.0,0.0,0.0,0.0,0.0,0.0,0.0,0.0,0.0,0.0
65,15,43.80143397209248,1.68638304,45.43717217022308,78.12844693225856,0.0,6.0,0.0,0.0,0.0,0.0,43.801433972092525,0.0,0.0,0.0,0.0
65,16,0.0,1.758336,0.0,0.0,0.0,0.0,0.0,0.0,0.0,0.0,0.0,0.0,0.0,0.0,0.0
65,17,7.4,1.87436304,7.676348547717948,14.642351136929662,0.0,1.0,0.0,0.0,0.0,0.0,7.4,0.0,0.0,0.0,0.0
65,18,34.05762141195704,2.13857616,35.32948279248709,76.72419552557444,0.0,5.0,0.0,0.0,0.0,0.0,34.05762141195705,0.0,0.0,0.0,0.0
65,19,43.80143397209251,2.04533808,45.43717217022108,94.43834888610374,0.0,6.0,0.0,0.0,0.0,0.0,43.801433972092525,0.0,0.0,0.0,0.0
65,20,43.80143397209251,1.73508432,45.43717217022288,80.34129537652846,0.0,6.0,0.0,0.0,0.0,0.0,43.80143397209252,0.0,0.0,0.0,0.0
65,21,43.80143397209251,1.5454848,45.437172170221395,71.7264293428945,0.0,6.0,0.0,0.0,0.0,0.0,43.801433972092525,0.0,0.0,0.0,0.0
65,22,38.6907612000609,1.3956792,40.13564439840378,57.34497389503582,0.0,6.0,0.0,0.0,0.0,0.0,38.69076120006091,0.0,0.0,0.0,0.0
65,23,38.40189263836875,1.25605344,39.83598821407586,51.35470124197535,0.0,6.0,0.0,0.0,0.0,0.0,38.40189263836875,0.0,0.0,0.0,0.0
66,0,43.80143397209252,1.1677896,45.43717217022092,54.565027512627736,0.0,6.0,0.0,0.0,0.0,0.0,43.801433972092525,0.0,0.0,0.0,0.0
66,1,43.80143397209251,1.12313712,45.43717217022109,52.53614509104058,0.0,6.0,0.0,0.0,0.0,0.0,43.801433972092525,0.0,0.0,0.0,0.0
66,2,43.80143397209251,1.07478288,45.437172170220876,50.33906516300016,0.0,6.0,0.0,0.0,0.0,0.0,43.801433972092525,0.0,0.0,0.0,0.0
66,3,43.29418253128922,0.97090224,44.910977729553615,45.09072224106194,0.0,6.0,0.0,0.0,0.0,0.0,43.29418253128923,0.0,0.0,0.0,0.0
66,4,40.40578296678873,0.9306456,41.91471262115059,40.395119863898344,0.0,6.0,0.0,0.0,0.0,0.0,40.405782966788735,0.0,0.0,0.0,0.0
66,5,39.71001433590581,1.01428224,41.19296092936371,43.144775690429434,0.0,6.0,0.0,0.0,0.0,0.0,39.710014335905825,0.0,0.0,0.0,0.0
66,6,42.20973272727892,1.14187728,43.78602980008233,51.44759019649969,0.0,6.0,0.0,0.0,0.0,0.0,42.20973272727893,0.0,0.0,0.0,0.0
66,7,43.430623068131275,1.1862984,45.0525135561532,51.61604738933488,24.238303459679894,6.0,0.0,0.0,0.0,1.0,40.80526076081315,0.0,0.0,0.0,2.6253623073181367
66,8,0.0,1.22146512,0.0,0.0,0.0,0.0,0.0,0.0,0.0,0.0,0.0,0.0,0.0,0.0,0.0
66,9,0.0,1.1388696,0.0,0.0,0.0,0.0,0.0,0.0,0.0,0.0,0.0,0.0,0.0,0.0,0.0
66,10,0.0,1.1255664,0.0,0.0,0.0,0.0,0.0,0.0,0.0,0.0,0.0,0.0,0.0,0.0,0.0
66,11,0.0,1.1209392,0.0,0.0,0.0,0.0,0.0,0.0,0.0,0.0,0.0,0.0,0.0,0.0,0.0
66,12,0.0,1.04007888,0.0,0.0,0.0,0.0,0.0,0.0,0.0,0.0,0.0,0.0,0.0,0.0,0.0
66,13,0.0,1.11249456,0.0,0.0,0.0,0.0,0.0,0.0,0.0,0.0,0.0,0.0,0.0,0.0,0.0
66,14,0.6911235781955696,1.0997697599999998,0.7169331724020432,0.0,6.380705234378185,0.0,0.0,0.0,0.0,1.0,0.0,0.0,0.0,0.0,0.6911235781955696
66,15,43.801433972092525,1.1290368000000002,45.43717217022147,52.80420986695024,0.0,7.0,0.0,0.0,0.0,0.0,43.801433972092525,0.0,0.0,0.0,0.0
66,16,1.5757680803241492,1.2331488,1.6346141912076237,0.0,14.548066301747852,0.0,0.0,0.0,0.0,1.0,0.0,0.0,0.0,0.0,1.5757680803241492
66,17,14.8,1.4274912,15.352697095435934,22.424014273859285,0.0,2.0,0.0,0.0,0.0,0.0,14.8,0.0,0.0,0.0,0.0
66,18,47.24709887664118,1.72930032,49.011513357512044,80.07848677269239,31.811636566891213,6.0,0.0,0.0,0.0,1.0,43.801433972092525,0.0,0.0,0.0,3.445664904548666
66,19,42.21742537013665,1.4949326399999998,43.794009720059236,66.91867628872777,0.0,7.0,0.0,0.0,0.0,0.0,42.21742537013667,0.0,0.0,0.0,0.0
66,20,43.80143397209251,1.3112328,45.43717217022133,61.08268088767571,0.0,6.0,0.0,0.0,0.0,0.0,43.80143397209252,0.0,0.0,0.0,0.0
66,21,42.97338387509053,1.30012752,44.57819904055049,59.43288175289949,0.0,7.0,0.0,0.0,0.0,0.0,42.97338387509055,0.0,0.0,0.0,0.0
66,22,43.80143397209251,0.78708672,45.437172170221096,37.26696520836892,0.0,6.0,0.0,0.0,0.0,0.0,43.801433972092525,0.0,0.0,0.0,0.0
66,23,41.82897442223364,0.66423456,43.39105230522207,30.258080367199018,0.0,6.0,0.0,0.0,0.0,0.0,41.82897442223364,0.0,0.0,0.0,0.0
67,0,42.808298755186335,0.85152048,44.406948916169036,39.28329646555694,0.0,6.0,0.0,0.0,0.0,0.0,42.808298755186335,0.0,0.0,0.0,0.0
67,1,43.801433972092404,0.8214436800000001,45.437172170220805,38.82804831513407,0.0,7.0,0.0,0.0,0.0,0.0,43.801433972092426,0.0,0.0,0.0,0.0
67,2,42.209732727278926,0.8105697599999998,43.78602980008252,36.94094925278846,0.0,6.0,0.0,0.0,0.0,0.0,42.20973272727894,0.0,0.0,0.0,0.0
67,3,43.8014339720925,0.96384576,45.43717217022114,45.298396141491956,0.0,7.0,0.0,0.0,0.0,0.0,43.80143397209252,0.0,0.0,0.0,0.0
67,4,43.80143397209251,1.2467990400000002,45.43717217022097,58.15499304098054,0.0,6.0,0.0,0.0,0.0,0.0,43.801433972092525,0.0,0.0,0.0,0.0
67,5,43.80143397209234,1.3253457599999998,45.437172170220855,61.72393388102651,0.0,7.0,0.0,0.0,0.0,0.0,43.80143397209237,0.0,0.0,0.0,0.0
67,6,45.12640062231434,1.5882864,46.811618902816136,73.67121301125462,12.232575920097796,6.0,0.0,0.0,0.0,1.0,43.801433972092525,0.0,0.0,0.0,1.3249666502218285
67,7,29.6,1.83387504,30.705394190872035,57.32620454771908,0.0,4.0,0.0,0.0,0.0,0.0,29.6,0.0,0.0,0.0,0.0
67,8,7.4,2.0024208,7.676348547718,15.625367136929782,0.0,1.0,0.0,0.0,0.0,0.0,7.4,0.0,0.0,0.0,0.0
67,9,0.0,1.885584,0.0,0.0,0.0,0.0,0.0,0.0,0.0,0.0,0.0,0.0,0.0,0.0,0.0
67,10,0.0,1.7697883200000002,0.0,0.0,0.0,0.0,0.0,0.0,0.0,0.0,0.0,0.0,0.0,0.0,0.0
67,11,0.0,1.6677585599999998,0.0,0.0,0.0,0.0,0.0,0.0,0.0,0.0,0.0,0.0,0.0,0.0,0.0
67,12,0.0,1.58678256,0.0,0.0,0.0,0.0,0.0,0.0,0.0,0.0,0.0,0.0,0.0,0.0,0.0
67,13,0.0,1.5628368,0.0,0.0,0.0,0.0,0.0,0.0,0.0,0.0,0.0,0.0,0.0,0.0,0.0
67,14,0.0,1.5896745599999995,0.0,0.0,0.0,0.0,0.0,0.0,0.0,0.0,0.0,0.0,0.0,0.0,0.0
67,15,43.80143397209244,1.63201344,45.43717217022074,75.6580460562285,0.0,7.0,0.0,0.0,0.0,0.0,43.8014339720925,0.0,0.0,0.0,0.0
67,16,0.0,1.67122896,0.0,0.0,0.0,0.0,0.0,0.0,0.0,0.0,0.0,0.0,0.0,0.0,0.0
67,17,0.0,1.77001968,0.0,0.0,0.0,0.0,0.0,0.0,0.0,0.0,0.0,0.0,0.0,0.0,0.0
67,18,37.00278911429596,1.93058352,38.384636010680744,75.36959568464788,0.02575012161203646,5.0,0.0,0.0,0.0,1.0,37.0,0.0,0.0,0.0,0.0027891142959554096
67,19,43.80143397209251,1.96679136,45.43717217022461,90.86940804606463,0.0,6.0,0.0,0.0,0.0,0.0,43.801433972092525,0.0,0.0,0.0,0.0
67,20,43.801433972092234,1.77881136,45.437172170220656,82.32812842149866,0.0,7.0,0.0,0.0,0.0,0.0,43.80143397209224,0.0,0.0,0.0,0.0
67,21,43.57649374730619,1.5575155199999997,45.20383168807742,71.90191624652373,0.0,6.0,0.0,0.0,0.0,0.0,43.576493747306195,0.0,0.0,0.0,0.0
67,22,42.87293277031602,1.49018976,44.47399664970608,67.74678368277159,0.0,6.0,0.0,0.0,0.0,0.0,42.872932770316034,0.0,0.0,0.0,0.0
67,23,43.80143397209318,1.33390608,45.437172170221785,62.112890614699964,0.0,6.0,0.0,0.0,0.0,0.0,43.80143397209318,0.0,0.0,0.0,0.0
68,0,43.80143397208905,1.3148188799999998,45.43717217021751,61.24562222204674,0.0,6.0,0.0,0.0,0.0,0.0,43.80143397208905,0.0,0.0,0.0,0.0
68,1,43.33452792522783,1.28855952,44.95282979795472,59.412335453406534,0.0,7.0,0.0,0.0,0.0,0.0,43.334527925227846,0.0,0.0,0.0,0.0
68,2,43.80143397209251,1.28427936,45.437172170221274,59.8579927938159,0.0,6.0,0.0,0.0,0.0,0.0,43.801433972092525,0.0,0.0,0.0,0.0
68,3,43.801433972092475,1.26530784,45.43717217022102,58.99598057324478,0.0,7.0,0.0,0.0,0.0,0.0,43.80143397209249,0.0,0.0,0.0,0.0
68,4,45.16284757026851,1.28659296,46.84942694011308,59.963116235348515,12.569067452039837,6.0,0.0,0.0,0.0,1.0,43.801433972092525,0.0,0.0,0.0,1.361413598176
68,5,42.20973272727893,1.30741536,43.78602980008242,58.695845500428206,0.0,6.0,0.0,0.0,0.0,0.0,42.20973272727895,0.0,0.0,0.0,0.0
68,6,43.801433972092504,1.59568992,45.437172170221004,74.00760802416049,0.0,6.0,0.0,0.0,0.0,0.0,43.80143397209252,0.0,0.0,0.0,0.0
68,7,37.0,1.82878512,38.38174273858999,71.46239568464875,0.0,5.0,0.0,0.0,0.0,0.0,37.0,0.0,0.0,0.0,0.0
68,8,7.4,1.89877152,7.676348547717986,14.829719136929736,0.0,1.0,0.0,0.0,0.0,0.0,7.4,0.0,0.0,0.0,0.0
68,9,0.0,1.7888755199999995,0.0,0.0,0.0,0.0,0.0,0.0,0.0,0.0,0.0,0.0,0.0,0.0,0.0
68,10,0.0,1.64682048,0.0,0.0,0.0,0.0,0.0,0.0,0.0,0.0,0.0,0.0,0.0,0.0,0.0
68,11,0.0,1.52477808,0.0,0.0,0.0,0.0,0.0,0.0,0.0,0.0,0.0,0.0,0.0,0.0,0.0
68,12,0.0,1.411296,0.0,0.0,0.0,0.0,0.0,0.0,0.0,0.0,0.0,0.0,0.0,0.0,0.0
68,13,0.0,1.3470936,0.0,0.0,0.0,0.0,0.0,0.0,0.0,0.0,0.0,0.0,0.0,0.0,0.0
68,14,0.0,1.34408592,0.0,0.0,0.0,0.0,0.0,0.0,0.0,0.0,0.0,0.0,0.0,0.0,0.0
68,15,31.84573955483536,1.35021696,33.03499953821105,45.69787513479951,0.0,5.0,0.0,0.0,0.0,0.0,31.84573955483536,0.0,0.0,0.0,0.0
68,16,7.4,1.36918848,7.676348547717986,10.76445513692966,0.0,1.0,0.0,0.0,0.0,0.0,7.4,0.0,0.0,0.0,0.0
68,17,14.8,1.5715128,15.352697095436007,24.635134273859435,0.0,2.0,0.0,0.0,0.0,0.0,14.8,0.0,0.0,0.0,0.0
68,18,41.94015935807615,1.70304096,43.50638937559802,66.63611568464789,45.60935506937529,5.0,0.0,0.0,0.0,1.0,37.0,0.0,0.0,0.0,4.940159358076155
68,19,43.497309217309244,1.67782272,45.12169005944971,77.19972468751065,0.0,6.0,0.0,0.0,0.0,0.0,43.49730921730925,0.0,0.0,0.0,0.0
68,20,41.27173505623067,1.5628368,42.813003170364524,68.3268472781014,0.0,7.0,0.0,0.0,0.0,0.0,41.27173505623069,0.0,0.0,0.0,0.0
68,21,43.80143397209252,1.4470411200000002,45.437172170221075,67.25342690566386,0.0,6.0,0.0,0.0,0.0,0.0,43.801433972092525,0.0,0.0,0.0,0.0
68,22,43.80143397209249,1.36282608,45.43717217022108,63.4269336338618,0.0,7.0,0.0,0.0,0.0,0.0,43.801433972092525,0.0,0.0,0.0,0.0
68,23,41.05092153466063,1.26021792,42.58394350068584,55.07457723370453,0.0,6.0,0.0,0.0,0.0,0.0,41.05092153466063,0.0,0.0,0.0,0.0
69,0,40.164615217094436,1.19023152,41.664538606945165,50.9695433441329,0.0,6.0,0.0,0.0,0.0,0.0,40.164615217094436,0.0,0.0,0.0,0.0
69,1,43.80143397209251,1.16466624,45.43717217022102,54.42311086655826,0.0,6.0,0.0,0.0,0.0,0.0,43.801433972092525,0.0,0.0,0.0,0.0
69,2,35.40829875518672,1.14592608,36.73060036845161,43.306335768462056,0.0,5.0,0.0,0.0,0.0,0.0,35.40829875518662,0.0,0.0,0.0,0.0
69,3,43.80143397209251,1.14338112,45.437172170221096,53.45597520445453,0.0,6.0,0.0,0.0,0.0,0.0,43.801433972092525,0.0,0.0,0.0,0.0
69,4,40.84653578827122,1.14627312,42.371925091568066,49.972309495648915,0.0,7.0,0.0,0.0,0.0,0.0,40.846535788271225,0.0,0.0,0.0,0.0
69,5,43.36755584466129,1.2146400000000002,44.98709112516771,56.13219308051676,0.0,7.0,0.0,0.0,0.0,0.0,43.36755584466131,0.0,0.0,0.0,0.0
69,6,43.80143397209251,1.38596208,45.43717217022107,64.47816804919202,0.0,6.0,0.0,0.0,0.0,0.0,43.801433972092525,0.0,0.0,0.0,0.0
69,7,29.6,1.58377488,30.705394190871896,49.64678054771869,0.0,4.0,0.0,0.0,0.0,0.0,29.6,0.0,0.0,0.0,0.0
69,8,17.38652956264622,1.63004688,18.035819048388404,25.533790273859275,23.879785381277333,2.0,0.0,0.0,0.0,1.0,14.8,0.0,0.0,0.0,2.5865295626462186
69,9,7.653374613108059,1.58030448,7.939185283307116,0.0,70.65874902143334,0.0,0.0,0.0,0.0,1.0,0.0,0.0,0.0,0.0,7.653374613108059
69,10,1.7698449303183494,1.5257035199999998,1.8359387243966283,0.0,16.339854647129993,0.0,0.0,0.0,0.0,1.0,0.0,0.0,0.0,0.0,1.7698449303183494
69,11,0.0,1.4471568,0.0,0.0,0.0,0.0,0.0,0.0,0.0,0.0,0.0,0.0,0.0,0.0,0.0
69,12,0.0,1.34674656,0.0,0.0,0.0,0.0,0.0,0.0,0.0,0.0,0.0,0.0,0.0,0.0,0.0
69,13,0.0,1.30533312,0.0,0.0,0.0,0.0,0.0,0.0,0.0,0.0,0.0,0.0,0.0,0.0,0.0
69,14,0.0,1.32927888,0.0,0.0,0.0,0.0,0.0,0.0,0.0,0.0,0.0,0.0,0.0,0.0,0.0
69,15,20.270112308349454,1.30278816,21.027087456794252,28.089837172815955,0.0,3.0,0.0,0.0,0.0,0.0,20.270112308349454,0.0,0.0,0.0,0.0
69,16,0.0,1.2736368,0.0,0.0,0.0,0.0,0.0,0.0,0.0,0.0,0.0,0.0,0.0,0.0,0.0
69,17,14.8,1.4962051200000002,15.352697095435934,23.478958273859302,0.0,2.0,0.0,0.0,0.0,0.0,14.8,0.0,0.0,0.0,0.0
69,18,43.300546843335695,1.5672326399999994,44.9175797130043,70.79463926508812,6.053131534558184,6.0,0.0,0.0,0.0,1.0,42.64490428161502,0.0,0.0,0.0,0.6556425617206841
69,19,43.334807325089294,1.54918656,44.95311963183596,71.12871702352618,0.0,6.0,0.0,0.0,0.0,0.0,43.334807325089294,0.0,0.0,0.0,0.0
69,20,34.923651452281874,1.33506288,36.22785420361245,49.565605343434505,0.0,6.0,0.0,0.0,0.0,0.0,34.923651452281874,0.0,0.0,0.0,0.0
69,21,43.80143397209251,1.2604492799999998,45.43717217022114,58.775221346025575,0.0,6.0,0.0,0.0,0.0,0.0,43.801433972092525,0.0,0.0,0.0,0.0
69,22,37.0,1.15668432,38.38174273858992,45.66599568464816,0.0,5.0,0.0,0.0,0.0,0.0,37.0,0.0,0.0,0.0,0.0
69,23,41.09117935750373,0.98894832,42.6257047277015,43.56552990576338,0.0,6.0,0.0,0.0,0.0,0.0,41.09117935750373,0.0,0.0,0.0,0.0
70,0,43.80143397209251,0.81230496,45.4371721702211,38.412810721078884,0.0,6.0,0.0,0.0,0.0,0.0,43.801433972092525,0.0,0.0,0.0,0.0
70,1,37.0,0.82260048,38.38174273858997,32.843275684647956,0.0,5.0,0.0,0.0,0.0,0.0,37.0,0.0,0.0,0.0,0.0
70,2,35.35462328232275,0.8453894399999999,36.67492041734768,32.21853029948033,0.0,6.0,0.0,0.0,0.0,0.0,35.35462328232276,0.0,0.0,0.0,0.0
70,3,14.8,0.93052992,15.352697095435921,14.794318273859151,0.0,2.0,0.0,0.0,0.0,0.0,14.8,0.0,0.0,0.0,0.0
70,4,36.14413366465755,0.99207168,37.493914589894125,38.437699409898265,0.0,6.0,0.0,0.0,0.0,0.0,36.14413366465755,0.0,0.0,0.0,0.0
70,5,22.200000000000003,1.11261024,23.029045643153882,26.384613410788788,0.0,3.0,0.0,0.0,0.0,0.0,22.200000000000003,0.0,0.0,0.0,0.0
70,6,40.78834435866291,1.20584832,42.31156053803257,52.42183684517376,0.0,6.0,0.0,0.0,0.0,0.0,40.788344358662926,0.0,0.0,0.0,0.0
70,7,37.0,1.27352112,38.38174273858988,50.150395684648174,0.0,5.0,0.0,0.0,0.0,0.0,37.0,0.0,0.0,0.0,0.0
70,8,40.58507019187064,1.28717136,42.10069521978332,55.584342134768825,0.0,6.0,0.0,0.0,0.0,0.0,40.58507019187065,0.0,0.0,0.0,0.0
70,9,40.0247809994362,1.2304881600000002,41.51948236456088,52.46352632518793,0.0,6.0,0.0,0.0,0.0,0.0,40.0247809994362,0.0,0.0,0.0,0.0
70,10,43.80143397209252,1.08519408,45.437172170221054,50.81212064989896,0.0,6.0,0.0,0.0,0.0,0.0,43.801433972092525,0.0,0.0,0.0,0.0
70,11,0.0,0.9479976,0.0,0.0,0.0,0.0,0.0,0.0,0.0,0.0,0.0,0.0,0.0,0.0,0.0
70,12,0.0,0.90993888,0.0,0.0,0.0,0.0,0.0,0.0,0.0,0.0,0.0,0.0,0.0,0.0,0.0
70,13,0.0,0.6940799999999999,0.0,0.0,0.0,0.0,0.0,0.0,0.0,0.0,0.0,0.0,0.0,0.0,0.0
70,14,0.0,0.70518528,0.0,0.0,0.0,0.0,0.0,0.0,0.0,0.0,0.0,0.0,0.0,0.0,0.0
70,15,43.8014339720925,0.9329592,45.43717217022119,43.89499819702615,0.0,6.0,0.0,0.0,0.0,0.0,43.801433972092525,0.0,0.0,0.0,0.0
70,16,0.0,1.13389536,0.0,0.0,0.0,0.0,0.0,0.0,0.0,0.0,0.0,0.0,0.0,0.0,0.0
70,17,0.0,1.2314136,0.0,0.0,0.0,0.0,0.0,0.0,0.0,0.0,0.0,0.0,0.0,0.0,0.0
70,18,0.0,1.32488304,0.0,0.0,0.0,0.0,0.0,0.0,0.0,0.0,0.0,0.0,0.0,0.0,0.0
70,19,43.80143397209251,1.27745424,45.437172170221146,59.547878641293316,0.0,6.0,0.0,0.0,0.0,0.0,43.801433972092525,0.0,0.0,0.0,0.0
70,20,36.60009065797473,1.22655504,37.966899022795864,47.825195707235885,0.0,6.0,0.0,0.0,0.0,0.0,36.60009065797474,0.0,0.0,0.0,0.0
70,21,36.40143397209103,1.19636256,37.76082362250128,46.4255188786289,0.0,6.0,0.0,0.0,0.0,0.0,36.40143397209103,0.0,0.0,0.0,0.0
70,22,43.20286794418418,1.17056592,44.81625305413347,53.94379646335637,0.0,6.0,0.0,0.0,0.0,0.0,43.20286794418418,0.0,0.0,0.0,0.0
70,23,22.200000000000003,1.0399632,23.029045643155587,24.711621410790592,0.0,3.0,0.0,0.0,0.0,0.0,22.200000000000003,0.0,0.0,0.0,0.0
71,0,39.42352946580244,0.74995344,40.89577745415237,32.02357921694846,0.0,6.0,0.0,0.0,0.0,0.0,39.42352946580245,0.0,0.0,0.0,0.0
71,1,32.27835274116029,0.69338592,33.483768403693794,24.325486293824415,0.0,6.0,0.0,0.0,0.0,0.0,32.27835274116029,0.0,0.0,0.0,0.0
71,2,29.114201405826,0.6681676799999999,30.201453740486993,21.179303397218632,0.0,4.0,0.0,0.0,0.0,0.0,29.114201405826,0.0,0.0,0.0,0.0
71,3,29.6,0.65278224,30.705394190871907,21.06028454771821,0.0,4.0,0.0,0.0,0.0,0.0,29.6,0.0,0.0,0.0,0.0
71,4,43.801433972092504,0.66007008,45.437172170223164,31.49568826820737,0.0,6.0,0.0,0.0,0.0,0.0,43.801433972092525,0.0,0.0,0.0,0.0
71,5,14.8,0.659376,15.352697095438327,10.63137427386075,0.0,2.0,0.0,0.0,0.0,0.0,14.8,0.0,0.0,0.0,0.0
71,6,29.6,0.68343744,30.705394190872063,22.00156454771834,0.0,4.0,0.0,0.0,0.0,0.0,29.6,0.0,0.0,0.0,0.0
71,7,43.30631916277741,0.7527297599999999,44.92356759624259,35.302276342499084,0.0,6.0,0.0,0.0,0.0,0.0,43.30631916277742,0.0,0.0,0.0,0.0
71,8,41.048857425952235,0.94579968,42.58180230907976,41.68331265418144,0.0,6.0,0.0,0.0,0.0,0.0,41.048857425952235,0.0,0.0,0.0,0.0
71,9,43.20286794418451,0.90843504,44.816253054133774,42.19607261197397,0.0,6.0,0.0,0.0,0.0,0.0,43.20286794418452,0.0,0.0,0.0,0.0
71,10,30.357083994393548,0.76557024,31.490751031526358,25.150725684129405,0.0,5.0,0.0,0.0,0.0,0.0,30.357083994393555,0.0,0.0,0.0,0.0
71,11,0.0,0.76476048,0.0,0.0,0.0,0.0,0.0,0.0,0.0,0.0,0.0,0.0,0.0,0.0,0.0
71,12,0.0,0.76487616,0.0,0.0,0.0,0.0,0.0,0.0,0.0,0.0,0.0,0.0,0.0,0.0,0.0
71,13,0.0,0.77864208,0.0,0.0,0.0,0.0,0.0,0.0,0.0,0.0,0.0,0.0,0.0,0.0,0.0
71,14,0.0,0.80976,0.0,0.0,0.0,0.0,0.0,0.0,0.0,0.0,0.0,0.0,0.0,0.0,0.0
71,15,39.09214613216313,0.8664432000000001,40.552018809298076,36.47829276617618,0.0,6.0,0.0,0.0,0.0,0.0,39.09214613216313,0.0,0.0,0.0,0.0
71,16,0.0,0.9838584,0.0,0.0,0.0,0.0,0.0,0.0,0.0,0.0,0.0,0.0,0.0,0.0,0.0
71,17,0.0,1.1673268799999998,0.0,0.0,0.0,0.0,0.0,0.0,0.0,0.0,0.0,0.0,0.0,0.0,0.0
71,18,0.0,1.26623328,0.0,0.0,0.0,0.0,0.0,0.0,0.0,0.0,0.0,0.0,0.0,0.0,0.0
71,19,43.80143397209252,1.28647728,45.43717217022105,59.95786006327198,0.0,6.0,0.0,0.0,0.0,0.0,43.801433972092525,0.0,0.0,0.0,0.0
71,20,43.01672045651392,1.2244728,44.623154000534136,56.11686472128291,0.0,7.0,0.0,0.0,0.0,0.0,43.01672045651394,0.0,0.0,0.0,0.0
71,21,41.37006660377727,1.17345792,42.91500685039168,51.77944140219432,0.0,6.0,0.0,0.0,0.0,0.0,41.37006660377727,0.0,0.0,0.0,0.0
71,22,43.80143397209251,1.07108112,45.43717217022102,50.17086765654747,0.0,6.0,0.0,0.0,0.0,0.0,43.801433972092525,0.0,0.0,0.0,0.0
71,23,37.0,0.7521513599999999,38.38174273859195,30.139315684649453,0.0,5.0,0.0,0.0,0.0,0.0,37.0,0.0,0.0,0.0,0.0
72,0,29.6,0.57654912,30.705394190871957,18.7195165477182,0.0,4.0,0.0,0.0,0.0,0.0,29.6,0.0,0.0,0.0,0.0
72,1,37.128832069828825,0.4528872,38.51538596455331,18.717984581832564,0.0,6.0,0.0,0.0,0.0,0.0,37.128832069828846,0.0,0.0,0.0,0.0
72,2,29.6,0.39990576,30.70539419087308,13.295612547718584,0.0,4.0,0.0,0.0,0.0,0.0,29.6,0.0,0.0,0.0,0.0
72,3,37.0,0.35236128,38.38174273859047,14.794675684647789,0.0,5.0,0.0,0.0,0.0,0.0,37.0,0.0,0.0,0.0,0.0
72,4,43.80143397209252,0.3898416,45.43717217022234,19.217270297149312,0.0,6.0,0.0,0.0,0.0,0.0,43.801433972092525,0.0,0.0,0.0,0.0
72,5,35.22519062529179,0.39539424,36.5406541756139,15.657459840082508,0.0,7.0,0.0,0.0,0.0,0.0,35.2251906252918,0.0,0.0,0.0,0.0
72,6,43.80143397209251,0.44525232,45.43717217022109,21.734976721864694,0.0,6.0,0.0,0.0,0.0,0.0,43.801433972092525,0.0,0.0,0.0,0.0
72,7,22.200000000000003,0.89894928,23.029045643153662,21.464205410788505,0.0,3.0,0.0,0.0,0.0,0.0,22.200000000000003,0.0,0.0,0.0,0.0
72,8,7.4,0.92324208,7.676348547717986,7.3412151369295975,0.0,1.0,0.0,0.0,0.0,0.0,7.4,0.0,0.0,0.0,0.0
72,9,0.0,0.49117728,0.0,0.0,0.0,0.0,0.0,0.0,0.0,0.0,0.0,0.0,0.0,0.0,0.0
72,10,0.0,0.36161568,0.0,0.0,0.0,0.0,0.0,0.0,0.0,0.0,0.0,0.0,0.0,0.0,0.0
72,11,0.0,0.35698848,0.0,0.0,0.0,0.0,0.0,0.0,0.0,0.0,0.0,0.0,0.0,0.0,0.0
72,12,0.0,0.38498304,0.0,0.0,0.0,0.0,0.0,0.0,0.0,0.0,0.0,0.0,0.0,0.0,0.0
72,13,8.996843977422786,0.3909984,9.332825702720733,0.0,83.06214875421452,0.0,0.0,0.0,0.0,1.0,0.0,0.0,0.0,0.0,8.996843977422786
72,14,3.819896182048267,0.37700112,3.962547906689074,0.0,35.26667636953276,0.0,0.0,0.0,0.0,1.0,0.0,0.0,0.0,0.0,3.819896182048267
72,15,39.29447094679959,0.36531744,40.761899322406215,15.291955684647304,21.183393595971335,5.0,0.0,0.0,0.0,1.0,37.0,0.0,0.0,0.0,2.2944709467995916
72,16,0.0,0.36624288,0.0,0.0,0.0,0.0,0.0,0.0,0.0,0.0,0.0,0.0,0.0,0.0,0.0
72,17,0.0,0.54809184,0.0,0.0,0.0,0.0,0.0,0.0,0.0,0.0,0.0,0.0,0.0,0.0,0.0
72,18,32.04618708360343,0.60708864,33.24293265934011,21.281747848794527,0.0,5.0,0.0,0.0,0.0,0.0,32.04618708360343,0.0,0.0,0.0,0.0
72,19,42.55395141921545,0.5653281599999999,44.143103131966846,26.416475983953145,0.0,6.0,0.0,0.0,0.0,0.0,42.55395141921545,0.0,0.0,0.0,0.0
72,20,43.80143397209251,0.50714112,45.437172170222055,24.54702878287359,0.0,6.0,0.0,0.0,0.0,0.0,43.801433972092525,0.0,0.0,0.0,0.0
72,21,42.40545108296877,0.48793824,43.98905714000952,22.919980911489994,0.0,6.0,0.0,0.0,0.0,0.0,42.40545108296877,0.0,0.0,0.0,0.0
72,22,38.143126775983255,0.4002527999999999,39.56755889624867,17.146712436854266,0.0,6.0,0.0,0.0,0.0,0.0,38.143126775983255,0.0,0.0,0.0,0.0
72,23,43.80143397209251,0.26976576,45.437172170221416,13.76136368158496,0.0,6.0,0.0,0.0,0.0,0.0,43.801433972092525,0.0,0.0,0.0,0.0
73,0,35.40829875518619,0.11070576,36.73060036845054,5.282071901241309,0.0,6.0,0.0,0.0,0.0,0.0,35.40829875518619,0.0,0.0,0.0,0.0
73,1,43.80143397209251,0.05286576,45.43717217022087,3.9060410378638863,0.0,6.0,0.0,0.0,0.0,0.0,43.801433972092525,0.0,0.0,0.0,0.0
73,2,43.80143397209251,0.0485856,45.43717217022109,3.7115626710278122,0.0,6.0,0.0,0.0,0.0,0.0,43.801433972092525,0.0,0.0,0.0,0.0
73,3,29.6,0.0286886399999999,30.70539419087209,1.8972445477178836,0.0,4.0,0.0,0.0,0.0,0.0,29.6,0.0,0.0,0.0,0.0
73,4,37.52563226874734,0.05298144,38.92700442816172,3.3508925960625375,0.0,6.0,0.0,0.0,0.0,0.0,37.525632268747344,0.0,0.0,0.0,0.0
73,5,36.40143397209251,0.31210464,37.76082362250311,13.035211524709682,0.0,6.0,0.0,0.0,0.0,0.0,36.401433972092526,0.0,0.0,0.0,0.0
73,6,43.50920218738783,0.4927968,45.13402716534071,23.735840457365754,0.0,6.0,0.0,0.0,0.0,0.0,43.50920218738773,0.0,0.0,0.0,0.0
73,7,20.608298755186656,0.8036289600000001,21.377903273017367,17.88751077261242,0.0,3.0,0.0,0.0,0.0,0.0,20.608298755186656,0.0,0.0,0.0,0.0
73,8,7.4,1.0708497599999998,7.676348547717948,8.474303136929574,0.0,1.0,0.0,0.0,0.0,0.0,7.4,0.0,0.0,0.0,0.0
73,9,0.0,0.94117248,0.0,0.0,0.0,0.0,0.0,0.0,0.0,0.0,0.0,0.0,0.0,0.0,0.0
73,10,0.0,0.85348704,0.0,0.0,0.0,0.0,0.0,0.0,0.0,0.0,0.0,0.0,0.0,0.0,0.0
73,11,1.5101412638801681,0.7049539199999999,1.5665365807885563,0.0,13.942175569018152,0.0,0.0,0.0,0.0,1.0,0.0,0.0,0.0,0.0,1.5101412638801681
73,12,0.0,0.6161116799999999,0.0,0.0,0.0,0.0,0.0,0.0,0.0,0.0,0.0,0.0,0.0,0.0,0.0
73,13,0.0,0.6894528,0.0,0.0,0.0,0.0,0.0,0.0,0.0,0.0,0.0,0.0,0.0,0.0,0.0
73,14,0.0,0.7571256,0.0,0.0,0.0,0.0,0.0,0.0,0.0,0.0,0.0,0.0,0.0,0.0,0.0
73,15,42.69101113043407,0.69199776,44.28528125563739,32.11115823943267,0.0,6.0,0.0,0.0,0.0,0.0,42.691011130434106,0.0,0.0,0.0,0.0
73,16,0.0,0.91190544,0.0,0.0,0.0,0.0,0.0,0.0,0.0,0.0,0.0,0.0,0.0,0.0,0.0
73,17,0.0,1.15575888,0.0,0.0,0.0,0.0,0.0,0.0,0.0,0.0,0.0,0.0,0.0,0.0,0.0
73,18,37.0,1.20376608,38.381742738589814,47.47307568464805,0.0,5.0,0.0,0.0,0.0,0.0,37.0,0.0,0.0,0.0,0.0
73,19,43.80143397209252,1.2035347200000002,45.43717217022106,56.18918468431312,0.0,6.0,0.0,0.0,0.0,0.0,43.801433972092525,0.0,0.0,0.0,0.0
73,20,43.80143397209251,1.148124,45.43717217022092,53.67147825959702,0.0,6.0,0.0,0.0,0.0,0.0,43.80143397209252,0.0,0.0,0.0,0.0
73,21,42.20973272727922,0.7379227199999999,43.786029800082716,33.76002379446083,0.0,6.0,0.0,0.0,0.0,0.0,42.20973272727912,0.0,0.0,0.0,0.0
73,22,43.801433972092504,0.62860512,45.43717217022105,30.06600946335678,0.0,7.0,0.0,0.0,0.0,0.0,43.801433972092525,0.0,0.0,0.0,0.0
73,23,41.97670745245376,0.58510944,43.54430233657112,26.919498762682323,0.0,6.0,0.0,0.0,0.0,0.0,41.97670745245377,0.0,0.0,0.0,0.0
74,0,37.08500198511989,0.69211344,38.46991907170442,27.898902346512365,0.0,7.0,0.0,0.0,0.0,0.0,37.085001985119916,0.0,0.0,0.0,0.0
74,1,43.801433972092504,0.6587976,45.4371721702214,31.437870375362976,0.0,7.0,0.0,0.0,0.0,0.0,43.80143397209253,0.0,0.0,0.0,0.0
74,2,43.80143397209246,0.65868192,45.437172170223256,31.432614203287613,0.0,6.0,0.0,0.0,0.0,0.0,43.80143397209246,0.0,0.0,0.0,0.0
74,3,15.353143211320255,0.65902896,15.92649710717955,11.023189879235192,0.0,3.0,0.0,0.0,0.0,0.0,15.353143211320255,0.0,0.0,0.0,0.0
74,4,39.99420104364601,0.6358929600000001,41.48776041872065,27.755019646290773,0.0,6.0,0.0,0.0,0.0,0.0,39.99420104364602,0.0,0.0,0.0,0.0
74,5,43.80143397209252,0.66203664,45.4371721702207,31.585043193508724,0.0,6.0,0.0,0.0,0.0,0.0,43.801433972092525,0.0,0.0,0.0,0.0
74,6,37.6499588581831,1.30556448,39.05597391927757,52.28284501754326,0.0,6.0,0.0,0.0,0.0,0.0,37.6499588581831,0.0,0.0,0.0,0.0
74,7,40.91986536916163,1.5770654400000002,42.44799312153621,68.34829152165533,0.0,6.0,0.0,0.0,0.0,0.0,40.91986536916164,0.0,0.0,0.0,0.0
74,8,7.4,1.7199302399999998,7.676348547717948,13.456871136929644,0.0,1.0,0.0,0.0,0.0,0.0,7.4,0.0,0.0,0.0,0.0
74,9,0.0,1.29133584,0.0,0.0,0.0,0.0,0.0,0.0,0.0,0.0,0.0,0.0,0.0,0.0,0.0
74,10,0.0,1.19462736,0.0,0.0,0.0,0.0,0.0,0.0,0.0,0.0,0.0,0.0,0.0,0.0,0.0
74,11,9.170044333503645,0.6947740800000001,9.512494121891748,0.0,84.66119768483657,0.0,0.0,0.0,0.0,1.0,0.0,0.0,0.0,0.0,9.170044333503645
74,12,0.0,0.61460784,0.0,0.0,0.0,0.0,0.0,0.0,0.0,0.0,0.0,0.0,0.0,0.0,0.0
74,13,6.250049605535748,0.5873073600000001,6.483453947651192,0.0,57.70274013409561,0.0,0.0,0.0,0.0,1.0,0.0,0.0,0.0,0.0,6.250049605535748
74,14,0.0,0.69431136,0.0,0.0,0.0,0.0,0.0,0.0,0.0,0.0,0.0,0.0,0.0,0.0,0.0
74,15,48.55498706511071,1.0602072,50.368243843476534,49.676787481342444,43.88653789197259,6.0,0.0,0.0,0.0,1.0,43.80143397209256,0.0,0.0,0.0,4.753553093018154
74,16,0.0,1.1689464,0.0,0.0,0.0,0.0,0.0,0.0,0.0,0.0,0.0,0.0,0.0,0.0,0.0
74,17,0.0,1.25015376,0.0,0.0,0.0,0.0,0.0,0.0,0.0,0.0,0.0,0.0,0.0,0.0,0.0
74,18,29.6,1.28670864,30.70539419087133,40.52524454771779,0.0,4.0,0.0,0.0,0.0,0.0,29.6,0.0,0.0,0.0,0.0
74,19,43.80143397209252,1.26704304,45.437172170222766,59.07482315439681,0.0,6.0,0.0,0.0,0.0,0.0,43.801433972092525,0.0,0.0,0.0,0.0
74,20,39.203471516194966,1.21764768,40.66750157281682,50.86478324359698,0.0,6.0,0.0,0.0,0.0,0.0,39.203471516194966,0.0,0.0,0.0,0.0
74,21,43.20286794418453,1.21533408,44.81625305413376,55.950137650684674,0.0,6.0,0.0,0.0,0.0,0.0,43.20286794418455,0.0,0.0,0.0,0.0
74,22,36.40143397209244,0.94475856,37.760823622503,36.92474461191476,0.0,6.0,0.0,0.0,0.0,0.0,36.40143397209244,0.0,0.0,0.0,0.0
74,23,43.80143397209251,0.84342288,45.43717217022368,39.826721009700314,0.0,6.0,0.0,0.0,0.0,0.0,43.801433972092525,0.0,0.0,0.0,0.0
75,0,42.20973272727922,0.3815126399999999,43.786029800082645,18.154241410530933,0.0,6.0,0.0,0.0,0.0,0.0,42.209732727279246,0.0,0.0,0.0,0.0
75,1,43.20286794418533,0.40441728,44.81625305413472,19.607885136036717,0.0,6.0,0.0,0.0,0.0,0.0,43.20286794418533,0.0,0.0,0.0,0.0
75,2,42.808298755184225,0.42026544,44.40694891616685,20.132575934435504,0.0,6.0,0.0,0.0,0.0,0.0,42.808298755184225,0.0,0.0,0.0,0.0
75,3,39.02110102484966,0.4431700799999999,40.47832056519715,19.278612973852084,0.0,6.0,0.0,0.0,0.0,0.0,39.02110102484966,0.0,0.0,0.0,0.0
75,4,42.80829875518672,0.50876064,44.40694891617193,24.062377760164225,0.0,6.0,0.0,0.0,0.0,0.0,42.80829875518662,0.0,0.0,0.0,0.0
75,5,29.6,1.04019456,30.705394190872166,32.955932547718696,0.0,4.0,0.0,0.0,0.0,0.0,29.6,0.0,0.0,0.0,0.0
75,6,43.05774739643964,1.25362416,44.66571306684654,57.47245212673913,0.0,6.0,0.0,0.0,0.0,0.0,43.05774739643964,0.0,0.0,0.0,0.0
75,7,29.6,1.57683408,30.70539419087217,49.43366054771913,0.0,4.0,0.0,0.0,0.0,0.0,29.6,0.0,0.0,0.0,0.0
75,8,7.4,1.54722,7.676348547717986,12.131087136929686,0.0,1.0,0.0,0.0,0.0,0.0,7.4,0.0,0.0,0.0,0.0
75,9,7.4,1.30128432,7.676348547717676,10.243199136929237,0.0,1.0,0.0,0.0,0.0,0.0,7.4,0.0,0.0,0.0,0.0
75,10,0.4396102701089673,1.16755824,0.45602725115038106,0.0,4.058642535238391,0.0,0.0,0.0,0.0,1.0,0.0,0.0,0.0,0.0,0.4396102701089673
75,11,0.0,1.05858768,0.0,0.0,0.0,0.0,0.0,0.0,0.0,0.0,0.0,0.0,0.0,0.0,0.0
75,12,0.0,0.9879072,0.0,0.0,0.0,0.0,0.0,0.0,0.0,0.0,0.0,0.0,0.0,0.0,0.0
75,13,0.0,0.90797232,0.0,0.0,0.0,0.0,0.0,0.0,0.0,0.0,0.0,0.0,0.0,0.0,0.0
75,14,0.0,0.93099264,0.0,0.0,0.0,0.0,0.0,0.0,0.0,0.0,0.0,0.0,0.0,0.0,0.0
75,15,37.0,0.98200752,38.381742738589764,38.96159568464787,0.0,5.0,0.0,0.0,0.0,0.0,37.0,0.0,0.0,0.0,0.0
75,16,0.0,1.07917872,0.0,0.0,0.0,0.0,0.0,0.0,0.0,0.0,0.0,0.0,0.0,0.0,0.0
75,17,12.002816912886528,1.15136304,12.451054888886546,14.74781432489742,0.0,2.0,0.0,0.0,0.0,0.0,12.002816912886528,0.0,0.0,0.0,0.0
75,18,43.80143397209251,1.16825232,45.43717217022106,54.58605220093449,0.0,6.0,0.0,0.0,0.0,0.0,43.801433972092525,0.0,0.0,0.0,0.0
75,19,43.80143397209257,1.15124736,45.43717217022107,53.8133949056668,0.0,6.0,0.0,0.0,0.0,0.0,43.80143397209257,0.0,0.0,0.0,0.0
75,20,43.80143397209252,1.110528,45.437172170221,51.9632223346855,0.0,6.0,0.0,0.0,0.0,0.0,43.801433972092525,0.0,0.0,0.0,0.0
75,21,43.80143397209148,1.023768,45.43717217021993,48.021093277195995,0.0,7.0,0.0,0.0,0.0,0.0,43.8014339720914,0.0,0.0,0.0,0.0
75,22,43.801433972092504,0.55144656,45.43717217022136,26.560142688230634,0.0,6.0,0.0,0.0,0.0,0.0,43.801433972092525,0.0,0.0,0.0,0.0
75,23,38.893851609530785,0.49557312,40.346319097024136,21.33001439753933,0.0,6.0,0.0,0.0,0.0,0.0,38.893851609530785,0.0,0.0,0.0,0.0
76,0,38.76404305121166,0.3922708799999999,40.2116629161952,17.104870440925314,0.0,6.0,0.0,0.0,0.0,0.0,38.764043051211665,0.0,0.0,0.0,0.0
76,1,37.0,0.37734816,38.38174273858928,15.753715684647332,0.0,5.0,0.0,0.0,0.0,0.0,37.0,0.0,0.0,0.0,0.0
76,2,43.80143397209251,0.36520176,45.43717217022102,18.09770564482205,0.0,6.0,0.0,0.0,0.0,0.0,43.801433972092525,0.0,0.0,0.0,0.0
76,3,43.801433972092724,0.34692432,45.43717217022161,17.267230456711392,0.0,6.0,0.0,0.0,0.0,0.0,43.801433972092724,0.0,0.0,0.0,0.0
76,4,25.527211073755893,0.3418344,26.480509412610086,9.928453908311315,0.0,5.0,0.0,0.0,0.0,0.0,25.527211073755893,0.0,0.0,0.0,0.0
76,5,34.247508701044595,0.3429912,35.526461308137904,13.361189465131153,0.0,6.0,0.0,0.0,0.0,0.0,34.247508701044595,0.0,0.0,0.0,0.0
76,6,43.80143397209251,0.36335088,45.43717217022102,18.013606891595632,0.0,6.0,0.0,0.0,0.0,0.0,43.801433972092525,0.0,0.0,0.0,0.0
76,7,14.8,0.38509872,15.352697095435897,6.42047827385901,0.0,2.0,0.0,0.0,0.0,0.0,14.8,0.0,0.0,0.0,0.0
76,8,0.0,0.38822208,0.0,0.0,0.0,0.0,0.0,0.0,0.0,0.0,0.0,0.0,0.0,0.0,0.0
76,9,0.9649259441495788,0.37954608,1.0009605229767415,0.0,8.908548654493,0.0,0.0,0.0,0.0,1.0,0.0,0.0,0.0,0.0,0.9649259441495788
76,10,0.0,0.38012448,0.0,0.0,0.0,0.0,0.0,0.0,0.0,0.0,0.0,0.0,0.0,0.0,0.0
76,11,0.0,0.37665408,0.0,0.0,0.0,0.0,0.0,0.0,0.0,0.0,0.0,0.0,0.0,0.0,0.0
76,12,0.0,0.3760756799999999,0.0,0.0,0.0,0.0,0.0,0.0,0.0,0.0,0.0,0.0,0.0,0.0,0.0
76,13,0.0,0.3736464,0.0,0.0,0.0,0.0,0.0,0.0,0.0,0.0,0.0,0.0,0.0,0.0,0.0
76,14,0.0,0.37410912,0.0,0.0,0.0,0.0,0.0,0.0,0.0,0.0,0.0,0.0,0.0,0.0,0.0
76,15,35.62779462467326,0.34865952,36.95829317912253,14.109180264081095,0.0,6.0,0.0,0.0,0.0,0.0,35.62779462467327,0.0,0.0,0.0,0.0
76,16,3.132507699935888,0.34449504,3.249489315286191,0.0,28.9204549060471,0.0,0.0,0.0,0.0,1.0,0.0,0.0,0.0,0.0,3.132507699935888
76,17,7.4,0.33975216,7.676348547717729,2.8621431369294186,0.0,1.0,0.0,0.0,0.0,0.0,7.4,0.0,0.0,0.0,0.0
76,18,22.200000000000003,0.33454656,23.029045643153736,8.46654941078846,0.0,3.0,0.0,0.0,0.0,0.0,22.200000000000003,0.0,0.0,0.0,0.0
76,19,36.40143397209252,0.3071304,37.76082362250311,12.847380125413682,0.0,6.0,0.0,0.0,0.0,0.0,36.401433972092526,0.0,0.0,0.0,0.0
76,20,39.84107360837019,0.27982992,41.32891453150481,12.93305391803064,0.0,6.0,0.0,0.0,0.0,0.0,39.8410736083702,0.0,0.0,0.0,0.0
76,21,42.94755703569081,0.2701128,44.55140771337281,13.50855707671337,0.0,6.0,0.0,0.0,0.0,0.0,42.94755703569082,0.0,0.0,0.0,0.0
76,22,37.0,0.2585448,38.381742738589345,11.193835684647343,0.0,5.0,0.0,0.0,0.0,0.0,37.0,0.0,0.0,0.0,0.0
76,23,29.6,0.21250416,30.705394190871523,7.541372547717881,0.0,4.0,0.0,0.0,0.0,0.0,29.6,0.0,0.0,0.0,0.0
77,0,22.200000000000003,0.0469660799999999,23.029045643153893,1.843845410788409,0.0,3.0,0.0,0.0,0.0,0.0,22.200000000000003,0.0,0.0,0.0,0.0
77,1,23.542515665219938,0.04719744,24.4216967481537,1.960999729333067,0.0,4.0,0.0,0.0,0.0,0.0,23.542515665219938,0.0,0.0,0.0,0.0
77,2,31.60211072944287,0.0469660799999999,32.78227254091609,2.624748055842788,0.0,6.0,0.0,0.0,0.0,0.0,31.602110729442877,0.0,0.0,0.0,0.0
77,3,21.601433972087552,0.1149859199999999,22.408126527062024,3.3183280322363826,0.0,3.0,0.0,0.0,0.0,0.0,21.601433972087552,0.0,0.0,0.0,0.0
77,4,14.8,0.19931664,15.352697095435971,3.5682222738589875,0.0,2.0,0.0,0.0,0.0,0.0,14.8,0.0,0.0,0.0,0.0
77,5,43.80143397209251,0.24327504,45.43717217022138,12.557700276031822,0.0,6.0,0.0,0.0,0.0,0.0,43.801433972092525,0.0,0.0,0.0,0.0
77,6,28.996406429829086,0.24917472,30.07925978198077,8.490614632765883,0.0,4.0,0.0,0.0,0.0,0.0,28.996406429829086,0.0,0.0,0.0,0.0
77,7,43.801433972092525,0.2657169599999999,45.43717217022121,13.5773976589021,0.0,6.0,0.0,0.0,0.0,0.0,43.80143397209242,0.0,0.0,0.0,0.0
77,8,38.991778515377774,0.3322329599999999,40.447903024251104,14.776952137642603,0.0,6.0,0.0,0.0,0.0,0.0,38.991778515377774,0.0,0.0,0.0,0.0
77,9,36.40143397209252,0.34542048,37.76082362250307,14.2932450827852,0.0,6.0,0.0,0.0,0.0,0.0,36.401433972092526,0.0,0.0,0.0,0.0
77,10,0.0,0.3781579199999999,0.0,0.0,0.0,0.0,0.0,0.0,0.0,0.0,0.0,0.0,0.0,0.0,0.0
77,11,0.0,0.37919904,0.0,0.0,0.0,0.0,0.0,0.0,0.0,0.0,0.0,0.0,0.0,0.0,0.0
77,12,0.0,0.37491888,0.0,0.0,0.0,0.0,0.0,0.0,0.0,0.0,0.0,0.0,0.0,0.0,0.0
77,13,0.0,0.36878784,0.0,0.0,0.0,0.0,0.0,0.0,0.0,0.0,0.0,0.0,0.0,0.0,0.0
77,14,0.0,0.3516671999999999,0.0,0.0,0.0,0.0,0.0,0.0,0.0,0.0,0.0,0.0,0.0,0.0,0.0
77,15,22.200000000000003,0.3620783999999999,23.029045643153978,9.100581410788557,0.0,3.0,0.0,0.0,0.0,0.0,22.200000000000003,0.0,0.0,0.0,0.0
77,16,0.0,0.38602416,0.0,0.0,0.0,0.0,0.0,0.0,0.0,0.0,0.0,0.0,0.0,0.0,0.0
77,17,0.0,0.6351988799999999,0.0,0.0,0.0,0.0,0.0,0.0,0.0,0.0,0.0,0.0,0.0,0.0,0.0
77,18,7.4,1.1197823999999998,7.676348547722202,8.849927136934484,0.0,1.0,0.0,0.0,0.0,0.0,7.4,0.0,0.0,0.0,0.0
77,19,14.8,0.6360086399999999,15.352697095435971,10.272622273859112,0.0,2.0,0.0,0.0,0.0,0.0,14.8,0.0,0.0,0.0,0.0
77,20,37.701637037817754,0.4014096,39.109581989438,16.993488826397908,0.0,6.0,0.0,0.0,0.0,0.0,37.701637037817754,0.0,0.0,0.0,0.0
77,21,43.80143397209187,0.40407024,45.43717217022039,19.86377946257657,0.0,6.0,0.0,0.0,0.0,0.0,43.80143397209187,0.0,0.0,0.0,0.0
77,22,43.80143397209252,0.39030432,45.43717217022106,19.238294985455372,0.0,6.0,0.0,0.0,0.0,0.0,43.801433972092525,0.0,0.0,0.0,0.0
77,23,40.234501351712986,0.38509872,41.737034597213054,17.45437444515021,0.0,6.0,0.0,0.0,0.0,0.0,40.23450135171299,0.0,0.0,0.0,0.0
78,0,22.200000000000003,0.4170264,23.02904564315392,10.36598141078856,0.0,3.0,0.0,0.0,0.0,0.0,22.200000000000003,0.0,0.0,0.0,0.0
78,1,7.4,0.4269748799999999,7.676348547717948,3.5316951369295086,0.0,1.0,0.0,0.0,0.0,0.0,7.4,0.0,0.0,0.0,0.0
78,2,22.200000000000003,0.44906976,23.02904564315392,11.103909410788571,0.0,3.0,0.0,0.0,0.0,0.0,22.200000000000003,0.0,0.0,0.0,0.0
78,3,22.200000000000003,0.46086912,23.029045643153882,11.375637410788558,0.0,3.0,0.0,0.0,0.0,0.0,22.200000000000003,0.0,0.0,0.0,0.0
78,4,22.200000000000003,0.48597168,23.029045643153882,11.953725410788566,0.0,3.0,0.0,0.0,0.0,0.0,22.200000000000003,0.0,0.0,0.0,0.0
78,5,42.54396565413768,0.5062156800000001,44.13274445450017,23.801481085744992,0.0,6.0,0.0,0.0,0.0,0.0,42.543965654137686,0.0,0.0,0.0,0.0
78,6,43.80143397209252,0.5261126399999999,45.43717217022063,25.4090410034436,0.0,6.0,0.0,0.0,0.0,0.0,43.801433972092525,0.0,0.0,0.0,0.0
78,7,26.645161376037198,0.56902992,27.640208896305648,16.642996771515808,0.0,6.0,0.0,0.0,0.0,0.0,26.645161376037198,0.0,0.0,0.0,0.0
78,8,43.80143397209251,0.6940799999999999,45.437172170221274,33.0410028587415,0.0,6.0,0.0,0.0,0.0,0.0,43.801433972092525,0.0,0.0,0.0,0.0
78,9,34.65376377147041,0.88182864,35.94788772974136,32.88975203144496,0.0,5.0,0.0,0.0,0.0,0.0,34.65376377147041,0.0,0.0,0.0,0.0
78,10,14.8,0.8377545599999999,15.352697095435934,13.369966273859138,0.0,2.0,0.0,0.0,0.0,0.0,14.8,0.0,0.0,0.0,0.0
78,11,0.0,0.7756344,0.0,0.0,0.0,0.0,0.0,0.0,0.0,0.0,0.0,0.0,0.0,0.0,0.0
78,12,0.0,0.6358929600000001,0.0,0.0,0.0,0.0,0.0,0.0,0.0,0.0,0.0,0.0,0.0,0.0,0.0
78,13,0.0,0.52009728,0.0,0.0,0.0,0.0,0.0,0.0,0.0,0.0,0.0,0.0,0.0,0.0,0.0
78,14,0.0,0.57770592,0.0,0.0,0.0,0.0,0.0,0.0,0.0,0.0,0.0,0.0,0.0,0.0,0.0
78,15,30.96240622139264,0.6360086399999999,32.11867865289544,21.4908853920359,0.0,5.0,0.0,0.0,0.0,0.0,30.96240622139264,0.0,0.0,0.0,0.0
78,16,0.0,0.91410336,0.0,0.0,0.0,0.0,0.0,0.0,0.0,0.0,0.0,0.0,0.0,0.0,0.0
78,17,0.0,1.14280272,0.0,0.0,0.0,0.0,0.0,0.0,0.0,0.0,0.0,0.0,0.0,0.0,0.0
78,18,0.0,1.15610592,0.0,0.0,0.0,0.0,0.0,0.0,0.0,0.0,0.0,0.0,0.0,0.0,0.0
78,19,43.48401670929803,0.6184252800000001,45.107901150724786,29.3889379274383,0.0,6.0,0.0,0.0,0.0,0.0,43.48401670929805,0.0,0.0,0.0,0.0
78,20,43.80143397209251,0.38729664,45.43717217021799,19.101634511461153,0.0,6.0,0.0,0.0,0.0,0.0,43.801433972092525,0.0,0.0,0.0,0.0
78,21,36.67475197658501,0.36520176,38.04434852342894,15.153130974935145,0.0,6.0,0.0,0.0,0.0,0.0,36.67475197658501,0.0,0.0,0.0,0.0
78,22,15.318757349774351,0.3274900799999999,15.890827126321938,5.730074624746596,0.0,3.0,0.0,0.0,0.0,0.0,15.318757349774213,0.0,0.0,0.0,0.0
78,23,32.893362779313215,0.28839024,34.12174562169485,10.969808189137627,0.0,5.0,0.0,0.0,0.0,0.0,32.893362779313215,0.0,0.0,0.0,0.0
79,0,43.80143397209251,0.29995824,45.43717217022148,15.133224593590944,0.0,6.0,0.0,0.0,0.0,0.0,43.801433972092525,0.0,0.0,0.0,0.0
79,1,33.88602438164698,0.29833872,35.151477574322506,11.650560733342159,0.0,5.0,0.0,0.0,0.0,0.0,33.88602438164698,0.0,0.0,0.0,0.0
79,2,43.80143397209252,0.3045854399999999,45.43717217022154,15.343471476657012,0.0,6.0,0.0,0.0,0.0,0.0,43.801433972092525,0.0,0.0,0.0,0.0
79,3,19.008618644235515,0.33246432,19.71848407078641,7.208374220767866,0.0,3.0,0.0,0.0,0.0,0.0,19.008618644235526,0.0,0.0,0.0,0.0
79,4,43.80143397209251,0.38787504,45.43717217022233,19.127915371846232,0.0,6.0,0.0,0.0,0.0,0.0,43.801433972092525,0.0,0.0,0.0,0.0
79,5,38.359525913531456,0.451152,39.79203932939013,19.26937462933583,0.0,6.0,0.0,0.0,0.0,0.0,38.359525913531456,0.0,0.0,0.0,0.0
79,6,36.40143397209252,0.47440368,37.76082362250581,19.163756948252633,0.0,6.0,0.0,0.0,0.0,0.0,36.401433972092526,0.0,0.0,0.0,0.0
79,7,5.037572272986338,1.1940489600000002,5.225697378616534,6.412709103444006,0.0,1.0,0.0,0.0,0.0,0.0,5.037572272986338,0.0,0.0,0.0,0.0
79,8,0.0,1.2071208,0.0,0.0,0.0,0.0,0.0,0.0,0.0,0.0,0.0,0.0,0.0,0.0,0.0
79,9,0.0,1.19832912,0.0,0.0,0.0,0.0,0.0,0.0,0.0,0.0,0.0,0.0,0.0,0.0,0.0
79,10,0.0,1.194396,0.0,0.0,0.0,0.0,0.0,0.0,0.0,0.0,0.0,0.0,0.0,0.0,0.0
79,11,0.0,1.17253248,0.0,0.0,0.0,0.0,0.0,0.0,0.0,0.0,0.0,0.0,0.0,0.0,0.0
79,12,0.0,1.11966672,0.0,0.0,0.0,0.0,0.0,0.0,0.0,0.0,0.0,0.0,0.0,0.0,0.0
79,13,0.0,1.1016206400000002,0.0,0.0,0.0,0.0,0.0,0.0,0.0,0.0,0.0,0.0,0.0,0.0,0.0
79,14,0.0,1.10092656,0.0,0.0,0.0,0.0,0.0,0.0,0.0,0.0,0.0,0.0,0.0,0.0,0.0
79,15,14.8,1.119204,15.35269709543611,17.69097427385941,0.0,2.0,0.0,0.0,0.0,0.0,14.8,0.0,0.0,0.0,0.0
79,16,0.0,1.15055328,0.0,0.0,0.0,0.0,0.0,0.0,0.0,0.0,0.0,0.0,0.0,0.0,0.0
79,17,0.0,1.21209504,0.0,0.0,0.0,0.0,0.0,0.0,0.0,0.0,0.0,0.0,0.0,0.0,0.0
79,18,22.200000000000003,1.25871408,23.029045643154042,29.749245410789044,0.0,3.0,0.0,0.0,0.0,0.0,22.200000000000003,0.0,0.0,0.0,0.0
79,19,43.80143397209251,1.3916304,45.437172170221096,64.73572048094796,0.0,6.0,0.0,0.0,0.0,0.0,43.801433972092525,0.0,0.0,0.0,0.0
79,20,39.503068937077714,1.24911264,40.978287279127386,52.54287791484834,0.0,6.0,0.0,0.0,0.0,0.0,39.503068937077714,0.0,0.0,0.0,0.0
79,21,43.801433972092774,1.23800736,45.437172170223484,57.75552396315824,0.0,7.0,0.0,0.0,0.0,0.0,43.8014339720928,0.0,0.0,0.0,0.0
79,22,36.795764479062896,1.1964782399999998,38.16988016500362,46.932854074296046,0.0,6.0,0.0,0.0,0.0,0.0,36.795764479062775,0.0,0.0,0.0,0.0
79,23,42.60584225467792,0.91421904,44.19693179945888,41.86859500320885,0.0,6.0,0.0,0.0,0.0,0.0,42.60584225467792,0.0,0.0,0.0,0.0
80,0,43.80143397209252,0.7524983999999999,45.43717217022102,35.69536975745015,0.0,6.0,0.0,0.0,0.0,0.0,43.801433972092525,0.0,0.0,0.0,0.0
80,1,43.80143397209251,0.6353145600000001,45.437172170221096,30.370867443802585,0.0,6.0,0.0,0.0,0.0,0.0,43.801433972092525,0.0,0.0,0.0,0.0
80,2,37.92847680293805,0.4430543999999999,39.344892949106516,18.73424389524604,0.0,6.0,0.0,0.0,0.0,0.0,37.92847680293805,0.0,0.0,0.0,0.0
80,3,38.39920848603589,0.41205216,39.83320382368926,17.73183672183553,0.0,6.0,0.0,0.0,0.0,0.0,38.39920848603589,0.0,0.0,0.0,0.0
80,4,43.801433972092504,0.42616512,45.43717217022221,20.867708329217766,0.0,6.0,0.0,0.0,0.0,0.0,43.801433972092504,0.0,0.0,0.0,0.0
80,5,35.40829875518591,0.67973568,36.73060036845069,26.182882490452798,0.0,5.0,0.0,0.0,0.0,0.0,35.40829875518591,0.0,0.0,0.0,0.0
80,6,41.80365945814748,1.1652446399999998,43.364791969033256,51.965966020806036,0.0,7.0,0.0,0.0,0.0,0.0,41.80365945814749,0.0,0.0,0.0,0.0
80,7,22.200000000000003,1.18618272,23.029045643153843,28.07891741078877,0.0,4.0,0.0,0.0,0.0,0.0,22.200000000000003,0.0,0.0,0.0,0.0
80,8,0.0,1.18710816,0.0,0.0,0.0,0.0,0.0,0.0,0.0,0.0,0.0,0.0,0.0,0.0,0.0
80,9,0.0,1.17160704,0.0,0.0,0.0,0.0,0.0,0.0,0.0,0.0,0.0,0.0,0.0,0.0,0.0
80,10,0.0,1.153908,0.0,0.0,0.0,0.0,0.0,0.0,0.0,0.0,0.0,0.0,0.0,0.0,0.0
80,11,0.0,1.13956368,0.0,0.0,0.0,0.0,0.0,0.0,0.0,0.0,0.0,0.0,0.0,0.0,0.0
80,12,0.0,1.1255664,0.0,0.0,0.0,0.0,0.0,0.0,0.0,0.0,0.0,0.0,0.0,0.0,0.0
80,13,0.0,0.6721008,0.0,0.0,0.0,0.0,0.0,0.0,0.0,0.0,0.0,0.0,0.0,0.0,0.0
80,14,0.0,0.67163808,0.0,0.0,0.0,0.0,0.0,0.0,0.0,0.0,0.0,0.0,0.0,0.0,0.0
80,15,47.700054047760055,1.07096544,49.48138386697146,50.16561148446986,35.99348410108673,6.0,0.0,0.0,0.0,1.0,43.801433972091786,0.0,0.0,0.0,3.89862007566827
80,16,0.0,1.10948688,0.0,0.0,0.0,0.0,0.0,0.0,0.0,0.0,0.0,0.0,0.0,0.0,0.0
80,17,9.195528616806232,1.16038608,9.53893010042151,9.161615136929587,16.57697581906169,1.0,0.0,0.0,0.0,1.0,7.4,0.0,0.0,0.0,1.7955286168062323
80,18,37.0,1.16061744,38.3817427385899,45.81695568464812,0.0,5.0,0.0,0.0,0.0,0.0,37.0,0.0,0.0,0.0,0.0
80,19,41.63795377329123,1.12637616,43.192898105074285,50.0811356341428,0.0,6.0,0.0,0.0,0.0,0.0,41.63795377329123,0.0,0.0,0.0,0.0
80,20,37.26981040018653,0.69315456,38.66162904583701,28.078184391567575,0.0,6.0,0.0,0.0,0.0,0.0,37.26981040018653,0.0,0.0,0.0,0.0
80,21,43.80143397209251,0.52356768,45.437172170221416,25.293405217757716,0.0,6.0,0.0,0.0,0.0,0.0,43.801433972092525,0.0,0.0,0.0,0.0
80,22,43.80143397209249,0.5085292800000001,45.43717217022089,24.61010284779279,0.0,7.0,0.0,0.0,0.0,0.0,43.801433972092525,0.0,0.0,0.0,0.0
80,23,36.90728916967059,0.49672992,38.28556967808218,20.284840319692705,0.0,6.0,0.0,0.0,0.0,0.0,36.9072891696706,0.0,0.0,0.0,0.0
81,0,22.200000000000003,0.4095072,23.02904564315334,10.1928214107883,0.0,3.0,0.0,0.0,0.0,0.0,22.200000000000003,0.0,0.0,0.0,0.0
81,1,42.63909450703391,0.40927584,44.23142583717379,19.566914159117456,0.0,6.0,0.0,0.0,0.0,0.0,42.63909450703392,0.0,0.0,0.0,0.0
81,2,42.078040255181584,0.40696224,43.64941935184858,19.208461254673836,0.0,7.0,0.0,0.0,0.0,0.0,42.07804025518161,0.0,0.0,0.0,0.0
81,3,43.80143397209251,0.40754064,45.437172170221366,20.02146462487653,0.0,6.0,0.0,0.0,0.0,0.0,43.801433972092525,0.0,0.0,0.0,0.0
81,4,41.60271882281378,0.41448144,43.1563473265705,19.31598008156657,0.0,6.0,0.0,0.0,0.0,0.0,41.60271882281378,0.0,0.0,0.0,0.0
81,5,37.0,0.50297664,38.381742738590034,20.575555684647743,0.0,5.0,0.0,0.0,0.0,0.0,37.0,0.0,0.0,0.0,0.0
81,6,32.42796162137254,0.58846416,33.638964337525685,20.908774611724112,0.0,6.0,0.0,0.0,0.0,0.0,32.42796162137254,0.0,0.0,0.0,0.0
81,7,22.200000000000003,1.0366084800000002,23.029045643153882,24.63436541078876,0.0,3.0,0.0,0.0,0.0,0.0,22.200000000000003,0.0,0.0,0.0,0.0
81,8,0.0,1.08114528,0.0,0.0,0.0,0.0,0.0,0.0,0.0,0.0,0.0,0.0,0.0,0.0,0.0
81,9,0.0,0.90380784,0.0,0.0,0.0,0.0,0.0,0.0,0.0,0.0,0.0,0.0,0.0,0.0,0.0
81,10,5.20604371934728,0.62686992,5.400460289779336,0.0,48.0640965790361,0.0,0.0,0.0,0.0,1.0,0.0,0.0,0.0,0.0,5.20604371934728
81,11,0.0,0.4273219199999999,0.0,0.0,0.0,0.0,0.0,0.0,0.0,0.0,0.0,0.0,0.0,0.0,0.0
81,12,0.0,0.38961024,0.0,0.0,0.0,0.0,0.0,0.0,0.0,0.0,0.0,0.0,0.0,0.0,0.0
81,13,0.0,0.37700112,0.0,0.0,0.0,0.0,0.0,0.0,0.0,0.0,0.0,0.0,0.0,0.0,0.0
81,14,0.6847853261402009,0.45612624,0.710358222137138,0.0,6.322188177020528,0.0,0.0,0.0,0.0,1.0,0.0,0.0,0.0,0.0,0.6847853261402009
81,15,48.145512712893556,0.52669104,49.943477917940285,25.435321863827273,40.10612115469837,6.0,0.0,0.0,0.0,1.0,43.801433972092525,0.0,0.0,0.0,4.344078740801037
81,16,0.0,0.4833110399999999,0.0,0.0,0.0,0.0,0.0,0.0,0.0,0.0,0.0,0.0,0.0,0.0,0.0
81,17,7.4,0.4985808,7.676348547718006,4.081367136929547,0.0,1.0,0.0,0.0,0.0,0.0,7.4,0.0,0.0,0.0,0.0
81,18,43.23511700384939,0.5300457599999999,44.84970643552906,25.256922016412894,0.0,6.0,0.0,0.0,0.0,0.0,43.23511700384939,0.0,0.0,0.0,0.0
81,19,43.80143397209251,0.4513833599999999,45.437172170221054,22.01355384192718,0.0,6.0,0.0,0.0,0.0,0.0,43.80143397209252,0.0,0.0,0.0,0.0
81,20,37.0,0.39932736,38.381742738589814,16.597315684647565,0.0,5.0,0.0,0.0,0.0,0.0,37.0,0.0,0.0,0.0,0.0
81,21,43.80143397209251,0.35189856,45.43717217022078,17.49324585600708,0.0,6.0,0.0,0.0,0.0,0.0,43.801433972092525,0.0,0.0,0.0,0.0
81,22,41.47939072230191,0.28017696,43.028413612346945,13.479810610098667,0.0,6.0,0.0,0.0,0.0,0.0,41.479390722301915,0.0,0.0,0.0,0.0
81,23,43.80143397209251,0.2475552,45.43717217022099,12.752178642867806,0.0,6.0,0.0,0.0,0.0,0.0,43.801433972092525,0.0,0.0,0.0,0.0
82,0,43.70136012815148,0.1145232,45.33336112878818,6.692255836587324,0.0,6.0,0.0,0.0,0.0,0.0,43.70136012815149,0.0,0.0,0.0,0.0
82,1,7.4,0.05760864,7.676348547717948,0.6963111369294702,0.0,1.0,0.0,0.0,0.0,0.0,7.4,0.0,0.0,0.0,0.0
82,2,40.5422211614363,0.04719744,42.05624601808795,3.377008891262656,0.0,7.0,0.0,0.0,0.0,0.0,40.54222116143633,0.0,0.0,0.0,0.0
82,3,43.33792499041449,0.04731312,44.95635372449691,3.615080666810416,0.0,6.0,0.0,0.0,0.0,0.0,43.33792499041449,0.0,0.0,0.0,0.0
82,4,43.77263810452967,0.10168272,45.40730093830909,6.120119528323851,0.0,7.0,0.0,0.0,0.0,0.0,43.77263810452969,0.0,0.0,0.0,0.0
82,5,42.063903303844256,0.27288912,43.63475446456941,13.351760120029663,0.0,6.0,0.0,0.0,0.0,0.0,42.063903303844256,0.0,0.0,0.0,0.0
82,6,43.406864783094235,0.33859536,45.027868032255974,16.736649618281877,0.0,6.0,0.0,0.0,0.0,0.0,43.40686478309425,0.0,0.0,0.0,0.0
82,7,29.6,0.44640912,30.705394190871868,14.723516547718082,0.0,4.0,0.0,0.0,0.0,0.0,29.6,0.0,0.0,0.0,0.0
82,8,7.4,0.50771952,7.676348547717986,4.151519136929538,0.0,1.0,0.0,0.0,0.0,0.0,7.4,0.0,0.0,0.0,0.0
82,9,0.0,0.4814601599999999,0.0,0.0,0.0,0.0,0.0,0.0,0.0,0.0,0.0,0.0,0.0,0.0,0.0
82,10,0.0,0.46005936,0.0,0.0,0.0,0.0,0.0,0.0,0.0,0.0,0.0,0.0,0.0,0.0,0.0
82,11,0.0,0.41274624,0.0,0.0,0.0,0.0,0.0,0.0,0.0,0.0,0.0,0.0,0.0,0.0,0.0
82,12,4.678824938698322,0.41228352,4.8535528409733635,0.0,43.196620284662934,0.0,0.0,0.0,0.0,1.0,0.0,0.0,0.0,0.0,4.678824938698322
82,13,0.0,0.41980272,0.0,0.0,0.0,0.0,0.0,0.0,0.0,0.0,0.0,0.0,0.0,0.0,0.0
82,14,0.0,0.4814601599999999,0.0,0.0,0.0,0.0,0.0,0.0,0.0,0.0,0.0,0.0,0.0,0.0,0.0
82,15,37.0,0.4962672,38.38174273858838,20.318035684646862,0.0,5.0,0.0,0.0,0.0,0.0,37.0,0.0,0.0,0.0,0.0
82,16,0.0,0.5322436799999999,0.0,0.0,0.0,0.0,0.0,0.0,0.0,0.0,0.0,0.0,0.0,0.0,0.0
82,17,0.0,0.57805296,0.0,0.0,0.0,0.0,0.0,0.0,0.0,0.0,0.0,0.0,0.0,0.0,0.0
82,18,37.0,0.7520356800000001,38.38174273858991,30.13487568464785,0.0,6.0,0.0,0.0,0.0,0.0,37.0,0.0,0.0,0.0,0.0
82,19,43.80143397209252,0.6605327999999999,45.43717217022111,31.516712956512542,0.0,6.0,0.0,0.0,0.0,0.0,43.801433972092525,0.0,0.0,0.0,0.0
82,20,42.05841961972394,0.55283472,43.62906599556486,25.563784567972824,0.0,6.0,0.0,0.0,0.0,0.0,42.058419619723956,0.0,0.0,0.0,0.0
82,21,43.5580145976022,0.5199816,45.18466244564591,24.99080540089776,0.0,6.0,0.0,0.0,0.0,0.0,43.55801459760222,0.0,0.0,0.0,0.0
82,22,34.1277811507107,0.48377376,35.40226260447222,18.298500584880948,0.0,6.0,0.0,0.0,0.0,0.0,34.1277811507107,0.0,0.0,0.0,0.0
82,23,43.80143397209252,0.4302139199999999,45.43717217022098,21.051674351899987,0.0,6.0,0.0,0.0,0.0,0.0,43.801433972092525,0.0,0.0,0.0,0.0
83,0,29.6,0.38533008,30.7053941908743,12.84806054771907,0.0,4.0,0.0,0.0,0.0,0.0,29.6,0.0,0.0,0.0,0.0
83,1,43.80143397209251,0.35259264,45.43717217022106,17.52478288846709,0.0,6.0,0.0,0.0,0.0,0.0,43.801433972092525,0.0,0.0,0.0,0.0
83,2,40.38629058569045,0.35039472,41.894492308808424,16.06631659750864,0.0,6.0,0.0,0.0,0.0,0.0,40.38629058569045,0.0,0.0,0.0,0.0
83,3,36.38661452825262,0.35883936,37.74545075544925,14.793927812002297,0.0,5.0,0.0,0.0,0.0,0.0,36.38661452825248,0.0,0.0,0.0,0.0
83,4,35.408298755186706,0.39261792,36.730600368451626,15.636874789208461,0.0,5.0,0.0,0.0,0.0,0.0,35.40829875518672,0.0,0.0,0.0,0.0
83,5,35.80286794418471,0.45369696,37.13990450641772,18.079592608414448,0.0,6.0,0.0,0.0,0.0,0.0,35.80286794418471,0.0,0.0,0.0,0.0
83,6,37.6977680379665,0.51870912,39.105568504115524,21.578809343355708,0.0,6.0,0.0,0.0,0.0,0.0,37.69776803796651,0.0,0.0,0.0,0.0
83,7,29.6,0.67776912,30.70539419087187,21.827516547718197,0.0,4.0,0.0,0.0,0.0,0.0,29.6,0.0,0.0,0.0,0.0
83,8,0.0,0.8799777599999998,0.0,0.0,0.0,0.0,0.0,0.0,0.0,0.0,0.0,0.0,0.0,0.0,0.0
83,9,0.0,0.6801984,0.0,0.0,0.0,0.0,0.0,0.0,0.0,0.0,0.0,0.0,0.0,0.0,0.0
83,10,0.0,0.46225728,0.0,0.0,0.0,0.0,0.0,0.0,0.0,0.0,0.0,0.0,0.0,0.0,0.0
83,11,0.0,0.39516288,0.0,0.0,0.0,0.0,0.0,0.0,0.0,0.0,0.0,0.0,0.0,0.0,0.0
83,12,3.8296879182280152,0.42211632,3.9727053093651614,0.0,35.357077253349935,0.0,0.0,0.0,0.0,1.0,0.0,0.0,0.0,0.0,3.8296879182280152
83,13,0.0,0.34403232,0.0,0.0,0.0,0.0,0.0,0.0,0.0,0.0,0.0,0.0,0.0,0.0,0.0
83,14,0.0,0.35536896,0.0,0.0,0.0,0.0,0.0,0.0,0.0,0.0,0.0,0.0,0.0,0.0,0.0
83,15,22.200000000000003,0.34669296,23.02904564315157,8.746269410787638,0.0,3.0,0.0,0.0,0.0,0.0,22.200000000000003,0.0,0.0,0.0,0.0
83,16,0.0,0.44351712,0.0,0.0,0.0,0.0,0.0,0.0,0.0,0.0,0.0,0.0,0.0,0.0,0.0
83,17,7.4,0.57747456,7.676348547717986,4.686983136929548,0.0,1.0,0.0,0.0,0.0,0.0,7.4,0.0,0.0,0.0,0.0
83,18,37.0,0.58487808,38.381742738589935,23.719075684647752,0.0,6.0,0.0,0.0,0.0,0.0,37.0,0.0,0.0,0.0,0.0
83,19,36.40143397209251,0.5182464,37.76082362250658,20.819294165303962,0.0,6.0,0.0,0.0,0.0,0.0,36.401433972092526,0.0,0.0,0.0,0.0
83,20,22.200000000000003,0.4617945599999999,23.029045643153957,11.396949410788594,0.0,3.0,0.0,0.0,0.0,0.0,22.200000000000003,0.0,0.0,0.0,0.0
83,21,37.0,0.44062512,38.381742738590034,18.18239568464769,0.0,6.0,0.0,0.0,0.0,0.0,37.0,0.0,0.0,0.0,0.0
83,22,43.80143397209251,0.3915768,45.437172170220705,19.296112878298388,0.0,6.0,0.0,0.0,0.0,0.0,43.801433972092525,0.0,0.0,0.0,0.0
83,23,37.0,0.34275984,38.381742738589296,14.426155684647336,0.0,5.0,0.0,0.0,0.0,0.0,37.0,0.0,0.0,0.0,0.0
84,0,9.006941312495206,0.27312048,9.343300116696415,2.8611098465188327,0.0,2.0,0.0,0.0,0.0,0.0,9.006941312495206,0.0,0.0,0.0,0.0
84,1,37.0,0.07623312,38.381742738589814,4.196395684647369,0.0,5.0,0.0,0.0,0.0,0.0,37.0,0.0,0.0,0.0,0.0
84,2,39.27173020067417,0.03493536,40.73830933679987,2.77164554152054,0.0,6.0,0.0,0.0,0.0,0.0,39.27173020067418,0.0,0.0,0.0,0.0
84,3,41.29726818413039,0.02383008,42.83948981756304,2.438855582473049,0.0,6.0,0.0,0.0,0.0,0.0,41.297268184130395,0.0,0.0,0.0,0.0
84,4,38.290056673043665,0.0205910399999999,39.71997580191287,2.132606809579532,0.0,6.0,0.0,0.0,0.0,0.0,38.290056673043665,0.0,0.0,0.0,0.0
84,5,43.80143397209252,0.0333158399999999,45.43717217022108,3.017747956909851,0.0,6.0,0.0,0.0,0.0,0.0,43.801433972092525,0.0,0.0,0.0,0.0
84,6,7.4,0.0532128,7.676348547717948,0.6625671369294697,0.0,1.0,0.0,0.0,0.0,0.0,7.4,0.0,0.0,0.0,0.0
84,7,43.80143397209251,0.26617968,45.437172170219924,13.598422347208324,0.0,6.0,0.0,0.0,0.0,0.0,43.801433972092525,0.0,0.0,0.0,0.0
84,8,43.80143397209251,0.2932488,45.43717217022102,14.828366613145025,0.0,6.0,0.0,0.0,0.0,0.0,43.801433972092525,0.0,0.0,0.0,0.0
84,9,43.80143397209252,0.329688,45.43717217022106,16.484060817290157,0.0,6.0,0.0,0.0,0.0,0.0,43.801433972092525,0.0,0.0,0.0,0.0
84,10,22.200000000000003,0.32887824,23.02904564315392,8.336013410788524,0.0,3.0,0.0,0.0,0.0,0.0,22.200000000000003,0.0,0.0,0.0,0.0
84,11,0.0,0.3256392,0.0,0.0,0.0,0.0,0.0,0.0,0.0,0.0,0.0,0.0,0.0,0.0,0.0
84,12,0.0,0.32436672,0.0,0.0,0.0,0.0,0.0,0.0,0.0,0.0,0.0,0.0,0.0,0.0,0.0
84,13,0.0,0.32610192,0.0,0.0,0.0,0.0,0.0,0.0,0.0,0.0,0.0,0.0,0.0,0.0,0.0
84,14,0.0,0.34148736,0.0,0.0,0.0,0.0,0.0,0.0,0.0,0.0,0.0,0.0,0.0,0.0,0.0
84,15,43.09429537512421,0.4181832,44.703625907805545,20.173995351277394,0.0,6.0,0.0,0.0,0.0,0.0,43.094295375124254,0.0,0.0,0.0,0.0
84,16,0.0,0.46977648,0.0,0.0,0.0,0.0,0.0,0.0,0.0,0.0,0.0,0.0,0.0,0.0,0.0
84,17,0.0,0.50413344,0.0,0.0,0.0,0.0,0.0,0.0,0.0,0.0,0.0,0.0,0.0,0.0,0.0
84,18,14.8,0.6940799999999999,15.352697095439044,11.164174273861363,0.0,2.0,0.0,0.0,0.0,0.0,14.8,0.0,0.0,0.0,0.0
84,19,39.560408156953805,0.7417401600000001,41.03776779767022,31.797710566389647,0.0,6.0,0.0,0.0,0.0,0.0,39.560408156953805,0.0,0.0,0.0,0.0
84,20,43.70849560363549,0.66388752,45.34076307431114,31.601946010071693,0.0,6.0,0.0,0.0,0.0,0.0,43.70849560363551,0.0,0.0,0.0,0.0
84,21,42.80829875518637,0.4840051199999999,44.40694891616907,22.963060648129474,0.0,6.0,0.0,0.0,0.0,0.0,42.80829875518637,0.0,0.0,0.0,0.0
84,22,14.8,0.45011088,15.352697095435971,7.41859027385906,0.0,2.0,0.0,0.0,0.0,0.0,14.8,0.0,0.0,0.0,0.0
84,23,37.0,0.38590848,38.38174273858985,16.082275684647573,0.0,5.0,0.0,0.0,0.0,0.0,37.0,0.0,0.0,0.0,0.0
85,0,22.37867821040055,0.45878688,23.214396483818405,11.418857057508408,0.0,4.0,0.0,0.0,0.0,0.0,22.378678210400448,0.0,0.0,0.0,0.0
85,1,37.259521512718955,0.4538126399999999,38.65095592605765,18.81963898848037,0.0,6.0,0.0,0.0,0.0,0.0,37.259521512718955,0.0,0.0,0.0,0.0
85,2,37.0,0.46410816,38.381742738594944,19.083715684650155,0.0,5.0,0.0,0.0,0.0,0.0,37.0,0.0,0.0,0.0,0.0
85,3,22.200000000000003,0.4728998399999999,23.029045643153466,11.652693410788348,0.0,3.0,0.0,0.0,0.0,0.0,22.200000000000003,0.0,0.0,0.0,0.0
85,4,13.95736018782086,0.46769424,14.478589406453318,7.2507941780768395,0.0,2.0,0.0,0.0,0.0,0.0,13.957360187820722,0.0,0.0,0.0,0.0
85,5,37.0,0.474288,38.3817427385896,19.474435684647496,0.0,5.0,0.0,0.0,0.0,0.0,37.0,0.0,0.0,0.0,0.0
85,6,42.62680022574253,0.482964,44.21867243334353,22.819664970640993,0.0,6.0,0.0,0.0,0.0,0.0,42.62680022574254,0.0,0.0,0.0,0.0
85,7,37.0,0.50193552,38.381742738589736,20.535595684647582,0.0,5.0,0.0,0.0,0.0,0.0,37.0,0.0,0.0,0.0,0.0
85,8,39.471351462439834,0.55133088,40.945385334481614,23.92974758297018,0.0,6.0,0.0,0.0,0.0,0.0,39.47135146243985,0.0,0.0,0.0,0.0
85,9,43.80143397209252,0.57400416,45.437172170221096,27.585096243177453,0.0,6.0,0.0,0.0,0.0,0.0,43.801433972092525,0.0,0.0,0.0,0.0
85,10,14.8,0.57851568,15.352697095435762,9.389950273858968,0.0,2.0,0.0,0.0,0.0,0.0,14.8,0.0,0.0,0.0,0.0
85,11,0.0,0.5364081599999999,0.0,0.0,0.0,0.0,0.0,0.0,0.0,0.0,0.0,0.0,0.0,0.0,0.0
85,12,0.0,0.5008944000000001,0.0,0.0,0.0,0.0,0.0,0.0,0.0,0.0,0.0,0.0,0.0,0.0,0.0
85,13,0.0,0.511884,0.0,0.0,0.0,0.0,0.0,0.0,0.0,0.0,0.0,0.0,0.0,0.0,0.0
85,14,0.0,0.49834944,0.0,0.0,0.0,0.0,0.0,0.0,0.0,0.0,0.0,0.0,0.0,0.0,0.0
85,15,14.8,0.5593128,15.352697095436024,9.095134273859124,0.0,2.0,0.0,0.0,0.0,0.0,14.8,0.0,0.0,0.0,0.0
85,16,0.0,0.7214961599999999,0.0,0.0,0.0,0.0,0.0,0.0,0.0,0.0,0.0,0.0,0.0,0.0,0.0
85,17,0.0,0.86852544,0.0,0.0,0.0,0.0,0.0,0.0,0.0,0.0,0.0,0.0,0.0,0.0,0.0
85,18,0.0,1.1168904,0.0,0.0,0.0,0.0,0.0,0.0,0.0,0.0,0.0,0.0,0.0,0.0,0.0
85,19,36.93130286928252,0.8684097599999999,38.31048015485793,34.53727176989073,0.0,6.0,0.0,0.0,0.0,0.0,36.93130286928252,0.0,0.0,0.0,0.0
85,20,22.200000000000003,0.51107424,23.029045643153896,12.531813410788583,0.0,3.0,0.0,0.0,0.0,0.0,22.200000000000003,0.0,0.0,0.0,0.0
85,21,43.8014339720925,0.4727841599999999,45.43717217022093,22.98594567610759,0.0,7.0,0.0,0.0,0.0,0.0,43.80143397209253,0.0,0.0,0.0,0.0
85,22,43.202867944185215,0.45242448,44.81625305413455,21.759387959657086,0.0,7.0,0.0,0.0,0.0,0.0,43.20286794418523,0.0,0.0,0.0,0.0
85,23,26.051378639031917,0.48735984,27.024251700241244,14.065037716027284,0.0,4.0,0.0,0.0,0.0,0.0,26.051378639031917,0.0,0.0,0.0,0.0
86,0,39.65640193445583,0.46630608,41.13734640503736,20.5442409097418,0.0,6.0,0.0,0.0,0.0,0.0,39.65640193445583,0.0,0.0,0.0,0.0
86,1,43.80143397209248,0.4621416,45.43717217022104,22.50237784505574,0.0,7.0,0.0,0.0,0.0,0.0,43.801433972092525,0.0,0.0,0.0,0.0
86,2,25.35006419852583,0.46433952,26.29674709390739,13.081041251954687,0.0,4.0,0.0,0.0,0.0,0.0,25.35006419852583,0.0,0.0,0.0,0.0
86,3,43.80143397209251,0.48088176,45.4371721702206,23.353877721473,0.0,6.0,0.0,0.0,0.0,0.0,43.801433972092525,0.0,0.0,0.0,0.0
86,4,29.146522587904855,0.5064470400000001,30.234981937660564,16.313195008918225,0.0,4.0,0.0,0.0,0.0,0.0,29.146522587904855,0.0,0.0,0.0,0.0
86,5,33.81007725646726,0.62478768,35.07269424944791,23.07389345111863,0.0,5.0,0.0,0.0,0.0,0.0,33.81007725646726,0.0,0.0,0.0,0.0
86,6,47.205840159749954,1.37323728,48.96871385866203,62.86880345480636,37.95657549852898,6.0,0.0,0.0,0.0,1.0,43.094588611369964,0.0,0.0,0.0,4.111251548379992
86,7,43.801433972092504,1.1782008,45.43717217022095,55.03808299952637,0.0,6.0,0.0,0.0,0.0,0.0,43.80143397209253,0.0,0.0,0.0,0.0
86,8,5.646578124380948,1.1319287999999998,5.857446187117167,0.0,52.13127106534279,0.0,0.0,0.0,0.0,1.0,0.0,0.0,0.0,0.0,5.646578124380948
86,9,0.0,1.0708497599999998,0.0,0.0,0.0,0.0,0.0,0.0,0.0,0.0,0.0,0.0,0.0,0.0,0.0
86,10,1.4152653111008513,0.93619824,1.468117542635738,0.0,13.066246129458069,0.0,0.0,0.0,0.0,1.0,0.0,0.0,0.0,0.0,1.4152653111008513
86,11,0.0,0.7896316800000001,0.0,0.0,0.0,0.0,0.0,0.0,0.0,0.0,0.0,0.0,0.0,0.0,0.0
86,12,0.0,0.6351988799999999,0.0,0.0,0.0,0.0,0.0,0.0,0.0,0.0,0.0,0.0,0.0,0.0,0.0
86,13,0.0,0.49603584,0.0,0.0,0.0,0.0,0.0,0.0,0.0,0.0,0.0,0.0,0.0,0.0,0.0
86,14,0.0,0.5323593600000001,0.0,0.0,0.0,0.0,0.0,0.0,0.0,0.0,0.0,0.0,0.0,0.0,0.0
86,15,43.80143397209247,0.57400416,45.4371721702211,27.585096243177457,0.0,6.0,0.0,0.0,0.0,0.0,43.801433972092525,0.0,0.0,0.0,0.0
86,16,0.0,0.8160067200000001,0.0,0.0,0.0,0.0,0.0,0.0,0.0,0.0,0.0,0.0,0.0,0.0,0.0
86,17,22.200000000000003,0.86852544,23.02904564315392,20.763573410788737,0.0,3.0,0.0,0.0,0.0,0.0,22.200000000000003,0.0,0.0,0.0,0.0
86,18,37.0,1.11434544,38.38174273858994,44.04095568464814,0.0,5.0,0.0,0.0,0.0,0.0,37.0,0.0,0.0,0.0,0.0
86,19,43.801433972090244,0.57770592,45.4371721702187,27.75329374962883,0.0,6.0,0.0,0.0,0.0,0.0,43.801433972090244,0.0,0.0,0.0,0.0
86,20,40.139471012643526,0.55075248,41.638455407307205,24.310715452925724,0.0,6.0,0.0,0.0,0.0,0.0,40.13947101264354,0.0,0.0,0.0,0.0
86,21,43.80143397209251,0.4956888,45.437172170221054,24.026667747284584,0.0,6.0,0.0,0.0,0.0,0.0,43.80143397209252,0.0,0.0,0.0,0.0
86,22,43.80143397209249,0.4667688,45.43717217022111,22.712624728121824,0.0,6.0,0.0,0.0,0.0,0.0,43.80143397209249,0.0,0.0,0.0,0.0
86,23,43.80143397209039,0.3337368,45.43717217022102,16.668026839972935,0.0,6.0,0.0,0.0,0.0,0.0,43.80143397209041,0.0,0.0,0.0,0.0
87,0,43.801433972092575,0.33871104,45.43717217022102,16.894042239268934,0.0,7.0,0.0,0.0,0.0,0.0,43.80143397209258,0.0,0.0,0.0,0.0
87,1,42.31731613300481,0.33535632,43.89763084336599,16.174359517265128,0.0,7.0,0.0,0.0,0.0,0.0,42.31731613300485,0.0,0.0,0.0,0.0
87,2,43.80143397209271,0.34171872,45.437172170221025,17.030702713261864,0.0,7.0,0.0,0.0,0.0,0.0,43.801433972092724,0.0,0.0,0.0,0.0
87,3,43.8014339720925,0.3676310399999999,45.43717217022338,18.208085258432668,0.0,7.0,0.0,0.0,0.0,0.0,43.801433972092525,0.0,0.0,0.0,0.0
87,4,41.46587307114564,0.4646865599999999,43.014391152641174,21.411985802367678,0.0,7.0,0.0,0.0,0.0,0.0,41.46587307114565,0.0,0.0,0.0,0.0
87,5,43.801433972092575,0.43946832,45.43717217022102,21.4721681180321,0.0,7.0,0.0,0.0,0.0,0.0,43.80143397209258,0.0,0.0,0.0,0.0
87,6,37.56519680959014,1.84995456,38.96804648298086,73.37895762406907,0.0,6.0,0.0,0.0,0.0,0.0,37.56519680959015,0.0,0.0,0.0,0.0
87,7,14.8,1.6557278399999995,15.352697095436133,25.928062273859666,0.0,2.0,0.0,0.0,0.0,0.0,14.8,0.0,0.0,0.0,0.0
87,8,0.0,1.26981936,0.0,0.0,0.0,0.0,0.0,0.0,0.0,0.0,0.0,0.0,0.0,0.0,0.0
87,9,0.0,0.92150688,0.0,0.0,0.0,0.0,0.0,0.0,0.0,0.0,0.0,0.0,0.0,0.0,0.0
87,10,7.5435113408337315,0.6773064,7.825219233230013,0.0,69.64445117574712,0.0,0.0,0.0,0.0,1.0,0.0,0.0,0.0,0.0,7.5435113408337315
87,11,0.0,0.57400416,0.0,0.0,0.0,0.0,0.0,0.0,0.0,0.0,0.0,0.0,0.0,0.0,0.0
87,12,0.0,0.50933904,0.0,0.0,0.0,0.0,0.0,0.0,0.0,0.0,0.0,0.0,0.0,0.0,0.0
87,13,0.0,0.49707696,0.0,0.0,0.0,0.0,0.0,0.0,0.0,0.0,0.0,0.0,0.0,0.0,0.0
87,14,0.0,0.50054736,0.0,0.0,0.0,0.0,0.0,0.0,0.0,0.0,0.0,0.0,0.0,0.0,0.0
87,15,29.6,0.5475134399999999,30.705394190871843,17.827964547718118,0.0,4.0,0.0,0.0,0.0,0.0,29.6,0.0,0.0,0.0,0.0
87,16,0.0,1.17311088,0.0,0.0,0.0,0.0,0.0,0.0,0.0,0.0,0.0,0.0,0.0,0.0,0.0
87,17,7.4,1.53426384,7.676348547717986,12.031631136929684,0.0,1.0,0.0,0.0,0.0,0.0,7.4,0.0,0.0,0.0,0.0
87,18,43.80143397209251,1.80264144,45.437172170220656,83.41089986928878,0.0,6.0,0.0,0.0,0.0,0.0,43.80143397209252,0.0,0.0,0.0,0.0
87,19,43.80143397209251,1.52223312,45.43717217022279,70.66993875548978,0.0,6.0,0.0,0.0,0.0,0.0,43.801433972092525,0.0,0.0,0.0,0.0
87,20,43.80143397209251,1.47815904,45.4371721702215,68.66733719428365,0.0,6.0,0.0,0.0,0.0,0.0,43.80143397209252,0.0,0.0,0.0,0.0
87,21,43.80143397209255,1.24020528,45.437172170220435,57.85539123261073,0.0,7.0,0.0,0.0,0.0,0.0,43.80143397209256,0.0,0.0,0.0,0.0
87,22,41.76544484179465,1.1562216,43.32515025082493,51.5275370165515,0.0,7.0,0.0,0.0,0.0,0.0,41.76544484179466,0.0,0.0,0.0,0.0
87,23,43.80143397209251,0.61877232,45.43717217022113,29.619234836841482,0.0,6.0,0.0,0.0,0.0,0.0,43.80143397209252,0.0,0.0,0.0,0.0
88,0,43.80143397209242,0.6002635199999999,45.43717217022103,28.77824730457723,0.0,7.0,0.0,0.0,0.0,0.0,43.80143397209243,0.0,0.0,0.0,0.0
88,1,43.8014339720907,0.61032768,45.43717217021936,29.23553427524481,0.0,7.0,0.0,0.0,0.0,0.0,43.801433972090585,0.0,0.0,0.0,0.0
88,2,43.8014339720925,0.61877232,45.43717217022064,29.619234836841162,0.0,7.0,0.0,0.0,0.0,0.0,43.80143397209252,0.0,0.0,0.0,0.0
88,3,40.695284806274394,0.66215232,42.2150257326505,29.350094579484967,0.0,6.0,0.0,0.0,0.0,0.0,40.6952848062744,0.0,0.0,0.0,0.0
88,4,40.40049257665046,0.7559687999999999,41.9092246645758,33.06926161500723,0.0,7.0,0.0,0.0,0.0,0.0,40.40049257665048,0.0,0.0,0.0,0.0
88,5,43.80143397209251,1.24945968,45.437172170220904,58.27588499874343,0.0,6.0,0.0,0.0,0.0,0.0,43.80143397209253,0.0,0.0,0.0,0.0
88,6,42.209732727278926,1.6189416,43.78602980008223,72.33634272857553,0.0,7.0,0.0,0.0,0.0,0.0,42.20973272727895,0.0,0.0,0.0,0.0
88,7,29.6,1.70732112,30.705394190871793,53.44031654771858,0.0,4.0,0.0,0.0,0.0,0.0,29.6,0.0,0.0,0.0,0.0
88,8,7.4,1.6192886399999995,7.676348547717948,12.684311136929631,0.0,1.0,0.0,0.0,0.0,0.0,7.4,0.0,0.0,0.0,0.0
88,9,0.9492236664393108,1.46022864,0.9846718531528121,0.0,8.763579493060028,0.0,0.0,0.0,0.0,1.0,0.0,0.0,0.0,0.0,0.9492236664393108
88,10,0.0,1.3344844799999998,0.0,0.0,0.0,0.0,0.0,0.0,0.0,0.0,0.0,0.0,0.0,0.0,0.0
88,11,10.143686709965918,1.24656768,10.522496587101575,0.0,93.65021962520402,0.0,0.0,0.0,0.0,1.0,0.0,0.0,0.0,0.0,10.143686709965918
88,12,0.0,1.1839848,0.0,0.0,0.0,0.0,0.0,0.0,0.0,0.0,0.0,0.0,0.0,0.0,0.0
88,13,1.416976391937557,1.16096448,1.469892522756802,0.0,13.082043452535538,0.0,0.0,0.0,0.0,1.0,0.0,0.0,0.0,0.0,1.416976391937557
88,14,2.095274183349107,1.1652446399999998,2.173520937084136,0.0,19.344336340048812,0.0,0.0,0.0,0.0,1.0,0.0,0.0,0.0,0.0,2.095274183349107
88,15,9.387421613934283,1.1858356799999998,9.73798922607115,9.356975136927316,18.348602037360084,1.0,0.0,0.0,0.0,1.0,7.4,0.0,0.0,0.0,1.987421613934283
88,16,9.493626230248761,1.37439408,9.848159989884609,0.0,87.64862390997303,0.0,0.0,0.0,0.0,1.0,0.0,0.0,0.0,0.0,9.493626230248761
88,17,7.4,1.6299312,7.676348547717948,12.766007136929636,0.0,1.0,0.0,0.0,0.0,0.0,7.4,0.0,0.0,0.0,0.0
88,18,29.6,1.6920513600000002,30.70539419087183,52.97145254771864,0.0,4.0,0.0,0.0,0.0,0.0,29.6,0.0,0.0,0.0,0.0
88,19,43.80143397209252,1.48093536,45.43717217022102,68.79348532412256,0.0,6.0,0.0,0.0,0.0,0.0,43.80143397209252,0.0,0.0,0.0,0.0
88,20,43.80143397209263,1.28694,45.43717217022122,59.97888475157882,0.0,7.0,0.0,0.0,0.0,0.0,43.801433972092646,0.0,0.0,0.0,0.0
88,21,43.656169798812904,1.1978664,45.28648319379096,55.74613918572136,0.0,7.0,0.0,0.0,0.0,0.0,43.65616979881294,0.0,0.0,0.0,0.0
88,22,43.80143397209251,1.07027136,45.4371721702211,50.134074452011006,0.0,6.0,0.0,0.0,0.0,0.0,43.80143397209252,0.0,0.0,0.0,0.0
88,23,43.80143397209231,1.03776528,45.437172170220464,48.65709009847133,0.0,7.0,0.0,0.0,0.0,0.0,43.801433972092354,0.0,0.0,0.0,0.0
89,0,43.80143397209306,0.951468,45.43717217022166,44.735985729290796,0.0,6.0,0.0,0.0,0.0,0.0,43.80143397209306,0.0,0.0,0.0,0.0
89,1,43.80143397209338,0.934116,45.43717217022286,43.947559917794266,0.0,6.0,0.0,0.0,0.0,0.0,43.801433972093385,0.0,0.0,0.0,0.0
89,2,43.80143397209163,0.91121136,45.43717217022006,42.906837846614664,0.0,6.0,0.0,0.0,0.0,0.0,43.801433972091644,0.0,0.0,0.0,0.0
89,3,43.80143397209114,0.90126288,45.43717217022068,42.45480704802325,0.0,6.0,0.0,0.0,0.0,0.0,43.801433972091,0.0,0.0,0.0,0.0
89,4,42.8082987551867,0.8884224,44.40694891616934,40.92199814190576,0.0,6.0,0.0,0.0,0.0,0.0,42.80829875518672,0.0,0.0,0.0,0.0
89,5,42.746770979971856,1.04031024,44.34312342320724,47.598362756054506,0.0,6.0,0.0,0.0,0.0,0.0,42.746770979971856,0.0,0.0,0.0,0.0
89,6,49.212690489371305,1.33529424,51.05050880640238,62.17596467961879,49.958696062013715,6.0,0.0,0.0,0.0,1.0,43.801433972092525,0.0,0.0,0.0,5.4112565172787885
89,7,29.6,1.45074288,30.7053941908718,45.56198054771848,0.0,4.0,0.0,0.0,0.0,0.0,29.6,0.0,0.0,0.0,0.0
89,8,7.4,1.23176064,7.676348547717948,9.709511136929594,0.0,1.0,0.0,0.0,0.0,0.0,7.4,0.0,0.0,0.0,0.0
89,9,0.0,1.04875488,0.0,0.0,0.0,0.0,0.0,0.0,0.0,0.0,0.0,0.0,0.0,0.0,0.0
89,10,0.0,0.92544,0.0,0.0,0.0,0.0,0.0,0.0,0.0,0.0,0.0,0.0,0.0,0.0,0.0
89,11,0.0,0.79437456,0.0,0.0,0.0,0.0,0.0,0.0,0.0,0.0,0.0,0.0,0.0,0.0,0.0
89,12,3.3502327970701025,0.5836056,3.475345225176455,0.0,30.93057250407045,0.0,0.0,0.0,0.0,1.0,0.0,0.0,0.0,0.0,3.3502327970701025
89,13,0.0,0.5597755200000001,0.0,0.0,0.0,0.0,0.0,0.0,0.0,0.0,0.0,0.0,0.0,0.0,0.0
89,14,0.0,0.5730787199999999,0.0,0.0,0.0,0.0,0.0,0.0,0.0,0.0,0.0,0.0,0.0,0.0,0.0
89,15,43.801433972093,0.53837472,45.43717217022146,25.966195243569096,0.0,7.0,0.0,0.0,0.0,0.0,43.80143397209309,0.0,0.0,0.0,0.0
89,16,7.228326618561091,0.74879664,7.498264127138063,0.0,66.73455073152876,0.0,0.0,0.0,0.0,1.0,0.0,0.0,0.0,0.0,7.228326618561091
89,17,12.598158411018066,0.6533606399999999,13.068629057072222,5.269511136929145,47.99129653325807,1.0,0.0,0.0,0.0,1.0,7.4,0.0,0.0,0.0,5.198158411018065
89,18,35.41636480894629,0.57273168,36.73896764413607,22.257630489312596,0.0,5.0,0.0,0.0,0.0,0.0,35.41636480894629,0.0,0.0,0.0,0.0
89,19,43.80143397209186,0.50887632,45.43717217022018,24.62587136402235,0.0,7.0,0.0,0.0,0.0,0.0,43.80143397209187,0.0,0.0,0.0,0.0
89,20,43.80143397209249,0.4868971199999999,45.43717217022252,23.62719866945985,0.0,7.0,0.0,0.0,0.0,0.0,43.80143397209252,0.0,0.0,0.0,0.0
89,21,43.34332273087002,0.45022656,44.961953040321745,21.73130609386025,0.0,7.0,0.0,0.0,0.0,0.0,43.343322730870035,0.0,0.0,0.0,0.0
89,22,43.66097918540437,0.39770784,45.29147218403119,19.51192130202256,0.0,6.0,0.0,0.0,0.0,0.0,43.66097918540437,0.0,0.0,0.0,0.0
89,23,43.8014339720924,0.43079232,45.43717217022048,21.077955212283015,0.0,7.0,0.0,0.0,0.0,0.0,43.801433972092454,0.0,0.0,0.0,0.0
90,0,43.801433972091125,0.4384272,45.43717217021961,21.424862569341578,0.0,7.0,0.0,0.0,0.0,0.0,43.80143397209113,0.0,0.0,0.0,0.0
90,1,29.6,0.42847872,30.70539419087183,14.172956547718055,0.0,4.0,0.0,0.0,0.0,0.0,29.6,0.0,0.0,0.0,0.0
90,2,43.801433972092504,0.43588224,45.437172170221096,21.309226783655948,0.0,6.0,0.0,0.0,0.0,0.0,43.80143397209253,0.0,0.0,0.0,0.0
90,3,43.80143397209252,0.45890256,45.437172170221054,22.355205026909516,0.0,6.0,0.0,0.0,0.0,0.0,43.801433972092525,0.0,0.0,0.0,0.0
90,4,43.123599421828814,0.47637024,44.73402429650308,22.790654094505253,0.0,6.0,0.0,0.0,0.0,0.0,43.12359942182883,0.0,0.0,0.0,0.0
90,5,43.80143397209248,0.50459616,45.43717217022086,24.431392997186624,0.0,7.0,0.0,0.0,0.0,0.0,43.80143397209251,0.0,0.0,0.0,0.0
90,6,42.00296838284089,0.67163808,43.571543965603276,29.039646657640553,21.050697666141595,6.0,0.0,0.0,0.0,1.0,39.72287034349691,0.0,0.0,0.0,2.280098039343876
90,7,7.4,0.8687567999999999,7.676348547717986,6.922967136929589,0.0,1.0,0.0,0.0,0.0,0.0,7.4,0.0,0.0,0.0,0.0
90,8,0.0,1.1245252799999998,0.0,0.0,0.0,0.0,0.0,0.0,0.0,0.0,0.0,0.0,0.0,0.0,0.0
90,9,0.0,1.3922088,0.0,0.0,0.0,0.0,0.0,0.0,0.0,0.0,0.0,0.0,0.0,0.0,0.0
90,10,0.0,0.92613408,0.0,0.0,0.0,0.0,0.0,0.0,0.0,0.0,0.0,0.0,0.0,0.0,0.0
90,11,0.0,0.8578828799999999,0.0,0.0,0.0,0.0,0.0,0.0,0.0,0.0,0.0,0.0,0.0,0.0,0.0
90,12,0.0,0.6583348799999998,0.0,0.0,0.0,0.0,0.0,0.0,0.0,0.0,0.0,0.0,0.0,0.0,0.0
90,13,0.0,0.57816864,0.0,0.0,0.0,0.0,0.0,0.0,0.0,0.0,0.0,0.0,0.0,0.0,0.0
90,14,0.0,0.5512152,0.0,0.0,0.0,0.0,0.0,0.0,0.0,0.0,0.0,0.0,0.0,0.0,0.0
90,15,43.79276493576377,0.5364081599999999,45.42817939394641,25.87171885879633,0.0,6.0,0.0,0.0,0.0,0.0,43.79276493576379,0.0,0.0,0.0,0.0
90,16,0.0,0.7095811200000001,0.0,0.0,0.0,0.0,0.0,0.0,0.0,0.0,0.0,0.0,0.0,0.0,0.0
90,17,7.4,0.8219063999999999,7.676348547717948,6.5633271369295505,0.0,1.0,0.0,0.0,0.0,0.0,7.4,0.0,0.0,0.0,0.0
90,18,29.6,0.7604803199999999,30.70539419086936,24.367196547716244,0.0,4.0,0.0,0.0,0.0,0.0,29.6,0.0,0.0,0.0,0.0
90,19,42.92088562577289,0.55618944,44.52374027569853,26.23736997377183,0.0,6.0,0.0,0.0,0.0,0.0,42.920885625772904,0.0,0.0,0.0,0.0
90,20,42.99441157502328,0.47347824,44.60001200728618,22.5933955866299,0.0,6.0,0.0,0.0,0.0,0.0,42.99441157502329,0.0,0.0,0.0,0.0
90,21,22.200000000000003,0.4147128,23.02904564315405,10.312701410788616,0.0,3.0,0.0,0.0,0.0,0.0,22.200000000000003,0.0,0.0,0.0,0.0
90,22,35.44044060422592,0.3475027199999999,36.76394253550453,13.992456526936715,0.0,6.0,0.0,0.0,0.0,0.0,35.440440604225934,0.0,0.0,0.0,0.0
90,23,42.56672068876742,0.45786144,44.156349262206454,21.679064818915823,0.0,6.0,0.0,0.0,0.0,0.0,42.566720688767425,0.0,0.0,0.0,0.0
91,0,43.80143397209238,0.42362016,45.437172170220926,20.75207254353085,0.0,6.0,0.0,0.0,0.0,0.0,43.80143397209238,0.0,0.0,0.0,0.0
91,1,43.80143397209252,0.40441728,45.43717217022093,19.87954797880676,0.0,6.0,0.0,0.0,0.0,0.0,43.801433972092525,0.0,0.0,0.0,0.0
91,2,43.80143397209252,0.41089536,45.43717217022113,20.17389361509931,0.0,6.0,0.0,0.0,0.0,0.0,43.801433972092525,0.0,0.0,0.0,0.0
91,3,21.206864783094183,0.40707792,21.998822389102052,9.683395881684373,0.0,4.0,0.0,0.0,0.0,0.0,21.206864783094197,0.0,0.0,0.0,0.0
91,4,29.6,0.4086974399999999,30.705394190871527,13.565564547717909,0.0,4.0,0.0,0.0,0.0,0.0,29.6,0.0,0.0,0.0,0.0
91,5,43.80143397209252,0.3974764799999999,45.437172170220926,19.564177654207686,0.0,6.0,0.0,0.0,0.0,0.0,43.801433972092525,0.0,0.0,0.0,0.0
91,6,43.80143397209252,0.49545744,45.437172170221096,24.016155403131307,0.0,6.0,0.0,0.0,0.0,0.0,43.801433972092525,0.0,0.0,0.0,0.0
91,7,43.05129064532553,0.5784,44.65901519224616,27.30898779005853,0.0,6.0,0.0,0.0,0.0,0.0,43.05129064532554,0.0,0.0,0.0,0.0
91,8,34.07048636605682,0.68204928,35.34282818055699,25.275398126489048,0.0,6.0,0.0,0.0,0.0,0.0,34.07048636605672,0.0,0.0,0.0,0.0
91,9,37.0,0.57342576,38.38174273858978,23.27951568464765,0.0,6.0,0.0,0.0,0.0,0.0,37.0,0.0,0.0,0.0,0.0
91,10,14.8,0.53316912,15.352697095436586,8.693758273859434,0.0,2.0,0.0,0.0,0.0,0.0,14.8,0.0,0.0,0.0,0.0
91,11,0.0,0.47382528,0.0,0.0,0.0,0.0,0.0,0.0,0.0,0.0,0.0,0.0,0.0,0.0,0.0
91,12,0.0,0.44675616,0.0,0.0,0.0,0.0,0.0,0.0,0.0,0.0,0.0,0.0,0.0,0.0,0.0
91,13,0.0,0.387528,0.0,0.0,0.0,0.0,0.0,0.0,0.0,0.0,0.0,0.0,0.0,0.0,0.0
91,14,0.0,0.42072816,0.0,0.0,0.0,0.0,0.0,0.0,0.0,0.0,0.0,0.0,0.0,0.0,0.0
91,15,14.8,0.46931376,15.352697095435868,7.713406273859015,0.0,2.0,0.0,0.0,0.0,0.0,14.8,0.0,0.0,0.0,0.0
91,16,0.0,0.5639399999999999,0.0,0.0,0.0,0.0,0.0,0.0,0.0,0.0,0.0,0.0,0.0,0.0,0.0
91,17,0.0,0.61472352,0.0,0.0,0.0,0.0,0.0,0.0,0.0,0.0,0.0,0.0,0.0,0.0,0.0
91,18,7.4,0.61564896,7.676348547717948,4.98002313692953,0.0,1.0,0.0,0.0,0.0,0.0,7.4,0.0,0.0,0.0,0.0
91,19,36.899790196996186,0.5696083200000001,38.27779066078496,23.0703429024734,0.0,6.0,0.0,0.0,0.0,0.0,36.8997901969962,0.0,0.0,0.0,0.0
91,20,22.200000000000003,0.50864496,23.029045643151093,12.475869410787062,0.0,3.0,0.0,0.0,0.0,0.0,22.200000000000003,0.0,0.0,0.0,0.0
91,21,43.27304511518816,0.45820848,44.88905094936598,22.054371390575557,0.0,6.0,0.0,0.0,0.0,0.0,43.27304511518817,0.0,0.0,0.0,0.0
91,22,34.911480584141295,0.39527856,36.21522882172373,15.513827572720505,0.0,6.0,0.0,0.0,0.0,0.0,34.911480584141295,0.0,0.0,0.0,0.0
91,23,37.849179481437886,0.51570144,39.26263431684511,21.54739025127801,0.0,6.0,0.0,0.0,0.0,0.0,37.849179481437886,0.0,0.0,0.0,0.0
92,0,43.801433972092504,0.5051745599999999,45.43717217022094,24.45767385756992,0.0,6.0,0.0,0.0,0.0,0.0,43.801433972092525,0.0,0.0,0.0,0.0
92,1,43.202867944184845,0.50297664,44.81625305413432,24.024946354650062,0.0,6.0,0.0,0.0,0.0,0.0,43.20286794418486,0.0,0.0,0.0,0.0
92,2,29.6,0.50818224,30.70539419087187,16.620284547718114,0.0,4.0,0.0,0.0,0.0,0.0,29.6,0.0,0.0,0.0,0.0
92,3,7.4,0.52599696,7.676348547717948,4.291823136929519,0.0,1.0,0.0,0.0,0.0,0.0,7.4,0.0,0.0,0.0,0.0
92,4,38.93747836152499,0.56544384,40.39157506382308,24.17612844234892,0.0,6.0,0.0,0.0,0.0,0.0,38.937478361525,0.0,0.0,0.0,0.0
92,5,43.8014339720921,0.57805296,45.43717217022063,27.769062265859958,0.0,6.0,0.0,0.0,0.0,0.0,43.8014339720921,0.0,0.0,0.0,0.0
92,6,43.80143397209251,0.5161641599999999,45.437172170221096,24.957010204851855,0.0,6.0,0.0,0.0,0.0,0.0,43.801433972092525,0.0,0.0,0.0,0.0
92,7,43.80143397209251,0.5789784,45.43717217022112,27.81111164247347,0.0,6.0,0.0,0.0,0.0,0.0,43.801433972092525,0.0,0.0,0.0,0.0
92,8,43.80143397209251,0.66782064,45.43717217022073,31.847851797341303,0.0,6.0,0.0,0.0,0.0,0.0,43.801433972092525,0.0,0.0,0.0,0.0
92,9,33.4392092246481,0.59760288,34.687976374116694,21.877806600527357,0.0,6.0,0.0,0.0,0.0,0.0,33.43920922464812,0.0,0.0,0.0,0.0
92,10,23.732157633048747,0.56717904,24.618420781170812,14.777921992837266,0.0,4.0,0.0,0.0,0.0,0.0,23.73215763304876,0.0,0.0,0.0,0.0
92,11,0.0,0.4997376,0.0,0.0,0.0,0.0,0.0,0.0,0.0,0.0,0.0,0.0,0.0,0.0,0.0
92,12,0.0,0.30898128,0.0,0.0,0.0,0.0,0.0,0.0,0.0,0.0,0.0,0.0,0.0,0.0,0.0
92,13,0.0,0.28491984,0.0,0.0,0.0,0.0,0.0,0.0,0.0,0.0,0.0,0.0,0.0,0.0,0.0
92,14,0.0,0.29706624,0.0,0.0,0.0,0.0,0.0,0.0,0.0,0.0,0.0,0.0,0.0,0.0,0.0
92,15,11.720239913785461,0.3684408,12.15792522176907,4.88190301988933,0.0,2.0,0.0,0.0,0.0,0.0,11.720239913785461,0.0,0.0,0.0,0.0
92,16,0.0,0.5500584,0.0,0.0,0.0,0.0,0.0,0.0,0.0,0.0,0.0,0.0,0.0,0.0,0.0
92,17,0.0,1.05477024,0.0,0.0,0.0,0.0,0.0,0.0,0.0,0.0,0.0,0.0,0.0,0.0,0.0
92,18,14.8,1.1654760000000002,15.352697095435897,18.401374273859176,0.0,2.0,0.0,0.0,0.0,0.0,14.8,0.0,0.0,0.0,0.0
92,19,35.07713603522648,0.98374272,36.387070575961395,36.99992781729256,0.0,6.0,0.0,0.0,0.0,0.0,35.07713603522635,0.0,0.0,0.0,0.0
92,20,43.80143397209251,0.8992963199999999,45.437172170225665,42.365452122724825,0.0,6.0,0.0,0.0,0.0,0.0,43.801433972092525,0.0,0.0,0.0,0.0
92,21,37.81520614222179,0.7068048,39.227392263716126,29.024535827406424,0.0,6.0,0.0,0.0,0.0,0.0,37.815206142221804,0.0,0.0,0.0,0.0
92,22,22.200000000000003,0.6353145600000001,23.029045643154035,15.392949410788724,0.0,3.0,0.0,0.0,0.0,0.0,22.200000000000003,0.0,0.0,0.0,0.0
92,23,29.6,0.82433568,30.705394190871715,26.327900547718137,0.0,5.0,0.0,0.0,0.0,0.0,29.6,0.0,0.0,0.0,0.0
93,0,43.80143397209251,0.78847488,45.437172170221054,37.330039273288705,0.0,6.0,0.0,0.0,0.0,0.0,43.801433972092525,0.0,0.0,0.0,0.0
93,1,29.588383457657514,0.81126384,30.6933438357447,25.916349663589724,0.0,6.0,0.0,0.0,0.0,0.0,29.588383457657514,0.0,0.0,0.0,0.0
93,2,42.8082987551854,0.82838448,44.406948916168034,38.25589729543158,0.0,6.0,0.0,0.0,0.0,0.0,42.8082987551854,0.0,0.0,0.0,0.0
93,3,29.6,0.8958259199999999,30.70539419087183,28.52303654771827,0.0,4.0,0.0,0.0,0.0,0.0,29.6,0.0,0.0,0.0,0.0
93,4,43.80143397209251,1.2146400000000002,45.437172170222766,56.69377720367375,0.0,6.0,0.0,0.0,0.0,0.0,43.801433972092525,0.0,0.0,0.0,0.0
93,5,43.801433972090074,1.55288832,45.43717217021851,72.06282435579561,0.0,6.0,0.0,0.0,0.0,0.0,43.801433972090074,0.0,0.0,0.0,0.0
93,6,38.188406839266705,1.88569968,39.61452991625209,76.01234732665493,0.0,6.0,0.0,0.0,0.0,0.0,38.18840683926671,0.0,0.0,0.0,0.0
93,7,23.352143462576066,1.83607296,24.224215210140812,37.04314166576678,39.215925101985924,3.0,0.0,0.0,0.0,1.0,19.10448595714748,0.0,0.0,0.0,4.247657505428587
93,8,0.0,1.2938808,0.0,0.0,0.0,0.0,0.0,0.0,0.0,0.0,0.0,0.0,0.0,0.0,0.0
93,9,6.633276218407037,1.10000112,6.88099192780813,0.0,61.24082815749236,0.0,0.0,0.0,0.0,1.0,0.0,0.0,0.0,0.0,6.633276218407037
93,10,0.0,1.00213584,0.0,0.0,0.0,0.0,0.0,0.0,0.0,0.0,0.0,0.0,0.0,0.0,0.0
93,11,0.0,0.93677664,0.0,0.0,0.0,0.0,0.0,0.0,0.0,0.0,0.0,0.0,0.0,0.0,0.0
93,12,0.0,0.8664432000000001,0.0,0.0,0.0,0.0,0.0,0.0,0.0,0.0,0.0,0.0,0.0,0.0,0.0
93,13,8.233864067232618,0.82896288,8.541352766838816,0.0,76.01803962486547,0.0,0.0,0.0,0.0,1.0,0.0,0.0,0.0,0.0,8.233864067232618
93,14,0.0,0.8909673599999999,0.0,0.0,0.0,0.0,0.0,0.0,0.0,0.0,0.0,0.0,0.0,0.0,0.0
93,15,29.6,0.92578704,30.705394190872195,29.443004547718633,0.0,4.0,0.0,0.0,0.0,0.0,29.6,0.0,0.0,0.0,0.0
93,16,3.906299397592167,1.13296992,4.052177798332123,0.0,36.0643824051559,0.0,0.0,0.0,0.0,1.0,0.0,0.0,0.0,0.0,3.906299397592167
93,17,14.573493671860072,1.24564224,15.117732024751255,19.331682513050154,0.0,2.0,0.0,0.0,0.0,0.0,14.573493671860072,0.0,0.0,0.0,0.0
93,18,43.80143397209251,1.72386336,45.437172170221054,79.83144668509006,0.0,6.0,0.0,0.0,0.0,0.0,43.801433972092525,0.0,0.0,0.0,0.0
93,19,43.80143397209328,1.7513952,45.43717217022298,81.08241563933647,0.0,6.0,0.0,0.0,0.0,0.0,43.801433972093285,0.0,0.0,0.0,0.0
93,20,43.80143397209249,1.54213008,45.43717217022106,71.5740003526711,0.0,7.0,0.0,0.0,0.0,0.0,43.80143397209253,0.0,0.0,0.0,0.0
93,21,43.801433972092475,1.30394496,45.43717217022078,60.75154204684595,0.0,7.0,0.0,0.0,0.0,0.0,43.80143397209252,0.0,0.0,0.0,0.0
93,22,43.80143397209157,1.1001168,45.43717217022259,51.49016684778869,0.0,6.0,0.0,0.0,0.0,0.0,43.80143397209158,0.0,0.0,0.0,0.0
93,23,42.32365145228215,0.99334416,43.90420275133064,45.06521251355927,0.0,6.0,0.0,0.0,0.0,0.0,42.32365145228216,0.0,0.0,0.0,0.0
94,0,43.80143397209251,1.0191408,45.437172170221096,47.81084639413116,0.0,6.0,0.0,0.0,0.0,0.0,43.801433972092525,0.0,0.0,0.0,0.0
94,1,43.8014339720924,1.04158272,45.43717217022074,48.830543777001125,0.0,6.0,0.0,0.0,0.0,0.0,43.8014339720924,0.0,0.0,0.0,0.0
94,2,43.801433972089676,1.04216112,45.43717217021784,48.856824637381266,0.0,6.0,0.0,0.0,0.0,0.0,43.80143397208954,0.0,0.0,0.0,0.0
94,3,43.801433972092504,1.24656768,45.43717217022132,58.14448069682768,0.0,7.0,0.0,0.0,0.0,0.0,43.801433972092525,0.0,0.0,0.0,0.0
94,4,37.28322439263151,1.2720172799999998,38.67554397575929,50.47612075616334,0.0,6.0,0.0,0.0,0.0,0.0,37.28322439263151,0.0,0.0,0.0,0.0
94,5,43.80143397209251,1.36513968,45.43717217022109,63.53205707539484,0.0,6.0,0.0,0.0,0.0,0.0,43.801433972092525,0.0,0.0,0.0,0.0
94,6,43.801433972092184,2.02197072,45.43717217022071,93.37660212661946,0.0,7.0,0.0,0.0,0.0,0.0,43.8014339720922,0.0,0.0,0.0,0.0
94,7,14.8,2.001264,15.352697095435971,31.232974273859504,0.0,2.0,0.0,0.0,0.0,0.0,14.8,0.0,0.0,0.0,0.0
94,8,0.0,1.56526608,0.0,0.0,0.0,0.0,0.0,0.0,0.0,0.0,0.0,0.0,0.0,0.0,0.0
94,9,0.0,1.33714512,0.0,0.0,0.0,0.0,0.0,0.0,0.0,0.0,0.0,0.0,0.0,0.0,0.0
94,10,0.0,1.26056496,0.0,0.0,0.0,0.0,0.0,0.0,0.0,0.0,0.0,0.0,0.0,0.0,0.0
94,11,0.0,1.23014112,0.0,0.0,0.0,0.0,0.0,0.0,0.0,0.0,0.0,0.0,0.0,0.0,0.0
94,12,0.0,1.22065536,0.0,0.0,0.0,0.0,0.0,0.0,0.0,0.0,0.0,0.0,0.0,0.0,0.0
94,13,3.8605695776763636,1.21163232,4.004740225805357,0.0,35.64218800966768,0.0,0.0,0.0,0.0,2.0,0.0,0.0,0.0,0.0,3.8605695776763636
94,14,0.0,1.2273648,0.0,0.0,0.0,0.0,0.0,0.0,0.0,0.0,0.0,0.0,0.0,0.0,0.0
94,15,49.08316188538494,1.2592924799999998,50.91614303463105,58.72265962525769,48.76284069325767,6.0,0.0,0.0,0.0,1.0,43.80143397209277,0.0,0.0,0.0,5.281727913292179
94,16,0.0,1.34292912,0.0,0.0,0.0,0.0,0.0,0.0,0.0,0.0,0.0,0.0,0.0,0.0,0.0
94,17,0.0,1.3768233600000002,0.0,0.0,0.0,0.0,0.0,0.0,0.0,0.0,0.0,0.0,0.0,0.0,0.0
94,18,18.24708771439522,1.38075648,18.92851422655131,26.762202495981757,0.0,3.0,0.0,0.0,0.0,0.0,18.247087714395235,0.0,0.0,0.0,0.0
94,19,42.86278385310488,1.46948304,44.46346872728768,66.81005400919284,0.0,6.0,0.0,0.0,0.0,0.0,42.8627838531049,0.0,0.0,0.0,0.0
94,20,43.80143397209254,1.39753008,45.43717217022115,65.00378525685724,0.0,7.0,0.0,0.0,0.0,0.0,43.80143397209254,0.0,0.0,0.0,0.0
94,21,43.80143397208946,1.32314784,45.43717217021808,61.62406661156639,0.0,6.0,0.0,0.0,0.0,0.0,43.80143397208946,0.0,0.0,0.0,0.0
94,22,43.8014339720925,1.2706291200000002,45.43717217022105,59.23776448877078,0.0,6.0,0.0,0.0,0.0,0.0,43.80143397209252,0.0,0.0,0.0,0.0
94,23,43.80143397209252,1.16108016,45.43717217022159,54.26016953218276,0.0,6.0,0.0,0.0,0.0,0.0,43.801433972092525,0.0,0.0,0.0,0.0
95,0,43.80143397209266,1.14141456,45.437172170221025,53.36662027915139,0.0,7.0,0.0,0.0,0.0,0.0,43.801433972092696,0.0,0.0,0.0,0.0
95,1,40.84245882103528,1.1267231999999998,42.367695872443996,49.139036603404776,0.0,6.0,0.0,0.0,0.0,0.0,40.84245882103528,0.0,0.0,0.0,0.0
95,2,38.63468828743887,1.12660752,40.07747747659685,46.47815201223999,0.0,6.0,0.0,0.0,0.0,0.0,38.63468828743887,0.0,0.0,0.0,0.0
95,3,43.20286794418501,1.26646464,44.816253054135636,58.24161776644667,0.0,6.0,0.0,0.0,0.0,0.0,43.20286794418502,0.0,0.0,0.0,0.0
95,4,42.8082987551863,1.31030736,44.40694891616904,59.6566220091255,0.0,6.0,0.0,0.0,0.0,0.0,42.8082987551863,0.0,0.0,0.0,0.0
95,5,43.406864783096374,1.36722192,45.02786803225815,63.053510616438345,0.0,6.0,0.0,0.0,0.0,0.0,43.406864783096374,0.0,0.0,0.0,0.0
95,6,40.45682851744169,1.7352,41.96766443718079,74.21142102426677,0.0,6.0,0.0,0.0,0.0,0.0,40.45682851744169,0.0,0.0,0.0,0.0
95,7,22.200000000000003,1.98368064,23.029045643153882,46.4445334107891,0.0,3.0,0.0,0.0,0.0,0.0,22.200000000000003,0.0,0.0,0.0,0.0
95,8,0.0,1.5318345599999998,0.0,0.0,0.0,0.0,0.0,0.0,0.0,0.0,0.0,0.0,0.0,0.0,0.0
95,9,0.0,1.34061552,0.0,0.0,0.0,0.0,0.0,0.0,0.0,0.0,0.0,0.0,0.0,0.0,0.0
95,10,0.0,1.28902224,0.0,0.0,0.0,0.0,0.0,0.0,0.0,0.0,0.0,0.0,0.0,0.0,0.0
95,11,0.6988716339896952,1.27328976,0.7249705746781071,0.0,6.452238114635153,0.0,0.0,0.0,0.0,1.0,0.0,0.0,0.0,0.0,0.6988716339896952
95,12,3.3785197196966545,1.27606608,3.504688505909393,0.0,31.191727702593596,0.0,0.0,0.0,0.0,1.0,0.0,0.0,0.0,0.0,3.3785197196966545
95,13,2.2177597752254687,1.27178592,2.3005806796944697,0.0,20.47516804928078,0.0,0.0,0.0,0.0,2.0,0.0,0.0,0.0,0.0,2.2177597752254687
95,14,0.0,1.27178592,0.0,0.0,0.0,0.0,0.0,0.0,0.0,0.0,0.0,0.0,0.0,0.0,0.0
95,15,37.0,1.27294272,38.38174273859021,50.12819568464862,0.0,5.0,0.0,0.0,0.0,0.0,37.0,0.0,0.0,0.0,0.0
95,16,0.0,1.2893692799999998,0.0,0.0,0.0,0.0,0.0,0.0,0.0,0.0,0.0,0.0,0.0,0.0,0.0
95,17,20.860770895925054,1.29064176,21.639803833947298,10.16150313692965,124.27475204744087,1.0,0.0,0.0,0.0,1.0,7.4,0.0,0.0,0.0,13.460770895925053
95,18,43.80143397209248,1.27629744,45.43717217022102,59.49531692052663,0.0,7.0,0.0,0.0,0.0,0.0,43.801433972092504,0.0,0.0,0.0,0.0
95,19,43.80143397209246,1.09710912,45.43717217022104,51.35350637379402,0.0,6.0,0.0,0.0,0.0,0.0,43.80143397209246,0.0,0.0,0.0,0.0
95,20,38.745592991394375,0.93052992,40.192523849994764,38.730718542168546,0.0,6.0,0.0,0.0,0.0,0.0,38.74559299139438,0.0,0.0,0.0,0.0
95,21,43.801433972092205,0.78384768,45.437172170220634,37.11979239022231,0.0,7.0,0.0,0.0,0.0,0.0,43.801433972092205,0.0,0.0,0.0,0.0
95,22,43.80143397209251,0.69512112,45.43717217022082,33.08830840743104,0.0,6.0,0.0,0.0,0.0,0.0,43.80143397209252,0.0,0.0,0.0,0.0
95,23,43.80143397209252,0.86852544,45.43717217022085,40.967310350331125,0.0,6.0,0.0,0.0,0.0,0.0,43.801433972092525,0.0,0.0,0.0,0.0
96,0,43.29090961242885,0.8928182400000001,44.90758258550685,41.58074983022716,0.0,7.0,0.0,0.0,0.0,0.0,43.29090961242886,0.0,0.0,0.0,0.0
96,1,43.8014339720925,0.96199488,45.43717217022148,45.214297388265884,0.0,7.0,0.0,0.0,0.0,0.0,43.801433972092525,0.0,0.0,0.0,0.0
96,2,43.80143397209252,0.9879072,45.437172170221025,46.39167993343529,0.0,6.0,0.0,0.0,0.0,0.0,43.80143397209242,0.0,0.0,0.0,0.0
96,3,43.80143397209251,1.03452624,45.437172170221,48.50991728032568,0.0,6.0,0.0,0.0,0.0,0.0,43.801433972092525,0.0,0.0,0.0,0.0
96,4,43.80143397209273,1.06471872,45.43717217022136,49.881778192332014,0.0,6.0,0.0,0.0,0.0,0.0,43.80143397209274,0.0,0.0,0.0,0.0
96,5,43.80143397209251,1.3281220800000002,45.43717217022113,61.850082010866515,0.0,6.0,0.0,0.0,0.0,0.0,43.801433972092525,0.0,0.0,0.0,0.0
96,6,43.80143397209248,1.36085952,45.43717217022052,63.337578708557935,0.0,7.0,0.0,0.0,0.0,0.0,43.80143397209252,0.0,0.0,0.0,0.0
96,7,30.723565617458284,1.3656024,31.870918690309956,42.94770854771859,10.373168044998629,4.0,0.0,0.0,0.0,1.0,29.6,0.0,0.0,0.0,1.1235656174582782
96,8,7.4,1.3569264,7.676348547718173,10.67032713692992,0.0,1.0,0.0,0.0,0.0,0.0,7.4,0.0,0.0,0.0,0.0
96,9,0.0,1.29422784,0.0,0.0,0.0,0.0,0.0,0.0,0.0,0.0,0.0,0.0,0.0,0.0,0.0
96,10,6.485553881486975,1.18664544,6.727752989094373,0.0,59.87700160293993,0.0,0.0,0.0,0.0,1.0,0.0,0.0,0.0,0.0,6.485553881486975
96,11,0.0,1.12082352,0.0,0.0,0.0,0.0,0.0,0.0,0.0,0.0,0.0,0.0,0.0,0.0,0.0
96,12,0.0,1.05222528,0.0,0.0,0.0,0.0,0.0,0.0,0.0,0.0,0.0,0.0,0.0,0.0,0.0
96,13,0.0,1.01925648,0.0,0.0,0.0,0.0,0.0,0.0,0.0,0.0,0.0,0.0,0.0,0.0,0.0
96,14,0.0,1.03579872,0.0,0.0,0.0,0.0,0.0,0.0,0.0,0.0,0.0,0.0,0.0,0.0,0.0
96,15,29.6,1.07096544,30.70539419087158,33.90076454771807,0.0,4.0,0.0,0.0,0.0,0.0,29.6,0.0,0.0,0.0,0.0
96,16,0.0,1.12568208,0.0,0.0,0.0,0.0,0.0,0.0,0.0,0.0,0.0,0.0,0.0,0.0,0.0
96,17,22.200000000000003,1.1195510400000002,23.029045643156188,26.54445341079145,0.0,3.0,0.0,0.0,0.0,0.0,22.200000000000003,0.0,0.0,0.0,0.0
96,18,43.80143397209251,1.03371648,45.437172170221054,48.47312407578919,0.0,6.0,0.0,0.0,0.0,0.0,43.801433972092525,0.0,0.0,0.0,0.0
96,19,42.20613059068804,1.01011776,43.78229314386793,45.67446578120926,0.0,6.0,0.0,0.0,0.0,0.0,42.206130590688055,0.0,0.0,0.0,0.0
96,20,41.61116669936991,0.9595656,43.16511068399415,42.84852049619346,0.0,6.0,0.0,0.0,0.0,0.0,41.61116669936991,0.0,0.0,0.0,0.0
96,21,42.173360613155374,0.8109167999999999,43.74829939124199,36.92429965763801,0.0,6.0,0.0,0.0,0.0,0.0,42.17336061315539,0.0,0.0,0.0,0.0
96,22,29.6,0.6525508799999999,30.705394190872,21.05318054771827,0.0,4.0,0.0,0.0,0.0,0.0,29.6,0.0,0.0,0.0,0.0
96,23,43.8014339720931,0.68852736,45.4371721702217,32.78870659906256,0.0,6.0,0.0,0.0,0.0,0.0,43.8014339720931,0.0,0.0,0.0,0.0
97,0,39.65413194299596,0.6940799999999999,41.1349916421125,29.912543222311367,0.0,7.0,0.0,0.0,0.0,0.0,39.654131942995974,0.0,0.0,0.0,0.0
97,1,43.80143397209251,0.7249665599999999,45.437172170221196,34.444400803207316,0.0,6.0,0.0,0.0,0.0,0.0,43.801433972092525,0.0,0.0,0.0,0.0
97,2,43.80143397209251,0.76105872,45.437172170221054,36.084326491122376,0.0,6.0,0.0,0.0,0.0,0.0,43.80143397209252,0.0,0.0,0.0,0.0
97,3,42.80829875518419,0.8010839999999999,44.406948916166705,37.0435662746836,0.0,6.0,0.0,0.0,0.0,0.0,42.80829875518419,0.0,0.0,0.0,0.0
97,4,23.69165186989116,0.7523827200000001,24.57640235465898,19.304339369351943,0.0,7.0,0.0,0.0,0.0,0.0,23.69165186989116,0.0,0.0,0.0,0.0
97,5,36.63153898376616,0.5873073600000001,37.99952176739531,23.575182980972258,0.0,6.0,0.0,0.0,0.0,0.0,36.63153898376618,0.0,0.0,0.0,0.0
97,6,43.80143397209252,0.5685671999999999,45.437172170220926,27.33805615557474,0.0,6.0,0.0,0.0,0.0,0.0,43.801433972092525,0.0,0.0,0.0,0.0
97,7,14.8,0.59956944,15.352697095436202,9.71318227385925,0.0,2.0,0.0,0.0,0.0,0.0,14.8,0.0,0.0,0.0,0.0
97,8,0.0,0.6940799999999999,0.0,0.0,0.0,0.0,0.0,0.0,0.0,0.0,0.0,0.0,0.0,0.0,0.0
97,9,0.0,0.70113648,0.0,0.0,0.0,0.0,0.0,0.0,0.0,0.0,0.0,0.0,0.0,0.0,0.0
97,10,2.479805746368568,0.6553272,2.5724125999673944,0.0,22.894472139709812,0.0,0.0,0.0,0.0,1.0,0.0,0.0,0.0,0.0,2.479805746368568
97,11,0.7792252980121565,0.6121785599999999,0.8083249979379217,0.0,7.194092481647504,0.0,0.0,0.0,0.0,1.0,0.0,0.0,0.0,0.0,0.7792252980121565
97,12,0.0,0.55607376,0.0,0.0,0.0,0.0,0.0,0.0,0.0,0.0,0.0,0.0,0.0,0.0,0.0
97,13,0.0,0.54577824,0.0,0.0,0.0,0.0,0.0,0.0,0.0,0.0,0.0,0.0,0.0,0.0,0.0
97,14,0.0,0.5482075200000001,0.0,0.0,0.0,0.0,0.0,0.0,0.0,0.0,0.0,0.0,0.0,0.0,0.0
97,15,43.80143397209272,0.5648654399999999,45.437172170220784,27.169858649121828,0.0,6.0,0.0,0.0,0.0,0.0,43.80143397209277,0.0,0.0,0.0,0.0
97,16,0.0,0.6466512,0.0,0.0,0.0,0.0,0.0,0.0,0.0,0.0,0.0,0.0,0.0,0.0,0.0
97,17,5.808298755186698,0.7154808,6.0252061775795624,4.510353660577451,0.0,1.0,0.0,0.0,0.0,0.0,5.808298755186698,0.0,0.0,0.0,0.0
97,18,37.0,0.71247312,38.38174273858985,28.616395684647777,0.0,5.0,0.0,0.0,0.0,0.0,37.0,0.0,0.0,0.0,0.0
97,19,37.6561988171757,0.68413152,39.062446905782316,28.016818169153552,0.0,6.0,0.0,0.0,0.0,0.0,37.656198817175714,0.0,0.0,0.0,0.0
97,20,36.64820226900266,0.6127569599999999,38.016807332990425,24.553419612990897,0.0,5.0,0.0,0.0,0.0,0.0,36.64820226900266,0.0,0.0,0.0,0.0
97,21,43.80143397209251,0.5917031999999999,45.43717217022113,28.389290570905104,0.0,6.0,0.0,0.0,0.0,0.0,43.801433972092525,0.0,0.0,0.0,0.0
97,22,37.18259825281596,0.6292992,38.57116001329961,25.549505535881647,0.0,6.0,0.0,0.0,0.0,0.0,37.182598252815964,0.0,0.0,0.0,0.0
97,23,37.0,0.49603584,38.381742738589566,20.309155684647493,0.0,5.0,0.0,0.0,0.0,0.0,37.0,0.0,0.0,0.0,0.0
98,0,14.8,0.50448048,15.352697095438174,8.25331027386026,0.0,2.0,0.0,0.0,0.0,0.0,14.8,0.0,0.0,0.0,0.0
98,1,14.8,0.5108428799999999,15.352697095435712,8.350990273858935,0.0,2.0,0.0,0.0,0.0,0.0,14.8,0.0,0.0,0.0,0.0
98,2,37.0,0.5251872,38.3817427385889,21.42803568464713,0.0,6.0,0.0,0.0,0.0,0.0,37.0,0.0,0.0,0.0,0.0
98,3,39.84573830053084,0.5372179199999999,41.33375342378743,23.57338027844732,0.0,6.0,0.0,0.0,0.0,0.0,39.84573830053085,0.0,0.0,0.0,0.0
98,4,43.80143397209251,0.5535288,45.43717217021925,26.654753785609117,0.0,6.0,0.0,0.0,0.0,0.0,43.80143397209252,0.0,0.0,0.0,0.0
98,5,43.80143397209251,0.5483231999999999,45.43717217022074,26.418226042160683,0.0,6.0,0.0,0.0,0.0,0.0,43.801433972092525,0.0,0.0,0.0,0.0
98,6,39.16373449108825,0.5550326399999999,40.626280592415625,23.893641658198163,0.0,6.0,0.0,0.0,0.0,0.0,39.16373449108826,0.0,0.0,0.0,0.0
98,7,43.8014339720925,0.58962096,45.437172170220855,28.29467947352522,0.0,7.0,0.0,0.0,0.0,0.0,43.801433972092525,0.0,0.0,0.0,0.0
98,8,43.80143397209251,0.62097024,45.437172170221096,29.719102106297832,0.0,6.0,0.0,0.0,0.0,0.0,43.801433972092525,0.0,0.0,0.0,0.0
98,9,43.80143397209251,0.6509313600000001,45.43717217022112,31.080450674150505,0.0,6.0,0.0,0.0,0.0,0.0,43.801433972092525,0.0,0.0,0.0,0.0
98,10,14.8,0.61298832,15.352697095435934,9.919198273859084,0.0,2.0,0.0,0.0,0.0,0.0,14.8,0.0,0.0,0.0,0.0
98,11,0.0,0.5795568,0.0,0.0,0.0,0.0,0.0,0.0,0.0,0.0,0.0,0.0,0.0,0.0,0.0
98,12,0.0,0.5657908799999999,0.0,0.0,0.0,0.0,0.0,0.0,0.0,0.0,0.0,0.0,0.0,0.0,0.0
98,13,0.0,0.55514832,0.0,0.0,0.0,0.0,0.0,0.0,0.0,0.0,0.0,0.0,0.0,0.0,0.0
98,14,0.0,0.59887536,0.0,0.0,0.0,0.0,0.0,0.0,0.0,0.0,0.0,0.0,0.0,0.0,0.0
98,15,22.200000000000003,0.6844785600000001,23.02904564315356,16.525149410788405,0.0,3.0,0.0,0.0,0.0,0.0,22.200000000000003,0.0,0.0,0.0,0.0
98,16,0.0,0.7639507200000001,0.0,0.0,0.0,0.0,0.0,0.0,0.0,0.0,0.0,0.0,0.0,0.0,0.0
98,17,0.0,0.81565968,0.0,0.0,0.0,0.0,0.0,0.0,0.0,0.0,0.0,0.0,0.0,0.0,0.0
98,18,7.4,0.83555664,7.676348547717986,6.668111136929585,0.0,1.0,0.0,0.0,0.0,0.0,7.4,0.0,0.0,0.0,0.0
98,19,43.80143397209252,0.7844260799999999,45.43717217022067,37.14607325060559,0.0,6.0,0.0,0.0,0.0,0.0,43.801433972092525,0.0,0.0,0.0,0.0
98,20,30.698340241570165,0.7759814399999999,31.844751287936283,25.764997228485342,0.0,6.0,0.0,0.0,0.0,0.0,30.698340241570165,0.0,0.0,0.0,0.0
98,21,22.200000000000003,0.6744144,23.029045643157648,16.293381410791298,0.0,3.0,0.0,0.0,0.0,0.0,22.200000000000003,0.0,0.0,0.0,0.0
98,22,43.72506915870477,0.5773588799999999,45.357955558822844,27.689166749528763,0.0,6.0,0.0,0.0,0.0,0.0,43.725069158704784,0.0,0.0,0.0,0.0
98,23,7.4,0.6041966399999998,7.676348547720587,4.8921111369312085,0.0,1.0,0.0,0.0,0.0,0.0,7.4,0.0,0.0,0.0,0.0
99,0,14.8,0.6119471999999999,15.352697095435529,9.903214273858818,0.0,2.0,0.0,0.0,0.0,0.0,14.8,0.0,0.0,0.0,0.0
99,1,37.88005359323704,0.6074356799999999,39.29466140377336,25.16963266263572,0.0,6.0,0.0,0.0,0.0,0.0,37.880053593237044,0.0,0.0,0.0,0.0
99,2,37.0,0.61264128,38.38174273858986,24.784675684647716,0.0,5.0,0.0,0.0,0.0,0.0,37.0,0.0,0.0,0.0,0.0
99,3,43.80143397209252,0.63438912,45.43717217022128,30.328818067189495,0.0,6.0,0.0,0.0,0.0,0.0,43.801433972092525,0.0,0.0,0.0,0.0
99,4,14.8,0.61969776,15.352697095435971,10.022206273859108,0.0,2.0,0.0,0.0,0.0,0.0,14.8,0.0,0.0,0.0,0.0
99,5,29.51582086215556,0.6031555200000001,30.618071433771537,19.480916961491452,0.0,5.0,0.0,0.0,0.0,0.0,29.51582086215557,0.0,0.0,0.0,0.0
99,6,22.200000000000003,0.6127569599999999,23.029045643156135,14.873469410790065,0.0,3.0,0.0,0.0,0.0,0.0,22.200000000000003,0.0,0.0,0.0,0.0
99,7,37.0,0.61264128,38.38174273858993,24.78467568464776,0.0,5.0,0.0,0.0,0.0,0.0,37.0,0.0,0.0,0.0,0.0
99,8,34.374809104566815,0.6121785599999999,35.65851566863799,23.009675642396157,0.0,6.0,0.0,0.0,0.0,0.0,34.3748091045667,0.0,0.0,0.0,0.0
99,9,26.539486815957083,0.5784,27.530587983358366,16.834954551823643,0.0,4.0,0.0,0.0,0.0,0.0,26.539486815957083,0.0,0.0,0.0,0.0
99,10,13.362513188332601,0.5762020800000001,13.861528203664667,8.445857966471547,0.0,2.0,0.0,0.0,0.0,0.0,13.362513188332601,0.0,0.0,0.0,0.0
99,11,0.0,0.5546856,0.0,0.0,0.0,0.0,0.0,0.0,0.0,0.0,0.0,0.0,0.0,0.0,0.0
99,12,0.0,0.56879856,0.0,0.0,0.0,0.0,0.0,0.0,0.0,0.0,0.0,0.0,0.0,0.0,0.0
99,13,0.0,0.55885008,0.0,0.0,0.0,0.0,0.0,0.0,0.0,0.0,0.0,0.0,0.0,0.0,0.0
99,14,0.0,0.56463408,0.0,0.0,0.0,0.0,0.0,0.0,0.0,0.0,0.0,0.0,0.0,0.0,0.0
99,15,22.200000000000003,0.5696083200000001,23.02904564315378,13.879797410788536,0.0,3.0,0.0,0.0,0.0,0.0,22.200000000000003,0.0,0.0,0.0,0.0
99,16,0.0,0.60523776,0.0,0.0,0.0,0.0,0.0,0.0,0.0,0.0,0.0,0.0,0.0,0.0,0.0
99,17,0.0,0.6589132799999999,0.0,0.0,0.0,0.0,0.0,0.0,0.0,0.0,0.0,0.0,0.0,0.0,0.0
99,18,7.4,0.6924604799999999,7.676348547717948,5.569655136929537,0.0,1.0,0.0,0.0,0.0,0.0,7.4,0.0,0.0,0.0,0.0
99,19,38.037381612825364,0.6557899199999999,39.457864743595174,27.182125286586093,0.0,6.0,0.0,0.0,0.0,0.0,38.037381612825364,0.0,0.0,0.0,0.0
99,20,43.80143397209301,0.6081297600000001,45.4371721702218,29.135667005790005,0.0,6.0,0.0,0.0,0.0,0.0,43.80143397209301,0.0,0.0,0.0,0.0
99,21,14.8,0.57759024,15.352697095435934,9.375742273859075,0.0,2.0,0.0,0.0,0.0,0.0,14.8,0.0,0.0,0.0,0.0
99,22,37.0,0.53363184,38.38174273859085,21.752155684648233,0.0,5.0,0.0,0.0,0.0,0.0,37.0,0.0,0.0,0.0,0.0
99,23,43.801433972092504,0.43692336,45.43717217022219,21.356532332346326,0.0,6.0,0.0,0.0,0.0,0.0,43.801433972092525,0.0,0.0,0.0,0.0
100,0,42.767125750998716,0.4302139199999999,44.364238330912094,20.554569168909136,0.0,6.0,0.0,0.0,0.0,0.0,42.767125750998716,0.0,0.0,0.0,0.0
100,1,36.81814534033658,0.44548368,38.193096826075596,18.27859282961958,0.0,6.0,0.0,0.0,0.0,0.0,36.81814534033659,0.0,0.0,0.0,0.0
100,2,29.6,0.46237296,30.705394190873747,15.21369254771902,0.0,4.0,0.0,0.0,0.0,0.0,29.6,0.0,0.0,0.0,0.0
100,3,27.607174104072072,0.48203856,28.63814741086582,14.752614018301147,0.0,4.0,0.0,0.0,0.0,0.0,27.607174104072072,0.0,0.0,0.0,0.0
100,4,42.75494244151995,0.5280792,44.35160004306825,24.889195430889007,0.0,6.0,0.0,0.0,0.0,0.0,42.754942441519816,0.0,0.0,0.0,0.0
100,5,36.40143397209251,0.56382432,37.76082362250297,22.540353963502525,0.0,6.0,0.0,0.0,0.0,0.0,36.401433972092526,0.0,0.0,0.0,0.0
100,6,17.828635949854046,0.55954416,18.494435632628786,10.960619270173357,0.0,3.0,0.0,0.0,0.0,0.0,17.828635949854046,0.0,0.0,0.0,0.0
100,7,7.4,0.5772432,7.676348547717986,4.685207136929548,0.0,1.0,0.0,0.0,0.0,0.0,7.4,0.0,0.0,0.0,0.0
100,8,0.0,0.55676784,0.0,0.0,0.0,0.0,0.0,0.0,0.0,0.0,0.0,0.0,0.0,0.0,0.0
100,9,0.0,0.3175416,0.0,0.0,0.0,0.0,0.0,0.0,0.0,0.0,0.0,0.0,0.0,0.0,0.0
100,10,0.0,0.15639936,0.0,0.0,0.0,0.0,0.0,0.0,0.0,0.0,0.0,0.0,0.0,0.0,0.0
100,11,0.0,0.15281328,0.0,0.0,0.0,0.0,0.0,0.0,0.0,0.0,0.0,0.0,0.0,0.0,0.0
100,12,0.0,0.11556432,0.0,0.0,0.0,0.0,0.0,0.0,0.0,0.0,0.0,0.0,0.0,0.0,0.0
100,13,0.0,0.02035968,0.0,0.0,0.0,0.0,0.0,0.0,0.0,0.0,0.0,0.0,0.0,0.0,0.0
100,14,0.0,0.02556528,0.0,0.0,0.0,0.0,0.0,0.0,0.0,0.0,0.0,0.0,0.0,0.0,0.0
100,15,21.73039078859346,0.04835424,22.541899158291898,1.8361332640953063,0.0,3.0,0.0,0.0,0.0,0.0,21.730390788593503,0.0,0.0,0.0,0.0
100,16,0.0,0.29544672,0.0,0.0,0.0,0.0,0.0,0.0,0.0,0.0,0.0,0.0,0.0,0.0,0.0
100,17,7.4,0.44571504,7.676348547717948,3.6755511369295113,0.0,1.0,0.0,0.0,0.0,0.0,7.4,0.0,0.0,0.0,0.0
100,18,37.0,0.51755232,38.38174273858987,21.134995684647663,0.0,5.0,0.0,0.0,0.0,0.0,37.0,0.0,0.0,0.0,0.0
100,19,43.80143397209251,0.41783616,45.43717217021941,20.489263939697608,0.0,6.0,0.0,0.0,0.0,0.0,43.801433972092525,0.0,0.0,0.0,0.0
100,20,39.6293312438889,0.30285024,41.10926477581889,13.810667367659907,0.0,6.0,0.0,0.0,0.0,0.0,39.6293312438889,0.0,0.0,0.0,0.0
100,21,37.0,0.17328864,38.38174273858979,7.921555684647422,0.0,5.0,0.0,0.0,0.0,0.0,37.0,0.0,0.0,0.0,0.0
100,22,29.6,0.034704,30.705394190871658,2.081948547717862,0.0,4.0,0.0,0.0,0.0,0.0,29.6,0.0,0.0,0.0,0.0
100,23,40.67614876163659,0.01723632,42.19517506393903,2.1239498344744554,0.0,6.0,0.0,0.0,0.0,0.0,40.6761487616366,0.0,0.0,0.0,0.0
101,0,22.200000000000003,0.01145232,23.029045643153353,1.025997410788374,0.0,3.0,0.0,0.0,0.0,0.0,22.200000000000003,0.0,0.0,0.0,0.0
101,1,43.80143397209251,0.0083289599999999,45.43717217022111,1.8824147883531988,0.0,6.0,0.0,0.0,0.0,0.0,43.801433972092525,0.0,0.0,0.0,0.0
101,2,43.40686478309429,0.01260912,45.027868032256166,2.058184223230561,0.0,6.0,0.0,0.0,0.0,0.0,43.40686478309429,0.0,0.0,0.0,0.0
101,3,30.158591425370773,0.07276272,31.28484587694096,3.3118988793137545,0.0,7.0,0.0,0.0,0.0,0.0,30.158591425370787,0.0,0.0,0.0,0.0
101,4,43.80143397209252,0.3835948799999999,45.43717217022112,18.933437005009623,0.0,6.0,0.0,0.0,0.0,0.0,43.801433972092525,0.0,0.0,0.0,0.0
101,5,43.80143397209252,0.4523088,45.43717217022115,22.055603218540444,0.0,6.0,0.0,0.0,0.0,0.0,43.801433972092525,0.0,0.0,0.0,0.0
101,6,36.40143397209251,0.5396472,37.760823622503146,21.627405999482534,0.0,6.0,0.0,0.0,0.0,0.0,36.401433972092526,0.0,0.0,0.0,0.0
101,7,14.8,0.62675424,15.352697095435897,10.130542273859062,0.0,2.0,0.0,0.0,0.0,0.0,14.8,0.0,0.0,0.0,0.0
101,8,4.852341200241128,0.610212,5.033548962905734,0.0,44.798585769861035,0.0,0.0,0.0,0.0,1.0,0.0,0.0,0.0,0.0,4.852341200241128
101,9,0.0,0.4626043199999999,0.0,0.0,0.0,0.0,0.0,0.0,0.0,0.0,0.0,0.0,0.0,0.0,0.0
101,10,0.0,0.36635856,0.0,0.0,0.0,0.0,0.0,0.0,0.0,0.0,0.0,0.0,0.0,0.0,0.0
101,11,0.0,0.35779824,0.0,0.0,0.0,0.0,0.0,0.0,0.0,0.0,0.0,0.0,0.0,0.0,0.0
101,12,0.0,0.33477792,0.0,0.0,0.0,0.0,0.0,0.0,0.0,0.0,0.0,0.0,0.0,0.0,0.0
101,13,0.0,0.29706624,0.0,0.0,0.0,0.0,0.0,0.0,0.0,0.0,0.0,0.0,0.0,0.0,0.0
101,14,0.0,0.31788864,0.0,0.0,0.0,0.0,0.0,0.0,0.0,0.0,0.0,0.0,0.0,0.0,0.0
101,15,43.801433972092674,0.4086974399999999,45.43717217022089,20.074026345642835,0.0,6.0,0.0,0.0,0.0,0.0,43.801433972092674,0.0,0.0,0.0,0.0
101,16,0.0,0.5548012800000001,0.0,0.0,0.0,0.0,0.0,0.0,0.0,0.0,0.0,0.0,0.0,0.0,0.0
101,17,0.0,0.51859344,0.0,0.0,0.0,0.0,0.0,0.0,0.0,0.0,0.0,0.0,0.0,0.0,0.0
101,18,36.01916272980811,0.46931376,37.364276690672824,18.736154873534794,0.6407659454387395,5.0,0.0,0.0,0.0,1.0,35.94975841841453,0.0,0.0,0.0,0.06940431139358931
101,19,43.80143397209251,0.45566352,45.437172170220926,22.208032208763218,0.0,6.0,0.0,0.0,0.0,0.0,43.801433972092525,0.0,0.0,0.0,0.0
101,20,22.200000000000003,0.43923696,23.029045643153836,10.877469410788528,0.0,4.0,0.0,0.0,0.0,0.0,22.200000000000003,0.0,0.0,0.0,0.0
101,21,43.80143397209251,0.40615248,45.437172170221096,19.958390559956598,0.0,6.0,0.0,0.0,0.0,0.0,43.801433972092525,0.0,0.0,0.0,0.0
101,22,43.80143397209252,0.36936624,45.43717217022104,18.286927839581505,0.0,6.0,0.0,0.0,0.0,0.0,43.801433972092525,0.0,0.0,0.0,0.0
101,23,20.003240843480167,0.39296496,20.750249837635316,8.840954367062096,0.0,3.0,0.0,0.0,0.0,0.0,20.003240843480167,0.0,0.0,0.0,0.0
102,0,19.74502350439193,0.40464864,20.482389527379013,8.966138159560405,0.0,4.0,0.0,0.0,0.0,0.0,19.745023504391938,0.0,0.0,0.0,0.0
102,1,43.80143397209251,0.42153792,45.437172170221004,20.657461446151167,0.0,6.0,0.0,0.0,0.0,0.0,43.801433972092525,0.0,0.0,0.0,0.0
102,2,38.886353200914215,0.44548368,40.338540664849276,19.30536723721321,0.0,6.0,0.0,0.0,0.0,0.0,38.88635320091423,0.0,0.0,0.0,0.0
102,3,43.801433972092944,0.45531648,45.43717217022136,22.19226369253348,0.0,6.0,0.0,0.0,0.0,0.0,43.80143397209296,0.0,0.0,0.0,0.0
102,4,43.80143397209251,0.5360611200000001,45.437172170221466,25.861071802036083,0.0,6.0,0.0,0.0,0.0,0.0,43.801433972092525,0.0,0.0,0.0,0.0
102,5,36.40143397209252,0.55688352,37.760823622500354,22.278263638901905,0.0,6.0,0.0,0.0,0.0,0.0,36.401433972092526,0.0,0.0,0.0,0.0
102,6,43.80143397209252,0.6675892800000001,45.43717217022122,31.837339453188346,0.0,6.0,0.0,0.0,0.0,0.0,43.801433972092525,0.0,0.0,0.0,0.0
102,7,14.8,0.6881803200000001,15.352697095435897,11.073598273859075,0.0,2.0,0.0,0.0,0.0,0.0,14.8,0.0,0.0,0.0,0.0
102,8,0.0,0.63207552,0.0,0.0,0.0,0.0,0.0,0.0,0.0,0.0,0.0,0.0,0.0,0.0,0.0
102,9,0.0,0.57851568,0.0,0.0,0.0,0.0,0.0,0.0,0.0,0.0,0.0,0.0,0.0,0.0,0.0
102,10,0.0,0.61264128,0.0,0.0,0.0,0.0,0.0,0.0,0.0,0.0,0.0,0.0,0.0,0.0,0.0
102,11,0.0,0.5810606399999999,0.0,0.0,0.0,0.0,0.0,0.0,0.0,0.0,0.0,0.0,0.0,0.0,0.0
102,12,0.0,0.5372179199999999,0.0,0.0,0.0,0.0,0.0,0.0,0.0,0.0,0.0,0.0,0.0,0.0,0.0
102,13,0.0,0.45207744,0.0,0.0,0.0,0.0,0.0,0.0,0.0,0.0,0.0,0.0,0.0,0.0,0.0
102,14,0.0,0.4037232,0.0,0.0,0.0,0.0,0.0,0.0,0.0,0.0,0.0,0.0,0.0,0.0,0.0
102,15,31.36649519802728,0.3719112,32.53785808924039,13.178196950152959,0.0,5.0,0.0,0.0,0.0,0.0,31.36649519802728,0.0,0.0,0.0,0.0
102,16,0.0,0.40696224,0.0,0.0,0.0,0.0,0.0,0.0,0.0,0.0,0.0,0.0,0.0,0.0,0.0
102,17,14.8,0.4285944,15.352697095435722,7.088254273858939,0.0,2.0,0.0,0.0,0.0,0.0,14.8,0.0,0.0,0.0,0.0
102,18,35.408298755186614,0.37642272,36.730600368451334,15.042015370121192,0.0,5.0,0.0,0.0,0.0,0.0,35.408298755186614,0.0,0.0,0.0,0.0
102,19,41.21801052883328,0.3141868799999999,42.75727233281507,14.849039705773661,0.0,6.0,0.0,0.0,0.0,0.0,41.21801052883318,0.0,0.0,0.0,0.0
102,20,43.80143397209247,0.29278608,45.43717217022101,14.807341924838418,0.0,6.0,0.0,0.0,0.0,0.0,43.80143397209247,0.0,0.0,0.0,0.0
102,21,43.80143397209251,0.22893072,45.43717217022269,11.905934938527412,0.0,6.0,0.0,0.0,0.0,0.0,43.801433972092525,0.0,0.0,0.0,0.0
102,22,43.80143397209277,0.0812073599999999,45.43717217022132,5.193803196643465,0.0,6.0,0.0,0.0,0.0,0.0,43.80143397209277,0.0,0.0,0.0,0.0
102,23,42.90283168253664,0.0167736,44.505012118814484,2.219625172408906,0.0,6.0,0.0,0.0,0.0,0.0,42.90283168253666,0.0,0.0,0.0,0.0
103,0,35.802867944184904,0.0113366399999999,37.13990450641814,1.6503725661860766,0.0,5.0,0.0,0.0,0.0,0.0,35.802867944184904,0.0,0.0,0.0,0.0
103,1,35.40829875518695,0.0092544,36.730600368451825,1.5557025402455558,0.0,6.0,0.0,0.0,0.0,0.0,35.40829875518695,0.0,0.0,0.0,0.0
103,2,39.78103241099904,0.00821328,41.266631131743814,1.7048598866024487,0.0,6.0,0.0,0.0,0.0,0.0,39.78103241099905,0.0,0.0,0.0,0.0
103,3,43.80143397209251,0.00913872,45.43717217021787,1.9192079928896248,0.0,6.0,0.0,0.0,0.0,0.0,43.801433972092525,0.0,0.0,0.0,0.0
103,4,36.26350724299595,0.04604064,37.61774610269309,2.9770925019246364,0.0,6.0,0.0,0.0,0.0,0.0,36.26350724299595,0.0,0.0,0.0,0.0
103,5,42.75920446846841,0.29278608,44.35602123285155,14.45500988397076,0.0,6.0,0.0,0.0,0.0,0.0,42.75920446846841,0.0,0.0,0.0,0.0
103,6,43.80143397209252,0.3208963199999999,45.43717217022106,16.084591739464663,0.0,6.0,0.0,0.0,0.0,0.0,43.801433972092525,0.0,0.0,0.0,0.0
103,7,14.8,0.33766992,15.352697095436021,5.692318273859047,0.0,2.0,0.0,0.0,0.0,0.0,14.8,0.0,0.0,0.0,0.0
103,8,0.0,0.3244824,0.0,0.0,0.0,0.0,0.0,0.0,0.0,0.0,0.0,0.0,0.0,0.0,0.0
103,9,0.0,0.31603776,0.0,0.0,0.0,0.0,0.0,0.0,0.0,0.0,0.0,0.0,0.0,0.0,0.0
103,10,0.0,0.3004209599999999,0.0,0.0,0.0,0.0,0.0,0.0,0.0,0.0,0.0,0.0,0.0,0.0,0.0
103,11,0.0,0.28503552,0.0,0.0,0.0,0.0,0.0,0.0,0.0,0.0,0.0,0.0,0.0,0.0,0.0
103,12,0.0,0.2828376,0.0,0.0,0.0,0.0,0.0,0.0,0.0,0.0,0.0,0.0,0.0,0.0,0.0
103,13,0.0,0.24188688,0.0,0.0,0.0,0.0,0.0,0.0,0.0,0.0,0.0,0.0,0.0,0.0,0.0
103,14,4.7274946616036875,0.2550744,4.904040105398017,0.0,43.64595693804235,0.0,0.0,0.0,0.0,1.0,0.0,0.0,0.0,0.0,4.7274946616036875
103,15,28.661645342154294,0.27231072,29.7319972428972,9.080470684991251,0.0,4.0,0.0,0.0,0.0,0.0,28.661645342154294,0.0,0.0,0.0,0.0
103,16,0.0,0.2903568,0.0,0.0,0.0,0.0,0.0,0.0,0.0,0.0,0.0,0.0,0.0,0.0,0.0
103,17,7.4,0.28989408,7.676348547717948,2.479415136929495,0.0,1.0,0.0,0.0,0.0,0.0,7.4,0.0,0.0,0.0,0.0
103,18,29.6,0.29105088,30.70539419087187,9.953180547718006,0.0,4.0,0.0,0.0,0.0,0.0,29.6,0.0,0.0,0.0,0.0
103,19,43.202867944185186,0.27554976,44.816253054134364,13.832525749257838,0.0,7.0,0.0,0.0,0.0,0.0,43.20286794418519,0.0,0.0,0.0,0.0
103,20,43.80143397209252,0.2377224,45.437172170221054,12.305404016352474,0.0,6.0,0.0,0.0,0.0,0.0,43.801433972092525,0.0,0.0,0.0,0.0
103,21,29.6,0.1920288,30.70539419087183,6.912668547717947,0.0,4.0,0.0,0.0,0.0,0.0,29.6,0.0,0.0,0.0,0.0
103,22,43.744126065497326,0.12574416,45.377724134333924,7.207986472829999,0.0,6.0,0.0,0.0,0.0,0.0,43.744126065497326,0.0,0.0,0.0,0.0
103,23,41.7250854243734,0.18948384,43.28328363524257,9.634159479341449,0.0,6.0,0.0,0.0,0.0,0.0,41.7250854243734,0.0,0.0,0.0,0.0
104,0,40.31708677109494,0.20267136,41.82270411939368,9.860595829107048,0.0,6.0,0.0,0.0,0.0,0.0,40.31708677109494,0.0,0.0,0.0,0.0
104,1,40.21735609069975,0.23448336,41.71924905674357,11.163376839280275,0.0,6.0,0.0,0.0,0.0,0.0,40.21735609069975,0.0,0.0,0.0,0.0
104,2,29.6,0.27277344,30.70539419087183,9.391964547717983,0.0,4.0,0.0,0.0,0.0,0.0,29.6,0.0,0.0,0.0,0.0
104,3,27.199986833374105,0.30643632,28.215753976529722,9.580273271216269,0.0,4.0,0.0,0.0,0.0,0.0,27.199986833374105,0.0,0.0,0.0,0.0
104,4,37.0,0.3186984,38.381742738589956,13.502635684647565,0.0,5.0,0.0,0.0,0.0,0.0,37.0,0.0,0.0,0.0,0.0
104,5,42.12230750661842,0.39493152,43.695339737156644,18.70298268461156,0.0,6.0,0.0,0.0,0.0,0.0,42.122307506618434,0.0,0.0,0.0,0.0
104,6,37.39777898494194,0.51038016,38.79437654039659,21.083973969274986,0.0,6.0,0.0,0.0,0.0,0.0,37.39777898494196,0.0,0.0,0.0,0.0
104,7,22.200000000000003,0.56995536,23.02904564315392,13.88778941078862,0.0,3.0,0.0,0.0,0.0,0.0,22.200000000000003,0.0,0.0,0.0,0.0
104,8,7.4,0.5642870400000001,7.676348547718169,4.585751136929657,0.0,1.0,0.0,0.0,0.0,0.0,7.4,0.0,0.0,0.0,0.0
104,9,0.0,0.51257808,0.0,0.0,0.0,0.0,0.0,0.0,0.0,0.0,0.0,0.0,0.0,0.0,0.0
104,10,0.0,0.4567046399999999,0.0,0.0,0.0,0.0,0.0,0.0,0.0,0.0,0.0,0.0,0.0,0.0,0.0
104,11,0.0,0.4257024,0.0,0.0,0.0,0.0,0.0,0.0,0.0,0.0,0.0,0.0,0.0,0.0,0.0
104,12,0.0,0.40649952,0.0,0.0,0.0,0.0,0.0,0.0,0.0,0.0,0.0,0.0,0.0,0.0,0.0
104,13,0.0,0.3881064,0.0,0.0,0.0,0.0,0.0,0.0,0.0,0.0,0.0,0.0,0.0,0.0,0.0
104,14,0.0,0.3893788799999999,0.0,0.0,0.0,0.0,0.0,0.0,0.0,0.0,0.0,0.0,0.0,0.0,0.0
104,15,43.80143397209251,0.39365904,45.4371721702208,19.39072397567815,0.0,6.0,0.0,0.0,0.0,0.0,43.801433972092525,0.0,0.0,0.0,0.0
104,16,0.0,0.41320896,0.0,0.0,0.0,0.0,0.0,0.0,0.0,0.0,0.0,0.0,0.0,0.0,0.0
104,17,0.0,0.42084384,0.0,0.0,0.0,0.0,0.0,0.0,0.0,0.0,0.0,0.0,0.0,0.0,0.0
104,18,14.8,0.39284928,15.352697095435897,6.5394702738590125,0.0,2.0,0.0,0.0,0.0,0.0,14.8,0.0,0.0,0.0,0.0
104,19,40.80554595039213,0.36797808,42.329404512855305,16.921259296840606,1.245690702410641,6.0,0.0,0.0,0.0,1.0,40.6706194518389,0.0,0.0,0.0,0.13492649855324243
104,20,40.411754448981945,0.34114032,41.920907104755344,15.688493689573914,0.0,6.0,0.0,0.0,0.0,0.0,40.41175444898196,0.0,0.0,0.0,0.0
104,21,43.40686478309418,0.32818416,45.02786803225605,16.26785547862448,0.0,6.0,0.0,0.0,0.0,0.0,43.40686478309419,0.0,0.0,0.0,0.0
104,22,14.8,0.31025376,15.35269709543611,5.271406273859068,0.0,3.0,0.0,0.0,0.0,0.0,14.8,0.0,0.0,0.0,0.0
104,23,18.958251684107026,0.32633328,19.66623618683367,7.068699777888321,0.0,4.0,0.0,0.0,0.0,0.0,18.958251684107026,0.0,0.0,0.0,0.0
105,0,7.4,0.3256392,7.676348547718162,2.753807136929576,0.0,1.0,0.0,0.0,0.0,0.0,7.4,0.0,0.0,0.0,0.0
105,1,22.200000000000003,0.33072912,23.029045643153957,8.378637410788539,0.0,3.0,0.0,0.0,0.0,0.0,22.200000000000003,0.0,0.0,0.0,0.0
105,2,29.565474904424164,0.3461145599999999,30.669579776374043,11.630351200282579,0.0,4.0,0.0,0.0,0.0,0.0,29.565474904424164,0.0,0.0,0.0,0.0
105,3,43.80143397209251,0.37387776,45.43717217022102,18.491918550570887,0.0,6.0,0.0,0.0,0.0,0.0,43.801433972092525,0.0,0.0,0.0,0.0
105,4,43.80143397208927,0.43969968,45.43717217021829,21.482680462184113,0.0,6.0,0.0,0.0,0.0,0.0,43.80143397208927,0.0,0.0,0.0,0.0
105,5,43.80143397209251,0.45242448,45.437172170217984,22.06085939061556,0.0,6.0,0.0,0.0,0.0,0.0,43.801433972092525,0.0,0.0,0.0,0.0
105,6,38.3527652371095,0.47625456,39.78502617957457,20.264684504285686,0.0,6.0,0.0,0.0,0.0,0.0,38.3527652371095,0.0,0.0,0.0,0.0
105,7,22.200000000000003,0.5789784,23.029045643153538,14.09558141078839,0.0,3.0,0.0,0.0,0.0,0.0,22.200000000000003,0.0,0.0,0.0,0.0
105,8,43.80143397209251,0.5786313599999999,45.43717217021729,27.795343126241168,0.0,6.0,0.0,0.0,0.0,0.0,43.801433972092525,0.0,0.0,0.0,0.0
105,9,38.69222162834878,0.50818224,40.13715936550747,21.72553152859886,0.0,6.0,0.0,0.0,0.0,0.0,38.69222162834878,0.0,0.0,0.0,0.0
105,10,14.8,0.4789152,15.352697095435587,7.860814273858871,0.0,2.0,0.0,0.0,0.0,0.0,14.8,0.0,0.0,0.0,0.0
105,11,0.0,0.4690824,0.0,0.0,0.0,0.0,0.0,0.0,0.0,0.0,0.0,0.0,0.0,0.0,0.0
105,12,0.0,0.46283568,0.0,0.0,0.0,0.0,0.0,0.0,0.0,0.0,0.0,0.0,0.0,0.0,0.0
105,13,0.0,0.46352976,0.0,0.0,0.0,0.0,0.0,0.0,0.0,0.0,0.0,0.0,0.0,0.0,0.0
105,14,0.0,0.47058624,0.0,0.0,0.0,0.0,0.0,0.0,0.0,0.0,0.0,0.0,0.0,0.0,0.0
105,15,13.635696833159422,0.47637024,14.144913727343972,7.206412591449228,0.0,2.0,0.0,0.0,0.0,0.0,13.635696833159423,0.0,0.0,0.0,0.0
105,16,0.0,0.52969872,0.0,0.0,0.0,0.0,0.0,0.0,0.0,0.0,0.0,0.0,0.0,0.0,0.0
105,17,0.0,0.59899104,0.0,0.0,0.0,0.0,0.0,0.0,0.0,0.0,0.0,0.0,0.0,0.0,0.0
105,18,7.4,0.63080304,7.676348547717986,5.096351136929556,0.0,1.0,0.0,0.0,0.0,0.0,7.4,0.0,0.0,0.0,0.0
105,19,32.5238168405767,0.60512208,33.73839921221641,21.532591321091115,0.0,5.0,0.0,0.0,0.0,0.0,32.5238168405767,0.0,0.0,0.0,0.0
105,20,35.23175742991191,0.57851568,36.54746621360206,22.353003400509248,0.0,5.0,0.0,0.0,0.0,0.0,35.23175742991191,0.0,0.0,0.0,0.0
105,21,36.40143397209252,0.5424235199999999,37.76082362250283,21.732242129321975,0.0,6.0,0.0,0.0,0.0,0.0,36.401433972092526,0.0,0.0,0.0,0.0
105,22,22.200000000000003,0.5050588799999999,23.029045643153882,12.393285410788572,0.0,3.0,0.0,0.0,0.0,0.0,22.200000000000003,0.0,0.0,0.0,0.0
105,23,37.0,0.63866928,38.38174273858982,25.78367568464771,0.0,5.0,0.0,0.0,0.0,0.0,37.0,0.0,0.0,0.0,0.0
106,0,37.27354438407606,0.642024,38.66550247310806,26.104008691654613,0.0,6.0,0.0,0.0,0.0,0.0,37.27354438407607,0.0,0.0,0.0,0.0
106,1,14.8,0.68285904,15.352697095435971,10.991902273859127,0.0,2.0,0.0,0.0,0.0,0.0,14.8,0.0,0.0,0.0,0.0
106,2,40.37492355871945,0.72323136,41.88270078705355,31.677200046745288,0.0,6.0,0.0,0.0,0.0,0.0,40.374923558719466,0.0,0.0,0.0,0.0
106,3,29.6,0.75689424,30.705394190871942,24.257084547718296,0.0,4.0,0.0,0.0,0.0,0.0,29.6,0.0,0.0,0.0,0.0
106,4,22.200000000000003,0.7622155199999999,23.029045643156827,18.315357410791005,0.0,3.0,0.0,0.0,0.0,0.0,22.200000000000003,0.0,0.0,0.0,0.0
106,5,29.6,0.77089152,30.705394190871978,24.68687654771833,0.0,4.0,0.0,0.0,0.0,0.0,29.6,0.0,0.0,0.0,0.0
106,6,37.0,0.7800302400000001,38.38174273858986,31.20935568464783,0.0,5.0,0.0,0.0,0.0,0.0,37.0,0.0,0.0,0.0,0.0
106,7,29.001433972092514,0.80976,30.084475074785622,25.357000661533807,0.0,6.0,0.0,0.0,0.0,0.0,29.001433972092528,0.0,0.0,0.0,0.0
106,8,14.8,0.8190143999999999,15.352697095435971,13.082254273859164,0.0,2.0,0.0,0.0,0.0,0.0,14.8,0.0,0.0,0.0,0.0
106,9,43.801433972092404,0.8139244800000001,45.43717217022098,38.4863971301519,0.0,6.0,0.0,0.0,0.0,0.0,43.801433972092404,0.0,0.0,0.0,0.0
106,10,7.4,0.7948372799999999,7.676348547717948,6.355535136929547,0.0,1.0,0.0,0.0,0.0,0.0,7.4,0.0,0.0,0.0,0.0
106,11,0.0,0.7578196800000001,0.0,0.0,0.0,0.0,0.0,0.0,0.0,0.0,0.0,0.0,0.0,0.0,0.0
106,12,0.0,0.7288996799999999,0.0,0.0,0.0,0.0,0.0,0.0,0.0,0.0,0.0,0.0,0.0,0.0,0.0
106,13,0.0,0.71039088,0.0,0.0,0.0,0.0,0.0,0.0,0.0,0.0,0.0,0.0,0.0,0.0,0.0
106,14,0.0,0.72542928,0.0,0.0,0.0,0.0,0.0,0.0,0.0,0.0,0.0,0.0,0.0,0.0,0.0
106,15,43.80143397209249,0.7910198399999999,45.43717217022089,37.4456750589749,0.0,6.0,0.0,0.0,0.0,0.0,43.80143397209249,0.0,0.0,0.0,0.0
106,16,0.0,0.8877283199999999,0.0,0.0,0.0,0.0,0.0,0.0,0.0,0.0,0.0,0.0,0.0,0.0,0.0
106,17,0.0,1.01231568,0.0,0.0,0.0,0.0,0.0,0.0,0.0,0.0,0.0,0.0,0.0,0.0,0.0
106,18,14.8,1.19948592,15.352697095435934,18.92351827385923,0.0,2.0,0.0,0.0,0.0,0.0,14.8,0.0,0.0,0.0,0.0
106,19,43.80143397208961,1.21336752,45.4371721702181,56.635959310824774,0.0,6.0,0.0,0.0,0.0,0.0,43.80143397208961,0.0,0.0,0.0,0.0
106,20,43.20286794418529,1.21591248,44.81625305413462,55.97605937145225,0.0,6.0,0.0,0.0,0.0,0.0,43.2028679441853,0.0,0.0,0.0,0.0
106,21,43.39540418458573,1.0699243200000002,45.01597944459138,49.6537201160044,0.0,6.0,0.0,0.0,0.0,0.0,43.39540418458573,0.0,0.0,0.0,0.0
106,22,43.80143397209278,0.77667552,45.43717217022133,36.793909721470506,0.0,6.0,0.0,0.0,0.0,0.0,43.80143397209278,0.0,0.0,0.0,0.0
106,23,1.4207558831007727,0.84550512,1.4738131567435402,1.294899785438237,0.0,1.0,0.0,0.0,0.0,0.0,1.4207558831007727,0.0,0.0,0.0,0.0
107,0,35.495879561543966,0.8338214399999999,36.82145182732817,31.92130604103796,0.0,5.0,0.0,0.0,0.0,0.0,35.495879561543966,0.0,0.0,0.0,0.0
107,1,21.477643469444715,0.8096443199999999,22.279713142577755,18.77610170213675,0.0,3.0,0.0,0.0,0.0,0.0,21.477643469444715,0.0,0.0,0.0,0.0
107,2,42.304119323241714,0.798192,43.88394120668477,36.4803692535874,0.0,6.0,0.0,0.0,0.0,0.0,42.30411932324173,0.0,0.0,0.0,0.0
107,3,22.200000000000003,0.86771568,23.029045643153893,20.74492541078871,0.0,3.0,0.0,0.0,0.0,0.0,22.200000000000003,0.0,0.0,0.0,0.0
107,4,38.158367356401655,1.2186887999999998,39.58336862697317,49.55001751351637,0.0,6.0,0.0,0.0,0.0,0.0,38.15836735640166,0.0,0.0,0.0,0.0
107,5,29.6,1.36606512,30.70539419087133,42.96191654771779,0.0,5.0,0.0,0.0,0.0,0.0,29.6,0.0,0.0,0.0,0.0
107,6,28.118283867267444,1.99640544,29.168344260650475,59.19731335278291,0.0,6.0,0.0,0.0,0.0,0.0,28.118283867267245,0.0,0.0,0.0,0.0
107,7,0.0,2.00103264,0.0,0.0,0.0,0.0,0.0,0.0,0.0,0.0,0.0,0.0,0.0,0.0,0.0
107,8,0.0,1.60517568,0.0,0.0,0.0,0.0,0.0,0.0,0.0,0.0,0.0,0.0,0.0,0.0,0.0
107,9,0.4353838267569764,1.48833888,0.4516429738142909,0.0,4.019622466947189,0.0,0.0,0.0,0.0,1.0,0.0,0.0,0.0,0.0,0.4353838267569764
107,10,0.0,1.22597664,0.0,0.0,0.0,0.0,0.0,0.0,0.0,0.0,0.0,0.0,0.0,0.0,0.0
107,11,0.0,1.1905785599999998,0.0,0.0,0.0,0.0,0.0,0.0,0.0,0.0,0.0,0.0,0.0,0.0,0.0
107,12,0.0,1.1544864,0.0,0.0,0.0,0.0,0.0,0.0,0.0,0.0,0.0,0.0,0.0,0.0,0.0
107,13,0.0,1.09687776,0.0,0.0,0.0,0.0,0.0,0.0,0.0,0.0,0.0,0.0,0.0,0.0,0.0
107,14,0.0,1.072932,0.0,0.0,0.0,0.0,0.0,0.0,0.0,0.0,0.0,0.0,0.0,0.0,0.0
107,15,14.8,1.0886644799999998,15.352697095435659,17.22211027385889,0.0,2.0,0.0,0.0,0.0,0.0,14.8,0.0,0.0,0.0,0.0
107,16,0.0,1.1401420800000002,0.0,0.0,0.0,0.0,0.0,0.0,0.0,0.0,0.0,0.0,0.0,0.0,0.0
107,17,7.4,1.1891904,7.676348547717727,9.382727136929319,0.0,1.0,0.0,0.0,0.0,0.0,7.4,0.0,0.0,0.0,0.0
107,18,30.279519298155677,1.1903472,31.410289728377997,37.56642854771874,6.273570283802403,4.0,0.0,0.0,0.0,1.0,29.6,0.0,0.0,0.0,0.6795192981556759
107,19,43.80143397209235,1.12880544,45.43717217022092,52.79369752279629,0.0,6.0,0.0,0.0,0.0,0.0,43.80143397209235,0.0,0.0,0.0,0.0
107,20,39.788102571863305,0.94938576,41.27396532351009,40.551083189082455,0.0,6.0,0.0,0.0,0.0,0.0,39.788102571863305,0.0,0.0,0.0,0.0
107,21,43.80143397209008,0.80976,45.43717217021839,38.297174935390274,0.0,6.0,0.0,0.0,0.0,0.0,43.801433972090095,0.0,0.0,0.0,0.0
107,22,43.80143397209252,0.67776912,45.43717217022105,32.29988259593352,0.0,6.0,0.0,0.0,0.0,0.0,43.801433972092525,0.0,0.0,0.0,0.0
107,23,43.80143397209252,0.72913104,45.43717217022106,34.633622997966654,0.0,6.0,0.0,0.0,0.0,0.0,43.801433972092525,0.0,0.0,0.0,0.0
108,0,37.0,0.73537776,38.381742738589935,29.495515684647863,0.0,5.0,0.0,0.0,0.0,0.0,37.0,0.0,0.0,0.0,0.0
108,1,41.476087599567165,0.75342384,43.024987136481,33.84017809853564,0.0,6.0,0.0,0.0,0.0,0.0,41.476087599567165,0.0,0.0,0.0,0.0
108,2,43.80143397209265,0.8090659199999999,45.437172170221274,38.265637902932795,0.0,6.0,0.0,0.0,0.0,0.0,43.80143397209265,0.0,0.0,0.0,0.0
108,3,39.70075444149112,0.8900419199999999,41.183355229763386,38.01808161884581,0.0,6.0,0.0,0.0,0.0,0.0,39.70075444149114,0.0,0.0,0.0,0.0
108,4,42.32365145228214,0.98374272,43.904202751330445,44.64366894509433,0.0,6.0,0.0,0.0,0.0,0.0,42.32365145228216,0.0,0.0,0.0,0.0
108,5,43.8014339720925,1.21533408,45.4371721702213,56.72531423613184,0.0,7.0,0.0,0.0,0.0,0.0,43.801433972092525,0.0,0.0,0.0,0.0
108,6,43.80143397209251,1.5707030400000002,45.437172170223356,72.87227485560763,0.0,6.0,0.0,0.0,0.0,0.0,43.801433972092525,0.0,0.0,0.0,0.0
108,7,14.8,1.73612544,15.352697095435897,27.162382273859293,0.0,2.0,0.0,0.0,0.0,0.0,14.8,0.0,0.0,0.0,0.0
108,8,0.0,1.39602624,0.0,0.0,0.0,0.0,0.0,0.0,0.0,0.0,0.0,0.0,0.0,0.0,0.0
108,9,0.0,1.1905785599999998,0.0,0.0,0.0,0.0,0.0,0.0,0.0,0.0,0.0,0.0,0.0,0.0,0.0
108,10,0.0,1.04701968,0.0,0.0,0.0,0.0,0.0,0.0,0.0,0.0,0.0,0.0,0.0,0.0,0.0
108,11,0.0,0.97217472,0.0,0.0,0.0,0.0,0.0,0.0,0.0,0.0,0.0,0.0,0.0,0.0,0.0
108,12,0.0,0.88460496,0.0,0.0,0.0,0.0,0.0,0.0,0.0,0.0,0.0,0.0,0.0,0.0,0.0
108,13,0.0,0.80883456,0.0,0.0,0.0,0.0,0.0,0.0,0.0,0.0,0.0,0.0,0.0,0.0,0.0
108,14,0.5110372733648576,0.76892496,0.5301216528681096,0.0,4.718082710526176,0.0,0.0,0.0,0.0,1.0,0.0,0.0,0.0,0.0,0.5110372733648576
108,15,28.156591911781454,0.78974736,29.20808289603898,24.033793901666833,0.0,4.0,0.0,0.0,0.0,0.0,28.156591911781454,0.0,0.0,0.0,0.0
108,16,0.0,0.91572288,0.0,0.0,0.0,0.0,0.0,0.0,0.0,0.0,0.0,0.0,0.0,0.0,0.0
108,17,14.8,0.98223888,15.352697095439988,15.58819027386329,0.0,2.0,0.0,0.0,0.0,0.0,14.8,0.0,0.0,0.0,0.0
108,18,43.699254531781904,0.974604,45.3311769001892,45.68040828702826,0.0,6.0,0.0,0.0,0.0,0.0,43.69925453178192,0.0,0.0,0.0,0.0
108,19,43.80143397209251,1.0625208,45.43717217022277,49.78191092287721,0.0,6.0,0.0,0.0,0.0,0.0,43.801433972092525,0.0,0.0,0.0,0.0
108,20,13.806864783094184,0.9792312,14.32247384138448,14.499087130817362,0.0,2.0,0.0,0.0,0.0,0.0,13.806864783094195,0.0,0.0,0.0,0.0
108,21,37.0,0.80594256,38.38174273858984,32.20391568464783,0.0,5.0,0.0,0.0,0.0,0.0,37.0,0.0,0.0,0.0,0.0
108,22,37.027050966115056,0.6549801599999999,38.40980390675885,26.42902401773126,0.0,6.0,0.0,0.0,0.0,0.0,37.02705096611507,0.0,0.0,0.0,0.0
108,23,43.801433972092404,0.70125216,45.437172170218965,33.36688552749219,0.0,6.0,0.0,0.0,0.0,0.0,43.801433972092404,0.0,0.0,0.0,0.0
109,0,43.80143397209233,0.6946583999999999,45.43717217022066,33.06728371912431,0.0,6.0,0.0,0.0,0.0,0.0,43.80143397209233,0.0,0.0,0.0,0.0
109,1,43.80143397209252,0.6819335999999999,45.437172170221274,32.489104790693126,0.0,6.0,0.0,0.0,0.0,0.0,43.801433972092525,0.0,0.0,0.0,0.0
109,2,43.80143397209251,0.6660854399999999,45.43717217022121,31.76900921619187,0.0,6.0,0.0,0.0,0.0,0.0,43.801433972092525,0.0,0.0,0.0,0.0
109,3,36.12851360443774,0.6776534399999999,37.47771120792336,26.63741216435808,0.0,6.0,0.0,0.0,0.0,0.0,36.12851360443775,0.0,0.0,0.0,0.0
109,4,29.6,0.705648,30.70539419087183,22.683548547718186,0.0,4.0,0.0,0.0,0.0,0.0,29.6,0.0,0.0,0.0,0.0
109,5,37.95260179482321,0.91780512,39.36991887429826,37.43705743155485,0.0,6.0,0.0,0.0,0.0,0.0,37.952601794823224,0.0,0.0,0.0,0.0
109,6,43.801433972092525,1.16038608,45.43717217022066,54.228632499721755,0.0,6.0,0.0,0.0,0.0,0.0,43.80143397209242,0.0,0.0,0.0,0.0
109,7,29.6,0.9474192,30.705394190871143,30.10722854771762,0.0,4.0,0.0,0.0,0.0,0.0,29.6,0.0,0.0,0.0,0.0
109,8,0.0,0.8663275199999999,0.0,0.0,0.0,0.0,0.0,0.0,0.0,0.0,0.0,0.0,0.0,0.0,0.0
109,9,0.0,0.7599019199999999,0.0,0.0,0.0,0.0,0.0,0.0,0.0,0.0,0.0,0.0,0.0,0.0,0.0
109,10,0.0,0.6583348799999998,0.0,0.0,0.0,0.0,0.0,0.0,0.0,0.0,0.0,0.0,0.0,0.0,0.0
109,11,0.0,0.40904448,0.0,0.0,0.0,0.0,0.0,0.0,0.0,0.0,0.0,0.0,0.0,0.0,0.0
109,12,0.0,0.393312,0.0,0.0,0.0,0.0,0.0,0.0,0.0,0.0,0.0,0.0,0.0,0.0,0.0
109,13,0.0,0.39261792,0.0,0.0,0.0,0.0,0.0,0.0,0.0,0.0,0.0,0.0,0.0,0.0,0.0
109,14,0.0,0.38324784,0.0,0.0,0.0,0.0,0.0,0.0,0.0,0.0,0.0,0.0,0.0,0.0,0.0
109,15,43.80143397209248,0.43946832,45.43717217021924,21.472168118031263,0.0,6.0,0.0,0.0,0.0,0.0,43.80143397209251,0.0,0.0,0.0,0.0
109,16,0.0,0.6504686399999999,0.0,0.0,0.0,0.0,0.0,0.0,0.0,0.0,0.0,0.0,0.0,0.0,0.0
109,17,14.8,0.705648,15.352697095435897,11.341774273859079,0.0,2.0,0.0,0.0,0.0,0.0,14.8,0.0,0.0,0.0,0.0
109,18,43.47585095502125,0.705648,45.099430451267104,33.31711404701267,0.0,6.0,0.0,0.0,0.0,0.0,43.475850955021265,0.0,0.0,0.0,0.0
109,19,43.80143397209251,0.69338592,45.43717217022118,33.00946582628153,0.0,6.0,0.0,0.0,0.0,0.0,43.801433972092525,0.0,0.0,0.0,0.0
109,20,38.29770169377156,0.5891582399999999,39.72790632134047,24.721017066402197,0.0,6.0,0.0,0.0,0.0,0.0,38.297701693771565,0.0,0.0,0.0,0.0
109,21,37.0,0.48226992,38.381742738589814,19.780795684647615,0.0,5.0,0.0,0.0,0.0,0.0,37.0,0.0,0.0,0.0,0.0
109,22,40.311550032987576,0.41390304,41.81696061513256,18.692308518524523,0.0,7.0,0.0,0.0,0.0,0.0,40.311550032987626,0.0,0.0,0.0,0.0
109,23,29.6,0.4567046399999999,30.70539419087187,15.039644547718083,0.0,4.0,0.0,0.0,0.0,0.0,29.6,0.0,0.0,0.0,0.0
110,0,40.96818233449973,0.4273219199999999,42.49811445487563,19.56706345369359,0.0,6.0,0.0,0.0,0.0,0.0,40.96818233449973,0.0,0.0,0.0,0.0
110,1,39.86229439552107,0.41841456,41.35092779618418,18.670545969485868,0.0,6.0,0.0,0.0,0.0,0.0,39.86229439552109,0.0,0.0,0.0,0.0
110,2,22.200000000000003,0.422232,23.02904564315392,10.48586141078856,0.0,3.0,0.0,0.0,0.0,0.0,22.200000000000003,0.0,0.0,0.0,0.0
110,3,43.80143397209251,0.46167888,45.43717217022134,22.481353156749286,0.0,6.0,0.0,0.0,0.0,0.0,43.801433972092525,0.0,0.0,0.0,0.0
110,4,43.80143397209297,0.48458352,45.43717217022176,23.52207522792644,0.0,6.0,0.0,0.0,0.0,0.0,43.80143397209298,0.0,0.0,0.0,0.0
110,5,43.8014339720922,0.6501216000000001,45.437172170220734,31.04365746961368,0.0,6.0,0.0,0.0,0.0,0.0,43.8014339720922,0.0,0.0,0.0,0.0
110,6,43.80143397209193,0.78708672,45.43717217022053,37.266965208368454,0.0,6.0,0.0,0.0,0.0,0.0,43.80143397209193,0.0,0.0,0.0,0.0
110,7,43.20286794418497,0.81068544,44.81625305413661,37.815301802436004,0.0,6.0,0.0,0.0,0.0,0.0,43.20286794418499,0.0,0.0,0.0,0.0
110,8,0.0,0.80883456,0.0,0.0,0.0,0.0,0.0,0.0,0.0,0.0,0.0,0.0,0.0,0.0,0.0
110,9,0.0,0.80143104,0.0,0.0,0.0,0.0,0.0,0.0,0.0,0.0,0.0,0.0,0.0,0.0,0.0
110,10,0.0,0.68100816,0.0,0.0,0.0,0.0,0.0,0.0,0.0,0.0,0.0,0.0,0.0,0.0,0.0
110,11,0.0,0.64572576,0.0,0.0,0.0,0.0,0.0,0.0,0.0,0.0,0.0,0.0,0.0,0.0,0.0
110,12,0.0,0.59286,0.0,0.0,0.0,0.0,0.0,0.0,0.0,0.0,0.0,0.0,0.0,0.0,0.0
110,13,0.0,0.5558424,0.0,0.0,0.0,0.0,0.0,0.0,0.0,0.0,0.0,0.0,0.0,0.0,0.0
110,14,0.0,0.55618944,0.0,0.0,0.0,0.0,0.0,0.0,0.0,0.0,0.0,0.0,0.0,0.0,0.0
110,15,37.0,0.57851568,38.3817427385893,23.47487568464736,0.0,5.0,0.0,0.0,0.0,0.0,37.0,0.0,0.0,0.0,0.0
110,16,0.0,0.68181792,0.0,0.0,0.0,0.0,0.0,0.0,0.0,0.0,0.0,0.0,0.0,0.0,0.0
110,17,0.0,0.71235744,0.0,0.0,0.0,0.0,0.0,0.0,0.0,0.0,0.0,0.0,0.0,0.0,0.0
110,18,23.905192135480714,0.6929232,24.79791715298868,18.00386316474773,0.0,4.0,0.0,0.0,0.0,0.0,23.905192135480714,0.0,0.0,0.0,0.0
110,19,43.80143397209251,0.6504686399999999,45.43717217022109,31.059425985843873,0.0,6.0,0.0,0.0,0.0,0.0,43.801433972092525,0.0,0.0,0.0,0.0
110,20,37.533358739806985,0.54473712,38.93501943963414,22.498099500142203,0.0,6.0,0.0,0.0,0.0,0.0,37.533358739806985,0.0,0.0,0.0,0.0
110,21,40.12336736531514,0.47104896,41.62175037895796,20.983562166931264,0.0,6.0,0.0,0.0,0.0,0.0,40.123367365315,0.0,0.0,0.0,0.0
110,22,43.80143397209251,0.3771168,45.4371721702224,18.639091368717686,0.0,6.0,0.0,0.0,0.0,0.0,43.801433972092525,0.0,0.0,0.0,0.0
110,23,37.0,0.40522704,38.381742738589814,16.82375568464757,0.0,6.0,0.0,0.0,0.0,0.0,37.0,0.0,0.0,0.0,0.0
111,0,41.902769042962696,0.45080496,43.467602741662496,21.034188566000083,0.0,6.0,0.0,0.0,0.0,0.0,41.902769042962696,0.0,0.0,0.0,0.0
111,1,9.513373675335263,0.47475072,9.868644891426765,5.011798413535405,0.0,2.0,0.0,0.0,0.0,0.0,9.513373675335274,0.0,0.0,0.0,0.0
111,2,14.8,0.51292512,15.352697095435934,8.382958273859057,0.0,2.0,0.0,0.0,0.0,0.0,14.8,0.0,0.0,0.0,0.0
111,3,43.801433972093314,0.5863819199999999,45.437172170221984,28.14750665537968,0.0,6.0,0.0,0.0,0.0,0.0,43.80143397209332,0.0,0.0,0.0,0.0
111,4,32.745281300738746,0.6316128,33.968134129397505,22.57905354792738,0.0,5.0,0.0,0.0,0.0,0.0,32.745281300738746,0.0,0.0,0.0,0.0
111,5,38.139229606877684,1.01208432,39.56351618970776,41.3511667655487,0.0,6.0,0.0,0.0,0.0,0.0,38.13922960687769,0.0,0.0,0.0,0.0
111,6,43.80143397209251,1.30510176,45.43717217022109,60.80410376761287,0.0,6.0,0.0,0.0,0.0,0.0,43.801433972092525,0.0,0.0,0.0,0.0
111,7,43.202867944185186,1.36479264,44.81625305413461,62.648310296752285,0.0,6.0,0.0,0.0,0.0,0.0,43.202867944185186,0.0,0.0,0.0,0.0
111,8,7.4,1.1996016,7.676348547717948,9.462647136929592,0.0,1.0,0.0,0.0,0.0,0.0,7.4,0.0,0.0,0.0,0.0
111,9,0.0,1.01613312,0.0,0.0,0.0,0.0,0.0,0.0,0.0,0.0,0.0,0.0,0.0,0.0,0.0
111,10,0.0,0.80594256,0.0,0.0,0.0,0.0,0.0,0.0,0.0,0.0,0.0,0.0,0.0,0.0,0.0
111,11,0.0,0.4818072,0.0,0.0,0.0,0.0,0.0,0.0,0.0,0.0,0.0,0.0,0.0,0.0,0.0
111,12,0.0,0.38787504,0.0,0.0,0.0,0.0,0.0,0.0,0.0,0.0,0.0,0.0,0.0,0.0,0.0
111,13,0.0,0.39308064,0.0,0.0,0.0,0.0,0.0,0.0,0.0,0.0,0.0,0.0,0.0,0.0,0.0
111,14,0.0,0.43171776,0.0,0.0,0.0,0.0,0.0,0.0,0.0,0.0,0.0,0.0,0.0,0.0,0.0
111,15,14.8,0.6229368,15.352697095435257,10.071934273858641,0.0,2.0,0.0,0.0,0.0,0.0,14.8,0.0,0.0,0.0,0.0
111,16,0.0,0.77517168,0.0,0.0,0.0,0.0,0.0,0.0,0.0,0.0,0.0,0.0,0.0,0.0,0.0
111,17,7.4,0.71131632,7.676348547717986,5.7143991369295675,0.0,2.0,0.0,0.0,0.0,0.0,7.4,0.0,0.0,0.0,0.0
111,18,14.8,0.69130368,15.352697095435934,11.121550273859102,0.0,2.0,0.0,0.0,0.0,0.0,14.8,0.0,0.0,0.0,0.0
111,19,37.0,0.64757664,38.38174273858985,26.125555684647743,0.0,5.0,0.0,0.0,0.0,0.0,37.0,0.0,0.0,0.0,0.0
111,20,40.46876794827075,0.59100912,41.98004973887068,26.200131900082816,0.0,6.0,0.0,0.0,0.0,0.0,40.46876794827075,0.0,0.0,0.0,0.0
111,21,43.80143397208941,0.4870128,45.437172170217295,23.632454841533793,0.0,6.0,0.0,0.0,0.0,0.0,43.80143397208941,0.0,0.0,0.0,0.0
111,22,40.530870845664175,0.4162166399999999,42.04447183160299,18.8912808139505,0.0,6.0,0.0,0.0,0.0,0.0,40.53087084566418,0.0,0.0,0.0,0.0
111,23,37.0,0.3088655999999999,38.38174273859292,13.125235684648567,0.0,5.0,0.0,0.0,0.0,0.0,37.0,0.0,0.0,0.0,0.0
112,0,22.200000000000003,0.3060892799999999,23.029045643151477,7.811205410787686,0.0,3.0,0.0,0.0,0.0,0.0,22.200000000000003,0.0,0.0,0.0,0.0
112,1,11.974349867734537,0.30446976,12.42152475906083,4.1931311317502225,0.0,2.0,0.0,0.0,0.0,0.0,11.974349867734537,0.0,0.0,0.0,0.0
112,2,7.4,0.31742592,7.676348547717948,2.690759136929498,0.0,1.0,0.0,0.0,0.0,0.0,7.4,0.0,0.0,0.0,0.0
112,3,43.80143397209251,0.36161568,45.43717217022092,17.934764310445825,0.0,6.0,0.0,0.0,0.0,0.0,43.801433972092525,0.0,0.0,0.0,0.0
112,4,22.200000000000003,0.4066152,23.02904564315441,10.12622141078877,0.0,3.0,0.0,0.0,0.0,0.0,22.200000000000003,0.0,0.0,0.0,0.0
112,5,38.76254311907722,0.4624886399999999,40.21010696999827,19.927672227515966,0.0,6.0,0.0,0.0,0.0,0.0,38.762543119077236,0.0,0.0,0.0,0.0
112,6,43.80143397209251,0.5078351999999999,45.437172170223874,24.578565815334485,0.0,6.0,0.0,0.0,0.0,0.0,43.801433972092525,0.0,0.0,0.0,0.0
112,7,42.88698864581718,0.5833742399999999,44.48857743342088,27.42606196194928,0.0,6.0,0.0,0.0,0.0,0.0,42.88698864581718,0.0,0.0,0.0,0.0
112,8,43.80143397209276,0.5152387199999999,45.43717217022382,24.914960828240147,0.0,6.0,0.0,0.0,0.0,0.0,43.80143397209277,0.0,0.0,0.0,0.0
112,9,26.267488593307153,0.49256544,27.248432150733436,14.323559075825438,0.0,4.0,0.0,0.0,0.0,0.0,26.267488593307153,0.0,0.0,0.0,0.0
112,10,0.0,0.43403136,0.0,0.0,0.0,0.0,0.0,0.0,0.0,0.0,0.0,0.0,0.0,0.0,0.0
112,11,0.0,0.3030816,0.0,0.0,0.0,0.0,0.0,0.0,0.0,0.0,0.0,0.0,0.0,0.0,0.0
112,12,0.0,0.11591136,0.0,0.0,0.0,0.0,0.0,0.0,0.0,0.0,0.0,0.0,0.0,0.0,0.0
112,13,0.0,0.06501216,0.0,0.0,0.0,0.0,0.0,0.0,0.0,0.0,0.0,0.0,0.0,0.0,0.0
112,14,0.0,0.33813264,0.0,0.0,0.0,0.0,0.0,0.0,0.0,0.0,0.0,0.0,0.0,0.0,0.0
112,15,23.664385928284645,0.44340144,24.548118182868514,11.697213663427029,0.0,4.0,0.0,0.0,0.0,0.0,23.664385928284645,0.0,0.0,0.0,0.0
112,16,0.0,0.50297664,0.0,0.0,0.0,0.0,0.0,0.0,0.0,0.0,0.0,0.0,0.0,0.0,0.0
112,17,0.0,0.51755232,0.0,0.0,0.0,0.0,0.0,0.0,0.0,0.0,0.0,0.0,0.0,0.0,0.0
112,18,7.4,0.50529024,7.6763485477181455,4.132871136929624,0.0,1.0,0.0,0.0,0.0,0.0,7.4,0.0,0.0,0.0,0.0
112,19,37.0,0.58811712,38.381742738589544,23.843395684647515,0.0,5.0,0.0,0.0,0.0,0.0,37.0,0.0,0.0,0.0,0.0
112,20,35.88028009056109,0.5418451200000001,37.2202075628251,21.39957670363339,0.0,6.0,0.0,0.0,0.0,0.0,35.88028009056109,0.0,0.0,0.0,0.0
112,21,42.791447401633484,0.4991592,44.38946825895636,23.626702863937506,0.0,6.0,0.0,0.0,0.0,0.0,42.791447401633484,0.0,0.0,0.0,0.0
112,22,43.801433972090834,0.43634496,45.43717217022004,21.330251471962058,0.0,6.0,0.0,0.0,0.0,0.0,43.801433972090834,0.0,0.0,0.0,0.0
112,23,18.429757486935834,0.4297512,19.118005691842527,8.848791876076143,0.0,3.0,0.0,0.0,0.0,0.0,18.429757486935834,0.0,0.0,0.0,0.0
113,0,0.0,0.42095952,0.0,0.0,0.0,0.0,0.0,0.0,0.0,0.0,0.0,0.0,0.0,0.0,0.0
113,1,35.73687716907325,0.43391568,37.07144934551214,17.312948124679906,0.0,6.0,0.0,0.0,0.0,0.0,35.73687716907325,0.0,0.0,0.0,0.0
113,2,43.33141535173173,0.4401623999999999,44.94960098727419,21.272956042279745,0.0,6.0,0.0,0.0,0.0,0.0,43.331415351731735,0.0,0.0,0.0,0.0
113,3,14.8,0.45601056,15.352697095435971,7.509166273859062,0.0,2.0,0.0,0.0,0.0,0.0,14.8,0.0,0.0,0.0,0.0
113,4,43.80143397209251,0.4598279999999999,45.437172170220904,22.39725440352265,0.0,6.0,0.0,0.0,0.0,0.0,43.801433972092525,0.0,0.0,0.0,0.0
113,5,7.4,0.46896672,7.676348547717948,3.8540391369295137,0.0,2.0,0.0,0.0,0.0,0.0,7.4,0.0,0.0,0.0,0.0
113,6,39.4624583014396,0.46896672,40.936160063734484,20.552683612594166,0.0,6.0,0.0,0.0,0.0,0.0,39.46245830143947,0.0,0.0,0.0,0.0
113,7,43.202867944185456,0.46815696,44.816253054134705,22.464458764506276,0.0,6.0,0.0,0.0,0.0,0.0,43.202867944185456,0.0,0.0,0.0,0.0
113,8,43.80143397209229,0.4806503999999999,45.437172170220826,23.343365377319813,0.0,6.0,0.0,0.0,0.0,0.0,43.80143397209229,0.0,0.0,0.0,0.0
113,9,14.8,0.47671728,15.352697095435628,7.827070273858893,0.0,2.0,0.0,0.0,0.0,0.0,14.8,0.0,0.0,0.0,0.0
113,10,0.0,0.48088176,0.0,0.0,0.0,0.0,0.0,0.0,0.0,0.0,0.0,0.0,0.0,0.0,0.0
113,11,0.0,0.41633232,0.0,0.0,0.0,0.0,0.0,0.0,0.0,0.0,0.0,0.0,0.0,0.0,0.0
113,12,0.0,0.11880336,0.0,0.0,0.0,0.0,0.0,0.0,0.0,0.0,0.0,0.0,0.0,0.0,0.0
113,13,0.0,0.05784,0.0,0.0,0.0,0.0,0.0,0.0,0.0,0.0,0.0,0.0,0.0,0.0,0.0
113,14,0.0,0.4001371199999999,0.0,0.0,0.0,0.0,0.0,0.0,0.0,0.0,0.0,0.0,0.0,0.0,0.0
113,15,14.8,0.4725528,15.352697095435897,7.763134273859029,0.0,2.0,0.0,0.0,0.0,0.0,14.8,0.0,0.0,0.0,0.0
113,16,0.0,0.47463504,0.0,0.0,0.0,0.0,0.0,0.0,0.0,0.0,0.0,0.0,0.0,0.0,0.0
113,17,0.0,0.4727841599999999,0.0,0.0,0.0,0.0,0.0,0.0,0.0,0.0,0.0,0.0,0.0,0.0,0.0
113,18,7.4,0.48504624,7.676348547717986,3.977471136929535,0.0,1.0,0.0,0.0,0.0,0.0,7.4,0.0,0.0,0.0,0.0
113,19,27.9722849684286,0.4794936,29.01689312077469,14.87387370559313,0.0,4.0,0.0,0.0,0.0,0.0,27.9722849684286,0.0,0.0,0.0,0.0
113,20,40.39537246877124,0.4731312,41.90391334934823,21.213068339536573,0.0,6.0,0.0,0.0,0.0,0.0,40.39537246877124,0.0,0.0,0.0,0.0
113,21,43.80143397209251,0.45103632,45.437172170221,21.997785325697205,0.0,6.0,0.0,0.0,0.0,0.0,43.801433972092525,0.0,0.0,0.0,0.0
113,22,37.0,0.4049956799999999,38.381742738589814,16.814875684647564,0.0,5.0,0.0,0.0,0.0,0.0,37.0,0.0,0.0,0.0,0.0
113,23,14.8,0.4487227199999999,15.352697095435934,7.39727827385904,0.0,2.0,0.0,0.0,0.0,0.0,14.8,0.0,0.0,0.0,0.0
114,0,37.0,0.42766896,38.38174273859008,17.685115684647702,0.0,5.0,0.0,0.0,0.0,0.0,37.0,0.0,0.0,0.0,0.0
114,1,40.05555456577016,0.42362016,41.551405151214254,18.9773644088874,0.0,6.0,0.0,0.0,0.0,0.0,40.055554565770194,0.0,0.0,0.0,0.0
114,2,40.32094155360201,0.43137072,41.82670285643384,19.42727879095388,0.0,6.0,0.0,0.0,0.0,0.0,40.320941553602026,0.0,0.0,0.0,0.0
114,3,0.0,0.46780992,0.0,0.0,0.0,0.0,0.0,0.0,0.0,0.0,0.0,0.0,0.0,0.0,0.0
114,4,33.08981487374915,0.57759024,34.32553410139987,20.96226865851207,0.0,6.0,0.0,0.0,0.0,0.0,33.08981487374915,0.0,0.0,0.0,0.0
114,5,41.870406547593326,0.69512112,43.43403168837493,31.629579202223887,0.0,6.0,0.0,0.0,0.0,0.0,41.87040654759334,0.0,0.0,0.0,0.0
114,6,29.6,0.81126384,30.705394190872248,25.926524547718586,0.0,4.0,0.0,0.0,0.0,0.0,29.6,0.0,0.0,0.0,0.0
114,7,18.42977613785589,0.90068448,19.118025039269845,17.85211506992157,0.0,3.0,0.0,0.0,0.0,0.0,18.42977613785589,0.0,0.0,0.0,0.0
114,8,0.0,0.9092448,0.0,0.0,0.0,0.0,0.0,0.0,0.0,0.0,0.0,0.0,0.0,0.0,0.0
114,9,0.0,0.9179208,0.0,0.0,0.0,0.0,0.0,0.0,0.0,0.0,0.0,0.0,0.0,0.0,0.0
114,10,0.0,0.96488688,0.0,0.0,0.0,0.0,0.0,0.0,0.0,0.0,0.0,0.0,0.0,0.0,0.0
114,11,0.0,0.92821632,0.0,0.0,0.0,0.0,0.0,0.0,0.0,0.0,0.0,0.0,0.0,0.0,0.0
114,12,0.0,0.91537584,0.0,0.0,0.0,0.0,0.0,0.0,0.0,0.0,0.0,0.0,0.0,0.0,0.0
114,13,0.0,0.90716256,0.0,0.0,0.0,0.0,0.0,0.0,0.0,0.0,0.0,0.0,0.0,0.0,0.0
114,14,0.0,0.8953632,0.0,0.0,0.0,0.0,0.0,0.0,0.0,0.0,0.0,0.0,0.0,0.0,0.0
114,15,43.801433972092475,0.93330624,45.4371721702165,43.91076671325156,0.0,6.0,0.0,0.0,0.0,0.0,43.801433972092525,0.0,0.0,0.0,0.0
114,16,0.0,1.0122,0.0,0.0,0.0,0.0,0.0,0.0,0.0,0.0,0.0,0.0,0.0,0.0,0.0
114,17,7.4,1.03383216,7.676348547717986,8.190143136929613,0.0,1.0,0.0,0.0,0.0,0.0,7.4,0.0,0.0,0.0,0.0
114,18,43.80143397209252,0.97622352,45.437172170221096,45.860806553693585,0.0,6.0,0.0,0.0,0.0,0.0,43.801433972092525,0.0,0.0,0.0,0.0
114,19,43.80143397209252,0.88217568,45.43717217022344,41.58753865537834,0.0,6.0,0.0,0.0,0.0,0.0,43.801433972092525,0.0,0.0,0.0,0.0
114,20,35.840152722008085,0.80895024,37.17858166183455,31.306233611207393,0.0,6.0,0.0,0.0,0.0,0.0,35.840152722008085,0.0,0.0,0.0,0.0
114,21,35.40829875518659,0.70379712,36.73060036845113,27.066673627382578,0.0,5.0,0.0,0.0,0.0,0.0,35.40829875518659,0.0,0.0,0.0,0.0
114,22,37.0,0.5308555199999999,38.38174273858985,21.645595684647663,0.0,5.0,0.0,0.0,0.0,0.0,37.0,0.0,0.0,0.0,0.0
114,23,38.97180898066116,0.67742208,40.42718773927553,28.72440952106055,0.0,6.0,0.0,0.0,0.0,0.0,38.97180898066117,0.0,0.0,0.0,0.0
115,0,43.80143397209252,0.58152336,45.43717217022292,27.926747428160905,0.0,6.0,0.0,0.0,0.0,0.0,43.801433972092525,0.0,0.0,0.0,0.0
115,1,22.200000000000003,0.51396624,23.0290456431539,12.59841341078859,0.0,3.0,0.0,0.0,0.0,0.0,22.200000000000003,0.0,0.0,0.0,0.0
115,2,43.80143397209251,0.48978912,45.437172170220954,23.75860297137533,0.0,6.0,0.0,0.0,0.0,0.0,43.801433972092525,0.0,0.0,0.0,0.0
115,3,43.801433972092504,0.49672992,45.437172170221466,24.073973295974668,0.0,7.0,0.0,0.0,0.0,0.0,43.80143397209252,0.0,0.0,0.0,0.0
115,4,37.0,0.5108428799999999,38.38174273859032,20.877475684647894,0.0,5.0,0.0,0.0,0.0,0.0,37.0,0.0,0.0,0.0,0.0
115,5,43.80143397209252,0.676728,45.43717217022133,32.25257704724387,0.0,6.0,0.0,0.0,0.0,0.0,43.801433972092525,0.0,0.0,0.0,0.0
115,6,43.8014339720926,0.8297726400000001,45.43717217022119,39.206492704653286,0.0,6.0,0.0,0.0,0.0,0.0,43.8014339720926,0.0,0.0,0.0,0.0
115,7,37.0,0.84226608,38.381742738589985,33.59807568464798,0.0,5.0,0.0,0.0,0.0,0.0,37.0,0.0,0.0,0.0,0.0
115,8,14.8,0.66330912,15.35269709543596,10.691758273859115,0.0,2.0,0.0,0.0,0.0,0.0,14.8,0.0,0.0,0.0,0.0
115,9,0.0,0.51627984,0.0,0.0,0.0,0.0,0.0,0.0,0.0,0.0,0.0,0.0,0.0,0.0,0.0
115,10,0.0,0.41077968,0.0,0.0,0.0,0.0,0.0,0.0,0.0,0.0,0.0,0.0,0.0,0.0,0.0
115,11,0.0,0.4037232,0.0,0.0,0.0,0.0,0.0,0.0,0.0,0.0,0.0,0.0,0.0,0.0,0.0
115,12,0.0,0.2880432,0.0,0.0,0.0,0.0,0.0,0.0,0.0,0.0,0.0,0.0,0.0,0.0,0.0
115,13,0.0,0.1605638399999999,0.0,0.0,0.0,0.0,0.0,0.0,0.0,0.0,0.0,0.0,0.0,0.0,0.0
115,14,0.0,0.1647283199999999,0.0,0.0,0.0,0.0,0.0,0.0,0.0,0.0,0.0,0.0,0.0,0.0,0.0
115,15,14.8,0.23992032,15.352697095435694,4.191598273858924,0.0,2.0,0.0,0.0,0.0,0.0,14.8,0.0,0.0,0.0,0.0
115,16,0.0,0.37642272,0.0,0.0,0.0,0.0,0.0,0.0,0.0,0.0,0.0,0.0,0.0,0.0,0.0
115,17,0.0,0.41378736,0.0,0.0,0.0,0.0,0.0,0.0,0.0,0.0,0.0,0.0,0.0,0.0,0.0
115,18,15.529050268231446,0.41286192,16.108973307294278,6.846718273859032,6.730858285539271,2.0,0.0,0.0,0.0,1.0,14.8,0.0,0.0,0.0,0.7290502682314446
115,19,41.8303554814206,0.40626816,43.392484939233235,19.06527626557862,0.0,7.0,0.0,0.0,0.0,0.0,41.83035548142052,0.0,0.0,0.0,0.0
115,20,43.80143397209251,0.38822208,45.43717217022248,19.14368388807625,0.0,6.0,0.0,0.0,0.0,0.0,43.801433972092525,0.0,0.0,0.0,0.0
115,21,43.80143397209252,0.23529312,45.43717217022111,12.195024402742813,0.0,6.0,0.0,0.0,0.0,0.0,43.801433972092525,0.0,0.0,0.0,0.0
115,22,37.378392230353704,0.1175308799999999,38.77426579912278,5.8406017786757625,0.0,6.0,0.0,0.0,0.0,0.0,37.378392230353704,0.0,0.0,0.0,0.0
115,23,43.80143397209252,0.4638768,45.43717217022125,22.581220426205615,0.0,6.0,0.0,0.0,0.0,0.0,43.801433972092525,0.0,0.0,0.0,0.0
116,0,29.6,0.4567046399999999,30.705394190873182,15.039644547718726,0.0,4.0,0.0,0.0,0.0,0.0,29.6,0.0,0.0,0.0,0.0
116,1,38.04926035360946,0.45485376,39.47018708880676,19.259626197886714,0.0,7.0,0.0,0.0,0.0,0.0,38.049260353609476,0.0,0.0,0.0,0.0
116,2,42.28185361655561,0.4447896,43.86084400057685,20.96064119509807,0.0,6.0,0.0,0.0,0.0,0.0,42.28185361655562,0.0,0.0,0.0,0.0
116,3,18.965308050042893,0.44849136,19.673556068509406,9.474614623069698,0.0,4.0,0.0,0.0,0.0,0.0,18.965308050042893,0.0,0.0,0.0,0.0
116,4,35.63076588001834,0.51199968,36.961375394210165,20.147633899743834,0.0,6.0,0.0,0.0,0.0,0.0,35.63076588001834,0.0,0.0,0.0,0.0
116,5,43.80143397209264,0.70287168,45.43717217022119,33.44047193656694,0.0,6.0,0.0,0.0,0.0,0.0,43.80143397209264,0.0,0.0,0.0,0.0
116,6,43.80143397209251,0.90369216,45.437172170219604,42.565186661631905,0.0,6.0,0.0,0.0,0.0,0.0,43.801433972092525,0.0,0.0,0.0,0.0
116,7,29.6,0.95123664,30.70539419087182,30.224444547718285,0.0,4.0,0.0,0.0,0.0,0.0,29.6,0.0,0.0,0.0,0.0
116,8,1.3175368825225409,0.8861087999999998,1.3667395046914326,0.0,12.16398159175375,0.0,0.0,0.0,0.0,1.0,0.0,0.0,0.0,0.0,1.3175368825225409
116,9,0.0,0.8781268799999999,0.0,0.0,0.0,0.0,0.0,0.0,0.0,0.0,0.0,0.0,0.0,0.0,0.0
116,10,0.0,0.68089248,0.0,0.0,0.0,0.0,0.0,0.0,0.0,0.0,0.0,0.0,0.0,0.0,0.0
116,11,0.0,0.61298832,0.0,0.0,0.0,0.0,0.0,0.0,0.0,0.0,0.0,0.0,0.0,0.0,0.0
116,12,0.0,0.51547008,0.0,0.0,0.0,0.0,0.0,0.0,0.0,0.0,0.0,0.0,0.0,0.0,0.0
116,13,0.0,0.47590752,0.0,0.0,0.0,0.0,0.0,0.0,0.0,0.0,0.0,0.0,0.0,0.0,0.0
116,14,2.4005854641677695,0.43044528,2.490233883991462,0.0,22.163081567524014,0.0,0.0,0.0,0.0,1.0,0.0,0.0,0.0,0.0,2.4005854641677695
116,15,43.80143397209294,0.49071456,45.43717217022127,23.8006523479887,0.0,6.0,0.0,0.0,0.0,0.0,43.80143397209294,0.0,0.0,0.0,0.0
116,16,0.0,0.7850044799999999,0.0,0.0,0.0,0.0,0.0,0.0,0.0,0.0,0.0,0.0,0.0,0.0,0.0
116,17,0.0,0.82040256,0.0,0.0,0.0,0.0,0.0,0.0,0.0,0.0,0.0,0.0,0.0,0.0,0.0
116,18,29.6,0.86308848,30.705394190871885,27.517820547718305,0.0,4.0,0.0,0.0,0.0,0.0,29.6,0.0,0.0,0.0,0.0
116,19,37.80694276492184,0.8835638399999999,39.2188202955624,35.95047441240016,0.0,6.0,0.0,0.0,0.0,0.0,37.80694276492184,0.0,0.0,0.0,0.0
116,20,43.80143397209251,0.88275408,45.43717217022177,41.61381951576006,0.0,6.0,0.0,0.0,0.0,0.0,43.801433972092525,0.0,0.0,0.0,0.0
116,21,43.80143397209251,0.7785264,45.437172170220656,36.87800847469638,0.0,6.0,0.0,0.0,0.0,0.0,43.80143397209252,0.0,0.0,0.0,0.0
116,22,40.0341274334926,0.5211383999999999,41.529177835573606,23.017065076903776,0.0,6.0,0.0,0.0,0.0,0.0,40.0341274334926,0.0,0.0,0.0,0.0
116,23,43.801433972092276,1.1082143999999998,45.437172170220805,51.85809889315225,0.0,7.0,0.0,0.0,0.0,0.0,43.80143397209229,0.0,0.0,0.0,0.0
117,0,41.078435721450816,1.05106848,42.61248518822752,46.19911329554314,0.0,7.0,0.0,0.0,0.0,0.0,41.07843572145082,0.0,0.0,0.0,0.0
117,1,37.0,1.00664736,38.38174273858942,39.90731568464753,0.0,5.0,0.0,0.0,0.0,0.0,37.0,0.0,0.0,0.0,0.0
117,2,40.9595618203714,0.99612048,42.48917201283391,43.73072601385149,0.0,6.0,0.0,0.0,0.0,0.0,40.95956182037141,0.0,0.0,0.0,0.0
117,3,43.80143397209252,0.99334416,45.43717217022098,46.638720021037855,0.0,6.0,0.0,0.0,0.0,0.0,43.801433972092525,0.0,0.0,0.0,0.0
117,4,43.80143397209241,1.15587456,45.437172170220954,54.0236417887327,0.0,7.0,0.0,0.0,0.0,0.0,43.801433972092426,0.0,0.0,0.0,0.0
117,5,41.22840101377463,1.35183648,42.768050844165074,59.231033792579005,0.0,6.0,0.0,0.0,0.0,0.0,41.22840101377464,0.0,0.0,0.0,0.0
117,6,43.80143397209252,1.651332,45.43717217022132,76.53582679303022,0.0,6.0,0.0,0.0,0.0,0.0,43.801433972092525,0.0,0.0,0.0,0.0
117,7,14.8,1.5310248,15.352697095435897,24.01353427385925,0.0,2.0,0.0,0.0,0.0,0.0,14.8,0.0,0.0,0.0,0.0
117,8,0.0,1.21880448,0.0,0.0,0.0,0.0,0.0,0.0,0.0,0.0,0.0,0.0,0.0,0.0,0.0
117,9,0.0,1.11434544,0.0,0.0,0.0,0.0,0.0,0.0,0.0,0.0,0.0,0.0,0.0,0.0,0.0
117,10,0.23397189553665354,1.08380592,0.24270943520399746,0.0,2.1601139733155774,0.0,0.0,0.0,0.0,1.0,0.0,0.0,0.0,0.0,0.23397189553665354
117,11,0.0,1.0474824,0.0,0.0,0.0,0.0,0.0,0.0,0.0,0.0,0.0,0.0,0.0,0.0,0.0
117,12,0.0,1.04007888,0.0,0.0,0.0,0.0,0.0,0.0,0.0,0.0,0.0,0.0,0.0,0.0,0.0
117,13,0.0,1.0448217599999998,0.0,0.0,0.0,0.0,0.0,0.0,0.0,0.0,0.0,0.0,0.0,0.0,0.0
117,14,6.7461099891045,1.0283951999999998,6.998039407784752,0.0,62.282550729284296,0.0,0.0,0.0,0.0,2.0,0.0,0.0,0.0,0.0,6.7461099891045
117,15,22.727317928849494,1.02677568,23.57605594279016,24.40792541078863,4.868391666763971,3.0,0.0,0.0,0.0,1.0,22.200000000000003,0.0,0.0,0.0,0.5273179288494908
117,16,0.0,1.1315817599999998,0.0,0.0,0.0,0.0,0.0,0.0,0.0,0.0,0.0,0.0,0.0,0.0,0.0
117,17,7.4,1.26403536,7.676348547717948,9.957263136929598,0.0,1.0,0.0,0.0,0.0,0.0,7.4,0.0,0.0,0.0,0.0
117,18,0.0,1.40308272,0.0,0.0,0.0,0.0,0.0,0.0,0.0,0.0,0.0,0.0,0.0,0.0,0.0
117,19,43.80143397209252,1.79327136,45.43717217022111,82.98514993108088,0.0,6.0,0.0,0.0,0.0,0.0,43.801433972092525,0.0,0.0,0.0,0.0
117,20,36.40143397209252,1.37589792,37.760823622502954,53.20492194159353,0.0,6.0,0.0,0.0,0.0,0.0,36.401433972092526,0.0,0.0,0.0,0.0
117,21,39.08739526142448,1.2567475199999998,40.54709052015001,52.299564150630985,0.0,7.0,0.0,0.0,0.0,0.0,39.08739526142451,0.0,0.0,0.0,0.0
117,22,35.368518033087746,1.1406047999999998,36.68933405922172,43.06244749411201,0.0,5.0,0.0,0.0,0.0,0.0,35.36851803308776,0.0,0.0,0.0,0.0
117,23,43.80143397209251,0.9265968,45.43717217022102,43.60590873281016,0.0,6.0,0.0,0.0,0.0,0.0,43.801433972092525,0.0,0.0,0.0,0.0
118,0,37.0,0.87882096,38.38174273858986,35.001115684647885,0.0,5.0,0.0,0.0,0.0,0.0,37.0,0.0,0.0,0.0,0.0
118,1,43.80143397209251,0.86956656,45.43717217022107,41.01461589902118,0.0,6.0,0.0,0.0,0.0,0.0,43.801433972092525,0.0,0.0,0.0,0.0
118,2,43.561891150086375,0.92520864,45.188683765651064,43.304706082851155,0.0,7.0,0.0,0.0,0.0,0.0,43.56189115008639,0.0,0.0,0.0,0.0
118,3,43.801433972092745,1.01069616,45.43717217022061,47.42714583253514,0.0,6.0,0.0,0.0,0.0,0.0,43.80143397209276,0.0,0.0,0.0,0.0
118,4,37.0,1.10081088,38.38174273858951,43.52147568464764,0.0,5.0,0.0,0.0,0.0,0.0,37.0,0.0,0.0,0.0,0.0
118,5,43.406864783094186,1.24899696,45.027868032255995,57.730092719436584,0.0,6.0,0.0,0.0,0.0,0.0,43.4068647830942,0.0,0.0,0.0,0.0
118,6,43.80143397209193,1.3879286400000002,45.43717217022014,64.56752297449377,0.0,7.0,0.0,0.0,0.0,0.0,43.801433972091964,0.0,0.0,0.0,0.0
118,7,0.0,1.4669380799999998,0.0,0.0,0.0,0.0,0.0,0.0,0.0,0.0,0.0,0.0,0.0,0.0,0.0
118,8,0.0,1.35565392,0.0,0.0,0.0,0.0,0.0,0.0,0.0,0.0,0.0,0.0,0.0,0.0,0.0
118,9,0.0,1.26866256,0.0,0.0,0.0,0.0,0.0,0.0,0.0,0.0,0.0,0.0,0.0,0.0,0.0
118,10,0.0,1.22817456,0.0,0.0,0.0,0.0,0.0,0.0,0.0,0.0,0.0,0.0,0.0,0.0,0.0
118,11,0.0,1.1805144,0.0,0.0,0.0,0.0,0.0,0.0,0.0,0.0,0.0,0.0,0.0,0.0,0.0
118,12,0.0,1.07686512,0.0,0.0,0.0,0.0,0.0,0.0,0.0,0.0,0.0,0.0,0.0,0.0,0.0
118,13,0.0,1.04331792,0.0,0.0,0.0,0.0,0.0,0.0,0.0,0.0,0.0,0.0,0.0,0.0,0.0
118,14,0.0,1.0295519999999998,0.0,0.0,0.0,0.0,0.0,0.0,0.0,0.0,0.0,0.0,0.0,0.0,0.0
118,15,36.401433972092526,1.0481764800000002,37.760823622500595,40.82989044843829,0.0,6.0,0.0,0.0,0.0,0.0,36.401433972092526,0.0,0.0,0.0,0.0
118,16,0.0,1.14719856,0.0,0.0,0.0,0.0,0.0,0.0,0.0,0.0,0.0,0.0,0.0,0.0,0.0
118,17,5.398424667916597,1.25882976,5.600025589125101,0.0,49.840227743213404,0.0,0.0,0.0,0.0,1.0,0.0,0.0,0.0,0.0,5.398424667916597
118,18,7.4,1.3442016,7.676348547717948,10.572647136929607,0.0,1.0,0.0,0.0,0.0,0.0,7.4,0.0,0.0,0.0,0.0
118,19,37.0,1.40574336,38.38174273858982,55.225315684648166,0.0,5.0,0.0,0.0,0.0,0.0,37.0,0.0,0.0,0.0,0.0
118,20,43.80143397209251,1.39371264,45.43717217021886,64.8303315783245,0.0,6.0,0.0,0.0,0.0,0.0,43.801433972092525,0.0,0.0,0.0,0.0
118,21,43.80143397209251,1.30579584,45.43717217022077,60.835640800072355,0.0,6.0,0.0,0.0,0.0,0.0,43.801433972092525,0.0,0.0,0.0,0.0
118,22,39.13509553566776,1.07790624,40.59657213243483,45.10304496174519,0.0,6.0,0.0,0.0,0.0,0.0,39.13509553566777,0.0,0.0,0.0,0.0
118,23,43.80143397209251,1.0550016,45.43717217022102,49.44025973789295,0.0,6.0,0.0,0.0,0.0,0.0,43.801433972092525,0.0,0.0,0.0,0.0
119,0,43.74814365273263,1.05488592,45.38189175594717,49.37485925343459,0.0,6.0,0.0,0.0,0.0,0.0,43.748143652732644,0.0,0.0,0.0,0.0
119,1,22.200000000000003,1.00144176,23.029045643153815,23.824509410788675,0.0,3.0,0.0,0.0,0.0,0.0,22.200000000000003,0.0,0.0,0.0,0.0
119,2,43.80143397209252,0.99935952,45.437172170220464,46.91204096902318,0.0,6.0,0.0,0.0,0.0,0.0,43.801433972092525,0.0,0.0,0.0,0.0
119,3,31.195173243806998,0.99033648,32.360138219717236,33.11854595190088,0.0,5.0,0.0,0.0,0.0,0.0,31.195173243807012,0.0,0.0,0.0,0.0
119,4,29.6,0.977496,30.705394190871907,31.03074854771838,0.0,4.0,0.0,0.0,0.0,0.0,29.6,0.0,0.0,0.0,0.0
119,5,22.200000000000003,0.98547792,23.02904564315369,23.456877410788547,0.0,3.0,0.0,0.0,0.0,0.0,22.200000000000003,0.0,0.0,0.0,0.0
119,6,29.6,1.02076032,30.705394190873534,32.35919654772012,0.0,4.0,0.0,0.0,0.0,0.0,29.6,0.0,0.0,0.0,0.0
119,7,42.848185576602944,1.03279104,44.44832528693303,47.377071666347334,0.0,6.0,0.0,0.0,0.0,0.0,42.84818557660296,0.0,0.0,0.0,0.0
119,8,38.66619758266717,1.03753392,40.11016346749757,42.94330154504771,0.0,7.0,0.0,0.0,0.0,0.0,38.6661975826672,0.0,0.0,0.0,0.0
119,9,42.456566907489766,0.98756016,44.042081854242994,44.95199831208475,0.0,6.0,0.0,0.0,0.0,0.0,42.45656690748977,0.0,0.0,0.0,0.0
119,10,7.4,0.88506768,7.676348547717986,7.048175136929593,0.0,1.0,0.0,0.0,0.0,0.0,7.4,0.0,0.0,0.0,0.0
119,11,0.0,0.74463216,0.0,0.0,0.0,0.0,0.0,0.0,0.0,0.0,0.0,0.0,0.0,0.0,0.0
119,12,0.0,0.5524876799999999,0.0,0.0,0.0,0.0,0.0,0.0,0.0,0.0,0.0,0.0,0.0,0.0,0.0
119,13,0.0,0.49083024,0.0,0.0,0.0,0.0,0.0,0.0,0.0,0.0,0.0,0.0,0.0,0.0,0.0
119,14,0.0,0.46885104,0.0,0.0,0.0,0.0,0.0,0.0,0.0,0.0,0.0,0.0,0.0,0.0,0.0
119,15,14.8,0.49129296,15.352697095435403,8.050846273858774,0.0,2.0,0.0,0.0,0.0,0.0,14.8,0.0,0.0,0.0,0.0
119,16,0.0,0.49464768,0.0,0.0,0.0,0.0,0.0,0.0,0.0,0.0,0.0,0.0,0.0,0.0,0.0
119,17,0.0,0.54924864,0.0,0.0,0.0,0.0,0.0,0.0,0.0,0.0,0.0,0.0,0.0,0.0,0.0
119,18,0.0,0.5244931199999999,0.0,0.0,0.0,0.0,0.0,0.0,0.0,0.0,0.0,0.0,0.0,0.0,0.0
119,19,43.80143397209252,0.50818224,45.43717217022106,24.594334331562916,0.0,6.0,0.0,0.0,0.0,0.0,43.801433972092525,0.0,0.0,0.0,0.0
119,20,42.03242195823496,0.4784524799999999,43.60209746705291,22.304761092472628,0.0,6.0,0.0,0.0,0.0,0.0,42.03242195823496,0.0,0.0,0.0,0.0
119,21,43.80143397209215,0.33362112,45.43717217022068,16.662770667896158,0.0,6.0,0.0,0.0,0.0,0.0,43.80143397209215,0.0,0.0,0.0,0.0
119,22,17.182548105380825,0.29475264,17.824220026328344,5.843717591572618,0.0,3.0,0.0,0.0,0.0,0.0,17.182548105380686,0.0,0.0,0.0,0.0
119,23,41.92904833300403,0.326796,43.49486341597887,15.653627363957131,0.0,6.0,0.0,0.0,0.0,0.0,41.929048333004054,0.0,0.0,0.0,0.0
120,0,7.4,0.32251584,7.67634854771872,2.7298311369297728,0.0,1.0,0.0,0.0,0.0,0.0,7.4,0.0,0.0,0.0,0.0
120,1,37.0,0.3088655999999999,38.381742738589566,13.125235684647425,0.0,5.0,0.0,0.0,0.0,0.0,37.0,0.0,0.0,0.0,0.0
120,2,22.200000000000003,0.3048168,23.02904564315392,7.781901410788514,0.0,3.0,0.0,0.0,0.0,0.0,22.200000000000003,0.0,0.0,0.0,0.0
120,3,22.200000000000003,0.30666768,23.029045643153957,7.824525410788528,0.0,3.0,0.0,0.0,0.0,0.0,22.200000000000003,0.0,0.0,0.0,0.0
120,4,14.8,0.30180912,15.352697095435897,5.141758273858993,0.0,2.0,0.0,0.0,0.0,0.0,14.8,0.0,0.0,0.0,0.0
120,5,43.80143397209269,0.3106008,45.43717217022118,15.61679242464276,0.0,6.0,0.0,0.0,0.0,0.0,43.801433972092696,0.0,0.0,0.0,0.0
120,6,43.80143397209251,0.32367264,45.437172170222524,16.21073986930482,0.0,6.0,0.0,0.0,0.0,0.0,43.80143397209252,0.0,0.0,0.0,0.0
120,7,14.8,0.36173136,15.352697095435934,6.061726273859019,0.0,2.0,0.0,0.0,0.0,0.0,14.8,0.0,0.0,0.0,0.0
120,8,43.80143397209251,0.35062608,45.43717217022086,17.435427963163946,0.0,6.0,0.0,0.0,0.0,0.0,43.801433972092525,0.0,0.0,0.0,0.0
120,9,36.40143397209098,0.3100224,37.76082362250151,12.956584427329412,0.0,6.0,0.0,0.0,0.0,0.0,36.40143397209098,0.0,0.0,0.0,0.0
120,10,37.0,0.06963936,38.38174273858982,3.9433156846473647,0.0,5.0,0.0,0.0,0.0,0.0,37.0,0.0,0.0,0.0,0.0
120,11,0.0,0.01110528,0.0,0.0,0.0,0.0,0.0,0.0,0.0,0.0,0.0,0.0,0.0,0.0,0.0
120,12,0.0,-0.00092544,0.0,0.0,0.0,0.0,0.0,0.0,0.0,0.0,0.0,0.0,0.0,0.0,0.0
120,13,0.0,-0.0106425599999999,0.0,0.0,0.0,0.0,0.0,0.0,0.0,0.0,0.0,0.0,0.0,0.0,0.0
120,14,0.0,0.0141129599999999,0.0,0.0,0.0,0.0,0.0,0.0,0.0,0.0,0.0,0.0,0.0,0.0,0.0
120,15,14.8,0.1619519999999999,15.352697095435754,2.994574273858933,0.0,2.0,0.0,0.0,0.0,0.0,14.8,0.0,0.0,0.0,0.0
120,16,0.0,0.37121712,0.0,0.0,0.0,0.0,0.0,0.0,0.0,0.0,0.0,0.0,0.0,0.0,0.0
120,17,0.0,0.4499952,0.0,0.0,0.0,0.0,0.0,0.0,0.0,0.0,0.0,0.0,0.0,0.0,0.0
120,18,7.4,0.46607472,7.676348547717583,3.8318391369293314,0.0,1.0,0.0,0.0,0.0,0.0,7.4,0.0,0.0,0.0,0.0
120,19,40.4211696559133,0.4471032,41.9306739169256,20.13524379306421,0.0,6.0,0.0,0.0,0.0,0.0,40.4211696559133,0.0,0.0,0.0,0.0
120,20,14.8,0.44687184,15.352697095435635,7.368862273858898,0.0,2.0,0.0,0.0,0.0,0.0,14.8,0.0,0.0,0.0,0.0
120,21,14.8,0.3938904,15.352697095435897,6.555454273859011,0.0,2.0,0.0,0.0,0.0,0.0,14.8,0.0,0.0,0.0,0.0
120,22,40.80132200490889,0.36450768,42.32502282667077,16.828754132059608,0.0,6.0,0.0,0.0,0.0,0.0,40.80132200490889,0.0,0.0,0.0,0.0
120,23,38.625038154622644,0.36427632,40.06746696537669,15.921862574422953,0.0,6.0,0.0,0.0,0.0,0.0,38.625038154622644,0.0,0.0,0.0,0.0
121,0,29.6,0.39354336,30.705394190871893,13.100252547718066,0.0,4.0,0.0,0.0,0.0,0.0,29.6,0.0,0.0,0.0,0.0
121,1,36.80336480733788,0.4244299199999999,38.17776432296511,17.46746945646508,0.0,6.0,0.0,0.0,0.0,0.0,36.80336480733789,0.0,0.0,0.0,0.0
121,2,37.0,0.46144752,38.38174273858851,18.981595684646955,0.0,5.0,0.0,0.0,0.0,0.0,37.0,0.0,0.0,0.0,0.0
121,3,37.0,0.4922184,38.38174273858978,20.162635684647597,0.0,5.0,0.0,0.0,0.0,0.0,37.0,0.0,0.0,0.0,0.0
121,4,43.80143397209251,0.51859344,45.43717217022143,25.06738981846173,0.0,6.0,0.0,0.0,0.0,0.0,43.80143397209252,0.0,0.0,0.0,0.0
121,5,30.286066153081286,0.5539915200000001,31.417081071662977,18.44470188032585,0.0,7.0,0.0,0.0,0.0,0.0,30.286066153081293,0.0,0.0,0.0,0.0
121,6,31.445711197136465,0.64908048,32.62003236217467,22.252749334443852,0.0,6.0,0.0,0.0,0.0,0.0,31.445711197136486,0.0,0.0,0.0,0.0
121,7,35.408298755186706,0.7582823999999999,36.73060036845144,29.067950673025983,0.0,5.0,0.0,0.0,0.0,0.0,35.40829875518672,0.0,0.0,0.0,0.0
121,8,8.001118220547582,0.57944112,8.299915166543277,4.702079136929549,5.549742907545094,1.0,0.0,0.0,0.0,1.0,7.4,0.0,0.0,0.0,0.601118220547581
121,9,0.0,0.57180624,0.0,0.0,0.0,0.0,0.0,0.0,0.0,0.0,0.0,0.0,0.0,0.0,0.0
121,10,4.571183671449201,0.511884,4.741891775362242,0.0,42.20283680072395,0.0,0.0,0.0,0.0,1.0,0.0,0.0,0.0,0.0,4.571183671449201
121,11,0.0,0.4846992,0.0,0.0,0.0,0.0,0.0,0.0,0.0,0.0,0.0,0.0,0.0,0.0,0.0
121,12,0.0,0.39608832,0.0,0.0,0.0,0.0,0.0,0.0,0.0,0.0,0.0,0.0,0.0,0.0,0.0
121,13,0.0,0.34599888,0.0,0.0,0.0,0.0,0.0,0.0,0.0,0.0,0.0,0.0,0.0,0.0,0.0
121,14,0.0,0.4650336,0.0,0.0,0.0,0.0,0.0,0.0,0.0,0.0,0.0,0.0,0.0,0.0,0.0
121,15,37.0,0.6010732799999999,38.381742738589494,24.340675684647476,0.0,5.0,0.0,0.0,0.0,0.0,37.0,0.0,0.0,0.0,0.0
121,16,0.0,0.7601332799999999,0.0,0.0,0.0,0.0,0.0,0.0,0.0,0.0,0.0,0.0,0.0,0.0,0.0
121,17,7.4,0.8680627200000001,7.676348547718137,6.9176391369297265,0.0,1.0,0.0,0.0,0.0,0.0,7.4,0.0,0.0,0.0,0.0
121,18,25.021474892065662,0.88414224,25.955886817495966,23.807835765666468,0.0,4.0,0.0,0.0,0.0,0.0,25.021474892065676,0.0,0.0,0.0,0.0
121,19,43.80143397209251,0.8680627200000001,45.43717217022122,40.94628566202486,0.0,6.0,0.0,0.0,0.0,0.0,43.801433972092525,0.0,0.0,0.0,0.0
121,20,14.8,0.83717616,15.35269709543562,13.361086273858865,0.0,2.0,0.0,0.0,0.0,0.0,14.8,0.0,0.0,0.0,0.0
121,21,37.0,0.74521056,38.3817427385917,29.872915684649232,0.0,5.0,0.0,0.0,0.0,0.0,37.0,0.0,0.0,0.0,0.0
121,22,43.801433972095246,0.6622680000000001,45.43717217022389,31.59555553766425,0.0,6.0,0.0,0.0,0.0,0.0,43.801433972095246,0.0,0.0,0.0,0.0
121,23,43.80143397209252,0.80536416,45.437172170221096,38.097440396479804,0.0,6.0,0.0,0.0,0.0,0.0,43.801433972092525,0.0,0.0,0.0,0.0
122,0,42.808298755186215,0.75400224,44.40694891616873,34.95280896348198,0.0,6.0,0.0,0.0,0.0,0.0,42.808298755186215,0.0,0.0,0.0,0.0
122,1,37.0,0.7112006399999999,38.38174273859065,28.567555684648376,0.0,5.0,0.0,0.0,0.0,0.0,37.0,0.0,0.0,0.0,0.0
122,2,29.6,0.67244784,30.705394190872262,21.664124547718473,0.0,4.0,0.0,0.0,0.0,0.0,29.6,0.0,0.0,0.0,0.0
122,3,37.0,0.6749928,38.3817427385896,27.177835684647576,0.0,6.0,0.0,0.0,0.0,0.0,37.0,0.0,0.0,0.0,0.0
122,4,43.801433972092646,0.75920784,45.43717217022123,36.0002277378961,0.0,6.0,0.0,0.0,0.0,0.0,43.80143397209266,0.0,0.0,0.0,0.0
122,5,40.06993115634335,1.15934496,41.566318626912626,49.56554715241608,0.0,7.0,0.0,0.0,0.0,0.0,40.06993115634337,0.0,0.0,0.0,0.0
122,6,43.80143397208964,1.42679712,45.43717217021837,66.33359679224594,0.0,7.0,0.0,0.0,0.0,0.0,43.801433972089654,0.0,0.0,0.0,0.0
122,7,7.4,1.51506096,7.676348547717986,11.884223136929682,0.0,1.0,0.0,0.0,0.0,0.0,7.4,0.0,0.0,0.0,0.0
122,8,0.0,1.38145056,0.0,0.0,0.0,0.0,0.0,0.0,0.0,0.0,0.0,0.0,0.0,0.0,0.0
122,9,0.0,1.295616,0.0,0.0,0.0,0.0,0.0,0.0,0.0,0.0,0.0,0.0,0.0,0.0,0.0
122,10,0.0,1.22412576,0.0,0.0,0.0,0.0,0.0,0.0,0.0,0.0,0.0,0.0,0.0,0.0,0.0
122,11,0.0,1.11203184,0.0,0.0,0.0,0.0,0.0,0.0,0.0,0.0,0.0,0.0,0.0,0.0,0.0
122,12,6.8142093429269375,1.06414032,7.068681891003048,0.0,62.91126882992713,0.0,0.0,0.0,0.0,1.0,0.0,0.0,0.0,0.0,6.8142093429269375
122,13,0.0,0.99693024,0.0,0.0,0.0,0.0,0.0,0.0,0.0,0.0,0.0,0.0,0.0,0.0,0.0
122,14,0.0,0.92960448,0.0,0.0,0.0,0.0,0.0,0.0,0.0,0.0,0.0,0.0,0.0,0.0,0.0
122,15,29.6,0.98131344,30.70539419087205,31.147964547718534,0.0,4.0,0.0,0.0,0.0,0.0,29.6,0.0,0.0,0.0,0.0
122,16,0.0,1.06622256,0.0,0.0,0.0,0.0,0.0,0.0,0.0,0.0,0.0,0.0,0.0,0.0,0.0
122,17,7.4,1.2344212799999998,7.676348547717948,9.729935136929592,0.0,1.0,0.0,0.0,0.0,0.0,7.4,0.0,0.0,0.0,0.0
122,18,37.0,1.1961312,38.38174273858983,47.18003568464806,0.0,5.0,0.0,0.0,0.0,0.0,37.0,0.0,0.0,0.0,0.0
122,19,36.776590574585626,1.05708384,38.14999022259975,41.59050283683624,0.0,6.0,0.0,0.0,0.0,0.0,36.77659057458563,0.0,0.0,0.0,0.0
122,20,28.177251921950557,0.8297726400000001,29.229514441857674,25.221348292363857,0.0,4.0,0.0,0.0,0.0,0.0,28.177251921950557,0.0,0.0,0.0,0.0
122,21,41.98811031523456,0.63635568,43.55613103240146,29.158899318465416,0.0,7.0,0.0,0.0,0.0,0.0,41.98811031523458,0.0,0.0,0.0,0.0
122,22,37.91506385725072,0.56671632,39.33097910503237,23.591363148777408,0.0,6.0,0.0,0.0,0.0,0.0,37.91506385725072,0.0,0.0,0.0,0.0
122,23,43.80143397209251,0.12273648,45.43717217022106,7.08076897216121,0.0,6.0,0.0,0.0,0.0,0.0,43.801433972092525,0.0,0.0,0.0,0.0
123,0,39.20532939175484,0.0865286399999999,40.669428829621765,4.865228460464439,0.0,6.0,0.0,0.0,0.0,0.0,39.20532939175484,0.0,0.0,0.0,0.0
123,1,43.80143397209251,0.11556432,45.4371721702209,6.7548863034088145,0.0,6.0,0.0,0.0,0.0,0.0,43.801433972092525,0.0,0.0,0.0,0.0
123,2,43.80143397209251,0.2007048,45.437172170221096,10.623428951824108,0.0,6.0,0.0,0.0,0.0,0.0,43.801433972092525,0.0,0.0,0.0,0.0
123,3,37.0,0.3462302399999999,38.381742738589864,14.559355684647548,0.0,5.0,0.0,0.0,0.0,0.0,37.0,0.0,0.0,0.0,0.0
123,4,43.80143397209251,0.57562368,45.43717217022132,27.658682652250704,0.0,6.0,0.0,0.0,0.0,0.0,43.801433972092525,0.0,0.0,0.0,0.0
123,5,40.19664404995543,0.61761552,41.69776353729875,27.133381883010394,0.0,7.0,0.0,0.0,0.0,0.0,40.19664404995545,0.0,0.0,0.0,0.0
123,6,37.060318726449225,0.78188112,38.444314031586615,31.331390107094172,0.0,6.0,0.0,0.0,0.0,0.0,37.06031872644915,0.0,0.0,0.0,0.0
123,7,42.40502710065861,0.92544,43.98861732433577,36.79043568464837,49.901183813134494,5.0,0.0,0.0,0.0,1.0,37.0,0.0,0.0,0.0,5.405027100658613
123,8,0.0,0.8176262400000001,0.0,0.0,0.0,0.0,0.0,0.0,0.0,0.0,0.0,0.0,0.0,0.0,0.0
123,9,0.0,0.7426656,0.0,0.0,0.0,0.0,0.0,0.0,0.0,0.0,0.0,0.0,0.0,0.0,0.0
123,10,0.0,0.6935016,0.0,0.0,0.0,0.0,0.0,0.0,0.0,0.0,0.0,0.0,0.0,0.0,0.0
123,11,0.0,0.6408671999999999,0.0,0.0,0.0,0.0,0.0,0.0,0.0,0.0,0.0,0.0,0.0,0.0,0.0
123,12,0.0,0.61032768,0.0,0.0,0.0,0.0,0.0,0.0,0.0,0.0,0.0,0.0,0.0,0.0,0.0
123,13,0.0,0.5965617599999999,0.0,0.0,0.0,0.0,0.0,0.0,0.0,0.0,0.0,0.0,0.0,0.0,0.0
123,14,0.0,0.60061056,0.0,0.0,0.0,0.0,0.0,0.0,0.0,0.0,0.0,0.0,0.0,0.0,0.0
123,15,42.62191505275815,0.6113687999999999,44.213604826512764,28.494288846216886,0.0,6.0,0.0,0.0,0.0,0.0,42.6219150527582,0.0,0.0,0.0,0.0
123,16,0.0,0.63693408,0.0,0.0,0.0,0.0,0.0,0.0,0.0,0.0,0.0,0.0,0.0,0.0,0.0
123,17,13.76966320096745,0.76672704,14.283882988555554,6.139751136929545,58.80705652345468,1.0,0.0,0.0,0.0,1.0,7.4,0.0,0.0,0.0,6.369663200967451
123,18,37.0,0.92578704,38.38174273858999,36.80375568464805,0.0,5.0,0.0,0.0,0.0,0.0,37.0,0.0,0.0,0.0,0.0
123,19,43.80143397209251,0.9520464,45.4371721702212,44.7622665896736,0.0,6.0,0.0,0.0,0.0,0.0,43.801433972092525,0.0,0.0,0.0,0.0
123,20,43.80143397209251,0.92995152,45.43717217022115,43.758337723033186,0.0,6.0,0.0,0.0,0.0,0.0,43.801433972092525,0.0,0.0,0.0,0.0
123,21,32.148471470094705,0.78037728,33.34903679470475,27.128683742376342,0.0,5.0,0.0,0.0,0.0,0.0,32.148471470094705,0.0,0.0,0.0,0.0
123,22,42.20973272727912,0.6180782399999999,43.786029800082645,28.51250982180536,0.0,6.0,0.0,0.0,0.0,0.0,42.209732727279125,0.0,0.0,0.0,0.0
123,23,37.57762780865673,0.77146992,38.980941710225366,31.362893153320684,0.0,6.0,0.0,0.0,0.0,0.0,37.57762780865673,0.0,0.0,0.0,0.0
124,0,43.801433972092084,0.7711228799999998,45.43717217022051,36.541613461790575,0.0,7.0,0.0,0.0,0.0,0.0,43.80143397209211,0.0,0.0,0.0,0.0
124,1,43.80143397209231,0.7496063999999999,45.43717217022074,35.56396545553367,0.0,7.0,0.0,0.0,0.0,0.0,43.80143397209234,0.0,0.0,0.0,0.0
124,2,43.801433972092944,0.7715856,45.43717217022172,36.56263815009817,0.0,6.0,0.0,0.0,0.0,0.0,43.801433972092944,0.0,0.0,0.0,0.0
124,3,43.8014339720925,0.7773696,45.43717217022089,36.82544675393005,0.0,7.0,0.0,0.0,0.0,0.0,43.801433972092525,0.0,0.0,0.0,0.0
124,4,14.8,0.88541472,15.352697095435936,14.101678273859152,0.0,2.0,0.0,0.0,0.0,0.0,14.8,0.0,0.0,0.0,0.0
124,5,43.33183641184128,1.1736892799999998,44.9500377716203,54.245223718386455,0.0,6.0,0.0,0.0,0.0,0.0,43.331836411841294,0.0,0.0,0.0,0.0
124,6,43.80143397209251,1.4442648,45.43717217021813,67.12727877581987,0.0,6.0,0.0,0.0,0.0,0.0,43.801433972092525,0.0,0.0,0.0,0.0
124,7,29.6,1.3569264,30.70539419086813,42.68130854771334,0.0,4.0,0.0,0.0,0.0,0.0,29.6,0.0,0.0,0.0,0.0
124,8,7.4,1.20793056,7.676348547717986,9.526583136929638,0.0,1.0,0.0,0.0,0.0,0.0,7.4,0.0,0.0,0.0,0.0
124,9,0.0,1.0411199999999998,0.0,0.0,0.0,0.0,0.0,0.0,0.0,0.0,0.0,0.0,0.0,0.0,0.0
124,10,0.0,0.9208128,0.0,0.0,0.0,0.0,0.0,0.0,0.0,0.0,0.0,0.0,0.0,0.0,0.0
124,11,0.0,0.83046672,0.0,0.0,0.0,0.0,0.0,0.0,0.0,0.0,0.0,0.0,0.0,0.0,0.0
124,12,0.0,0.71883552,0.0,0.0,0.0,0.0,0.0,0.0,0.0,0.0,0.0,0.0,0.0,0.0,0.0
124,13,0.0,0.67753776,0.0,0.0,0.0,0.0,0.0,0.0,0.0,0.0,0.0,0.0,0.0,0.0,0.0
124,14,3.4732812249221974,0.77378352,3.6029888225334,0.0,32.06660052054726,0.0,0.0,0.0,0.0,1.0,0.0,0.0,0.0,0.0,3.4732812249221974
124,15,37.0,0.91410336,38.38174273858936,36.355315684647444,0.0,5.0,0.0,0.0,0.0,0.0,37.0,0.0,0.0,0.0,0.0
124,16,0.0,1.14511632,0.0,0.0,0.0,0.0,0.0,0.0,0.0,0.0,0.0,0.0,0.0,0.0,0.0
124,17,0.0,1.22829024,0.0,0.0,0.0,0.0,0.0,0.0,0.0,0.0,0.0,0.0,0.0,0.0,0.0
124,18,40.441288139256145,1.32731232,41.95154371292192,57.07139691007751,0.0,6.0,0.0,0.0,0.0,0.0,40.441288139256145,0.0,0.0,0.0,0.0
124,19,42.20973272727893,1.3533403199999998,43.78602980008317,60.70671716755684,0.0,6.0,0.0,0.0,0.0,0.0,42.20973272727894,0.0,0.0,0.0,0.0
124,20,42.00506280279776,1.2805776,43.5737166004133,57.24181544671109,0.0,6.0,0.0,0.0,0.0,0.0,42.00506280279776,0.0,0.0,0.0,0.0
124,21,36.6511111866253,1.17866352,38.01982488239189,46.071036829270774,0.0,6.0,0.0,0.0,0.0,0.0,36.6511111866253,0.0,0.0,0.0,0.0
124,22,36.95246448578249,1.03603008,38.332432039195076,40.98235613265919,0.0,6.0,0.0,0.0,0.0,0.0,36.95246448578251,0.0,0.0,0.0,0.0
124,23,39.14488149809001,0.94730352,40.60672354573695,39.81097469990738,0.0,6.0,0.0,0.0,0.0,0.0,39.14488149809001,0.0,0.0,0.0,0.0
125,0,39.192283414161494,0.8913144,40.6558956578444,37.58289539100883,0.0,6.0,0.0,0.0,0.0,0.0,39.1922834141615,0.0,0.0,0.0,0.0
125,1,43.80143397209259,0.8797464,45.43717217022127,41.477159041766676,0.0,6.0,0.0,0.0,0.0,0.0,43.80143397209259,0.0,0.0,0.0,0.0
125,2,42.573085829851664,0.89038896,44.16295210565616,40.78399871058221,0.0,6.0,0.0,0.0,0.0,0.0,42.573085829851664,0.0,0.0,0.0,0.0
125,3,42.20973272727923,0.88286976,43.78602980008269,40.10667920733459,0.0,6.0,0.0,0.0,0.0,0.0,42.209732727279146,0.0,0.0,0.0,0.0
125,4,43.202867944183716,0.98813856,44.816253054132915,45.7680857335983,0.0,6.0,0.0,0.0,0.0,0.0,43.20286794418372,0.0,0.0,0.0,0.0
125,5,31.750583955117477,1.0876233599999998,32.93629040987344,36.912470054089134,0.0,5.0,0.0,0.0,0.0,0.0,31.750583955117477,0.0,0.0,0.0,0.0
125,6,36.71603478202024,1.17924192,38.087173010397805,46.17467645479785,0.0,6.0,0.0,0.0,0.0,0.0,36.71603478202026,0.0,0.0,0.0,0.0
125,7,22.200000000000003,1.11064368,23.029045643153907,26.33932541078881,0.0,3.0,0.0,0.0,0.0,0.0,22.200000000000003,0.0,0.0,0.0,0.0
125,8,0.0,1.0486392,0.0,0.0,0.0,0.0,0.0,0.0,0.0,0.0,0.0,0.0,0.0,0.0,0.0
125,9,0.0,1.0174056,0.0,0.0,0.0,0.0,0.0,0.0,0.0,0.0,0.0,0.0,0.0,0.0,0.0
125,10,0.0,0.94927008,0.0,0.0,0.0,0.0,0.0,0.0,0.0,0.0,0.0,0.0,0.0,0.0,0.0
125,11,0.0,0.8974454399999999,0.0,0.0,0.0,0.0,0.0,0.0,0.0,0.0,0.0,0.0,0.0,0.0,0.0
125,12,0.0,0.8877283199999999,0.0,0.0,0.0,0.0,0.0,0.0,0.0,0.0,0.0,0.0,0.0,0.0,0.0
125,13,0.0,0.89085168,0.0,0.0,0.0,0.0,0.0,0.0,0.0,0.0,0.0,0.0,0.0,0.0,0.0
125,14,0.0,0.91537584,0.0,0.0,0.0,0.0,0.0,0.0,0.0,0.0,0.0,0.0,0.0,0.0,0.0
125,15,22.096219342449665,0.9763392,22.921389359388023,22.920032533545992,1.919556916474162,3.0,0.0,0.0,0.0,1.0,21.888303289923698,0.0,0.0,0.0,0.2079160525259654
125,16,0.0,0.93689232,0.0,0.0,0.0,0.0,0.0,0.0,0.0,0.0,0.0,0.0,0.0,0.0,0.0
125,17,0.14600808361937437,0.937008,0.15146066765495267,0.0,1.3479999421290787,0.0,0.0,0.0,0.0,1.0,0.0,0.0,0.0,0.0,0.14600808361937437
125,18,43.80143397209251,0.93619824,45.43717217022489,44.04217101517596,0.0,6.0,0.0,0.0,0.0,0.0,43.80143397209252,0.0,0.0,0.0,0.0
125,19,39.8424961049421,0.92740656,41.330390150357346,39.69811086677761,0.0,6.0,0.0,0.0,0.0,0.0,39.84249610494211,0.0,0.0,0.0,0.0
125,20,37.0,0.96870432,38.381742738585274,38.45099568464336,0.0,5.0,0.0,0.0,0.0,0.0,37.0,0.0,0.0,0.0,0.0
125,21,41.31244013121446,0.90369216,42.855228351882566,40.14644193505332,0.0,6.0,0.0,0.0,0.0,0.0,41.31244013121446,0.0,0.0,0.0,0.0
125,22,43.80143397209252,0.8404152,45.437172170221494,39.69006053570546,0.0,6.0,0.0,0.0,0.0,0.0,43.801433972092525,0.0,0.0,0.0,0.0
125,23,14.8,0.7865083199999999,15.352697095436083,12.583198273859248,0.0,2.0,0.0,0.0,0.0,0.0,14.8,0.0,0.0,0.0,0.0
126,0,7.4,0.73907952,7.676348547717167,5.927519136928939,0.0,1.0,0.0,0.0,0.0,0.0,7.4,0.0,0.0,0.0,0.0
126,1,43.801433972092035,0.7277428799999999,45.43717217022059,34.57054893304648,0.0,6.0,0.0,0.0,0.0,0.0,43.801433972092035,0.0,0.0,0.0,0.0
126,2,37.0,0.75006912,38.38174273858978,30.059395684647747,0.0,5.0,0.0,0.0,0.0,0.0,37.0,0.0,0.0,0.0,0.0
126,3,29.00143397209249,0.75897648,30.084475074785093,23.82920511988351,0.0,6.0,0.0,0.0,0.0,0.0,29.00143397209249,0.0,0.0,0.0,0.0
126,4,43.80143397209251,0.8022408,45.43717217022377,37.95552375041246,0.0,6.0,0.0,0.0,0.0,0.0,43.801433972092525,0.0,0.0,0.0,0.0
126,5,37.0,0.85707312,38.38174273858999,34.166395684647995,0.0,6.0,0.0,0.0,0.0,0.0,37.0,0.0,0.0,0.0,0.0
126,6,38.18797371162053,0.8929339199999999,39.614080613714805,36.683982357914324,0.0,6.0,0.0,0.0,0.0,0.0,38.18797371162053,0.0,0.0,0.0,0.0
126,7,43.80143397208887,0.9786528,45.437172170217316,45.971186167299436,0.0,6.0,0.0,0.0,0.0,0.0,43.80143397208887,0.0,0.0,0.0,0.0
126,8,35.593316323587395,0.91780512,36.92252730662548,35.10982025920998,0.0,6.0,0.0,0.0,0.0,0.0,35.593316323587395,0.0,0.0,0.0,0.0
126,9,39.7296382794085,0.89987472,41.21331771722929,38.45098355750304,0.0,6.0,0.0,0.0,0.0,0.0,39.72963827940851,0.0,0.0,0.0,0.0
126,10,0.0,0.8401838399999999,0.0,0.0,0.0,0.0,0.0,0.0,0.0,0.0,0.0,0.0,0.0,0.0,0.0
126,11,0.0,0.8133460800000001,0.0,0.0,0.0,0.0,0.0,0.0,0.0,0.0,0.0,0.0,0.0,0.0,0.0
126,12,0.0,0.6450316799999999,0.0,0.0,0.0,0.0,0.0,0.0,0.0,0.0,0.0,0.0,0.0,0.0,0.0
126,13,0.0,0.5784,0.0,0.0,0.0,0.0,0.0,0.0,0.0,0.0,0.0,0.0,0.0,0.0,0.0
126,14,0.0,0.73063488,0.0,0.0,0.0,0.0,0.0,0.0,0.0,0.0,0.0,0.0,0.0,0.0,0.0
126,15,14.8,0.8427287999999998,15.352697095432282,13.446334273855939,0.0,2.0,0.0,0.0,0.0,0.0,14.8,0.0,0.0,0.0,0.0
126,16,0.0,0.90184128,0.0,0.0,0.0,0.0,0.0,0.0,0.0,0.0,0.0,0.0,0.0,0.0,0.0
126,17,7.4385945701607765,0.94383312,7.716384408880474,0.0,68.67582123903622,0.0,0.0,0.0,0.0,1.0,0.0,0.0,0.0,0.0,7.4385945701607765
126,18,0.0,0.9840897599999998,0.0,0.0,0.0,0.0,0.0,0.0,0.0,0.0,0.0,0.0,0.0,0.0,0.0
126,19,37.0,0.957252,38.38174273858981,38.01143568464789,0.0,6.0,0.0,0.0,0.0,0.0,37.0,0.0,0.0,0.0,0.0
126,20,22.200000000000003,0.90774096,23.02904564315392,21.666669410788753,0.0,4.0,0.0,0.0,0.0,0.0,22.200000000000003,0.0,0.0,0.0,0.0
126,21,7.4,0.90669984,7.676348547717986,7.2142311369295955,0.0,2.0,0.0,0.0,0.0,0.0,7.4,0.0,0.0,0.0,0.0
126,22,29.6,0.8461992,30.705394190871655,26.999228547718094,0.0,4.0,0.0,0.0,0.0,0.0,29.6,0.0,0.0,0.0,0.0
126,23,14.371741924984546,0.7096967999999999,14.908445980274532,11.073945967120784,0.0,2.0,0.0,0.0,0.0,0.0,14.371741924984546,0.0,0.0,0.0,0.0
127,0,37.0,0.7146710399999999,38.38174273858974,28.700755684647703,0.0,6.0,0.0,0.0,0.0,0.0,37.0,0.0,0.0,0.0,0.0
127,1,43.80143397209251,0.71339856,45.437172170221366,33.91878359554232,0.0,6.0,0.0,0.0,0.0,0.0,43.801433972092525,0.0,0.0,0.0,0.0
127,2,32.33286174013009,0.7177943999999999,33.54031300843423,25.18523321228042,0.0,6.0,0.0,0.0,0.0,0.0,32.33286174013009,0.0,0.0,0.0,0.0
127,3,29.6,0.7366502399999999,30.705394190871942,23.63548454771828,0.0,4.0,0.0,0.0,0.0,0.0,29.6,0.0,0.0,0.0,0.0
127,4,37.0,0.7463673599999999,38.38174273859052,29.917315684648322,0.0,5.0,0.0,0.0,0.0,0.0,37.0,0.0,0.0,0.0,0.0
127,5,28.5684975753471,0.76360368,29.635370928783402,23.610609077126753,0.0,6.0,0.0,0.0,0.0,0.0,28.5684975753471,0.0,0.0,0.0,0.0
127,6,37.0,0.90704688,38.381742738590006,36.084475684648055,0.0,5.0,0.0,0.0,0.0,0.0,37.0,0.0,0.0,0.0,0.0
127,7,43.80143397209251,0.87766416,45.437172170221004,41.382547944386715,0.0,6.0,0.0,0.0,0.0,0.0,43.801433972092525,0.0,0.0,0.0,0.0
127,8,43.80143397209252,0.7819967999999999,45.43717217022108,37.03569363699626,0.0,6.0,0.0,0.0,0.0,0.0,43.801433972092525,0.0,0.0,0.0,0.0
127,9,38.89566505519103,0.43241184,40.34820026472189,18.782564945919177,0.0,6.0,0.0,0.0,0.0,0.0,38.895665055191046,0.0,0.0,0.0,0.0
127,10,0.0,0.35236128,0.0,0.0,0.0,0.0,0.0,0.0,0.0,0.0,0.0,0.0,0.0,0.0,0.0
127,11,0.0,0.4543910399999999,0.0,0.0,0.0,0.0,0.0,0.0,0.0,0.0,0.0,0.0,0.0,0.0,0.0
127,12,0.0,0.40557408,0.0,0.0,0.0,0.0,0.0,0.0,0.0,0.0,0.0,0.0,0.0,0.0,0.0
127,13,0.0,0.3546748799999999,0.0,0.0,0.0,0.0,0.0,0.0,0.0,0.0,0.0,0.0,0.0,0.0,0.0
127,14,0.0,0.34784976,0.0,0.0,0.0,0.0,0.0,0.0,0.0,0.0,0.0,0.0,0.0,0.0,0.0
127,15,14.8,0.6549801599999999,15.352697095435612,10.56388627385887,0.0,2.0,0.0,0.0,0.0,0.0,14.8,0.0,0.0,0.0,0.0
127,16,0.0,0.79691952,0.0,0.0,0.0,0.0,0.0,0.0,0.0,0.0,0.0,0.0,0.0,0.0,0.0
127,17,0.0,0.83474688,0.0,0.0,0.0,0.0,0.0,0.0,0.0,0.0,0.0,0.0,0.0,0.0,0.0
127,18,7.4,0.83613504,7.676348547717948,6.672551136929553,0.0,1.0,0.0,0.0,0.0,0.0,7.4,0.0,0.0,0.0,0.0
127,19,43.80143397209251,0.7854672,45.43717217022117,37.193378799295864,0.0,6.0,0.0,0.0,0.0,0.0,43.801433972092525,0.0,0.0,0.0,0.0
127,20,35.802867944184975,0.76360368,37.13990450641627,29.589498595110427,0.0,6.0,0.0,0.0,0.0,0.0,35.80286794418499,0.0,0.0,0.0,0.0
127,21,37.0,0.772164,38.38174273859009,30.907435684648007,0.0,5.0,0.0,0.0,0.0,0.0,37.0,0.0,0.0,0.0,0.0
127,22,7.4,0.7131672,7.676348547717986,5.7286071369295675,0.0,1.0,0.0,0.0,0.0,0.0,7.4,0.0,0.0,0.0,0.0
127,23,36.821227100399575,0.6508156799999999,38.19629367261409,26.12304416058556,0.0,6.0,0.0,0.0,0.0,0.0,36.821227100399575,0.0,0.0,0.0,0.0
128,0,29.6,0.6375124799999999,30.705394190869143,20.59142054771635,0.0,4.0,0.0,0.0,0.0,0.0,29.6,0.0,0.0,0.0,0.0
128,1,33.23880803670479,0.65567424,34.48009132438263,23.748998697082236,0.0,6.0,0.0,0.0,0.0,0.0,33.23880803670479,0.0,0.0,0.0,0.0
128,2,43.80143397209119,0.6877176,45.437172170219554,32.75191339452445,0.0,6.0,0.0,0.0,0.0,0.0,43.801433972091196,0.0,0.0,0.0,0.0
128,3,37.0,0.72751152,38.38174273859008,29.193595684647963,0.0,5.0,0.0,0.0,0.0,0.0,37.0,0.0,0.0,0.0,0.0
128,4,38.14297168342203,0.7860456,39.56739801184904,32.41145998485489,0.0,6.0,0.0,0.0,0.0,0.0,38.142971683422054,0.0,0.0,0.0,0.0
128,5,43.80143397209251,0.92463024,45.43717217022116,43.516553807507236,0.0,6.0,0.0,0.0,0.0,0.0,43.801433972092525,0.0,0.0,0.0,0.0
128,6,43.80143397209251,1.3131993599999998,45.437172170222695,61.17203581298061,0.0,6.0,0.0,0.0,0.0,0.0,43.801433972092525,0.0,0.0,0.0,0.0
128,7,29.6,1.24390704,30.70539419087192,39.21100454771854,0.0,4.0,0.0,0.0,0.0,0.0,29.6,0.0,0.0,0.0,0.0
128,8,0.0,1.12105488,0.0,0.0,0.0,0.0,0.0,0.0,0.0,0.0,0.0,0.0,0.0,0.0,0.0
128,9,0.0,1.03683984,0.0,0.0,0.0,0.0,0.0,0.0,0.0,0.0,0.0,0.0,0.0,0.0,0.0
128,10,0.0,0.92173824,0.0,0.0,0.0,0.0,0.0,0.0,0.0,0.0,0.0,0.0,0.0,0.0,0.0
128,11,0.0,0.86829408,0.0,0.0,0.0,0.0,0.0,0.0,0.0,0.0,0.0,0.0,0.0,0.0,0.0
128,12,0.0,0.80374464,0.0,0.0,0.0,0.0,0.0,0.0,0.0,0.0,0.0,0.0,0.0,0.0,0.0
128,13,0.0,0.7276272,0.0,0.0,0.0,0.0,0.0,0.0,0.0,0.0,0.0,0.0,0.0,0.0,0.0
128,14,0.0,0.69650928,0.0,0.0,0.0,0.0,0.0,0.0,0.0,0.0,0.0,0.0,0.0,0.0,0.0
128,15,22.200000000000003,0.69743472,23.029045643154177,16.823517410788856,0.0,3.0,0.0,0.0,0.0,0.0,22.200000000000003,0.0,0.0,0.0,0.0
128,16,0.0,0.71710032,0.0,0.0,0.0,0.0,0.0,0.0,0.0,0.0,0.0,0.0,0.0,0.0,0.0
128,17,0.0,0.75006912,0.0,0.0,0.0,0.0,0.0,0.0,0.0,0.0,0.0,0.0,0.0,0.0,0.0
128,18,37.0,0.72658608,38.38174273858986,29.158075684647795,0.0,5.0,0.0,0.0,0.0,0.0,37.0,0.0,0.0,0.0,0.0
128,19,43.80143397209251,0.66145824,45.43717217022106,31.55876233312572,0.0,6.0,0.0,0.0,0.0,0.0,43.801433972092525,0.0,0.0,0.0,0.0
128,20,43.32962218922451,0.6021143999999999,44.9477408601919,28.55145224186228,0.0,6.0,0.0,0.0,0.0,0.0,43.32962218922452,0.0,0.0,0.0,0.0
128,21,37.0,0.4661904,38.381742738589814,19.163635684647605,0.0,5.0,0.0,0.0,0.0,0.0,37.0,0.0,0.0,0.0,0.0
128,22,41.19637747221338,0.33928944,42.73483140271139,15.913999934550114,0.0,6.0,0.0,0.0,0.0,0.0,41.19637747221327,0.0,0.0,0.0,0.0
128,23,19.415054357377368,0.22245264,20.140097881097105,5.146855183372771,0.0,3.0,0.0,0.0,0.0,0.0,19.415054357377368,0.0,0.0,0.0,0.0
129,0,43.8014339720928,0.21944496,45.43717217022399,11.474928828242332,0.0,6.0,0.0,0.0,0.0,0.0,43.801433972092816,0.0,0.0,0.0,0.0
129,1,40.85896256158583,0.15570528,42.38481593525607,8.002477040404484,0.0,6.0,0.0,0.0,0.0,0.0,40.858962561585834,0.0,0.0,0.0,0.0
129,2,29.6,0.13384176,30.705394190871672,5.1260125477178935,0.0,4.0,0.0,0.0,0.0,0.0,29.6,0.0,0.0,0.0,0.0
129,3,36.91684950935073,0.10769808,38.29548704289532,5.391931048304537,0.0,6.0,0.0,0.0,0.0,0.0,36.916849509350634,0.0,0.0,0.0,0.0
129,4,43.20286794418498,0.28885296,44.816253054135125,14.428725326887845,0.0,6.0,0.0,0.0,0.0,0.0,43.202867944184995,0.0,0.0,0.0,0.0
129,5,43.80143397209252,0.34495776,45.43717217022131,17.177875531408205,0.0,6.0,0.0,0.0,0.0,0.0,43.801433972092525,0.0,0.0,0.0,0.0
129,6,43.80143397209252,0.5940168,45.43717217022137,28.494414012438284,0.0,6.0,0.0,0.0,0.0,0.0,43.801433972092525,0.0,0.0,0.0,0.0
129,7,14.8,0.66839904,15.352697095435897,10.76990227385907,0.0,2.0,0.0,0.0,0.0,0.0,14.8,0.0,0.0,0.0,0.0
129,8,0.0,0.54496848,0.0,0.0,0.0,0.0,0.0,0.0,0.0,0.0,0.0,0.0,0.0,0.0,0.0
129,9,0.0,0.3864868799999999,0.0,0.0,0.0,0.0,0.0,0.0,0.0,0.0,0.0,0.0,0.0,0.0,0.0
129,10,0.0,0.33419952,0.0,0.0,0.0,0.0,0.0,0.0,0.0,0.0,0.0,0.0,0.0,0.0,0.0
129,11,0.0,0.28989408,0.0,0.0,0.0,0.0,0.0,0.0,0.0,0.0,0.0,0.0,0.0,0.0,0.0
129,12,0.0,0.1754865599999999,0.0,0.0,0.0,0.0,0.0,0.0,0.0,0.0,0.0,0.0,0.0,0.0,0.0
129,13,0.0,0.11556432,0.0,0.0,0.0,0.0,0.0,0.0,0.0,0.0,0.0,0.0,0.0,0.0,0.0
129,14,0.0,0.0803976,0.0,0.0,0.0,0.0,0.0,0.0,0.0,0.0,0.0,0.0,0.0,0.0,0.0
129,15,38.23500187507068,0.0732254399999999,39.66286501563431,4.080955684647386,11.401988265694047,5.0,0.0,0.0,0.0,1.0,37.0,0.0,0.0,0.0,1.235001875070681
129,16,0.0,0.14737632,0.0,0.0,0.0,0.0,0.0,0.0,0.0,0.0,0.0,0.0,0.0,0.0,0.0
129,17,7.4,0.25519008,7.676348547717948,2.2130151369294913,0.0,1.0,0.0,0.0,0.0,0.0,7.4,0.0,0.0,0.0,0.0
129,18,43.80143397209257,0.24223392,45.43717217022102,12.510394727341863,0.0,6.0,0.0,0.0,0.0,0.0,43.80143397209257,0.0,0.0,0.0,0.0
129,19,43.80143397209251,0.11938176,45.43717217022143,6.928339981938382,0.0,6.0,0.0,0.0,0.0,0.0,43.801433972092525,0.0,0.0,0.0,0.0
129,20,29.6,0.0669787199999999,30.705394190871868,3.0729565477178893,0.0,4.0,0.0,0.0,0.0,0.0,29.6,0.0,0.0,0.0,0.0
129,21,43.80143397209323,0.0185088,45.437172170221935,2.3449579310985493,0.0,6.0,0.0,0.0,0.0,0.0,43.80143397209324,0.0,0.0,0.0,0.0
129,22,43.80143397209252,0.00011568,45.437172170221714,1.50922657091099,0.0,6.0,0.0,0.0,0.0,0.0,43.801433972092525,0.0,0.0,0.0,0.0
129,23,21.60143397209202,0.0026606399999999,22.40812652706666,0.8013289458088789,0.0,3.0,0.0,0.0,0.0,0.0,21.60143397209202,0.0,0.0,0.0,0.0
130,0,42.67837639472916,0.00011568,44.27217468332961,1.4705303871855777,0.0,6.0,0.0,0.0,0.0,0.0,42.67837639472917,0.0,0.0,0.0,0.0
130,1,28.74707476371315,0.0,29.820616974806555,0.987062421866097,0.0,4.0,0.0,0.0,0.0,0.0,28.74707476371315,0.0,0.0,0.0,0.0
130,2,39.73279654228031,0.0,41.21659392352776,1.3642692588687688,0.0,6.0,0.0,0.0,0.0,0.0,39.73279654228031,0.0,0.0,0.0,0.0
130,3,37.67377698307889,0.0,39.08068151771691,1.2935705582364294,0.0,6.0,0.0,0.0,0.0,0.0,37.67377698307889,0.0,0.0,0.0,0.0
130,4,42.209732727276894,0.00080976,43.78602980008023,1.4847737618735684,0.0,6.0,0.0,0.0,0.0,0.0,42.2097327272769,0.0,0.0,0.0,0.0
130,5,43.75899287789526,0.03863712,45.3931461388961,3.2563735717435254,0.0,6.0,0.0,0.0,0.0,0.0,43.75899287789527,0.0,0.0,0.0,0.0
130,6,37.78346253669901,0.33998352,39.194463212343976,14.6228082997718,0.0,6.0,0.0,0.0,0.0,0.0,37.78346253669901,0.0,0.0,0.0,0.0
130,7,14.8,0.4112423999999999,15.352697095435897,6.821854273859014,0.0,2.0,0.0,0.0,0.0,0.0,14.8,0.0,0.0,0.0,0.0
130,8,6.5229939256105425,0.349932,6.766591209139568,2.5918209640191474,0.0,1.0,0.0,0.0,0.0,0.0,6.5229939256105425,0.0,0.0,0.0,0.0
130,9,0.0,0.2550744,0.0,0.0,0.0,0.0,0.0,0.0,0.0,0.0,0.0,0.0,0.0,0.0,0.0
130,10,0.0,0.04615632,0.0,0.0,0.0,0.0,0.0,0.0,0.0,0.0,0.0,0.0,0.0,0.0,0.0
130,11,0.0,0.0358608,0.0,0.0,0.0,0.0,0.0,0.0,0.0,0.0,0.0,0.0,0.0,0.0,0.0
130,12,0.0,0.0278788799999999,0.0,0.0,0.0,0.0,0.0,0.0,0.0,0.0,0.0,0.0,0.0,0.0,0.0
130,13,0.0,0.01804608,0.0,0.0,0.0,0.0,0.0,0.0,0.0,0.0,0.0,0.0,0.0,0.0,0.0
130,14,0.0,0.01758336,0.0,0.0,0.0,0.0,0.0,0.0,0.0,0.0,0.0,0.0,0.0,0.0,0.0
130,15,42.07995136798582,0.02001264,43.651401834011494,2.318441191105192,0.0,6.0,0.0,0.0,0.0,0.0,42.07995136798582,0.0,0.0,0.0,0.0
130,16,0.0,0.04303296,0.0,0.0,0.0,0.0,0.0,0.0,0.0,0.0,0.0,0.0,0.0,0.0,0.0
130,17,0.0,0.11463888,0.0,0.0,0.0,1.0,0.0,0.0,0.0,0.0,0.0,0.0,0.0,0.0,0.0
130,18,37.0,0.164844,38.381742738589814,7.597435684647422,0.0,6.0,0.0,0.0,0.0,0.0,37.0,0.0,0.0,0.0,0.0
130,19,39.59586494487232,0.13893168,41.07454869800073,7.066123617758878,0.0,6.0,0.0,0.0,0.0,0.0,39.59586494487233,0.0,0.0,0.0,0.0
130,20,35.66825069001696,0.11128416,37.000260051885306,5.342251467373014,0.0,6.0,0.0,0.0,0.0,0.0,35.66825069001696,0.0,0.0,0.0,0.0
130,21,29.6,0.0393312,30.70539419087203,2.2240285477178907,0.0,5.0,0.0,0.0,0.0,0.0,29.6,0.0,0.0,0.0,0.0
130,22,43.8014339720925,0.02290464,45.43717217022088,2.544692470011239,0.0,7.0,0.0,0.0,0.0,0.0,43.801433972092525,0.0,0.0,0.0,0.0
130,23,31.90318579053278,0.02510256,33.09459106901791,1.926189922369979,0.0,5.0,0.0,0.0,0.0,0.0,31.90318579053278,0.0,0.0,0.0,0.0
131,0,43.80143397209285,0.02591232,45.43717217022148,2.681352944004204,0.0,6.0,0.0,0.0,0.0,0.0,43.80143397209285,0.0,0.0,0.0,0.0
131,1,18.840009375172865,0.03620784,19.543578190013633,1.3545231902209542,0.0,3.0,0.0,0.0,0.0,0.0,18.840009375172865,0.0,0.0,0.0,0.0
131,2,39.66187935869907,0.0387528,41.14302838039359,2.956241789610744,0.0,6.0,0.0,0.0,0.0,0.0,39.66187935869907,0.0,0.0,0.0,0.0
131,3,22.200000000000003,0.04766016,23.029045643153882,1.8598294107884104,0.0,3.0,0.0,0.0,0.0,0.0,22.200000000000003,0.0,0.0,0.0,0.0
131,4,29.6,0.07299408,30.705394190871836,3.257660547717892,0.0,4.0,0.0,0.0,0.0,0.0,29.6,0.0,0.0,0.0,0.0
131,5,43.80143397209252,0.17594928,45.437172170220684,9.49860812742067,0.0,6.0,0.0,0.0,0.0,0.0,43.801433972092525,0.0,0.0,0.0,0.0
131,6,42.549192944504725,0.39932736,44.13816695488099,19.086551011538425,0.0,6.0,0.0,0.0,0.0,0.0,42.54919294450473,0.0,0.0,0.0,0.0
131,7,7.4,0.5535288,7.676348547717948,4.503167136929523,0.0,1.0,0.0,0.0,0.0,0.0,7.4,0.0,0.0,0.0,0.0
131,8,0.0,0.52009728,0.0,0.0,0.0,0.0,0.0,0.0,0.0,0.0,0.0,0.0,0.0,0.0,0.0
131,9,0.0,0.43912128,0.0,0.0,0.0,0.0,0.0,0.0,0.0,0.0,0.0,0.0,0.0,0.0,0.0
131,10,0.0,0.33755424,0.0,0.0,0.0,0.0,0.0,0.0,0.0,0.0,0.0,0.0,0.0,0.0,0.0
131,11,0.0,0.32725872,0.0,0.0,0.0,0.0,0.0,0.0,0.0,0.0,0.0,0.0,0.0,0.0,0.0
131,12,0.0,0.32529216,0.0,0.0,0.0,0.0,0.0,0.0,0.0,0.0,0.0,0.0,0.0,0.0,0.0
131,13,0.0,0.17421408,0.0,0.0,0.0,0.0,0.0,0.0,0.0,0.0,0.0,0.0,0.0,0.0,0.0
131,14,0.0,0.24963744,0.0,0.0,0.0,0.0,0.0,0.0,0.0,0.0,0.0,0.0,0.0,0.0,0.0
131,15,46.62768214864655,0.31198896,48.36896488448858,15.679866489562471,26.09295515698241,6.0,0.0,0.0,0.0,1.0,43.801433972092525,0.0,0.0,0.0,2.8262481765540497
131,16,0.0,0.3372072,0.0,0.0,0.0,0.0,0.0,0.0,0.0,0.0,0.0,0.0,0.0,0.0,0.0
131,17,0.0,0.33709152,0.0,0.0,0.0,0.0,0.0,0.0,0.0,0.0,0.0,0.0,0.0,0.0,0.0
131,18,29.6,0.33628176,30.70539419087187,11.342012547718028,0.0,4.0,0.0,0.0,0.0,0.0,29.6,0.0,0.0,0.0,0.0
131,19,39.95397808931286,0.312336,41.44603536235806,14.316952671431519,0.0,6.0,0.0,0.0,0.0,0.0,39.95397808931286,0.0,0.0,0.0,0.0
131,20,37.0,0.1602167999999999,38.381742738590155,7.419835684647482,0.0,5.0,0.0,0.0,0.0,0.0,37.0,0.0,0.0,0.0,0.0
131,21,37.0,0.0994848,38.38174273858966,5.088835684647362,0.0,6.0,0.0,0.0,0.0,0.0,37.0,0.0,0.0,0.0,0.0
131,22,35.71272106907463,0.0837523199999999,37.04639115049285,4.328956753562555,0.0,5.0,0.0,0.0,0.0,0.0,35.71272106907463,0.0,0.0,0.0,0.0
131,23,25.576673876272853,0.1603324799999999,26.531819373727167,5.13211562037209,0.0,4.0,0.0,0.0,0.0,0.0,25.57667387627275,0.0,0.0,0.0,0.0
132,0,21.092537158296988,0.16796736,21.88022526794351,4.399399130830695,0.0,3.0,0.0,0.0,0.0,0.0,21.092537158296988,0.0,0.0,0.0,0.0
132,1,29.6,0.2186352,30.705394190871868,7.729628547717968,0.0,4.0,0.0,0.0,0.0,0.0,29.6,0.0,0.0,0.0,0.0
132,2,35.79926955461938,0.28839024,37.13617173715747,11.938916764459972,0.0,6.0,0.0,0.0,0.0,0.0,35.79926955461939,0.0,0.0,0.0,0.0
132,3,35.67270192835732,0.28700208,37.00487751904351,11.845338263991069,0.0,6.0,0.0,0.0,0.0,0.0,35.67270192835732,0.0,0.0,0.0,0.0
132,4,29.00143397209269,0.31071648,30.08447507478531,10.343538322860423,0.0,5.0,0.0,0.0,0.0,0.0,29.00143397209269,0.0,0.0,0.0,0.0
132,5,43.80143397209251,0.4956888,45.43717217022246,24.026667747285327,0.0,6.0,0.0,0.0,0.0,0.0,43.801433972092525,0.0,0.0,0.0,0.0
132,6,37.0,0.9821232,38.381742738589836,38.966035684647935,0.0,6.0,0.0,0.0,0.0,0.0,37.0,0.0,0.0,0.0,0.0
132,7,7.4,1.116312,7.676348547717554,8.823287136929128,0.0,1.0,0.0,0.0,0.0,0.0,7.4,0.0,0.0,0.0,0.0
132,8,0.0,0.97541376,0.0,0.0,0.0,0.0,0.0,0.0,0.0,0.0,0.0,0.0,0.0,0.0,0.0
132,9,0.0,0.95412864,0.0,0.0,0.0,0.0,0.0,0.0,0.0,0.0,0.0,0.0,0.0,0.0,0.0
132,10,0.0,0.74706144,0.0,0.0,0.0,0.0,0.0,0.0,0.0,0.0,0.0,0.0,0.0,0.0,0.0
132,11,0.0,0.61160016,0.0,0.0,0.0,0.0,0.0,0.0,0.0,0.0,0.0,0.0,0.0,0.0,0.0
132,12,0.0,0.51095856,0.0,0.0,0.0,0.0,0.0,0.0,0.0,0.0,0.0,0.0,0.0,0.0,0.0
132,13,0.0,0.43472544,0.0,0.0,0.0,0.0,0.0,0.0,0.0,0.0,0.0,0.0,0.0,0.0,0.0
132,14,0.0,0.43067664,0.0,0.0,0.0,0.0,0.0,0.0,0.0,0.0,0.0,0.0,0.0,0.0,0.0
132,15,37.0,0.4403937599999999,38.381742738590376,18.173515684647853,0.0,5.0,0.0,0.0,0.0,0.0,37.0,0.0,0.0,0.0,0.0
132,16,0.0,0.57342576,0.0,0.0,0.0,0.0,0.0,0.0,0.0,0.0,0.0,0.0,0.0,0.0,0.0
132,17,0.0,0.6587976,0.0,0.0,0.0,0.0,0.0,0.0,0.0,0.0,0.0,0.0,0.0,0.0,0.0
132,18,7.4,0.67175376,7.676348547717986,5.410703136929562,0.0,1.0,0.0,0.0,0.0,0.0,7.4,0.0,0.0,0.0,0.0
132,19,7.4,0.57654912,7.676348547718013,4.679879136929565,0.0,1.0,0.0,0.0,0.0,0.0,7.4,0.0,0.0,0.0,0.0
132,20,36.571701461667175,0.55954416,37.9374496490327,22.483407979793277,0.0,6.0,0.0,0.0,0.0,0.0,36.57170146166705,0.0,0.0,0.0,0.0
132,21,36.112638264479,0.5159328000000001,37.46124301294516,20.567451142877722,0.0,6.0,0.0,0.0,0.0,0.0,36.1126382644789,0.0,0.0,0.0,0.0
132,22,31.803543795087773,0.45196176,32.991228003203474,16.002783119795165,0.0,6.0,0.0,0.0,0.0,0.0,31.803543795087784,0.0,0.0,0.0,0.0
132,23,0.0,0.29857008,0.0,0.0,0.0,0.0,0.0,0.0,0.0,0.0,0.0,0.0,0.0,0.0,0.0
133,0,14.8,0.29255472,15.352697095435444,4.999678273858843,0.0,2.0,0.0,0.0,0.0,0.0,14.8,0.0,0.0,0.0,0.0
133,1,14.579565041432135,0.2932488,15.124030125966819,4.935709082773121,0.0,2.0,0.0,0.0,0.0,0.0,14.579565041432135,0.0,0.0,0.0,0.0
133,2,38.30258584888161,0.30088368,39.732972872284336,13.270164497225691,0.0,6.0,0.0,0.0,0.0,0.0,38.30258584888164,0.0,0.0,0.0,0.0
133,3,8.339797893560617,0.3052795199999999,8.651242628175183,2.927403327925456,0.0,2.0,0.0,0.0,0.0,0.0,8.339797893560512,0.0,0.0,0.0,0.0
133,4,37.0,0.30516384,38.381742738590354,12.983155684647691,0.0,5.0,0.0,0.0,0.0,0.0,37.0,0.0,0.0,0.0,0.0
133,5,35.40829875518658,0.26097408,36.73060036845189,10.80151751120015,0.0,5.0,0.0,0.0,0.0,0.0,35.40829875518658,0.0,0.0,0.0,0.0
133,6,29.6,0.2657169599999999,30.70539419087193,9.175292547718007,0.0,4.0,0.0,0.0,0.0,0.0,29.6,0.0,0.0,0.0,0.0
133,7,36.40143397209242,0.2809867199999999,37.76082362250293,11.860173236090464,0.0,6.0,0.0,0.0,0.0,0.0,36.40143397209242,0.0,0.0,0.0,0.0
133,8,41.3627612382948,0.27959856,42.9074286704308,13.417091158546425,0.0,6.0,0.0,0.0,0.0,0.0,41.362761238294596,0.0,0.0,0.0,0.0
133,9,37.0,0.2608584,38.38174273859315,11.282635684648461,0.0,6.0,0.0,0.0,0.0,0.0,37.0,0.0,0.0,0.0,0.0
133,10,14.8,0.2267327999999999,15.352697095435934,3.989134273858985,0.0,2.0,0.0,0.0,0.0,0.0,14.8,0.0,0.0,0.0,0.0
133,11,0.0,0.17849424,0.0,0.0,0.0,0.0,0.0,0.0,0.0,0.0,0.0,0.0,0.0,0.0,0.0
133,12,0.0,0.0653592,0.0,0.0,0.0,0.0,0.0,0.0,0.0,0.0,0.0,0.0,0.0,0.0,0.0
133,13,0.0,0.05853408,0.0,0.0,0.0,0.0,0.0,0.0,0.0,0.0,0.0,0.0,0.0,0.0,0.0
133,14,0.0,0.07137456,0.0,0.0,0.0,0.0,0.0,0.0,0.0,0.0,0.0,0.0,0.0,0.0,0.0
133,15,7.4,0.22025472,7.676348547717734,1.944839136929433,0.0,1.0,0.0,0.0,0.0,0.0,7.4,0.0,0.0,0.0,0.0
133,16,0.0,0.27844176,0.0,0.0,0.0,0.0,0.0,0.0,0.0,0.0,0.0,0.0,0.0,0.0,0.0
133,17,0.0,0.29162928,0.0,0.0,0.0,0.0,0.0,0.0,0.0,0.0,0.0,0.0,0.0,0.0,0.0
133,18,7.4,0.29301744,7.676348547717986,2.5033911369295074,0.0,1.0,0.0,0.0,0.0,0.0,7.4,0.0,0.0,0.0,0.0
133,19,29.6,0.27716928,30.70539419087187,9.526940547717999,0.0,4.0,0.0,0.0,0.0,0.0,29.6,0.0,0.0,0.0,0.0
133,20,22.200000000000003,0.2817964799999999,23.029045643153644,7.251765410788418,0.0,3.0,0.0,0.0,0.0,0.0,22.200000000000003,0.0,0.0,0.0,0.0
133,21,14.8,0.23136,15.352697095435934,4.060174273858987,0.0,2.0,0.0,0.0,0.0,0.0,14.8,0.0,0.0,0.0,0.0
133,22,25.431126474438294,0.14483136,26.380836591741055,4.69397813270625,0.0,4.0,0.0,0.0,0.0,0.0,25.431126474438294,0.0,0.0,0.0,0.0
133,23,38.992441354024955,0.1168367999999999,40.448590616208925,6.06473224150439,0.0,6.0,0.0,0.0,0.0,0.0,38.99244135402497,0.0,0.0,0.0,0.0
134,0,7.4,0.104112,7.676348547717986,1.0532871369294803,0.0,1.0,0.0,0.0,0.0,0.0,7.4,0.0,0.0,0.0,0.0
134,1,29.6,0.09902208,30.705394190871772,4.056860547717896,0.0,4.0,0.0,0.0,0.0,0.0,29.6,0.0,0.0,0.0,0.0
134,2,28.80093651776643,0.0965927999999999,29.87649016365844,3.8747656634973175,0.0,4.0,0.0,0.0,0.0,0.0,28.80093651776643,0.0,0.0,0.0,0.0
134,3,22.200000000000003,0.092544,23.02904564315963,2.8934614107891488,0.0,3.0,0.0,0.0,0.0,0.0,22.200000000000003,0.0,0.0,0.0,0.0
134,4,43.80143397209251,0.09520464,45.43717217022105,5.829800017918229,0.0,6.0,0.0,0.0,0.0,0.0,43.801433972092525,0.0,0.0,0.0,0.0
134,5,32.36601864135633,0.08710704,33.57470813418752,4.035916283674604,0.0,5.0,0.0,0.0,0.0,0.0,32.36601864135633,0.0,0.0,0.0,0.0
134,6,37.3767990672422,0.10041024,38.77261314029284,5.1765408857876505,0.0,6.0,0.0,0.0,0.0,0.0,37.37679906724222,0.0,0.0,0.0,0.0
134,7,42.397912656808856,0.15929136,43.98123719586029,8.461610038594147,0.0,6.0,0.0,0.0,0.0,0.0,42.39791265680887,0.0,0.0,0.0,0.0
134,8,39.60862349473881,0.18069216,41.087783708235605,8.7842460285965,0.0,6.0,0.0,0.0,0.0,0.0,39.60862349473882,0.0,0.0,0.0,0.0
134,9,22.200000000000003,0.1402041599999999,23.029045643153957,3.991029410788454,0.0,3.0,0.0,0.0,0.0,0.0,22.200000000000003,0.0,0.0,0.0,0.0
134,10,0.0,0.1074667199999999,0.0,0.0,0.0,0.0,0.0,0.0,0.0,0.0,0.0,0.0,0.0,0.0,0.0
134,11,0.0,0.0667473599999999,0.0,0.0,0.0,0.0,0.0,0.0,0.0,0.0,0.0,0.0,0.0,0.0,0.0
134,12,0.0,0.0214008,0.0,0.0,0.0,0.0,0.0,0.0,0.0,0.0,0.0,0.0,0.0,0.0,0.0
134,13,0.0,0.00185088,0.0,0.0,0.0,0.0,0.0,0.0,0.0,0.0,0.0,0.0,0.0,0.0,0.0
134,14,0.0,0.0205910399999999,0.0,0.0,0.0,0.0,0.0,0.0,0.0,0.0,0.0,0.0,0.0,0.0,0.0
134,15,0.0,0.06003792,0.0,0.0,0.0,0.0,0.0,0.0,0.0,0.0,0.0,0.0,0.0,0.0,0.0
134,16,0.0,0.1196131199999999,0.0,0.0,0.0,0.0,0.0,0.0,0.0,0.0,0.0,0.0,0.0,0.0,0.0
134,17,0.0,0.1609108799999999,0.0,0.0,0.0,0.0,0.0,0.0,0.0,0.0,0.0,0.0,0.0,0.0,0.0
134,18,0.0,0.19006224,0.0,0.0,0.0,0.0,0.0,0.0,0.0,0.0,0.0,0.0,0.0,0.0,0.0
134,19,22.200000000000003,0.121464,23.02904564315392,3.559461410788442,0.0,3.0,0.0,0.0,0.0,0.0,22.200000000000003,0.0,0.0,0.0,0.0
134,20,43.80143397209251,0.0683668799999999,45.43717217022119,4.6103680961351685,0.0,6.0,0.0,0.0,0.0,0.0,43.801433972092525,0.0,0.0,0.0,0.0
134,21,18.51422423508615,0.0577243199999999,19.205626799882044,1.744337994273061,0.0,4.0,0.0,0.0,0.0,0.0,18.51422423508615,0.0,0.0,0.0,0.0
134,22,29.6,0.0485856,30.705394190871992,2.5081885477178933,0.0,4.0,0.0,0.0,0.0,0.0,29.6,0.0,0.0,0.0,0.0
134,23,22.200000000000003,0.0537912,23.029045643153882,2.001021410788413,0.0,3.0,0.0,0.0,0.0,0.0,22.200000000000003,0.0,0.0,0.0,0.0
135,0,14.8,0.05355984,15.352697095435602,1.3304622738589138,0.0,3.0,0.0,0.0,0.0,0.0,14.8,0.0,0.0,0.0,0.0
135,1,22.200000000000003,0.0555264,23.029045643154053,2.040981410788428,0.0,3.0,0.0,0.0,0.0,0.0,22.200000000000003,0.0,0.0,0.0,0.0
135,2,36.40143397209251,0.0589967999999999,37.760823622503146,3.4776510209969436,0.0,6.0,0.0,0.0,0.0,0.0,36.401433972092526,0.0,0.0,0.0,0.0
135,3,43.801433972092305,0.06107904,45.43717217022071,4.279229255306103,0.0,6.0,0.0,0.0,0.0,0.0,43.801433972092305,0.0,0.0,0.0,0.0
135,4,43.80143397209251,0.07738992,45.43717217022112,5.0203495181139575,0.0,6.0,0.0,0.0,0.0,0.0,43.801433972092525,0.0,0.0,0.0,0.0
135,5,40.43930474782496,0.1678516799999999,41.949486252930576,8.429819737663301,0.0,6.0,0.0,0.0,0.0,0.0,40.43930474782497,0.0,0.0,0.0,0.0
135,6,22.200000000000003,1.06726368,23.02904564315378,25.340325410788658,0.0,3.0,0.0,0.0,0.0,0.0,22.200000000000003,0.0,0.0,0.0,0.0
135,7,22.200000000000003,1.08889584,23.029045643154117,25.83849341078904,0.0,3.0,0.0,0.0,0.0,0.0,22.200000000000003,0.0,0.0,0.0,0.0
135,8,0.0,1.01023344,0.0,0.0,0.0,0.0,0.0,0.0,0.0,0.0,0.0,0.0,0.0,0.0,0.0
135,9,0.0,0.61287264,0.0,0.0,0.0,0.0,0.0,0.0,0.0,0.0,0.0,0.0,0.0,0.0,0.0
135,10,0.0,0.3522456,0.0,0.0,0.0,0.0,0.0,0.0,0.0,0.0,0.0,0.0,0.0,0.0,0.0
135,11,0.0,0.17282592,0.0,0.0,0.0,0.0,0.0,0.0,0.0,0.0,0.0,0.0,0.0,0.0,0.0
135,12,0.0,0.1344201599999999,0.0,0.0,0.0,0.0,0.0,0.0,0.0,0.0,0.0,0.0,0.0,0.0,0.0
135,13,0.0,0.1035336,0.0,0.0,0.0,0.0,0.0,0.0,0.0,0.0,0.0,0.0,0.0,0.0,0.0
135,14,0.0,0.13789056,0.0,0.0,0.0,0.0,0.0,0.0,0.0,0.0,0.0,0.0,0.0,0.0,0.0
135,15,22.200000000000003,0.46237296,23.02904564315452,11.410269410788874,0.0,3.0,0.0,0.0,0.0,0.0,22.200000000000003,0.0,0.0,0.0,0.0
135,16,0.0,0.8508263999999999,0.0,0.0,0.0,0.0,0.0,0.0,0.0,0.0,0.0,0.0,0.0,0.0,0.0
135,17,0.0,0.9289104,0.0,0.0,0.0,0.0,0.0,0.0,0.0,0.0,0.0,0.0,0.0,0.0,0.0
135,18,22.02470559743098,0.9578304,22.847204976588486,22.63998996633282,0.0,3.0,0.0,0.0,0.0,0.0,22.02470559743098,0.0,0.0,0.0,0.0
135,19,43.80143397209251,0.96835728,45.43717217022501,45.503386852485235,0.0,6.0,0.0,0.0,0.0,0.0,43.801433972092525,0.0,0.0,0.0,0.0
135,20,33.59985356532624,0.95586384,34.85461988104356,34.46995871929719,0.0,6.0,0.0,0.0,0.0,0.0,33.599853565326256,0.0,0.0,0.0,0.0
135,21,43.80143397209252,0.20672016,45.43717217022106,10.89674989980996,0.0,6.0,0.0,0.0,0.0,0.0,43.801433972092525,0.0,0.0,0.0,0.0
135,22,7.4,0.0837523199999999,7.676348547717986,0.8969991369294765,0.0,1.0,0.0,0.0,0.0,0.0,7.4,0.0,0.0,0.0,0.0
135,23,43.233517872437055,0.0662846399999999,44.84804758551764,4.457207063989534,0.0,6.0,0.0,0.0,0.0,0.0,43.23351787243707,0.0,0.0,0.0,0.0
136,0,43.80143397209252,0.05888112,45.437172170221686,4.179361985849821,0.0,6.0,0.0,0.0,0.0,0.0,43.801433972092525,0.0,0.0,0.0,0.0
136,1,40.700319417926224,0.0577243199999999,42.220248358845126,3.834625347423221,0.0,6.0,0.0,0.0,0.0,0.0,40.70031941792623,0.0,0.0,0.0,0.0
136,2,43.80143397209251,0.0598065599999999,45.43717217022085,4.221411362462948,0.0,6.0,0.0,0.0,0.0,0.0,43.80143397209252,0.0,0.0,0.0,0.0
136,3,14.8,0.0667473599999999,15.352697095436685,1.5329262738590193,0.0,2.0,0.0,0.0,0.0,0.0,14.8,0.0,0.0,0.0,0.0
136,4,43.80143397209251,0.10029456,45.43717217022106,6.061071589290885,0.0,6.0,0.0,0.0,0.0,0.0,43.80143397209252,0.0,0.0,0.0,0.0
136,5,43.80143397209252,0.88645584,45.43717217022106,41.782017022212244,0.0,6.0,0.0,0.0,0.0,0.0,43.801433972092525,0.0,0.0,0.0,0.0
136,6,32.88145180890884,0.89177712,34.10938984326713,31.546994243198156,0.0,6.0,0.0,0.0,0.0,0.0,32.88145180890886,0.0,0.0,0.0,0.0
136,7,22.200000000000003,0.89085168,23.029045643153882,21.27772541078871,0.0,3.0,0.0,0.0,0.0,0.0,22.200000000000003,0.0,0.0,0.0,0.0
136,8,0.0,0.8503636800000001,0.0,0.0,0.0,0.0,0.0,0.0,0.0,0.0,0.0,0.0,0.0,0.0,0.0
136,9,0.0,0.82618656,0.0,0.0,0.0,0.0,0.0,0.0,0.0,0.0,0.0,0.0,0.0,0.0,0.0
136,10,0.0,0.7131672,0.0,0.0,0.0,0.0,0.0,0.0,0.0,0.0,0.0,0.0,0.0,0.0,0.0
136,11,0.0,0.59309136,0.0,0.0,0.0,0.0,0.0,0.0,0.0,0.0,0.0,0.0,0.0,0.0,0.0
136,12,0.0,0.45334992,0.0,0.0,0.0,0.0,0.0,0.0,0.0,0.0,0.0,0.0,0.0,0.0,0.0
136,13,0.0,0.2348304,0.0,0.0,0.0,0.0,0.0,0.0,0.0,0.0,0.0,0.0,0.0,0.0,0.0
136,14,0.0,0.14217072,0.0,0.0,0.0,0.0,0.0,0.0,0.0,0.0,0.0,0.0,0.0,0.0,0.0
136,15,26.594094962269544,0.47694864,27.58723543803901,14.0708319165316,0.0,4.0,0.0,0.0,0.0,0.0,26.594094962269338,0.0,0.0,0.0,0.0
136,16,0.0,0.6916507199999999,0.0,0.0,0.0,0.0,0.0,0.0,0.0,0.0,0.0,0.0,0.0,0.0,0.0
136,17,0.0,0.6916507199999999,0.0,0.0,0.0,0.0,0.0,0.0,0.0,0.0,0.0,0.0,0.0,0.0,0.0
136,18,43.80143397209251,0.68632944,45.437172170221096,32.68883932960574,0.0,6.0,0.0,0.0,0.0,0.0,43.801433972092525,0.0,0.0,0.0,0.0
136,19,36.81066542360435,0.65683104,38.185337576353575,26.3452496668047,0.0,5.0,0.0,0.0,0.0,0.0,36.81066542360435,0.0,0.0,0.0,0.0
136,20,42.30187577247143,0.56139504,43.88161387185918,26.087401794015477,0.0,6.0,0.0,0.0,0.0,0.0,42.301875772471334,0.0,0.0,0.0,0.0
136,21,7.4,0.20336544,7.676348547717986,1.8151911369294944,0.0,2.0,0.0,0.0,0.0,0.0,7.4,0.0,0.0,0.0,0.0
136,22,43.80143397209252,0.0011568,45.43717217022113,1.5565321196008313,0.0,6.0,0.0,0.0,0.0,0.0,43.801433972092525,0.0,0.0,0.0,0.0
136,23,43.20286794418527,0.00011568,44.81625305413457,1.4886023202451566,0.0,6.0,0.0,0.0,0.0,0.0,43.202867944185286,0.0,0.0,0.0,0.0
137,0,43.80143397209251,-0.00219792,45.437172170221515,1.4041031293779587,0.0,6.0,0.0,0.0,0.0,0.0,43.801433972092525,0.0,0.0,0.0,0.0
137,1,43.80143397209252,-0.0127248,45.43717217022268,0.925791470402721,0.0,6.0,0.0,0.0,0.0,0.0,43.801433972092525,0.0,0.0,0.0,0.0
137,2,38.73684418670669,-0.02336736,40.183448326459555,0.3910910365200332,0.0,6.0,0.0,0.0,0.0,0.0,38.7368441867067,0.0,0.0,0.0,0.0
137,3,30.53407934844882,-0.02302032,31.674356170590563,0.3192673744055782,0.0,6.0,0.0,0.0,0.0,0.0,30.53407934844882,0.0,0.0,0.0,0.0
137,4,43.2317079800534,-0.01179936,44.84617010379048,0.9552521247596035,0.0,6.0,0.0,0.0,0.0,0.0,43.23170798005341,0.0,0.0,0.0,0.0
137,5,29.586225957043176,0.00011568,30.69110576456797,1.019425947922045,0.0,6.0,0.0,0.0,0.0,0.0,29.586225957043176,0.0,0.0,0.0,0.0
137,6,42.132986752366094,0.02811024,43.70641779291124,2.675280322644367,0.0,6.0,0.0,0.0,0.0,0.0,42.13298675236611,0.0,0.0,0.0,0.0
137,7,14.8,0.0399095999999999,15.352697095435897,1.1208942738589351,0.0,2.0,0.0,0.0,0.0,0.0,14.8,0.0,0.0,0.0,0.0
137,8,0.0,0.03805872,0.0,0.0,0.0,0.0,0.0,0.0,0.0,0.0,0.0,0.0,0.0,0.0,0.0
137,9,0.0,0.03424128,0.0,0.0,0.0,0.0,0.0,0.0,0.0,0.0,0.0,0.0,0.0,0.0,0.0
137,10,0.0,0.01885584,0.0,0.0,0.0,0.0,0.0,0.0,0.0,0.0,0.0,0.0,0.0,0.0,0.0
137,11,0.0,0.0055526399999999,0.0,0.0,0.0,0.0,0.0,0.0,0.0,0.0,0.0,0.0,0.0,0.0,0.0
137,12,0.0,0.0005784,0.0,0.0,0.0,0.0,0.0,0.0,0.0,0.0,0.0,0.0,0.0,0.0,0.0
137,13,0.0,0.00092544,0.0,0.0,0.0,0.0,0.0,0.0,0.0,0.0,0.0,0.0,0.0,0.0,0.0
137,14,0.0,0.00080976,0.0,0.0,0.0,0.0,0.0,0.0,0.0,0.0,0.0,0.0,0.0,0.0,0.0
137,15,23.38021165263755,0.03782736,24.25333158987166,1.7202247808741995,0.0,4.0,0.0,0.0,0.0,0.0,23.38021165263755,0.0,0.0,0.0,0.0
137,16,0.0,0.05587344,0.0,0.0,0.0,0.0,0.0,0.0,0.0,0.0,0.0,0.0,0.0,0.0,0.0
137,17,0.0,0.50077872,0.0,0.0,0.0,0.0,0.0,0.0,0.0,0.0,0.0,0.0,0.0,0.0,0.0
137,18,22.200000000000003,0.6990542399999999,23.02904564315392,16.86081341078867,0.0,3.0,0.0,0.0,0.0,0.0,22.200000000000003,0.0,0.0,0.0,0.0
137,19,43.80143397209251,0.66851472,45.43717217022109,31.879388829801467,0.0,6.0,0.0,0.0,0.0,0.0,43.801433972092525,0.0,0.0,0.0,0.0
137,20,43.80143397209251,0.18809568,45.437172170221594,10.050506195469241,0.0,6.0,0.0,0.0,0.0,0.0,43.801433972092525,0.0,0.0,0.0,0.0
137,21,43.80143397209251,0.0,45.43717217022109,1.5039703988343178,0.0,6.0,0.0,0.0,0.0,0.0,43.801433972092525,0.0,0.0,0.0,0.0
137,22,38.94719923014583,-0.0234830399999999,40.40165895243397,0.3885411380792033,0.0,6.0,0.0,0.0,0.0,0.0,38.947199230145834,0.0,0.0,0.0,0.0
137,23,14.8,-0.02417712,15.352697095436044,0.13699027385892432,0.0,2.0,0.0,0.0,0.0,0.0,14.8,0.0,0.0,0.0,0.0
138,0,43.18974507658465,-0.0306552,44.8026401209389,0.10953349456767131,0.0,6.0,0.0,0.0,0.0,0.0,43.18974507658465,0.0,0.0,0.0,0.0
138,1,35.60179837090437,-0.03886848,36.93132611089885,-0.21303761604419777,0.0,5.0,0.0,0.0,0.0,0.0,35.60179837090437,0.0,0.0,0.0,0.0
138,2,37.0,-0.03724896,38.38174273859091,-0.15924431535270414,0.0,5.0,0.0,0.0,0.0,0.0,37.0,0.0,0.0,0.0,0.0
138,3,28.063013003296327,-0.02996112,29.111009339519704,0.0913759649956315,0.0,4.0,0.0,0.0,0.0,0.0,28.063013003296327,0.0,0.0,0.0,0.0
138,4,29.6,-0.02325168,30.70539419087183,0.30239654771784674,0.0,4.0,0.0,0.0,0.0,0.0,29.6,0.0,0.0,0.0,0.0
138,5,43.80143397209252,-0.01284048,45.43717217022141,0.920535298326044,0.0,6.0,0.0,0.0,0.0,0.0,43.801433972092525,0.0,0.0,0.0,0.0
138,6,43.801433972092504,0.11487024,45.437172170220904,6.723349270948908,0.0,6.0,0.0,0.0,0.0,0.0,43.80143397209252,0.0,0.0,0.0,0.0
138,7,43.80143397209251,0.38301648,45.437172170221245,18.907156144626423,0.0,6.0,0.0,0.0,0.0,0.0,43.80143397209252,0.0,0.0,0.0,0.0
138,8,7.4,0.4617945599999999,7.676348547717948,3.7989831369295124,0.0,1.0,0.0,0.0,0.0,0.0,7.4,0.0,0.0,0.0,0.0
138,9,0.0,0.46167888,0.0,0.0,0.0,0.0,0.0,0.0,0.0,0.0,0.0,0.0,0.0,0.0,0.0
138,10,0.0,0.25380192,0.0,0.0,0.0,0.0,0.0,0.0,0.0,0.0,0.0,0.0,0.0,0.0,0.0
138,11,0.0,0.0323904,0.0,0.0,0.0,0.0,0.0,0.0,0.0,0.0,0.0,0.0,0.0,0.0,0.0
138,12,0.0,0.03713328,0.0,0.0,0.0,0.0,0.0,0.0,0.0,0.0,0.0,0.0,0.0,0.0,0.0
138,13,0.0,0.0478915199999999,0.0,0.0,0.0,0.0,0.0,0.0,0.0,0.0,0.0,0.0,0.0,0.0,0.0
138,14,0.0,0.05355984,0.0,0.0,0.0,0.0,0.0,0.0,0.0,0.0,0.0,0.0,0.0,0.0,0.0
138,15,7.4,0.21678432,7.676348547718605,1.918199136929651,0.0,1.0,0.0,0.0,0.0,0.0,7.4,0.0,0.0,0.0,0.0
138,16,0.0,0.46272,0.0,0.0,0.0,0.0,0.0,0.0,0.0,0.0,0.0,0.0,0.0,0.0,0.0
138,17,0.0,0.9780744,0.0,0.0,0.0,0.0,0.0,0.0,0.0,0.0,0.0,0.0,0.0,0.0,0.0
138,18,22.200000000000003,0.98594064,23.02904564315392,23.467533410788782,0.0,3.0,0.0,0.0,0.0,0.0,22.200000000000003,0.0,0.0,0.0,0.0
138,19,43.20286794418445,0.98605632,44.81625305413313,45.674767538839085,0.0,6.0,0.0,0.0,0.0,0.0,43.20286794418445,0.0,0.0,0.0,0.0
138,20,37.0,0.98594064,38.38174273859176,39.1125556846499,0.0,5.0,0.0,0.0,0.0,0.0,37.0,0.0,0.0,0.0,0.0
138,21,36.40143397209252,0.96095376,37.76082362250286,37.53628870264579,0.0,6.0,0.0,0.0,0.0,0.0,36.401433972092526,0.0,0.0,0.0,0.0
138,22,36.51990078092889,0.4626043199999999,37.88371450303873,18.77912093680295,0.0,6.0,0.0,0.0,0.0,0.0,36.51990078092889,0.0,0.0,0.0,0.0
138,23,22.200000000000003,0.06200448,23.029045643154,2.1901654107884267,0.0,3.0,0.0,0.0,0.0,0.0,22.200000000000003,0.0,0.0,0.0,0.0
139,0,43.80143397209252,0.052056,45.43717217022293,3.869247833327504,0.0,6.0,0.0,0.0,0.0,0.0,43.801433972092525,0.0,0.0,0.0,0.0
139,1,22.200000000000003,0.0474288,23.02904564315392,1.8545014107884135,0.0,3.0,0.0,0.0,0.0,0.0,22.200000000000003,0.0,0.0,0.0,0.0
139,2,42.152182755502665,0.04812288,43.726330659236304,3.5515785079754716,0.0,6.0,0.0,0.0,0.0,0.0,42.152182755502665,0.0,0.0,0.0,0.0
139,3,29.6,0.04557792,30.705394190871793,2.415836547717875,0.0,4.0,0.0,0.0,0.0,0.0,29.6,0.0,0.0,0.0,0.0
139,4,33.71461463097745,0.0522873599999999,34.97366662964511,2.986309063025489,0.0,5.0,0.0,0.0,0.0,0.0,33.71461463097745,0.0,0.0,0.0,0.0
139,5,18.11104117712752,0.96234192,18.78738711320492,18.701752699751964,0.0,3.0,0.0,0.0,0.0,0.0,18.11104117712752,0.0,0.0,0.0,0.0
139,6,39.34886095016323,1.1891904,40.818320487721614,49.89184127626544,0.0,6.0,0.0,0.0,0.0,0.0,39.34886095016313,0.0,0.0,0.0,0.0
139,7,37.237570547656624,1.17912624,38.62818521541194,46.8260997217024,0.0,6.0,0.0,0.0,0.0,0.0,37.23757054765664,0.0,0.0,0.0,0.0
139,8,0.0,1.0185624,0.0,0.0,0.0,0.0,0.0,0.0,0.0,0.0,0.0,0.0,0.0,0.0,0.0
139,9,0.0,0.46167888,0.0,0.0,0.0,0.0,0.0,0.0,0.0,0.0,0.0,0.0,0.0,0.0,0.0
139,10,0.0,0.1839312,0.0,0.0,0.0,0.0,0.0,0.0,0.0,0.0,0.0,0.0,0.0,0.0,0.0
139,11,0.0,0.11556432,0.0,0.0,0.0,0.0,0.0,0.0,0.0,0.0,0.0,0.0,0.0,0.0,0.0
139,12,0.0,0.08421504,0.0,0.0,0.0,0.0,0.0,0.0,0.0,0.0,0.0,0.0,0.0,0.0,0.0
139,13,0.0,0.05506368,0.0,0.0,0.0,0.0,0.0,0.0,0.0,0.0,0.0,0.0,0.0,0.0,0.0
139,14,0.0,0.0536755199999999,0.0,0.0,0.0,0.0,0.0,0.0,0.0,0.0,0.0,0.0,0.0,0.0,0.0
139,15,13.352265297654588,0.06952368,13.85089761167573,1.4214300842133745,0.0,3.0,0.0,0.0,0.0,0.0,13.352265297654588,0.0,0.0,0.0,0.0
139,16,0.0,0.09323808,0.0,0.0,0.0,0.0,0.0,0.0,0.0,0.0,0.0,0.0,0.0,0.0,0.0
139,17,7.4,0.11568,7.676348547717986,1.1420871369294818,0.0,1.0,0.0,0.0,0.0,0.0,7.4,0.0,0.0,0.0,0.0
139,18,0.0,0.2312443199999999,0.0,0.0,0.0,1.0,0.0,0.0,0.0,0.0,0.0,0.0,0.0,0.0,0.0
139,19,22.064164754306404,0.12620688,22.888137711936356,3.646237807898919,0.0,3.0,0.0,0.0,0.0,0.0,22.064164754306404,0.0,0.0,0.0,0.0
139,20,43.801433972092426,0.03852144,45.437172170223306,3.254275700359318,0.0,6.0,0.0,0.0,0.0,0.0,43.801433972092426,0.0,0.0,0.0,0.0
139,21,29.6,0.0212851199999999,30.70539419087183,1.6699165477178641,0.0,4.0,0.0,0.0,0.0,0.0,29.6,0.0,0.0,0.0,0.0
139,22,14.8,0.00508992,15.35269709543596,0.5863182738589316,0.0,2.0,0.0,0.0,0.0,0.0,14.8,0.0,0.0,0.0,0.0
139,23,41.46488299578873,0.1145232,43.01336410351592,6.349770451726152,0.0,6.0,0.0,0.0,0.0,0.0,41.46488299578874,0.0,0.0,0.0,0.0
140,0,36.40143397209251,0.0718372799999999,37.7608236225027,3.9625181215051763,0.0,6.0,0.0,0.0,0.0,0.0,36.401433972092526,0.0,0.0,0.0,0.0
140,1,37.0,0.05864976,38.381742738590205,3.521515684647394,0.0,5.0,0.0,0.0,0.0,0.0,37.0,0.0,0.0,0.0,0.0
140,2,35.40829875518413,0.0655905599999999,36.73060036844841,3.6249635194983756,0.0,6.0,0.0,0.0,0.0,0.0,35.40829875518413,0.0,0.0,0.0,0.0
140,3,29.6,0.01422864,30.70539419087207,1.4532445477178757,0.0,4.0,0.0,0.0,0.0,0.0,29.6,0.0,0.0,0.0,0.0
140,4,43.202867944182486,0.01492272,44.81625305413216,2.1521983718677338,0.0,6.0,0.0,0.0,0.0,0.0,43.20286794418249,0.0,0.0,0.0,0.0
140,5,29.52055990007983,0.02730048,30.62298744821554,1.8496431409061933,0.0,4.0,0.0,0.0,0.0,0.0,29.520559900079732,0.0,0.0,0.0,0.0
140,6,7.4,0.05055216,7.676348547717986,0.6421431369294726,0.0,1.0,0.0,0.0,0.0,0.0,7.4,0.0,0.0,0.0,0.0
140,7,35.24259277243054,0.0570302399999999,36.558706195470464,3.2950449634872356,0.0,5.0,0.0,0.0,0.0,0.0,35.24259277243054,0.0,0.0,0.0,0.0
140,8,36.40143397209251,0.0572616,37.7608236225032,3.412128439847186,0.0,6.0,0.0,0.0,0.0,0.0,36.401433972092526,0.0,0.0,0.0,0.0
140,9,27.372720010833767,0.05008944,28.3949377705748,2.362158971968966,0.0,4.0,0.0,0.0,0.0,0.0,27.372720010833767,0.0,0.0,0.0,0.0
140,10,0.0,0.00439584,0.0,0.0,0.0,1.0,0.0,0.0,0.0,0.0,0.0,0.0,0.0,0.0,0.0
140,11,0.0,-0.0017352,0.0,0.0,0.0,0.0,0.0,0.0,0.0,0.0,0.0,0.0,0.0,0.0,0.0
140,12,0.0,-0.0063624,0.0,0.0,0.0,0.0,0.0,0.0,0.0,0.0,0.0,0.0,0.0,0.0,0.0
140,13,0.0,-0.0010411199999999,0.0,0.0,0.0,0.0,0.0,0.0,0.0,0.0,0.0,0.0,0.0,0.0,0.0
140,14,0.0,0.0,0.0,0.0,0.0,0.0,0.0,0.0,0.0,0.0,0.0,0.0,0.0,0.0,0.0
140,15,22.200000000000003,0.01526976,23.02904564315348,1.1139094107883794,0.0,3.0,0.0,0.0,0.0,0.0,22.200000000000003,0.0,0.0,0.0,0.0
140,16,0.0,0.07623312,0.0,0.0,0.0,0.0,0.0,0.0,0.0,0.0,0.0,0.0,0.0,0.0,0.0
140,17,0.0,0.4624886399999999,0.0,0.0,0.0,0.0,0.0,0.0,0.0,0.0,0.0,0.0,0.0,0.0,0.0
140,18,0.0,0.54091968,0.0,0.0,0.0,0.0,0.0,0.0,0.0,0.0,0.0,0.0,0.0,0.0,0.0
140,19,7.4,0.43923696,7.676348547717948,3.625823136929511,0.0,1.0,0.0,0.0,0.0,0.0,7.4,0.0,0.0,0.0,0.0
140,20,43.80143397209049,0.07357248,45.437172170217295,4.84689583958406,0.0,6.0,0.0,0.0,0.0,0.0,43.801433972090386,0.0,0.0,0.0,0.0
140,21,7.4,0.02730048,7.676348547717986,0.4636551369294692,0.0,1.0,0.0,0.0,0.0,0.0,7.4,0.0,0.0,0.0,0.0
140,22,7.4,0.008676,7.67634854771812,0.3206871369294721,0.0,1.0,0.0,0.0,0.0,0.0,7.4,0.0,0.0,0.0,0.0
140,23,43.80143397209251,0.00508992,45.43717217022298,1.7352419702070416,0.0,6.0,0.0,0.0,0.0,0.0,43.801433972092525,0.0,0.0,0.0,0.0
141,0,7.4,0.0005784,7.676348547717613,0.25852713692945284,0.0,1.0,0.0,0.0,0.0,0.0,7.4,0.0,0.0,0.0,0.0
141,1,29.6,0.0,30.70539419087209,1.0163485477178662,0.0,4.0,0.0,0.0,0.0,0.0,29.6,0.0,0.0,0.0,0.0
141,2,22.200000000000003,-0.0003470399999999,23.029045643153683,0.7542694107883892,0.0,3.0,0.0,0.0,0.0,0.0,22.200000000000003,0.0,0.0,0.0,0.0
141,3,22.200000000000003,0.00011568,23.029045643153882,0.7649254107883936,0.0,3.0,0.0,0.0,0.0,0.0,22.200000000000003,0.0,0.0,0.0,0.0
141,4,43.801433972093434,0.00023136,45.43717217022498,1.5144827429877499,0.0,6.0,0.0,0.0,0.0,0.0,43.801433972093434,0.0,0.0,0.0,0.0
141,5,37.0,0.0143443199999999,38.381742738592195,1.8209956846474404,0.0,5.0,0.0,0.0,0.0,0.0,37.0,0.0,0.0,0.0,0.0
141,6,29.6,0.0297297599999999,30.705394190871296,1.9292125477178348,0.0,4.0,0.0,0.0,0.0,0.0,29.6,0.0,0.0,0.0,0.0
141,7,14.8,0.03909984,15.352697095435897,1.1084622738589363,0.0,2.0,0.0,0.0,0.0,0.0,14.8,0.0,0.0,0.0,0.0
141,8,43.80143397209251,0.02475552,45.43717217022116,2.628791223237673,0.0,6.0,0.0,0.0,0.0,0.0,43.801433972092525,0.0,0.0,0.0,0.0
141,9,43.80143397209251,0.0,45.437172170221054,1.5039703988343167,0.0,6.0,0.0,0.0,0.0,0.0,43.801433972092525,0.0,0.0,0.0,0.0
141,10,0.0,-0.0055526399999999,0.0,0.0,0.0,0.0,0.0,0.0,0.0,0.0,0.0,0.0,0.0,0.0,0.0
141,11,0.0,-0.0445368,0.0,0.0,0.0,0.0,0.0,0.0,0.0,0.0,0.0,0.0,0.0,0.0,0.0
141,12,0.0,-0.05784,0.0,0.0,0.0,0.0,0.0,0.0,0.0,0.0,0.0,0.0,0.0,0.0,0.0
141,13,0.0,-0.05136192,0.0,0.0,0.0,0.0,0.0,0.0,0.0,0.0,0.0,0.0,0.0,0.0,0.0
141,14,0.0,-0.0404879999999999,0.0,0.0,0.0,0.0,0.0,0.0,0.0,0.0,0.0,0.0,0.0,0.0,0.0
141,15,14.8,-0.00474288,15.352697095435746,0.4353582738589229,0.0,2.0,0.0,0.0,0.0,0.0,14.8,0.0,0.0,0.0,0.0
141,16,0.0,0.02568096,0.0,0.0,0.0,0.0,0.0,0.0,0.0,0.0,0.0,0.0,0.0,0.0,0.0
141,17,0.0,0.47822112,0.0,0.0,0.0,0.0,0.0,0.0,0.0,0.0,0.0,0.0,0.0,0.0,0.0
141,18,0.0,0.80247216,0.0,0.0,0.0,0.0,0.0,0.0,0.0,0.0,0.0,0.0,0.0,0.0,0.0
141,19,38.74181643730229,0.8678313599999999,40.1886062627621,36.20717569681478,0.0,6.0,0.0,0.0,0.0,0.0,38.74181643730219,0.0,0.0,0.0,0.0
141,20,42.31982451372696,0.8109167999999999,43.90023289805737,37.052534089873106,0.0,6.0,0.0,0.0,0.0,0.0,42.319824513726964,0.0,0.0,0.0,0.0
141,21,41.71993990671682,0.4575144,43.27794596132455,21.232783491047662,0.0,6.0,0.0,0.0,0.0,0.0,41.71993990671683,0.0,0.0,0.0,0.0
141,22,36.40143397209252,0.03794304,37.76082362250303,2.682643703046428,0.0,6.0,0.0,0.0,0.0,0.0,36.401433972092526,0.0,0.0,0.0,0.0
141,23,37.0,0.04557792,38.38174273858984,3.0197956846473524,0.0,6.0,0.0,0.0,0.0,0.0,37.0,0.0,0.0,0.0,0.0
142,0,29.6,0.04592496,30.70539419087183,2.4264925477178787,0.0,4.0,0.0,0.0,0.0,0.0,29.6,0.0,0.0,0.0,0.0
142,1,35.95369930536109,0.0474288,37.296368574026005,3.0034318056240252,0.0,6.0,0.0,0.0,0.0,0.0,35.95369930536112,0.0,0.0,0.0,0.0
142,2,29.6,0.04638768,30.7053941908718,2.440700547717877,0.0,4.0,0.0,0.0,0.0,0.0,29.6,0.0,0.0,0.0,0.0
142,3,29.6,0.05078352,30.705394190871083,2.575676547717818,0.0,4.0,0.0,0.0,0.0,0.0,29.6,0.0,0.0,0.0,0.0
142,4,37.0,0.07206864,38.38174273858827,4.036555684647205,0.0,5.0,0.0,0.0,0.0,0.0,37.0,0.0,0.0,0.0,0.0
142,5,43.20286794418523,0.1544327999999999,44.81625305413447,8.404517420750382,0.0,6.0,0.0,0.0,0.0,0.0,43.202867944185236,0.0,0.0,0.0,0.0
142,6,14.8,0.88981056,15.352697095436135,14.169166273859336,0.0,2.0,0.0,0.0,0.0,0.0,14.8,0.0,0.0,0.0,0.0
142,7,0.0,1.02006624,0.0,0.0,0.0,0.0,0.0,0.0,0.0,0.0,0.0,0.0,0.0,0.0,0.0
142,8,0.0,0.93168672,0.0,0.0,0.0,1.0,0.0,0.0,0.0,0.0,0.0,0.0,0.0,0.0,0.0
142,9,0.0,0.66296208,0.0,0.0,0.0,0.0,0.0,0.0,0.0,0.0,0.0,0.0,0.0,0.0,0.0
142,10,0.0,0.6935016,0.0,0.0,0.0,0.0,0.0,0.0,0.0,0.0,0.0,0.0,0.0,0.0,0.0
142,11,0.0,0.23216976,0.0,0.0,0.0,0.0,0.0,0.0,0.0,0.0,0.0,0.0,0.0,0.0,0.0
142,12,0.0,0.19943232,0.0,0.0,0.0,0.0,0.0,0.0,0.0,0.0,0.0,0.0,0.0,0.0,0.0
142,13,0.0,0.18601344,0.0,0.0,0.0,0.0,0.0,0.0,0.0,0.0,0.0,0.0,0.0,0.0,0.0
142,14,0.0,0.167736,0.0,0.0,0.0,0.0,0.0,0.0,0.0,0.0,0.0,0.0,0.0,0.0,0.0
142,15,7.4,0.2312443199999999,7.676348547717941,2.029199136929486,0.0,1.0,0.0,0.0,0.0,0.0,7.4,0.0,0.0,0.0,0.0
142,16,0.0,0.8160067200000001,0.0,0.0,0.0,0.0,0.0,0.0,0.0,0.0,0.0,0.0,0.0,0.0,0.0
142,17,0.0,0.82526112,0.0,0.0,0.0,0.0,0.0,0.0,0.0,0.0,0.0,0.0,0.0,0.0,0.0
142,18,25.592998235756298,0.8638982400000002,26.548753356595853,23.81418503506058,0.0,4.0,0.0,0.0,0.0,0.0,25.592998235756298,0.0,0.0,0.0,0.0
142,19,34.13521080536554,0.8510577599999999,35.409969715109874,31.307999504979385,0.0,6.0,0.0,0.0,0.0,0.0,34.13521080536554,0.0,0.0,0.0,0.0
142,20,37.0,0.5309712,38.38174273858991,21.650035684647694,0.0,5.0,0.0,0.0,0.0,0.0,37.0,0.0,0.0,0.0,0.0
142,21,37.0,0.0536755199999999,38.38174273859085,3.3305956846474416,0.0,5.0,0.0,0.0,0.0,0.0,37.0,0.0,0.0,0.0,0.0
142,22,22.200000000000003,0.03632352,23.02904564315402,1.5987574107884157,0.0,3.0,0.0,0.0,0.0,0.0,22.200000000000003,0.0,0.0,0.0,0.0
142,23,36.40143397209251,0.03285312,37.76082362250329,2.490444131673794,0.0,6.0,0.0,0.0,0.0,0.0,36.401433972092526,0.0,0.0,0.0,0.0
143,0,29.6,0.0266064,30.705394190871736,1.8333085477178641,0.0,4.0,0.0,0.0,0.0,0.0,29.6,0.0,0.0,0.0,0.0
143,1,38.488062214691034,0.0196656,39.925375741381174,2.1066864062194224,0.0,6.0,0.0,0.0,0.0,0.0,38.48806221469105,0.0,0.0,0.0,0.0
143,2,14.8,0.0196656,15.352697095435929,0.8100942738589341,0.0,2.0,0.0,0.0,0.0,0.0,14.8,0.0,0.0,0.0,0.0
143,3,29.6,0.0277632,30.705394190871743,1.868828547717865,0.0,4.0,0.0,0.0,0.0,0.0,29.6,0.0,0.0,0.0,0.0
143,4,39.1628118262971,0.04523088,40.62532347126302,3.182217337788687,0.0,6.0,0.0,0.0,0.0,0.0,39.162811826297116,0.0,0.0,0.0,0.0
143,5,31.839436754533644,0.1151016,33.028461363624544,4.894870819627339,0.0,6.0,0.0,0.0,0.0,0.0,31.839436754533644,0.0,0.0,0.0,0.0
143,6,43.80143397209251,0.8266492799999998,45.43717217022101,39.06457605858354,0.0,6.0,0.0,0.0,0.0,0.0,43.801433972092525,0.0,0.0,0.0,0.0
143,7,36.66496487779863,0.8599651199999999,38.03419593133061,33.96701375351728,0.0,5.0,0.0,0.0,0.0,0.0,36.66496487779863,0.0,0.0,0.0,0.0
143,8,0.0,0.8105697599999998,0.0,0.0,0.0,0.0,0.0,0.0,0.0,0.0,0.0,0.0,0.0,0.0,0.0
143,9,0.0,0.69743472,0.0,0.0,0.0,0.0,0.0,0.0,0.0,0.0,0.0,0.0,0.0,0.0,0.0
143,10,0.0,0.5204443200000001,0.0,0.0,0.0,0.0,0.0,0.0,0.0,0.0,0.0,0.0,0.0,0.0,0.0
143,11,0.0,0.31719456,0.0,0.0,0.0,0.0,0.0,0.0,0.0,0.0,0.0,0.0,0.0,0.0,0.0
143,12,0.0,0.2325168,0.0,0.0,0.0,0.0,0.0,0.0,0.0,0.0,0.0,0.0,0.0,0.0,0.0
143,13,0.0,0.06616896,0.0,0.0,0.0,0.0,0.0,0.0,0.0,0.0,0.0,0.0,0.0,0.0,0.0
143,14,0.0,0.05008944,0.0,0.0,0.0,0.0,0.0,0.0,0.0,0.0,0.0,0.0,0.0,0.0,0.0
143,15,14.8,0.14818608,15.352697095436328,2.7832302738590373,0.0,2.0,0.0,0.0,0.0,0.0,14.8,0.0,0.0,0.0,0.0
143,16,0.0,0.62397792,0.0,0.0,0.0,0.0,0.0,0.0,0.0,0.0,0.0,0.0,0.0,0.0,0.0
143,17,0.0,0.70877136,0.0,0.0,0.0,0.0,0.0,0.0,0.0,0.0,0.0,0.0,0.0,0.0,0.0
143,18,38.90094022234081,0.77366784,40.35367242981462,32.55604514226909,0.0,6.0,0.0,0.0,0.0,0.0,38.90094022234081,0.0,0.0,0.0,0.0
143,19,36.945102463011416,0.7804929599999999,38.324795086112545,31.18078347550376,0.0,5.0,0.0,0.0,0.0,0.0,36.945102463011416,0.0,0.0,0.0,0.0
143,20,32.73615942118319,0.79379616,33.958671598738576,28.080295143697988,0.0,5.0,0.0,0.0,0.0,0.0,32.73615942118319,0.0,0.0,0.0,0.0
143,21,26.92454783316868,0.23031888,27.930028872582213,7.35729692398327,0.0,4.0,0.0,0.0,0.0,0.0,26.92454783316868,0.0,0.0,0.0,0.0
143,22,7.4,0.03053952,7.676348547717948,0.48851913692946736,0.0,1.0,0.0,0.0,0.0,0.0,7.4,0.0,0.0,0.0,0.0
143,23,38.15228612210594,0.02811024,39.57706029264141,2.422521359007051,0.0,6.0,0.0,0.0,0.0,0.0,38.15228612210585,0.0,0.0,0.0,0.0
144,0,36.498199166834,0.01746768,37.86120245522249,1.9145531701709047,0.0,6.0,0.0,0.0,0.0,0.0,36.498199166834,0.0,0.0,0.0,0.0
144,1,14.8,0.01769904,15.352697095436163,0.7799022738589454,0.0,2.0,0.0,0.0,0.0,0.0,14.8,0.0,0.0,0.0,0.0
144,2,33.09768361059356,0.01769904,34.33369669148763,1.744118831578748,0.0,5.0,0.0,0.0,0.0,0.0,33.09768361059356,0.0,0.0,0.0,0.0
144,3,41.86201345915115,0.01492272,43.42532516509509,2.085402231312315,0.0,6.0,0.0,0.0,0.0,0.0,41.86201345915115,0.0,0.0,0.0,0.0
144,4,14.8,0.0150383999999999,15.352697095435643,0.7390542738589176,0.0,2.0,0.0,0.0,0.0,0.0,14.8,0.0,0.0,0.0,0.0
144,5,43.80143397209252,0.7865083199999999,45.43717217022133,37.240684347985855,0.0,6.0,0.0,0.0,0.0,0.0,43.801433972092525,0.0,0.0,0.0,0.0
144,6,40.2723967479086,0.88414224,41.77634517418002,38.31902842657807,0.0,6.0,0.0,0.0,0.0,0.0,40.27239674790862,0.0,0.0,0.0,0.0
144,7,20.726835289885372,0.99565776,21.50086648328371,22.119183241402023,0.0,4.0,0.0,0.0,0.0,0.0,20.726835289885372,0.0,0.0,0.0,0.0
144,8,0.0,0.87465648,0.0,0.0,0.0,0.0,0.0,0.0,0.0,0.0,0.0,0.0,0.0,0.0,0.0
144,9,0.0,0.7935647999999998,0.0,0.0,0.0,0.0,0.0,0.0,0.0,0.0,0.0,0.0,0.0,0.0,0.0
144,10,0.0,0.0469660799999999,0.0,0.0,0.0,0.0,0.0,0.0,0.0,0.0,0.0,0.0,0.0,0.0,0.0
144,11,0.0,-0.0223262399999999,0.0,0.0,0.0,0.0,0.0,0.0,0.0,0.0,0.0,0.0,0.0,0.0,0.0
144,12,0.0,-0.02961408,0.0,0.0,0.0,0.0,0.0,0.0,0.0,0.0,0.0,0.0,0.0,0.0,0.0
144,13,0.0,-0.02984544,0.0,0.0,0.0,0.0,0.0,0.0,0.0,0.0,0.0,0.0,0.0,0.0,0.0
144,14,0.0,-0.0293827199999999,0.0,0.0,0.0,0.0,0.0,0.0,0.0,0.0,0.0,0.0,0.0,0.0,0.0
144,15,20.027346941179918,-0.02209488,20.775256163050244,0.22863418710510744,0.0,3.0,0.0,0.0,0.0,0.0,20.027346941179918,0.0,0.0,0.0,0.0
144,16,14.8,-0.0046272,15.352697095435897,0.43713427385892717,0.0,2.0,0.0,0.0,0.0,0.0,14.8,0.0,0.0,0.0,0.0
144,17,0.0,-0.00046272,0.0,0.0,0.0,0.0,0.0,0.0,0.0,0.0,0.0,0.0,0.0,0.0,0.0
144,18,35.408298755186685,-0.00023136,36.7306003684514,1.2072848804944964,0.0,5.0,0.0,0.0,0.0,0.0,35.408298755186685,0.0,0.0,0.0,0.0
144,19,43.16188655101971,-0.00011568,44.773741235500175,1.4768314085089331,0.0,6.0,0.0,0.0,0.0,0.0,43.16188655101971,0.0,0.0,0.0,0.0
144,20,27.431051228297164,0.0,28.455447332259187,0.9418753066977791,0.0,4.0,0.0,0.0,0.0,0.0,27.431051228297164,0.0,0.0,0.0,0.0
144,21,43.80143397209297,-0.0013881599999999,45.43717217022217,1.4408963339145424,0.0,7.0,0.0,0.0,0.0,0.0,43.80143397209299,0.0,0.0,0.0,0.0
144,22,36.40143397209251,-0.0237144,37.76082362250333,0.3544079861913672,0.0,6.0,0.0,0.0,0.0,0.0,36.401433972092526,0.0,0.0,0.0,0.0
144,23,29.6,-0.03551376,30.70539419087183,-0.07411545228215881,0.0,4.0,0.0,0.0,0.0,0.0,29.6,0.0,0.0,0.0,0.0
145,0,43.80143397209252,-0.0381744,45.43717217022099,-0.23056638646056937,0.0,6.0,0.0,0.0,0.0,0.0,43.801433972092525,0.0,0.0,0.0,0.0
145,1,37.0,-0.03805872,38.38174273858989,-0.19032431535270047,0.0,5.0,0.0,0.0,0.0,0.0,37.0,0.0,0.0,0.0,0.0
145,2,25.53190282079096,-0.0393312,26.48537637011784,-0.16503567723747828,0.0,4.0,0.0,0.0,0.0,0.0,25.53190282079096,0.0,0.0,0.0,0.0
145,3,14.8,-0.03805872,15.352697095435897,-0.07612972614107989,0.0,2.0,0.0,0.0,0.0,0.0,14.8,0.0,0.0,0.0,0.0
145,4,38.11435013600808,-0.0242928,39.53770760996739,0.34821649846250474,0.0,6.0,0.0,0.0,0.0,0.0,38.114350136007985,0.0,0.0,0.0,0.0
145,5,43.80143397209251,-0.0005784,45.4371721702204,1.4776895384510393,0.0,6.0,0.0,0.0,0.0,0.0,43.801433972092525,0.0,0.0,0.0,0.0
145,6,43.73699252378486,0.6472296,45.37032419479889,30.866774511317846,0.0,6.0,0.0,0.0,0.0,0.0,43.736992523784885,0.0,0.0,0.0,0.0
145,7,7.4,0.78986304,7.676348547717948,6.317351136929547,0.0,1.0,0.0,0.0,0.0,0.0,7.4,0.0,0.0,0.0,0.0
145,8,0.0,0.71270448,0.0,0.0,0.0,0.0,0.0,0.0,0.0,0.0,0.0,0.0,0.0,0.0,0.0
145,9,0.0,0.65636832,0.0,0.0,0.0,0.0,0.0,0.0,0.0,0.0,0.0,0.0,0.0,0.0,0.0
145,10,0.0,0.5205599999999999,0.0,0.0,0.0,0.0,0.0,0.0,0.0,0.0,0.0,0.0,0.0,0.0,0.0
145,11,0.0,-0.0070564799999999,0.0,0.0,0.0,0.0,0.0,0.0,0.0,0.0,0.0,0.0,0.0,0.0,0.0
145,12,0.0,-0.02209488,0.0,0.0,0.0,0.0,0.0,0.0,0.0,0.0,0.0,0.0,0.0,0.0,0.0
145,13,0.0,-0.02359872,0.0,0.0,0.0,0.0,0.0,0.0,0.0,0.0,0.0,0.0,0.0,0.0,0.0
145,14,0.0,-0.0286886399999999,0.0,0.0,0.0,0.0,0.0,0.0,0.0,0.0,0.0,0.0,0.0,0.0,0.0
145,15,35.618416628751476,-0.02383008,36.94856496758497,0.3425102413643152,0.0,6.0,0.0,0.0,0.0,0.0,35.6184166287515,0.0,0.0,0.0,0.0
145,16,0.0,0.1149859199999999,0.0,0.0,0.0,0.0,0.0,0.0,0.0,0.0,0.0,0.0,0.0,0.0,0.0
145,17,0.0,0.66064848,0.0,0.0,0.0,0.0,0.0,0.0,0.0,0.0,0.0,0.0,0.0,0.0,0.0
145,18,7.4,0.6721008,7.676348547717948,5.413367136929536,0.0,1.0,0.0,0.0,0.0,0.0,7.4,0.0,0.0,0.0,0.0
145,19,43.8014339720925,0.68147088,45.43717217022252,32.46808010238742,0.0,7.0,0.0,0.0,0.0,0.0,43.801433972092525,0.0,0.0,0.0,0.0
145,20,42.05248423778281,0.1147545599999999,43.622908960358,6.449846010253784,0.0,6.0,0.0,0.0,0.0,0.0,42.05248423778282,0.0,0.0,0.0,0.0
145,21,40.44037823097233,0.01550112,41.95059982466059,2.0388461361503083,0.0,6.0,0.0,0.0,0.0,0.0,40.440378230972335,0.0,0.0,0.0,0.0
145,22,22.200000000000003,-0.0005784,23.029045643153914,0.7489414107883943,0.0,3.0,0.0,0.0,0.0,0.0,22.200000000000003,0.0,0.0,0.0,0.0
145,23,38.670010240087414,0.00011568,40.114118506315435,1.3324177237878514,0.0,6.0,0.0,0.0,0.0,0.0,38.670010240087414,0.0,0.0,0.0,0.0
146,0,37.0,-0.00046272,38.38174273858947,1.2526756846473113,0.0,5.0,0.0,0.0,0.0,0.0,37.0,0.0,0.0,0.0,0.0
146,1,36.24171467856474,-0.00092544,37.595139708055136,1.2096070782452022,0.0,6.0,0.0,0.0,0.0,0.0,36.24171467856476,0.0,0.0,0.0,0.0
146,2,37.0,-0.0010411199999999,38.38174273858978,1.2304756846473248,0.0,5.0,0.0,0.0,0.0,0.0,37.0,0.0,0.0,0.0,0.0
146,3,43.80143397209251,-0.00023136,45.4371721702211,1.4934580546810161,0.0,6.0,0.0,0.0,0.0,0.0,43.801433972092525,0.0,0.0,0.0,0.0
146,4,43.215953606237115,0.01573248,44.829827392363455,2.1891516495410404,0.0,6.0,0.0,0.0,0.0,0.0,43.215953606237115,0.0,0.0,0.0,0.0
146,5,43.80143397209251,0.0248712,45.43717217022085,2.634047395314307,0.0,6.0,0.0,0.0,0.0,0.0,43.801433972092525,0.0,0.0,0.0,0.0
146,6,43.80143397209036,0.4644552,45.43717217021879,22.60750128658764,0.0,6.0,0.0,0.0,0.0,0.0,43.80143397209036,0.0,0.0,0.0,0.0
146,7,7.4,0.6069729599999999,7.67634854771772,4.9134231369293815,0.0,1.0,0.0,0.0,0.0,0.0,7.4,0.0,0.0,0.0,0.0
146,8,0.0,0.33177024,0.0,0.0,0.0,0.0,0.0,0.0,0.0,0.0,0.0,0.0,0.0,0.0,0.0
146,9,0.0,0.1700496,0.0,0.0,0.0,0.0,0.0,0.0,0.0,0.0,0.0,0.0,0.0,0.0,0.0
146,10,0.0,0.04592496,0.0,0.0,0.0,0.0,0.0,0.0,0.0,0.0,0.0,0.0,0.0,0.0,0.0
146,11,0.0,0.02440848,0.0,0.0,0.0,0.0,0.0,0.0,0.0,0.0,0.0,0.0,0.0,0.0,0.0
146,12,0.0,0.01122096,0.0,0.0,0.0,0.0,0.0,0.0,0.0,0.0,0.0,0.0,0.0,0.0,0.0
146,13,0.0,0.0,0.0,0.0,0.0,0.0,0.0,0.0,0.0,0.0,0.0,0.0,0.0,0.0,0.0
146,14,0.0,0.00080976,0.0,0.0,0.0,0.0,0.0,0.0,0.0,0.0,0.0,0.0,0.0,0.0,0.0
146,15,22.200000000000003,0.0159638399999999,23.02904564314768,1.1298934107880925,0.0,3.0,0.0,0.0,0.0,0.0,22.200000000000003,0.0,0.0,0.0,0.0
146,16,0.0,0.03516672,0.0,0.0,0.0,0.0,0.0,0.0,0.0,0.0,0.0,0.0,0.0,0.0,0.0
146,17,7.4,0.11984448,7.676348547717948,1.1740551369294767,0.0,1.0,0.0,0.0,0.0,0.0,7.4,0.0,0.0,0.0,0.0
146,18,14.8,0.6807768,15.352697095435616,10.959934273858874,0.0,2.0,0.0,0.0,0.0,0.0,14.8,0.0,0.0,0.0,0.0
146,19,37.0,0.67545552,38.38174273858965,27.195595684647614,0.0,5.0,0.0,0.0,0.0,0.0,37.0,0.0,0.0,0.0,0.0
146,20,37.0,0.6553272,38.38174273859292,26.423035684649857,0.0,5.0,0.0,0.0,0.0,0.0,37.0,0.0,0.0,0.0,0.0
146,21,40.81779225824518,0.17317296,42.34210815170712,8.734031981092755,0.0,6.0,0.0,0.0,0.0,0.0,40.81779225824518,0.0,0.0,0.0,0.0
146,22,14.8,0.02556528,15.352697095435934,0.9006702738589358,0.0,2.0,0.0,0.0,0.0,0.0,14.8,0.0,0.0,0.0,0.0
146,23,43.572733937921946,0.31846704,45.19993147087448,15.890806115418187,0.0,6.0,0.0,0.0,0.0,0.0,43.57273393792196,0.0,0.0,0.0,0.0
147,0,37.0,0.0685982399999999,38.381742738592166,3.903355684647599,0.0,5.0,0.0,0.0,0.0,0.0,37.0,0.0,0.0,0.0,0.0
147,1,43.40686478309687,0.0683668799999999,45.02786803225877,4.568837282285032,0.0,6.0,0.0,0.0,0.0,0.0,43.40686478309687,0.0,0.0,0.0,0.0
147,2,14.8,0.04927968,15.352697095435971,1.2647502738589447,0.0,2.0,0.0,0.0,0.0,0.0,14.8,0.0,0.0,0.0,0.0
147,3,12.723651452281524,0.04731312,13.198808560458156,1.0613573766291489,0.0,2.0,0.0,0.0,0.0,0.0,12.723651452281524,0.0,0.0,0.0,0.0
147,4,43.80143397208992,0.0766958399999999,45.43717217021841,4.988812485653749,0.0,6.0,0.0,0.0,0.0,0.0,43.80143397208992,0.0,0.0,0.0,0.0
147,5,40.688770656505525,0.11568,42.20826831587757,6.2797461600362645,0.0,6.0,0.0,0.0,0.0,0.0,40.688770656505525,0.0,0.0,0.0,0.0
147,6,38.682088322585166,0.2041752,40.126647637536834,9.521058343526079,0.0,6.0,0.0,0.0,0.0,0.0,38.682088322585166,0.0,0.0,0.0,0.0
147,7,43.80143397209251,0.35756688,45.43717217022406,17.75079828776426,0.0,6.0,0.0,0.0,0.0,0.0,43.801433972092525,0.0,0.0,0.0,0.0
147,8,43.80143397209252,0.1516564799999999,45.437172170221324,8.394811991324048,0.0,6.0,0.0,0.0,0.0,0.0,43.801433972092525,0.0,0.0,0.0,0.0
147,9,7.4,0.08953632,7.676348547717948,0.9413991369294735,0.0,1.0,0.0,0.0,0.0,0.0,7.4,0.0,0.0,0.0,0.0
147,10,0.0,0.01712064,0.0,0.0,0.0,0.0,0.0,0.0,0.0,0.0,0.0,0.0,0.0,0.0,0.0
147,11,0.0,0.0,0.0,0.0,0.0,0.0,0.0,0.0,0.0,0.0,0.0,0.0,0.0,0.0,0.0
147,12,0.0,-0.02672208,0.0,0.0,0.0,0.0,0.0,0.0,0.0,0.0,0.0,0.0,0.0,0.0,0.0
147,13,0.0,-0.0225576,0.0,0.0,0.0,0.0,0.0,0.0,0.0,0.0,0.0,0.0,0.0,0.0,0.0
147,14,0.0,0.0046272,0.0,0.0,0.0,0.0,0.0,0.0,0.0,0.0,0.0,0.0,0.0,0.0,0.0
147,15,7.4,0.01827744,7.676348547717934,0.39439113692946526,0.0,1.0,0.0,0.0,0.0,0.0,7.4,0.0,0.0,0.0,0.0
147,16,0.0,0.01954992,0.0,0.0,0.0,0.0,0.0,0.0,0.0,0.0,0.0,0.0,0.0,0.0,0.0
147,17,0.0,0.0214008,0.0,0.0,0.0,0.0,0.0,0.0,0.0,0.0,0.0,0.0,0.0,0.0,0.0
147,18,0.0,0.0161952,0.0,0.0,0.0,0.0,0.0,0.0,0.0,0.0,0.0,0.0,0.0,0.0,0.0
147,19,29.6,0.0138816,30.705394190871868,1.4425885477178657,0.0,4.0,0.0,0.0,0.0,0.0,29.6,0.0,0.0,0.0,0.0
147,20,0.0,-0.00080976,0.0,0.0,0.0,0.0,0.0,0.0,0.0,0.0,0.0,0.0,0.0,0.0,0.0
147,21,29.6,-0.0237144,30.705394190871573,0.28818854771784413,0.0,4.0,0.0,0.0,0.0,0.0,29.6,0.0,0.0,0.0,0.0
147,22,0.0,-0.0401409599999999,0.0,0.0,0.0,0.0,0.0,0.0,0.0,0.0,0.0,0.0,0.0,0.0,0.0
147,23,22.200000000000003,-0.03956256,23.029045643153527,-0.14882658921161826,0.0,3.0,0.0,0.0,0.0,0.0,22.200000000000003,0.0,0.0,0.0,0.0
148,0,29.6,-0.0411820799999999,30.705394190871868,-0.2481634522821587,0.0,4.0,0.0,0.0,0.0,0.0,29.6,0.0,0.0,0.0,0.0
148,1,29.6,-0.04766016,30.70539419087155,-0.4470754522821604,0.0,4.0,0.0,0.0,0.0,0.0,29.6,0.0,0.0,0.0,0.0
148,2,21.36582915594658,-0.0399095999999999,22.163723190816242,-0.1509260894401801,0.0,3.0,0.0,0.0,0.0,0.0,21.36582915594658,0.0,0.0,0.0,0.0
148,3,29.6,-0.03551376,30.705394190873026,-0.07411545228216171,0.0,4.0,0.0,0.0,0.0,0.0,29.6,0.0,0.0,0.0,0.0
148,4,43.801433972089114,-0.02394576,45.437172170217345,0.4159427789674903,0.0,6.0,0.0,0.0,0.0,0.0,43.80143397208912,0.0,0.0,0.0,0.0
148,5,30.525784332292666,-0.0053212799999999,31.665751382045976,0.8796340412314712,0.0,5.0,0.0,0.0,0.0,0.0,30.525784332292666,0.0,0.0,0.0,0.0
148,6,29.6,0.0,30.70539419087212,1.0163485477178673,0.0,4.0,0.0,0.0,0.0,0.0,29.6,0.0,0.0,0.0,0.0
148,7,37.0,0.00023136,38.38174273859259,1.2793156846474159,0.0,5.0,0.0,0.0,0.0,0.0,37.0,0.0,0.0,0.0,0.0
148,8,36.40143397209252,-0.0005784,37.76082362250334,1.2280424015216043,0.0,6.0,0.0,0.0,0.0,0.0,36.401433972092526,0.0,0.0,0.0,0.0
148,9,7.4,-0.03562944,7.676348547717986,-0.01941686307053979,0.0,1.0,0.0,0.0,0.0,0.0,7.4,0.0,0.0,0.0,0.0
148,10,0.0,-0.11637408,0.0,0.0,0.0,0.0,0.0,0.0,0.0,0.0,0.0,0.0,0.0,0.0,0.0
148,11,0.0,-0.11602704,0.0,0.0,0.0,0.0,0.0,0.0,0.0,0.0,0.0,0.0,0.0,0.0,0.0
148,12,0.0,-0.11463888,0.0,0.0,0.0,0.0,0.0,0.0,0.0,0.0,0.0,0.0,0.0,0.0,0.0
148,13,0.0,-0.11568,0.0,0.0,0.0,0.0,0.0,0.0,0.0,0.0,0.0,0.0,0.0,0.0,0.0
148,14,0.0,-0.0567988799999999,0.0,0.0,0.0,0.0,0.0,0.0,0.0,0.0,0.0,0.0,0.0,0.0,0.0
148,15,14.8,-0.05830272,15.352697095436302,-0.38692972614109444,0.0,2.0,0.0,0.0,0.0,0.0,14.8,0.0,0.0,0.0,0.0
148,16,0.0,-0.0006940799999999,0.0,0.0,0.0,0.0,0.0,0.0,0.0,0.0,0.0,0.0,0.0,0.0,0.0
148,17,0.0,0.11521728,0.0,0.0,0.0,0.0,0.0,0.0,0.0,0.0,0.0,0.0,0.0,0.0,0.0
148,18,7.4,0.69662496,7.676348547717948,5.601623136929538,0.0,1.0,0.0,0.0,0.0,0.0,7.4,0.0,0.0,0.0,0.0
148,19,14.34845914059974,0.7929863999999999,14.884293714315335,12.295712611001385,0.0,3.0,0.0,0.0,0.0,0.0,14.34845914059974,0.0,0.0,0.0,0.0
148,20,28.31929905890865,0.78673968,29.376866243684447,24.08432062062506,0.0,6.0,0.0,0.0,0.0,0.0,28.319299058908662,0.0,0.0,0.0,0.0
148,21,43.35047236531242,0.7326014399999999,44.96936967356375,34.43311111494009,0.0,6.0,0.0,0.0,0.0,0.0,43.35047236531242,0.0,0.0,0.0,0.0
148,22,33.97082417604094,0.66955584,35.239444166015204,24.761201241604514,0.0,6.0,0.0,0.0,0.0,0.0,33.97082417604095,0.0,0.0,0.0,0.0
148,23,39.0525323591031,-0.00150384,40.51092568372039,1.2799896896509388,0.0,6.0,0.0,0.0,0.0,0.0,39.052532359103104,0.0,0.0,0.0,0.0
149,0,17.15121200465426,-0.00092544,17.791713697774192,0.5724405598718576,0.0,4.0,0.0,0.0,0.0,0.0,17.15121200465426,0.0,0.0,0.0,0.0
149,1,7.4,-0.00080976,7.676348547717986,0.2478711369294652,0.0,1.0,0.0,0.0,0.0,0.0,7.4,0.0,0.0,0.0,0.0
149,2,10.089274275072489,-0.00023136,10.466052152566366,0.34400490042392895,0.0,2.0,0.0,0.0,0.0,0.0,10.089274275072489,0.0,0.0,0.0,0.0
149,3,22.200000000000003,0.0133032,23.029045643153882,1.0686214107883982,0.0,3.0,0.0,0.0,0.0,0.0,22.200000000000003,0.0,0.0,0.0,0.0
149,4,22.200000000000003,0.02637504,23.029045643154006,1.3696534107884102,0.0,3.0,0.0,0.0,0.0,0.0,22.200000000000003,0.0,0.0,0.0,0.0
149,5,43.80143397209252,0.7021776,45.43717217022081,33.408934904106744,0.0,6.0,0.0,0.0,0.0,0.0,43.801433972092525,0.0,0.0,0.0,0.0
149,6,43.80143397209043,0.67892592,45.437172170218865,32.352444316698474,0.0,7.0,0.0,0.0,0.0,0.0,43.80143397209044,0.0,0.0,0.0,0.0
149,7,7.4,0.3461145599999999,7.676348547717525,2.9109831369293393,0.0,1.0,0.0,0.0,0.0,0.0,7.4,0.0,0.0,0.0,0.0
149,8,0.0,0.04661904,0.0,0.0,0.0,0.0,0.0,0.0,0.0,0.0,0.0,0.0,0.0,0.0,0.0
149,9,0.0,0.04037232,0.0,0.0,0.0,0.0,0.0,0.0,0.0,0.0,0.0,0.0,0.0,0.0,0.0
149,10,0.0,0.0266064,0.0,0.0,0.0,0.0,0.0,0.0,0.0,0.0,0.0,0.0,0.0,0.0,0.0
149,11,0.0,0.0242928,0.0,0.0,0.0,0.0,0.0,0.0,0.0,0.0,0.0,0.0,0.0,0.0,0.0
149,12,0.0,0.0216321599999999,0.0,0.0,0.0,0.0,0.0,0.0,0.0,0.0,0.0,0.0,0.0,0.0,0.0
149,13,0.0,0.01885584,0.0,0.0,0.0,0.0,0.0,0.0,0.0,0.0,0.0,0.0,0.0,0.0,0.0
149,14,0.0,0.01943424,0.0,0.0,0.0,0.0,0.0,0.0,0.0,0.0,0.0,0.0,0.0,0.0,0.0
149,15,22.200000000000003,0.01781472,23.029045643154014,1.1725174107884064,0.0,3.0,0.0,0.0,0.0,0.0,22.200000000000003,0.0,0.0,0.0,0.0
149,16,0.0,0.02579664,0.0,0.0,0.0,0.0,0.0,0.0,0.0,0.0,0.0,0.0,0.0,0.0,0.0
149,17,0.0,0.2221056,0.0,0.0,0.0,0.0,0.0,0.0,0.0,0.0,0.0,0.0,0.0,0.0,0.0
149,18,37.0,0.63612432,38.38174273859012,25.68599568464791,0.0,5.0,0.0,0.0,0.0,0.0,37.0,0.0,0.0,0.0,0.0
149,19,36.86147795905433,0.7848887999999999,38.23804767537113,31.27829473231962,0.0,6.0,0.0,0.0,0.0,0.0,36.861477959054334,0.0,0.0,0.0,0.0
149,20,43.202867944184156,0.75643152,44.8162530541336,35.38384439453475,0.0,6.0,0.0,0.0,0.0,0.0,43.202867944184156,0.0,0.0,0.0,0.0
149,21,11.07483131966819,0.12690096,11.48841423202105,1.8381573060010308,0.0,2.0,0.0,0.0,0.0,0.0,11.07483131966819,0.0,0.0,0.0,0.0
149,22,14.8,0.03493536,15.352697095436483,1.0445262738589753,0.0,2.0,0.0,0.0,0.0,0.0,14.8,0.0,0.0,0.0,0.0
149,23,40.92791258196218,0.6516254399999999,42.45634085265851,29.070936671126567,0.0,6.0,0.0,0.0,0.0,0.0,40.92791258196218,0.0,0.0,0.0,0.0
150,0,43.80143397209252,0.09323808,45.43717217022041,5.740445092615078,0.0,6.0,0.0,0.0,0.0,0.0,43.801433972092525,0.0,0.0,0.0,0.0
150,1,43.80143397209252,0.10457472,45.43717217022113,6.255549956126986,0.0,6.0,0.0,0.0,0.0,0.0,43.801433972092525,0.0,0.0,0.0,0.0
150,2,14.8,0.0971712,15.352697095435934,2.0000142738589535,0.0,2.0,0.0,0.0,0.0,0.0,14.8,0.0,0.0,0.0,0.0
150,3,43.801433972091786,0.13511424,45.437172170220265,7.643179384362752,0.0,6.0,0.0,0.0,0.0,0.0,43.801433972091786,0.0,0.0,0.0,0.0
150,4,39.17663226368808,0.59089344,40.63966002457316,25.358881259163887,0.0,6.0,0.0,0.0,0.0,0.0,39.17663226368808,0.0,0.0,0.0,0.0
150,5,43.80143397208976,0.8315078399999999,45.43717217021825,39.28533528580051,0.0,6.0,0.0,0.0,0.0,0.0,43.80143397208976,0.0,0.0,0.0,0.0
150,6,40.45209645987524,1.36456128,41.9627556637716,58.64971879335425,0.0,6.0,0.0,0.0,0.0,0.0,40.452096459875264,0.0,0.0,0.0,0.0
150,7,7.4,1.2567475199999998,7.676348547717986,9.901319136929644,0.0,1.0,0.0,0.0,0.0,0.0,7.4,0.0,0.0,0.0,0.0
150,8,0.0,1.0418140800000002,0.0,0.0,0.0,0.0,0.0,0.0,0.0,0.0,0.0,0.0,0.0,0.0,0.0
150,9,0.0,0.95285616,0.0,0.0,0.0,0.0,0.0,0.0,0.0,0.0,0.0,0.0,0.0,0.0,0.0
150,10,0.0,0.8128833599999999,0.0,0.0,0.0,0.0,0.0,0.0,0.0,0.0,0.0,0.0,0.0,0.0,0.0
150,11,0.0,0.74602032,0.0,0.0,0.0,0.0,0.0,0.0,0.0,0.0,0.0,0.0,0.0,0.0,0.0
150,12,0.0,0.66354048,0.0,0.0,0.0,0.0,0.0,0.0,0.0,0.0,0.0,0.0,0.0,0.0,0.0
150,13,0.0,0.6533606399999999,0.0,0.0,0.0,0.0,0.0,0.0,0.0,0.0,0.0,0.0,0.0,0.0,0.0
150,14,0.0,0.6940799999999999,0.0,0.0,0.0,0.0,0.0,0.0,0.0,0.0,0.0,0.0,0.0,0.0,0.0
150,15,7.4,0.6881803200000001,7.676348547717591,5.53679913692928,0.0,1.0,0.0,0.0,0.0,0.0,7.4,0.0,0.0,0.0,0.0
150,16,0.0,0.6881803200000001,0.0,0.0,0.0,0.0,0.0,0.0,0.0,0.0,0.0,0.0,0.0,0.0,0.0
150,17,0.0,0.67962,0.0,0.0,0.0,1.0,0.0,0.0,0.0,0.0,0.0,0.0,0.0,0.0,0.0
150,18,43.80143397209251,0.67418304,45.43717217022095,32.13694126155727,0.0,6.0,0.0,0.0,0.0,0.0,43.801433972092525,0.0,0.0,0.0,0.0
150,19,29.123896123754506,0.6448003200000001,30.211510501820452,20.480392636867446,0.0,6.0,0.0,0.0,0.0,0.0,29.123896123754506,0.0,0.0,0.0,0.0
150,20,39.700754500154716,0.0434956799999999,41.18335529061777,3.154467103166461,0.0,6.0,0.0,0.0,0.0,0.0,39.70075450015472,0.0,0.0,0.0,0.0
150,21,43.80143397209251,0.00127248,45.437172170221054,1.5617882916774797,0.0,6.0,0.0,0.0,0.0,0.0,43.801433972092525,0.0,0.0,0.0,0.0
150,22,43.80143397208992,-0.01492272,45.43717217021761,0.8259242009462531,0.0,6.0,0.0,0.0,0.0,0.0,43.80143397208978,0.0,0.0,0.0,0.0
150,23,7.4,-0.0428016,7.676348547717986,-0.07447286307054085,0.0,1.0,0.0,0.0,0.0,0.0,7.4,0.0,0.0,0.0,0.0
151,0,43.801433972092525,-0.04442112,45.43717217022088,-0.5143996785997311,0.0,6.0,0.0,0.0,0.0,0.0,43.80143397209242,0.0,0.0,0.0,0.0
151,1,43.80143397209121,-0.04384272,45.437172170219746,-0.4881188182164632,0.0,6.0,0.0,0.0,0.0,0.0,43.80143397209121,0.0,0.0,0.0,0.0
151,2,22.200000000000003,-0.04777584,23.02904564315395,-0.3379705892116245,0.0,4.0,0.0,0.0,0.0,0.0,22.200000000000003,0.0,0.0,0.0,0.0
151,3,43.6169021670078,-0.03863712,45.245749135900674,-0.25053114245537833,0.0,6.0,0.0,0.0,0.0,0.0,43.61690216700781,0.0,0.0,0.0,0.0
151,4,43.49699638005808,-0.02984544,45.12136553948021,0.14685019143017058,0.0,6.0,0.0,0.0,0.0,0.0,43.49699638005808,0.0,0.0,0.0,0.0
151,5,39.11121300065927,-0.0010411199999999,40.57179771852681,1.3006863944425286,0.0,6.0,0.0,0.0,0.0,0.0,39.11121300065928,0.0,0.0,0.0,0.0
151,6,43.80143397209251,1.00919232,45.43717217022137,47.35881559553947,0.0,6.0,0.0,0.0,0.0,0.0,43.801433972092525,0.0,0.0,0.0,0.0
151,7,35.40829875518635,0.86794704,36.73060036844946,33.09599873941429,0.0,5.0,0.0,0.0,0.0,0.0,35.40829875518635,0.0,0.0,0.0,0.0
151,8,0.0,0.7455575999999999,0.0,0.0,0.0,0.0,0.0,0.0,0.0,0.0,0.0,0.0,0.0,0.0,0.0
151,9,0.0,0.6398260800000001,0.0,0.0,0.0,0.0,0.0,0.0,0.0,0.0,0.0,0.0,0.0,0.0,0.0
151,10,0.0,0.5240304,0.0,0.0,0.0,0.0,0.0,0.0,0.0,0.0,0.0,0.0,0.0,0.0,0.0
151,11,0.0,0.01862448,0.0,0.0,0.0,0.0,0.0,0.0,0.0,0.0,0.0,0.0,0.0,0.0,0.0
151,12,0.0,-0.00023136,0.0,0.0,0.0,0.0,0.0,0.0,0.0,0.0,0.0,0.0,0.0,0.0,0.0
151,13,0.0,-0.00937008,0.0,0.0,0.0,0.0,0.0,0.0,0.0,0.0,0.0,0.0,0.0,0.0,0.0
151,14,0.0,-0.00196656,0.0,0.0,0.0,0.0,0.0,0.0,0.0,0.0,0.0,0.0,0.0,0.0,0.0
151,15,7.4,0.22754256,7.676348547718037,2.0007831369295115,0.0,1.0,0.0,0.0,0.0,0.0,7.4,0.0,0.0,0.0,0.0
151,16,0.0,0.6000321599999999,0.0,0.0,0.0,0.0,0.0,0.0,0.0,0.0,0.0,0.0,0.0,0.0,0.0
151,17,0.0,0.67013424,0.0,0.0,0.0,0.0,0.0,0.0,0.0,0.0,0.0,0.0,0.0,0.0,0.0
151,18,14.8,0.67973568,15.35269709543551,10.943950273858796,0.0,2.0,0.0,0.0,0.0,0.0,14.8,0.0,0.0,0.0,0.0
151,19,36.40143397209251,0.7874337599999999,37.7608236225032,30.984030587669366,0.0,6.0,0.0,0.0,0.0,0.0,36.401433972092526,0.0,0.0,0.0,0.0
151,20,43.80143397209251,0.68008272,45.437172170221075,32.40500603746658,0.0,6.0,0.0,0.0,0.0,0.0,43.801433972092525,0.0,0.0,0.0,0.0
151,21,20.955463193907228,0.6582192,21.73803235882562,15.02791913987744,0.0,3.0,0.0,0.0,0.0,0.0,20.955463193907228,0.0,0.0,0.0,0.0
151,22,29.6,0.03771168,30.705394190873058,2.1743005477179613,0.0,4.0,0.0,0.0,0.0,0.0,29.6,0.0,0.0,0.0,0.0
151,23,43.80143397209251,0.0439583999999999,45.437172170221096,3.5013157879617602,0.0,6.0,0.0,0.0,0.0,0.0,43.801433972092525,0.0,0.0,0.0,0.0
152,0,36.642328744523056,0.0006940799999999,38.01071446527352,1.284537125496607,0.0,6.0,0.0,0.0,0.0,0.0,36.64232874452307,0.0,0.0,0.0,0.0
152,1,43.80143397209251,0.00011568,45.437172170221146,1.509226570910971,0.0,6.0,0.0,0.0,0.0,0.0,43.801433972092525,0.0,0.0,0.0,0.0
152,2,38.639359099305196,0.00092544,40.08232271712192,1.3638186666720686,0.0,6.0,0.0,0.0,0.0,0.0,38.639359099305196,0.0,0.0,0.0,0.0
152,3,43.80143397209252,0.0156168,45.43717217022125,2.2135536291822344,0.0,6.0,0.0,0.0,0.0,0.0,43.801433972092525,0.0,0.0,0.0,0.0
152,4,36.10987630725323,0.02394576,37.45837791208896,2.136841636362328,0.0,6.0,0.0,0.0,0.0,0.0,36.10987630725323,0.0,0.0,0.0,0.0
152,5,41.78097649595779,0.56868288,43.341261925267844,26.08202942422203,0.0,6.0,0.0,0.0,0.0,0.0,41.78097649595779,0.0,0.0,0.0,0.0
152,6,43.80143397209251,1.2082776,45.437172170221366,56.40468773945618,0.0,6.0,0.0,0.0,0.0,0.0,43.80143397209252,0.0,0.0,0.0,0.0
152,7,14.8,0.7949529599999999,15.352697095435934,12.712846273859128,0.0,2.0,0.0,0.0,0.0,0.0,14.8,0.0,0.0,0.0,0.0
152,8,0.0,0.68621376,0.0,0.0,0.0,0.0,0.0,0.0,0.0,0.0,0.0,0.0,0.0,0.0,0.0
152,9,0.0,0.68274336,0.0,0.0,0.0,0.0,0.0,0.0,0.0,0.0,0.0,0.0,0.0,0.0,0.0
152,10,3.8733468876243538,0.6319598399999999,4.017994696705761,0.0,35.760152800681276,0.0,0.0,0.0,0.0,1.0,0.0,0.0,0.0,0.0,3.8733468876243538
152,11,0.0,0.43877424,0.0,0.0,0.0,0.0,0.0,0.0,0.0,0.0,0.0,0.0,0.0,0.0,0.0
152,12,0.0,0.10804512,0.0,0.0,0.0,0.0,0.0,0.0,0.0,0.0,0.0,0.0,0.0,0.0,0.0
152,13,0.0,0.03481968,0.0,0.0,0.0,0.0,0.0,0.0,0.0,0.0,0.0,0.0,0.0,0.0,0.0
152,14,0.0,0.1507310399999999,0.0,0.0,0.0,0.0,0.0,0.0,0.0,0.0,0.0,0.0,0.0,0.0,0.0
152,15,43.8014339720926,0.49360656,45.4371721702226,23.932056649905686,0.0,6.0,0.0,0.0,0.0,0.0,43.8014339720926,0.0,0.0,0.0,0.0
152,16,0.0,0.6900312000000001,0.0,0.0,0.0,0.0,0.0,0.0,0.0,0.0,0.0,0.0,0.0,0.0,0.0
152,17,7.4,0.7276272,7.676348547717986,5.83960713692957,0.0,1.0,0.0,0.0,0.0,0.0,7.4,0.0,0.0,0.0,0.0
152,18,43.68576233355383,0.7260076799999999,45.31718084394029,34.40062001458396,0.0,6.0,0.0,0.0,0.0,0.0,43.68576233355384,0.0,0.0,0.0,0.0
152,19,43.80143397209251,0.7400049599999999,45.43717217022113,35.12770317317191,0.0,6.0,0.0,0.0,0.0,0.0,43.801433972092525,0.0,0.0,0.0,0.0
152,20,21.28362235604653,0.72311568,22.078446427434265,16.696067378465777,0.0,6.0,0.0,0.0,0.0,0.0,21.28362235604655,0.0,0.0,0.0,0.0
152,21,29.6,0.68956848,30.705394190871964,22.189820547718274,0.0,4.0,0.0,0.0,0.0,0.0,29.6,0.0,0.0,0.0,0.0
152,22,29.6,0.0577243199999999,30.70539419087232,2.7887965477179257,0.0,4.0,0.0,0.0,0.0,0.0,29.6,0.0,0.0,0.0,0.0
152,23,22.200000000000003,0.02336736,23.029045643153673,1.3003894107883898,0.0,3.0,0.0,0.0,0.0,0.0,22.200000000000003,0.0,0.0,0.0,0.0
153,0,43.39943024172157,0.01931856,45.020155852410795,2.3598917407589464,0.0,6.0,0.0,0.0,0.0,0.0,43.39943024172159,0.0,0.0,0.0,0.0
153,1,43.801433972092724,0.01769904,45.43717217022088,2.3081647265619374,0.0,6.0,0.0,0.0,0.0,0.0,43.801433972092724,0.0,0.0,0.0,0.0
153,2,38.049711566702705,0.01804608,39.47065515218163,2.0187692860658935,0.0,6.0,0.0,0.0,0.0,0.0,38.049711566702705,0.0,0.0,0.0,0.0
153,3,29.6,0.02463984,30.70539419087187,1.7729245477178712,0.0,4.0,0.0,0.0,0.0,0.0,29.6,0.0,0.0,0.0,0.0
153,4,43.80143397209242,0.0432643199999999,45.43717217022096,3.469778755501843,0.0,6.0,0.0,0.0,0.0,0.0,43.80143397209242,0.0,0.0,0.0,0.0
153,5,43.68894180781768,0.10133568,45.32047905375305,6.092689419517048,0.0,6.0,0.0,0.0,0.0,0.0,43.68894180781769,0.0,0.0,0.0,0.0
153,6,43.80143397209251,0.23112864,45.437172170220535,12.005802207983221,0.0,6.0,0.0,0.0,0.0,0.0,43.801433972092525,0.0,0.0,0.0,0.0
153,7,22.200000000000003,0.23101296,23.02904564315393,6.082269410788489,0.0,3.0,0.0,0.0,0.0,0.0,22.200000000000003,0.0,0.0,0.0,0.0
153,8,6.090270571798691,0.27786336,6.317708062031838,1.9645757264685089,0.0,1.0,0.0,0.0,0.0,0.0,6.090270571798588,0.0,0.0,0.0,0.0
153,9,0.0,0.23055024,0.0,0.0,0.0,0.0,0.0,0.0,0.0,0.0,0.0,0.0,0.0,0.0,0.0
153,10,0.0,0.20348112,0.0,0.0,0.0,0.0,0.0,0.0,0.0,0.0,0.0,0.0,0.0,0.0,0.0
153,11,0.0,0.20220864,0.0,0.0,0.0,0.0,0.0,0.0,0.0,0.0,0.0,0.0,0.0,0.0,0.0
153,12,0.0,0.20405952,0.0,0.0,0.0,0.0,0.0,0.0,0.0,0.0,0.0,0.0,0.0,0.0,0.0
153,13,0.0,0.20752992,0.0,0.0,0.0,0.0,0.0,0.0,0.0,0.0,0.0,0.0,0.0,0.0,0.0
153,14,0.0,0.22222128,0.0,0.0,0.0,0.0,0.0,0.0,0.0,0.0,0.0,0.0,0.0,0.0,0.0
153,15,22.200000000000003,0.32806848,23.02904564315413,8.3173654107886,0.0,3.0,0.0,0.0,0.0,0.0,22.200000000000003,0.0,0.0,0.0,0.0
153,16,0.0,0.46352976,0.0,0.0,0.0,0.0,0.0,0.0,0.0,0.0,0.0,0.0,0.0,0.0,0.0
153,17,0.0,0.6358929600000001,0.0,0.0,0.0,0.0,0.0,0.0,0.0,0.0,0.0,0.0,0.0,0.0,0.0
153,18,14.8,0.65856624,15.352697095435971,10.618942273859119,0.0,2.0,0.0,0.0,0.0,0.0,14.8,0.0,0.0,0.0,0.0
153,19,33.44340063668218,0.65058432,34.692324311911435,23.718598156408635,0.0,5.0,0.0,0.0,0.0,0.0,33.44340063668218,0.0,0.0,0.0,0.0
153,20,43.80143397209251,0.6408671999999999,45.437172170221004,30.623163703481772,0.0,6.0,0.0,0.0,0.0,0.0,43.801433972092525,0.0,0.0,0.0,0.0
153,21,41.672600406961344,0.6192350400000001,43.22883859643347,28.19968615495798,0.0,6.0,0.0,0.0,0.0,0.0,41.67260040696136,0.0,0.0,0.0,0.0
153,22,37.0,0.4089288,38.38174273858974,16.965835684647537,0.0,5.0,0.0,0.0,0.0,0.0,37.0,0.0,0.0,0.0,0.0
153,23,43.80143397209251,0.3713328,45.43717217022128,18.37628276488467,0.0,6.0,0.0,0.0,0.0,0.0,43.801433972092525,0.0,0.0,0.0,0.0
154,0,29.6,0.29081952,30.705394190874237,9.946076547718771,0.0,4.0,0.0,0.0,0.0,0.0,29.6,0.0,0.0,0.0,0.0
154,1,21.3894074228906,0.2481336,22.188181973953114,6.240062293989942,0.0,3.0,0.0,0.0,0.0,0.0,21.3894074228906,0.0,0.0,0.0,0.0
154,2,17.958679260351417,0.2151648,18.629335332314852,4.62500821041008,0.0,3.0,0.0,0.0,0.0,0.0,17.958679260351417,0.0,0.0,0.0,0.0
154,3,37.0,0.20845536,38.38174273858986,9.271315684647458,0.0,5.0,0.0,0.0,0.0,0.0,37.0,0.0,0.0,0.0,0.0
154,4,14.8,0.22511328,15.352697095435971,3.964270273858995,0.0,2.0,0.0,0.0,0.0,0.0,14.8,0.0,0.0,0.0,0.0
154,5,37.4209425687244,0.2683776,38.81840515427904,11.702879621739676,0.0,6.0,0.0,0.0,0.0,0.0,37.42094256872441,0.0,0.0,0.0,0.0
154,6,42.824067751727334,0.3994430399999999,44.42330679639803,19.21499216856666,0.0,6.0,0.0,0.0,0.0,0.0,42.82406775172735,0.0,0.0,0.0,0.0
154,7,7.4,0.430908,7.676348547717986,3.5618871369295273,0.0,1.0,0.0,0.0,0.0,0.0,7.4,0.0,0.0,0.0,0.0
154,8,43.80143397209251,0.36890352,45.437172170221054,18.265903151274905,0.0,6.0,0.0,0.0,0.0,0.0,43.801433972092525,0.0,0.0,0.0,0.0
154,9,40.710476150232836,0.25831344,42.2307843882088,12.306618152466221,0.0,6.0,0.0,0.0,0.0,0.0,40.71047615023284,0.0,0.0,0.0,0.0
154,10,14.8,0.07206864,15.352697095435584,1.6146222738589107,0.0,2.0,0.0,0.0,0.0,0.0,14.8,0.0,0.0,0.0,0.0
154,11,0.0,0.02996112,0.0,0.0,0.0,0.0,0.0,0.0,0.0,0.0,0.0,0.0,0.0,0.0,0.0
154,12,0.0,0.02568096,0.0,0.0,0.0,0.0,0.0,0.0,0.0,0.0,0.0,0.0,0.0,0.0,0.0
154,13,0.0,0.0205910399999999,0.0,0.0,0.0,0.0,0.0,0.0,0.0,0.0,0.0,0.0,0.0,0.0,0.0
154,14,0.0,0.01862448,0.0,0.0,0.0,0.0,0.0,0.0,0.0,0.0,0.0,0.0,0.0,0.0,0.0
154,15,14.8,0.06223584,15.352697095435797,1.463662273858932,0.0,2.0,0.0,0.0,0.0,0.0,14.8,0.0,0.0,0.0,0.0
154,16,0.0,0.16148928,0.0,0.0,0.0,0.0,0.0,0.0,0.0,0.0,0.0,0.0,0.0,0.0,0.0
154,17,0.0,0.22754256,0.0,0.0,0.0,0.0,0.0,0.0,0.0,0.0,0.0,0.0,0.0,0.0,0.0
154,18,0.0,0.1868232,0.0,0.0,0.0,0.0,0.0,0.0,0.0,0.0,0.0,0.0,0.0,0.0,0.0
154,19,40.51791138111549,0.15130944,42.03102840364727,7.750918410540686,0.0,6.0,0.0,0.0,0.0,0.0,40.51791138111549,0.0,0.0,0.0,0.0
154,20,22.200000000000003,0.13314768,23.029045643153943,3.8285254107884503,0.0,3.0,0.0,0.0,0.0,0.0,22.200000000000003,0.0,0.0,0.0,0.0
154,21,29.6,0.1149859199999999,30.70539419087187,4.547036547717912,0.0,4.0,0.0,0.0,0.0,0.0,29.6,0.0,0.0,0.0,0.0
154,22,14.8,0.1026081599999999,15.352697095439078,2.0834862738593802,0.0,2.0,0.0,0.0,0.0,0.0,14.8,0.0,0.0,0.0,0.0
154,23,39.052553883165714,0.08317392,40.51094801158305,4.710366728222966,0.0,6.0,0.0,0.0,0.0,0.0,39.052553883165714,0.0,0.0,0.0,0.0
155,0,31.360106042179474,0.0835209599999999,32.531230334211614,3.793823311556875,0.0,5.0,0.0,0.0,0.0,0.0,31.360106042179474,0.0,0.0,0.0,0.0
155,1,29.6,0.08525616,30.705394190872358,3.6341725477179594,0.0,4.0,0.0,0.0,0.0,0.0,29.6,0.0,0.0,0.0,0.0
155,2,14.8,0.08456208,15.352697095435934,1.8064302738589504,0.0,2.0,0.0,0.0,0.0,0.0,14.8,0.0,0.0,0.0,0.0
155,3,22.200000000000003,0.09416352,23.02904564315375,2.93075741078841,0.0,3.0,0.0,0.0,0.0,0.0,22.200000000000003,0.0,0.0,0.0,0.0
155,4,37.0,0.10607856,38.38174273858925,5.341915684647308,0.0,5.0,0.0,0.0,0.0,0.0,37.0,0.0,0.0,0.0,0.0
155,5,43.80143397209252,0.11764656,45.43717217022322,6.849497400788884,0.0,6.0,0.0,0.0,0.0,0.0,43.801433972092525,0.0,0.0,0.0,0.0
155,6,36.40143397209251,0.1393944,37.760823622502954,6.513530614269473,0.0,6.0,0.0,0.0,0.0,0.0,36.401433972092526,0.0,0.0,0.0,0.0
155,7,43.80143397209251,0.1604481599999999,45.4371721702211,8.794281069149497,0.0,6.0,0.0,0.0,0.0,0.0,43.801433972092525,0.0,0.0,0.0,0.0
155,8,37.20417909232825,0.19966368,38.59354677627444,8.983175971897774,0.0,6.0,0.0,0.0,0.0,0.0,37.20417909232825,0.0,0.0,0.0,0.0
155,9,29.6,0.09508896,30.705394190871914,3.9360925477179114,0.0,4.0,0.0,0.0,0.0,0.0,29.6,0.0,0.0,0.0,0.0
155,10,7.4,0.05194032,7.676348547717919,0.6527991369294671,0.0,1.0,0.0,0.0,0.0,0.0,7.4,0.0,0.0,0.0,0.0
155,11,0.0,0.0469660799999999,0.0,0.0,0.0,0.0,0.0,0.0,0.0,0.0,0.0,0.0,0.0,0.0,0.0
155,12,0.0,0.04199184,0.0,0.0,0.0,0.0,0.0,0.0,0.0,0.0,0.0,0.0,0.0,0.0,0.0
155,13,0.0,0.0352824,0.0,0.0,0.0,0.0,0.0,0.0,0.0,0.0,0.0,0.0,0.0,0.0,0.0
155,14,0.0,0.034704,0.0,0.0,0.0,0.0,0.0,0.0,0.0,0.0,0.0,0.0,0.0,0.0,0.0
155,15,0.0,0.05795568,0.0,0.0,0.0,0.0,0.0,0.0,0.0,0.0,0.0,0.0,0.0,0.0,0.0
155,16,0.0,0.1781472,0.0,0.0,0.0,0.0,0.0,0.0,0.0,0.0,0.0,0.0,0.0,0.0,0.0
155,17,0.0,0.17918832,0.0,0.0,0.0,0.0,0.0,0.0,0.0,0.0,0.0,0.0,0.0,0.0,0.0
155,18,0.0,0.26884032,0.0,0.0,0.0,0.0,0.0,0.0,0.0,0.0,0.0,0.0,0.0,0.0,0.0
155,19,40.32335157198129,0.31210464,41.82920287550189,14.439634920124597,0.0,6.0,0.0,0.0,0.0,0.0,40.32335157198129,0.0,0.0,0.0,0.0
155,20,20.932690021871785,0.25380192,21.714408736381877,6.229905558132734,0.0,3.0,0.0,0.0,0.0,0.0,20.932690021871785,0.0,0.0,0.0,0.0
155,21,16.175265612660247,0.1104744,16.779321174958973,2.4090809701020293,0.0,3.0,0.0,0.0,0.0,0.0,16.175265612660247,0.0,0.0,0.0,0.0
155,22,29.6,0.0757704,30.705394190871864,3.342908547717896,0.0,4.0,0.0,0.0,0.0,0.0,29.6,0.0,0.0,0.0,0.0
155,23,33.66863583437613,0.01353456,34.925970782548305,1.628757280016996,0.0,5.0,0.0,0.0,0.0,0.0,33.66863583437613,0.0,0.0,0.0,0.0
156,0,14.8,0.00011568,15.352697095435946,0.5099502738589298,0.0,2.0,0.0,0.0,0.0,0.0,14.8,0.0,0.0,0.0,0.0
156,1,29.63909774704138,0.0,30.74595201975325,1.0176910118538327,0.0,5.0,0.0,0.0,0.0,0.0,29.63909774704138,0.0,0.0,0.0,0.0
156,2,43.80143397209268,-0.00023136,45.437172170221515,1.4934580546810294,0.0,6.0,0.0,0.0,0.0,0.0,43.80143397209268,0.0,0.0,0.0,0.0
156,3,43.801433972092525,0.0,45.43717217022089,1.5039703988343112,0.0,6.0,0.0,0.0,0.0,0.0,43.80143397209239,0.0,0.0,0.0,0.0
156,4,14.8,0.00011568,15.352697095436305,0.5099502738589418,0.0,2.0,0.0,0.0,0.0,0.0,14.8,0.0,0.0,0.0,0.0
156,5,40.51939171006234,0.0297297599999999,42.03256401458782,2.6408959092211846,0.0,6.0,0.0,0.0,0.0,0.0,40.51939171006226,0.0,0.0,0.0,0.0
156,6,43.801433972092504,0.25345488,45.43717217022103,13.020243418777028,0.0,6.0,0.0,0.0,0.0,0.0,43.801433972092504,0.0,0.0,0.0,0.0
156,7,0.0,0.1530446399999999,0.0,0.0,0.0,0.0,0.0,0.0,0.0,0.0,0.0,0.0,0.0,0.0,0.0
156,8,0.0,0.07496064,0.0,0.0,0.0,0.0,0.0,0.0,0.0,0.0,0.0,0.0,0.0,0.0,0.0
156,9,0.0,0.05795568,0.0,0.0,0.0,0.0,0.0,0.0,0.0,0.0,0.0,0.0,0.0,0.0,0.0
156,10,0.0,0.0580713599999999,0.0,0.0,0.0,0.0,0.0,0.0,0.0,0.0,0.0,0.0,0.0,0.0,0.0
156,11,0.0,0.0577243199999999,0.0,0.0,0.0,0.0,0.0,0.0,0.0,0.0,0.0,0.0,0.0,0.0,0.0
156,12,0.0,0.05888112,0.0,0.0,0.0,0.0,0.0,0.0,0.0,0.0,0.0,0.0,0.0,0.0,0.0
156,13,0.0,0.05911248,0.0,0.0,0.0,0.0,0.0,0.0,0.0,0.0,0.0,0.0,0.0,0.0,0.0
156,14,0.0,0.06212016,0.0,0.0,0.0,0.0,0.0,0.0,0.0,0.0,0.0,0.0,0.0,0.0,0.0
156,15,14.8,0.05760864,15.35269709543563,1.3926222738589162,0.0,2.0,0.0,0.0,0.0,0.0,14.8,0.0,0.0,0.0,0.0
156,16,0.0,0.06223584,0.0,0.0,0.0,0.0,0.0,0.0,0.0,0.0,0.0,0.0,0.0,0.0,0.0
156,17,0.0,0.07137456,0.0,0.0,0.0,0.0,0.0,0.0,0.0,0.0,0.0,0.0,0.0,0.0,0.0
156,18,19.181111578912557,0.0886108799999999,19.897418650324514,2.1812188799939434,17.587332682358642,3.0,0.0,0.0,0.0,1.0,17.276146555789666,0.0,0.0,0.0,1.904965023122891
156,19,41.916144853764486,0.09358512,43.48147806407175,5.508456266324297,0.0,6.0,0.0,0.0,0.0,0.0,41.9161448537645,0.0,0.0,0.0,0.0
156,20,14.8,0.09265968,15.352697095435897,1.9307502738589475,0.0,2.0,0.0,0.0,0.0,0.0,14.8,0.0,0.0,0.0,0.0
156,21,43.80143397209278,0.0653592,45.437172170221594,4.473707622142283,0.0,6.0,0.0,0.0,0.0,0.0,43.80143397209278,0.0,0.0,0.0,0.0
156,22,36.401433972091205,0.0615417599999999,37.760823622505306,3.5737508066834733,0.0,5.0,0.0,0.0,0.0,0.0,36.401433972091205,0.0,0.0,0.0,0.0
156,23,29.6,0.0608476799999999,30.705394190872212,2.884700547717918,0.0,4.0,0.0,0.0,0.0,0.0,29.6,0.0,0.0,0.0,0.0
157,0,22.200000000000003,0.0705648,23.029045643155726,2.3873014107886097,0.0,3.0,0.0,0.0,0.0,0.0,22.200000000000003,0.0,0.0,0.0,0.0
157,1,35.33704249586487,0.0816700799999999,36.65668308699716,4.207090450429306,0.0,6.0,0.0,0.0,0.0,0.0,35.33704249586487,0.0,0.0,0.0,0.0
157,2,43.6434190589647,0.09150288,45.27325628523288,5.641178120118118,0.0,6.0,0.0,0.0,0.0,0.0,43.64341905896471,0.0,0.0,0.0,0.0
157,3,40.62056159621785,0.11313504,42.13751202927152,6.161980757101002,0.0,6.0,0.0,0.0,0.0,0.0,40.62056159621771,0.0,0.0,0.0,0.0
157,4,43.801433972093015,0.16576944,45.437172170221544,9.036064984675543,0.0,6.0,0.0,0.0,0.0,0.0,43.80143397209302,0.0,0.0,0.0,0.0
157,5,43.80143397209251,0.211116,45.43717217022142,11.096484438722793,0.0,6.0,0.0,0.0,0.0,0.0,43.801433972092525,0.0,0.0,0.0,0.0
157,6,43.80143397209282,0.25576848,45.437172170221494,13.125366860310184,0.0,6.0,0.0,0.0,0.0,0.0,43.80143397209282,0.0,0.0,0.0,0.0
157,7,29.6,0.30921264,30.70539419087227,10.510844547718152,0.0,4.0,0.0,0.0,0.0,0.0,29.6,0.0,0.0,0.0,0.0
157,8,0.0,0.31141056,0.0,0.0,0.0,0.0,0.0,0.0,0.0,0.0,0.0,0.0,0.0,0.0,0.0
157,9,0.0,0.2868864,0.0,0.0,0.0,0.0,0.0,0.0,0.0,0.0,0.0,0.0,0.0,0.0,0.0
157,10,0.0,0.2510256,0.0,0.0,0.0,0.0,0.0,0.0,0.0,0.0,0.0,0.0,0.0,0.0,0.0
157,11,0.0,0.25438032,0.0,0.0,0.0,0.0,0.0,0.0,0.0,0.0,0.0,0.0,0.0,0.0,0.0
157,12,0.0,0.2232624,0.0,0.0,0.0,0.0,0.0,0.0,0.0,0.0,0.0,0.0,0.0,0.0,0.0
157,13,0.0,0.22256832,0.0,0.0,0.0,0.0,0.0,0.0,0.0,0.0,0.0,0.0,0.0,0.0,0.0
157,14,0.0,0.21840384,0.0,0.0,0.0,0.0,0.0,0.0,0.0,0.0,0.0,0.0,0.0,0.0,0.0
157,15,34.8292925470789,0.22372512,36.12997152186457,9.279084271699451,0.0,6.0,0.0,0.0,0.0,0.0,34.82929254707894,0.0,0.0,0.0,0.0
157,16,0.0,0.25206672,0.0,0.0,0.0,0.0,0.0,0.0,0.0,0.0,0.0,0.0,0.0,0.0,0.0
157,17,0.0,0.28839024,0.0,0.0,0.0,0.0,0.0,0.0,0.0,0.0,0.0,0.0,0.0,0.0,0.0
157,18,7.4,0.29405856,7.676348547717986,2.5113831369295077,0.0,1.0,0.0,0.0,0.0,0.0,7.4,0.0,0.0,0.0,0.0
157,19,44.744250707188144,0.2533392,46.41519782903379,13.014987246700317,8.704428363435213,6.0,0.0,0.0,0.0,1.0,43.80143397209246,0.0,0.0,0.0,0.9428167350956791
157,20,22.51279867905506,0.2383008,23.353525600679873,6.338165530844998,0.0,4.0,0.0,0.0,0.0,0.0,22.51279867905506,0.0,0.0,0.0,0.0
157,21,38.38123772359639,0.22222128,39.81456195393863,10.16550492071891,0.0,6.0,0.0,0.0,0.0,0.0,38.38123772359639,0.0,0.0,0.0,0.0
157,22,22.200000000000003,0.21204144,23.029045643154383,5.645373410788591,0.0,3.0,0.0,0.0,0.0,0.0,22.200000000000003,0.0,0.0,0.0,0.0
157,23,27.985579521069738,0.26421312,29.030684150487474,8.631203280515981,0.0,4.0,0.0,0.0,0.0,0.0,27.985579521069738,0.0,0.0,0.0,0.0
158,0,42.20973272727924,0.25264512,43.78602980008545,12.511644339548996,0.0,6.0,0.0,0.0,0.0,0.0,42.209732727279146,0.0,0.0,0.0,0.0
158,1,37.0,0.2430436799999999,38.381742738590056,10.598875684647533,0.0,5.0,0.0,0.0,0.0,0.0,37.0,0.0,0.0,0.0,0.0
158,2,42.78745556298638,0.24940608,44.38532734749683,12.539124838458129,0.0,6.0,0.0,0.0,0.0,0.0,42.78745556298639,0.0,0.0,0.0,0.0
158,3,42.16770529567729,0.26051136,43.74243287933534,12.843275207410368,0.0,6.0,0.0,0.0,0.0,0.0,42.1677052956773,0.0,0.0,0.0,0.0
158,4,29.6,0.30620496,30.70539419087187,10.418492547718014,0.0,4.0,0.0,0.0,0.0,0.0,29.6,0.0,0.0,0.0,0.0
158,5,36.40143397209251,0.39354336,37.760823622505,16.110404666672906,0.0,6.0,0.0,0.0,0.0,0.0,36.401433972092526,0.0,0.0,0.0,0.0
158,6,36.40143397209251,0.47336256,37.76082362250268,19.12444339956118,0.0,6.0,0.0,0.0,0.0,0.0,36.401433972092526,0.0,0.0,0.0,0.0
158,7,36.58130529433974,0.5627831999999999,37.947412131058286,22.612225372373825,0.0,5.0,0.0,0.0,0.0,0.0,36.58130529433974,0.0,0.0,0.0,0.0
158,8,0.0,0.47336256,0.0,0.0,0.0,0.0,0.0,0.0,0.0,0.0,0.0,0.0,0.0,0.0,0.0
158,9,0.0,0.42639648,0.0,0.0,0.0,0.0,0.0,0.0,0.0,0.0,0.0,0.0,0.0,0.0,0.0
158,10,0.0,0.4001371199999999,0.0,0.0,0.0,0.0,0.0,0.0,0.0,0.0,0.0,0.0,0.0,0.0,0.0
158,11,0.0,0.34657728,0.0,0.0,0.0,0.0,0.0,0.0,0.0,0.0,0.0,0.0,0.0,0.0,0.0
158,12,0.0,0.31962384,0.0,0.0,0.0,0.0,0.0,0.0,0.0,0.0,0.0,0.0,0.0,0.0,0.0
158,13,0.0,0.30585792,0.0,0.0,0.0,0.0,0.0,0.0,0.0,0.0,0.0,0.0,0.0,0.0,0.0
158,14,0.0,0.29683488,0.0,0.0,0.0,0.0,0.0,0.0,0.0,0.0,0.0,0.0,0.0,0.0,0.0
158,15,22.299195717225473,0.30099936,23.131945764757344,7.693989410788593,0.9158110822683473,3.0,0.0,0.0,0.0,1.0,22.200000000000003,0.0,0.0,0.0,0.09919571722547041
158,16,0.0,0.30412272,0.0,0.0,0.0,0.0,0.0,0.0,0.0,0.0,0.0,0.0,0.0,0.0,0.0
158,17,0.0,0.31256736,0.0,0.0,0.0,0.0,0.0,0.0,0.0,0.0,0.0,0.0,0.0,0.0,0.0
158,18,14.604680372698015,0.3111792,15.150083374168172,5.215858583991919,0.0,4.0,0.0,0.0,0.0,0.0,14.604680372698015,0.0,0.0,0.0,0.0
158,19,43.80143397209038,0.28781184,45.437172170218766,14.581326525541698,0.0,6.0,0.0,0.0,0.0,0.0,43.80143397209038,0.0,0.0,0.0,0.0
158,20,29.6,0.25553712,30.705394190874358,8.862716547718705,0.0,4.0,0.0,0.0,0.0,0.0,29.6,0.0,0.0,0.0,0.0
158,21,29.6,0.22407216,30.705394190871882,7.896572547717974,0.0,4.0,0.0,0.0,0.0,0.0,29.6,0.0,0.0,0.0,0.0
158,22,43.403281884744885,0.19006224,45.02415133272279,10.047690465509403,0.0,6.0,0.0,0.0,0.0,0.0,43.40328188474489,0.0,0.0,0.0,0.0
158,23,36.40143397209264,0.22465056,37.76082362250613,9.732873434762183,0.0,7.0,0.0,0.0,0.0,0.0,36.40143397209267,0.0,0.0,0.0,0.0
159,0,43.80143397209252,0.225576,45.437172170221245,11.753505948304152,0.0,6.0,0.0,0.0,0.0,0.0,43.801433972092525,0.0,0.0,0.0,0.0
159,1,41.91215162305388,0.22453488,43.477335708562684,11.20127816799526,0.0,6.0,0.0,0.0,0.0,0.0,41.912151623053894,0.0,0.0,0.0,0.0
159,2,32.36608530729587,0.2229153599999999,33.574777289726384,8.595658694749122,0.0,6.0,0.0,0.0,0.0,0.0,32.36608530729587,0.0,0.0,0.0,0.0
159,3,22.200000000000003,0.22476624,23.029045643153882,5.938413410788474,0.0,4.0,0.0,0.0,0.0,0.0,22.200000000000003,0.0,0.0,0.0,0.0
159,4,35.802867944184946,0.22939344,37.13990450641635,9.74898129516073,0.0,6.0,0.0,0.0,0.0,0.0,35.80286794418495,0.0,0.0,0.0,0.0
159,5,43.80143397209144,0.2893156799999999,45.43717217021987,14.64965676253851,0.0,6.0,0.0,0.0,0.0,0.0,43.80143397209134,0.0,0.0,0.0,0.0
159,6,36.40143397209251,0.32517648,37.76082362250272,13.528814969371124,0.0,6.0,0.0,0.0,0.0,0.0,36.401433972092526,0.0,0.0,0.0,0.0
159,7,29.6,0.34160304,30.70539419087543,11.505404547719365,0.0,4.0,0.0,0.0,0.0,0.0,29.6,0.0,0.0,0.0,0.0
159,8,0.0,0.3221688,0.0,0.0,0.0,0.0,0.0,0.0,0.0,0.0,0.0,0.0,0.0,0.0,0.0
159,9,0.0,0.31742592,0.0,0.0,0.0,0.0,0.0,0.0,0.0,0.0,0.0,0.0,0.0,0.0,0.0
159,10,0.0,0.30516384,0.0,0.0,0.0,0.0,0.0,0.0,0.0,0.0,0.0,0.0,0.0,0.0,0.0
159,11,0.0,0.30794016,0.0,0.0,0.0,0.0,0.0,0.0,0.0,0.0,0.0,0.0,0.0,0.0,0.0
159,12,0.0,0.29995824,0.0,0.0,0.0,0.0,0.0,0.0,0.0,0.0,0.0,0.0,0.0,0.0,0.0
159,13,0.0,0.2920919999999999,0.0,0.0,0.0,0.0,0.0,0.0,0.0,0.0,0.0,0.0,0.0,0.0,0.0
159,14,0.0,0.2922076799999999,0.0,0.0,0.0,0.0,0.0,0.0,0.0,0.0,0.0,0.0,0.0,0.0,0.0
159,15,25.729832895774408,0.29186064,26.690698024663273,8.673426312141315,0.0,5.0,0.0,0.0,0.0,0.0,25.729832895774408,0.0,0.0,0.0,0.0
159,16,0.0,0.2976446399999999,0.0,0.0,0.0,0.0,0.0,0.0,0.0,0.0,0.0,0.0,0.0,0.0,0.0
159,17,0.0,0.3088655999999999,0.0,0.0,0.0,0.0,0.0,0.0,0.0,0.0,0.0,0.0,0.0,0.0,0.0
159,18,43.80143397209251,0.31198896,45.437172170221075,15.679866489562535,0.0,6.0,0.0,0.0,0.0,0.0,43.801433972092525,0.0,0.0,0.0,0.0
159,19,43.80143397209251,0.30643632,45.43717217022085,15.4275702298832,0.0,6.0,0.0,0.0,0.0,0.0,43.801433972092525,0.0,0.0,0.0,0.0
159,20,29.6,0.30215616,30.70539419087173,10.294172547717963,0.0,6.0,0.0,0.0,0.0,0.0,29.6,0.0,0.0,0.0,0.0
159,21,37.0,0.27740064,38.381742738589814,11.91755568464749,0.0,5.0,0.0,0.0,0.0,0.0,37.0,0.0,0.0,0.0,0.0
159,22,43.80143397209252,0.22835232,45.43717217022103,11.879654078143727,0.0,6.0,0.0,0.0,0.0,0.0,43.801433972092525,0.0,0.0,0.0,0.0
159,23,7.4,0.24038304,7.676348547717986,2.0993511369294997,0.0,1.0,0.0,0.0,0.0,0.0,7.4,0.0,0.0,0.0,0.0
160,0,42.136757793184834,0.27740064,43.71032966098052,13.572085334345433,0.0,6.0,0.0,0.0,0.0,0.0,42.13675779318485,0.0,0.0,0.0,0.0
160,1,43.80143397209251,0.30689904,45.43717217022195,15.448594918190182,0.0,6.0,0.0,0.0,0.0,0.0,43.801433972092525,0.0,0.0,0.0,0.0
160,2,43.80143397209251,0.3239039999999999,45.437172170220414,16.221252213457365,0.0,6.0,0.0,0.0,0.0,0.0,43.801433972092525,0.0,0.0,0.0,0.0
160,3,43.80143397209281,0.329688,45.43717217022142,16.484060817290292,0.0,6.0,0.0,0.0,0.0,0.0,43.80143397209281,0.0,0.0,0.0,0.0
160,4,37.0,0.37237392,38.38174273859091,15.562795684647995,0.0,5.0,0.0,0.0,0.0,0.0,37.0,0.0,0.0,0.0,0.0
160,5,43.80143397209251,0.45855552,45.43717217022131,22.33943651067969,0.0,6.0,0.0,0.0,0.0,0.0,43.801433972092525,0.0,0.0,0.0,0.0
160,6,37.98777503224066,0.50054736,39.40640563510425,21.0291243342625,0.0,6.0,0.0,0.0,0.0,0.0,37.98777503224067,0.0,0.0,0.0,0.0
160,7,7.4,0.5161641599999999,7.676348547717986,4.216343136929538,0.0,1.0,0.0,0.0,0.0,0.0,7.4,0.0,0.0,0.0,0.0
160,8,0.0,0.49059888,0.0,0.0,0.0,0.0,0.0,0.0,0.0,0.0,0.0,0.0,0.0,0.0,0.0
160,9,0.0,0.47972496,0.0,0.0,0.0,0.0,0.0,0.0,0.0,0.0,0.0,0.0,0.0,0.0,0.0
160,10,0.0,0.46827264,0.0,0.0,0.0,0.0,0.0,0.0,0.0,0.0,0.0,0.0,0.0,0.0,0.0
160,11,2.874219669006684,0.44930112,2.9815556732434483,0.0,26.53584549186669,0.0,0.0,0.0,0.0,1.0,0.0,0.0,0.0,0.0,2.874219669006684
160,12,0.0,0.39203952,0.0,0.0,0.0,0.0,0.0,0.0,0.0,0.0,0.0,0.0,0.0,0.0,0.0
160,13,0.0,0.36705264,0.0,0.0,0.0,0.0,0.0,0.0,0.0,0.0,0.0,0.0,0.0,0.0,0.0
160,14,0.0,0.36925056,0.0,0.0,0.0,0.0,0.0,0.0,0.0,0.0,0.0,0.0,0.0,0.0,0.0
160,15,7.4,0.39886464,7.676348547717845,3.315911136929462,0.0,1.0,0.0,0.0,0.0,0.0,7.4,0.0,0.0,0.0,0.0
160,16,3.9424074446881066,0.45265584,4.0896342787221025,0.0,36.39774508062671,0.0,0.0,0.0,0.0,1.0,0.0,0.0,0.0,0.0,3.9424074446881066
160,17,0.0,0.47752704,0.0,0.0,0.0,0.0,0.0,0.0,0.0,0.0,0.0,0.0,0.0,0.0,0.0
160,18,7.4,0.4818072,7.676348547717948,3.9526071369295153,0.0,1.0,0.0,0.0,0.0,0.0,7.4,0.0,0.0,0.0,0.0
160,19,29.6,0.4513833599999999,30.705394190871452,14.87625254771788,0.0,4.0,0.0,0.0,0.0,0.0,29.6,0.0,0.0,0.0,0.0
160,20,40.19807267757553,0.38764368,41.69924551615842,17.54469401169199,0.0,6.0,0.0,0.0,0.0,0.0,40.19807267757555,0.0,0.0,0.0,0.0
160,21,22.200000000000003,0.3434539199999999,23.02904564315392,8.671677410788527,0.0,3.0,0.0,0.0,0.0,0.0,22.200000000000003,0.0,0.0,0.0,0.0
160,22,22.200000000000003,0.28434144,23.02904564315392,7.3103734107885066,0.0,3.0,0.0,0.0,0.0,0.0,22.200000000000003,0.0,0.0,0.0,0.0
160,23,40.119725905875974,0.24015168,41.617972931407216,11.372181021701548,0.0,6.0,0.0,0.0,0.0,0.0,40.119725905875974,0.0,0.0,0.0,0.0
161,0,19.018211111320102,0.23471472,19.728434762780335,5.283565232032282,0.0,3.0,0.0,0.0,0.0,0.0,19.018211111320102,0.0,0.0,0.0,0.0
161,1,7.4,0.23182272,7.676348547717948,2.0336391369294886,0.0,1.0,0.0,0.0,0.0,0.0,7.4,0.0,0.0,0.0,0.0
161,2,29.6,0.2322854399999999,30.705394190874237,8.148764547718601,0.0,4.0,0.0,0.0,0.0,0.0,29.6,0.0,0.0,0.0,0.0
161,3,37.56061726826498,0.23633424,38.96329592143707,10.498046024487495,0.0,6.0,0.0,0.0,0.0,0.0,37.560617268264984,0.0,0.0,0.0,0.0
161,4,37.0,0.2423496,38.381742738589836,10.572235684647476,0.0,5.0,0.0,0.0,0.0,0.0,37.0,0.0,0.0,0.0,0.0
161,5,22.200000000000003,0.30874992,23.029045643153722,7.8724774107884485,0.0,3.0,0.0,0.0,0.0,0.0,22.200000000000003,0.0,0.0,0.0,0.0
161,6,43.80143397209251,0.41806752,45.43717217022102,20.499776283851634,0.0,6.0,0.0,0.0,0.0,0.0,43.801433972092525,0.0,0.0,0.0,0.0
161,7,29.6,0.46167888,30.705394190871424,15.192380547717871,0.0,5.0,0.0,0.0,0.0,0.0,29.6,0.0,0.0,0.0,0.0
161,8,29.416881185644456,0.45728304,30.5154369145689,14.964252721094518,0.0,5.0,0.0,0.0,0.0,0.0,29.416881185644456,0.0,0.0,0.0,0.0
161,9,34.923651452282144,0.29625648,36.227854203612644,11.931878538455065,0.0,5.0,0.0,0.0,0.0,0.0,34.92365145228216,0.0,0.0,0.0,0.0
161,10,7.4,0.14934288,7.676348547717986,1.4004951369294867,0.0,1.0,0.0,0.0,0.0,0.0,7.4,0.0,0.0,0.0,0.0
161,11,0.0,0.05275008,0.0,0.0,0.0,0.0,0.0,0.0,0.0,0.0,0.0,0.0,0.0,0.0,0.0
161,12,0.0,0.15408576,0.0,0.0,0.0,0.0,0.0,0.0,0.0,0.0,0.0,0.0,0.0,0.0,0.0
161,13,0.0,0.09913776,0.0,0.0,0.0,0.0,0.0,0.0,0.0,0.0,0.0,0.0,0.0,0.0,0.0
161,14,0.0,0.1197288,0.0,0.0,0.0,0.0,0.0,0.0,0.0,0.0,0.0,0.0,0.0,0.0,0.0
161,15,0.0,0.1579032,0.0,0.0,0.0,0.0,0.0,0.0,0.0,0.0,0.0,0.0,0.0,0.0,0.0
161,16,0.0,0.3862555199999999,0.0,0.0,0.0,0.0,0.0,0.0,0.0,0.0,0.0,0.0,0.0,0.0,0.0
161,17,0.0,0.49036752,0.0,0.0,0.0,0.0,0.0,0.0,0.0,0.0,0.0,0.0,0.0,0.0,0.0
161,18,0.0,0.4956888,0.0,0.0,0.0,0.0,0.0,0.0,0.0,0.0,0.0,0.0,0.0,0.0,0.0
161,19,26.243531090663804,0.48041904,27.223579969568085,13.979826651335834,0.0,5.0,0.0,0.0,0.0,0.0,26.243531090663804,0.0,0.0,0.0,0.0
161,20,29.6,0.40476432,30.70539419087027,13.44479654771736,0.0,4.0,0.0,0.0,0.0,0.0,29.6,0.0,0.0,0.0,0.0
161,21,29.6,0.27809472,30.705394190871992,9.555356547718038,0.0,4.0,0.0,0.0,0.0,0.0,29.6,0.0,0.0,0.0,0.0
161,22,43.8014339720929,0.20278704,45.437172170221544,10.718040049203937,0.0,6.0,0.0,0.0,0.0,0.0,43.8014339720929,0.0,0.0,0.0,0.0
161,23,7.4,0.1264382399999999,7.676348547717948,1.2246711369294767,0.0,1.0,0.0,0.0,0.0,0.0,7.4,0.0,0.0,0.0,0.0
162,0,14.8,0.0522873599999999,15.352697095435897,1.3109262738589378,0.0,2.0,0.0,0.0,0.0,0.0,14.8,0.0,0.0,0.0,0.0
162,1,37.54046751058661,0.05240304,38.942393683181365,3.3296930447888036,0.0,6.0,0.0,0.0,0.0,0.0,37.54046751058662,0.0,0.0,0.0,0.0
162,2,37.0,0.05390688,38.38174273859033,3.3394756846474,0.0,5.0,0.0,0.0,0.0,0.0,37.0,0.0,0.0,0.0,0.0
162,3,43.80143397209251,0.08664432,45.437172170221,5.4408432842460375,0.0,6.0,0.0,0.0,0.0,0.0,43.801433972092525,0.0,0.0,0.0,0.0
162,4,22.200000000000003,0.11035872,23.029045643153687,3.303717410788405,0.0,3.0,0.0,0.0,0.0,0.0,22.200000000000003,0.0,0.0,0.0,0.0
162,5,14.8,0.1954992,15.352697095435289,3.5096142738588307,0.0,2.0,0.0,0.0,0.0,0.0,14.8,0.0,0.0,0.0,0.0
162,6,14.8,0.23679696,15.352697095438108,4.143646273859575,0.0,3.0,0.0,0.0,0.0,0.0,14.8,0.0,0.0,0.0,0.0
162,7,22.200000000000003,0.32899392,23.029045643153882,8.338677410788511,0.0,3.0,0.0,0.0,0.0,0.0,22.200000000000003,0.0,0.0,0.0,0.0
162,8,43.65925694119739,0.1839312,45.28968562364925,9.829274818523343,0.0,6.0,0.0,0.0,0.0,0.0,43.65925694119739,0.0,0.0,0.0,0.0
162,9,14.8,0.00011568,15.352697095436051,0.5099502738589333,0.0,2.0,0.0,0.0,0.0,0.0,14.8,0.0,0.0,0.0,0.0
162,10,29.6,-0.01943424,30.705394190872518,0.419612547717858,0.0,4.0,0.0,0.0,0.0,0.0,29.6,0.0,0.0,0.0,0.0
162,11,0.0,-0.04002528,0.0,0.0,0.0,0.0,0.0,0.0,0.0,0.0,0.0,0.0,0.0,0.0,0.0
162,12,0.0,-0.05853408,0.0,0.0,0.0,0.0,0.0,0.0,0.0,0.0,0.0,0.0,0.0,0.0,0.0
162,13,0.0,-0.05888112,0.0,0.0,0.0,0.0,0.0,0.0,0.0,0.0,0.0,0.0,0.0,0.0,0.0
162,14,0.0,-0.06061632,0.0,0.0,0.0,0.0,0.0,0.0,0.0,0.0,0.0,0.0,0.0,0.0,0.0
162,15,0.0,-0.0011568,0.0,0.0,0.0,0.0,0.0,0.0,0.0,0.0,0.0,0.0,0.0,0.0,0.0
162,16,0.0,0.20833968,0.0,0.0,0.0,0.0,0.0,0.0,0.0,0.0,0.0,0.0,0.0,0.0,0.0
162,17,0.0,0.2203704,0.0,0.0,0.0,0.0,0.0,0.0,0.0,0.0,0.0,0.0,0.0,0.0,0.0
162,18,0.0,0.31164192,0.0,0.0,0.0,1.0,0.0,0.0,0.0,0.0,0.0,0.0,0.0,0.0,0.0
162,19,37.0,0.23806944,38.38174273858991,10.40795568464749,0.0,6.0,0.0,0.0,0.0,0.0,37.0,0.0,0.0,0.0,0.0
162,20,39.49545212908064,0.22060176,40.97038602601697,10.39425904267991,0.0,6.0,0.0,0.0,0.0,0.0,39.49545212908065,0.0,0.0,0.0,0.0
162,21,43.80143397209278,0.21609024,45.43717217022181,11.322499838018894,0.0,6.0,0.0,0.0,0.0,0.0,43.80143397209278,0.0,0.0,0.0,0.0
162,22,14.8,0.20116752,15.3526970954354,3.596638273858854,0.0,2.0,0.0,0.0,0.0,0.0,14.8,0.0,0.0,0.0,0.0
162,23,29.6,0.21181008,30.70539419087172,7.520060547717927,0.0,4.0,0.0,0.0,0.0,0.0,29.6,0.0,0.0,0.0,0.0
163,0,29.6,0.21007488,30.705394190871957,7.466780547717984,0.0,4.0,0.0,0.0,0.0,0.0,29.6,0.0,0.0,0.0,0.0
163,1,29.6,0.21042192,30.70539419087198,7.477436547717991,0.0,4.0,0.0,0.0,0.0,0.0,29.6,0.0,0.0,0.0,0.0
163,2,43.202867944185414,0.21609024,44.81625305413488,11.167772854460605,0.0,7.0,0.0,0.0,0.0,0.0,43.202867944185414,0.0,0.0,0.0,0.0
163,3,22.200000000000003,0.29533104,23.029045643154028,7.563453410788545,0.0,3.0,0.0,0.0,0.0,0.0,22.200000000000003,0.0,0.0,0.0,0.0
163,4,30.922572614205905,0.3731836799999999,32.07735748361696,13.032506843119435,0.0,6.0,0.0,0.0,0.0,0.0,30.922572614205816,0.0,0.0,0.0,0.0
163,5,43.19534502931788,0.47648592,44.808449200537545,22.83375480962919,0.0,6.0,0.0,0.0,0.0,0.0,43.195345029317885,0.0,0.0,0.0,0.0
163,6,7.4,0.5204443200000001,7.676348547717948,4.24919913692952,0.0,1.0,0.0,0.0,0.0,0.0,7.4,0.0,0.0,0.0,0.0
163,7,0.0,0.55422288,0.0,0.0,0.0,0.0,0.0,0.0,0.0,0.0,0.0,0.0,0.0,0.0,0.0
163,8,0.0,0.51951888,0.0,0.0,0.0,0.0,0.0,0.0,0.0,0.0,0.0,0.0,0.0,0.0,0.0
163,9,0.0,0.49025184,0.0,0.0,0.0,0.0,0.0,0.0,0.0,0.0,0.0,0.0,0.0,0.0,0.0
163,10,0.0,0.46780992,0.0,0.0,0.0,0.0,0.0,0.0,0.0,0.0,0.0,0.0,0.0,0.0,0.0
163,11,0.0,0.4542753599999999,0.0,0.0,0.0,0.0,0.0,0.0,0.0,0.0,0.0,0.0,0.0,0.0,0.0
163,12,0.0,0.4257024,0.0,0.0,0.0,0.0,0.0,0.0,0.0,0.0,0.0,0.0,0.0,0.0,0.0
163,13,0.0,0.3677467199999999,0.0,0.0,0.0,0.0,0.0,0.0,0.0,0.0,0.0,0.0,0.0,0.0,0.0
163,14,0.0,0.33362112,0.0,0.0,0.0,0.0,0.0,0.0,0.0,0.0,0.0,0.0,0.0,0.0,0.0
163,15,9.711888339596518,0.33443088,10.074572966386555,3.702716667960261,0.0,2.0,0.0,0.0,0.0,0.0,9.711888339596518,0.0,0.0,0.0,0.0
163,16,0.0,0.38764368,0.0,0.0,0.0,0.0,0.0,0.0,0.0,0.0,0.0,0.0,0.0,0.0,0.0
163,17,7.4,0.42200064,7.676348547717986,3.4935111369295258,0.0,1.0,0.0,0.0,0.0,0.0,7.4,0.0,0.0,0.0,0.0
163,18,7.4,0.42130656,7.676348547717948,3.488183136929509,0.0,1.0,0.0,0.0,0.0,0.0,7.4,0.0,0.0,0.0,0.0
163,19,33.32460392771641,0.3944688,34.56909121132476,14.780664846316675,0.0,6.0,0.0,0.0,0.0,0.0,33.32460392771642,0.0,0.0,0.0,0.0
163,20,37.0,0.26803056,38.38174273859168,11.557915684648046,0.0,5.0,0.0,0.0,0.0,0.0,37.0,0.0,0.0,0.0,0.0
163,21,33.80954734122904,0.20035776,35.072144544843766,8.187864303835443,0.0,6.0,0.0,0.0,0.0,0.0,33.80954734122904,0.0,0.0,0.0,0.0
163,22,37.0,0.11637408,38.38174273858978,5.7370756846473885,0.0,5.0,0.0,0.0,0.0,0.0,37.0,0.0,0.0,0.0,0.0
163,23,42.00516473412451,0.05251872,43.57382233830423,3.730734894113015,0.0,6.0,0.0,0.0,0.0,0.0,42.00516473412453,0.0,0.0,0.0,0.0
164,0,43.80143397209304,0.0937008,45.43717217022148,5.76146978092182,0.0,6.0,0.0,0.0,0.0,0.0,43.80143397209305,0.0,0.0,0.0,0.0
164,1,22.200000000000003,0.0937008,23.02904564315392,2.920101410788431,0.0,3.0,0.0,0.0,0.0,0.0,22.200000000000003,0.0,0.0,0.0,0.0
164,2,22.200000000000003,0.13106544,23.029045643153882,3.78057341078844,0.0,3.0,0.0,0.0,0.0,0.0,22.200000000000003,0.0,0.0,0.0,0.0
164,3,29.6,0.1638028799999999,30.70539419087224,6.045980547718011,0.0,4.0,0.0,0.0,0.0,0.0,29.6,0.0,0.0,0.0,0.0
164,4,22.200000000000003,0.21319824,23.029045643153882,5.67201341078847,0.0,3.0,0.0,0.0,0.0,0.0,22.200000000000003,0.0,0.0,0.0,0.0
164,5,43.80143397209269,0.48215424,45.43717217022296,23.411695614317377,0.0,7.0,0.0,0.0,0.0,0.0,43.8014339720927,0.0,0.0,0.0,0.0
164,6,43.80143397209252,0.63866928,45.43717217022102,30.52329643402541,0.0,6.0,0.0,0.0,0.0,0.0,43.801433972092525,0.0,0.0,0.0,0.0
164,7,22.200000000000003,0.6467668799999999,23.02904564315444,15.656685410789,0.0,3.0,0.0,0.0,0.0,0.0,22.200000000000003,0.0,0.0,0.0,0.0
164,8,12.660616539116175,0.64908048,13.13341964638618,8.959362518413153,0.0,2.0,0.0,0.0,0.0,0.0,12.660616539116175,0.0,0.0,0.0,0.0
164,9,0.0,0.6417926399999999,0.0,0.0,0.0,0.0,0.0,0.0,0.0,0.0,0.0,0.0,0.0,0.0,0.0
164,10,0.0,0.62686992,0.0,0.0,0.0,0.0,0.0,0.0,0.0,0.0,0.0,0.0,0.0,0.0,0.0
164,11,0.0,0.6297619199999999,0.0,0.0,0.0,0.0,0.0,0.0,0.0,0.0,0.0,0.0,0.0,0.0,0.0
164,12,0.0,0.5807136,0.0,0.0,0.0,0.0,0.0,0.0,0.0,0.0,0.0,0.0,0.0,0.0,0.0
164,13,0.0,0.561048,0.0,0.0,0.0,0.0,0.0,0.0,0.0,0.0,0.0,0.0,0.0,0.0,0.0
164,14,0.0,0.6399417599999999,0.0,0.0,0.0,0.0,0.0,0.0,0.0,0.0,0.0,0.0,0.0,0.0,0.0
164,15,29.6,0.64746096,30.705394190871854,20.89689254771817,0.0,4.0,0.0,0.0,0.0,0.0,29.6,0.0,0.0,0.0,0.0
164,16,0.0,0.66932448,0.0,0.0,0.0,0.0,0.0,0.0,0.0,0.0,0.0,0.0,0.0,0.0,0.0
164,17,0.0,0.66261504,0.0,0.0,0.0,0.0,0.0,0.0,0.0,0.0,0.0,0.0,0.0,0.0,0.0
164,18,37.0,0.69269184,38.38174273858979,27.857155684647726,0.0,5.0,0.0,0.0,0.0,0.0,37.0,0.0,0.0,0.0,0.0
164,19,43.80143397209251,0.69315456,45.43717217022129,32.99895348212831,0.0,6.0,0.0,0.0,0.0,0.0,43.801433972092525,0.0,0.0,0.0,0.0
164,20,37.0,0.6727948799999999,38.3817427385901,27.093475684647927,0.0,5.0,0.0,0.0,0.0,0.0,37.0,0.0,0.0,0.0,0.0
164,21,28.008298755186043,0.6552115199999999,29.054251820733285,19.998376233191696,0.0,4.0,0.0,0.0,0.0,0.0,28.008298755186043,0.0,0.0,0.0,0.0
164,22,28.333512897779688,0.63346368,29.391610889813272,19.59138031584201,0.0,5.0,0.0,0.0,0.0,0.0,28.333512897779688,0.0,0.0,0.0,0.0
164,23,37.51513101735865,0.6520881599999999,38.91611101386053,26.664858499942827,0.0,6.0,0.0,0.0,0.0,0.0,37.51513101735866,0.0,0.0,0.0,0.0
165,0,43.084629376249296,0.65139408,44.69359893801834,30.59250388696784,0.0,6.0,0.0,0.0,0.0,0.0,43.084629376249296,0.0,0.0,0.0,0.0
165,1,37.0,0.6507,38.381742738590354,26.245435684648083,0.0,5.0,0.0,0.0,0.0,0.0,37.0,0.0,0.0,0.0,0.0
165,2,22.200000000000003,0.64792368,23.02904564315445,15.683325410789012,0.0,3.0,0.0,0.0,0.0,0.0,22.200000000000003,0.0,0.0,0.0,0.0
165,3,14.8,0.6603014399999999,15.352697095435934,10.645582273859093,0.0,2.0,0.0,0.0,0.0,0.0,14.8,0.0,0.0,0.0,0.0
165,4,9.600136224277252,0.7145553600000001,9.958647535557075,7.445636208310038,0.0,2.0,0.0,0.0,0.0,0.0,9.600136224277252,0.0,0.0,0.0,0.0
165,5,36.40143397209258,0.7571256,37.760823622503146,29.83956950358672,0.0,6.0,0.0,0.0,0.0,0.0,36.40143397209258,0.0,0.0,0.0,0.0
165,6,29.6,0.81242064,30.70539419087242,25.96204454771873,0.0,6.0,0.0,0.0,0.0,0.0,29.6,0.0,0.0,0.0,0.0
165,7,7.4,0.85406544,7.676348547717694,6.810191136929329,0.0,1.0,0.0,0.0,0.0,0.0,7.4,0.0,0.0,0.0,0.0
165,8,0.0,0.8291942400000001,0.0,0.0,0.0,0.0,0.0,0.0,0.0,0.0,0.0,0.0,0.0,0.0,0.0
165,9,0.0,0.8103384,0.0,0.0,0.0,0.0,0.0,0.0,0.0,0.0,0.0,0.0,0.0,0.0,0.0
165,10,0.0,0.78188112,0.0,0.0,0.0,0.0,0.0,0.0,0.0,0.0,0.0,0.0,0.0,0.0,0.0
165,11,0.0,0.8087188799999999,0.0,0.0,0.0,0.0,0.0,0.0,0.0,0.0,0.0,0.0,0.0,0.0,0.0
165,12,0.0,0.79055712,0.0,0.0,0.0,0.0,0.0,0.0,0.0,0.0,0.0,0.0,0.0,0.0,0.0
165,13,0.0,0.7919452799999999,0.0,0.0,0.0,0.0,0.0,0.0,0.0,0.0,0.0,0.0,0.0,0.0,0.0
165,14,0.0,0.80987568,0.0,0.0,0.0,0.0,0.0,0.0,0.0,0.0,0.0,0.0,0.0,0.0,0.0
165,15,14.8,0.8258395199999999,15.352697095435637,13.18703827385888,0.0,2.0,0.0,0.0,0.0,0.0,14.8,0.0,0.0,0.0,0.0
165,16,0.0,0.8567260800000001,0.0,0.0,0.0,0.0,0.0,0.0,0.0,0.0,0.0,0.0,0.0,0.0,0.0
165,17,7.4,0.8360193599999999,7.676348547718487,6.671663136930021,0.0,1.0,0.0,0.0,0.0,0.0,7.4,0.0,0.0,0.0,0.0
165,18,22.200000000000003,0.83266464,23.02904564315392,19.93773341078872,0.0,3.0,0.0,0.0,0.0,0.0,22.200000000000003,0.0,0.0,0.0,0.0
165,19,36.40143397209251,0.8102227200000001,37.76082362250314,31.8445604867696,0.0,6.0,0.0,0.0,0.0,0.0,36.401433972092526,0.0,0.0,0.0,0.0
165,20,41.28576273863452,0.7344523199999999,42.827554708127664,32.872388976150305,0.0,6.0,0.0,0.0,0.0,0.0,41.28576273863452,0.0,0.0,0.0,0.0
165,21,22.200000000000003,0.6673579199999999,23.029045643153182,16.13087741078814,0.0,3.0,0.0,0.0,0.0,0.0,22.200000000000003,0.0,0.0,0.0,0.0
165,22,36.96798627263306,0.58395264,38.3485334778379,23.663063822628256,0.0,6.0,0.0,0.0,0.0,0.0,36.96798627263306,0.0,0.0,0.0,0.0
165,23,38.29467874944687,0.6090552,39.72477048697858,25.509467937019824,0.0,6.0,0.0,0.0,0.0,0.0,38.29467874944687,0.0,0.0,0.0,0.0
166,0,19.245087341332287,0.56070096,19.963783549099986,11.85451383668778,0.0,3.0,0.0,0.0,0.0,0.0,19.245087341332287,0.0,0.0,0.0,0.0
166,1,34.67408482957048,0.55919712,35.968967665529654,21.304315957666336,0.0,6.0,0.0,0.0,0.0,0.0,34.674084829570376,0.0,0.0,0.0,0.0
166,2,37.0,0.5814076799999999,38.3817427385915,23.585875684648705,0.0,5.0,0.0,0.0,0.0,0.0,37.0,0.0,0.0,0.0,0.0
166,3,43.801433972092745,0.6000321599999999,45.437172170221565,28.767734960424264,0.0,6.0,0.0,0.0,0.0,0.0,43.801433972092745,0.0,0.0,0.0,0.0
166,4,37.0,0.676728,38.38174273858995,27.244435684647826,0.0,5.0,0.0,0.0,0.0,0.0,37.0,0.0,0.0,0.0,0.0
166,5,43.80143397209252,0.70206192,45.43717217022077,33.403678732030066,0.0,6.0,0.0,0.0,0.0,0.0,43.801433972092525,0.0,0.0,0.0,0.0
166,6,37.0,0.78037728,38.38174273859164,31.22267568464928,0.0,5.0,0.0,0.0,0.0,0.0,37.0,0.0,0.0,0.0,0.0
166,7,14.8,0.83590368,15.35269709543578,13.341550273859003,0.0,2.0,0.0,0.0,0.0,0.0,14.8,0.0,0.0,0.0,0.0
166,8,0.0,0.8086032,0.0,0.0,0.0,0.0,0.0,0.0,0.0,0.0,0.0,0.0,0.0,0.0,0.0
166,9,0.0,0.79287072,0.0,0.0,0.0,0.0,0.0,0.0,0.0,0.0,0.0,0.0,0.0,0.0,0.0
166,10,0.0,0.78350064,0.0,0.0,0.0,0.0,0.0,0.0,0.0,0.0,0.0,0.0,0.0,0.0,0.0
166,11,0.0,0.7874337599999999,0.0,0.0,0.0,0.0,0.0,0.0,0.0,0.0,0.0,0.0,0.0,0.0,0.0
166,12,0.0,0.8114952000000001,0.0,0.0,0.0,0.0,0.0,0.0,0.0,0.0,0.0,0.0,0.0,0.0,0.0
166,13,0.0,0.8090659199999999,0.0,0.0,0.0,0.0,0.0,0.0,0.0,0.0,0.0,0.0,0.0,0.0,0.0
166,14,0.0,0.786624,0.0,0.0,0.0,0.0,0.0,0.0,0.0,0.0,0.0,0.0,0.0,0.0,0.0
166,15,37.088025006724095,0.7752873599999999,38.47305498622878,31.101131351452317,0.0,6.0,0.0,0.0,0.0,0.0,37.08802500672415,0.0,0.0,0.0,0.0
166,16,0.0,0.78558288,0.0,0.0,0.0,0.0,0.0,0.0,0.0,0.0,0.0,0.0,0.0,0.0,0.0
166,17,0.0,0.8087188799999999,0.0,0.0,0.0,0.0,0.0,0.0,0.0,0.0,0.0,0.0,0.0,0.0,0.0
166,18,0.0,0.79460592,0.0,0.0,0.0,0.0,0.0,0.0,0.0,0.0,0.0,0.0,0.0,0.0,0.0
166,19,39.31515295464716,0.73595616,40.78335368739382,31.364689378748935,0.0,6.0,0.0,0.0,0.0,0.0,39.315152954647175,0.0,0.0,0.0,0.0
166,20,37.0,0.69951696,38.38174273858986,28.119115684647774,0.0,5.0,0.0,0.0,0.0,0.0,37.0,0.0,0.0,0.0,0.0
166,21,29.6,0.65752512,30.705394190871985,21.205916547718267,0.0,4.0,0.0,0.0,0.0,0.0,29.6,0.0,0.0,0.0,0.0
166,22,28.53449324747517,0.5955206399999999,29.600096729746376,18.607231750315073,0.0,4.0,0.0,0.0,0.0,0.0,28.53449324747517,0.0,0.0,0.0,0.0
166,23,14.8,0.7288996799999999,15.352697095436234,11.69875027385934,0.0,2.0,0.0,0.0,0.0,0.0,14.8,0.0,0.0,0.0,0.0
167,0,29.6,0.70599504,30.705394190871928,22.694204547718257,0.0,5.0,0.0,0.0,0.0,0.0,29.6,0.0,0.0,0.0,0.0
167,1,43.80143397209257,0.6939643200000001,45.43717217022111,33.035746686664744,0.0,6.0,0.0,0.0,0.0,0.0,43.80143397209257,0.0,0.0,0.0,0.0
167,2,29.6,0.6507,30.70539419086951,20.996348547716572,0.0,4.0,0.0,0.0,0.0,0.0,29.6,0.0,0.0,0.0,0.0
167,3,22.200000000000003,0.70518528,23.02904564315392,17.002005410788673,0.0,4.0,0.0,0.0,0.0,0.0,22.200000000000003,0.0,0.0,0.0,0.0
167,4,29.6,0.73491504,30.70539419087396,23.582204547719837,0.0,4.0,0.0,0.0,0.0,0.0,29.6,0.0,0.0,0.0,0.0
167,5,36.40143397209251,0.7096967999999999,37.760823622505235,28.04861895216129,0.0,6.0,0.0,0.0,0.0,0.0,36.401433972092526,0.0,0.0,0.0,0.0
167,6,31.41817218340445,0.86216304,32.5914649205444,29.177933962819935,0.0,6.0,0.0,0.0,0.0,0.0,31.418172183404465,0.0,0.0,0.0,0.0
167,7,0.0,1.00167312,0.0,0.0,0.0,0.0,0.0,0.0,0.0,0.0,0.0,0.0,0.0,0.0,0.0
167,8,0.0,1.00387104,0.0,0.0,0.0,0.0,0.0,0.0,0.0,0.0,0.0,0.0,0.0,0.0,0.0
167,9,0.0,0.90218832,0.0,0.0,0.0,0.0,0.0,0.0,0.0,0.0,0.0,0.0,0.0,0.0,0.0
167,10,0.0,0.7954156800000001,0.0,0.0,0.0,0.0,0.0,0.0,0.0,0.0,0.0,0.0,0.0,0.0,0.0
167,11,0.0,0.7743619199999999,0.0,0.0,0.0,0.0,0.0,0.0,0.0,0.0,0.0,0.0,0.0,0.0,0.0
167,12,0.0,0.7479868799999999,0.0,0.0,0.0,0.0,0.0,0.0,0.0,0.0,0.0,0.0,0.0,0.0,0.0
167,13,0.0,0.7241567999999999,0.0,0.0,0.0,0.0,0.0,0.0,0.0,0.0,0.0,0.0,0.0,0.0,0.0
167,14,0.0,0.7253136000000001,0.0,0.0,0.0,0.0,0.0,0.0,0.0,0.0,0.0,0.0,0.0,0.0,0.0
167,15,7.4,0.74127744,7.676348547717882,5.94439113692949,0.0,1.0,0.0,0.0,0.0,0.0,7.4,0.0,0.0,0.0,0.0
167,16,0.0,0.7627939199999999,0.0,0.0,0.0,0.0,0.0,0.0,0.0,0.0,0.0,0.0,0.0,0.0,0.0
167,17,0.0,0.7701974399999999,0.0,0.0,0.0,0.0,0.0,0.0,0.0,0.0,0.0,0.0,0.0,0.0,0.0
167,18,0.0,0.7422028799999999,0.0,0.0,0.0,0.0,0.0,0.0,0.0,0.0,0.0,0.0,0.0,0.0,0.0
167,19,14.8,0.69049392,15.352697095436302,11.109118273859366,0.0,2.0,0.0,0.0,0.0,0.0,14.8,0.0,0.0,0.0,0.0
167,20,43.80143397209251,0.6461884800000001,45.43717217022089,30.86494761900765,0.0,6.0,0.0,0.0,0.0,0.0,43.801433972092525,0.0,0.0,0.0,0.0
167,21,13.806864783094005,0.5922816000000001,14.322473841383765,8.957011606882727,0.0,2.0,0.0,0.0,0.0,0.0,13.806864783094005,0.0,0.0,0.0,0.0
167,22,22.200000000000003,0.4460620799999999,23.029045643154593,11.03464541078889,0.0,3.0,0.0,0.0,0.0,0.0,22.200000000000003,0.0,0.0,0.0,0.0
167,23,7.4,0.55040544,7.6763485477175575,4.479191136929295,0.0,1.0,0.0,0.0,0.0,0.0,7.4,0.0,0.0,0.0,0.0
168,0,27.03223102202903,0.52495584,28.041733425341754,15.648853101735167,0.0,4.0,0.0,0.0,0.0,0.0,27.03223102202903,0.0,0.0,0.0,0.0
168,1,22.200000000000003,0.54577824,23.02904564315434,13.331013410788854,0.0,3.0,0.0,0.0,0.0,0.0,22.200000000000003,0.0,0.0,0.0,0.0
168,2,14.8,0.58152336,15.352697095435897,9.436126273859053,0.0,2.0,0.0,0.0,0.0,0.0,14.8,0.0,0.0,0.0,0.0
168,3,37.0,0.58406832,38.38174273858985,23.687995684647696,0.0,5.0,0.0,0.0,0.0,0.0,37.0,0.0,0.0,0.0,0.0
168,4,43.80143397209251,0.59968512,45.43717217022121,28.751966444194085,0.0,6.0,0.0,0.0,0.0,0.0,43.801433972092525,0.0,0.0,0.0,0.0
168,5,43.80143397209251,0.6149548799999999,45.437172170221054,29.44578115831194,0.0,6.0,0.0,0.0,0.0,0.0,43.801433972092525,0.0,0.0,0.0,0.0
168,6,43.80143397209251,0.6325382399999999,45.437172170226305,30.244719313966417,0.0,6.0,0.0,0.0,0.0,0.0,43.801433972092525,0.0,0.0,0.0,0.0
168,7,29.6,0.64352784,30.70539419087472,20.77612454772011,0.0,4.0,0.0,0.0,0.0,0.0,29.6,0.0,0.0,0.0,0.0
168,8,43.80143397209251,0.63704976,45.437172170221096,30.449710024952346,0.0,6.0,0.0,0.0,0.0,0.0,43.801433972092525,0.0,0.0,0.0,0.0
168,9,7.4,0.62999328,7.676348547717986,5.090135136929556,0.0,1.0,0.0,0.0,0.0,0.0,7.4,0.0,0.0,0.0,0.0
168,10,19.266556765410744,0.6227054399999999,19.986054735903288,13.106963419943138,0.0,3.0,0.0,0.0,0.0,0.0,19.266556765410744,0.0,0.0,0.0,0.0
168,11,0.0,0.6398260800000001,0.0,0.0,0.0,0.0,0.0,0.0,0.0,0.0,0.0,0.0,0.0,0.0,0.0
168,12,0.0,0.5598911999999999,0.0,0.0,0.0,0.0,0.0,0.0,0.0,0.0,0.0,0.0,0.0,0.0,0.0
168,13,0.0,0.46665312,0.0,0.0,0.0,0.0,0.0,0.0,0.0,0.0,0.0,0.0,0.0,0.0,0.0
168,14,0.0,0.6375124799999999,0.0,0.0,0.0,0.0,0.0,0.0,0.0,0.0,0.0,0.0,0.0,0.0,0.0
168,15,0.0,0.6437592,0.0,0.0,0.0,0.0,0.0,0.0,0.0,0.0,0.0,0.0,0.0,0.0,0.0
168,16,0.0,0.66516,0.0,0.0,0.0,0.0,0.0,0.0,0.0,0.0,0.0,0.0,0.0,0.0,0.0
168,17,0.0,0.68089248,0.0,0.0,0.0,0.0,0.0,0.0,0.0,0.0,0.0,0.0,0.0,0.0,0.0
168,18,0.0,0.668052,0.0,0.0,0.0,0.0,0.0,0.0,0.0,0.0,0.0,0.0,0.0,0.0,0.0
168,19,14.8,0.63068736,15.352697095435897,10.190926273859063,0.0,2.0,0.0,0.0,0.0,0.0,14.8,0.0,0.0,0.0,0.0
168,20,15.871448421356684,0.6132196799999999,16.464158113443013,10.64110940334989,0.0,3.0,0.0,0.0,0.0,0.0,15.871448421356684,0.0,0.0,0.0,0.0
168,21,29.6,0.58834848,30.705394190871942,19.081820547718202,0.0,4.0,0.0,0.0,0.0,0.0,29.6,0.0,0.0,0.0,0.0
168,22,14.8,0.48863232,15.352697095435612,8.009998273858884,0.0,2.0,0.0,0.0,0.0,0.0,14.8,0.0,0.0,0.0,0.0
168,23,22.200000000000003,0.4320647999999999,23.029045643153843,10.712301410788529,0.0,3.0,0.0,0.0,0.0,0.0,22.200000000000003,0.0,0.0,0.0,0.0
169,0,7.4,0.28434144,7.676348547717986,2.4367911369295063,0.0,1.0,0.0,0.0,0.0,0.0,7.4,0.0,0.0,0.0,0.0
169,1,43.80143397209252,0.28260624,45.43717217022565,14.34479878209458,0.0,6.0,0.0,0.0,0.0,0.0,43.801433972092525,0.0,0.0,0.0,0.0
169,2,7.4,0.2804083199999999,7.676348547717842,2.4065991369294597,0.0,1.0,0.0,0.0,0.0,0.0,7.4,0.0,0.0,0.0,0.0
169,3,22.200000000000003,0.3111792,23.029045643154237,7.928421410788626,0.0,3.0,0.0,0.0,0.0,0.0,22.200000000000003,0.0,0.0,0.0,0.0
169,4,22.200000000000003,0.4951104,23.029045643154333,12.164181410788805,0.0,3.0,0.0,0.0,0.0,0.0,22.200000000000003,0.0,0.0,0.0,0.0
169,5,37.0,0.54924864,38.38174273858978,22.351555684647632,0.0,5.0,0.0,0.0,0.0,0.0,37.0,0.0,0.0,0.0,0.0
169,6,19.079480804987256,0.58256448,19.791992536294117,12.1852267930214,0.0,3.0,0.0,0.0,0.0,0.0,19.079480804987256,0.0,0.0,0.0,0.0
169,7,22.466744086849054,0.6111374399999999,23.305751127437198,15.01443744361725,0.0,6.0,0.0,0.0,0.0,0.0,22.46674408684907,0.0,0.0,0.0,0.0
169,8,36.79303276549233,0.6353145600000001,38.16704643723324,25.511409550842828,0.0,6.0,0.0,0.0,0.0,0.0,36.793032765492335,0.0,0.0,0.0,0.0
169,9,14.8,0.64734528,15.352697095436,10.446670273859137,0.0,2.0,0.0,0.0,0.0,0.0,14.8,0.0,0.0,0.0,0.0
169,10,0.0,0.60570048,0.0,0.0,0.0,0.0,0.0,0.0,0.0,0.0,0.0,0.0,0.0,0.0,0.0
169,11,0.0,0.52969872,0.0,0.0,0.0,0.0,0.0,0.0,0.0,0.0,0.0,0.0,0.0,0.0,0.0
169,12,0.0,0.3481968,0.0,0.0,0.0,0.0,0.0,0.0,0.0,0.0,0.0,0.0,0.0,0.0,0.0
169,13,0.0,0.29833872,0.0,0.0,0.0,0.0,0.0,0.0,0.0,0.0,0.0,0.0,0.0,0.0,0.0
169,14,0.0,0.56660064,0.0,0.0,0.0,0.0,0.0,0.0,0.0,0.0,0.0,0.0,0.0,0.0,0.0
169,15,7.4,0.6500059199999999,7.676348547718059,5.243759136929608,0.0,1.0,0.0,0.0,0.0,0.0,7.4,0.0,0.0,0.0,0.0
169,16,0.0,0.6501216000000001,0.0,0.0,0.0,0.0,0.0,0.0,0.0,0.0,0.0,0.0,0.0,0.0,0.0
169,17,0.0,0.659376,0.0,0.0,0.0,0.0,0.0,0.0,0.0,0.0,0.0,0.0,0.0,0.0,0.0
169,18,0.0,0.65810352,0.0,0.0,0.0,0.0,0.0,0.0,0.0,0.0,0.0,0.0,0.0,0.0,0.0
169,19,37.16432758823485,0.63762816,38.55220704173779,25.858050893043835,0.0,6.0,0.0,0.0,0.0,0.0,37.16432758823485,0.0,0.0,0.0,0.0
169,20,29.6,0.61958208,30.7053941908735,20.040860547719234,0.0,4.0,0.0,0.0,0.0,0.0,29.6,0.0,0.0,0.0,0.0
169,21,29.6,0.59309136,30.70539419087193,19.227452547718194,0.0,4.0,0.0,0.0,0.0,0.0,29.6,0.0,0.0,0.0,0.0
169,22,41.14575959526353,0.5730787199999999,42.68232323160195,25.87311606315873,0.0,6.0,0.0,0.0,0.0,0.0,41.145759595263534,0.0,0.0,0.0,0.0
169,23,8.225660640791395,0.57076512,8.532842988372991,5.152686255115015,0.0,2.0,0.0,0.0,0.0,0.0,8.225660640791395,0.0,0.0,0.0,0.0
170,0,36.076854246419266,0.5476291200000001,37.42412266226141,21.733277820427134,0.0,5.0,0.0,0.0,0.0,0.0,36.07685424641927,0.0,0.0,0.0,0.0
170,1,29.6,0.55676784,30.705394190871953,18.11212454771819,0.0,6.0,0.0,0.0,0.0,0.0,29.6,0.0,0.0,0.0,0.0
170,2,22.200000000000003,0.57654912,23.029045643153882,14.039637410788599,0.0,3.0,0.0,0.0,0.0,0.0,22.200000000000003,0.0,0.0,0.0,0.0
170,3,22.200000000000003,0.61588032,23.029045643153836,14.945397410788583,0.0,3.0,0.0,0.0,0.0,0.0,22.200000000000003,0.0,0.0,0.0,0.0
170,4,43.80143397209251,0.6576408,45.43717217022116,31.385308654596297,0.0,6.0,0.0,0.0,0.0,0.0,43.801433972092525,0.0,0.0,0.0,0.0
170,5,29.6,0.8400681600000001,30.705394190871985,26.810972547718386,0.0,4.0,0.0,0.0,0.0,0.0,29.6,0.0,0.0,0.0,0.0
170,6,7.4,1.0191408,7.676348547717753,8.077367136929366,0.0,2.0,0.0,0.0,0.0,0.0,7.4,0.0,0.0,0.0,0.0
170,7,0.0,1.4852155199999997,0.0,0.0,0.0,0.0,0.0,0.0,0.0,0.0,0.0,0.0,0.0,0.0,0.0
170,8,0.0,1.3378392,0.0,0.0,0.0,0.0,0.0,0.0,0.0,0.0,0.0,0.0,0.0,0.0,0.0
170,9,0.0,1.11411408,0.0,0.0,0.0,0.0,0.0,0.0,0.0,0.0,0.0,0.0,0.0,0.0,0.0
170,10,0.0,1.0405416,0.0,0.0,0.0,0.0,0.0,0.0,0.0,0.0,0.0,0.0,0.0,0.0,0.0
170,11,0.0,1.01312544,0.0,0.0,0.0,0.0,0.0,0.0,0.0,0.0,0.0,0.0,0.0,0.0,0.0
170,12,0.0,0.99843408,0.0,0.0,0.0,0.0,0.0,0.0,0.0,0.0,0.0,0.0,0.0,0.0,0.0
170,13,0.0,0.98767584,0.0,0.0,0.0,0.0,0.0,0.0,0.0,0.0,0.0,0.0,0.0,0.0,0.0
170,14,0.0,0.98293296,0.0,0.0,0.0,0.0,0.0,0.0,0.0,0.0,0.0,0.0,0.0,0.0,0.0
170,15,22.200000000000003,0.97564512,23.02904564315422,23.23043741078908,0.0,3.0,0.0,0.0,0.0,0.0,22.200000000000003,0.0,0.0,0.0,0.0
170,16,0.0,0.9855936,0.0,0.0,0.0,0.0,0.0,0.0,0.0,0.0,0.0,0.0,0.0,0.0,0.0
170,17,0.0,0.9840897599999998,0.0,0.0,0.0,0.0,0.0,0.0,0.0,0.0,0.0,0.0,0.0,0.0,0.0
170,18,7.4,0.97784304,7.676348547717948,7.760351136929567,0.0,1.0,0.0,0.0,0.0,0.0,7.4,0.0,0.0,0.0,0.0
170,19,29.6,0.97252176,30.705394190871868,30.878012547718342,0.0,5.0,0.0,0.0,0.0,0.0,29.6,0.0,0.0,0.0,0.0
170,20,41.2081166353259,0.8676,42.74700895780745,38.50223096829717,0.0,6.0,0.0,0.0,0.0,0.0,41.2081166353259,0.0,0.0,0.0,0.0
170,21,43.80143397209251,0.723,45.437172170221004,34.355045877904104,0.0,6.0,0.0,0.0,0.0,0.0,43.801433972092525,0.0,0.0,0.0,0.0
170,22,37.0,0.66782064,38.381742738589814,26.90255568464773,0.0,5.0,0.0,0.0,0.0,0.0,37.0,0.0,0.0,0.0,0.0
170,23,29.6,0.65278224,30.70539419087192,21.06028454771822,0.0,4.0,0.0,0.0,0.0,0.0,29.6,0.0,0.0,0.0,0.0
171,0,42.94587596763084,0.64746096,44.54966386683741,30.318762008892183,0.0,6.0,0.0,0.0,0.0,0.0,42.945875967630855,0.0,0.0,0.0,0.0
171,1,37.415231412617885,0.6448003200000001,38.812480718484004,26.310993099054137,0.0,6.0,0.0,0.0,0.0,0.0,37.4152314126179,0.0,0.0,0.0,0.0
171,2,29.6,0.64005744,30.70539419087183,20.669564547718153,0.0,4.0,0.0,0.0,0.0,0.0,29.6,0.0,0.0,0.0,0.0
171,3,14.8,0.6449159999999999,15.352697095435934,10.40937427385909,0.0,2.0,0.0,0.0,0.0,0.0,14.8,0.0,0.0,0.0,0.0
171,4,43.39357182300074,0.64746096,45.01407865456567,30.634824582666724,0.0,6.0,0.0,0.0,0.0,0.0,43.39357182300064,0.0,0.0,0.0,0.0
171,5,34.37059611949725,0.68147088,35.654145352176236,25.477414019952487,0.0,6.0,0.0,0.0,0.0,0.0,34.37059611949725,0.0,0.0,0.0,0.0
171,6,21.435853326751236,0.78118704,22.23636237214908,18.106781696384655,0.0,3.0,0.0,0.0,0.0,0.0,21.435853326751236,0.0,0.0,0.0,0.0
171,7,7.4,0.90820368,7.676348547718125,7.225775136929727,0.0,1.0,0.0,0.0,0.0,0.0,7.4,0.0,0.0,0.0,0.0
171,8,0.0,0.7999272000000001,0.0,0.0,0.0,0.0,0.0,0.0,0.0,0.0,0.0,0.0,0.0,0.0,0.0
171,9,0.0,0.7524983999999999,0.0,0.0,0.0,0.0,0.0,0.0,0.0,0.0,0.0,0.0,0.0,0.0,0.0
171,10,0.0,0.71802576,0.0,0.0,0.0,0.0,0.0,0.0,0.0,0.0,0.0,0.0,0.0,0.0,0.0
171,11,0.0,0.73479936,0.0,0.0,0.0,0.0,0.0,0.0,0.0,0.0,0.0,0.0,0.0,0.0,0.0
171,12,0.0,0.69037824,0.0,0.0,0.0,0.0,0.0,0.0,0.0,0.0,0.0,0.0,0.0,0.0,0.0
171,13,0.0,0.68066112,0.0,0.0,0.0,0.0,0.0,0.0,0.0,0.0,0.0,0.0,0.0,0.0,0.0
171,14,0.0,0.6874862399999999,0.0,0.0,0.0,0.0,0.0,0.0,0.0,0.0,0.0,0.0,0.0,0.0,0.0
171,15,14.8,0.7131672,15.352697095436397,11.457214273859453,0.0,2.0,0.0,0.0,0.0,0.0,14.8,0.0,0.0,0.0,0.0
171,16,0.0,0.7455575999999999,0.0,0.0,0.0,0.0,0.0,0.0,0.0,0.0,0.0,0.0,0.0,0.0,0.0
171,17,0.0,0.7935647999999998,0.0,0.0,0.0,0.0,0.0,0.0,0.0,0.0,0.0,0.0,0.0,0.0,0.0
171,18,9.539764605796991,0.8171635199999999,9.896021375308187,8.41422596856478,0.0,2.0,0.0,0.0,0.0,0.0,9.539764605796991,0.0,0.0,0.0,0.0
171,19,43.80143397209252,0.72508224,45.4371721702212,34.44965697528397,0.0,6.0,0.0,0.0,0.0,0.0,43.801433972092525,0.0,0.0,0.0,0.0
171,20,39.14217481385201,0.69650928,40.60391578200473,29.624993758889104,0.0,6.0,0.0,0.0,0.0,0.0,39.14217481385201,0.0,0.0,0.0,0.0
171,21,28.03582318052267,0.66249936,29.082804129173287,20.229979939258293,0.0,5.0,0.0,0.0,0.0,0.0,28.03582318052267,0.0,0.0,0.0,0.0
171,22,35.60671577929824,0.6461884800000001,36.936427156948774,25.09048946007446,0.0,5.0,0.0,0.0,0.0,0.0,35.60671577929824,0.0,0.0,0.0,0.0
171,23,43.80143397209273,0.64815504,45.43717217022289,30.954302544312082,0.0,6.0,0.0,0.0,0.0,0.0,43.801433972092745,0.0,0.0,0.0,0.0
172,0,29.6,0.5945952,30.70539419087187,19.273628547718154,0.0,4.0,0.0,0.0,0.0,0.0,29.6,0.0,0.0,0.0,0.0
172,1,22.917267371308082,0.5548012800000001,23.773098932892516,13.976235292214145,0.0,4.0,0.0,0.0,0.0,0.0,22.917267371308082,0.0,0.0,0.0,0.0
172,2,37.0,0.55792464,38.38174273858997,22.68455568464775,0.0,5.0,0.0,0.0,0.0,0.0,37.0,0.0,0.0,0.0,0.0
172,3,21.72916183858993,0.6192350400000001,22.540624313890202,14.704039063426542,0.0,3.0,0.0,0.0,0.0,0.0,21.72916183858993,0.0,0.0,0.0,0.0
172,4,37.0,0.65486448,38.38174273859057,26.405275684648235,0.0,5.0,0.0,0.0,0.0,0.0,37.0,0.0,0.0,0.0,0.0
172,5,43.80143397209104,0.6780004799999999,45.43717217021957,32.31039494008577,0.0,6.0,0.0,0.0,0.0,0.0,43.80143397209104,0.0,0.0,0.0,0.0
172,6,40.242025204450954,0.7742462400000001,41.744839423704306,33.70253914813145,0.0,6.0,0.0,0.0,0.0,0.0,40.24202520445096,0.0,0.0,0.0,0.0
172,7,7.4,0.8947847999999999,7.676348547717948,7.122767136929559,0.0,1.0,0.0,0.0,0.0,0.0,7.4,0.0,0.0,0.0,0.0
172,8,0.0,0.803976,0.0,0.0,0.0,0.0,0.0,0.0,0.0,0.0,0.0,0.0,0.0,0.0,0.0
172,9,0.0,0.7351464,0.0,0.0,0.0,0.0,0.0,0.0,0.0,0.0,0.0,0.0,0.0,0.0,0.0
172,10,0.0,0.6848256,0.0,0.0,0.0,0.0,0.0,0.0,0.0,0.0,0.0,0.0,0.0,0.0,0.0
172,11,0.0,0.68551968,0.0,0.0,0.0,0.0,0.0,0.0,0.0,0.0,0.0,0.0,0.0,0.0,0.0
172,12,0.0,0.67510848,0.0,0.0,0.0,0.0,0.0,0.0,0.0,0.0,0.0,0.0,0.0,0.0,0.0
172,13,0.0,0.67314192,0.0,0.0,0.0,0.0,0.0,0.0,0.0,0.0,0.0,0.0,0.0,0.0,0.0
172,14,0.0,0.6766123199999999,0.0,0.0,0.0,0.0,0.0,0.0,0.0,0.0,0.0,0.0,0.0,0.0,0.0
172,15,4.517854316077258,0.6778848000000001,4.686570867300061,3.3320806507731606,0.0,1.0,0.0,0.0,0.0,0.0,4.517854316077258,0.0,0.0,0.0,0.0
172,16,0.0,0.68505696,0.0,0.0,0.0,0.0,0.0,0.0,0.0,0.0,0.0,0.0,0.0,0.0,0.0
172,17,0.0,0.6888743999999999,0.0,0.0,0.0,0.0,0.0,0.0,0.0,0.0,0.0,0.0,0.0,0.0,0.0
172,18,13.750616593124137,0.67996704,14.264125096601909,10.171277460823637,0.0,2.0,0.0,0.0,0.0,0.0,13.750616593124137,0.0,0.0,0.0,0.0
172,19,36.40143397209251,0.6583348799999998,37.760823622502585,26.109150550126238,0.0,6.0,0.0,0.0,0.0,0.0,36.401433972092526,0.0,0.0,0.0,0.0
172,20,39.459626351095615,0.6450316799999999,40.933222355908775,27.758114844025975,0.0,6.0,0.0,0.0,0.0,0.0,39.45962635109563,0.0,0.0,0.0,0.0
172,21,29.6,0.5899679999999999,30.705394190871907,19.131548547718175,0.0,4.0,0.0,0.0,0.0,0.0,29.6,0.0,0.0,0.0,0.0
172,22,7.4,0.52484016,7.676348547717948,4.28294313692952,0.0,1.0,0.0,0.0,0.0,0.0,7.4,0.0,0.0,0.0,0.0
172,23,22.200000000000003,0.55318176,23.029045643153882,13.50150941078859,0.0,3.0,0.0,0.0,0.0,0.0,22.200000000000003,0.0,0.0,0.0,0.0
173,0,37.0,0.52414608,38.38174273859014,21.388075684647823,0.0,5.0,0.0,0.0,0.0,0.0,37.0,0.0,0.0,0.0,0.0
173,1,43.80143397209252,0.4794936,45.43717217022095,23.29080365655337,0.0,6.0,0.0,0.0,0.0,0.0,43.801433972092525,0.0,0.0,0.0,0.0
173,2,29.6,0.47509776,30.7053941908719,15.60441254771811,0.0,4.0,0.0,0.0,0.0,0.0,29.6,0.0,0.0,0.0,0.0
173,3,41.19993129278898,0.5246088,42.738517938578916,23.83564755330332,0.0,6.0,0.0,0.0,0.0,0.0,41.19993129278899,0.0,0.0,0.0,0.0
173,4,37.0,0.57678048,38.38174273858989,23.40827568464772,0.0,5.0,0.0,0.0,0.0,0.0,37.0,0.0,0.0,0.0,0.0
173,5,36.40143397209252,0.5849937599999999,37.760823622503544,23.339729453530033,0.0,6.0,0.0,0.0,0.0,0.0,36.401433972092526,0.0,0.0,0.0,0.0
173,6,36.40143397209251,0.6389006399999999,37.76082362250339,25.375297641249396,0.0,6.0,0.0,0.0,0.0,0.0,36.401433972092526,0.0,0.0,0.0,0.0
173,7,7.4,0.68841168,7.676348547718575,5.538575136929989,0.0,1.0,0.0,0.0,0.0,0.0,7.4,0.0,0.0,0.0,0.0
173,8,0.0,0.6847099199999999,0.0,0.0,0.0,0.0,0.0,0.0,0.0,0.0,0.0,0.0,0.0,0.0,0.0
173,9,0.0,0.61206288,0.0,0.0,0.0,0.0,0.0,0.0,0.0,0.0,0.0,0.0,0.0,0.0,0.0
173,10,0.0,0.59482656,0.0,0.0,0.0,0.0,0.0,0.0,0.0,0.0,0.0,0.0,0.0,0.0,0.0
173,11,0.0,0.5796724799999999,0.0,0.0,0.0,0.0,0.0,0.0,0.0,0.0,0.0,0.0,0.0,0.0,0.0
173,12,0.0,0.56208912,0.0,0.0,0.0,0.0,0.0,0.0,0.0,0.0,0.0,0.0,0.0,0.0,0.0
173,13,0.0,0.55549536,0.0,0.0,0.0,0.0,0.0,0.0,0.0,0.0,0.0,0.0,0.0,0.0,0.0
173,14,0.0,0.54045696,0.0,0.0,0.0,0.0,0.0,0.0,0.0,0.0,0.0,0.0,0.0,0.0,0.0
173,15,14.8,0.48655008,15.352697095435687,7.978030273858923,0.0,2.0,0.0,0.0,0.0,0.0,14.8,0.0,0.0,0.0,0.0
173,16,0.0,0.5159328000000001,0.0,0.0,0.0,0.0,0.0,0.0,0.0,0.0,0.0,0.0,0.0,0.0,0.0
173,17,7.4,0.5580403199999999,7.676348547717948,4.5377991369295225,0.0,1.0,0.0,0.0,0.0,0.0,7.4,0.0,0.0,0.0,0.0
173,18,7.4,0.5656752,7.676348547718166,4.596407136929654,0.0,1.0,0.0,0.0,0.0,0.0,7.4,0.0,0.0,0.0,0.0
173,19,43.80143397209252,0.5657908799999999,45.43717217022078,27.211908025735028,0.0,6.0,0.0,0.0,0.0,0.0,43.801433972092525,0.0,0.0,0.0,0.0
173,20,43.80143397209251,0.56660064,45.43717217022141,27.248701230271966,0.0,6.0,0.0,0.0,0.0,0.0,43.801433972092525,0.0,0.0,0.0,0.0
173,21,43.80143397209249,0.54392736,45.43717217022099,26.218491503248085,0.0,7.0,0.0,0.0,0.0,0.0,43.80143397209253,0.0,0.0,0.0,0.0
173,22,40.739879063513285,0.2576193599999999,42.26128533559524,12.28617382554163,0.0,6.0,0.0,0.0,0.0,0.0,40.7398790635133,0.0,0.0,0.0,0.0
173,23,29.6,0.1885584,30.705394190871942,6.806108547717969,0.0,4.0,0.0,0.0,0.0,0.0,29.6,0.0,0.0,0.0,0.0
174,0,27.142319197103348,0.1147545599999999,28.15593277707842,4.162983052144504,0.0,4.0,0.0,0.0,0.0,0.0,27.142319197103348,0.0,0.0,0.0,0.0
174,1,14.51288473926693,0.0429172799999999,15.054859688036405,1.1444294842661744,0.0,2.0,0.0,0.0,0.0,0.0,14.51288473926693,0.0,0.0,0.0,0.0
174,2,35.40829875518652,0.02625936,36.730600368452116,2.1803049302870816,0.0,5.0,0.0,0.0,0.0,0.0,35.40829875518652,0.0,0.0,0.0,0.0
174,3,36.31058026014966,0.03921552,37.66657703335042,2.723878104786793,0.0,6.0,0.0,0.0,0.0,0.0,36.31058026014968,0.0,0.0,0.0,0.0
174,4,22.200000000000003,0.12065424,23.029045643155136,3.540813410788629,0.0,3.0,0.0,0.0,0.0,0.0,22.200000000000003,0.0,0.0,0.0,0.0
174,5,35.5691953738806,0.20220864,36.897505574566054,8.682301856143557,0.0,5.0,0.0,0.0,0.0,0.0,35.5691953738806,0.0,0.0,0.0,0.0
174,6,22.200000000000003,0.36508608,23.02904564315392,9.169845410788538,0.0,3.0,0.0,0.0,0.0,0.0,22.200000000000003,0.0,0.0,0.0,0.0
174,7,29.6,0.2239564799999999,30.70539419087183,7.893020547717959,0.0,4.0,0.0,0.0,0.0,0.0,29.6,0.0,0.0,0.0,0.0
174,8,0.0,0.20116752,0.0,0.0,0.0,0.0,0.0,0.0,0.0,0.0,0.0,0.0,0.0,0.0,0.0
174,9,0.0,0.18717024,0.0,0.0,0.0,0.0,0.0,0.0,0.0,0.0,0.0,0.0,0.0,0.0,0.0
174,10,0.0,0.1182249599999999,0.0,0.0,0.0,0.0,0.0,0.0,0.0,0.0,0.0,0.0,0.0,0.0,0.0
174,11,0.0,0.0624672,0.0,0.0,0.0,0.0,0.0,0.0,0.0,0.0,0.0,0.0,0.0,0.0,0.0
174,12,0.0,0.03030816,0.0,0.0,0.0,0.0,0.0,0.0,0.0,0.0,0.0,0.0,0.0,0.0,0.0
174,13,0.0,0.02614368,0.0,0.0,0.0,0.0,0.0,0.0,0.0,0.0,0.0,0.0,0.0,0.0,0.0
174,14,0.0,0.02579664,0.0,0.0,0.0,0.0,0.0,0.0,0.0,0.0,0.0,0.0,0.0,0.0,0.0
174,15,22.200000000000003,0.0393312,23.02904564315368,1.668021410788393,0.0,3.0,0.0,0.0,0.0,0.0,22.200000000000003,0.0,0.0,0.0,0.0
174,16,0.0,0.13974144,0.0,0.0,0.0,0.0,0.0,0.0,0.0,0.0,0.0,0.0,0.0,0.0,0.0
174,17,0.0,0.19711872,0.0,0.0,0.0,0.0,0.0,0.0,0.0,0.0,0.0,0.0,0.0,0.0,0.0
174,18,7.4,0.1943424,7.676348547717986,1.745927136929493,0.0,1.0,0.0,0.0,0.0,0.0,7.4,0.0,0.0,0.0,0.0
174,19,34.97318498518181,0.1879799999999999,36.27923753649581,8.02061383456849,0.0,5.0,0.0,0.0,0.0,0.0,34.97318498518181,0.0,0.0,0.0,0.0
174,20,37.0,0.18589776,38.381742738589814,8.405515684647435,0.0,6.0,0.0,0.0,0.0,0.0,37.0,0.0,0.0,0.0,0.0
174,21,7.4,0.1723632,7.676348547717948,1.5772071369294822,0.0,1.0,0.0,0.0,0.0,0.0,7.4,0.0,0.0,0.0,0.0
174,22,42.80064297688281,0.11521728,44.39900723743008,6.585139988155943,0.0,6.0,0.0,0.0,0.0,0.0,42.80064297688281,0.0,0.0,0.0,0.0
174,23,43.801433972089264,0.052056,45.43717217022101,3.86924783332734,0.0,6.0,0.0,0.0,0.0,0.0,43.801433972089264,0.0,0.0,0.0,0.0
175,0,43.8014339720928,0.03458832,45.43717217022119,3.075565849753026,0.0,6.0,0.0,0.0,0.0,0.0,43.8014339720928,0.0,0.0,0.0,0.0
175,1,14.8,0.02637504,15.352697095435934,0.9131022738589358,0.0,2.0,0.0,0.0,0.0,0.0,14.8,0.0,0.0,0.0,0.0
175,2,14.8,0.02614368,15.352697095435971,0.909550273858938,0.0,2.0,0.0,0.0,0.0,0.0,14.8,0.0,0.0,0.0,0.0
175,3,36.40143397209063,0.0399095999999999,37.76082362250365,2.756902628349539,0.0,6.0,0.0,0.0,0.0,0.0,36.40143397209063,0.0,0.0,0.0,0.0
175,4,22.200000000000003,0.11579568,23.029045643153957,3.4289254107884455,0.0,3.0,0.0,0.0,0.0,0.0,22.200000000000003,0.0,0.0,0.0,0.0
175,5,31.441723009163198,0.19191312,32.61589523772195,7.339004349032958,0.0,6.0,0.0,0.0,0.0,0.0,31.441723009163198,0.0,0.0,0.0,0.0
175,6,7.4,0.21493344,7.6763485477175175,1.90399113692938,0.0,1.0,0.0,0.0,0.0,0.0,7.4,0.0,0.0,0.0,0.0
175,7,35.70081252021697,0.23390496,37.03403788404271,9.88827180386731,0.0,5.0,0.0,0.0,0.0,0.0,35.70081252021698,0.0,0.0,0.0,0.0
175,8,43.80143397209251,0.24686112,45.43717217022126,12.720641610407974,0.0,6.0,0.0,0.0,0.0,0.0,43.801433972092525,0.0,0.0,0.0,0.0
175,9,14.8,0.2528764799999999,15.35269709543559,4.390510273858893,0.0,2.0,0.0,0.0,0.0,0.0,14.8,0.0,0.0,0.0,0.0
175,10,0.0,0.25368624,0.0,0.0,0.0,0.0,0.0,0.0,0.0,0.0,0.0,0.0,0.0,0.0,0.0
175,11,0.0,0.1734043199999999,0.0,0.0,0.0,0.0,0.0,0.0,0.0,0.0,0.0,0.0,0.0,0.0,0.0
175,12,0.0,0.0219791999999999,0.0,0.0,0.0,0.0,0.0,0.0,0.0,0.0,0.0,0.0,0.0,0.0,0.0
175,13,0.0,0.0035860799999999,0.0,0.0,0.0,0.0,0.0,0.0,0.0,0.0,0.0,0.0,0.0,0.0,0.0
175,14,0.0,0.11568,0.0,0.0,0.0,0.0,0.0,0.0,0.0,0.0,0.0,0.0,0.0,0.0,0.0
175,15,7.4,0.3183513599999999,7.676348547718044,2.697863136929531,0.0,1.0,0.0,0.0,0.0,0.0,7.4,0.0,0.0,0.0,0.0
175,16,0.0,0.6014203199999999,0.0,0.0,0.0,0.0,0.0,0.0,0.0,0.0,0.0,0.0,0.0,0.0,0.0
175,17,0.0,0.59008368,0.0,0.0,0.0,0.0,0.0,0.0,0.0,0.0,0.0,0.0,0.0,0.0,0.0
175,18,14.8,0.61391376,15.352697095435934,9.933406273859081,0.0,2.0,0.0,0.0,0.0,0.0,14.8,0.0,0.0,0.0,0.0
175,19,42.209732727279366,0.6016516799999999,43.78602980008148,27.793255976131775,0.0,6.0,0.0,0.0,0.0,0.0,42.20973272727938,0.0,0.0,0.0,0.0
175,20,22.200000000000003,0.58256448,23.029045643157538,14.178165410790852,0.0,3.0,0.0,0.0,0.0,0.0,22.200000000000003,0.0,0.0,0.0,0.0
175,21,7.4,0.5240304,7.676348547717948,4.2767271369295194,0.0,1.0,0.0,0.0,0.0,0.0,7.4,0.0,0.0,0.0,0.0
175,22,22.200000000000003,0.4455993600000001,23.029045643154028,11.023989410788623,0.0,3.0,0.0,0.0,0.0,0.0,22.200000000000003,0.0,0.0,0.0,0.0
175,23,37.0,0.5722689599999999,38.38174273858999,23.235115684647774,0.0,5.0,0.0,0.0,0.0,0.0,37.0,0.0,0.0,0.0,0.0
176,0,22.200000000000003,0.52854192,23.029045643153793,12.934077410788529,0.0,3.0,0.0,0.0,0.0,0.0,22.200000000000003,0.0,0.0,0.0,0.0
176,1,29.6,0.4409721599999999,30.705394190871907,14.556572547718094,0.0,4.0,0.0,0.0,0.0,0.0,29.6,0.0,0.0,0.0,0.0
176,2,14.8,0.40233504,15.352697095436177,6.685102273859136,0.0,2.0,0.0,0.0,0.0,0.0,14.8,0.0,0.0,0.0,0.0
176,3,14.8,0.4933752,15.352697095435971,8.082814273859073,0.0,2.0,0.0,0.0,0.0,0.0,14.8,0.0,0.0,0.0,0.0
176,4,30.351577943476954,0.5366395199999999,31.485039360453428,17.938271212405837,0.0,5.0,0.0,0.0,0.0,0.0,30.351577943476954,0.0,0.0,0.0,0.0
176,5,43.80143397209251,0.61992912,45.43717217022353,29.671796557609564,0.0,6.0,0.0,0.0,0.0,0.0,43.801433972092525,0.0,0.0,0.0,0.0
176,6,37.0,0.6460728,38.381742738589594,26.067835684647566,0.0,5.0,0.0,0.0,0.0,0.0,37.0,0.0,0.0,0.0,0.0
176,7,14.8,0.624672,15.352697095435882,10.09857427385905,0.0,2.0,0.0,0.0,0.0,0.0,14.8,0.0,0.0,0.0,0.0
176,8,43.801433972090024,0.3765384,45.43717217021814,18.61281050833269,0.0,6.0,0.0,0.0,0.0,0.0,43.801433972090024,0.0,0.0,0.0,0.0
176,9,29.6,0.1147545599999999,30.70539419087187,4.539932547717912,0.0,4.0,0.0,0.0,0.0,0.0,29.6,0.0,0.0,0.0,0.0
176,10,0.0,0.00219792,0.0,0.0,0.0,0.0,0.0,0.0,0.0,0.0,0.0,0.0,0.0,0.0,0.0
176,11,0.0,0.0102955199999999,0.0,0.0,0.0,0.0,0.0,0.0,0.0,0.0,0.0,0.0,0.0,0.0,0.0
176,12,0.0,0.01145232,0.0,0.0,0.0,0.0,0.0,0.0,0.0,0.0,0.0,0.0,0.0,0.0,0.0
176,13,0.0,0.01110528,0.0,0.0,0.0,0.0,0.0,0.0,0.0,0.0,0.0,0.0,0.0,0.0,0.0
176,14,0.0,0.06397104,0.0,0.0,0.0,0.0,0.0,0.0,0.0,0.0,0.0,0.0,0.0,0.0,0.0
176,15,0.0,0.2504472,0.0,0.0,0.0,0.0,0.0,0.0,0.0,0.0,0.0,0.0,0.0,0.0,0.0
176,16,0.0,0.6851726399999999,0.0,0.0,0.0,0.0,0.0,0.0,0.0,0.0,0.0,0.0,0.0,0.0,0.0
176,17,0.0,0.7160591999999999,0.0,0.0,0.0,0.0,0.0,0.0,0.0,0.0,0.0,0.0,0.0,0.0,0.0
176,18,0.0,0.7114320000000001,0.0,0.0,0.0,0.0,0.0,0.0,0.0,0.0,0.0,0.0,0.0,0.0,0.0
176,19,26.743819858511685,0.7003267200000001,27.742551720449597,20.34712871275971,0.0,4.0,0.0,0.0,0.0,0.0,26.743819858511685,0.0,0.0,0.0,0.0
176,20,21.601433972092238,0.69442704,22.40812652706677,16.302517964182364,0.0,3.0,0.0,0.0,0.0,0.0,21.601433972092238,0.0,0.0,0.0,0.0
176,21,43.40224460765576,0.676728,45.0230753191454,31.958639507638342,0.0,6.0,0.0,0.0,0.0,0.0,43.40224460765564,0.0,0.0,0.0,0.0
176,22,30.77520194451511,0.6507,31.924483344933478,21.82996171126551,0.0,5.0,0.0,0.0,0.0,0.0,30.77520194451511,0.0,0.0,0.0,0.0
176,23,34.37261043215679,0.7507632000000001,35.65623488812959,27.949610379360905,0.0,6.0,0.0,0.0,0.0,0.0,34.3726104321568,0.0,0.0,0.0,0.0
177,0,37.0,0.69951696,38.38174273858964,28.119115684647618,0.0,6.0,0.0,0.0,0.0,0.0,37.0,0.0,0.0,0.0,0.0
177,1,22.200000000000003,0.6930388799999999,23.029045643153882,16.722285410788636,0.0,3.0,0.0,0.0,0.0,0.0,22.200000000000003,0.0,0.0,0.0,0.0
177,2,42.8682206758677,0.6843628799999999,44.46910858492549,31.904934716373365,0.0,6.0,0.0,0.0,0.0,0.0,42.868220675867704,0.0,0.0,0.0,0.0
177,3,7.4,0.6874862399999999,7.676348547717948,5.531471136929537,0.0,1.0,0.0,0.0,0.0,0.0,7.4,0.0,0.0,0.0,0.0
177,4,22.200000000000003,0.7514572799999999,23.029045643153882,18.06760541078866,0.0,3.0,0.0,0.0,0.0,0.0,22.200000000000003,0.0,0.0,0.0,0.0
177,5,36.96593415660104,0.85637904,38.34640472676502,34.10832326381442,0.0,6.0,0.0,0.0,0.0,0.0,36.96593415660104,0.0,0.0,0.0,0.0
177,6,8.88469034428272,1.50048528,9.216483759629522,14.13426382712689,0.0,2.0,0.0,0.0,0.0,0.0,8.88469034428272,0.0,0.0,0.0,0.0
177,7,7.4,1.39486944,7.676348547717948,10.961591136929611,0.0,1.0,0.0,0.0,0.0,0.0,7.4,0.0,0.0,0.0,0.0
177,8,0.0,1.1743833599999998,0.0,0.0,0.0,0.0,0.0,0.0,0.0,0.0,0.0,0.0,0.0,0.0,0.0
177,9,0.0,1.0168272,0.0,0.0,0.0,0.0,0.0,0.0,0.0,0.0,0.0,0.0,0.0,0.0,0.0
177,10,0.0,0.9416352,0.0,0.0,0.0,0.0,0.0,0.0,0.0,0.0,0.0,0.0,0.0,0.0,0.0
177,11,0.0,0.8666745600000001,0.0,0.0,0.0,0.0,0.0,0.0,0.0,0.0,0.0,0.0,0.0,0.0,0.0
177,12,0.0,0.6963936,0.0,0.0,0.0,0.0,0.0,0.0,0.0,0.0,0.0,0.0,0.0,0.0,0.0
177,13,0.0,0.613104,0.0,0.0,0.0,0.0,0.0,0.0,0.0,0.0,0.0,0.0,0.0,0.0,0.0
177,14,0.0,0.6449159999999999,0.0,0.0,0.0,0.0,0.0,0.0,0.0,0.0,0.0,0.0,0.0,0.0,0.0
177,15,22.200000000000003,0.7467144,23.02904564315383,17.95838141078862,0.0,3.0,0.0,0.0,0.0,0.0,22.200000000000003,0.0,0.0,0.0,0.0
177,16,0.0,0.9404784,0.0,0.0,0.0,0.0,0.0,0.0,0.0,0.0,0.0,0.0,0.0,0.0,0.0
177,17,0.0,1.02237984,0.0,0.0,0.0,0.0,0.0,0.0,0.0,0.0,0.0,0.0,0.0,0.0,0.0
177,18,22.200000000000003,1.0406572799999998,23.029045643153797,24.727605410788666,0.0,3.0,0.0,0.0,0.0,0.0,22.200000000000003,0.0,0.0,0.0,0.0
177,19,35.61534342539652,0.98223888,36.94537699730262,37.512077701619,0.0,5.0,0.0,0.0,0.0,0.0,35.61534342539652,0.0,0.0,0.0,0.0
177,20,29.6,0.80247216,30.705394190873264,25.656572547719424,0.0,4.0,0.0,0.0,0.0,0.0,29.6,0.0,0.0,0.0,0.0
177,21,14.8,0.7339896,15.352697095435934,11.776894273859114,0.0,3.0,0.0,0.0,0.0,0.0,14.8,0.0,0.0,0.0,0.0
177,22,37.0,0.65856624,38.38174273858959,26.547355684647563,0.0,5.0,0.0,0.0,0.0,0.0,37.0,0.0,0.0,0.0,0.0
177,23,39.464115295680394,0.75226704,40.93787893742738,32.15126080496569,0.0,6.0,0.0,0.0,0.0,0.0,39.464115295680394,0.0,0.0,0.0,0.0
178,0,39.608769016931575,0.72369408,41.087934664867625,31.0951057137986,0.0,6.0,0.0,0.0,0.0,0.0,39.608769016931575,0.0,0.0,0.0,0.0
178,1,43.8014339720904,0.73271712,45.43717217021883,34.796564332341134,0.0,6.0,0.0,0.0,0.0,0.0,43.8014339720904,0.0,0.0,0.0,0.0
178,2,7.4,0.7530767999999999,7.676348547717986,6.0349671369295725,0.0,1.0,0.0,0.0,0.0,0.0,7.4,0.0,0.0,0.0,0.0
178,3,22.200000000000003,0.7850044799999999,23.029045643153957,18.84016541078873,0.0,4.0,0.0,0.0,0.0,0.0,22.200000000000003,0.0,0.0,0.0,0.0
178,4,17.547373832369892,0.8383329599999999,18.202669950591037,15.862406554946599,0.0,3.0,0.0,0.0,0.0,0.0,17.547373832369892,0.0,0.0,0.0,0.0
178,5,43.80143397209251,1.1798203199999997,45.437172170224144,55.111669408603355,0.0,6.0,0.0,0.0,0.0,0.0,43.801433972092525,0.0,0.0,0.0,0.0
178,6,43.30807854159883,1.04088864,44.9253926780076,48.24936138371932,0.0,6.0,0.0,0.0,0.0,0.0,43.30807854159883,0.0,0.0,0.0,0.0
178,7,22.200000000000003,1.04725104,23.02904564315459,24.879453410789523,0.0,3.0,0.0,0.0,0.0,0.0,22.200000000000003,0.0,0.0,0.0,0.0
178,8,0.0,0.8999903999999999,0.0,0.0,0.0,0.0,0.0,0.0,0.0,0.0,0.0,0.0,0.0,0.0,0.0
178,9,0.0,0.92104416,0.0,0.0,0.0,0.0,0.0,0.0,0.0,0.0,0.0,0.0,0.0,0.0,0.0
178,10,0.0,0.9063528,0.0,0.0,0.0,0.0,0.0,0.0,0.0,0.0,0.0,0.0,0.0,0.0,0.0
178,11,0.0,0.8179732799999999,0.0,0.0,0.0,0.0,0.0,0.0,0.0,0.0,0.0,0.0,0.0,0.0,0.0
178,12,0.0,0.7521513599999999,0.0,0.0,0.0,0.0,0.0,0.0,0.0,0.0,0.0,0.0,0.0,0.0,0.0
178,13,0.0,0.78801216,0.0,0.0,0.0,0.0,0.0,0.0,0.0,0.0,0.0,0.0,0.0,0.0,0.0
178,14,0.0,0.88009344,0.0,0.0,0.0,0.0,0.0,0.0,0.0,0.0,0.0,0.0,0.0,0.0,0.0
178,15,14.201433972092692,0.8833324799999999,14.73177797934927,13.500679828424438,0.0,2.0,0.0,0.0,0.0,0.0,14.201433972092692,0.0,0.0,0.0,0.0
178,16,0.0,0.93446304,0.0,0.0,0.0,0.0,0.0,0.0,0.0,0.0,0.0,0.0,0.0,0.0,0.0
178,17,0.0,1.0617110399999998,0.0,0.0,0.0,0.0,0.0,0.0,0.0,0.0,0.0,0.0,0.0,0.0,0.0
178,18,29.6,1.2103598399999995,30.705394190871633,38.180924547718156,0.0,4.0,0.0,0.0,0.0,0.0,29.6,0.0,0.0,0.0,0.0
178,19,37.47686843805409,1.10809872,38.87641954155034,44.36572021900024,0.0,6.0,0.0,0.0,0.0,0.0,37.4768684380541,0.0,0.0,0.0,0.0
178,20,43.801433972091125,1.32465168,45.437172170218986,61.69239684856407,0.0,6.0,0.0,0.0,0.0,0.0,43.80143397209102,0.0,0.0,0.0,0.0
178,21,20.470930444644964,1.06032288,21.23540502556529,23.21927772102007,0.0,3.0,0.0,0.0,0.0,0.0,20.470930444644825,0.0,0.0,0.0,0.0
178,22,43.80143397209251,0.913872,45.43717217022087,43.027729804378396,0.0,6.0,0.0,0.0,0.0,0.0,43.801433972092525,0.0,0.0,0.0,0.0
178,23,37.0,0.94637808,38.38174273858978,37.59407568464786,0.0,6.0,0.0,0.0,0.0,0.0,37.0,0.0,0.0,0.0,0.0
179,0,14.8,0.8851833599999999,15.352697095435934,14.098126273859148,0.0,2.0,0.0,0.0,0.0,0.0,14.8,0.0,0.0,0.0,0.0
179,1,43.639142675542445,0.86112192,45.268820202844076,40.480371317922014,0.0,6.0,0.0,0.0,0.0,0.0,43.639142675542445,0.0,0.0,0.0,0.0
179,2,37.0,0.85765152,38.38174273858948,34.18859568464754,0.0,5.0,0.0,0.0,0.0,0.0,37.0,0.0,0.0,0.0,0.0
179,3,29.6,0.8606592000000001,30.70539419087354,27.443228547719787,0.0,4.0,0.0,0.0,0.0,0.0,29.6,0.0,0.0,0.0,0.0
179,4,43.80143397209251,1.06564416,45.437172170221274,49.923827568945136,0.0,6.0,0.0,0.0,0.0,0.0,43.801433972092525,0.0,0.0,0.0,0.0
179,5,42.83062706640421,1.34223504,44.430111064735186,61.106288578421996,0.0,6.0,0.0,0.0,0.0,0.0,42.83062706640407,0.0,0.0,0.0,0.0
179,6,22.200000000000003,1.521192,23.02904564315392,35.79386141078899,0.0,4.0,0.0,0.0,0.0,0.0,22.200000000000003,0.0,0.0,0.0,0.0
179,7,0.0,1.47977856,0.0,0.0,0.0,0.0,0.0,0.0,0.0,0.0,0.0,0.0,0.0,0.0,0.0
179,8,0.0,1.3147031999999998,0.0,0.0,0.0,0.0,0.0,0.0,0.0,0.0,0.0,0.0,0.0,0.0,0.0
179,9,0.0,1.17866352,0.0,0.0,0.0,0.0,0.0,0.0,0.0,0.0,0.0,0.0,0.0,0.0,0.0
179,10,0.0,1.1487024,0.0,0.0,0.0,0.0,0.0,0.0,0.0,0.0,0.0,0.0,0.0,0.0,0.0
179,11,0.0,1.17045024,0.0,0.0,0.0,0.0,0.0,0.0,0.0,0.0,0.0,0.0,0.0,0.0,0.0
179,12,0.0,1.12695456,0.0,0.0,0.0,0.0,0.0,0.0,0.0,0.0,0.0,0.0,0.0,0.0,0.0
179,13,0.0,1.10578512,0.0,0.0,0.0,0.0,0.0,0.0,0.0,0.0,0.0,0.0,0.0,0.0,0.0
179,14,0.0,1.10347152,0.0,0.0,0.0,0.0,0.0,0.0,0.0,0.0,0.0,0.0,0.0,0.0,0.0
179,15,22.200000000000003,1.1290368000000002,23.029045643153342,26.762901410788167,0.0,3.0,0.0,0.0,0.0,0.0,22.200000000000003,0.0,0.0,0.0,0.0
179,16,0.0,1.23870144,0.0,0.0,0.0,0.0,0.0,0.0,0.0,0.0,0.0,0.0,0.0,0.0,0.0
179,17,0.0,1.4913465599999995,0.0,0.0,0.0,0.0,0.0,0.0,0.0,0.0,0.0,0.0,0.0,0.0,0.0
179,18,23.669928740514976,1.79512224,24.553867988085923,44.88992753384274,0.0,4.0,0.0,0.0,0.0,0.0,23.669928740514976,0.0,0.0,0.0,0.0
179,19,43.66029814265243,1.92456816,45.290765708147354,88.66428996885992,0.0,6.0,0.0,0.0,0.0,0.0,43.660298142652444,0.0,0.0,0.0,0.0
179,20,43.20286794418395,1.8231168,44.816253054133234,83.18868183213341,0.0,6.0,0.0,0.0,0.0,0.0,43.20286794418395,0.0,0.0,0.0,0.0
179,21,29.6,1.61952,30.705394190872,50.744348547718886,0.0,4.0,0.0,0.0,0.0,0.0,29.6,0.0,0.0,0.0,0.0
179,22,29.6,1.23291744,30.705394190871907,38.873564547718516,0.0,4.0,0.0,0.0,0.0,0.0,29.6,0.0,0.0,0.0,0.0
179,23,22.200000000000003,1.1568,23.029045643154554,27.4022614107896,0.0,3.0,0.0,0.0,0.0,0.0,22.200000000000003,0.0,0.0,0.0,0.0
180,0,20.58845836386528,1.07455152,21.357321954217305,23.65647012571817,0.0,3.0,0.0,0.0,0.0,0.0,20.58845836386528,0.0,0.0,0.0,0.0
180,1,39.487145316411514,1.04158272,40.96176900042784,44.020905325391475,0.0,7.0,0.0,0.0,0.0,0.0,39.487145316411535,0.0,0.0,0.0,0.0
180,2,43.80143397209281,1.04042592,45.437172170221395,48.7779820562353,0.0,6.0,0.0,0.0,0.0,0.0,43.80143397209282,0.0,0.0,0.0,0.0
180,3,43.801433972092504,1.046904,45.43717217022094,49.07232769252728,0.0,6.0,0.0,0.0,0.0,0.0,43.801433972092525,0.0,0.0,0.0,0.0
180,4,29.6,1.2083932799999997,30.70539419087183,38.1205405477184,0.0,5.0,0.0,0.0,0.0,0.0,29.6,0.0,0.0,0.0,0.0
180,5,30.347788577613038,1.40909808,31.481108483001293,45.401994210456174,0.0,6.0,0.0,0.0,0.0,0.0,30.347788577613038,0.0,0.0,0.0,0.0
180,6,43.80143397209252,1.5102023999999998,45.43717217022084,70.12329685951502,0.0,6.0,0.0,0.0,0.0,0.0,43.801433972092525,0.0,0.0,0.0,0.0
180,7,7.4,1.50742608,7.676348547717447,11.825615136928851,0.0,1.0,0.0,0.0,0.0,0.0,7.4,0.0,0.0,0.0,0.0
180,8,7.4,1.3463995199999998,7.676348547717986,10.589519136929656,0.0,1.0,0.0,0.0,0.0,0.0,7.4,0.0,0.0,0.0,0.0
180,9,0.0,1.2256296,0.0,0.0,0.0,0.0,0.0,0.0,0.0,0.0,0.0,0.0,0.0,0.0,0.0
180,10,0.0,1.1406047999999998,0.0,0.0,0.0,0.0,0.0,0.0,0.0,0.0,0.0,0.0,0.0,0.0,0.0
180,11,0.0,1.15668432,0.0,0.0,0.0,0.0,0.0,0.0,0.0,0.0,0.0,0.0,0.0,0.0,0.0
180,12,0.0,1.13644032,0.0,0.0,0.0,0.0,0.0,0.0,0.0,0.0,0.0,0.0,0.0,0.0,0.0
180,13,0.0,1.1406047999999998,0.0,0.0,0.0,0.0,0.0,0.0,0.0,0.0,0.0,0.0,0.0,0.0,0.0
180,14,0.0,1.1568,0.0,0.0,0.0,0.0,0.0,0.0,0.0,0.0,0.0,0.0,0.0,0.0,0.0
180,15,0.0,1.16975616,0.0,0.0,0.0,0.0,0.0,0.0,0.0,0.0,0.0,0.0,0.0,0.0,0.0
180,16,0.0,1.2959630400000002,0.0,0.0,0.0,0.0,0.0,0.0,0.0,0.0,0.0,0.0,0.0,0.0,0.0
180,17,0.0,1.51841568,0.0,0.0,0.0,0.0,0.0,0.0,0.0,0.0,0.0,0.0,0.0,0.0,0.0
180,18,22.200000000000003,1.92318,23.02904564315392,45.051261410789145,0.0,3.0,0.0,0.0,0.0,0.0,22.200000000000003,0.0,0.0,0.0,0.0
180,19,29.05160313445643,1.5055752,30.136517774333353,46.37031251372592,0.0,6.0,0.0,0.0,0.0,0.0,29.05160313445643,0.0,0.0,0.0,0.0
180,20,37.0,1.3112328,38.38174273858993,51.59783568464826,0.0,5.0,0.0,0.0,0.0,0.0,37.0,0.0,0.0,0.0,0.0
180,21,21.214115894156194,1.1568,22.006344288544113,26.18534906893864,0.0,3.0,0.0,0.0,0.0,0.0,21.214115894156194,0.0,0.0,0.0,0.0
180,22,43.80143397209307,1.11041232,45.43717217022195,51.957966162609935,0.0,6.0,0.0,0.0,0.0,0.0,43.80143397209308,0.0,0.0,0.0,0.0
180,23,43.80143397209252,0.9844368,45.43717217022122,46.233994771135954,0.0,6.0,0.0,0.0,0.0,0.0,43.801433972092525,0.0,0.0,0.0,0.0
181,0,37.713754339257655,0.8772014399999999,39.122151804209395,35.61295112327041,0.0,6.0,0.0,0.0,0.0,0.0,37.713754339257676,0.0,0.0,0.0,0.0
181,1,22.200000000000003,0.85279296,23.02904564315392,20.401269410788732,0.0,3.0,0.0,0.0,0.0,0.0,22.200000000000003,0.0,0.0,0.0,0.0
181,2,22.200000000000003,0.83092944,23.029045643154262,19.897773410789018,0.0,3.0,0.0,0.0,0.0,0.0,22.200000000000003,0.0,0.0,0.0,0.0
181,3,36.03328276980688,0.83312736,37.37892403506987,32.37864668653911,0.0,5.0,0.0,0.0,0.0,0.0,36.03328276980688,0.0,0.0,0.0,0.0
181,4,14.8,0.8843736,15.352697095435914,14.085694273859133,0.0,3.0,0.0,0.0,0.0,0.0,14.8,0.0,0.0,0.0,0.0
181,5,43.14477721749415,0.96234192,44.755992964205895,44.55199156779561,0.0,6.0,0.0,0.0,0.0,0.0,43.14477721749415,0.0,0.0,0.0,0.0
181,6,29.6,1.08114528,30.705394190871026,34.213340547717465,0.0,4.0,0.0,0.0,0.0,0.0,29.6,0.0,0.0,0.0,0.0
181,7,7.4,1.13458944,7.676348547717986,8.963591136929628,0.0,1.0,0.0,0.0,0.0,0.0,7.4,0.0,0.0,0.0,0.0
181,8,0.0,0.9821232,0.0,0.0,0.0,0.0,0.0,0.0,0.0,0.0,0.0,0.0,0.0,0.0,0.0
181,9,0.0,0.98304864,0.0,0.0,0.0,0.0,0.0,0.0,0.0,0.0,0.0,0.0,0.0,0.0,0.0
181,10,0.0,0.97552944,0.0,0.0,0.0,0.0,0.0,0.0,0.0,0.0,0.0,0.0,0.0,0.0,0.0
181,11,0.0,0.94151952,0.0,0.0,0.0,0.0,0.0,0.0,0.0,0.0,0.0,0.0,0.0,0.0,0.0
181,12,0.0,0.92555568,0.0,0.0,0.0,0.0,0.0,0.0,0.0,0.0,0.0,0.0,0.0,0.0,0.0
181,13,0.0,0.9156072,0.0,0.0,0.0,0.0,0.0,0.0,0.0,0.0,0.0,0.0,0.0,0.0,0.0
181,14,0.0,0.8825227200000001,0.0,0.0,0.0,0.0,0.0,0.0,0.0,0.0,0.0,0.0,0.0,0.0,0.0
181,15,7.4,0.80594256,7.676348547717842,6.44078313692946,0.0,1.0,0.0,0.0,0.0,0.0,7.4,0.0,0.0,0.0,0.0
181,16,0.0,0.7970352,0.0,0.0,0.0,0.0,0.0,0.0,0.0,0.0,0.0,0.0,0.0,0.0,0.0
181,17,0.0,0.79981152,0.0,0.0,0.0,0.0,0.0,0.0,0.0,0.0,0.0,0.0,0.0,0.0,0.0
181,18,14.8,0.7896316800000001,15.352697095435934,12.631150273859127,0.0,2.0,0.0,0.0,0.0,0.0,14.8,0.0,0.0,0.0,0.0
181,19,42.47213919521264,0.7472928,44.0582356796817,34.3827299051267,0.0,6.0,0.0,0.0,0.0,0.0,42.47213919521264,0.0,0.0,0.0,0.0
181,20,35.76977152134604,0.69616224,37.105572117581644,27.05969263894913,0.0,6.0,0.0,0.0,0.0,0.0,35.76977152134604,0.0,0.0,0.0,0.0
181,21,37.69663982509513,0.65451744,39.104398158812984,26.8888661547037,0.0,6.0,0.0,0.0,0.0,0.0,37.69663982509513,0.0,0.0,0.0,0.0
181,22,7.4,0.4621416,7.676348547717948,3.801647136929513,0.0,1.0,0.0,0.0,0.0,0.0,7.4,0.0,0.0,0.0,0.0
181,23,22.200000000000003,0.25877616,23.029045643153864,6.72162941078848,0.0,3.0,0.0,0.0,0.0,0.0,22.200000000000003,0.0,0.0,0.0,0.0
182,0,29.6,0.23702832,30.705394190871907,8.294396547717986,0.0,4.0,0.0,0.0,0.0,0.0,29.6,0.0,0.0,0.0,0.0
182,1,0.0,0.23332656,0.0,0.0,0.0,0.0,0.0,0.0,0.0,0.0,0.0,0.0,0.0,0.0,0.0
182,2,14.8,0.2308972799999999,15.352697095435593,4.053070273858895,0.0,2.0,0.0,0.0,0.0,0.0,14.8,0.0,0.0,0.0,0.0
182,3,43.20286794418394,0.22869936,44.81625305413522,11.732866367170642,0.0,6.0,0.0,0.0,0.0,0.0,43.20286794418394,0.0,0.0,0.0,0.0
182,4,22.200000000000003,0.2330952,23.029045643154745,6.130221410788705,0.0,3.0,0.0,0.0,0.0,0.0,22.200000000000003,0.0,0.0,0.0,0.0
182,5,35.78394208316592,0.32344128,37.120271870504396,13.234909246657631,0.0,5.0,0.0,0.0,0.0,0.0,35.78394208316593,0.0,0.0,0.0,0.0
182,6,33.67311584859775,0.45508512,34.930618100205635,17.052607988923057,0.0,5.0,0.0,0.0,0.0,0.0,33.67311584859761,0.0,0.0,0.0,0.0
182,7,43.80143397209214,0.2922076799999999,45.43717217022067,14.781061064455047,0.0,6.0,0.0,0.0,0.0,0.0,43.80143397209214,0.0,0.0,0.0,0.0
182,8,14.8,0.34033056,15.35269709543601,5.733166273859044,0.0,3.0,0.0,0.0,0.0,0.0,14.8,0.0,0.0,0.0,0.0
182,9,34.41323924024528,0.34553616,35.69838095461294,13.516697882871775,0.0,5.0,0.0,0.0,0.0,0.0,34.41323924024528,0.0,0.0,0.0,0.0
182,10,0.0,0.28468848,0.0,0.0,0.0,0.0,0.0,0.0,0.0,0.0,0.0,0.0,0.0,0.0,0.0
182,11,0.0,0.19468944,0.0,0.0,0.0,0.0,0.0,0.0,0.0,0.0,0.0,0.0,0.0,0.0,0.0
182,12,0.0,0.0512462399999999,0.0,0.0,0.0,0.0,0.0,0.0,0.0,0.0,0.0,0.0,0.0,0.0,0.0
182,13,0.0,0.00080976,0.0,0.0,0.0,0.0,0.0,0.0,0.0,0.0,0.0,0.0,0.0,0.0,0.0
182,14,0.0,0.01145232,0.0,0.0,0.0,0.0,0.0,0.0,0.0,0.0,0.0,0.0,0.0,0.0,0.0
182,15,22.200000000000003,0.1465665599999999,23.029045643153687,4.137549410788408,0.0,3.0,0.0,0.0,0.0,0.0,22.200000000000003,0.0,0.0,0.0,0.0
182,16,0.0,0.6061632,0.0,0.0,0.0,0.0,0.0,0.0,0.0,0.0,0.0,0.0,0.0,0.0,0.0
182,17,0.0,0.64595712,0.0,0.0,0.0,0.0,0.0,0.0,0.0,0.0,0.0,0.0,0.0,0.0,0.0
182,18,7.4,0.67314192,7.6763485477180184,5.421359136929585,0.0,1.0,0.0,0.0,0.0,0.0,7.4,0.0,0.0,0.0,0.0
182,19,37.37424139316284,0.6463041599999999,38.76995995141397,26.340472074024046,0.0,6.0,0.0,0.0,0.0,0.0,37.37424139316285,0.0,0.0,0.0,0.0
182,20,41.98643568580345,0.64283376,43.554393864941765,29.439885209651024,0.0,6.0,0.0,0.0,0.0,0.0,41.986435685803464,0.0,0.0,0.0,0.0
182,21,29.6,0.63762816,30.705394190868198,20.594972547715717,0.0,4.0,0.0,0.0,0.0,0.0,29.6,0.0,0.0,0.0,0.0
182,22,14.8,0.5244931199999999,15.352697095436103,8.560558273859154,0.0,2.0,0.0,0.0,0.0,0.0,14.8,0.0,0.0,0.0,0.0
182,23,29.6,0.1902936,30.70539419087151,6.859388547717874,0.0,4.0,0.0,0.0,0.0,0.0,29.6,0.0,0.0,0.0,0.0
183,0,14.8,0.03667056,15.352697095435897,1.0711662738589358,0.0,2.0,0.0,0.0,0.0,0.0,14.8,0.0,0.0,0.0,0.0
183,1,43.801433972092525,0.00011568,45.43717217022608,1.5092265709111345,0.0,6.0,0.0,0.0,0.0,0.0,43.80143397209239,0.0,0.0,0.0,0.0
183,2,7.4,0.0,7.676348547717986,0.25408713692946533,0.0,1.0,0.0,0.0,0.0,0.0,7.4,0.0,0.0,0.0,0.0
183,3,0.0,-0.0003470399999999,0.0,0.0,0.0,0.0,0.0,0.0,0.0,0.0,0.0,0.0,0.0,0.0,0.0
183,4,22.200000000000003,-0.0005784,23.029045643156103,0.7489414107884655,0.0,3.0,0.0,0.0,0.0,0.0,22.200000000000003,0.0,0.0,0.0,0.0
183,5,19.02278052336069,-0.0005784,19.73317481676449,0.6417544181208878,0.0,3.0,0.0,0.0,0.0,0.0,19.022780523360588,0.0,0.0,0.0,0.0
183,6,29.6,-0.005784,30.705394190874575,0.8387485477179298,0.0,4.0,0.0,0.0,0.0,0.0,29.6,0.0,0.0,0.0,0.0
183,7,14.530859538855573,-0.0341256,15.07350574570091,-0.015459387492790874,0.0,2.0,0.0,0.0,0.0,0.0,14.530859538855573,0.0,0.0,0.0,0.0
183,8,43.80143397209251,-0.05818704,45.43717217022099,-1.139884155721221,0.0,6.0,0.0,0.0,0.0,0.0,43.801433972092525,0.0,0.0,0.0,0.0
183,9,7.4,-0.04904832,7.676348547717598,-0.12242486307053554,0.0,1.0,0.0,0.0,0.0,0.0,7.4,0.0,0.0,0.0,0.0
183,10,7.4,-0.03551376,7.676348547717948,-0.01852886307053968,0.0,1.0,0.0,0.0,0.0,0.0,7.4,0.0,0.0,0.0,0.0
183,11,0.0,-0.02892,0.0,0.0,0.0,0.0,0.0,0.0,0.0,0.0,0.0,0.0,0.0,0.0,0.0
183,12,0.0,-0.04870128,0.0,0.0,0.0,0.0,0.0,0.0,0.0,0.0,0.0,0.0,0.0,0.0,0.0
183,13,0.0,-0.07658016,0.0,0.0,0.0,0.0,0.0,0.0,0.0,0.0,0.0,0.0,0.0,0.0,0.0
183,14,0.0,-0.0704491199999999,0.0,0.0,0.0,0.0,0.0,0.0,0.0,0.0,0.0,0.0,0.0,0.0,0.0
183,15,13.246802142938764,-0.04962672,13.741495998899229,-0.2271018567549279,0.0,2.0,0.0,0.0,0.0,0.0,13.246802142938764,0.0,0.0,0.0,0.0
183,16,0.0,-0.01237776,0.0,0.0,0.0,0.0,0.0,0.0,0.0,0.0,0.0,0.0,0.0,0.0,0.0
183,17,0.0,0.0,0.0,0.0,0.0,0.0,0.0,0.0,0.0,0.0,0.0,0.0,0.0,0.0,0.0
183,18,0.0,0.0574929599999999,0.0,0.0,0.0,0.0,0.0,0.0,0.0,0.0,0.0,0.0,0.0,0.0,0.0
183,19,22.200000000000003,0.32934096,23.029045643153882,8.346669410788511,0.0,3.0,0.0,0.0,0.0,0.0,22.200000000000003,0.0,0.0,0.0,0.0
183,20,36.399588491881836,0.32714304,37.758909223944165,13.602384245917687,0.0,6.0,0.0,0.0,0.0,0.0,36.39958849188184,0.0,0.0,0.0,0.0
183,21,43.80143397209251,0.24674544,45.437172170220904,12.715385438331223,0.0,6.0,0.0,0.0,0.0,0.0,43.801433972092525,0.0,0.0,0.0,0.0
183,22,13.790631146265547,0.19468944,14.305633969155274,3.2586723506788573,0.0,3.0,0.0,0.0,0.0,0.0,13.790631146265547,0.0,0.0,0.0,0.0
183,23,29.6,0.248712,30.70539419087213,8.653148547718057,0.0,5.0,0.0,0.0,0.0,0.0,29.6,0.0,0.0,0.0,0.0
184,0,14.8,0.23101296,15.3526970954339,4.05484627385845,0.0,2.0,0.0,0.0,0.0,0.0,14.8,0.0,0.0,0.0,0.0
184,1,40.8604277025275,0.20521632,42.38633579100361,10.101355563996266,0.0,6.0,0.0,0.0,0.0,0.0,40.86042770252752,0.0,0.0,0.0,0.0
184,2,40.991529126022456,0.11487024,42.52233311828101,6.29203983687199,0.0,6.0,0.0,0.0,0.0,0.0,40.99152912602247,0.0,0.0,0.0,0.0
184,3,22.200000000000003,0.11463888,23.029045643153843,3.402285410788428,0.0,3.0,0.0,0.0,0.0,0.0,22.200000000000003,0.0,0.0,0.0,0.0
184,4,23.197076447268678,0.20787696,24.06335731044512,5.798714692064841,0.0,4.0,0.0,0.0,0.0,0.0,23.197076447268678,0.0,0.0,0.0,0.0
184,5,43.8014339720926,0.46202592,45.437172170221366,22.49712167297925,0.0,6.0,0.0,0.0,0.0,0.0,43.8014339720926,0.0,0.0,0.0,0.0
184,6,14.8,0.6397103999999999,15.352697095435934,10.329454273859088,0.0,2.0,0.0,0.0,0.0,0.0,14.8,0.0,0.0,0.0,0.0
184,7,7.4,0.66701088,7.676348547718324,5.374295136929797,0.0,1.0,0.0,0.0,0.0,0.0,7.4,0.0,0.0,0.0,0.0
184,8,0.0,0.48192288,0.0,0.0,0.0,0.0,0.0,0.0,0.0,0.0,0.0,0.0,0.0,0.0,0.0
184,9,0.0,0.24362208,0.0,0.0,0.0,0.0,0.0,0.0,0.0,0.0,0.0,0.0,0.0,0.0,0.0
184,10,0.0,0.2007048,0.0,0.0,0.0,0.0,0.0,0.0,0.0,0.0,0.0,0.0,0.0,0.0,0.0
184,11,0.0,0.190872,0.0,0.0,0.0,0.0,0.0,0.0,0.0,0.0,0.0,0.0,0.0,0.0,0.0
184,12,0.0,0.17051232,0.0,0.0,0.0,0.0,0.0,0.0,0.0,0.0,0.0,0.0,0.0,0.0,0.0
184,13,0.0,0.12828912,0.0,0.0,0.0,0.0,0.0,0.0,0.0,0.0,0.0,0.0,0.0,0.0,0.0
184,14,0.0,0.11556432,0.0,0.0,0.0,0.0,0.0,0.0,0.0,0.0,0.0,0.0,0.0,0.0,0.0
184,15,0.0,0.19792848,0.0,0.0,0.0,0.0,0.0,0.0,0.0,0.0,0.0,0.0,0.0,0.0,0.0
184,16,0.0,0.25403328,0.0,0.0,0.0,0.0,0.0,0.0,0.0,0.0,0.0,0.0,0.0,0.0,0.0
184,17,0.0,0.60732,0.0,0.0,0.0,0.0,0.0,0.0,0.0,0.0,0.0,0.0,0.0,0.0,0.0
184,18,39.76516445488043,0.6547487999999999,41.250170596349314,28.373880344494154,0.0,7.0,0.0,0.0,0.0,0.0,39.76516445488043,0.0,0.0,0.0,0.0
184,19,36.40143397209251,0.62328384,37.76082362250312,24.785594410901307,0.0,6.0,0.0,0.0,0.0,0.0,36.401433972092526,0.0,0.0,0.0,0.0
184,20,33.90828759761846,0.59193456,35.17457219670034,21.98532325615283,0.0,6.0,0.0,0.0,0.0,0.0,33.90828759761847,0.0,0.0,0.0,0.0
184,21,22.200000000000003,0.52484016,23.029045643153843,12.848829410788559,0.0,3.0,0.0,0.0,0.0,0.0,22.200000000000003,0.0,0.0,0.0,0.0
184,22,43.801433972090074,0.4274376,45.43717217021853,20.925526222059233,0.0,7.0,0.0,0.0,0.0,0.0,43.801433972090074,0.0,0.0,0.0,0.0
184,23,39.780549566135036,0.2625936,41.26613025532715,12.202130613266606,0.0,6.0,0.0,0.0,0.0,0.0,39.78054956613505,0.0,0.0,0.0,0.0
185,0,38.320983402920966,0.24905904,39.75205747191028,11.216402374299033,0.0,6.0,0.0,0.0,0.0,0.0,38.32098340292083,0.0,0.0,0.0,0.0
185,1,14.8,0.23136,15.352697095436145,4.060174273859044,0.0,2.0,0.0,0.0,0.0,0.0,14.8,0.0,0.0,0.0,0.0
185,2,18.442658382439333,0.2290464,19.131388363526533,5.015224586500371,0.0,3.0,0.0,0.0,0.0,0.0,18.442658382439333,0.0,0.0,0.0,0.0
185,3,22.200000000000003,0.25067856,23.029045643154014,6.53514941078852,0.0,3.0,0.0,0.0,0.0,0.0,22.200000000000003,0.0,0.0,0.0,0.0
185,4,43.80143397209329,0.2886216,45.43717217022405,14.618119730079954,0.0,6.0,0.0,0.0,0.0,0.0,43.80143397209331,0.0,0.0,0.0,0.0
185,5,36.40143397209252,0.54358032,37.76082362250303,21.77592385008861,0.0,6.0,0.0,0.0,0.0,0.0,36.401433972092526,0.0,0.0,0.0,0.0
185,6,29.6,0.7339896,30.70539419087183,23.5537885477182,0.0,4.0,0.0,0.0,0.0,0.0,29.6,0.0,0.0,0.0,0.0
185,7,7.4,0.75087888,7.676348547717864,6.018095136929478,0.0,1.0,0.0,0.0,0.0,0.0,7.4,0.0,0.0,0.0,0.0
185,8,0.0,0.71710032,0.0,0.0,0.0,0.0,0.0,0.0,0.0,0.0,0.0,0.0,0.0,0.0,0.0
185,9,0.0,0.4297512,0.0,0.0,0.0,0.0,0.0,0.0,0.0,0.0,0.0,0.0,0.0,0.0,0.0
185,10,0.0,0.2726577599999999,0.0,0.0,0.0,0.0,0.0,0.0,0.0,0.0,0.0,0.0,0.0,0.0,0.0
185,11,0.0,0.27982992,0.0,0.0,0.0,0.0,0.0,0.0,0.0,0.0,0.0,0.0,0.0,0.0,0.0
185,12,0.0,0.27601248,0.0,0.0,0.0,0.0,0.0,0.0,0.0,0.0,0.0,0.0,0.0,0.0,0.0
185,13,0.0,0.27485568,0.0,0.0,0.0,0.0,0.0,0.0,0.0,0.0,0.0,0.0,0.0,0.0,0.0
185,14,0.0,0.45369696,0.0,0.0,0.0,0.0,0.0,0.0,0.0,0.0,0.0,0.0,0.0,0.0,0.0
185,15,7.4,0.59274432,7.676348547717804,4.804199136929437,0.0,1.0,0.0,0.0,0.0,0.0,7.4,0.0,0.0,0.0,0.0
185,16,0.0,0.62189568,0.0,0.0,0.0,0.0,0.0,0.0,0.0,0.0,0.0,0.0,0.0,0.0,0.0
185,17,7.4,0.63693408,7.676348547717948,5.143415136929532,0.0,1.0,0.0,0.0,0.0,0.0,7.4,0.0,0.0,0.0,0.0
185,18,37.0,0.728784,38.381742738589175,29.24243568464728,0.0,5.0,0.0,0.0,0.0,0.0,37.0,0.0,0.0,0.0,0.0
185,19,43.80143397209251,0.70553232,45.43717217022252,33.56136389433089,0.0,6.0,0.0,0.0,0.0,0.0,43.801433972092525,0.0,0.0,0.0,0.0
185,20,43.80143397209252,0.64746096,45.437172170221004,30.92276551185089,0.0,6.0,0.0,0.0,0.0,0.0,43.801433972092525,0.0,0.0,0.0,0.0
185,21,22.200000000000003,0.6339263999999999,23.029045643153584,15.360981410788417,0.0,3.0,0.0,0.0,0.0,0.0,22.200000000000003,0.0,0.0,0.0,0.0
185,22,33.182043055859765,0.5784,34.42120648948132,21.04856776831783,0.0,6.0,0.0,0.0,0.0,0.0,33.18204305585977,0.0,0.0,0.0,0.0
185,23,14.631828282228096,0.50471184,15.178245106045932,8.163039928453557,0.0,2.0,0.0,0.0,0.0,0.0,14.631828282228106,0.0,0.0,0.0,0.0
186,0,37.0,0.39990576,38.38174273858986,16.619515684647585,0.0,5.0,0.0,0.0,0.0,0.0,37.0,0.0,0.0,0.0,0.0
186,1,36.55008417959793,0.35548464,37.915025082571,14.733196372301824,0.0,6.0,0.0,0.0,0.0,0.0,36.55008417959779,0.0,0.0,0.0,0.0
186,2,37.0,0.34692432,38.38174273858978,14.58599568464752,0.0,5.0,0.0,0.0,0.0,0.0,37.0,0.0,0.0,0.0,0.0
186,3,22.200000000000003,0.36913488,23.02904564315392,9.263085410788541,0.0,4.0,0.0,0.0,0.0,0.0,22.200000000000003,0.0,0.0,0.0,0.0
186,4,43.8014339720932,0.44721888,45.43717217022298,21.82433164716867,0.0,6.0,0.0,0.0,0.0,0.0,43.8014339720932,0.0,0.0,0.0,0.0
186,5,42.8082987551848,0.53837472,44.40694891616763,25.377448697921196,0.0,6.0,0.0,0.0,0.0,0.0,42.8082987551848,0.0,0.0,0.0,0.0
186,6,40.62408868208682,0.63716544,42.14117083203888,28.2457704098517,0.0,6.0,0.0,0.0,0.0,0.0,40.624088682086835,0.0,0.0,0.0,0.0
186,7,7.4,0.6732576,7.676348547717948,5.422247136929536,0.0,1.0,0.0,0.0,0.0,0.0,7.4,0.0,0.0,0.0,0.0
186,8,0.0,0.7210334399999999,0.0,0.0,0.0,0.0,0.0,0.0,0.0,0.0,0.0,0.0,0.0,0.0,0.0
186,9,0.0,0.7186041599999999,0.0,0.0,0.0,0.0,0.0,0.0,0.0,0.0,0.0,0.0,0.0,0.0,0.0
186,10,0.0,0.57284736,0.0,0.0,0.0,0.0,0.0,0.0,0.0,0.0,0.0,0.0,0.0,0.0,0.0
186,11,0.0,0.53016144,0.0,0.0,0.0,0.0,0.0,0.0,0.0,0.0,0.0,0.0,0.0,0.0,0.0
186,12,0.0,0.5205599999999999,0.0,0.0,0.0,0.0,0.0,0.0,0.0,0.0,0.0,0.0,0.0,0.0,0.0
186,13,0.0,0.49904352,0.0,0.0,0.0,0.0,0.0,0.0,0.0,0.0,0.0,0.0,0.0,0.0,0.0
186,14,0.0,0.4794936,0.0,0.0,0.0,0.0,0.0,0.0,0.0,0.0,0.0,0.0,0.0,0.0,0.0
186,15,0.0,0.45369696,0.0,0.0,0.0,0.0,0.0,0.0,0.0,0.0,0.0,0.0,0.0,0.0,0.0
186,16,0.0,0.5506368,0.0,0.0,0.0,0.0,0.0,0.0,0.0,0.0,0.0,0.0,0.0,0.0,0.0
186,17,0.0,0.68170224,0.0,0.0,0.0,0.0,0.0,0.0,0.0,0.0,0.0,0.0,0.0,0.0,0.0
186,18,0.282569716075999,0.7794518399999999,0.2931221121120322,0.23817691154131804,0.0,1.0,0.0,0.0,0.0,0.0,0.282569716075999,0.0,0.0,0.0,0.0
186,19,42.18134490096443,0.723,43.75658184747415,33.08435153487521,0.0,6.0,0.0,0.0,0.0,0.0,42.18134490096444,0.0,0.0,0.0,0.0
186,20,43.80143397209252,0.64734528,45.43717217022139,30.917509339774504,0.0,6.0,0.0,0.0,0.0,0.0,43.801433972092525,0.0,0.0,0.0,0.0
186,21,43.80143397209294,0.6009576,45.437172170221395,28.809784337037364,0.0,6.0,0.0,0.0,0.0,0.0,43.80143397209295,0.0,0.0,0.0,0.0
186,22,37.0,0.53247504,38.38174273858999,21.707755684647747,0.0,5.0,0.0,0.0,0.0,0.0,37.0,0.0,0.0,0.0,0.0
186,23,43.80143397209251,0.46896672,45.437172170221984,22.812491997578633,0.0,6.0,0.0,0.0,0.0,0.0,43.801433972092525,0.0,0.0,0.0,0.0
187,0,39.44327430855302,0.4314864,40.91625965617603,19.009137775128057,0.0,6.0,0.0,0.0,0.0,0.0,39.44327430855302,0.0,0.0,0.0,0.0
187,1,14.8,0.42558672,15.352697095432315,7.042078273857376,0.0,2.0,0.0,0.0,0.0,0.0,14.8,0.0,0.0,0.0,0.0
187,2,30.55579096859507,0.42790032,31.696878598128055,14.612271176738187,0.0,5.0,0.0,0.0,0.0,0.0,30.555790968594927,0.0,0.0,0.0,0.0
187,3,22.200000000000003,0.4784524799999999,23.029045643154113,11.780565410788677,0.0,3.0,0.0,0.0,0.0,0.0,22.200000000000003,0.0,0.0,0.0,0.0
187,4,37.0,0.54126672,38.38174273858986,22.045195684647673,0.0,5.0,0.0,0.0,0.0,0.0,37.0,0.0,0.0,0.0,0.0
187,5,42.517917326345824,0.63785952,44.105723367579195,29.593154979963717,0.0,6.0,0.0,0.0,0.0,0.0,42.517917326345824,0.0,0.0,0.0,0.0
187,6,43.80143397209252,0.71686896,45.437172170221125,34.07646875784168,0.0,6.0,0.0,0.0,0.0,0.0,43.801433972092525,0.0,0.0,0.0,0.0
187,7,7.4,0.74359104,7.676348547717948,5.962151136929543,0.0,1.0,0.0,0.0,0.0,0.0,7.4,0.0,0.0,0.0,0.0
187,8,0.0,0.73364256,0.0,0.0,0.0,0.0,0.0,0.0,0.0,0.0,0.0,0.0,0.0,0.0,0.0
187,9,0.0,0.7251979199999999,0.0,0.0,0.0,0.0,0.0,0.0,0.0,0.0,0.0,0.0,0.0,0.0,0.0
187,10,0.0,0.6977817599999999,0.0,0.0,0.0,0.0,0.0,0.0,0.0,0.0,0.0,0.0,0.0,0.0,0.0
187,11,0.0,0.65405472,0.0,0.0,0.0,0.0,0.0,0.0,0.0,0.0,0.0,0.0,0.0,0.0,0.0
187,12,0.0,0.65856624,0.0,0.0,0.0,0.0,0.0,0.0,0.0,0.0,0.0,0.0,0.0,0.0,0.0
187,13,0.0,0.6458414399999999,0.0,0.0,0.0,0.0,0.0,0.0,0.0,0.0,0.0,0.0,0.0,0.0,0.0
187,14,0.0,0.63624,0.0,0.0,0.0,0.0,0.0,0.0,0.0,0.0,0.0,0.0,0.0,0.0,0.0
187,15,43.80143397209279,0.6003792,45.43717217022115,28.783503476653962,0.0,6.0,0.0,0.0,0.0,0.0,43.80143397209282,0.0,0.0,0.0,0.0
187,16,0.0,0.7088870399999999,0.0,0.0,0.0,0.0,0.0,0.0,0.0,0.0,0.0,0.0,0.0,0.0,0.0
187,17,0.0,0.73954224,0.0,0.0,0.0,0.0,0.0,0.0,0.0,0.0,0.0,0.0,0.0,0.0,0.0
187,18,0.0,0.7427812799999999,0.0,0.0,0.0,0.0,0.0,0.0,0.0,0.0,0.0,0.0,0.0,0.0,0.0
187,19,36.805672653439835,0.7368816,38.18015835419111,29.398019417813437,0.0,6.0,0.0,0.0,0.0,0.0,36.80567265343985,0.0,0.0,0.0,0.0
187,20,36.40143397209251,0.7095811200000001,37.76082362250403,28.04425078008375,0.0,6.0,0.0,0.0,0.0,0.0,36.401433972092526,0.0,0.0,0.0,0.0
187,21,43.61943041583579,0.68991552,45.24837180066007,32.715275066607575,0.0,6.0,0.0,0.0,0.0,0.0,43.61943041583579,0.0,0.0,0.0,0.0
187,22,38.26827820053728,0.63624,39.697384025454106,26.57104702359745,0.0,6.0,0.0,0.0,0.0,0.0,38.26827820053729,0.0,0.0,0.0,0.0
187,23,35.76320621428393,0.6373968,37.098761633075554,24.874600958939933,0.0,6.0,0.0,0.0,0.0,0.0,35.76320621428393,0.0,0.0,0.0,0.0
188,0,43.20286794417889,0.6208545599999999,44.8162530541278,29.307793046860798,0.0,6.0,0.0,0.0,0.0,0.0,43.20286794417889,0.0,0.0,0.0,0.0
188,1,42.38558075136719,0.5888112,43.96844476282965,27.3444682445851,0.0,6.0,0.0,0.0,0.0,0.0,42.38558075136719,0.0,0.0,0.0,0.0
188,2,4.676234284744984,0.57354144,4.85086544060683,2.9427359961359616,0.0,1.0,0.0,0.0,0.0,0.0,4.6762342847448455,0.0,0.0,0.0,0.0
188,3,37.0,0.5830272,38.38174273859025,23.648035684647937,0.0,5.0,0.0,0.0,0.0,0.0,37.0,0.0,0.0,0.0,0.0
188,4,29.6,0.6277953599999999,30.70539419087183,20.293052547718144,0.0,4.0,0.0,0.0,0.0,0.0,29.6,0.0,0.0,0.0,0.0
188,5,40.902683815886576,0.69442704,42.43016993349263,30.869095938410883,0.0,6.0,0.0,0.0,0.0,0.0,40.90268381588659,0.0,0.0,0.0,0.0
188,6,37.0,0.7536552000000001,38.38174273859007,30.197035684647986,0.0,5.0,0.0,0.0,0.0,0.0,37.0,0.0,0.0,0.0,0.0
188,7,7.4,0.86320416,7.676348547718036,6.880343136929635,0.0,2.0,0.0,0.0,0.0,0.0,7.4,0.0,0.0,0.0,0.0
188,8,0.0,0.8651707200000001,0.0,0.0,0.0,0.0,0.0,0.0,0.0,0.0,0.0,0.0,0.0,0.0,0.0
188,9,0.0,0.86968224,0.0,0.0,0.0,0.0,0.0,0.0,0.0,0.0,0.0,0.0,0.0,0.0,0.0
188,10,0.0,0.8423817599999999,0.0,0.0,0.0,0.0,0.0,0.0,0.0,0.0,0.0,0.0,0.0,0.0,0.0
188,11,0.0,0.8456208,0.0,0.0,0.0,0.0,0.0,0.0,0.0,0.0,0.0,0.0,0.0,0.0,0.0
188,12,0.0,0.75157296,0.0,0.0,0.0,0.0,0.0,0.0,0.0,0.0,0.0,0.0,0.0,0.0,0.0
188,13,0.0,0.73364256,0.0,0.0,0.0,0.0,0.0,0.0,0.0,0.0,0.0,0.0,0.0,0.0,0.0
188,14,0.0,0.74544192,0.0,0.0,0.0,0.0,0.0,0.0,0.0,0.0,0.0,0.0,0.0,0.0,0.0
188,15,0.0,0.743244,0.0,0.0,0.0,0.0,0.0,0.0,0.0,0.0,0.0,0.0,0.0,0.0,0.0
188,16,0.0,0.7434753599999999,0.0,0.0,0.0,0.0,0.0,0.0,0.0,0.0,0.0,0.0,0.0,0.0,0.0
188,17,7.4,0.7614057599999998,7.676348547717948,6.098903136929543,0.0,1.0,0.0,0.0,0.0,0.0,7.4,0.0,0.0,0.0,0.0
188,18,14.8,0.7622155199999999,15.352697095439993,12.210238273862347,0.0,2.0,0.0,0.0,0.0,0.0,14.8,0.0,0.0,0.0,0.0
188,19,29.6,0.749028,30.70539419087183,24.015548547718204,0.0,4.0,0.0,0.0,0.0,0.0,29.6,0.0,0.0,0.0,0.0
188,20,43.40014125780708,0.7368816,45.02089342096224,34.665259549701986,0.0,6.0,0.0,0.0,0.0,0.0,43.40014125780708,0.0,0.0,0.0,0.0
188,21,43.80143397209224,0.68841168,45.437172170220734,32.783450426985205,0.0,6.0,0.0,0.0,0.0,0.0,43.80143397209224,0.0,0.0,0.0,0.0
188,22,43.80143397209251,0.6430651199999999,45.43717217022117,30.723030972938254,0.0,6.0,0.0,0.0,0.0,0.0,43.801433972092525,0.0,0.0,0.0,0.0
188,23,43.80143397209282,0.61287264,45.437172170221345,29.35117006093241,0.0,6.0,0.0,0.0,0.0,0.0,43.80143397209284,0.0,0.0,0.0,0.0
189,0,37.0,0.56174208,38.381742738589935,22.831075684647736,0.0,5.0,0.0,0.0,0.0,0.0,37.0,0.0,0.0,0.0,0.0
189,1,22.200000000000003,0.50748816,23.02904564315392,12.449229410788593,0.0,3.0,0.0,0.0,0.0,0.0,22.200000000000003,0.0,0.0,0.0,0.0
189,2,0.0,0.4835423999999999,0.0,0.0,0.0,0.0,0.0,0.0,0.0,0.0,0.0,0.0,0.0,0.0,0.0
189,3,14.8,0.4757918399999999,15.352697095436254,7.812862273859208,0.0,3.0,0.0,0.0,0.0,0.0,14.8,0.0,0.0,0.0,0.0
189,4,14.8,0.4999689599999999,15.352697095435925,8.184046273859048,0.0,2.0,0.0,0.0,0.0,0.0,14.8,0.0,0.0,0.0,0.0
189,5,40.30831518548651,0.54971136,41.81360496419824,24.369443975687126,0.0,6.0,0.0,0.0,0.0,0.0,40.30831518548652,0.0,0.0,0.0,0.0
189,6,29.6,0.62097024,30.705394190871868,20.083484547718168,0.0,4.0,0.0,0.0,0.0,0.0,29.6,0.0,0.0,0.0,0.0
189,7,14.8,0.64121424,15.352697095436184,10.35254227385926,0.0,2.0,0.0,0.0,0.0,0.0,14.8,0.0,0.0,0.0,0.0
189,8,43.20286794417997,0.63924768,44.81625305412897,30.13210376723653,0.0,6.0,0.0,0.0,0.0,0.0,43.202867944179985,0.0,0.0,0.0,0.0
189,9,0.0,0.6399417599999999,0.0,0.0,0.0,0.0,0.0,0.0,0.0,0.0,0.0,0.0,0.0,0.0,0.0
189,10,7.4,0.5358297599999999,7.676348547717948,4.367303136929521,0.0,1.0,0.0,0.0,0.0,0.0,7.4,0.0,0.0,0.0,0.0
189,11,0.0,0.41286192,0.0,0.0,0.0,0.0,0.0,0.0,0.0,0.0,0.0,0.0,0.0,0.0,0.0
189,12,0.0,0.25981728,0.0,0.0,0.0,0.0,0.0,0.0,0.0,0.0,0.0,0.0,0.0,0.0,0.0
189,13,0.0,0.2594702399999999,0.0,0.0,0.0,0.0,0.0,0.0,0.0,0.0,0.0,0.0,0.0,0.0,0.0
189,14,0.0,0.48111312,0.0,0.0,0.0,0.0,0.0,0.0,0.0,0.0,0.0,0.0,0.0,0.0,0.0
189,15,7.4,0.6672422399999999,7.676348547717878,5.376071136929485,0.0,1.0,0.0,0.0,0.0,0.0,7.4,0.0,0.0,0.0,0.0
189,16,0.0,0.670944,0.0,0.0,0.0,0.0,0.0,0.0,0.0,0.0,0.0,0.0,0.0,0.0,0.0
189,17,0.0,0.6940799999999999,0.0,0.0,0.0,0.0,0.0,0.0,0.0,0.0,0.0,0.0,0.0,0.0,0.0
189,18,0.0,0.6996326399999999,0.0,0.0,0.0,0.0,0.0,0.0,0.0,0.0,0.0,0.0,0.0,0.0,0.0
189,19,37.03817242063596,0.67996704,38.42134068530761,27.396991675303873,0.0,6.0,0.0,0.0,0.0,0.0,37.03817242063596,0.0,0.0,0.0,0.0
189,20,14.8,0.6582192,15.352697095435971,10.61361427385912,0.0,2.0,0.0,0.0,0.0,0.0,14.8,0.0,0.0,0.0,0.0
189,21,7.4,0.64341216,7.676348547717948,5.193143136929533,0.0,2.0,0.0,0.0,0.0,0.0,7.4,0.0,0.0,0.0,0.0
189,22,37.0,0.63936336,38.38174273858985,25.810315684647733,0.0,5.0,0.0,0.0,0.0,0.0,37.0,0.0,0.0,0.0,0.0
189,23,14.8,0.60477504,15.352697095440504,9.793102273861997,0.0,2.0,0.0,0.0,0.0,0.0,14.8,0.0,0.0,0.0,0.0
190,0,7.4,0.5920502400000001,7.676348547717948,4.798871136929527,0.0,1.0,0.0,0.0,0.0,0.0,7.4,0.0,0.0,0.0,0.0
190,1,14.8,0.57932544,15.352697095435769,9.402382273858972,0.0,2.0,0.0,0.0,0.0,0.0,14.8,0.0,0.0,0.0,0.0
190,2,37.0,0.5784,38.38174273858645,23.47043568464562,0.0,5.0,0.0,0.0,0.0,0.0,37.0,0.0,0.0,0.0,0.0
190,3,22.200000000000003,0.57828432,23.029045643153843,14.079597410788576,0.0,4.0,0.0,0.0,0.0,0.0,22.200000000000003,0.0,0.0,0.0,0.0
190,4,29.6,0.5847623999999999,30.70539419087214,18.971708547718315,0.0,4.0,0.0,0.0,0.0,0.0,29.6,0.0,0.0,0.0,0.0
190,5,43.80143397209251,0.63300096,45.43717217021817,30.265744002267603,0.0,6.0,0.0,0.0,0.0,0.0,43.801433972092525,0.0,0.0,0.0,0.0
190,6,43.80143397209251,0.64711392,45.437172170229005,30.906996995626383,0.0,6.0,0.0,0.0,0.0,0.0,43.801433972092525,0.0,0.0,0.0,0.0
190,7,9.412388540015721,0.66793632,9.763888526987405,6.844840481849472,0.0,2.0,0.0,0.0,0.0,0.0,9.412388540015721,0.0,0.0,0.0,0.0
190,8,29.6,0.69049392,30.705394190871793,22.21823654771815,0.0,4.0,0.0,0.0,0.0,0.0,29.6,0.0,0.0,0.0,0.0
190,9,22.200000000000003,0.67950432,23.02904564315411,16.4105974107888,0.0,3.0,0.0,0.0,0.0,0.0,22.200000000000003,0.0,0.0,0.0,0.0
190,10,14.8,0.58395264,15.352697095435934,9.473422273859075,0.0,2.0,0.0,0.0,0.0,0.0,14.8,0.0,0.0,0.0,0.0
190,11,0.0,0.52854192,0.0,0.0,0.0,0.0,0.0,0.0,0.0,0.0,0.0,0.0,0.0,0.0,0.0
190,12,0.0,0.42790032,0.0,0.0,0.0,0.0,0.0,0.0,0.0,0.0,0.0,0.0,0.0,0.0,0.0
190,13,0.0,0.5188248,0.0,0.0,0.0,0.0,0.0,0.0,0.0,0.0,0.0,0.0,0.0,0.0,0.0
190,14,0.0,0.6379752,0.0,0.0,0.0,0.0,0.0,0.0,0.0,0.0,0.0,0.0,0.0,0.0,0.0
190,15,14.8,0.7334112,15.352697095435643,11.768014273858888,0.0,2.0,0.0,0.0,0.0,0.0,14.8,0.0,0.0,0.0,0.0
190,16,0.0,0.72542928,0.0,0.0,0.0,0.0,0.0,0.0,0.0,0.0,0.0,0.0,0.0,0.0,0.0
190,17,0.0,0.75111024,0.0,0.0,0.0,0.0,0.0,0.0,0.0,0.0,0.0,0.0,0.0,0.0,0.0
190,18,0.0,0.8091816000000001,0.0,0.0,0.0,0.0,0.0,0.0,0.0,0.0,0.0,0.0,0.0,0.0,0.0
190,19,21.996166326862046,0.7617527999999999,22.817599924131002,18.13663318897531,0.0,3.0,0.0,0.0,0.0,0.0,21.996166326862046,0.0,0.0,0.0,0.0
190,20,14.8,0.71235744,15.35269709543592,11.444782273859097,0.0,2.0,0.0,0.0,0.0,0.0,14.8,0.0,0.0,0.0,0.0
190,21,43.80143397209251,0.67649664,45.437172170222524,32.242064703091415,0.0,6.0,0.0,0.0,0.0,0.0,43.801433972092525,0.0,0.0,0.0,0.0
190,22,29.6,0.6567153600000001,30.70539419087185,21.181052547718178,0.0,5.0,0.0,0.0,0.0,0.0,29.6,0.0,0.0,0.0,0.0
190,23,19.099403703609376,0.6478079999999999,19.812659443578937,13.490598316408445,0.0,3.0,0.0,0.0,0.0,0.0,19.099403703609376,0.0,0.0,0.0,0.0
191,0,41.81381512027758,0.6436435199999999,43.37532688825531,29.35397139950854,0.0,6.0,0.0,0.0,0.0,0.0,41.813815120277596,0.0,0.0,0.0,0.0
191,1,37.0,0.63866928,38.381742738590276,25.783675684648017,0.0,5.0,0.0,0.0,0.0,0.0,37.0,0.0,0.0,0.0,0.0
191,2,19.370269831214948,0.63959472,20.093640903750234,13.51688614152881,0.0,3.0,0.0,0.0,0.0,0.0,19.370269831214948,0.0,0.0,0.0,0.0
191,3,37.0,0.64109856,38.381742738589686,25.876915684647624,0.0,5.0,0.0,0.0,0.0,0.0,37.0,0.0,0.0,0.0,0.0
191,4,43.02653686665843,0.659376,44.63333699860895,30.907514671448723,0.0,6.0,0.0,0.0,0.0,0.0,43.02653686665845,0.0,0.0,0.0,0.0
191,5,14.8,0.69199776,15.352697095438588,11.132206273861026,0.0,2.0,0.0,0.0,0.0,0.0,14.8,0.0,0.0,0.0,0.0
191,6,27.781937065311645,0.99727728,28.8194367897457,29.694892890550104,0.0,4.0,0.0,0.0,0.0,0.0,27.781937065311546,0.0,0.0,0.0,0.0
191,7,7.4,1.1564529599999998,7.676348547717948,9.131423136929584,0.0,1.0,0.0,0.0,0.0,0.0,7.4,0.0,0.0,0.0,0.0
191,8,0.0,1.02191712,0.0,0.0,0.0,0.0,0.0,0.0,0.0,0.0,0.0,0.0,0.0,0.0,0.0
191,9,0.0,0.87893664,0.0,0.0,0.0,0.0,0.0,0.0,0.0,0.0,0.0,0.0,0.0,0.0,0.0
191,10,0.0,0.7914825600000001,0.0,0.0,0.0,0.0,0.0,0.0,0.0,0.0,0.0,0.0,0.0,0.0,0.0
191,11,0.0,0.8281531200000001,0.0,0.0,0.0,0.0,0.0,0.0,0.0,0.0,0.0,0.0,0.0,0.0,0.0
191,12,0.0,0.7914825600000001,0.0,0.0,0.0,0.0,0.0,0.0,0.0,0.0,0.0,0.0,0.0,0.0,0.0
191,13,0.0,0.7183728,0.0,0.0,0.0,0.0,0.0,0.0,0.0,0.0,0.0,0.0,0.0,0.0,0.0
191,14,0.0,0.71501808,0.0,0.0,0.0,0.0,0.0,0.0,0.0,0.0,0.0,0.0,0.0,0.0,0.0
191,15,0.0,0.72808992,0.0,0.0,0.0,0.0,0.0,0.0,0.0,0.0,0.0,0.0,0.0,0.0,0.0
191,16,0.0,0.8980238399999999,0.0,0.0,0.0,0.0,0.0,0.0,0.0,0.0,0.0,0.0,0.0,0.0,0.0
191,17,0.0,1.23164496,0.0,0.0,0.0,0.0,0.0,0.0,0.0,0.0,0.0,0.0,0.0,0.0,0.0
191,18,43.80143397209355,1.09583664,45.4371721702219,51.29568848095181,0.0,6.0,0.0,0.0,0.0,0.0,43.80143397209356,0.0,0.0,0.0,0.0
191,19,39.32754702834063,0.6941956799999999,40.796210610312365,29.670907737250342,0.0,6.0,0.0,0.0,0.0,0.0,39.32754702834065,0.0,0.0,0.0,0.0
191,20,7.4,0.6725635200000001,7.676348547717948,5.416919136929536,0.0,1.0,0.0,0.0,0.0,0.0,7.4,0.0,0.0,0.0,0.0
191,21,43.4918202700541,0.63936336,45.11599613076205,30.338854347839252,0.0,6.0,0.0,0.0,0.0,0.0,43.4918202700541,0.0,0.0,0.0,0.0
191,22,22.200000000000003,0.58152336,23.029045643153857,14.154189410788586,0.0,3.0,0.0,0.0,0.0,0.0,22.200000000000003,0.0,0.0,0.0,0.0
191,23,31.260219708622785,0.5873073600000001,32.42761380562621,20.118330272248112,0.0,6.0,0.0,0.0,0.0,0.0,31.260219708622692,0.0,0.0,0.0,0.0
192,0,29.21309679019157,0.5733100799999999,30.304042313478554,18.376676723639914,0.0,4.0,0.0,0.0,0.0,0.0,29.21309679019157,0.0,0.0,0.0,0.0
192,1,41.8865004617855,0.5645184,43.45072662010984,25.966953721547448,0.0,6.0,0.0,0.0,0.0,0.0,41.88650046178537,0.0,0.0,0.0,0.0
192,2,43.80143397209291,0.57284736,45.437172170221444,27.532534522411154,0.0,6.0,0.0,0.0,0.0,0.0,43.801433972092916,0.0,0.0,0.0,0.0
192,3,29.6,0.5891582399999999,30.705394190871957,19.10668454771821,0.0,4.0,0.0,0.0,0.0,0.0,29.6,0.0,0.0,0.0,0.0
192,4,29.6,0.62767968,30.7053941908718,20.289500547718124,0.0,4.0,0.0,0.0,0.0,0.0,29.6,0.0,0.0,0.0,0.0
192,5,43.80143397209251,0.6463041599999999,45.43717217022122,30.870203791084514,0.0,6.0,0.0,0.0,0.0,0.0,43.801433972092525,0.0,0.0,0.0,0.0
192,6,36.598624278006014,0.7166376,37.96537788174944,28.464071296155907,0.0,6.0,0.0,0.0,0.0,0.0,36.598624278006014,0.0,0.0,0.0,0.0
192,7,14.8,0.8272276800000001,15.352697095435934,13.208350273859137,0.0,2.0,0.0,0.0,0.0,0.0,14.8,0.0,0.0,0.0,0.0
192,8,0.0,0.71617488,0.0,0.0,0.0,0.0,0.0,0.0,0.0,0.0,0.0,0.0,0.0,0.0,0.0
192,9,0.0,0.69130368,0.0,0.0,0.0,0.0,0.0,0.0,0.0,0.0,0.0,0.0,0.0,0.0,0.0
192,10,0.0,0.7166376,0.0,0.0,0.0,0.0,0.0,0.0,0.0,0.0,0.0,0.0,0.0,0.0,0.0
192,11,0.0,0.64746096,0.0,0.0,0.0,0.0,0.0,0.0,0.0,0.0,0.0,0.0,0.0,0.0,0.0
192,12,0.0,0.54982704,0.0,0.0,0.0,0.0,0.0,0.0,0.0,0.0,0.0,0.0,0.0,0.0,0.0
192,13,0.0,0.5482075200000001,0.0,0.0,0.0,0.0,0.0,0.0,0.0,0.0,0.0,0.0,0.0,0.0,0.0
192,14,0.0,0.66955584,0.0,0.0,0.0,0.0,0.0,0.0,0.0,0.0,0.0,0.0,0.0,0.0,0.0
192,15,35.02762725002904,0.6844785600000001,36.33571291496821,26.073728550096295,0.0,5.0,0.0,0.0,0.0,0.0,35.02762725002904,0.0,0.0,0.0,0.0
192,16,0.0,0.68343744,0.0,0.0,0.0,0.0,0.0,0.0,0.0,0.0,0.0,0.0,0.0,0.0,0.0
192,17,0.0,0.7160591999999999,0.0,0.0,0.0,0.0,0.0,0.0,0.0,0.0,0.0,0.0,0.0,0.0,0.0
192,18,37.0,0.69153504,38.38174273859005,27.81275568464791,0.0,5.0,0.0,0.0,0.0,0.0,37.0,0.0,0.0,0.0,0.0
192,19,36.635653354624026,0.67048128,38.00378978695474,26.738755063156542,0.0,6.0,0.0,0.0,0.0,0.0,36.635653354624026,0.0,0.0,0.0,0.0
192,20,29.001433972092514,0.5784,30.084475074785622,18.39665650823141,0.0,6.0,0.0,0.0,0.0,0.0,29.001433972092528,0.0,0.0,0.0,0.0
192,21,42.481701616977254,0.52831056,44.06815520433447,24.740327691432327,0.0,6.0,0.0,0.0,0.0,0.0,42.48170161697726,0.0,0.0,0.0,0.0
192,22,43.80143397209251,0.43715472,45.43717217022102,21.36704467649908,0.0,6.0,0.0,0.0,0.0,0.0,43.801433972092525,0.0,0.0,0.0,0.0
192,23,37.0,0.37445616,38.381742738590184,15.6427156846477,0.0,5.0,0.0,0.0,0.0,0.0,37.0,0.0,0.0,0.0,0.0
193,0,43.80143397209252,0.30678336,45.437172170221174,15.443338746113266,0.0,6.0,0.0,0.0,0.0,0.0,43.801433972092525,0.0,0.0,0.0,0.0
193,1,14.8,0.25808208,15.352697095435934,4.4704302738589945,0.0,2.0,0.0,0.0,0.0,0.0,14.8,0.0,0.0,0.0,0.0
193,2,4.205064367318821,0.2730048,4.362099966098362,1.335259737702546,0.0,1.0,0.0,0.0,0.0,0.0,4.205064367318821,0.0,0.0,0.0,0.0
193,3,38.90091156164857,0.34946928,40.35364269880771,15.438064032660124,0.0,6.0,0.0,0.0,0.0,0.0,38.900911561648584,0.0,0.0,0.0,0.0
193,4,43.80143397209244,0.4517304,45.437172170220975,22.029322358157103,0.0,6.0,0.0,0.0,0.0,0.0,43.80143397209244,0.0,0.0,0.0,0.0
193,5,43.801433972092624,0.4805347199999999,45.43717217022121,23.338109205243356,0.0,6.0,0.0,0.0,0.0,0.0,43.801433972092624,0.0,0.0,0.0,0.0
193,6,37.0,0.58429968,38.38174273858986,23.6968756846477,0.0,6.0,0.0,0.0,0.0,0.0,37.0,0.0,0.0,0.0,0.0
193,7,14.8,0.6010732799999999,15.352697095435687,9.736270273858922,0.0,2.0,0.0,0.0,0.0,0.0,14.8,0.0,0.0,0.0,0.0
193,8,0.0,0.6216643199999999,0.0,0.0,0.0,0.0,0.0,0.0,0.0,0.0,0.0,0.0,0.0,0.0,0.0
193,9,0.0,0.62860512,0.0,0.0,0.0,0.0,0.0,0.0,0.0,0.0,0.0,0.0,0.0,0.0,0.0
193,10,0.0,0.5873073600000001,0.0,0.0,0.0,0.0,0.0,0.0,0.0,0.0,0.0,0.0,0.0,0.0,0.0
193,11,0.0,0.3412559999999999,0.0,0.0,0.0,0.0,0.0,0.0,0.0,0.0,0.0,0.0,0.0,0.0,0.0
193,12,0.0,0.21146304,0.0,0.0,0.0,0.0,0.0,0.0,0.0,0.0,0.0,0.0,0.0,0.0,0.0
193,13,0.0,0.2302032,0.0,0.0,0.0,0.0,0.0,0.0,0.0,0.0,0.0,0.0,0.0,0.0,0.0
193,14,0.0,0.31592208,0.0,0.0,0.0,0.0,0.0,0.0,0.0,0.0,0.0,0.0,0.0,0.0,0.0
193,15,29.6,0.4599436799999999,30.705394190872248,15.139100547718272,0.0,4.0,0.0,0.0,0.0,0.0,29.6,0.0,0.0,0.0,0.0
193,16,0.0,0.50690976,0.0,0.0,0.0,0.0,0.0,0.0,0.0,0.0,0.0,0.0,0.0,0.0,0.0
193,17,7.4,0.57909408,7.676348547717948,4.699415136929526,0.0,1.0,0.0,0.0,0.0,0.0,7.4,0.0,0.0,0.0,0.0
193,18,36.401433972092406,0.5905463999999999,37.7608236225045,23.54940171320989,0.0,5.0,0.0,0.0,0.0,0.0,36.401433972092406,0.0,0.0,0.0,0.0
193,19,35.42030808049593,0.5445057600000001,36.743058174791756,21.22300204177481,0.0,5.0,0.0,0.0,0.0,0.0,35.42030808049593,0.0,0.0,0.0,0.0
193,20,41.95078654450705,0.52160112,43.517413427912324,24.139157967966007,0.0,6.0,0.0,0.0,0.0,0.0,41.95078654450705,0.0,0.0,0.0,0.0
193,21,41.17833058496002,0.4951104,42.71611056531193,22.563093848147638,0.0,6.0,0.0,0.0,0.0,0.0,41.17833058496002,0.0,0.0,0.0,0.0
193,22,36.936240585366214,0.4269748799999999,38.31560226697778,17.628046115107523,0.0,6.0,0.0,0.0,0.0,0.0,36.936240585366214,0.0,0.0,0.0,0.0
193,23,22.200000000000003,0.4757918399999999,23.02904564315392,11.719293410788579,0.0,3.0,0.0,0.0,0.0,0.0,22.200000000000003,0.0,0.0,0.0,0.0
194,0,22.200000000000003,0.46919808,23.02904564315412,11.567445410788679,0.0,4.0,0.0,0.0,0.0,0.0,22.200000000000003,0.0,0.0,0.0,0.0
194,1,7.4,0.46063776,7.676348547717986,3.7901031369295315,0.0,1.0,0.0,0.0,0.0,0.0,7.4,0.0,0.0,0.0,0.0
194,2,29.6,0.45184608,30.705394190871864,14.890460547718083,0.0,4.0,0.0,0.0,0.0,0.0,29.6,0.0,0.0,0.0,0.0
194,3,37.0,0.4621416,38.3817427385903,19.008235684647843,0.0,5.0,0.0,0.0,0.0,0.0,37.0,0.0,0.0,0.0,0.0
194,4,40.854923111147095,0.47116464,42.380625633969885,21.371050928288604,0.0,6.0,0.0,0.0,0.0,0.0,40.85492311114711,0.0,0.0,0.0,0.0
194,5,32.90788953949842,0.47671728,34.136814874998755,17.403538107435406,0.0,6.0,0.0,0.0,0.0,0.0,32.90788953949842,0.0,0.0,0.0,0.0
194,6,43.20286794418484,0.51350352,44.81625305413415,24.49672167260048,0.0,6.0,0.0,0.0,0.0,0.0,43.202867944184845,0.0,0.0,0.0,0.0
194,7,22.200000000000003,0.54936432,23.029045643153882,13.41359741078859,0.0,3.0,0.0,0.0,0.0,0.0,22.200000000000003,0.0,0.0,0.0,0.0
194,8,7.4,0.56764176,7.676348547717986,4.611503136929547,0.0,1.0,0.0,0.0,0.0,0.0,7.4,0.0,0.0,0.0,0.0
194,9,0.0,0.56417136,0.0,0.0,0.0,0.0,0.0,0.0,0.0,0.0,0.0,0.0,0.0,0.0,0.0
194,10,0.0,0.55052112,0.0,0.0,0.0,0.0,0.0,0.0,0.0,0.0,0.0,0.0,0.0,0.0,0.0
194,11,0.0,0.57134352,0.0,0.0,0.0,0.0,0.0,0.0,0.0,0.0,0.0,0.0,0.0,0.0,0.0
194,12,0.0,0.5379120000000001,0.0,0.0,0.0,0.0,0.0,0.0,0.0,0.0,0.0,0.0,0.0,0.0,0.0
194,13,0.0,0.5379120000000001,0.0,0.0,0.0,0.0,0.0,0.0,0.0,0.0,0.0,0.0,0.0,0.0,0.0
194,14,0.0,0.540804,0.0,0.0,0.0,0.0,0.0,0.0,0.0,0.0,0.0,0.0,0.0,0.0,0.0
194,15,0.0,0.52136976,0.0,0.0,0.0,0.0,0.0,0.0,0.0,0.0,0.0,0.0,0.0,0.0,0.0
194,16,0.0,0.54288624,0.0,0.0,0.0,0.0,0.0,0.0,0.0,0.0,0.0,0.0,0.0,0.0,0.0
194,17,0.0,0.5784,0.0,0.0,0.0,0.0,0.0,0.0,0.0,0.0,0.0,0.0,0.0,0.0,0.0
194,18,14.8,0.5917031999999999,15.352697095435948,9.592414273859085,0.0,2.0,0.0,0.0,0.0,0.0,14.8,0.0,0.0,0.0,0.0
194,19,22.33951101837633,0.57816864,23.17376661657331,14.16539680339017,0.0,4.0,0.0,0.0,0.0,0.0,22.33951101837633,0.0,0.0,0.0,0.0
194,20,36.40143397209287,0.546588,37.760823622503196,21.88949632408163,0.0,6.0,0.0,0.0,0.0,0.0,36.40143397209287,0.0,0.0,0.0,0.0
194,21,39.19811351273314,0.51963456,40.6619434779396,22.475261437023818,0.0,6.0,0.0,0.0,0.0,0.0,39.19811351273315,0.0,0.0,0.0,0.0
194,22,14.8,0.49834944,15.35269709543611,8.159182273859146,0.0,2.0,0.0,0.0,0.0,0.0,14.8,0.0,0.0,0.0,0.0
194,23,37.0,0.436692,38.38174273858988,18.03143568464762,0.0,5.0,0.0,0.0,0.0,0.0,37.0,0.0,0.0,0.0,0.0
195,0,36.40143397209252,0.428016,37.760823622503956,17.412119945514533,0.0,6.0,0.0,0.0,0.0,0.0,36.401433972092526,0.0,0.0,0.0,0.0
195,1,0.0,0.42038112,0.0,0.0,0.0,0.0,0.0,0.0,0.0,0.0,0.0,0.0,0.0,0.0,0.0
195,2,7.4,0.42419856,7.67634854771802,3.510383136929542,0.0,1.0,0.0,0.0,0.0,0.0,7.4,0.0,0.0,0.0,0.0
195,3,36.401433972092725,0.43356864,37.76082362250329,17.621792205193483,0.0,6.0,0.0,0.0,0.0,0.0,36.401433972092725,0.0,0.0,0.0,0.0
195,4,27.55971418749499,0.46838832,28.588915132256936,14.337007020298108,0.0,4.0,0.0,0.0,0.0,0.0,27.55971418749499,0.0,0.0,0.0,0.0
195,5,43.80143397209251,0.51963456,45.43717217022257,25.114695367152216,0.0,6.0,0.0,0.0,0.0,0.0,43.801433972092525,0.0,0.0,0.0,0.0
195,6,41.783627719963754,0.5199816,43.34401215763949,23.972775594566702,0.0,6.0,0.0,0.0,0.0,0.0,41.783627719963754,0.0,0.0,0.0,0.0
195,7,0.0,0.53432592,0.0,0.0,0.0,0.0,0.0,0.0,0.0,0.0,0.0,0.0,0.0,0.0,0.0
195,8,0.0,0.54288624,0.0,0.0,0.0,0.0,0.0,0.0,0.0,0.0,0.0,0.0,0.0,0.0,0.0
195,9,0.0,0.5199816,0.0,0.0,0.0,0.0,0.0,0.0,0.0,0.0,0.0,0.0,0.0,0.0,0.0
195,10,0.0,0.51165264,0.0,0.0,0.0,0.0,0.0,0.0,0.0,0.0,0.0,0.0,0.0,0.0,0.0
195,11,0.0,0.5188248,0.0,0.0,0.0,0.0,0.0,0.0,0.0,0.0,0.0,0.0,0.0,0.0,0.0
195,12,0.0,0.50702544,0.0,0.0,0.0,0.0,0.0,0.0,0.0,0.0,0.0,0.0,0.0,0.0,0.0
195,13,0.0,0.49788672,0.0,0.0,0.0,0.0,0.0,0.0,0.0,0.0,0.0,0.0,0.0,0.0,0.0
195,14,0.0,0.4904832,0.0,0.0,0.0,0.0,0.0,0.0,0.0,0.0,0.0,0.0,0.0,0.0,0.0
195,15,14.8,0.49175568,15.352697095435278,8.057950273858706,0.0,2.0,0.0,0.0,0.0,0.0,14.8,0.0,0.0,0.0,0.0
195,16,0.0,0.5199816,0.0,0.0,0.0,0.0,0.0,0.0,0.0,0.0,0.0,0.0,0.0,0.0,0.0
195,17,0.0,0.5203286399999999,0.0,0.0,0.0,0.0,0.0,0.0,0.0,0.0,0.0,0.0,0.0,0.0,0.0
195,18,0.0,0.5308555199999999,0.0,0.0,0.0,0.0,0.0,0.0,0.0,0.0,0.0,0.0,0.0,0.0,0.0
195,19,43.80143397209293,0.52252656,45.437172170221494,25.2460996690679,0.0,6.0,0.0,0.0,0.0,0.0,43.80143397209293,0.0,0.0,0.0,0.0
195,20,43.80143397209251,0.50482752,45.437172170221075,24.44190534134004,0.0,6.0,0.0,0.0,0.0,0.0,43.801433972092525,0.0,0.0,0.0,0.0
195,21,22.200000000000003,0.49476336,23.029045643154337,12.15618941078881,0.0,4.0,0.0,0.0,0.0,0.0,22.200000000000003,0.0,0.0,0.0,0.0
195,22,32.71144281677971,0.46306704,33.933031967614596,16.836452029596707,0.0,5.0,0.0,0.0,0.0,0.0,32.71144281677972,0.0,0.0,0.0,0.0
195,23,43.80143397209252,0.4319491200000001,45.43717217022038,21.130516933049478,0.0,6.0,0.0,0.0,0.0,0.0,43.801433972092525,0.0,0.0,0.0,0.0
196,0,37.0,0.42304176,38.381742738590304,17.507515684647803,0.0,6.0,0.0,0.0,0.0,0.0,37.0,0.0,0.0,0.0,0.0
196,1,7.4,0.3372072,7.676348547718169,2.8426071369295816,0.0,1.0,0.0,0.0,0.0,0.0,7.4,0.0,0.0,0.0,0.0
196,2,23.510714808324344,0.2307816,24.388708307390207,6.435731370087419,0.0,4.0,0.0,0.0,0.0,0.0,23.510714808324344,0.0,0.0,0.0,0.0
196,3,14.8,0.19642464,15.352697095436113,3.52382227385902,0.0,2.0,0.0,0.0,0.0,0.0,14.8,0.0,0.0,0.0,0.0
196,4,41.572783782314055,0.15836592,43.125294379994266,8.25702416373643,0.0,6.0,0.0,0.0,0.0,0.0,41.57278378231396,0.0,0.0,0.0,0.0
196,5,22.200000000000003,0.2302032,23.029045643153882,6.063621410788476,0.0,3.0,0.0,0.0,0.0,0.0,22.200000000000003,0.0,0.0,0.0,0.0
196,6,19.820344843274686,0.2614368,20.560523696343274,6.055830855845121,0.0,4.0,0.0,0.0,0.0,0.0,19.820344843274686,0.0,0.0,0.0,0.0
196,7,21.601433972092448,0.34553616,22.408126527067026,8.484526981002794,0.0,6.0,0.0,0.0,0.0,0.0,21.601433972092448,0.0,0.0,0.0,0.0
196,8,32.241122949404684,0.20139888,33.445148287764546,7.842849814914704,0.0,6.0,0.0,0.0,0.0,0.0,32.24112294940469,0.0,0.0,0.0,0.0
196,9,34.63280144232472,0.05425392,35.92614257502618,3.1382893844074307,0.0,6.0,0.0,0.0,0.0,0.0,34.632801442324734,0.0,0.0,0.0,0.0
196,10,7.4,0.00023136,7.676348547717948,0.2558631369294641,0.0,1.0,0.0,0.0,0.0,0.0,7.4,0.0,0.0,0.0,0.0
196,11,0.0,0.00011568,0.0,0.0,0.0,0.0,0.0,0.0,0.0,0.0,0.0,0.0,0.0,0.0,0.0
196,12,0.0,-0.00150384,0.0,0.0,0.0,0.0,0.0,0.0,0.0,0.0,0.0,0.0,0.0,0.0,0.0
196,13,0.0,-0.01191504,0.0,0.0,0.0,0.0,0.0,0.0,0.0,0.0,0.0,0.0,0.0,0.0,0.0
196,14,0.0,-0.0011568,0.0,0.0,0.0,0.0,0.0,0.0,0.0,0.0,0.0,0.0,0.0,0.0,0.0
196,15,0.0,0.0204753599999999,0.0,0.0,0.0,0.0,0.0,0.0,0.0,0.0,0.0,0.0,0.0,0.0,0.0
196,16,0.0,0.2417712,0.0,0.0,0.0,0.0,0.0,0.0,0.0,0.0,0.0,0.0,0.0,0.0,0.0
196,17,0.0,0.41077968,0.0,0.0,0.0,0.0,0.0,0.0,0.0,0.0,0.0,0.0,0.0,0.0,0.0
196,18,7.4,0.4140187199999999,7.676348547717986,3.4322391369295238,0.0,1.0,0.0,0.0,0.0,0.0,7.4,0.0,0.0,0.0,0.0
196,19,29.6,0.38764368,30.70539419087176,12.919100547718006,0.0,4.0,0.0,0.0,0.0,0.0,29.6,0.0,0.0,0.0,0.0
196,20,37.0,0.35479056,38.38174273858967,14.887915684647481,0.0,5.0,0.0,0.0,0.0,0.0,37.0,0.0,0.0,0.0,0.0
196,21,22.200000000000003,0.240036,23.02904564315394,6.2900614107884945,0.0,3.0,0.0,0.0,0.0,0.0,22.200000000000003,0.0,0.0,0.0,0.0
196,22,43.80143397209251,0.18763296,45.43717217022108,10.029481507162522,0.0,6.0,0.0,0.0,0.0,0.0,43.801433972092525,0.0,0.0,0.0,0.0
196,23,14.8,0.15986976,15.35269709543603,2.962606273858988,0.0,3.0,0.0,0.0,0.0,0.0,14.8,0.0,0.0,0.0,0.0
197,0,7.4,0.14367456,7.676348547717795,1.356983136929452,0.0,1.0,0.0,0.0,0.0,0.0,7.4,0.0,0.0,0.0,0.0
197,1,29.6,0.0300767999999999,30.705394190871907,1.939868547717873,0.0,4.0,0.0,0.0,0.0,0.0,29.6,0.0,0.0,0.0,0.0
197,2,9.959827815340864,0.00080976,10.331771592677388,0.35034789508250797,0.0,2.0,0.0,0.0,0.0,0.0,9.959827815340864,0.0,0.0,0.0,0.0
197,3,14.8,0.0,15.352697095436497,0.5081742738589481,0.0,2.0,0.0,0.0,0.0,0.0,14.8,0.0,0.0,0.0,0.0
197,4,29.6,-0.0049742399999999,30.70539419087178,0.8636125477178567,0.0,4.0,0.0,0.0,0.0,0.0,29.6,0.0,0.0,0.0,0.0
197,5,3.627380741975845,-0.02394576,3.762843093335939,0.03444596875873958,0.0,1.0,0.0,0.0,0.0,0.0,3.627380741975845,0.0,0.0,0.0,0.0
197,6,36.4014339720929,-0.0127248,37.76082362250348,0.7693843334732328,0.0,6.0,0.0,0.0,0.0,0.0,36.40143397209292,0.0,0.0,0.0,0.0
197,7,29.6,-0.02417712,30.705394190871907,0.273980547717847,0.0,5.0,0.0,0.0,0.0,0.0,29.6,0.0,0.0,0.0,0.0
197,8,36.40143397209224,-0.0613104,37.760823622502826,-1.065247938720254,0.0,6.0,0.0,0.0,0.0,0.0,36.40143397209224,0.0,0.0,0.0,0.0
197,9,29.6,-0.07819968,30.705394190870916,-1.3848034522821373,0.0,4.0,0.0,0.0,0.0,0.0,29.6,0.0,0.0,0.0,0.0
197,10,14.8,-0.1507310399999999,15.352697095435934,-1.8059537261411067,0.0,2.0,0.0,0.0,0.0,0.0,14.8,0.0,0.0,0.0,0.0
197,11,0.0,-0.44409552,0.0,0.0,0.0,0.0,0.0,0.0,0.0,0.0,0.0,0.0,0.0,0.0,0.0
197,12,0.0,-0.57944112,0.0,0.0,0.0,0.0,0.0,0.0,0.0,0.0,0.0,0.0,0.0,0.0,0.0
197,13,0.0,-0.69454272,0.0,0.0,0.0,0.0,0.0,0.0,0.0,0.0,0.0,0.0,0.0,0.0,0.0
197,14,0.0,-0.55885008,0.0,0.0,0.0,0.0,0.0,0.0,0.0,0.0,0.0,0.0,0.0,0.0,0.0
197,15,7.4,-0.1168367999999999,7.676348547718571,-0.6427928630705996,0.0,1.0,0.0,0.0,0.0,0.0,7.4,0.0,0.0,0.0,0.0
197,16,0.0,-0.01295616,0.0,0.0,0.0,0.0,0.0,0.0,0.0,0.0,0.0,0.0,0.0,0.0,0.0
197,17,0.0,0.04997376,0.0,0.0,0.0,0.0,0.0,0.0,0.0,0.0,0.0,0.0,0.0,0.0,0.0
197,18,0.0,0.0300767999999999,0.0,0.0,0.0,0.0,0.0,0.0,0.0,0.0,0.0,0.0,0.0,0.0,0.0
197,19,25.646346084046016,0.0109895999999999,26.60409344818074,1.1729638384929069,0.0,4.0,0.0,0.0,0.0,0.0,25.646346084046016,0.0,0.0,0.0,0.0
197,20,21.10564802937367,0.01017984,21.893825756611868,0.9475612757340406,0.0,3.0,0.0,0.0,0.0,0.0,21.10564802937367,0.0,0.0,0.0,0.0
197,21,7.4,0.01943424,7.676348547717986,0.4032711369294681,0.0,1.0,0.0,0.0,0.0,0.0,7.4,0.0,0.0,0.0,0.0
197,22,7.4,0.00092544,7.676348547717948,0.26119113692946416,0.0,1.0,0.0,0.0,0.0,0.0,7.4,0.0,0.0,0.0,0.0
197,23,37.0,0.0,38.38174273858835,1.270435684647274,0.0,5.0,0.0,0.0,0.0,0.0,37.0,0.0,0.0,0.0,0.0
198,0,22.200000000000003,0.0,23.02904564315382,0.7622614107883914,0.0,3.0,0.0,0.0,0.0,0.0,22.200000000000003,0.0,0.0,0.0,0.0
198,1,29.6,0.0,30.705394190871907,1.0163485477178602,0.0,4.0,0.0,0.0,0.0,0.0,29.6,0.0,0.0,0.0,0.0
198,2,37.85591163155046,0.00011568,39.26961787505299,1.30436706106004,0.0,6.0,0.0,0.0,0.0,0.0,37.85591163155047,0.0,0.0,0.0,0.0
198,3,22.200000000000003,0.01145232,23.029045643153722,1.0259974107883905,0.0,3.0,0.0,0.0,0.0,0.0,22.200000000000003,0.0,0.0,0.0,0.0
198,4,37.0,0.03690192,38.38174273858817,2.6867956846472296,0.0,5.0,0.0,0.0,0.0,0.0,37.0,0.0,0.0,0.0,0.0
198,5,29.6,0.05298144,30.705394190872003,2.6431645477178964,0.0,4.0,0.0,0.0,0.0,0.0,29.6,0.0,0.0,0.0,0.0
198,6,38.591392082654366,0.069408,40.03256440109584,4.1036581116275315,0.0,6.0,0.0,0.0,0.0,0.0,38.59139208265437,0.0,0.0,0.0,0.0
198,7,7.4,0.0651278399999999,7.676348547717948,0.7540311369294702,0.0,1.0,0.0,0.0,0.0,0.0,7.4,0.0,0.0,0.0,0.0
198,8,0.0,0.03840576,0.0,0.0,0.0,0.0,0.0,0.0,0.0,0.0,0.0,0.0,0.0,0.0,0.0
198,9,0.0,0.0412977599999999,0.0,0.0,0.0,0.0,0.0,0.0,0.0,0.0,0.0,0.0,0.0,0.0,0.0
198,10,0.0,0.02568096,0.0,0.0,0.0,0.0,0.0,0.0,0.0,0.0,0.0,0.0,0.0,0.0,0.0
198,11,0.0,0.0099484799999999,0.0,0.0,0.0,0.0,0.0,0.0,0.0,0.0,0.0,0.0,0.0,0.0,0.0
198,12,0.0,0.0068251199999999,0.0,0.0,0.0,0.0,0.0,0.0,0.0,0.0,0.0,0.0,0.0,0.0,0.0
198,13,0.0,0.0,0.0,0.0,0.0,0.0,0.0,0.0,0.0,0.0,0.0,0.0,0.0,0.0,0.0
198,14,0.0,0.0006940799999999,0.0,0.0,0.0,0.0,0.0,0.0,0.0,0.0,0.0,0.0,0.0,0.0,0.0
198,15,7.4,0.01492272,7.676348547718022,0.3686391369294692,0.0,1.0,0.0,0.0,0.0,0.0,7.4,0.0,0.0,0.0,0.0
198,16,0.0,0.06778848,0.0,0.0,0.0,0.0,0.0,0.0,0.0,0.0,0.0,0.0,0.0,0.0,0.0
198,17,0.0,0.11174688,0.0,0.0,0.0,0.0,0.0,0.0,0.0,0.0,0.0,0.0,0.0,0.0,0.0
198,18,7.4,0.19584624,7.676348547717986,1.7574711369294933,0.0,1.0,0.0,0.0,0.0,0.0,7.4,0.0,0.0,0.0,0.0
198,19,43.80143397209251,0.190872,45.43717217022109,10.176654325308759,0.0,6.0,0.0,0.0,0.0,0.0,43.80143397209252,0.0,0.0,0.0,0.0
198,20,14.8,0.18844272,15.352697095435934,3.401278273858976,0.0,2.0,0.0,0.0,0.0,0.0,14.8,0.0,0.0,0.0,0.0
198,21,29.6,0.1457568,30.705394190871907,5.491868547717937,0.0,4.0,0.0,0.0,0.0,0.0,29.6,0.0,0.0,0.0,0.0
198,22,29.6,0.1014513599999999,30.70539419087187,4.131452547717906,0.0,4.0,0.0,0.0,0.0,0.0,29.6,0.0,0.0,0.0,0.0
198,23,22.403457568168093,0.0801662399999999,23.24010121179302,2.632318881479237,0.0,4.0,0.0,0.0,0.0,0.0,22.403457568168093,0.0,0.0,0.0,0.0
199,0,36.401433972090324,0.0697550399999999,37.76082362250375,3.8838910241255644,0.0,6.0,0.0,0.0,0.0,0.0,36.401433972090324,0.0,0.0,0.0,0.0
199,1,43.80143397209251,0.0254496,45.43717217022156,2.6603282556976033,0.0,6.0,0.0,0.0,0.0,0.0,43.801433972092525,0.0,0.0,0.0,0.0
199,2,36.26925063261179,0.00960144,37.62370397573897,1.6065863378977787,0.0,5.0,0.0,0.0,0.0,0.0,36.26925063261179,0.0,0.0,0.0,0.0
199,3,38.11872897174606,0.01874016,39.542249970691145,2.0498765652406243,0.0,6.0,0.0,0.0,0.0,0.0,38.11872897174606,0.0,0.0,0.0,0.0
199,4,29.6,0.05575776,30.705394190872347,2.7284125477179297,0.0,4.0,0.0,0.0,0.0,0.0,29.6,0.0,0.0,0.0,0.0
199,5,29.6,0.20683584,30.705394190871644,7.367324547717908,0.0,4.0,0.0,0.0,0.0,0.0,29.6,0.0,0.0,0.0,0.0
199,6,35.461993284511905,0.2326324799999999,36.78630008766998,9.775314752320755,0.0,5.0,0.0,0.0,0.0,0.0,35.461993284511905,0.0,0.0,0.0,0.0
199,7,7.4,0.2388791999999999,7.676348547717948,2.087807136929489,0.0,1.0,0.0,0.0,0.0,0.0,7.4,0.0,0.0,0.0,0.0
199,8,0.0,0.2377224,0.0,0.0,0.0,0.0,0.0,0.0,0.0,0.0,0.0,0.0,0.0,0.0,0.0
199,9,0.0,0.23795376,0.0,0.0,0.0,0.0,0.0,0.0,0.0,0.0,0.0,0.0,0.0,0.0,0.0
199,10,0.0,0.2394576,0.0,0.0,0.0,0.0,0.0,0.0,0.0,0.0,0.0,0.0,0.0,0.0,0.0
199,11,0.0,0.2446632,0.0,0.0,0.0,0.0,0.0,0.0,0.0,0.0,0.0,0.0,0.0,0.0,0.0
199,12,0.0,0.2469768,0.0,0.0,0.0,0.0,0.0,0.0,0.0,0.0,0.0,0.0,0.0,0.0,0.0
199,13,0.0,0.24674544,0.0,0.0,0.0,0.0,0.0,0.0,0.0,0.0,0.0,0.0,0.0,0.0,0.0
199,14,0.0,0.242928,0.0,0.0,0.0,0.0,0.0,0.0,0.0,0.0,0.0,0.0,0.0,0.0,0.0
199,15,29.6,0.24281232,30.705394190866834,8.47199654771659,0.0,4.0,0.0,0.0,0.0,0.0,29.6,0.0,0.0,0.0,0.0
199,16,0.0,0.2492904,0.0,0.0,0.0,0.0,0.0,0.0,0.0,0.0,0.0,0.0,0.0,0.0,0.0
199,17,0.0,0.283416,0.0,0.0,0.0,0.0,0.0,0.0,0.0,0.0,0.0,0.0,0.0,0.0,0.0
199,18,22.200000000000003,0.30955968,23.029045643153882,7.891125410788504,0.0,3.0,0.0,0.0,0.0,0.0,22.200000000000003,0.0,0.0,0.0,0.0
199,19,29.6,0.2733518399999999,30.705394190871942,9.409724547718016,0.0,4.0,0.0,0.0,0.0,0.0,29.6,0.0,0.0,0.0,0.0
199,20,29.672777684402494,0.2458199999999999,30.780889714110966,8.585405759059826,0.0,5.0,0.0,0.0,0.0,0.0,29.672777684402355,0.0,0.0,0.0,0.0
199,21,37.0,0.24894336,38.381742738590056,10.825315684647542,0.0,5.0,0.0,0.0,0.0,0.0,37.0,0.0,0.0,0.0,0.0
199,22,37.0,0.23702832,38.3817427385925,10.36799568464819,0.0,5.0,0.0,0.0,0.0,0.0,37.0,0.0,0.0,0.0,0.0
199,23,29.6,0.21204144,30.705394190871868,7.527164547717964,0.0,4.0,0.0,0.0,0.0,0.0,29.6,0.0,0.0,0.0,0.0
200,0,31.351167194958734,0.20926512,32.521957671119004,7.8821881735956785,0.0,5.0,0.0,0.0,0.0,0.0,31.351167194958627,0.0,0.0,0.0,0.0
200,1,32.54720127833318,0.19619328,33.762656927731676,7.741550348474318,0.0,5.0,0.0,0.0,0.0,0.0,32.54720127833318,0.0,0.0,0.0,0.0
200,2,37.0,0.2059104,38.38174273859069,9.173635684647657,0.0,5.0,0.0,0.0,0.0,0.0,37.0,0.0,0.0,0.0,0.0
200,3,17.233156369796923,0.22360944,17.876718225931043,4.589122324816552,0.0,3.0,0.0,0.0,0.0,0.0,17.233156369796923,0.0,0.0,0.0,0.0
200,4,29.6,0.2435064,30.70539419087186,8.493308547717978,0.0,4.0,0.0,0.0,0.0,0.0,29.6,0.0,0.0,0.0,0.0
200,5,41.593131671737375,0.33871104,43.146402149106244,16.042308655317427,0.0,6.0,0.0,0.0,0.0,0.0,41.59313167173739,0.0,0.0,0.0,0.0
200,6,36.40143397209251,0.393312,37.76082362250311,16.101668322518798,0.0,6.0,0.0,0.0,0.0,0.0,36.401433972092526,0.0,0.0,0.0,0.0
200,7,22.200000000000003,0.40407024,23.029045643153694,10.067613410788455,0.0,3.0,0.0,0.0,0.0,0.0,22.200000000000003,0.0,0.0,0.0,0.0
200,8,0.0,0.39365904,0.0,0.0,0.0,0.0,0.0,0.0,0.0,0.0,0.0,0.0,0.0,0.0,0.0
200,9,0.0,0.3864868799999999,0.0,0.0,0.0,0.0,0.0,0.0,0.0,0.0,0.0,0.0,0.0,0.0,0.0
200,10,0.0,0.37121712,0.0,0.0,0.0,0.0,0.0,0.0,0.0,0.0,0.0,0.0,0.0,0.0,0.0
200,11,0.0,0.35212992,0.0,0.0,0.0,0.0,0.0,0.0,0.0,0.0,0.0,0.0,0.0,0.0,0.0
200,12,0.0,0.34912224,0.0,0.0,0.0,0.0,0.0,0.0,0.0,0.0,0.0,0.0,0.0,0.0,0.0
200,13,0.0,0.34854384,0.0,0.0,0.0,0.0,0.0,0.0,0.0,0.0,0.0,0.0,0.0,0.0,0.0
200,14,0.0,0.35317104,0.0,0.0,0.0,0.0,0.0,0.0,0.0,0.0,0.0,0.0,0.0,0.0,0.0
200,15,0.0,0.37503456,0.0,0.0,0.0,0.0,0.0,0.0,0.0,0.0,0.0,0.0,0.0,0.0,0.0
200,16,0.0,0.39319632,0.0,0.0,0.0,0.0,0.0,0.0,0.0,0.0,0.0,0.0,0.0,0.0,0.0
200,17,0.0,0.41020128,0.0,0.0,0.0,0.0,0.0,0.0,0.0,0.0,0.0,0.0,0.0,0.0,0.0
200,18,25.82310595052239,0.42639648,26.78745430552138,12.308740961547919,0.0,4.0,0.0,0.0,0.0,0.0,25.82310595052239,0.0,0.0,0.0,0.0
200,19,37.0,0.42535536,38.38174273859002,17.596315684647674,0.0,6.0,0.0,0.0,0.0,0.0,37.0,0.0,0.0,0.0,0.0
200,20,43.801433972092525,0.42095952,45.43717217022133,20.631180585768053,0.0,6.0,0.0,0.0,0.0,0.0,43.80143397209242,0.0,0.0,0.0,0.0
200,21,22.200000000000003,0.40811904,23.029045643155357,10.16085341078919,0.0,3.0,0.0,0.0,0.0,0.0,22.200000000000003,0.0,0.0,0.0,0.0
200,22,22.200000000000003,0.3582609599999999,23.029045643155705,9.012669410789233,0.0,3.0,0.0,0.0,0.0,0.0,22.200000000000003,0.0,0.0,0.0,0.0
200,23,43.5333908739903,0.30689904,45.159119163891,15.354057162968545,0.0,6.0,0.0,0.0,0.0,0.0,43.53339087399031,0.0,0.0,0.0,0.0
201,0,37.0,0.25576848,38.381742738589814,11.087275684647478,0.0,5.0,0.0,0.0,0.0,0.0,37.0,0.0,0.0,0.0,0.0
201,1,43.80143397209269,0.23390496,45.437172170221274,12.131950337823046,0.0,6.0,0.0,0.0,0.0,0.0,43.801433972092696,0.0,0.0,0.0,0.0
201,2,29.6,0.2340206399999999,30.705394190872536,8.20204454771815,0.0,4.0,0.0,0.0,0.0,0.0,29.6,0.0,0.0,0.0,0.0
201,3,39.72615467668166,0.2866550399999999,41.20970402145551,13.177010557768664,0.0,7.0,0.0,0.0,0.0,0.0,39.72615467668156,0.0,0.0,0.0,0.0
201,4,43.80143397209278,0.33581904,45.43717217022134,16.762637937352775,0.0,6.0,0.0,0.0,0.0,0.0,43.80143397209278,0.0,0.0,0.0,0.0
201,5,43.202867944184625,0.35247696,44.81625305413394,17.280114611203675,0.0,6.0,0.0,0.0,0.0,0.0,43.202867944184625,0.0,0.0,0.0,0.0
201,6,26.545561159086922,0.38382624,27.53688916917752,11.480851662601907,0.0,6.0,0.0,0.0,0.0,0.0,26.545561159086937,0.0,0.0,0.0,0.0
201,7,14.8,0.36022752,15.352697095435934,6.03863827385902,0.0,2.0,0.0,0.0,0.0,0.0,14.8,0.0,0.0,0.0,0.0
201,8,0.0,0.34495776,0.0,0.0,0.0,0.0,0.0,0.0,0.0,0.0,0.0,0.0,0.0,0.0,0.0
201,9,0.0,0.33072912,0.0,0.0,0.0,0.0,0.0,0.0,0.0,0.0,0.0,0.0,0.0,0.0,0.0
201,10,0.0,0.3191611199999999,0.0,0.0,0.0,0.0,0.0,0.0,0.0,0.0,0.0,0.0,0.0,0.0,0.0
201,11,0.0,0.32691168,0.0,0.0,0.0,0.0,0.0,0.0,0.0,0.0,0.0,0.0,0.0,0.0,0.0
201,12,0.0,0.31279872,0.0,0.0,0.0,0.0,0.0,0.0,0.0,0.0,0.0,0.0,0.0,0.0,0.0
201,13,0.0,0.2920919999999999,0.0,0.0,0.0,0.0,0.0,0.0,0.0,0.0,0.0,0.0,0.0,0.0,0.0
201,14,0.0,0.3059735999999999,0.0,0.0,0.0,0.0,0.0,0.0,0.0,0.0,0.0,0.0,0.0,0.0,0.0
201,15,7.4,0.27693792,7.676348547715011,2.379959136928583,0.0,1.0,0.0,0.0,0.0,0.0,7.4,0.0,0.0,0.0,0.0
201,16,0.0,0.31731024,0.0,0.0,0.0,0.0,0.0,0.0,0.0,0.0,0.0,0.0,0.0,0.0,0.0
201,17,0.0,0.3337368,0.0,0.0,0.0,0.0,0.0,0.0,0.0,0.0,0.0,0.0,0.0,0.0,0.0
201,18,0.0,0.3840576,0.0,0.0,0.0,0.0,0.0,0.0,0.0,0.0,0.0,0.0,0.0,0.0,0.0
201,19,41.404910713206576,0.3684408,42.951152192123395,17.246640012146983,0.0,6.0,0.0,0.0,0.0,0.0,41.40491071320658,0.0,0.0,0.0,0.0
201,20,37.0,0.34738704,38.38174273858986,14.603755684647549,0.0,6.0,0.0,0.0,0.0,0.0,37.0,0.0,0.0,0.0,0.0
201,21,22.200000000000003,0.3276057599999999,23.02904564315392,8.306709410788521,0.0,3.0,0.0,0.0,0.0,0.0,22.200000000000003,0.0,0.0,0.0,0.0
201,22,38.297694897459195,0.3013464,39.727899271225176,13.286852890823885,0.0,6.0,0.0,0.0,0.0,0.0,38.297694897459216,0.0,0.0,0.0,0.0
201,23,14.8,0.28966272,15.352697095435897,4.95527827385899,0.0,2.0,0.0,0.0,0.0,0.0,14.8,0.0,0.0,0.0,0.0
202,0,43.80143397209251,0.23702832,45.43717217022319,12.273866983893143,0.0,6.0,0.0,0.0,0.0,0.0,43.801433972092525,0.0,0.0,0.0,0.0
202,1,43.80143397209252,0.23448336,45.43717217022129,12.158231198206302,0.0,6.0,0.0,0.0,0.0,0.0,43.801433972092525,0.0,0.0,0.0,0.0
202,2,42.3253767582483,0.23205408,43.905992487809385,11.641853044592008,0.0,6.0,0.0,0.0,0.0,0.0,42.325376758248304,0.0,0.0,0.0,0.0
202,3,43.202867944183424,0.23332656,44.81625305413303,11.940240133302154,0.0,6.0,0.0,0.0,0.0,0.0,43.20286794418344,0.0,0.0,0.0,0.0
202,4,33.33967685390724,0.29313312,34.584727026875086,11.282683402325787,0.0,5.0,0.0,0.0,0.0,0.0,33.33967685390724,0.0,0.0,0.0,0.0
202,5,43.80143397209251,0.29290176,45.43717217022155,14.812598096915247,0.0,6.0,0.0,0.0,0.0,0.0,43.801433972092525,0.0,0.0,0.0,0.0
202,6,42.44760425658309,0.321012,44.03278449853061,15.592537384343675,0.0,6.0,0.0,0.0,0.0,0.0,42.44760425658309,0.0,0.0,0.0,0.0
202,7,29.6,0.3488908799999999,30.705394190872042,11.729180547718098,0.0,4.0,0.0,0.0,0.0,0.0,29.6,0.0,0.0,0.0,0.0
202,8,0.0,0.34923792,0.0,0.0,0.0,0.0,0.0,0.0,0.0,0.0,0.0,0.0,0.0,0.0,0.0
202,9,0.0,0.3424128,0.0,0.0,0.0,0.0,0.0,0.0,0.0,0.0,0.0,0.0,0.0,0.0,0.0
202,10,0.0,0.34264416,0.0,0.0,0.0,0.0,0.0,0.0,0.0,0.0,0.0,0.0,0.0,0.0,0.0
202,11,0.0,0.33651312,0.0,0.0,0.0,0.0,0.0,0.0,0.0,0.0,0.0,0.0,0.0,0.0,0.0
202,12,0.0,0.31777296,0.0,0.0,0.0,0.0,0.0,0.0,0.0,0.0,0.0,0.0,0.0,0.0,0.0
202,13,0.0,0.3136084799999999,0.0,0.0,0.0,0.0,0.0,0.0,0.0,0.0,0.0,0.0,0.0,0.0,0.0
202,14,0.0,0.31245168,0.0,0.0,0.0,0.0,0.0,0.0,0.0,0.0,0.0,0.0,0.0,0.0,0.0
202,15,14.8,0.32598624,15.352697095436074,5.5129422738590605,0.0,2.0,0.0,0.0,0.0,0.0,14.8,0.0,0.0,0.0,0.0
202,16,0.0,0.35606304,0.0,0.0,0.0,0.0,0.0,0.0,0.0,0.0,0.0,0.0,0.0,0.0,0.0
202,17,0.0,0.35837664,0.0,0.0,0.0,0.0,0.0,0.0,0.0,0.0,0.0,0.0,0.0,0.0,0.0
202,18,0.0,0.36948192,0.0,0.0,0.0,0.0,0.0,0.0,0.0,0.0,0.0,0.0,0.0,0.0,0.0
202,19,41.77754809975146,0.36346656,43.33770549766782,17.18628478750321,0.0,6.0,0.0,0.0,0.0,0.0,41.77754809975146,0.0,0.0,0.0,0.0
202,20,22.200000000000003,0.3537494399999999,23.029045643153516,8.908773410788378,0.0,3.0,0.0,0.0,0.0,0.0,22.200000000000003,0.0,0.0,0.0,0.0
202,21,43.80143397209252,0.34738704,45.437172170221004,17.288255145017764,0.0,6.0,0.0,0.0,0.0,0.0,43.801433972092525,0.0,0.0,0.0,0.0
202,22,37.0,0.31765728,38.38174273858986,13.462675684647529,0.0,5.0,0.0,0.0,0.0,0.0,37.0,0.0,0.0,0.0,0.0
202,23,29.6,0.24732384,30.70539419087242,8.610524547718134,0.0,4.0,0.0,0.0,0.0,0.0,29.6,0.0,0.0,0.0,0.0
203,0,14.8,0.24084576,15.352697095435897,4.205806273858979,0.0,2.0,0.0,0.0,0.0,0.0,14.8,0.0,0.0,0.0,0.0
203,1,7.4,0.23691264,7.676348547718013,2.072711136929507,0.0,1.0,0.0,0.0,0.0,0.0,7.4,0.0,0.0,0.0,0.0
203,2,7.4,0.23286384,7.676348547717986,2.0416311369294986,0.0,1.0,0.0,0.0,0.0,0.0,7.4,0.0,0.0,0.0,0.0
203,3,19.019775620467833,0.23216976,19.730057697580847,5.233787670223424,0.0,3.0,0.0,0.0,0.0,0.0,19.019775620467833,0.0,0.0,0.0,0.0
203,4,43.80143397209251,0.2319384,45.43717217022072,12.042595412519828,0.0,6.0,0.0,0.0,0.0,0.0,43.801433972092525,0.0,0.0,0.0,0.0
203,5,30.483255257098037,0.2407300799999999,31.62163408412733,8.65895459098731,0.0,5.0,0.0,0.0,0.0,0.0,30.483255257098037,0.0,0.0,0.0,0.0
203,6,39.925895296953,0.28549824,41.41690383501437,13.195352668084828,0.0,6.0,0.0,0.0,0.0,0.0,39.92589529695301,0.0,0.0,0.0,0.0
203,7,43.80143397209255,0.3042384,45.437172170221025,15.32770296042689,0.0,6.0,0.0,0.0,0.0,0.0,43.80143397209255,0.0,0.0,0.0,0.0
203,8,33.41126278495472,0.30296592,34.658986291450624,11.647704114303743,0.0,5.0,0.0,0.0,0.0,0.0,33.41126278495472,0.0,0.0,0.0,0.0
203,9,36.40143397209251,0.29637216,37.760823622502905,12.441140122285056,0.0,6.0,0.0,0.0,0.0,0.0,36.401433972092526,0.0,0.0,0.0,0.0
203,10,0.0,0.2753184,0.0,0.0,0.0,0.0,0.0,0.0,0.0,0.0,0.0,0.0,0.0,0.0,0.0
203,11,0.0,0.26860896,0.0,0.0,0.0,0.0,0.0,0.0,0.0,0.0,0.0,0.0,0.0,0.0,0.0
203,12,0.0,0.2452416,0.0,0.0,0.0,0.0,0.0,0.0,0.0,0.0,0.0,0.0,0.0,0.0,0.0
203,13,0.0,0.2258073599999999,0.0,0.0,0.0,0.0,0.0,0.0,0.0,0.0,0.0,0.0,0.0,0.0,0.0
203,14,0.0,0.2402673599999999,0.0,0.0,0.0,0.0,0.0,0.0,0.0,0.0,0.0,0.0,0.0,0.0,0.0
203,15,0.0,0.26583264,0.0,0.0,0.0,0.0,0.0,0.0,0.0,0.0,0.0,0.0,0.0,0.0,0.0
203,16,0.0,0.3034286399999999,0.0,0.0,0.0,0.0,0.0,0.0,0.0,0.0,0.0,0.0,0.0,0.0,0.0
203,17,0.0,0.3030816,0.0,0.0,0.0,0.0,0.0,0.0,0.0,0.0,0.0,0.0,0.0,0.0,0.0
203,18,7.4,0.31106352,7.676348547717948,2.641919136929497,0.0,1.0,0.0,0.0,0.0,0.0,7.4,0.0,0.0,0.0,0.0
203,19,7.4,0.30666768,7.676348547717948,2.6081751369294968,0.0,2.0,0.0,0.0,0.0,0.0,7.4,0.0,0.0,0.0,0.0
203,20,14.8,0.306552,15.35269709543599,5.214574273859025,0.0,2.0,0.0,0.0,0.0,0.0,14.8,0.0,0.0,0.0,0.0
203,21,28.576589524528487,0.30227184,29.64376506693869,9.941684035026952,0.0,4.0,0.0,0.0,0.0,0.0,28.576589524528487,0.0,0.0,0.0,0.0
203,22,9.87419936155536,0.26189952,10.242945395804458,3.0216639751485257,0.0,3.0,0.0,0.0,0.0,0.0,9.87419936155536,0.0,0.0,0.0,0.0
203,23,14.13336961240753,0.23899488,14.661171797103389,3.989229780792231,0.0,2.0,0.0,0.0,0.0,0.0,14.13336961240753,0.0,0.0,0.0,0.0
204,0,29.6,0.2348304,30.705394190872074,8.22690854771803,0.0,4.0,0.0,0.0,0.0,0.0,29.6,0.0,0.0,0.0,0.0
204,1,14.8,0.23066592,15.352697095436262,4.049518273859073,0.0,2.0,0.0,0.0,0.0,0.0,14.8,0.0,0.0,0.0,0.0
204,2,22.200000000000003,0.2302032,23.029045643153765,6.063621410788445,0.0,3.0,0.0,0.0,0.0,0.0,22.200000000000003,0.0,0.0,0.0,0.0
204,3,29.6,0.18254304,30.705394190871996,6.621404547717977,0.0,4.0,0.0,0.0,0.0,0.0,29.6,0.0,0.0,0.0,0.0
204,4,0.0,0.12828912,0.0,0.0,0.0,1.0,0.0,0.0,0.0,0.0,0.0,0.0,0.0,0.0,0.0
204,5,14.8,0.0587654399999999,15.352697095435934,1.4103822738589424,0.0,2.0,0.0,0.0,0.0,0.0,14.8,0.0,0.0,0.0,0.0
204,6,37.0,0.0333158399999999,38.38174273859317,2.5491556846475616,0.0,5.0,0.0,0.0,0.0,0.0,37.0,0.0,0.0,0.0,0.0
204,7,14.8,0.03956256,15.352697095435934,1.115566273858939,0.0,2.0,0.0,0.0,0.0,0.0,14.8,0.0,0.0,0.0,0.0
204,8,26.30177752347572,0.0023136,27.284001580369324,0.9662247183665672,0.0,5.0,0.0,0.0,0.0,0.0,26.30177752347572,0.0,0.0,0.0,0.0
204,9,21.248734402331173,0.04037232,22.04225560407823,1.619495657264629,0.0,3.0,0.0,0.0,0.0,0.0,21.248734402331184,0.0,0.0,0.0,0.0
204,10,7.4,0.05332848,7.676348547717986,0.663455136929473,0.0,1.0,0.0,0.0,0.0,0.0,7.4,0.0,0.0,0.0,0.0
204,11,0.0,0.04673472,0.0,0.0,0.0,0.0,0.0,0.0,0.0,0.0,0.0,0.0,0.0,0.0,0.0
204,12,0.0,0.04708176,0.0,0.0,0.0,0.0,0.0,0.0,0.0,0.0,0.0,0.0,0.0,0.0,0.0
204,13,0.0,0.09346944,0.0,0.0,0.0,0.0,0.0,0.0,0.0,0.0,0.0,0.0,0.0,0.0,0.0
204,14,0.0,0.0572616,0.0,0.0,0.0,0.0,0.0,0.0,0.0,0.0,0.0,0.0,0.0,0.0,0.0
204,15,0.0,0.14240208,0.0,0.0,0.0,1.0,0.0,0.0,0.0,0.0,0.0,0.0,0.0,0.0,0.0
204,16,0.0,0.1891368,0.0,0.0,0.0,0.0,0.0,0.0,0.0,0.0,0.0,0.0,0.0,0.0,0.0
204,17,0.0,0.25611552,0.0,0.0,0.0,0.0,0.0,0.0,0.0,0.0,0.0,0.0,0.0,0.0,0.0
204,18,0.0,0.3661272,0.0,0.0,0.0,0.0,0.0,0.0,0.0,0.0,0.0,0.0,0.0,0.0,0.0
204,19,43.80143397209313,0.3406775999999999,45.43717217022078,16.983397164571908,0.0,6.0,0.0,0.0,0.0,0.0,43.80143397209313,0.0,0.0,0.0,0.0
204,20,0.0,0.34195008,0.0,0.0,0.0,0.0,0.0,0.0,0.0,0.0,0.0,0.0,0.0,0.0,0.0
204,21,27.780405992503674,0.31777296,28.817848539941963,10.111403818041113,0.0,4.0,0.0,0.0,0.0,0.0,27.780405992503674,0.0,0.0,0.0,0.0
204,22,7.4,0.2915136,7.676348547718162,2.4918471369295645,0.0,1.0,0.0,0.0,0.0,0.0,7.4,0.0,0.0,0.0,0.0
204,23,14.8,0.2499844799999999,15.352697095435934,4.34611027385899,0.0,3.0,0.0,0.0,0.0,0.0,14.8,0.0,0.0,0.0,0.0
205,0,36.7562975168677,0.2469768,38.12893933285096,10.679031315739033,0.0,6.0,0.0,0.0,0.0,0.0,36.756297516867704,0.0,0.0,0.0,0.0
205,1,29.6,0.2498688,30.70539419087241,8.688668547718137,0.0,4.0,0.0,0.0,0.0,0.0,29.6,0.0,0.0,0.0,0.0
205,2,29.6,0.25206672,30.705394190872312,8.756156547718112,0.0,4.0,0.0,0.0,0.0,0.0,29.6,0.0,0.0,0.0,0.0
205,3,43.80143397209252,0.25137264,45.4371721702218,12.925632321397526,0.0,6.0,0.0,0.0,0.0,0.0,43.801433972092525,0.0,0.0,0.0,0.0
205,4,22.200000000000003,0.26247792,23.02904564315381,6.806877410788466,0.0,3.0,0.0,0.0,0.0,0.0,22.200000000000003,0.0,0.0,0.0,0.0
205,5,36.40143397209251,0.30851856,37.76082362250261,12.899798190333325,0.0,6.0,0.0,0.0,0.0,0.0,36.401433972092526,0.0,0.0,0.0,0.0
205,6,7.045136455224554,0.36566448,7.308232837369871,2.914263667112721,0.0,1.0,0.0,0.0,0.0,0.0,7.045136455224554,0.0,0.0,0.0,0.0
205,7,0.0,0.3915768,0.0,0.0,0.0,0.0,0.0,0.0,0.0,0.0,0.0,0.0,0.0,0.0,0.0
205,8,0.0,0.3343151999999999,0.0,0.0,0.0,0.0,0.0,0.0,0.0,0.0,0.0,0.0,0.0,0.0,0.0
205,9,0.0,0.36797808,0.0,0.0,0.0,0.0,0.0,0.0,0.0,0.0,0.0,0.0,0.0,0.0,0.0
205,10,0.0,0.33165456,0.0,0.0,0.0,0.0,0.0,0.0,0.0,0.0,0.0,0.0,0.0,0.0,0.0
205,11,0.0,0.31742592,0.0,0.0,0.0,0.0,0.0,0.0,0.0,0.0,0.0,0.0,0.0,0.0,0.0
205,12,0.0,0.312336,0.0,0.0,0.0,0.0,0.0,0.0,0.0,0.0,0.0,0.0,0.0,0.0,0.0
205,13,0.0,0.30782448,0.0,0.0,0.0,0.0,0.0,0.0,0.0,0.0,0.0,0.0,0.0,0.0,0.0
205,14,0.0,0.31268304,0.0,0.0,0.0,0.0,0.0,0.0,0.0,0.0,0.0,0.0,0.0,0.0,0.0
205,15,14.8,0.32887824,15.352697095436149,5.5573422738590885,0.0,2.0,0.0,0.0,0.0,0.0,14.8,0.0,0.0,0.0,0.0
205,16,0.0,0.358608,0.0,0.0,0.0,0.0,0.0,0.0,0.0,0.0,0.0,0.0,0.0,0.0,0.0
205,17,0.0,0.3811656,0.0,0.0,0.0,0.0,0.0,0.0,0.0,0.0,0.0,0.0,0.0,0.0,0.0
205,18,43.80143397209251,0.38313216,45.43717217022113,18.91241231670303,0.0,6.0,0.0,0.0,0.0,0.0,43.801433972092525,0.0,0.0,0.0,0.0
205,19,36.78452142798389,0.35212992,38.158217248946016,14.699686978154093,0.0,5.0,0.0,0.0,0.0,0.0,36.784521427983904,0.0,0.0,0.0,0.0
205,20,35.542182281918045,0.3348936,36.869483694937,13.56773403504117,0.0,5.0,0.0,0.0,0.0,0.0,35.542182281918045,0.0,0.0,0.0,0.0
205,21,22.200000000000003,0.3111792,23.029045643153772,7.9284214107884665,0.0,3.0,0.0,0.0,0.0,0.0,22.200000000000003,0.0,0.0,0.0,0.0
205,22,29.6,0.27196368,30.705394190871775,9.367100547717966,0.0,4.0,0.0,0.0,0.0,0.0,29.6,0.0,0.0,0.0,0.0
205,23,22.200000000000003,0.3060892799999999,23.02904564315399,7.811205410788537,0.0,3.0,0.0,0.0,0.0,0.0,22.200000000000003,0.0,0.0,0.0,0.0
206,0,37.0,0.28885296,38.38174273859008,12.357115684647583,0.0,5.0,0.0,0.0,0.0,0.0,37.0,0.0,0.0,0.0,0.0
206,1,37.0,0.27659088,38.38174273859127,11.886475684647941,0.0,5.0,0.0,0.0,0.0,0.0,37.0,0.0,0.0,0.0,0.0
206,2,11.787760083246477,0.254496,12.227966891334663,3.5167143660802838,0.0,2.0,0.0,0.0,0.0,0.0,11.787760083246477,0.0,0.0,0.0,0.0
206,3,22.200000000000003,0.24824928,23.029045643153896,6.479205410788485,0.0,3.0,0.0,0.0,0.0,0.0,22.200000000000003,0.0,0.0,0.0,0.0
206,4,22.200000000000003,0.25831344,23.029045643154134,6.71097341078856,0.0,3.0,0.0,0.0,0.0,0.0,22.200000000000003,0.0,0.0,0.0,0.0
206,5,43.80143397209251,0.30620496,45.43717217022102,15.417057885729958,0.0,6.0,0.0,0.0,0.0,0.0,43.801433972092525,0.0,0.0,0.0,0.0
206,6,37.0,0.33847968,38.38174273858998,14.261875684647586,0.0,6.0,0.0,0.0,0.0,0.0,37.0,0.0,0.0,0.0,0.0
206,7,0.0,0.32991936,0.0,0.0,0.0,0.0,0.0,0.0,0.0,0.0,0.0,0.0,0.0,0.0,0.0
206,8,7.4,0.33281136,7.676348547718173,2.8088631369295816,0.0,1.0,0.0,0.0,0.0,0.0,7.4,0.0,0.0,0.0,0.0
206,9,0.0,0.3158064,0.0,0.0,0.0,0.0,0.0,0.0,0.0,0.0,0.0,0.0,0.0,0.0,0.0
206,10,0.0,0.3100224,0.0,0.0,0.0,0.0,0.0,0.0,0.0,0.0,0.0,0.0,0.0,0.0,0.0
206,11,0.0,0.29070384,0.0,0.0,0.0,0.0,0.0,0.0,0.0,0.0,0.0,0.0,0.0,0.0,0.0
206,12,0.0,0.28815888,0.0,0.0,0.0,0.0,0.0,0.0,0.0,0.0,0.0,0.0,0.0,0.0,0.0
206,13,0.0,0.2804083199999999,0.0,0.0,0.0,0.0,0.0,0.0,0.0,0.0,0.0,0.0,0.0,0.0,0.0
206,14,0.0,0.28075536,0.0,0.0,0.0,0.0,0.0,0.0,0.0,0.0,0.0,0.0,0.0,0.0,0.0
206,15,29.6,0.28584528,30.70539419087191,9.793340547718014,0.0,4.0,0.0,0.0,0.0,0.0,29.6,0.0,0.0,0.0,0.0
206,16,0.0,0.29625648,0.0,0.0,0.0,0.0,0.0,0.0,0.0,0.0,0.0,0.0,0.0,0.0,0.0
206,17,7.4,0.3043540799999999,7.676348547717948,2.590415136929496,0.0,1.0,0.0,0.0,0.0,0.0,7.4,0.0,0.0,0.0,0.0
206,18,21.188889104854958,0.34380096,21.980175419974234,8.284349216756691,0.0,3.0,0.0,0.0,0.0,0.0,21.188889104854958,0.0,0.0,0.0,0.0
206,19,29.6,0.32864688,30.70539419087495,11.107580547719138,0.0,4.0,0.0,0.0,0.0,0.0,29.6,0.0,0.0,0.0,0.0
206,20,43.80143397209251,0.32297856,45.43717217022291,16.17920283684505,0.0,6.0,0.0,0.0,0.0,0.0,43.801433972092525,0.0,0.0,0.0,0.0
206,21,43.61434877582841,0.31372416,45.24310038986403,15.691400288510266,0.0,6.0,0.0,0.0,0.0,0.0,43.614348775828425,0.0,0.0,0.0,0.0
206,22,17.721000928930597,0.28896864,18.382781046608788,5.9205172910990695,0.0,4.0,0.0,0.0,0.0,0.0,17.721000928930597,0.0,0.0,0.0,0.0
206,23,37.0,0.29995824,38.381742738589494,12.783355684647397,0.0,5.0,0.0,0.0,0.0,0.0,37.0,0.0,0.0,0.0,0.0
207,0,22.200000000000003,0.2892,23.029045643154312,7.422261410788636,0.0,3.0,0.0,0.0,0.0,0.0,22.200000000000003,0.0,0.0,0.0,0.0
207,1,21.808752070936297,0.28896864,22.623186795577322,7.286219003717546,0.0,3.0,0.0,0.0,0.0,0.0,21.808752070936297,0.0,0.0,0.0,0.0
207,2,43.80143397209252,0.28839024,45.43717217022068,14.607607385925569,0.0,6.0,0.0,0.0,0.0,0.0,43.801433972092525,0.0,0.0,0.0,0.0
207,3,22.200000000000003,0.28966272,23.029045643153694,7.432917410788435,0.0,3.0,0.0,0.0,0.0,0.0,22.200000000000003,0.0,0.0,0.0,0.0
207,4,22.200000000000003,0.306552,23.029045643154063,7.821861410788564,0.0,3.0,0.0,0.0,0.0,0.0,22.200000000000003,0.0,0.0,0.0,0.0
207,5,43.80143397209067,0.33419952,45.43717217021904,16.689051528278814,0.0,6.0,0.0,0.0,0.0,0.0,43.80143397209068,0.0,0.0,0.0,0.0
207,6,42.68617386627916,0.35502192,44.28026334676316,17.186140828251343,0.0,6.0,0.0,0.0,0.0,0.0,42.68617386627918,0.0,0.0,0.0,0.0
207,7,7.796227182296184,0.36520176,8.087372595743036,3.22121473866022,0.0,2.0,0.0,0.0,0.0,0.0,7.796227182296197,0.0,0.0,0.0,0.0
207,8,0.0,0.3609216,0.0,0.0,0.0,0.0,0.0,0.0,0.0,0.0,0.0,0.0,0.0,0.0,0.0
207,9,0.0,0.3615,0.0,0.0,0.0,0.0,0.0,0.0,0.0,0.0,0.0,0.0,0.0,0.0,0.0
207,10,0.0,0.3539808,0.0,0.0,0.0,0.0,0.0,0.0,0.0,0.0,0.0,0.0,0.0,0.0,0.0
207,11,0.0,0.3447264,0.0,0.0,0.0,0.0,0.0,0.0,0.0,0.0,0.0,0.0,0.0,0.0,0.0
207,12,0.0,0.3435696,0.0,0.0,0.0,0.0,0.0,0.0,0.0,0.0,0.0,0.0,0.0,0.0,0.0
207,13,0.0,0.3418344,0.0,0.0,0.0,0.0,0.0,0.0,0.0,0.0,0.0,0.0,0.0,0.0,0.0
207,14,0.0,0.34495776,0.0,0.0,0.0,0.0,0.0,0.0,0.0,0.0,0.0,0.0,0.0,0.0,0.0
207,15,29.060655090687362,0.3580296,30.14590777042268,11.790956847882315,0.0,4.0,0.0,0.0,0.0,0.0,29.060655090687362,0.0,0.0,0.0,0.0
207,16,2.5017554104652735,0.38047152,2.595181961063562,0.0,23.0971194534657,0.0,0.0,0.0,0.0,1.0,0.0,0.0,0.0,0.0,2.5017554104652735
207,17,0.0,0.38452032,0.0,0.0,0.0,0.0,0.0,0.0,0.0,0.0,0.0,0.0,0.0,0.0,0.0
207,18,14.8,0.3787363199999999,15.352697095435934,6.322798273859023,0.0,2.0,0.0,0.0,0.0,0.0,14.8,0.0,0.0,0.0,0.0
207,19,42.498382268900656,0.36184704,44.08545878516737,17.41142145424385,0.0,6.0,0.0,0.0,0.0,0.0,42.498382268900556,0.0,0.0,0.0,0.0
207,20,37.0,0.35849232,38.38174273858958,15.02999568464745,0.0,5.0,0.0,0.0,0.0,0.0,37.0,0.0,0.0,0.0,0.0
207,21,43.80143397209251,0.37225824,45.437172170224656,18.418332141499246,0.0,6.0,0.0,0.0,0.0,0.0,43.801433972092525,0.0,0.0,0.0,0.0
207,22,36.57121730656898,0.3418344,37.936947413453495,14.223866616294739,0.0,6.0,0.0,0.0,0.0,0.0,36.57121730656899,0.0,0.0,0.0,0.0
207,23,22.200000000000003,0.35212992,23.02904564315095,8.87147741078739,0.0,3.0,0.0,0.0,0.0,0.0,22.200000000000003,0.0,0.0,0.0,0.0
208,0,29.6,0.34576752,30.705394190872042,11.633276547718099,0.0,4.0,0.0,0.0,0.0,0.0,29.6,0.0,0.0,0.0,0.0
208,1,37.0,0.34044624,38.38174273858982,14.33735568464753,0.0,6.0,0.0,0.0,0.0,0.0,37.0,0.0,0.0,0.0,0.0
208,2,43.80143397209251,0.338364,45.437172170221444,16.87827372303914,0.0,6.0,0.0,0.0,0.0,0.0,43.801433972092525,0.0,0.0,0.0,0.0
208,3,37.758007275269776,0.33998352,39.16805733949187,14.612956703779462,0.0,6.0,0.0,0.0,0.0,0.0,37.758007275269776,0.0,0.0,0.0,0.0
208,4,43.80143397209251,0.35247696,45.437172170220904,17.519526716390377,0.0,6.0,0.0,0.0,0.0,0.0,43.801433972092525,0.0,0.0,0.0,0.0
208,5,43.742212853498046,0.3760756799999999,45.37573947458353,18.566649055015553,0.0,6.0,0.0,0.0,0.0,0.0,43.74221285349806,0.0,0.0,0.0,0.0
208,6,43.80143397209252,0.39886464,45.43717217022134,19.62725171912768,0.0,6.0,0.0,0.0,0.0,0.0,43.801433972092525,0.0,0.0,0.0,0.0
208,7,7.4,0.3922708799999999,7.676348547717986,3.2652951369295207,0.0,1.0,0.0,0.0,0.0,0.0,7.4,0.0,0.0,0.0,0.0
208,8,0.0,0.39238656,0.0,0.0,0.0,0.0,0.0,0.0,0.0,0.0,0.0,0.0,0.0,0.0,0.0
208,9,0.0,0.39643536,0.0,0.0,0.0,0.0,0.0,0.0,0.0,0.0,0.0,0.0,0.0,0.0,0.0
208,10,0.0,0.3922708799999999,0.0,0.0,0.0,0.0,0.0,0.0,0.0,0.0,0.0,0.0,0.0,0.0,0.0
208,11,0.0,0.39284928,0.0,0.0,0.0,0.0,0.0,0.0,0.0,0.0,0.0,0.0,0.0,0.0,0.0
208,12,0.0,0.38255376,0.0,0.0,0.0,0.0,0.0,0.0,0.0,0.0,0.0,0.0,0.0,0.0,0.0
208,13,0.0,0.37977744,0.0,0.0,0.0,0.0,0.0,0.0,0.0,0.0,0.0,0.0,0.0,0.0,0.0
208,14,0.0,0.39030432,0.0,0.0,0.0,0.0,0.0,0.0,0.0,0.0,0.0,0.0,0.0,0.0,0.0
208,15,14.8,0.39597264,15.352697095434895,6.587422273858582,0.0,2.0,0.0,0.0,0.0,0.0,14.8,0.0,0.0,0.0,0.0
208,16,0.0,0.41020128,0.0,0.0,0.0,0.0,0.0,0.0,0.0,0.0,0.0,0.0,0.0,0.0,0.0
208,17,0.0,0.41656368,0.0,0.0,0.0,0.0,0.0,0.0,0.0,0.0,0.0,0.0,0.0,0.0,0.0
208,18,14.8,0.42500832,15.35269709543648,7.033198273859286,0.0,2.0,0.0,0.0,0.0,0.0,14.8,0.0,0.0,0.0,0.0
208,19,43.80143397209251,0.4204968,45.43717217022105,20.610155897461322,0.0,6.0,0.0,0.0,0.0,0.0,43.801433972092525,0.0,0.0,0.0,0.0
208,20,36.40143397209252,0.40973856,37.76082362250307,16.721948757403243,0.0,6.0,0.0,0.0,0.0,0.0,36.401433972092526,0.0,0.0,0.0,0.0
208,21,29.6,0.3956256,30.705394190871985,13.164188547718108,0.0,4.0,0.0,0.0,0.0,0.0,29.6,0.0,0.0,0.0,0.0
208,22,22.200000000000003,0.3760756799999999,23.029045643153392,9.422925410788324,0.0,3.0,0.0,0.0,0.0,0.0,22.200000000000003,0.0,0.0,0.0,0.0
208,23,37.0,0.37410912,38.381742738589196,15.629395684647301,0.0,5.0,0.0,0.0,0.0,0.0,37.0,0.0,0.0,0.0,0.0
209,0,39.66554578819277,0.35548464,41.146831730490916,15.989026795133393,0.0,6.0,0.0,0.0,0.0,0.0,39.66554578819278,0.0,0.0,0.0,0.0
209,1,22.200000000000003,0.34865952,23.029045643153907,8.791557410788528,0.0,3.0,0.0,0.0,0.0,0.0,22.200000000000003,0.0,0.0,0.0,0.0
209,2,42.93176696135832,0.34842816,44.53502796821473,16.991367276261506,0.0,6.0,0.0,0.0,0.0,0.0,42.93176696135823,0.0,0.0,0.0,0.0
209,3,43.80143397209283,0.35617872,45.43717217022139,17.687724222843407,0.0,6.0,0.0,0.0,0.0,0.0,43.80143397209283,0.0,0.0,0.0,0.0
209,4,37.0,0.38556144,38.38174273859017,16.0689556846477,0.0,6.0,0.0,0.0,0.0,0.0,37.0,0.0,0.0,0.0,0.0
209,5,41.61116669937181,0.3944688,43.16511068399565,18.4560545770232,0.0,6.0,0.0,0.0,0.0,0.0,41.611166699371715,0.0,0.0,0.0,0.0
209,6,43.80143397209252,0.4059211199999999,45.437172170223064,19.947878215804156,0.0,6.0,0.0,0.0,0.0,0.0,43.801433972092525,0.0,0.0,0.0,0.0
209,7,14.8,0.41841456,15.352697095435934,6.931966273859034,0.0,2.0,0.0,0.0,0.0,0.0,14.8,0.0,0.0,0.0,0.0
209,8,0.0,0.42084384,0.0,0.0,0.0,0.0,0.0,0.0,0.0,0.0,0.0,0.0,0.0,0.0,0.0
209,9,0.0,0.41205216,0.0,0.0,0.0,0.0,0.0,0.0,0.0,0.0,0.0,0.0,0.0,0.0,0.0
209,10,0.0,0.40962288,0.0,0.0,0.0,0.0,0.0,0.0,0.0,0.0,0.0,0.0,0.0,0.0,0.0
209,11,0.0,0.40904448,0.0,0.0,0.0,0.0,0.0,0.0,0.0,0.0,0.0,0.0,0.0,0.0,0.0
209,12,0.0,0.40407024,0.0,0.0,0.0,0.0,0.0,0.0,0.0,0.0,0.0,0.0,0.0,0.0,0.0
209,13,0.0,0.39655104,0.0,0.0,0.0,0.0,0.0,0.0,0.0,0.0,0.0,0.0,0.0,0.0,0.0
209,14,0.0,0.39238656,0.0,0.0,0.0,0.0,0.0,0.0,0.0,0.0,0.0,0.0,0.0,0.0,0.0
209,15,0.0,0.39377472,0.0,0.0,0.0,0.0,0.0,0.0,0.0,0.0,0.0,0.0,0.0,0.0,0.0
209,16,0.0,0.4030291199999999,0.0,0.0,0.0,0.0,0.0,0.0,0.0,0.0,0.0,0.0,0.0,0.0,0.0
209,17,0.0,0.4129776,0.0,0.0,0.0,0.0,0.0,0.0,0.0,0.0,0.0,0.0,0.0,0.0,0.0
209,18,7.4,0.40754064,7.676348547717986,3.3825111369295238,0.0,1.0,0.0,0.0,0.0,0.0,7.4,0.0,0.0,0.0,0.0
209,19,29.6,0.39689808,30.705394190873662,13.203260547718829,0.0,4.0,0.0,0.0,0.0,0.0,29.6,0.0,0.0,0.0,0.0
209,20,33.81507526349322,0.39088272,35.077878904038926,14.872414509565044,0.0,6.0,0.0,0.0,0.0,0.0,33.81507526349323,0.0,0.0,0.0,0.0
209,21,37.0,0.36508608,38.38174273858986,15.28307568464756,0.0,5.0,0.0,0.0,0.0,0.0,37.0,0.0,0.0,0.0,0.0
209,22,29.6,0.32841552,30.705394190872063,11.100476547718094,0.0,4.0,0.0,0.0,0.0,0.0,29.6,0.0,0.0,0.0,0.0
209,23,22.200000000000003,0.21990768,23.029045643153882,5.826525410788472,0.0,3.0,0.0,0.0,0.0,0.0,22.200000000000003,0.0,0.0,0.0,0.0
210,0,29.6,0.18589776,30.705394190871946,6.724412547717968,0.0,4.0,0.0,0.0,0.0,0.0,29.6,0.0,0.0,0.0,0.0
210,1,7.4,0.05830272,7.6763485477181455,0.7016391369294882,0.0,1.0,0.0,0.0,0.0,0.0,7.4,0.0,0.0,0.0,0.0
210,2,7.4,0.02649072,7.676348547717948,0.4574391369294669,0.0,1.0,0.0,0.0,0.0,0.0,7.4,0.0,0.0,0.0,0.0
210,3,37.0,0.011568,38.38174273858953,1.7144356846473172,0.0,5.0,0.0,0.0,0.0,0.0,37.0,0.0,0.0,0.0,0.0
210,4,43.80143397209175,0.00890736,45.43717217022031,1.9086956487364255,0.0,6.0,0.0,0.0,0.0,0.0,43.80143397209175,0.0,0.0,0.0,0.0
210,5,22.200000000000003,0.06952368,23.029045643154166,2.3633254107884474,0.0,4.0,0.0,0.0,0.0,0.0,22.200000000000003,0.0,0.0,0.0,0.0
210,6,37.0,0.1735199999999999,38.381742738589345,7.930435684647326,0.0,5.0,0.0,0.0,0.0,0.0,37.0,0.0,0.0,0.0,0.0
210,7,22.200000000000003,0.2192136,23.029045643153292,5.810541410788323,0.0,3.0,0.0,0.0,0.0,0.0,22.200000000000003,0.0,0.0,0.0,0.0
210,8,29.6,0.23968896,30.705394190871928,8.376092547717995,0.0,4.0,0.0,0.0,0.0,0.0,29.6,0.0,0.0,0.0,0.0
210,9,7.4,0.24778656,7.676348547717948,2.1561831369294904,0.0,1.0,0.0,0.0,0.0,0.0,7.4,0.0,0.0,0.0,0.0
210,10,13.227141971526024,0.2562312,13.721101630213823,3.9699427999917223,0.0,2.0,0.0,0.0,0.0,0.0,13.227141971526024,0.0,0.0,0.0,0.0
210,11,0.0,0.2576193599999999,0.0,0.0,0.0,0.0,0.0,0.0,0.0,0.0,0.0,0.0,0.0,0.0,0.0
210,12,0.0,0.27485568,0.0,0.0,0.0,0.0,0.0,0.0,0.0,0.0,0.0,0.0,0.0,0.0,0.0
210,13,0.0,0.2105376,0.0,0.0,0.0,0.0,0.0,0.0,0.0,0.0,0.0,0.0,0.0,0.0,0.0
210,14,0.0,0.22754256,0.0,0.0,0.0,0.0,0.0,0.0,0.0,0.0,0.0,0.0,0.0,0.0,0.0
210,15,14.8,0.3106008,15.35269709543606,5.27673427385905,0.0,3.0,0.0,0.0,0.0,0.0,14.8,0.0,0.0,0.0,0.0
210,16,0.0,0.3322329599999999,0.0,0.0,0.0,0.0,0.0,0.0,0.0,0.0,0.0,0.0,0.0,0.0,0.0
210,17,0.0,0.3350092799999999,0.0,0.0,0.0,0.0,0.0,0.0,0.0,0.0,0.0,0.0,0.0,0.0,0.0
210,18,0.0,0.33709152,0.0,0.0,0.0,0.0,0.0,0.0,0.0,0.0,0.0,0.0,0.0,0.0,0.0
210,19,7.4,0.3220531199999999,7.676348547717948,2.726279136929498,0.0,1.0,0.0,0.0,0.0,0.0,7.4,0.0,0.0,0.0,0.0
210,20,40.88954285761098,0.31164192,42.416538234036835,14.62275883055527,0.0,6.0,0.0,0.0,0.0,0.0,40.889542857610834,0.0,0.0,0.0,0.0
210,21,37.0,0.30088368,38.381742738592635,12.818875684648445,0.0,5.0,0.0,0.0,0.0,0.0,37.0,0.0,0.0,0.0,0.0
210,22,22.200000000000003,0.2828376,23.029045643153882,7.275741410788495,0.0,3.0,0.0,0.0,0.0,0.0,22.200000000000003,0.0,0.0,0.0,0.0
210,23,14.8,0.28896864,15.352697095436099,4.944622273859055,0.0,2.0,0.0,0.0,0.0,0.0,14.8,0.0,0.0,0.0,0.0
211,0,7.4,0.28526688,7.676348547717924,2.443895136929487,0.0,1.0,0.0,0.0,0.0,0.0,7.4,0.0,0.0,0.0,0.0
211,1,7.4,0.2828376,7.676348547717948,2.4252471369294946,0.0,1.0,0.0,0.0,0.0,0.0,7.4,0.0,0.0,0.0,0.0
211,2,36.237860830872364,0.28815888,37.591141940739575,12.076488157803023,0.0,6.0,0.0,0.0,0.0,0.0,36.237860830872364,0.0,0.0,0.0,0.0
211,3,21.634697346606057,0.28769616,22.442632102288655,7.199510198706927,0.0,3.0,0.0,0.0,0.0,0.0,21.634697346606057,0.0,0.0,0.0,0.0
211,4,14.72561143762877,0.28318464,15.275530536959447,4.8314156766912255,0.0,2.0,0.0,0.0,0.0,0.0,14.72561143762877,0.0,0.0,0.0,0.0
211,5,7.4,0.30030528,7.676348547717458,2.5593351369293327,0.0,1.0,0.0,0.0,0.0,0.0,7.4,0.0,0.0,0.0,0.0
211,6,29.6,0.30874992,30.705394190872095,10.49663654771809,0.0,4.0,0.0,0.0,0.0,0.0,29.6,0.0,0.0,0.0,0.0
211,7,33.625005740257706,0.3151123199999999,34.880711348815,12.145893422021196,0.0,5.0,0.0,0.0,0.0,0.0,33.625005740257706,0.0,0.0,0.0,0.0
211,8,43.202867944184945,0.12273648,44.816253054134286,6.984007122745537,0.0,6.0,0.0,0.0,0.0,0.0,43.202867944184945,0.0,0.0,0.0,0.0
211,9,14.8,0.0006940799999999,15.352697095435845,0.518830273858925,0.0,2.0,0.0,0.0,0.0,0.0,14.8,0.0,0.0,0.0,0.0
211,10,0.0,-0.0017352,0.0,0.0,0.0,0.0,0.0,0.0,0.0,0.0,0.0,0.0,0.0,0.0,0.0
211,11,0.0,-0.008676,0.0,0.0,0.0,0.0,0.0,0.0,0.0,0.0,0.0,0.0,0.0,0.0,0.0
211,12,0.0,0.0,0.0,0.0,0.0,0.0,0.0,0.0,0.0,0.0,0.0,0.0,0.0,0.0,0.0
211,13,0.0,0.00011568,0.0,0.0,0.0,0.0,0.0,0.0,0.0,0.0,0.0,0.0,0.0,0.0,0.0
211,14,0.0,0.0005784,0.0,0.0,0.0,0.0,0.0,0.0,0.0,0.0,0.0,0.0,0.0,0.0,0.0
211,15,29.6,0.03030816,30.705394190871647,1.9469725477178594,0.0,4.0,0.0,0.0,0.0,0.0,29.6,0.0,0.0,0.0,0.0
211,16,0.0,0.18878976,0.0,0.0,0.0,0.0,0.0,0.0,0.0,0.0,0.0,0.0,0.0,0.0,0.0
211,17,0.0,0.31650048,0.0,0.0,0.0,0.0,0.0,0.0,0.0,0.0,0.0,0.0,0.0,0.0,0.0
211,18,0.0,0.39007296,0.0,0.0,0.0,0.0,0.0,0.0,0.0,0.0,0.0,0.0,0.0,0.0,0.0
211,19,39.29726564097227,0.38336352,40.76479838275178,16.977051426571116,0.0,6.0,0.0,0.0,0.0,0.0,39.29726564097228,0.0,0.0,0.0,0.0
211,20,36.40143397209251,0.37434048,37.76082362250311,15.385288101948005,0.0,6.0,0.0,0.0,0.0,0.0,36.401433972092526,0.0,0.0,0.0,0.0
211,21,22.200000000000003,0.36173136,23.029045643153836,9.092589410788504,0.0,3.0,0.0,0.0,0.0,0.0,22.200000000000003,0.0,0.0,0.0,0.0
211,22,33.15694792676539,0.335472,34.39517419788972,12.677098144464612,0.0,6.0,0.0,0.0,0.0,0.0,33.156947926765405,0.0,0.0,0.0,0.0
211,23,22.200000000000003,0.34704,23.02904564315438,8.754261410788706,0.0,3.0,0.0,0.0,0.0,0.0,22.200000000000003,0.0,0.0,0.0,0.0
212,0,21.68102457951883,0.34264416,22.490689397841535,8.450745195612875,0.0,3.0,0.0,0.0,0.0,0.0,21.68102457951883,0.0,0.0,0.0,0.0
212,1,32.252541924055,0.3412559999999999,33.45699369715062,12.524826332490518,0.0,6.0,0.0,0.0,0.0,0.0,32.252541924055,0.0,0.0,0.0,0.0
212,2,14.8,0.33975216,15.352697095435971,5.724286273859029,0.0,2.0,0.0,0.0,0.0,0.0,14.8,0.0,0.0,0.0,0.0
212,3,39.019991788133545,0.32633328,40.47716990470332,14.548841943964801,0.0,6.0,0.0,0.0,0.0,0.0,39.019991788133545,0.0,0.0,0.0,0.0
212,4,29.6,0.36543312,30.705394190872028,12.237116547718106,0.0,4.0,0.0,0.0,0.0,0.0,29.6,0.0,0.0,0.0,0.0
212,5,7.4,0.37549728,7.676348547717986,3.136535136929519,0.0,1.0,0.0,0.0,0.0,0.0,7.4,0.0,0.0,0.0,0.0
212,6,22.200000000000003,0.38255376,23.029045643158042,9.572109410790262,0.0,3.0,0.0,0.0,0.0,0.0,22.200000000000003,0.0,0.0,0.0,0.0
212,7,0.0,0.3956256,0.0,0.0,0.0,0.0,0.0,0.0,0.0,0.0,0.0,0.0,0.0,0.0,0.0
212,8,0.0,0.41020128,0.0,0.0,0.0,0.0,0.0,0.0,0.0,0.0,0.0,0.0,0.0,0.0,0.0
212,9,0.0,0.41077968,0.0,0.0,0.0,0.0,0.0,0.0,0.0,0.0,0.0,0.0,0.0,0.0,0.0
212,10,0.0,0.41101104,0.0,0.0,0.0,0.0,0.0,0.0,0.0,0.0,0.0,0.0,0.0,0.0,0.0
212,11,0.0,0.4071936,0.0,0.0,0.0,0.0,0.0,0.0,0.0,0.0,0.0,0.0,0.0,0.0,0.0
212,12,0.0,0.40337616,0.0,0.0,0.0,0.0,0.0,0.0,0.0,0.0,0.0,0.0,0.0,0.0,0.0
212,13,0.0,0.3787363199999999,0.0,0.0,0.0,0.0,0.0,0.0,0.0,0.0,0.0,0.0,0.0,0.0,0.0
212,14,0.0,0.399096,0.0,0.0,0.0,0.0,0.0,0.0,0.0,0.0,0.0,0.0,0.0,0.0,0.0
212,15,0.0,0.40187232,0.0,0.0,0.0,0.0,0.0,0.0,0.0,0.0,0.0,0.0,0.0,0.0,0.0
212,16,0.0,0.40395456,0.0,0.0,0.0,0.0,0.0,0.0,0.0,0.0,0.0,0.0,0.0,0.0,0.0
212,17,7.4,0.41806752,7.676348547717948,3.463319136929509,0.0,1.0,0.0,0.0,0.0,0.0,7.4,0.0,0.0,0.0,0.0
212,18,0.0,0.4348411200000001,0.0,0.0,0.0,0.0,0.0,0.0,0.0,0.0,0.0,0.0,0.0,0.0,0.0
212,19,22.200000000000003,0.40407024,23.02904564315326,10.067613410788265,0.0,3.0,0.0,0.0,0.0,0.0,22.200000000000003,0.0,0.0,0.0,0.0
212,20,14.8,0.3805872,15.352697095438081,6.351214273859913,0.0,2.0,0.0,0.0,0.0,0.0,14.8,0.0,0.0,0.0,0.0
212,21,37.0,0.35617872,38.38174273858985,14.941195684647553,0.0,5.0,0.0,0.0,0.0,0.0,37.0,0.0,0.0,0.0,0.0
212,22,43.80143397209117,0.32552352,45.43717217021952,16.294838622530165,0.0,6.0,0.0,0.0,0.0,0.0,43.80143397209118,0.0,0.0,0.0,0.0
212,23,43.80143397209252,0.30123072,45.43717217022121,15.19104248643402,0.0,6.0,0.0,0.0,0.0,0.0,43.801433972092525,0.0,0.0,0.0,0.0
213,0,14.8,0.26641104,15.352697095435934,4.598302273858996,0.0,2.0,0.0,0.0,0.0,0.0,14.8,0.0,0.0,0.0,0.0
213,1,35.13150216006767,0.2296248,36.443466971025096,9.574602571269173,0.0,5.0,0.0,0.0,0.0,0.0,35.13150216006767,0.0,0.0,0.0,0.0
213,2,41.86336647448415,0.22696416,43.42672870797319,11.293735722986932,0.0,6.0,0.0,0.0,0.0,0.0,41.86336647448417,0.0,0.0,0.0,0.0
213,3,14.8,0.23101296,15.352697095436799,4.054846273859216,0.0,3.0,0.0,0.0,0.0,0.0,14.8,0.0,0.0,0.0,0.0
213,4,26.103751492823296,0.29417424,27.07858038674788,8.862121816351818,0.0,4.0,0.0,0.0,0.0,0.0,26.103751492823296,0.0,0.0,0.0,0.0
213,5,36.39555954605096,0.33049776,37.7547298195553,13.727535191795509,0.0,6.0,0.0,0.0,0.0,0.0,36.395559546050976,0.0,0.0,0.0,0.0
213,6,37.93946619491506,0.37457184,39.356292733314774,16.044452274169064,0.0,7.0,0.0,0.0,0.0,0.0,37.93946619491508,0.0,0.0,0.0,0.0
213,7,0.0,0.39319632,0.0,0.0,0.0,0.0,0.0,0.0,0.0,0.0,0.0,0.0,0.0,0.0,0.0
213,8,0.0,0.39932736,0.0,0.0,0.0,0.0,0.0,0.0,0.0,0.0,0.0,0.0,0.0,0.0,0.0
213,9,0.0,0.39296496,0.0,0.0,0.0,0.0,0.0,0.0,0.0,0.0,0.0,0.0,0.0,0.0,0.0
213,10,0.0,0.3891475199999999,0.0,0.0,0.0,0.0,0.0,0.0,0.0,0.0,0.0,0.0,0.0,0.0,0.0
213,11,0.0,0.3862555199999999,0.0,0.0,0.0,0.0,0.0,0.0,0.0,0.0,0.0,0.0,0.0,0.0,0.0
213,12,0.0,0.37676976,0.0,0.0,0.0,0.0,0.0,0.0,0.0,0.0,0.0,0.0,0.0,0.0,0.0
213,13,0.0,0.38081856,0.0,0.0,0.0,0.0,0.0,0.0,0.0,0.0,0.0,0.0,0.0,0.0,0.0
213,14,0.0,0.37144848,0.0,0.0,0.0,0.0,0.0,0.0,0.0,0.0,0.0,0.0,0.0,0.0,0.0
213,15,22.200000000000003,0.37214256,23.02904564315434,9.332349410788714,0.0,3.0,0.0,0.0,0.0,0.0,22.200000000000003,0.0,0.0,0.0,0.0
213,16,0.0,0.3813969599999999,0.0,0.0,0.0,0.0,0.0,0.0,0.0,0.0,0.0,0.0,0.0,0.0,0.0
213,17,0.0,0.40187232,0.0,0.0,0.0,0.0,0.0,0.0,0.0,0.0,0.0,0.0,0.0,0.0,0.0
213,18,22.200000000000003,0.39608832,23.029045643153818,9.883797410788507,0.0,3.0,0.0,0.0,0.0,0.0,22.200000000000003,0.0,0.0,0.0,0.0
213,19,43.161408306989074,0.37387776,44.7732451317319,18.22171501164316,0.0,6.0,0.0,0.0,0.0,0.0,43.161408306989074,0.0,0.0,0.0,0.0
213,20,41.23133280405677,0.37723248,42.77109212039126,17.550368302068602,0.0,6.0,0.0,0.0,0.0,0.0,41.23133280405677,0.0,0.0,0.0,0.0
213,21,0.0,0.3462302399999999,0.0,0.0,0.0,0.0,0.0,0.0,0.0,0.0,0.0,0.0,0.0,0.0,0.0
213,22,21.991420630048946,0.3274900799999999,22.8126770021257,8.226025025210665,0.0,3.0,0.0,0.0,0.0,0.0,21.991420630048946,0.0,0.0,0.0,0.0
213,23,43.80143397209251,0.2601643199999999,45.43717217022102,13.325101399222788,0.0,6.0,0.0,0.0,0.0,0.0,43.80143397209252,0.0,0.0,0.0,0.0
214,0,43.80143397209251,0.25576848,45.437172170221565,13.125366860310207,0.0,6.0,0.0,0.0,0.0,0.0,43.801433972092525,0.0,0.0,0.0,0.0
214,1,37.0,0.22974048,38.38174273858999,10.088275684647504,0.0,5.0,0.0,0.0,0.0,0.0,37.0,0.0,0.0,0.0,0.0
214,2,36.40143397209251,0.23205408,37.76082362250301,10.012436447667053,0.0,6.0,0.0,0.0,0.0,0.0,36.401433972092526,0.0,0.0,0.0,0.0
214,3,43.80143397209251,0.22869936,45.43717217022125,11.895422594373738,0.0,6.0,0.0,0.0,0.0,0.0,43.801433972092525,0.0,0.0,0.0,0.0
214,4,22.200000000000003,0.27774768,23.02904564315411,7.158525410788563,0.0,3.0,0.0,0.0,0.0,0.0,22.200000000000003,0.0,0.0,0.0,0.0
214,5,37.83781134763354,0.3175416,39.25084164692315,13.762977916423768,0.0,6.0,0.0,0.0,0.0,0.0,37.83781134763354,0.0,0.0,0.0,0.0
214,6,21.736100596054577,0.33281136,22.547822195077465,8.250504284438982,0.0,4.0,0.0,0.0,0.0,0.0,21.736100596054577,0.0,0.0,0.0,0.0
214,7,14.8,0.3433382399999999,15.352697095435934,5.7793422738590134,0.0,2.0,0.0,0.0,0.0,0.0,14.8,0.0,0.0,0.0,0.0
214,8,0.0,0.33732288,0.0,0.0,0.0,0.0,0.0,0.0,0.0,0.0,0.0,0.0,0.0,0.0,0.0
214,9,0.0,0.32355696,0.0,0.0,0.0,0.0,0.0,0.0,0.0,0.0,0.0,0.0,0.0,0.0,0.0
214,10,0.0,0.3134928,0.0,0.0,0.0,0.0,0.0,0.0,0.0,0.0,0.0,0.0,0.0,0.0,0.0
214,11,0.0,0.2996112,0.0,0.0,0.0,0.0,0.0,0.0,0.0,0.0,0.0,0.0,0.0,0.0,0.0
214,12,0.0,0.30215616,0.0,0.0,0.0,0.0,0.0,0.0,0.0,0.0,0.0,0.0,0.0,0.0,0.0
214,13,0.0,0.2730048,0.0,0.0,0.0,0.0,0.0,0.0,0.0,0.0,0.0,0.0,0.0,0.0,0.0
214,14,0.0,0.23980464,0.0,0.0,0.0,0.0,0.0,0.0,0.0,0.0,0.0,0.0,0.0,0.0,0.0
214,15,29.6,0.31210464,30.705394190869058,10.599644547717043,0.0,4.0,0.0,0.0,0.0,0.0,29.6,0.0,0.0,0.0,0.0
214,16,0.0,0.3158064,0.0,0.0,0.0,0.0,0.0,0.0,0.0,0.0,0.0,0.0,0.0,0.0,0.0
214,17,0.0,0.32297856,0.0,0.0,0.0,0.0,0.0,0.0,0.0,0.0,0.0,0.0,0.0,0.0,0.0
214,18,22.200000000000003,0.32228448,23.02904564315333,8.184165410788312,0.0,3.0,0.0,0.0,0.0,0.0,22.200000000000003,0.0,0.0,0.0,0.0
214,19,43.80143397209251,0.31256736,45.437172170221025,15.706147349945773,0.0,6.0,0.0,0.0,0.0,0.0,43.801433972092525,0.0,0.0,0.0,0.0
214,20,41.14355754532516,0.3180043199999999,42.680038947432756,14.985146052211888,0.0,6.0,0.0,0.0,0.0,0.0,41.143557545325166,0.0,0.0,0.0,0.0
214,21,21.333430410697744,0.30678336,22.13011453391893,7.521657684973201,0.0,3.0,0.0,0.0,0.0,0.0,21.333430410697744,0.0,0.0,0.0,0.0
214,22,43.8014339720928,0.26988144,45.437172170221785,13.76661985366172,0.0,6.0,0.0,0.0,0.0,0.0,43.80143397209281,0.0,0.0,0.0,0.0
214,23,43.80143397209252,0.08467776,45.437172170221544,5.351488358943032,0.0,6.0,0.0,0.0,0.0,0.0,43.801433972092525,0.0,0.0,0.0,0.0
215,0,29.6,0.10029456,30.70539419087175,4.095932547717894,0.0,4.0,0.0,0.0,0.0,0.0,29.6,0.0,0.0,0.0,0.0
215,1,43.80143397209251,0.0358608,45.43717217022119,3.133383742596189,0.0,6.0,0.0,0.0,0.0,0.0,43.801433972092525,0.0,0.0,0.0,0.0
215,2,37.0,0.06327696,38.38174273858995,3.6991156846473734,0.0,6.0,0.0,0.0,0.0,0.0,37.0,0.0,0.0,0.0,0.0
215,3,22.200000000000003,0.08132304,23.02904564315392,2.6350534107884265,0.0,3.0,0.0,0.0,0.0,0.0,22.200000000000003,0.0,0.0,0.0,0.0
215,4,41.61116669937209,0.08756976,43.16511068399634,5.208723546611273,0.0,6.0,0.0,0.0,0.0,0.0,41.61116669937209,0.0,0.0,0.0,0.0
215,5,29.6,0.1707436799999999,30.705394190871427,6.259100547717851,0.0,4.0,0.0,0.0,0.0,0.0,29.6,0.0,0.0,0.0,0.0
215,6,36.667664403923375,0.2406143999999999,38.036996269630414,10.411273611744122,0.0,6.0,0.0,0.0,0.0,0.0,36.66766440392328,0.0,0.0,0.0,0.0
215,7,37.0,0.29972688,38.38174273858986,12.774475684647516,0.0,5.0,0.0,0.0,0.0,0.0,37.0,0.0,0.0,0.0,0.0
215,8,0.0,0.3175416,0.0,0.0,0.0,0.0,0.0,0.0,0.0,0.0,0.0,0.0,0.0,0.0,0.0
215,9,0.0,0.33593472,0.0,0.0,0.0,0.0,0.0,0.0,0.0,0.0,0.0,0.0,0.0,0.0,0.0
215,10,0.0,0.3488908799999999,0.0,0.0,0.0,0.0,0.0,0.0,0.0,0.0,0.0,0.0,0.0,0.0,0.0
215,11,0.0,0.30643632,0.0,0.0,0.0,0.0,0.0,0.0,0.0,0.0,0.0,0.0,0.0,0.0,0.0
215,12,0.0,0.25183536,0.0,0.0,0.0,0.0,0.0,0.0,0.0,0.0,0.0,0.0,0.0,0.0,0.0
215,13,0.0,0.20799264,0.0,0.0,0.0,0.0,0.0,0.0,0.0,0.0,0.0,0.0,0.0,0.0,0.0
215,14,0.0,0.21123168,0.0,0.0,0.0,0.0,0.0,0.0,0.0,0.0,0.0,0.0,0.0,0.0,0.0
215,15,7.4,0.30007392,7.676348547717701,2.5575591369294135,0.0,1.0,0.0,0.0,0.0,0.0,7.4,0.0,0.0,0.0,0.0
215,16,0.0,0.36855648,0.0,0.0,0.0,0.0,0.0,0.0,0.0,0.0,0.0,0.0,0.0,0.0,0.0
215,17,7.4,0.3648547199999999,7.676348547717986,3.054839136929517,0.0,1.0,0.0,0.0,0.0,0.0,7.4,0.0,0.0,0.0,0.0
215,18,43.80143397209251,0.3638136,45.437172170221096,18.034631579902268,0.0,6.0,0.0,0.0,0.0,0.0,43.801433972092525,0.0,0.0,0.0,0.0
215,19,43.801433972092575,0.34900656,45.43717217022112,17.361841554090926,0.0,6.0,0.0,0.0,0.0,0.0,43.801433972092575,0.0,0.0,0.0,0.0
215,20,36.4014339720932,0.3366288,37.76082362250382,13.96126400495999,0.0,6.0,0.0,0.0,0.0,0.0,36.4014339720932,0.0,0.0,0.0,0.0
215,21,22.200000000000003,0.31939248,23.029045643154255,8.117565410788638,0.0,3.0,0.0,0.0,0.0,0.0,22.200000000000003,0.0,0.0,0.0,0.0
215,22,36.40143397209244,0.30273456,37.76082362250303,12.681389586500911,0.0,6.0,0.0,0.0,0.0,0.0,36.40143397209244,0.0,0.0,0.0,0.0
215,23,7.4,0.2041752,7.676348547717986,1.8214071369294944,0.0,1.0,0.0,0.0,0.0,0.0,7.4,0.0,0.0,0.0,0.0
216,0,43.80143397209252,0.20116752,45.43717217022141,10.644453640130786,0.0,6.0,0.0,0.0,0.0,0.0,43.801433972092525,0.0,0.0,0.0,0.0
216,1,36.707042780956286,0.1989696,38.077845208462136,8.836710306389724,0.0,6.0,0.0,0.0,0.0,0.0,36.70704278095629,0.0,0.0,0.0,0.0
216,2,37.0,0.1862448,38.381742738589814,8.418835684647435,0.0,5.0,0.0,0.0,0.0,0.0,37.0,0.0,0.0,0.0,0.0
216,3,37.0,0.1735199999999999,38.381742738589544,7.930435684647367,0.0,5.0,0.0,0.0,0.0,0.0,37.0,0.0,0.0,0.0,0.0
216,4,43.80143397209251,0.18150192,45.43717217022108,9.750904387100011,0.0,6.0,0.0,0.0,0.0,0.0,43.801433972092525,0.0,0.0,0.0,0.0
216,5,22.140029392771986,0.2041752,22.96683546968073,5.44946047943559,0.0,3.0,0.0,0.0,0.0,0.0,22.140029392771886,0.0,0.0,0.0,0.0
216,6,36.835167016713356,0.2421182399999999,38.210754166712164,10.516296510835186,0.0,6.0,0.0,0.0,0.0,0.0,36.83516701671337,0.0,0.0,0.0,0.0
216,7,7.4,0.27231072,7.676348547717986,2.3444391369295046,0.0,1.0,0.0,0.0,0.0,0.0,7.4,0.0,0.0,0.0,0.0
216,8,0.0,0.2868864,0.0,0.0,0.0,0.0,0.0,0.0,0.0,0.0,0.0,0.0,0.0,0.0,0.0
216,9,0.0,0.2915136,0.0,0.0,0.0,0.0,0.0,0.0,0.0,0.0,0.0,0.0,0.0,0.0,0.0
216,10,0.0,0.28677072,0.0,0.0,0.0,0.0,0.0,0.0,0.0,0.0,0.0,0.0,0.0,0.0,0.0
216,11,0.0,0.2816808,0.0,0.0,0.0,0.0,0.0,0.0,0.0,0.0,0.0,0.0,0.0,0.0,0.0
216,12,0.0,0.2556528,0.0,0.0,0.0,0.0,0.0,0.0,0.0,0.0,0.0,0.0,0.0,0.0,0.0
216,13,0.0,0.23749104,0.0,0.0,0.0,0.0,0.0,0.0,0.0,0.0,0.0,0.0,0.0,0.0,0.0
216,14,0.0,0.23344224,0.0,0.0,0.0,0.0,0.0,0.0,0.0,0.0,0.0,0.0,0.0,0.0,0.0
216,15,14.8,0.23448336,15.352697095433511,4.108126273858339,0.0,2.0,0.0,0.0,0.0,0.0,14.8,0.0,0.0,0.0,0.0
216,16,0.0,0.271848,0.0,0.0,0.0,0.0,0.0,0.0,0.0,0.0,0.0,0.0,0.0,0.0,0.0
216,17,0.0,0.28734912,0.0,0.0,0.0,0.0,0.0,0.0,0.0,0.0,0.0,0.0,0.0,0.0,0.0
216,18,14.8,0.2837630399999999,15.352697095435934,4.864702273858999,0.0,2.0,0.0,0.0,0.0,0.0,14.8,0.0,0.0,0.0,0.0
216,19,35.87907817104684,0.26930304,37.218960758348,11.25512687896514,0.0,5.0,0.0,0.0,0.0,0.0,35.87907817104684,0.0,0.0,0.0,0.0
216,20,29.6,0.2420025599999999,30.705394190871868,8.447132547717978,0.0,5.0,0.0,0.0,0.0,0.0,29.6,0.0,0.0,0.0,0.0
216,21,34.40964083190508,0.2093808,35.69464816587699,8.655266842980385,0.0,6.0,0.0,0.0,0.0,0.0,34.40964083190508,0.0,0.0,0.0,0.0
216,22,7.4,0.19688736,7.676348547718022,1.765463136929502,0.0,1.0,0.0,0.0,0.0,0.0,7.4,0.0,0.0,0.0,0.0
216,23,40.745084719469446,0.1058472,42.26668539364118,5.872837588727339,0.0,6.0,0.0,0.0,0.0,0.0,40.74508471946945,0.0,0.0,0.0,0.0
217,0,29.6,0.07970352,30.705394190871942,3.4636765477179066,0.0,4.0,0.0,0.0,0.0,0.0,29.6,0.0,0.0,0.0,0.0
217,1,19.621722480619333,0.05656752,20.354483901057648,1.8251360922877649,0.0,4.0,0.0,0.0,0.0,0.0,19.621722480619333,0.0,0.0,0.0,0.0
217,2,27.75069404254268,0.0561047999999999,28.78702701508612,2.5679409874753514,0.0,4.0,0.0,0.0,0.0,0.0,27.75069404254268,0.0,0.0,0.0,0.0
217,3,22.200000000000003,0.0570302399999999,23.02904564315392,2.0756134107884145,0.0,3.0,0.0,0.0,0.0,0.0,22.200000000000003,0.0,0.0,0.0,0.0
217,4,22.200000000000003,0.08664432,23.02904564315392,2.7575974107884287,0.0,3.0,0.0,0.0,0.0,0.0,22.200000000000003,0.0,0.0,0.0,0.0
217,5,36.40143397209252,0.1479547199999999,37.76082362250581,6.8367753479421705,0.0,6.0,0.0,0.0,0.0,0.0,36.401433972092526,0.0,0.0,0.0,0.0
217,6,29.6,0.17513952,30.705394190871715,6.394076547717914,0.0,4.0,0.0,0.0,0.0,0.0,29.6,0.0,0.0,0.0,0.0
217,7,43.80143397209252,0.1865918399999999,45.43717217022132,9.982175958472709,0.0,6.0,0.0,0.0,0.0,0.0,43.801433972092525,0.0,0.0,0.0,0.0
217,8,43.801433972092525,0.19584624,45.43717217022089,10.402669724604712,0.0,6.0,0.0,0.0,0.0,0.0,43.80143397209242,0.0,0.0,0.0,0.0
217,9,37.0,0.19943232,38.38174273858958,8.924995684647387,0.0,5.0,0.0,0.0,0.0,0.0,37.0,0.0,0.0,0.0,0.0
217,10,0.0,0.19619328,0.0,0.0,0.0,0.0,0.0,0.0,0.0,0.0,0.0,0.0,0.0,0.0,0.0
217,11,0.0,0.19133472,0.0,0.0,0.0,0.0,0.0,0.0,0.0,0.0,0.0,0.0,0.0,0.0,0.0
217,12,0.0,0.18983088,0.0,0.0,0.0,0.0,0.0,0.0,0.0,0.0,0.0,0.0,0.0,0.0,0.0
217,13,0.0,0.19098768,0.0,0.0,0.0,0.0,0.0,0.0,0.0,0.0,0.0,0.0,0.0,0.0,0.0
217,14,0.0,0.19468944,0.0,0.0,0.0,0.0,0.0,0.0,0.0,0.0,0.0,0.0,0.0,0.0,0.0
217,15,12.1381283173696,0.1983912,12.591419416358464,2.91480279039612,0.0,2.0,0.0,0.0,0.0,0.0,12.138128317369652,0.0,0.0,0.0,0.0
217,16,0.0,0.2076456,0.0,0.0,0.0,0.0,0.0,0.0,0.0,0.0,0.0,0.0,0.0,0.0,0.0
217,17,0.0,0.2134296,0.0,0.0,0.0,0.0,0.0,0.0,0.0,0.0,0.0,0.0,0.0,0.0,0.0
217,18,0.0,0.21609024,0.0,0.0,0.0,0.0,0.0,0.0,0.0,0.0,0.0,0.0,0.0,0.0,0.0
217,19,14.8,0.2099592,15.352697095435934,3.731614273858982,0.0,2.0,0.0,0.0,0.0,0.0,14.8,0.0,0.0,0.0,0.0
217,20,24.551579764210302,0.20857104,25.468443738807906,6.154985285539195,0.0,5.0,0.0,0.0,0.0,0.0,24.551579764210302,0.0,0.0,0.0,0.0
217,21,25.132082232644592,0.20510064,26.070624722660718,6.210039494137606,0.0,4.0,0.0,0.0,0.0,0.0,25.1320822326446,0.0,0.0,0.0,0.0
217,22,14.8,0.19827552,15.352697095435392,3.552238273858854,0.0,2.0,0.0,0.0,0.0,0.0,14.8,0.0,0.0,0.0,0.0
217,23,19.901733555491404,0.1754865599999999,20.644951821049318,4.306259481718412,0.0,4.0,0.0,0.0,0.0,0.0,19.901733555491404,0.0,0.0,0.0,0.0
218,0,7.4,0.1709750399999999,7.676348547718409,1.5665511369295755,0.0,1.0,0.0,0.0,0.0,0.0,7.4,0.0,0.0,0.0,0.0
218,1,32.001112471529005,0.15582096,33.19617476299732,6.271453204553227,0.0,5.0,0.0,0.0,0.0,0.0,32.001112471529005,0.0,0.0,0.0,0.0
218,2,29.6,0.1498056,30.705394190871836,5.616188547717929,0.0,4.0,0.0,0.0,0.0,0.0,29.6,0.0,0.0,0.0,0.0
218,3,29.6,0.1382376,30.705394190871843,5.260988547717923,0.0,4.0,0.0,0.0,0.0,0.0,29.6,0.0,0.0,0.0,0.0
218,4,14.8,0.1277107199999999,15.352697095435897,2.4688782738589534,0.0,2.0,0.0,0.0,0.0,0.0,14.8,0.0,0.0,0.0,0.0
218,5,26.9797753729579,0.12690096,27.987318851616365,4.477997884084716,0.0,4.0,0.0,0.0,0.0,0.0,26.9797753729579,0.0,0.0,0.0,0.0
218,6,29.6,0.1457568,30.7053941908748,5.491868547718454,0.0,4.0,0.0,0.0,0.0,0.0,29.6,0.0,0.0,0.0,0.0
218,7,22.200000000000003,0.18497232,23.029045643153882,5.021997410788459,0.0,3.0,0.0,0.0,0.0,0.0,22.200000000000003,0.0,0.0,0.0,0.0
218,8,37.0,0.1885584,38.3817427385967,8.507635684648964,0.0,6.0,0.0,0.0,0.0,0.0,37.0,0.0,0.0,0.0,0.0
218,9,15.350205032567176,0.19306992,15.923449203908108,3.60140523257196,0.0,3.0,0.0,0.0,0.0,0.0,15.350205032567176,0.0,0.0,0.0,0.0
218,10,0.0,0.18959952,0.0,0.0,0.0,0.0,0.0,0.0,0.0,0.0,0.0,0.0,0.0,0.0,0.0
218,11,0.0,0.18786432,0.0,0.0,0.0,0.0,0.0,0.0,0.0,0.0,0.0,0.0,0.0,0.0,0.0
218,12,0.0,0.13546128,0.0,0.0,0.0,0.0,0.0,0.0,0.0,0.0,0.0,0.0,0.0,0.0,0.0
218,13,0.0,0.13835328,0.0,0.0,0.0,0.0,0.0,0.0,0.0,0.0,0.0,0.0,0.0,0.0,0.0
218,14,0.0,0.10515312,0.0,0.0,0.0,0.0,0.0,0.0,0.0,0.0,0.0,0.0,0.0,0.0,0.0
218,15,10.161247021499067,0.13661808,10.5407126779036,1.788949517525457,0.0,2.0,0.0,0.0,0.0,0.0,10.161247021499067,0.0,0.0,0.0,0.0
218,16,0.0,0.13580832,0.0,0.0,0.0,0.0,0.0,0.0,0.0,0.0,0.0,0.0,0.0,0.0,0.0
218,17,0.0,0.1274793599999999,0.0,0.0,0.0,0.0,0.0,0.0,0.0,0.0,0.0,0.0,0.0,0.0,0.0
218,18,0.0,0.10908624,0.0,0.0,0.0,0.0,0.0,0.0,0.0,0.0,0.0,0.0,0.0,0.0,0.0
218,19,20.455432789668667,0.05355984,21.21932861998849,1.8388636231156235,0.0,3.0,0.0,0.0,0.0,0.0,20.455432789668667,0.0,0.0,0.0,0.0
218,20,25.398707572047112,0.03886848,26.347207024945405,1.896168441830643,0.0,4.0,0.0,0.0,0.0,0.0,25.398707572047112,0.0,0.0,0.0,0.0
218,21,29.6,0.01492272,30.705394190871793,1.4745565477178626,0.0,4.0,0.0,0.0,0.0,0.0,29.6,0.0,0.0,0.0,0.0
218,22,25.31135786533048,-0.011568,26.256595295986596,0.5653570099131833,0.0,4.0,0.0,0.0,0.0,0.0,25.31135786533048,0.0,0.0,0.0,0.0
218,23,15.147574187964901,-0.00219792,15.713251232329021,0.48557214664153,0.0,3.0,0.0,0.0,0.0,0.0,15.147574187964901,0.0,0.0,0.0,0.0
219,0,22.200000000000003,-0.0138816,23.029045643154294,0.44258141078839636,0.0,3.0,0.0,0.0,0.0,0.0,22.200000000000003,0.0,0.0,0.0,0.0
219,1,36.00842966294869,-0.02394576,37.353142803890584,0.34193963398108723,0.0,6.0,0.0,0.0,0.0,0.0,36.0084296629487,0.0,0.0,0.0,0.0
219,2,28.371908016846447,-0.0293827199999999,29.43143985150422,0.10940490273120247,0.0,5.0,0.0,0.0,0.0,0.0,28.371908016846348,0.0,0.0,0.0,0.0
219,3,27.27358431463837,-0.02753184,28.292099911451537,0.15753493904294796,0.0,4.0,0.0,0.0,0.0,0.0,27.273584314638377,0.0,0.0,0.0,0.0
219,4,22.200000000000003,-0.01943424,23.029045643154525,0.3147094107883953,0.0,3.0,0.0,0.0,0.0,0.0,22.200000000000003,0.0,0.0,0.0,0.0
219,5,41.8917791037576,0.00011568,43.456202389790406,1.4434273125945134,0.0,6.0,0.0,0.0,0.0,0.0,41.891779103757614,0.0,0.0,0.0,0.0
219,6,7.4,0.0266064,7.676348547717986,0.4583271369294691,0.0,1.0,0.0,0.0,0.0,0.0,7.4,0.0,0.0,0.0,0.0
219,7,7.4,0.0508992,7.67634854771754,0.6448071369294351,0.0,1.0,0.0,0.0,0.0,0.0,7.4,0.0,0.0,0.0,0.0
219,8,0.0,0.0573772799999999,0.0,0.0,0.0,0.0,0.0,0.0,0.0,0.0,0.0,0.0,0.0,0.0,0.0
219,9,0.0,0.04708176,0.0,0.0,0.0,0.0,0.0,0.0,0.0,0.0,0.0,0.0,0.0,0.0,0.0
219,10,0.0,0.011568,0.0,0.0,0.0,0.0,0.0,0.0,0.0,0.0,0.0,0.0,0.0,0.0,0.0
219,11,0.0,-0.00011568,0.0,0.0,0.0,0.0,0.0,0.0,0.0,0.0,0.0,0.0,0.0,0.0,0.0
219,12,0.0,-0.00937008,0.0,0.0,0.0,0.0,0.0,0.0,0.0,0.0,0.0,0.0,0.0,0.0,0.0
219,13,0.0,-0.01284048,0.0,0.0,0.0,0.0,0.0,0.0,0.0,0.0,0.0,0.0,0.0,0.0,0.0
219,14,0.0,-0.01318752,0.0,0.0,0.0,0.0,0.0,0.0,0.0,0.0,0.0,0.0,0.0,0.0,0.0
219,15,7.4,-0.0104111999999999,7.676348547717701,0.17416713692945815,0.0,1.0,0.0,0.0,0.0,0.0,7.4,0.0,0.0,0.0,0.0
219,16,0.0,-0.00046272,0.0,0.0,0.0,0.0,0.0,0.0,0.0,0.0,0.0,0.0,0.0,0.0,0.0
219,17,0.0,0.00902304,0.0,0.0,0.0,0.0,0.0,0.0,0.0,0.0,0.0,0.0,0.0,0.0,0.0
219,18,27.296978509415716,0.03389424,28.316367748356875,1.89703353686168,0.0,4.0,0.0,0.0,0.0,0.0,27.296978509415716,0.0,0.0,0.0,0.0
219,19,20.595094461643136,0.0163108799999999,21.36420587307363,1.055624212689734,0.0,4.0,0.0,0.0,0.0,0.0,20.595094461643033,0.0,0.0,0.0,0.0
219,20,30.399784448158613,0.00821328,31.53504610804886,1.3028161896747328,0.0,5.0,0.0,0.0,0.0,0.0,30.399784448158613,0.0,0.0,0.0,0.0
219,21,14.8,0.00011568,15.352697095437755,0.5099502738589898,0.0,2.0,0.0,0.0,0.0,0.0,14.8,0.0,0.0,0.0,0.0
219,22,14.8,-0.00208224,15.352697095435897,0.4762062738589277,0.0,2.0,0.0,0.0,0.0,0.0,14.8,0.0,0.0,0.0,0.0
219,23,40.12416806739772,-0.04951104,41.62258098277789,-0.6830698414116072,0.0,6.0,0.0,0.0,0.0,0.0,40.12416806739773,0.0,0.0,0.0,0.0
220,0,38.021209890261474,-0.0697550399999999,39.44108909778169,-1.4457146985227474,0.0,6.0,0.0,0.0,0.0,0.0,38.02120989026137,0.0,0.0,0.0,0.0
220,1,33.975730096257394,-0.0717216,35.24453329487328,-1.3612002671012777,0.0,5.0,0.0,0.0,0.0,0.0,33.9757300962574,0.0,0.0,0.0,0.0
220,2,29.6,-0.06848256,30.705394190871523,-1.0864354522821629,0.0,4.0,0.0,0.0,0.0,0.0,29.6,0.0,0.0,0.0,0.0
220,3,29.6,-0.0587654399999999,30.70539419087477,-0.7880674522822418,0.0,5.0,0.0,0.0,0.0,0.0,29.6,0.0,0.0,0.0,0.0
220,4,43.80143397209252,-0.0397939199999999,45.43717217022109,-0.30415279553368185,0.0,6.0,0.0,0.0,0.0,0.0,43.801433972092525,0.0,0.0,0.0,0.0
220,5,43.80143397209259,-0.01954992,45.43717217022138,0.6156773178802732,0.0,6.0,0.0,0.0,0.0,0.0,43.80143397209259,0.0,0.0,0.0,0.0
220,6,29.4012243640341,-0.00150384,30.499195398375974,0.963657457678351,0.0,4.0,0.0,0.0,0.0,0.0,29.4012243640341,0.0,0.0,0.0,0.0
220,7,7.4,-0.0067094399999999,7.676348547717948,0.2025831369294641,0.0,1.0,0.0,0.0,0.0,0.0,7.4,0.0,0.0,0.0,0.0
220,8,0.0,-0.0304238399999999,0.0,0.0,0.0,0.0,0.0,0.0,0.0,0.0,0.0,0.0,0.0,0.0,0.0
220,9,0.0,-0.06061632,0.0,0.0,0.0,0.0,0.0,0.0,0.0,0.0,0.0,0.0,0.0,0.0,0.0
220,10,0.0,-0.07195296,0.0,0.0,0.0,0.0,0.0,0.0,0.0,0.0,0.0,0.0,0.0,0.0,0.0
220,11,0.0,-0.07195296,0.0,0.0,0.0,0.0,0.0,0.0,0.0,0.0,0.0,0.0,0.0,0.0,0.0
220,12,0.0,-0.07843104,0.0,0.0,0.0,0.0,0.0,0.0,0.0,0.0,0.0,0.0,0.0,0.0,0.0
220,13,0.0,-0.11579568,0.0,0.0,0.0,0.0,0.0,0.0,0.0,0.0,0.0,0.0,0.0,0.0,0.0
220,14,0.0,-0.1341888,0.0,0.0,0.0,0.0,0.0,0.0,0.0,0.0,0.0,0.0,0.0,0.0,0.0
220,15,7.4,-0.06582192,7.676348547717862,-0.2511848630705401,0.0,1.0,0.0,0.0,0.0,0.0,7.4,0.0,0.0,0.0,0.0
220,16,0.0,-0.03100224,0.0,0.0,0.0,0.0,0.0,0.0,0.0,0.0,0.0,0.0,0.0,0.0,0.0
220,17,0.1369344055953888,-0.02394576,0.14204813858442822,0.0,1.2642284334014111,0.0,0.0,0.0,0.0,1.0,0.0,0.0,0.0,0.0,0.1369344055953888
220,18,38.73004648187516,-0.0242928,40.17639676543106,0.35384156159250435,0.0,6.0,0.0,0.0,0.0,0.0,38.73004648187518,0.0,0.0,0.0,0.0
220,19,29.001433972092514,-0.02880432,30.084475074785125,0.12923327788925282,0.0,6.0,0.0,0.0,0.0,0.0,29.001433972092528,0.0,0.0,0.0,0.0
220,20,37.0,-0.03493536,38.381742738589345,-0.07044431535269739,0.0,6.0,0.0,0.0,0.0,0.0,37.0,0.0,0.0,0.0,0.0
220,21,31.594858180091748,-0.04904832,32.774749149473266,-0.5227021873555275,0.0,5.0,0.0,0.0,0.0,0.0,31.594858180091748,0.0,0.0,0.0,0.0
220,22,31.899923581917896,-0.0584183999999999,33.09120703518493,-0.8378164161996228,0.0,5.0,0.0,0.0,0.0,0.0,31.899923581917896,0.0,0.0,0.0,0.0
220,23,34.67625572516229,-0.0618888,35.97121963191148,-1.0355682477391734,0.0,6.0,0.0,0.0,0.0,0.0,34.67625572516229,0.0,0.0,0.0,0.0
221,0,39.55752609287599,-0.06235152,41.034778104643486,-1.200329632423541,0.0,6.0,0.0,0.0,0.0,0.0,39.557526092876,0.0,0.0,0.0,0.0
221,1,22.200000000000003,-0.0704491199999999,23.029045643153935,-0.8601145892116315,0.0,3.0,0.0,0.0,0.0,0.0,22.200000000000003,0.0,0.0,0.0,0.0
221,2,36.40143397209252,-0.0711432,37.76082362250291,-1.436542565235603,0.0,6.0,0.0,0.0,0.0,0.0,36.401433972092526,0.0,0.0,0.0,0.0
221,3,29.6,-0.06026928,30.705394190872045,-0.834243452282176,0.0,4.0,0.0,0.0,0.0,0.0,29.6,0.0,0.0,0.0,0.0
221,4,36.35376970833198,-0.05055216,37.71137936549035,-0.6581450265072362,0.0,5.0,0.0,0.0,0.0,0.0,36.35376970833198,0.0,0.0,0.0,0.0
221,5,36.938620979160504,-0.023136,38.31807155514626,0.3818012649754773,0.0,6.0,0.0,0.0,0.0,0.0,36.93862097916051,0.0,0.0,0.0,0.0
221,6,43.80143397209251,0.0003470399999999,45.43717217022112,1.5197389150642677,0.0,6.0,0.0,0.0,0.0,0.0,43.801433972092525,0.0,0.0,0.0,0.0
221,7,29.6,0.01827744,30.705394190871868,1.5775645477178677,0.0,4.0,0.0,0.0,0.0,0.0,29.6,0.0,0.0,0.0,0.0
221,8,0.0,0.02510256,0.0,0.0,0.0,0.0,0.0,0.0,0.0,0.0,0.0,0.0,0.0,0.0,0.0
221,9,0.0,0.01607952,0.0,0.0,0.0,0.0,0.0,0.0,0.0,0.0,0.0,0.0,0.0,0.0,0.0
221,10,0.0,0.01712064,0.0,0.0,0.0,0.0,0.0,0.0,0.0,0.0,0.0,0.0,0.0,0.0,0.0
221,11,0.0,0.0108739199999999,0.0,0.0,0.0,0.0,0.0,0.0,0.0,0.0,0.0,0.0,0.0,0.0,0.0
221,12,0.0,0.01550112,0.0,0.0,0.0,0.0,0.0,0.0,0.0,0.0,0.0,0.0,0.0,0.0,0.0
221,13,0.0,0.03019248,0.0,0.0,0.0,0.0,0.0,0.0,0.0,0.0,0.0,0.0,0.0,0.0,0.0
221,14,0.0,0.02556528,0.0,0.0,0.0,0.0,0.0,0.0,0.0,0.0,0.0,0.0,0.0,0.0,0.0
221,15,29.6,0.04708176,30.7053941908723,2.462012547717917,0.0,4.0,0.0,0.0,0.0,0.0,29.6,0.0,0.0,0.0,0.0
221,16,0.0,0.09208128,0.0,0.0,0.0,0.0,0.0,0.0,0.0,0.0,0.0,0.0,0.0,0.0,0.0
221,17,0.0,0.1738670399999999,0.0,0.0,0.0,0.0,0.0,0.0,0.0,0.0,0.0,0.0,0.0,0.0,0.0
221,18,14.8,0.16843008,15.352697095435897,3.094030273858964,0.0,3.0,0.0,0.0,0.0,0.0,14.8,0.0,0.0,0.0,0.0
221,19,43.40686478309418,0.11637408,45.02786803225739,6.730499148483082,0.0,6.0,0.0,0.0,0.0,0.0,43.40686478309419,0.0,0.0,0.0,0.0
221,20,43.80143397209251,0.12562848,45.43717217022327,7.2121732740778395,0.0,6.0,0.0,0.0,0.0,0.0,43.801433972092525,0.0,0.0,0.0,0.0
221,21,28.376312623707463,0.1115155199999999,29.43600894575558,4.256903740415091,0.0,5.0,0.0,0.0,0.0,0.0,28.376312623707463,0.0,0.0,0.0,0.0
221,22,43.80143397209251,0.07426656,45.437172170221054,4.878432872044369,0.0,6.0,0.0,0.0,0.0,0.0,43.801433972092525,0.0,0.0,0.0,0.0
221,23,43.80143397209186,0.0705648,45.43717217022035,4.710235365591458,0.0,6.0,0.0,0.0,0.0,0.0,43.80143397209186,0.0,0.0,0.0,0.0
222,0,36.40143397209034,0.07033344,37.7608236225028,3.9057318845087257,0.0,5.0,0.0,0.0,0.0,0.0,36.40143397209034,0.0,0.0,0.0,0.0
222,1,37.0,0.0670944,38.38174273858977,3.8456356846473585,0.0,5.0,0.0,0.0,0.0,0.0,37.0,0.0,0.0,0.0,0.0
222,2,37.0,0.06281424,38.381742738590525,3.681355684647428,0.0,5.0,0.0,0.0,0.0,0.0,37.0,0.0,0.0,0.0,0.0
222,3,29.6,0.06987072,30.70539419087183,3.1617565477178893,0.0,4.0,0.0,0.0,0.0,0.0,29.6,0.0,0.0,0.0,0.0
222,4,22.200000000000003,0.09208128,23.029045643154127,2.882805410788457,0.0,3.0,0.0,0.0,0.0,0.0,22.200000000000003,0.0,0.0,0.0,0.0
222,5,40.54081807287228,0.15420144,42.05479053202585,7.876922825546807,0.0,6.0,0.0,0.0,0.0,0.0,40.54081807287229,0.0,0.0,0.0,0.0
222,6,37.0,0.19931664,38.381742738589814,8.920555684647443,0.0,6.0,0.0,0.0,0.0,0.0,37.0,0.0,0.0,0.0,0.0
222,7,22.200000000000003,0.24686112,23.029045643153882,6.447237410788482,0.0,3.0,0.0,0.0,0.0,0.0,22.200000000000003,0.0,0.0,0.0,0.0
222,8,14.8,0.26965008,15.352697095435971,4.648030273859009,0.0,2.0,0.0,0.0,0.0,0.0,14.8,0.0,0.0,0.0,0.0
222,9,0.0,0.26745216,0.0,0.0,0.0,0.0,0.0,0.0,0.0,0.0,0.0,0.0,0.0,0.0,0.0
222,10,0.0,0.2651385599999999,0.0,0.0,0.0,0.0,0.0,0.0,0.0,0.0,0.0,0.0,0.0,0.0,0.0
222,11,0.0,0.211116,0.0,0.0,0.0,0.0,0.0,0.0,0.0,0.0,0.0,0.0,0.0,0.0,0.0
222,12,0.0,0.20833968,0.0,0.0,0.0,0.0,0.0,0.0,0.0,0.0,0.0,0.0,0.0,0.0,0.0
222,13,0.0,0.1945737599999999,0.0,0.0,0.0,0.0,0.0,0.0,0.0,0.0,0.0,0.0,0.0,0.0,0.0
222,14,0.0,0.1959619199999999,0.0,0.0,0.0,0.0,0.0,0.0,0.0,0.0,0.0,0.0,0.0,0.0,0.0
222,15,7.4,0.20382816,7.676348547713574,1.8187431369284492,0.0,1.0,0.0,0.0,0.0,0.0,7.4,0.0,0.0,0.0,0.0
222,16,0.0,0.21435504,0.0,0.0,0.0,0.0,0.0,0.0,0.0,0.0,0.0,0.0,0.0,0.0,0.0
222,17,0.0,0.21678432,0.0,0.0,0.0,0.0,0.0,0.0,0.0,0.0,0.0,0.0,0.0,0.0,0.0
222,18,22.200000000000003,0.21192576,23.029045643153843,5.642709410788459,0.0,3.0,0.0,0.0,0.0,0.0,22.200000000000003,0.0,0.0,0.0,0.0
222,19,43.80143397209252,0.20787696,45.437172170221096,10.949311620576482,0.0,6.0,0.0,0.0,0.0,0.0,43.801433972092525,0.0,0.0,0.0,0.0
222,20,14.8,0.19619328,15.35269709543619,3.520270273859037,0.0,2.0,0.0,0.0,0.0,0.0,14.8,0.0,0.0,0.0,0.0
222,21,14.8,0.1619519999999999,15.352697095435971,2.9945742738589756,0.0,2.0,0.0,0.0,0.0,0.0,14.8,0.0,0.0,0.0,0.0
222,22,29.6,0.11521728,30.705394190872276,4.554140547717976,0.0,4.0,0.0,0.0,0.0,0.0,29.6,0.0,0.0,0.0,0.0
222,23,29.6,0.15859728,30.70539419087222,5.886140547718005,0.0,4.0,0.0,0.0,0.0,0.0,29.6,0.0,0.0,0.0,0.0
223,0,29.6,0.1536230399999999,30.705394190871868,5.733404547717932,0.0,4.0,0.0,0.0,0.0,0.0,29.6,0.0,0.0,0.0,0.0
223,1,14.8,0.13280064,15.352697095435971,2.5470222738589685,0.0,2.0,0.0,0.0,0.0,0.0,14.8,0.0,0.0,0.0,0.0
223,2,43.80143397209251,0.1228521599999999,45.43717217022322,7.086025144238194,0.0,6.0,0.0,0.0,0.0,0.0,43.801433972092525,0.0,0.0,0.0,0.0
223,3,41.57730525806784,0.12967728,43.129984707539855,7.020581597134933,0.0,6.0,0.0,0.0,0.0,0.0,41.57730525806784,0.0,0.0,0.0,0.0
223,4,37.0,0.15477984,38.3817427385884,7.21115568464715,0.0,5.0,0.0,0.0,0.0,0.0,37.0,0.0,0.0,0.0,0.0
223,5,36.54233673042782,0.19908528,37.906988309572924,8.801444694614915,0.0,6.0,0.0,0.0,0.0,0.0,36.54233673042768,0.0,0.0,0.0,0.0
223,6,41.63853266240611,0.22627008,43.19349861245681,11.203101190592811,0.0,6.0,0.0,0.0,0.0,0.0,41.63853266240612,0.0,0.0,0.0,0.0
223,7,7.4,0.26976576,7.676348547717948,2.324903136929493,0.0,1.0,0.0,0.0,0.0,0.0,7.4,0.0,0.0,0.0,0.0
223,8,0.0,0.2734675199999999,0.0,0.0,0.0,0.0,0.0,0.0,0.0,0.0,0.0,0.0,0.0,0.0,0.0
223,9,0.0,0.27277344,0.0,0.0,0.0,0.0,0.0,0.0,0.0,0.0,0.0,0.0,0.0,0.0,0.0
223,10,0.0,0.23205408,0.0,0.0,0.0,0.0,0.0,0.0,0.0,0.0,0.0,0.0,0.0,0.0,0.0
223,11,0.0,0.22511328,0.0,0.0,0.0,0.0,0.0,0.0,0.0,0.0,0.0,0.0,0.0,0.0,0.0
223,12,0.0,0.20672016,0.0,0.0,0.0,0.0,0.0,0.0,0.0,0.0,0.0,0.0,0.0,0.0,0.0
223,13,0.0,0.21447072,0.0,0.0,0.0,0.0,0.0,0.0,0.0,0.0,0.0,0.0,0.0,0.0,0.0
223,14,0.0,0.21528048,0.0,0.0,0.0,0.0,0.0,0.0,0.0,0.0,0.0,0.0,0.0,0.0,0.0
223,15,29.6,0.21990768,30.705394190868645,7.768700547717153,0.0,4.0,0.0,0.0,0.0,0.0,29.6,0.0,0.0,0.0,0.0
223,16,0.0,0.23031888,0.0,0.0,0.0,0.0,0.0,0.0,0.0,0.0,0.0,0.0,0.0,0.0,0.0
223,17,0.0,0.2643288,0.0,0.0,0.0,0.0,0.0,0.0,0.0,0.0,0.0,0.0,0.0,0.0,0.0
223,18,0.0,0.2726577599999999,0.0,0.0,0.0,0.0,0.0,0.0,0.0,0.0,0.0,0.0,0.0,0.0,0.0
223,19,43.80143397209252,0.22627008,45.43717217022098,11.78504298076399,0.0,6.0,0.0,0.0,0.0,0.0,43.801433972092525,0.0,0.0,0.0,0.0
223,20,43.80143397209252,0.2116944,45.437172170221345,11.122765299106032,0.0,6.0,0.0,0.0,0.0,0.0,43.801433972092525,0.0,0.0,0.0,0.0
223,21,27.696810437771695,0.19364832,28.731131159514682,6.514735722119607,0.0,4.0,0.0,0.0,0.0,0.0,27.696810437771695,0.0,0.0,0.0,0.0
223,22,29.6,0.16287744,30.705394190872624,6.017564547718088,0.0,4.0,0.0,0.0,0.0,0.0,29.6,0.0,0.0,0.0,0.0
223,23,33.50360123430154,0.1536230399999999,34.754773064632275,6.48951688113825,0.0,5.0,0.0,0.0,0.0,0.0,33.50360123430154,0.0,0.0,0.0,0.0
224,0,22.200000000000003,0.13233792,23.02904564315288,3.8098774107882747,0.0,3.0,0.0,0.0,0.0,0.0,22.200000000000003,0.0,0.0,0.0,0.0
224,1,34.79080743183785,0.1182249599999999,36.09004920315176,5.461325252064968,0.0,6.0,0.0,0.0,0.0,0.0,34.79080743183786,0.0,0.0,0.0,0.0
224,2,22.200000000000003,0.09983184,23.029045643153854,3.0612934107884247,0.0,3.0,0.0,0.0,0.0,0.0,22.200000000000003,0.0,0.0,0.0,0.0
224,3,6.106987115288636,0.0865286399999999,6.3350488747807425,0.7578532812235499,0.0,1.0,0.0,0.0,0.0,0.0,6.106987115288636,0.0,0.0,0.0,0.0
224,4,22.200000000000003,0.05784,23.02904564315604,2.09426141078861,0.0,3.0,0.0,0.0,0.0,0.0,22.200000000000003,0.0,0.0,0.0,0.0
224,5,29.6,0.06177312,30.70539419087187,2.9131165477178897,0.0,4.0,0.0,0.0,0.0,0.0,29.6,0.0,0.0,0.0,0.0
224,6,14.8,0.0931224,15.352697095435971,1.937854273858957,0.0,2.0,0.0,0.0,0.0,0.0,14.8,0.0,0.0,0.0,0.0
224,7,7.4,0.12192672,7.676348547717948,1.1900391369294772,0.0,1.0,0.0,0.0,0.0,0.0,7.4,0.0,0.0,0.0,0.0
224,8,43.05069282931293,0.1486488,44.65839505115448,8.116609710473263,0.0,6.0,0.0,0.0,0.0,0.0,43.05069282931293,0.0,0.0,0.0,0.0
224,9,43.08487647282034,0.15593664,44.69385526226212,8.448776227424348,0.0,6.0,0.0,0.0,0.0,0.0,43.08487647282034,0.0,0.0,0.0,0.0
224,10,7.4,0.13800624,7.676348547718068,1.3134711369294991,0.0,1.0,0.0,0.0,0.0,0.0,7.4,0.0,0.0,0.0,0.0
224,11,0.0,0.12597552,0.0,0.0,0.0,0.0,0.0,0.0,0.0,0.0,0.0,0.0,0.0,0.0,0.0
224,12,0.0,0.11695248,0.0,0.0,0.0,0.0,0.0,0.0,0.0,0.0,0.0,0.0,0.0,0.0,0.0
224,13,0.0,0.069408,0.0,0.0,0.0,0.0,0.0,0.0,0.0,0.0,0.0,0.0,0.0,0.0,0.0
224,14,0.0,0.0800505599999999,0.0,0.0,0.0,0.0,0.0,0.0,0.0,0.0,0.0,0.0,0.0,0.0,0.0
224,15,7.4,0.17664336,7.676348547718037,1.6100631369295013,0.0,1.0,0.0,0.0,0.0,0.0,7.4,0.0,0.0,0.0,0.0
224,16,0.0,0.2015145599999999,0.0,0.0,0.0,0.0,0.0,0.0,0.0,0.0,0.0,0.0,0.0,0.0,0.0
224,17,0.0,0.20752992,0.0,0.0,0.0,0.0,0.0,0.0,0.0,0.0,0.0,0.0,0.0,0.0,0.0
224,18,0.0,0.20683584,0.0,0.0,0.0,0.0,0.0,0.0,0.0,0.0,0.0,0.0,0.0,0.0,0.0
224,19,14.8,0.19769712,15.352697095435897,3.54335827385897,0.0,2.0,0.0,0.0,0.0,0.0,14.8,0.0,0.0,0.0,0.0
224,20,43.80143397209251,0.1862448,45.437172170221416,9.96640744224278,0.0,6.0,0.0,0.0,0.0,0.0,43.801433972092525,0.0,0.0,0.0,0.0
224,21,32.40858781066523,0.16981824,33.61886702351212,6.821881327205116,0.0,5.0,0.0,0.0,0.0,0.0,32.408587810665246,0.0,0.0,0.0,0.0
224,22,14.8,0.15408576,15.352697095439652,2.8738062738596635,0.0,2.0,0.0,0.0,0.0,0.0,14.8,0.0,0.0,0.0,0.0
224,23,33.99309583560526,0.1174152,35.26254754730883,5.307549396592697,0.0,5.0,0.0,0.0,0.0,0.0,33.99309583560526,0.0,0.0,0.0,0.0
225,0,14.8,0.1223894399999999,15.352697095436486,2.3871822738590445,0.0,2.0,0.0,0.0,0.0,0.0,14.8,0.0,0.0,0.0,0.0
225,1,14.8,0.12389328,15.352697095435971,2.410270273858966,0.0,2.0,0.0,0.0,0.0,0.0,14.8,0.0,0.0,0.0,0.0
225,2,14.8,0.13002432,15.352697095435708,2.504398273858925,0.0,2.0,0.0,0.0,0.0,0.0,14.8,0.0,0.0,0.0,0.0
225,3,43.80143397209251,0.13661808,45.4371721702211,7.711509621359358,0.0,6.0,0.0,0.0,0.0,0.0,43.801433972092525,0.0,0.0,0.0,0.0
225,4,14.8,0.1075824,15.352697095435897,2.159854273858951,0.0,2.0,0.0,0.0,0.0,0.0,14.8,0.0,0.0,0.0,0.0
225,5,37.0,0.12134832,38.381742738590056,5.927995684647433,0.0,5.0,0.0,0.0,0.0,0.0,37.0,0.0,0.0,0.0,0.0
225,6,22.200000000000003,0.15316032,23.029045643154074,4.289397410788483,0.0,3.0,0.0,0.0,0.0,0.0,22.200000000000003,0.0,0.0,0.0,0.0
225,7,41.70872882756065,0.1838155199999999,43.2663162111639,9.385135479429042,0.0,6.0,0.0,0.0,0.0,0.0,41.70872882756068,0.0,0.0,0.0,0.0
225,8,36.00686478309401,0.19677168,37.351519484537576,8.586056534463385,0.0,5.0,0.0,0.0,0.0,0.0,36.00686478309401,0.0,0.0,0.0,0.0
225,9,29.6,0.1827744,30.705394190871637,6.6285085477178995,0.0,4.0,0.0,0.0,0.0,0.0,29.6,0.0,0.0,0.0,0.0
225,10,7.4,0.1595227199999999,7.676348547717948,1.47863913692948,0.0,1.0,0.0,0.0,0.0,0.0,7.4,0.0,0.0,0.0,0.0
225,11,0.0,0.06952368,0.0,0.0,0.0,0.0,0.0,0.0,0.0,0.0,0.0,0.0,0.0,0.0,0.0
225,12,0.0,0.0127248,0.0,0.0,0.0,0.0,0.0,0.0,0.0,0.0,0.0,0.0,0.0,0.0,0.0
225,13,0.0,0.01746768,0.0,0.0,0.0,0.0,0.0,0.0,0.0,0.0,0.0,0.0,0.0,0.0,0.0
225,14,0.0,0.0800505599999999,0.0,0.0,0.0,0.0,0.0,0.0,0.0,0.0,0.0,0.0,0.0,0.0,0.0
225,15,0.0,0.19989504,0.0,0.0,0.0,0.0,0.0,0.0,0.0,0.0,0.0,0.0,0.0,0.0,0.0
225,16,0.0,0.2232624,0.0,0.0,0.0,0.0,0.0,0.0,0.0,0.0,0.0,0.0,0.0,0.0,0.0
225,17,0.0,0.22522896,0.0,0.0,0.0,0.0,0.0,0.0,0.0,0.0,0.0,0.0,0.0,0.0,0.0
225,18,0.0,0.22546032,0.0,0.0,0.0,0.0,0.0,0.0,0.0,0.0,0.0,0.0,0.0,0.0,0.0
225,19,37.0,0.21585888,38.381742738592244,9.555475684648059,0.0,5.0,0.0,0.0,0.0,0.0,37.0,0.0,0.0,0.0,0.0
225,20,43.80143397209252,0.21030624,45.437172170221096,11.059691234186156,0.0,6.0,0.0,0.0,0.0,0.0,43.801433972092525,0.0,0.0,0.0,0.0
225,21,36.40143397209034,0.19885392,37.76082362250085,8.758771061667673,0.0,6.0,0.0,0.0,0.0,0.0,36.40143397209034,0.0,0.0,0.0,0.0
225,22,29.6,0.1638028799999999,30.705394190871964,6.0459805477179565,0.0,5.0,0.0,0.0,0.0,0.0,29.6,0.0,0.0,0.0,0.0
225,23,0.0,0.17895696,0.0,0.0,0.0,0.0,0.0,0.0,0.0,0.0,0.0,0.0,0.0,0.0,0.0
226,0,41.92949503122296,0.1688927999999999,43.49532679587474,8.785742846413761,0.0,6.0,0.0,0.0,0.0,0.0,41.92949503122297,0.0,0.0,0.0,0.0
226,1,22.200000000000003,0.1647283199999999,23.02904564315405,4.555797410788482,0.0,3.0,0.0,0.0,0.0,0.0,22.200000000000003,0.0,0.0,0.0,0.0
226,2,24.67200761618645,0.16391856,25.593368896461755,5.042368685529684,0.0,4.0,0.0,0.0,0.0,0.0,24.67200761618634,0.0,0.0,0.0,0.0
226,3,33.406693997868025,0.16843008,34.654246885754944,6.983873147225945,0.0,5.0,0.0,0.0,0.0,0.0,33.406693997868025,0.0,0.0,0.0,0.0
226,4,22.200000000000003,0.18601344,23.029045643154006,5.045973410788487,0.0,4.0,0.0,0.0,0.0,0.0,22.200000000000003,0.0,0.0,0.0,0.0
226,5,41.48260645059682,0.21123168,43.031749430080225,10.514019631590545,0.0,6.0,0.0,0.0,0.0,0.0,41.482606450596826,0.0,0.0,0.0,0.0
226,6,7.4,0.28272192,7.676348547717948,2.4243591369294943,0.0,1.0,0.0,0.0,0.0,0.0,7.4,0.0,0.0,0.0,0.0
226,7,0.0,1.1727638399999998,0.0,0.0,0.0,0.0,0.0,0.0,0.0,0.0,0.0,0.0,0.0,0.0,0.0
226,8,0.0,0.2990328,0.0,0.0,0.0,0.0,0.0,0.0,0.0,0.0,0.0,0.0,0.0,0.0,0.0
226,9,0.0,0.28538256,0.0,0.0,0.0,0.0,0.0,0.0,0.0,0.0,0.0,0.0,0.0,0.0,0.0
226,10,0.0,0.28214352,0.0,0.0,0.0,0.0,0.0,0.0,0.0,0.0,0.0,0.0,0.0,0.0,0.0
226,11,0.0,0.27959856,0.0,0.0,0.0,0.0,0.0,0.0,0.0,0.0,0.0,0.0,0.0,0.0,0.0
226,12,0.0,0.26710512,0.0,0.0,0.0,0.0,0.0,0.0,0.0,0.0,0.0,0.0,0.0,0.0,0.0
226,13,0.0,0.2591232,0.0,0.0,0.0,0.0,0.0,0.0,0.0,0.0,0.0,0.0,0.0,0.0,0.0
226,14,0.0,0.24963744,0.0,0.0,0.0,0.0,0.0,0.0,0.0,0.0,0.0,0.0,0.0,0.0,0.0
226,15,7.4,0.2657169599999999,7.676348547717761,2.2938231369294355,0.0,2.0,0.0,0.0,0.0,0.0,7.4,0.0,0.0,0.0,0.0
226,16,0.0,0.28237488,0.0,0.0,0.0,0.0,0.0,0.0,0.0,0.0,0.0,0.0,0.0,0.0,0.0
226,17,0.0,0.32367264,0.0,0.0,0.0,0.0,0.0,0.0,0.0,0.0,0.0,0.0,0.0,0.0,0.0
226,18,29.6,0.28538256,30.70539419087187,9.779132547718003,0.0,4.0,0.0,0.0,0.0,0.0,29.6,0.0,0.0,0.0,0.0
226,19,43.694664081036116,0.28434144,45.32641502182284,14.388482454565073,0.0,6.0,0.0,0.0,0.0,0.0,43.694664081036116,0.0,0.0,0.0,0.0
226,20,37.0,0.254496,38.381742738589324,11.03843568464734,0.0,5.0,0.0,0.0,0.0,0.0,37.0,0.0,0.0,0.0,0.0
226,21,7.4,0.21215712,7.676348547717986,1.8826791369294957,0.0,2.0,0.0,0.0,0.0,0.0,7.4,0.0,0.0,0.0,0.0
226,22,39.08409215291972,0.1897152,40.54366405904688,9.033744616049344,0.0,6.0,0.0,0.0,0.0,0.0,39.08409215291972,0.0,0.0,0.0,0.0
226,23,37.0,0.19711872,38.38174273858774,8.836195684646963,0.0,5.0,0.0,0.0,0.0,0.0,37.0,0.0,0.0,0.0,0.0
227,0,37.0,0.185088,38.38174273859003,8.37443568464748,0.0,5.0,0.0,0.0,0.0,0.0,37.0,0.0,0.0,0.0,0.0
227,1,37.0,0.17224752,38.38174273859185,7.881595684647843,0.0,5.0,0.0,0.0,0.0,0.0,37.0,0.0,0.0,0.0,0.0
227,2,22.200000000000003,0.17560224,23.029045643154102,4.8062134107885015,0.0,3.0,0.0,0.0,0.0,0.0,22.200000000000003,0.0,0.0,0.0,0.0
227,3,14.8,0.17710608,15.352697095435934,3.2272302738589733,0.0,4.0,0.0,0.0,0.0,0.0,14.8,0.0,0.0,0.0,0.0
227,4,36.40143397209229,0.2007048,37.76082362250287,8.82866181489456,0.0,5.0,0.0,0.0,0.0,0.0,36.40143397209229,0.0,0.0,0.0,0.0
227,5,42.88502787415792,0.22175856,44.48654343792358,11.337776399966653,0.0,6.0,0.0,0.0,0.0,0.0,42.885027874157934,0.0,0.0,0.0,0.0
227,6,40.759954345048186,0.26444448,42.28211031644063,12.580808527407962,0.0,6.0,0.0,0.0,0.0,0.0,40.759954345048186,0.0,0.0,0.0,0.0
227,7,24.726198069547458,0.30377568,25.649583059696887,8.64072073495187,0.0,4.0,0.0,0.0,0.0,0.0,24.726198069547458,0.0,0.0,0.0,0.0
227,8,0.0,0.32320992,0.0,0.0,0.0,0.0,0.0,0.0,0.0,0.0,0.0,0.0,0.0,0.0,0.0
227,9,0.0,0.3004209599999999,0.0,0.0,0.0,0.0,0.0,0.0,0.0,0.0,0.0,0.0,0.0,0.0,0.0
227,10,0.0,0.2844571199999999,0.0,0.0,0.0,0.0,0.0,0.0,0.0,0.0,0.0,0.0,0.0,0.0,0.0
227,11,0.0,0.2758968,0.0,0.0,0.0,0.0,0.0,0.0,0.0,0.0,0.0,0.0,0.0,0.0,0.0
227,12,0.0,0.26479152,0.0,0.0,0.0,0.0,0.0,0.0,0.0,0.0,0.0,0.0,0.0,0.0,0.0
227,13,0.0,0.26583264,0.0,0.0,0.0,0.0,0.0,0.0,0.0,0.0,0.0,0.0,0.0,0.0,0.0
227,14,0.0,0.2679148799999999,0.0,0.0,0.0,0.0,0.0,0.0,0.0,0.0,0.0,0.0,0.0,0.0,0.0
227,15,22.200000000000003,0.2816808,23.029045643153857,7.249101410788486,0.0,3.0,0.0,0.0,0.0,0.0,22.200000000000003,0.0,0.0,0.0,0.0
227,16,0.0,0.2880432,0.0,0.0,0.0,0.0,0.0,0.0,0.0,0.0,0.0,0.0,0.0,0.0,0.0
227,17,0.0,0.27740064,0.0,0.0,0.0,0.0,0.0,0.0,0.0,0.0,0.0,0.0,0.0,0.0,0.0
227,18,2.947509287269642,0.26456016,3.0575822482050232,0.9101204212138669,0.0,1.0,0.0,0.0,0.0,0.0,2.947509287269654,0.0,0.0,0.0,0.0
227,19,27.73944451241961,0.2816808,28.775357378029355,9.057930015741984,0.0,6.0,0.0,0.0,0.0,0.0,27.739444512419624,0.0,0.0,0.0,0.0
227,20,43.80143397209252,0.26803056,45.43717217021967,13.682521100434665,0.0,6.0,0.0,0.0,0.0,0.0,43.801433972092525,0.0,0.0,0.0,0.0
227,21,43.20019196568544,0.21967632,44.813477142827686,11.327785838568097,0.0,6.0,0.0,0.0,0.0,0.0,43.200191965685455,0.0,0.0,0.0,0.0
227,22,29.6,0.20313408,30.705394190871868,7.25366054771796,0.0,4.0,0.0,0.0,0.0,0.0,29.6,0.0,0.0,0.0,0.0
227,23,34.2669670659899,0.17629632,35.54664633401451,7.443336930684129,0.0,5.0,0.0,0.0,0.0,0.0,34.2669670659899,0.0,0.0,0.0,0.0
228,0,43.80143397209251,0.1735199999999999,45.43717217022332,9.388228513811537,0.0,6.0,0.0,0.0,0.0,0.0,43.801433972092525,0.0,0.0,0.0,0.0
228,1,42.121645872928106,0.15940704,43.69465339515577,8.411528388927387,0.0,6.0,0.0,0.0,0.0,0.0,42.12164587292811,0.0,0.0,0.0,0.0
228,2,14.8,0.15697776,15.352697095435897,2.9182062738589614,0.0,3.0,0.0,0.0,0.0,0.0,14.8,0.0,0.0,0.0,0.0
228,3,36.401433972092505,0.1538544,37.76082362250382,7.059552123851027,0.0,6.0,0.0,0.0,0.0,0.0,36.401433972092526,0.0,0.0,0.0,0.0
228,4,14.8,0.14147664,15.352697095435861,2.680222273858951,0.0,2.0,0.0,0.0,0.0,0.0,14.8,0.0,0.0,0.0,0.0
228,5,35.79681822066766,0.17606496,37.13362885961568,7.767053995076358,0.0,5.0,0.0,0.0,0.0,0.0,35.79681822066766,0.0,0.0,0.0,0.0
228,6,38.34912968252305,0.1973500799999999,39.78125485738967,9.167593364385832,0.0,6.0,0.0,0.0,0.0,0.0,38.349129682523056,0.0,0.0,0.0,0.0
228,7,0.0,0.21019056,0.0,0.0,0.0,0.0,0.0,0.0,0.0,0.0,0.0,0.0,0.0,0.0,0.0
228,8,0.0,0.2230310399999999,0.0,0.0,0.0,0.0,0.0,0.0,0.0,0.0,0.0,0.0,0.0,0.0,0.0
228,9,0.0,0.22071744,0.0,0.0,0.0,0.0,0.0,0.0,0.0,0.0,0.0,0.0,0.0,0.0,0.0
228,10,0.0,0.21423936,0.0,0.0,0.0,0.0,0.0,0.0,0.0,0.0,0.0,0.0,0.0,0.0,0.0
228,11,0.0,0.20926512,0.0,0.0,0.0,0.0,0.0,0.0,0.0,0.0,0.0,0.0,0.0,0.0,0.0
228,12,0.0,0.208224,0.0,0.0,0.0,0.0,0.0,0.0,0.0,0.0,0.0,0.0,0.0,0.0,0.0
228,13,0.0,0.2081083199999999,0.0,0.0,0.0,0.0,0.0,0.0,0.0,0.0,0.0,0.0,0.0,0.0,0.0
228,14,0.0,0.20625744,0.0,0.0,0.0,0.0,0.0,0.0,0.0,0.0,0.0,0.0,0.0,0.0,0.0
228,15,7.4,0.20718288,7.676348547718207,1.8444951369295481,0.0,1.0,0.0,0.0,0.0,0.0,7.4,0.0,0.0,0.0,0.0
228,16,0.0,0.20776128,0.0,0.0,0.0,0.0,0.0,0.0,0.0,0.0,0.0,0.0,0.0,0.0,0.0
228,17,0.0,0.20984352,0.0,0.0,0.0,0.0,0.0,0.0,0.0,0.0,0.0,0.0,0.0,0.0,0.0
228,18,14.8,0.20776128,15.35269709543627,3.6978702738590616,0.0,2.0,0.0,0.0,0.0,0.0,14.8,0.0,0.0,0.0,0.0
228,19,38.15143795911567,0.24188688,39.57618045551483,10.882930385779002,0.0,6.0,0.0,0.0,0.0,0.0,38.15143795911567,0.0,0.0,0.0,0.0
228,20,43.80143397209251,0.19642464,45.4371721702213,10.428950584988062,0.0,6.0,0.0,0.0,0.0,0.0,43.801433972092525,0.0,0.0,0.0,0.0
228,21,37.0,0.1602167999999999,38.38174273858994,7.419835684647441,0.0,5.0,0.0,0.0,0.0,0.0,37.0,0.0,0.0,0.0,0.0
228,22,36.40143397209252,0.0834052799999999,37.760823622503324,4.39933532917036,0.0,6.0,0.0,0.0,0.0,0.0,36.401433972092526,0.0,0.0,0.0,0.0
228,23,37.0,0.026028,38.381742738589814,2.2694356846473385,0.0,5.0,0.0,0.0,0.0,0.0,37.0,0.0,0.0,0.0,0.0
229,0,40.079141692490005,0.02556528,41.57587312499013,2.439060238122021,0.0,6.0,0.0,0.0,0.0,0.0,40.07914169249002,0.0,0.0,0.0,0.0
229,1,22.200000000000003,0.0216321599999999,23.029045643154518,1.2604294107884335,0.0,3.0,0.0,0.0,0.0,0.0,22.200000000000003,0.0,0.0,0.0,0.0
229,2,43.80143397209251,0.02637504,45.437172170222276,2.7023776323108564,0.0,6.0,0.0,0.0,0.0,0.0,43.801433972092525,0.0,0.0,0.0,0.0
229,3,42.55151608301722,0.04303296,44.140576849604074,3.360552771667834,0.0,6.0,0.0,0.0,0.0,0.0,42.551516083017226,0.0,0.0,0.0,0.0
229,4,22.200000000000003,0.0815544,23.029045643153882,2.640381410788422,0.0,3.0,0.0,0.0,0.0,0.0,22.200000000000003,0.0,0.0,0.0,0.0
229,5,42.07787277648831,0.141708,43.64924561876441,7.630237328124967,0.0,6.0,0.0,0.0,0.0,0.0,42.07787277648833,0.0,0.0,0.0,0.0
229,6,29.6,0.1897152,30.705394190871868,6.841628547717954,0.0,5.0,0.0,0.0,0.0,0.0,29.6,0.0,0.0,0.0,0.0
229,7,0.0,0.21377664,0.0,0.0,0.0,0.0,0.0,0.0,0.0,0.0,0.0,0.0,0.0,0.0,0.0
229,8,0.0,0.21794112,0.0,0.0,0.0,0.0,0.0,0.0,0.0,0.0,0.0,0.0,0.0,0.0,0.0
229,9,0.0,0.22407216,0.0,0.0,0.0,0.0,0.0,0.0,0.0,0.0,0.0,0.0,0.0,0.0,0.0
229,10,0.0,0.21898224,0.0,0.0,0.0,0.0,0.0,0.0,0.0,0.0,0.0,0.0,0.0,0.0,0.0
229,11,0.0,0.2145864,0.0,0.0,0.0,0.0,0.0,0.0,0.0,0.0,0.0,0.0,0.0,0.0,0.0
229,12,0.0,0.21250416,0.0,0.0,0.0,0.0,0.0,0.0,0.0,0.0,0.0,0.0,0.0,0.0,0.0
229,13,0.0,0.2150491199999999,0.0,0.0,0.0,0.0,0.0,0.0,0.0,0.0,0.0,0.0,0.0,0.0,0.0
229,14,0.0,0.2151648,0.0,0.0,0.0,0.0,0.0,0.0,0.0,0.0,0.0,0.0,0.0,0.0,0.0
229,15,7.4,0.21956064,7.676348547717787,1.9395111369294464,0.0,1.0,0.0,0.0,0.0,0.0,7.4,0.0,0.0,0.0,0.0
229,16,0.0,0.28237488,0.0,0.0,0.0,0.0,0.0,0.0,0.0,0.0,0.0,0.0,0.0,0.0,0.0
229,17,0.0,0.3117576,0.0,0.0,0.0,0.0,0.0,0.0,0.0,0.0,0.0,0.0,0.0,0.0,0.0
229,18,7.7628781157406355,0.28885296,8.052778128361798,2.592615754649341,0.0,2.0,0.0,0.0,0.0,0.0,7.7628781157406355,0.0,0.0,0.0,0.0
229,19,43.80143397209251,0.30088368,45.43717217022341,15.1752739702048,0.0,6.0,0.0,0.0,0.0,0.0,43.801433972092525,0.0,0.0,0.0,0.0
229,20,39.79525977146984,0.27485568,41.28138980442975,12.712838468568231,0.0,6.0,0.0,0.0,0.0,0.0,39.795259771469844,0.0,0.0,0.0,0.0
229,21,14.8,0.23112864,15.352697095435698,4.056622273858925,0.0,2.0,0.0,0.0,0.0,0.0,14.8,0.0,0.0,0.0,0.0
229,22,37.0,0.20440656,38.381742738591676,9.115915684647886,0.0,5.0,0.0,0.0,0.0,0.0,37.0,0.0,0.0,0.0,0.0
229,23,29.6,0.2093808,30.70539419087183,7.445468547717954,0.0,4.0,0.0,0.0,0.0,0.0,29.6,0.0,0.0,0.0,0.0
230,0,36.40143397209251,0.20324976,37.760823622503175,8.924761600580954,0.0,6.0,0.0,0.0,0.0,0.0,36.401433972092526,0.0,0.0,0.0,0.0
230,1,32.37576073628789,0.19758144,33.584814041792775,7.747393265292976,0.0,6.0,0.0,0.0,0.0,0.0,32.37576073628789,0.0,0.0,0.0,0.0
230,2,34.89330730358872,0.18705456,36.19637687094295,7.968797423616622,0.0,6.0,0.0,0.0,0.0,0.0,34.89330730358872,0.0,0.0,0.0,0.0
230,3,37.0,0.18994656,38.38174273858978,8.560915684647428,0.0,6.0,0.0,0.0,0.0,0.0,37.0,0.0,0.0,0.0,0.0
230,4,32.851271043665335,0.20891808,34.07808199550427,8.247511974634513,0.0,5.0,0.0,0.0,0.0,0.0,32.851271043665335,0.0,0.0,0.0,0.0
230,5,33.77983201306855,0.2157432,35.04131951563204,8.719794080492326,0.0,6.0,0.0,0.0,0.0,0.0,33.77983201306855,0.0,0.0,0.0,0.0
230,6,37.31008113283016,0.30551088,38.70340366476184,13.105393573920232,0.0,6.0,0.0,0.0,0.0,0.0,37.31008113283018,0.0,0.0,0.0,0.0
230,7,14.201433972092639,0.36254112,14.731777979349353,5.828497139341115,0.0,2.0,0.0,0.0,0.0,0.0,14.201433972092639,0.0,0.0,0.0,0.0
230,8,0.0,0.37966176,0.0,0.0,0.0,0.0,0.0,0.0,0.0,0.0,0.0,0.0,0.0,0.0,0.0
230,9,0.0,0.3565257599999999,0.0,0.0,0.0,0.0,0.0,0.0,0.0,0.0,0.0,0.0,0.0,0.0,0.0
230,10,0.0,0.3435696,0.0,0.0,0.0,0.0,0.0,0.0,0.0,0.0,0.0,0.0,0.0,0.0,0.0
230,11,0.0,0.3301507199999999,0.0,0.0,0.0,0.0,0.0,0.0,0.0,0.0,0.0,0.0,0.0,0.0,0.0
230,12,0.0,0.31071648,0.0,0.0,0.0,0.0,0.0,0.0,0.0,0.0,0.0,0.0,0.0,0.0,0.0
230,13,0.0,0.29128224,0.0,0.0,0.0,0.0,0.0,0.0,0.0,0.0,0.0,0.0,0.0,0.0,0.0
230,14,0.0,0.25646256,0.0,0.0,0.0,0.0,0.0,0.0,0.0,0.0,0.0,0.0,0.0,0.0,0.0
230,15,22.200000000000003,0.2308972799999999,23.029045643153697,6.0796054107884245,0.0,3.0,0.0,0.0,0.0,0.0,22.200000000000003,0.0,0.0,0.0,0.0
230,16,0.0,0.22742688,0.0,0.0,0.0,0.0,0.0,0.0,0.0,0.0,0.0,0.0,0.0,0.0,0.0
230,17,0.0,0.22511328,0.0,0.0,0.0,0.0,0.0,0.0,0.0,0.0,0.0,0.0,0.0,0.0,0.0
230,18,22.200000000000003,0.21551184,23.029045643153957,5.725293410788488,0.0,3.0,0.0,0.0,0.0,0.0,22.200000000000003,0.0,0.0,0.0,0.0
230,19,36.00686478309404,0.20752992,37.35151948453796,8.98789314544281,0.0,5.0,0.0,0.0,0.0,0.0,36.00686478309404,0.0,0.0,0.0,0.0
230,20,14.8,0.19226016,15.352697095437886,3.4598862738594174,0.0,2.0,0.0,0.0,0.0,0.0,14.8,0.0,0.0,0.0,0.0
230,21,37.0,0.18057648,38.38174273858942,8.201275684647348,0.0,5.0,0.0,0.0,0.0,0.0,37.0,0.0,0.0,0.0,0.0
230,22,43.431204169596654,0.1664635199999999,45.0531163585035,8.990958487472536,0.0,6.0,0.0,0.0,0.0,0.0,43.431204169596654,0.0,0.0,0.0,0.0
230,23,7.4,0.17803152,7.676348547717948,1.6207191369294829,0.0,1.0,0.0,0.0,0.0,0.0,7.4,0.0,0.0,0.0,0.0
231,0,29.6,0.17155344,30.705394190873086,6.283964547718194,0.0,4.0,0.0,0.0,0.0,0.0,29.6,0.0,0.0,0.0,0.0
231,1,43.80143397209257,0.1681987199999999,45.43717217022462,9.146444598285834,0.0,6.0,0.0,0.0,0.0,0.0,43.80143397209257,0.0,0.0,0.0,0.0
231,2,39.74185840349391,0.1664635199999999,41.22599419449686,8.227204516953353,0.0,6.0,0.0,0.0,0.0,0.0,39.741858403493914,0.0,0.0,0.0,0.0
231,3,22.200000000000003,0.16391856,23.029045643149015,4.537149410787492,0.0,3.0,0.0,0.0,0.0,0.0,22.200000000000003,0.0,0.0,0.0,0.0
231,4,18.302847450969473,0.11672112,18.986356276939535,2.844557162130111,0.0,3.0,0.0,0.0,0.0,0.0,18.302847450969473,0.0,0.0,0.0,0.0
231,5,40.54902007199527,0.14413728,42.063298829871115,7.45518467243354,0.0,6.0,0.0,0.0,0.0,0.0,40.54902007199529,0.0,0.0,0.0,0.0
231,6,0.0,0.16588512,0.0,0.0,0.0,0.0,0.0,0.0,0.0,0.0,0.0,0.0,0.0,0.0,0.0
231,7,14.8,0.1810391999999999,15.352697095436382,3.287614273859069,0.0,2.0,0.0,0.0,0.0,0.0,14.8,0.0,0.0,0.0,0.0
231,8,43.801433972092525,0.1949208,45.43717217022477,10.36062034799239,0.0,6.0,0.0,0.0,0.0,0.0,43.80143397209239,0.0,0.0,0.0,0.0
231,9,14.8,0.20267136,15.352697095435934,3.61972627385898,0.0,3.0,0.0,0.0,0.0,0.0,14.8,0.0,0.0,0.0,0.0
231,10,7.4,0.20544768,7.676348547717986,1.8311751369294946,0.0,1.0,0.0,0.0,0.0,0.0,7.4,0.0,0.0,0.0,0.0
231,11,0.0,0.19306992,0.0,0.0,0.0,0.0,0.0,0.0,0.0,0.0,0.0,0.0,0.0,0.0,0.0
231,12,0.0,0.1664635199999999,0.0,0.0,0.0,0.0,0.0,0.0,0.0,0.0,0.0,0.0,0.0,0.0,0.0
231,13,0.0,0.14564112,0.0,0.0,0.0,0.0,0.0,0.0,0.0,0.0,0.0,0.0,0.0,0.0,0.0
231,14,0.0,0.196656,0.0,0.0,0.0,0.0,0.0,0.0,0.0,0.0,0.0,0.0,0.0,0.0,0.0
231,15,14.8,0.20845536,15.352697095435728,3.7085262738589315,0.0,2.0,0.0,0.0,0.0,0.0,14.8,0.0,0.0,0.0,0.0
231,16,0.0,0.21319824,0.0,0.0,0.0,0.0,0.0,0.0,0.0,0.0,0.0,0.0,0.0,0.0,0.0
231,17,0.0,0.21100032,0.0,0.0,0.0,0.0,0.0,0.0,0.0,0.0,0.0,0.0,0.0,0.0,0.0
231,18,0.0,0.19977936,0.0,0.0,0.0,0.0,0.0,0.0,0.0,0.0,0.0,0.0,0.0,0.0,0.0
231,19,14.8,0.18878976,15.352697095435971,3.4066062738589844,0.0,2.0,0.0,0.0,0.0,0.0,14.8,0.0,0.0,0.0,0.0
231,20,14.8,0.1778001599999999,15.352697095435612,3.2378862738589045,0.0,2.0,0.0,0.0,0.0,0.0,14.8,0.0,0.0,0.0,0.0
231,21,22.200000000000003,0.16623216,23.029045643155616,4.590429410788798,0.0,3.0,0.0,0.0,0.0,0.0,22.200000000000003,0.0,0.0,0.0,0.0
231,22,22.200000000000003,0.16357152,23.02904564315625,4.529157410788917,0.0,3.0,0.0,0.0,0.0,0.0,22.200000000000003,0.0,0.0,0.0,0.0
231,23,22.200000000000003,0.16576944,23.029045643153893,4.579773410788454,0.0,3.0,0.0,0.0,0.0,0.0,22.200000000000003,0.0,0.0,0.0,0.0
232,0,22.200000000000003,0.16172064,23.029045643153836,4.486533410788441,0.0,3.0,0.0,0.0,0.0,0.0,22.200000000000003,0.0,0.0,0.0,0.0
232,1,22.200000000000003,0.1599854399999999,23.029045643154333,4.446573410788535,0.0,3.0,0.0,0.0,0.0,0.0,22.200000000000003,0.0,0.0,0.0,0.0
232,2,22.200000000000003,0.15975408,23.029045643153957,4.441245410788464,0.0,3.0,0.0,0.0,0.0,0.0,22.200000000000003,0.0,0.0,0.0,0.0
232,3,30.35521123748476,0.1607952,31.48880833764369,6.105528790389091,0.0,5.0,0.0,0.0,0.0,0.0,30.35521123748476,0.0,0.0,0.0,0.0
232,4,38.293071284546954,0.14853312,39.723102992268984,7.21503113256715,0.0,6.0,0.0,0.0,0.0,0.0,38.29307128454696,0.0,0.0,0.0,0.0
232,5,7.4,0.1570934399999999,7.676348547717986,1.459991136929487,0.0,1.0,0.0,0.0,0.0,0.0,7.4,0.0,0.0,0.0,0.0
232,6,22.200000000000003,0.16912416,23.02904564315392,4.657029410788461,0.0,4.0,0.0,0.0,0.0,0.0,22.200000000000003,0.0,0.0,0.0,0.0
232,7,37.0,0.19364832,38.38174273858955,8.70299568464738,0.0,5.0,0.0,0.0,0.0,0.0,37.0,0.0,0.0,0.0,0.0
232,8,25.257983773994958,0.2134296,26.201227981322333,6.459378253744202,0.0,4.0,0.0,0.0,0.0,0.0,25.257983773994958,0.0,0.0,0.0,0.0
232,9,20.119366374460427,0.22060176,20.870712006701936,5.294936368553413,0.0,3.0,0.0,0.0,0.0,0.0,20.119366374460427,0.0,0.0,0.0,0.0
232,10,0.0,0.22337808,0.0,0.0,0.0,0.0,0.0,0.0,0.0,0.0,0.0,0.0,0.0,0.0,0.0
232,11,0.0,0.21713136,0.0,0.0,0.0,0.0,0.0,0.0,0.0,0.0,0.0,0.0,0.0,0.0,0.0
232,12,0.0,0.153276,0.0,0.0,0.0,0.0,0.0,0.0,0.0,0.0,0.0,0.0,0.0,0.0,0.0
232,13,0.0,0.1601011199999999,0.0,0.0,0.0,0.0,0.0,0.0,0.0,0.0,0.0,0.0,0.0,0.0,0.0
232,14,0.0,0.22198992,0.0,0.0,0.0,0.0,0.0,0.0,0.0,0.0,0.0,0.0,0.0,0.0,0.0
232,15,7.4,0.22696416,7.676348547717962,1.9963431369294915,0.0,1.0,0.0,0.0,0.0,0.0,7.4,0.0,0.0,0.0,0.0
232,16,0.0,0.28908432,0.0,0.0,0.0,0.0,0.0,0.0,0.0,0.0,0.0,0.0,0.0,0.0,0.0
232,17,0.0,1.26449808,0.0,0.0,0.0,0.0,0.0,0.0,0.0,0.0,0.0,0.0,0.0,0.0,0.0
232,18,0.0,1.4542132799999998,0.0,0.0,0.0,0.0,0.0,0.0,0.0,0.0,0.0,0.0,0.0,0.0,0.0
232,19,26.725309146236008,1.58065152,27.723349736759737,44.73859777718763,0.0,4.0,0.0,0.0,0.0,0.0,26.725309146236008,0.0,0.0,0.0,0.0
232,20,22.200000000000003,0.23031888,23.029045643154213,6.066285410788563,0.0,3.0,0.0,0.0,0.0,0.0,22.200000000000003,0.0,0.0,0.0,0.0
232,21,29.6,0.22256832,30.705394190871914,7.850396547717981,0.0,4.0,0.0,0.0,0.0,0.0,29.6,0.0,0.0,0.0,0.0
232,22,22.200000000000003,0.21204144,23.029045643154,5.645373410788498,0.0,3.0,0.0,0.0,0.0,0.0,22.200000000000003,0.0,0.0,0.0,0.0
232,23,14.8,0.20105184,15.352697095435897,3.5948622738589706,0.0,2.0,0.0,0.0,0.0,0.0,14.8,0.0,0.0,0.0,0.0
233,0,43.80143397209251,0.1865918399999999,45.43717217022102,9.982175958472643,0.0,6.0,0.0,0.0,0.0,0.0,43.80143397209252,0.0,0.0,0.0,0.0
233,1,29.6,0.1839312,30.705394190871868,6.664028547717949,0.0,5.0,0.0,0.0,0.0,0.0,29.6,0.0,0.0,0.0,0.0
233,2,29.6,0.18173328,30.70539419087246,6.596540547718075,0.0,4.0,0.0,0.0,0.0,0.0,29.6,0.0,0.0,0.0,0.0
233,3,21.453975937186012,0.1845096,22.255161760568985,4.8429368486527125,0.0,3.0,0.0,0.0,0.0,0.0,21.453975937186012,0.0,0.0,0.0,0.0
233,4,37.21732571090108,0.2088024,38.60718434740833,9.339170550880507,0.0,6.0,0.0,0.0,0.0,0.0,37.21732571090109,0.0,0.0,0.0,0.0
233,5,42.20516245150996,0.22893072,43.781288850114805,11.472042639923554,0.0,6.0,0.0,0.0,0.0,0.0,42.20516245150998,0.0,0.0,0.0,0.0
233,6,22.200000000000003,0.29070384,23.029045643155495,7.45689341078902,0.0,3.0,0.0,0.0,0.0,0.0,22.200000000000003,0.0,0.0,0.0,0.0
233,7,0.0,0.33674448,0.0,0.0,0.0,0.0,0.0,0.0,0.0,0.0,0.0,0.0,0.0,0.0,0.0
233,8,0.0,0.37781088,0.0,0.0,0.0,0.0,0.0,0.0,0.0,0.0,0.0,0.0,0.0,0.0,0.0
233,9,0.0,0.37087008,0.0,0.0,0.0,0.0,0.0,0.0,0.0,0.0,0.0,0.0,0.0,0.0,0.0
233,10,0.0,0.34495776,0.0,0.0,0.0,0.0,0.0,0.0,0.0,0.0,0.0,0.0,0.0,0.0,0.0
233,11,0.0,0.32598624,0.0,0.0,0.0,0.0,0.0,0.0,0.0,0.0,0.0,0.0,0.0,0.0,0.0
233,12,0.0,0.2920919999999999,0.0,0.0,0.0,0.0,0.0,0.0,0.0,0.0,0.0,0.0,0.0,0.0,0.0
233,13,0.0,0.2857296,0.0,0.0,0.0,0.0,0.0,0.0,0.0,0.0,0.0,0.0,0.0,0.0,0.0
233,14,0.0,0.28954704,0.0,0.0,0.0,0.0,0.0,0.0,0.0,0.0,0.0,0.0,0.0,0.0,0.0
233,15,14.8,0.28885296,15.352697095436136,4.942846273859066,0.0,2.0,0.0,0.0,0.0,0.0,14.8,0.0,0.0,0.0,0.0
233,16,0.0,0.31973952,0.0,0.0,0.0,0.0,0.0,0.0,0.0,0.0,0.0,0.0,0.0,0.0,0.0
233,17,7.4,0.34946928,7.676348547717698,2.9367351369294052,0.0,1.0,0.0,0.0,0.0,0.0,7.4,0.0,0.0,0.0,0.0
233,18,7.4,0.36022752,7.676348547717948,3.0193191369295027,0.0,1.0,0.0,0.0,0.0,0.0,7.4,0.0,0.0,0.0,0.0
233,19,43.80143397209251,0.3493536,45.43717217022102,17.37761007032084,0.0,6.0,0.0,0.0,0.0,0.0,43.801433972092525,0.0,0.0,0.0,0.0
233,20,37.0,0.29868576,38.38174273858982,12.734515684647505,0.0,5.0,0.0,0.0,0.0,0.0,37.0,0.0,0.0,0.0,0.0
233,21,14.8,0.23031888,15.352697095435897,4.044190273858978,0.0,2.0,0.0,0.0,0.0,0.0,14.8,0.0,0.0,0.0,0.0
233,22,37.0,0.21470208,38.38174273858985,9.51107568464746,0.0,5.0,0.0,0.0,0.0,0.0,37.0,0.0,0.0,0.0,0.0
233,23,40.353644044637235,0.2169,41.860626602321354,10.465156650580338,0.0,6.0,0.0,0.0,0.0,0.0,40.35364404463725,0.0,0.0,0.0,0.0
234,0,18.55959902258684,0.2105376,19.252696081521968,4.690680666831416,0.0,3.0,0.0,0.0,0.0,0.0,18.55959902258684,0.0,0.0,0.0,0.0
234,1,37.0,0.20163024,38.38174273858992,9.009355684647469,0.0,5.0,0.0,0.0,0.0,0.0,37.0,0.0,0.0,0.0,0.0
234,2,22.837200887336696,0.20139888,23.69004241425114,5.555288413294387,0.0,6.0,0.0,0.0,0.0,0.0,22.837200887336696,0.0,0.0,0.0,0.0
234,3,29.001433972092833,0.20857104,30.084475074786084,7.270546379177632,0.0,4.0,0.0,0.0,0.0,0.0,29.001433972092833,0.0,0.0,0.0,0.0
234,4,42.031112404275056,0.21308256,43.60073900858454,10.733741547025202,0.0,6.0,0.0,0.0,0.0,0.0,42.031112404275056,0.0,0.0,0.0,0.0
234,5,37.0,0.24281232,38.38174273858974,10.589995684647448,0.0,6.0,0.0,0.0,0.0,0.0,37.0,0.0,0.0,0.0,0.0
234,6,43.80143397209251,0.286308,45.437172170220336,14.512996288545738,0.0,6.0,0.0,0.0,0.0,0.0,43.801433972092525,0.0,0.0,0.0,0.0
234,7,17.774874218156153,0.3134928,18.438666201407045,6.390708947011033,0.0,3.0,0.0,0.0,0.0,0.0,17.774874218156153,0.0,0.0,0.0,0.0
234,8,0.0,0.31395552,0.0,0.0,0.0,0.0,0.0,0.0,0.0,0.0,0.0,0.0,0.0,0.0,0.0
234,9,0.0,0.31094784,0.0,0.0,0.0,0.0,0.0,0.0,0.0,0.0,0.0,0.0,0.0,0.0,0.0
234,10,0.0,0.30551088,0.0,0.0,0.0,0.0,0.0,0.0,0.0,0.0,0.0,0.0,0.0,0.0,0.0
234,11,0.0,0.29394288,0.0,0.0,0.0,0.0,0.0,0.0,0.0,0.0,0.0,0.0,0.0,0.0,0.0
234,12,0.0,0.28087104,0.0,0.0,0.0,0.0,0.0,0.0,0.0,0.0,0.0,0.0,0.0,0.0,0.0
234,13,0.0,0.26363472,0.0,0.0,0.0,0.0,0.0,0.0,0.0,0.0,0.0,0.0,0.0,0.0,0.0
234,14,0.0,0.2761281599999999,0.0,0.0,0.0,0.0,0.0,0.0,0.0,0.0,0.0,0.0,0.0,0.0,0.0
234,15,7.4,0.2865393599999999,7.6763485477180184,2.4536631369295163,0.0,1.0,0.0,0.0,0.0,0.0,7.4,0.0,0.0,0.0,0.0
234,16,0.0,0.31094784,0.0,0.0,0.0,0.0,0.0,0.0,0.0,0.0,0.0,0.0,0.0,0.0,0.0
234,17,7.4,0.3140712,7.676348547717948,2.6650071369294976,0.0,1.0,0.0,0.0,0.0,0.0,7.4,0.0,0.0,0.0,0.0
234,18,28.008298755186416,0.33246432,29.054251820733167,10.621197809955081,0.0,4.0,0.0,0.0,0.0,0.0,28.008298755186416,0.0,0.0,0.0,0.0
234,19,37.32239337419759,0.3256392,38.71617569937548,13.889009897453402,0.0,6.0,0.0,0.0,0.0,0.0,37.32239337419759,0.0,0.0,0.0,0.0
234,20,7.4,0.31279872,7.676348547718001,2.655239136929515,0.0,1.0,0.0,0.0,0.0,0.0,7.4,0.0,0.0,0.0,0.0
234,21,29.6,0.27277344,30.705394190872042,9.391964547718048,0.0,4.0,0.0,0.0,0.0,0.0,29.6,0.0,0.0,0.0,0.0
234,22,43.80143397209251,0.2677991999999999,45.43717217021929,13.672008756281244,0.0,6.0,0.0,0.0,0.0,0.0,43.801433972092525,0.0,0.0,0.0,0.0
234,23,29.6,0.23853216,30.705394190872237,8.340572547718079,0.0,4.0,0.0,0.0,0.0,0.0,29.6,0.0,0.0,0.0,0.0
235,0,22.200000000000003,0.22360944,23.02904564315395,5.9117734107884905,0.0,3.0,0.0,0.0,0.0,0.0,22.200000000000003,0.0,0.0,0.0,0.0
235,1,37.0,0.22279968,38.38174273858771,9.821875684646919,0.0,5.0,0.0,0.0,0.0,0.0,37.0,0.0,0.0,0.0,0.0
235,2,37.0,0.22198992,38.38174273858978,9.790795684647447,0.0,5.0,0.0,0.0,0.0,0.0,37.0,0.0,0.0,0.0,0.0
235,3,29.6,0.2416555199999999,30.705394190872013,8.436476547718016,0.0,4.0,0.0,0.0,0.0,0.0,29.6,0.0,0.0,0.0,0.0
235,4,36.23786676383694,0.26039568,37.59114809526707,11.032839572201114,0.0,5.0,0.0,0.0,0.0,0.0,36.23786676383694,0.0,0.0,0.0,0.0
235,5,34.118445557085046,0.3111792,35.39257837871923,12.184928570162752,0.0,6.0,0.0,0.0,0.0,0.0,34.118445557085046,0.0,0.0,0.0,0.0
235,6,43.80143397209219,0.28885296,45.437172170220684,14.628632074232172,0.0,6.0,0.0,0.0,0.0,0.0,43.80143397209219,0.0,0.0,0.0,0.0
235,7,0.0,0.32691168,0.0,0.0,0.0,0.0,0.0,0.0,0.0,0.0,0.0,0.0,0.0,0.0,0.0
235,8,0.0,0.326796,0.0,0.0,0.0,0.0,0.0,0.0,0.0,0.0,0.0,0.0,0.0,0.0,0.0
235,9,0.0,0.32124336,0.0,0.0,0.0,0.0,0.0,0.0,0.0,0.0,0.0,0.0,0.0,0.0,0.0
235,10,0.0,0.31141056,0.0,0.0,0.0,0.0,0.0,0.0,0.0,0.0,0.0,0.0,0.0,0.0,0.0
235,11,0.0,0.2944056,0.0,0.0,0.0,0.0,0.0,0.0,0.0,0.0,0.0,0.0,0.0,0.0,0.0
235,12,0.0,0.2880432,0.0,0.0,0.0,0.0,0.0,0.0,0.0,0.0,0.0,0.0,0.0,0.0,0.0
235,13,0.0,0.28306896,0.0,0.0,0.0,0.0,0.0,0.0,0.0,0.0,0.0,0.0,0.0,0.0,0.0
235,14,0.0,0.28353168,0.0,0.0,0.0,0.0,0.0,0.0,0.0,0.0,0.0,0.0,0.0,0.0,0.0
235,15,7.4,0.2845728,7.676348547717852,2.438567136929464,0.0,1.0,0.0,0.0,0.0,0.0,7.4,0.0,0.0,0.0,0.0
235,16,0.0,0.32355696,0.0,0.0,0.0,0.0,0.0,0.0,0.0,0.0,0.0,0.0,0.0,0.0,0.0
235,17,0.0,0.32587056,0.0,0.0,0.0,0.0,0.0,0.0,0.0,0.0,0.0,0.0,0.0,0.0,0.0
235,18,0.0,0.31973952,0.0,0.0,0.0,0.0,0.0,0.0,0.0,0.0,0.0,0.0,0.0,0.0,0.0
235,19,37.0,0.31707888,38.381742738589814,13.440475684647517,0.0,5.0,0.0,0.0,0.0,0.0,37.0,0.0,0.0,0.0,0.0
235,20,37.34636252834673,0.29278608,38.741039967165264,12.625165650022819,0.0,6.0,0.0,0.0,0.0,0.0,37.34636252834673,0.0,0.0,0.0,0.0
235,21,29.6,0.25010016,30.70539419087264,8.695772547718203,0.0,4.0,0.0,0.0,0.0,0.0,29.6,0.0,0.0,0.0,0.0
235,22,29.6,0.24512592,30.705394190871793,8.54303654771796,0.0,4.0,0.0,0.0,0.0,0.0,29.6,0.0,0.0,0.0,0.0
235,23,43.80143397209251,0.2326324799999999,45.43717217022122,12.074132444979861,0.0,6.0,0.0,0.0,0.0,0.0,43.801433972092525,0.0,0.0,0.0,0.0
236,0,29.6,0.22407216,30.705394190873363,7.896572547718353,0.0,4.0,0.0,0.0,0.0,0.0,29.6,0.0,0.0,0.0,0.0
236,1,37.0,0.21724704,38.381742738589885,9.608755684647472,0.0,5.0,0.0,0.0,0.0,0.0,37.0,0.0,0.0,0.0,0.0
236,2,37.0,0.21423936,38.38174273858982,9.493315684647454,0.0,5.0,0.0,0.0,0.0,0.0,37.0,0.0,0.0,0.0,0.0
236,3,14.8,0.21770976,15.352697095437156,3.85060627385929,0.0,2.0,0.0,0.0,0.0,0.0,14.8,0.0,0.0,0.0,0.0
236,4,28.00829875518656,0.23216976,29.054251820733146,7.707214407465445,0.0,4.0,0.0,0.0,0.0,0.0,28.00829875518656,0.0,0.0,0.0,0.0
236,5,43.56038888047374,0.25588416,45.187125394683626,13.058363474997318,0.0,6.0,0.0,0.0,0.0,0.0,43.56038888047374,0.0,0.0,0.0,0.0
236,6,37.0,0.30678336,38.38174273859033,13.045315684647687,0.0,5.0,0.0,0.0,0.0,0.0,37.0,0.0,0.0,0.0,0.0
236,7,22.200000000000003,1.8474096,23.02904564315392,43.306341410789116,0.0,3.0,0.0,0.0,0.0,0.0,22.200000000000003,0.0,0.0,0.0,0.0
236,8,0.0,1.4899584,0.0,0.0,0.0,0.0,0.0,0.0,0.0,0.0,0.0,0.0,0.0,0.0,0.0
236,9,0.0,1.28161872,0.0,0.0,0.0,0.0,0.0,0.0,0.0,0.0,0.0,0.0,0.0,0.0,0.0
236,10,0.0,1.2299097599999995,0.0,0.0,0.0,0.0,0.0,0.0,0.0,0.0,0.0,0.0,0.0,0.0,0.0
236,11,0.0,0.33362112,0.0,0.0,0.0,0.0,0.0,0.0,0.0,0.0,0.0,0.0,0.0,0.0,0.0
236,12,0.0,0.32309424,0.0,0.0,0.0,0.0,0.0,0.0,0.0,0.0,0.0,0.0,0.0,0.0,0.0
236,13,0.0,0.3175416,0.0,0.0,0.0,0.0,0.0,0.0,0.0,0.0,0.0,0.0,0.0,0.0,0.0
236,14,0.0,0.3461145599999999,0.0,0.0,0.0,0.0,0.0,0.0,0.0,0.0,0.0,0.0,0.0,0.0,0.0
236,15,7.4,0.34160304,7.676348547716755,2.8763511369290535,0.0,1.0,0.0,0.0,0.0,0.0,7.4,0.0,0.0,0.0,0.0
236,16,0.0,1.7947752,0.0,0.0,0.0,0.0,0.0,0.0,0.0,0.0,0.0,0.0,0.0,0.0,0.0
236,17,0.0,2.3911056,0.0,0.0,0.0,0.0,0.0,0.0,0.0,0.0,0.0,0.0,0.0,0.0,0.0
236,18,7.4,2.9909064,7.676348547717986,23.213327136929895,0.0,1.0,0.0,0.0,0.0,0.0,7.4,0.0,0.0,0.0,0.0
236,19,36.40143397209296,2.38231392,37.76082362250402,91.20801900846105,0.0,6.0,0.0,0.0,0.0,0.0,36.40143397209296,0.0,0.0,0.0,0.0
236,20,25.875043082114072,1.7938497599999998,26.841330998044047,49.037763224957125,0.0,6.0,0.0,0.0,0.0,0.0,25.875043082114082,0.0,0.0,0.0,0.0
236,21,37.0,1.7982455999999996,38.38174273859015,70.29023568464899,0.0,5.0,0.0,0.0,0.0,0.0,37.0,0.0,0.0,0.0,0.0
236,22,36.40143397209251,0.32876256,37.76082362250303,13.664228303747418,0.0,6.0,0.0,0.0,0.0,0.0,36.401433972092526,0.0,0.0,0.0,0.0
236,23,37.0,0.32922528,38.38174273859141,13.906675684648103,0.0,5.0,0.0,0.0,0.0,0.0,37.0,0.0,0.0,0.0,0.0
237,0,29.6,0.31337712,30.705394190873058,10.638716547718428,0.0,4.0,0.0,0.0,0.0,0.0,29.6,0.0,0.0,0.0,0.0
237,1,34.598280714522176,0.29544672,35.89033269141566,11.791651085473386,0.0,5.0,0.0,0.0,0.0,0.0,34.598280714522176,0.0,0.0,0.0,0.0
237,2,20.921311426995018,0.2762438399999999,21.702605214725335,6.713567235127158,0.0,3.0,0.0,0.0,0.0,0.0,20.921311426995018,0.0,0.0,0.0,0.0
237,3,14.8,0.27474,15.352697095435897,4.7261742738589865,0.0,2.0,0.0,0.0,0.0,0.0,14.8,0.0,0.0,0.0,0.0
237,4,43.80143397209251,0.2920919999999999,45.43717217022082,14.775804892378446,0.0,6.0,0.0,0.0,0.0,0.0,43.801433972092525,0.0,0.0,0.0,0.0
237,5,30.228031306920727,0.3158064,31.356878949089122,10.940615749362468,0.0,6.0,0.0,0.0,0.0,0.0,30.228031306920727,0.0,0.0,0.0,0.0
237,6,22.200000000000003,0.34669296,23.029045643153786,8.74626941078848,0.0,3.0,0.0,0.0,0.0,0.0,22.200000000000003,0.0,0.0,0.0,0.0
237,7,7.4,1.57405776,7.676348547717643,12.337103136929139,0.0,1.0,0.0,0.0,0.0,0.0,7.4,0.0,0.0,0.0,0.0
237,8,0.0,1.45675824,0.0,0.0,0.0,0.0,0.0,0.0,0.0,0.0,0.0,0.0,0.0,0.0,0.0
237,9,0.0,1.31724816,0.0,0.0,0.0,0.0,0.0,0.0,0.0,0.0,0.0,0.0,0.0,0.0,0.0
237,10,0.0,1.2487656,0.0,0.0,0.0,0.0,0.0,0.0,0.0,0.0,0.0,0.0,0.0,0.0,0.0
237,11,0.0,1.1510159999999998,0.0,0.0,0.0,0.0,0.0,0.0,0.0,0.0,0.0,0.0,0.0,0.0,0.0
237,12,0.0,0.3303820799999999,0.0,0.0,0.0,0.0,0.0,0.0,0.0,0.0,0.0,0.0,0.0,0.0,0.0
237,13,0.0,0.32054928,0.0,0.0,0.0,0.0,0.0,0.0,0.0,0.0,0.0,0.0,0.0,0.0,0.0
237,14,0.0,0.74972208,0.0,0.0,0.0,0.0,0.0,0.0,0.0,0.0,0.0,0.0,0.0,0.0,0.0
237,15,22.200000000000003,1.1382911999999998,23.029045643153168,26.976021410787954,0.0,3.0,0.0,0.0,0.0,0.0,22.200000000000003,0.0,0.0,0.0,0.0
237,16,0.0,1.37763312,0.0,0.0,0.0,0.0,0.0,0.0,0.0,0.0,0.0,0.0,0.0,0.0,0.0
237,17,7.4,1.60320912,7.676348547717986,12.560879136929694,0.0,1.0,0.0,0.0,0.0,0.0,7.4,0.0,0.0,0.0,0.0
237,18,14.8,1.82068752,15.352697095435971,28.46063827385945,0.0,2.0,0.0,0.0,0.0,0.0,14.8,0.0,0.0,0.0,0.0
237,19,22.200000000000003,1.7096347199999995,23.02904564315373,40.13351741078873,0.0,3.0,0.0,0.0,0.0,0.0,22.200000000000003,0.0,0.0,0.0,0.0
237,20,36.26313753004696,1.1997172799999998,37.61736258303673,46.3753346203931,0.0,6.0,0.0,0.0,0.0,0.0,36.263137530046976,0.0,0.0,0.0,0.0
237,21,14.8,0.27369888,15.352697095436667,4.710190273859222,0.0,2.0,0.0,0.0,0.0,0.0,14.8,0.0,0.0,0.0,0.0
237,22,29.6,0.24836496,30.70539419087183,8.642492547717971,0.0,4.0,0.0,0.0,0.0,0.0,29.6,0.0,0.0,0.0,0.0
237,23,29.6,0.24327504,30.705394190871868,8.486204547717982,0.0,4.0,0.0,0.0,0.0,0.0,29.6,0.0,0.0,0.0,0.0
238,0,36.40143397209252,0.222684,37.760823622502926,9.658614509458289,0.0,6.0,0.0,0.0,0.0,0.0,36.401433972092526,0.0,0.0,0.0,0.0
238,1,7.4,0.21076896,7.676348547717727,1.8720231369294325,0.0,1.0,0.0,0.0,0.0,0.0,7.4,0.0,0.0,0.0,0.0
238,2,34.997954746844094,0.20093616,36.30493231000492,8.496666946893482,0.0,5.0,0.0,0.0,0.0,0.0,34.997954746844094,0.0,0.0,0.0,0.0
238,3,43.80143397209251,0.19584624,45.43717217022069,10.402669724604667,0.0,6.0,0.0,0.0,0.0,0.0,43.801433972092525,0.0,0.0,0.0,0.0
238,4,34.32508542437432,0.1885584,35.606935087525585,7.89257626040478,0.0,6.0,0.0,0.0,0.0,0.0,34.325085424374336,0.0,0.0,0.0,0.0
238,5,7.4,0.2012832,7.676348547717986,1.799207136929494,0.0,1.0,0.0,0.0,0.0,0.0,7.4,0.0,0.0,0.0,0.0
238,6,23.156232046945853,0.2229153599999999,24.020987600566524,6.149741788114572,0.0,4.0,0.0,0.0,0.0,0.0,23.156232046945853,0.0,0.0,0.0,0.0
238,7,39.70666288443197,0.26062704,41.18948431995034,12.098465308425425,0.0,6.0,0.0,0.0,0.0,0.0,39.70666288443198,0.0,0.0,0.0,0.0
238,8,43.80143397209251,0.30030528,45.43717217022007,15.148993109820434,0.0,6.0,0.0,0.0,0.0,0.0,43.801433972092525,0.0,0.0,0.0,0.0
238,9,36.077878542167106,0.31592208,37.425185209717284,13.062215986280764,0.0,5.0,0.0,0.0,0.0,0.0,36.077878542167106,0.0,0.0,0.0,0.0
238,10,0.0,0.3136084799999999,0.0,0.0,0.0,0.0,0.0,0.0,0.0,0.0,0.0,0.0,0.0,0.0,0.0
238,11,0.0,0.29718192,0.0,0.0,0.0,0.0,0.0,0.0,0.0,0.0,0.0,0.0,0.0,0.0,0.0
238,12,0.0,0.27277344,0.0,0.0,0.0,0.0,0.0,0.0,0.0,0.0,0.0,0.0,0.0,0.0,0.0
238,13,0.0,0.26074272,0.0,0.0,0.0,0.0,0.0,0.0,0.0,0.0,0.0,0.0,0.0,0.0,0.0
238,14,0.0,0.23471472,0.0,0.0,0.0,0.0,0.0,0.0,0.0,0.0,0.0,0.0,0.0,0.0,0.0
238,15,0.0,0.2230310399999999,0.0,0.0,0.0,0.0,0.0,0.0,0.0,0.0,0.0,0.0,0.0,0.0,0.0
238,16,0.0,0.2261544,0.0,0.0,0.0,0.0,0.0,0.0,0.0,0.0,0.0,0.0,0.0,0.0,0.0
238,17,0.0,0.22650144,0.0,0.0,0.0,0.0,0.0,0.0,0.0,0.0,0.0,0.0,0.0,0.0,0.0
238,18,0.0,0.21620592,0.0,0.0,0.0,0.0,0.0,0.0,0.0,0.0,0.0,0.0,0.0,0.0,0.0
238,19,22.200000000000003,0.20741424,23.02904564315392,5.538813410788476,0.0,3.0,0.0,0.0,0.0,0.0,22.200000000000003,0.0,0.0,0.0,0.0
238,20,7.4,0.18300576,7.676348547717919,1.6589031369294769,0.0,1.0,0.0,0.0,0.0,0.0,7.4,0.0,0.0,0.0,0.0
238,21,22.200000000000003,0.167736,23.029045643153427,4.625061410788361,0.0,3.0,0.0,0.0,0.0,0.0,22.200000000000003,0.0,0.0,0.0,0.0
238,22,14.8,0.1237776,15.352697095435897,2.4084942738589543,0.0,3.0,0.0,0.0,0.0,0.0,14.8,0.0,0.0,0.0,0.0
238,23,37.79230192304452,0.1622990399999999,39.20363270025408,7.660352194142251,0.0,6.0,0.0,0.0,0.0,0.0,37.79230192304453,0.0,0.0,0.0,0.0
239,0,36.40143397209251,0.14737632,37.76082362250332,6.814934487558469,0.0,6.0,0.0,0.0,0.0,0.0,36.401433972092526,0.0,0.0,0.0,0.0
239,1,7.4,0.13638672,7.676348547717948,1.3010391369294785,0.0,1.0,0.0,0.0,0.0,0.0,7.4,0.0,0.0,0.0,0.0
239,2,28.371945507928643,0.11949744,29.43147874266418,4.491168311544973,0.0,5.0,0.0,0.0,0.0,0.0,28.371945507928643,0.0,0.0,0.0,0.0
239,3,22.200000000000003,0.1191504,23.029045643153864,3.5061814107884333,0.0,3.0,0.0,0.0,0.0,0.0,22.200000000000003,0.0,0.0,0.0,0.0
239,4,36.57995881135463,0.09323808,37.946015364479194,4.794026724798801,0.0,5.0,0.0,0.0,0.0,0.0,36.57995881135463,0.0,0.0,0.0,0.0
239,5,29.6,0.07496064,30.705394190869733,3.3180445477176645,0.0,4.0,0.0,0.0,0.0,0.0,29.6,0.0,0.0,0.0,0.0
239,6,14.8,0.12007584,15.352697095435897,2.351662273858954,0.0,2.0,0.0,0.0,0.0,0.0,14.8,0.0,0.0,0.0,0.0
239,7,36.40143397209251,0.15003696,37.76082362250351,6.915402445321478,0.0,6.0,0.0,0.0,0.0,0.0,36.401433972092526,0.0,0.0,0.0,0.0
239,8,37.0,0.1619519999999999,38.38174273858956,7.486435684647367,0.0,5.0,0.0,0.0,0.0,0.0,37.0,0.0,0.0,0.0,0.0
239,9,13.674410130345281,0.16762032,14.185072749320938,2.8472323414669782,0.0,2.0,0.0,0.0,0.0,0.0,13.674410130345281,0.0,0.0,0.0,0.0
239,10,0.0,0.1683144,0.0,0.0,0.0,0.0,0.0,0.0,0.0,0.0,0.0,0.0,0.0,0.0,0.0
239,11,0.0,0.14274912,0.0,0.0,0.0,0.0,0.0,0.0,0.0,0.0,0.0,0.0,0.0,0.0,0.0
239,12,0.0,0.1660008,0.0,0.0,0.0,0.0,0.0,0.0,0.0,0.0,0.0,0.0,0.0,0.0,0.0
239,13,0.0,0.1688927999999999,0.0,0.0,0.0,0.0,0.0,0.0,0.0,0.0,0.0,0.0,0.0,0.0,0.0
239,14,0.0,0.17259456,0.0,0.0,0.0,0.0,0.0,0.0,0.0,0.0,0.0,0.0,0.0,0.0,0.0
239,15,22.200000000000003,0.19931664,23.029045643153587,5.352333410788395,0.0,3.0,0.0,0.0,0.0,0.0,22.200000000000003,0.0,0.0,0.0,0.0
239,16,0.0,1.1924294400000002,0.0,0.0,0.0,0.0,0.0,0.0,0.0,0.0,0.0,0.0,0.0,0.0,0.0
239,17,0.0,1.35415008,0.0,0.0,0.0,0.0,0.0,0.0,0.0,0.0,0.0,0.0,0.0,0.0,0.0
239,18,0.0,1.45791504,0.0,0.0,0.0,0.0,0.0,0.0,0.0,0.0,0.0,0.0,0.0,0.0,0.0
239,19,37.0,1.41210576,38.381742738587064,55.46951568464419,0.0,5.0,0.0,0.0,0.0,0.0,37.0,0.0,0.0,0.0,0.0
239,20,23.63969715631938,1.4354731200000002,24.522507423568214,36.013095237252735,0.0,4.0,0.0,0.0,0.0,0.0,23.63969715631928,0.0,0.0,0.0,0.0
239,21,29.6,0.27103824,30.7053941908717,9.338684547717943,0.0,4.0,0.0,0.0,0.0,0.0,29.6,0.0,0.0,0.0,0.0
239,22,22.200000000000003,0.25252944,23.029045643154404,6.577773410788633,0.0,3.0,0.0,0.0,0.0,0.0,22.200000000000003,0.0,0.0,0.0,0.0
239,23,30.01955459748855,0.28237488,31.14061680237426,9.824082348855004,0.0,5.0,0.0,0.0,0.0,0.0,30.01955459748855,0.0,0.0,0.0,0.0
240,0,22.200000000000003,0.2763595199999999,23.029045643153882,7.1265574107884895,0.0,3.0,0.0,0.0,0.0,0.0,22.200000000000003,0.0,0.0,0.0,0.0
240,1,22.200000000000003,0.28503552,23.02904564315646,7.326357410789315,0.0,3.0,0.0,0.0,0.0,0.0,22.200000000000003,0.0,0.0,0.0,0.0
240,2,34.61803136490232,0.29637216,35.910820917949,11.83161573520984,0.0,6.0,0.0,0.0,0.0,0.0,34.61803136490233,0.0,0.0,0.0,0.0
240,3,42.52597502424085,0.3405619199999999,44.11408197535418,16.483752569948233,0.0,6.0,0.0,0.0,0.0,0.0,42.52597502424085,0.0,0.0,0.0,0.0
240,4,22.200000000000003,1.05396048,23.029045643153843,25.033965410788724,0.0,3.0,0.0,0.0,0.0,0.0,22.200000000000003,0.0,0.0,0.0,0.0
240,5,37.0,1.28613024,38.38174273858988,50.63435568464818,0.0,5.0,0.0,0.0,0.0,0.0,37.0,0.0,0.0,0.0,0.0
240,6,22.200000000000003,1.6254196799999996,23.029045643156973,38.194125410794086,0.0,3.0,0.0,0.0,0.0,0.0,22.200000000000003,0.0,0.0,0.0,0.0
240,7,0.0,1.68499488,0.0,0.0,0.0,0.0,0.0,0.0,0.0,0.0,0.0,0.0,0.0,0.0,0.0
240,8,0.0,1.4407944,0.0,0.0,0.0,0.0,0.0,0.0,0.0,0.0,0.0,0.0,0.0,0.0,0.0
240,9,0.0,1.34859744,0.0,0.0,0.0,0.0,0.0,0.0,0.0,0.0,0.0,0.0,0.0,0.0,0.0
240,10,0.0,1.32870048,0.0,0.0,0.0,0.0,0.0,0.0,0.0,0.0,0.0,0.0,0.0,0.0,0.0
240,11,0.0,1.21544976,0.0,0.0,0.0,0.0,0.0,0.0,0.0,0.0,0.0,0.0,0.0,0.0,0.0
240,12,0.6383602612592822,1.159692,0.6621994411403344,0.0,5.893575026148976,0.0,0.0,0.0,0.0,1.0,0.0,0.0,0.0,0.0,0.6383602612592822
240,13,0.0,1.13574624,0.0,0.0,0.0,0.0,0.0,0.0,0.0,0.0,0.0,0.0,0.0,0.0,0.0
240,14,0.0,1.32754368,0.0,0.0,0.0,0.0,0.0,0.0,0.0,0.0,0.0,0.0,0.0,0.0,0.0
240,15,32.770950833221335,1.34732496,33.99476227512038,46.927218353842555,0.0,5.0,0.0,0.0,0.0,0.0,32.770950833221335,0.0,0.0,0.0,0.0
240,16,0.0,1.73589408,0.0,0.0,0.0,0.0,0.0,0.0,0.0,0.0,0.0,0.0,0.0,0.0,0.0
240,17,0.0,1.8838488,0.0,0.0,0.0,0.0,0.0,0.0,0.0,0.0,0.0,0.0,0.0,0.0,0.0
240,18,29.6,2.02393728,30.7053941908716,63.16214054771834,0.0,4.0,0.0,0.0,0.0,0.0,29.6,0.0,0.0,0.0,0.0
240,19,7.4,1.92873264,7.676348547718076,15.059711136929918,0.0,1.0,0.0,0.0,0.0,0.0,7.4,0.0,0.0,0.0,0.0
240,20,36.42284818301895,1.6077206399999997,37.78303753425253,61.99518782809624,0.0,6.0,0.0,0.0,0.0,0.0,36.422848183018964,0.0,0.0,0.0,0.0
240,21,29.6,0.46202592,30.70539419087236,15.203036547718334,0.0,4.0,0.0,0.0,0.0,0.0,29.6,0.0,0.0,0.0,0.0
240,22,29.6,0.3186984,30.70539419087183,10.802108547718005,0.0,4.0,0.0,0.0,0.0,0.0,29.6,0.0,0.0,0.0,0.0
240,23,43.80143397209252,0.1868232,45.43717217022102,9.992688302625949,0.0,6.0,0.0,0.0,0.0,0.0,43.801433972092525,0.0,0.0,0.0,0.0
241,0,29.6,0.17456112,30.70539419087169,6.376316547717908,0.0,4.0,0.0,0.0,0.0,0.0,29.6,0.0,0.0,0.0,0.0
241,1,43.408218131385276,0.16727328,45.029271920524636,9.022662910727421,0.0,6.0,0.0,0.0,0.0,0.0,43.408218131385276,0.0,0.0,0.0,0.0
241,2,22.200000000000003,0.16808304,23.02904564315405,4.633053410788487,0.0,3.0,0.0,0.0,0.0,0.0,22.200000000000003,0.0,0.0,0.0,0.0
241,3,22.200000000000003,0.17618064,23.029045643153623,4.819533410788401,0.0,3.0,0.0,0.0,0.0,0.0,22.200000000000003,0.0,0.0,0.0,0.0
241,4,29.6,0.27427728,30.705394190872493,9.438140547718188,0.0,4.0,0.0,0.0,0.0,0.0,29.6,0.0,0.0,0.0,0.0
241,5,39.992488507402406,0.3285312,41.48598392884117,15.002626151367547,0.0,6.0,0.0,0.0,0.0,0.0,39.992488507402406,0.0,0.0,0.0,0.0
241,6,29.6,0.38729664,30.705394190871907,12.90844454771807,0.0,4.0,0.0,0.0,0.0,0.0,29.6,0.0,0.0,0.0,0.0
241,7,29.6,1.10393424,30.705394190875403,34.91308454772242,0.0,4.0,0.0,0.0,0.0,0.0,29.6,0.0,0.0,0.0,0.0
241,8,14.701321283620473,0.92544,15.250333281764131,14.61805446390219,0.0,2.0,0.0,0.0,0.0,0.0,14.701321283620473,0.0,0.0,0.0,0.0
241,9,0.0,0.7759814399999999,0.0,0.0,0.0,0.0,0.0,0.0,0.0,0.0,0.0,0.0,0.0,0.0,0.0
241,10,0.0,0.5253028799999999,0.0,0.0,0.0,0.0,0.0,0.0,0.0,0.0,0.0,0.0,0.0,0.0,0.0
241,11,0.0,0.56139504,0.0,0.0,0.0,0.0,0.0,0.0,0.0,0.0,0.0,0.0,0.0,0.0,0.0
241,12,0.0,0.5334004800000001,0.0,0.0,0.0,0.0,0.0,0.0,0.0,0.0,0.0,0.0,0.0,0.0,0.0
241,13,0.0,0.5633616,0.0,0.0,0.0,0.0,0.0,0.0,0.0,0.0,0.0,0.0,0.0,0.0,0.0
241,14,0.0,0.70645776,0.0,0.0,0.0,0.0,0.0,0.0,0.0,0.0,0.0,0.0,0.0,0.0,0.0
241,15,29.6,0.980388,30.705394190872433,31.119548547718917,0.0,4.0,0.0,0.0,0.0,0.0,29.6,0.0,0.0,0.0,0.0
241,16,0.0,1.5990446399999998,0.0,0.0,0.0,0.0,0.0,0.0,0.0,0.0,0.0,0.0,0.0,0.0,0.0
241,17,0.0,1.8028728,0.0,0.0,0.0,0.0,0.0,0.0,0.0,0.0,0.0,0.0,0.0,0.0,0.0
241,18,14.8,1.96656,15.352697095435971,30.700174273859496,0.0,2.0,0.0,0.0,0.0,0.0,14.8,0.0,0.0,0.0,0.0
241,19,39.461218932223716,1.8346848,40.93487441102083,76.45753621481364,0.0,6.0,0.0,0.0,0.0,0.0,39.46121893222372,0.0,0.0,0.0,0.0
241,20,25.943886265673022,1.2950376,26.912745088872654,35.74382867174711,0.0,6.0,0.0,0.0,0.0,0.0,25.943886265673022,0.0,0.0,0.0,0.0
241,21,37.54542751435736,0.3366288,38.947538915308336,14.400026826110253,0.0,6.0,0.0,0.0,0.0,0.0,37.54542751435736,0.0,0.0,0.0,0.0
241,22,35.10119340325024,0.31222032,36.41202635191973,12.573812591693354,0.0,6.0,0.0,0.0,0.0,0.0,35.10119340325025,0.0,0.0,0.0,0.0
241,23,29.6,0.5318966399999999,30.705394190871708,17.34844454771803,0.0,5.0,0.0,0.0,0.0,0.0,29.6,0.0,0.0,0.0,0.0
242,0,39.885003036635865,0.381744,41.37448447783876,17.163956638724546,0.0,6.0,0.0,0.0,0.0,0.0,39.88500303663588,0.0,0.0,0.0,0.0
242,1,37.794263752495695,0.39493152,39.20566779304624,16.781261578072627,0.0,6.0,0.0,0.0,0.0,0.0,37.7942637524957,0.0,0.0,0.0,0.0
242,2,36.31733546028615,0.43993104,37.67358450237091,17.820774857684395,0.0,5.0,0.0,0.0,0.0,0.0,36.31733546028615,0.0,0.0,0.0,0.0
242,3,37.0,0.6940799999999999,38.38174273858974,27.910435684647688,0.0,5.0,0.0,0.0,0.0,0.0,37.0,0.0,0.0,0.0,0.0
242,4,29.6,1.10289312,30.705394190871868,34.881116547718406,0.0,5.0,0.0,0.0,0.0,0.0,29.6,0.0,0.0,0.0,0.0
242,5,32.77117994748016,1.47098688,33.99499994551908,51.13143340365596,0.0,6.0,0.0,0.0,0.0,0.0,32.771179947480164,0.0,0.0,0.0,0.0
242,6,36.40143397209252,1.66729584,37.76082362250303,64.20834740267789,0.0,6.0,0.0,0.0,0.0,0.0,36.401433972092526,0.0,0.0,0.0,0.0
242,7,5.993185160713022,1.6184788799999998,6.216997054681559,10.267861032534267,0.0,2.0,0.0,0.0,0.0,0.0,5.993185160713022,0.0,0.0,0.0,0.0
242,8,0.0,1.4425296,0.0,0.0,0.0,0.0,0.0,0.0,0.0,0.0,0.0,0.0,0.0,0.0,0.0
242,9,0.0,1.27583472,0.0,0.0,0.0,0.0,0.0,0.0,0.0,0.0,0.0,0.0,0.0,0.0,0.0
242,10,0.0,1.1487024,0.0,0.0,0.0,0.0,0.0,0.0,0.0,0.0,0.0,0.0,0.0,0.0,0.0
242,11,0.0,1.1306563199999995,0.0,0.0,0.0,0.0,0.0,0.0,0.0,0.0,0.0,0.0,0.0,0.0,0.0
242,12,0.0,1.10566944,0.0,0.0,0.0,0.0,0.0,0.0,0.0,0.0,0.0,0.0,0.0,0.0,0.0
242,13,0.0,1.0885488,0.0,0.0,0.0,0.0,0.0,0.0,0.0,0.0,0.0,0.0,0.0,0.0,0.0
242,14,0.0,1.1180472,0.0,0.0,0.0,0.0,0.0,0.0,0.0,0.0,0.0,0.0,0.0,0.0,0.0
242,15,13.991229099286302,1.10752032,14.51372313204001,16.554647523258875,0.0,2.0,0.0,0.0,0.0,0.0,13.991229099286302,0.0,0.0,0.0,0.0
242,16,0.0,1.33413744,0.0,0.0,0.0,0.0,0.0,0.0,0.0,0.0,0.0,0.0,0.0,0.0,0.0
242,17,0.0,1.6185945599999998,0.0,0.0,0.0,0.0,0.0,0.0,0.0,0.0,0.0,0.0,0.0,0.0,0.0
242,18,22.200000000000003,1.95510768,23.029045643153637,45.7865254107886,0.0,3.0,0.0,0.0,0.0,0.0,22.200000000000003,0.0,0.0,0.0,0.0
242,19,35.34282842338837,1.94446512,36.66268508650558,72.50284723261761,0.0,6.0,0.0,0.0,0.0,0.0,35.34282842338837,0.0,0.0,0.0,0.0
242,20,43.80143397209251,1.5547392,45.43717217022173,72.14692310902713,0.0,6.0,0.0,0.0,0.0,0.0,43.801433972092525,0.0,0.0,0.0,0.0
242,21,28.223474585832584,1.34906016,29.27746326331224,40.46614330841376,0.0,4.0,0.0,0.0,0.0,0.0,28.223474585832584,0.0,0.0,0.0,0.0
242,22,43.80143397209,1.0529193600000002,45.437172170218496,49.345648640510504,0.0,6.0,0.0,0.0,0.0,0.0,43.80143397209,0.0,0.0,0.0,0.0
242,23,43.80143397209251,1.04875488,45.43717217022113,49.15642644575392,0.0,6.0,0.0,0.0,0.0,0.0,43.801433972092525,0.0,0.0,0.0,0.0
243,0,37.0,0.56648496,38.38174273858978,23.013115684647644,0.0,5.0,0.0,0.0,0.0,0.0,37.0,0.0,0.0,0.0,0.0
243,1,43.80143397209252,0.41540688,45.43717217022106,20.378884326088674,0.0,6.0,0.0,0.0,0.0,0.0,43.801433972092525,0.0,0.0,0.0,0.0
243,2,43.80143397209251,0.39712944,45.43717217022192,19.54840913797816,0.0,6.0,0.0,0.0,0.0,0.0,43.801433972092525,0.0,0.0,0.0,0.0
243,3,29.6,0.40927584,30.705394190872063,13.58332454771815,0.0,4.0,0.0,0.0,0.0,0.0,29.6,0.0,0.0,0.0,0.0
243,4,36.115840161545556,1.0323283199999995,37.46456448293095,39.91580799658078,0.0,5.0,0.0,0.0,0.0,0.0,36.115840161545556,0.0,0.0,0.0,0.0
243,5,42.32866637768986,1.21938288,43.90940495611042,54.995777978515456,0.0,6.0,0.0,0.0,0.0,0.0,42.32866637768986,0.0,0.0,0.0,0.0
243,6,43.80143397209252,1.6369876799999994,45.43717217022272,75.8840614555278,0.0,6.0,0.0,0.0,0.0,0.0,43.801433972092525,0.0,0.0,0.0,0.0
243,7,29.001433972092627,1.47746496,30.08447507478524,45.444553887963956,0.0,4.0,0.0,0.0,0.0,0.0,29.001433972092627,0.0,0.0,0.0,0.0
243,8,0.0,1.3202558399999995,0.0,0.0,0.0,0.0,0.0,0.0,0.0,0.0,0.0,0.0,0.0,0.0,0.0
243,9,0.0,1.12059216,0.0,0.0,0.0,0.0,0.0,0.0,0.0,0.0,0.0,0.0,0.0,0.0,0.0
243,10,0.0,1.064256,0.0,0.0,0.0,0.0,0.0,0.0,0.0,0.0,0.0,0.0,0.0,0.0,0.0
243,11,0.0,1.0418140800000002,0.0,0.0,0.0,0.0,0.0,0.0,0.0,0.0,0.0,0.0,0.0,0.0,0.0
243,12,0.0,1.01844672,0.0,0.0,0.0,0.0,0.0,0.0,0.0,0.0,0.0,0.0,0.0,0.0,0.0
243,13,0.0,0.99785568,0.0,0.0,0.0,0.0,0.0,0.0,0.0,0.0,0.0,0.0,0.0,0.0,0.0
243,14,0.0,1.0065316800000002,0.0,0.0,0.0,0.0,0.0,0.0,0.0,0.0,0.0,0.0,0.0,0.0,0.0
243,15,29.6,1.02966768,30.705394190872692,32.632700547719246,0.0,4.0,0.0,0.0,0.0,0.0,29.6,0.0,0.0,0.0,0.0
243,16,0.0,1.15356096,0.0,0.0,0.0,0.0,0.0,0.0,0.0,0.0,0.0,0.0,0.0,0.0,0.0
243,17,0.0,1.3771704,0.0,0.0,0.0,0.0,0.0,0.0,0.0,0.0,0.0,0.0,0.0,0.0,0.0
243,18,7.4,1.7184264,7.676348547717948,13.445327136929645,0.0,1.0,0.0,0.0,0.0,0.0,7.4,0.0,0.0,0.0,0.0
243,19,43.80143397209252,1.6096872,45.437172170220826,74.64360484543498,0.0,6.0,0.0,0.0,0.0,0.0,43.801433972092525,0.0,0.0,0.0,0.0
243,20,42.76722179095277,1.4517840000000002,44.364337957420524,65.87589560356642,0.0,6.0,0.0,0.0,0.0,0.0,42.76722179095277,0.0,0.0,0.0,0.0
243,21,39.17566855536401,1.20295632,40.63866032714163,50.23167293369668,0.0,6.0,0.0,0.0,0.0,0.0,39.17566855536402,0.0,0.0,0.0,0.0
243,22,29.6,1.08808608,30.70539419087187,34.4264605477184,0.0,4.0,0.0,0.0,0.0,0.0,29.6,0.0,0.0,0.0,0.0
243,23,12.654265426043136,0.23355792,13.126831354816638,3.500373545266186,0.0,2.0,0.0,0.0,0.0,0.0,12.654265426043136,0.0,0.0,0.0,0.0
244,0,22.200000000000003,0.22881504,23.02904564315392,6.0316534107884845,0.0,3.0,0.0,0.0,0.0,0.0,22.200000000000003,0.0,0.0,0.0,0.0
244,1,37.0,0.21944496,38.38174273858951,9.693115684647378,0.0,5.0,0.0,0.0,0.0,0.0,37.0,0.0,0.0,0.0,0.0
244,2,14.201182180410838,0.21840384,14.731516784658602,3.7050330403660916,0.0,2.0,0.0,0.0,0.0,0.0,14.201182180410838,0.0,0.0,0.0,0.0
244,3,37.0,0.21956064,38.38174273858992,9.697555684647481,0.0,5.0,0.0,0.0,0.0,0.0,37.0,0.0,0.0,0.0,0.0
244,4,42.34580120983449,0.23008752,43.92717967825194,11.561085480113526,0.0,6.0,0.0,0.0,0.0,0.0,42.3458012098345,0.0,0.0,0.0,0.0
244,5,43.80143397209252,0.24848064,45.437172170221025,12.794228019481025,0.0,6.0,0.0,0.0,0.0,0.0,43.801433972092525,0.0,0.0,0.0,0.0
244,6,37.0,0.8482814399999999,38.381742738592735,33.82895568465041,0.0,5.0,0.0,0.0,0.0,0.0,37.0,0.0,0.0,0.0,0.0
244,7,16.261342909649805,1.46126976,16.868612976815164,25.207945125696163,0.0,3.0,0.0,0.0,0.0,0.0,16.261342909649805,0.0,0.0,0.0,0.0
244,8,0.0,1.25663184,0.0,0.0,0.0,0.0,0.0,0.0,0.0,0.0,0.0,0.0,0.0,0.0,0.0
244,9,0.0,1.1541393599999998,0.0,0.0,0.0,0.0,0.0,0.0,0.0,0.0,0.0,0.0,0.0,0.0,0.0
244,10,0.0,1.0897056,0.0,0.0,0.0,0.0,0.0,0.0,0.0,0.0,0.0,0.0,0.0,0.0,0.0
244,11,0.0,1.03903776,0.0,0.0,0.0,0.0,0.0,0.0,0.0,0.0,0.0,0.0,0.0,0.0,0.0
244,12,0.0,0.3256392,0.0,0.0,0.0,0.0,0.0,0.0,0.0,0.0,0.0,0.0,0.0,0.0,0.0
244,13,0.0,0.3052795199999999,0.0,0.0,0.0,0.0,0.0,0.0,0.0,0.0,0.0,0.0,0.0,0.0,0.0
244,14,0.0,0.3464616,0.0,0.0,0.0,0.0,0.0,0.0,0.0,0.0,0.0,0.0,0.0,0.0,0.0
244,15,22.200000000000003,0.35039472,23.029045643153644,8.831517410788427,0.0,3.0,0.0,0.0,0.0,0.0,22.200000000000003,0.0,0.0,0.0,0.0
244,16,0.0,0.36878784,0.0,0.0,0.0,0.0,0.0,0.0,0.0,0.0,0.0,0.0,0.0,0.0,0.0
244,17,0.0,0.3695976,0.0,0.0,0.0,0.0,0.0,0.0,0.0,0.0,0.0,0.0,0.0,0.0,0.0
244,18,0.0,0.34842816,0.0,0.0,0.0,0.0,0.0,0.0,0.0,0.0,0.0,0.0,0.0,0.0,0.0
244,19,7.4,0.30898128,7.676348547717986,2.62593513692951,0.0,1.0,0.0,0.0,0.0,0.0,7.4,0.0,0.0,0.0,0.0
244,20,43.80143397209251,0.27578112,45.437172170221096,14.034684629570723,0.0,6.0,0.0,0.0,0.0,0.0,43.801433972092525,0.0,0.0,0.0,0.0
244,21,26.16189972135603,0.25414896,27.13890012588839,7.795620836705309,0.0,4.0,0.0,0.0,0.0,0.0,26.16189972135603,0.0,0.0,0.0,0.0
244,22,14.8,0.23286384,15.352697095436096,4.083262273859031,0.0,2.0,0.0,0.0,0.0,0.0,14.8,0.0,0.0,0.0,0.0
244,23,14.8,0.21851952,15.352697095436325,3.863038273859082,0.0,2.0,0.0,0.0,0.0,0.0,14.8,0.0,0.0,0.0,0.0
245,0,29.075381522426397,0.20868672,30.161184151895057,7.292573787402687,0.0,4.0,0.0,0.0,0.0,0.0,29.075381522426397,0.0,0.0,0.0,0.0
245,1,43.80143397209251,0.20047344,45.437172170221714,10.61291660767095,0.0,6.0,0.0,0.0,0.0,0.0,43.80143397209252,0.0,0.0,0.0,0.0
245,2,42.947562627470894,0.19330128,44.551413513981814,10.086497045374779,0.0,6.0,0.0,0.0,0.0,0.0,42.9475626274709,0.0,0.0,0.0,0.0
245,3,14.8,0.19758144,15.352697095435389,3.541582273858853,0.0,2.0,0.0,0.0,0.0,0.0,14.8,0.0,0.0,0.0,0.0
245,4,43.80143397209252,0.19110336,45.43717217022045,10.187166669461915,0.0,6.0,0.0,0.0,0.0,0.0,43.801433972092525,0.0,0.0,0.0,0.0
245,5,13.780260165594786,0.21296688,14.294875690451168,3.5174954611371643,0.0,2.0,0.0,0.0,0.0,0.0,13.780260165594786,0.0,0.0,0.0,0.0
245,6,7.4,0.2238408,7.676348547718278,1.9723671369295726,0.0,2.0,0.0,0.0,0.0,0.0,7.4,0.0,0.0,0.0,0.0
245,7,35.8263925612165,0.22684848,37.164307636117165,9.660805280261048,0.0,6.0,0.0,0.0,0.0,0.0,35.8263925612165,0.0,0.0,0.0,0.0
245,8,39.727208099283004,0.23355792,41.21079678348921,10.98918535182792,0.0,6.0,0.0,0.0,0.0,0.0,39.727208099283004,0.0,0.0,0.0,0.0
245,9,0.0,0.2359872,0.0,0.0,0.0,0.0,0.0,0.0,0.0,0.0,0.0,0.0,0.0,0.0,0.0
245,10,14.8,0.2348304,15.352697095435934,4.113454273858988,0.0,2.0,0.0,0.0,0.0,0.0,14.8,0.0,0.0,0.0,0.0
245,11,0.0,0.22823664,0.0,0.0,0.0,0.0,0.0,0.0,0.0,0.0,0.0,0.0,0.0,0.0,0.0
245,12,0.0,0.22546032,0.0,0.0,0.0,0.0,0.0,0.0,0.0,0.0,0.0,0.0,0.0,0.0,0.0
245,13,0.0,0.2253446399999999,0.0,0.0,0.0,0.0,0.0,0.0,0.0,0.0,0.0,0.0,0.0,0.0,0.0
245,14,0.0,0.23702832,0.0,0.0,0.0,0.0,0.0,0.0,0.0,0.0,0.0,0.0,0.0,0.0,0.0
245,15,0.0,0.25079424,0.0,0.0,0.0,0.0,0.0,0.0,0.0,0.0,0.0,0.0,0.0,0.0,0.0
245,16,0.0,0.27022848,0.0,0.0,0.0,0.0,0.0,0.0,0.0,0.0,0.0,0.0,0.0,0.0,0.0
245,17,0.0,0.28318464,0.0,0.0,0.0,0.0,0.0,0.0,0.0,0.0,0.0,0.0,0.0,0.0,0.0
245,18,0.0,0.28896864,0.0,0.0,0.0,0.0,0.0,0.0,0.0,0.0,0.0,0.0,0.0,0.0,0.0
245,19,22.200000000000003,0.28815888,23.029045643154184,7.398285410788594,0.0,3.0,0.0,0.0,0.0,0.0,22.200000000000003,0.0,0.0,0.0,0.0
245,20,42.4105106137498,0.27207936,43.99430561592577,13.426154031512631,0.0,6.0,0.0,0.0,0.0,0.0,42.41051061374981,0.0,0.0,0.0,0.0
245,21,29.6,0.24917472,30.705394190871786,8.667356547717958,0.0,4.0,0.0,0.0,0.0,0.0,29.6,0.0,0.0,0.0,0.0
245,22,24.275261348252805,0.24188688,25.18180637785586,6.9246663686106835,0.0,4.0,0.0,0.0,0.0,0.0,24.275261348252805,0.0,0.0,0.0,0.0
245,23,14.8,0.2290464,15.352697095435715,4.024654273858929,0.0,2.0,0.0,0.0,0.0,0.0,14.8,0.0,0.0,0.0,0.0
246,0,14.8,0.22418784,15.35269709543569,3.950062273858922,0.0,2.0,0.0,0.0,0.0,0.0,14.8,0.0,0.0,0.0,0.0
246,1,25.354853840563813,0.2221056,26.301715602244773,6.7123451113002375,0.0,4.0,0.0,0.0,0.0,0.0,25.354853840563813,0.0,0.0,0.0,0.0
246,2,22.200000000000003,0.222684,23.02904564315117,5.89046141078778,0.0,3.0,0.0,0.0,0.0,0.0,22.200000000000003,0.0,0.0,0.0,0.0
246,3,22.200000000000003,0.22650144,23.02904564315294,5.97837341078823,0.0,3.0,0.0,0.0,0.0,0.0,22.200000000000003,0.0,0.0,0.0,0.0
246,4,29.6,0.2281209599999999,30.7053941908758,8.020892547718995,0.0,4.0,0.0,0.0,0.0,0.0,29.6,0.0,0.0,0.0,0.0
246,5,37.0,0.22765824,38.38174273859006,10.008355684647524,0.0,5.0,0.0,0.0,0.0,0.0,37.0,0.0,0.0,0.0,0.0
246,6,0.0,0.24038304,0.0,0.0,0.0,0.0,0.0,0.0,0.0,0.0,0.0,0.0,0.0,0.0,0.0
246,7,14.8,0.25785072,15.352697095436538,4.4668782738591695,0.0,2.0,0.0,0.0,0.0,0.0,14.8,0.0,0.0,0.0,0.0
246,8,31.660859963631793,0.26930304,32.84321572991088,9.93188828010087,0.0,5.0,0.0,0.0,0.0,0.0,31.660859963631793,0.0,0.0,0.0,0.0
246,9,7.4,0.27786336,7.676348547720593,2.3870631369303164,0.0,1.0,0.0,0.0,0.0,0.0,7.4,0.0,0.0,0.0,0.0
246,10,0.0,0.2799456,0.0,0.0,0.0,0.0,0.0,0.0,0.0,0.0,0.0,0.0,0.0,0.0,0.0
246,11,0.0,0.24396912,0.0,0.0,0.0,0.0,0.0,0.0,0.0,0.0,0.0,0.0,0.0,0.0,0.0
246,12,0.0,0.1343044799999999,0.0,0.0,0.0,0.0,0.0,0.0,0.0,0.0,0.0,0.0,0.0,0.0,0.0
246,13,0.0,0.0571459199999999,0.0,0.0,0.0,0.0,0.0,0.0,0.0,0.0,0.0,0.0,0.0,0.0,0.0
246,14,0.0,0.18173328,0.0,0.0,0.0,0.0,0.0,0.0,0.0,0.0,0.0,0.0,0.0,0.0,0.0
246,15,14.8,0.28873728,15.352697095435872,4.941070273858982,0.0,2.0,0.0,0.0,0.0,0.0,14.8,0.0,0.0,0.0,0.0
246,16,0.0,0.2926704,0.0,0.0,0.0,0.0,0.0,0.0,0.0,0.0,0.0,0.0,0.0,0.0,0.0
246,17,0.0,0.2775163199999999,0.0,0.0,0.0,0.0,0.0,0.0,0.0,0.0,0.0,0.0,0.0,0.0,0.0
246,18,7.4,0.2643288,7.676348547717986,2.283167136929503,0.0,1.0,0.0,0.0,0.0,0.0,7.4,0.0,0.0,0.0,0.0
246,19,30.803985153753942,0.22696416,31.954341445804275,8.310178966456274,0.0,5.0,0.0,0.0,0.0,0.0,30.803985153753835,0.0,0.0,0.0,0.0
246,20,40.39407922282162,0.18462528,41.90257180790887,9.123249179597066,0.0,6.0,0.0,0.0,0.0,0.0,40.394079222821624,0.0,0.0,0.0,0.0
246,21,37.89205950412876,0.1119782399999999,39.307115668183826,5.7026071606165285,0.0,6.0,0.0,0.0,0.0,0.0,37.89205950412876,0.0,0.0,0.0,0.0
246,22,37.90547373905945,0.01607952,39.32103084964701,1.933789423090832,0.0,6.0,0.0,0.0,0.0,0.0,37.90547373905947,0.0,0.0,0.0,0.0
246,23,37.0,-0.00219792,38.38174273858986,1.1860756846473226,0.0,6.0,0.0,0.0,0.0,0.0,37.0,0.0,0.0,0.0,0.0
247,0,22.200000000000003,-0.0139972799999999,23.029045643153882,0.43991741078839075,0.0,3.0,0.0,0.0,0.0,0.0,22.200000000000003,0.0,0.0,0.0,0.0
247,1,29.6,-0.01920288,30.705394190873072,0.42671654771786593,0.0,4.0,0.0,0.0,0.0,0.0,29.6,0.0,0.0,0.0,0.0
247,2,29.6,-0.0208223999999999,30.70539419087183,0.37698854771785095,0.0,4.0,0.0,0.0,0.0,0.0,29.6,0.0,0.0,0.0,0.0
247,3,36.54148005913194,-0.01862448,37.906099646402886,0.5487105035534979,0.0,6.0,0.0,0.0,0.0,0.0,36.54148005913194,0.0,0.0,0.0,0.0
247,4,14.8,-0.00161952,15.35269709543604,0.4833102738589323,0.0,2.0,0.0,0.0,0.0,0.0,14.8,0.0,0.0,0.0,0.0
247,5,37.0,0.03019248,38.38174273859042,2.4292756846473793,0.0,5.0,0.0,0.0,0.0,0.0,37.0,0.0,0.0,0.0,0.0
247,6,7.4,0.14772336,7.676348547717986,1.3880631369294865,0.0,1.0,0.0,0.0,0.0,0.0,7.4,0.0,0.0,0.0,0.0
247,7,7.4,0.23911056,7.676348547717948,2.0895831369294893,0.0,1.0,0.0,0.0,0.0,0.0,7.4,0.0,0.0,0.0,0.0
247,8,0.0,0.30898128,0.0,0.0,0.0,0.0,0.0,0.0,0.0,0.0,0.0,0.0,0.0,0.0,0.0
247,9,0.0,1.0486392,0.0,0.0,0.0,0.0,0.0,0.0,0.0,0.0,0.0,0.0,0.0,0.0,0.0
247,10,0.0,0.552372,0.0,0.0,0.0,0.0,0.0,0.0,0.0,0.0,0.0,0.0,0.0,0.0,0.0
247,11,0.0,0.29891712,0.0,0.0,0.0,0.0,0.0,0.0,0.0,0.0,0.0,0.0,0.0,0.0,0.0
247,12,0.0,0.2244191999999999,0.0,0.0,0.0,0.0,0.0,0.0,0.0,0.0,0.0,0.0,0.0,0.0,0.0
247,13,0.0,0.20220864,0.0,0.0,0.0,0.0,0.0,0.0,0.0,0.0,0.0,0.0,0.0,0.0,0.0
247,14,0.0,0.16981824,0.0,0.0,0.0,0.0,0.0,0.0,0.0,0.0,0.0,0.0,0.0,0.0,0.0
247,15,22.200000000000003,0.14274912,23.02904564315384,4.049637410788437,0.0,3.0,0.0,0.0,0.0,0.0,22.200000000000003,0.0,0.0,0.0,0.0
247,16,0.0,0.0572616,0.0,0.0,0.0,0.0,0.0,0.0,0.0,0.0,0.0,0.0,0.0,0.0,0.0
247,17,0.0,0.02637504,0.0,0.0,0.0,0.0,0.0,0.0,0.0,0.0,0.0,0.0,0.0,0.0,0.0
247,18,27.576833387504692,0.0068251199999999,28.606673638490697,1.1421248778175748,0.0,4.0,0.0,0.0,0.0,0.0,27.576833387504692,0.0,0.0,0.0,0.0
247,19,20.722217480189098,0.0,21.49607622426445,0.7115201230231533,0.0,3.0,0.0,0.0,0.0,0.0,20.722217480189098,0.0,0.0,0.0,0.0
247,20,37.0,-0.00092544,38.38174273858985,1.2349156846473235,0.0,5.0,0.0,0.0,0.0,0.0,37.0,0.0,0.0,0.0,0.0
247,21,29.6,-0.01781472,30.705394190871907,0.4693405477178505,0.0,4.0,0.0,0.0,0.0,0.0,29.6,0.0,0.0,0.0,0.0
247,22,43.80143397209251,-0.0242928,45.43717217022079,0.4001742627375685,0.0,6.0,0.0,0.0,0.0,0.0,43.801433972092525,0.0,0.0,0.0,0.0
247,23,29.6,-0.0283415999999999,30.705394190871793,0.14610854771784731,0.0,4.0,0.0,0.0,0.0,0.0,29.6,0.0,0.0,0.0,0.0
248,0,26.71139485119381,-0.02336736,27.708915820743282,0.2696809024735988,0.0,4.0,0.0,0.0,0.0,0.0,26.71139485119381,0.0,0.0,0.0,0.0
248,1,43.80143397209251,-0.0204753599999999,45.43717217022106,0.5736279412670638,0.0,6.0,0.0,0.0,0.0,0.0,43.801433972092525,0.0,0.0,0.0,0.0
248,2,39.13262068864531,-0.0075191999999999,40.594004863740416,1.0384271196183747,0.0,6.0,0.0,0.0,0.0,0.0,39.13262068864521,0.0,0.0,0.0,0.0
248,3,22.200000000000003,0.00011568,23.029045643153957,0.764925410788396,0.0,3.0,0.0,0.0,0.0,0.0,22.200000000000003,0.0,0.0,0.0,0.0
248,4,39.97960891256467,0.04661904,41.472623353283566,3.306157720005346,0.0,6.0,0.0,0.0,0.0,0.0,39.979608912564686,0.0,0.0,0.0,0.0
248,5,43.54439016414105,0.1660008,45.170529215914094,8.993488503311866,0.0,6.0,0.0,0.0,0.0,0.0,43.54439016414106,0.0,0.0,0.0,0.0
248,6,43.80143397209251,0.22546032,45.437172170220784,11.748249776227382,0.0,6.0,0.0,0.0,0.0,0.0,43.801433972092525,0.0,0.0,0.0,0.0
248,7,14.8,0.24963744,15.352697095436174,4.340782273859059,0.0,2.0,0.0,0.0,0.0,0.0,14.8,0.0,0.0,0.0,0.0
248,8,0.0,0.2430436799999999,0.0,0.0,0.0,0.0,0.0,0.0,0.0,0.0,0.0,0.0,0.0,0.0,0.0
248,9,0.0,0.20891808,0.0,0.0,0.0,0.0,0.0,0.0,0.0,0.0,0.0,0.0,0.0,0.0,0.0
248,10,0.0,0.17190048,0.0,0.0,0.0,0.0,0.0,0.0,0.0,0.0,0.0,0.0,0.0,0.0,0.0
248,11,3.3461881610367334,0.1619519999999999,3.4711495446439145,0.0,30.89323094733084,0.0,0.0,0.0,0.0,1.0,0.0,0.0,0.0,0.0,3.3461881610367334
248,12,0.0,0.10550016,0.0,0.0,0.0,0.0,0.0,0.0,0.0,0.0,0.0,0.0,0.0,0.0,0.0
248,13,0.0,0.14031984,0.0,0.0,0.0,0.0,0.0,0.0,0.0,0.0,0.0,0.0,0.0,0.0,0.0
248,14,0.0,0.14841744,0.0,0.0,0.0,0.0,0.0,0.0,0.0,0.0,0.0,0.0,0.0,0.0,0.0
248,15,22.200000000000003,0.15049968,23.029045643153772,4.228125410788426,0.0,3.0,0.0,0.0,0.0,0.0,22.200000000000003,0.0,0.0,0.0,0.0
248,16,0.0,0.27659088,0.0,0.0,0.0,0.0,0.0,0.0,0.0,0.0,0.0,0.0,0.0,0.0,0.0
248,17,7.4,0.21898224,7.67634854771821,1.9350711369295535,0.0,1.0,0.0,0.0,0.0,0.0,7.4,0.0,0.0,0.0,0.0
248,18,37.0,0.0732254399999999,38.381742738589814,4.080955684647364,0.0,5.0,0.0,0.0,0.0,0.0,37.0,0.0,0.0,0.0,0.0
248,19,40.23147886095934,0.04141344,41.73389923336067,3.109736396491066,0.0,6.0,0.0,0.0,0.0,0.0,40.23147886095925,0.0,0.0,0.0,0.0
248,20,29.00143397209284,0.0202439999999999,30.084475074785765,1.6048262383893688,0.0,4.0,0.0,0.0,0.0,0.0,29.00143397209284,0.0,0.0,0.0,0.0
248,21,33.509890224734555,0.0026606399999999,34.76129691362852,1.243086224861377,0.0,6.0,0.0,0.0,0.0,0.0,33.509890224734555,0.0,0.0,0.0,0.0
248,22,35.87329742382201,-0.00185088,37.21296413259584,1.1628723817351834,0.0,6.0,0.0,0.0,0.0,0.0,35.87329742382202,0.0,0.0,0.0,0.0
248,23,37.0,-0.01295616,38.38174273859132,0.7731556846473451,0.0,5.0,0.0,0.0,0.0,0.0,37.0,0.0,0.0,0.0,0.0
249,0,17.73481539169097,-0.01203072,18.397111402168637,0.3876138913234835,0.0,3.0,0.0,0.0,0.0,0.0,17.73481539169097,0.0,0.0,0.0,0.0
249,1,29.6,-0.01168368,30.705394190871832,0.657596547717852,0.0,4.0,0.0,0.0,0.0,0.0,29.6,0.0,0.0,0.0,0.0
249,2,42.209732727279174,0.0,43.78602980008276,1.449317586382739,0.0,6.0,0.0,0.0,0.0,0.0,42.20973272727918,0.0,0.0,0.0,0.0
249,3,17.907090416417375,0.00856032,18.575819934043075,0.7738746027146134,0.0,3.0,0.0,0.0,0.0,0.0,17.907090416417375,0.0,0.0,0.0,0.0
249,4,26.331255036172287,0.023136,27.314579913042152,1.5360627159898383,0.0,4.0,0.0,0.0,0.0,0.0,26.3312550361723,0.0,0.0,0.0,0.0
249,5,42.80588438882857,0.1151016,44.4044443867506,6.580809705227457,0.0,6.0,0.0,0.0,0.0,0.0,42.80588438882857,0.0,0.0,0.0,0.0
249,6,37.0,0.17282592,38.381742738590056,7.903795684647475,0.0,5.0,0.0,0.0,0.0,0.0,37.0,0.0,0.0,0.0,0.0
249,7,14.8,0.22349376,15.352697095435934,3.9394062738589852,0.0,2.0,0.0,0.0,0.0,0.0,14.8,0.0,0.0,0.0,0.0
249,8,0.0,0.22974048,0.0,0.0,0.0,0.0,0.0,0.0,0.0,0.0,0.0,0.0,0.0,0.0,0.0
249,9,0.0,0.2221056,0.0,0.0,0.0,0.0,0.0,0.0,0.0,0.0,0.0,0.0,0.0,0.0,0.0
249,10,0.0,0.21886656,0.0,0.0,0.0,0.0,0.0,0.0,0.0,0.0,0.0,0.0,0.0,0.0,0.0
249,11,0.0,0.2105376,0.0,0.0,0.0,0.0,0.0,0.0,0.0,0.0,0.0,0.0,0.0,0.0,0.0
249,12,0.0,0.21204144,0.0,0.0,0.0,0.0,0.0,0.0,0.0,0.0,0.0,0.0,0.0,0.0,0.0
249,13,0.0,0.2359872,0.0,0.0,0.0,0.0,0.0,0.0,0.0,0.0,0.0,0.0,0.0,0.0,0.0
249,14,0.0,0.401988,0.0,0.0,0.0,0.0,0.0,0.0,0.0,0.0,0.0,0.0,0.0,0.0,0.0
249,15,22.200000000000003,1.05777792,23.02904564315348,25.121877410788326,0.0,3.0,0.0,0.0,0.0,0.0,22.200000000000003,0.0,0.0,0.0,0.0
249,16,0.0,1.22470416,0.0,0.0,0.0,0.0,0.0,0.0,0.0,0.0,0.0,0.0,0.0,0.0,0.0
249,17,14.8,1.68696144,15.352697095435744,26.40758227385902,0.0,2.0,0.0,0.0,0.0,0.0,14.8,0.0,0.0,0.0,0.0
249,18,43.80143397209251,2.19248304,45.43717217022102,101.1241997676039,0.0,6.0,0.0,0.0,0.0,0.0,43.801433972092525,0.0,0.0,0.0,0.0
249,19,32.645217315474085,1.92075072,33.864333314807496,66.16585202945662,0.0,6.0,0.0,0.0,0.0,0.0,32.645217315474106,0.0,0.0,0.0,0.0
249,20,29.6,1.12811136,30.70539419087183,35.65545254771837,0.0,4.0,0.0,0.0,0.0,0.0,29.6,0.0,0.0,0.0,0.0
249,21,39.63371512403149,0.23818512,41.11381236932759,11.153565522270517,0.0,6.0,0.0,0.0,0.0,0.0,39.63371512403149,0.0,0.0,0.0,0.0
249,22,19.778471436632522,0.1989696,20.51708655252378,4.761392069409572,0.0,3.0,0.0,0.0,0.0,0.0,19.778471436632522,0.0,0.0,0.0,0.0
249,23,43.18098908807968,0.1641499199999999,44.79355714531127,8.835525563428071,0.0,6.0,0.0,0.0,0.0,0.0,43.18098908807969,0.0,0.0,0.0,0.0
250,0,28.008298755186473,0.1486488,29.05425182073354,5.280575403316137,0.0,4.0,0.0,0.0,0.0,0.0,28.008298755186473,0.0,0.0,0.0,0.0
250,1,22.200000000000003,0.14621952,23.029045643154532,4.1295574107885615,0.0,3.0,0.0,0.0,0.0,0.0,22.200000000000003,0.0,0.0,0.0,0.0
250,2,22.200000000000003,0.14552544,23.029045643153882,4.113573410788446,0.0,3.0,0.0,0.0,0.0,0.0,22.200000000000003,0.0,0.0,0.0,0.0
250,3,14.8,0.14714496,15.352697095435971,2.7672462738589725,0.0,2.0,0.0,0.0,0.0,0.0,14.8,0.0,0.0,0.0,0.0
250,4,29.6,0.16530672,30.705394190871942,6.092156547717956,0.0,4.0,0.0,0.0,0.0,0.0,29.6,0.0,0.0,0.0,0.0
250,5,43.80143397209251,0.2649072,45.437172170221096,13.540604454365514,0.0,6.0,0.0,0.0,0.0,0.0,43.801433972092525,0.0,0.0,0.0,0.0
250,6,43.80143397209268,1.5038399999999998,45.437172170222865,69.83420739530233,0.0,6.0,0.0,0.0,0.0,0.0,43.80143397209268,0.0,0.0,0.0,0.0
250,7,43.80143397209251,1.457568,45.43717217022101,67.731738564639,0.0,6.0,0.0,0.0,0.0,0.0,43.801433972092525,0.0,0.0,0.0,0.0
250,8,0.0,1.18780224,0.0,0.0,0.0,0.0,0.0,0.0,0.0,0.0,0.0,0.0,0.0,0.0,0.0
250,9,0.0,0.97784304,0.0,0.0,0.0,0.0,0.0,0.0,0.0,0.0,0.0,0.0,0.0,0.0,0.0
250,10,0.0,0.81681648,0.0,0.0,0.0,0.0,0.0,0.0,0.0,0.0,0.0,0.0,0.0,0.0,0.0
250,11,0.0,0.8022408,0.0,0.0,0.0,0.0,0.0,0.0,0.0,0.0,0.0,0.0,0.0,0.0,0.0
250,12,0.0,0.55387584,0.0,0.0,0.0,0.0,0.0,0.0,0.0,0.0,0.0,0.0,0.0,0.0,0.0
250,13,0.0,0.4430543999999999,0.0,0.0,0.0,0.0,0.0,0.0,0.0,0.0,0.0,0.0,0.0,0.0,0.0
250,14,0.0,0.3813969599999999,0.0,0.0,0.0,0.0,0.0,0.0,0.0,0.0,0.0,0.0,0.0,0.0,0.0
250,15,42.78166160865352,0.55572672,44.379317021421194,26.13172767756361,0.0,6.0,0.0,0.0,0.0,0.0,42.78166160865355,0.0,0.0,0.0,0.0
250,16,0.0,0.6321912,0.0,0.0,0.0,0.0,0.0,0.0,0.0,0.0,0.0,0.0,0.0,0.0,0.0
250,17,0.0,0.98582496,0.0,0.0,0.0,0.0,0.0,0.0,0.0,0.0,0.0,0.0,0.0,0.0,0.0
250,18,14.8,0.555264,15.352697095435971,9.03297427385909,0.0,2.0,0.0,0.0,0.0,0.0,14.8,0.0,0.0,0.0,0.0
250,19,30.195894184340688,0.32702736,31.323541685001103,11.2804643728694,0.0,6.0,0.0,0.0,0.0,0.0,30.195894184340695,0.0,0.0,0.0,0.0
250,20,42.844861218640325,0.2383008,44.44487678282273,12.062375114759515,0.0,6.0,0.0,0.0,0.0,0.0,42.844861218640325,0.0,0.0,0.0,0.0
250,21,42.924209541505114,0.18080784,44.527188321064074,9.524714675032042,0.0,6.0,0.0,0.0,0.0,0.0,42.92420954150513,0.0,0.0,0.0,0.0
250,22,29.259464631777675,0.14957424,30.35214173420945,5.544554423668993,0.0,4.0,0.0,0.0,0.0,0.0,29.259464631777675,0.0,0.0,0.0,0.0
250,23,41.62819757568664,0.25553712,43.18277756814017,12.464152550868583,0.0,6.0,0.0,0.0,0.0,0.0,41.62819757568664,0.0,0.0,0.0,0.0
251,0,43.80143397209304,0.21909792,45.437172170224066,11.459160312012395,0.0,6.0,0.0,0.0,0.0,0.0,43.80143397209305,0.0,0.0,0.0,0.0
251,1,20.810319287332273,0.20683584,21.587468140386875,5.179607301736963,0.0,3.0,0.0,0.0,0.0,0.0,20.810319287332284,0.0,0.0,0.0,0.0
251,2,26.565762043400653,0.20244,27.557844443362065,6.490974680189501,0.0,5.0,0.0,0.0,0.0,0.0,26.565762043400653,0.0,0.0,0.0,0.0
251,3,29.6,0.26328768,30.705394190871814,9.100700547717976,0.0,4.0,0.0,0.0,0.0,0.0,29.6,0.0,0.0,0.0,0.0
251,4,37.0437707167878,1.07883168,38.42714804646091,42.72836328490999,0.0,6.0,0.0,0.0,0.0,0.0,37.043770716787805,0.0,0.0,0.0,0.0
251,5,43.202867944184746,1.3059115200000002,44.81625305413384,60.00947912272039,0.0,6.0,0.0,0.0,0.0,0.0,43.20286794418476,0.0,0.0,0.0,0.0
251,6,41.63583299563017,1.54733568,43.19069812824775,68.26012036599197,0.0,6.0,0.0,0.0,0.0,0.0,41.63583299563019,0.0,0.0,0.0,0.0
251,7,7.4,1.4200876800000002,7.676348547717986,11.15517513692967,0.0,1.0,0.0,0.0,0.0,0.0,7.4,0.0,0.0,0.0,0.0
251,8,7.4,1.16038608,7.676348547717948,9.161615136929587,0.0,1.0,0.0,0.0,0.0,0.0,7.4,0.0,0.0,0.0,0.0
251,9,0.0,1.0395004799999998,0.0,0.0,0.0,0.0,0.0,0.0,0.0,0.0,0.0,0.0,0.0,0.0,0.0
251,10,0.0,0.95412864,0.0,0.0,0.0,0.0,0.0,0.0,0.0,0.0,0.0,0.0,0.0,0.0,0.0
251,11,0.0,0.8687567999999999,0.0,0.0,0.0,0.0,0.0,0.0,0.0,0.0,0.0,0.0,0.0,0.0,0.0
251,12,0.0,0.8202868799999998,0.0,0.0,0.0,0.0,0.0,0.0,0.0,0.0,0.0,0.0,0.0,0.0,0.0
251,13,0.0,0.83948976,0.0,0.0,0.0,0.0,0.0,0.0,0.0,0.0,0.0,0.0,0.0,0.0,0.0
251,14,0.0,0.92810064,0.0,0.0,0.0,0.0,0.0,0.0,0.0,0.0,0.0,0.0,0.0,0.0,0.0
251,15,15.445774296800355,1.02272688,16.022587444813848,16.91707851138498,0.0,3.0,0.0,0.0,0.0,0.0,15.445774296800355,0.0,0.0,0.0,0.0
251,16,0.0,1.2481872,0.0,0.0,0.0,0.0,0.0,0.0,0.0,0.0,0.0,0.0,0.0,0.0,0.0
251,17,0.0,1.96447776,0.0,0.0,0.0,0.0,0.0,0.0,0.0,0.0,0.0,0.0,0.0,0.0,0.0
251,18,0.0,2.58695184,0.0,0.0,0.0,0.0,0.0,0.0,0.0,0.0,0.0,0.0,0.0,0.0,0.0
251,19,8.32726021627242,2.2407216,8.63823673887191,17.454647136929704,8.56080490127026,1.0,0.0,0.0,0.0,1.0,7.4,0.0,0.0,0.0,0.9272602162724191
251,20,27.721073030967165,0.2955624,28.756299824655088,9.45111451549072,0.0,4.0,0.0,0.0,0.0,0.0,27.721073030967165,0.0,0.0,0.0,0.0
251,21,14.8,0.13603968,15.352697095435897,2.596750273858957,0.0,2.0,0.0,0.0,0.0,0.0,14.8,0.0,0.0,0.0,0.0
251,22,14.8,0.11255664,15.352697095436442,2.236222273859031,0.0,2.0,0.0,0.0,0.0,0.0,14.8,0.0,0.0,0.0,0.0
251,23,29.6,0.1333790399999999,30.705394190874447,5.111804547718351,0.0,4.0,0.0,0.0,0.0,0.0,29.6,0.0,0.0,0.0,0.0
252,0,14.8,0.1289832,15.352697095435897,2.488414273858955,0.0,2.0,0.0,0.0,0.0,0.0,14.8,0.0,0.0,0.0,0.0
252,1,43.80143397209251,0.1260912,45.437172170226944,7.23319796238503,0.0,6.0,0.0,0.0,0.0,0.0,43.801433972092525,0.0,0.0,0.0,0.0
252,2,29.6,0.12528144,30.705394190871868,4.86316454771792,0.0,4.0,0.0,0.0,0.0,0.0,29.6,0.0,0.0,0.0,0.0
252,3,29.6,0.1230835199999999,30.705394190873022,4.795676547718098,0.0,4.0,0.0,0.0,0.0,0.0,29.6,0.0,0.0,0.0,0.0
252,4,37.0,0.10133568,38.381742738590326,5.159875684647453,0.0,5.0,0.0,0.0,0.0,0.0,37.0,0.0,0.0,0.0,0.0
252,5,43.80143397209252,0.11579568,45.4371721702206,6.765398647562072,0.0,6.0,0.0,0.0,0.0,0.0,43.801433972092525,0.0,0.0,0.0,0.0
252,6,12.891956324289533,0.1220424,13.37339867664946,2.074781166852221,0.0,2.0,0.0,0.0,0.0,0.0,12.891956324289533,0.0,0.0,0.0,0.0
252,7,38.96820589632512,0.14483136,40.42345009992227,7.192599452171304,0.0,6.0,0.0,0.0,0.0,0.0,38.96820589632512,0.0,0.0,0.0,0.0
252,8,33.65093955179743,0.17675904,34.9076136429442,7.325678287799171,0.0,6.0,0.0,0.0,0.0,0.0,33.65093955179743,0.0,0.0,0.0,0.0
252,9,18.135910722529488,0.1926072,18.813185396815072,4.246271398996019,0.0,3.0,0.0,0.0,0.0,0.0,18.135910722529488,0.0,0.0,0.0,0.0
252,10,0.0,0.1879799999999999,0.0,0.0,0.0,0.0,0.0,0.0,0.0,0.0,0.0,0.0,0.0,0.0,0.0
252,11,0.0,0.1740984,0.0,0.0,0.0,0.0,0.0,0.0,0.0,0.0,0.0,0.0,0.0,0.0,0.0
252,12,0.0,0.12331488,0.0,0.0,0.0,0.0,0.0,0.0,0.0,0.0,0.0,0.0,0.0,0.0,0.0
252,13,0.0,0.13511424,0.0,0.0,0.0,0.0,0.0,0.0,0.0,0.0,0.0,0.0,0.0,0.0,0.0
252,14,0.0,0.15397008,0.0,0.0,0.0,0.0,0.0,0.0,0.0,0.0,0.0,0.0,0.0,0.0,0.0
252,15,7.4,0.15628368,7.676348547717422,1.453775136929381,0.0,2.0,0.0,0.0,0.0,0.0,7.4,0.0,0.0,0.0,0.0
252,16,0.0,0.15524256,0.0,0.0,0.0,0.0,0.0,0.0,0.0,0.0,0.0,0.0,0.0,0.0,0.0
252,17,0.0,0.14274912,0.0,0.0,0.0,0.0,0.0,0.0,0.0,0.0,0.0,0.0,0.0,0.0,0.0
252,18,7.4,0.11695248,7.676348547717948,1.1518551369294765,0.0,1.0,0.0,0.0,0.0,0.0,7.4,0.0,0.0,0.0,0.0
252,19,22.200000000000003,0.0358608,23.029045643153882,1.588101410788406,0.0,3.0,0.0,0.0,0.0,0.0,22.200000000000003,0.0,0.0,0.0,0.0
252,20,22.200000000000003,0.0223262399999999,23.02904564315694,1.2764134107885685,0.0,3.0,0.0,0.0,0.0,0.0,22.200000000000003,0.0,0.0,0.0,0.0
252,21,22.200000000000003,0.0100641599999999,23.029045643153893,0.9940294107883951,0.0,3.0,0.0,0.0,0.0,0.0,22.200000000000003,0.0,0.0,0.0,0.0
252,22,29.6,-0.0041644799999999,30.705394190872216,0.8884765477178698,0.0,4.0,0.0,0.0,0.0,0.0,29.6,0.0,0.0,0.0,0.0
252,23,22.200000000000003,-0.02336736,23.029045643153882,0.2241334107883851,0.0,3.0,0.0,0.0,0.0,0.0,22.200000000000003,0.0,0.0,0.0,0.0
253,0,39.680180441297495,-0.02070672,41.16201290591052,0.5101323513065626,0.0,6.0,0.0,0.0,0.0,0.0,39.68018044129741,0.0,0.0,0.0,0.0
253,1,14.8,-0.0134188799999999,15.352697095435971,0.3021582738589283,0.0,2.0,0.0,0.0,0.0,0.0,14.8,0.0,0.0,0.0,0.0
253,2,9.786563026689558,-0.00451152,10.152036334740348,0.29023128771499773,0.0,2.0,0.0,0.0,0.0,0.0,9.786563026689558,0.0,0.0,0.0,0.0
253,3,43.80143397209251,0.00624672,45.43717217022179,1.7878036909735089,0.0,6.0,0.0,0.0,0.0,0.0,43.801433972092525,0.0,0.0,0.0,0.0
253,4,36.077084548462274,0.00485856,37.42436156479536,1.4205748739189785,0.0,5.0,0.0,0.0,0.0,0.0,36.077084548462274,0.0,0.0,0.0,0.0
253,5,7.4,0.02591232,7.676348547717986,0.45299913692946897,0.0,1.0,0.0,0.0,0.0,0.0,7.4,0.0,0.0,0.0,0.0
253,6,43.80143397209251,0.0571459199999999,45.437172170223235,4.100519404700188,0.0,6.0,0.0,0.0,0.0,0.0,43.801433972092525,0.0,0.0,0.0,0.0
253,7,7.4,0.1175308799999999,7.676348547717237,1.1562951369293686,0.0,1.0,0.0,0.0,0.0,0.0,7.4,0.0,0.0,0.0,0.0
253,8,29.6,0.1304870399999999,30.7053941908716,5.023004547717877,0.0,4.0,0.0,0.0,0.0,0.0,29.6,0.0,0.0,0.0,0.0
253,9,7.4,0.1339574399999999,7.676348547717948,1.2823911369294774,0.0,1.0,0.0,0.0,0.0,0.0,7.4,0.0,0.0,0.0,0.0
253,10,14.8,0.1329163199999999,15.352697095439076,2.5487982738594823,0.0,2.0,0.0,0.0,0.0,0.0,14.8,0.0,0.0,0.0,0.0
253,11,0.0,0.09578304,0.0,0.0,0.0,0.0,0.0,0.0,0.0,0.0,0.0,0.0,0.0,0.0,0.0
253,12,0.0,0.02221056,0.0,0.0,0.0,0.0,0.0,0.0,0.0,0.0,0.0,0.0,0.0,0.0,0.0
253,13,0.0,0.06339264,0.0,0.0,0.0,0.0,0.0,0.0,0.0,0.0,0.0,0.0,0.0,0.0,0.0
253,14,0.0,0.1636871999999999,0.0,0.0,0.0,0.0,0.0,0.0,0.0,0.0,0.0,0.0,0.0,0.0,0.0
253,15,0.0,0.19815984,0.0,0.0,0.0,0.0,0.0,0.0,0.0,0.0,0.0,0.0,0.0,0.0,0.0
253,16,0.0,0.27844176,0.0,0.0,0.0,0.0,0.0,0.0,0.0,0.0,0.0,0.0,0.0,0.0,0.0
253,17,0.0,0.30030528,0.0,0.0,0.0,0.0,0.0,0.0,0.0,0.0,0.0,0.0,0.0,0.0,0.0
253,18,0.0,0.4650336,0.0,0.0,0.0,0.0,0.0,0.0,0.0,0.0,0.0,0.0,0.0,0.0,0.0
253,19,43.80143397209251,0.31950816,45.43717217022106,16.021517674544857,0.0,6.0,0.0,0.0,0.0,0.0,43.801433972092525,0.0,0.0,0.0,0.0
253,20,14.8,0.23066592,15.352697095435897,4.049518273858977,0.0,2.0,0.0,0.0,0.0,0.0,14.8,0.0,0.0,0.0,0.0
253,21,37.0,0.18439392,38.38174273859015,8.347795684647506,0.0,5.0,0.0,0.0,0.0,0.0,37.0,0.0,0.0,0.0,0.0
253,22,14.8,0.1752552,15.352697095435897,3.1988142738589653,0.0,2.0,0.0,0.0,0.0,0.0,14.8,0.0,0.0,0.0,0.0
253,23,14.8,0.1769904,15.352697095435971,3.225454273858981,0.0,2.0,0.0,0.0,0.0,0.0,14.8,0.0,0.0,0.0,0.0
254,0,29.6,0.17803152,30.705394190873772,6.482876547718349,0.0,5.0,0.0,0.0,0.0,0.0,29.6,0.0,0.0,0.0,0.0
254,1,29.6,0.1868232,30.705394190871793,6.752828547717935,0.0,5.0,0.0,0.0,0.0,0.0,29.6,0.0,0.0,0.0,0.0
254,2,42.72020898533292,0.18636048,44.31556948686035,9.725516151059725,0.0,6.0,0.0,0.0,0.0,0.0,42.72020898533293,0.0,0.0,0.0,0.0
254,3,36.531769830305905,0.1813862399999999,37.896026794923294,8.128176298182344,0.0,6.0,0.0,0.0,0.0,0.0,36.53176983030592,0.0,0.0,0.0,0.0
254,4,38.34986920300609,0.19642464,39.78202199482006,9.130954276833156,0.0,6.0,0.0,0.0,0.0,0.0,38.3498692030061,0.0,0.0,0.0,0.0
254,5,43.80143397209251,1.50684768,45.43717217022104,69.97086786929246,0.0,6.0,0.0,0.0,0.0,0.0,43.801433972092525,0.0,0.0,0.0,0.0
254,6,14.8,2.07310128,15.352697095436246,32.33587027386011,0.0,2.0,0.0,0.0,0.0,0.0,14.8,0.0,0.0,0.0,0.0
254,7,0.0,1.5783379199999998,0.0,0.0,0.0,0.0,0.0,0.0,0.0,0.0,0.0,0.0,0.0,0.0,0.0
254,8,0.0,1.307184,0.0,0.0,0.0,0.0,0.0,0.0,0.0,0.0,0.0,0.0,0.0,0.0,0.0
254,9,0.0,1.10081088,0.0,0.0,0.0,0.0,0.0,0.0,0.0,0.0,0.0,0.0,0.0,0.0,0.0
254,10,0.0,1.03151856,0.0,0.0,0.0,0.0,0.0,0.0,0.0,0.0,0.0,0.0,0.0,0.0,0.0
254,11,0.0,1.01416656,0.0,0.0,0.0,0.0,0.0,0.0,0.0,0.0,0.0,0.0,0.0,0.0,0.0
254,12,0.0,0.9798096,0.0,0.0,0.0,0.0,0.0,0.0,0.0,0.0,0.0,0.0,0.0,0.0,0.0
254,13,0.0,0.989064,0.0,0.0,0.0,0.0,0.0,0.0,0.0,0.0,0.0,0.0,0.0,0.0,0.0
254,14,0.0,1.0703870400000002,0.0,0.0,0.0,0.0,0.0,0.0,0.0,0.0,0.0,0.0,0.0,0.0,0.0
254,15,39.41735266434758,1.1417616000000002,40.88936998376371,48.0393506421166,0.0,6.0,0.0,0.0,0.0,0.0,39.41735266434758,0.0,0.0,0.0,0.0
254,16,0.0,1.53773424,0.0,0.0,0.0,0.0,0.0,0.0,0.0,0.0,0.0,0.0,0.0,0.0,0.0
254,17,14.8,0.28758048,15.352697095435934,4.923310273859002,0.0,2.0,0.0,0.0,0.0,0.0,14.8,0.0,0.0,0.0,0.0
254,18,37.0,0.05784,38.381742738589814,3.4904356846473577,0.0,5.0,0.0,0.0,0.0,0.0,37.0,0.0,0.0,0.0,0.0
254,19,36.40143397209247,0.02556528,37.760823622503096,2.2152492908447585,0.0,6.0,0.0,0.0,0.0,0.0,36.40143397209247,0.0,0.0,0.0,0.0
254,20,14.8,0.00786624,15.352697095436715,0.6289422738589634,0.0,2.0,0.0,0.0,0.0,0.0,14.8,0.0,0.0,0.0,0.0
254,21,29.6,-0.00092544,30.70539419087183,0.9879325477178571,0.0,4.0,0.0,0.0,0.0,0.0,29.6,0.0,0.0,0.0,0.0
254,22,22.200000000000003,-0.0138816,23.029045643154305,0.44258141078839663,0.0,3.0,0.0,0.0,0.0,0.0,22.200000000000003,0.0,0.0,0.0,0.0
254,23,43.134747006706455,-0.02672208,44.745588181231426,0.2853837817728395,0.0,7.0,0.0,0.0,0.0,0.0,43.13474700670647,0.0,0.0,0.0,0.0
255,0,36.40143397209269,-0.02383008,37.760823622502784,0.35003981411471097,0.0,6.0,0.0,0.0,0.0,0.0,36.40143397209269,0.0,0.0,0.0,0.0
255,1,38.99861234941782,-0.02244192,40.45499206370962,0.43117254181438214,0.0,6.0,0.0,0.0,0.0,0.0,38.99861234941782,0.0,0.0,0.0,0.0
255,2,23.977110179345544,-0.0121464,24.872520932931394,0.5211688546202712,0.0,4.0,0.0,0.0,0.0,0.0,23.977110179345544,0.0,0.0,0.0,0.0
255,3,37.0,0.00046272,38.38174273859128,1.288195684647372,0.0,5.0,0.0,0.0,0.0,0.0,37.0,0.0,0.0,0.0,0.0
255,4,37.0,0.01052688,38.38174273858989,1.6744756846473325,0.0,5.0,0.0,0.0,0.0,0.0,37.0,0.0,0.0,0.0,0.0
255,5,37.56592673971829,0.0577243199999999,38.96880367190741,3.5393150947144902,0.0,6.0,0.0,0.0,0.0,0.0,37.56592673971831,0.0,0.0,0.0,0.0
255,6,36.40143397209252,0.13870032,37.76082362250268,6.487321581809519,0.0,6.0,0.0,0.0,0.0,0.0,36.401433972092526,0.0,0.0,0.0,0.0
255,7,22.200000000000003,0.1669262399999999,23.029045643153843,4.606413410788443,0.0,3.0,0.0,0.0,0.0,0.0,22.200000000000003,0.0,0.0,0.0,0.0
255,8,7.4,0.16738896,7.676348547717986,1.5390231369294893,0.0,1.0,0.0,0.0,0.0,0.0,7.4,0.0,0.0,0.0,0.0
255,9,0.0,0.1604481599999999,0.0,0.0,0.0,0.0,0.0,0.0,0.0,0.0,0.0,0.0,0.0,0.0,0.0
255,10,0.0,0.15223488,0.0,0.0,0.0,0.0,0.0,0.0,0.0,0.0,0.0,0.0,0.0,0.0,0.0
255,11,0.0,0.14540976,0.0,0.0,0.0,0.0,0.0,0.0,0.0,0.0,0.0,0.0,0.0,0.0,0.0
255,12,0.0,0.14205504,0.0,0.0,0.0,0.0,0.0,0.0,0.0,0.0,0.0,0.0,0.0,0.0,0.0
255,13,0.0,0.1428648,0.0,0.0,0.0,0.0,0.0,0.0,0.0,0.0,0.0,0.0,0.0,0.0,0.0
255,14,0.0,0.1478390399999999,0.0,0.0,0.0,0.0,0.0,0.0,0.0,0.0,0.0,0.0,0.0,0.0,0.0
255,15,22.200000000000003,0.16727328,23.02904564315312,4.614405410788299,0.0,3.0,0.0,0.0,0.0,0.0,22.200000000000003,0.0,0.0,0.0,0.0
255,16,0.0,0.2270798399999999,0.0,0.0,0.0,0.0,0.0,0.0,0.0,0.0,0.0,0.0,0.0,0.0,0.0
255,17,0.0,0.21990768,0.0,0.0,0.0,0.0,0.0,0.0,0.0,0.0,0.0,0.0,0.0,0.0,0.0
255,18,7.4,0.2232624,7.676348547721177,1.9679271369303153,0.0,1.0,0.0,0.0,0.0,0.0,7.4,0.0,0.0,0.0,0.0
255,19,14.8,0.1782628799999999,15.352697095435762,3.2449902738589356,0.0,2.0,0.0,0.0,0.0,0.0,14.8,0.0,0.0,0.0,0.0
255,20,31.985872026523182,0.17085936,33.18036517274212,6.767446045198772,0.0,6.0,0.0,0.0,0.0,0.0,31.98587202652319,0.0,0.0,0.0,0.0
255,21,41.671136944961674,0.14540976,43.22732048232578,7.716498604743059,0.0,6.0,0.0,0.0,0.0,0.0,41.67113694496169,0.0,0.0,0.0,0.0
255,22,29.6,0.13511424,30.70539419087183,5.165084547717919,0.0,5.0,0.0,0.0,0.0,0.0,29.6,0.0,0.0,0.0,0.0
255,23,29.6,0.11602704,30.70539419087183,4.57900454771791,0.0,4.0,0.0,0.0,0.0,0.0,29.6,0.0,0.0,0.0,0.0
256,0,32.51897127669989,0.109896,33.733372693672074,4.823737361704331,0.0,5.0,0.0,0.0,0.0,0.0,32.51897127669989,0.0,0.0,0.0,0.0
256,1,32.47244133339363,0.10341792,33.68510511762914,4.598620485640085,0.0,5.0,0.0,0.0,0.0,0.0,32.47244133339363,0.0,0.0,0.0,0.0
256,2,29.6,0.1029552,30.705394190871942,4.17762854771792,0.0,4.0,0.0,0.0,0.0,0.0,29.6,0.0,0.0,0.0,0.0
256,3,36.40143397209251,0.11255664,37.76082362250311,5.500114692486431,0.0,6.0,0.0,0.0,0.0,0.0,36.401433972092526,0.0,0.0,0.0,0.0
256,4,43.80143397209251,0.11880336,45.43717217022164,6.90205912155516,0.0,6.0,0.0,0.0,0.0,0.0,43.801433972092525,0.0,0.0,0.0,0.0
256,5,37.0,0.18346848,38.38174273858949,8.31227568464736,0.0,5.0,0.0,0.0,0.0,0.0,37.0,0.0,0.0,0.0,0.0
256,6,43.80143397209251,1.61616528,45.437172170222844,74.93795048173077,0.0,6.0,0.0,0.0,0.0,0.0,43.801433972092525,0.0,0.0,0.0,0.0
256,7,7.4,1.59314496,7.676348547717986,12.483623136929694,0.0,1.0,0.0,0.0,0.0,0.0,7.4,0.0,0.0,0.0,0.0
256,8,0.0,1.44495888,0.0,0.0,0.0,0.0,0.0,0.0,0.0,0.0,0.0,0.0,0.0,0.0,0.0
256,9,0.0,1.19393328,0.0,0.0,0.0,0.0,0.0,0.0,0.0,0.0,0.0,0.0,0.0,0.0,0.0
256,10,0.0,1.12047648,0.0,0.0,0.0,0.0,0.0,0.0,0.0,0.0,0.0,0.0,0.0,0.0,0.0
256,11,0.0,1.0870449599999998,0.0,0.0,0.0,0.0,0.0,0.0,0.0,0.0,0.0,0.0,0.0,0.0,0.0
256,12,0.0,1.07385744,0.0,0.0,0.0,0.0,0.0,0.0,0.0,0.0,0.0,0.0,0.0,0.0,0.0
256,13,0.0,1.06448736,0.0,0.0,0.0,0.0,0.0,0.0,0.0,0.0,0.0,0.0,0.0,0.0,0.0
256,14,0.0,0.80038992,0.0,0.0,0.0,0.0,0.0,0.0,0.0,0.0,0.0,0.0,0.0,0.0,0.0
256,15,22.200000000000003,0.84712464,23.029045643153335,20.27073341078821,0.0,3.0,0.0,0.0,0.0,0.0,22.200000000000003,0.0,0.0,0.0,0.0
256,16,0.0,1.2075835199999998,0.0,0.0,0.0,0.0,0.0,0.0,0.0,0.0,0.0,0.0,0.0,0.0,0.0
256,17,7.4,1.44576864,7.676348547717986,11.352311136929671,0.0,1.0,0.0,0.0,0.0,0.0,7.4,0.0,0.0,0.0,0.0
256,18,20.794144987106925,1.7756880000000002,21.57068982065202,39.01680489931753,0.0,3.0,0.0,0.0,0.0,0.0,20.794144987106936,0.0,0.0,0.0,0.0
256,19,40.178416028569316,0.30065232,41.678854801421835,13.910414484917675,0.0,6.0,0.0,0.0,0.0,0.0,40.17841602856933,0.0,0.0,0.0,0.0
256,20,38.8332021219188,0.1488801599999999,40.28340469078772,7.330780430974295,0.0,6.0,0.0,0.0,0.0,0.0,38.833202121918816,0.0,0.0,0.0,0.0
256,21,33.331850826910575,0.1382376,34.57660874160924,5.924273157926346,0.0,6.0,0.0,0.0,0.0,0.0,33.33185082691058,0.0,0.0,0.0,0.0
256,22,8.814608543559364,0.1175308799999999,9.143784796223551,1.377336350385773,0.0,2.0,0.0,0.0,0.0,0.0,8.814608543559364,0.0,0.0,0.0,0.0
256,23,42.347919723194025,0.12817344,43.92937730621823,7.084641795231746,0.0,6.0,0.0,0.0,0.0,0.0,42.347919723194025,0.0,0.0,0.0,0.0
257,0,28.008298755186438,0.12701664,29.054251820733178,4.652069179249677,0.0,5.0,0.0,0.0,0.0,0.0,28.008298755186438,0.0,0.0,0.0,0.0
257,1,37.0,0.124356,38.38174273859,6.043435684647426,0.0,5.0,0.0,0.0,0.0,0.0,37.0,0.0,0.0,0.0,0.0
257,2,9.988300415170928,0.12562848,10.361307484617289,1.6446345878459252,0.0,2.0,0.0,0.0,0.0,0.0,9.988300415170928,0.0,0.0,0.0,0.0
257,3,29.001433972093018,0.12990864,30.084475074785544,4.90402936705469,0.0,6.0,0.0,0.0,0.0,0.0,29.001433972093018,0.0,0.0,0.0,0.0
257,4,29.6,0.1463352,30.705394190872568,5.509628547718057,0.0,5.0,0.0,0.0,0.0,0.0,29.6,0.0,0.0,0.0,0.0
257,5,36.40143397209133,0.17594928,37.76082362250219,7.893872990491076,0.0,5.0,0.0,0.0,0.0,0.0,36.40143397209133,0.0,0.0,0.0,0.0
257,6,43.448693228319854,1.0382280000000002,45.07125853560197,48.28610126442939,0.0,6.0,0.0,0.0,0.0,0.0,43.44869322831987,0.0,0.0,0.0,0.0
257,7,14.8,1.79408112,15.352697095437065,28.052158273861444,0.0,2.0,0.0,0.0,0.0,0.0,14.8,0.0,0.0,0.0,0.0
257,8,0.0,1.36525536,0.0,0.0,0.0,0.0,0.0,0.0,0.0,0.0,0.0,0.0,0.0,0.0,0.0
257,9,0.0,1.1200137599999995,0.0,0.0,0.0,0.0,0.0,0.0,0.0,0.0,0.0,0.0,0.0,0.0,0.0
257,10,0.0,1.05951312,0.0,0.0,0.0,0.0,0.0,0.0,0.0,0.0,0.0,0.0,0.0,0.0,0.0
257,11,0.0,1.05558,0.0,0.0,0.0,0.0,0.0,0.0,0.0,0.0,0.0,0.0,0.0,0.0,0.0
257,12,0.0,1.03718688,0.0,0.0,0.0,0.0,0.0,0.0,0.0,0.0,0.0,0.0,0.0,0.0,0.0
257,13,0.0,1.01960352,0.0,0.0,0.0,0.0,0.0,0.0,0.0,0.0,0.0,0.0,0.0,0.0,0.0
257,14,0.0,1.0376496,0.0,0.0,0.0,0.0,0.0,0.0,0.0,0.0,0.0,0.0,0.0,0.0,0.0
257,15,29.6,1.08924288,30.705394190872475,34.46198054771908,0.0,4.0,0.0,0.0,0.0,0.0,29.6,0.0,0.0,0.0,0.0
257,16,0.0,1.35160512,0.0,0.0,0.0,0.0,0.0,0.0,0.0,0.0,0.0,0.0,0.0,0.0,0.0
257,17,14.8,2.00137968,15.352697095435971,31.234750273859504,0.0,2.0,0.0,0.0,0.0,0.0,14.8,0.0,0.0,0.0,0.0
257,18,43.80143397209251,2.66387904,45.43717217022102,122.54310097995739,0.0,6.0,0.0,0.0,0.0,0.0,43.801433972092525,0.0,0.0,0.0,0.0
257,19,42.92221748018962,2.1493344000000003,44.525121867417035,97.17315762764318,0.0,6.0,0.0,0.0,0.0,0.0,42.92221748018963,0.0,0.0,0.0,0.0
257,20,29.6,1.54247712,30.70539419087187,48.378716547718625,0.0,6.0,0.0,0.0,0.0,0.0,29.6,0.0,0.0,0.0,0.0
257,21,37.0,1.32037152,38.38174273859218,51.94859568465131,0.0,5.0,0.0,0.0,0.0,0.0,37.0,0.0,0.0,0.0,0.0
257,22,30.111447374187506,0.16276176,31.235941259530883,6.117926430348335,0.0,5.0,0.0,0.0,0.0,0.0,30.111447374187506,0.0,0.0,0.0,0.0
257,23,36.40143397209087,0.16762032,37.76082362250136,7.579364600972032,0.0,6.0,0.0,0.0,0.0,0.0,36.401433972090736,0.0,0.0,0.0,0.0
258,0,14.8,0.1609108799999999,15.352697095436074,2.978590273858995,0.0,2.0,0.0,0.0,0.0,0.0,14.8,0.0,0.0,0.0,0.0
258,1,43.80143397209252,0.15258192,45.43717217022102,8.436861367937205,0.0,6.0,0.0,0.0,0.0,0.0,43.801433972092525,0.0,0.0,0.0,0.0
258,2,40.92866935120224,0.14425296,42.45712588299085,7.529896948441041,0.0,6.0,0.0,0.0,0.0,0.0,40.92866935120225,0.0,0.0,0.0,0.0
258,3,14.8,0.1446,15.352697095435934,2.7281742738589654,0.0,2.0,0.0,0.0,0.0,0.0,14.8,0.0,0.0,0.0,0.0
258,4,37.0,0.14448432,38.38174273858917,6.8159956846472936,0.0,5.0,0.0,0.0,0.0,0.0,37.0,0.0,0.0,0.0,0.0
258,5,43.80143397209252,0.16114224,45.437172170220215,8.825818101609235,0.0,6.0,0.0,0.0,0.0,0.0,43.801433972092525,0.0,0.0,0.0,0.0
258,6,28.008298755186388,0.3351249599999999,29.05425182073207,10.69850071451899,0.0,4.0,0.0,0.0,0.0,0.0,28.008298755186388,0.0,0.0,0.0,0.0
258,7,29.6,1.44680976,30.70539419087183,45.44121254771853,0.0,4.0,0.0,0.0,0.0,0.0,29.6,0.0,0.0,0.0,0.0
258,8,0.0,1.2074678399999998,0.0,0.0,0.0,0.0,0.0,0.0,0.0,0.0,0.0,0.0,0.0,0.0,0.0
258,9,0.0,0.57770592,0.0,0.0,0.0,0.0,0.0,0.0,0.0,0.0,0.0,0.0,0.0,0.0,0.0
258,10,0.0,0.3350092799999999,0.0,0.0,0.0,0.0,0.0,0.0,0.0,0.0,0.0,0.0,0.0,0.0,0.0
258,11,0.0,0.25426464,0.0,0.0,0.0,0.0,0.0,0.0,0.0,0.0,0.0,0.0,0.0,0.0,0.0
258,12,0.15589728726239005,0.18358416,0.16171917765808097,0.0,1.4393006811569207,0.0,0.0,0.0,0.0,1.0,0.0,0.0,0.0,0.0,0.15589728726239005
258,13,0.0,0.18115488,0.0,0.0,0.0,0.0,0.0,0.0,0.0,0.0,0.0,0.0,0.0,0.0,0.0
258,14,0.0,0.17837856,0.0,0.0,0.0,0.0,0.0,0.0,0.0,0.0,0.0,0.0,0.0,0.0,0.0
258,15,14.8,0.1862448,15.352697095435483,3.3675342738588765,0.0,2.0,0.0,0.0,0.0,0.0,14.8,0.0,0.0,0.0,0.0
258,16,0.0,0.19422672,0.0,0.0,0.0,0.0,0.0,0.0,0.0,0.0,0.0,0.0,0.0,0.0,0.0
258,17,0.0,0.1798824,0.0,0.0,0.0,0.0,0.0,0.0,0.0,0.0,0.0,0.0,0.0,0.0,0.0
258,18,14.8,0.15420144,15.352697095435971,2.8755822738589747,0.0,2.0,0.0,0.0,0.0,0.0,14.8,0.0,0.0,0.0,0.0
258,19,13.850634471740861,0.14078256,14.36787808271903,2.498323422791077,0.0,3.0,0.0,0.0,0.0,0.0,13.850634471740861,0.0,0.0,0.0,0.0
258,20,43.37889304386237,0.12909888,44.99885170525192,7.2987633478779514,0.0,6.0,0.0,0.0,0.0,0.0,43.378893043862384,0.0,0.0,0.0,0.0
258,21,39.371666574716286,0.10330224,40.84197777460243,5.570937254485987,0.0,6.0,0.0,0.0,0.0,0.0,39.371666574716286,0.0,0.0,0.0,0.0
258,22,7.4,0.06963936,7.676348547717986,0.7886631369294753,0.0,2.0,0.0,0.0,0.0,0.0,7.4,0.0,0.0,0.0,0.0
258,23,7.4,0.1058472,7.676348547717635,1.0666071369294317,0.0,1.0,0.0,0.0,0.0,0.0,7.4,0.0,0.0,0.0,0.0
259,0,22.200000000000003,0.10133568,23.02904564315391,3.095925410788433,0.0,3.0,0.0,0.0,0.0,0.0,22.200000000000003,0.0,0.0,0.0,0.0
259,1,22.200000000000003,0.09844368,23.02904564315392,3.0293254107884335,0.0,3.0,0.0,0.0,0.0,0.0,22.200000000000003,0.0,0.0,0.0,0.0
259,2,37.0,0.09231264,38.381742738590084,4.813555684647412,0.0,5.0,0.0,0.0,0.0,0.0,37.0,0.0,0.0,0.0,0.0
259,3,29.6,0.09242832,30.705394190872852,3.8543965477180286,0.0,4.0,0.0,0.0,0.0,0.0,29.6,0.0,0.0,0.0,0.0
259,4,43.8014339720927,0.08872656,45.4371721702213,5.535454381625796,0.0,6.0,0.0,0.0,0.0,0.0,43.80143397209272,0.0,0.0,0.0,0.0
259,5,22.200000000000003,0.1058472,23.0290456431549,3.199821410788572,0.0,3.0,0.0,0.0,0.0,0.0,22.200000000000003,0.0,0.0,0.0,0.0
259,6,14.8,0.1175308799999999,15.352697095435934,2.312590273858957,0.0,2.0,0.0,0.0,0.0,0.0,14.8,0.0,0.0,0.0,0.0
259,7,21.318734737792717,0.12863616,22.114870059948522,3.5767741623950435,0.0,4.0,0.0,0.0,0.0,0.0,21.318734737792617,0.0,0.0,0.0,0.0
259,8,38.95312096733993,0.14598816,40.40780183334047,7.236558879977572,0.0,6.0,0.0,0.0,0.0,0.0,38.953120967339935,0.0,0.0,0.0,0.0
259,9,43.80143397209252,0.1507310399999999,45.43717217022381,8.352762614711294,0.0,6.0,0.0,0.0,0.0,0.0,43.801433972092525,0.0,0.0,0.0,0.0
259,10,7.4,0.14540976,7.676348547717948,1.3703031369294794,0.0,1.0,0.0,0.0,0.0,0.0,7.4,0.0,0.0,0.0,0.0
259,11,0.0,0.13974144,0.0,0.0,0.0,0.0,0.0,0.0,0.0,0.0,0.0,0.0,0.0,0.0,0.0
259,12,0.0,0.13407312,0.0,0.0,0.0,0.0,0.0,0.0,0.0,0.0,0.0,0.0,0.0,0.0,0.0
259,13,0.0,0.13627104,0.0,0.0,0.0,0.0,0.0,0.0,0.0,0.0,0.0,0.0,0.0,0.0,0.0
259,14,0.0,0.1408982399999999,0.0,0.0,0.0,0.0,0.0,0.0,0.0,0.0,0.0,0.0,0.0,0.0,0.0
259,15,14.8,0.1463352,15.352697095434042,2.7548142738586265,0.0,2.0,0.0,0.0,0.0,0.0,14.8,0.0,0.0,0.0,0.0
259,16,0.0,0.15778752,0.0,0.0,0.0,0.0,0.0,0.0,0.0,0.0,0.0,0.0,0.0,0.0,0.0
259,17,0.0,0.1650753599999999,0.0,0.0,0.0,0.0,0.0,0.0,0.0,0.0,0.0,0.0,0.0,0.0,0.0
259,18,7.4,0.15628368,7.676348547717986,1.4537751369294878,0.0,1.0,0.0,0.0,0.0,0.0,7.4,0.0,0.0,0.0,0.0
259,19,7.4,0.15084672,7.676348547717945,1.4120391369294794,0.0,1.0,0.0,0.0,0.0,0.0,7.4,0.0,0.0,0.0,0.0
259,20,43.80143397209273,0.13684944,45.437172170224876,7.722021965513303,0.0,7.0,0.0,0.0,0.0,0.0,43.80143397209275,0.0,0.0,0.0,0.0
259,21,33.29129928101181,0.11984448,34.534542822626754,5.281867694044381,0.0,5.0,0.0,0.0,0.0,0.0,33.29129928101181,0.0,0.0,0.0,0.0
259,22,43.80143397209251,0.10607856,45.43717217022143,6.323880193123493,0.0,6.0,0.0,0.0,0.0,0.0,43.801433972092525,0.0,0.0,0.0,0.0
259,23,43.80143397209252,0.1307184,45.43717217022092,7.443444845450117,0.0,6.0,0.0,0.0,0.0,0.0,43.801433972092525,0.0,0.0,0.0,0.0
260,0,29.6,0.1216953599999999,30.70539419087183,4.75305254771791,0.0,4.0,0.0,0.0,0.0,0.0,29.6,0.0,0.0,0.0,0.0
260,1,17.681253149618954,0.11487024,18.341548910392998,2.7140033942425905,0.0,3.0,0.0,0.0,0.0,0.0,17.681253149618954,0.0,0.0,0.0,0.0
260,2,7.4,0.1046904,7.676348547717761,1.0577271369294494,0.0,1.0,0.0,0.0,0.0,0.0,7.4,0.0,0.0,0.0,0.0
260,3,0.0,0.07091184,0.0,0.0,0.0,0.0,0.0,0.0,0.0,0.0,0.0,0.0,0.0,0.0,0.0
260,4,37.0,0.0563361599999999,38.381742738589814,3.432715684647353,0.0,5.0,0.0,0.0,0.0,0.0,37.0,0.0,0.0,0.0,0.0
260,5,38.49112880763133,0.0285729599999999,39.92855685438978,2.4625122897385023,0.0,6.0,0.0,0.0,0.0,0.0,38.49112880763134,0.0,0.0,0.0,0.0
260,6,33.17393245376756,0.05182464,34.412793001834736,2.922494057075334,0.0,5.0,0.0,0.0,0.0,0.0,33.17393245376756,0.0,0.0,0.0,0.0
260,7,22.200000000000003,0.10388064,23.02904564315392,3.154533410788435,0.0,3.0,0.0,0.0,0.0,0.0,22.200000000000003,0.0,0.0,0.0,0.0
260,8,43.80143397209251,0.10897056,45.43717217022078,6.45528449503968,0.0,6.0,0.0,0.0,0.0,0.0,43.801433972092525,0.0,0.0,0.0,0.0
260,9,22.200000000000003,0.10850784,23.02904564315382,3.2610934107884226,0.0,3.0,0.0,0.0,0.0,0.0,22.200000000000003,0.0,0.0,0.0,0.0
260,10,5.543180938370881,0.1141761599999999,5.7501876954054785,0.846865563058568,0.0,1.0,0.0,0.0,0.0,0.0,5.543180938370881,0.0,0.0,0.0,0.0
260,11,0.0,0.11556432,0.0,0.0,0.0,0.0,0.0,0.0,0.0,0.0,0.0,0.0,0.0,0.0,0.0
260,12,0.0,0.04719744,0.0,0.0,0.0,0.0,0.0,0.0,0.0,0.0,0.0,0.0,0.0,0.0,0.0
260,13,0.0,0.0497424,0.0,0.0,0.0,0.0,0.0,0.0,0.0,0.0,0.0,0.0,0.0,0.0,0.0
260,14,0.0,0.12886752,0.0,0.0,0.0,0.0,0.0,0.0,0.0,0.0,0.0,0.0,0.0,0.0,0.0
260,15,7.4,0.14413728,7.676348547717812,1.3605351369294552,0.0,1.0,0.0,0.0,0.0,0.0,7.4,0.0,0.0,0.0,0.0
260,16,0.0,0.15859728,0.0,0.0,0.0,0.0,0.0,0.0,0.0,0.0,0.0,0.0,0.0,0.0,0.0
260,17,0.0,0.17132208,0.0,0.0,0.0,0.0,0.0,0.0,0.0,0.0,0.0,0.0,0.0,0.0,0.0
260,18,7.4,0.18427824,7.676348547717948,1.6686711369294835,0.0,1.0,0.0,0.0,0.0,0.0,7.4,0.0,0.0,0.0,0.0
260,19,43.80143397209251,0.17456112,45.43717217022106,9.435534062500935,0.0,6.0,0.0,0.0,0.0,0.0,43.801433972092525,0.0,0.0,0.0,0.0
260,20,41.929352531397114,0.15281328,43.495178974478904,8.08633138733241,0.0,6.0,0.0,0.0,0.0,0.0,41.929352531397114,0.0,0.0,0.0,0.0
260,21,42.808298755186705,0.14147664,44.406948916170705,7.752415934436722,0.0,6.0,0.0,0.0,0.0,0.0,42.80829875518672,0.0,0.0,0.0,0.0
260,22,42.04640502843397,0.13742784,43.61660272659209,7.437845051103859,0.0,6.0,0.0,0.0,0.0,0.0,42.04640502843399,0.0,0.0,0.0,0.0
260,23,37.0,0.11001168,38.38174273859264,5.492875684647793,0.0,5.0,0.0,0.0,0.0,0.0,37.0,0.0,0.0,0.0,0.0
261,0,14.8,0.1023768,15.352697095431889,2.0799342738584072,0.0,2.0,0.0,0.0,0.0,0.0,14.8,0.0,0.0,0.0,0.0
261,1,37.0,0.09994752,38.38174273859001,5.10659568464741,0.0,5.0,0.0,0.0,0.0,0.0,37.0,0.0,0.0,0.0,0.0
261,2,22.200000000000003,0.0972868799999999,23.029045643153882,3.002685410788426,0.0,3.0,0.0,0.0,0.0,0.0,22.200000000000003,0.0,0.0,0.0,0.0
261,3,32.21529499992793,0.09983184,33.41835580905449,4.442363527472303,0.0,5.0,0.0,0.0,0.0,0.0,32.21529499992793,0.0,0.0,0.0,0.0
261,4,7.4,0.10781376,7.676348547717986,1.0817031369294807,0.0,1.0,0.0,0.0,0.0,0.0,7.4,0.0,0.0,0.0,0.0
261,5,25.94202695110485,0.10781376,26.91081633932074,3.792104315043121,0.0,6.0,0.0,0.0,0.0,0.0,25.942026951104864,0.0,0.0,0.0,0.0
261,6,29.6,0.11568,30.70539419087183,4.56834854771791,0.0,4.0,0.0,0.0,0.0,0.0,29.6,0.0,0.0,0.0,0.0
261,7,5.1957885560677965,0.12053856,5.3898221535973,0.828084514334788,0.0,1.0,0.0,0.0,0.0,0.0,5.1957885560677965,0.0,0.0,0.0,0.0
261,8,0.0,0.12470304,0.0,0.0,0.0,0.0,0.0,0.0,0.0,0.0,0.0,0.0,0.0,0.0,0.0
261,9,0.0,0.12585984,0.0,0.0,0.0,0.0,0.0,0.0,0.0,0.0,0.0,0.0,0.0,0.0,0.0
261,10,0.0,0.11637408,0.0,0.0,0.0,0.0,0.0,0.0,0.0,0.0,0.0,0.0,0.0,0.0,0.0
261,11,0.0,0.11440752,0.0,0.0,0.0,0.0,0.0,0.0,0.0,0.0,0.0,0.0,0.0,0.0,0.0
261,12,0.0,0.1104744,0.0,0.0,0.0,0.0,0.0,0.0,0.0,0.0,0.0,0.0,0.0,0.0,0.0
261,13,0.0,0.1029552,0.0,0.0,0.0,0.0,0.0,0.0,0.0,0.0,0.0,0.0,0.0,0.0,0.0
261,14,0.0,0.10515312,0.0,0.0,0.0,0.0,0.0,0.0,0.0,0.0,0.0,0.0,0.0,0.0,0.0
261,15,29.6,0.11186256,30.705394190869697,4.451132547717599,0.0,4.0,0.0,0.0,0.0,0.0,29.6,0.0,0.0,0.0,0.0
261,16,0.0,0.10966464,0.0,0.0,0.0,0.0,0.0,0.0,0.0,0.0,0.0,0.0,0.0,0.0,0.0
261,17,0.0,0.0993691199999999,0.0,0.0,0.0,0.0,0.0,0.0,0.0,0.0,0.0,0.0,0.0,0.0,0.0
261,18,29.6,0.08953632,30.70539419087183,3.765596547717899,0.0,4.0,0.0,0.0,0.0,0.0,29.6,0.0,0.0,0.0,0.0
261,19,37.0,0.0573772799999999,38.38174273858978,3.47267568464735,0.0,5.0,0.0,0.0,0.0,0.0,37.0,0.0,0.0,0.0,0.0
261,20,38.879666194894526,0.0335472,40.33160393661284,2.687988473884223,0.0,6.0,0.0,0.0,0.0,0.0,38.87966619489453,0.0,0.0,0.0,0.0
261,21,31.658745278560524,0.00485856,32.8410220731959,1.246597906826731,0.0,5.0,0.0,0.0,0.0,0.0,31.65874527856053,0.0,0.0,0.0,0.0
261,22,29.6,-0.00080976,30.705394190871786,0.9914845477178558,0.0,4.0,0.0,0.0,0.0,0.0,29.6,0.0,0.0,0.0,0.0
261,23,43.80143397209251,-0.00023136,45.437172170221146,1.4934580546810174,0.0,6.0,0.0,0.0,0.0,0.0,43.801433972092525,0.0,0.0,0.0,0.0
262,0,36.8042121713821,-0.0023136,38.178643331309594,1.1753829850550295,0.0,6.0,0.0,0.0,0.0,0.0,36.8042121713821,0.0,0.0,0.0,0.0
262,1,14.8,-0.01295616,15.352697095435595,0.30926227385891925,0.0,2.0,0.0,0.0,0.0,0.0,14.8,0.0,0.0,0.0,0.0
262,2,40.22576719231071,-0.0133032,41.7279742658846,0.826080360946864,0.0,6.0,0.0,0.0,0.0,0.0,40.22576719231071,0.0,0.0,0.0,0.0
262,3,43.80143397209252,-0.01295616,45.43717217022072,0.9152791262493788,0.0,6.0,0.0,0.0,0.0,0.0,43.801433972092525,0.0,0.0,0.0,0.0
262,4,43.80143397209251,-0.0003470399999999,45.43717217022113,1.48820188260437,0.0,6.0,0.0,0.0,0.0,0.0,43.801433972092525,0.0,0.0,0.0,0.0
262,5,38.89873772254367,0.0209380799999999,40.35138767898825,2.180511515508177,0.0,6.0,0.0,0.0,0.0,0.0,38.89873772254368,0.0,0.0,0.0,0.0
262,6,43.80143397209251,0.03019248,45.43717217022271,2.8758313108403772,0.0,6.0,0.0,0.0,0.0,0.0,43.801433972092525,0.0,0.0,0.0,0.0
262,7,7.4,0.03447264,7.676348547717948,0.5187111369294677,0.0,1.0,0.0,0.0,0.0,0.0,7.4,0.0,0.0,0.0,0.0
262,8,0.0,0.03377856,0.0,0.0,0.0,0.0,0.0,0.0,0.0,0.0,0.0,0.0,0.0,0.0,0.0
262,9,0.0,0.03088656,0.0,0.0,0.0,0.0,0.0,0.0,0.0,0.0,0.0,0.0,0.0,0.0,0.0
262,10,0.0,0.017352,0.0,0.0,0.0,0.0,0.0,0.0,0.0,0.0,0.0,0.0,0.0,0.0,0.0
262,11,0.0,-0.01284048,0.0,0.0,0.0,0.0,0.0,0.0,0.0,0.0,0.0,0.0,0.0,0.0,0.0
262,12,0.0,-0.01573248,0.0,0.0,0.0,0.0,0.0,0.0,0.0,0.0,0.0,0.0,0.0,0.0,0.0
262,13,0.0,-0.02151648,0.0,0.0,0.0,0.0,0.0,0.0,0.0,0.0,0.0,0.0,0.0,0.0,0.0
262,14,0.0,-0.0219791999999999,0.0,0.0,0.0,0.0,0.0,0.0,0.0,0.0,0.0,0.0,0.0,0.0,0.0
262,15,13.393682745390722,-0.00092544,13.893861769077901,0.4470288891209031,0.0,2.0,0.0,0.0,0.0,0.0,13.393682745390722,0.0,0.0,0.0,0.0
262,16,0.0,0.002892,0.0,0.0,0.0,0.0,0.0,0.0,0.0,0.0,0.0,0.0,0.0,0.0,0.0
262,17,14.8,0.002892,15.352697095435971,0.5525742738589314,0.0,2.0,0.0,0.0,0.0,0.0,14.8,0.0,0.0,0.0,0.0
262,18,22.200000000000003,0.0010411199999999,23.02904564315392,0.7862374107883928,0.0,4.0,0.0,0.0,0.0,0.0,22.200000000000003,0.0,0.0,0.0,0.0
262,19,29.6,0.0,30.705394190871594,1.0163485477178495,0.0,4.0,0.0,0.0,0.0,0.0,29.6,0.0,0.0,0.0,0.0
262,20,37.0,-0.00080976,38.38174273858985,1.2393556846473235,0.0,5.0,0.0,0.0,0.0,0.0,37.0,0.0,0.0,0.0,0.0
262,21,37.0,-0.0056683199999999,38.38174273859087,1.0528756846473522,0.0,5.0,0.0,0.0,0.0,0.0,37.0,0.0,0.0,0.0,0.0
262,22,19.012071643626186,-0.0226732799999999,19.722066020359218,0.2056364602158018,0.0,3.0,0.0,0.0,0.0,0.0,19.012071643626186,0.0,0.0,0.0,0.0
262,23,25.51627438813165,-0.03967824,26.46916430304156,-0.17412051538484008,0.0,5.0,0.0,0.0,0.0,0.0,25.51627438813165,0.0,0.0,0.0,0.0
263,0,42.38439784747865,-0.0428016,43.9672176841068,-0.4265523590841307,0.0,6.0,0.0,0.0,0.0,0.0,42.38439784747865,0.0,0.0,0.0,0.0
263,1,29.6,-0.0428016,30.705394190873527,-0.2978914522821787,0.0,4.0,0.0,0.0,0.0,0.0,29.6,0.0,0.0,0.0,0.0
263,2,41.218768959287374,-0.0393312,42.75805908639784,-0.26643401777916226,0.0,7.0,0.0,0.0,0.0,0.0,41.21876895928741,0.0,0.0,0.0,0.0
263,3,25.720745411814626,-0.03088656,26.681271174081896,0.05905739286755976,0.0,4.0,0.0,0.0,0.0,0.0,25.720745411814626,0.0,0.0,0.0,0.0
263,4,7.4,-0.01457568,7.676348547717986,0.1421991369294632,0.0,1.0,0.0,0.0,0.0,0.0,7.4,0.0,0.0,0.0,0.0
263,5,43.80143397209251,0.00011568,45.437172170221224,1.5092265709109736,0.0,6.0,0.0,0.0,0.0,0.0,43.801433972092525,0.0,0.0,0.0,0.0
263,6,22.200000000000003,0.02383008,23.029045643153843,1.3110454107883998,0.0,3.0,0.0,0.0,0.0,0.0,22.200000000000003,0.0,0.0,0.0,0.0
263,7,14.8,0.0335472,15.352697095438362,1.0232142738590995,0.0,2.0,0.0,0.0,0.0,0.0,14.8,0.0,0.0,0.0,0.0
263,8,0.0,0.03447264,0.0,0.0,0.0,0.0,0.0,0.0,0.0,0.0,0.0,0.0,0.0,0.0,0.0
263,9,0.0,0.02591232,0.0,0.0,0.0,0.0,0.0,0.0,0.0,0.0,0.0,0.0,0.0,0.0,0.0
263,10,0.0,0.00624672,0.0,0.0,0.0,0.0,0.0,0.0,0.0,0.0,0.0,0.0,0.0,0.0,0.0
263,11,0.0,0.0,0.0,0.0,0.0,0.0,0.0,0.0,0.0,0.0,0.0,0.0,0.0,0.0,0.0
263,12,0.0,-0.00011568,0.0,0.0,0.0,0.0,0.0,0.0,0.0,0.0,0.0,0.0,0.0,0.0,0.0
263,13,0.0,0.0,0.0,0.0,0.0,0.0,0.0,0.0,0.0,0.0,0.0,0.0,0.0,0.0,0.0
263,14,0.0,0.00428016,0.0,0.0,0.0,0.0,0.0,0.0,0.0,0.0,0.0,0.0,0.0,0.0,0.0
263,15,37.0,0.03343152,38.381742738589814,2.5535956846473424,0.0,5.0,0.0,0.0,0.0,0.0,37.0,0.0,0.0,0.0,0.0
263,16,0.0,0.10318656,0.0,0.0,0.0,0.0,0.0,0.0,0.0,0.0,0.0,0.0,0.0,0.0,0.0
263,17,7.4,0.11533296,7.676348547717986,1.1394231369294818,0.0,1.0,0.0,0.0,0.0,0.0,7.4,0.0,0.0,0.0,0.0
263,18,7.4,0.1220424,7.676348547718053,1.1909271369294931,0.0,1.0,0.0,0.0,0.0,0.0,7.4,0.0,0.0,0.0,0.0
263,19,22.200000000000003,0.10619424,23.029045643154234,3.2078134107884804,0.0,3.0,0.0,0.0,0.0,0.0,22.200000000000003,0.0,0.0,0.0,0.0
263,20,37.0,0.06755712,38.38174273859107,3.8633956846474895,0.0,6.0,0.0,0.0,0.0,0.0,37.0,0.0,0.0,0.0,0.0
263,21,43.80143397209251,0.03100224,45.43717217022176,2.9126245153768764,0.0,6.0,0.0,0.0,0.0,0.0,43.801433972092525,0.0,0.0,0.0,0.0
263,22,22.200000000000003,0.0150383999999999,23.029045643153715,1.1085814107883887,0.0,3.0,0.0,0.0,0.0,0.0,22.200000000000003,0.0,0.0,0.0,0.0
263,23,25.268196820178698,0.0068251199999999,26.211822427571462,1.0465101558394792,0.0,4.0,0.0,0.0,0.0,0.0,25.268196820178698,0.0,0.0,0.0,0.0
264,0,43.80143397209251,0.00127248,45.437172170221444,1.5617882916774932,0.0,6.0,0.0,0.0,0.0,0.0,43.80143397209252,0.0,0.0,0.0,0.0
264,1,14.8,0.0,15.352697095436088,0.5081742738589345,0.0,2.0,0.0,0.0,0.0,0.0,14.8,0.0,0.0,0.0,0.0
264,2,43.80143397209251,-0.00011568,45.437172170221274,1.498714226757673,0.0,6.0,0.0,0.0,0.0,0.0,43.801433972092525,0.0,0.0,0.0,0.0
264,3,43.80143397209251,0.00011568,45.43717217022092,1.5092265709109638,0.0,6.0,0.0,0.0,0.0,0.0,43.801433972092525,0.0,0.0,0.0,0.0
264,4,14.8,0.0068251199999999,15.352697095435934,0.6129582738589295,0.0,2.0,0.0,0.0,0.0,0.0,14.8,0.0,0.0,0.0,0.0
264,5,43.80143397209324,0.02151648,45.43717217022113,2.4816184050914387,0.0,6.0,0.0,0.0,0.0,0.0,43.80143397209324,0.0,0.0,0.0,0.0
264,6,42.88505438215524,0.04615632,44.48657093584619,3.5258419017941245,0.0,6.0,0.0,0.0,0.0,0.0,42.88505438215525,0.0,0.0,0.0,0.0
264,7,33.73135810237244,0.0572616,34.99103537590768,3.161845942223619,0.0,5.0,0.0,0.0,0.0,0.0,33.73135810237234,0.0,0.0,0.0,0.0
264,8,0.0,0.03667056,0.0,0.0,0.0,0.0,0.0,0.0,0.0,0.0,0.0,0.0,0.0,0.0,0.0
264,9,0.0,0.026028,0.0,0.0,0.0,0.0,0.0,0.0,0.0,0.0,0.0,0.0,0.0,0.0,0.0
264,10,0.0,0.02116944,0.0,0.0,0.0,0.0,0.0,0.0,0.0,0.0,0.0,0.0,0.0,0.0,0.0
264,11,0.0,0.0202439999999999,0.0,0.0,0.0,0.0,0.0,0.0,0.0,0.0,0.0,0.0,0.0,0.0,0.0
264,12,0.0,0.0163108799999999,0.0,0.0,0.0,0.0,0.0,0.0,0.0,0.0,0.0,0.0,0.0,0.0,0.0
264,13,0.0,0.01526976,0.0,0.0,0.0,0.0,0.0,0.0,0.0,0.0,0.0,0.0,0.0,0.0,0.0
264,14,0.0,0.01827744,0.0,0.0,0.0,0.0,0.0,0.0,0.0,0.0,0.0,0.0,0.0,0.0,0.0
264,15,7.4,0.0214008,7.6763485477180256,0.4183671369294706,0.0,1.0,0.0,0.0,0.0,0.0,7.4,0.0,0.0,0.0,0.0
264,16,0.0,0.02406144,0.0,0.0,0.0,0.0,0.0,0.0,0.0,0.0,0.0,0.0,0.0,0.0,0.0
264,17,0.0,0.02406144,0.0,0.0,0.0,0.0,0.0,0.0,0.0,0.0,0.0,0.0,0.0,0.0,0.0
264,18,22.200000000000003,0.0219791999999999,23.029045643153644,1.2684214107883858,0.0,3.0,0.0,0.0,0.0,0.0,22.200000000000003,0.0,0.0,0.0,0.0
264,19,30.16892804879099,0.01654224,31.295568515343668,1.5535821231751339,0.0,6.0,0.0,0.0,0.0,0.0,30.16892804879099,0.0,0.0,0.0,0.0
264,20,33.88458816640177,0.00601536,35.14998772448305,1.3749044238387347,0.0,7.0,0.0,0.0,0.0,0.0,33.8845881664018,0.0,0.0,0.0,0.0
264,21,29.6,-0.00011568,30.70539419087296,1.0127965477178946,0.0,4.0,0.0,0.0,0.0,0.0,29.6,0.0,0.0,0.0,0.0
264,22,29.6,-0.0070564799999999,30.705394190873072,0.7996765477178897,0.0,5.0,0.0,0.0,0.0,0.0,29.6,0.0,0.0,0.0,0.0
264,23,29.90415261604886,-0.01816176,31.02090520337051,0.4633977269451975,0.0,6.0,0.0,0.0,0.0,0.0,29.904152616048876,0.0,0.0,0.0,0.0
265,0,32.293690442204486,-0.0190872,33.49967888195514,0.469424300237061,0.0,6.0,0.0,0.0,0.0,0.0,32.2936904422045,0.0,0.0,0.0,0.0
265,1,43.80143397209308,-0.01700496,45.43717217022405,0.7313131035666428,0.0,6.0,0.0,0.0,0.0,0.0,43.80143397209308,0.0,0.0,0.0,0.0
265,2,43.80143397209252,-0.01353456,45.43717217022128,0.888998265866134,0.0,6.0,0.0,0.0,0.0,0.0,43.801433972092525,0.0,0.0,0.0,0.0
265,3,29.6,-0.00856032,30.70539419087177,0.753500547717852,0.0,4.0,0.0,0.0,0.0,0.0,29.6,0.0,0.0,0.0,0.0
265,4,14.8,-0.00011568,15.352697095435971,0.5063982738589305,0.0,2.0,0.0,0.0,0.0,0.0,14.8,0.0,0.0,0.0,0.0
265,5,42.808298755186364,0.0109895999999999,44.406948916169036,1.9578846149343216,0.0,6.0,0.0,0.0,0.0,0.0,42.808298755186364,0.0,0.0,0.0,0.0
265,6,40.610719103154985,0.02359872,42.127301974227656,2.388564098992181,0.0,6.0,0.0,0.0,0.0,0.0,40.61071910315499,0.0,0.0,0.0,0.0
265,7,0.0,0.03516672,0.0,0.0,0.0,0.0,0.0,0.0,0.0,0.0,0.0,0.0,0.0,0.0,0.0
265,8,0.0,0.04546224,0.0,0.0,0.0,0.0,0.0,0.0,0.0,0.0,0.0,0.0,0.0,0.0,0.0
265,9,0.0,0.0406036799999999,0.0,0.0,0.0,0.0,0.0,0.0,0.0,0.0,0.0,0.0,0.0,0.0,0.0
265,10,0.0,0.02625936,0.0,0.0,0.0,0.0,0.0,0.0,0.0,0.0,0.0,0.0,0.0,0.0,0.0
265,11,0.0,0.02533392,0.0,0.0,0.0,0.0,0.0,0.0,0.0,0.0,0.0,0.0,0.0,0.0,0.0
265,12,0.0,0.0208223999999999,0.0,0.0,0.0,0.0,0.0,0.0,0.0,0.0,0.0,0.0,0.0,0.0,0.0
265,13,0.0,0.0198969599999999,0.0,0.0,0.0,0.0,0.0,0.0,0.0,0.0,0.0,0.0,0.0,0.0,0.0
265,14,0.0,0.01700496,0.0,0.0,0.0,0.0,0.0,0.0,0.0,0.0,0.0,0.0,0.0,0.0,0.0
265,15,22.200000000000003,0.01492272,23.029045643153914,1.1059174107884002,0.0,3.0,0.0,0.0,0.0,0.0,22.200000000000003,0.0,0.0,0.0,0.0
265,16,0.0,0.01203072,0.0,0.0,0.0,0.0,0.0,0.0,0.0,0.0,0.0,0.0,0.0,0.0,0.0
265,17,0.0,0.0121464,0.0,0.0,0.0,0.0,0.0,0.0,0.0,0.0,0.0,0.0,0.0,0.0,0.0
265,18,0.0,0.011568,0.0,0.0,0.0,0.0,0.0,0.0,0.0,0.0,0.0,0.0,0.0,0.0,0.0
265,19,21.750910868610067,0.0067094399999999,22.563185548350802,0.8982277812959361,0.0,3.0,0.0,0.0,0.0,0.0,21.750910868610067,0.0,0.0,0.0,0.0
265,20,27.879768656964487,0.0006940799999999,28.920921843324514,0.9773559464470533,0.0,5.0,0.0,0.0,0.0,0.0,27.879768656964487,0.0,0.0,0.0,0.0
265,21,29.6,0.0,30.70539419087019,1.0163485477178034,0.0,4.0,0.0,0.0,0.0,0.0,29.6,0.0,0.0,0.0,0.0
265,22,37.0,-0.00254496,38.38174273858989,1.1727556846473235,0.0,5.0,0.0,0.0,0.0,0.0,37.0,0.0,0.0,0.0,0.0
265,23,22.200000000000003,-0.00011568,23.02904564315392,0.7595974107883946,0.0,3.0,0.0,0.0,0.0,0.0,22.200000000000003,0.0,0.0,0.0,0.0
266,0,43.80143397209259,-0.00011568,45.437172170218325,1.4987142267575755,0.0,6.0,0.0,0.0,0.0,0.0,43.80143397209259,0.0,0.0,0.0,0.0
266,1,20.468960186966918,-0.00011568,21.23336118980018,0.7003679801599498,0.0,3.0,0.0,0.0,0.0,0.0,20.468960186966918,0.0,0.0,0.0,0.0
266,2,22.200000000000003,0.0,23.029045643153882,0.7622614107883935,0.0,3.0,0.0,0.0,0.0,0.0,22.200000000000003,0.0,0.0,0.0,0.0
266,3,29.46116553078339,0.00011568,30.561375031933423,1.0151168534206902,0.0,4.0,0.0,0.0,0.0,0.0,29.46116553078339,0.0,0.0,0.0,0.0
266,4,22.200000000000003,0.00323904,23.02904564315389,0.8368534107883947,0.0,3.0,0.0,0.0,0.0,0.0,22.200000000000003,0.0,0.0,0.0,0.0
266,5,22.200000000000003,0.0026606399999999,23.029045643154106,0.8235334107884003,0.0,3.0,0.0,0.0,0.0,0.0,22.200000000000003,0.0,0.0,0.0,0.0
266,6,37.0,0.011568,38.3817427385896,1.7144356846473203,0.0,5.0,0.0,0.0,0.0,0.0,37.0,0.0,0.0,0.0,0.0
266,7,40.23330052926908,0.02614368,41.73578893078127,2.4725817239627474,0.0,6.0,0.0,0.0,0.0,0.0,40.233300529269094,0.0,0.0,0.0,0.0
266,8,41.48991238024823,0.03562944,43.03932819527857,2.9580689248377072,0.0,6.0,0.0,0.0,0.0,0.0,41.48991238024825,0.0,0.0,0.0,0.0
266,9,14.8,0.04338,15.352697095435897,1.1741742738589374,0.0,2.0,0.0,0.0,0.0,0.0,14.8,0.0,0.0,0.0,0.0
266,10,0.0,0.0439583999999999,0.0,0.0,0.0,0.0,0.0,0.0,0.0,0.0,0.0,0.0,0.0,0.0,0.0
266,11,0.0,0.0399095999999999,0.0,0.0,0.0,0.0,0.0,0.0,0.0,0.0,0.0,0.0,0.0,0.0,0.0
266,12,0.0,0.03852144,0.0,0.0,0.0,0.0,0.0,0.0,0.0,0.0,0.0,0.0,0.0,0.0,0.0
266,13,0.0,0.0422231999999999,0.0,0.0,0.0,0.0,0.0,0.0,0.0,0.0,0.0,0.0,0.0,0.0,0.0
266,14,0.0,0.05309712,0.0,0.0,0.0,0.0,0.0,0.0,0.0,0.0,0.0,0.0,0.0,0.0,0.0
266,15,7.4,0.0577243199999999,7.676348547717919,0.6971991369294668,0.0,1.0,0.0,0.0,0.0,0.0,7.4,0.0,0.0,0.0,0.0
266,16,0.0,0.06894528,0.0,0.0,0.0,0.0,0.0,0.0,0.0,0.0,0.0,0.0,0.0,0.0,0.0
266,17,0.0,0.0798191999999999,0.0,0.0,0.0,0.0,0.0,0.0,0.0,0.0,0.0,0.0,0.0,0.0,0.0
266,18,0.0,0.07091184,0.0,0.0,0.0,0.0,0.0,0.0,0.0,0.0,0.0,0.0,0.0,0.0,0.0
266,19,22.200000000000003,0.0574929599999999,23.02904564315352,2.0862694107883786,0.0,3.0,0.0,0.0,0.0,0.0,22.200000000000003,0.0,0.0,0.0,0.0
266,20,22.200000000000003,0.05691456,23.029045643153882,2.0729494107884134,0.0,3.0,0.0,0.0,0.0,0.0,22.200000000000003,0.0,0.0,0.0,0.0
266,21,7.4,0.04384272,7.676348547717948,0.5906391369294687,0.0,1.0,0.0,0.0,0.0,0.0,7.4,0.0,0.0,0.0,0.0
266,22,43.80143397209251,0.03111792,45.437172170223974,2.917880687453669,0.0,6.0,0.0,0.0,0.0,0.0,43.801433972092525,0.0,0.0,0.0,0.0
266,23,22.200000000000003,0.0234830399999999,23.029045643157097,1.3030534107885816,0.0,3.0,0.0,0.0,0.0,0.0,22.200000000000003,0.0,0.0,0.0,0.0
267,0,22.200000000000003,0.0196656,23.029045643154053,1.2151414107884093,0.0,3.0,0.0,0.0,0.0,0.0,22.200000000000003,0.0,0.0,0.0,0.0
267,1,14.8,0.01573248,15.352697095435934,0.7497102738589333,0.0,2.0,0.0,0.0,0.0,0.0,14.8,0.0,0.0,0.0,0.0
267,2,43.80143397208953,0.01203072,45.437172170220244,2.0506122948060024,0.0,6.0,0.0,0.0,0.0,0.0,43.80143397208953,0.0,0.0,0.0,0.0
267,3,37.0,0.0108739199999999,38.3817427385887,1.6877956846472761,0.0,5.0,0.0,0.0,0.0,0.0,37.0,0.0,0.0,0.0,0.0
267,4,0.0,0.0136502399999999,0.0,0.0,0.0,0.0,0.0,0.0,0.0,0.0,0.0,0.0,0.0,0.0,0.0
267,5,14.8,0.01284048,15.352697095435934,0.7053102738589325,0.0,2.0,0.0,0.0,0.0,0.0,14.8,0.0,0.0,0.0,0.0
267,6,29.6,0.02105376,30.70539419087229,1.6628125477178919,0.0,4.0,0.0,0.0,0.0,0.0,29.6,0.0,0.0,0.0,0.0
267,7,43.52783329314608,0.03053952,45.15335403853385,2.8735377774023556,0.0,6.0,0.0,0.0,0.0,0.0,43.52783329314608,0.0,0.0,0.0,0.0
267,8,43.80143397209251,0.031812,45.437172170221096,2.9494177199133915,0.0,6.0,0.0,0.0,0.0,0.0,43.801433972092525,0.0,0.0,0.0,0.0
267,9,29.6,0.01226208,30.705394190871495,1.3928605477178482,0.0,4.0,0.0,0.0,0.0,0.0,29.6,0.0,0.0,0.0,0.0
267,10,7.4,0.0098328,7.676348547717948,0.3295671369294651,0.0,1.0,0.0,0.0,0.0,0.0,7.4,0.0,0.0,0.0,0.0
267,11,0.0,-0.0003470399999999,0.0,0.0,0.0,0.0,0.0,0.0,0.0,0.0,0.0,0.0,0.0,0.0,0.0
267,12,0.0,-0.03030816,0.0,0.0,0.0,0.0,0.0,0.0,0.0,0.0,0.0,0.0,0.0,0.0,0.0
267,13,0.0,-0.02290464,0.0,0.0,0.0,0.0,0.0,0.0,0.0,0.0,0.0,0.0,0.0,0.0,0.0
267,14,0.0,-0.0003470399999999,0.0,0.0,0.0,0.0,0.0,0.0,0.0,0.0,0.0,0.0,0.0,0.0,0.0
267,15,14.8,0.05194032,15.352697095435627,1.3055982738589162,0.0,2.0,0.0,0.0,0.0,0.0,14.8,0.0,0.0,0.0,0.0
267,16,0.0,0.0879167999999999,0.0,0.0,0.0,0.0,0.0,0.0,0.0,0.0,0.0,0.0,0.0,0.0,0.0
267,17,0.0,0.095436,0.0,0.0,0.0,0.0,0.0,0.0,0.0,0.0,0.0,0.0,0.0,0.0,0.0
267,18,0.0,0.09115584,0.0,0.0,0.0,0.0,0.0,0.0,0.0,0.0,0.0,0.0,0.0,0.0,0.0
267,19,7.4,0.06408672,7.6763485477211875,0.7460391369297857,0.0,1.0,0.0,0.0,0.0,0.0,7.4,0.0,0.0,0.0,0.0
267,20,37.0,0.05344416,38.38174273858995,3.321715684647366,0.0,5.0,0.0,0.0,0.0,0.0,37.0,0.0,0.0,0.0,0.0
267,21,29.967330072758962,0.03204336,31.086441984189776,2.0250752812951887,0.0,5.0,0.0,0.0,0.0,0.0,29.967330072758962,0.0,0.0,0.0,0.0
267,22,32.468197569026884,0.01700496,33.680702872434885,1.6875702701952349,0.0,5.0,0.0,0.0,0.0,0.0,32.468197569026884,0.0,0.0,0.0,0.0
267,23,37.0,0.00277632,38.3817427385914,1.376995684647381,0.0,5.0,0.0,0.0,0.0,0.0,37.0,0.0,0.0,0.0,0.0
268,0,32.75429079116703,-0.00011568,33.97748007382521,1.1207240755486745,0.0,6.0,0.0,0.0,0.0,0.0,32.75429079116703,0.0,0.0,0.0,0.0
268,1,33.413146081513,-0.00960144,34.66093991858245,0.8144821763332049,0.0,5.0,0.0,0.0,0.0,0.0,33.413146081513,0.0,0.0,0.0,0.0
268,2,14.8,-0.01712064,15.352697095435923,0.24532627385892494,0.0,2.0,0.0,0.0,0.0,0.0,14.8,0.0,0.0,0.0,0.0
268,3,14.8,-0.01931856,15.352697095435897,0.21158227385892406,0.0,3.0,0.0,0.0,0.0,0.0,14.8,0.0,0.0,0.0,0.0
268,4,40.60989301264731,-0.0071721599999999,42.12644503386717,1.0922477266069066,0.0,6.0,0.0,0.0,0.0,0.0,40.60989301264732,0.0,0.0,0.0,0.0
268,5,43.80143397209251,0.00011568,45.437172170221054,1.5092265709109678,0.0,6.0,0.0,0.0,0.0,0.0,43.801433972092525,0.0,0.0,0.0,0.0
268,6,37.42715221193101,0.0121464,38.82484669287503,1.7566845434045006,0.0,6.0,0.0,0.0,0.0,0.0,37.42715221193092,0.0,0.0,0.0,0.0
268,7,7.4,0.02174784,7.676348547717986,0.4210311369294684,0.0,1.0,0.0,0.0,0.0,0.0,7.4,0.0,0.0,0.0,0.0
268,8,0.0,0.023136,0.0,0.0,0.0,0.0,0.0,0.0,0.0,0.0,0.0,0.0,0.0,0.0,0.0
268,9,0.689253903885281,0.01954992,0.7149936762295446,0.0,6.363443718442947,0.0,0.0,0.0,0.0,1.0,0.0,0.0,0.0,0.0,0.689253903885281
268,10,0.0,0.0109895999999999,0.0,0.0,0.0,0.0,0.0,0.0,0.0,0.0,0.0,0.0,0.0,0.0,0.0
268,11,0.0,0.00127248,0.0,0.0,0.0,0.0,0.0,0.0,0.0,0.0,0.0,0.0,0.0,0.0,0.0
268,12,0.0,0.00011568,0.0,0.0,0.0,0.0,0.0,0.0,0.0,0.0,0.0,0.0,0.0,0.0,0.0
268,13,0.0,0.00011568,0.0,0.0,0.0,0.0,0.0,0.0,0.0,0.0,0.0,0.0,0.0,0.0,0.0
268,14,0.0,0.0,0.0,0.0,0.0,0.0,0.0,0.0,0.0,0.0,0.0,0.0,0.0,0.0,0.0
268,15,14.8,0.0,15.352697095436078,0.5081742738589341,0.0,2.0,0.0,0.0,0.0,0.0,14.8,0.0,0.0,0.0,0.0
268,16,0.0,0.0,0.0,0.0,0.0,0.0,0.0,0.0,0.0,0.0,0.0,0.0,0.0,0.0,0.0
268,17,0.0,0.00011568,0.0,0.0,0.0,0.0,0.0,0.0,0.0,0.0,0.0,0.0,0.0,0.0,0.0
268,18,38.51996722254753,0.00011568,39.95847222256013,1.327247826633446,0.0,6.0,0.0,0.0,0.0,0.0,38.51996722254753,0.0,0.0,0.0,0.0
268,19,43.80143397209251,-0.00023136,45.43717217022099,1.4934580546810123,0.0,6.0,0.0,0.0,0.0,0.0,43.801433972092525,0.0,0.0,0.0,0.0
268,20,32.100246995003715,-0.00879168,33.29901140560485,0.8094430249310924,0.0,5.0,0.0,0.0,0.0,0.0,32.100246995003715,0.0,0.0,0.0,0.0
268,21,41.369360764089514,-0.01931856,42.91427465154579,0.5914205012537991,0.0,6.0,0.0,0.0,0.0,0.0,41.36936076408937,0.0,0.0,0.0,0.0
268,22,39.80381147625386,-0.02892,41.29026086748381,0.17259329042608215,0.0,6.0,0.0,0.0,0.0,0.0,39.80381147625386,0.0,0.0,0.0,0.0
268,23,14.8,-0.0439583999999999,15.352697095436222,-0.16670572614108314,0.0,2.0,0.0,0.0,0.0,0.0,14.8,0.0,0.0,0.0,0.0
269,0,29.6,-0.04661904,30.705394190871868,-0.4151074522821645,0.0,4.0,0.0,0.0,0.0,0.0,29.6,0.0,0.0,0.0,0.0
269,1,29.6,-0.0432643199999999,30.705394190871868,-0.3120994522821597,0.0,4.0,0.0,0.0,0.0,0.0,29.6,0.0,0.0,0.0,0.0
269,2,43.80143397209251,-0.03956256,45.43717217022146,-0.29364045138038636,0.0,6.0,0.0,0.0,0.0,0.0,43.801433972092525,0.0,0.0,0.0,0.0
269,3,43.80143397209252,-0.02845728,45.437172170221295,0.21095206797812963,0.0,6.0,0.0,0.0,0.0,0.0,43.801433972092525,0.0,0.0,0.0,0.0
269,4,40.83464814873818,-0.00728784,42.35959351528891,1.0933926053515994,0.0,6.0,0.0,0.0,0.0,0.0,40.83464814873818,0.0,0.0,0.0,0.0
269,5,36.70106118907831,0.008676,38.07164023763364,1.5904808425673826,0.0,6.0,0.0,0.0,0.0,0.0,36.70106118907832,0.0,0.0,0.0,0.0
269,6,14.8,0.02475552,15.352697095435722,0.8882382738589232,0.0,2.0,0.0,0.0,0.0,0.0,14.8,0.0,0.0,0.0,0.0
269,7,22.200000000000003,0.03944688,23.029045643153843,1.6706854107884048,0.0,3.0,0.0,0.0,0.0,0.0,22.200000000000003,0.0,0.0,0.0,0.0
269,8,0.0,0.0532128,0.0,0.0,0.0,0.0,0.0,0.0,0.0,0.0,0.0,0.0,0.0,0.0,0.0
269,9,0.0,0.0566831999999999,0.0,0.0,0.0,0.0,0.0,0.0,0.0,0.0,0.0,0.0,0.0,0.0,0.0
269,10,0.0,0.05853408,0.0,0.0,0.0,0.0,0.0,0.0,0.0,0.0,0.0,0.0,0.0,0.0,0.0
269,11,0.0,0.05784,0.0,0.0,0.0,0.0,0.0,0.0,0.0,0.0,0.0,0.0,0.0,0.0,0.0
269,12,0.0,0.05795568,0.0,0.0,0.0,0.0,0.0,0.0,0.0,0.0,0.0,0.0,0.0,0.0,0.0
269,13,0.0,0.06003792,0.0,0.0,0.0,0.0,0.0,0.0,0.0,0.0,0.0,0.0,0.0,0.0,0.0
269,14,0.0,0.0666316799999999,0.0,0.0,0.0,0.0,0.0,0.0,0.0,0.0,0.0,0.0,0.0,0.0,0.0
269,15,0.0,0.06963936,0.0,0.0,0.0,0.0,0.0,0.0,0.0,0.0,0.0,0.0,0.0,0.0,0.0
269,16,0.0,1.26068064,0.0,0.0,0.0,0.0,0.0,0.0,0.0,0.0,0.0,0.0,0.0,0.0,0.0
269,17,0.0,0.3815126399999999,0.0,0.0,0.0,0.0,0.0,0.0,0.0,0.0,0.0,0.0,0.0,0.0,0.0
269,18,28.218563740952,0.1312968,29.272369025884174,4.812283796274475,0.0,4.0,0.0,0.0,0.0,0.0,28.218563740952,0.0,0.0,0.0,0.0
269,19,28.54302713486976,0.05691456,29.608949310031107,2.6652365442047534,0.0,5.0,0.0,0.0,0.0,0.0,28.54302713486976,0.0,0.0,0.0,0.0
269,20,43.80143397209252,0.0190872,45.43717217022122,2.3712387914817685,0.0,6.0,0.0,0.0,0.0,0.0,43.801433972092525,0.0,0.0,0.0,0.0
269,21,14.8,0.0049742399999999,15.352697095435946,0.5845422738589295,0.0,2.0,0.0,0.0,0.0,0.0,14.8,0.0,0.0,0.0,0.0
269,22,21.634247763112718,-0.00046272,22.442165729372203,0.7324512467159248,0.0,3.0,0.0,0.0,0.0,0.0,21.634247763112718,0.0,0.0,0.0,0.0
269,23,22.200000000000003,0.01746768,23.029045643154745,1.1645254107884433,0.0,3.0,0.0,0.0,0.0,0.0,22.200000000000003,0.0,0.0,0.0,0.0
270,0,34.74950599492315,0.01353456,36.04720538892601,1.6810455625421934,0.0,6.0,0.0,0.0,0.0,0.0,34.74950599492316,0.0,0.0,0.0,0.0
270,1,43.80143397209233,0.01550112,45.43717217022087,2.208297457105565,0.0,6.0,0.0,0.0,0.0,0.0,43.80143397209233,0.0,0.0,0.0,0.0
270,2,43.80143397209251,0.01515408,45.43717217022181,2.1925289408756568,0.0,6.0,0.0,0.0,0.0,0.0,43.801433972092525,0.0,0.0,0.0,0.0
270,3,43.80143397209252,0.0163108799999999,45.437172170220784,2.2450906616421133,0.0,6.0,0.0,0.0,0.0,0.0,43.801433972092525,0.0,0.0,0.0,0.0
270,4,39.05920647262503,0.0254496,40.517849037993265,2.3723038540348904,0.0,6.0,0.0,0.0,0.0,0.0,39.059206472625036,0.0,0.0,0.0,0.0
270,5,43.80143397209251,0.0370176,45.43717217022073,3.1859454633626685,0.0,6.0,0.0,0.0,0.0,0.0,43.80143397209252,0.0,0.0,0.0,0.0
270,6,36.40143397209251,0.1115155199999999,37.76082362250284,5.460801143796527,0.0,6.0,0.0,0.0,0.0,0.0,36.401433972092526,0.0,0.0,0.0,0.0
270,7,22.200000000000003,1.44530592,23.029045643154028,34.046277410789116,0.0,3.0,0.0,0.0,0.0,0.0,22.200000000000003,0.0,0.0,0.0,0.0
270,8,7.4,0.6703656,7.676348547717948,5.400047136929535,0.0,1.0,0.0,0.0,0.0,0.0,7.4,0.0,0.0,0.0,0.0
270,9,0.0,0.0798191999999999,0.0,0.0,0.0,0.0,0.0,0.0,0.0,0.0,0.0,0.0,0.0,0.0,0.0
270,10,0.0,0.06582192,0.0,0.0,0.0,0.0,0.0,0.0,0.0,0.0,0.0,0.0,0.0,0.0,0.0
270,11,0.0,0.05471664,0.0,0.0,0.0,0.0,0.0,0.0,0.0,0.0,0.0,0.0,0.0,0.0,0.0
270,12,0.0,0.03805872,0.0,0.0,0.0,0.0,0.0,0.0,0.0,0.0,0.0,0.0,0.0,0.0,0.0
270,13,0.0,0.03400992,0.0,0.0,0.0,0.0,0.0,0.0,0.0,0.0,0.0,0.0,0.0,0.0,0.0
270,14,0.7369892483776628,0.03389424,0.7645116684415589,0.0,6.804153849129875,0.0,0.0,0.0,0.0,1.0,0.0,0.0,0.0,0.0,0.7369892483776628
270,15,37.0,0.03782736,38.38174273859029,2.7223156846473793,0.0,5.0,0.0,0.0,0.0,0.0,37.0,0.0,0.0,0.0,0.0
270,16,0.0,0.04442112,0.0,0.0,0.0,0.0,0.0,0.0,0.0,0.0,0.0,0.0,0.0,0.0,0.0
270,17,0.0,0.0567988799999999,0.0,0.0,0.0,0.0,0.0,0.0,0.0,0.0,0.0,0.0,0.0,0.0,0.0
270,18,22.200000000000003,0.0573772799999999,23.029045643154134,2.083605410788434,0.0,3.0,0.0,0.0,0.0,0.0,22.200000000000003,0.0,0.0,0.0,0.0
270,19,43.80143397209251,0.03967824,45.437172170221785,3.306837421125721,0.0,6.0,0.0,0.0,0.0,0.0,43.80143397209252,0.0,0.0,0.0,0.0
270,20,41.17657145668076,0.0341256,42.714285743445274,2.8714934876745546,0.0,6.0,0.0,0.0,0.0,0.0,41.176571456680776,0.0,0.0,0.0,0.0
270,21,29.6,0.02637504,30.705394190872205,1.8262045477178919,0.0,4.0,0.0,0.0,0.0,0.0,29.6,0.0,0.0,0.0,0.0
270,22,15.673422583953748,0.0237144,16.258737120284117,0.9237303942466699,0.0,4.0,0.0,0.0,0.0,0.0,15.673422583953748,0.0,0.0,0.0,0.0
270,23,29.6,0.02383008,30.705394190872767,1.7480605477179214,0.0,5.0,0.0,0.0,0.0,0.0,29.6,0.0,0.0,0.0,0.0
271,0,42.16249413898122,0.02290464,43.73702711512639,2.449476458252892,0.0,6.0,0.0,0.0,0.0,0.0,42.162494138981224,0.0,0.0,0.0,0.0
271,1,22.200000000000003,0.0214008,23.029045643153843,1.255101410788399,0.0,3.0,0.0,0.0,0.0,0.0,22.200000000000003,0.0,0.0,0.0,0.0
271,2,36.93929402254978,0.01931856,38.31876973293599,2.008614730372089,0.0,6.0,0.0,0.0,0.0,0.0,36.93929402254978,0.0,0.0,0.0,0.0
271,3,14.344635481932738,0.02394576,14.880327263415847,0.8488595777902772,0.0,3.0,0.0,0.0,0.0,0.0,14.344635481932748,0.0,0.0,0.0,0.0
271,4,43.80143397209251,0.04407408,45.43717217022242,3.506571960038518,0.0,6.0,0.0,0.0,0.0,0.0,43.801433972092525,0.0,0.0,0.0,0.0
271,5,43.80143397209252,0.09242832,45.43717217022106,5.703651888078603,0.0,6.0,0.0,0.0,0.0,0.0,43.801433972092525,0.0,0.0,0.0,0.0
271,6,43.80143397209251,0.3815126399999999,45.43717217022109,18.838825907629893,0.0,6.0,0.0,0.0,0.0,0.0,43.801433972092525,0.0,0.0,0.0,0.0
271,7,36.08417101895736,0.47648592,37.431712675267356,19.074673740801778,0.0,5.0,0.0,0.0,0.0,0.0,36.08417101895737,0.0,0.0,0.0,0.0
271,8,0.0,0.387528,0.0,0.0,0.0,0.0,0.0,0.0,0.0,0.0,0.0,0.0,0.0,0.0,0.0
271,9,0.0,0.36520176,0.0,0.0,0.0,0.0,0.0,0.0,0.0,0.0,0.0,0.0,0.0,0.0,0.0
271,10,0.0,0.13835328,0.0,0.0,0.0,0.0,0.0,0.0,0.0,0.0,0.0,0.0,0.0,0.0,0.0
271,11,0.0,0.10954896,0.0,0.0,0.0,0.0,0.0,0.0,0.0,0.0,0.0,0.0,0.0,0.0,0.0
271,12,0.0,0.09161856,0.0,0.0,0.0,0.0,0.0,0.0,0.0,0.0,0.0,0.0,0.0,0.0,0.0
271,13,0.0,0.07299408,0.0,0.0,0.0,0.0,0.0,0.0,0.0,0.0,0.0,0.0,0.0,0.0,0.0
271,14,0.0,0.06744144,0.0,0.0,0.0,0.0,0.0,0.0,0.0,0.0,0.0,0.0,0.0,0.0,0.0
271,15,7.4,0.0740352,7.676348547717787,0.8224071369294546,0.0,1.0,0.0,0.0,0.0,0.0,7.4,0.0,0.0,0.0,0.0
271,16,0.0,0.34704,0.0,0.0,0.0,0.0,0.0,0.0,0.0,0.0,0.0,0.0,0.0,0.0,0.0
271,17,0.0,0.34715568,0.0,0.0,0.0,0.0,0.0,0.0,0.0,0.0,0.0,0.0,0.0,0.0,0.0
271,18,31.068603890104427,0.0497424,32.22884220965239,2.6699146378689074,0.0,5.0,0.0,0.0,0.0,0.0,31.068603890104427,0.0,0.0,0.0,0.0
271,19,39.36280559995275,0.03169632,40.832785892067676,2.645814261153902,0.0,6.0,0.0,0.0,0.0,0.0,39.36280559995275,0.0,0.0,0.0,0.0
271,20,43.80143397209251,0.01943424,45.437172170221096,2.3870073077117158,0.0,6.0,0.0,0.0,0.0,0.0,43.801433972092525,0.0,0.0,0.0,0.0
271,21,29.6,0.0006940799999999,30.70539419087187,1.0376605477178562,0.0,4.0,0.0,0.0,0.0,0.0,29.6,0.0,0.0,0.0,0.0
271,22,39.49290818442899,-0.0075191999999999,40.967747079283775,1.0479877444857464,0.0,6.0,0.0,0.0,0.0,0.0,39.49290818442899,0.0,0.0,0.0,0.0
271,23,41.888872235187364,-0.0069408,43.45318696596311,1.1367006084800222,0.0,6.0,0.0,0.0,0.0,0.0,41.888872235187364,0.0,0.0,0.0,0.0
272,0,43.80143397209251,-0.0069408,45.43717217022133,1.1886000742352538,0.0,6.0,0.0,0.0,0.0,0.0,43.801433972092525,0.0,0.0,0.0,0.0
272,1,31.733221189217247,-0.00659376,32.91827924192737,0.872539809973545,0.0,5.0,0.0,0.0,0.0,0.0,31.733221189217247,0.0,0.0,0.0,0.0
272,2,22.200000000000003,-0.0041644799999999,23.029045643153896,0.6663574107883946,0.0,3.0,0.0,0.0,0.0,0.0,22.200000000000003,0.0,0.0,0.0,0.0
272,3,22.200000000000003,0.0,23.029045643153996,0.7622614107883973,0.0,3.0,0.0,0.0,0.0,0.0,22.200000000000003,0.0,0.0,0.0,0.0
272,4,43.80143397209106,0.0190872,45.43717217022001,2.3712387914817055,0.0,6.0,0.0,0.0,0.0,0.0,43.80143397209096,0.0,0.0,0.0,0.0
272,5,38.08981558178651,0.0402566399999999,39.51225682757984,2.8984863996883115,0.0,6.0,0.0,0.0,0.0,0.0,38.08981558178651,0.0,0.0,0.0,0.0
272,6,43.16037200635281,0.05969088,44.77217013107179,4.154449065971867,0.0,6.0,0.0,0.0,0.0,0.0,43.16037200635281,0.0,0.0,0.0,0.0
272,7,22.200000000000003,0.07658016,23.02904564315392,2.525829410788425,0.0,3.0,0.0,0.0,0.0,0.0,22.200000000000003,0.0,0.0,0.0,0.0
272,8,7.4,0.0812073599999999,7.676348547717948,0.8774631369294719,0.0,1.0,0.0,0.0,0.0,0.0,7.4,0.0,0.0,0.0,0.0
272,9,0.0,0.0803976,0.0,0.0,0.0,0.0,0.0,0.0,0.0,0.0,0.0,0.0,0.0,0.0,0.0
272,10,0.0,0.07912512,0.0,0.0,0.0,0.0,0.0,0.0,0.0,0.0,0.0,0.0,0.0,0.0,0.0
272,11,0.0,0.0723,0.0,0.0,0.0,0.0,0.0,0.0,0.0,0.0,0.0,0.0,0.0,0.0,0.0
272,12,0.0,0.07218432,0.0,0.0,0.0,0.0,0.0,0.0,0.0,0.0,0.0,0.0,0.0,0.0,0.0
272,13,0.0,0.06744144,0.0,0.0,0.0,0.0,0.0,0.0,0.0,0.0,0.0,0.0,0.0,0.0,0.0
272,14,0.0,0.06744144,0.0,0.0,0.0,0.0,0.0,0.0,0.0,0.0,0.0,0.0,0.0,0.0,0.0
272,15,14.8,0.0683668799999999,15.352697095435934,1.5577902738589449,0.0,2.0,0.0,0.0,0.0,0.0,14.8,0.0,0.0,0.0,0.0
272,16,0.0,0.0699863999999999,0.0,0.0,0.0,0.0,0.0,0.0,0.0,0.0,0.0,0.0,0.0,0.0,0.0
272,17,0.0,0.0611947199999999,0.0,0.0,0.0,0.0,0.0,0.0,0.0,0.0,0.0,0.0,0.0,0.0,0.0
272,18,0.0,0.0577243199999999,0.0,0.0,0.0,0.0,0.0,0.0,0.0,0.0,0.0,0.0,0.0,0.0,0.0
272,19,27.532718774929535,0.04210752,28.560911592254744,2.1479953297927303,0.0,4.0,0.0,0.0,0.0,0.0,27.532718774929535,0.0,0.0,0.0,0.0
272,20,22.200000000000003,0.0304238399999999,23.029045643154213,1.462893410788423,0.0,6.0,0.0,0.0,0.0,0.0,22.200000000000003,0.0,0.0,0.0,0.0
272,21,34.627972380596326,0.01978128,35.92113317489327,1.89955550133882,0.0,6.0,0.0,0.0,0.0,0.0,34.627972380596326,0.0,0.0,0.0,0.0
272,22,29.6,0.00185088,30.705394190872465,1.0731805477178804,0.0,4.0,0.0,0.0,0.0,0.0,29.6,0.0,0.0,0.0,0.0
272,23,43.80143397209251,-0.00023136,45.43717217022114,1.493458054681017,0.0,6.0,0.0,0.0,0.0,0.0,43.801433972092525,0.0,0.0,0.0,0.0
273,0,43.427537293213724,-0.00046272,45.04931254482853,1.470287027333081,0.0,6.0,0.0,0.0,0.0,0.0,43.427537293213724,0.0,0.0,0.0,0.0
273,1,22.200000000000003,-0.00080976,23.02904564315382,0.7436134107883913,0.0,3.0,0.0,0.0,0.0,0.0,22.200000000000003,0.0,0.0,0.0,0.0
273,2,24.696502824315345,-0.00023136,25.618778863398234,0.8420544197006457,0.0,4.0,0.0,0.0,0.0,0.0,24.696502824315345,0.0,0.0,0.0,0.0
273,3,22.200000000000003,0.0,23.02904564315443,0.7622614107884115,0.0,3.0,0.0,0.0,0.0,0.0,22.200000000000003,0.0,0.0,0.0,0.0
273,4,29.00143397209294,0.00011568,30.084475074787942,0.9992762970521322,0.0,4.0,0.0,0.0,0.0,0.0,29.00143397209294,0.0,0.0,0.0,0.0
273,5,14.8,0.00080976,15.352697095435971,0.5206062738589309,0.0,2.0,0.0,0.0,0.0,0.0,14.8,0.0,0.0,0.0,0.0
273,6,22.200000000000003,0.0143443199999999,23.029045643153843,1.0925974107883947,0.0,3.0,0.0,0.0,0.0,0.0,22.200000000000003,0.0,0.0,0.0,0.0
273,7,22.200000000000003,0.02290464,23.029045643153907,1.2897334107884029,0.0,3.0,0.0,0.0,0.0,0.0,22.200000000000003,0.0,0.0,0.0,0.0
273,8,43.80143397209252,0.02475552,45.43717217022061,2.6287912232376414,0.0,6.0,0.0,0.0,0.0,0.0,43.801433972092525,0.0,0.0,0.0,0.0
273,9,14.8,0.017352,15.352697095435971,0.7745742738589355,0.0,2.0,0.0,0.0,0.0,0.0,14.8,0.0,0.0,0.0,0.0
273,10,0.0,0.00046272,0.0,0.0,0.0,0.0,0.0,0.0,0.0,0.0,0.0,0.0,0.0,0.0,0.0
273,11,0.0,-0.00196656,0.0,0.0,0.0,0.0,0.0,0.0,0.0,0.0,0.0,0.0,0.0,0.0,0.0
273,12,0.0,-0.0127248,0.0,0.0,0.0,0.0,0.0,0.0,0.0,0.0,0.0,0.0,0.0,0.0,0.0
273,13,0.0,-0.02001264,0.0,0.0,0.0,0.0,0.0,0.0,0.0,0.0,0.0,0.0,0.0,0.0,0.0
273,14,0.0,-0.01550112,0.0,0.0,0.0,0.0,0.0,0.0,0.0,0.0,0.0,0.0,0.0,0.0,0.0
273,15,0.0,-0.01226208,0.0,0.0,0.0,0.0,0.0,0.0,0.0,0.0,0.0,0.0,0.0,0.0,0.0
273,16,0.0,-0.0092544,0.0,0.0,0.0,0.0,0.0,0.0,0.0,0.0,0.0,0.0,0.0,0.0,0.0
273,17,0.0,-0.0049742399999999,0.0,0.0,0.0,0.0,0.0,0.0,0.0,0.0,0.0,0.0,0.0,0.0,0.0
273,18,0.0,-0.00451152,0.0,0.0,0.0,0.0,0.0,0.0,0.0,0.0,0.0,0.0,0.0,0.0,0.0
273,19,37.0,-0.00948576,38.381742738589836,0.9063556846473175,0.0,5.0,0.0,0.0,0.0,0.0,37.0,0.0,0.0,0.0,0.0
273,20,29.6,-0.01203072,30.70539419087235,0.6469405477178629,0.0,4.0,0.0,0.0,0.0,0.0,29.6,0.0,0.0,0.0,0.0
273,21,37.0,-0.01295616,38.38174273859029,0.7731556846473244,0.0,5.0,0.0,0.0,0.0,0.0,37.0,0.0,0.0,0.0,0.0
273,22,14.8,-0.01943424,15.35269709544102,0.20980627385899403,0.0,2.0,0.0,0.0,0.0,0.0,14.8,0.0,0.0,0.0,0.0
273,23,36.55074582563388,-0.02302032,37.915711437380075,0.38217823826113106,0.0,6.0,0.0,0.0,0.0,0.0,36.55074582563389,0.0,0.0,0.0,0.0
274,0,37.0,-0.02336736,38.381742738589764,0.37355568464730826,0.0,5.0,0.0,0.0,0.0,0.0,37.0,0.0,0.0,0.0,0.0
274,1,0.0,-0.02406144,0.0,0.0,0.0,0.0,0.0,0.0,0.0,0.0,0.0,0.0,0.0,0.0,0.0
274,2,14.8,-0.02417712,15.352697095435971,0.13699027385892368,0.0,2.0,0.0,0.0,0.0,0.0,14.8,0.0,0.0,0.0,0.0
274,3,22.200000000000003,-0.02394576,23.029045643158025,0.21081341078842286,0.0,3.0,0.0,0.0,0.0,0.0,22.200000000000003,0.0,0.0,0.0,0.0
274,4,8.4293480753136,-0.02394576,8.744137007586865,0.08004592876033195,0.0,2.0,0.0,0.0,0.0,0.0,8.4293480753136,0.0,0.0,0.0,0.0
274,5,14.8,-0.023136,15.352697095436593,0.1529742738589302,0.0,2.0,0.0,0.0,0.0,0.0,14.8,0.0,0.0,0.0,0.0
274,6,43.801433972092475,-0.02070672,45.43717217022095,0.5631155971137557,0.0,6.0,0.0,0.0,0.0,0.0,43.80143397209248,0.0,0.0,0.0,0.0
274,7,32.849766530113904,-0.01237776,34.076521296799896,0.7061418526773985,0.0,6.0,0.0,0.0,0.0,0.0,32.849766530113904,0.0,0.0,0.0,0.0
274,8,37.0,-0.00185088,38.381742738589615,1.1993956846473155,0.0,5.0,0.0,0.0,0.0,0.0,37.0,0.0,0.0,0.0,0.0
274,9,7.4,0.0,7.676348547717816,0.25408713692945967,0.0,1.0,0.0,0.0,0.0,0.0,7.4,0.0,0.0,0.0,0.0
274,10,0.0,0.00451152,0.0,0.0,0.0,0.0,0.0,0.0,0.0,0.0,0.0,0.0,0.0,0.0,0.0
274,11,0.0,-0.0005784,0.0,0.0,0.0,0.0,0.0,0.0,0.0,0.0,0.0,0.0,0.0,0.0,0.0
274,12,0.0,-0.02186352,0.0,0.0,0.0,0.0,0.0,0.0,0.0,0.0,0.0,0.0,0.0,0.0,0.0
274,13,0.0,-0.00844464,0.0,0.0,0.0,0.0,0.0,0.0,0.0,0.0,0.0,0.0,0.0,0.0,0.0
274,14,0.0,0.01769904,0.0,0.0,0.0,0.0,0.0,0.0,0.0,0.0,0.0,0.0,0.0,0.0,0.0
274,15,7.4,0.03724896,7.676348547717842,0.5400231369294605,0.0,1.0,0.0,0.0,0.0,0.0,7.4,0.0,0.0,0.0,0.0
274,16,0.0,0.05541072,0.0,0.0,0.0,0.0,0.0,0.0,0.0,0.0,0.0,0.0,0.0,0.0,0.0
274,17,0.0,0.06570624,0.0,0.0,0.0,0.0,0.0,0.0,0.0,0.0,0.0,0.0,0.0,0.0,0.0
274,18,0.0,0.0683668799999999,0.0,0.0,0.0,0.0,0.0,0.0,0.0,0.0,0.0,0.0,0.0,0.0,0.0
274,19,7.4,0.05760864,7.676348547717948,0.6963111369294702,0.0,1.0,0.0,0.0,0.0,0.0,7.4,0.0,0.0,0.0,0.0
274,20,43.8014339720926,0.0564518399999999,45.43717217022119,4.068982372240096,0.0,6.0,0.0,0.0,0.0,0.0,43.8014339720926,0.0,0.0,0.0,0.0
274,21,41.98254413407346,0.049164,43.5503569855537,3.58262656705959,0.0,6.0,0.0,0.0,0.0,0.0,41.982544134073464,0.0,0.0,0.0,0.0
274,22,28.455878636066284,0.0415291199999999,29.51854630297366,2.202943134270175,0.0,4.0,0.0,0.0,0.0,0.0,28.455878636066284,0.0,0.0,0.0,0.0
274,23,17.783728806908613,0.03227472,18.44785145944902,1.2060231237630707,0.0,3.0,0.0,0.0,0.0,0.0,17.783728806908613,0.0,0.0,0.0,0.0
275,0,31.700223899643248,0.03215904,32.884049688427034,2.145981513979047,0.0,5.0,0.0,0.0,0.0,0.0,31.70022389964314,0.0,0.0,0.0,0.0
275,1,29.6,0.03366288,30.705394190872063,2.0499805477178885,0.0,4.0,0.0,0.0,0.0,0.0,29.6,0.0,0.0,0.0,0.0
275,2,28.63121108717175,0.0364392,29.70042643897733,2.065343894225332,0.0,4.0,0.0,0.0,0.0,0.0,28.63121108717175,0.0,0.0,0.0,0.0
275,3,27.85735976057469,0.0446524799999999,28.897676100181634,2.2468659830258475,0.0,4.0,0.0,0.0,0.0,0.0,27.85735976057469,0.0,0.0,0.0,0.0
275,4,14.8,0.05760864,15.352697095437687,1.3926222738591028,0.0,2.0,0.0,0.0,0.0,0.0,14.8,0.0,0.0,0.0,0.0
275,5,37.0,0.0865286399999999,38.381742738589985,4.591555684647391,0.0,5.0,0.0,0.0,0.0,0.0,37.0,0.0,0.0,0.0,0.0
275,6,29.6,0.3805872,30.70539419087151,12.702428547717897,0.0,4.0,0.0,0.0,0.0,0.0,29.6,0.0,0.0,0.0,0.0
275,7,7.4,1.6314350400000002,7.676348547717948,12.777551136929638,0.0,1.0,0.0,0.0,0.0,0.0,7.4,0.0,0.0,0.0,0.0
275,8,0.0,1.33032,0.0,0.0,0.0,0.0,0.0,0.0,0.0,0.0,0.0,0.0,0.0,0.0,0.0
275,9,0.0,0.13210656,0.0,0.0,0.0,0.0,0.0,0.0,0.0,0.0,0.0,0.0,0.0,0.0,0.0
275,10,0.0,0.1255128,0.0,0.0,0.0,0.0,0.0,0.0,0.0,0.0,0.0,0.0,0.0,0.0,0.0
275,11,0.0,0.11209392,0.0,0.0,0.0,0.0,0.0,0.0,0.0,0.0,0.0,0.0,0.0,0.0,0.0
275,12,0.0,0.1052688,0.0,0.0,0.0,0.0,0.0,0.0,0.0,0.0,0.0,0.0,0.0,0.0,0.0
275,13,0.0,0.10249248,0.0,0.0,0.0,0.0,0.0,0.0,0.0,0.0,0.0,0.0,0.0,0.0,0.0
275,14,0.0,0.10364928,0.0,0.0,0.0,0.0,0.0,0.0,0.0,0.0,0.0,0.0,0.0,0.0,0.0
275,15,5.8799171148295635,0.10792944,6.0994990817734065,0.8602089397830177,0.0,2.0,0.0,0.0,0.0,0.0,5.8799171148295635,0.0,0.0,0.0,0.0
275,16,0.0,0.11938176,0.0,0.0,0.0,0.0,0.0,0.0,0.0,0.0,0.0,0.0,0.0,0.0,0.0
275,17,5.964825107381159,0.11880336,6.18757791222112,0.9399138751281731,0.0,1.0,0.0,0.0,0.0,0.0,5.964825107381159,0.0,0.0,0.0,0.0
275,18,37.0,0.11463888,38.381742738590155,5.670475684647442,0.0,5.0,0.0,0.0,0.0,0.0,37.0,0.0,0.0,0.0,0.0
275,19,43.10976654796804,0.07970352,44.719674842291006,5.0445367354658694,0.0,6.0,0.0,0.0,0.0,0.0,43.10976654796804,0.0,0.0,0.0,0.0
275,20,43.20286794418524,0.05795568,44.81625305413464,4.080774396896308,0.0,6.0,0.0,0.0,0.0,0.0,43.20286794418525,0.0,0.0,0.0,0.0
275,21,43.80143397209306,0.04835424,45.43717217022154,3.701050326874546,0.0,6.0,0.0,0.0,0.0,0.0,43.80143397209306,0.0,0.0,0.0,0.0
275,22,14.8,0.0358608,15.352697095436184,1.0587342738589554,0.0,3.0,0.0,0.0,0.0,0.0,14.8,0.0,0.0,0.0,0.0
275,23,42.793498853496956,0.03458832,44.39159632105533,3.0047925770904156,0.0,6.0,0.0,0.0,0.0,0.0,42.793498853496956,0.0,0.0,0.0,0.0
276,0,36.49391407902922,0.03424128,37.856757343391735,2.5493224961533985,0.0,6.0,0.0,0.0,0.0,0.0,36.493914079029224,0.0,0.0,0.0,0.0
276,1,42.306153222494416,0.03424128,43.886051060679435,2.9553428525715106,0.0,6.0,0.0,0.0,0.0,0.0,42.30615322249443,0.0,0.0,0.0,0.0
276,2,7.4,0.03435696,7.676348547717948,0.5178231369294677,0.0,2.0,0.0,0.0,0.0,0.0,7.4,0.0,0.0,0.0,0.0
276,3,29.6,0.0370176,30.705394190871907,2.15298854771788,0.0,4.0,0.0,0.0,0.0,0.0,29.6,0.0,0.0,0.0,0.0
276,4,43.80143397209249,0.05101488,45.4371721702213,3.8219422846375046,0.0,7.0,0.0,0.0,0.0,0.0,43.801433972092525,0.0,0.0,0.0,0.0
276,5,33.8331487658993,0.07125888,35.096627350520166,3.6626447220776512,0.0,6.0,0.0,0.0,0.0,0.0,33.8331487658993,0.0,0.0,0.0,0.0
276,6,42.808298755186705,0.13488288,44.406948916169455,7.459607170951023,0.0,6.0,0.0,0.0,0.0,0.0,42.80829875518672,0.0,0.0,0.0,0.0
276,7,14.8,0.12354624,15.352697095435897,2.4049422738589543,0.0,2.0,0.0,0.0,0.0,0.0,14.8,0.0,0.0,0.0,0.0
276,8,7.4,0.0570302399999999,7.676348547718116,0.6918711369294844,0.0,1.0,0.0,0.0,0.0,0.0,7.4,0.0,0.0,0.0,0.0
276,9,0.0,0.03829008,0.0,0.0,0.0,0.0,0.0,0.0,0.0,0.0,0.0,0.0,0.0,0.0,0.0
276,10,0.0,0.03458832,0.0,0.0,0.0,0.0,0.0,0.0,0.0,0.0,0.0,0.0,0.0,0.0,0.0
276,11,0.0,0.03447264,0.0,0.0,0.0,0.0,0.0,0.0,0.0,0.0,0.0,0.0,0.0,0.0,0.0
276,12,0.0,0.03215904,0.0,0.0,0.0,0.0,0.0,0.0,0.0,0.0,0.0,0.0,0.0,0.0,0.0
276,13,0.0,0.03053952,0.0,0.0,0.0,0.0,0.0,0.0,0.0,0.0,0.0,0.0,0.0,0.0,0.0
276,14,0.0,0.02984544,0.0,0.0,0.0,0.0,0.0,0.0,0.0,0.0,0.0,0.0,0.0,0.0,0.0
276,15,22.200000000000003,0.03377856,23.029045643153427,1.5401494107883753,0.0,3.0,0.0,0.0,0.0,0.0,22.200000000000003,0.0,0.0,0.0,0.0
276,16,0.0,0.05760864,0.0,0.0,0.0,0.0,0.0,0.0,0.0,0.0,0.0,0.0,0.0,0.0,0.0
276,17,0.0,0.09613008,0.0,0.0,0.0,1.0,0.0,0.0,0.0,0.0,0.0,0.0,0.0,0.0,0.0
276,18,42.60430191627751,0.08814816,44.19533393804743,5.358602920573805,0.0,6.0,0.0,0.0,0.0,0.0,42.60430191627752,0.0,0.0,0.0,0.0
276,19,43.80143397209251,0.06223584,45.43717217022113,4.3317909760726545,0.0,6.0,0.0,0.0,0.0,0.0,43.801433972092525,0.0,0.0,0.0,0.0
276,20,39.991445035316985,0.04731312,41.484901488918595,3.3359303616165903,0.0,7.0,0.0,0.0,0.0,0.0,39.991445035316985,0.0,0.0,0.0,0.0
276,21,34.34199080254106,0.03111792,35.62447178686895,2.287729479251407,0.0,6.0,0.0,0.0,0.0,0.0,34.341990802541076,0.0,0.0,0.0,0.0
276,22,43.80143397209283,0.00844464,45.4371721702213,1.8876709604298627,0.0,6.0,0.0,0.0,0.0,0.0,43.801433972092845,0.0,0.0,0.0,0.0
276,23,31.20548606381326,0.00150384,32.37083616578194,1.1201552353469315,0.0,6.0,0.0,0.0,0.0,0.0,31.205486063813282,0.0,0.0,0.0,0.0
277,0,39.241662961722305,0.00011568,40.7071192548993,1.3521146468925733,0.0,6.0,0.0,0.0,0.0,0.0,39.241662961722305,0.0,0.0,0.0,0.0
277,1,43.801433972092596,-0.00023136,45.43717217022106,1.4934580546810148,0.0,6.0,0.0,0.0,0.0,0.0,43.801433972092596,0.0,0.0,0.0,0.0
277,2,39.55349518496272,-0.00080976,41.03059666489976,1.3248878136528126,0.0,6.0,0.0,0.0,0.0,0.0,39.553495184962735,0.0,0.0,0.0,0.0
277,3,36.07525446394579,-0.0010411199999999,37.42246313687359,1.1997222550094575,0.0,6.0,0.0,0.0,0.0,0.0,36.07525446394579,0.0,0.0,0.0,0.0
277,4,37.0,-0.0006940799999999,38.38174273858946,1.2437956846473146,0.0,5.0,0.0,0.0,0.0,0.0,37.0,0.0,0.0,0.0,0.0
277,5,36.4105421930957,0.01816176,37.770271984539285,1.9361706176061764,0.0,6.0,0.0,0.0,0.0,0.0,36.41054219309557,0.0,0.0,0.0,0.0
277,6,43.406864783093994,0.054948,45.02786803225583,3.9646137245040602,0.0,6.0,0.0,0.0,0.0,0.0,43.406864783093994,0.0,0.0,0.0,0.0
277,7,14.8,0.0573772799999999,15.352697095435934,1.389070273858942,0.0,2.0,0.0,0.0,0.0,0.0,14.8,0.0,0.0,0.0,0.0
277,8,7.4,0.04754448,7.676348547717986,0.6190551369294721,0.0,1.0,0.0,0.0,0.0,0.0,7.4,0.0,0.0,0.0,0.0
277,9,0.0,0.0319276799999999,0.0,0.0,0.0,0.0,0.0,0.0,0.0,0.0,0.0,0.0,0.0,0.0,0.0
277,10,0.0,0.02221056,0.0,0.0,0.0,0.0,0.0,0.0,0.0,0.0,0.0,0.0,0.0,0.0,0.0
277,11,0.0,0.01712064,0.0,0.0,0.0,0.0,0.0,0.0,0.0,0.0,0.0,0.0,0.0,0.0,0.0
277,12,0.0,0.0143443199999999,0.0,0.0,0.0,0.0,0.0,0.0,0.0,0.0,0.0,0.0,0.0,0.0,0.0
277,13,0.0,0.0153854399999999,0.0,0.0,0.0,0.0,0.0,0.0,0.0,0.0,0.0,0.0,0.0,0.0,0.0
277,14,0.0,0.01642656,0.0,0.0,0.0,0.0,0.0,0.0,0.0,0.0,0.0,0.0,0.0,0.0,0.0
277,15,22.200000000000003,0.0282259199999999,23.029045643154042,1.4122774107884108,0.0,4.0,0.0,0.0,0.0,0.0,22.200000000000003,0.0,0.0,0.0,0.0
277,16,0.0,0.03678624,0.0,0.0,0.0,0.0,0.0,0.0,0.0,0.0,0.0,0.0,0.0,0.0,0.0
277,17,0.0,0.03667056,0.0,0.0,0.0,0.0,0.0,0.0,0.0,0.0,0.0,0.0,0.0,0.0,0.0
277,18,22.200000000000003,0.02915136,23.029045643154618,1.4335894107884497,0.0,3.0,0.0,0.0,0.0,0.0,22.200000000000003,0.0,0.0,0.0,0.0
277,19,36.40143397209251,0.01839312,37.7608236225027,1.9444226220923662,0.0,6.0,0.0,0.0,0.0,0.0,36.401433972092526,0.0,0.0,0.0,0.0
277,20,43.80143397209251,0.00150384,45.43717217022136,1.5723006358307925,0.0,6.0,0.0,0.0,0.0,0.0,43.801433972092525,0.0,0.0,0.0,0.0
277,21,29.115223409074027,0.0,30.20251390982788,0.9997032104153029,0.0,6.0,0.0,0.0,0.0,0.0,29.115223409074027,0.0,0.0,0.0,0.0
277,22,43.80143397209251,-0.0035860799999999,45.437172170220606,1.3410290644581215,0.0,6.0,0.0,0.0,0.0,0.0,43.801433972092525,0.0,0.0,0.0,0.0
277,23,35.4269154665099,0.0,36.74991230965844,1.2164220974496942,0.0,6.0,0.0,0.0,0.0,0.0,35.426915466509804,0.0,0.0,0.0,0.0
278,0,41.810440250857894,-0.0003470399999999,43.37182598636738,1.4205556816584557,0.0,6.0,0.0,0.0,0.0,0.0,41.81044025085779,0.0,0.0,0.0,0.0
278,1,26.70562020067326,-0.0006940799999999,27.70292551937122,0.8977387881467047,0.0,4.0,0.0,0.0,0.0,0.0,26.705620200673266,0.0,0.0,0.0,0.0
278,2,43.80143397209252,-0.0005784,45.4371721702214,1.4776895384510724,0.0,6.0,0.0,0.0,0.0,0.0,43.801433972092525,0.0,0.0,0.0,0.0
278,3,43.80143397209251,-0.00011568,45.437172170221054,1.4987142267576654,0.0,6.0,0.0,0.0,0.0,0.0,43.801433972092525,0.0,0.0,0.0,0.0
278,4,29.6,0.00127248,30.70539419087187,1.0554205477178593,0.0,4.0,0.0,0.0,0.0,0.0,29.6,0.0,0.0,0.0,0.0
278,5,37.0,0.03447264,38.38174273858972,2.5935556846473373,0.0,5.0,0.0,0.0,0.0,0.0,37.0,0.0,0.0,0.0,0.0
278,6,43.80143397209279,0.0574929599999999,45.4371721702213,4.116287920929967,0.0,6.0,0.0,0.0,0.0,0.0,43.80143397209279,0.0,0.0,0.0,0.0
278,7,0.0,0.08074464,0.0,0.0,0.0,0.0,0.0,0.0,0.0,0.0,0.0,0.0,0.0,0.0,0.0
278,8,2.588173533219848,0.09034608,2.6848273166181,0.0,23.894963117901092,0.0,0.0,0.0,0.0,1.0,0.0,0.0,0.0,0.0,2.588173533219848
278,9,0.0,0.08467776,0.0,0.0,0.0,0.0,0.0,0.0,0.0,0.0,0.0,0.0,0.0,0.0,0.0
278,10,0.0,0.07970352,0.0,0.0,0.0,0.0,0.0,0.0,0.0,0.0,0.0,0.0,0.0,0.0,0.0
278,11,0.0,0.06570624,0.0,0.0,0.0,0.0,0.0,0.0,0.0,0.0,0.0,0.0,0.0,0.0,0.0
278,12,0.0,0.0577243199999999,0.0,0.0,0.0,0.0,0.0,0.0,0.0,0.0,0.0,0.0,0.0,0.0,0.0
278,13,0.0,0.0573772799999999,0.0,0.0,0.0,0.0,0.0,0.0,0.0,0.0,0.0,0.0,0.0,0.0,0.0
278,14,0.0,0.0601535999999999,0.0,0.0,0.0,0.0,0.0,0.0,0.0,0.0,0.0,0.0,0.0,0.0,0.0
278,15,22.200000000000003,0.083868,23.029045643153683,2.6936614107884,0.0,3.0,0.0,0.0,0.0,0.0,22.200000000000003,0.0,0.0,0.0,0.0
278,16,0.0,0.09578304,0.0,0.0,0.0,0.0,0.0,0.0,0.0,0.0,0.0,0.0,0.0,0.0,0.0
278,17,14.8,0.59158752,15.352697095435852,9.590638273859028,0.0,2.0,0.0,0.0,0.0,0.0,14.8,0.0,0.0,0.0,0.0
278,18,22.200000000000003,1.6185945599999998,23.029045643153957,38.036949410789084,0.0,3.0,0.0,0.0,0.0,0.0,22.200000000000003,0.0,0.0,0.0,0.0
278,19,43.80143397209251,0.1738670399999999,45.437172170221054,9.403997030041022,0.0,6.0,0.0,0.0,0.0,0.0,43.801433972092525,0.0,0.0,0.0,0.0
278,20,29.6,0.0567988799999999,30.705394190871957,2.760380547717892,0.0,5.0,0.0,0.0,0.0,0.0,29.6,0.0,0.0,0.0,0.0
278,21,17.207751502962672,0.04615632,17.850364629629574,1.4147542112026033,0.0,3.0,0.0,0.0,0.0,0.0,17.207751502962672,0.0,0.0,0.0,0.0
278,22,22.200000000000003,0.03447264,23.02904564315392,1.5561334107884084,0.0,3.0,0.0,0.0,0.0,0.0,22.200000000000003,0.0,0.0,0.0,0.0
278,23,38.079448390441414,0.0326217599999999,39.50150247971126,2.5961082656109844,0.0,6.0,0.0,0.0,0.0,0.0,38.079448390441414,0.0,0.0,0.0,0.0
279,0,39.467491645993086,0.02915136,40.941381375511995,2.5486566709042924,0.0,6.0,0.0,0.0,0.0,0.0,39.4674916459931,0.0,0.0,0.0,0.0
279,1,29.6,0.02625936,30.705394190871793,1.8226525477178674,0.0,4.0,0.0,0.0,0.0,0.0,29.6,0.0,0.0,0.0,0.0
279,2,43.80143397209252,0.02764752,45.437172170221174,2.7601955251539545,0.0,6.0,0.0,0.0,0.0,0.0,43.801433972092525,0.0,0.0,0.0,0.0
279,3,36.14601508249217,0.03273744,37.495866268146486,2.4686318456771184,0.0,5.0,0.0,0.0,0.0,0.0,36.14601508249217,0.0,0.0,0.0,0.0
279,4,43.80143397209251,0.0446524799999999,45.437172170221146,3.5328528204216716,0.0,6.0,0.0,0.0,0.0,0.0,43.801433972092525,0.0,0.0,0.0,0.0
279,5,33.14055893748603,0.0647808,34.37817317166657,3.3649630925812604,0.0,7.0,0.0,0.0,0.0,0.0,33.14055893748605,0.0,0.0,0.0,0.0
279,6,34.96901875481451,0.1670419199999999,36.27491572076252,7.26013128019159,0.0,6.0,0.0,0.0,0.0,0.0,34.96901875481451,0.0,0.0,0.0,0.0
279,7,37.0,0.21944496,38.38174273859179,9.693115684647953,0.0,5.0,0.0,0.0,0.0,0.0,37.0,0.0,0.0,0.0,0.0
279,8,0.0,0.13927872,0.0,0.0,0.0,0.0,0.0,0.0,0.0,0.0,0.0,0.0,0.0,0.0,0.0
279,9,0.0,0.1141761599999999,0.0,0.0,0.0,0.0,0.0,0.0,0.0,0.0,0.0,0.0,0.0,0.0,0.0
279,10,0.0,0.0787780799999999,0.0,0.0,0.0,0.0,0.0,0.0,0.0,0.0,0.0,0.0,0.0,0.0,0.0
279,11,0.0,0.0573772799999999,0.0,0.0,0.0,0.0,0.0,0.0,0.0,0.0,0.0,0.0,0.0,0.0,0.0
279,12,0.0,0.0335472,0.0,0.0,0.0,0.0,0.0,0.0,0.0,0.0,0.0,0.0,0.0,0.0,0.0
279,13,0.0,0.02359872,0.0,0.0,0.0,0.0,0.0,0.0,0.0,0.0,0.0,0.0,0.0,0.0,0.0
279,14,0.0,0.03320016,0.0,0.0,0.0,0.0,0.0,0.0,0.0,0.0,0.0,0.0,0.0,0.0,0.0
279,15,29.6,0.03088656,30.705394190872443,1.9647325477179107,0.0,4.0,0.0,0.0,0.0,0.0,29.6,0.0,0.0,0.0,0.0
279,16,0.0,0.03273744,0.0,0.0,0.0,0.0,0.0,0.0,0.0,0.0,0.0,0.0,0.0,0.0,0.0
279,17,7.4,0.03273744,7.676348547717986,0.50539113692947,0.0,1.0,0.0,0.0,0.0,0.0,7.4,0.0,0.0,0.0,0.0
279,18,22.200000000000003,0.02290464,23.02904564315399,1.2897334107884075,0.0,3.0,0.0,0.0,0.0,0.0,22.200000000000003,0.0,0.0,0.0,0.0
279,19,42.03693063807817,0.01318752,43.60677452083109,2.0184494477684596,0.0,6.0,0.0,0.0,0.0,0.0,42.03693063807818,0.0,0.0,0.0,0.0
279,20,41.714108316658496,0.0005784,43.27189659404458,1.4573282422528708,0.0,6.0,0.0,0.0,0.0,0.0,41.714108316658496,0.0,0.0,0.0,0.0
279,21,14.8,-0.0010411199999999,15.352697095435897,0.49219027385892944,0.0,2.0,0.0,0.0,0.0,0.0,14.8,0.0,0.0,0.0,0.0
279,22,42.08724462682639,-0.0138816,43.6589674552146,0.839055500141296,0.0,6.0,0.0,0.0,0.0,0.0,42.08724462682639,0.0,0.0,0.0,0.0
279,23,22.200000000000003,-0.03944688,23.02904564315392,-0.14616258921162073,0.0,3.0,0.0,0.0,0.0,0.0,22.200000000000003,0.0,0.0,0.0,0.0
280,0,43.80143397209238,-0.03944688,45.43717217022088,-0.2883842793037315,0.0,6.0,0.0,0.0,0.0,0.0,43.80143397209238,0.0,0.0,0.0,0.0
280,1,22.200000000000003,-0.04199184,23.02904564315392,-0.20477058921162183,0.0,3.0,0.0,0.0,0.0,0.0,22.200000000000003,0.0,0.0,0.0,0.0
280,2,14.8,-0.04985808,15.35269709543601,-0.25728172614108435,0.0,2.0,0.0,0.0,0.0,0.0,14.8,0.0,0.0,0.0,0.0
280,3,43.801433972089924,-0.0402566399999999,45.43717217021834,-0.3251774838402669,0.0,6.0,0.0,0.0,0.0,0.0,43.801433972089924,0.0,0.0,0.0,0.0
280,4,37.0,-0.04384272,38.38174273858982,-0.41232431535270375,0.0,5.0,0.0,0.0,0.0,0.0,37.0,0.0,0.0,0.0,0.0
280,5,43.80143397209251,-0.03551376,45.43717217022142,-0.10967442869759372,0.0,6.0,0.0,0.0,0.0,0.0,43.80143397209252,0.0,0.0,0.0,0.0
280,6,29.6,-0.01920288,30.705394190871537,0.4267165477178446,0.0,4.0,0.0,0.0,0.0,0.0,29.6,0.0,0.0,0.0,0.0
280,7,29.6,-0.00219792,30.70539419087153,0.9488605477178473,0.0,4.0,0.0,0.0,0.0,0.0,29.6,0.0,0.0,0.0,0.0
280,8,43.80143397209251,-0.00092544,45.437172170220705,1.4619210222210959,0.0,6.0,0.0,0.0,0.0,0.0,43.801433972092525,0.0,0.0,0.0,0.0
280,9,22.200000000000003,-0.0010411199999999,23.02904564315358,0.7382854107883856,0.0,3.0,0.0,0.0,0.0,0.0,22.200000000000003,0.0,0.0,0.0,0.0
280,10,7.4,-0.00219792,7.676348547717948,0.23721513692946383,0.0,1.0,0.0,0.0,0.0,0.0,7.4,0.0,0.0,0.0,0.0
280,11,0.0,-0.00323904,0.0,0.0,0.0,0.0,0.0,0.0,0.0,0.0,0.0,0.0,0.0,0.0,0.0
280,12,0.0,-0.00439584,0.0,0.0,0.0,0.0,0.0,0.0,0.0,0.0,0.0,0.0,0.0,0.0,0.0
280,13,0.0,-0.00381744,0.0,0.0,0.0,0.0,0.0,0.0,0.0,0.0,0.0,0.0,0.0,0.0,0.0
280,14,0.0,-0.00092544,0.0,0.0,0.0,0.0,0.0,0.0,0.0,0.0,0.0,0.0,0.0,0.0,0.0
280,15,14.8,0.0,15.352697095436056,0.5081742738589334,0.0,2.0,0.0,0.0,0.0,0.0,14.8,0.0,0.0,0.0,0.0
280,16,0.0,0.00439584,0.0,0.0,0.0,0.0,0.0,0.0,0.0,0.0,0.0,0.0,0.0,0.0,0.0
280,17,0.0,0.01376592,0.0,0.0,0.0,0.0,0.0,0.0,0.0,0.0,0.0,0.0,0.0,0.0,0.0
280,18,0.0,0.0080976,0.0,0.0,0.0,0.0,0.0,0.0,0.0,0.0,0.0,0.0,0.0,0.0,0.0
280,19,40.71379066794825,0.0,42.23422268459405,1.397952770860063,0.0,6.0,0.0,0.0,0.0,0.0,40.71379066794826,0.0,0.0,0.0,0.0
280,20,21.26672335125338,-0.0010411199999999,22.060916339474637,0.7072482696172588,0.0,3.0,0.0,0.0,0.0,0.0,21.26672335125338,0.0,0.0,0.0,0.0
280,21,22.200000000000003,-0.01191504,23.029045643157172,0.4878694107884589,0.0,4.0,0.0,0.0,0.0,0.0,22.200000000000003,0.0,0.0,0.0,0.0
280,22,29.6,-0.0226732799999999,30.70539419087217,0.3201565477178536,0.0,4.0,0.0,0.0,0.0,0.0,29.6,0.0,0.0,0.0,0.0
280,23,22.200000000000003,-0.01943424,23.02904564315392,0.31470941078838705,0.0,4.0,0.0,0.0,0.0,0.0,22.200000000000003,0.0,0.0,0.0,0.0
281,0,7.4,-0.02302032,7.676348547717986,0.077375136929462,0.0,1.0,0.0,0.0,0.0,0.0,7.4,0.0,0.0,0.0,0.0
281,1,22.200000000000003,-0.02359872,23.029045643153843,0.21880541078838467,0.0,3.0,0.0,0.0,0.0,0.0,22.200000000000003,0.0,0.0,0.0,0.0
281,2,36.40143397209252,-0.02394576,37.76082362250269,0.3456716420380589,0.0,6.0,0.0,0.0,0.0,0.0,36.401433972092526,0.0,0.0,0.0,0.0
281,3,43.80143397209266,-0.0237144,45.43717217022124,0.42645512312082834,0.0,6.0,0.0,0.0,0.0,0.0,43.80143397209266,0.0,0.0,0.0,0.0
281,4,28.725437746391954,-0.0208223999999999,29.798171936091585,0.36585003576256087,0.0,4.0,0.0,0.0,0.0,0.0,28.725437746391847,0.0,0.0,0.0,0.0
281,5,43.80143397209252,-0.0127248,45.43717217022263,0.9257914704027201,0.0,6.0,0.0,0.0,0.0,0.0,43.801433972092525,0.0,0.0,0.0,0.0
281,6,43.416031804738,-0.00046272,45.037377390806554,1.4698974963694227,0.0,6.0,0.0,0.0,0.0,0.0,43.41603180473801,0.0,0.0,0.0,0.0
281,7,37.0,0.00589968,38.38174273858523,1.4968756846471474,0.0,6.0,0.0,0.0,0.0,0.0,37.0,0.0,0.0,0.0,0.0
281,8,7.4,0.01515408,7.676348547717948,0.37041513692946565,0.0,1.0,0.0,0.0,0.0,0.0,7.4,0.0,0.0,0.0,0.0
281,9,13.10438411462194,0.01573248,13.593759455002015,0.6638169867111967,0.0,2.0,0.0,0.0,0.0,0.0,13.10438411462194,0.0,0.0,0.0,0.0
281,10,0.0,0.0150383999999999,0.0,0.0,0.0,0.0,0.0,0.0,0.0,0.0,0.0,0.0,0.0,0.0,0.0
281,11,0.0,0.01526976,0.0,0.0,0.0,0.0,0.0,0.0,0.0,0.0,0.0,0.0,0.0,0.0,0.0
281,12,0.0,0.0156168,0.0,0.0,0.0,0.0,0.0,0.0,0.0,0.0,0.0,0.0,0.0,0.0,0.0
281,13,0.0,0.01897152,0.0,0.0,0.0,0.0,0.0,0.0,0.0,0.0,0.0,0.0,0.0,0.0,0.0
281,14,0.0,0.02892,0.0,0.0,0.0,0.0,0.0,0.0,0.0,0.0,0.0,0.0,0.0,0.0,0.0
281,15,31.16754487743166,0.03852144,32.33147808862307,2.315627018035632,0.0,5.0,0.0,0.0,0.0,0.0,31.16754487743166,0.0,0.0,0.0,0.0
281,16,0.0,0.0573772799999999,0.0,0.0,0.0,0.0,0.0,0.0,0.0,0.0,0.0,0.0,0.0,0.0,0.0
281,17,0.0,0.08918928,0.0,0.0,0.0,0.0,0.0,0.0,0.0,0.0,0.0,0.0,0.0,0.0,0.0
281,18,0.0,0.13141248,0.0,0.0,0.0,0.0,0.0,0.0,0.0,0.0,0.0,0.0,0.0,0.0,0.0
281,19,22.200000000000003,0.1058472,23.0290456431564,3.199821410788781,0.0,3.0,0.0,0.0,0.0,0.0,22.200000000000003,0.0,0.0,0.0,0.0
281,20,43.80143397209021,0.08363664,45.43717217021871,5.30418281025284,0.0,6.0,0.0,0.0,0.0,0.0,43.80143397209021,0.0,0.0,0.0,0.0
281,21,28.115481312997318,0.0699863999999999,29.165437046678143,3.0065599095686784,0.0,4.0,0.0,0.0,0.0,0.0,28.115481312997318,0.0,0.0,0.0,0.0
281,22,15.78851128925605,0.0577243199999999,16.378123744041794,1.4875319519284484,0.0,3.0,0.0,0.0,0.0,0.0,15.78851128925605,0.0,0.0,0.0,0.0
281,23,35.98434782808154,0.05471664,37.32816164738788,3.278033733250469,0.0,6.0,0.0,0.0,0.0,0.0,35.98434782808154,0.0,0.0,0.0,0.0
282,0,41.56784369218402,0.0434956799999999,43.12016980517063,3.302818727942507,0.0,6.0,0.0,0.0,0.0,0.0,41.56784369218403,0.0,0.0,0.0,0.0
282,1,38.42396607328858,0.0451152,39.85888596814251,3.117570737775461,0.0,6.0,0.0,0.0,0.0,0.0,38.423966073288604,0.0,0.0,0.0,0.0
282,2,41.01778757278732,0.04846992,42.54957217094193,3.4707651980179586,0.0,7.0,0.0,0.0,0.0,0.0,41.017787572787334,0.0,0.0,0.0,0.0
282,3,29.6,0.0573772799999999,30.705394190871623,2.778140547717862,0.0,4.0,0.0,0.0,0.0,0.0,29.6,0.0,0.0,0.0,0.0
282,4,29.6,0.0869913599999999,30.70539419087233,3.687452547717954,0.0,4.0,0.0,0.0,0.0,0.0,29.6,0.0,0.0,0.0,0.0
282,5,34.71598648962426,0.61634304,36.01243411786764,23.388024691307677,0.0,6.0,0.0,0.0,0.0,0.0,34.715986489624264,0.0,0.0,0.0,0.0
282,6,40.261633203028076,1.2933024,41.76517967119179,55.397434552300005,0.0,6.0,0.0,0.0,0.0,0.0,40.261633203028076,0.0,0.0,0.0,0.0
282,7,7.4,1.4680948800000002,7.676348547717019,11.523695136928225,0.0,1.0,0.0,0.0,0.0,0.0,7.4,0.0,0.0,0.0,0.0
282,8,0.0,1.40470224,0.0,0.0,0.0,0.0,0.0,0.0,0.0,0.0,0.0,0.0,0.0,0.0,0.0
282,9,0.0,1.29087312,0.0,0.0,0.0,0.0,0.0,0.0,0.0,0.0,0.0,0.0,0.0,0.0,0.0
282,10,0.0,1.21880448,0.0,0.0,0.0,0.0,0.0,0.0,0.0,0.0,0.0,0.0,0.0,0.0,0.0
282,11,0.0,1.14511632,0.0,0.0,0.0,0.0,0.0,0.0,0.0,0.0,0.0,0.0,0.0,0.0,0.0
282,12,0.0,1.1358619199999995,0.0,0.0,0.0,0.0,0.0,0.0,0.0,0.0,0.0,0.0,0.0,0.0,0.0
282,13,0.0,1.19115696,0.0,0.0,0.0,0.0,0.0,0.0,0.0,0.0,0.0,0.0,0.0,0.0,0.0
282,14,0.0,1.24101504,0.0,0.0,0.0,0.0,0.0,0.0,0.0,0.0,0.0,0.0,0.0,0.0,0.0
282,15,37.0,1.27606608,38.381742738584535,50.24807568464119,0.0,5.0,0.0,0.0,0.0,0.0,37.0,0.0,0.0,0.0,0.0
282,16,0.0,1.49597376,0.0,0.0,0.0,0.0,0.0,0.0,0.0,0.0,0.0,0.0,0.0,0.0,0.0
282,17,0.0,2.18889696,0.0,0.0,0.0,0.0,0.0,0.0,0.0,0.0,0.0,0.0,0.0,0.0,0.0
282,18,29.6,2.5646256,30.705394190871985,79.76418854771944,0.0,4.0,0.0,0.0,0.0,0.0,29.6,0.0,0.0,0.0,0.0
282,19,30.845256014993303,2.08304976,31.99715354252443,67.71076878969623,0.0,6.0,0.0,0.0,0.0,0.0,30.845256014993303,0.0,0.0,0.0,0.0
282,20,43.80143397209251,1.49886576,45.437172170221594,69.60819199600436,0.0,6.0,0.0,0.0,0.0,0.0,43.801433972092525,0.0,0.0,0.0,0.0
282,21,43.48832839315316,0.6025771200000001,45.112373851820664,28.67690388648867,0.0,6.0,0.0,0.0,0.0,0.0,43.48832839315317,0.0,0.0,0.0,0.0
282,22,29.6,0.12215808,30.705394190872198,4.767260547717971,0.0,4.0,0.0,0.0,0.0,0.0,29.6,0.0,0.0,0.0,0.0
282,23,43.80143397209107,0.3266803199999999,45.43717217021951,16.347400343296666,0.0,6.0,0.0,0.0,0.0,0.0,43.80143397209107,0.0,0.0,0.0,0.0
283,0,43.80143397209251,0.1021454399999999,45.43717217022232,6.145170342517467,0.0,6.0,0.0,0.0,0.0,0.0,43.801433972092525,0.0,0.0,0.0,0.0
283,1,37.852940275218856,0.09520464,39.266535555206815,5.038078708458011,0.0,6.0,0.0,0.0,0.0,0.0,37.852940275218856,0.0,0.0,0.0,0.0
283,2,43.8014339720911,0.0994848,45.43717217022023,6.024278384754215,0.0,6.0,0.0,0.0,0.0,0.0,43.8014339720911,0.0,0.0,0.0,0.0
283,3,43.2028679441848,0.19827552,44.81625305413747,10.369383854852645,0.0,6.0,0.0,0.0,0.0,0.0,43.20286794418481,0.0,0.0,0.0,0.0
283,4,7.4,0.5800195199999999,7.676348547717948,4.706519136929525,0.0,1.0,0.0,0.0,0.0,0.0,7.4,0.0,0.0,0.0,0.0
283,5,33.12413404810418,1.46774784,34.36113490467299,51.570835101627054,0.0,5.0,0.0,0.0,0.0,0.0,33.12413404810408,0.0,0.0,0.0,0.0
283,6,43.80143397209252,2.33581056,45.437172170221075,107.63659697057483,0.0,6.0,0.0,0.0,0.0,0.0,43.801433972092525,0.0,0.0,0.0,0.0
283,7,22.200000000000003,2.29775184,23.029045643154046,53.67729341078959,0.0,3.0,0.0,0.0,0.0,0.0,22.200000000000003,0.0,0.0,0.0,0.0
283,8,12.522245523238496,1.5281328,12.98988124817282,11.984567136929625,47.29044103404836,1.0,0.0,0.0,0.0,1.0,7.4,0.0,0.0,0.0,5.122245523238496
283,9,0.0,1.3442016,0.0,0.0,0.0,0.0,0.0,0.0,0.0,0.0,0.0,0.0,0.0,0.0,0.0
283,10,0.0,1.20492288,0.0,0.0,0.0,0.0,0.0,0.0,0.0,0.0,0.0,0.0,0.0,0.0,0.0
283,11,0.0,1.09120944,0.0,0.0,0.0,0.0,0.0,0.0,0.0,0.0,0.0,0.0,0.0,0.0,0.0
283,12,0.0,0.59725584,0.0,0.0,0.0,0.0,0.0,0.0,0.0,0.0,0.0,0.0,0.0,0.0,0.0
283,13,0.0,0.54149808,0.0,0.0,0.0,0.0,0.0,0.0,0.0,0.0,0.0,0.0,0.0,0.0,0.0
283,14,0.0,0.4748664,0.0,0.0,0.0,0.0,0.0,0.0,0.0,0.0,0.0,0.0,0.0,0.0,0.0
283,15,21.36414118334261,0.5506368,22.1619721818911,12.93675872314613,0.0,3.0,0.0,0.0,0.0,0.0,21.36414118334261,0.0,0.0,0.0,0.0
283,16,0.0,0.4943006399999999,0.0,0.0,0.0,0.0,0.0,0.0,0.0,0.0,0.0,0.0,0.0,0.0,0.0
283,17,0.0,0.30516384,0.0,0.0,0.0,0.0,0.0,0.0,0.0,0.0,0.0,0.0,0.0,0.0,0.0
283,18,22.200000000000003,0.05691456,23.029045643153882,2.0729494107884134,0.0,3.0,0.0,0.0,0.0,0.0,22.200000000000003,0.0,0.0,0.0,0.0
283,19,43.80143397209254,0.0237144,45.43717217022205,2.581485674547864,0.0,6.0,0.0,0.0,0.0,0.0,43.80143397209254,0.0,0.0,0.0,0.0
283,20,41.47222414921134,0.00011568,43.02097940789613,1.4289710852992672,0.0,6.0,0.0,0.0,0.0,0.0,41.47222414921134,0.0,0.0,0.0,0.0
283,21,42.31642388253478,-0.0201283199999999,43.89670527234087,0.5694140138471228,0.0,6.0,0.0,0.0,0.0,0.0,42.316423882534785,0.0,0.0,0.0,0.0
283,22,42.02539244576664,-0.03562944,43.59480544166715,-0.11027044467637058,0.0,6.0,0.0,0.0,0.0,0.0,42.025392445766656,0.0,0.0,0.0,0.0
283,23,43.80143397209263,-0.05251872,45.437172170221224,-0.8823317239653182,0.0,6.0,0.0,0.0,0.0,0.0,43.801433972092646,0.0,0.0,0.0,0.0
284,0,43.8014339720914,-0.05760864,45.4371721702199,-1.1136032953379384,0.0,6.0,0.0,0.0,0.0,0.0,43.8014339720914,0.0,0.0,0.0,0.0
284,1,43.13581239914524,-0.05888112,44.7466933601097,-1.1536198711201917,0.0,7.0,0.0,0.0,0.0,0.0,43.13581239914525,0.0,0.0,0.0,0.0
284,2,37.0,-0.0595752,38.38174273858988,-1.016164315352715,0.0,5.0,0.0,0.0,0.0,0.0,37.0,0.0,0.0,0.0,0.0
284,3,43.80143397209305,-0.05622048,45.437172170223235,-1.0505292304182032,0.0,6.0,0.0,0.0,0.0,0.0,43.80143397209305,0.0,0.0,0.0,0.0
284,4,29.6,-0.0399095999999999,30.70539419086867,-0.20909145228213633,0.0,4.0,0.0,0.0,0.0,0.0,29.6,0.0,0.0,0.0,0.0
284,5,42.241482454832315,-0.0127248,43.81896520210874,0.8928201797860058,0.0,7.0,0.0,0.0,0.0,0.0,42.241482454832344,0.0,0.0,0.0,0.0
284,6,43.80143397209252,0.00011568,45.43717217022137,1.5092265709109784,0.0,6.0,0.0,0.0,0.0,0.0,43.801433972092525,0.0,0.0,0.0,0.0
284,7,29.6,0.0185088,30.705394190871868,1.584668547717868,0.0,4.0,0.0,0.0,0.0,0.0,29.6,0.0,0.0,0.0,0.0
284,8,0.0,0.02417712,0.0,0.0,0.0,0.0,0.0,0.0,0.0,0.0,0.0,0.0,0.0,0.0,0.0
284,9,0.0,0.0286886399999999,0.0,0.0,0.0,0.0,0.0,0.0,0.0,0.0,0.0,0.0,0.0,0.0,0.0
284,10,0.0,0.0121464,0.0,0.0,0.0,0.0,0.0,0.0,0.0,0.0,0.0,0.0,0.0,0.0,0.0
284,11,0.0,0.0,0.0,0.0,0.0,0.0,0.0,0.0,0.0,0.0,0.0,0.0,0.0,0.0,0.0
284,12,0.0,-0.0006940799999999,0.0,0.0,0.0,0.0,0.0,0.0,0.0,0.0,0.0,0.0,0.0,0.0,0.0
284,13,0.0,-0.00046272,0.0,0.0,0.0,0.0,0.0,0.0,0.0,0.0,0.0,0.0,0.0,0.0,0.0
284,14,0.0,0.0006940799999999,0.0,0.0,0.0,0.0,0.0,0.0,0.0,0.0,0.0,0.0,0.0,0.0,0.0
284,15,24.461761914969564,0.01353456,25.37527169602426,1.0739494107882765,20.881411870569632,3.0,0.0,0.0,0.0,1.0,22.200000000000003,0.0,0.0,0.0,2.2617619149695645
284,16,0.0,0.01526976,0.0,0.0,0.0,0.0,0.0,0.0,0.0,0.0,0.0,0.0,0.0,0.0,0.0
284,17,0.0,0.0100641599999999,0.0,0.0,0.0,0.0,0.0,0.0,0.0,0.0,0.0,0.0,0.0,0.0,0.0
284,18,42.32060251587227,0.0,43.901039954224814,1.4531244224848412,0.0,6.0,0.0,0.0,0.0,0.0,42.32060251587228,0.0,0.0,0.0,0.0
284,19,29.125501558222844,-0.01110528,30.213175890273693,0.6645303440173204,0.0,6.0,0.0,0.0,0.0,0.0,29.125501558222844,0.0,0.0,0.0,0.0
284,20,39.29224473398513,-0.0234830399999999,40.75958997301395,0.39198334638688026,0.0,6.0,0.0,0.0,0.0,0.0,39.29224473398514,0.0,0.0,0.0,0.0
284,21,37.0,-0.03713328,38.38174273859224,-0.1548043153527093,0.0,5.0,0.0,0.0,0.0,0.0,37.0,0.0,0.0,0.0,0.0
284,22,37.41631507278598,-0.0587654399999999,38.81360484728842,-0.9961682463917861,0.0,6.0,0.0,0.0,0.0,0.0,37.416315072786006,0.0,0.0,0.0,0.0
284,23,14.8,-0.0879167999999999,15.352697095435978,-0.8415857261410935,0.0,2.0,0.0,0.0,0.0,0.0,14.8,0.0,0.0,0.0,0.0
285,0,43.80143397209248,-0.11568,45.43717217022102,-3.7522016778168528,0.0,6.0,0.0,0.0,0.0,0.0,43.80143397209248,0.0,0.0,0.0,0.0
285,1,29.98419300286364,-0.11660544,31.103934650273807,-2.5973477487023606,0.0,6.0,0.0,0.0,0.0,0.0,29.98419300286365,0.0,0.0,0.0,0.0
285,2,43.80143397209225,-0.12019152,45.43717217022102,-3.9571923888062472,0.0,6.0,0.0,0.0,0.0,0.0,43.801433972092255,0.0,0.0,0.0,0.0
285,3,43.80143397209251,-0.11602704,45.43717217022117,-3.7679701940468178,0.0,6.0,0.0,0.0,0.0,0.0,43.801433972092525,0.0,0.0,0.0,0.0
285,4,14.8,-0.05101488,15.352697095436096,-0.27504172614108624,0.0,2.0,0.0,0.0,0.0,0.0,14.8,0.0,0.0,0.0,0.0
285,5,42.65560824496203,-0.02510256,44.24855627070819,0.3538751738616125,0.0,6.0,0.0,0.0,0.0,0.0,42.655608244962046,0.0,0.0,0.0,0.0
285,6,43.40686478309522,-0.0041644799999999,45.02786803225696,1.302904776004736,0.0,7.0,0.0,0.0,0.0,0.0,43.406864783095244,0.0,0.0,0.0,0.0
285,7,37.0,0.0,38.38174273858985,1.270435684647324,0.0,5.0,0.0,0.0,0.0,0.0,37.0,0.0,0.0,0.0,0.0
285,8,0.0,0.0,0.0,0.0,0.0,0.0,0.0,0.0,0.0,0.0,0.0,0.0,0.0,0.0,0.0
285,9,0.0,-0.00127248,0.0,0.0,0.0,0.0,0.0,0.0,0.0,0.0,0.0,0.0,0.0,0.0,0.0
285,10,0.03420668971071889,-0.0127248,0.03548411795717728,0.0,0.3158086498188778,0.0,0.0,0.0,0.0,1.0,0.0,0.0,0.0,0.0,0.03420668971071889
285,11,0.0,-0.02244192,0.0,0.0,0.0,0.0,0.0,0.0,0.0,0.0,0.0,0.0,0.0,0.0,0.0
285,12,0.0,-0.02417712,0.0,0.0,0.0,0.0,0.0,0.0,0.0,0.0,0.0,0.0,0.0,0.0,0.0
285,13,0.0,-0.02417712,0.0,0.0,0.0,0.0,0.0,0.0,0.0,0.0,0.0,0.0,0.0,0.0,0.0
285,14,0.0,-0.02394576,0.0,0.0,0.0,0.0,0.0,0.0,0.0,0.0,0.0,0.0,0.0,0.0,0.0
285,15,10.175197247194003,-0.0234830399999999,10.555183866381823,0.07382313692944212,25.621634336127215,1.0,0.0,0.0,0.0,1.0,7.4,0.0,0.0,0.0,2.7751972471940034
285,16,0.0,-0.0127248,0.0,0.0,0.0,0.0,0.0,0.0,0.0,0.0,0.0,0.0,0.0,0.0,0.0
285,17,7.4,-0.00127248,7.676348547717948,0.24431913692946394,0.0,1.0,0.0,0.0,0.0,0.0,7.4,0.0,0.0,0.0,0.0
285,18,43.80143397209251,-0.0011568,45.437172170221096,1.4514086780678064,0.0,6.0,0.0,0.0,0.0,0.0,43.801433972092525,0.0,0.0,0.0,0.0
285,19,43.801433972092944,-0.00879168,45.43717217022116,1.1045013210088304,0.0,6.0,0.0,0.0,0.0,0.0,43.801433972092944,0.0,0.0,0.0,0.0
285,20,43.80143397209251,-0.01237776,45.43717217022109,0.9415599866326421,0.0,6.0,0.0,0.0,0.0,0.0,43.80143397209252,0.0,0.0,0.0,0.0
285,21,42.20973272727841,-0.01931856,43.78602980008183,0.6034345425280395,0.0,6.0,0.0,0.0,0.0,0.0,42.20973272727841,0.0,0.0,0.0,0.0
285,22,38.82235801743011,-0.02394576,40.27215561974101,0.36866097786045776,0.0,6.0,0.0,0.0,0.0,0.0,38.82235801743011,0.0,0.0,0.0,0.0
285,23,43.80143397209252,-0.02406144,45.43717217022235,0.41068660689088476,0.0,6.0,0.0,0.0,0.0,0.0,43.801433972092525,0.0,0.0,0.0,0.0
286,0,42.80829875518671,-0.0234830399999999,44.40694891616995,0.42705985144885406,0.0,6.0,0.0,0.0,0.0,0.0,42.80829875518672,0.0,0.0,0.0,0.0
286,1,43.56152865110261,-0.01446,45.18830772936003,0.8423100560752707,0.0,6.0,0.0,0.0,0.0,0.0,43.56152865110262,0.0,0.0,0.0,0.0
286,2,37.0,-0.00219792,38.381742738589715,1.1860756846473184,0.0,5.0,0.0,0.0,0.0,0.0,37.0,0.0,0.0,0.0,0.0
286,3,29.6,0.00613104,30.705394190871907,1.2046045477178633,0.0,4.0,0.0,0.0,0.0,0.0,29.6,0.0,0.0,0.0,0.0
286,4,14.8,0.03424128,15.352697095435934,1.033870273858938,0.0,2.0,0.0,0.0,0.0,0.0,14.8,0.0,0.0,0.0,0.0
286,5,40.99422966812076,0.07149024,42.52513451049952,4.4477140244854265,0.0,6.0,0.0,0.0,0.0,0.0,40.99422966812076,0.0,0.0,0.0,0.0
286,6,42.80829875518937,0.5495956799999999,44.40694891617205,25.875737295434128,0.0,6.0,0.0,0.0,0.0,0.0,42.80829875518938,0.0,0.0,0.0,0.0
286,7,43.80143397209251,0.5917031999999999,45.43717217022102,28.389290570905032,0.0,6.0,0.0,0.0,0.0,0.0,43.801433972092525,0.0,0.0,0.0,0.0
286,8,0.6470860958203666,0.56174208,0.6712511367431189,0.3992884223826413,0.0,1.0,0.0,0.0,0.0,0.0,0.6470860958203666,0.0,0.0,0.0,0.0
286,9,0.0,0.5332848,0.0,0.0,0.0,0.0,0.0,0.0,0.0,0.0,0.0,0.0,0.0,0.0,0.0
286,10,0.0,0.39608832,0.0,0.0,0.0,0.0,0.0,0.0,0.0,0.0,0.0,0.0,0.0,0.0,0.0
286,11,0.0,0.1147545599999999,0.0,0.0,0.0,0.0,0.0,0.0,0.0,0.0,0.0,0.0,0.0,0.0,0.0
286,12,0.0,0.08247984,0.0,0.0,0.0,0.0,0.0,0.0,0.0,0.0,0.0,0.0,0.0,0.0,0.0
286,13,0.0,0.05113056,0.0,0.0,0.0,0.0,0.0,0.0,0.0,0.0,0.0,0.0,0.0,0.0,0.0
286,14,0.0,0.04904832,0.0,0.0,0.0,0.0,0.0,0.0,0.0,0.0,0.0,0.0,0.0,0.0,0.0
286,15,37.0,0.04927968,38.38174273858588,3.161875684647028,0.0,5.0,0.0,0.0,0.0,0.0,37.0,0.0,0.0,0.0,0.0
286,16,0.0,0.0416447999999999,0.0,0.0,0.0,0.0,0.0,0.0,0.0,0.0,0.0,0.0,0.0,0.0,0.0
286,17,0.0,0.04557792,0.0,0.0,0.0,0.0,0.0,0.0,0.0,0.0,0.0,0.0,0.0,0.0,0.0
286,18,22.200000000000003,0.0312336,23.029045643153843,1.481541410788402,0.0,3.0,0.0,0.0,0.0,0.0,22.200000000000003,0.0,0.0,0.0,0.0
286,19,43.80143397209252,0.01260912,45.43717217022086,2.0768931551892855,0.0,6.0,0.0,0.0,0.0,0.0,43.801433972092525,0.0,0.0,0.0,0.0
286,20,43.80143397209251,-0.0011568,45.4371721702209,1.4514086780678,0.0,6.0,0.0,0.0,0.0,0.0,43.801433972092525,0.0,0.0,0.0,0.0
286,21,41.27142321636494,-0.02325168,42.81267968502602,0.4216329695956353,0.0,6.0,0.0,0.0,0.0,0.0,41.271423216364944,0.0,0.0,0.0,0.0
286,22,36.03278600303997,-0.03447264,37.37840871684702,-0.05130709894109295,0.0,6.0,0.0,0.0,0.0,0.0,36.03278600303999,0.0,0.0,0.0,0.0
286,23,23.851005655319028,-0.01446,24.741707111327855,0.4611854205551512,0.0,6.0,0.0,0.0,0.0,0.0,23.851005655319028,0.0,0.0,0.0,0.0
287,0,29.6,-0.02383008,30.70539419087172,0.28463654771784547,0.0,4.0,0.0,0.0,0.0,0.0,29.6,0.0,0.0,0.0,0.0
287,1,43.42023972136276,-0.03204336,45.04174244954603,0.0475929067418882,0.0,6.0,0.0,0.0,0.0,0.0,43.420239721362776,0.0,0.0,0.0,0.0
287,2,29.6,-0.03967824,30.705394190872234,-0.20198745228216333,0.0,4.0,0.0,0.0,0.0,0.0,29.6,0.0,0.0,0.0,0.0
287,3,8.52146067927976,-0.0456936,8.839689501327658,-0.11132351370392002,0.0,2.0,0.0,0.0,0.0,0.0,8.52146067927976,0.0,0.0,0.0,0.0
287,4,29.6,-0.05055216,30.70539419087219,-0.535875452282172,0.0,4.0,0.0,0.0,0.0,0.0,29.6,0.0,0.0,0.0,0.0
287,5,29.6,-0.03493536,30.705394190871793,-0.05635545228215849,0.0,4.0,0.0,0.0,0.0,0.0,29.6,0.0,0.0,0.0,0.0
287,6,22.200000000000003,-0.0300767999999999,23.02904564315383,0.0696214107883849,0.0,3.0,0.0,0.0,0.0,0.0,22.200000000000003,0.0,0.0,0.0,0.0
287,7,38.61763596866881,-0.0234830399999999,40.05978834924205,0.3852533821631307,0.0,6.0,0.0,0.0,0.0,0.0,38.61763596866882,0.0,0.0,0.0,0.0
287,8,42.20496638660048,-0.0234830399999999,43.78108546327901,0.42104094765693995,0.0,6.0,0.0,0.0,0.0,0.0,42.20496638660049,0.0,0.0,0.0,0.0
287,9,16.803329524027426,-0.02533392,17.43083975521538,0.13536929600618305,0.0,3.0,0.0,0.0,0.0,0.0,16.803329524027426,0.0,0.0,0.0,0.0
287,10,0.0,-0.02533392,0.0,0.0,0.0,0.0,0.0,0.0,0.0,0.0,0.0,0.0,0.0,0.0,0.0
287,11,0.0,-0.0300767999999999,0.0,0.0,0.0,0.0,0.0,0.0,0.0,0.0,0.0,0.0,0.0,0.0,0.0
287,12,0.0,-0.03030816,0.0,0.0,0.0,0.0,0.0,0.0,0.0,0.0,0.0,0.0,0.0,0.0,0.0
287,13,0.0,-0.02440848,0.0,0.0,0.0,0.0,0.0,0.0,0.0,0.0,0.0,0.0,0.0,0.0,0.0
287,14,0.0,-0.01446,0.0,0.0,0.0,0.0,0.0,0.0,0.0,0.0,0.0,0.0,0.0,0.0,0.0
287,15,22.09864387542849,-0.01179936,22.92390443509235,0.48829383576630536,0.0,3.0,0.0,0.0,0.0,0.0,22.09864387542849,0.0,0.0,0.0,0.0
287,16,0.0,0.0,0.0,0.0,0.0,0.0,0.0,0.0,0.0,0.0,0.0,0.0,0.0,0.0,0.0
287,17,0.0,0.00011568,0.0,0.0,0.0,0.0,0.0,0.0,0.0,0.0,0.0,0.0,0.0,0.0,0.0
287,18,0.0,0.0,0.0,0.0,0.0,0.0,0.0,0.0,0.0,0.0,0.0,0.0,0.0,0.0,0.0
287,19,16.973394677067024,-0.01237776,17.607255889073926,0.36486178227480315,0.0,3.0,0.0,0.0,0.0,0.0,16.973394677067024,0.0,0.0,0.0,0.0
287,20,38.94562857561659,-0.0146913599999999,40.400029642756266,0.7437096016828326,0.0,6.0,0.0,0.0,0.0,0.0,38.9456285756166,0.0,0.0,0.0,0.0
287,21,22.200000000000003,-0.02591232,23.02904564315399,0.16552541078838504,0.0,3.0,0.0,0.0,0.0,0.0,22.200000000000003,0.0,0.0,0.0,0.0
287,22,14.8,-0.03562944,15.352697095435897,-0.03883372614107939,0.0,2.0,0.0,0.0,0.0,0.0,14.8,0.0,0.0,0.0,0.0
287,23,29.6,-0.05055216,30.70539419087188,-0.5358754522821666,0.0,4.0,0.0,0.0,0.0,0.0,29.6,0.0,0.0,0.0,0.0
288,0,43.80143397209251,-0.0508992,45.43717217022104,-0.8087453148921986,0.0,6.0,0.0,0.0,0.0,0.0,43.801433972092525,0.0,0.0,0.0,0.0
288,1,36.40143397209269,-0.0512462399999999,37.76082362250325,-0.6852169680516097,0.0,5.0,0.0,0.0,0.0,0.0,36.40143397209269,0.0,0.0,0.0,0.0
288,2,22.200000000000003,-0.0503207999999999,23.029045643153896,-0.3965785892116224,0.0,3.0,0.0,0.0,0.0,0.0,22.200000000000003,0.0,0.0,0.0,0.0
288,3,22.200000000000003,-0.05008944,23.029045643153868,-0.39125058921162403,0.0,3.0,0.0,0.0,0.0,0.0,22.200000000000003,0.0,0.0,0.0,0.0
288,4,7.4,-0.04592496,7.676348547717986,-0.09844886307054128,0.0,1.0,0.0,0.0,0.0,0.0,7.4,0.0,0.0,0.0,0.0
288,5,27.947008236353703,-0.03840576,28.990672444350746,-0.1538175502283384,0.0,4.0,0.0,0.0,0.0,0.0,27.947008236353717,0.0,0.0,0.0,0.0
288,6,37.0,-0.03481968,38.38174273858978,-0.06600431535269811,0.0,6.0,0.0,0.0,0.0,0.0,37.0,0.0,0.0,0.0,0.0
288,7,43.80143397209251,-0.03019248,45.43717217022169,0.13210948682836282,0.0,6.0,0.0,0.0,0.0,0.0,43.801433972092525,0.0,0.0,0.0,0.0
288,8,26.990641975806533,-0.0350510399999999,27.998591261209967,-0.05462637149426841,0.0,4.0,0.0,0.0,0.0,0.0,26.990641975806533,0.0,0.0,0.0,0.0
288,9,7.4,-0.03481968,7.676348547717986,-0.013200863070539675,0.0,1.0,0.0,0.0,0.0,0.0,7.4,0.0,0.0,0.0,0.0
288,10,0.0,-0.03516672,0.0,0.0,0.0,0.0,0.0,0.0,0.0,0.0,0.0,0.0,0.0,0.0,0.0
288,11,0.0,-0.03551376,0.0,0.0,0.0,0.0,0.0,0.0,0.0,0.0,0.0,0.0,0.0,0.0,0.0
288,12,0.0,-0.03539808,0.0,0.0,0.0,0.0,0.0,0.0,0.0,0.0,0.0,0.0,0.0,0.0,0.0
288,13,0.0,-0.03019248,0.0,0.0,0.0,0.0,0.0,0.0,0.0,0.0,0.0,0.0,0.0,0.0,0.0
288,14,0.0,-0.0242928,0.0,0.0,0.0,0.0,0.0,0.0,0.0,0.0,0.0,0.0,0.0,0.0,0.0
288,15,13.234763353103256,-0.01295616,13.729007627700435,0.27655493301117706,0.0,2.0,0.0,0.0,0.0,0.0,13.234763353103256,0.0,0.0,0.0,0.0
288,16,0.0,-0.0003470399999999,0.0,0.0,0.0,0.0,0.0,0.0,0.0,0.0,0.0,0.0,0.0,0.0,0.0
288,17,0.0,0.0,0.0,0.0,0.0,0.0,0.0,0.0,0.0,0.0,0.0,0.0,0.0,0.0,0.0
288,18,0.0,-0.00011568,0.0,0.0,0.0,0.0,0.0,0.0,0.0,0.0,0.0,0.0,0.0,0.0,0.0
288,19,43.80143397209251,-0.0053212799999999,45.43717217022021,1.262186483308344,0.0,6.0,0.0,0.0,0.0,0.0,43.801433972092525,0.0,0.0,0.0,0.0
288,20,31.20887055878778,-0.0127248,32.37434705268086,0.6596337960677829,0.0,5.0,0.0,0.0,0.0,0.0,31.20887055878778,0.0,0.0,0.0,0.0
288,21,14.201433972091229,-0.01457568,14.731777979347891,0.2728961694583937,0.0,2.0,0.0,0.0,0.0,0.0,14.201433972091229,0.0,0.0,0.0,0.0
288,22,37.19591200420916,-0.02394576,38.58497095872374,0.35321608454918707,0.0,7.0,0.0,0.0,0.0,0.0,37.19591200420918,0.0,0.0,0.0,0.0
288,23,7.4,-0.0237144,7.676348547717986,0.07204713692946191,0.0,1.0,0.0,0.0,0.0,0.0,7.4,0.0,0.0,0.0,0.0
289,0,43.80143397209251,-0.02394576,45.437172170221146,0.41594277896752513,0.0,6.0,0.0,0.0,0.0,0.0,43.801433972092525,0.0,0.0,0.0,0.0
289,1,29.6,-0.02417712,30.705394190872333,0.27398054771785085,0.0,4.0,0.0,0.0,0.0,0.0,29.6,0.0,0.0,0.0,0.0
289,2,37.570616538114535,-0.02406144,38.97366860800313,0.3522658421335527,0.0,6.0,0.0,0.0,0.0,0.0,37.57061653811456,0.0,0.0,0.0,0.0
289,3,39.04778885429107,-0.02336736,40.50600503557219,0.39423036484941115,0.0,6.0,0.0,0.0,0.0,0.0,39.04778885429108,0.0,0.0,0.0,0.0
289,4,27.946957963621237,-0.0127248,28.99062029421512,0.5906896866186917,0.0,4.0,0.0,0.0,0.0,0.0,27.946957963621237,0.0,0.0,0.0,0.0
289,5,35.2834567458378,0.0451152,36.60109620937747,2.862762060235701,0.0,6.0,0.0,0.0,0.0,0.0,35.28345674583781,0.0,0.0,0.0,0.0
289,6,28.191724311413154,0.66365616,29.2445272939974,20.376304538380822,0.0,4.0,0.0,0.0,0.0,0.0,28.191724311413154,0.0,0.0,0.0,0.0
289,7,24.680191335170797,0.75793536,25.601858231505442,18.216789410788753,22.898032036327876,3.0,0.0,0.0,0.0,1.0,22.200000000000003,0.0,0.0,0.0,2.4801913351707943
289,8,7.4,0.73237008,7.676348547717986,5.876015136929571,0.0,1.0,0.0,0.0,0.0,0.0,7.4,0.0,0.0,0.0,0.0
289,9,0.0,0.6839001599999999,0.0,0.0,0.0,0.0,0.0,0.0,0.0,0.0,0.0,0.0,0.0,0.0,0.0
289,10,0.0,0.34669296,0.0,0.0,0.0,0.0,0.0,0.0,0.0,0.0,0.0,0.0,0.0,0.0,0.0
289,11,0.0,0.1147545599999999,0.0,0.0,0.0,0.0,0.0,0.0,0.0,0.0,0.0,0.0,0.0,0.0,0.0
289,12,0.0,0.05691456,0.0,0.0,0.0,0.0,0.0,0.0,0.0,0.0,0.0,0.0,0.0,0.0,0.0
289,13,0.0,0.03389424,0.0,0.0,0.0,0.0,0.0,0.0,0.0,0.0,0.0,0.0,0.0,0.0,0.0
289,14,0.0,0.05830272,0.0,0.0,0.0,0.0,0.0,0.0,0.0,0.0,0.0,0.0,0.0,0.0,0.0
289,15,7.4,0.23043456,7.67634854771754,2.022983136929381,0.0,1.0,0.0,0.0,0.0,0.0,7.4,0.0,0.0,0.0,0.0
289,16,7.4,0.66018576,7.676348547717986,5.32190313692956,0.0,1.0,0.0,0.0,0.0,0.0,7.4,0.0,0.0,0.0,0.0
289,17,7.4,0.66203664,7.676348547718092,5.336111136929634,0.0,1.0,0.0,0.0,0.0,0.0,7.4,0.0,0.0,0.0,0.0
289,18,29.6,0.65393904,30.705394190871772,21.095804547718117,0.0,4.0,0.0,0.0,0.0,0.0,29.6,0.0,0.0,0.0,0.0
289,19,43.80143397209144,0.23066592,45.43717217021987,11.984777519676442,0.0,7.0,0.0,0.0,0.0,0.0,43.80143397209145,0.0,0.0,0.0,0.0
289,20,37.0,0.03921552,38.381742738589764,2.7755956846473424,0.0,5.0,0.0,0.0,0.0,0.0,37.0,0.0,0.0,0.0,0.0
289,21,29.6,0.03447264,30.70539419087187,2.0748445477178756,0.0,4.0,0.0,0.0,0.0,0.0,29.6,0.0,0.0,0.0,0.0
289,22,22.200000000000003,0.03146496,23.029045643153957,1.4868694107884095,0.0,3.0,0.0,0.0,0.0,0.0,22.200000000000003,0.0,0.0,0.0,0.0
289,23,43.80143397209251,0.0406036799999999,45.437172170221565,3.3488867977389116,0.0,6.0,0.0,0.0,0.0,0.0,43.801433972092525,0.0,0.0,0.0,0.0
290,0,40.69796449388314,0.0422231999999999,42.21780549158067,3.1799802066034246,0.0,6.0,0.0,0.0,0.0,0.0,40.69796449388315,0.0,0.0,0.0,0.0
290,1,40.739975352507145,0.04557792,42.26138522044415,3.3250378854632863,0.0,6.0,0.0,0.0,0.0,0.0,40.73997535250715,0.0,0.0,0.0,0.0
290,2,29.6,0.0574929599999999,30.70539419087188,2.781692547717885,0.0,4.0,0.0,0.0,0.0,0.0,29.6,0.0,0.0,0.0,0.0
290,3,43.80143397209251,0.08294256,45.437172170221025,5.272645777793202,0.0,6.0,0.0,0.0,0.0,0.0,43.801433972092525,0.0,0.0,0.0,0.0
290,4,38.49237022442023,0.14217072,39.92984463114181,6.998532617988359,0.0,6.0,0.0,0.0,0.0,0.0,38.49237022442023,0.0,0.0,0.0,0.0
290,5,20.08301167773895,0.63207552,20.83299966570459,13.857601385794876,0.0,3.0,0.0,0.0,0.0,0.0,20.08301167773895,0.0,0.0,0.0,0.0
290,6,42.808298755186506,1.86291072,44.40694891616918,84.19605118754913,0.0,6.0,0.0,0.0,0.0,0.0,42.808298755186506,0.0,0.0,0.0,0.0
290,7,29.001433972092286,2.157432,30.084475074784923,65.90100535451877,0.0,4.0,0.0,0.0,0.0,0.0,29.001433972092286,0.0,0.0,0.0,0.0
290,8,14.8,1.2720172799999998,15.352697095436318,20.03707027385974,0.0,2.0,0.0,0.0,0.0,0.0,14.8,0.0,0.0,0.0,0.0
290,9,0.0,0.7253136000000001,0.0,0.0,0.0,0.0,0.0,0.0,0.0,0.0,0.0,0.0,0.0,0.0,0.0
290,10,0.0,0.6900312000000001,0.0,0.0,0.0,0.0,0.0,0.0,0.0,0.0,0.0,0.0,0.0,0.0,0.0
290,11,0.0,0.3360504,0.0,0.0,0.0,0.0,0.0,0.0,0.0,0.0,0.0,0.0,0.0,0.0,0.0
290,12,0.0,0.24975312,0.0,0.0,0.0,0.0,0.0,0.0,0.0,0.0,0.0,0.0,0.0,0.0,0.0
290,13,0.0,0.2312443199999999,0.0,0.0,0.0,0.0,0.0,0.0,0.0,0.0,0.0,0.0,0.0,0.0,0.0
290,14,0.0,0.28896864,0.0,0.0,0.0,0.0,0.0,0.0,0.0,0.0,0.0,0.0,0.0,0.0,0.0
290,15,27.48833954158279,0.5773588799999999,28.514875043136172,17.407158682172856,0.0,4.0,0.0,0.0,0.0,0.0,27.48833954158279,0.0,0.0,0.0,0.0
290,16,0.0,0.61819392,0.0,0.0,0.0,0.0,0.0,0.0,0.0,0.0,0.0,0.0,0.0,0.0,0.0
290,17,0.0,0.653592,0.0,0.0,0.0,0.0,0.0,0.0,0.0,0.0,0.0,0.0,0.0,0.0,0.0
290,18,29.6,0.62744832,30.705394190871868,20.28239654771817,0.0,4.0,0.0,0.0,0.0,0.0,29.6,0.0,0.0,0.0,0.0
290,19,43.801433972090145,0.60049488,45.43717217021857,28.78875964872897,0.0,6.0,0.0,0.0,0.0,0.0,43.80143397209,0.0,0.0,0.0,0.0
290,20,43.80143397209251,0.52021296,45.43717217022124,25.140976227534736,0.0,6.0,0.0,0.0,0.0,0.0,43.801433972092525,0.0,0.0,0.0,0.0
290,21,11.674362608667737,0.18497232,12.11033465629444,2.640928774474531,0.0,2.0,0.0,0.0,0.0,0.0,11.674362608667737,0.0,0.0,0.0,0.0
290,22,37.0,0.09925344,38.38174273858943,5.079955684647332,0.0,6.0,0.0,0.0,0.0,0.0,37.0,0.0,0.0,0.0,0.0
290,23,43.80143397209251,0.0853718399999999,45.43717217022107,5.383025391402878,0.0,6.0,0.0,0.0,0.0,0.0,43.801433972092525,0.0,0.0,0.0,0.0
291,0,43.80143397209252,0.0840993599999999,45.437172170224095,5.32520749856007,0.0,6.0,0.0,0.0,0.0,0.0,43.801433972092525,0.0,0.0,0.0,0.0
291,1,42.41153415617936,0.08178576,43.99536738192913,5.054441218152138,0.0,6.0,0.0,0.0,0.0,0.0,42.41153415617936,0.0,0.0,0.0,0.0
291,2,43.80143397209251,0.0839836799999999,45.437172170223526,5.319951326483352,0.0,6.0,0.0,0.0,0.0,0.0,43.801433972092525,0.0,0.0,0.0,0.0
291,3,20.993413343015362,0.092544,21.77739973341866,2.7361996121056547,0.0,3.0,0.0,0.0,0.0,0.0,20.99341334301526,0.0,0.0,0.0,0.0
291,4,33.679994980329596,0.10388064,34.937754128974845,4.785795920749617,0.0,7.0,0.0,0.0,0.0,0.0,33.6799949803295,0.0,0.0,0.0,0.0
291,5,43.80143397209252,0.54473712,45.43717217022054,26.255284707784387,0.0,6.0,0.0,0.0,0.0,0.0,43.801433972092525,0.0,0.0,0.0,0.0
291,6,43.20286794418479,0.82688064,44.81625305413538,38.5411099838973,0.0,6.0,0.0,0.0,0.0,0.0,43.202867944184796,0.0,0.0,0.0,0.0
291,7,28.003305631239407,1.7967417600000002,29.049072231576464,53.155205458595006,0.0,4.0,0.0,0.0,0.0,0.0,28.003305631239407,0.0,0.0,0.0,0.0
291,8,0.0,1.33795488,0.0,0.0,0.0,0.0,0.0,0.0,0.0,0.0,0.0,0.0,0.0,0.0,0.0
291,9,0.0,0.97842144,0.0,0.0,0.0,0.0,0.0,0.0,0.0,0.0,0.0,0.0,0.0,0.0,0.0
291,10,0.0,0.76129008,0.0,0.0,0.0,0.0,0.0,0.0,0.0,0.0,0.0,0.0,0.0,0.0,0.0
291,11,0.0,0.7196452799999999,0.0,0.0,0.0,0.0,0.0,0.0,0.0,0.0,0.0,0.0,0.0,0.0,0.0
291,12,0.0,0.7130515199999999,0.0,0.0,0.0,0.0,0.0,0.0,0.0,0.0,0.0,0.0,0.0,0.0,0.0
291,13,0.0,0.6877176,0.0,0.0,0.0,0.0,0.0,0.0,0.0,0.0,0.0,0.0,0.0,0.0,0.0
291,14,0.0,0.5805979199999999,0.0,0.0,0.0,0.0,0.0,0.0,0.0,0.0,0.0,0.0,0.0,0.0,0.0
291,15,29.6,0.62328384,30.705394190872145,20.154524547718353,0.0,4.0,0.0,0.0,0.0,0.0,29.6,0.0,0.0,0.0,0.0
291,16,0.0,0.6726791999999999,0.0,0.0,0.0,0.0,0.0,0.0,0.0,0.0,0.0,0.0,0.0,0.0,0.0
291,17,0.0,0.69512112,0.0,0.0,0.0,0.0,0.0,0.0,0.0,0.0,0.0,0.0,0.0,0.0,0.0
291,18,37.0,0.5958676799999999,38.381742738590056,24.14087568464783,0.0,5.0,0.0,0.0,0.0,0.0,37.0,0.0,0.0,0.0,0.0
291,19,43.80143397209206,0.5476291200000001,45.43717217022063,26.386689009700717,0.0,6.0,0.0,0.0,0.0,0.0,43.80143397209206,0.0,0.0,0.0,0.0
291,20,43.80143397209252,0.3811656,45.43717217022156,18.823057391400138,0.0,6.0,0.0,0.0,0.0,0.0,43.801433972092525,0.0,0.0,0.0,0.0
291,21,43.801433972092504,0.0989064,45.43717217022092,5.9979975243710495,0.0,6.0,0.0,0.0,0.0,0.0,43.801433972092525,0.0,0.0,0.0,0.0
291,22,14.8,0.0787780799999999,15.352697095435897,1.7176302738589435,0.0,2.0,0.0,0.0,0.0,0.0,14.8,0.0,0.0,0.0,0.0
291,23,39.47396000727877,0.04673472,40.9480912938585,3.269079402979631,0.0,6.0,0.0,0.0,0.0,0.0,39.47396000727877,0.0,0.0,0.0,0.0
292,0,42.471004919120176,0.03366288,44.05705904473097,2.9413761461562884,0.0,7.0,0.0,0.0,0.0,0.0,42.47100491912018,0.0,0.0,0.0,0.0
292,1,43.801433972092504,0.02845728,45.43717217022093,2.7969887296904976,0.0,6.0,0.0,0.0,0.0,0.0,43.801433972092525,0.0,0.0,0.0,0.0
292,2,43.80143397209251,0.02221056,45.437172170221814,2.5131554375513834,0.0,6.0,0.0,0.0,0.0,0.0,43.801433972092525,0.0,0.0,0.0,0.0
292,3,43.80143397209251,0.0283415999999999,45.43717217022102,2.791732557613847,0.0,6.0,0.0,0.0,0.0,0.0,43.801433972092525,0.0,0.0,0.0,0.0
292,4,43.80143397209251,0.04870128,45.437172170221565,3.7168188431045017,0.0,6.0,0.0,0.0,0.0,0.0,43.801433972092525,0.0,0.0,0.0,0.0
292,5,43.80143397209252,0.09474192,45.43717217022045,5.8087753296115485,0.0,6.0,0.0,0.0,0.0,0.0,43.801433972092525,0.0,0.0,0.0,0.0
292,6,43.2909658244481,0.13893168,44.90764089673096,7.725536908301333,0.0,6.0,0.0,0.0,0.0,0.0,43.2909658244481,0.0,0.0,0.0,0.0
292,7,29.6,0.21956064,30.705394190871793,7.758044547717949,0.0,4.0,0.0,0.0,0.0,0.0,29.6,0.0,0.0,0.0,0.0
292,8,7.4,0.21886656,7.676348547717948,1.9341831369294873,0.0,1.0,0.0,0.0,0.0,0.0,7.4,0.0,0.0,0.0,0.0
292,9,0.0,0.1739827199999999,0.0,0.0,0.0,0.0,0.0,0.0,0.0,0.0,0.0,0.0,0.0,0.0,0.0
292,10,0.0,0.1220424,0.0,0.0,0.0,0.0,0.0,0.0,0.0,0.0,0.0,0.0,0.0,0.0,0.0
292,11,0.0,0.11382912,0.0,0.0,0.0,0.0,0.0,0.0,0.0,0.0,0.0,0.0,0.0,0.0,0.0
292,12,0.0,0.10978032,0.0,0.0,0.0,0.0,0.0,0.0,0.0,0.0,0.0,0.0,0.0,0.0,0.0
292,13,0.0,0.10619424,0.0,0.0,0.0,0.0,0.0,0.0,0.0,0.0,0.0,0.0,0.0,0.0,0.0
292,14,2.0791548694802184,0.10341792,2.156799657137156,0.0,19.19551694852069,0.0,0.0,0.0,0.0,1.0,0.0,0.0,0.0,0.0,2.0791548694802184
292,15,19.768391559220404,0.09925344,20.50663024815396,2.7141230561512306,0.0,3.0,0.0,0.0,0.0,0.0,19.768391559220404,0.0,0.0,0.0,0.0
292,16,0.0,0.10515312,0.0,0.0,0.0,0.0,0.0,0.0,0.0,0.0,0.0,0.0,0.0,0.0,0.0
292,17,14.8,0.1023768,15.352697095435934,2.079934273858955,0.0,2.0,0.0,0.0,0.0,0.0,14.8,0.0,0.0,0.0,0.0
292,18,37.0,0.09913776,38.38174273858982,5.0755156846473835,0.0,5.0,0.0,0.0,0.0,0.0,37.0,0.0,0.0,0.0,0.0
292,19,42.80829875518671,0.0902304,44.40694891616951,5.4767267726107525,0.0,6.0,0.0,0.0,0.0,0.0,42.80829875518672,0.0,0.0,0.0,0.0
292,20,41.81783111121531,0.0868756799999999,43.37949285395821,5.204484153208773,0.0,6.0,0.0,0.0,0.0,0.0,41.81783111121533,0.0,0.0,0.0,0.0
292,21,43.80143397209251,0.0699863999999999,45.43717217022068,4.683954505208231,0.0,6.0,0.0,0.0,0.0,0.0,43.801433972092525,0.0,0.0,0.0,0.0
292,22,43.80143397209249,0.049164,45.43717217022081,3.7378435314110456,0.0,7.0,0.0,0.0,0.0,0.0,43.801433972092525,0.0,0.0,0.0,0.0
292,23,37.0,0.07449792,38.3817427385898,4.129795684647366,0.0,6.0,0.0,0.0,0.0,0.0,37.0,0.0,0.0,0.0,0.0
293,0,43.8014339720923,0.07206864,45.43717217022005,4.778565602587891,0.0,6.0,0.0,0.0,0.0,0.0,43.8014339720923,0.0,0.0,0.0,0.0
293,1,43.8014339720925,0.06963936,45.4371721702211,4.668185988978328,0.0,7.0,0.0,0.0,0.0,0.0,43.801433972092525,0.0,0.0,0.0,0.0
293,2,14.8,0.0655905599999999,15.352697095435934,1.5151662738589442,0.0,2.0,0.0,0.0,0.0,0.0,14.8,0.0,0.0,0.0,0.0
293,3,41.92458517098631,0.06258288,43.49023357986197,4.161270800793903,0.0,6.0,0.0,0.0,0.0,0.0,41.92458517098621,0.0,0.0,0.0,0.0
293,4,34.147212551524504,0.0971712,35.42241965925819,4.6145211159151565,0.0,6.0,0.0,0.0,0.0,0.0,34.14721255152441,0.0,0.0,0.0,0.0
293,5,43.80143397209251,0.1154486399999999,45.43717217022096,6.749630131332167,0.0,6.0,0.0,0.0,0.0,0.0,43.80143397209252,0.0,0.0,0.0,0.0
293,6,43.80143397209247,0.21875088,45.437172170221054,11.44339179578168,0.0,6.0,0.0,0.0,0.0,0.0,43.80143397209247,0.0,0.0,0.0,0.0
293,7,6.801433972092511,0.27670656,7.055429431631236,2.1858183215364284,0.0,1.0,0.0,0.0,0.0,0.0,6.801433972092511,0.0,0.0,0.0,0.0
293,8,0.0,0.21886656,0.0,0.0,0.0,0.0,0.0,0.0,0.0,0.0,0.0,0.0,0.0,0.0,0.0
293,9,0.0,0.1605638399999999,0.0,0.0,0.0,0.0,0.0,0.0,0.0,0.0,0.0,0.0,0.0,0.0,0.0
293,10,0.0,0.13210656,0.0,0.0,0.0,0.0,0.0,0.0,0.0,0.0,0.0,0.0,0.0,0.0,0.0
293,11,0.0,0.11903472,0.0,0.0,0.0,0.0,0.0,0.0,0.0,0.0,0.0,0.0,0.0,0.0,0.0
293,12,0.0,0.11487024,0.0,0.0,0.0,0.0,0.0,0.0,0.0,0.0,0.0,0.0,0.0,0.0,0.0
293,13,0.0,0.11382912,0.0,0.0,0.0,0.0,0.0,0.0,0.0,0.0,0.0,0.0,0.0,0.0,0.0
293,14,0.0,0.11313504,0.0,0.0,0.0,0.0,0.0,0.0,0.0,0.0,0.0,0.0,0.0,0.0,0.0
293,15,14.8,0.1149859199999999,15.35269709543642,2.273518273859029,0.0,2.0,0.0,0.0,0.0,0.0,14.8,0.0,0.0,0.0,0.0
293,16,0.0,0.11810928,0.0,0.0,0.0,0.0,0.0,0.0,0.0,0.0,0.0,0.0,0.0,0.0,0.0
293,17,0.0,0.11637408,0.0,0.0,0.0,0.0,0.0,0.0,0.0,0.0,0.0,0.0,0.0,0.0,0.0
293,18,40.53801305190053,0.1116312,42.05188075923342,6.086219164540763,0.0,6.0,0.0,0.0,0.0,0.0,40.538013051900535,0.0,0.0,0.0,0.0
293,19,41.72977479603674,0.1029552,43.28814812866932,5.8895776512757285,0.0,6.0,0.0,0.0,0.0,0.0,41.72977479603675,0.0,0.0,0.0,0.0
293,20,22.200000000000003,0.0989064,23.029045643153204,3.039981410788339,0.0,3.0,0.0,0.0,0.0,0.0,22.200000000000003,0.0,0.0,0.0,0.0
293,21,15.972191408181,0.08490912,16.568663286494917,1.9552533740155726,0.0,3.0,0.0,0.0,0.0,0.0,15.972191408181,0.0,0.0,0.0,0.0
293,22,43.80143397209252,0.06917664,45.43717217022106,4.647161300671717,0.0,6.0,0.0,0.0,0.0,0.0,43.801433972092525,0.0,0.0,0.0,0.0
293,23,36.401433972092505,0.0839836799999999,37.76082362250317,4.421176189553598,0.0,6.0,0.0,0.0,0.0,0.0,36.401433972092505,0.0,0.0,0.0,0.0
294,0,38.903248107340076,0.07334112,40.35606650139056,4.295544917202493,0.0,6.0,0.0,0.0,0.0,0.0,38.90324810734009,0.0,0.0,0.0,0.0
294,1,7.4,0.0614260799999999,7.676348547717986,0.7256151369294733,0.0,1.0,0.0,0.0,0.0,0.0,7.4,0.0,0.0,0.0,0.0
294,2,7.4,0.05830272,7.676348547717986,0.7016391369294737,0.0,1.0,0.0,0.0,0.0,0.0,7.4,0.0,0.0,0.0,0.0
294,3,36.783550042951624,0.05969088,38.15720958812824,3.540641056026857,0.0,6.0,0.0,0.0,0.0,0.0,36.78355004295163,0.0,0.0,0.0,0.0
294,4,14.8,0.0683668799999999,15.352697095435897,1.557790273858941,0.0,2.0,0.0,0.0,0.0,0.0,14.8,0.0,0.0,0.0,0.0
294,5,43.80143397209251,0.0795878399999999,45.43717217022102,5.120216787570314,0.0,6.0,0.0,0.0,0.0,0.0,43.801433972092525,0.0,0.0,0.0,0.0
294,6,42.70591407809398,0.09855936,44.30074074491145,5.832607174000964,0.0,6.0,0.0,0.0,0.0,0.0,42.70591407809399,0.0,0.0,0.0,0.0
294,7,32.509133257955845,0.1075824,33.72316728003772,4.744256108557178,0.0,5.0,0.0,0.0,0.0,0.0,32.509133257955845,0.0,0.0,0.0,0.0
294,8,33.863112849260986,0.11556432,35.12771042454413,5.222237183421763,0.0,6.0,0.0,0.0,0.0,0.0,33.863112849260986,0.0,0.0,0.0,0.0
294,9,40.63016860013334,0.11521728,42.14747780096853,6.251199266300032,0.0,6.0,0.0,0.0,0.0,0.0,40.63016860013321,0.0,0.0,0.0,0.0
294,10,7.4,0.112788,7.676348547717948,1.119887136929476,0.0,1.0,0.0,0.0,0.0,0.0,7.4,0.0,0.0,0.0,0.0
294,11,0.0,0.1126723199999999,0.0,0.0,0.0,0.0,0.0,0.0,0.0,0.0,0.0,0.0,0.0,0.0,0.0
294,12,0.0,0.1109371199999999,0.0,0.0,0.0,0.0,0.0,0.0,0.0,0.0,0.0,0.0,0.0,0.0,0.0
294,13,0.0,0.10978032,0.0,0.0,0.0,0.0,0.0,0.0,0.0,0.0,0.0,0.0,0.0,0.0,0.0
294,14,0.0,0.1133663999999999,0.0,0.0,0.0,0.0,0.0,0.0,0.0,0.0,0.0,0.0,0.0,0.0,0.0
294,15,43.8014339720925,0.12424032,45.43717217021732,7.149099209157088,0.0,6.0,0.0,0.0,0.0,0.0,43.801433972092525,0.0,0.0,0.0,0.0
294,16,0.0,0.1502683199999999,0.0,0.0,0.0,0.0,0.0,0.0,0.0,0.0,0.0,0.0,0.0,0.0,0.0
294,17,0.0,0.1654224,0.0,0.0,0.0,0.0,0.0,0.0,0.0,0.0,0.0,0.0,0.0,0.0,0.0
294,18,0.0,0.15084672,0.0,0.0,0.0,0.0,0.0,0.0,0.0,0.0,0.0,0.0,0.0,0.0,0.0
294,19,42.929057552365045,0.1329163199999999,44.53221737797168,7.393074850530903,0.0,6.0,0.0,0.0,0.0,0.0,42.92905755236505,0.0,0.0,0.0,0.0
294,20,37.0,0.12123264,38.38174273858986,5.923555684647401,0.0,5.0,0.0,0.0,0.0,0.0,37.0,0.0,0.0,0.0,0.0
294,21,22.200000000000003,0.11579568,23.02904564315392,3.42892541078844,0.0,3.0,0.0,0.0,0.0,0.0,22.200000000000003,0.0,0.0,0.0,0.0
294,22,38.71704275814075,0.1074667199999999,40.162907425457824,5.645568162460246,0.0,6.0,0.0,0.0,0.0,0.0,38.71704275814075,0.0,0.0,0.0,0.0
294,23,43.80143397209251,0.12227376,45.43717217022065,7.059744283854542,0.0,6.0,0.0,0.0,0.0,0.0,43.801433972092525,0.0,0.0,0.0,0.0
295,0,29.6,0.1216953599999999,30.705394190873424,4.753052547718157,0.0,4.0,0.0,0.0,0.0,0.0,29.6,0.0,0.0,0.0,0.0
295,1,7.4,0.12331488,7.6763485477179225,1.2006951369294732,0.0,1.0,0.0,0.0,0.0,0.0,7.4,0.0,0.0,0.0,0.0
295,2,40.34827484949954,0.12343056,41.85505689782395,6.551595495048246,0.0,6.0,0.0,0.0,0.0,0.0,40.348274849499546,0.0,0.0,0.0,0.0
295,3,43.8014339720924,0.12597552,45.43717217022093,7.227941790307424,0.0,6.0,0.0,0.0,0.0,0.0,43.8014339720924,0.0,0.0,0.0,0.0
295,4,43.801433972092724,0.13569264,45.43717217022131,7.669460244746185,0.0,6.0,0.0,0.0,0.0,0.0,43.801433972092724,0.0,0.0,0.0,0.0
295,5,7.4,0.15801888,7.676348547717808,1.467095136929454,0.0,1.0,0.0,0.0,0.0,0.0,7.4,0.0,0.0,0.0,0.0
295,6,37.0,0.1668105599999999,38.38174273859218,7.672915684647894,0.0,5.0,0.0,0.0,0.0,0.0,37.0,0.0,0.0,0.0,0.0
295,7,43.20286794418538,0.1973500799999999,44.81625305413438,10.327909101625508,0.0,6.0,0.0,0.0,0.0,0.0,43.202867944185385,0.0,0.0,0.0,0.0
295,8,42.57313373570997,0.2081083199999999,44.16300180052952,10.652483470462695,0.0,6.0,0.0,0.0,0.0,0.0,42.57313373570997,0.0,0.0,0.0,0.0
295,9,22.200000000000003,0.3458832,23.02904564315392,8.727621410788531,0.0,3.0,0.0,0.0,0.0,0.0,22.200000000000003,0.0,0.0,0.0,0.0
295,10,14.8,0.5486702400000001,15.352697095436056,8.93174227385914,0.0,2.0,0.0,0.0,0.0,0.0,14.8,0.0,0.0,0.0,0.0
295,11,0.0,0.5079508799999999,0.0,0.0,0.0,0.0,0.0,0.0,0.0,0.0,0.0,0.0,0.0,0.0,0.0
295,12,0.0,0.32957232,0.0,0.0,0.0,0.0,0.0,0.0,0.0,0.0,0.0,0.0,0.0,0.0,0.0
295,13,0.0,0.35964912,0.0,0.0,0.0,0.0,0.0,0.0,0.0,0.0,0.0,0.0,0.0,0.0,0.0
295,14,0.0,0.5373336000000001,0.0,0.0,0.0,0.0,0.0,0.0,0.0,0.0,0.0,0.0,0.0,0.0,0.0
295,15,22.200000000000003,0.59309136,23.029045643150805,14.420589410786677,0.0,3.0,0.0,0.0,0.0,0.0,22.200000000000003,0.0,0.0,0.0,0.0
295,16,0.0,0.6413299199999999,0.0,0.0,0.0,0.0,0.0,0.0,0.0,0.0,0.0,0.0,0.0,0.0,0.0
295,17,0.0,0.67695936,0.0,0.0,0.0,0.0,0.0,0.0,0.0,0.0,0.0,0.0,0.0,0.0,0.0
295,18,0.0,0.66492864,0.0,0.0,0.0,0.0,0.0,0.0,0.0,0.0,0.0,0.0,0.0,0.0,0.0
295,19,20.535318980412324,0.62895216,21.30219811246136,14.103166273102968,0.0,3.0,0.0,0.0,0.0,0.0,20.535318980412324,0.0,0.0,0.0,0.0
295,20,22.200000000000003,0.44826,23.029045643153843,11.085261410788535,0.0,3.0,0.0,0.0,0.0,0.0,22.200000000000003,0.0,0.0,0.0,0.0
295,21,27.065553265894238,0.28850592,28.07630006835541,9.029504313679507,0.0,4.0,0.0,0.0,0.0,0.0,27.065553265894238,0.0,0.0,0.0,0.0
295,22,29.6,0.22013904,30.70539419087183,7.77580454771796,0.0,4.0,0.0,0.0,0.0,0.0,29.6,0.0,0.0,0.0,0.0
295,23,43.80143397209251,0.3433382399999999,45.43717217022099,17.10428912233497,0.0,6.0,0.0,0.0,0.0,0.0,43.801433972092525,0.0,0.0,0.0,0.0
296,0,20.608298755186652,0.28538256,21.37790327301545,6.80848936182234,0.0,3.0,0.0,0.0,0.0,0.0,20.608298755186652,0.0,0.0,0.0,0.0
296,1,29.070634724420508,0.2828376,30.156260087573372,9.527496437043723,0.0,5.0,0.0,0.0,0.0,0.0,29.070634724420508,0.0,0.0,0.0,0.0
296,2,37.0,0.2809867199999999,38.38174273859003,12.055195684647558,0.0,5.0,0.0,0.0,0.0,0.0,37.0,0.0,0.0,0.0,0.0
296,3,38.445487287281296,0.32413536,39.881210878923795,14.246978725568258,0.0,6.0,0.0,0.0,0.0,0.0,38.445487287281296,0.0,0.0,0.0,0.0
296,4,14.8,0.65845056,15.35269709543673,10.617166273859645,0.0,2.0,0.0,0.0,0.0,0.0,14.8,0.0,0.0,0.0,0.0
296,5,43.80143397209251,0.6935016,45.43717217022283,33.01472199835938,0.0,6.0,0.0,0.0,0.0,0.0,43.801433972092525,0.0,0.0,0.0,0.0
296,6,39.61486498805997,1.89611088,41.094258286369765,79.2794901915947,0.0,6.0,0.0,0.0,0.0,0.0,39.61486498805997,0.0,0.0,0.0,0.0
296,7,29.6,2.22383232,30.70539419087183,69.29999654771889,0.0,4.0,0.0,0.0,0.0,0.0,29.6,0.0,0.0,0.0,0.0
296,8,0.0,1.7121796799999995,0.0,0.0,0.0,0.0,0.0,0.0,0.0,0.0,0.0,0.0,0.0,0.0,0.0
296,9,0.0,1.4355888,0.0,0.0,0.0,0.0,0.0,0.0,0.0,0.0,0.0,0.0,0.0,0.0,0.0
296,10,0.0,1.2221592,0.0,0.0,0.0,0.0,0.0,0.0,0.0,0.0,0.0,0.0,0.0,0.0,0.0
296,11,0.0,1.14500064,0.0,0.0,0.0,0.0,0.0,0.0,0.0,0.0,0.0,0.0,0.0,0.0,0.0
296,12,0.0,1.15587456,0.0,0.0,0.0,0.0,0.0,0.0,0.0,0.0,0.0,0.0,0.0,0.0,0.0
296,13,0.0,0.95424432,0.0,0.0,0.0,0.0,0.0,0.0,0.0,0.0,0.0,0.0,0.0,0.0,0.0
296,14,0.0,1.1465044800000002,0.0,0.0,0.0,0.0,0.0,0.0,0.0,0.0,0.0,0.0,0.0,0.0,0.0
296,15,24.68970367235717,1.15691568,25.611725801202976,30.478355295292104,0.0,4.0,0.0,0.0,0.0,0.0,24.68970367235717,0.0,0.0,0.0,0.0
296,16,7.4,1.54166736,7.676348547717948,12.088463136929626,0.0,1.0,0.0,0.0,0.0,0.0,7.4,0.0,0.0,0.0,0.0
296,17,6.384897964401958,1.5075417599999998,6.62333813734643,10.204191324996524,0.0,1.0,0.0,0.0,0.0,0.0,6.384897964401958,0.0,0.0,0.0,0.0
296,18,42.06103244944032,0.90392352,43.631776399835005,40.88400070602633,0.0,6.0,0.0,0.0,0.0,0.0,42.06103244944033,0.0,0.0,0.0,0.0
296,19,43.80143397209251,0.77135424,45.43717217022067,36.552125805944016,0.0,6.0,0.0,0.0,0.0,0.0,43.801433972092525,0.0,0.0,0.0,0.0
296,20,43.80143397209251,0.72924672,45.43717217022156,34.638879170043694,0.0,6.0,0.0,0.0,0.0,0.0,43.801433972092525,0.0,0.0,0.0,0.0
296,21,43.80143397209251,0.36948192,45.43717217022079,18.292184011658055,0.0,6.0,0.0,0.0,0.0,0.0,43.80143397209252,0.0,0.0,0.0,0.0
296,22,41.31153069412582,0.27786336,42.85428495241336,13.3261124391999,0.0,6.0,0.0,0.0,0.0,0.0,41.31153069412582,0.0,0.0,0.0,0.0
296,23,36.98093452975856,0.29914848,38.36196527983303,12.745704654037299,0.0,5.0,0.0,0.0,0.0,0.0,36.980934529758564,0.0,0.0,0.0,0.0
297,0,43.80143397209294,0.29186064,45.43717217022143,14.765292548225345,0.0,6.0,0.0,0.0,0.0,0.0,43.80143397209296,0.0,0.0,0.0,0.0
297,1,39.19480048044448,0.28491984,40.658506722453275,12.930211802513513,0.0,6.0,0.0,0.0,0.0,0.0,39.19480048044448,0.0,0.0,0.0,0.0
297,2,29.6,0.2894313599999999,30.705394190871868,9.903452547718,0.0,4.0,0.0,0.0,0.0,0.0,29.6,0.0,0.0,0.0,0.0
297,3,39.520658791231625,0.32054928,40.9965340158008,14.498394737183462,0.0,6.0,0.0,0.0,0.0,0.0,39.52065879123163,0.0,0.0,0.0,0.0
297,4,32.79830831422392,0.4356508799999999,34.0231414047969,15.948377473862985,0.0,5.0,0.0,0.0,0.0,0.0,32.79830831422392,0.0,0.0,0.0,0.0
297,5,43.80143397209251,0.70483824,45.43717217022332,33.52982686187157,0.0,6.0,0.0,0.0,0.0,0.0,43.801433972092525,0.0,0.0,0.0,0.0
297,6,28.292196276260885,0.75064752,29.348751323922393,23.0020110652209,0.0,6.0,0.0,0.0,0.0,0.0,28.2921962762609,0.0,0.0,0.0,0.0
297,7,21.643422921815276,0.789516,22.451683528854232,18.469114097771953,0.0,3.0,0.0,0.0,0.0,0.0,21.643422921815276,0.0,0.0,0.0,0.0
297,8,0.0,0.7725110399999999,0.0,0.0,0.0,0.0,0.0,0.0,0.0,0.0,0.0,0.0,0.0,0.0,0.0
297,9,0.0,0.7505318399999998,0.0,0.0,0.0,0.0,0.0,0.0,0.0,0.0,0.0,0.0,0.0,0.0,0.0
297,10,0.0,0.73850112,0.0,0.0,0.0,0.0,0.0,0.0,0.0,0.0,0.0,0.0,0.0,0.0,0.0
297,11,0.0,0.70877136,0.0,0.0,0.0,0.0,0.0,0.0,0.0,0.0,0.0,0.0,0.0,0.0,0.0
297,12,0.0,0.69766608,0.0,0.0,0.0,0.0,0.0,0.0,0.0,0.0,0.0,0.0,0.0,0.0,0.0
297,13,0.0,0.70379712,0.0,0.0,0.0,0.0,0.0,0.0,0.0,0.0,0.0,0.0,0.0,0.0,0.0
297,14,0.0,0.6969719999999999,0.0,0.0,0.0,0.0,0.0,0.0,0.0,0.0,0.0,0.0,0.0,0.0,0.0
297,15,37.0,0.67950432,38.38174273859043,27.35099568464818,0.0,5.0,0.0,0.0,0.0,0.0,37.0,0.0,0.0,0.0,0.0
297,16,0.0,0.69442704,0.0,0.0,0.0,0.0,0.0,0.0,0.0,0.0,0.0,0.0,0.0,0.0,0.0
297,17,7.4,0.69708768,7.676348547717948,5.605175136929538,0.0,1.0,0.0,0.0,0.0,0.0,7.4,0.0,0.0,0.0,0.0
297,18,22.200000000000003,0.615996,23.02904564315389,14.948061410788615,0.0,3.0,0.0,0.0,0.0,0.0,22.200000000000003,0.0,0.0,0.0,0.0
297,19,43.80143397209251,0.3539808,45.43717217022123,17.58785695338697,0.0,6.0,0.0,0.0,0.0,0.0,43.801433972092525,0.0,0.0,0.0,0.0
297,20,43.80143397209224,0.28480416,45.43717217022077,14.444666051549412,0.0,6.0,0.0,0.0,0.0,0.0,43.80143397209224,0.0,0.0,0.0,0.0
297,21,39.39940891505357,0.25877616,40.87075613594794,11.929199357256923,0.0,6.0,0.0,0.0,0.0,0.0,39.399408915053584,0.0,0.0,0.0,0.0
297,22,22.200000000000003,0.23841648,23.02904564315392,6.252765410788488,0.0,3.0,0.0,0.0,0.0,0.0,22.200000000000003,0.0,0.0,0.0,0.0
297,23,40.61343092251704,0.24096144,42.13011506485226,11.546240002039106,0.0,6.0,0.0,0.0,0.0,0.0,40.613430922517054,0.0,0.0,0.0,0.0
298,0,41.41441698057819,0.2330952,42.96101346533287,11.436015571606976,0.0,6.0,0.0,0.0,0.0,0.0,41.414416980578196,0.0,0.0,0.0,0.0
298,1,42.20973272727912,0.2209488,43.78602980008249,11.123788327475197,0.0,6.0,0.0,0.0,0.0,0.0,42.20973272727912,0.0,0.0,0.0,0.0
298,2,43.80143397209252,0.21932928,45.437172170221054,11.469672656164938,0.0,6.0,0.0,0.0,0.0,0.0,43.801433972092525,0.0,0.0,0.0,0.0
298,3,43.80143397209252,0.21828816,45.437172170221274,11.422367107475132,0.0,6.0,0.0,0.0,0.0,0.0,43.801433972092525,0.0,0.0,0.0,0.0
298,4,37.0,0.24246528,38.3817427385896,10.57667568464741,0.0,6.0,0.0,0.0,0.0,0.0,37.0,0.0,0.0,0.0,0.0
298,5,39.592425052276496,0.2920919999999999,41.070980344685346,13.355954240248916,0.0,6.0,0.0,0.0,0.0,0.0,39.592425052276496,0.0,0.0,0.0,0.0
298,6,43.80143397209251,0.39319632,45.437172170221096,19.369699287371667,0.0,6.0,0.0,0.0,0.0,0.0,43.801433972092525,0.0,0.0,0.0,0.0
298,7,14.8,0.5281948799999999,15.35269709543794,8.617390273860186,0.0,2.0,0.0,0.0,0.0,0.0,14.8,0.0,0.0,0.0,0.0
298,8,0.0,0.75226704,0.0,0.0,0.0,0.0,0.0,0.0,0.0,0.0,0.0,0.0,0.0,0.0,0.0
298,9,0.0,0.6860980799999999,0.0,0.0,0.0,0.0,0.0,0.0,0.0,0.0,0.0,0.0,0.0,0.0,0.0
298,10,0.0,0.52079136,0.0,0.0,0.0,0.0,0.0,0.0,0.0,0.0,0.0,0.0,0.0,0.0,0.0
298,11,0.0,0.41448144,0.0,0.0,0.0,0.0,0.0,0.0,0.0,0.0,0.0,0.0,0.0,0.0,0.0
298,12,0.0,0.4299825599999999,0.0,0.0,0.0,0.0,0.0,0.0,0.0,0.0,0.0,0.0,0.0,0.0,0.0
298,13,0.0,0.4517304,0.0,0.0,0.0,0.0,0.0,0.0,0.0,0.0,0.0,0.0,0.0,0.0,0.0
298,14,0.12129074466388978,0.51385056,0.12582027454760353,0.0,1.1198004434736715,0.0,0.0,0.0,0.0,1.0,0.0,0.0,0.0,0.0,0.12129074466388978
298,15,21.30846064845197,0.7467144,22.104212290925535,17.237183045120723,0.0,3.0,0.0,0.0,0.0,0.0,21.30846064845197,0.0,0.0,0.0,0.0
298,16,0.0,0.7523827200000001,0.0,0.0,0.0,0.0,0.0,0.0,0.0,0.0,0.0,0.0,0.0,0.0,0.0
298,17,20.100681599358886,0.7530767999999999,20.851329459912776,16.392831470539953,0.0,3.0,0.0,0.0,0.0,0.0,20.100681599358886,0.0,0.0,0.0,0.0
298,18,43.80143397209251,0.47151168,45.43717217021939,22.92812778326365,0.0,6.0,0.0,0.0,0.0,0.0,43.801433972092525,0.0,0.0,0.0,0.0
298,19,36.40143397209289,0.29833872,37.76082362250351,12.515399047588327,0.0,6.0,0.0,0.0,0.0,0.0,36.40143397209289,0.0,0.0,0.0,0.0
298,20,43.80143397209251,0.2893156799999999,45.437172170220556,14.649656762538735,0.0,6.0,0.0,0.0,0.0,0.0,43.80143397209252,0.0,0.0,0.0,0.0
298,21,43.20286794418535,0.3505104,44.816253054131124,17.19198076059646,0.0,6.0,0.0,0.0,0.0,0.0,43.202867944185364,0.0,0.0,0.0,0.0
298,22,43.801433972089654,0.2330952,45.43717217021809,12.095157133285639,0.0,6.0,0.0,0.0,0.0,0.0,43.801433972089654,0.0,0.0,0.0,0.0
298,23,42.30731101230902,0.23517744,43.887252087457995,11.773959638657885,0.0,6.0,0.0,0.0,0.0,0.0,42.307311012309036,0.0,0.0,0.0,0.0
299,0,9.365747731314386,0.22198992,9.715505945347065,2.478327634358107,0.0,2.0,0.0,0.0,0.0,0.0,9.365747731314283,0.0,0.0,0.0,0.0
299,1,43.80143397209251,0.21423936,45.43717217022082,11.23840108479223,0.0,6.0,0.0,0.0,0.0,0.0,43.80143397209252,0.0,0.0,0.0,0.0
299,2,40.52015089454367,0.21528048,42.0333515503569,10.44026403408639,0.0,6.0,0.0,0.0,0.0,0.0,40.52015089454367,0.0,0.0,0.0,0.0
299,3,33.191602087875225,0.23055024,34.43112249779623,9.077773710013375,0.0,7.0,0.0,0.0,0.0,0.0,33.191602087875225,0.0,0.0,0.0,0.0
299,4,38.61712662084519,0.34403232,40.059259980130406,15.107641653789736,0.0,6.0,0.0,0.0,0.0,0.0,38.617126620845205,0.0,0.0,0.0,0.0
299,5,42.80829875518671,0.41390304,44.40694891616932,19.85004116265239,0.0,6.0,0.0,0.0,0.0,0.0,42.80829875518672,0.0,0.0,0.0,0.0
299,6,43.8014339720926,0.71559648,45.43717217022101,34.01865086499843,0.0,6.0,0.0,0.0,0.0,0.0,43.8014339720926,0.0,0.0,0.0,0.0
299,7,29.6,0.66516,30.70539419087182,21.44034854771816,0.0,4.0,0.0,0.0,0.0,0.0,29.6,0.0,0.0,0.0,0.0
299,8,0.0,0.7914825600000001,0.0,0.0,0.0,0.0,0.0,0.0,0.0,0.0,0.0,0.0,0.0,0.0,0.0
299,9,0.0,0.7918296,0.0,0.0,0.0,0.0,0.0,0.0,0.0,0.0,0.0,0.0,0.0,0.0,0.0
299,10,0.0,0.8334744,0.0,0.0,0.0,0.0,0.0,0.0,0.0,0.0,0.0,0.0,0.0,0.0,0.0
299,11,0.0,0.83312736,0.0,0.0,0.0,0.0,0.0,0.0,0.0,0.0,0.0,0.0,0.0,0.0,0.0
299,12,2.155005507492793,0.80941296,2.2354828915900344,0.0,19.89579773515131,0.0,0.0,0.0,0.0,1.0,0.0,0.0,0.0,0.0,2.155005507492793
299,13,0.0,0.7848887999999999,0.0,0.0,0.0,0.0,0.0,0.0,0.0,0.0,0.0,0.0,0.0,0.0,0.0
299,14,0.0,0.8188987200000001,0.0,0.0,0.0,0.0,0.0,0.0,0.0,0.0,0.0,0.0,0.0,0.0,0.0
299,15,37.0,0.82549248,38.38174273858478,32.95427568464349,0.0,5.0,0.0,0.0,0.0,0.0,37.0,0.0,0.0,0.0,0.0
299,16,0.0,0.9179208,0.0,0.0,0.0,0.0,0.0,0.0,0.0,0.0,0.0,0.0,0.0,0.0,0.0
299,17,7.4,0.87963072,7.676348547717948,7.006439136929557,0.0,1.0,0.0,0.0,0.0,0.0,7.4,0.0,0.0,0.0,0.0
299,18,43.80143397209273,0.7922923199999999,45.4371721702225,37.50349295181938,0.0,6.0,0.0,0.0,0.0,0.0,43.801433972092745,0.0,0.0,0.0,0.0
299,19,43.801433972093044,0.5413823999999999,45.4371721702216,26.102855717562115,0.0,7.0,0.0,0.0,0.0,0.0,43.80143397209305,0.0,0.0,0.0,0.0
299,20,43.801433972092504,0.45589488,45.43717217022105,22.21854455291658,0.0,6.0,0.0,0.0,0.0,0.0,43.801433972092504,0.0,0.0,0.0,0.0
299,21,14.8,0.43599792,15.352697095435934,7.201918273859038,0.0,2.0,0.0,0.0,0.0,0.0,14.8,0.0,0.0,0.0,0.0
299,22,43.80143397209251,0.39585696,45.43717217022113,19.49059124513466,0.0,6.0,0.0,0.0,0.0,0.0,43.801433972092525,0.0,0.0,0.0,0.0
299,23,14.8,0.58869552,15.352697095435934,9.546238273859077,0.0,2.0,0.0,0.0,0.0,0.0,14.8,0.0,0.0,0.0,0.0
300,0,43.8014339720923,0.5751609599999999,45.437172170220805,27.637657963943784,0.0,6.0,0.0,0.0,0.0,0.0,43.8014339720923,0.0,0.0,0.0,0.0
300,1,22.200000000000003,0.56243616,23.029045643154,13.714629410788664,0.0,3.0,0.0,0.0,0.0,0.0,22.200000000000003,0.0,0.0,0.0,0.0
300,2,43.80143397209122,0.5467036799999999,45.437172170219476,26.344639633086835,0.0,7.0,0.0,0.0,0.0,0.0,43.80143397209123,0.0,0.0,0.0,0.0
300,3,43.80143397209254,0.57458256,45.43717217022102,27.61137710356066,0.0,7.0,0.0,0.0,0.0,0.0,43.80143397209255,0.0,0.0,0.0,0.0
300,4,43.80143397209251,0.56902992,45.43717217022122,27.35908084388153,0.0,6.0,0.0,0.0,0.0,0.0,43.801433972092525,0.0,0.0,0.0,0.0
300,5,39.892388859082544,0.82433568,41.38214611938235,35.48252859773197,0.0,6.0,0.0,0.0,0.0,0.0,39.89238885908241,0.0,0.0,0.0,0.0
300,6,41.04140201947303,1.22782752,42.574068484932674,53.6828145910163,0.0,6.0,0.0,0.0,0.0,0.0,41.04140201947305,0.0,0.0,0.0,0.0
300,7,27.034842687504153,1.7305728,28.044442621892593,49.46122064339265,0.0,4.0,0.0,0.0,0.0,0.0,27.034842687504153,0.0,0.0,0.0,0.0
300,8,0.0,1.71171696,0.0,0.0,0.0,0.0,0.0,0.0,0.0,0.0,0.0,0.0,0.0,0.0,0.0
300,9,0.0,1.25466528,0.0,0.0,0.0,0.0,0.0,0.0,0.0,0.0,0.0,0.0,0.0,0.0,0.0
300,10,0.0,1.25535936,0.0,0.0,0.0,0.0,0.0,0.0,0.0,0.0,0.0,0.0,0.0,0.0,0.0
300,11,0.0,1.3719648,0.0,0.0,0.0,0.0,0.0,0.0,0.0,0.0,0.0,0.0,0.0,0.0,0.0
300,12,0.0,1.2308352,0.0,0.0,0.0,0.0,0.0,0.0,0.0,0.0,0.0,0.0,0.0,0.0,0.0
300,13,0.0,1.1385225600000002,0.0,0.0,0.0,0.0,0.0,0.0,0.0,0.0,0.0,0.0,0.0,0.0,0.0
300,14,0.0,0.9242832,0.0,0.0,0.0,0.0,0.0,0.0,0.0,0.0,0.0,0.0,0.0,0.0,0.0
300,15,22.200000000000003,1.02573456,23.02904564314717,24.383949410781653,0.0,3.0,0.0,0.0,0.0,0.0,22.200000000000003,0.0,0.0,0.0,0.0
300,16,0.0,1.4095608,0.0,0.0,0.0,0.0,0.0,0.0,0.0,0.0,0.0,0.0,0.0,0.0,0.0
300,17,9.465916821560317,1.5665385599999997,9.819415790000473,12.279383136929686,19.073298456314134,1.0,0.0,0.0,0.0,2.0,7.4,0.0,0.0,0.0,2.065916821560317
300,18,14.8,1.38804432,15.352697095439808,21.818398273864783,0.0,2.0,0.0,0.0,0.0,0.0,14.8,0.0,0.0,0.0,0.0
300,19,30.37145994066708,0.85418112,31.50566383886644,27.954380697292912,0.0,6.0,0.0,0.0,0.0,0.0,30.37145994066708,0.0,0.0,0.0,0.0
300,20,42.475265908576816,0.7935647999999998,44.0614791582753,36.42407385607981,0.0,6.0,0.0,0.0,0.0,0.0,42.47526590857682,0.0,0.0,0.0,0.0
300,21,18.205379202205545,0.5330534399999999,18.88524813506862,10.69194819692268,0.0,3.0,0.0,0.0,0.0,0.0,18.205379202205545,0.0,0.0,0.0,0.0
300,22,37.0,0.50818224,38.381742738589764,20.775355684647604,0.0,5.0,0.0,0.0,0.0,0.0,37.0,0.0,0.0,0.0,0.0
300,23,27.235735696771336,0.46272,28.252837859721513,14.008322067607123,0.0,4.0,0.0,0.0,0.0,0.0,27.235735696771336,0.0,0.0,0.0,0.0
301,0,43.80143397209252,0.4199184,45.43717217022148,20.583875037078265,0.0,6.0,0.0,0.0,0.0,0.0,43.801433972092525,0.0,0.0,0.0,0.0
301,1,37.0,0.4066152,38.38174273858986,16.877035684647588,0.0,5.0,0.0,0.0,0.0,0.0,37.0,0.0,0.0,0.0,0.0
301,2,22.200000000000003,0.3979392,23.02904564315392,9.926421410788551,0.0,3.0,0.0,0.0,0.0,0.0,22.200000000000003,0.0,0.0,0.0,0.0
301,3,29.6,0.40927584,30.705394190871907,13.58332454771808,0.0,4.0,0.0,0.0,0.0,0.0,29.6,0.0,0.0,0.0,0.0
301,4,43.80143397209252,0.46005936,45.4371721702235,22.40776674767723,0.0,6.0,0.0,0.0,0.0,0.0,43.801433972092525,0.0,0.0,0.0,0.0
301,5,37.0,0.48307968,38.381742738589935,19.811875684647678,0.0,5.0,0.0,0.0,0.0,0.0,37.0,0.0,0.0,0.0,0.0
301,6,22.200000000000003,0.8033976,23.02904564315392,19.26374141078871,0.0,4.0,0.0,0.0,0.0,0.0,22.200000000000003,0.0,0.0,0.0,0.0
301,7,37.0,0.96801024,38.38174273858986,38.42435568464795,0.0,5.0,0.0,0.0,0.0,0.0,37.0,0.0,0.0,0.0,0.0
301,8,37.0,1.00491216,38.38174273858978,39.84071568464789,0.0,5.0,0.0,0.0,0.0,0.0,37.0,0.0,0.0,0.0,0.0
301,9,22.200000000000003,0.95077392,23.029045643153594,22.657677410788448,0.0,3.0,0.0,0.0,0.0,0.0,22.200000000000003,0.0,0.0,0.0,0.0
301,10,0.0,0.8068679999999999,0.0,0.0,0.0,0.0,0.0,0.0,0.0,0.0,0.0,0.0,0.0,0.0,0.0
301,11,0.0,0.7887062400000001,0.0,0.0,0.0,0.0,0.0,0.0,0.0,0.0,0.0,0.0,0.0,0.0,0.0
301,12,0.0,0.7666113599999999,0.0,0.0,0.0,0.0,0.0,0.0,0.0,0.0,0.0,0.0,0.0,0.0,0.0
301,13,0.0,0.8230632000000001,0.0,0.0,0.0,0.0,0.0,0.0,0.0,0.0,0.0,0.0,0.0,0.0,0.0
301,14,0.0,0.8784739199999999,0.0,0.0,0.0,0.0,0.0,0.0,0.0,0.0,0.0,0.0,0.0,0.0,0.0
301,15,29.6,1.01405088,30.705394190872166,32.15318054771868,0.0,4.0,0.0,0.0,0.0,0.0,29.6,0.0,0.0,0.0,0.0
301,16,0.0,1.42656576,0.0,0.0,0.0,0.0,0.0,0.0,0.0,0.0,0.0,0.0,0.0,0.0,0.0
301,17,0.0,1.6818715199999996,0.0,0.0,0.0,0.0,0.0,0.0,0.0,0.0,0.0,0.0,0.0,0.0,0.0
301,18,7.4,1.06865184,7.676348547717986,8.457431136929618,0.0,1.0,0.0,0.0,0.0,0.0,7.4,0.0,0.0,0.0,0.0
301,19,34.61624710255449,0.79576272,35.908970023396456,29.76360656599085,0.0,6.0,0.0,0.0,0.0,0.0,34.61624710255449,0.0,0.0,0.0,0.0
301,20,29.6,0.71617488,30.705394190871868,23.006780547718215,0.0,4.0,0.0,0.0,0.0,0.0,29.6,0.0,0.0,0.0,0.0
301,21,37.0,0.6771907199999999,38.38174273858996,27.262195684647832,0.0,5.0,0.0,0.0,0.0,0.0,37.0,0.0,0.0,0.0,0.0
301,22,31.89476798832912,0.5360611200000001,33.0858589090556,18.831184512840068,0.0,5.0,0.0,0.0,0.0,0.0,31.89476798832912,0.0,0.0,0.0,0.0
301,23,41.63568001096725,0.39712944,43.19053943046441,18.581841592466624,0.0,6.0,0.0,0.0,0.0,0.0,41.63568001096726,0.0,0.0,0.0,0.0
302,0,37.0,0.31453392,38.38174273859237,13.3427956846484,0.0,5.0,0.0,0.0,0.0,0.0,37.0,0.0,0.0,0.0,0.0
302,1,29.6,0.29313312,30.70539419087178,10.017116547717979,0.0,4.0,0.0,0.0,0.0,0.0,29.6,0.0,0.0,0.0,0.0
302,2,22.200000000000003,0.2585448,23.02904564315392,6.716301410788497,0.0,3.0,0.0,0.0,0.0,0.0,22.200000000000003,0.0,0.0,0.0,0.0
302,3,29.6,0.2446632,30.70539419087204,8.528828547718028,0.0,4.0,0.0,0.0,0.0,0.0,29.6,0.0,0.0,0.0,0.0
302,4,43.80143397209252,0.2539175999999999,45.43717217022106,13.041268107083637,0.0,6.0,0.0,0.0,0.0,0.0,43.801433972092525,0.0,0.0,0.0,0.0
302,5,29.6,0.2640974399999999,30.705394190871647,9.125564547717921,0.0,4.0,0.0,0.0,0.0,0.0,29.6,0.0,0.0,0.0,0.0
302,6,22.200000000000003,0.2893156799999999,23.0290456431533,7.4249254107883065,0.0,3.0,0.0,0.0,0.0,0.0,22.200000000000003,0.0,0.0,0.0,0.0
302,7,43.80143397209252,0.29544672,45.4371721702251,14.928233882602736,0.0,6.0,0.0,0.0,0.0,0.0,43.801433972092525,0.0,0.0,0.0,0.0
302,8,30.27341755170078,0.28087104,31.403960115872714,9.859934017699079,0.0,6.0,0.0,0.0,0.0,0.0,30.27341755170078,0.0,0.0,0.0,0.0
302,9,32.49222143946404,0.27682224,33.705623899859326,10.446122459641938,0.0,7.0,0.0,0.0,0.0,0.0,32.49222143946407,0.0,0.0,0.0,0.0
302,10,22.962703315318837,0.26999712,23.82023165489545,7.219843612331646,0.0,4.0,0.0,0.0,0.0,0.0,22.962703315318734,0.0,0.0,0.0,0.0
302,11,0.0,0.2741616,0.0,0.0,0.0,0.0,0.0,0.0,0.0,0.0,0.0,0.0,0.0,0.0,0.0
302,12,0.0,0.26710512,0.0,0.0,0.0,0.0,0.0,0.0,0.0,0.0,0.0,0.0,0.0,0.0,0.0
302,13,0.0,0.25935456,0.0,0.0,0.0,0.0,0.0,0.0,0.0,0.0,0.0,0.0,0.0,0.0,0.0
302,14,0.0,0.2657169599999999,0.0,0.0,0.0,0.0,0.0,0.0,0.0,0.0,0.0,0.0,0.0,0.0,0.0
302,15,28.283751660160522,0.396204,29.33999134871333,12.595775645968027,0.0,4.0,0.0,0.0,0.0,0.0,28.283751660160522,0.0,0.0,0.0,0.0
302,16,0.0,0.70171488,0.0,0.0,0.0,0.0,0.0,0.0,0.0,0.0,0.0,0.0,0.0,0.0,0.0
302,17,0.0,0.76152144,0.0,0.0,0.0,0.0,0.0,0.0,0.0,0.0,0.0,0.0,0.0,0.0,0.0
302,18,0.0,0.67892592,0.0,0.0,0.0,0.0,0.0,0.0,0.0,0.0,0.0,0.0,0.0,0.0,0.0
302,19,22.200000000000003,0.51026448,23.029045643153804,12.513165410788533,0.0,3.0,0.0,0.0,0.0,0.0,22.200000000000003,0.0,0.0,0.0,0.0
302,20,27.693230448371764,0.4728998399999999,28.727417477564394,14.536068647260784,0.0,4.0,0.0,0.0,0.0,0.0,27.693230448371764,0.0,0.0,0.0,0.0
302,21,26.084812907322124,0.39655104,27.05893455116452,11.62589937119977,0.0,4.0,0.0,0.0,0.0,0.0,26.084812907322124,0.0,0.0,0.0,0.0
302,22,41.68583837361137,0.3505104,43.24257092698295,16.5882999303283,0.0,6.0,0.0,0.0,0.0,0.0,41.685838373611375,0.0,0.0,0.0,0.0
302,23,41.652423131808554,0.2844571199999999,43.20790781308115,13.720978766347542,0.0,6.0,0.0,0.0,0.0,0.0,41.65242313180856,0.0,0.0,0.0,0.0
303,0,43.80143397209326,0.21470208,45.43717217022178,11.259425773099068,0.0,6.0,0.0,0.0,0.0,0.0,43.80143397209326,0.0,0.0,0.0,0.0
303,1,22.200000000000003,0.14552544,23.02904564315392,4.113573410788452,0.0,3.0,0.0,0.0,0.0,0.0,22.200000000000003,0.0,0.0,0.0,0.0
303,2,22.200000000000003,0.1370807999999999,23.029045643153893,3.919101410788441,0.0,3.0,0.0,0.0,0.0,0.0,22.200000000000003,0.0,0.0,0.0,0.0
303,3,43.06773236842985,0.13372608,44.67607092160816,7.453133781653876,0.0,6.0,0.0,0.0,0.0,0.0,43.06773236842987,0.0,0.0,0.0,0.0
303,4,29.6,0.20024208,30.705394190871868,7.164860547717958,0.0,4.0,0.0,0.0,0.0,0.0,29.6,0.0,0.0,0.0,0.0
303,5,41.17571294151213,0.29105088,42.713395167544164,13.845584631347187,0.0,6.0,0.0,0.0,0.0,0.0,41.17571294151214,0.0,0.0,0.0,0.0
303,6,29.6,0.6860980799999999,30.705394190871793,22.083260547718147,0.0,4.0,0.0,0.0,0.0,0.0,29.6,0.0,0.0,0.0,0.0
303,7,29.6,0.89235552,30.70539419087183,28.41647654771827,0.0,4.0,0.0,0.0,0.0,0.0,29.6,0.0,0.0,0.0,0.0
303,8,0.0,0.94811328,0.0,0.0,0.0,0.0,0.0,0.0,0.0,0.0,0.0,0.0,0.0,0.0,0.0
303,9,0.0,0.893628,0.0,0.0,0.0,0.0,0.0,0.0,0.0,0.0,0.0,0.0,0.0,0.0,0.0
303,10,0.0,0.85637904,0.0,0.0,0.0,0.0,0.0,0.0,0.0,0.0,0.0,0.0,0.0,0.0,0.0
303,11,0.0,0.8365977599999999,0.0,0.0,0.0,0.0,0.0,0.0,0.0,0.0,0.0,0.0,0.0,0.0,0.0
303,12,0.0,0.8216750399999999,0.0,0.0,0.0,0.0,0.0,0.0,0.0,0.0,0.0,0.0,0.0,0.0,0.0
303,13,5.630514168396811,0.8423817599999999,5.8407823323618375,0.0,51.982962758020356,0.0,0.0,0.0,0.0,1.0,0.0,0.0,0.0,0.0,5.630514168396811
303,14,3.5261798477615014,0.93862752,3.657862912615666,0.0,32.55497992227943,0.0,0.0,0.0,0.0,1.0,0.0,0.0,0.0,0.0,3.5261798477615014
303,15,2.2547642966791273,1.02666,2.338967112737684,2.478743787394887,0.0,1.0,0.0,0.0,0.0,0.0,2.254764296679152,0.0,0.0,0.0,0.0
303,16,0.0,1.1024304,0.0,0.0,0.0,0.0,0.0,0.0,0.0,0.0,0.0,0.0,0.0,0.0,0.0
303,17,1.103076973328713,1.25015376,1.1442707192206567,0.0,10.184009401063845,0.0,0.0,0.0,0.0,1.0,0.0,0.0,0.0,0.0,1.103076973328713
303,18,26.393740931692818,1.16559168,27.379399306735962,27.604725410789186,38.718147605877675,3.0,0.0,0.0,0.0,1.0,22.200000000000003,0.0,0.0,0.0,4.193740931692817
303,19,43.80143397209251,1.00097904,45.4371721702213,46.98562737809716,0.0,6.0,0.0,0.0,0.0,0.0,43.801433972092525,0.0,0.0,0.0,0.0
303,20,11.449112343070787,0.7177943999999999,11.876672555053398,8.918126912223288,0.0,2.0,0.0,0.0,0.0,0.0,11.449112343070787,0.0,0.0,0.0,0.0
303,21,43.80143397209251,0.5318966399999999,45.43717217022109,25.67184960727642,0.0,6.0,0.0,0.0,0.0,0.0,43.80143397209252,0.0,0.0,0.0,0.0
303,22,43.801433972092504,0.39631968,45.43717217022051,19.511615933440996,0.0,7.0,0.0,0.0,0.0,0.0,43.80143397209252,0.0,0.0,0.0,0.0
303,23,43.80143397209205,0.32297856,45.43717217022057,16.17920283684422,0.0,6.0,0.0,0.0,0.0,0.0,43.80143397209205,0.0,0.0,0.0,0.0
304,0,29.6,0.34206576,30.7053941908728,11.51961254771838,0.0,5.0,0.0,0.0,0.0,0.0,29.6,0.0,0.0,0.0,0.0
304,1,43.80143397209251,0.34252848,45.43717217022119,17.06749591779849,0.0,6.0,0.0,0.0,0.0,0.0,43.801433972092525,0.0,0.0,0.0,0.0
304,2,42.985197222703334,0.34565184,44.590453550522554,16.888716328694947,0.0,6.0,0.0,0.0,0.0,0.0,42.98519722270335,0.0,0.0,0.0,0.0
304,3,42.856813991656374,0.35293968,44.45727592495536,17.162272571741475,0.0,6.0,0.0,0.0,0.0,0.0,42.856813991656374,0.0,0.0,0.0,0.0
304,4,22.200000000000003,0.34657728,23.02904564315392,8.743605410788533,0.0,3.0,0.0,0.0,0.0,0.0,22.200000000000003,0.0,0.0,0.0,0.0
304,5,41.29689264322632,0.39805488,42.83910025231004,18.4702871285927,0.0,6.0,0.0,0.0,0.0,0.0,41.29689264322632,0.0,0.0,0.0,0.0
304,6,42.19018727877211,0.92451456,43.76575443856078,41.91072367975044,0.0,6.0,0.0,0.0,0.0,0.0,42.19018727877211,0.0,0.0,0.0,0.0
304,7,27.02201141830087,1.20376608,28.03113217666068,34.67075657330816,0.0,4.0,0.0,0.0,0.0,0.0,27.022011418300877,0.0,0.0,0.0,0.0
304,8,5.8082987551842145,1.21082256,6.025206177576987,7.494889892939379,0.0,1.0,0.0,0.0,0.0,0.0,5.808298755184111,0.0,0.0,0.0,0.0
304,9,0.0,1.12649184,0.0,0.0,0.0,0.0,0.0,0.0,0.0,0.0,0.0,0.0,0.0,0.0,0.0
304,10,0.0,1.04250816,0.0,0.0,0.0,0.0,0.0,0.0,0.0,0.0,0.0,0.0,0.0,0.0,0.0
304,11,0.0,1.14280272,0.0,0.0,0.0,0.0,0.0,0.0,0.0,0.0,0.0,0.0,0.0,0.0,0.0
304,12,2.600618022380978,1.1377128,2.697736537739604,0.0,24.009855185882476,0.0,0.0,0.0,0.0,1.0,0.0,0.0,0.0,0.0,2.600618022380978
304,13,0.0,1.08889584,0.0,0.0,0.0,0.0,0.0,0.0,0.0,0.0,0.0,0.0,0.0,0.0,0.0
304,14,0.0,0.69940128,0.0,0.0,0.0,0.0,0.0,0.0,0.0,0.0,0.0,0.0,0.0,0.0,0.0
304,15,43.08404614030035,0.5656752,44.69299392147443,26.76105637392964,0.0,6.0,0.0,0.0,0.0,0.0,43.08404614030042,0.0,0.0,0.0,0.0
304,16,0.0,0.4724371200000001,0.0,0.0,0.0,0.0,0.0,0.0,0.0,0.0,0.0,0.0,0.0,0.0,0.0
304,17,7.4,0.73479936,7.676348547717948,5.894663136929542,0.0,1.0,0.0,0.0,0.0,0.0,7.4,0.0,0.0,0.0,0.0
304,18,22.200000000000003,0.3857928,23.029045643153637,9.646701410788427,0.0,3.0,0.0,0.0,0.0,0.0,22.200000000000003,0.0,0.0,0.0,0.0
304,19,43.80143397209251,0.2562312,45.437172170222546,13.146391548617094,0.0,6.0,0.0,0.0,0.0,0.0,43.801433972092525,0.0,0.0,0.0,0.0
304,20,34.304110342359664,0.22869936,35.58517670369292,9.316176486513715,0.0,6.0,0.0,0.0,0.0,0.0,34.304110342359664,0.0,0.0,0.0,0.0
304,21,31.858361135370767,0.20486928,33.04809246407863,7.864430769050216,0.0,6.0,0.0,0.0,0.0,0.0,31.858361135370767,0.0,0.0,0.0,0.0
304,22,43.80143397209251,0.15420144,45.43717217022165,8.51044777701044,0.0,6.0,0.0,0.0,0.0,0.0,43.801433972092525,0.0,0.0,0.0,0.0
304,23,43.80143397209251,0.11487024,45.437172170221054,6.7233492709489315,0.0,6.0,0.0,0.0,0.0,0.0,43.801433972092525,0.0,0.0,0.0,0.0
305,0,43.80143397209252,0.03539808,45.43717217022109,3.1123590542895774,0.0,6.0,0.0,0.0,0.0,0.0,43.801433972092525,0.0,0.0,0.0,0.0
305,1,22.200000000000003,0.0393312,23.02904564315392,1.6680214107884104,0.0,3.0,0.0,0.0,0.0,0.0,22.200000000000003,0.0,0.0,0.0,0.0
305,2,14.8,0.04731312,15.3526970954359,1.2345582738589385,0.0,2.0,0.0,0.0,0.0,0.0,14.8,0.0,0.0,0.0,0.0
305,3,43.03068000047014,0.0580713599999999,44.63763485526009,4.069673876937461,0.0,6.0,0.0,0.0,0.0,0.0,43.03068000047005,0.0,0.0,0.0,0.0
305,4,39.02791720102209,0.10839216,40.48539128736847,5.728365461694946,0.0,6.0,0.0,0.0,0.0,0.0,39.0279172010221,0.0,0.0,0.0,0.0
305,5,37.35169760871676,0.1744454399999999,38.74657428290156,8.041674808037484,0.0,6.0,0.0,0.0,0.0,0.0,37.351697608716776,0.0,0.0,0.0,0.0
305,6,43.80143397209251,0.7513415999999999,45.437172170221416,35.64280803668396,0.0,6.0,0.0,0.0,0.0,0.0,43.80143397209252,0.0,0.0,0.0,0.0
305,7,43.80143397209251,0.89617296,45.43717217022072,42.22353547665063,0.0,6.0,0.0,0.0,0.0,0.0,43.801433972092525,0.0,0.0,0.0,0.0
305,8,0.0,0.87616032,0.0,0.0,0.0,0.0,0.0,0.0,0.0,0.0,0.0,0.0,0.0,0.0,0.0
305,9,0.0,0.8008526400000001,0.0,0.0,0.0,0.0,0.0,0.0,0.0,0.0,0.0,0.0,0.0,0.0,0.0
305,10,0.0,0.67291056,0.0,0.0,0.0,0.0,0.0,0.0,0.0,0.0,0.0,0.0,0.0,0.0,0.0
305,11,0.0,0.58857984,0.0,0.0,0.0,0.0,0.0,0.0,0.0,0.0,0.0,0.0,0.0,0.0,0.0
305,12,0.01818379111793637,0.55109952,0.01886285385678047,0.0,0.16787939932534618,0.0,0.0,0.0,0.0,1.0,0.0,0.0,0.0,0.0,0.01818379111793637
305,13,0.0,0.5920502400000001,0.0,0.0,0.0,0.0,0.0,0.0,0.0,0.0,0.0,0.0,0.0,0.0,0.0
305,14,0.0,0.6935016,0.0,0.0,0.0,0.0,0.0,0.0,0.0,0.0,0.0,0.0,0.0,0.0,0.0
305,15,29.6,0.7854672,30.705394190872273,25.134428547718585,0.0,4.0,0.0,0.0,0.0,0.0,29.6,0.0,0.0,0.0,0.0
305,16,0.0,0.8199398399999999,0.0,0.0,0.0,0.0,0.0,0.0,0.0,0.0,0.0,0.0,0.0,0.0,0.0
305,17,7.4,0.8537184,7.676348547718343,6.807527136929904,0.0,1.0,0.0,0.0,0.0,0.0,7.4,0.0,0.0,0.0,0.0
305,18,35.85649438657572,0.8223691200000001,37.19553359603341,31.819630393329135,0.0,5.0,0.0,0.0,0.0,0.0,35.85649438657572,0.0,0.0,0.0,0.0
305,19,43.167887426207656,0.75157296,44.779966209759564,35.13762863451201,0.0,6.0,0.0,0.0,0.0,0.0,43.167887426207656,0.0,0.0,0.0,0.0
305,20,43.80143397209251,0.6148392,45.43717217022137,29.440524986235502,0.0,6.0,0.0,0.0,0.0,0.0,43.80143397209252,0.0,0.0,0.0,0.0
305,21,14.8,0.36647424,15.352697095436142,6.134542273859104,0.0,3.0,0.0,0.0,0.0,0.0,14.8,0.0,0.0,0.0,0.0
305,22,41.64538624141097,0.22106448,43.20060813424398,10.980060102123891,0.0,6.0,0.0,0.0,0.0,0.0,41.64538624141097,0.0,0.0,0.0,0.0
305,23,22.200000000000003,0.1960776,23.029045643154237,5.277741410788544,0.0,3.0,0.0,0.0,0.0,0.0,22.200000000000003,0.0,0.0,0.0,0.0
306,0,42.704867675949004,0.23355792,44.29965526550831,11.812853929817491,0.0,7.0,0.0,0.0,0.0,0.0,42.704867675948904,0.0,0.0,0.0,0.0
306,1,37.0,0.19630896,38.38174273858986,8.805115684647449,0.0,5.0,0.0,0.0,0.0,0.0,37.0,0.0,0.0,0.0,0.0
306,2,39.55634594821523,0.17791584,41.03355388819043,8.65872984190177,0.0,6.0,0.0,0.0,0.0,0.0,39.55634594821523,0.0,0.0,0.0,0.0
306,3,43.80143397209251,0.15894432,45.43717217022116,8.725950832153046,0.0,6.0,0.0,0.0,0.0,0.0,43.801433972092525,0.0,0.0,0.0,0.0
306,4,37.0,0.18080784,38.381742738589814,8.210155684647432,0.0,5.0,0.0,0.0,0.0,0.0,37.0,0.0,0.0,0.0,0.0
306,5,38.69168656374787,0.24732384,40.136604319239915,11.255260707761842,0.0,6.0,0.0,0.0,0.0,0.0,38.69168656374787,0.0,0.0,0.0,0.0
306,6,40.24624966697435,0.50401776,41.749221646239306,22.42424841237157,0.0,6.0,0.0,0.0,0.0,0.0,40.24624966697435,0.0,0.0,0.0,0.0
306,7,7.4,0.7887062400000001,7.676348547717828,6.30847113692945,0.0,1.0,0.0,0.0,0.0,0.0,7.4,0.0,0.0,0.0,0.0
306,8,0.0,0.87789552,0.0,0.0,0.0,0.0,0.0,0.0,0.0,0.0,0.0,0.0,0.0,0.0,0.0
306,9,0.0,0.80004288,0.0,0.0,0.0,0.0,0.0,0.0,0.0,0.0,0.0,0.0,0.0,0.0,0.0
306,10,0.0,0.6950054399999999,0.0,0.0,0.0,0.0,0.0,0.0,0.0,0.0,0.0,0.0,0.0,0.0,0.0
306,11,0.0,0.6936172799999999,0.0,0.0,0.0,0.0,0.0,0.0,0.0,0.0,0.0,0.0,0.0,0.0,0.0
306,12,0.0,0.6819335999999999,0.0,0.0,0.0,0.0,0.0,0.0,0.0,0.0,0.0,0.0,0.0,0.0,0.0
306,13,0.0,0.6702499199999999,0.0,0.0,0.0,0.0,0.0,0.0,0.0,0.0,0.0,0.0,0.0,0.0,0.0
306,14,0.0,0.7363031999999999,0.0,0.0,0.0,0.0,0.0,0.0,0.0,0.0,0.0,0.0,0.0,0.0,0.0
306,15,37.0,0.71224176,38.38174273859018,28.60751568464802,0.0,5.0,0.0,0.0,0.0,0.0,37.0,0.0,0.0,0.0,0.0
306,16,0.0,0.7249665599999999,0.0,0.0,0.0,0.0,0.0,0.0,0.0,0.0,0.0,0.0,0.0,0.0,0.0
306,17,7.226971808461661,0.7299408,7.496858722470603,5.720409077080946,0.0,1.0,0.0,0.0,0.0,0.0,7.226971808461661,0.0,0.0,0.0,0.0
306,18,40.801684375084534,0.67418304,42.32539872934122,29.93603668250059,0.0,6.0,0.0,0.0,0.0,0.0,40.801684375084434,0.0,0.0,0.0,0.0
306,19,43.80143397209251,0.36705264,45.437172170221146,18.18180439804852,0.0,6.0,0.0,0.0,0.0,0.0,43.801433972092525,0.0,0.0,0.0,0.0
306,20,43.80143397209251,0.30979104,45.43717217022174,15.57999922010639,0.0,6.0,0.0,0.0,0.0,0.0,43.801433972092525,0.0,0.0,0.0,0.0
306,21,43.80143397209251,0.2666424,45.437172170221054,13.619447035515268,0.0,6.0,0.0,0.0,0.0,0.0,43.801433972092525,0.0,0.0,0.0,0.0
306,22,41.80093687783076,0.2423496,43.361967715592925,11.944036662472985,0.0,6.0,0.0,0.0,0.0,0.0,41.80093687783077,0.0,0.0,0.0,0.0
306,23,39.452801689260134,0.2238408,40.92614283118322,10.51559587995848,0.0,6.0,0.0,0.0,0.0,0.0,39.45280168926015,0.0,0.0,0.0,0.0
307,0,43.80143397209252,0.1754865599999999,45.43717217022106,9.47758343911414,0.0,6.0,0.0,0.0,0.0,0.0,43.801433972092525,0.0,0.0,0.0,0.0
307,1,39.608015895211985,0.13268496,41.0871534182706,6.811632085961855,0.0,6.0,0.0,0.0,0.0,0.0,39.608015895212,0.0,0.0,0.0,0.0
307,2,40.46964000132714,0.11568,41.98095435822364,6.245926389416512,0.0,6.0,0.0,0.0,0.0,0.0,40.46964000132714,0.0,0.0,0.0,0.0
307,3,43.80143397209251,0.0662846399999999,45.43717217022106,4.515756998755433,0.0,6.0,0.0,0.0,0.0,0.0,43.801433972092525,0.0,0.0,0.0,0.0
307,4,43.05923131834891,0.1162584,44.6672524049265,6.671429351595975,0.0,7.0,0.0,0.0,0.0,0.0,43.0592313183488,0.0,0.0,0.0,0.0
307,5,36.40143397209251,0.19908528,37.760823622502954,8.767507405821462,0.0,6.0,0.0,0.0,0.0,0.0,36.401433972092526,0.0,0.0,0.0,0.0
307,6,42.9491503451446,0.20972784,44.55306052400919,10.81872345243442,0.0,6.0,0.0,0.0,0.0,0.0,42.94915034514461,0.0,0.0,0.0,0.0
307,7,14.8,0.23043456,15.352697095435783,4.045966273858948,0.0,2.0,0.0,0.0,0.0,0.0,14.8,0.0,0.0,0.0,0.0
307,8,0.0,0.237144,0.0,0.0,0.0,0.0,0.0,0.0,0.0,0.0,0.0,0.0,0.0,0.0,0.0
307,9,0.0,0.23957328,0.0,0.0,0.0,0.0,0.0,0.0,0.0,0.0,0.0,0.0,0.0,0.0,0.0
307,10,0.0,0.23795376,0.0,0.0,0.0,0.0,0.0,0.0,0.0,0.0,0.0,0.0,0.0,0.0,0.0
307,11,0.0,0.23564016,0.0,0.0,0.0,0.0,0.0,0.0,0.0,0.0,0.0,0.0,0.0,0.0,0.0
307,12,0.0,0.23321088,0.0,0.0,0.0,0.0,0.0,0.0,0.0,0.0,0.0,0.0,0.0,0.0,0.0
307,13,0.0,0.22337808,0.0,0.0,0.0,0.0,0.0,0.0,0.0,0.0,0.0,0.0,0.0,0.0,0.0
307,14,0.0,0.21261984,0.0,0.0,0.0,0.0,0.0,0.0,0.0,0.0,0.0,0.0,0.0,0.0,0.0
307,15,22.200000000000003,0.20602608,23.029045643154134,5.506845410788526,0.0,3.0,0.0,0.0,0.0,0.0,22.200000000000003,0.0,0.0,0.0,0.0
307,16,0.0,0.20174592,0.0,0.0,0.0,0.0,0.0,0.0,0.0,0.0,0.0,0.0,0.0,0.0,0.0
307,17,7.4,0.20116752,7.676348547717948,1.7983191369294853,0.0,1.0,0.0,0.0,0.0,0.0,7.4,0.0,0.0,0.0,0.0
307,18,37.0,0.193764,38.38174273858912,8.707435684647281,0.0,5.0,0.0,0.0,0.0,0.0,37.0,0.0,0.0,0.0,0.0
307,19,37.68413704190049,0.1749081599999999,39.09142846670208,8.131336107130316,0.0,6.0,0.0,0.0,0.0,0.0,37.6841370419004,0.0,0.0,0.0,0.0
307,20,37.0,0.1399727999999999,38.381742738590376,6.6428356846475,0.0,5.0,0.0,0.0,0.0,0.0,37.0,0.0,0.0,0.0,0.0
307,21,38.0533441901226,0.11579568,39.4744234337399,5.877571119774638,0.0,6.0,0.0,0.0,0.0,0.0,38.05334419012261,0.0,0.0,0.0,0.0
307,22,7.4,0.0573772799999999,7.676348547717948,0.6945351369294693,0.0,1.0,0.0,0.0,0.0,0.0,7.4,0.0,0.0,0.0,0.0
307,23,35.660695575894614,0.0279945599999999,36.99242279657149,2.2600357940905007,0.0,6.0,0.0,0.0,0.0,0.0,35.660695575894614,0.0,0.0,0.0,0.0
308,0,29.6,0.11568,30.705394190871946,4.568348547717927,0.0,4.0,0.0,0.0,0.0,0.0,29.6,0.0,0.0,0.0,0.0
308,1,29.6,0.11579568,30.70539419087228,4.571900547717978,0.0,4.0,0.0,0.0,0.0,0.0,29.6,0.0,0.0,0.0,0.0
308,2,43.80143397209251,0.0825955199999999,45.437172170221054,5.256877261563248,0.0,6.0,0.0,0.0,0.0,0.0,43.801433972092525,0.0,0.0,0.0,0.0
308,3,16.97549561182077,0.0559891199999999,17.609435281972004,1.5688090929678358,0.0,3.0,0.0,0.0,0.0,0.0,16.97549561182077,0.0,0.0,0.0,0.0
308,4,43.801433972091026,0.04372704,45.437172170219554,3.490803443808344,0.0,6.0,0.0,0.0,0.0,0.0,43.801433972091026,0.0,0.0,0.0,0.0
308,5,43.80143397209252,0.0358608,45.437172170220954,3.1333837425961724,0.0,6.0,0.0,0.0,0.0,0.0,43.801433972092525,0.0,0.0,0.0,0.0
308,6,29.6,0.02579664,30.705394190871992,1.8084445477178788,0.0,4.0,0.0,0.0,0.0,0.0,29.6,0.0,0.0,0.0,0.0
308,7,34.47710320980987,0.0326217599999999,35.7646298856956,2.35051442183651,0.0,5.0,0.0,0.0,0.0,0.0,34.477103209809876,0.0,0.0,0.0,0.0
308,8,43.80143397209251,0.0503207999999999,45.43717217022298,3.7904052521777323,0.0,6.0,0.0,0.0,0.0,0.0,43.801433972092525,0.0,0.0,0.0,0.0
308,9,42.20973272727885,0.0667473599999999,43.78602980008187,4.371919480419497,0.0,6.0,0.0,0.0,0.0,0.0,42.20973272727885,0.0,0.0,0.0,0.0
308,10,7.4,0.1029552,7.676348547717986,1.04440713692948,0.0,1.0,0.0,0.0,0.0,0.0,7.4,0.0,0.0,0.0,0.0
308,11,0.0,0.11059008,0.0,0.0,0.0,0.0,0.0,0.0,0.0,0.0,0.0,0.0,0.0,0.0,0.0
308,12,0.0,0.1109371199999999,0.0,0.0,0.0,0.0,0.0,0.0,0.0,0.0,0.0,0.0,0.0,0.0,0.0
308,13,0.0,0.0856032,0.0,0.0,0.0,0.0,0.0,0.0,0.0,0.0,0.0,0.0,0.0,0.0,0.0
308,14,0.0,0.07149024,0.0,0.0,0.0,0.0,0.0,0.0,0.0,0.0,0.0,0.0,0.0,0.0,0.0
308,15,14.8,0.08132304,15.352697095436147,1.756702273858974,0.0,2.0,0.0,0.0,0.0,0.0,14.8,0.0,0.0,0.0,0.0
308,16,0.0,0.11984448,0.0,0.0,0.0,0.0,0.0,0.0,0.0,0.0,0.0,0.0,0.0,0.0,0.0
308,17,0.0,0.1318752,0.0,0.0,0.0,0.0,0.0,0.0,0.0,0.0,0.0,0.0,0.0,0.0,0.0
308,18,0.0,0.1304870399999999,0.0,0.0,0.0,0.0,0.0,0.0,0.0,0.0,0.0,0.0,0.0,0.0,0.0
308,19,43.80143397209251,0.13465152,45.437172170220926,7.622154696056259,0.0,6.0,0.0,0.0,0.0,0.0,43.801433972092525,0.0,0.0,0.0,0.0
308,20,43.80143397209251,0.1302556799999999,45.43717217022294,7.422420157143838,0.0,6.0,0.0,0.0,0.0,0.0,43.801433972092525,0.0,0.0,0.0,0.0
308,21,37.0,0.1174152,38.38174273858827,5.77703568464716,0.0,5.0,0.0,0.0,0.0,0.0,37.0,0.0,0.0,0.0,0.0
308,22,43.80143397209251,0.09034608,45.43717217022102,5.609040790698876,0.0,6.0,0.0,0.0,0.0,0.0,43.80143397209252,0.0,0.0,0.0,0.0
308,23,22.200000000000003,0.0699863999999999,23.029045643153996,2.3739814107884274,0.0,3.0,0.0,0.0,0.0,0.0,22.200000000000003,0.0,0.0,0.0,0.0
309,0,43.80143397209252,0.098328,45.43717217021921,5.9717166639875705,0.0,6.0,0.0,0.0,0.0,0.0,43.801433972092525,0.0,0.0,0.0,0.0
309,1,29.6,0.07623312,30.705394190871985,3.3571165477179097,0.0,4.0,0.0,0.0,0.0,0.0,29.6,0.0,0.0,0.0,0.0
309,2,33.93894751767888,0.05992224,35.20637709302822,3.274976059478174,0.0,6.0,0.0,0.0,0.0,0.0,33.93894751767888,0.0,0.0,0.0,0.0
309,3,16.63005133453213,0.03447264,17.251090595987936,1.165701734450078,0.0,3.0,0.0,0.0,0.0,0.0,16.63005133453213,0.0,0.0,0.0,0.0
309,4,37.0,0.04904832,38.38174273858937,3.1529956846473155,0.0,5.0,0.0,0.0,0.0,0.0,37.0,0.0,0.0,0.0,0.0
309,5,37.0,0.0902304,38.38174273859274,4.733635684647739,0.0,5.0,0.0,0.0,0.0,0.0,37.0,0.0,0.0,0.0,0.0
309,6,0.0,0.08224848,0.0,0.0,0.0,0.0,0.0,0.0,0.0,0.0,0.0,0.0,0.0,0.0,0.0
309,7,7.4,0.13002432,7.676348547717948,1.2521991369294778,0.0,1.0,0.0,0.0,0.0,0.0,7.4,0.0,0.0,0.0,0.0
309,8,37.97223696484466,0.1738670399999999,39.39028730793049,8.152491168871938,0.0,6.0,0.0,0.0,0.0,0.0,37.972236964844676,0.0,0.0,0.0,0.0
309,9,18.617240190512202,0.22141152,19.312489824183135,4.915251140137382,0.0,3.0,0.0,0.0,0.0,0.0,18.617240190512202,0.0,0.0,0.0,0.0
309,10,7.4,0.27520272,7.676348547717986,2.366639136929505,0.0,1.0,0.0,0.0,0.0,0.0,7.4,0.0,0.0,0.0,0.0
309,11,0.0,0.31650048,0.0,0.0,0.0,0.0,0.0,0.0,0.0,0.0,0.0,0.0,0.0,0.0,0.0
309,12,0.0,0.33616608,0.0,0.0,0.0,0.0,0.0,0.0,0.0,0.0,0.0,0.0,0.0,0.0,0.0
309,13,0.0,0.33524064,0.0,0.0,0.0,0.0,0.0,0.0,0.0,0.0,0.0,0.0,0.0,0.0,0.0
309,14,0.0,0.36971328,0.0,0.0,0.0,0.0,0.0,0.0,0.0,0.0,0.0,0.0,0.0,0.0,0.0
309,15,0.0,0.3922708799999999,0.0,0.0,0.0,1.0,0.0,0.0,0.0,0.0,0.0,0.0,0.0,0.0,0.0
309,16,0.0,0.48735984,0.0,0.0,0.0,0.0,0.0,0.0,0.0,0.0,0.0,0.0,0.0,0.0,0.0
309,17,0.0,0.5616264,0.0,0.0,0.0,0.0,0.0,0.0,0.0,0.0,0.0,0.0,0.0,0.0,0.0
309,18,0.0,0.540804,0.0,0.0,0.0,0.0,0.0,0.0,0.0,0.0,0.0,0.0,0.0,0.0,0.0
309,19,35.48070259346972,0.5182464,36.80570808451189,20.292694651846524,0.0,6.0,0.0,0.0,0.0,0.0,35.48070259346972,0.0,0.0,0.0,0.0
309,20,36.40143397209251,0.425124,37.76082362250443,17.302915643598467,0.0,6.0,0.0,0.0,0.0,0.0,36.401433972092526,0.0,0.0,0.0,0.0
309,21,43.801433972092205,0.34923792,45.43717217022082,17.372353898244114,0.0,6.0,0.0,0.0,0.0,0.0,43.801433972092205,0.0,0.0,0.0,0.0
309,22,14.8,0.3106008,15.352697095435797,5.27673427385896,0.0,2.0,0.0,0.0,0.0,0.0,14.8,0.0,0.0,0.0,0.0
309,23,29.6,0.2502158399999999,30.705394190871868,8.699324547717982,0.0,4.0,0.0,0.0,0.0,0.0,29.6,0.0,0.0,0.0,0.0
310,0,43.80143397209251,0.219792,45.43717217022164,11.490697344471695,0.0,6.0,0.0,0.0,0.0,0.0,43.801433972092525,0.0,0.0,0.0,0.0
310,1,28.223936291055388,0.19642464,29.277942210638685,6.720009145837649,0.0,4.0,0.0,0.0,0.0,0.0,28.223936291055388,0.0,0.0,0.0,0.0
310,2,43.80143397209257,0.19561488,45.43717217022107,10.392157380451449,0.0,6.0,0.0,0.0,0.0,0.0,43.80143397209257,0.0,0.0,0.0,0.0
310,3,37.25380866268028,0.19295424,38.645029733071475,8.735872826086874,0.0,6.0,0.0,0.0,0.0,0.0,37.25380866268028,0.0,0.0,0.0,0.0
310,4,29.6,0.1959619199999999,30.705394190871893,7.033436547717959,0.0,5.0,0.0,0.0,0.0,0.0,29.6,0.0,0.0,0.0,0.0
310,5,39.414970922749355,0.29336448,40.88689929745825,13.34812031795707,0.0,6.0,0.0,0.0,0.0,0.0,39.41497092274937,0.0,0.0,0.0,0.0
310,6,36.81118849186008,0.69604656,38.18588017827849,27.843103172563946,0.0,6.0,0.0,0.0,0.0,0.0,36.81118849186009,0.0,0.0,0.0,0.0
310,7,37.0,0.803976,38.38174273858985,32.12843568464784,0.0,5.0,0.0,0.0,0.0,0.0,37.0,0.0,0.0,0.0,0.0
310,8,0.0,0.9613008,0.0,0.0,0.0,0.0,0.0,0.0,0.0,0.0,0.0,0.0,0.0,0.0,0.0
310,9,0.0,0.84261312,0.0,0.0,0.0,0.0,0.0,0.0,0.0,0.0,0.0,0.0,0.0,0.0,0.0
310,10,0.0,0.71629056,0.0,0.0,0.0,0.0,0.0,0.0,0.0,0.0,0.0,0.0,0.0,0.0,0.0
310,11,0.0,0.6533606399999999,0.0,0.0,0.0,0.0,0.0,0.0,0.0,0.0,0.0,0.0,0.0,0.0,0.0
310,12,0.0,0.6715224,0.0,0.0,0.0,0.0,0.0,0.0,0.0,0.0,0.0,0.0,0.0,0.0,0.0
310,13,0.0,0.7748246400000001,0.0,0.0,0.0,0.0,0.0,0.0,0.0,0.0,0.0,0.0,0.0,0.0,0.0
310,14,0.0,0.8999903999999999,0.0,0.0,0.0,0.0,0.0,0.0,0.0,0.0,0.0,0.0,0.0,0.0,0.0
310,15,22.200000000000003,1.04678832,23.029045643151797,24.868797410786513,0.0,3.0,0.0,0.0,0.0,0.0,22.200000000000003,0.0,0.0,0.0,0.0
310,16,0.0,1.25998656,0.0,0.0,0.0,0.0,0.0,0.0,0.0,0.0,0.0,0.0,0.0,0.0,0.0
310,17,0.0,1.54641024,0.0,0.0,0.0,0.0,0.0,0.0,0.0,0.0,0.0,0.0,0.0,0.0,0.0
310,18,43.80143397209252,1.6919356799999998,45.43717217022093,78.38074319193412,0.0,6.0,0.0,0.0,0.0,0.0,43.801433972092525,0.0,0.0,0.0,0.0
310,19,25.939675102774707,1.1045126399999998,26.908376662630168,30.611309413289085,0.0,4.0,0.0,0.0,0.0,0.0,25.939675102774707,0.0,0.0,0.0,0.0
310,20,43.80143397209037,0.90774096,45.43717217021915,42.749152684314275,0.0,7.0,0.0,0.0,0.0,0.0,43.80143397209025,0.0,0.0,0.0,0.0
310,21,43.80143397209252,0.78801216,45.43717217022106,37.309014584982094,0.0,6.0,0.0,0.0,0.0,0.0,43.801433972092525,0.0,0.0,0.0,0.0
310,22,29.6,0.52009728,30.705394190872944,16.986140547718716,0.0,4.0,0.0,0.0,0.0,0.0,29.6,0.0,0.0,0.0,0.0
310,23,43.80143397209251,0.4059211199999999,45.43717217022113,19.947878215803307,0.0,6.0,0.0,0.0,0.0,0.0,43.801433972092525,0.0,0.0,0.0,0.0
311,0,36.47090949393608,0.46630608,37.83289366590925,18.893977120748573,0.0,6.0,0.0,0.0,0.0,0.0,36.47090949393608,0.0,0.0,0.0,0.0
311,1,43.801433972092426,0.4348411200000001,45.43717217022101,21.261921234966053,0.0,6.0,0.0,0.0,0.0,0.0,43.801433972092426,0.0,0.0,0.0,0.0
311,2,21.81860832490316,0.40106256,22.63341112541877,9.826579715744296,0.0,3.0,0.0,0.0,0.0,0.0,21.81860832490302,0.0,0.0,0.0,0.0
311,3,37.16471887307772,0.41158944,38.552612938877694,17.143939858326277,0.0,6.0,0.0,0.0,0.0,0.0,37.16471887307772,0.0,0.0,0.0,0.0
311,4,37.0,0.46341408,38.381742738589764,19.057075684647575,0.0,5.0,0.0,0.0,0.0,0.0,37.0,0.0,0.0,0.0,0.0
311,5,43.80143397209252,0.57747456,45.43717217022174,27.742781405477384,0.0,6.0,0.0,0.0,0.0,0.0,43.801433972092525,0.0,0.0,0.0,0.0
311,6,41.41633885417822,0.99068352,42.963007110143785,43.984818649008034,0.0,6.0,0.0,0.0,0.0,0.0,41.41633885417822,0.0,0.0,0.0,0.0
311,7,22.200000000000003,1.48857024,23.029045643153882,35.04261341078892,0.0,3.0,0.0,0.0,0.0,0.0,22.200000000000003,0.0,0.0,0.0,0.0
311,8,7.4,1.5220017600000002,7.676348547717986,11.937503136929685,0.0,1.0,0.0,0.0,0.0,0.0,7.4,0.0,0.0,0.0,0.0
311,9,0.0,1.26403536,0.0,0.0,0.0,0.0,0.0,0.0,0.0,0.0,0.0,0.0,0.0,0.0,0.0
311,10,0.0,1.11469248,0.0,0.0,0.0,0.0,0.0,0.0,0.0,0.0,0.0,0.0,0.0,0.0,0.0
311,11,0.0,0.99693024,0.0,0.0,0.0,0.0,0.0,0.0,0.0,0.0,0.0,0.0,0.0,0.0,0.0
311,12,0.0,0.96639072,0.0,0.0,0.0,0.0,0.0,0.0,0.0,0.0,0.0,0.0,0.0,0.0,0.0
311,13,0.0,0.99380688,0.0,0.0,0.0,0.0,0.0,0.0,0.0,0.0,0.0,0.0,0.0,0.0,0.0
311,14,0.0,1.09282896,0.0,0.0,0.0,0.0,0.0,0.0,0.0,0.0,0.0,0.0,0.0,0.0,0.0
311,15,34.00068006662099,1.14534768,35.270415006867175,41.5643387374798,0.0,5.0,0.0,0.0,0.0,0.0,34.00068006662099,0.0,0.0,0.0,0.0
311,16,0.0,1.26808416,0.0,0.0,0.0,0.0,0.0,0.0,0.0,0.0,0.0,0.0,0.0,0.0,0.0
311,17,7.4,1.53704016,7.676348547717915,12.052943136929576,0.0,1.0,0.0,0.0,0.0,0.0,7.4,0.0,0.0,0.0,0.0
311,18,29.6,1.67435232,30.705394190874113,52.42799654772253,0.0,4.0,0.0,0.0,0.0,0.0,29.6,0.0,0.0,0.0,0.0
311,19,38.39892350233524,1.1362089599999998,39.83290819744371,46.576976458128364,0.0,6.0,0.0,0.0,0.0,0.0,38.398923502335144,0.0,0.0,0.0,0.0
311,20,40.85207980299666,0.98085072,42.37767614418805,42.9688752383263,0.0,6.0,0.0,0.0,0.0,0.0,40.85207980299668,0.0,0.0,0.0,0.0
311,21,37.0,0.93538848,38.38174273858974,37.172275684647815,0.0,5.0,0.0,0.0,0.0,0.0,37.0,0.0,0.0,0.0,0.0
311,22,41.21971105800756,0.7195296,42.75903636722833,32.18171643745251,0.0,6.0,0.0,0.0,0.0,0.0,41.21971105800756,0.0,0.0,0.0,0.0
311,23,30.669053918888757,0.5483231999999999,31.814371285154706,18.497613558602758,0.0,6.0,0.0,0.0,0.0,0.0,30.669053918888757,0.0,0.0,0.0,0.0
312,0,43.80143397209134,0.46167888,45.437172170219796,22.481353156748522,0.0,6.0,0.0,0.0,0.0,0.0,43.80143397209134,0.0,0.0,0.0,0.0
312,1,38.51110264907758,0.43241184,39.94927660692862,18.596861259960296,0.0,7.0,0.0,0.0,0.0,0.0,38.51110264907761,0.0,0.0,0.0,0.0
312,2,37.12296272303115,0.41598528,38.50929743053102,17.293958619193305,0.0,6.0,0.0,0.0,0.0,0.0,37.12296272303116,0.0,0.0,0.0,0.0
312,3,43.80143397209251,0.40811904,45.437172170221125,20.04774548525968,0.0,6.0,0.0,0.0,0.0,0.0,43.801433972092525,0.0,0.0,0.0,0.0
312,4,36.64790473975348,0.42847872,38.01649869269166,17.547606805454286,0.0,6.0,0.0,0.0,0.0,0.0,36.6479047397535,0.0,0.0,0.0,0.0
312,5,47.56146498192291,0.52669104,49.33761927585429,25.435321863827127,34.71397924013543,6.0,0.0,0.0,0.0,1.0,43.801433972092525,0.0,0.0,0.0,3.760031009830399
312,6,36.651277686655206,0.8693352,38.01999760026527,34.31058413839491,0.0,6.0,0.0,0.0,0.0,0.0,36.65127768665522,0.0,0.0,0.0,0.0
312,7,22.200000000000003,0.99403824,23.029045643153882,23.654013410788746,0.0,3.0,0.0,0.0,0.0,0.0,22.200000000000003,0.0,0.0,0.0,0.0
312,8,0.0,1.17843216,0.0,0.0,0.0,0.0,0.0,0.0,0.0,0.0,0.0,0.0,0.0,0.0,0.0
312,9,0.0,1.04956464,0.0,0.0,0.0,0.0,0.0,0.0,0.0,0.0,0.0,0.0,0.0,0.0,0.0
312,10,0.0,0.95702064,0.0,0.0,0.0,0.0,0.0,0.0,0.0,0.0,0.0,0.0,0.0,0.0,0.0
312,11,0.0,0.9121368,0.0,0.0,0.0,0.0,0.0,0.0,0.0,0.0,0.0,0.0,0.0,0.0,0.0
312,12,0.0,0.8758132799999998,0.0,0.0,0.0,0.0,0.0,0.0,0.0,0.0,0.0,0.0,0.0,0.0,0.0
312,13,0.0,0.88009344,0.0,0.0,0.0,0.0,0.0,0.0,0.0,0.0,0.0,0.0,0.0,0.0,0.0
312,14,0.0,0.93203376,0.0,0.0,0.0,0.0,0.0,0.0,0.0,0.0,0.0,0.0,0.0,0.0,0.0
312,15,30.47364140963805,0.93099264,31.611661213316275,22.202133410787223,76.38527857445915,3.0,0.0,0.0,0.0,1.0,22.200000000000003,0.0,0.0,0.0,8.273641409638046
312,16,0.0,0.95748336,0.0,0.0,0.0,0.0,0.0,0.0,0.0,0.0,0.0,0.0,0.0,0.0,0.0
312,17,0.0,0.98316432,0.0,0.0,0.0,0.0,0.0,0.0,0.0,0.0,0.0,0.0,0.0,0.0,0.0
312,18,29.6,0.90820368,30.70539419087183,28.903100547718275,0.0,4.0,0.0,0.0,0.0,0.0,29.6,0.0,0.0,0.0,0.0
312,19,43.801433972095424,0.8401838399999999,45.437172170223825,39.67954819155419,0.0,7.0,0.0,0.0,0.0,0.0,43.80143397209545,0.0,0.0,0.0,0.0
312,20,29.63181236012196,0.685404,30.73839456444222,22.08565944813,0.0,7.0,0.0,0.0,0.0,0.0,29.63181236012197,0.0,0.0,0.0,0.0
312,21,29.6,0.5907777599999999,30.70539419087183,19.156412547718126,0.0,5.0,0.0,0.0,0.0,0.0,29.6,0.0,0.0,0.0,0.0
312,22,37.0,0.4615632,38.381742738591406,18.98603568464839,0.0,5.0,0.0,0.0,0.0,0.0,37.0,0.0,0.0,0.0,0.0
312,23,22.200000000000003,0.35490624,23.029045643153882,8.93541341078852,0.0,3.0,0.0,0.0,0.0,0.0,22.200000000000003,0.0,0.0,0.0,0.0
313,0,42.18877506369317,0.38486736,43.764289485159395,18.29204453838783,0.0,6.0,0.0,0.0,0.0,0.0,42.18877506369317,0.0,0.0,0.0,0.0
313,1,43.80143397209251,0.34033056,45.43717217022114,16.967628648342096,0.0,6.0,0.0,0.0,0.0,0.0,43.801433972092525,0.0,0.0,0.0,0.0
313,2,36.063151958843136,0.31499664,37.4099086709995,13.022263511081793,0.0,7.0,0.0,0.0,0.0,0.0,36.063151958842994,0.0,0.0,0.0,0.0
313,3,37.0,0.29590944,38.381742738589814,12.627955684647503,0.0,5.0,0.0,0.0,0.0,0.0,37.0,0.0,0.0,0.0,0.0
313,4,43.80143397208968,0.29625648,45.43717217021763,14.965027087136837,0.0,6.0,0.0,0.0,0.0,0.0,43.80143397208968,0.0,0.0,0.0,0.0
313,5,43.80143397209252,0.30817152,45.43717217022122,15.506412811033094,0.0,6.0,0.0,0.0,0.0,0.0,43.801433972092525,0.0,0.0,0.0,0.0
313,6,38.46985798213768,0.3655488,39.90649168271587,15.908675021524662,0.0,6.0,0.0,0.0,0.0,0.0,38.46985798213768,0.0,0.0,0.0,0.0
313,7,36.60992865875564,0.4187616,37.97710441779724,17.16039516559293,0.0,5.0,0.0,0.0,0.0,0.0,36.60992865875565,0.0,0.0,0.0,0.0
313,8,3.5503360994838866,0.4268592,3.682921265024779,0.0,32.777999258720534,0.0,0.0,0.0,0.0,1.0,0.0,0.0,0.0,0.0,3.5503360994838866
313,9,0.0,0.44236032,0.0,0.0,0.0,0.0,0.0,0.0,0.0,0.0,0.0,0.0,0.0,0.0,0.0
313,10,0.0,0.44224464,0.0,0.0,0.0,0.0,0.0,0.0,0.0,0.0,0.0,0.0,0.0,0.0,0.0
313,11,0.0,0.47394096,0.0,0.0,0.0,0.0,0.0,0.0,0.0,0.0,0.0,0.0,0.0,0.0,0.0
313,12,4.068464141010601,0.48388944,4.22039848652552,0.0,37.56154653007713,0.0,0.0,0.0,0.0,1.0,0.0,0.0,0.0,0.0,4.068464141010601
313,13,1.910998121356383,0.54554688,1.9823631964277832,0.0,17.643032448207272,0.0,0.0,0.0,0.0,1.0,0.0,0.0,0.0,0.0,1.910998121356383
313,14,0.0,0.58904256,0.0,0.0,0.0,0.0,0.0,0.0,0.0,0.0,0.0,0.0,0.0,0.0,0.0
313,15,14.8,0.60489072,15.352697095435502,9.794878273858805,0.0,2.0,0.0,0.0,0.0,0.0,14.8,0.0,0.0,0.0,0.0
313,16,0.0,1.06437168,0.0,0.0,0.0,0.0,0.0,0.0,0.0,0.0,0.0,0.0,0.0,0.0,0.0
313,17,22.200000000000003,1.0920192,23.029045643153882,25.91042141078878,0.0,3.0,0.0,0.0,0.0,0.0,22.200000000000003,0.0,0.0,0.0,0.0
313,18,32.08833567130977,1.08068256,33.286655260695134,37.074096110094494,0.0,5.0,0.0,0.0,0.0,0.0,32.08833567130977,0.0,0.0,0.0,0.0
313,19,35.700677581400726,0.98085072,37.03389790601775,37.55054744621319,0.0,7.0,0.0,0.0,0.0,0.0,35.70067758140074,0.0,0.0,0.0,0.0
313,20,42.86965273067101,0.45034224,44.470594118953954,21.498963634997928,0.0,6.0,0.0,0.0,0.0,0.0,42.86965273067101,0.0,0.0,0.0,0.0
313,21,22.200000000000003,0.42951984,23.02904564315392,10.653693410788563,0.0,3.0,0.0,0.0,0.0,0.0,22.200000000000003,0.0,0.0,0.0,0.0
313,22,43.80143397209251,0.38382624,45.437172170220855,18.94394934916282,0.0,6.0,0.0,0.0,0.0,0.0,43.801433972092525,0.0,0.0,0.0,0.0
313,23,36.40143397209251,0.32922528,37.760823622502315,13.681700992053766,0.0,6.0,0.0,0.0,0.0,0.0,36.401433972092526,0.0,0.0,0.0,0.0
314,0,15.893557153464611,0.32135904,16.487092482847572,5.843998973861366,0.0,3.0,0.0,0.0,0.0,0.0,15.893557153464508,0.0,0.0,0.0,0.0
314,1,42.69909850778868,0.2894313599999999,44.29367065123503,14.286097834534916,0.0,6.0,0.0,0.0,0.0,0.0,42.6990985077886,0.0,0.0,0.0,0.0
314,2,43.8014339720908,0.27427728,45.437172170219576,13.966354392573791,0.0,6.0,0.0,0.0,0.0,0.0,43.8014339720908,0.0,0.0,0.0,0.0
314,3,43.80143397209251,0.26328768,45.43717217022298,13.467018045292958,0.0,6.0,0.0,0.0,0.0,0.0,43.801433972092525,0.0,0.0,0.0,0.0
314,4,43.80143397209251,0.26004864,45.4371721702212,13.319845227146192,0.0,6.0,0.0,0.0,0.0,0.0,43.801433972092525,0.0,0.0,0.0,0.0
314,5,43.8014339720925,0.28885296,45.43717217022097,14.628632074232266,0.0,7.0,0.0,0.0,0.0,0.0,43.801433972092525,0.0,0.0,0.0,0.0
314,6,42.80829875518672,0.34704,44.40694891616963,16.880857560992723,0.0,6.0,0.0,0.0,0.0,0.0,42.80829875518661,0.0,0.0,0.0,0.0
314,7,7.4,0.725892,7.676348547717948,5.826287136929541,0.0,1.0,0.0,0.0,0.0,0.0,7.4,0.0,0.0,0.0,0.0
314,8,0.0,0.94441152,0.0,0.0,0.0,0.0,0.0,0.0,0.0,0.0,0.0,0.0,0.0,0.0,0.0
314,9,0.0,0.92740656,0.0,0.0,0.0,0.0,0.0,0.0,0.0,0.0,0.0,0.0,0.0,0.0,0.0
314,10,0.9344355706826051,0.91456608,0.9693315048574742,0.0,8.62705039323152,0.0,0.0,0.0,0.0,1.0,0.0,0.0,0.0,0.0,0.9344355706826051
314,11,0.0,0.90253536,0.0,0.0,0.0,0.0,0.0,0.0,0.0,0.0,0.0,0.0,0.0,0.0,0.0
314,12,0.4222992950728579,0.80976,0.4380698081668651,0.0,3.8988212926850996,0.0,0.0,0.0,0.0,1.0,0.0,0.0,0.0,0.0,0.4222992950728579
314,13,0.0,0.6025771200000001,0.0,0.0,0.0,0.0,0.0,0.0,0.0,0.0,0.0,0.0,0.0,0.0,0.0
314,14,0.0,0.5205599999999999,0.0,0.0,0.0,0.0,0.0,0.0,0.0,0.0,0.0,0.0,0.0,0.0,0.0
314,15,0.0,1.01809968,0.0,0.0,0.0,0.0,0.0,0.0,0.0,0.0,0.0,0.0,0.0,0.0,0.0
314,16,0.0,0.49777104,0.0,0.0,0.0,0.0,0.0,0.0,0.0,0.0,0.0,0.0,0.0,0.0,0.0
314,17,0.0,0.49777104,0.0,0.0,0.0,0.0,0.0,0.0,0.0,0.0,0.0,0.0,0.0,0.0,0.0
314,18,14.8,0.38764368,15.352697095435918,6.459550273859019,0.0,2.0,0.0,0.0,0.0,0.0,14.8,0.0,0.0,0.0,0.0
314,19,42.808298755186826,0.32251584,44.40694891616944,15.791814440660684,0.0,6.0,0.0,0.0,0.0,0.0,42.808298755186826,0.0,0.0,0.0,0.0
314,20,39.03749841245016,0.28700208,40.49533030337208,12.962639460396433,0.0,6.0,0.0,0.0,0.0,0.0,39.03749841245018,0.0,0.0,0.0,0.0
314,21,14.74792958207519,0.26282496,15.298682139082018,4.527261900060561,0.0,3.0,0.0,0.0,0.0,0.0,14.74792958207519,0.0,0.0,0.0,0.0
314,22,43.80143397209252,0.25472736,45.437172170221096,13.078061311620209,0.0,6.0,0.0,0.0,0.0,0.0,43.801433972092525,0.0,0.0,0.0,0.0
314,23,36.4014339720933,0.22511328,37.76082362250085,9.750346123067427,0.0,6.0,0.0,0.0,0.0,0.0,36.401433972093315,0.0,0.0,0.0,0.0
315,0,36.40143397209252,0.23355792,37.76082362250257,10.069222684663401,0.0,6.0,0.0,0.0,0.0,0.0,36.401433972092526,0.0,0.0,0.0,0.0
315,1,43.80143397209021,0.23448336,45.43717217021805,12.158231198205435,0.0,6.0,0.0,0.0,0.0,0.0,43.80143397209021,0.0,0.0,0.0,0.0
315,2,29.6,0.23147568,30.705394190871665,8.12390054771792,0.0,4.0,0.0,0.0,0.0,0.0,29.6,0.0,0.0,0.0,0.0
315,3,40.58389862833573,0.2284679999999999,42.09947990491309,11.011876759768302,0.0,6.0,0.0,0.0,0.0,0.0,40.583898628335746,0.0,0.0,0.0,0.0
315,4,37.0,0.2336735999999999,38.3817427385895,10.239235684647376,0.0,5.0,0.0,0.0,0.0,0.0,37.0,0.0,0.0,0.0,0.0
315,5,22.200000000000003,0.23633424,23.029045643154326,6.2048134107885975,0.0,3.0,0.0,0.0,0.0,0.0,22.200000000000003,0.0,0.0,0.0,0.0
315,6,43.80143397209251,0.242928,45.437172170223654,12.541931759802495,0.0,6.0,0.0,0.0,0.0,0.0,43.801433972092525,0.0,0.0,0.0,0.0
315,7,20.936863787841396,0.25981728,21.718738369130293,6.361793768117282,0.0,3.0,0.0,0.0,0.0,0.0,20.936863787841396,0.0,0.0,0.0,0.0
315,8,41.528232091642614,0.29417424,43.07907893324148,14.098672817776617,0.0,6.0,0.0,0.0,0.0,0.0,41.52823209164263,0.0,0.0,0.0,0.0
315,9,29.6,0.32887824,30.705394190871793,11.114684547717996,0.0,5.0,0.0,0.0,0.0,0.0,29.6,0.0,0.0,0.0,0.0
315,10,0.0,0.3279528,0.0,0.0,0.0,0.0,0.0,0.0,0.0,0.0,0.0,0.0,0.0,0.0,0.0
315,11,0.0,0.3350092799999999,0.0,0.0,0.0,0.0,0.0,0.0,0.0,0.0,0.0,0.0,0.0,0.0,0.0
315,12,0.0,0.33558768,0.0,0.0,0.0,0.0,0.0,0.0,0.0,0.0,0.0,0.0,0.0,0.0,0.0
315,13,0.0,0.3462302399999999,0.0,0.0,0.0,0.0,0.0,0.0,0.0,0.0,0.0,0.0,0.0,0.0,0.0
315,14,0.0,0.33477792,0.0,0.0,0.0,0.0,0.0,0.0,0.0,0.0,0.0,0.0,0.0,0.0,0.0
315,15,22.200000000000003,0.33072912,23.02904564315429,8.37863741078866,0.0,3.0,0.0,0.0,0.0,0.0,22.200000000000003,0.0,0.0,0.0,0.0
315,16,0.0,0.35710416,0.0,0.0,0.0,0.0,0.0,0.0,0.0,0.0,0.0,0.0,0.0,0.0,0.0
315,17,0.0,0.39666672,0.0,0.0,0.0,0.0,0.0,0.0,0.0,0.0,0.0,0.0,0.0,0.0,0.0
315,18,7.4,0.36925056,7.676348547717948,3.0885831369295036,0.0,1.0,0.0,0.0,0.0,0.0,7.4,0.0,0.0,0.0,0.0
315,19,39.53829805381583,0.3429912,41.01483200603604,15.4253173869485,0.0,6.0,0.0,0.0,0.0,0.0,39.53829805381584,0.0,0.0,0.0,0.0
315,20,42.27954141407931,0.29509968,43.85844545029028,14.394327762082726,0.0,6.0,0.0,0.0,0.0,0.0,42.27954141407933,0.0,0.0,0.0,0.0
315,21,29.6,0.2868864,30.70539419087398,9.825308547718677,0.0,4.0,0.0,0.0,0.0,0.0,29.6,0.0,0.0,0.0,0.0
315,22,43.80143397209251,0.26594832,45.43717217022457,13.587910003056411,0.0,6.0,0.0,0.0,0.0,0.0,43.801433972092525,0.0,0.0,0.0,0.0
315,23,22.200000000000003,0.2402673599999999,23.02904564315405,6.2953894107885215,0.0,3.0,0.0,0.0,0.0,0.0,22.200000000000003,0.0,0.0,0.0,0.0
316,0,40.4447318641147,0.25310784,41.955116041613266,12.007883139219482,0.0,6.0,0.0,0.0,0.0,0.0,40.4447318641147,0.0,0.0,0.0,0.0
316,1,24.547413453637773,0.2475552,25.464121839873563,7.146638207794082,0.0,5.0,0.0,0.0,0.0,0.0,24.54741345363778,0.0,0.0,0.0,0.0
316,2,33.16357593883309,0.24373776,34.40204972908043,9.523786386407235,0.0,5.0,0.0,0.0,0.0,0.0,33.16357593883295,0.0,0.0,0.0,0.0
316,3,7.4,0.24038304,7.676348547717948,2.0993511369294895,0.0,1.0,0.0,0.0,0.0,0.0,7.4,0.0,0.0,0.0,0.0
316,4,22.200000000000003,0.24130848,23.029045643153957,6.3193654107885004,0.0,3.0,0.0,0.0,0.0,0.0,22.200000000000003,0.0,0.0,0.0,0.0
316,5,41.45647639961502,0.2469768,43.0046435680658,12.044602955684452,0.0,6.0,0.0,0.0,0.0,0.0,41.456476399615035,0.0,0.0,0.0,0.0
316,6,22.200000000000003,0.23725968,23.029045643153893,6.22612541078848,0.0,3.0,0.0,0.0,0.0,0.0,22.200000000000003,0.0,0.0,0.0,0.0
316,7,35.80286794418501,0.2504472,37.13990450641643,10.530915931061761,0.0,6.0,0.0,0.0,0.0,0.0,35.802867944185024,0.0,0.0,0.0,0.0
316,8,34.67776035131439,0.2640974399999999,35.97278044742181,10.691018258655813,0.0,6.0,0.0,0.0,0.0,0.0,34.67776035131439,0.0,0.0,0.0,0.0
316,9,36.40143397209251,0.29081952,37.76082362250315,12.231467862605882,0.0,6.0,0.0,0.0,0.0,0.0,36.401433972092526,0.0,0.0,0.0,0.0
316,10,0.0,0.3348936,0.0,0.0,0.0,0.0,0.0,0.0,0.0,0.0,0.0,0.0,0.0,0.0,0.0
316,11,0.0,0.35270832,0.0,0.0,0.0,0.0,0.0,0.0,0.0,0.0,0.0,0.0,0.0,0.0,0.0
316,12,0.0,0.3615,0.0,0.0,0.0,0.0,0.0,0.0,0.0,0.0,0.0,0.0,0.0,0.0,0.0
316,13,0.0,0.36971328,0.0,0.0,0.0,0.0,0.0,0.0,0.0,0.0,0.0,0.0,0.0,0.0,0.0
316,14,0.0,0.37630704,0.0,0.0,0.0,0.0,0.0,0.0,0.0,0.0,0.0,0.0,0.0,0.0,0.0
316,15,29.6,0.39111408,30.705394190871562,13.025660547717923,0.0,4.0,0.0,0.0,0.0,0.0,29.6,0.0,0.0,0.0,0.0
316,16,0.0,0.43056096,0.0,0.0,0.0,0.0,0.0,0.0,0.0,0.0,0.0,0.0,0.0,0.0,0.0
316,17,0.0,0.46272,0.0,0.0,0.0,0.0,0.0,0.0,0.0,0.0,0.0,0.0,0.0,0.0,0.0
316,18,14.8,0.46283568,15.352697095436023,7.613950273859089,0.0,2.0,0.0,0.0,0.0,0.0,14.8,0.0,0.0,0.0,0.0
316,19,29.6,0.45207744,30.705394190873463,14.897564547718856,0.0,4.0,0.0,0.0,0.0,0.0,29.6,0.0,0.0,0.0,0.0
316,20,43.406864783094186,0.4269748799999999,45.027868032255604,20.71619098159583,0.0,6.0,0.0,0.0,0.0,0.0,43.40686478309419,0.0,0.0,0.0,0.0
316,21,43.80143397209252,0.42315744,45.437172170221125,20.731047855224336,0.0,6.0,0.0,0.0,0.0,0.0,43.801433972092525,0.0,0.0,0.0,0.0
316,22,42.91452188361259,0.39631968,44.51713888341591,19.116535533832014,0.0,6.0,0.0,0.0,0.0,0.0,42.91452188361259,0.0,0.0,0.0,0.0
316,23,41.150076722802076,0.3829008,42.68680157967046,17.757743606584175,0.0,6.0,0.0,0.0,0.0,0.0,41.15007672280208,0.0,0.0,0.0,0.0
317,0,43.80143397209251,0.40464864,45.43717217022069,19.890060322959954,0.0,6.0,0.0,0.0,0.0,0.0,43.801433972092525,0.0,0.0,0.0,0.0
317,1,43.80143397209251,0.40383888,45.43717217022109,19.853267118423574,0.0,6.0,0.0,0.0,0.0,0.0,43.801433972092525,0.0,0.0,0.0,0.0
317,2,6.128304681793825,0.4049956799999999,6.357162532981147,2.7850454427568976,0.0,1.0,0.0,0.0,0.0,0.0,6.128304681793825,0.0,0.0,0.0,0.0
317,3,37.0,0.41517552,38.38174273858998,17.20559568464765,0.0,5.0,0.0,0.0,0.0,0.0,37.0,0.0,0.0,0.0,0.0
317,4,43.80143397209252,0.4517304,45.43717217022195,22.029322358157575,0.0,6.0,0.0,0.0,0.0,0.0,43.801433972092525,0.0,0.0,0.0,0.0
317,5,26.37969199190961,0.49476336,27.364825717748833,14.444888849185311,0.0,4.0,0.0,0.0,0.0,0.0,26.37969199190961,0.0,0.0,0.0,0.0
317,6,42.45941652411704,0.96546528,44.04503788808879,43.98184559132999,0.0,6.0,0.0,0.0,0.0,0.0,42.45941652411704,0.0,0.0,0.0,0.0
317,7,29.306694797922063,1.1035872,30.401135682491912,34.556581795751825,0.0,4.0,0.0,0.0,0.0,0.0,29.306694797922063,0.0,0.0,0.0,0.0
317,8,7.4,1.37925264,7.676348547717948,10.841711136929609,0.0,1.0,0.0,0.0,0.0,0.0,7.4,0.0,0.0,0.0,0.0
317,9,0.0,1.414188,0.0,0.0,0.0,0.0,0.0,0.0,0.0,0.0,0.0,0.0,0.0,0.0,0.0
317,10,0.0,1.33506288,0.0,0.0,0.0,0.0,0.0,0.0,0.0,0.0,0.0,0.0,0.0,0.0,0.0
317,11,0.0,1.13007792,0.0,0.0,0.0,0.0,0.0,0.0,0.0,0.0,0.0,0.0,0.0,0.0,0.0
317,12,0.0,1.04192976,0.0,0.0,0.0,0.0,0.0,0.0,0.0,0.0,0.0,0.0,0.0,0.0,0.0
317,13,0.0,1.03892208,0.0,0.0,0.0,0.0,0.0,0.0,0.0,0.0,0.0,0.0,0.0,0.0,0.0
317,14,0.0,0.97078656,0.0,0.0,0.0,0.0,0.0,0.0,0.0,0.0,0.0,0.0,0.0,0.0,0.0
317,15,43.801433972092525,0.92694384,45.437172170221174,43.62167724904027,0.0,6.0,0.0,0.0,0.0,0.0,43.801433972092525,0.0,0.0,0.0,0.0
317,16,0.0,0.91005456,0.0,0.0,0.0,0.0,0.0,0.0,0.0,0.0,0.0,0.0,0.0,0.0,0.0
317,17,0.0,0.92879472,0.0,0.0,0.0,0.0,0.0,0.0,0.0,0.0,0.0,0.0,0.0,0.0,0.0
317,18,22.200000000000003,0.92544,23.029045643155598,22.074261410790367,0.0,3.0,0.0,0.0,0.0,0.0,22.200000000000003,0.0,0.0,0.0,0.0
317,19,42.13212572654946,0.84862848,43.70552461260375,38.5364057842737,0.0,6.0,0.0,0.0,0.0,0.0,42.13212572654946,0.0,0.0,0.0,0.0
317,20,43.80143397209251,0.53860608,45.43717217022267,25.97670758772309,0.0,6.0,0.0,0.0,0.0,0.0,43.801433972092525,0.0,0.0,0.0,0.0
317,21,40.192031936545305,0.49696128,41.69297918728817,22.099833915027318,0.0,6.0,0.0,0.0,0.0,0.0,40.19203193654532,0.0,0.0,0.0,0.0
317,22,43.801433972092504,0.43160208,45.43717217022135,21.114748416819975,0.0,6.0,0.0,0.0,0.0,0.0,43.801433972092525,0.0,0.0,0.0,0.0
317,23,43.80143397209252,0.34715568,45.43717217022095,17.27774280086444,0.0,6.0,0.0,0.0,0.0,0.0,43.801433972092525,0.0,0.0,0.0,0.0
318,0,43.80143397209252,0.42581808,45.43717217022261,20.851939812987993,0.0,6.0,0.0,0.0,0.0,0.0,43.801433972092525,0.0,0.0,0.0,0.0
318,1,43.80143397209251,0.41448144,45.437172170222865,20.336834949476273,0.0,6.0,0.0,0.0,0.0,0.0,43.801433972092525,0.0,0.0,0.0,0.0
318,2,34.27779867796304,0.40395456,35.557882446018546,15.540734666976357,0.0,5.0,0.0,0.0,0.0,0.0,34.27779867796304,0.0,0.0,0.0,0.0
318,3,40.09350326349018,0.39840192,41.59077102021864,17.946497549504702,0.0,7.0,0.0,0.0,0.0,0.0,40.09350326349019,0.0,0.0,0.0,0.0
318,4,43.80143397209251,0.39631968,45.43717217022126,19.511615933441316,0.0,6.0,0.0,0.0,0.0,0.0,43.801433972092525,0.0,0.0,0.0,0.0
318,5,43.426900369701855,0.4228104,45.048651835790885,20.538148877916157,0.0,6.0,0.0,0.0,0.0,0.0,43.42690036970187,0.0,0.0,0.0,0.0
318,6,41.158443750954866,0.5390688,42.6954810694554,24.429022168933013,0.0,7.0,0.0,0.0,0.0,0.0,41.15844375095489,0.0,0.0,0.0,0.0
318,7,22.200000000000003,0.8308137599999998,23.029045643154475,19.895109410789196,0.0,3.0,0.0,0.0,0.0,0.0,22.200000000000003,0.0,0.0,0.0,0.0
318,8,0.0,0.92763792,0.0,0.0,0.0,0.0,0.0,0.0,0.0,0.0,0.0,0.0,0.0,0.0,0.0
318,9,0.0,0.88506768,0.0,0.0,0.0,0.0,0.0,0.0,0.0,0.0,0.0,0.0,0.0,0.0,0.0
318,10,0.0,0.8400681600000001,0.0,0.0,0.0,0.0,0.0,0.0,0.0,0.0,0.0,0.0,0.0,0.0,0.0
318,11,0.0,0.83104512,0.0,0.0,0.0,0.0,0.0,0.0,0.0,0.0,0.0,0.0,0.0,0.0,0.0
318,12,0.0,0.847356,0.0,0.0,0.0,0.0,0.0,0.0,0.0,0.0,0.0,0.0,0.0,0.0,0.0
318,13,9.835716628693534,0.8478187200000001,10.203025548437276,0.0,90.80692738109177,0.0,0.0,0.0,0.0,1.0,0.0,0.0,0.0,0.0,9.835716628693534
318,14,0.0,0.91468176,0.0,0.0,0.0,0.0,0.0,0.0,0.0,0.0,0.0,0.0,0.0,0.0,0.0
318,15,37.0,0.994848,38.38174273858996,39.454435684648075,0.0,5.0,0.0,0.0,0.0,0.0,37.0,0.0,0.0,0.0,0.0
318,16,0.0,1.02515616,0.0,0.0,0.0,0.0,0.0,0.0,0.0,0.0,0.0,0.0,0.0,0.0,0.0
318,17,0.0,1.1012736,0.0,0.0,0.0,0.0,0.0,0.0,0.0,0.0,0.0,0.0,0.0,0.0,0.0
318,18,22.200000000000003,1.07917872,23.02904564315402,25.614717410788927,0.0,3.0,0.0,0.0,0.0,0.0,22.200000000000003,0.0,0.0,0.0,0.0
318,19,43.80143397209263,1.0220328,45.43717217022122,47.94225069604759,0.0,6.0,0.0,0.0,0.0,0.0,43.80143397209263,0.0,0.0,0.0,0.0
318,20,40.23423272126292,0.92474592,41.73675593492056,39.97738138629945,0.0,6.0,0.0,0.0,0.0,0.0,40.23423272126282,0.0,0.0,0.0,0.0
318,21,42.96728098822975,0.81045408,44.57186824505248,37.59878131133646,0.0,6.0,0.0,0.0,0.0,0.0,42.96728098822975,0.0,0.0,0.0,0.0
318,22,38.52970995414216,0.71733168,39.96857879060462,29.993687729045796,0.0,6.0,0.0,0.0,0.0,0.0,38.52970995414218,0.0,0.0,0.0,0.0
318,23,43.80143397209251,0.6243249599999999,45.43717217022258,29.871531096521693,0.0,6.0,0.0,0.0,0.0,0.0,43.801433972092525,0.0,0.0,0.0,0.0
319,0,43.801433972092234,0.9381648,45.437172170220684,44.131525940474965,0.0,7.0,0.0,0.0,0.0,0.0,43.801433972092234,0.0,0.0,0.0,0.0
319,1,43.80143397209256,0.88402656,45.437172170221075,41.671637408602585,0.0,6.0,0.0,0.0,0.0,0.0,43.80143397209256,0.0,0.0,0.0,0.0
319,2,37.0,0.8433072,38.38174273858966,33.6380356846477,0.0,6.0,0.0,0.0,0.0,0.0,37.0,0.0,0.0,0.0,0.0
319,3,43.80143397209277,0.8177419199999999,45.43717217022102,38.65985080868142,0.0,7.0,0.0,0.0,0.0,0.0,43.80143397209279,0.0,0.0,0.0,0.0
319,4,43.20286794418168,0.8612376,44.816253054131,40.080860197424194,0.0,6.0,0.0,0.0,0.0,0.0,43.20286794418168,0.0,0.0,0.0,0.0
319,5,43.80143397209152,0.93330624,45.43717217022002,43.91076671325497,0.0,6.0,0.0,0.0,0.0,0.0,43.80143397209152,0.0,0.0,0.0,0.0
319,6,43.008849316912276,1.14164592,44.61498891795911,52.41127620221768,0.0,7.0,0.0,0.0,0.0,0.0,43.0088493169123,0.0,0.0,0.0,0.0
319,7,14.8,1.4134939199999998,15.352697095435934,22.20911827385928,0.0,2.0,0.0,0.0,0.0,0.0,14.8,0.0,0.0,0.0,0.0
319,8,7.233332929202847,1.4875291199999998,7.503457395438638,0.0,66.78077081940388,0.0,0.0,0.0,0.0,1.0,0.0,0.0,0.0,0.0,7.233332929202847
319,9,0.0,1.40308272,0.0,0.0,0.0,0.0,0.0,0.0,0.0,0.0,0.0,0.0,0.0,0.0,0.0
319,10,0.0,1.30463904,0.0,0.0,0.0,0.0,0.0,0.0,0.0,0.0,0.0,0.0,0.0,0.0,0.0
319,11,0.0,1.15494912,0.0,0.0,0.0,0.0,0.0,0.0,0.0,0.0,0.0,0.0,0.0,0.0,0.0
319,12,0.6401118975491508,1.12626048,0.664016491233559,0.0,5.909746771978675,0.0,0.0,0.0,0.0,1.0,0.0,0.0,0.0,0.0,0.6401118975491508
319,13,0.0,1.16940912,0.0,0.0,0.0,0.0,0.0,0.0,0.0,0.0,0.0,0.0,0.0,0.0,0.0
319,14,0.0,1.22933136,0.0,0.0,0.0,0.0,0.0,0.0,0.0,0.0,0.0,0.0,0.0,0.0,0.0
319,15,42.782037517417166,1.40215728,44.37970696827611,59.366043294032764,26.851814697937016,7.0,0.0,0.0,0.0,1.0,39.873593768112535,0.0,0.0,0.0,2.908443749304638
319,16,0.0,1.42240128,0.0,0.0,0.0,0.0,0.0,0.0,0.0,0.0,0.0,0.0,0.0,0.0,0.0
319,17,7.4,1.47885312,7.676348547717948,11.606279136929619,0.0,1.0,0.0,0.0,0.0,0.0,7.4,0.0,0.0,0.0,0.0
319,18,36.00686478309402,1.5026832,37.35151948453782,57.363836118825844,0.0,5.0,0.0,0.0,0.0,0.0,36.00686478309402,0.0,0.0,0.0,0.0
319,19,39.45977592414671,1.40065344,40.93337751467552,58.688370822484664,0.0,6.0,0.0,0.0,0.0,0.0,39.459775924146726,0.0,0.0,0.0,0.0
319,20,43.80143397209302,1.2713232,45.437172170222276,59.26930152123229,0.0,7.0,0.0,0.0,0.0,0.0,43.80143397209303,0.0,0.0,0.0,0.0
319,21,43.801433972092475,1.1278800000000002,45.437172170220805,52.75164814618295,0.0,6.0,0.0,0.0,0.0,0.0,43.80143397209248,0.0,0.0,0.0,0.0
319,22,43.80143397209252,1.06032288,45.43717217022033,49.682043653418155,0.0,6.0,0.0,0.0,0.0,0.0,43.801433972092525,0.0,0.0,0.0,0.0
319,23,43.711260550280855,0.97414128,45.34363127622538,45.67197720651329,0.0,7.0,0.0,0.0,0.0,0.0,43.711260550280876,0.0,0.0,0.0,0.0
320,0,43.04934868442275,0.98860128,44.65700070998272,45.62611478635025,0.0,6.0,0.0,0.0,0.0,0.0,43.04934868442276,0.0,0.0,0.0,0.0
320,1,43.80143397209252,0.963036,45.43717217022227,45.26160293695653,0.0,6.0,0.0,0.0,0.0,0.0,43.801433972092525,0.0,0.0,0.0,0.0
320,2,43.80143397209251,0.8728056000000001,45.43717217022142,41.16178871716774,0.0,6.0,0.0,0.0,0.0,0.0,43.801433972092525,0.0,0.0,0.0,0.0
320,3,29.6,0.8638982400000002,30.70539419087178,27.542684547718213,0.0,4.0,0.0,0.0,0.0,0.0,29.6,0.0,0.0,0.0,0.0
320,4,43.8014339720925,0.9381648,45.43717217022111,44.13152594047538,0.0,7.0,0.0,0.0,0.0,0.0,43.801433972092525,0.0,0.0,0.0,0.0
320,5,43.80143397209251,1.00676304,45.4371721702246,47.24843598193314,0.0,6.0,0.0,0.0,0.0,0.0,43.801433972092525,0.0,0.0,0.0,0.0
320,6,43.80143397209251,1.1550648,45.43717217022102,53.98684858419621,0.0,6.0,0.0,0.0,0.0,0.0,43.801433972092525,0.0,0.0,0.0,0.0
320,7,29.6,1.4679792,30.705394190871463,46.091228547717975,0.0,4.0,0.0,0.0,0.0,0.0,29.6,0.0,0.0,0.0,0.0
320,8,14.8,1.50372432,15.352697095435934,23.5943982738593,0.0,2.0,0.0,0.0,0.0,0.0,14.8,0.0,0.0,0.0,0.0
320,9,0.0,1.4875291199999998,0.0,0.0,0.0,0.0,0.0,0.0,0.0,0.0,0.0,0.0,0.0,0.0,0.0
320,10,1.266554126888844,1.3893167999999998,1.3138528287228675,0.0,11.693290175633521,0.0,0.0,0.0,0.0,1.0,0.0,0.0,0.0,0.0,1.266554126888844
320,11,0.0,1.34906016,0.0,0.0,0.0,0.0,0.0,0.0,0.0,0.0,0.0,0.0,0.0,0.0,0.0
320,12,0.0,1.41858384,0.0,0.0,0.0,0.0,0.0,0.0,0.0,0.0,0.0,0.0,0.0,0.0,0.0
320,13,0.0,1.5228115199999994,0.0,0.0,0.0,0.0,0.0,0.0,0.0,0.0,0.0,0.0,0.0,0.0,0.0
320,14,0.0,1.6576944,0.0,0.0,0.0,0.0,0.0,0.0,0.0,0.0,0.0,0.0,0.0,0.0,0.0
320,15,43.801433972092504,1.833528,45.43717217021956,84.81429781375259,0.0,6.0,0.0,0.0,0.0,0.0,43.801433972092525,0.0,0.0,0.0,0.0
320,16,0.0,1.83052032,0.0,0.0,0.0,0.0,0.0,0.0,0.0,0.0,0.0,0.0,0.0,0.0,0.0
320,17,0.0,2.10988752,0.0,0.0,0.0,0.0,0.0,0.0,0.0,0.0,0.0,0.0,0.0,0.0,0.0
320,18,29.6,1.6456636800000002,30.70539419087347,51.54710054772137,0.0,4.0,0.0,0.0,0.0,0.0,29.6,0.0,0.0,0.0,0.0
320,19,42.118264661000865,1.41384096,43.691145913901785,63.21850861216111,0.0,7.0,0.0,0.0,0.0,0.0,42.11826466100088,0.0,0.0,0.0,0.0
320,20,43.80143397209251,1.36051248,45.43717217022067,63.3218101923282,0.0,6.0,0.0,0.0,0.0,0.0,43.801433972092525,0.0,0.0,0.0,0.0
320,21,43.80143397209251,1.28705568,45.437172170221096,59.984140923655296,0.0,6.0,0.0,0.0,0.0,0.0,43.801433972092525,0.0,0.0,0.0,0.0
320,22,38.33344476210533,1.23395856,39.764984193055795,50.38456361007604,0.0,6.0,0.0,0.0,0.0,0.0,38.333444762105344,0.0,0.0,0.0,0.0
320,23,37.0,0.97657056,38.38174273858992,38.752915684648016,0.0,6.0,0.0,0.0,0.0,0.0,37.0,0.0,0.0,0.0,0.0
321,0,43.80143397209312,1.1232528,45.43717217022159,52.54140126311779,0.0,7.0,0.0,0.0,0.0,0.0,43.80143397209314,0.0,0.0,0.0,0.0
321,1,35.17904206889256,1.07327904,36.492782229141895,40.37484936960707,0.0,5.0,0.0,0.0,0.0,0.0,35.179042068892414,0.0,0.0,0.0,0.0
321,2,42.97046316508568,1.0170585600000002,44.575169258388144,46.81099556014516,0.0,6.0,0.0,0.0,0.0,0.0,42.970463165085555,0.0,0.0,0.0,0.0
321,3,17.80685903721634,1.03255968,18.471845474290472,19.684700937141834,0.0,3.0,0.0,0.0,0.0,0.0,17.80685903721634,0.0,0.0,0.0,0.0
321,4,43.18324488632536,1.07270064,44.79589718498537,49.53533177653101,0.0,6.0,0.0,0.0,0.0,0.0,43.183244886325376,0.0,0.0,0.0,0.0
321,5,33.220731475359564,1.1568,34.46133970472996,41.005548114658176,0.0,6.0,0.0,0.0,0.0,0.0,33.22073147535946,0.0,0.0,0.0,0.0
321,6,39.470117206714285,1.33136112,40.94410498622017,55.86663934689554,0.0,6.0,0.0,0.0,0.0,0.0,39.4701172067143,0.0,0.0,0.0,0.0
321,7,14.8,1.47943152,15.352697095435897,23.221438273859242,0.0,2.0,0.0,0.0,0.0,0.0,14.8,0.0,0.0,0.0,0.0
321,8,0.0,1.6417305599999996,0.0,0.0,0.0,0.0,0.0,0.0,0.0,0.0,0.0,0.0,0.0,0.0,0.0
321,9,0.0,1.558788,0.0,0.0,0.0,0.0,0.0,0.0,0.0,0.0,0.0,0.0,0.0,0.0,0.0
321,10,0.0,1.47966288,0.0,0.0,0.0,0.0,0.0,0.0,0.0,0.0,0.0,0.0,0.0,0.0,0.0
321,11,0.0,1.44808224,0.0,0.0,0.0,0.0,0.0,0.0,0.0,0.0,0.0,0.0,0.0,0.0,0.0
321,12,0.0,1.382376,0.0,0.0,0.0,0.0,0.0,0.0,0.0,0.0,0.0,0.0,0.0,0.0,0.0
321,13,2.348031045169353,1.295616,2.4357168518354286,0.0,21.677879981335316,0.0,0.0,0.0,0.0,1.0,0.0,0.0,0.0,0.0,2.348031045169353
321,14,6.337214818829906,1.43339088,6.573874293392019,0.0,58.507481211188974,0.0,0.0,0.0,0.0,1.0,0.0,0.0,0.0,0.0,6.337214818829906
321,15,43.880784566206636,1.50372432,45.5194860645247,65.65486420259597,24.90541159309164,6.0,0.0,0.0,0.0,1.0,41.183164703763985,0.0,0.0,0.0,2.6976198624427346
321,16,0.0,1.5852787199999998,0.0,0.0,0.0,0.0,0.0,0.0,0.0,0.0,0.0,0.0,0.0,0.0,0.0
321,17,0.0,1.6926297599999998,0.0,0.0,0.0,0.0,0.0,0.0,0.0,0.0,0.0,0.0,0.0,0.0,0.0
321,18,31.925592598004158,1.6803676799999998,33.117834645232904,56.74633929619083,0.0,5.0,0.0,0.0,0.0,0.0,31.925592598004158,0.0,0.0,0.0,0.0
321,19,43.80143397209252,1.58377488,45.437172170221096,73.46622230026557,0.0,6.0,0.0,0.0,0.0,0.0,43.801433972092525,0.0,0.0,0.0,0.0
321,20,43.80143397208963,1.43605152,45.437172170218076,66.75409055837758,0.0,7.0,0.0,0.0,0.0,0.0,43.801433972089505,0.0,0.0,0.0,0.0
321,21,22.200000000000003,1.27803264,23.029045643153882,30.194133410788847,0.0,3.0,0.0,0.0,0.0,0.0,22.200000000000003,0.0,0.0,0.0,0.0
321,22,29.6,1.116312,30.70539419087187,35.29314854771841,0.0,4.0,0.0,0.0,0.0,0.0,29.6,0.0,0.0,0.0,0.0
321,23,22.200000000000003,1.07212224,23.029045643153413,25.45221341078825,0.0,3.0,0.0,0.0,0.0,0.0,22.200000000000003,0.0,0.0,0.0,0.0
322,0,14.8,1.06680096,15.352697095435934,16.886446273859193,0.0,2.0,0.0,0.0,0.0,0.0,14.8,0.0,0.0,0.0,0.0
322,1,43.80143397209251,1.04597856,45.43717217022106,49.0302783159142,0.0,6.0,0.0,0.0,0.0,0.0,43.801433972092525,0.0,0.0,0.0,0.0
322,2,29.6,1.01462928,30.705394190871907,32.1709405477184,0.0,4.0,0.0,0.0,0.0,0.0,29.6,0.0,0.0,0.0,0.0
322,3,43.80143397209252,0.96106944,45.4371721702208,45.172248011651995,0.0,6.0,0.0,0.0,0.0,0.0,43.801433972092525,0.0,0.0,0.0,0.0
322,4,41.45885920970128,0.92463024,43.0071153627609,41.18921491808469,0.0,6.0,0.0,0.0,0.0,0.0,41.45885920970128,0.0,0.0,0.0,0.0
322,5,41.81516353828082,0.92497728,43.37672566211743,41.55825533766767,0.0,6.0,0.0,0.0,0.0,0.0,41.81516353828082,0.0,0.0,0.0,0.0
322,6,42.808298755186335,0.96511824,44.40694891616904,44.32782639086817,0.0,6.0,0.0,0.0,0.0,0.0,42.808298755186335,0.0,0.0,0.0,0.0
322,7,25.81057853577044,1.03117152,26.7744590620031,28.49529424309581,0.0,4.0,0.0,0.0,0.0,0.0,25.810578535770336,0.0,0.0,0.0,0.0
322,8,37.857523054853,1.12105488,39.27128947598902,45.325150392605366,0.0,6.0,0.0,0.0,0.0,0.0,37.857523054853,0.0,0.0,0.0,0.0
322,9,43.80143397209252,1.09352304,45.43717217022042,51.190565039417116,0.0,6.0,0.0,0.0,0.0,0.0,43.801433972092525,0.0,0.0,0.0,0.0
322,10,22.200000000000003,1.11145344,23.029045643153957,26.357973410788873,0.0,3.0,0.0,0.0,0.0,0.0,22.200000000000003,0.0,0.0,0.0,0.0
322,11,0.0,1.1012736,0.0,0.0,0.0,0.0,0.0,0.0,0.0,0.0,0.0,0.0,0.0,0.0,0.0
322,12,0.0,1.0954896,0.0,0.0,0.0,0.0,0.0,0.0,0.0,0.0,0.0,0.0,0.0,0.0,0.0
322,13,0.0,1.09872864,0.0,0.0,0.0,0.0,0.0,0.0,0.0,0.0,0.0,0.0,0.0,0.0,0.0
322,14,0.0,1.12279008,0.0,0.0,0.0,0.0,0.0,0.0,0.0,0.0,0.0,0.0,0.0,0.0,0.0
322,15,43.801433972092475,1.12683888,45.43717217022142,52.7043425974938,0.0,6.0,0.0,0.0,0.0,0.0,43.80143397209252,0.0,0.0,0.0,0.0
322,16,0.0,1.11029664,0.0,0.0,0.0,0.0,0.0,0.0,0.0,0.0,0.0,0.0,0.0,0.0,0.0
322,17,0.0,1.21544976,0.0,0.0,0.0,0.0,0.0,0.0,0.0,0.0,0.0,0.0,0.0,0.0,0.0
322,18,7.4,1.24170912,7.676348547717948,9.785879136929596,0.0,1.0,0.0,0.0,0.0,0.0,7.4,0.0,0.0,0.0,0.0
322,19,43.20286794418497,1.0301304,44.81625305413445,47.65000266124859,0.0,6.0,0.0,0.0,0.0,0.0,43.20286794418497,0.0,0.0,0.0,0.0
322,20,40.069752987129384,0.9613008,41.566133804076344,41.333396707680556,0.0,6.0,0.0,0.0,0.0,0.0,40.06975298712939,0.0,0.0,0.0,0.0
322,21,21.22324212925723,0.90207264,22.015811337403978,20.58858441014201,0.0,3.0,0.0,0.0,0.0,0.0,21.22324212925723,0.0,0.0,0.0,0.0
322,22,29.77104214990632,0.85325568,30.882823806959156,27.37316629573747,0.0,5.0,0.0,0.0,0.0,0.0,29.77104214990632,0.0,0.0,0.0,0.0
322,23,22.200000000000003,0.6836688000000001,23.029045643153882,16.506501410788637,0.0,3.0,0.0,0.0,0.0,0.0,22.200000000000003,0.0,0.0,0.0,0.0
323,0,32.25961238271644,0.5536444799999999,33.46432819783882,19.635009846990272,0.0,5.0,0.0,0.0,0.0,0.0,32.25961238271644,0.0,0.0,0.0,0.0
323,1,29.6,0.5099174399999999,30.705394190871957,16.67356454771816,0.0,4.0,0.0,0.0,0.0,0.0,29.6,0.0,0.0,0.0,0.0
323,2,40.18503695198782,0.48840096,41.68572297924098,21.73914455196823,0.0,7.0,0.0,0.0,0.0,0.0,40.185036951987826,0.0,0.0,0.0,0.0
323,3,37.00435054563594,0.43356864,38.38625575273504,17.913661766821036,0.0,6.0,0.0,0.0,0.0,0.0,37.00435054563595,0.0,0.0,0.0,0.0
323,4,43.80143397209251,0.4056897599999999,45.437172170221125,19.93736587165,0.0,6.0,0.0,0.0,0.0,0.0,43.801433972092525,0.0,0.0,0.0,0.0
323,5,43.55492504378737,0.4349568,45.181457514302714,21.147488423480485,0.0,6.0,0.0,0.0,0.0,0.0,43.55492504378737,0.0,0.0,0.0,0.0
323,6,43.80143397209251,0.4833110399999999,45.43717217022109,23.46425733508293,0.0,6.0,0.0,0.0,0.0,0.0,43.801433972092525,0.0,0.0,0.0,0.0
323,7,29.391032976383237,0.51118992,30.488623419485076,16.594650401901657,0.0,4.0,0.0,0.0,0.0,0.0,29.391032976383237,0.0,0.0,0.0,0.0
323,8,42.80829875518456,0.55098384,44.406948916167245,25.937381245638804,0.0,6.0,0.0,0.0,0.0,0.0,42.80829875518456,0.0,0.0,0.0,0.0
323,9,36.40143397209251,0.57678048,37.7608236225031,23.029589236087535,0.0,6.0,0.0,0.0,0.0,0.0,36.40143397209251,0.0,0.0,0.0,0.0
323,10,29.6,0.66481296,30.705394190871793,21.42969254771814,0.0,4.0,0.0,0.0,0.0,0.0,29.6,0.0,0.0,0.0,0.0
323,11,0.0,0.6939643200000001,0.0,0.0,0.0,0.0,0.0,0.0,0.0,0.0,0.0,0.0,0.0,0.0,0.0
323,12,0.0,0.71814144,0.0,0.0,0.0,0.0,0.0,0.0,0.0,0.0,0.0,0.0,0.0,0.0,0.0
323,13,0.0,0.7391952,0.0,0.0,0.0,0.0,0.0,0.0,0.0,0.0,0.0,0.0,0.0,0.0,0.0
323,14,0.0,0.76614864,0.0,0.0,0.0,0.0,0.0,0.0,0.0,0.0,0.0,0.0,0.0,0.0,0.0
323,15,27.803990693339347,0.81982416,28.842313997237596,24.600306438550124,0.0,4.0,0.0,0.0,0.0,0.0,27.803990693339347,0.0,0.0,0.0,0.0
323,16,0.0,0.93677664,0.0,0.0,0.0,0.0,0.0,0.0,0.0,0.0,0.0,0.0,0.0,0.0,0.0
323,17,0.0,1.0991913599999998,0.0,0.0,0.0,0.0,0.0,0.0,0.0,0.0,0.0,0.0,0.0,0.0,0.0
323,18,22.200000000000003,1.19370192,23.02904564315392,28.252077410788864,0.0,3.0,0.0,0.0,0.0,0.0,22.200000000000003,0.0,0.0,0.0,0.0
323,19,40.24674940142712,1.17542448,41.74974004297556,50.455582875572205,0.0,6.0,0.0,0.0,0.0,0.0,40.24674940142713,0.0,0.0,0.0,0.0
323,20,14.8,1.0255032000000002,15.352697095435978,16.25241427385923,0.0,2.0,0.0,0.0,0.0,0.0,14.8,0.0,0.0,0.0,0.0
323,21,42.80829875518638,0.97610784,44.406948916169014,44.81584099667727,0.0,6.0,0.0,0.0,0.0,0.0,42.80829875518638,0.0,0.0,0.0,0.0
323,22,22.200000000000003,1.0058376,23.02904564315392,23.92574141078879,0.0,3.0,0.0,0.0,0.0,0.0,22.200000000000003,0.0,0.0,0.0,0.0
323,23,38.78491097982466,0.9260184,40.23331014504677,38.58850805302102,0.0,7.0,0.0,0.0,0.0,0.0,38.78491097982467,0.0,0.0,0.0,0.0
324,0,7.6495763544675714,0.80952864,7.935245180984569,6.686464854919581,0.0,3.0,0.0,0.0,0.0,0.0,7.6495763544675714,0.0,0.0,0.0,0.0
324,1,26.882102156556634,0.72508224,27.885998087715052,21.142668494779514,0.0,4.0,0.0,0.0,0.0,0.0,26.882102156556634,0.0,0.0,0.0,0.0
324,2,29.6,0.6930388799999999,30.70539419087172,22.296380547718098,0.0,4.0,0.0,0.0,0.0,0.0,29.6,0.0,0.0,0.0,0.0
324,3,39.29789073489663,0.69442704,40.765446820428515,29.65796485954377,0.0,6.0,0.0,0.0,0.0,0.0,39.29789073489664,0.0,0.0,0.0,0.0
324,4,43.80143397209251,0.74914368,45.4371721702229,35.54294076722875,0.0,6.0,0.0,0.0,0.0,0.0,43.801433972092525,0.0,0.0,0.0,0.0
324,5,40.36409219834605,0.93041424,41.87146493604395,40.34375271553903,0.0,6.0,0.0,0.0,0.0,0.0,40.364092198346064,0.0,0.0,0.0,0.0
324,6,44.59445429725921,1.17426768,46.25980736230273,54.85937314892041,7.321453209526564,6.0,0.0,0.0,0.0,1.0,43.801433972092525,0.0,0.0,0.0,0.7930203251666974
324,7,22.200000000000003,1.48174512,23.029045643155865,34.88543741079192,0.0,3.0,0.0,0.0,0.0,0.0,22.200000000000003,0.0,0.0,0.0,0.0
324,8,0.0,1.4653185599999998,0.0,0.0,0.0,0.0,0.0,0.0,0.0,0.0,0.0,0.0,0.0,0.0,0.0
324,9,0.0,1.37011392,0.0,0.0,0.0,0.0,0.0,0.0,0.0,0.0,0.0,0.0,0.0,0.0,0.0
324,10,0.0,1.29769824,0.0,0.0,0.0,0.0,0.0,0.0,0.0,0.0,0.0,0.0,0.0,0.0,0.0
324,11,0.0,1.2262080000000002,0.0,0.0,0.0,0.0,0.0,0.0,0.0,0.0,0.0,0.0,0.0,0.0,0.0
324,12,0.0,1.191504,0.0,0.0,0.0,0.0,0.0,0.0,0.0,0.0,0.0,0.0,0.0,0.0,0.0
324,13,0.0,1.3181736000000002,0.0,0.0,0.0,0.0,0.0,0.0,0.0,0.0,0.0,0.0,0.0,0.0,0.0
324,14,6.054609532233733,1.3922088,6.280715282400139,0.0,55.89836601336123,0.0,0.0,0.0,0.0,1.0,0.0,0.0,0.0,0.0,6.054609532233733
324,15,29.6,1.48938,30.705394190870578,46.74834854771663,0.0,4.0,0.0,0.0,0.0,0.0,29.6,0.0,0.0,0.0,0.0
324,16,0.0,1.6187102400000002,0.0,0.0,0.0,0.0,0.0,0.0,0.0,0.0,0.0,0.0,0.0,0.0,0.0
324,17,7.4,1.700496,7.676348547717948,13.307687136929644,0.0,1.0,0.0,0.0,0.0,0.0,7.4,0.0,0.0,0.0,0.0
324,18,43.80143397209251,1.6192886399999995,45.43717217022109,75.07986712779746,0.0,6.0,0.0,0.0,0.0,0.0,43.801433972092525,0.0,0.0,0.0,0.0
324,19,43.80143397209251,1.46844192,45.437172170221366,68.22581873984475,0.0,6.0,0.0,0.0,0.0,0.0,43.801433972092525,0.0,0.0,0.0,0.0
324,20,43.8014339720925,1.34674656,45.43717217022112,62.69632571520734,0.0,7.0,0.0,0.0,0.0,0.0,43.801433972092525,0.0,0.0,0.0,0.0
324,21,43.406864783094186,1.19832912,45.02786803225673,55.44862790643803,0.0,6.0,0.0,0.0,0.0,0.0,43.4068647830942,0.0,0.0,0.0,0.0
324,22,43.80143397209176,1.2111695999999998,45.43717217021998,56.53609204137074,0.0,7.0,0.0,0.0,0.0,0.0,43.8014339720918,0.0,0.0,0.0,0.0
324,23,43.80143397209252,1.09467984,45.437172170221096,51.243126760184396,0.0,6.0,0.0,0.0,0.0,0.0,43.801433972092525,0.0,0.0,0.0,0.0
325,0,43.801433972092724,1.1564529599999998,45.4371721702211,54.04992264911613,0.0,6.0,0.0,0.0,0.0,0.0,43.801433972092724,0.0,0.0,0.0,0.0
325,1,43.80143397209251,1.1006952,45.43717217022132,51.5164477081705,0.0,6.0,0.0,0.0,0.0,0.0,43.801433972092525,0.0,0.0,0.0,0.0
325,2,43.8014339720928,1.07744352,45.43717217022157,50.4599571207639,0.0,6.0,0.0,0.0,0.0,0.0,43.8014339720928,0.0,0.0,0.0,0.0
325,3,43.801433972092525,1.02932064,45.4371721702214,48.273389536876806,0.0,6.0,0.0,0.0,0.0,0.0,43.80143397209242,0.0,0.0,0.0,0.0
325,4,43.80143397209275,1.07663376,45.4371721702213,50.42316391622704,0.0,6.0,0.0,0.0,0.0,0.0,43.80143397209275,0.0,0.0,0.0,0.0
325,5,39.76065743524356,1.14164592,41.24549526477579,48.45297728067467,0.0,6.0,0.0,0.0,0.0,0.0,39.760657435243566,0.0,0.0,0.0,0.0
325,6,43.801433972091864,1.3893167999999998,45.437172170220244,64.63059703941371,0.0,6.0,0.0,0.0,0.0,0.0,43.80143397209187,0.0,0.0,0.0,0.0
325,7,20.90564726456926,1.57417344,21.686356083578247,34.85590414351774,0.0,3.0,0.0,0.0,0.0,0.0,20.90564726456916,0.0,0.0,0.0,0.0
325,8,7.4,1.64948112,7.676348547717948,12.916079136929637,0.0,1.0,0.0,0.0,0.0,0.0,7.4,0.0,0.0,0.0,0.0
325,9,0.0,1.5870139200000002,0.0,0.0,0.0,0.0,0.0,0.0,0.0,0.0,0.0,0.0,0.0,0.0,0.0
325,10,0.0,1.5616799999999995,0.0,0.0,0.0,0.0,0.0,0.0,0.0,0.0,0.0,0.0,0.0,0.0,0.0
325,11,0.0,1.5605232,0.0,0.0,0.0,0.0,0.0,0.0,0.0,0.0,0.0,0.0,0.0,0.0,0.0
325,12,0.0,1.61709072,0.0,0.0,0.0,0.0,0.0,0.0,0.0,0.0,0.0,0.0,0.0,0.0,0.0
325,13,0.0,1.61697504,0.0,0.0,0.0,0.0,0.0,0.0,0.0,0.0,0.0,0.0,0.0,0.0,0.0
325,14,0.0,1.60066416,0.0,0.0,0.0,0.0,0.0,0.0,0.0,0.0,0.0,0.0,0.0,0.0,0.0
325,15,37.0,1.62345312,38.381742738588876,63.58139568464675,0.0,5.0,0.0,0.0,0.0,0.0,37.0,0.0,0.0,0.0,0.0
325,16,0.0,1.6648665599999997,0.0,0.0,0.0,0.0,0.0,0.0,0.0,0.0,0.0,0.0,0.0,0.0,0.0
325,17,0.0,1.70014896,0.0,0.0,0.0,0.0,0.0,0.0,0.0,0.0,0.0,0.0,0.0,0.0,0.0
325,18,43.80143397209251,1.6435814400000002,45.43717217022106,76.18366326389418,0.0,6.0,0.0,0.0,0.0,0.0,43.801433972092525,0.0,0.0,0.0,0.0
325,19,43.80143397209264,1.5310248,45.43717217022119,71.06940783331277,0.0,6.0,0.0,0.0,0.0,0.0,43.801433972092646,0.0,0.0,0.0,0.0
325,20,29.6,1.44357072,30.70539419087197,45.34175654771873,0.0,4.0,0.0,0.0,0.0,0.0,29.6,0.0,0.0,0.0,0.0
325,21,43.801433972092504,1.24147776,45.43717217022073,57.91320912545426,0.0,7.0,0.0,0.0,0.0,0.0,43.80143397209252,0.0,0.0,0.0,0.0
325,22,43.80143397209252,1.24194048,45.43717217022108,57.934233813761324,0.0,6.0,0.0,0.0,0.0,0.0,43.801433972092525,0.0,0.0,0.0,0.0
325,23,42.75420645791239,1.09791888,44.3508365745984,50.16163350966529,0.0,6.0,0.0,0.0,0.0,0.0,42.754206457912396,0.0,0.0,0.0,0.0
326,0,43.80143397209251,1.10081088,45.437172170221075,51.52170388024688,0.0,6.0,0.0,0.0,0.0,0.0,43.801433972092525,0.0,0.0,0.0,0.0
326,1,43.80143397209252,1.06495008,45.43717217022065,49.89229053648455,0.0,6.0,0.0,0.0,0.0,0.0,43.801433972092525,0.0,0.0,0.0,0.0
326,2,18.28338047308406,1.06495008,18.966162316477487,20.82579604890109,0.0,3.0,0.0,0.0,0.0,0.0,18.28338047308406,0.0,0.0,0.0,0.0
326,3,43.80143397209251,1.0312872,45.43717217022046,48.362744462178874,0.0,6.0,0.0,0.0,0.0,0.0,43.801433972092525,0.0,0.0,0.0,0.0
326,4,43.801433972092724,1.02642864,45.4371721702212,48.14198523496032,0.0,7.0,0.0,0.0,0.0,0.0,43.801433972092745,0.0,0.0,0.0,0.0
326,5,36.579837040259875,0.49707696,37.94588904591386,20.118036098859914,0.0,6.0,0.0,0.0,0.0,0.0,36.579837040259875,0.0,0.0,0.0,0.0
326,6,43.80143397209252,0.85637904,45.437172170223064,40.415412282284734,0.0,6.0,0.0,0.0,0.0,0.0,43.801433972092525,0.0,0.0,0.0,0.0
326,7,25.86814578611626,0.89038896,26.834176126677047,21.26706941078878,33.86566130335551,3.0,0.0,0.0,0.0,1.0,22.200000000000003,0.0,0.0,0.0,3.6681457861162596
326,8,0.0,0.6345048000000001,0.0,0.0,0.0,0.0,0.0,0.0,0.0,0.0,0.0,0.0,0.0,0.0,0.0
326,9,0.0,0.45890256,0.0,0.0,0.0,0.0,0.0,0.0,0.0,0.0,0.0,0.0,0.0,0.0,0.0
326,10,0.0,0.3676310399999999,0.0,0.0,0.0,0.0,0.0,0.0,0.0,0.0,0.0,0.0,0.0,0.0,0.0
326,11,0.0,0.2977603199999999,0.0,0.0,0.0,0.0,0.0,0.0,0.0,0.0,0.0,0.0,0.0,0.0,0.0
326,12,1.0710752302121438,0.28908432,1.11107389026156,0.0,9.888557623327884,0.0,0.0,0.0,0.0,1.0,0.0,0.0,0.0,0.0,1.0710752302121438
326,13,0.0,0.2435064,0.0,0.0,0.0,0.0,0.0,0.0,0.0,0.0,0.0,0.0,0.0,0.0,0.0
326,14,0.0,0.2296248,0.0,0.0,0.0,0.0,0.0,0.0,0.0,0.0,0.0,0.0,0.0,0.0,0.0
326,15,42.99733577829703,0.2308972799999999,44.60304541317194,11.775082668793864,0.0,6.0,0.0,0.0,0.0,0.0,42.99733577829705,0.0,0.0,0.0,0.0
326,16,0.0,0.24223392,0.0,0.0,0.0,0.0,0.0,0.0,0.0,0.0,0.0,0.0,0.0,0.0,0.0
326,17,8.48695539036749,0.23795376,8.80389563316144,2.080703136929499,10.035169060446743,1.0,0.0,0.0,0.0,1.0,7.4,0.0,0.0,0.0,1.0869553903674898
326,18,43.80143397209251,0.2221056,45.43717217022102,11.595820786004555,0.0,6.0,0.0,0.0,0.0,0.0,43.801433972092525,0.0,0.0,0.0,0.0
326,19,40.97274655139411,0.19792848,42.50284911970394,9.819368627794537,0.0,6.0,0.0,0.0,0.0,0.0,40.972746551394124,0.0,0.0,0.0,0.0
326,20,43.17892506047783,0.18080784,44.791416037840634,9.581235055195847,0.0,6.0,0.0,0.0,0.0,0.0,43.17892506047784,0.0,0.0,0.0,0.0
326,21,37.258943660488406,0.17675904,38.65035649428303,8.111126709548003,0.0,6.0,0.0,0.0,0.0,0.0,37.258943660488406,0.0,0.0,0.0,0.0
326,22,39.472319391323296,0.14737632,40.94638941008687,7.389853678019449,0.0,6.0,0.0,0.0,0.0,0.0,39.472319391323296,0.0,0.0,0.0,0.0
326,23,43.20286794418225,0.13742784,44.81625305413147,7.642418830214442,0.0,6.0,0.0,0.0,0.0,0.0,43.20286794418225,0.0,0.0,0.0,0.0
327,0,43.80143397209251,0.05830272,45.43717217022106,4.153081125466508,0.0,6.0,0.0,0.0,0.0,0.0,43.801433972092525,0.0,0.0,0.0,0.0
327,1,43.80143397209251,0.1110528,45.43717217022085,6.5498955924194115,0.0,6.0,0.0,0.0,0.0,0.0,43.801433972092525,0.0,0.0,0.0,0.0
327,2,37.0,0.11591136,38.38174273859142,5.719315684647633,0.0,5.0,0.0,0.0,0.0,0.0,37.0,0.0,0.0,0.0,0.0
327,3,40.11721498976886,0.11637408,41.615368246651116,6.2204188825293905,0.0,6.0,0.0,0.0,0.0,0.0,40.11721498976886,0.0,0.0,0.0,0.0
327,4,41.725052268989984,0.13638672,43.283249241693284,7.335935944917082,0.0,6.0,0.0,0.0,0.0,0.0,41.72505226899,0.0,0.0,0.0,0.0
327,5,43.801433972090344,0.18994656,45.4371721702188,10.134604948695038,0.0,6.0,0.0,0.0,0.0,0.0,43.801433972090344,0.0,0.0,0.0,0.0
327,6,38.97547850324765,0.2734675199999999,40.43099429797539,12.394829653064452,0.0,6.0,0.0,0.0,0.0,0.0,38.97547850324766,0.0,0.0,0.0,0.0
327,7,14.8,0.35791392,15.352697095435971,6.003118273859034,0.0,2.0,0.0,0.0,0.0,0.0,14.8,0.0,0.0,0.0,0.0
327,8,10.344873972633376,0.410664,10.731197067047216,3.406487136929524,27.18815182203014,1.0,0.0,0.0,0.0,1.0,7.4,0.0,0.0,0.0,2.944873972633377
327,9,0.0,0.41575392,0.0,0.0,0.0,0.0,0.0,0.0,0.0,0.0,0.0,0.0,0.0,0.0,0.0
327,10,0.0,0.42292608,0.0,0.0,0.0,0.0,0.0,0.0,0.0,0.0,0.0,0.0,0.0,0.0,0.0
327,11,0.0,0.4361136,0.0,0.0,0.0,0.0,0.0,0.0,0.0,0.0,0.0,0.0,0.0,0.0,0.0
327,12,0.0,0.41853024,0.0,0.0,0.0,0.0,0.0,0.0,0.0,0.0,0.0,0.0,0.0,0.0,0.0
327,13,0.6732453789882484,0.41795184,0.6983873226019175,0.0,6.215647171157066,0.0,0.0,0.0,0.0,1.0,0.0,0.0,0.0,0.0,0.6732453789882484
327,14,0.0,0.41656368,0.0,0.0,0.0,0.0,0.0,0.0,0.0,0.0,0.0,0.0,0.0,0.0,0.0
327,15,43.80143397209252,0.41448144,45.43717217022136,20.3368349494756,0.0,7.0,0.0,0.0,0.0,0.0,43.801433972092596,0.0,0.0,0.0,0.0
327,16,0.0,0.41505984,0.0,0.0,0.0,0.0,0.0,0.0,0.0,0.0,0.0,0.0,0.0,0.0,0.0
327,17,7.4,0.4025663999999999,7.676348547717948,3.344327136929506,0.0,1.0,0.0,0.0,0.0,0.0,7.4,0.0,0.0,0.0,0.0
327,18,37.0,0.38833776,38.38174273858985,16.17551568464757,0.0,5.0,0.0,0.0,0.0,0.0,37.0,0.0,0.0,0.0,0.0
327,19,38.58987311343402,0.3479654399999999,40.03098870688212,15.254426325223063,0.0,6.0,0.0,0.0,0.0,0.0,38.58987311343403,0.0,0.0,0.0,0.0
327,20,43.8014339720925,0.3418344,45.43717217022098,17.035958885338502,0.0,7.0,0.0,0.0,0.0,0.0,43.801433972092525,0.0,0.0,0.0,0.0
327,21,43.80143397209251,0.31812,45.43717217022102,15.958443609625025,0.0,6.0,0.0,0.0,0.0,0.0,43.80143397209252,0.0,0.0,0.0,0.0
327,22,29.6,0.21655296,30.705394190873008,7.665692547718251,0.0,4.0,0.0,0.0,0.0,0.0,29.6,0.0,0.0,0.0,0.0
327,23,43.80143397209225,0.1161427199999999,45.43717217022056,6.781167163792014,0.0,7.0,0.0,0.0,0.0,0.0,43.80143397209226,0.0,0.0,0.0,0.0
328,0,43.8014339720928,0.01712064,45.43717217022144,2.2818838661787093,0.0,6.0,0.0,0.0,0.0,0.0,43.8014339720928,0.0,0.0,0.0,0.0
328,1,43.801433972092504,0.0011568,45.43717217022112,1.5565321196008308,0.0,6.0,0.0,0.0,0.0,0.0,43.801433972092525,0.0,0.0,0.0,0.0
328,2,43.80143397209251,0.0013881599999999,45.437172170221544,1.5670444637541434,0.0,6.0,0.0,0.0,0.0,0.0,43.80143397209252,0.0,0.0,0.0,0.0
328,3,42.0600783472498,0.00393312,43.63078666727218,1.6157841583434909,0.0,6.0,0.0,0.0,0.0,0.0,42.06007834724981,0.0,0.0,0.0,0.0
328,4,43.80143397209251,0.0179304,45.43717217022099,2.318677070715245,0.0,6.0,0.0,0.0,0.0,0.0,43.801433972092525,0.0,0.0,0.0,0.0
328,5,37.778398214269615,0.0512462399999999,39.18920976584035,3.3054624923199105,0.0,6.0,0.0,0.0,0.0,0.0,37.77839821426962,0.0,0.0,0.0,0.0
328,6,36.4014339720925,0.18612912,37.76082362250306,8.278272133236557,0.0,7.0,0.0,0.0,0.0,0.0,36.401433972092526,0.0,0.0,0.0,0.0
328,7,29.6,0.23170704,30.70539419087217,8.131004547718053,0.0,4.0,0.0,0.0,0.0,0.0,29.6,0.0,0.0,0.0,0.0
328,8,0.0,0.24015168,0.0,0.0,0.0,0.0,0.0,0.0,0.0,0.0,0.0,0.0,0.0,0.0,0.0
328,9,0.0,0.24130848,0.0,0.0,0.0,0.0,0.0,0.0,0.0,0.0,0.0,0.0,0.0,0.0,0.0
328,10,0.0,0.25033152,0.0,0.0,0.0,0.0,0.0,0.0,0.0,0.0,0.0,0.0,0.0,0.0,0.0
328,11,0.0,0.2640974399999999,0.0,0.0,0.0,0.0,0.0,0.0,0.0,0.0,0.0,0.0,0.0,0.0,0.0
328,12,0.0,0.29012544,0.0,0.0,0.0,0.0,0.0,0.0,0.0,0.0,0.0,0.0,0.0,0.0,0.0
328,13,0.0,0.24038304,0.0,0.0,0.0,0.0,0.0,0.0,0.0,0.0,0.0,0.0,0.0,0.0,0.0
328,14,1.054209533663135,0.23957328,1.0935783544223392,0.0,9.73284735435882,0.0,0.0,0.0,0.0,1.0,0.0,0.0,0.0,0.0,1.054209533663135
328,15,28.329558096740712,0.24038304,29.38750839910901,8.036985135013865,0.0,4.0,0.0,0.0,0.0,0.0,28.329558096740712,0.0,0.0,0.0,0.0
328,16,0.0,0.31812,0.0,0.0,0.0,0.0,0.0,0.0,0.0,0.0,0.0,0.0,0.0,0.0,0.0
328,17,7.4,0.4626043199999999,7.676348547717948,3.8051991369295126,0.0,1.0,0.0,0.0,0.0,0.0,7.4,0.0,0.0,0.0,0.0
328,18,36.1790682701389,0.39666672,37.530153807198076,16.12921110281503,0.0,5.0,0.0,0.0,0.0,0.0,36.1790682701389,0.0,0.0,0.0,0.0
328,19,33.83989438922973,0.2539175999999999,35.10362488509329,10.07535816581975,0.0,6.0,0.0,0.0,0.0,0.0,33.839894389229734,0.0,0.0,0.0,0.0
328,20,41.18808751965865,0.237144,42.72623186686644,11.546507804629455,0.0,6.0,0.0,0.0,0.0,0.0,41.188087519658666,0.0,0.0,0.0,0.0
328,21,41.07619774068015,0.22893072,42.61016363141137,11.165171855656535,0.0,6.0,0.0,0.0,0.0,0.0,41.07619774068016,0.0,0.0,0.0,0.0
328,22,43.80143397209251,0.2281209599999999,45.43717217022106,11.869141733990423,0.0,6.0,0.0,0.0,0.0,0.0,43.801433972092525,0.0,0.0,0.0,0.0
328,23,43.80143397209251,0.22002336,45.43717217022091,11.501209688624808,0.0,6.0,0.0,0.0,0.0,0.0,43.80143397209252,0.0,0.0,0.0,0.0
329,0,29.6,0.32436672,30.705394190871935,10.976156547718045,0.0,4.0,0.0,0.0,0.0,0.0,29.6,0.0,0.0,0.0,0.0
329,1,43.80143397209251,0.29972688,45.4371721702235,15.122712249438315,0.0,6.0,0.0,0.0,0.0,0.0,43.801433972092525,0.0,0.0,0.0,0.0
329,2,22.200000000000003,0.2948683199999999,23.02904564315435,7.55279741078865,0.0,3.0,0.0,0.0,0.0,0.0,22.200000000000003,0.0,0.0,0.0,0.0
329,3,29.6,0.29174496,30.705394190872163,9.974492547718102,0.0,4.0,0.0,0.0,0.0,0.0,29.6,0.0,0.0,0.0,0.0
329,4,7.4,0.29521536,7.676348547718468,2.5202631369296657,0.0,1.0,0.0,0.0,0.0,0.0,7.4,0.0,0.0,0.0,0.0
329,5,43.80143397209251,0.2421182399999999,45.437172170223825,12.505138555265976,0.0,6.0,0.0,0.0,0.0,0.0,43.801433972092525,0.0,0.0,0.0,0.0
329,6,32.004183103971336,0.2695344,33.19936006636077,10.047268414067052,0.0,6.0,0.0,0.0,0.0,0.0,32.00418310397135,0.0,0.0,0.0,0.0
329,7,14.8,0.30204048,15.352697095435168,5.1453102738587475,0.0,3.0,0.0,0.0,0.0,0.0,14.8,0.0,0.0,0.0,0.0
329,8,37.86650136310406,0.39655104,39.28060307376011,16.87695196246823,0.0,6.0,0.0,0.0,0.0,0.0,37.86650136310406,0.0,0.0,0.0,0.0
329,9,37.96562219800689,0.8670216000000001,39.383425516605385,35.44987198948767,0.0,6.0,0.0,0.0,0.0,0.0,37.96562219800689,0.0,0.0,0.0,0.0
329,10,14.8,1.00676304,15.352697095435971,15.964702273859219,0.0,2.0,0.0,0.0,0.0,0.0,14.8,0.0,0.0,0.0,0.0
329,11,0.0,0.98293296,0.0,0.0,0.0,0.0,0.0,0.0,0.0,0.0,0.0,0.0,0.0,0.0,0.0
329,12,0.0,0.95759904,0.0,0.0,0.0,0.0,0.0,0.0,0.0,0.0,0.0,0.0,0.0,0.0,0.0
329,13,0.0,0.93793344,0.0,0.0,0.0,0.0,0.0,0.0,0.0,0.0,0.0,0.0,0.0,0.0,0.0
329,14,0.0,1.0170585600000002,0.0,0.0,0.0,0.0,0.0,0.0,0.0,0.0,0.0,0.0,0.0,0.0,0.0
329,15,14.8,1.07721216,15.35269709543601,17.04628627385928,0.0,2.0,0.0,0.0,0.0,0.0,14.8,0.0,0.0,0.0,0.0
329,16,0.0,1.2880967999999997,0.0,0.0,0.0,0.0,0.0,0.0,0.0,0.0,0.0,0.0,0.0,0.0,0.0
329,17,0.0,1.3939439999999998,0.0,0.0,0.0,0.0,0.0,0.0,0.0,0.0,0.0,0.0,0.0,0.0,0.0
329,18,14.8,1.43061456,15.352697095435897,22.47196627385923,0.0,2.0,0.0,0.0,0.0,0.0,14.8,0.0,0.0,0.0,0.0
329,19,43.80143397209303,1.42587168,45.43717217022117,66.29154741563681,0.0,6.0,0.0,0.0,0.0,0.0,43.80143397209303,0.0,0.0,0.0,0.0
329,20,22.200000000000003,1.36062816,23.02904564315392,32.09622941078893,0.0,3.0,0.0,0.0,0.0,0.0,22.200000000000003,0.0,0.0,0.0,0.0
329,21,22.200000000000003,1.289832,23.029045643153957,30.465861410788946,0.0,3.0,0.0,0.0,0.0,0.0,22.200000000000003,0.0,0.0,0.0,0.0
329,22,43.8014339720924,1.2595238399999995,45.43717217022093,58.7331719694121,0.0,6.0,0.0,0.0,0.0,0.0,43.8014339720924,0.0,0.0,0.0,0.0
329,23,43.80143397209251,1.08530976,45.43717217022116,50.817376821975714,0.0,6.0,0.0,0.0,0.0,0.0,43.801433972092525,0.0,0.0,0.0,0.0
330,0,40.62425786533998,1.24541088,42.14134633334063,53.87816978502409,0.0,6.0,0.0,0.0,0.0,0.0,40.62425786533998,0.0,0.0,0.0,0.0
330,1,43.801433972089356,1.1822496,45.43717217021781,55.22204902220534,0.0,6.0,0.0,0.0,0.0,0.0,43.801433972089356,0.0,0.0,0.0,0.0
330,2,29.6,1.14384384,30.70539419087202,36.1385245477186,0.0,4.0,0.0,0.0,0.0,0.0,29.6,0.0,0.0,0.0,0.0
330,3,40.29002725209038,1.12117056,41.794634078929434,48.242315683280964,0.0,6.0,0.0,0.0,0.0,0.0,40.29002725209038,0.0,0.0,0.0,0.0
330,4,37.0,1.09039968,38.38174273858982,43.12187568464798,0.0,5.0,0.0,0.0,0.0,0.0,37.0,0.0,0.0,0.0,0.0
330,5,43.80143397209252,1.09849728,45.437172170221096,51.41658043871388,0.0,6.0,0.0,0.0,0.0,0.0,43.801433972092525,0.0,0.0,0.0,0.0
330,6,43.80143397209252,1.11897264,45.43717217022111,52.34692289628116,0.0,6.0,0.0,0.0,0.0,0.0,43.801433972092525,0.0,0.0,0.0,0.0
330,7,14.8,1.1822496,15.352697095436081,18.658894273859403,0.0,2.0,0.0,0.0,0.0,0.0,14.8,0.0,0.0,0.0,0.0
330,8,40.459134437015464,1.26310992,41.970056469933596,54.4020035392881,0.0,6.0,0.0,0.0,0.0,0.0,40.45913443701547,0.0,0.0,0.0,0.0
330,9,43.80143397209251,1.32014016,45.43717217022354,61.48740613758085,0.0,6.0,0.0,0.0,0.0,0.0,43.801433972092525,0.0,0.0,0.0,0.0
330,10,22.200000000000003,1.30163136,23.029045643156874,30.73758941079285,0.0,4.0,0.0,0.0,0.0,0.0,22.200000000000003,0.0,0.0,0.0,0.0
330,11,0.0,1.29492192,0.0,0.0,0.0,0.0,0.0,0.0,0.0,0.0,0.0,0.0,0.0,0.0,0.0
330,12,0.0,1.2799992,0.0,0.0,0.0,0.0,0.0,0.0,0.0,0.0,0.0,0.0,0.0,0.0,0.0
330,13,0.0,1.24217184,0.0,0.0,0.0,0.0,0.0,0.0,0.0,0.0,0.0,0.0,0.0,0.0,0.0
330,14,0.0,1.3314768,0.0,0.0,0.0,0.0,0.0,0.0,0.0,0.0,0.0,0.0,0.0,0.0,0.0
330,15,0.0,1.42587168,0.0,0.0,0.0,0.0,0.0,0.0,0.0,0.0,0.0,0.0,0.0,0.0,0.0
330,16,0.0,1.5518472,0.0,0.0,0.0,0.0,0.0,0.0,0.0,0.0,0.0,0.0,0.0,0.0,0.0
330,17,0.0,1.66359408,0.0,0.0,0.0,0.0,0.0,0.0,0.0,0.0,0.0,0.0,0.0,0.0,0.0
330,18,13.770441440163975,1.7313825599999997,14.284690290626635,25.205086892812027,0.0,2.0,0.0,0.0,0.0,0.0,13.770441440163975,0.0,0.0,0.0,0.0
330,19,43.61895533786053,1.65584352,45.24787898118326,76.42111199901365,0.0,6.0,0.0,0.0,0.0,0.0,43.618955337860534,0.0,0.0,0.0,0.0
330,20,43.80143397209224,1.57220688,45.43717217022116,72.94060509260055,0.0,6.0,0.0,0.0,0.0,0.0,43.80143397209224,0.0,0.0,0.0,0.0
330,21,37.0,1.41603888,38.38174273858965,55.62047568464794,0.0,5.0,0.0,0.0,0.0,0.0,37.0,0.0,0.0,0.0,0.0
330,22,37.0,1.34339184,38.381742738589814,52.83215568464813,0.0,6.0,0.0,0.0,0.0,0.0,37.0,0.0,0.0,0.0,0.0
330,23,38.31556032808443,1.15066896,39.74643187560729,47.05059232509849,0.0,6.0,0.0,0.0,0.0,0.0,38.31556032808444,0.0,0.0,0.0,0.0
331,0,34.81828651706236,1.11261024,36.11855447828085,41.38139771976422,0.0,6.0,0.0,0.0,0.0,0.0,34.818286517062376,0.0,0.0,0.0,0.0
331,1,40.30836549303883,1.05465456,41.8136571504557,45.48299623568479,0.0,6.0,0.0,0.0,0.0,0.0,40.30836549303884,0.0,0.0,0.0,0.0
331,2,36.40143397209238,1.01497632,37.760823622503004,39.57622506244201,0.0,6.0,0.0,0.0,0.0,0.0,36.40143397209238,0.0,0.0,0.0,0.0
331,3,36.98126905932,1.00271424,38.36231230220147,39.73622936194746,0.0,6.0,0.0,0.0,0.0,0.0,36.981269059320006,0.0,0.0,0.0,0.0
331,4,37.9083096265457,0.9925344,39.32397264164736,40.332019085932394,0.0,6.0,0.0,0.0,0.0,0.0,37.9083096265457,0.0,0.0,0.0,0.0
331,5,37.86016417243969,1.08843312,39.274029224522735,44.04712453115017,0.0,7.0,0.0,0.0,0.0,0.0,37.860164172439696,0.0,0.0,0.0,0.0
331,6,35.48686267479154,1.4114116799999998,36.81209821036765,53.175505830183155,0.0,6.0,0.0,0.0,0.0,0.0,35.48686267479154,0.0,0.0,0.0,0.0
331,7,37.0,1.6070265599999998,38.38174273858633,62.95091568464257,0.0,5.0,0.0,0.0,0.0,0.0,37.0,0.0,0.0,0.0,0.0
331,8,7.4,1.67724432,7.676348547717986,13.129199136929705,0.0,1.0,0.0,0.0,0.0,0.0,7.4,0.0,0.0,0.0,0.0
331,9,0.8295503469843979,1.61269488,0.8605294055854751,0.0,7.658711709710729,0.0,0.0,0.0,0.0,1.0,0.0,0.0,0.0,0.0,0.8295503469843979
331,10,0.0,1.596384,0.0,0.0,0.0,0.0,0.0,0.0,0.0,0.0,0.0,0.0,0.0,0.0,0.0
331,11,0.0,1.58412192,0.0,0.0,0.0,0.0,0.0,0.0,0.0,0.0,0.0,0.0,0.0,0.0,0.0
331,12,0.0,1.50175776,0.0,0.0,0.0,0.0,0.0,0.0,0.0,0.0,0.0,0.0,0.0,0.0,0.0
331,13,0.0,1.48718208,0.0,0.0,0.0,0.0,0.0,0.0,0.0,0.0,0.0,0.0,0.0,0.0,0.0
331,14,0.0,1.45282512,0.0,0.0,0.0,0.0,0.0,0.0,0.0,0.0,0.0,0.0,0.0,0.0,0.0
331,15,43.80143397209287,1.3586615999999998,45.43717217022025,63.2377114391012,0.0,6.0,0.0,0.0,0.0,0.0,43.80143397209287,0.0,0.0,0.0,0.0
331,16,0.0,1.30810944,0.0,0.0,0.0,0.0,0.0,0.0,0.0,0.0,0.0,0.0,0.0,0.0,0.0
331,17,7.4,1.40597472,7.676348547717969,11.046839136929641,0.0,1.0,0.0,0.0,0.0,0.0,7.4,0.0,0.0,0.0,0.0
331,18,32.11005110422761,1.33008864,33.30918164339006,41.857244547718416,23.173708327412584,4.0,0.0,0.0,0.0,1.0,29.6,0.0,0.0,0.0,2.51005110422761
331,19,41.75807732267591,1.1822496,43.31750759613744,52.64591552996259,0.0,7.0,0.0,0.0,0.0,0.0,41.758077322675916,0.0,0.0,0.0,0.0
331,20,41.7250854243721,1.12776432,43.28328363524119,50.24601962459138,0.0,7.0,0.0,0.0,0.0,0.0,41.725085424372,0.0,0.0,0.0,0.0
331,21,39.602463857144954,1.0588190400000002,41.081394042681886,44.85755634494692,0.0,7.0,0.0,0.0,0.0,0.0,39.60246385714486,0.0,0.0,0.0,0.0
331,22,43.80143397209251,0.96511824,45.43717217022029,45.35621403433428,0.0,6.0,0.0,0.0,0.0,0.0,43.801433972092525,0.0,0.0,0.0,0.0
331,23,43.80143397209251,0.93400032,45.437172170221196,43.94230374571602,0.0,6.0,0.0,0.0,0.0,0.0,43.801433972092525,0.0,0.0,0.0,0.0
332,0,43.80143397209248,0.5901993600000001,45.43717217022086,28.32096033390848,0.0,7.0,0.0,0.0,0.0,0.0,43.801433972092525,0.0,0.0,0.0,0.0
332,1,43.64405897873065,0.5253028799999999,45.27392010241947,25.281087374080922,0.0,6.0,0.0,0.0,0.0,0.0,43.644058978730655,0.0,0.0,0.0,0.0
332,2,43.801433972092674,0.46318272,45.43717217022115,22.54968339374566,0.0,7.0,0.0,0.0,0.0,0.0,43.801433972092696,0.0,0.0,0.0,0.0
332,3,43.47722673305514,0.4632984,45.1008576069042,22.387993554695075,0.0,6.0,0.0,0.0,0.0,0.0,43.47722673305514,0.0,0.0,0.0,0.0
332,4,43.80143397209251,0.4638768,45.43717217022105,22.581220426205512,0.0,6.0,0.0,0.0,0.0,0.0,43.80143397209252,0.0,0.0,0.0,0.0
332,5,43.80143397209231,0.90380784,45.43717217022084,42.57044283370972,0.0,6.0,0.0,0.0,0.0,0.0,43.80143397209231,0.0,0.0,0.0,0.0
332,6,42.6997006341441,1.03348512,44.29429526363561,47.2436362290802,0.0,6.0,0.0,0.0,0.0,0.0,42.699700634144115,0.0,0.0,0.0,0.0
332,7,22.200000000000003,1.30510176,23.029045643153765,30.817509410788695,0.0,3.0,0.0,0.0,0.0,0.0,22.200000000000003,0.0,0.0,0.0,0.0
332,8,7.4,1.46948304,7.6763485477203295,11.534351136933198,0.0,1.0,0.0,0.0,0.0,0.0,7.4,0.0,0.0,0.0,0.0
332,9,0.0,1.59730944,0.0,0.0,0.0,0.0,0.0,0.0,0.0,0.0,0.0,0.0,0.0,0.0,0.0
332,10,0.0,1.6114224,0.0,0.0,0.0,0.0,0.0,0.0,0.0,0.0,0.0,0.0,0.0,0.0,0.0
332,11,0.0,1.6021679999999998,0.0,0.0,0.0,0.0,0.0,0.0,0.0,0.0,0.0,0.0,0.0,0.0,0.0
332,12,0.0,1.5686208,0.0,0.0,0.0,0.0,0.0,0.0,0.0,0.0,0.0,0.0,0.0,0.0,0.0
332,13,18.019679112894984,1.54698864,18.6926131876504,0.0,166.36425737008858,0.0,0.0,0.0,0.0,1.0,0.0,0.0,0.0,0.0,18.019679112894984
332,14,0.0,1.61790048,0.0,0.0,0.0,0.0,0.0,0.0,0.0,0.0,0.0,0.0,0.0,0.0,0.0
332,15,43.8014339720929,1.6848792,45.43717217022079,78.06011669525816,0.0,6.0,0.0,0.0,0.0,0.0,43.80143397209294,0.0,0.0,0.0,0.0
332,16,0.0,1.89726768,0.0,0.0,0.0,0.0,0.0,0.0,0.0,0.0,0.0,0.0,0.0,0.0,0.0
332,17,7.4,2.19768864,7.676348547717948,17.1243111369297,0.0,1.0,0.0,0.0,0.0,0.0,7.4,0.0,0.0,0.0,0.0
332,18,36.00686478309401,2.047536,37.35151948453785,77.7149160942309,0.0,5.0,0.0,0.0,0.0,0.0,36.00686478309401,0.0,0.0,0.0,0.0
332,19,43.80143397209251,1.7994024000000002,45.43717217022165,83.26372705114437,0.0,6.0,0.0,0.0,0.0,0.0,43.80143397209252,0.0,0.0,0.0,0.0
332,20,43.80143397209251,1.6062168,45.43717217022105,74.48591968313582,0.0,6.0,0.0,0.0,0.0,0.0,43.801433972092525,0.0,0.0,0.0,0.0
332,21,43.8014339720925,1.40620608,45.43717217022115,65.3979981626061,0.0,7.0,0.0,0.0,0.0,0.0,43.80143397209252,0.0,0.0,0.0,0.0
332,22,43.80143397209104,1.31435616,45.437172170219604,61.224597533742966,0.0,6.0,0.0,0.0,0.0,0.0,43.80143397209104,0.0,0.0,0.0,0.0
332,23,43.69909088290978,1.22181216,45.33100713994826,56.88643208496789,0.0,7.0,0.0,0.0,0.0,0.0,43.699090882909786,0.0,0.0,0.0,0.0
333,0,42.82549721762304,1.13863824,44.424789644837816,52.05422483081248,0.0,6.0,0.0,0.0,0.0,0.0,42.82549721762304,0.0,0.0,0.0,0.0
333,1,43.80143397209252,0.8670216000000001,45.43717217022099,40.898980113334794,0.0,6.0,0.0,0.0,0.0,0.0,43.801433972092525,0.0,0.0,0.0,0.0
333,2,43.80143397209274,0.4210752,45.43717217022139,20.636436757844734,0.0,6.0,0.0,0.0,0.0,0.0,43.80143397209276,0.0,0.0,0.0,0.0
333,3,37.288797174283296,0.39817056,38.68132486958908,16.682116638049614,0.0,6.0,0.0,0.0,0.0,0.0,37.28879717428331,0.0,0.0,0.0,0.0
333,4,43.801433972092376,0.6437592,45.437172170220954,30.754568005398017,0.0,6.0,0.0,0.0,0.0,0.0,43.801433972092376,0.0,0.0,0.0,0.0
333,5,43.801433972091836,1.08646656,45.4371721702203,50.869938542741274,0.0,7.0,0.0,0.0,0.0,0.0,43.80143397209186,0.0,0.0,0.0,0.0
333,6,43.80143397209316,1.18965312,45.43717217022166,55.558444035115706,0.0,6.0,0.0,0.0,0.0,0.0,43.80143397209316,0.0,0.0,0.0,0.0
333,7,37.0,1.53380112,38.38174273858985,60.14039568464829,0.0,5.0,0.0,0.0,0.0,0.0,37.0,0.0,0.0,0.0,0.0
333,8,0.0,1.72744944,0.0,0.0,0.0,0.0,0.0,0.0,0.0,0.0,0.0,0.0,0.0,0.0,0.0
333,9,0.0,1.6490184,0.0,0.0,0.0,0.0,0.0,0.0,0.0,0.0,0.0,0.0,0.0,0.0,0.0
333,10,2.8401198462412225,1.58493168,2.9461824131133016,0.0,26.221023476708385,0.0,0.0,0.0,0.0,1.0,0.0,0.0,0.0,0.0,2.8401198462412225
333,11,0.0,1.50812016,0.0,0.0,0.0,0.0,0.0,0.0,0.0,0.0,0.0,0.0,0.0,0.0,0.0
333,12,0.0,1.51818432,0.0,0.0,0.0,0.0,0.0,0.0,0.0,0.0,0.0,0.0,0.0,0.0,0.0
333,13,0.0,1.5747518399999998,0.0,0.0,0.0,0.0,0.0,0.0,0.0,0.0,0.0,0.0,0.0,0.0,0.0
333,14,4.5230784131249875,1.7346215999999994,4.691990055108908,0.0,41.75871149046929,0.0,0.0,0.0,0.0,1.0,0.0,0.0,0.0,0.0,4.5230784131249875
333,15,43.8014339720925,1.943424,45.43717217022093,89.80766128657375,0.0,6.0,0.0,0.0,0.0,0.0,43.80143397209252,0.0,0.0,0.0,0.0
333,16,0.0,2.3136,0.0,0.0,0.0,0.0,0.0,0.0,0.0,0.0,0.0,0.0,0.0,0.0,0.0
333,17,4.558564071527147,2.892,4.728800904073805,0.0,42.08632804625687,0.0,0.0,0.0,0.0,1.0,0.0,0.0,0.0,0.0,4.558564071527147
333,18,22.200000000000003,2.892,23.02904564315403,67.36226141078986,0.0,3.0,0.0,0.0,0.0,0.0,22.200000000000003,0.0,0.0,0.0,0.0
333,19,43.8014339720925,2.3136,45.43717217022094,106.62741193185747,0.0,6.0,0.0,0.0,0.0,0.0,43.801433972092525,0.0,0.0,0.0,0.0
333,20,43.801433972092696,1.862448,45.43717217022102,86.12834083291813,0.0,7.0,0.0,0.0,0.0,0.0,43.80143397209273,0.0,0.0,0.0,0.0
333,21,43.80143397209248,1.60806768,45.43717217022086,74.57001843636193,0.0,7.0,0.0,0.0,0.0,0.0,43.801433972092525,0.0,0.0,0.0,0.0
333,22,41.808581985978314,1.4465784000000002,43.36989832570425,64.17350176274074,0.0,6.0,0.0,0.0,0.0,0.0,41.80858198597833,0.0,0.0,0.0,0.0
333,23,43.305211033364216,1.28080896,44.92241808440297,59.02396762596309,0.0,7.0,0.0,0.0,0.0,0.0,43.30521103336409,0.0,0.0,0.0,0.0
334,0,43.80143397209274,1.1794732799999998,45.43717217022108,55.095900892369684,0.0,7.0,0.0,0.0,0.0,0.0,43.80143397209276,0.0,0.0,0.0,0.0
334,1,43.80143397209252,1.17160704,45.43717217022295,54.73848119115966,0.0,6.0,0.0,0.0,0.0,0.0,43.801433972092525,0.0,0.0,0.0,0.0
334,2,43.80143397209278,1.14557904,45.43717217022137,53.555842473911234,0.0,7.0,0.0,0.0,0.0,0.0,43.80143397209279,0.0,0.0,0.0,0.0
334,3,43.801433972092674,1.1232528,45.43717217022102,52.54140126311714,0.0,7.0,0.0,0.0,0.0,0.0,43.80143397209269,0.0,0.0,0.0,0.0
334,4,43.80143397209233,1.14153024,45.43717217022248,53.371876451229745,0.0,7.0,0.0,0.0,0.0,0.0,43.80143397209235,0.0,0.0,0.0,0.0
334,5,43.80143397209182,1.1940489600000002,45.437172170220215,55.75817857402669,0.0,7.0,0.0,0.0,0.0,0.0,43.80143397209182,0.0,0.0,0.0,0.0
334,6,43.80143397209251,1.49701488,45.43717217022128,69.52409324277747,0.0,6.0,0.0,0.0,0.0,0.0,43.801433972092525,0.0,0.0,0.0,0.0
334,7,22.079878171625314,1.94446512,22.904437937370908,40.61774817023134,21.04997561469488,3.0,0.0,0.0,0.0,1.0,19.799858340999936,0.0,0.0,0.0,2.2800198306253776
334,8,0.0,2.53651536,0.0,0.0,0.0,0.0,0.0,0.0,0.0,0.0,0.0,0.0,0.0,0.0,0.0
334,9,0.0,2.74311984,0.0,0.0,0.0,0.0,0.0,0.0,0.0,0.0,0.0,0.0,0.0,0.0,0.0
334,10,0.0,2.57388,0.0,0.0,0.0,0.0,0.0,0.0,0.0,0.0,0.0,0.0,0.0,0.0,0.0
334,11,0.0,2.58359712,0.0,0.0,0.0,0.0,0.0,0.0,0.0,0.0,0.0,0.0,0.0,0.0,0.0
334,12,0.0,2.25818928,0.0,0.0,0.0,0.0,0.0,0.0,0.0,0.0,0.0,0.0,0.0,0.0,0.0
334,13,0.0,2.19572208,0.0,0.0,0.0,0.0,0.0,0.0,0.0,0.0,0.0,0.0,0.0,0.0,0.0
334,14,2.167264236862665,2.2557600000000004,2.24819941583264,0.0,20.008974800910497,0.0,0.0,0.0,0.0,1.0,0.0,0.0,0.0,0.0,2.167264236862665
334,15,43.801433972092504,2.1904008,45.437172170221665,101.02958867022562,0.0,6.0,0.0,0.0,0.0,0.0,43.80143397209253,0.0,0.0,0.0,0.0
334,16,6.038975824085564,2.614368,6.2644977428273485,0.0,55.75402991116341,0.0,0.0,0.0,0.0,2.0,0.0,0.0,0.0,0.0,6.038975824085564
334,17,0.0,3.00606048,0.0,0.0,0.0,0.0,0.0,0.0,0.0,0.0,0.0,0.0,0.0,0.0,0.0
334,18,26.859537317142788,2.79286224,27.862590577946342,78.73862888185613,0.0,4.0,0.0,0.0,0.0,0.0,26.85953731714268,0.0,0.0,0.0,0.0
334,19,43.80143397209251,2.1846168,45.43717217022125,100.76678006639216,0.0,6.0,0.0,0.0,0.0,0.0,43.80143397209252,0.0,0.0,0.0,0.0
334,20,47.79204785316405,1.73196096,49.57681312568934,80.19937873045365,36.84280450367779,7.0,0.0,0.0,0.0,1.0,43.801433972091445,0.0,0.0,0.0,3.9906138810725156
334,21,43.80143397209313,1.48776048,45.43717217022167,69.10359947664597,0.0,7.0,0.0,0.0,0.0,0.0,43.80143397209313,0.0,0.0,0.0,0.0
334,22,43.80143397209237,1.39810848,45.43717217022097,65.03006611724024,0.0,6.0,0.0,0.0,0.0,0.0,43.80143397209237,0.0,0.0,0.0,0.0
334,23,43.80143397209272,1.27560336,45.43717217022102,59.46377988806673,0.0,7.0,0.0,0.0,0.0,0.0,43.80143397209273,0.0,0.0,0.0,0.0
335,0,43.80143397209252,0.84076224,45.437172170221096,39.70582905193507,0.0,6.0,0.0,0.0,0.0,0.0,43.801433972092525,0.0,0.0,0.0,0.0
335,1,43.80143397209249,0.81045408,45.43717217022089,38.32871196785228,0.0,7.0,0.0,0.0,0.0,0.0,43.801433972092525,0.0,0.0,0.0,0.0
335,2,43.80143397209249,0.79807632,45.43717217022353,37.76630155565281,0.0,7.0,0.0,0.0,0.0,0.0,43.801433972092525,0.0,0.0,0.0,0.0
335,3,43.80143397209249,0.7974979199999999,45.43717217022113,37.74002069526755,0.0,7.0,0.0,0.0,0.0,0.0,43.80143397209253,0.0,0.0,0.0,0.0
335,4,43.80143397209251,0.84978528,45.437172170221075,40.11581047391383,0.0,6.0,0.0,0.0,0.0,0.0,43.80143397209252,0.0,0.0,0.0,0.0
335,5,43.20286794418465,0.92532432,44.81625305413382,42.95298685835613,0.0,7.0,0.0,0.0,0.0,0.0,43.20286794418467,0.0,0.0,0.0,0.0
335,6,43.73227930242554,1.34339184,45.365434961022906,62.44515104189875,0.0,6.0,0.0,0.0,0.0,0.0,43.73227930242554,0.0,0.0,0.0,0.0
335,7,7.4,1.7051232,7.676348547717986,13.34320713692971,0.0,1.0,0.0,0.0,0.0,0.0,7.4,0.0,0.0,0.0,0.0
335,8,0.0,2.2938187200000004,0.0,0.0,0.0,0.0,0.0,0.0,0.0,0.0,0.0,0.0,0.0,0.0,0.0
335,9,0.0,2.50077024,0.0,0.0,0.0,0.0,0.0,0.0,0.0,0.0,0.0,0.0,0.0,0.0,0.0
335,10,0.0,2.41910016,0.0,0.0,0.0,0.0,0.0,0.0,0.0,0.0,0.0,0.0,0.0,0.0,0.0
335,11,0.0,2.3983934400000004,0.0,0.0,0.0,0.0,0.0,0.0,0.0,0.0,0.0,0.0,0.0,0.0,0.0
335,12,0.44568271664333103,2.27993712,0.46232646954702394,0.0,4.114705578968513,0.0,0.0,0.0,0.0,1.0,0.0,0.0,0.0,0.0,0.44568271664333103
335,13,6.424575880709928,1.96783248,6.664497801566316,0.0,59.31403043394022,0.0,0.0,0.0,0.0,1.0,0.0,0.0,0.0,0.0,6.424575880709928
335,14,0.0,2.01653376,0.0,0.0,0.0,0.0,0.0,0.0,0.0,0.0,0.0,0.0,0.0,0.0,0.0
335,15,29.6,2.1331392,30.705394190871992,66.5152285477192,0.0,4.0,0.0,0.0,0.0,0.0,29.6,0.0,0.0,0.0,0.0
335,16,0.0,2.3141784,0.0,0.0,0.0,0.0,0.0,0.0,0.0,0.0,0.0,0.0,0.0,0.0,0.0
335,17,0.0,2.6045352,0.0,0.0,0.0,0.0,0.0,0.0,0.0,0.0,0.0,0.0,0.0,0.0,0.0
335,18,42.80829875518652,2.30388288,44.40694891616887,103.77827937012121,0.0,6.0,0.0,0.0,0.0,0.0,42.808298755186534,0.0,0.0,0.0,0.0
335,19,43.80143397209251,1.88940144,45.43717217022129,87.35302892677835,0.0,6.0,0.0,0.0,0.0,0.0,43.801433972092525,0.0,0.0,0.0,0.0
335,20,43.80143397209251,1.60205232,45.437172170221295,74.29669748837678,0.0,6.0,0.0,0.0,0.0,0.0,43.801433972092525,0.0,0.0,0.0,0.0
335,21,43.80143397209252,1.40262,45.437172170221395,65.23505682823026,0.0,6.0,0.0,0.0,0.0,0.0,43.801433972092525,0.0,0.0,0.0,0.0
335,22,22.200000000000003,1.32985728,23.02904564315392,31.387605410788915,0.0,3.0,0.0,0.0,0.0,0.0,22.200000000000003,0.0,0.0,0.0,0.0
335,23,39.725747237949655,1.2146400000000002,41.209281367170576,51.418468733073425,0.0,6.0,0.0,0.0,0.0,0.0,39.72574723794966,0.0,0.0,0.0,0.0
336,0,43.8014339720925,1.18190256,45.43717217022029,55.20628050597841,0.0,6.0,0.0,0.0,0.0,0.0,43.8014339720925,0.0,0.0,0.0,0.0
336,1,22.200000000000003,1.13088768,23.029045643154085,26.80552541078903,0.0,3.0,0.0,0.0,0.0,0.0,22.200000000000003,0.0,0.0,0.0,0.0
336,2,42.808298755186705,1.0590504,44.406948916172674,48.49906702157755,0.0,6.0,0.0,0.0,0.0,0.0,42.80829875518672,0.0,0.0,0.0,0.0
336,3,43.80143397209252,1.04077296,45.43717217022106,48.7937505724649,0.0,6.0,0.0,0.0,0.0,0.0,43.801433972092525,0.0,0.0,0.0,0.0
336,4,40.57386759934869,1.10034816,42.0890742731839,47.70578379104362,0.0,6.0,0.0,0.0,0.0,0.0,40.573867599348695,0.0,0.0,0.0,0.0
336,5,42.92221748018894,1.10728896,44.525121867420424,50.77595742026084,0.0,6.0,0.0,0.0,0.0,0.0,42.92221748018894,0.0,0.0,0.0,0.0
336,6,42.32365145228215,1.1168904,43.904202751330764,50.48941168368396,0.0,6.0,0.0,0.0,0.0,0.0,42.32365145228216,0.0,0.0,0.0,0.0
336,7,22.200000000000003,1.17565584,23.02904564315392,27.836493410788854,0.0,3.0,0.0,0.0,0.0,0.0,22.200000000000003,0.0,0.0,0.0,0.0
336,8,43.406864783094186,1.34894448,45.027868032255945,62.230516460147776,0.0,6.0,0.0,0.0,0.0,0.0,43.4068647830942,0.0,0.0,0.0,0.0
336,9,40.618031482453944,1.4404473599999998,42.13488742993173,62.08775213627307,0.0,7.0,0.0,0.0,0.0,0.0,40.618031482453944,0.0,0.0,0.0,0.0
336,10,43.80143397209251,1.51563936,45.43717217022038,70.37033694711691,0.0,6.0,0.0,0.0,0.0,0.0,43.801433972092525,0.0,0.0,0.0,0.0
336,11,0.0,1.4716809599999998,0.0,0.0,0.0,0.0,0.0,0.0,0.0,0.0,0.0,0.0,0.0,0.0,0.0
336,12,0.0,1.40643744,0.0,0.0,0.0,0.0,0.0,0.0,0.0,0.0,0.0,0.0,0.0,0.0,0.0
336,13,0.0,1.32546144,0.0,0.0,0.0,0.0,0.0,0.0,0.0,0.0,0.0,0.0,0.0,0.0,0.0
336,14,0.0,1.37103936,0.0,0.0,0.0,0.0,0.0,0.0,0.0,0.0,0.0,0.0,0.0,0.0,0.0
336,15,41.71543770702402,1.428648,43.27327562968977,63.25462410514775,0.0,6.0,0.0,0.0,0.0,0.0,41.71543770702402,0.0,0.0,0.0,0.0
336,16,0.0,1.50141072,0.0,0.0,0.0,0.0,0.0,0.0,0.0,0.0,0.0,0.0,0.0,0.0,0.0
336,17,0.0,1.66625472,0.0,0.0,0.0,0.0,0.0,0.0,0.0,0.0,0.0,0.0,0.0,0.0,0.0
336,18,16.96322415483745,1.67689728,17.596705554810846,30.09031863568743,0.0,3.0,0.0,0.0,0.0,0.0,16.96322415483745,0.0,0.0,0.0,0.0
336,19,38.69883010882565,1.49875008,40.144014635711514,61.494612031235846,0.0,7.0,0.0,0.0,0.0,0.0,38.698830108825675,0.0,0.0,0.0,0.0
336,20,43.05111436762455,1.38330144,44.65883233156121,63.254834423141844,0.0,6.0,0.0,0.0,0.0,0.0,43.051114367624564,0.0,0.0,0.0,0.0
336,21,43.72713959433724,1.29654144,45.36010331362846,60.31267308848171,0.0,6.0,0.0,0.0,0.0,0.0,43.72713959433724,0.0,0.0,0.0,0.0
336,22,43.80143397209251,1.2343056,45.43717217022116,57.58732645670244,0.0,6.0,0.0,0.0,0.0,0.0,43.801433972092525,0.0,0.0,0.0,0.0
336,23,40.01171441104285,1.19080992,41.50592781228889,50.799516788264256,0.0,6.0,0.0,0.0,0.0,0.0,40.01171441104287,0.0,0.0,0.0,0.0
337,0,16.11134801599942,1.2163752,16.713016614107296,20.882499776515036,0.0,3.0,0.0,0.0,0.0,0.0,16.11134801599942,0.0,0.0,0.0,0.0
337,1,38.167708440593564,1.1533296,39.593058548333964,46.97437661627644,0.0,6.0,0.0,0.0,0.0,0.0,38.16770844059347,0.0,0.0,0.0,0.0
337,2,37.0,1.09861296,38.38174273858915,43.43711568464723,0.0,5.0,0.0,0.0,0.0,0.0,37.0,0.0,0.0,0.0,0.0
337,3,37.9409111759234,1.0275854399999995,39.35779167626959,41.74623658157233,0.0,6.0,0.0,0.0,0.0,0.0,37.94091117592341,0.0,0.0,0.0,0.0
337,4,31.191610620368877,1.0683048,32.35644255225037,35.6375411379728,0.0,5.0,0.0,0.0,0.0,0.0,31.19161062036889,0.0,0.0,0.0,0.0
337,5,43.20212512537535,1.03556736,44.81548249520325,47.89284336527507,0.0,6.0,0.0,0.0,0.0,0.0,43.20212512537536,0.0,0.0,0.0,0.0
337,6,43.202867944185115,1.02793248,44.81625305413455,47.55150012233595,0.0,6.0,0.0,0.0,0.0,0.0,43.20286794418513,0.0,0.0,0.0,0.0
337,7,29.6,1.06575984,30.70539419087187,33.74092454771838,0.0,4.0,0.0,0.0,0.0,0.0,29.6,0.0,0.0,0.0,0.0
337,8,43.7998112300632,1.12232736,45.43548882786703,52.4974069066919,0.0,6.0,0.0,0.0,0.0,0.0,43.79981123006321,0.0,0.0,0.0,0.0
337,9,41.88247889523749,1.1585352,43.446554870578815,51.772444102513155,0.0,7.0,0.0,0.0,0.0,0.0,41.88247889523749,0.0,0.0,0.0,0.0
337,10,29.6,1.21417728,30.70539419087194,38.298140547718546,0.0,4.0,0.0,0.0,0.0,0.0,29.6,0.0,0.0,0.0,0.0
337,11,0.0,1.21544976,0.0,0.0,0.0,0.0,0.0,0.0,0.0,0.0,0.0,0.0,0.0,0.0,0.0
337,12,0.0,1.19937024,0.0,0.0,0.0,0.0,0.0,0.0,0.0,0.0,0.0,0.0,0.0,0.0,0.0
337,13,0.0,1.18525728,0.0,0.0,0.0,0.0,0.0,0.0,0.0,0.0,0.0,0.0,0.0,0.0,0.0
337,14,0.0,1.22250624,0.0,0.0,0.0,0.0,0.0,0.0,0.0,0.0,0.0,0.0,0.0,0.0,0.0
337,15,8.23980234710236,1.36305744,8.547512808197652,11.933673600660443,0.0,2.0,0.0,0.0,0.0,0.0,8.23980234710236,0.0,0.0,0.0,0.0
337,16,0.0,1.4483136,0.0,0.0,0.0,0.0,0.0,0.0,0.0,0.0,0.0,0.0,0.0,0.0,0.0
337,17,0.0,1.52373696,0.0,0.0,0.0,0.0,0.0,0.0,0.0,0.0,0.0,0.0,0.0,0.0,0.0
337,18,29.6,1.52952096,30.70539419087214,47.98089254771904,0.0,4.0,0.0,0.0,0.0,0.0,29.6,0.0,0.0,0.0,0.0
337,19,40.52948944281261,1.45837776,42.04303884109232,62.706257394305354,0.0,6.0,0.0,0.0,0.0,0.0,40.52948944281234,0.0,0.0,0.0,0.0
337,20,38.33592282672312,1.29943344,39.767554799506094,52.99159659737437,0.0,6.0,0.0,0.0,0.0,0.0,38.33592282672313,0.0,0.0,0.0,0.0
337,21,37.0,1.1793576,38.38174273858986,46.53623568464808,0.0,5.0,0.0,0.0,0.0,0.0,37.0,0.0,0.0,0.0,0.0
337,22,43.80143397209251,1.14627312,45.43717217022166,53.58737950637149,0.0,6.0,0.0,0.0,0.0,0.0,43.801433972092525,0.0,0.0,0.0,0.0
337,23,39.40518077068211,1.0540761600000002,40.876743538052274,44.440221073004494,0.0,7.0,0.0,0.0,0.0,0.0,39.405180770681994,0.0,0.0,0.0,0.0
338,0,43.801433972092504,1.11249456,45.43717217022101,52.05257725998858,0.0,6.0,0.0,0.0,0.0,0.0,43.801433972092525,0.0,0.0,0.0,0.0
338,1,38.76490108960631,1.0699243200000002,40.21255299751757,44.35542392555078,0.0,6.0,0.0,0.0,0.0,0.0,38.76490108960631,0.0,0.0,0.0,0.0
338,2,42.68396391879621,1.04644128,44.27797087012115,47.7998973489333,0.0,6.0,0.0,0.0,0.0,0.0,42.683963918796216,0.0,0.0,0.0,0.0
338,3,41.96408828932945,1.01937216,43.531211918392124,45.8153886351679,0.0,6.0,0.0,0.0,0.0,0.0,41.96408828932945,0.0,0.0,0.0,0.0
338,4,42.17843015384932,1.02469344,43.753558250881596,46.28222689444043,0.0,7.0,0.0,0.0,0.0,0.0,42.17843015384934,0.0,0.0,0.0,0.0
338,5,43.8014339720925,1.09884432,45.4371721702211,51.43234895494385,0.0,7.0,0.0,0.0,0.0,0.0,43.801433972092525,0.0,0.0,0.0,0.0
338,6,41.97975064420337,1.2356937600000002,43.54745917448547,55.25274446444192,0.0,6.0,0.0,0.0,0.0,0.0,41.979750644203385,0.0,0.0,0.0,0.0
338,7,22.200000000000003,2.30237904,23.02904564315716,53.783853410796866,0.0,3.0,0.0,0.0,0.0,0.0,22.200000000000003,0.0,0.0,0.0,0.0
338,8,1.7027245246616367,2.72553648,1.7663117475743122,0.0,15.720174553411379,0.0,0.0,0.0,0.0,1.0,0.0,0.0,0.0,0.0,1.7027245246616367
338,9,0.0,2.73571632,0.0,0.0,0.0,0.0,0.0,0.0,0.0,0.0,0.0,0.0,0.0,0.0,0.0
338,10,0.0,2.38682544,0.0,0.0,0.0,0.0,0.0,0.0,0.0,0.0,0.0,0.0,0.0,0.0,0.0
338,11,0.0,1.92132912,0.0,0.0,0.0,0.0,0.0,0.0,0.0,0.0,0.0,0.0,0.0,0.0,0.0
338,12,0.43009327527954216,1.85168976,0.4461548498750438,0.0,3.9707781638878896,0.0,0.0,0.0,0.0,1.0,0.0,0.0,0.0,0.0,0.43009327527954216
338,13,0.0,1.931856,0.0,0.0,0.0,0.0,0.0,0.0,0.0,0.0,0.0,0.0,0.0,0.0,0.0
338,14,0.0,2.02486272,0.0,0.0,0.0,0.0,0.0,0.0,0.0,0.0,0.0,0.0,0.0,0.0,0.0
338,15,52.9690894681459,2.42650368,54.94718824496529,94.40387568464892,147.43246500674127,5.0,0.0,0.0,0.0,2.0,37.0,0.0,0.0,0.0,15.969089468145906
338,16,0.0,3.03926064,0.0,0.0,0.0,0.0,0.0,0.0,0.0,0.0,0.0,0.0,0.0,0.0,0.0
338,17,37.0,2.3870568,38.38174273858993,92.88983568464903,0.0,5.0,0.0,0.0,0.0,0.0,37.0,0.0,0.0,0.0,0.0
338,18,43.80143397209252,2.13186672,45.43717217022092,98.36996559943847,0.0,6.0,0.0,0.0,0.0,0.0,43.801433972092525,0.0,0.0,0.0,0.0
338,19,43.8014339720954,1.7473464,45.437172170223945,80.89844961665543,0.0,7.0,0.0,0.0,0.0,0.0,43.80143397209542,0.0,0.0,0.0,0.0
338,20,43.80143397208961,1.4401003199999998,45.43717217021808,66.93805658106037,0.0,7.0,0.0,0.0,0.0,0.0,43.801433972089626,0.0,0.0,0.0,0.0
338,21,43.80143397209077,1.25466528,45.43717217021955,58.512412742190975,0.0,7.0,0.0,0.0,0.0,0.0,43.80143397209069,0.0,0.0,0.0,0.0
338,22,43.80143397209281,1.18791792,45.43717217022129,55.479601453965486,0.0,7.0,0.0,0.0,0.0,0.0,43.80143397209284,0.0,0.0,0.0,0.0
338,23,43.80143397209251,1.09653072,45.43717217022214,51.327225513411996,0.0,7.0,0.0,0.0,0.0,0.0,43.80143397209255,0.0,0.0,0.0,0.0
339,0,43.80143397209268,1.0846156800000002,45.43717217022102,50.78583978951566,0.0,7.0,0.0,0.0,0.0,0.0,43.8014339720927,0.0,0.0,0.0,0.0
339,1,43.80143397209251,1.0506057599999998,45.43717217022102,49.24052519898021,0.0,7.0,0.0,0.0,0.0,0.0,43.801433972092525,0.0,0.0,0.0,0.0
339,2,43.80143397209258,1.02342096,45.437172170221025,48.00532476096718,0.0,7.0,0.0,0.0,0.0,0.0,43.801433972092596,0.0,0.0,0.0,0.0
339,3,43.801433972092504,1.01266272,45.43717217022097,47.516500757838585,0.0,7.0,0.0,0.0,0.0,0.0,43.80143397209253,0.0,0.0,0.0,0.0
339,4,43.80143397209105,1.02446208,45.43717217021933,48.05263030965526,0.0,7.0,0.0,0.0,0.0,0.0,43.80143397209109,0.0,0.0,0.0,0.0
339,5,43.801433972092724,1.09109376,45.4371721702211,51.08018542580821,0.0,7.0,0.0,0.0,0.0,0.0,43.80143397209275,0.0,0.0,0.0,0.0
339,6,43.8014339720924,1.28092464,45.43717217022083,59.70556380359245,0.0,7.0,0.0,0.0,0.0,0.0,43.80143397209241,0.0,0.0,0.0,0.0
339,7,26.629690541133662,2.16541392,27.624160312379576,50.62967741078896,40.896520556109536,3.0,0.0,0.0,0.0,1.0,22.200000000000003,0.0,0.0,0.0,4.429690541133661
339,8,1.222311999417717,3.840576,1.2679585056200384,0.0,11.284830700018343,0.0,0.0,0.0,0.0,1.0,0.0,0.0,0.0,0.0,1.222311999417717
339,9,2.916003040863852,2.89292544,3.0248994199832495,0.0,26.92160483785092,0.0,0.0,0.0,0.0,1.0,0.0,0.0,0.0,0.0,2.916003040863852
339,10,0.24051135960437045,2.89072752,0.24949311162279095,0.0,2.2204886934428396,0.0,0.0,0.0,0.0,1.0,0.0,0.0,0.0,0.0,0.24051135960437045
339,11,7.058174536167557,2.3477256000000004,7.321757817601201,0.0,65.1636445766507,0.0,0.0,0.0,0.0,1.0,0.0,0.0,0.0,0.0,7.058174536167557
339,12,9.610069415909587,2.1730488,9.96895167625476,0.0,88.72366991866735,0.0,0.0,0.0,0.0,2.0,0.0,0.0,0.0,0.0,9.610069415909587
339,13,0.0,2.18322864,0.0,0.0,0.0,0.0,0.0,0.0,0.0,0.0,0.0,0.0,0.0,0.0,0.0
339,14,0.0,2.30422992,0.0,0.0,0.0,0.0,0.0,0.0,0.0,0.0,0.0,0.0,0.0,0.0,0.0
339,15,54.38597518790207,2.62524192,56.4169867094424,120.78753950635607,97.72034939906983,6.0,0.0,0.0,0.0,1.0,43.801433972092525,0.0,0.0,0.0,10.58454121580936
339,16,0.02091955261628728,2.61124464,0.02170078072228971,0.0,0.19313694842837842,0.0,0.0,0.0,0.0,1.0,0.0,0.0,0.0,0.0,0.02091955261628728
339,17,0.0,1.9966368,0.0,0.0,0.0,0.0,0.0,0.0,0.0,0.0,0.0,0.0,0.0,0.0,0.0
339,18,22.200000000000003,1.7501227199999998,23.029045643153967,41.06591741078916,0.0,3.0,0.0,0.0,0.0,0.0,22.200000000000003,0.0,0.0,0.0,0.0
339,19,43.801433972092475,1.65642192,45.43717217022102,76.76709836440239,0.0,6.0,0.0,0.0,0.0,0.0,43.801433972092475,0.0,0.0,0.0,0.0
339,20,43.801433972092596,1.4879918399999998,45.43717217022101,69.11411182079827,0.0,7.0,0.0,0.0,0.0,0.0,43.8014339720925,0.0,0.0,0.0,0.0
339,21,43.80143397209248,1.36305744,45.437172170220734,63.43744597801462,0.0,7.0,0.0,0.0,0.0,0.0,43.801433972092525,0.0,0.0,0.0,0.0
339,22,43.801433972092575,1.2904104,45.43717217022102,60.136569913878084,0.0,7.0,0.0,0.0,0.0,0.0,43.801433972092575,0.0,0.0,0.0,0.0
339,23,43.80143397209276,1.19474304,45.43717217022102,55.789715606487576,0.0,7.0,0.0,0.0,0.0,0.0,43.80143397209279,0.0,0.0,0.0,0.0
340,0,43.80143397209221,1.12568208,45.43717217022078,52.651780876726534,0.0,6.0,0.0,0.0,0.0,0.0,43.80143397209221,0.0,0.0,0.0,0.0
340,1,43.801433972092575,1.0972248,45.43717217022102,51.35876254587064,0.0,7.0,0.0,0.0,0.0,0.0,43.801433972092596,0.0,0.0,0.0,0.0
340,2,43.80143397209226,1.08345888,45.437172170220606,50.73327806874869,0.0,11.0,0.0,0.0,0.0,0.0,43.80143397209232,0.0,0.0,0.0,0.0
340,3,43.801433972092504,1.0781376,45.43717217022106,50.49149415322323,0.0,6.0,0.0,0.0,0.0,0.0,43.801433972092525,0.0,0.0,0.0,0.0
340,4,43.801433972092504,1.07374176,45.437172170220876,50.29175961431028,0.0,6.0,0.0,0.0,0.0,0.0,43.801433972092525,0.0,0.0,0.0,0.0
340,5,43.801433972091445,1.10277744,45.4371721702199,51.61105880554862,0.0,7.0,0.0,0.0,0.0,0.0,43.801433972091445,0.0,0.0,0.0,0.0
340,6,43.80143397209249,1.23708192,45.43717217022102,57.7134745865419,0.0,7.0,0.0,0.0,0.0,0.0,43.80143397209252,0.0,0.0,0.0,0.0
340,7,14.8,1.5865512000000002,15.352697095435934,24.866014273859324,0.0,2.0,0.0,0.0,0.0,0.0,14.8,0.0,0.0,0.0,0.0
340,8,0.0,1.98958032,0.0,0.0,0.0,0.0,0.0,0.0,0.0,0.0,0.0,0.0,0.0,0.0,0.0
340,9,0.0,1.98414336,0.0,0.0,0.0,0.0,0.0,0.0,0.0,0.0,0.0,0.0,0.0,0.0,0.0
340,10,0.0,1.78702464,0.0,0.0,0.0,0.0,0.0,0.0,0.0,0.0,0.0,0.0,0.0,0.0,0.0
340,11,0.0,1.7338118399999998,0.0,0.0,0.0,0.0,0.0,0.0,0.0,0.0,0.0,0.0,0.0,0.0,0.0
340,12,3.446052924046643,1.73161392,3.574743697143821,0.0,31.81521890458001,0.0,0.0,0.0,0.0,1.0,0.0,0.0,0.0,0.0,3.446052924046643
340,13,9.616981475772228,1.671576,9.976121862834262,0.0,88.78748457922494,0.0,0.0,0.0,0.0,1.0,0.0,0.0,0.0,0.0,9.616981475772228
340,14,0.0,1.66532928,0.0,0.0,0.0,0.0,0.0,0.0,0.0,0.0,0.0,0.0,0.0,0.0,0.0
340,15,37.0,1.70662704,38.38174273858938,66.7737556846476,0.0,5.0,0.0,0.0,0.0,0.0,37.0,0.0,0.0,0.0,0.0
340,16,0.0,1.897152,0.0,0.0,0.0,0.0,0.0,0.0,0.0,0.0,0.0,0.0,0.0,0.0,0.0
340,17,10.539948011192507,2.05991376,10.933556028207995,16.066703136929462,28.989146576362362,1.0,0.0,0.0,0.0,1.0,7.4,0.0,0.0,0.0,3.139948011192507
340,18,43.80143397209248,1.91195904,45.43717217022081,88.37798248172439,0.0,7.0,0.0,0.0,0.0,0.0,43.801433972092504,0.0,0.0,0.0,0.0
340,19,43.8014339720927,1.73439024,45.43717217022125,80.30975834406567,0.0,6.0,0.0,0.0,0.0,0.0,43.8014339720927,0.0,0.0,0.0,0.0
340,20,47.2655514294276,1.45918752,49.030655009779906,67.80532497371162,31.98199727207717,7.0,0.0,0.0,0.0,1.0,43.80143397209252,0.0,0.0,0.0,3.4641174573350995
340,21,43.80143397209251,1.29943344,45.43717217022074,60.5465513358565,0.0,6.0,0.0,0.0,0.0,0.0,43.80143397209252,0.0,0.0,0.0,0.0
340,22,43.8014339720925,1.203072,45.43717217022111,56.168159996006565,0.0,7.0,0.0,0.0,0.0,0.0,43.80143397209252,0.0,0.0,0.0,0.0
340,23,43.8014339720925,1.1306563199999995,45.43717217022079,52.877796276022536,0.0,7.0,0.0,0.0,0.0,0.0,43.80143397209253,0.0,0.0,0.0,0.0
341,0,43.8014339720925,1.1108750399999998,45.43717217022108,51.97899085091553,0.0,7.0,0.0,0.0,0.0,0.0,43.80143397209252,0.0,0.0,0.0,0.0
341,1,43.80143397209251,1.09676208,45.43717217022113,51.33773785756415,0.0,6.0,0.0,0.0,0.0,0.0,43.801433972092525,0.0,0.0,0.0,0.0
341,2,43.8014339720927,1.0856568,45.437172170221295,50.833145338205824,0.0,7.0,0.0,0.0,0.0,0.0,43.80143397209273,0.0,0.0,0.0,0.0
341,3,43.801433972092504,1.04100432,45.43717217022105,48.8042629166182,0.0,7.0,0.0,0.0,0.0,0.0,43.801433972092525,0.0,0.0,0.0,0.0
341,4,43.8014339720925,1.03614576,45.437172170221324,48.58350368939914,0.0,7.0,0.0,0.0,0.0,0.0,43.801433972092525,0.0,0.0,0.0,0.0
341,5,43.8014339720925,1.08033552,45.43717217022106,50.59136142267961,0.0,7.0,0.0,0.0,0.0,0.0,43.80143397209252,0.0,0.0,0.0,0.0
341,6,43.801433972092276,1.2647294399999998,45.43717217022067,58.96969971286106,0.0,6.0,0.0,0.0,0.0,0.0,43.80143397209228,0.0,0.0,0.0,0.0
341,7,26.786096864416365,1.47387888,27.78640753570226,34.70428541078934,42.34052084367806,3.0,0.0,0.0,0.0,1.0,22.200000000000003,0.0,0.0,0.0,4.586096864416365
341,8,0.0,1.7352,0.0,0.0,0.0,0.0,0.0,0.0,0.0,0.0,0.0,0.0,0.0,0.0,0.0
341,9,0.0,1.5929136000000002,0.0,0.0,0.0,0.0,0.0,0.0,0.0,0.0,0.0,0.0,0.0,0.0,0.0
341,10,0.0,1.5542764800000002,0.0,0.0,0.0,0.0,0.0,0.0,0.0,0.0,0.0,0.0,0.0,0.0,0.0
341,11,0.0,1.59835056,0.0,0.0,0.0,0.0,0.0,0.0,0.0,0.0,0.0,0.0,0.0,0.0,0.0
341,12,0.0,1.59626832,0.0,0.0,0.0,0.0,0.0,0.0,0.0,0.0,0.0,0.0,0.0,0.0,0.0
341,13,0.0,1.6004328,0.0,0.0,0.0,0.0,0.0,0.0,0.0,0.0,0.0,0.0,0.0,0.0,0.0
341,14,0.0,1.59730944,0.0,0.0,0.0,0.0,0.0,0.0,0.0,0.0,0.0,0.0,0.0,0.0,0.0
341,15,29.6,1.59661536,30.705394190872063,50.04105254771897,0.0,4.0,0.0,0.0,0.0,0.0,29.6,0.0,0.0,0.0,0.0
341,16,0.0,1.54860816,0.0,0.0,0.0,0.0,0.0,0.0,0.0,0.0,0.0,0.0,0.0,0.0,0.0
341,17,1.6906818151245193,1.4875291199999998,1.7538193102951447,0.0,15.608991861626789,0.0,0.0,0.0,0.0,1.0,0.0,0.0,0.0,0.0,1.6906818151245193
341,18,22.200000000000003,1.34906016,23.029045643154063,31.829829410789124,0.0,3.0,0.0,0.0,0.0,0.0,22.200000000000003,0.0,0.0,0.0,0.0
341,19,43.80143397209263,1.1673268799999998,45.43717217022102,54.54400282432123,0.0,7.0,0.0,0.0,0.0,0.0,43.80143397209266,0.0,0.0,0.0,0.0
341,20,43.80143397209227,1.1325072,45.437172170220805,52.96189502924899,0.0,7.0,0.0,0.0,0.0,0.0,43.80143397209228,0.0,0.0,0.0,0.0
341,21,43.801433972092504,1.08958992,45.437172170220904,51.01185518881152,0.0,6.0,0.0,0.0,0.0,0.0,43.801433972092525,0.0,0.0,0.0,0.0
341,22,43.801433972092646,1.08299616,45.43717217022102,50.71225338044255,0.0,7.0,0.0,0.0,0.0,0.0,43.801433972092674,0.0,0.0,0.0,0.0
341,23,43.801433972092646,1.00734144,45.43717217022102,47.274716842312685,0.0,7.0,0.0,0.0,0.0,0.0,43.80143397209268,0.0,0.0,0.0,0.0
342,0,43.80143397209241,1.00745712,45.43717217022101,47.27997301438933,0.0,7.0,0.0,0.0,0.0,0.0,43.80143397209241,0.0,0.0,0.0,0.0
342,1,43.80143397209162,0.96315168,45.43717217022012,45.266859109031046,0.0,10.0,0.0,0.0,0.0,0.0,43.801433972091644,0.0,0.0,0.0,0.0
342,2,43.80143397209052,0.94198224,45.43717217021878,44.30497961900259,0.0,7.0,0.0,0.0,0.0,0.0,43.80143397209039,0.0,0.0,0.0,0.0
342,3,43.80143397209251,0.91988736,45.43717217022122,43.301050752364596,0.0,6.0,0.0,0.0,0.0,0.0,43.801433972092525,0.0,0.0,0.0,0.0
342,4,43.80143397209201,0.92544,45.43717217022102,43.55334701204365,0.0,7.0,0.0,0.0,0.0,0.0,43.80143397209201,0.0,0.0,0.0,0.0
342,5,43.80143397209251,1.00687872,45.437172170221054,47.25369215400611,0.0,6.0,0.0,0.0,0.0,0.0,43.80143397209252,0.0,0.0,0.0,0.0
342,6,43.80143397209286,1.1197823999999998,45.43717217022102,52.3837161008176,0.0,7.0,0.0,0.0,0.0,0.0,43.801433972092866,0.0,0.0,0.0,0.0
342,7,43.80143397209266,1.2051542400000002,45.437172170219455,56.262771093384245,0.0,7.0,0.0,0.0,0.0,0.0,43.801433972092546,0.0,0.0,0.0,0.0
342,8,7.4,1.3031352,7.676348547717948,10.257407136929602,0.0,1.0,0.0,0.0,0.0,0.0,7.4,0.0,0.0,0.0,0.0
342,9,0.0,1.37103936,0.0,0.0,0.0,0.0,0.0,0.0,0.0,0.0,0.0,0.0,0.0,0.0,0.0
342,10,0.4194618585440909,1.3737,0.43512640927810264,0.0,3.872625042575114,0.0,0.0,0.0,0.0,1.0,0.0,0.0,0.0,0.0,0.4194618585440909
342,11,1.21921148863997,1.356348,1.264742208132749,0.0,11.256205652381468,0.0,0.0,0.0,0.0,1.0,0.0,0.0,0.0,0.0,1.21921148863997
342,12,0.0,1.34952288,0.0,0.0,0.0,0.0,0.0,0.0,0.0,0.0,0.0,0.0,0.0,0.0,0.0
342,13,0.0,1.29307104,0.0,0.0,0.0,0.0,0.0,0.0,0.0,0.0,0.0,0.0,0.0,0.0,0.0
342,14,0.18006624517156486,1.2678527999999998,0.18679071075888473,0.0,1.662437325754074,0.0,0.0,0.0,0.0,1.0,0.0,0.0,0.0,0.0,0.18006624517156486
342,15,22.200000000000003,1.32650256,23.029045643153538,31.310349410788394,0.0,3.0,0.0,0.0,0.0,0.0,22.200000000000003,0.0,0.0,0.0,0.0
342,16,0.0,1.28879088,0.0,0.0,0.0,0.0,0.0,0.0,0.0,0.0,0.0,0.0,0.0,0.0,0.0
342,17,7.4,1.32268512,7.676348547717986,10.407479136929654,0.0,1.0,0.0,0.0,0.0,0.0,7.4,0.0,0.0,0.0,0.0
342,18,41.939716975704656,1.32939456,43.50593047272324,59.27659359682364,0.0,6.0,0.0,0.0,0.0,0.0,41.93971697570466,0.0,0.0,0.0,0.0
342,19,42.20973272727885,1.18386912,43.786029800082126,53.286246154099715,0.0,6.0,0.0,0.0,0.0,0.0,42.20973272727886,0.0,0.0,0.0,0.0
342,20,13.920783508096724,1.0978032,14.440646792631561,16.330973667856767,0.0,2.0,0.0,0.0,0.0,0.0,13.920783508096724,0.0,0.0,0.0,0.0
342,21,43.80143397209251,0.95366592,45.43717217022119,44.835852998746695,0.0,6.0,0.0,0.0,0.0,0.0,43.801433972092525,0.0,0.0,0.0,0.0
342,22,38.24762373416539,0.84700896,39.67595823046252,34.919166335215806,0.0,6.0,0.0,0.0,0.0,0.0,38.2476237341654,0.0,0.0,0.0,0.0
342,23,43.80143397209251,0.8096443199999999,45.43717217022103,38.29191876331584,0.0,6.0,0.0,0.0,0.0,0.0,43.801433972092525,0.0,0.0,0.0,0.0
343,0,14.8,0.6940799999999999,15.352697095435897,11.164174273859075,0.0,2.0,0.0,0.0,0.0,0.0,14.8,0.0,0.0,0.0,0.0
343,1,40.53916969480004,0.69072528,42.053080596268664,30.439082837456738,0.0,6.0,0.0,0.0,0.0,0.0,40.53916969480005,0.0,0.0,0.0,0.0
343,2,43.77442451384144,0.68956848,45.4091540600043,32.81576434262914,0.0,6.0,0.0,0.0,0.0,0.0,43.77442451384145,0.0,0.0,0.0,0.0
343,3,43.80143397209205,0.6784631999999999,45.43717217022057,32.33141962839309,0.0,6.0,0.0,0.0,0.0,0.0,43.80143397209205,0.0,0.0,0.0,0.0
343,4,42.60536103591208,0.6940799999999999,44.196432609867415,32.13876186524338,0.0,6.0,0.0,0.0,0.0,0.0,42.60536103591185,0.0,0.0,0.0,0.0
343,5,36.40143397209251,0.63427344,37.76082362250672,25.20057075818557,0.0,6.0,0.0,0.0,0.0,0.0,36.401433972092526,0.0,0.0,0.0,0.0
343,6,35.17208636418797,0.68042976,36.485566767830164,26.03353769931383,0.0,6.0,0.0,0.0,0.0,0.0,35.172086364187976,0.0,0.0,0.0,0.0
343,7,43.80143397209251,0.71039088,45.437172170221444,33.782123121549446,0.0,6.0,0.0,0.0,0.0,0.0,43.801433972092525,0.0,0.0,0.0,0.0
343,8,14.8,0.6940799999999999,15.352697095435971,11.164174273859128,0.0,2.0,0.0,0.0,0.0,0.0,14.8,0.0,0.0,0.0,0.0
343,9,39.32876264766779,0.70842432,40.79747162620846,30.25231740534352,0.0,6.0,0.0,0.0,0.0,0.0,39.328762647667794,0.0,0.0,0.0,0.0
343,10,41.20913355530847,0.76371936,42.74806385405431,34.062484881426684,0.0,6.0,0.0,0.0,0.0,0.0,41.20913355530848,0.0,0.0,0.0,0.0
343,11,0.0,0.80976,0.0,0.0,0.0,0.0,0.0,0.0,0.0,0.0,0.0,0.0,0.0,0.0,0.0
343,12,0.0,0.8762759999999999,0.0,0.0,0.0,0.0,0.0,0.0,0.0,0.0,0.0,0.0,0.0,0.0,0.0
343,13,0.0,0.92544,0.0,0.0,0.0,0.0,0.0,0.0,0.0,0.0,0.0,0.0,0.0,0.0,0.0
343,14,0.0,0.99056784,0.0,0.0,0.0,0.0,0.0,0.0,0.0,0.0,0.0,0.0,0.0,0.0,0.0
343,15,17.17338845614551,0.965928,17.814718315503875,17.797402409301206,0.0,3.0,0.0,0.0,0.0,0.0,17.17338845614551,0.0,0.0,0.0,0.0
343,16,0.0,0.92636544,0.0,0.0,0.0,0.0,0.0,0.0,0.0,0.0,0.0,0.0,0.0,0.0,0.0
343,17,0.0,0.91433472,0.0,0.0,0.0,0.0,0.0,0.0,0.0,0.0,0.0,0.0,0.0,0.0,0.0
343,18,0.0,0.89571024,0.0,0.0,0.0,0.0,0.0,0.0,0.0,0.0,0.0,0.0,0.0,0.0,0.0
343,19,41.46144920226141,0.8033976,43.00980207703501,35.97759621391481,0.0,6.0,0.0,0.0,0.0,0.0,41.46144920226141,0.0,0.0,0.0,0.0
343,20,43.80143397209285,0.7456732799999999,45.43717217022141,35.38525560492804,0.0,6.0,0.0,0.0,0.0,0.0,43.80143397209285,0.0,0.0,0.0,0.0
343,21,36.40143397209252,0.6988228799999999,37.76082362250275,27.638010776954243,0.0,6.0,0.0,0.0,0.0,0.0,36.401433972092526,0.0,0.0,0.0,0.0
343,22,40.704687859250505,0.65752512,42.224779936982394,29.161493710952058,0.0,6.0,0.0,0.0,0.0,0.0,40.704687859250505,0.0,0.0,0.0,0.0
343,23,43.80143397209251,0.53421024,45.43717217022108,25.776973048809438,0.0,6.0,0.0,0.0,0.0,0.0,43.801433972092525,0.0,0.0,0.0,0.0
344,0,22.200000000000003,0.48261696,23.029045643154006,11.876469410788628,0.0,3.0,0.0,0.0,0.0,0.0,22.200000000000003,0.0,0.0,0.0,0.0
344,1,20.854941828515724,0.45369696,21.633757083522823,10.531247181637376,0.0,3.0,0.0,0.0,0.0,0.0,20.854941828515724,0.0,0.0,0.0,0.0
344,2,43.80143397209252,0.4430543999999999,45.4371721702211,21.635109452408326,0.0,6.0,0.0,0.0,0.0,0.0,43.80143397209252,0.0,0.0,0.0,0.0
344,3,39.81744261306874,0.45126768,41.30440105090168,20.00651691081481,0.0,6.0,0.0,0.0,0.0,0.0,39.81744261306875,0.0,0.0,0.0,0.0
344,4,37.0,0.37445616,38.38174273859003,15.642715684647634,0.0,6.0,0.0,0.0,0.0,0.0,37.0,0.0,0.0,0.0,0.0
344,5,22.200000000000003,0.3974764799999999,23.02904564315369,9.91576541078845,0.0,3.0,0.0,0.0,0.0,0.0,22.200000000000003,0.0,0.0,0.0,0.0
344,6,37.0,0.38949456,38.38174273858991,16.2199156846476,0.0,5.0,0.0,0.0,0.0,0.0,37.0,0.0,0.0,0.0,0.0
344,7,43.80143397209251,0.5170896,45.43717217022107,24.999059581465062,0.0,6.0,0.0,0.0,0.0,0.0,43.801433972092525,0.0,0.0,0.0,0.0
344,8,43.80143397209251,0.70402848,45.43717217022106,33.49303365733335,0.0,6.0,0.0,0.0,0.0,0.0,43.801433972092525,0.0,0.0,0.0,0.0
344,9,30.895172718620152,0.76094304,32.04893435541531,25.448233264334416,0.0,6.0,0.0,0.0,0.0,0.0,30.895172718620152,0.0,0.0,0.0,0.0
344,10,22.200000000000003,0.7791047999999999,23.02904564315389,18.704301410788673,0.0,3.0,0.0,0.0,0.0,0.0,22.200000000000003,0.0,0.0,0.0,0.0
344,11,0.0,0.8259552,0.0,0.0,0.0,0.0,0.0,0.0,0.0,0.0,0.0,0.0,0.0,0.0,0.0
344,12,0.0,0.7964568,0.0,0.0,0.0,0.0,0.0,0.0,0.0,0.0,0.0,0.0,0.0,0.0,0.0
344,13,0.0,0.80096832,0.0,0.0,0.0,0.0,0.0,0.0,0.0,0.0,0.0,0.0,0.0,0.0,0.0
344,14,0.0,0.8258395199999999,0.0,0.0,0.0,0.0,0.0,0.0,0.0,0.0,0.0,0.0,0.0,0.0,0.0
344,15,37.0,0.88367952,38.38174273858987,35.18759568464791,0.0,5.0,0.0,0.0,0.0,0.0,37.0,0.0,0.0,0.0,0.0
344,16,0.0,0.9289104,0.0,0.0,0.0,0.0,0.0,0.0,0.0,0.0,0.0,0.0,0.0,0.0,0.0
344,17,0.0,0.93052992,0.0,0.0,0.0,0.0,0.0,0.0,0.0,0.0,0.0,0.0,0.0,0.0,0.0
344,18,0.0,0.98813856,0.0,0.0,0.0,0.0,0.0,0.0,0.0,0.0,0.0,0.0,0.0,0.0,0.0
344,19,43.80143397209251,0.93423168,45.43717217022146,43.95281608986957,0.0,6.0,0.0,0.0,0.0,0.0,43.801433972092525,0.0,0.0,0.0,0.0
344,20,34.58551453195474,0.9028824,35.877089763438825,33.580324581798905,0.0,6.0,0.0,0.0,0.0,0.0,34.58551453195477,0.0,0.0,0.0,0.0
344,21,42.466995369259685,0.89235552,44.052899760643335,40.768999255494045,0.0,6.0,0.0,0.0,0.0,0.0,42.46699536925969,0.0,0.0,0.0,0.0
344,22,43.80143397209251,0.8807875199999999,45.43717217022109,41.52446459045637,0.0,6.0,0.0,0.0,0.0,0.0,43.801433972092525,0.0,0.0,0.0,0.0
344,23,43.80143397209251,0.80004288,45.43717217022101,37.85565648095378,0.0,6.0,0.0,0.0,0.0,0.0,43.801433972092525,0.0,0.0,0.0,0.0
345,0,33.0890915578256,0.57041808,34.32478377367835,20.715627599505517,0.0,6.0,0.0,0.0,0.0,0.0,33.0890915578256,0.0,0.0,0.0,0.0
345,1,28.311762967998654,0.5350199999999999,29.36904872199078,16.6851439599374,0.0,4.0,0.0,0.0,0.0,0.0,28.311762967998654,0.0,0.0,0.0,0.0
345,2,29.6,0.5338632,30.70539419087187,17.408828547718123,0.0,4.0,0.0,0.0,0.0,0.0,29.6,0.0,0.0,0.0,0.0
345,3,39.81328719251037,0.5269223999999999,41.30009044866265,23.128975773277133,0.0,6.0,0.0,0.0,0.0,0.0,39.81328719251039,0.0,0.0,0.0,0.0
345,4,43.62631985366372,0.5396472,45.25551852039848,25.919971517106372,0.0,6.0,0.0,0.0,0.0,0.0,43.62631985366363,0.0,0.0,0.0,0.0
345,5,22.200000000000003,0.59008368,23.02904564315314,14.351325410788139,0.0,3.0,0.0,0.0,0.0,0.0,22.200000000000003,0.0,0.0,0.0,0.0
345,6,43.80143397209251,0.86285712,45.437172170221245,40.70975791857558,0.0,6.0,0.0,0.0,0.0,0.0,43.801433972092525,0.0,0.0,0.0,0.0
345,7,14.8,1.02874224,15.352697095435897,16.302142273859143,0.0,2.0,0.0,0.0,0.0,0.0,14.8,0.0,0.0,0.0,0.0
345,8,0.0,1.10624784,0.0,0.0,0.0,1.0,0.0,0.0,0.0,0.0,0.0,0.0,0.0,0.0,0.0
345,9,0.0,1.12105488,0.0,0.0,0.0,0.0,0.0,0.0,0.0,0.0,0.0,0.0,0.0,0.0,0.0
345,10,0.0,1.07998848,0.0,0.0,0.0,0.0,0.0,0.0,0.0,0.0,0.0,0.0,0.0,0.0,0.0
345,11,0.0,1.0489862399999998,0.0,0.0,0.0,0.0,0.0,0.0,0.0,0.0,0.0,0.0,0.0,0.0,0.0
345,12,2.0431178868894446,1.0331380799999998,2.119416895113532,0.0,18.862810366510438,0.0,0.0,0.0,0.0,2.0,0.0,0.0,0.0,0.0,2.0431178868894446
345,13,0.0,1.03429488,0.0,0.0,0.0,0.0,0.0,0.0,0.0,0.0,0.0,0.0,0.0,0.0,0.0
345,14,0.0,1.0746672000000002,0.0,0.0,0.0,0.0,0.0,0.0,0.0,0.0,0.0,0.0,0.0,0.0,0.0
345,15,20.22163476677038,1.10960256,20.976799550592276,23.970242547068644,0.0,3.0,0.0,0.0,0.0,0.0,20.22163476677043,0.0,0.0,0.0,0.0
345,16,0.0,1.22053968,0.0,0.0,0.0,0.0,0.0,0.0,0.0,0.0,0.0,0.0,0.0,0.0,0.0
345,17,22.200000000000003,1.36490832,23.029045643155744,32.19479741079148,0.0,3.0,0.0,0.0,0.0,0.0,22.200000000000003,0.0,0.0,0.0,0.0
345,18,40.28861361839206,1.41869952,41.79316765393418,60.67530073926116,0.0,6.0,0.0,0.0,0.0,0.0,40.28861361839208,0.0,0.0,0.0,0.0
345,19,42.20973272727723,1.36305744,43.78602980008051,61.132191273444114,0.0,7.0,0.0,0.0,0.0,0.0,42.209732727277256,0.0,0.0,0.0,0.0
345,20,43.80143397209251,1.28080896,45.437172170221025,59.70030763151603,0.0,6.0,0.0,0.0,0.0,0.0,43.801433972092525,0.0,0.0,0.0,0.0
345,21,42.70668486787731,1.1430340799999998,44.30154031937526,52.10455136611131,0.0,6.0,0.0,0.0,0.0,0.0,42.70668486787731,0.0,0.0,0.0,0.0
345,22,43.80143397209262,1.10809872,45.43717217022098,51.8528427210758,0.0,7.0,0.0,0.0,0.0,0.0,43.801433972092624,0.0,0.0,0.0,0.0
345,23,43.80143397209251,1.00433376,45.43717217022106,47.13805636831978,0.0,6.0,0.0,0.0,0.0,0.0,43.801433972092525,0.0,0.0,0.0,0.0
346,0,41.48351077155145,1.0185624,43.03268752235701,45.25585943821202,0.0,6.0,0.0,0.0,0.0,0.0,41.483510771551316,0.0,0.0,0.0,0.0
346,1,38.94492161590206,1.00711008,40.399296282056945,42.02375521750214,0.0,6.0,0.0,0.0,0.0,0.0,38.944921615902075,0.0,0.0,0.0,0.0
346,2,35.196413084749885,0.99045216,36.51080195513513,37.370710204510786,0.0,6.0,0.0,0.0,0.0,0.0,35.19641308474976,0.0,0.0,0.0,0.0
346,3,40.59495240731329,0.97657056,42.11094648061612,42.51818291521371,0.0,6.0,0.0,0.0,0.0,0.0,40.59495240731329,0.0,0.0,0.0,0.0
346,4,38.81191581725698,0.98767584,40.261323461885254,41.09778627631763,0.0,6.0,0.0,0.0,0.0,0.0,38.81191581725698,0.0,0.0,0.0,0.0
346,5,43.80143397209251,1.02989904,45.437172170220734,48.29967039725935,0.0,6.0,0.0,0.0,0.0,0.0,43.801433972092525,0.0,0.0,0.0,0.0
346,6,43.801433972092525,1.2296784,45.43717217022115,57.3770795736364,0.0,6.0,0.0,0.0,0.0,0.0,43.80143397209238,0.0,0.0,0.0,0.0
346,7,30.477859931938273,1.43524176,31.61603727379575,43.28027535508473,19.04976460775762,4.0,0.0,0.0,0.0,1.0,28.41449216992947,0.0,0.0,0.0,2.0633677620088027
346,8,0.0,1.73439024,0.0,0.0,0.0,0.0,0.0,0.0,0.0,0.0,0.0,0.0,0.0,0.0,0.0
346,9,0.0,1.69575312,0.0,0.0,0.0,0.0,0.0,0.0,0.0,0.0,0.0,0.0,0.0,0.0,0.0
346,10,0.0,1.66440384,0.0,0.0,0.0,0.0,0.0,0.0,0.0,0.0,0.0,0.0,0.0,0.0,0.0
346,11,0.0,1.66903104,0.0,0.0,0.0,0.0,0.0,0.0,0.0,0.0,0.0,0.0,0.0,0.0,0.0
346,12,0.0,1.6937865599999995,0.0,0.0,0.0,0.0,0.0,0.0,0.0,0.0,0.0,0.0,0.0,0.0,0.0
346,13,5.529922585211217,1.68707712,5.736434217024085,0.0,51.05426453151436,0.0,0.0,0.0,0.0,2.0,0.0,0.0,0.0,0.0,5.529922585211217
346,14,0.0,1.73300208,0.0,0.0,0.0,0.0,0.0,0.0,0.0,0.0,0.0,0.0,0.0,0.0,0.0
346,15,43.80143397209247,1.90548096,45.43717217022114,88.08363684543258,0.0,6.0,0.0,0.0,0.0,0.0,43.801433972092525,0.0,0.0,0.0,0.0
346,16,0.0,2.09184144,0.0,0.0,0.0,0.0,0.0,0.0,0.0,0.0,0.0,0.0,0.0,0.0,0.0
346,17,7.4,1.99039008,7.676348547717764,15.533015136929304,0.0,1.0,0.0,0.0,0.0,0.0,7.4,0.0,0.0,0.0,0.0
346,18,43.80143397209251,1.79304,45.437172170221054,82.97463758692747,0.0,6.0,0.0,0.0,0.0,0.0,43.801433972092525,0.0,0.0,0.0,0.0
346,19,43.80143397209252,1.23152928,45.437172170223086,57.46117832686525,0.0,6.0,0.0,0.0,0.0,0.0,43.801433972092525,0.0,0.0,0.0,0.0
346,20,36.44488337313285,1.09213488,37.80589561528346,42.54051241595601,0.0,6.0,0.0,0.0,0.0,0.0,36.44488337313286,0.0,0.0,0.0,0.0
346,21,43.80143397209284,1.02353664,45.437172170221395,48.01058093304424,0.0,7.0,0.0,0.0,0.0,0.0,43.80143397209284,0.0,0.0,0.0,0.0
346,22,36.40143397209252,0.98813856,37.760823622503146,38.56280914065909,0.0,6.0,0.0,0.0,0.0,0.0,36.401433972092526,0.0,0.0,0.0,0.0
346,23,42.2022481374465,0.9184992,43.77826570274587,41.659362620120405,0.0,6.0,0.0,0.0,0.0,0.0,42.20224813744652,0.0,0.0,0.0,0.0
347,0,39.52221683509616,0.8945534399999999,40.99815024387618,38.032075107368584,0.0,7.0,0.0,0.0,0.0,0.0,39.52221683509616,0.0,0.0,0.0,0.0
347,1,29.6,0.8706076800000001,30.70539419087192,27.748700547718343,0.0,4.0,0.0,0.0,0.0,0.0,29.6,0.0,0.0,0.0,0.0
347,2,43.80143397209251,0.8736153599999998,45.43717217022129,41.19858192170417,0.0,6.0,0.0,0.0,0.0,0.0,43.801433972092525,0.0,0.0,0.0,0.0
347,3,43.80143397209252,0.84654624,45.43717217022102,39.968637655767566,0.0,6.0,0.0,0.0,0.0,0.0,43.801433972092525,0.0,0.0,0.0,0.0
347,4,42.08572054405173,0.8446953599999999,43.6573864564855,38.32225126122981,0.0,6.0,0.0,0.0,0.0,0.0,42.08572054405173,0.0,0.0,0.0,0.0
347,5,42.20973272727924,0.8728056000000001,43.786029800083085,39.66600959766216,0.0,6.0,0.0,0.0,0.0,0.0,42.20973272727914,0.0,0.0,0.0,0.0
347,6,47.88552822369671,0.9613008,49.67378446441542,45.182760355804696,37.70584941833752,6.0,0.0,0.0,0.0,1.0,43.801433972092525,0.0,0.0,0.0,4.084094251604199
347,7,37.0,1.23823872,38.38174273858959,48.79619568464777,0.0,5.0,0.0,0.0,0.0,0.0,37.0,0.0,0.0,0.0,0.0
347,8,0.0,1.6497124799999998,0.0,0.0,0.0,0.0,0.0,0.0,0.0,0.0,0.0,0.0,0.0,0.0,0.0
347,9,0.0,1.6497124799999998,0.0,0.0,0.0,0.0,0.0,0.0,0.0,0.0,0.0,0.0,0.0,0.0,0.0
347,10,0.0,1.6871927999999998,0.0,0.0,0.0,0.0,0.0,0.0,0.0,0.0,0.0,0.0,0.0,0.0,0.0
347,11,0.0,1.6906632,0.0,0.0,0.0,0.0,0.0,0.0,0.0,0.0,0.0,0.0,0.0,0.0,0.0
347,12,0.0,1.6948276800000002,0.0,0.0,0.0,0.0,0.0,0.0,0.0,0.0,0.0,0.0,0.0,0.0,0.0
347,13,4.063665478277329,1.25697888,4.2154206206196365,0.0,37.517243523514765,0.0,0.0,0.0,0.0,1.0,0.0,0.0,0.0,0.0,4.063665478277329
347,14,0.11097688786813639,1.23708192,0.11512125297524523,0.0,1.0245791514796825,0.0,0.0,0.0,0.0,1.0,0.0,0.0,0.0,0.0,0.11097688786813639
347,15,14.8,1.2655392,15.352697095435742,19.937614273858998,0.0,2.0,0.0,0.0,0.0,0.0,14.8,0.0,0.0,0.0,0.0
347,16,0.0,1.25697888,0.0,0.0,0.0,0.0,0.0,0.0,0.0,0.0,0.0,0.0,0.0,0.0,0.0
347,17,0.0,1.31505024,0.0,0.0,0.0,0.0,0.0,0.0,0.0,0.0,0.0,0.0,0.0,0.0,0.0
347,18,35.596252457936835,1.25663184,36.9255730891478,47.62408732332108,0.0,5.0,0.0,0.0,0.0,0.0,35.596252457936835,0.0,0.0,0.0,0.0
347,19,41.643192160588335,1.18467888,43.19833211679323,52.606016503056495,0.0,6.0,0.0,0.0,0.0,0.0,41.643192160588335,0.0,0.0,0.0,0.0
347,20,43.65764136476871,1.11723744,45.28800971449089,52.09649315766258,0.0,6.0,0.0,0.0,0.0,0.0,43.657641364768715,0.0,0.0,0.0,0.0
347,21,42.808298755186364,1.05129984,44.406948916171096,48.1548882995841,0.0,6.0,0.0,0.0,0.0,0.0,42.808298755186364,0.0,0.0,0.0,0.0
347,22,43.80143397209251,1.0683048,45.43717217022296,50.04471952670997,0.0,6.0,0.0,0.0,0.0,0.0,43.801433972092525,0.0,0.0,0.0,0.0
347,23,43.2180653946481,0.974604,44.83201804424131,45.177403911254146,0.0,6.0,0.0,0.0,0.0,0.0,43.21806539464811,0.0,0.0,0.0,0.0
348,0,43.80143397209252,0.89466912,45.43717217022114,42.15520523965456,0.0,6.0,0.0,0.0,0.0,0.0,43.801433972092525,0.0,0.0,0.0,0.0
348,1,42.808298755186364,0.8826383999999999,44.40694891616915,40.66514834937447,0.0,6.0,0.0,0.0,0.0,0.0,42.808298755186364,0.0,0.0,0.0,0.0
348,2,41.01831572006013,0.8900419199999999,42.55012004155666,39.2797995113931,0.0,6.0,0.0,0.0,0.0,0.0,41.01831572006014,0.0,0.0,0.0,0.0
348,3,40.39544314279536,0.8884224,41.9039866626516,38.615462358934685,0.0,6.0,0.0,0.0,0.0,0.0,40.395443142795365,0.0,0.0,0.0,0.0
348,4,43.80143397209251,0.90855072,45.43717217022113,42.785945888852694,0.0,6.0,0.0,0.0,0.0,0.0,43.801433972092525,0.0,0.0,0.0,0.0
348,5,43.80143397209206,0.95516976,45.43717217022029,44.904183235742295,0.0,7.0,0.0,0.0,0.0,0.0,43.80143397209209,0.0,0.0,0.0,0.0
348,6,43.80143397209252,1.13921664,45.43717217022119,53.26675300969521,0.0,6.0,0.0,0.0,0.0,0.0,43.801433972092525,0.0,0.0,0.0,0.0
348,7,14.20143397209251,1.41835248,14.731777979349182,21.382475682935755,0.0,2.0,0.0,0.0,0.0,0.0,14.20143397209251,0.0,0.0,0.0,0.0
348,8,1.1505698539943794,1.54860816,1.1935371929402276,0.0,10.622481017168026,0.0,0.0,0.0,0.0,1.0,0.0,0.0,0.0,0.0,1.1505698539943794
348,9,0.0,1.7349686399999995,0.0,0.0,0.0,0.0,0.0,0.0,0.0,0.0,0.0,0.0,0.0,0.0,0.0
348,10,0.0,1.7349686399999995,0.0,0.0,0.0,0.0,0.0,0.0,0.0,0.0,0.0,0.0,0.0,0.0,0.0
348,11,0.0,1.50777312,0.0,0.0,0.0,0.0,0.0,0.0,0.0,0.0,0.0,0.0,0.0,0.0,0.0
348,12,0.0,1.41708,0.0,0.0,0.0,0.0,0.0,0.0,0.0,0.0,0.0,0.0,0.0,0.0,0.0
348,13,0.0,1.5709344,0.0,0.0,0.0,0.0,0.0,0.0,0.0,0.0,0.0,0.0,0.0,0.0,0.0
348,14,0.0,1.73473728,0.0,0.0,0.0,0.0,0.0,0.0,0.0,0.0,0.0,0.0,0.0,0.0,0.0
348,15,29.6,2.17906416,30.705394190871715,67.92537254771861,0.0,4.0,0.0,0.0,0.0,0.0,29.6,0.0,0.0,0.0,0.0
348,16,0.0,2.17524672,0.0,0.0,0.0,0.0,0.0,0.0,0.0,0.0,0.0,0.0,0.0,0.0,0.0
348,17,0.0,2.08952784,0.0,0.0,0.0,0.0,0.0,0.0,0.0,0.0,0.0,0.0,0.0,0.0,0.0
348,18,22.200000000000003,1.6704192,23.029045643153882,39.230421410788985,0.0,3.0,0.0,0.0,0.0,0.0,22.200000000000003,0.0,0.0,0.0,0.0
348,19,42.09858148851417,1.4225169599999998,43.67072768518125,63.567851874091346,0.0,6.0,0.0,0.0,0.0,0.0,42.09858148851417,0.0,0.0,0.0,0.0
348,20,43.80143397209251,1.26415104,45.437172170221054,58.94341885247832,0.0,6.0,0.0,0.0,0.0,0.0,43.80143397209252,0.0,0.0,0.0,0.0
348,21,37.0,1.1128416,38.38174273858942,43.98323568464754,0.0,5.0,0.0,0.0,0.0,0.0,37.0,0.0,0.0,0.0,0.0
348,22,43.801433972092575,1.09271328,45.437172170221125,51.153771834881354,0.0,6.0,0.0,0.0,0.0,0.0,43.801433972092575,0.0,0.0,0.0,0.0
348,23,43.801433972092546,0.9898737599999998,45.43717217022109,46.48103485873842,0.0,6.0,0.0,0.0,0.0,0.0,43.801433972092546,0.0,0.0,0.0,0.0
349,0,43.80143397209252,0.99635184,45.43717217022103,46.77538049503083,0.0,6.0,0.0,0.0,0.0,0.0,43.801433972092525,0.0,0.0,0.0,0.0
349,1,43.8014339720925,0.95933424,45.43717217022119,45.093405430502614,0.0,7.0,0.0,0.0,0.0,0.0,43.801433972092525,0.0,0.0,0.0,0.0
349,2,41.957418992148014,0.9265968,43.52429356032179,41.77012525210143,0.0,6.0,0.0,0.0,0.0,0.0,41.957418992148014,0.0,0.0,0.0,0.0
349,3,37.908430347602845,0.8855303999999999,39.32409787095788,36.12431175683718,0.0,6.0,0.0,0.0,0.0,0.0,37.908430347602845,0.0,0.0,0.0,0.0
349,4,14.8,0.86945088,15.352697095436014,13.85659027385922,0.0,2.0,0.0,0.0,0.0,0.0,14.8,0.0,0.0,0.0,0.0
349,5,43.80143397209251,0.93018288,45.43717217022106,43.76885006718639,0.0,6.0,0.0,0.0,0.0,0.0,43.801433972092525,0.0,0.0,0.0,0.0
349,6,34.351802880964584,1.11018096,35.634650291457646,40.74041719448198,0.0,7.0,0.0,0.0,0.0,0.0,34.3518028809646,0.0,0.0,0.0,0.0
349,7,42.144221509824966,1.2371976,43.71807210562792,55.53496207240609,0.0,6.0,0.0,0.0,0.0,0.0,42.14422150982498,0.0,0.0,0.0,0.0
349,8,8.786206694377535,1.405512,9.114322297072238,11.043287136929614,12.797966369253174,1.0,0.0,0.0,0.0,1.0,7.4,0.0,0.0,0.0,1.3862066943775346
349,9,0.0,1.35854592,0.0,0.0,0.0,0.0,0.0,0.0,0.0,0.0,0.0,0.0,0.0,0.0,0.0
349,10,0.0,1.27213296,0.0,0.0,0.0,0.0,0.0,0.0,0.0,0.0,0.0,0.0,0.0,0.0,0.0
349,11,0.0,1.188612,0.0,0.0,0.0,0.0,0.0,0.0,0.0,0.0,0.0,0.0,0.0,0.0,0.0
349,12,0.0,1.08889584,0.0,0.0,0.0,0.0,0.0,0.0,0.0,0.0,0.0,0.0,0.0,0.0,0.0
349,13,0.0,1.0214544,0.0,0.0,0.0,0.0,0.0,0.0,0.0,0.0,0.0,0.0,0.0,0.0,0.0
349,14,0.0,0.99878112,0.0,0.0,0.0,0.0,0.0,0.0,0.0,0.0,0.0,0.0,0.0,0.0,0.0
349,15,43.17185885435623,1.0145136,44.78408594850308,32.16738854771864,125.30035664291545,4.0,0.0,0.0,0.0,1.0,29.6,0.0,0.0,0.0,13.571858854356234
349,16,4.642223963343945,1.10786736,4.815585024215711,0.0,42.85870671551983,0.0,0.0,0.0,0.0,1.0,0.0,0.0,0.0,0.0,4.642223963343945
349,17,0.0,1.0717752,0.0,0.0,0.0,0.0,0.0,0.0,0.0,0.0,0.0,0.0,0.0,0.0,0.0
349,18,22.200000000000003,0.98223888,23.029045643153495,23.38228541078835,0.0,3.0,0.0,0.0,0.0,0.0,22.200000000000003,0.0,0.0,0.0,0.0
349,19,37.0,0.9208128,38.381742738589814,36.612835684647884,0.0,6.0,0.0,0.0,0.0,0.0,37.0,0.0,0.0,0.0,0.0
349,20,37.975370084005235,0.89085168,39.39353743154091,36.39772509101511,0.0,6.0,0.0,0.0,0.0,0.0,37.975370084005235,0.0,0.0,0.0,0.0
349,21,43.20286794418526,0.8756976,44.81625305413511,40.72890321659065,0.0,6.0,0.0,0.0,0.0,0.0,43.202867944185265,0.0,0.0,0.0,0.0
349,22,24.966872491454556,0.7033343999999999,25.89924532308592,19.073095189959588,0.0,6.0,0.0,0.0,0.0,0.0,24.966872491454563,0.0,0.0,0.0,0.0
349,23,27.553013973139144,0.8036289600000001,28.581964702426816,23.915357600218304,0.0,4.0,0.0,0.0,0.0,0.0,27.553013973139144,0.0,0.0,0.0,0.0
350,0,22.200000000000003,0.5049432,23.02904564315392,12.390621410788594,0.0,3.0,0.0,0.0,0.0,0.0,22.200000000000003,0.0,0.0,0.0,0.0
350,1,37.0,0.44617776,38.381742738585075,18.39551568464532,0.0,5.0,0.0,0.0,0.0,0.0,37.0,0.0,0.0,0.0,0.0
350,2,29.6,0.39874896,30.705394190871793,13.260092547718026,0.0,4.0,0.0,0.0,0.0,0.0,29.6,0.0,0.0,0.0,0.0
350,3,39.68196159443743,0.30990672,41.16386057514311,14.119480798417154,0.0,6.0,0.0,0.0,0.0,0.0,39.68196159443743,0.0,0.0,0.0,0.0
350,4,36.40143397209251,0.25322352,37.760823622505946,10.811811937695053,0.0,6.0,0.0,0.0,0.0,0.0,36.401433972092526,0.0,0.0,0.0,0.0
350,5,29.6,0.2007048,30.7053941908721,7.179068547718011,0.0,4.0,0.0,0.0,0.0,0.0,29.6,0.0,0.0,0.0,0.0
350,6,38.42603157970241,0.18994656,39.86102860965026,8.890865309444072,0.0,6.0,0.0,0.0,0.0,0.0,38.42603157970242,0.0,0.0,0.0,0.0
350,7,43.80143397209252,0.19133472,45.43717217022098,10.197679013615339,0.0,6.0,0.0,0.0,0.0,0.0,43.801433972092525,0.0,0.0,0.0,0.0
350,8,43.80143397209252,0.19283856,45.43717217022083,10.266009250611768,0.0,6.0,0.0,0.0,0.0,0.0,43.801433972092525,0.0,0.0,0.0,0.0
350,9,43.80143397209251,0.1868232,45.43717217022342,9.992688302626478,0.0,6.0,0.0,0.0,0.0,0.0,43.801433972092525,0.0,0.0,0.0,0.0
350,10,7.894836142930409,0.18034512,8.189664048683102,1.638479136929483,4.5685079585898665,2.0,0.0,0.0,0.0,1.0,7.4,0.0,0.0,0.0,0.49483614293040795
350,11,0.0,0.1602167999999999,0.0,0.0,0.0,0.0,0.0,0.0,0.0,0.0,0.0,0.0,0.0,0.0,0.0
350,12,0.0,0.15258192,0.0,0.0,0.0,0.0,0.0,0.0,0.0,0.0,0.0,0.0,0.0,0.0,0.0
350,13,0.0,0.1433275199999999,0.0,0.0,0.0,0.0,0.0,0.0,0.0,0.0,0.0,0.0,0.0,0.0,0.0
350,14,0.0,0.14702928,0.0,0.0,0.0,0.0,0.0,0.0,0.0,0.0,0.0,0.0,0.0,0.0,0.0
350,15,22.349629612413644,0.15929136,23.184263083416518,4.460451905216297,0.0,4.0,0.0,0.0,0.0,0.0,22.349629612413644,0.0,0.0,0.0,0.0
350,16,0.0,0.16391856,0.0,0.0,0.0,0.0,0.0,0.0,0.0,0.0,0.0,0.0,0.0,0.0,0.0
350,17,0.0,0.15975408,0.0,0.0,0.0,0.0,0.0,0.0,0.0,0.0,0.0,0.0,0.0,0.0,0.0
350,18,0.0,0.1330319999999999,0.0,0.0,0.0,0.0,0.0,0.0,0.0,0.0,0.0,0.0,0.0,0.0,0.0
350,19,27.912311169701645,0.12424032,28.954679636620355,4.555738559523331,0.0,4.0,0.0,0.0,0.0,0.0,27.912311169701645,0.0,0.0,0.0,0.0
350,20,22.200000000000003,0.0572616,23.029045643156174,2.080941410788621,0.0,3.0,0.0,0.0,0.0,0.0,22.200000000000003,0.0,0.0,0.0,0.0
350,21,29.6,0.02568096,30.705394190871687,1.804892547717861,0.0,4.0,0.0,0.0,0.0,0.0,29.6,0.0,0.0,0.0,0.0
350,22,34.42437382544952,0.0003470399999999,35.709931354201,1.1943915024012113,0.0,5.0,0.0,0.0,0.0,0.0,34.42437382544952,0.0,0.0,0.0,0.0
350,23,43.43012374387055,0.00011568,45.05199558492846,1.4964326687103964,0.0,6.0,0.0,0.0,0.0,0.0,43.43012374387057,0.0,0.0,0.0,0.0
351,0,7.4,-0.0127248,7.676348547717948,0.1564071369294627,0.0,1.0,0.0,0.0,0.0,0.0,7.4,0.0,0.0,0.0,0.0
351,1,43.80143397209252,-0.01284048,45.43717217022102,0.920535298326036,0.0,6.0,0.0,0.0,0.0,0.0,43.801433972092525,0.0,0.0,0.0,0.0
351,2,43.80143397209251,-0.01284048,45.43717217022109,0.9205352983260373,0.0,6.0,0.0,0.0,0.0,0.0,43.801433972092525,0.0,0.0,0.0,0.0
351,3,14.8,-0.0127248,15.352697095435897,0.3128142738589254,0.0,2.0,0.0,0.0,0.0,0.0,14.8,0.0,0.0,0.0,0.0
351,4,29.6,-0.0083289599999999,30.705394190869757,0.7606045477178054,0.0,4.0,0.0,0.0,0.0,0.0,29.6,0.0,0.0,0.0,0.0
351,5,37.0,-0.00127248,38.3817427385899,1.2215956846473248,0.0,5.0,0.0,0.0,0.0,0.0,37.0,0.0,0.0,0.0,0.0
351,6,41.033869786937544,-0.00011568,42.56625496570319,1.404018974990343,0.0,6.0,0.0,0.0,0.0,0.0,41.03386978693756,0.0,0.0,0.0,0.0
351,7,43.80143397209251,0.00011568,45.43717217022,1.5092265709109332,0.0,6.0,0.0,0.0,0.0,0.0,43.801433972092525,0.0,0.0,0.0,0.0
351,8,31.344176100920507,0.01492272,32.51470549888409,1.5614445980553708,0.0,6.0,0.0,0.0,0.0,0.0,31.344176100920514,0.0,0.0,0.0,0.0
351,9,39.91840335393303,0.02556528,41.409132109889356,2.4292783297836498,0.0,6.0,0.0,0.0,0.0,0.0,39.91840335393303,0.0,0.0,0.0,0.0
351,10,14.8,0.02915136,15.35269709543939,0.9557262738591519,0.0,3.0,0.0,0.0,0.0,0.0,14.8,0.0,0.0,0.0,0.0
351,11,0.0,0.0416447999999999,0.0,0.0,0.0,0.0,0.0,0.0,0.0,0.0,0.0,0.0,0.0,0.0,0.0
351,12,0.0,0.02614368,0.0,0.0,0.0,0.0,0.0,0.0,0.0,0.0,0.0,0.0,0.0,0.0,0.0
351,13,0.0,0.0453465599999999,0.0,0.0,0.0,0.0,0.0,0.0,0.0,0.0,0.0,0.0,0.0,0.0,0.0
351,14,0.0,0.02579664,0.0,0.0,0.0,0.0,0.0,0.0,0.0,0.0,0.0,0.0,0.0,0.0,0.0
351,15,39.71017355300221,0.04719744,41.19312609232667,3.3077025708110352,0.0,6.0,0.0,0.0,0.0,0.0,39.71017355300221,0.0,0.0,0.0,0.0
351,16,0.0,0.0651278399999999,0.0,0.0,0.0,0.0,0.0,0.0,0.0,0.0,0.0,0.0,0.0,0.0,0.0
351,17,0.0,0.13083408,0.0,0.0,0.0,0.0,0.0,0.0,0.0,0.0,0.0,0.0,0.0,0.0,0.0
351,18,7.4,0.1605638399999999,7.676348547717812,1.486631136929454,0.0,1.0,0.0,0.0,0.0,0.0,7.4,0.0,0.0,0.0,0.0
351,19,39.067280322702366,0.15767184,40.526224401144,7.731262397259138,0.0,6.0,0.0,0.0,0.0,0.0,39.06728032270238,0.0,0.0,0.0,0.0
351,20,36.006993622634845,0.1434432,37.351653135513686,6.594180369833619,0.0,6.0,0.0,0.0,0.0,0.0,36.006993622634845,0.0,0.0,0.0,0.0
351,21,14.8,0.13222224,15.352697095436003,2.5381422738589734,0.0,2.0,0.0,0.0,0.0,0.0,14.8,0.0,0.0,0.0,0.0
351,22,23.740408121194307,0.07773696,24.626979378832587,2.7295795283324917,0.0,4.0,0.0,0.0,0.0,0.0,23.740408121194307,0.0,0.0,0.0,0.0
351,23,33.18243011434664,0.06917664,34.42160800243474,3.520526409886137,0.0,6.0,0.0,0.0,0.0,0.0,33.18243011434665,0.0,0.0,0.0,0.0
352,0,22.200000000000003,0.11949744,23.029045643155534,3.514173410788688,0.0,3.0,0.0,0.0,0.0,0.0,22.200000000000003,0.0,0.0,0.0,0.0
352,1,41.67348742098963,0.1026081599999999,43.229758735467534,5.866631015234222,0.0,6.0,0.0,0.0,0.0,0.0,41.673487420989645,0.0,0.0,0.0,0.0
352,2,23.834525098314174,0.07206864,24.724611097836735,2.6002537236883967,0.0,4.0,0.0,0.0,0.0,0.0,23.834525098314174,0.0,0.0,0.0,0.0
352,3,43.80143397209252,0.0577243199999999,45.4371721702225,4.126800265083379,0.0,6.0,0.0,0.0,0.0,0.0,43.801433972092525,0.0,0.0,0.0,0.0
352,4,14.8,0.07102752,15.352697095435941,1.5986382738589477,0.0,2.0,0.0,0.0,0.0,0.0,14.8,0.0,0.0,0.0,0.0
352,5,43.80143397209252,0.11648976,45.437172170222006,6.796935680022187,0.0,6.0,0.0,0.0,0.0,0.0,43.801433972092525,0.0,0.0,0.0,0.0
352,6,43.80143397209251,0.18150192,45.43717217022106,9.750904387100006,0.0,6.0,0.0,0.0,0.0,0.0,43.801433972092525,0.0,0.0,0.0,0.0
352,7,33.28954257784112,0.24535728,34.53272051643537,9.615887426006788,0.0,5.0,0.0,0.0,0.0,0.0,33.28954257784112,0.0,0.0,0.0,0.0
352,8,0.0,0.28908432,0.0,0.0,0.0,0.0,0.0,0.0,0.0,0.0,0.0,0.0,0.0,0.0,0.0
352,9,0.0,0.26988144,0.0,0.0,0.0,0.0,0.0,0.0,0.0,0.0,0.0,0.0,0.0,0.0,0.0
352,10,0.0,0.24824928,0.0,0.0,0.0,0.0,0.0,0.0,0.0,0.0,0.0,0.0,0.0,0.0,0.0
352,11,0.0,0.23112864,0.0,0.0,0.0,0.0,0.0,0.0,0.0,0.0,0.0,0.0,0.0,0.0,0.0
352,12,0.0,0.20116752,0.0,0.0,0.0,0.0,0.0,0.0,0.0,0.0,0.0,0.0,0.0,0.0,0.0
352,13,0.0,0.19711872,0.0,0.0,0.0,0.0,0.0,0.0,0.0,0.0,0.0,0.0,0.0,0.0,0.0
352,14,0.0,0.19688736,0.0,0.0,0.0,0.0,0.0,0.0,0.0,0.0,0.0,0.0,0.0,0.0,0.0
352,15,14.8,0.2105376,15.352697095436348,3.740494273859082,0.0,2.0,0.0,0.0,0.0,0.0,14.8,0.0,0.0,0.0,0.0
352,16,0.0,0.23332656,0.0,0.0,0.0,0.0,0.0,0.0,0.0,0.0,0.0,0.0,0.0,0.0,0.0
352,17,0.0,0.26999712,0.0,0.0,0.0,0.0,0.0,0.0,0.0,0.0,0.0,0.0,0.0,0.0,0.0
352,18,43.80143397209251,0.25981728,45.43717217022106,13.30933288299285,0.0,6.0,0.0,0.0,0.0,0.0,43.801433972092525,0.0,0.0,0.0,0.0
352,19,43.80143397209251,0.22222128,45.43717217022246,11.601076958081578,0.0,6.0,0.0,0.0,0.0,0.0,43.801433972092525,0.0,0.0,0.0,0.0
352,20,37.0,0.1989696,38.381742738589814,8.907235684647443,0.0,5.0,0.0,0.0,0.0,0.0,37.0,0.0,0.0,0.0,0.0
352,21,18.0153100713955,0.17594928,18.68808098692508,3.9067298748983776,0.0,3.0,0.0,0.0,0.0,0.0,18.0153100713955,0.0,0.0,0.0,0.0
352,22,22.200000000000003,0.1464508799999999,23.02904564315402,4.134885410788468,0.0,3.0,0.0,0.0,0.0,0.0,22.200000000000003,0.0,0.0,0.0,0.0
352,23,43.80143397209282,0.11660544,45.43717217022102,6.802191852098693,0.0,6.0,0.0,0.0,0.0,0.0,43.80143397209282,0.0,0.0,0.0,0.0
353,0,43.801433972092376,0.09323808,45.43717217022098,5.740445092615152,0.0,6.0,0.0,0.0,0.0,0.0,43.801433972092376,0.0,0.0,0.0,0.0
353,1,36.83547124526717,0.0615417599999999,38.21106975650161,3.6163628932380787,0.0,6.0,0.0,0.0,0.0,0.0,36.835471245267186,0.0,0.0,0.0,0.0
353,2,43.80143397209251,0.02637504,45.43717217022094,2.7023776323107764,0.0,6.0,0.0,0.0,0.0,0.0,43.80143397209252,0.0,0.0,0.0,0.0
353,3,43.80143397209252,0.01827744,45.43717217022337,2.3344455869453204,0.0,6.0,0.0,0.0,0.0,0.0,43.801433972092525,0.0,0.0,0.0,0.0
353,4,29.6,0.049164,30.70539419087183,2.52594854771788,0.0,4.0,0.0,0.0,0.0,0.0,29.6,0.0,0.0,0.0,0.0
353,5,38.829843962632744,0.10191408,40.27992112306337,5.438356492902967,0.0,6.0,0.0,0.0,0.0,0.0,38.829843962632744,0.0,0.0,0.0,0.0
353,6,36.40143397209252,0.1633401599999999,37.760823622503295,7.417742234136323,0.0,6.0,0.0,0.0,0.0,0.0,36.401433972092526,0.0,0.0,0.0,0.0
353,7,37.0,0.27369888,38.381742738589814,11.775475684647489,0.0,5.0,0.0,0.0,0.0,0.0,37.0,0.0,0.0,0.0,0.0
353,8,22.200000000000003,0.35791392,23.02904564315392,9.004677410788537,0.0,3.0,0.0,0.0,0.0,0.0,22.200000000000003,0.0,0.0,0.0,0.0
353,9,0.0,0.36520176,0.0,0.0,0.0,0.0,0.0,0.0,0.0,0.0,0.0,0.0,0.0,0.0,0.0
353,10,0.0,0.38093424,0.0,0.0,0.0,0.0,0.0,0.0,0.0,0.0,0.0,0.0,0.0,0.0,0.0
353,11,0.0,0.35872368,0.0,0.0,0.0,0.0,0.0,0.0,0.0,0.0,0.0,0.0,0.0,0.0,0.0
353,12,0.0,0.30967536,0.0,0.0,0.0,0.0,0.0,0.0,0.0,0.0,0.0,0.0,0.0,0.0,0.0
353,13,0.0,0.27219504,0.0,0.0,0.0,0.0,0.0,0.0,0.0,0.0,0.0,0.0,0.0,0.0,0.0
353,14,0.0,0.27508704,0.0,0.0,0.0,0.0,0.0,0.0,0.0,0.0,0.0,0.0,0.0,0.0,0.0
353,15,34.118128263917114,0.2701128,35.39224923642678,10.731382989274826,0.0,5.0,0.0,0.0,0.0,0.0,34.118128263917114,0.0,0.0,0.0,0.0
353,16,0.0,0.23899488,0.0,0.0,0.0,0.0,0.0,0.0,0.0,0.0,0.0,0.0,0.0,0.0,0.0
353,17,0.0,0.23297952,0.0,0.0,0.0,0.0,0.0,0.0,0.0,0.0,0.0,0.0,0.0,0.0,0.0
353,18,43.80143397209251,0.23899488,45.43717217022127,12.363221909195696,0.0,6.0,0.0,0.0,0.0,0.0,43.801433972092525,0.0,0.0,0.0,0.0
353,19,43.80143397209251,0.20232432,45.43717217022146,10.69701536089731,0.0,6.0,0.0,0.0,0.0,0.0,43.801433972092525,0.0,0.0,0.0,0.0
353,20,43.80143397209248,0.1799980799999999,45.43717217022074,9.682574150103468,0.0,7.0,0.0,0.0,0.0,0.0,43.801433972092525,0.0,0.0,0.0,0.0
353,21,37.59698801138524,0.1591756799999999,39.001024908076715,7.498948584897384,0.0,6.0,0.0,0.0,0.0,0.0,37.59698801138526,0.0,0.0,0.0,0.0
353,22,43.80143397209251,0.1405512,45.437172170221096,7.890219471965495,0.0,6.0,0.0,0.0,0.0,0.0,43.801433972092525,0.0,0.0,0.0,0.0
353,23,25.248878711957012,0.1312968,26.19178289622136,4.305845294433523,0.0,4.0,0.0,0.0,0.0,0.0,25.24887871195691,0.0,0.0,0.0,0.0
354,0,35.40212585424844,0.1333790399999999,36.72419694424319,6.113809052048536,0.0,6.0,0.0,0.0,0.0,0.0,35.40212585424845,0.0,0.0,0.0,0.0
354,1,37.0,0.1216953599999999,38.381742738589935,5.941315684647412,0.0,5.0,0.0,0.0,0.0,0.0,37.0,0.0,0.0,0.0,0.0
354,2,36.401433972092505,0.11672112,37.760823622502954,5.65736888724585,0.0,6.0,0.0,0.0,0.0,0.0,36.401433972092526,0.0,0.0,0.0,0.0
354,3,29.6,0.1168367999999999,30.70539419087183,4.603868547717908,0.0,4.0,0.0,0.0,0.0,0.0,29.6,0.0,0.0,0.0,0.0
354,4,36.40143397209128,0.1579032,37.76082362250145,7.212438146533369,0.0,7.0,0.0,0.0,0.0,0.0,36.401433972091304,0.0,0.0,0.0,0.0
354,5,41.34380822982148,0.19746576,42.88776787325918,9.888450794401585,0.0,6.0,0.0,0.0,0.0,0.0,41.34380822982148,0.0,0.0,0.0,0.0
354,6,41.35111203434227,0.31337712,42.89534443396504,14.86225540088824,0.0,6.0,0.0,0.0,0.0,0.0,41.35111203434228,0.0,0.0,0.0,0.0
354,7,29.6,0.4409721599999999,30.70539419086915,14.556572547716787,0.0,4.0,0.0,0.0,0.0,0.0,29.6,0.0,0.0,0.0,0.0
354,8,0.0,0.52322064,0.0,0.0,0.0,0.0,0.0,0.0,0.0,0.0,0.0,0.0,0.0,0.0,0.0
354,9,0.0,0.5804822399999999,0.0,0.0,0.0,0.0,0.0,0.0,0.0,0.0,0.0,0.0,0.0,0.0,0.0
354,10,1.4436295518493556,0.7669583999999999,1.4975410288893731,0.0,13.328115157115421,0.0,0.0,0.0,0.0,1.0,0.0,0.0,0.0,0.0,1.4436295518493556
354,11,0.0,0.70402848,0.0,0.0,0.0,0.0,0.0,0.0,0.0,0.0,0.0,0.0,0.0,0.0,0.0
354,12,0.0,0.6999796799999999,0.0,0.0,0.0,0.0,0.0,0.0,0.0,0.0,0.0,0.0,0.0,0.0,0.0
354,13,0.0,0.70090512,0.0,0.0,0.0,0.0,0.0,0.0,0.0,0.0,0.0,0.0,0.0,0.0,0.0
354,14,0.0,0.7727423999999999,0.0,0.0,0.0,0.0,0.0,0.0,0.0,0.0,0.0,0.0,0.0,0.0,0.0
354,15,39.79190519417867,0.7902100799999999,41.277909952468264,33.98451934519944,0.0,6.0,0.0,0.0,0.0,0.0,39.79190519417867,0.0,0.0,0.0,0.0
354,16,0.0,0.8238729599999999,0.0,0.0,0.0,0.0,0.0,0.0,0.0,0.0,0.0,0.0,0.0,0.0,0.0
354,17,18.646728700662205,0.8994119999999999,19.34307956500239,12.776864199996389,50.20957107337578,2.0,0.0,0.0,0.0,2.0,13.208298755186446,0.0,0.0,0.0,5.438429945475758
354,18,42.77302888333841,0.8670216000000001,44.37036191217738,39.93872115696817,0.0,7.0,0.0,0.0,0.0,0.0,42.77302888333842,0.0,0.0,0.0,0.0
354,19,42.808298755186705,0.79275504,44.406948916169426,36.67370257344106,0.0,6.0,0.0,0.0,0.0,0.0,42.80829875518672,0.0,0.0,0.0,0.0
354,20,41.815163538280686,0.7907884799999999,43.37672566211815,35.737584573139515,0.0,6.0,0.0,0.0,0.0,0.0,41.81516353828069,0.0,0.0,0.0,0.0
354,21,43.80143397209252,0.73653456,45.43717217022093,34.97001801087223,0.0,6.0,0.0,0.0,0.0,0.0,43.801433972092525,0.0,0.0,0.0,0.0
354,22,40.82314631782595,0.6935016,42.347662155421354,30.769879078388605,0.0,6.0,0.0,0.0,0.0,0.0,40.82314631782595,0.0,0.0,0.0,0.0
354,23,41.54206099827695,0.56544384,43.093424272072,25.79330364255518,0.0,6.0,0.0,0.0,0.0,0.0,41.54206099827695,0.0,0.0,0.0,0.0
355,0,41.44443496037882,0.51396624,42.99215244852796,23.519555189522983,0.0,6.0,0.0,0.0,0.0,0.0,41.44443496037883,0.0,0.0,0.0,0.0
355,1,43.80143397209252,0.488748,45.43717217022232,23.711297422686172,0.0,6.0,0.0,0.0,0.0,0.0,43.801433972092525,0.0,0.0,0.0,0.0
355,2,40.28054736513791,0.43218048,41.78480017130515,19.441651880408944,0.0,7.0,0.0,0.0,0.0,0.0,40.280547365137934,0.0,0.0,0.0,0.0
355,3,43.80143397209252,0.3857928,45.437172170221245,19.033304274466055,0.0,6.0,0.0,0.0,0.0,0.0,43.801433972092525,0.0,0.0,0.0,0.0
355,4,37.0,0.37515024,38.38174273858978,15.669355684647538,0.0,5.0,0.0,0.0,0.0,0.0,37.0,0.0,0.0,0.0,0.0
355,5,43.801433972092525,0.3834791999999999,45.43717217021973,18.928180832932398,0.0,6.0,0.0,0.0,0.0,0.0,43.80143397209239,0.0,0.0,0.0,0.0
355,6,38.618212500717256,0.4294041599999999,40.06038641153289,18.52809536654143,0.0,6.0,0.0,0.0,0.0,0.0,38.61821250071726,0.0,0.0,0.0,0.0
355,7,43.066253868744745,0.53478864,44.674537208242036,21.796555684647647,56.00587077990477,5.0,0.0,0.0,0.0,1.0,37.0,0.0,0.0,0.0,6.066253868744741
355,8,0.0,0.56636928,0.0,0.0,0.0,0.0,0.0,0.0,0.0,0.0,0.0,0.0,0.0,0.0,0.0
355,9,0.0,0.4413192,0.0,0.0,0.0,0.0,0.0,0.0,0.0,0.0,0.0,0.0,0.0,0.0,0.0
355,10,0.0,0.40638384,0.0,0.0,0.0,0.0,0.0,0.0,0.0,0.0,0.0,0.0,0.0,0.0,0.0
355,11,3.0942647759492234,0.40279776,3.2098182323124727,0.0,28.567382267581007,0.0,0.0,0.0,0.0,1.0,0.0,0.0,0.0,0.0,3.0942647759492234
355,12,0.0,0.38787504,0.0,0.0,0.0,0.0,0.0,0.0,0.0,0.0,0.0,0.0,0.0,0.0,0.0
355,13,0.0,0.3915768,0.0,0.0,0.0,0.0,0.0,0.0,0.0,0.0,0.0,0.0,0.0,0.0,0.0
355,14,0.0,0.39759216,0.0,0.0,0.0,0.0,0.0,0.0,0.0,0.0,0.0,0.0,0.0,0.0,0.0
355,15,37.0,0.40476432,38.38174273858941,16.80599568464739,0.0,5.0,0.0,0.0,0.0,0.0,37.0,0.0,0.0,0.0,0.0
355,16,4.694597355982877,0.40407024,4.869914269691781,0.0,43.34223700025686,0.0,0.0,0.0,0.0,1.0,0.0,0.0,0.0,0.0,4.694597355982877
355,17,7.4,0.41575392,7.676348547717948,3.4455591369295084,0.0,1.0,0.0,0.0,0.0,0.0,7.4,0.0,0.0,0.0,0.0
355,18,37.0,0.44513664,38.38174273858969,18.355555684647534,0.0,5.0,0.0,0.0,0.0,0.0,37.0,0.0,0.0,0.0,0.0
355,19,45.20979892025798,0.5448528,46.898131660019196,25.55710391564706,23.8348928650647,7.0,0.0,0.0,0.0,1.0,42.62813187285087,0.0,0.0,0.0,2.5816670474070076
355,20,43.80143397209251,0.47394096,45.43717217022255,23.038507396874927,0.0,6.0,0.0,0.0,0.0,0.0,43.801433972092525,0.0,0.0,0.0,0.0
355,21,43.801433972092354,0.3834791999999999,45.43717217022086,18.928180832932867,0.0,7.0,0.0,0.0,0.0,0.0,43.80143397209237,0.0,0.0,0.0,0.0
355,22,22.200000000000003,0.33281136,23.02904564315366,8.42658941078843,0.0,3.0,0.0,0.0,0.0,0.0,22.200000000000003,0.0,0.0,0.0,0.0
355,23,43.80143397209099,0.21065328,45.43717217021906,11.075459750415613,0.0,6.0,0.0,0.0,0.0,0.0,43.80143397209099,0.0,0.0,0.0,0.0
356,0,35.196174454171526,0.1773374399999999,36.510554413041405,7.68318760366113,0.0,7.0,0.0,0.0,0.0,0.0,35.19617445417155,0.0,0.0,0.0,0.0
356,1,43.80143397209252,0.1226208,45.43717217022021,7.075512800084426,0.0,6.0,0.0,0.0,0.0,0.0,43.801433972092525,0.0,0.0,0.0,0.0
356,2,43.80143397209252,0.05691456,45.437172170220634,4.090007060546656,0.0,6.0,0.0,0.0,0.0,0.0,43.801433972092525,0.0,0.0,0.0,0.0
356,3,40.42337237155296,0.04673472,41.93295889165302,3.3477060318866285,0.0,6.0,0.0,0.0,0.0,0.0,40.42337237155297,0.0,0.0,0.0,0.0
356,4,29.6,0.0659376,30.705394190871534,3.0409885477178586,0.0,4.0,0.0,0.0,0.0,0.0,29.6,0.0,0.0,0.0,0.0
356,5,37.15652291075524,0.1595227199999999,38.54411090327349,7.424471482170192,0.0,6.0,0.0,0.0,0.0,0.0,37.15652291075525,0.0,0.0,0.0,0.0
356,6,43.80143397209252,0.26629536,45.43717217022112,13.603678519285333,0.0,6.0,0.0,0.0,0.0,0.0,43.801433972092525,0.0,0.0,0.0,0.0
356,7,14.8,0.38081856,15.35269709543597,6.354766273859039,0.0,2.0,0.0,0.0,0.0,0.0,14.8,0.0,0.0,0.0,0.0
356,8,0.0,0.4595966399999999,0.0,0.0,0.0,0.0,0.0,0.0,0.0,0.0,0.0,0.0,0.0,0.0,0.0
356,9,0.0,0.41228352,0.0,0.0,0.0,0.0,0.0,0.0,0.0,0.0,0.0,0.0,0.0,0.0,0.0
356,10,0.0,0.35907072,0.0,0.0,0.0,0.0,0.0,0.0,0.0,0.0,0.0,0.0,0.0,0.0,0.0
356,11,0.0,0.34368528,0.0,0.0,0.0,0.0,0.0,0.0,0.0,0.0,0.0,0.0,0.0,0.0,0.0
356,12,0.0,0.31684752,0.0,0.0,0.0,0.0,0.0,0.0,0.0,0.0,0.0,0.0,0.0,0.0,0.0
356,13,0.0,0.30088368,0.0,0.0,0.0,0.0,0.0,0.0,0.0,0.0,0.0,0.0,0.0,0.0,0.0
356,14,0.0,0.34206576,0.0,0.0,0.0,0.0,0.0,0.0,0.0,0.0,0.0,0.0,0.0,0.0,0.0
356,15,34.49224471273203,0.39932736,35.78033683893405,15.472396599170997,0.0,5.0,0.0,0.0,0.0,0.0,34.49224471273203,0.0,0.0,0.0,0.0
356,16,0.0,0.47879952,0.0,0.0,0.0,0.0,0.0,0.0,0.0,0.0,0.0,0.0,0.0,0.0,0.0
356,17,0.0,0.4823856,0.0,0.0,0.0,0.0,0.0,0.0,0.0,0.0,0.0,0.0,0.0,0.0,0.0
356,18,43.043302422071285,0.45485376,44.65072865360568,21.787490933266632,0.0,6.0,0.0,0.0,0.0,0.0,43.043302422071285,0.0,0.0,0.0,0.0
356,19,43.80143397209251,0.41841456,45.43717217022084,20.515544800081507,0.0,6.0,0.0,0.0,0.0,0.0,43.801433972092525,0.0,0.0,0.0,0.0
356,20,43.80143397208821,0.28526688,45.437172170216094,14.465690739854526,0.0,6.0,0.0,0.0,0.0,0.0,43.80143397208821,0.0,0.0,0.0,0.0
356,21,37.0,0.28827456,38.38174273858907,12.334915684647259,0.0,6.0,0.0,0.0,0.0,0.0,37.0,0.0,0.0,0.0,0.0
356,22,41.72910539496553,0.26108976,43.28745372921758,12.734725623609625,0.0,6.0,0.0,0.0,0.0,0.0,41.729105394965536,0.0,0.0,0.0,0.0
356,23,41.61148052797034,0.138816,43.16543623233469,7.420829135318051,0.0,6.0,0.0,0.0,0.0,0.0,41.61148052797025,0.0,0.0,0.0,0.0
357,0,7.4,0.11556432,7.676348547717986,1.1411991369294818,0.0,1.0,0.0,0.0,0.0,0.0,7.4,0.0,0.0,0.0,0.0
357,1,41.57647816587931,0.05008944,43.129126728090924,3.5878879001989166,0.0,6.0,0.0,0.0,0.0,0.0,41.57647816587931,0.0,0.0,0.0,0.0
357,2,40.641880981737586,0.0040488,42.15962757441685,1.566179572836497,0.0,6.0,0.0,0.0,0.0,0.0,40.6418809817376,0.0,0.0,0.0,0.0
357,3,34.26304928092867,0.0153854399999999,35.54258224162764,1.7232977387214992,0.0,6.0,0.0,0.0,0.0,0.0,34.26304928092867,0.0,0.0,0.0,0.0
357,4,29.6,0.0652435199999999,30.705394190871214,3.019676547717824,0.0,4.0,0.0,0.0,0.0,0.0,29.6,0.0,0.0,0.0,0.0
357,5,43.80143397209252,0.09034608,45.43717217022102,5.609040790698877,0.0,6.0,0.0,0.0,0.0,0.0,43.801433972092525,0.0,0.0,0.0,0.0
357,6,14.8,0.1570934399999999,15.352697095435971,2.919982273858974,0.0,2.0,0.0,0.0,0.0,0.0,14.8,0.0,0.0,0.0,0.0
357,7,43.80143397209252,0.23182272,45.43717217022106,12.037339240443265,0.0,6.0,0.0,0.0,0.0,0.0,43.801433972092525,0.0,0.0,0.0,0.0
357,8,29.6,0.25981728,30.70539419087187,8.99414054771799,0.0,5.0,0.0,0.0,0.0,0.0,29.6,0.0,0.0,0.0,0.0
357,9,43.581623486667176,0.4867814399999999,45.209152994471154,23.503399559945972,0.0,6.0,0.0,0.0,0.0,0.0,43.58162348666718,0.0,0.0,0.0,0.0
357,10,19.27555937164581,0.4860873600000001,19.99539353905171,10.381355583701318,0.0,3.0,0.0,0.0,0.0,0.0,19.27555937164581,0.0,0.0,0.0,0.0
357,11,0.0,0.5309712,0.0,0.0,0.0,0.0,0.0,0.0,0.0,0.0,0.0,0.0,0.0,0.0,0.0
357,12,0.0,0.54786048,0.0,0.0,0.0,0.0,0.0,0.0,0.0,0.0,0.0,0.0,0.0,0.0,0.0
357,13,0.0,0.5697239999999999,0.0,0.0,0.0,0.0,0.0,0.0,0.0,0.0,0.0,0.0,0.0,0.0,0.0
357,14,0.0,0.59702448,0.0,0.0,0.0,0.0,0.0,0.0,0.0,0.0,0.0,0.0,0.0,0.0,0.0
357,15,22.200000000000003,0.62201136,23.029045643153747,15.086589410788527,0.0,3.0,0.0,0.0,0.0,0.0,22.200000000000003,0.0,0.0,0.0,0.0
357,16,0.0,0.6715224,0.0,0.0,0.0,0.0,0.0,0.0,0.0,0.0,0.0,0.0,0.0,0.0,0.0
357,17,0.0,0.7691563199999999,0.0,0.0,0.0,0.0,0.0,0.0,0.0,0.0,0.0,0.0,0.0,0.0,0.0
357,18,0.0,0.76476048,0.0,0.0,0.0,0.0,0.0,0.0,0.0,0.0,0.0,0.0,0.0,0.0,0.0
357,19,43.801433972091964,0.7120103999999999,45.43717217022042,33.8557095306218,0.0,6.0,0.0,0.0,0.0,0.0,43.80143397209198,0.0,0.0,0.0,0.0
357,20,38.53375498223366,0.60627888,39.97277487783651,25.557748031883243,0.0,6.0,0.0,0.0,0.0,0.0,38.533754982233674,0.0,0.0,0.0,0.0
357,21,39.89209612682667,0.49268112,41.3818424552184,21.75779147376828,0.0,6.0,0.0,0.0,0.0,0.0,39.89209612682653,0.0,0.0,0.0,0.0
357,22,36.40143397209252,0.41205216,37.760823622502954,16.809312198936215,0.0,6.0,0.0,0.0,0.0,0.0,36.401433972092526,0.0,0.0,0.0,0.0
357,23,43.40048870617914,0.41748912,45.021253844584606,20.286087151127997,0.0,6.0,0.0,0.0,0.0,0.0,43.40048870617915,0.0,0.0,0.0,0.0
358,0,29.6,0.33859536,30.705394190871875,11.413052547718033,0.0,4.0,0.0,0.0,0.0,0.0,29.6,0.0,0.0,0.0,0.0
358,1,37.0,0.33813264,38.38174273858942,14.24855568464738,0.0,5.0,0.0,0.0,0.0,0.0,37.0,0.0,0.0,0.0,0.0
358,2,19.025773425196714,0.33709152,19.73627948671887,7.3062033023332775,0.0,3.0,0.0,0.0,0.0,0.0,19.025773425196714,0.0,0.0,0.0,0.0
358,3,43.20286794418218,0.33119184,44.81625305413148,16.32619528699518,0.0,6.0,0.0,0.0,0.0,0.0,43.20286794418218,0.0,0.0,0.0,0.0
358,4,22.200000000000003,0.33258,23.02904564315392,8.421261410788524,0.0,3.0,0.0,0.0,0.0,0.0,22.200000000000003,0.0,0.0,0.0,0.0
358,5,29.6,0.34958496,30.705394190872443,11.750492547718254,0.0,4.0,0.0,0.0,0.0,0.0,29.6,0.0,0.0,0.0,0.0
358,6,29.6,0.37006032,30.705394190871708,12.379196547717978,0.0,4.0,0.0,0.0,0.0,0.0,29.6,0.0,0.0,0.0,0.0
358,7,37.0,0.49696128,38.38174273858959,20.3446756846475,0.0,5.0,0.0,0.0,0.0,0.0,37.0,0.0,0.0,0.0,0.0
358,8,43.80143397209252,0.5998008,45.43717217022109,28.757222616270663,0.0,6.0,0.0,0.0,0.0,0.0,43.801433972092525,0.0,0.0,0.0,0.0
358,9,40.052755070532974,0.6236308799999999,41.54850111051466,27.28618369698927,0.0,6.0,0.0,0.0,0.0,0.0,40.05275507053299,0.0,0.0,0.0,0.0
358,10,0.0,0.63612432,0.0,0.0,0.0,0.0,0.0,0.0,0.0,0.0,0.0,0.0,0.0,0.0,0.0
358,11,0.0,0.6237465600000001,0.0,0.0,0.0,0.0,0.0,0.0,0.0,0.0,0.0,0.0,0.0,0.0,0.0
358,12,0.0,0.60986496,0.0,0.0,0.0,0.0,0.0,0.0,0.0,0.0,0.0,0.0,0.0,0.0,0.0
358,13,0.0,0.58927392,0.0,0.0,0.0,0.0,0.0,0.0,0.0,0.0,0.0,0.0,0.0,0.0,0.0
358,14,0.0,0.57793728,0.0,0.0,0.0,0.0,0.0,0.0,0.0,0.0,0.0,0.0,0.0,0.0,0.0
358,15,39.70132325738015,0.57342576,41.18394528773668,24.979123715442906,0.0,7.0,0.0,0.0,0.0,0.0,39.701323257380174,0.0,0.0,0.0,0.0
358,16,0.0,0.5373336000000001,0.0,0.0,0.0,0.0,0.0,0.0,0.0,0.0,0.0,0.0,0.0,0.0,0.0
358,17,0.0,0.4575144,0.0,0.0,0.0,0.0,0.0,0.0,0.0,0.0,0.0,0.0,0.0,0.0,0.0
358,18,0.0,0.41344032,0.0,0.0,0.0,0.0,0.0,0.0,0.0,0.0,0.0,0.0,0.0,0.0,0.0
358,19,43.80143397209251,0.37549728,45.437172170221096,18.565504959644034,0.0,6.0,0.0,0.0,0.0,0.0,43.801433972092525,0.0,0.0,0.0,0.0
358,20,34.18498942836369,0.34692432,35.461607290834635,13.476273196806474,0.0,6.0,0.0,0.0,0.0,0.0,34.18498942836369,0.0,0.0,0.0,0.0
358,21,40.234184423704114,0.34692432,41.7367058337187,15.860963253498985,0.0,6.0,0.0,0.0,0.0,0.0,40.23418442370412,0.0,0.0,0.0,0.0
358,22,43.38943930744124,0.33524064,45.00979181269888,16.578935522556264,0.0,6.0,0.0,0.0,0.0,0.0,43.38943930744125,0.0,0.0,0.0,0.0
358,23,22.200000000000003,0.2730048,23.029045643149693,7.0493014107872085,0.0,3.0,0.0,0.0,0.0,0.0,22.200000000000003,0.0,0.0,0.0,0.0
359,0,43.80143397209251,0.3886848,45.43717217022111,19.164708576382278,0.0,6.0,0.0,0.0,0.0,0.0,43.801433972092525,0.0,0.0,0.0,0.0
359,1,43.801433972092504,0.38995728,45.43717217022055,19.2225264692252,0.0,6.0,0.0,0.0,0.0,0.0,43.801433972092525,0.0,0.0,0.0,0.0
359,2,22.200000000000003,0.36578016,23.029045643153882,9.185829410788525,0.0,3.0,0.0,0.0,0.0,0.0,22.200000000000003,0.0,0.0,0.0,0.0
359,3,43.80143397209251,0.34704,45.43717217022089,17.272486628787767,0.0,6.0,0.0,0.0,0.0,0.0,43.801433972092525,0.0,0.0,0.0,0.0
359,4,14.8,0.3100224,15.352697095435344,5.267854273858804,0.0,2.0,0.0,0.0,0.0,0.0,14.8,0.0,0.0,0.0,0.0
359,5,37.70574357248661,0.25599984,39.11384188017332,11.307805429343404,0.0,6.0,0.0,0.0,0.0,0.0,37.705743572486625,0.0,0.0,0.0,0.0
359,6,44.50670683192026,0.23957328,46.168783020665465,12.389502769579082,6.511336568949164,6.0,0.0,0.0,0.0,1.0,43.801433972092525,0.0,0.0,0.0,0.7052728598277521
359,7,37.0,0.32228448,38.38174273859289,13.640275684648614,0.0,5.0,0.0,0.0,0.0,0.0,37.0,0.0,0.0,0.0,0.0
359,8,0.0,0.3534024,0.0,0.0,0.0,0.0,0.0,0.0,0.0,0.0,0.0,0.0,0.0,0.0,0.0
359,9,0.0,0.36057456,0.0,0.0,0.0,0.0,0.0,0.0,0.0,0.0,0.0,0.0,0.0,0.0,0.0
359,10,0.0,0.3781579199999999,0.0,0.0,0.0,0.0,0.0,0.0,0.0,0.0,0.0,0.0,0.0,0.0,0.0
359,11,0.0,0.3823224,0.0,0.0,0.0,0.0,0.0,0.0,0.0,0.0,0.0,0.0,0.0,0.0,0.0
359,12,0.0,0.37757952,0.0,0.0,0.0,0.0,0.0,0.0,0.0,0.0,0.0,0.0,0.0,0.0,0.0
359,13,13.48166629600358,0.37156416,13.985131012451847,0.0,124.46766601082145,0.0,0.0,0.0,0.0,1.0,0.0,0.0,0.0,0.0,13.48166629600358
359,14,0.0,0.3815126399999999,0.0,0.0,0.0,0.0,0.0,0.0,0.0,0.0,0.0,0.0,0.0,0.0,0.0
359,15,43.8014339720926,0.39076704,45.437172170221096,19.259319673761993,0.0,6.0,0.0,0.0,0.0,0.0,43.8014339720926,0.0,0.0,0.0,0.0
359,16,0.0,0.40476432,0.0,0.0,0.0,0.0,0.0,0.0,0.0,0.0,0.0,0.0,0.0,0.0,0.0
359,17,0.0,0.4486070399999999,0.0,0.0,0.0,0.0,0.0,0.0,0.0,0.0,0.0,0.0,0.0,0.0,0.0
359,18,43.8014339720925,0.43981536,45.437172170220414,21.487936634261768,0.0,6.0,0.0,0.0,0.0,0.0,43.801433972092525,0.0,0.0,0.0,0.0
359,19,41.81516353827853,0.4058054399999999,43.37672566211478,19.038280862489778,0.0,6.0,0.0,0.0,0.0,0.0,41.81516353827853,0.0,0.0,0.0,0.0
359,20,38.93147862457894,0.3870652799999999,40.385351270310466,16.968522424388347,0.0,6.0,0.0,0.0,0.0,0.0,38.93147862457895,0.0,0.0,0.0,0.0
359,21,43.80143397209318,0.3947001599999999,45.43717217022346,19.438029524369142,0.0,7.0,0.0,0.0,0.0,0.0,43.801433972093214,0.0,0.0,0.0,0.0
359,22,43.80143397209251,0.40152528,45.4371721702209,19.748143676890468,0.0,6.0,0.0,0.0,0.0,0.0,43.80143397209252,0.0,0.0,0.0,0.0
359,23,37.78968898570309,0.38822208,39.20092218433985,16.51621407262421,0.0,6.0,0.0,0.0,0.0,0.0,37.78968898570309,0.0,0.0,0.0,0.0
360,0,43.80143397209249,0.35432784,45.437172170220926,17.60362546961681,0.0,7.0,0.0,0.0,0.0,0.0,43.801433972092525,0.0,0.0,0.0,0.0
360,1,43.80143397208854,0.3247137599999999,45.43717217021668,16.258045417992584,0.0,7.0,0.0,0.0,0.0,0.0,43.80143397208855,0.0,0.0,0.0,0.0
360,2,43.80143397209251,0.31569072,45.437172170221096,15.848063996015377,0.0,6.0,0.0,0.0,0.0,0.0,43.801433972092525,0.0,0.0,0.0,0.0
360,3,43.80143397209251,0.32934096,45.4371721702207,16.468292301060075,0.0,6.0,0.0,0.0,0.0,0.0,43.801433972092525,0.0,0.0,0.0,0.0
360,4,43.80143397209251,0.358608,45.437172170220826,17.79810383645286,0.0,6.0,0.0,0.0,0.0,0.0,43.801433972092525,0.0,0.0,0.0,0.0
360,5,43.80143397209251,0.38775936,45.437172170221466,19.122659199769217,0.0,6.0,0.0,0.0,0.0,0.0,43.801433972092525,0.0,0.0,0.0,0.0
360,6,43.80143397209251,0.3915768,45.437172170220556,19.296112878298317,0.0,6.0,0.0,0.0,0.0,0.0,43.801433972092525,0.0,0.0,0.0,0.0
360,7,22.200000000000003,0.4239672,23.029045643156213,10.525821410789609,0.0,3.0,0.0,0.0,0.0,0.0,22.200000000000003,0.0,0.0,0.0,0.0
360,8,0.3832610131055516,0.4516147199999999,0.3975736650472527,0.0,3.5384056189205495,0.0,0.0,0.0,0.0,1.0,0.0,0.0,0.0,0.0,0.3832610131055516
360,9,0.0,0.5733100799999999,0.0,0.0,0.0,0.0,0.0,0.0,0.0,0.0,0.0,0.0,0.0,0.0,0.0
360,10,0.0,0.5805979199999999,0.0,0.0,0.0,0.0,0.0,0.0,0.0,0.0,0.0,0.0,0.0,0.0,0.0
360,11,0.0,0.57793728,0.0,0.0,0.0,0.0,0.0,0.0,0.0,0.0,0.0,0.0,0.0,0.0,0.0
360,12,0.0,0.56926128,0.0,0.0,0.0,0.0,0.0,0.0,0.0,0.0,0.0,0.0,0.0,0.0,0.0
360,13,0.0,0.52657536,0.0,0.0,0.0,0.0,0.0,0.0,0.0,0.0,0.0,0.0,0.0,0.0,0.0
360,14,0.0,0.51003312,0.0,0.0,0.0,0.0,0.0,0.0,0.0,0.0,0.0,0.0,0.0,0.0,0.0
360,15,43.801433972092504,0.4956888,45.437172170221146,24.026667747284637,0.0,6.0,0.0,0.0,0.0,0.0,43.801433972092525,0.0,0.0,0.0,0.0
360,16,0.0,0.54901728,0.0,0.0,0.0,0.0,0.0,0.0,0.0,0.0,0.0,0.0,0.0,0.0,0.0
360,17,7.4,0.61171584,7.676348547717948,4.949831136929529,0.0,1.0,0.0,0.0,0.0,0.0,7.4,0.0,0.0,0.0,0.0
360,18,42.10380886397361,0.6125256,43.676150273831965,28.198440726232928,0.0,6.0,0.0,0.0,0.0,0.0,42.10380886397361,0.0,0.0,0.0,0.0
360,19,43.80143397209251,0.57169056,45.437172170221054,27.4799728016444,0.0,6.0,0.0,0.0,0.0,0.0,43.80143397209252,0.0,0.0,0.0,0.0
360,20,43.80143397209251,0.48620304,45.437172170220734,23.595661636999022,0.0,6.0,0.0,0.0,0.0,0.0,43.801433972092525,0.0,0.0,0.0,0.0
360,21,43.80143397209251,0.47151168,45.43717217022311,22.928127783265527,0.0,6.0,0.0,0.0,0.0,0.0,43.801433972092525,0.0,0.0,0.0,0.0
360,22,43.801433972092255,0.43854288,45.43717217022079,21.430118741418784,0.0,6.0,0.0,0.0,0.0,0.0,43.801433972092255,0.0,0.0,0.0,0.0
360,23,43.80143397209251,0.393312,45.43717217022314,19.37495545944919,0.0,6.0,0.0,0.0,0.0,0.0,43.801433972092525,0.0,0.0,0.0,0.0
361,0,43.8014339720926,0.40615248,45.43717217022079,19.958390559956463,0.0,6.0,0.0,0.0,0.0,0.0,43.8014339720926,0.0,0.0,0.0,0.0
361,1,41.23485298412191,0.3597648,42.774743759463334,16.80469115211281,0.0,6.0,0.0,0.0,0.0,0.0,41.23485298412192,0.0,0.0,0.0,0.0
361,2,43.80143397209302,0.35490624,45.4371721702214,17.629906330000246,0.0,6.0,0.0,0.0,0.0,0.0,43.80143397209304,0.0,0.0,0.0,0.0
361,3,43.80143397209251,0.35837664,45.437172170220826,17.787591492299555,0.0,6.0,0.0,0.0,0.0,0.0,43.801433972092525,0.0,0.0,0.0,0.0
361,4,42.76449766086352,0.3765384,44.36151209633174,18.17217883672198,0.0,6.0,0.0,0.0,0.0,0.0,42.76449766086353,0.0,0.0,0.0,0.0
361,5,38.66443313293097,0.39134544,40.10833312544767,17.02379910109721,0.0,6.0,0.0,0.0,0.0,0.0,38.66443313293098,0.0,0.0,0.0,0.0
361,6,40.304597445453595,0.42246336,41.80974838740057,19.046989456118784,0.0,7.0,0.0,0.0,0.0,0.0,40.304597445453595,0.0,0.0,0.0,0.0
361,7,42.188410744783546,0.6351988799999999,43.76391156097928,29.247373080621497,0.0,6.0,0.0,0.0,0.0,0.0,42.18841074478355,0.0,0.0,0.0,0.0
361,8,0.0,0.8990649599999999,0.0,0.0,0.0,0.0,0.0,0.0,0.0,0.0,0.0,0.0,0.0,0.0,0.0
361,9,0.0,0.9005688,0.0,0.0,0.0,0.0,0.0,0.0,0.0,0.0,0.0,0.0,0.0,0.0,0.0
361,10,0.0,0.84897552,0.0,0.0,0.0,0.0,0.0,0.0,0.0,0.0,0.0,0.0,0.0,0.0,0.0
361,11,0.0,0.83914272,0.0,0.0,0.0,0.0,0.0,0.0,0.0,0.0,0.0,0.0,0.0,0.0,0.0
361,12,0.0,0.83312736,0.0,0.0,0.0,0.0,0.0,0.0,0.0,0.0,0.0,0.0,0.0,0.0,0.0
361,13,0.0,0.8184359999999999,0.0,0.0,0.0,0.0,0.0,0.0,0.0,0.0,0.0,0.0,0.0,0.0,0.0
361,14,0.0,0.8475873599999999,0.0,0.0,0.0,0.0,0.0,0.0,0.0,0.0,0.0,0.0,0.0,0.0,0.0
361,15,7.4,0.8980238399999999,7.676348547717847,7.147631136929465,0.0,1.0,0.0,0.0,0.0,0.0,7.4,0.0,0.0,0.0,0.0
361,16,7.0513871669207475,0.92277936,7.314716978133556,6.991986983639438,0.0,1.0,0.0,0.0,0.0,0.0,7.0513871669207475,0.0,0.0,0.0,0.0
361,17,26.676462354075937,0.92914176,27.67267879053552,22.15950941078869,41.32833501169693,3.0,0.0,0.0,0.0,1.0,22.200000000000003,0.0,0.0,0.0,4.476462354075936
361,18,37.0,0.8600808,38.38174273858944,34.281835684647504,0.0,5.0,0.0,0.0,0.0,0.0,37.0,0.0,0.0,0.0,0.0
361,19,43.80143397209251,0.7501847999999999,45.437172170221764,35.59024631591771,0.0,6.0,0.0,0.0,0.0,0.0,43.80143397209252,0.0,0.0,0.0,0.0
361,20,42.73323428698118,0.63311664,44.329081210561895,29.532771538387674,0.0,7.0,0.0,0.0,0.0,0.0,42.73323428698109,0.0,0.0,0.0,0.0
361,21,42.20973272727893,0.4269748799999999,43.7860298000824,20.144852405949333,0.0,6.0,0.0,0.0,0.0,0.0,42.20973272727895,0.0,0.0,0.0,0.0
361,22,43.80143397209252,0.38544576,45.437172170221096,19.01753575823604,0.0,6.0,0.0,0.0,0.0,0.0,43.801433972092525,0.0,0.0,0.0,0.0
361,23,37.02263573149974,0.3638136,38.4052237878635,15.243555632446538,0.0,6.0,0.0,0.0,0.0,0.0,37.02263573149975,0.0,0.0,0.0,0.0
362,0,43.26610616846878,0.3481968,44.88185287185619,17.113306878109576,0.0,6.0,0.0,0.0,0.0,0.0,43.26610616846878,0.0,0.0,0.0,0.0
362,1,41.89396942055818,0.3450734399999999,43.458474502654454,16.43484079982112,0.0,6.0,0.0,0.0,0.0,0.0,41.89396942055819,0.0,0.0,0.0,0.0
362,2,43.80143397209232,0.3208963199999999,45.43717217022071,16.084591739464543,0.0,7.0,0.0,0.0,0.0,0.0,43.80143397209235,0.0,0.0,0.0,0.0
362,3,43.801433972092724,0.2932488,45.43717217022123,14.828366613145095,0.0,6.0,0.0,0.0,0.0,0.0,43.801433972092724,0.0,0.0,0.0,0.0
362,4,41.38822887902128,0.34704,42.93384738487778,16.32087274488744,0.0,7.0,0.0,0.0,0.0,0.0,41.38822887902132,0.0,0.0,0.0,0.0
362,5,41.20502400271891,0.3857928,42.74380083269636,17.90507041345051,0.0,7.0,0.0,0.0,0.0,0.0,41.20502400271893,0.0,0.0,0.0,0.0
362,6,43.80143397209251,0.42234768,45.43717217022115,20.694254650687792,0.0,6.0,0.0,0.0,0.0,0.0,43.801433972092525,0.0,0.0,0.0,0.0
362,7,36.33950329492956,0.44987952,37.69658018146282,13.901726017056129,79.32853269470279,4.0,0.0,0.0,0.0,1.0,27.747064472716808,0.0,0.0,0.0,8.592438822212749
362,8,0.0,0.48735984,0.0,0.0,0.0,0.0,0.0,0.0,0.0,0.0,0.0,0.0,0.0,0.0,0.0
362,9,0.0,0.4621416,0.0,0.0,0.0,0.0,0.0,0.0,0.0,0.0,0.0,0.0,0.0,0.0,0.0
362,10,11.500082836381996,0.44964816,11.929546510769706,0.0,106.17296394585038,0.0,0.0,0.0,0.0,1.0,0.0,0.0,0.0,0.0,11.500082836381996
362,11,0.0,0.4349568,0.0,0.0,0.0,0.0,0.0,0.0,0.0,0.0,0.0,0.0,0.0,0.0,0.0
362,12,0.0,0.4332216,0.0,0.0,0.0,0.0,0.0,0.0,0.0,0.0,0.0,0.0,0.0,0.0,0.0
362,13,0.0,0.45358128,0.0,0.0,0.0,0.0,0.0,0.0,0.0,0.0,0.0,0.0,0.0,0.0,0.0
362,14,0.0,0.4580928,0.0,0.0,0.0,0.0,0.0,0.0,0.0,0.0,0.0,0.0,0.0,0.0,0.0
362,15,43.80143397209273,0.4719744,45.437172170221636,22.949152471571395,0.0,6.0,0.0,0.0,0.0,0.0,43.801433972092525,0.0,0.0,0.0,0.0
362,16,0.0,0.47810544,0.0,0.0,0.0,0.0,0.0,0.0,0.0,0.0,0.0,0.0,0.0,0.0,0.0
362,17,7.4,0.54172944,7.676348547717948,4.412591136929522,0.0,1.0,0.0,0.0,0.0,0.0,7.4,0.0,0.0,0.0,0.0
362,18,43.2516049644262,0.5309712,44.86681012907336,25.308075429678563,0.0,6.0,0.0,0.0,0.0,0.0,43.25160496442621,0.0,0.0,0.0,0.0
362,19,42.72252581230371,0.4569359999999999,44.31797283434059,21.717402135848925,0.0,6.0,0.0,0.0,0.0,0.0,42.72252581230371,0.0,0.0,0.0,0.0
362,20,29.6,0.4244299199999999,30.705394190873264,14.048636547718706,0.0,4.0,0.0,0.0,0.0,0.0,29.6,0.0,0.0,0.0,0.0
362,21,43.80143397209251,0.3889161599999999,45.4371721702212,19.17522092053561,0.0,6.0,0.0,0.0,0.0,0.0,43.801433972092525,0.0,0.0,0.0,0.0
362,22,42.04154065478562,0.3582609599999999,43.611556695836626,17.067860695577046,0.0,7.0,0.0,0.0,0.0,0.0,42.041540654785635,0.0,0.0,0.0,0.0
362,23,43.80143397209252,0.29810736,45.43717217022106,15.049125840364386,0.0,6.0,0.0,0.0,0.0,0.0,43.801433972092525,0.0,0.0,0.0,0.0
363,0,29.350706457491277,0.27219504,30.44679093100784,9.295254255153676,0.0,5.0,0.0,0.0,0.0,0.0,29.350706457491277,0.0,0.0,0.0,0.0
363,1,43.80143397209251,0.24096144,45.43717217022122,12.45257683449875,0.0,6.0,0.0,0.0,0.0,0.0,43.80143397209252,0.0,0.0,0.0,0.0
363,2,43.15194159617502,0.23147568,44.76342489229821,11.843313580008722,0.0,6.0,0.0,0.0,0.0,0.0,43.15194159617502,0.0,0.0,0.0,0.0
363,3,43.80143397209251,0.2180568,45.437172170220975,11.411854763321756,0.0,6.0,0.0,0.0,0.0,0.0,43.80143397209252,0.0,0.0,0.0,0.0
363,4,42.80829875518665,0.2330952,44.40694891616903,11.820916648129398,0.0,6.0,0.0,0.0,0.0,0.0,42.808298755186655,0.0,0.0,0.0,0.0
363,5,43.20286794418443,0.24269664,44.8162530541337,12.360172009719811,0.0,7.0,0.0,0.0,0.0,0.0,43.20286794418443,0.0,0.0,0.0,0.0
363,6,43.80143397209249,0.2857296,45.43717217022096,14.48671542816268,0.0,7.0,0.0,0.0,0.0,0.0,43.80143397209252,0.0,0.0,0.0,0.0
363,7,22.200000000000003,0.36057456,23.029045643153843,9.065949410788507,0.0,3.0,0.0,0.0,0.0,0.0,22.200000000000003,0.0,0.0,0.0,0.0
363,8,0.0,0.37260528,0.0,0.0,0.0,0.0,0.0,0.0,0.0,0.0,0.0,0.0,0.0,0.0,0.0
363,9,0.0,0.37167984,0.0,0.0,0.0,0.0,0.0,0.0,0.0,0.0,0.0,0.0,0.0,0.0,0.0
363,10,0.0,0.36982896,0.0,0.0,0.0,0.0,0.0,0.0,0.0,0.0,0.0,0.0,0.0,0.0,0.0
363,11,0.0,0.3781579199999999,0.0,0.0,0.0,0.0,0.0,0.0,0.0,0.0,0.0,0.0,0.0,0.0,0.0
363,12,13.3965924364194,0.37260528,13.896880120767014,0.0,123.68223307482643,0.0,0.0,0.0,0.0,1.0,0.0,0.0,0.0,0.0,13.3965924364194
363,13,0.0,0.35583168,0.0,0.0,0.0,0.0,0.0,0.0,0.0,0.0,0.0,0.0,0.0,0.0,0.0
363,14,0.0,0.3574511999999999,0.0,0.0,0.0,0.0,0.0,0.0,0.0,0.0,0.0,0.0,0.0,0.0,0.0
363,15,37.213393126899696,0.3545591999999999,38.60310490342315,14.482101071023017,11.083071086282152,5.0,0.0,0.0,0.0,1.0,36.01293464070015,0.0,0.0,0.0,1.2004584861995498
363,16,3.509566597281657,0.38197536,3.6406292502921755,0.0,32.40160032760036,0.0,0.0,0.0,0.0,1.0,0.0,0.0,0.0,0.0,3.509566597281657
363,17,0.0,0.41494416,0.0,0.0,0.0,0.0,0.0,0.0,0.0,0.0,0.0,0.0,0.0,0.0,0.0
363,18,7.4,0.3947001599999999,7.676348547717986,3.2839431369295213,0.0,1.0,0.0,0.0,0.0,0.0,7.4,0.0,0.0,0.0,0.0
363,19,38.4057494559729,0.35583168,39.83998906221321,15.495033877148208,0.0,6.0,0.0,0.0,0.0,0.0,38.40574945597291,0.0,0.0,0.0,0.0
363,20,29.687348951334663,0.34727136,30.796005136239586,11.713918356238437,0.0,6.0,0.0,0.0,0.0,0.0,29.687348951334528,0.0,0.0,0.0,0.0
363,21,22.200000000000003,0.32540784,23.029045643153783,8.256093410788473,0.0,3.0,0.0,0.0,0.0,0.0,22.200000000000003,0.0,0.0,0.0,0.0
363,22,42.010088694548855,0.29313312,43.57893018106914,14.216890359232353,0.0,6.0,0.0,0.0,0.0,0.0,42.01008869454887,0.0,0.0,0.0,0.0
363,23,20.960931706689408,0.2238408,21.743705089926983,5.586844980769912,0.0,3.0,0.0,0.0,0.0,0.0,20.960931706689305,0.0,0.0,0.0,0.0
364,0,34.81187566072791,0.24107712,36.11190421237338,9.901057894664401,0.0,5.0,0.0,0.0,0.0,0.0,34.81187566072791,0.0,0.0,0.0,0.0
364,1,29.6,0.23101296,30.705394190871836,8.109692547717966,0.0,4.0,0.0,0.0,0.0,0.0,29.6,0.0,0.0,0.0,0.0
364,2,21.04137825904763,0.20903376,21.827155870381567,5.285091321001563,0.0,4.0,0.0,0.0,0.0,0.0,21.04137825904763,0.0,0.0,0.0,0.0
364,3,22.200000000000003,0.20961216,23.029045643153474,5.589429410788369,0.0,4.0,0.0,0.0,0.0,0.0,22.200000000000003,0.0,0.0,0.0,0.0
364,4,28.008298755186722,0.20903376,29.05425182073347,7.035015237341041,0.0,5.0,0.0,0.0,0.0,0.0,28.008298755186615,0.0,0.0,0.0,0.0
364,5,38.95741486236034,0.2330952,40.412256081287154,10.757548590009451,0.0,6.0,0.0,0.0,0.0,0.0,38.957414862360345,0.0,0.0,0.0,0.0
364,6,27.179452515139616,0.25472736,28.19445281653485,8.11513492082779,0.0,4.0,0.0,0.0,0.0,0.0,27.179452515139616,0.0,0.0,0.0,0.0
364,7,43.80143397209251,0.29255472,45.43717217022102,14.796829580685118,0.0,6.0,0.0,0.0,0.0,0.0,43.801433972092525,0.0,0.0,0.0,0.0
364,8,37.0,0.33327408,38.381742738589814,14.062075684647525,0.0,5.0,0.0,0.0,0.0,0.0,37.0,0.0,0.0,0.0,0.0
364,9,35.266571417667095,0.4133246399999999,36.583580308783965,16.33181166925997,0.0,6.0,0.0,0.0,0.0,0.0,35.266571417667095,0.0,0.0,0.0,0.0
364,10,0.0,0.45358128,0.0,0.0,0.0,0.0,0.0,0.0,0.0,0.0,0.0,0.0,0.0,0.0,0.0
364,11,0.0,0.45855552,0.0,0.0,0.0,0.0,0.0,0.0,0.0,0.0,0.0,0.0,0.0,0.0,0.0
364,12,0.0,0.42084384,0.0,0.0,0.0,0.0,0.0,0.0,0.0,0.0,0.0,0.0,0.0,0.0,0.0
364,13,0.0,0.384636,0.0,0.0,0.0,0.0,0.0,0.0,0.0,0.0,0.0,0.0,0.0,0.0,0.0
364,14,0.0,0.48631872,0.0,0.0,0.0,0.0,0.0,0.0,0.0,0.0,0.0,0.0,0.0,0.0,0.0
364,15,6.785317249839114,0.6507,7.038710840082069,4.813070472448119,0.0,2.0,0.0,0.0,0.0,0.0,6.785317249839114,0.0,0.0,0.0,0.0
364,16,0.0,0.8096443199999999,0.0,0.0,0.0,0.0,0.0,0.0,0.0,0.0,0.0,0.0,0.0,0.0,0.0
364,17,0.0,0.92451456,0.0,0.0,0.0,0.0,0.0,0.0,0.0,0.0,0.0,0.0,0.0,0.0,0.0
364,18,0.0,0.92532432,0.0,0.0,0.0,0.0,0.0,0.0,0.0,0.0,0.0,0.0,0.0,0.0,0.0
364,19,31.613702453004922,0.8223691200000001,32.79429715042055,28.054508524288778,0.0,6.0,0.0,0.0,0.0,0.0,31.613702453004947,0.0,0.0,0.0,0.0
364,20,27.53232296657183,0.71733168,28.56050100266803,21.432704749073856,0.0,4.0,0.0,0.0,0.0,0.0,27.53232296657183,0.0,0.0,0.0,0.0
364,21,3.437685470567132,0.63785952,3.5660637661484773,2.3926844328243746,0.0,1.0,0.0,0.0,0.0,0.0,3.437685470567132,0.0,0.0,0.0,0.0
364,22,0.0,0.5795568,0.0,0.0,0.0,0.0,0.0,0.0,0.0,0.0,0.0,0.0,0.0,0.0,0.0
364,23,22.943793835753297,0.50008464,23.80061601219243,12.690122880239057,0.0,4.0,0.0,0.0,0.0,0.0,22.943793835753297,0.0,0.0,0.0,0.0
365,0,12.485561045643939,0.51905616,12.951826810834124,7.151430956855217,0.0,2.0,0.0,0.0,0.0,0.0,12.485561045643939,0.0,0.0,0.0,0.0
365,1,7.4,0.47070192,7.676348547717691,3.8673591369293843,0.0,1.0,0.0,0.0,0.0,0.0,7.4,0.0,0.0,0.0,0.0
365,2,16.701391782976458,0.4724371200000001,17.325095210556416,8.758478736470485,0.0,3.0,0.0,0.0,0.0,0.0,16.701391782976458,0.0,0.0,0.0,0.0
365,3,0.0,0.46225728,0.0,0.0,0.0,0.0,0.0,0.0,0.0,0.0,0.0,0.0,0.0,0.0,0.0
365,4,18.014283280531792,0.44120352,18.68701585117431,8.863317396507771,0.0,3.0,0.0,0.0,0.0,0.0,18.014283280531792,0.0,0.0,0.0,0.0
365,5,22.200000000000003,0.4542753599999999,23.02904564315365,11.223789410788442,0.0,3.0,0.0,0.0,0.0,0.0,22.200000000000003,0.0,0.0,0.0,0.0
365,6,3.4782537924226227,0.46283568,3.608147087575335,1.7894088794166936,0.0,1.0,0.0,0.0,0.0,0.0,3.478253792422634,0.0,0.0,0.0,0.0
365,7,13.88442613442147,0.50980176,14.402931674711176,7.819376955360445,0.0,2.0,0.0,0.0,0.0,0.0,13.884426134421481,0.0,0.0,0.0,0.0
365,8,36.47901133115502,0.5580403199999999,37.84129806136455,22.369517045210415,0.0,6.0,0.0,0.0,0.0,0.0,36.47901133115502,0.0,0.0,0.0,0.0
365,9,22.200000000000003,0.5160484799999999,23.02904564315392,12.646365410788597,0.0,3.0,0.0,0.0,0.0,0.0,22.200000000000003,0.0,0.0,0.0,0.0
365,10,0.0,0.488748,0.0,0.0,0.0,0.0,0.0,0.0,0.0,0.0,0.0,0.0,0.0,0.0,0.0
365,11,0.0,0.50228256,0.0,0.0,0.0,0.0,0.0,0.0,0.0,0.0,0.0,0.0,0.0,0.0,0.0
365,12,0.0,0.49476336,0.0,0.0,0.0,0.0,0.0,0.0,0.0,0.0,0.0,0.0,0.0,0.0,0.0
365,13,0.0,0.50390208,0.0,0.0,0.0,0.0,0.0,0.0,0.0,0.0,0.0,0.0,0.0,0.0,0.0
365,14,0.0,0.47903088,0.0,0.0,0.0,0.0,0.0,0.0,0.0,0.0,0.0,0.0,0.0,0.0,0.0
365,15,20.784923225410573,0.52715376,21.561123677812144,12.079700610319284,0.0,6.0,0.0,0.0,0.0,0.0,20.784923225410616,0.0,0.0,0.0,0.0
365,16,0.0,0.58615056,0.0,0.0,0.0,0.0,0.0,0.0,0.0,0.0,0.0,0.0,0.0,0.0,0.0
365,17,0.0,0.5784,0.0,0.0,0.0,0.0,0.0,0.0,0.0,0.0,0.0,0.0,0.0,0.0,0.0
365,18,0.0,0.5246088,0.0,0.0,0.0,0.0,0.0,0.0,0.0,0.0,0.0,0.0,0.0,0.0,0.0
365,19,0.0,0.45855552,0.0,0.0,0.0,0.0,0.0,0.0,0.0,0.0,0.0,0.0,0.0,0.0,0.0
365,20,0.0,0.40360752,0.0,0.0,0.0,0.0,0.0,0.0,0.0,0.0,0.0,0.0,0.0,0.0,0.0
365,21,0.0,0.3424128,0.0,0.0,0.0,0.0,0.0,0.0,0.0,0.0,0.0,0.0,0.0,0.0,0.0
365,22,0.0,0.33165456,0.0,0.0,0.0,0.0,0.0,0.0,0.0,0.0,0.0,0.0,0.0,0.0,0.0
365,23,0.0,0.3108321599999999,0.0,0.0,0.0,0.0,0.0,0.0,0.0,0.0,0.0,0.0,0.0,0.0,0.0
