Date,Hour,Charging power,Price,Energy Purchase from grid,Cost of energy supply from grid at DT,Cost of energy supply on route,EVs slow charging,EVs fast charging 50kW,EVs fast charging 150kW,EVs fast charging 350kW,EVs route charging,Slow Charging Hourly,Fast Charging Hourly 50kW,Fast Charging Hourly 150kW,Fast Charging Hourly 350kW,Route Charging Hourly
1,0,0.0,0.02325168,0.0,0.0,0.0,0.0,0.0,0.0,0.0,0.0,0.0,0.0,0.0,0.0,0.0
1,1,0.0,0.0159638399999999,0.0,0.0,0.0,0.0,0.0,0.0,0.0,0.0,0.0,0.0,0.0,0.0,0.0
1,2,0.0,0.0010411199999999,0.0,0.0,0.0,0.0,0.0,0.0,0.0,0.0,0.0,0.0,0.0,0.0,0.0
1,3,0.0,0.00092544,0.0,0.0,0.0,0.0,0.0,0.0,0.0,0.0,0.0,0.0,0.0,0.0,0.0
1,4,0.0,0.0005784,0.0,0.0,0.0,0.0,0.0,0.0,0.0,0.0,0.0,0.0,0.0,0.0,0.0
1,5,0.0,0.00092544,0.0,0.0,0.0,0.0,0.0,0.0,0.0,0.0,0.0,0.0,0.0,0.0,0.0
1,6,0.0,0.0010411199999999,0.0,0.0,0.0,0.0,0.0,0.0,0.0,0.0,0.0,0.0,0.0,0.0,0.0
1,7,0.0,0.00613104,0.0,0.0,0.0,0.0,0.0,0.0,0.0,0.0,0.0,0.0,0.0,0.0,0.0
1,8,0.0,0.0234830399999999,0.0,0.0,0.0,0.0,0.0,0.0,0.0,0.0,0.0,0.0,0.0,0.0,0.0
1,9,0.0,0.0358608,0.0,0.0,0.0,0.0,0.0,0.0,0.0,0.0,0.0,0.0,0.0,0.0,0.0
1,10,0.0,0.0512462399999999,0.0,0.0,0.0,0.0,0.0,0.0,0.0,0.0,0.0,0.0,0.0,0.0,0.0
1,11,0.0,0.0701020799999999,0.0,0.0,0.0,0.0,0.0,0.0,0.0,0.0,0.0,0.0,0.0,0.0,0.0
1,12,0.0,0.0701020799999999,0.0,0.0,0.0,0.0,0.0,0.0,0.0,0.0,0.0,0.0,0.0,0.0,0.0
1,13,0.0,0.06570624,0.0,0.0,0.0,0.0,0.0,0.0,0.0,0.0,0.0,0.0,0.0,0.0,0.0
1,14,0.0,0.20486928,0.0,0.0,0.0,0.0,0.0,0.0,0.0,0.0,0.0,0.0,0.0,0.0,0.0
1,15,0.0,0.2789044799999999,0.0,0.0,0.0,0.0,0.0,0.0,0.0,0.0,0.0,0.0,0.0,0.0,0.0
1,16,0.0,0.42269472,0.0,0.0,0.0,0.0,0.0,0.0,0.0,0.0,0.0,0.0,0.0,0.0,0.0
1,17,0.0,0.53247504,0.0,0.0,0.0,0.0,0.0,0.0,0.0,0.0,0.0,0.0,0.0,0.0,0.0
1,18,59.933099287765884,0.62733264,62.171264821333914,41.05993255809268,0.0,3.0,0.0,0.0,0.0,0.0,59.93309928776587,0.0,0.0,0.0,0.0
1,19,84.64620083935398,0.62039184,87.80726228148754,57.3813293936919,0.0,4.0,0.0,0.0,0.0,0.0,84.64620083935398,0.0,0.0,0.0,0.0
1,20,117.85799752918243,0.5558424,122.25933353649631,72.00370531538462,0.0,5.0,0.0,0.0,0.0,0.0,117.85799752918241,0.0,0.0,0.0,0.0
1,21,133.09681324029935,0.51685824,138.06723365176282,75.93121282079227,0.0,5.0,0.0,0.0,0.0,0.0,133.09681324029935,0.0,0.0,0.0,0.0
1,22,102.51089559917862,0.5316652799999999,106.33910331865005,60.05663346070631,0.0,6.0,0.0,0.0,0.0,0.0,102.51089559917862,0.0,0.0,0.0,0.0
1,23,164.16229198457359,0.40488,170.29283400889375,74.5848554392153,0.0,5.0,0.0,0.0,0.0,0.0,164.16229198457359,0.0,0.0,0.0,0.0
2,0,83.35609297636623,0.66990288,86.46897611656249,60.78793924059464,0.0,5.0,0.0,0.0,0.0,0.0,83.35609297636623,0.0,0.0,0.0,0.0
2,1,111.13078872856649,0.59771856,115.28090117071213,72.72133207201094,0.0,5.0,0.0,0.0,0.0,0.0,111.13078872856649,0.0,0.0,0.0,0.0
2,2,63.686330592498926,0.61148448,66.064658290974,42.58425341086516,0.0,5.0,0.0,0.0,0.0,0.0,63.686330592498926,0.0,0.0,0.0,0.0
2,3,115.37416404288882,0.5108428799999999,119.6827427830797,65.10057579572758,0.0,5.0,0.0,0.0,0.0,0.0,115.37416404288882,0.0,0.0,0.0,0.0
2,4,116.66749298254511,0.57932544,121.02437031384348,74.11840324017852,0.0,6.0,0.0,0.0,0.0,0.0,116.66749298254511,0.0,0.0,0.0,0.0
2,5,140.81857096832118,0.81820464,146.0773557762668,124.35633077126676,0.0,8.0,0.0,0.0,0.0,0.0,140.81857096832118,0.0,0.0,0.0,0.0
2,6,113.91514900625407,1.18641408,118.16924170773244,144.10905408550298,0.0,9.0,0.0,0.0,0.0,0.0,113.91514900625405,0.0,0.0,0.0,0.0
2,7,68.02321632033221,1.59858192,70.56350240698362,115.13719108935165,0.0,6.0,0.0,0.0,0.0,0.0,68.02321632033221,0.0,0.0,0.0,0.0
2,8,127.25847750823249,1.68869664,132.01086878447356,227.29587031658744,0.0,7.0,0.0,0.0,0.0,0.0,127.25847750823249,0.0,0.0,0.0,0.0
2,9,83.19268786202363,1.7010744,86.29946873653904,149.65832941650632,0.0,6.0,0.0,0.0,0.0,0.0,83.19268786202363,0.0,0.0,0.0,0.0
2,10,38.17572630170191,1.68441648,39.601375831640986,68.0160156215171,0.0,2.0,0.0,0.0,0.0,0.0,38.1757263017019,0.0,0.0,0.0,0.0
2,11,0.0,1.6582728,0.0,0.0,0.0,0.0,0.0,0.0,0.0,0.0,0.0,0.0,0.0,0.0,0.0
2,12,1.2298921018351034,1.67018784,1.2758216824015598,0.0,11.354812973373882,0.0,0.0,0.0,0.0,1.0,0.0,0.0,0.0,0.0,1.2298921018351034
2,13,0.0,1.6630156799999996,0.0,0.0,0.0,0.0,0.0,0.0,0.0,0.0,0.0,0.0,0.0,0.0,0.0
2,14,0.0,1.7143775999999995,0.0,0.0,0.0,0.0,0.0,0.0,0.0,0.0,0.0,0.0,0.0,0.0,0.0
2,15,0.0,1.79697312,0.0,0.0,0.0,0.0,0.0,0.0,0.0,0.0,0.0,0.0,0.0,0.0,0.0
2,16,0.0,1.88431152,0.0,0.0,0.0,0.0,0.0,0.0,0.0,0.0,0.0,0.0,0.0,0.0,0.0
2,17,0.0,1.96656,0.0,0.0,0.0,0.0,0.0,0.0,0.0,0.0,0.0,0.0,0.0,0.0,0.0
2,18,0.0,2.02139232,0.0,0.0,0.0,0.0,0.0,0.0,0.0,0.0,0.0,0.0,0.0,0.0,0.0
2,19,88.62129073839382,1.90247328,91.93079952115544,177.93879916218523,0.0,3.0,0.0,0.0,0.0,0.0,88.62129073839384,0.0,0.0,0.0,0.0
2,20,314.26273766176394,1.769904,325.99869052050195,587.7769430032271,0.0,8.0,0.0,0.0,0.0,0.0,314.26273766176394,0.0,0.0,0.0,0.0
2,21,267.8839424638995,1.6388385599999995,277.8879071202277,464.6115072720071,0.0,8.0,0.0,0.0,0.0,0.0,267.8839424638995,0.0,0.0,0.0,0.0
2,22,380.3192314681896,1.5231585600000002,394.5220243445951,613.9782774948044,0.0,10.0,0.0,0.0,0.0,0.0,380.31923146818906,0.0,0.0,0.0,0.0
2,23,316.7337503954547,1.3657180800000002,328.5619817380235,459.5984404557772,0.0,7.0,0.0,0.0,0.0,0.0,316.7337503954547,0.0,0.0,0.0,0.0
3,0,354.2644824770483,0.91167408,367.4942764284734,347.19906691797667,0.0,9.0,0.0,0.0,0.0,0.0,354.26448247704775,0.0,0.0,0.0,0.0
3,1,270.5016130846283,0.85522224,280.60333307534063,249.26618138895265,0.0,7.0,0.0,0.0,0.0,0.0,270.50161308462833,0.0,0.0,0.0,0.0
3,2,320.11217097257776,0.85533792,332.0665673989396,295.0205304414537,0.0,8.0,0.0,0.0,0.0,0.0,320.11217097257776,0.0,0.0,0.0,0.0
3,3,377.22147627568836,0.82641792,391.3085853482245,336.33674135664836,0.0,9.0,0.0,0.0,0.0,0.0,377.2214762756879,0.0,0.0,0.0,0.0
3,4,465.31371713324467,0.83671344,482.6905779390505,419.85075205275353,0.0,13.0,0.0,0.0,0.0,0.0,465.31371713324467,0.0,0.0,0.0,0.0
3,5,271.0592660610196,0.89235552,281.1818112666179,260.22125936028976,0.0,11.0,0.0,0.0,0.0,0.0,271.0592660610192,0.0,0.0,0.0,0.0
3,6,288.12063519915523,1.18548864,298.8803269700781,364.21217116522274,0.0,10.0,0.0,0.0,0.0,0.0,288.12063519915466,0.0,0.0,0.0,0.0
3,7,127.70428877583453,1.79257728,132.4733286056375,241.85354624128647,0.0,6.0,0.0,0.0,0.0,0.0,127.70428877583456,0.0,0.0,0.0,0.0
3,8,285.3801116609309,1.89622656,296.0374602291814,571.1529347751033,0.0,9.0,0.0,0.0,0.0,0.0,285.380111660929,0.0,0.0,0.0,0.0
3,9,0.0,1.93266576,0.0,0.0,0.0,0.0,0.0,0.0,0.0,0.0,0.0,0.0,0.0,0.0,0.0
3,10,0.0,1.95001776,0.0,0.0,0.0,0.0,0.0,0.0,0.0,0.0,0.0,0.0,0.0,0.0,0.0
3,11,0.0,1.96066032,0.0,0.0,0.0,0.0,0.0,0.0,0.0,0.0,0.0,0.0,0.0,0.0,0.0
3,12,0.0,1.902936,0.0,0.0,0.0,0.0,0.0,0.0,0.0,0.0,0.0,0.0,0.0,0.0,0.0
3,13,0.0,1.86140688,0.0,0.0,0.0,0.0,0.0,0.0,0.0,0.0,0.0,0.0,0.0,0.0,0.0
3,14,0.0,1.88627808,0.0,0.0,0.0,0.0,0.0,0.0,0.0,0.0,0.0,0.0,0.0,0.0,0.0
3,15,0.0,1.94030064,0.0,0.0,0.0,0.0,0.0,0.0,0.0,0.0,0.0,0.0,0.0,0.0,0.0
3,16,0.0,1.92734448,0.0,0.0,0.0,0.0,0.0,0.0,0.0,0.0,0.0,0.0,0.0,0.0,0.0
3,17,0.0,1.97488896,0.0,0.0,0.0,0.0,0.0,0.0,0.0,0.0,0.0,0.0,0.0,0.0,0.0
3,18,0.0,1.95418224,0.0,0.0,0.0,0.0,0.0,0.0,0.0,0.0,0.0,0.0,0.0,0.0,0.0
3,19,137.21813376651195,1.86233232,142.34246241339417,269.8005037667325,0.0,4.0,0.0,0.0,0.0,0.0,137.21813376651187,0.0,0.0,0.0,0.0
3,20,143.07223319759987,1.73080416,148.41517966556006,261.7901528192288,0.0,4.0,0.0,0.0,0.0,0.0,143.0722331975999,0.0,0.0,0.0,0.0
3,21,108.50669230285908,1.5159864,112.55880944279988,174.3633209080329,0.0,4.0,0.0,0.0,0.0,0.0,108.50669230285908,0.0,0.0,0.0,0.0
3,22,267.84751442891167,1.32187536,277.85011870219057,376.4800646145433,0.0,7.0,0.0,0.0,0.0,0.0,267.84751442891167,0.0,0.0,0.0,0.0
3,23,201.40217779298587,1.08345888,208.9234209470808,233.27530089844106,0.0,6.0,0.0,0.0,0.0,0.0,201.40217779298587,0.0,0.0,0.0,0.0
4,0,246.16943550106024,0.95875584,255.3624849596061,253.28277202409745,0.0,9.0,0.0,0.0,0.0,0.0,246.16943550106024,0.0,0.0,0.0,0.0
4,1,342.62432298184893,0.91202112,355.41942218034126,335.91440236083696,0.0,10.0,0.0,0.0,0.0,0.0,342.62432298184876,0.0,0.0,0.0,0.0
4,2,304.45468048278315,0.80895024,315.82435734728546,265.9399759021275,0.0,8.0,0.0,0.0,0.0,0.0,304.4546804827826,0.0,0.0,0.0,0.0
4,3,447.1577928365173,0.8011996800000001,463.85663157315065,386.99543928735756,0.0,12.0,0.0,0.0,0.0,0.0,447.1577928365173,0.0,0.0,0.0,0.0
4,4,359.360124964795,0.830004,372.7802126190819,321.7480926323801,0.0,13.0,0.0,0.0,0.0,0.0,359.3601249647947,0.0,0.0,0.0,0.0
4,5,140.8105553934306,0.94545264,146.06904086455458,142.93624556027777,0.0,9.0,0.0,0.0,0.0,0.0,140.8105553934306,0.0,0.0,0.0,0.0
4,6,278.24908263212006,0.92671248,288.6401272117429,277.0403963266184,0.0,8.0,0.0,0.0,0.0,0.0,278.24908263212,0.0,0.0,0.0,0.0
4,7,291.39945932589654,0.96396144,302.28159681109605,301.3933242019708,0.0,10.0,0.0,0.0,0.0,0.0,291.39945932589654,0.0,0.0,0.0,0.0
4,8,93.4297987141423,0.99797136,96.91887833417252,99.93027969368978,0.0,8.0,0.0,0.0,0.0,0.0,93.42979871414231,0.0,0.0,0.0,0.0
4,9,164.49398821507086,0.98756016,170.63691723555067,174.16230324754392,0.0,5.0,0.0,0.0,0.0,0.0,164.49398821507086,0.0,0.0,0.0,0.0
4,10,228.38961763462103,0.8785896,236.9186904923455,215.99630616749027,0.0,5.0,0.0,0.0,0.0,0.0,228.38961763462103,0.0,0.0,0.0,0.0
4,11,0.0,0.94522128,0.0,0.0,0.0,0.0,0.0,0.0,0.0,0.0,0.0,0.0,0.0,0.0,0.0
4,12,0.7759453466292854,0.93573552,0.804922558744072,0.0,7.1638107728222415,0.0,0.0,0.0,0.0,1.0,0.0,0.0,0.0,0.0,0.7759453466292854
4,13,0.0,0.92220096,0.0,0.0,0.0,0.0,0.0,0.0,0.0,0.0,0.0,0.0,0.0,0.0,0.0
4,14,0.0,0.92798496,0.0,0.0,0.0,0.0,0.0,0.0,0.0,0.0,0.0,0.0,0.0,0.0,0.0
4,15,0.0,0.92243232,0.0,0.0,0.0,0.0,0.0,0.0,0.0,0.0,0.0,0.0,0.0,0.0,0.0
4,16,0.0,0.93492576,0.0,0.0,0.0,0.0,0.0,0.0,0.0,0.0,0.0,0.0,0.0,0.0,0.0
4,17,0.04517903735463744,0.99669888,0.046866221322238014,0.0,0.41710936976791835,0.0,0.0,0.0,0.0,1.0,0.0,0.0,0.0,0.0,0.04517903735463744
4,18,97.56719393157316,0.83613504,101.21078208669417,87.97595821555889,0.0,3.0,0.0,0.0,0.0,0.0,97.56719393157314,0.0,0.0,0.0,0.0
4,19,154.05861706934553,0.77054448,159.81184343293106,128.4319058134993,0.0,6.0,0.0,0.0,0.0,0.0,154.05861706934553,0.0,0.0,0.0,0.0
4,20,269.4784087093757,0.71871984,279.54191774831503,210.16515987483137,0.0,7.0,0.0,0.0,0.0,0.0,269.4784087093757,0.0,0.0,0.0,0.0
4,21,210.3111538924722,0.6623836799999999,218.16509739883008,151.73026478649678,0.0,7.0,0.0,0.0,0.0,0.0,210.3111538924722,0.0,0.0,0.0,0.0
4,22,325.32772756199745,0.43888992,337.4768958112008,159.285693055777,0.0,8.0,0.0,0.0,0.0,0.0,325.32772756199745,0.0,0.0,0.0,0.0
4,23,327.4459791510646,0.3565257599999999,339.67425223139486,132.3458386780889,0.0,8.0,0.0,0.0,0.0,0.0,327.4459791510645,0.0,0.0,0.0,0.0
5,0,275.18566019587365,0.34738704,285.46230310775286,108.61470674105166,0.0,8.0,0.0,0.0,0.0,0.0,275.18566019587297,0.0,0.0,0.0,0.0
5,1,241.5675412317373,0.3256392,250.58873571756982,89.89600258033244,0.0,6.0,0.0,0.0,0.0,0.0,241.5675412317373,0.0,0.0,0.0,0.0
5,2,389.3691542487633,0.32020224,403.909911046435,142.70227633090624,0.0,9.0,0.0,0.0,0.0,0.0,389.3691542487633,0.0,0.0,0.0,0.0
5,3,515.3856983881814,0.3211276799999999,534.6324672076571,189.38161851164443,0.0,12.0,0.0,0.0,0.0,0.0,515.3856983881814,0.0,0.0,0.0,0.0
5,4,240.35199522274104,0.33119184,249.32779587421274,90.82808152216137,0.0,8.0,0.0,0.0,0.0,0.0,240.3519952227407,0.0,0.0,0.0,0.0
5,5,197.87157803152692,0.4604064,205.26097306174992,101.29760387620121,0.0,8.0,0.0,0.0,0.0,0.0,197.87157803152695,0.0,0.0,0.0,0.0
5,6,225.99031095773404,0.7253136000000001,234.42978315117642,177.7947357869031,0.0,9.0,0.0,0.0,0.0,0.0,225.9903109577341,0.0,0.0,0.0,0.0
5,7,154.12924676514433,0.98941104,159.88511075222442,163.48429087577216,0.0,9.0,0.0,0.0,0.0,0.0,154.12924676514376,0.0,0.0,0.0,0.0
5,8,94.48441338952141,1.08207072,98.01287696008445,102.31168759931597,55.781312505086255,5.0,0.0,0.0,0.0,1.0,88.4424824620042,0.0,0.0,0.0,6.041930927517207
5,9,176.98065345085175,1.2484185600000002,183.58988947183792,220.9320149804015,99.60241127865974,4.0,0.0,0.0,0.0,1.0,166.1922574426913,0.0,0.0,0.0,10.788396008160447
5,10,188.89472674335343,1.48938,195.94888666322973,298.328260967034,0.0,4.0,0.0,0.0,0.0,0.0,188.89472674335343,0.0,0.0,0.0,0.0
5,11,0.0,1.6153555199999998,0.0,0.0,0.0,0.0,0.0,0.0,0.0,0.0,0.0,0.0,0.0,0.0,0.0
5,12,0.0,1.61940432,0.0,0.0,0.0,0.0,0.0,0.0,0.0,0.0,0.0,0.0,0.0,0.0,0.0
5,13,0.0,1.64936544,0.0,0.0,0.0,0.0,0.0,0.0,0.0,0.0,0.0,0.0,0.0,0.0,0.0
5,14,0.0,1.7282592,0.0,0.0,0.0,0.0,0.0,0.0,0.0,0.0,0.0,0.0,0.0,0.0,0.0
5,15,0.0,1.7953536,0.0,0.0,0.0,0.0,0.0,0.0,0.0,0.0,0.0,0.0,0.0,0.0,0.0
5,16,0.0,1.95024912,0.0,0.0,0.0,0.0,0.0,0.0,0.0,0.0,0.0,0.0,0.0,0.0,0.0
5,17,0.0,2.19826704,0.0,0.0,0.0,0.0,0.0,0.0,0.0,0.0,0.0,0.0,0.0,0.0,0.0
5,18,0.0,2.19792,0.0,0.0,0.0,0.0,0.0,0.0,0.0,0.0,0.0,0.0,0.0,0.0,0.0
5,19,0.0,2.00947728,0.0,0.0,0.0,0.0,0.0,0.0,0.0,0.0,0.0,0.0,0.0,0.0,0.0
5,20,168.73324229366852,1.8514584,175.03448370712502,329.86270655992564,0.0,5.0,0.0,0.0,0.0,0.0,168.73324229366847,0.0,0.0,0.0,0.0
5,21,290.44973662691314,1.71923616,301.296407289329,527.9725893711787,0.0,7.0,0.0,0.0,0.0,0.0,290.44973662691314,0.0,0.0,0.0,0.0
5,22,200.2070583904923,1.6330545599999997,207.68367052955634,346.03309469035787,0.0,6.0,0.0,0.0,0.0,0.0,200.2070583904923,0.0,0.0,0.0,0.0
5,23,150.52944386416837,1.469136,156.15087537776802,234.57546642399672,0.0,6.0,0.0,0.0,0.0,0.0,150.52944386416837,0.0,0.0,0.0,0.0
6,0,306.4048902758413,1.24020528,317.8473965517026,404.7167682635368,0.0,8.0,0.0,0.0,0.0,0.0,306.40489027584044,0.0,0.0,0.0,0.0
6,1,388.2819852285549,1.1695247999999998,402.78214235327283,484.3957933911761,0.0,11.0,0.0,0.0,0.0,0.0,388.28198522855416,0.0,0.0,0.0,0.0
6,2,356.4442880243513,1.11897264,369.75548550243917,425.98517833727675,0.0,11.0,0.0,0.0,0.0,0.0,356.4442880243513,0.0,0.0,0.0,0.0
6,3,285.2802078451744,0.95250912,295.93382556553354,291.67507739387906,0.0,8.0,0.0,0.0,0.0,0.0,285.28020784517435,0.0,0.0,0.0,0.0
6,4,422.2181937901255,0.94776624,437.98567820552427,429.6053653553025,0.0,11.0,0.0,0.0,0.0,0.0,422.2181937901255,0.0,0.0,0.0,0.0
6,5,509.71447626510087,0.97205904,528.7494567065361,531.4772963036634,0.0,15.0,0.0,0.0,0.0,0.0,509.7144762651007,0.0,0.0,0.0,0.0
6,6,223.83973094180777,1.124988,232.1988910184728,268.90674930180114,0.0,12.0,0.0,0.0,0.0,0.0,223.83973094180777,0.0,0.0,0.0,0.0
6,7,234.1231193991367,1.2024936,242.86630643063978,300.0840538813373,0.0,8.0,0.0,0.0,0.0,0.0,234.12311939913667,0.0,0.0,0.0,0.0
6,8,144.18814140111402,1.25524368,149.57276078953737,192.70112106335228,0.0,8.0,0.0,0.0,0.0,0.0,144.18814140111402,0.0,0.0,0.0,0.0
6,9,95.15739493913384,1.27155456,98.71099060076125,128.78374400940032,0.0,5.0,0.0,0.0,0.0,0.0,95.1573949391337,0.0,0.0,0.0,0.0
6,10,47.419707316461114,1.27409952,49.190567755665064,63.83614855859057,3.1709529707188446,1.0,0.0,0.0,0.0,1.0,47.07624679244168,0.0,0.0,0.0,0.3434605240194344
6,11,0.31516938939862627,1.2799992,0.32693920062098164,0.0,2.909758885526737,0.0,0.0,0.0,0.0,1.0,0.0,0.0,0.0,0.0,0.31516938939862627
6,12,0.0,1.2714388799999998,0.0,0.0,0.0,0.0,0.0,0.0,0.0,0.0,0.0,0.0,0.0,0.0,0.0
6,13,0.0,1.16940912,0.0,0.0,0.0,0.0,0.0,0.0,0.0,0.0,0.0,0.0,0.0,0.0,0.0
6,14,0.0,1.30787808,0.0,0.0,0.0,0.0,0.0,0.0,0.0,0.0,0.0,0.0,0.0,0.0,0.0
6,15,0.0,1.42066608,0.0,0.0,0.0,0.0,0.0,0.0,0.0,0.0,0.0,0.0,0.0,0.0,0.0
6,16,0.0,1.5688521599999998,0.0,0.0,0.0,0.0,0.0,0.0,0.0,0.0,0.0,0.0,0.0,0.0,0.0
6,17,0.0,1.74352896,0.0,0.0,0.0,0.0,0.0,0.0,0.0,0.0,0.0,0.0,0.0,0.0,0.0
6,18,2.7818712549520654,1.64392848,2.885758563228284,0.0,25.68325121273173,0.0,0.0,0.0,0.0,1.0,0.0,0.0,0.0,0.0,2.7818712549520654
6,19,0.0,1.38723456,0.0,0.0,0.0,2.0,0.0,0.0,0.0,0.0,0.0,0.0,0.0,0.0,0.0
6,20,16.40305772211243,1.24032096,17.015620043685093,0.0,151.43901838879734,2.0,0.0,0.0,0.0,1.0,0.0,0.0,0.0,0.0,16.40305772211243
6,21,159.35131916446068,1.16859936,165.30219830338245,198.64354590776776,0.0,4.0,0.0,0.0,0.0,0.0,159.35131916446068,0.0,0.0,0.0,0.0
6,22,496.4644797335452,0.858924,515.0046470264991,459.39650525916585,0.0,13.0,0.0,0.0,0.0,0.0,496.4644797335452,0.0,0.0,0.0,0.0
6,23,299.1240238799968,0.8298883199999999,310.2946305809096,267.78064195003975,0.0,8.0,0.0,0.0,0.0,0.0,299.12402387999686,0.0,0.0,0.0,0.0
7,0,329.71568460859606,0.82907856,342.02871847364736,294.8898279722547,0.0,8.0,0.0,0.0,0.0,0.0,329.71568460859606,0.0,0.0,0.0,0.0
7,1,401.40569527966693,0.80895024,416.39594946023544,350.62630917801914,0.0,10.0,0.0,0.0,0.0,0.0,401.4056952796668,0.0,0.0,0.0,0.0
7,2,291.54882533918556,0.8090659199999999,302.4365408082838,254.7017476314258,0.0,8.0,0.0,0.0,0.0,0.0,291.54882533918476,0.0,0.0,0.0,0.0
7,3,460.0632959661784,0.8207496,477.2440829524673,407.494669331331,0.0,12.0,0.0,0.0,0.0,0.0,460.0632959661779,0.0,0.0,0.0,0.0
7,4,350.73571670503526,0.85406544,363.8337310218209,322.7807120688153,0.0,13.0,0.0,0.0,0.0,0.0,350.7357167050353,0.0,0.0,0.0,0.0
7,5,148.80270004151325,0.8706076800000001,154.35964734596809,139.495998788643,0.0,9.0,0.0,0.0,0.0,0.0,148.80270004151325,0.0,0.0,0.0,0.0
7,6,150.13412988728606,0.9002217599999999,155.74079863826358,145.35627628886974,0.0,7.0,0.0,0.0,0.0,0.0,150.13412988728606,0.0,0.0,0.0,0.0
7,7,219.7163549541616,0.87882096,227.92153003543737,207.84642047458487,0.0,7.0,0.0,0.0,0.0,0.0,219.7163549541616,0.0,0.0,0.0,0.0
7,8,62.240663900414944,0.92520864,64.5650040460736,61.87320121898729,0.0,4.0,0.0,0.0,0.0,0.0,62.24066390041494,0.0,0.0,0.0,0.0
7,9,120.64183745937385,1.1232528,125.1471342939563,144.71423915279235,0.0,3.0,0.0,0.0,0.0,0.0,120.64183745937385,0.0,0.0,0.0,0.0
7,10,22.666461936867357,1.1290368000000002,23.512927320401825,27.325238114764353,0.0,2.0,0.0,0.0,0.0,0.0,22.666461936867357,0.0,0.0,0.0,0.0
7,11,0.0,0.9971616,0.0,0.0,0.0,0.0,0.0,0.0,0.0,0.0,0.0,0.0,0.0,0.0,0.0
7,12,0.0,0.99241872,0.0,0.0,0.0,0.0,0.0,0.0,0.0,0.0,0.0,0.0,0.0,0.0,0.0
7,13,0.0,1.06182672,0.0,0.0,0.0,0.0,0.0,0.0,0.0,0.0,0.0,0.0,0.0,0.0,0.0
7,14,0.0,0.93133968,0.0,0.0,0.0,0.0,0.0,0.0,0.0,0.0,0.0,0.0,0.0,0.0,0.0
7,15,0.0,0.91317792,0.0,0.0,0.0,0.0,0.0,0.0,0.0,0.0,0.0,0.0,0.0,0.0,0.0
7,16,0.0,0.92463024,0.0,0.0,0.0,0.0,0.0,0.0,0.0,0.0,0.0,0.0,0.0,0.0,0.0
7,17,0.0,0.91017024,0.0,0.0,0.0,0.0,0.0,0.0,0.0,0.0,0.0,0.0,0.0,0.0,0.0
7,18,98.64278656575338,0.90669984,102.32654208065705,96.16646787515477,0.0,4.0,0.0,0.0,0.0,0.0,98.64278656575337,0.0,0.0,0.0,0.0
7,19,93.87843628619959,0.8605435199999999,97.38427000643111,87.02682184117751,0.0,3.0,0.0,0.0,0.0,0.0,93.87843628619959,0.0,0.0,0.0,0.0
7,20,111.97682286400483,0.7748246400000001,116.15852994191374,93.84733848624988,0.0,4.0,0.0,0.0,0.0,0.0,111.97682286400483,0.0,0.0,0.0,0.0
7,21,103.95315232788035,0.6939643200000001,107.83522025713731,78.40314108830577,0.0,6.0,0.0,0.0,0.0,0.0,103.9531523278802,0.0,0.0,0.0,0.0
7,22,104.30636269915706,0.5645184,108.2016210572169,64.66327965362026,0.0,7.0,0.0,0.0,0.0,0.0,104.30636269915706,0.0,0.0,0.0,0.0
7,23,207.5821348123332,0.4152912,215.33416474308427,96.55394453014927,0.0,8.0,0.0,0.0,0.0,0.0,207.5821348123327,0.0,0.0,0.0,0.0
8,0,302.85792866956405,0.28272192,314.167975798303,99.2211333191336,0.0,11.0,0.0,0.0,0.0,0.0,302.8579286695605,0.0,0.0,0.0,0.0
8,1,320.9811372524033,0.1075824,332.96798470166317,46.842735210993254,0.0,12.0,0.0,0.0,0.0,0.0,320.9811372524034,0.0,0.0,0.0,0.0
8,2,268.0057714338204,0.1052688,278.01428571973076,38.468503097896274,0.0,11.0,0.0,0.0,0.0,0.0,268.00577143382037,0.0,0.0,0.0,0.0
8,3,229.58585807772187,0.04812288,238.15960381506423,19.344008921518505,0.0,8.0,0.0,0.0,0.0,0.0,229.5858580777219,0.0,0.0,0.0,0.0
8,4,269.0717515000634,0.06454944,279.12007417019026,27.25591893547754,0.0,10.0,0.0,0.0,0.0,0.0,269.0717515000634,0.0,0.0,0.0,0.0
8,5,131.9397854047892,0.1147545599999999,136.86699730787262,20.23640966547668,0.0,8.0,0.0,0.0,0.0,0.0,131.93978540478923,0.0,0.0,0.0,0.0
8,6,157.72102086811674,0.10434336,163.61101749804644,22.487247977950293,0.0,9.0,0.0,0.0,0.0,0.0,157.72102086811674,0.0,0.0,0.0,0.0
8,7,45.65907347761101,0.19052496,47.36418410540561,10.591813776003967,0.0,5.0,0.0,0.0,0.0,0.0,45.65907347761101,0.0,0.0,0.0,0.0
8,8,99.5765541635025,0.31326144,103.29518066753371,35.777467521067145,0.0,5.0,0.0,0.0,0.0,0.0,99.5765541635025,0.0,0.0,0.0,0.0
8,9,119.0526092541972,0.33639744,123.49855731763193,45.63240077255827,0.0,6.0,0.0,0.0,0.0,0.0,119.0526092541972,0.0,0.0,0.0,0.0
8,10,0.0,0.40742496,0.0,0.0,0.0,0.0,0.0,0.0,0.0,0.0,0.0,0.0,0.0,0.0,0.0
8,11,0.0,0.5436960000000001,0.0,0.0,0.0,0.0,0.0,0.0,0.0,0.0,0.0,0.0,0.0,0.0,0.0
8,12,0.0,0.5436960000000001,0.0,0.0,0.0,0.0,0.0,0.0,0.0,0.0,0.0,0.0,0.0,0.0,0.0
8,13,0.0,0.56636928,0.0,0.0,0.0,0.0,0.0,0.0,0.0,0.0,0.0,0.0,0.0,0.0,0.0
8,14,0.0,0.6351988799999999,0.0,0.0,0.0,0.0,0.0,0.0,0.0,0.0,0.0,0.0,0.0,0.0,0.0
8,15,0.0,0.7344523199999999,0.0,0.0,0.0,0.0,0.0,0.0,0.0,0.0,0.0,0.0,0.0,0.0,0.0
8,16,0.0,0.76476048,0.0,0.0,0.0,0.0,0.0,0.0,0.0,0.0,0.0,0.0,0.0,0.0,0.0
8,17,0.0,0.80038992,0.0,0.0,0.0,0.0,0.0,0.0,0.0,0.0,0.0,0.0,0.0,0.0,0.0
8,18,123.13876382386732,0.8087188799999999,127.73730687123167,107.53167660455654,0.0,4.0,0.0,0.0,0.0,0.0,123.13876382386732,0.0,0.0,0.0,0.0
8,19,106.73341407404962,0.75909216,110.71930920544565,87.71096871316988,0.0,7.0,0.0,0.0,0.0,0.0,106.73341407404962,0.0,0.0,0.0,0.0
8,20,179.2284198197573,0.7054166399999999,185.9215973233997,137.30619335871015,0.0,11.0,0.0,0.0,0.0,0.0,179.2284198197573,0.0,0.0,0.0,0.0
8,21,139.35211385273422,0.66411888,144.5561347020065,100.78726633406208,0.0,9.0,0.0,0.0,0.0,0.0,139.35211385273422,0.0,0.0,0.0,0.0
8,22,142.53164417947193,0.5786313599999999,147.85440267580077,90.44717483085525,0.0,11.0,0.0,0.0,0.0,0.0,142.53164417947193,0.0,0.0,0.0,0.0
8,23,427.42968495652264,0.53548272,443.39178937398617,252.10490962792815,0.0,15.0,0.0,0.0,0.0,0.0,427.4296849565226,0.0,0.0,0.0,0.0
9,0,72.22231091389668,0.79865472,74.91940966171855,62.31457260574801,0.0,8.0,0.0,0.0,0.0,0.0,72.22231091389668,0.0,0.0,0.0,0.0
9,1,223.63566066764696,0.7447478399999998,231.98719986270427,180.45074232085278,0.0,13.0,0.0,0.0,0.0,0.0,223.63566066764696,0.0,0.0,0.0,0.0
9,2,197.84274077662863,0.69731904,205.2310588969177,149.90467301767012,0.0,11.0,0.0,0.0,0.0,0.0,197.84274077662863,0.0,0.0,0.0,0.0
9,3,269.7897353058675,0.45589488,279.86487064924023,136.85248883934077,0.0,10.0,0.0,0.0,0.0,0.0,269.78973530586757,0.0,0.0,0.0,0.0
9,4,285.88491573112594,0.5476291200000001,296.56111590365765,172.22167586494913,0.0,13.0,0.0,0.0,0.0,0.0,285.88491573112594,0.0,0.0,0.0,0.0
9,5,164.2282149201284,0.79807632,170.36121879681374,141.60021091025047,0.0,8.0,0.0,0.0,0.0,0.0,164.22821492012775,0.0,0.0,0.0,0.0
9,6,0.0,1.20955008,0.0,0.0,0.0,0.0,0.0,0.0,0.0,0.0,0.0,0.0,0.0,0.0,0.0
9,7,0.0,1.48486848,0.0,0.0,0.0,0.0,0.0,0.0,0.0,0.0,0.0,0.0,0.0,0.0,0.0
9,8,0.0,1.7041977599999998,0.0,0.0,0.0,0.0,0.0,0.0,0.0,0.0,0.0,0.0,0.0,0.0,0.0
9,9,0.0,1.86314208,0.0,0.0,0.0,0.0,0.0,0.0,0.0,0.0,0.0,0.0,0.0,0.0,0.0
9,10,0.0,1.7830915199999997,0.0,0.0,0.0,0.0,0.0,0.0,0.0,0.0,0.0,0.0,0.0,0.0,0.0
9,11,0.0,1.79662608,0.0,0.0,0.0,0.0,0.0,0.0,0.0,0.0,0.0,0.0,0.0,0.0,0.0
9,12,0.0,1.57891632,0.0,0.0,0.0,0.0,0.0,0.0,0.0,0.0,0.0,0.0,0.0,0.0,0.0
9,13,0.0,1.54964928,0.0,0.0,0.0,0.0,0.0,0.0,0.0,0.0,0.0,0.0,0.0,0.0,0.0
9,14,0.0,1.60934016,0.0,0.0,0.0,0.0,0.0,0.0,0.0,0.0,0.0,0.0,0.0,0.0,0.0
9,15,0.0,1.6934395199999996,0.0,0.0,0.0,0.0,0.0,0.0,0.0,0.0,0.0,0.0,0.0,0.0,0.0
9,16,0.0,1.8144408,0.0,0.0,0.0,0.0,0.0,0.0,0.0,0.0,0.0,0.0,0.0,0.0,0.0
9,17,0.0,1.90501824,0.0,0.0,0.0,0.0,0.0,0.0,0.0,0.0,0.0,0.0,0.0,0.0,0.0
9,18,0.0,1.88951712,0.0,0.0,0.0,0.0,0.0,0.0,0.0,0.0,0.0,0.0,0.0,0.0,0.0
9,19,0.0,1.8242736,0.0,0.0,0.0,0.0,0.0,0.0,0.0,0.0,0.0,0.0,0.0,0.0,0.0
9,20,0.0,1.6781697599999998,0.0,0.0,0.0,0.0,0.0,0.0,0.0,0.0,0.0,0.0,0.0,0.0,0.0
9,21,0.0,1.55728416,0.0,0.0,0.0,2.0,0.0,0.0,0.0,0.0,0.0,0.0,0.0,0.0,0.0
9,22,466.22602196115736,0.96986112,483.6369522418644,485.0690592938868,0.0,15.0,0.0,0.0,0.0,0.0,466.22602196115724,0.0,0.0,0.0,0.0
9,23,594.8352452069039,0.93226512,617.0490095507301,595.6775911508217,0.0,16.0,0.0,0.0,0.0,0.0,594.8352452069039,0.0,0.0,0.0,0.0
10,0,487.2074049347348,0.8797464,505.4018723389366,461.3542797178579,0.0,13.0,0.0,0.0,0.0,0.0,487.20740493473477,0.0,0.0,0.0,0.0
10,1,371.01173801403513,0.9248616,384.8669481473394,368.68775743434225,0.0,14.0,0.0,0.0,0.0,0.0,371.01173801403513,0.0,0.0,0.0,0.0
10,2,581.9195286189145,0.91178976,603.6509632976292,570.3836138340656,0.0,15.0,0.0,0.0,0.0,0.0,581.9195286189145,0.0,0.0,0.0,0.0
10,3,355.24734093976923,0.92613408,368.5138391491382,353.4910334634916,0.0,14.0,0.0,0.0,0.0,0.0,355.24734093976923,0.0,0.0,0.0,0.0
10,4,358.86713506525615,0.96199488,372.26881230835704,370.44278911172705,0.0,15.0,0.0,0.0,0.0,0.0,358.86713506525615,0.0,0.0,0.0,0.0
10,5,383.68429608010507,1.0529193600000002,398.01275526981857,432.249557749965,0.0,12.0,0.0,0.0,0.0,0.0,383.6842960801048,0.0,0.0,0.0,0.0
10,6,0.0,1.5344952,0.0,0.0,0.0,0.0,0.0,0.0,0.0,0.0,0.0,0.0,0.0,0.0,0.0
10,7,0.0,1.73450592,0.0,0.0,0.0,0.0,0.0,0.0,0.0,0.0,0.0,0.0,0.0,0.0,0.0
10,8,0.0,1.85701104,0.0,0.0,0.0,1.0,0.0,0.0,0.0,0.0,0.0,0.0,0.0,0.0,0.0
10,9,0.0,1.80194736,0.0,0.0,0.0,0.0,0.0,0.0,0.0,0.0,0.0,0.0,0.0,0.0,0.0
10,10,0.0,1.73450592,0.0,0.0,0.0,0.0,0.0,0.0,0.0,0.0,0.0,0.0,0.0,0.0,0.0
10,11,0.0,1.64161488,0.0,0.0,0.0,0.0,0.0,0.0,0.0,0.0,0.0,0.0,0.0,0.0,0.0
10,12,0.0,1.6203297600000002,0.0,0.0,0.0,0.0,0.0,0.0,0.0,0.0,0.0,0.0,0.0,0.0,0.0
10,13,0.0,1.61917296,0.0,0.0,0.0,0.0,0.0,0.0,0.0,0.0,0.0,0.0,0.0,0.0,0.0
10,14,0.0,1.6417305599999996,0.0,0.0,0.0,0.0,0.0,0.0,0.0,0.0,0.0,0.0,0.0,0.0,0.0
10,15,0.0,1.64751456,0.0,0.0,0.0,0.0,0.0,0.0,0.0,0.0,0.0,0.0,0.0,0.0,0.0
10,16,0.0,1.61153808,0.0,0.0,0.0,0.0,0.0,0.0,0.0,0.0,0.0,0.0,0.0,0.0,0.0
10,17,0.0,1.65225744,0.0,0.0,0.0,0.0,0.0,0.0,0.0,0.0,0.0,0.0,0.0,0.0,0.0
10,18,0.0,1.58574144,0.0,0.0,0.0,0.0,0.0,0.0,0.0,0.0,0.0,0.0,0.0,0.0,0.0
10,19,0.0,1.4050492799999998,0.0,0.0,0.0,0.0,0.0,0.0,0.0,0.0,0.0,0.0,0.0,0.0,0.0
10,20,0.0,1.22204352,0.0,0.0,0.0,1.0,0.0,0.0,0.0,0.0,0.0,0.0,0.0,0.0,0.0
10,21,170.98245171118498,1.00097904,177.36768849707988,183.4122090480794,0.0,6.0,0.0,0.0,0.0,0.0,170.98245171118435,0.0,0.0,0.0,0.0
10,22,331.930963785724,0.9179208,344.3267259188008,327.46187834467867,0.0,9.0,0.0,0.0,0.0,0.0,331.93096378572346,0.0,0.0,0.0,0.0
10,23,240.71197818194065,0.6451473600000001,249.7012221804364,169.35919473265443,0.0,7.0,0.0,0.0,0.0,0.0,240.71197818194065,0.0,0.0,0.0,0.0
11,0,317.1549575053502,0.48620304,328.9989185740147,170.8501385721983,0.0,9.0,0.0,0.0,0.0,0.0,317.1549575053501,0.0,0.0,0.0,0.0
11,1,262.6983644857471,0.32078064,272.5086768524348,96.43554497009282,0.0,10.0,0.0,0.0,0.0,0.0,262.6983644857471,0.0,0.0,0.0,0.0
11,2,352.211581980205,0.29116656,365.36471159772304,118.47555817518577,0.0,11.0,0.0,0.0,0.0,0.0,352.211581980205,0.0,0.0,0.0,0.0
11,3,376.7137389119114,0.26108976,390.7818868380823,114.96402950124259,0.0,12.0,0.0,0.0,0.0,0.0,376.71373891191115,0.0,0.0,0.0,0.0
11,4,333.8621839935083,0.2948683199999999,346.3300663833074,113.58529003722178,0.0,13.0,0.0,0.0,0.0,0.0,333.8621839935083,0.0,0.0,0.0,0.0
11,5,351.3383138373474,0.3077088,364.45883178148074,124.2107771088483,0.0,14.0,0.0,0.0,0.0,0.0,351.3383138373474,0.0,0.0,0.0,0.0
11,6,207.32864068674297,0.56151072,215.07120403189109,127.88364348066965,0.0,9.0,0.0,0.0,0.0,0.0,207.32864068674297,0.0,0.0,0.0,0.0
11,7,242.11859975974227,0.82699632,251.1603731947534,216.02211271463403,0.0,9.0,0.0,0.0,0.0,0.0,242.1185997597422,0.0,0.0,0.0,0.0
11,8,117.98249254654412,0.8411092799999998,122.38847774537774,106.99314301008269,0.0,11.0,0.0,0.0,0.0,0.0,117.98249254654412,0.0,0.0,0.0,0.0
11,9,184.97901074501036,0.8092972799999999,191.88694060685722,161.64503683473805,0.0,5.0,0.0,0.0,0.0,0.0,184.97901074501036,0.0,0.0,0.0,0.0
11,10,38.16109725690345,0.79691952,39.586200473966244,32.85731911602524,0.0,1.0,0.0,0.0,0.0,0.0,38.16109725690345,0.0,0.0,0.0,0.0
11,11,0.0,0.80154672,0.0,0.0,0.0,0.0,0.0,0.0,0.0,0.0,0.0,0.0,0.0,0.0,0.0
11,12,0.0,0.7965724799999999,0.0,0.0,0.0,0.0,0.0,0.0,0.0,0.0,0.0,0.0,0.0,0.0,0.0
11,13,0.0,0.7727423999999999,0.0,0.0,0.0,0.0,0.0,0.0,0.0,0.0,0.0,0.0,0.0,0.0,0.0
11,14,0.0,0.8042073599999999,0.0,0.0,0.0,0.0,0.0,0.0,0.0,0.0,0.0,0.0,0.0,0.0,0.0
11,15,0.0,0.8781268799999999,0.0,0.0,0.0,0.0,0.0,0.0,0.0,0.0,0.0,0.0,0.0,0.0,0.0
11,16,0.0,0.8888851200000001,0.0,0.0,0.0,0.0,0.0,0.0,0.0,0.0,0.0,0.0,0.0,0.0,0.0
11,17,0.0,0.85695744,0.0,0.0,0.0,0.0,0.0,0.0,0.0,0.0,0.0,0.0,0.0,0.0,0.0
11,18,61.43141720078571,0.86852544,63.72553651533788,57.456564899877584,0.0,2.0,0.0,0.0,0.0,0.0,61.431417200785596,0.0,0.0,0.0,0.0
11,19,125.7842009657262,0.7865083199999999,130.4815362715002,106.94375273450333,0.0,4.0,0.0,0.0,0.0,0.0,125.7842009657262,0.0,0.0,0.0,0.0
11,20,182.3743745867303,0.7537708799999999,189.18503587835096,148.8641956644296,0.0,6.0,0.0,0.0,0.0,0.0,182.3743745867303,0.0,0.0,0.0,0.0
11,21,208.60060649047034,0.6941956799999999,216.39067063326797,157.37999994387866,0.0,6.0,0.0,0.0,0.0,0.0,208.60060649047034,0.0,0.0,0.0,0.0
11,22,137.5378044228885,0.5773588799999999,142.67407097810016,87.09665357433151,0.0,5.0,0.0,0.0,0.0,0.0,137.5378044228885,0.0,0.0,0.0,0.0
11,23,216.60176744281128,0.50112576,224.69063012739758,120.03552264468789,0.0,7.0,0.0,0.0,0.0,0.0,216.60176744281117,0.0,0.0,0.0,0.0
12,0,286.4456435972212,0.2299718399999999,297.1427838145449,78.1698988808145,0.0,10.0,0.0,0.0,0.0,0.0,286.445643597221,0.0,0.0,0.0,0.0
12,1,336.1127908038263,0.0642023999999999,348.66472075085716,33.925914124388164,0.0,10.0,0.0,0.0,0.0,0.0,336.11279080382616,0.0,0.0,0.0,0.0
12,2,596.7313954019564,0.05425392,619.0159703339798,54.073471551276846,0.0,18.0,0.0,0.0,0.0,0.0,596.7313954019562,0.0,0.0,0.0,0.0
12,3,328.9565276019975,0.0011568,341.24121120539166,11.689831924020858,0.0,10.0,0.0,0.0,0.0,0.0,328.95652760199744,0.0,0.0,0.0,0.0
12,4,274.30842091250946,0.03158064,284.5523038511509,18.405025126566905,0.0,8.0,0.0,0.0,0.0,0.0,274.30842091250935,0.0,0.0,0.0,0.0
12,5,320.0370333402805,0.28850592,331.98862379697147,106.76950678575892,0.0,9.0,0.0,0.0,0.0,0.0,320.0370333402801,0.0,0.0,0.0,0.0
12,6,154.96927931535646,0.41656368,160.75651381261045,72.28636558494925,0.0,9.0,0.0,0.0,0.0,0.0,154.96927931535646,0.0,0.0,0.0,0.0
12,7,61.21684174765668,0.6938486399999999,63.502947871013156,46.1633815908239,0.0,8.0,0.0,0.0,0.0,0.0,61.21684174765667,0.0,0.0,0.0,0.0
12,8,17.334937863729145,0.75400224,17.98230068851571,14.153909152284259,0.0,6.0,0.0,0.0,0.0,0.0,17.334937863729145,0.0,0.0,0.0,0.0
12,9,94.19385748235766,0.75226704,97.71147041738348,76.73936829574802,0.0,5.0,0.0,0.0,0.0,0.0,94.19385748235766,0.0,0.0,0.0,0.0
12,10,40.219568823505746,0.7669583999999999,41.72154442272381,33.37967207637333,0.0,1.0,0.0,0.0,0.0,0.0,40.219568823505746,0.0,0.0,0.0,0.0
12,11,0.0,0.77181696,0.0,0.0,0.0,0.0,0.0,0.0,0.0,0.0,0.0,0.0,0.0,0.0,0.0
12,12,0.0,0.7704287999999999,0.0,0.0,0.0,0.0,0.0,0.0,0.0,0.0,0.0,0.0,0.0,0.0,0.0
12,13,0.0,0.8195927999999999,0.0,0.0,0.0,0.0,0.0,0.0,0.0,0.0,0.0,0.0,0.0,0.0,0.0
12,14,0.0,0.85325568,0.0,0.0,0.0,0.0,0.0,0.0,0.0,0.0,0.0,0.0,0.0,0.0,0.0
12,15,0.0,1.07455152,0.0,0.0,0.0,0.0,0.0,0.0,0.0,0.0,0.0,0.0,0.0,0.0,0.0
12,16,0.0,1.1186256,0.0,0.0,0.0,0.0,0.0,0.0,0.0,0.0,0.0,0.0,0.0,0.0,0.0
12,17,0.0,1.27178592,0.0,0.0,0.0,0.0,0.0,0.0,0.0,0.0,0.0,0.0,0.0,0.0,0.0
12,18,0.0,1.34906016,0.0,0.0,0.0,0.0,0.0,0.0,0.0,0.0,0.0,0.0,0.0,0.0,0.0
12,19,0.0,1.13794416,0.0,0.0,0.0,2.0,0.0,0.0,0.0,0.0,0.0,0.0,0.0,0.0,0.0
12,20,260.23201572678255,0.85695744,269.9502237829695,240.27120510769691,0.0,7.0,0.0,0.0,0.0,0.0,260.2320157267825,0.0,0.0,0.0,0.0
12,21,220.4686673013849,0.8618159999999999,228.70193703463167,204.66902268328442,0.0,9.0,0.0,0.0,0.0,0.0,220.4686673013848,0.0,0.0,0.0,0.0
12,22,233.82775187309073,0.77320512,242.55990858204436,195.57729619643433,0.0,10.0,0.0,0.0,0.0,0.0,233.82775187309073,0.0,0.0,0.0,0.0
12,23,245.47005393073454,0.49152432,254.6369854053263,133.58875531511924,0.0,10.0,0.0,0.0,0.0,0.0,245.47005393073454,0.0,0.0,0.0,0.0
13,0,471.4418617956441,0.37757952,489.0475744768093,200.8418231433003,0.0,15.0,0.0,0.0,0.0,0.0,471.44186179564315,0.0,0.0,0.0,0.0
13,1,329.10878668633615,0.25299216,341.3991563136267,97.67162205194315,0.0,11.0,0.0,0.0,0.0,0.0,329.10878668633586,0.0,0.0,0.0,0.0
13,2,361.4792683225921,0.19133472,374.97849411057274,84.15819333172806,0.0,11.0,0.0,0.0,0.0,0.0,361.4792683225921,0.0,0.0,0.0,0.0
13,3,342.0158335629609,0.21354528,354.78820909020845,87.506837171753,0.0,11.0,0.0,0.0,0.0,0.0,342.01583356296027,0.0,0.0,0.0,0.0
13,4,325.5347474175263,0.28711776,337.6916466986788,108.13486267656232,0.0,9.0,0.0,0.0,0.0,0.0,325.5347474175263,0.0,0.0,0.0,0.0
13,5,270.47846912831625,0.35074176,280.57932482190483,107.69806185925165,0.0,8.0,0.0,0.0,0.0,0.0,270.47846912831625,0.0,0.0,0.0,0.0
13,6,193.64298655419196,0.64884912,200.8744673798672,136.98616626016914,0.0,6.0,0.0,0.0,0.0,0.0,193.64298655419168,0.0,0.0,0.0,0.0
13,7,123.16925399759927,0.99218736,127.76893568215692,130.99987475556847,0.0,5.0,0.0,0.0,0.0,0.0,123.16925399759927,0.0,0.0,0.0,0.0
13,8,0.0,1.1059008,0.0,0.0,0.0,2.0,0.0,0.0,0.0,0.0,0.0,0.0,0.0,0.0,0.0
13,9,0.0,1.13632464,0.0,0.0,0.0,0.0,0.0,0.0,0.0,0.0,0.0,0.0,0.0,0.0,0.0
13,10,50.73291313090016,1.07096544,52.62750324782174,58.10420752940773,0.0,1.0,0.0,0.0,0.0,0.0,50.73291313090016,0.0,0.0,0.0,0.0
13,11,0.0,0.98247024,0.0,0.0,0.0,0.0,0.0,0.0,0.0,0.0,0.0,0.0,0.0,0.0,0.0
13,12,0.0,0.88529904,0.0,0.0,0.0,0.0,0.0,0.0,0.0,0.0,0.0,0.0,0.0,0.0,0.0
13,13,0.0,0.83254896,0.0,0.0,0.0,0.0,0.0,0.0,0.0,0.0,0.0,0.0,0.0,0.0,0.0
13,14,0.0,0.87176448,0.0,0.0,0.0,0.0,0.0,0.0,0.0,0.0,0.0,0.0,0.0,0.0,0.0
13,15,0.0,0.94649376,0.0,0.0,0.0,0.0,0.0,0.0,0.0,0.0,0.0,0.0,0.0,0.0,0.0
13,16,0.0,0.98686608,0.0,0.0,0.0,0.0,0.0,0.0,0.0,0.0,0.0,0.0,0.0,0.0,0.0
13,17,0.0,1.1209392,0.0,0.0,0.0,0.0,0.0,0.0,0.0,0.0,0.0,0.0,0.0,0.0,0.0
13,18,0.0,1.1128416,0.0,0.0,0.0,0.0,0.0,0.0,0.0,0.0,0.0,0.0,0.0,0.0,0.0
13,19,0.0,1.05349776,0.0,0.0,0.0,0.0,0.0,0.0,0.0,0.0,0.0,0.0,0.0,0.0,0.0
13,20,0.0,0.98258592,0.0,0.0,0.0,0.0,0.0,0.0,0.0,0.0,0.0,0.0,0.0,0.0,0.0
13,21,0.0,0.8894635200000001,0.0,0.0,0.0,0.0,0.0,0.0,0.0,0.0,0.0,0.0,0.0,0.0,0.0
13,22,0.0,0.88506768,0.0,0.0,0.0,2.0,0.0,0.0,0.0,0.0,0.0,0.0,0.0,0.0,0.0
13,23,141.90830211223974,0.7900944,147.20778227410764,121.18062200446465,0.0,4.0,0.0,0.0,0.0,0.0,141.90830211223974,0.0,0.0,0.0,0.0
14,0,302.30961619323654,0.5750452799999999,313.5991869224445,190.71386533872231,0.0,7.0,0.0,0.0,0.0,0.0,302.3096161932357,0.0,0.0,0.0,0.0
14,1,290.87906838700655,0.51176832,301.74177218569156,164.4095324846405,0.0,8.0,0.0,0.0,0.0,0.0,290.87906838700655,0.0,0.0,0.0,0.0
14,2,228.77864785512224,0.5253028799999999,237.3222488123675,132.5214272249026,0.0,7.0,0.0,0.0,0.0,0.0,228.77864785512216,0.0,0.0,0.0,0.0
14,3,195.96830398852546,0.488748,203.28662239473596,106.08471732344816,0.0,6.0,0.0,0.0,0.0,0.0,195.96830398852535,0.0,0.0,0.0,0.0
14,4,272.8865597124106,0.4823856,283.07734410001103,145.92229456980064,0.0,8.0,0.0,0.0,0.0,0.0,272.88655971241053,0.0,0.0,0.0,0.0
14,5,287.79296947762464,0.48215424,298.54042476932017,153.82421967379324,0.0,8.0,0.0,0.0,0.0,0.0,287.79296947762464,0.0,0.0,0.0,0.0
14,6,143.77059206448567,0.5217168,149.13961832415526,82.7451657918292,0.0,7.0,0.0,0.0,0.0,0.0,143.7705920644857,0.0,0.0,0.0,0.0
14,7,159.5699984416134,0.6177311999999999,165.52904402656992,107.73146635866533,0.0,6.0,0.0,0.0,0.0,0.0,159.56999844161334,0.0,0.0,0.0,0.0
14,8,0.0,0.62039184,0.0,0.0,0.0,4.0,0.0,0.0,0.0,0.0,0.0,0.0,0.0,0.0,0.0
14,9,66.96554413182065,0.65810352,69.46633208695087,48.0153732599894,0.0,4.0,0.0,0.0,0.0,0.0,66.96554413182065,0.0,0.0,0.0,0.0
14,10,64.77717077143063,0.77181696,67.19623524007326,54.087389392884646,0.0,2.0,0.0,0.0,0.0,0.0,64.77717077143063,0.0,0.0,0.0,0.0
14,11,0.0,0.7583980800000001,0.0,0.0,0.0,0.0,0.0,0.0,0.0,0.0,0.0,0.0,0.0,0.0,0.0
14,12,0.0,0.75643152,0.0,0.0,0.0,0.0,0.0,0.0,0.0,0.0,0.0,0.0,0.0,0.0,0.0
14,13,0.0,0.7251979199999999,0.0,0.0,0.0,0.0,0.0,0.0,0.0,0.0,0.0,0.0,0.0,0.0,0.0
14,14,0.0,0.7745932799999999,0.0,0.0,0.0,0.0,0.0,0.0,0.0,0.0,0.0,0.0,0.0,0.0,0.0
14,15,0.0,0.8556849599999999,0.0,0.0,0.0,0.0,0.0,0.0,0.0,0.0,0.0,0.0,0.0,0.0,0.0
14,16,0.0,0.8781268799999999,0.0,0.0,0.0,0.0,0.0,0.0,0.0,0.0,0.0,0.0,0.0,0.0,0.0
14,17,0.0,0.8517518399999999,0.0,0.0,0.0,0.0,0.0,0.0,0.0,0.0,0.0,0.0,0.0,0.0,0.0
14,18,0.0,0.80409168,0.0,0.0,0.0,0.0,0.0,0.0,0.0,0.0,0.0,0.0,0.0,0.0,0.0
14,19,41.19367761899167,0.72542928,42.7320307250951,32.41349649884427,0.0,2.0,0.0,0.0,0.0,0.0,41.19367761899167,0.0,0.0,0.0,0.0
14,20,31.65737442730037,0.5960990399999999,32.839600028319886,20.662644811802842,0.0,4.0,0.0,0.0,0.0,0.0,31.65737442730037,0.0,0.0,0.0,0.0
14,21,66.09954742582379,0.50529024,68.56799525500392,36.91633942166043,0.0,4.0,0.0,0.0,0.0,0.0,66.09954742582379,0.0,0.0,0.0,0.0
14,22,70.66703375845293,0.4632984,73.30605161665241,36.389006732823674,0.0,4.0,0.0,0.0,0.0,0.0,70.66703375845293,0.0,0.0,0.0,0.0
14,23,257.3845668104986,0.4085817599999999,266.9964386001023,117.9274569146251,0.0,7.0,0.0,0.0,0.0,0.0,257.3845668104985,0.0,0.0,0.0,0.0
15,0,265.61061344698976,0.3169631999999999,275.52968199895207,96.45280217553554,0.0,8.0,0.0,0.0,0.0,0.0,265.61061344698976,0.0,0.0,0.0,0.0
15,1,242.86761227887774,0.31499664,251.93735713576532,87.69854750943995,0.0,10.0,0.0,0.0,0.0,0.0,242.86761227887777,0.0,0.0,0.0,0.0
15,2,256.966908969824,0.28087104,266.5631835786556,83.69311997390142,0.0,8.0,0.0,0.0,0.0,0.0,256.966908969824,0.0,0.0,0.0,0.0
15,3,228.18793756580808,0.150384,236.7094788027055,43.432402008635606,0.0,7.0,0.0,0.0,0.0,0.0,228.18793756580808,0.0,0.0,0.0,0.0
15,4,171.09706565838096,0.09231264,177.48658263317532,22.259060892604662,0.0,8.0,0.0,0.0,0.0,0.0,171.09706565838047,0.0,0.0,0.0,0.0
15,5,311.66347440229197,0.0561047999999999,323.3023593384771,28.84012230431695,0.0,8.0,0.0,0.0,0.0,0.0,311.66347440229197,0.0,0.0,0.0,0.0
15,6,326.34608075471124,0.0699863999999999,338.5332787911943,34.89817699078054,0.0,11.0,0.0,0.0,0.0,0.0,326.34608075471095,0.0,0.0,0.0,0.0
15,7,131.07956611149493,0.11672112,135.97465364262962,20.371874900350846,0.0,6.0,0.0,0.0,0.0,0.0,131.07956611149493,0.0,0.0,0.0,0.0
15,8,316.573636176238,0.1622990399999999,328.3958881496245,64.16824128438397,0.0,10.0,0.0,0.0,0.0,0.0,316.57363617623776,0.0,0.0,0.0,0.0
15,9,164.30715788088682,0.22060176,170.44310983494483,43.241716944998814,0.0,8.0,0.0,0.0,0.0,0.0,164.30715788088682,0.0,0.0,0.0,0.0
15,10,92.92745190988059,0.20625744,96.3977716907475,23.07352385360179,0.0,2.0,0.0,0.0,0.0,0.0,92.92745190988059,0.0,0.0,0.0,0.0
15,11,0.0,0.1353455999999999,0.0,0.0,0.0,0.0,0.0,0.0,0.0,0.0,0.0,0.0,0.0,0.0,0.0
15,12,0.0,0.0801662399999999,0.0,0.0,0.0,0.0,0.0,0.0,0.0,0.0,0.0,0.0,0.0,0.0,0.0
15,13,0.0,0.06987072,0.0,0.0,0.0,0.0,0.0,0.0,0.0,0.0,0.0,0.0,0.0,0.0,0.0
15,14,0.0,0.0704491199999999,0.0,0.0,0.0,0.0,0.0,0.0,0.0,0.0,0.0,0.0,0.0,0.0,0.0
15,15,0.0,0.2209488,0.0,0.0,0.0,0.0,0.0,0.0,0.0,0.0,0.0,0.0,0.0,0.0,0.0
15,16,0.0,0.31731024,0.0,0.0,0.0,0.0,0.0,0.0,0.0,0.0,0.0,0.0,0.0,0.0,0.0
15,17,0.0,0.3574511999999999,0.0,0.0,0.0,0.0,0.0,0.0,0.0,0.0,0.0,0.0,0.0,0.0,0.0
15,18,119.50146770564434,0.31939248,123.96417811788834,43.696440575936194,0.0,4.0,0.0,0.0,0.0,0.0,119.50146770564434,0.0,0.0,0.0,0.0
15,19,183.31944544644122,0.2996112,190.16539984070667,63.27015837948134,0.0,9.0,0.0,0.0,0.0,0.0,183.31944544644097,0.0,0.0,0.0,0.0
15,20,289.9137881901321,0.14425296,300.74044418063494,53.337207967150384,0.0,11.0,0.0,0.0,0.0,0.0,289.913788190132,0.0,0.0,0.0,0.0
15,21,262.7003879368941,0.24049872,272.51077586814745,74.55859946373205,0.0,11.0,0.0,0.0,0.0,0.0,262.7003879368939,0.0,0.0,0.0,0.0
15,22,218.3928434529672,0.35907072,226.54859279353448,88.84572475082723,0.0,13.0,0.0,0.0,0.0,0.0,218.39284345296682,0.0,0.0,0.0,0.0
15,23,197.27885756400144,0.37457184,204.64611780498075,83.42845939441327,0.0,13.0,0.0,0.0,0.0,0.0,197.2788575640012,0.0,0.0,0.0,0.0
16,0,183.78077883718242,0.4089288,190.64396144935935,84.27012150670657,0.0,10.0,0.0,0.0,0.0,0.0,183.7807788371823,0.0,0.0,0.0,0.0
16,1,103.36862585602024,0.41795184,107.22886499587163,48.3657768574995,0.0,11.0,0.0,0.0,0.0,0.0,103.36862585602024,0.0,0.0,0.0,0.0
16,2,270.8507351855387,0.41795184,280.9654929310569,126.7300025630602,0.0,11.0,0.0,0.0,0.0,0.0,270.8507351855387,0.0,0.0,0.0,0.0
16,3,118.98525378758491,0.44617776,123.4286865016441,59.156624386250215,0.0,9.0,0.0,0.0,0.0,0.0,118.98525378758491,0.0,0.0,0.0,0.0
16,4,118.79158078480634,0.48365808,123.22778089710204,63.67895145904713,0.0,12.0,0.0,0.0,0.0,0.0,118.79158078480634,0.0,0.0,0.0,0.0
16,5,122.11294184619183,0.52738512,126.67317618899568,70.99843035707039,0.0,9.0,0.0,0.0,0.0,0.0,122.11294184619183,0.0,0.0,0.0,0.0
16,6,96.17329334938113,0.77285808,99.76482712591405,80.40626852193361,0.0,9.0,0.0,0.0,0.0,0.0,96.17329334938113,0.0,0.0,0.0,0.0
16,7,0.0,1.00213584,0.0,0.0,0.0,0.0,0.0,0.0,0.0,0.0,0.0,0.0,0.0,0.0,0.0
16,8,0.0,1.03348512,0.0,0.0,0.0,0.0,0.0,0.0,0.0,0.0,0.0,0.0,0.0,0.0,0.0
16,9,0.0,1.05222528,0.0,0.0,0.0,0.0,0.0,0.0,0.0,0.0,0.0,0.0,0.0,0.0,0.0
16,10,0.0,1.14210864,0.0,0.0,0.0,0.0,0.0,0.0,0.0,0.0,0.0,0.0,0.0,0.0,0.0
16,11,0.0,1.1496278400000002,0.0,0.0,0.0,0.0,0.0,0.0,0.0,0.0,0.0,0.0,0.0,0.0,0.0
16,12,0.0,1.0411199999999998,0.0,0.0,0.0,0.0,0.0,0.0,0.0,0.0,0.0,0.0,0.0,0.0,0.0
16,13,0.0,1.2713232,0.0,0.0,0.0,0.0,0.0,0.0,0.0,0.0,0.0,0.0,0.0,0.0,0.0
16,14,0.0,1.58319648,0.0,0.0,0.0,0.0,0.0,0.0,0.0,0.0,0.0,0.0,0.0,0.0,0.0
16,15,0.0,1.6330545599999997,0.0,0.0,0.0,0.0,0.0,0.0,0.0,0.0,0.0,0.0,0.0,0.0,0.0
16,16,0.0,1.6905475199999995,0.0,0.0,0.0,0.0,0.0,0.0,0.0,0.0,0.0,0.0,0.0,0.0,0.0
16,17,0.0,1.5027988799999998,0.0,0.0,0.0,0.0,0.0,0.0,0.0,0.0,0.0,0.0,0.0,0.0,0.0
16,18,0.0,1.0285108799999998,0.0,0.0,0.0,0.0,0.0,0.0,0.0,0.0,0.0,0.0,0.0,0.0,0.0
16,19,25.235664434875453,0.92590272,26.1780751399123,25.104845263540273,0.0,2.0,0.0,0.0,0.0,0.0,25.235664434875446,0.0,0.0,0.0,0.0
16,20,176.51583461143576,0.7624468799999999,183.10771225252674,145.6707691864354,0.0,5.0,0.0,0.0,0.0,0.0,176.51583461143576,0.0,0.0,0.0,0.0
16,21,153.42413527869667,0.69049392,159.1536673015526,115.16262600510626,0.0,8.0,0.0,0.0,0.0,0.0,153.42413527869667,0.0,0.0,0.0,0.0
16,22,235.54555335889094,0.59274432,244.34186033079976,152.91996542626435,0.0,10.0,0.0,0.0,0.0,0.0,235.54555335889094,0.0,0.0,0.0,0.0
16,23,387.2416782483267,0.5381433600000001,401.70298573477874,229.4701632931672,0.0,12.0,0.0,0.0,0.0,0.0,387.2416782483267,0.0,0.0,0.0,0.0
17,0,146.44172509054175,0.54519984,151.9105032059562,87.84981969832396,0.0,9.0,0.0,0.0,0.0,0.0,146.44172509054175,0.0,0.0,0.0,0.0
17,1,324.50562411749775,0.49672992,336.62409140819267,178.3535154208754,0.0,11.0,0.0,0.0,0.0,0.0,324.50562411749775,0.0,0.0,0.0,0.0
17,2,299.12228723054875,0.4875912,310.2928290773327,161.5667455236713,0.0,10.0,0.0,0.0,0.0,0.0,299.12228723054875,0.0,0.0,0.0,0.0
17,3,396.05939281314846,0.4719744,410.8499925447598,207.50981347454902,0.0,11.0,0.0,0.0,0.0,0.0,396.05939281314846,0.0,0.0,0.0,0.0
17,4,284.1471688683777,0.4814601599999999,294.7584739298524,151.6709675067007,0.0,12.0,0.0,0.0,0.0,0.0,284.1471688683777,0.0,0.0,0.0,0.0
17,5,253.59334506224002,0.529236,263.0636359566805,147.93015278933592,0.0,11.0,0.0,0.0,0.0,0.0,253.59334506224002,0.0,0.0,0.0,0.0
17,6,175.0891160547765,0.69604656,181.62771374976816,132.43322268130817,0.0,8.0,0.0,0.0,0.0,0.0,175.0891160547765,0.0,0.0,0.0,0.0
17,7,313.90514287286965,0.81982416,325.6277415693669,277.73576795074933,0.0,11.0,0.0,0.0,0.0,0.0,313.90514287286965,0.0,0.0,0.0,0.0
17,8,145.94701271206208,0.8487441600000001,151.39731609135072,133.50883903483165,0.0,8.0,0.0,0.0,0.0,0.0,145.94701271206208,0.0,0.0,0.0,0.0
17,9,180.17896359326497,0.8400681600000001,186.90763858222505,163.2017988707865,0.0,9.0,0.0,0.0,0.0,0.0,180.17896359326497,0.0,0.0,0.0,0.0
17,10,101.0445066261125,0.8554536,104.81795293165197,93.13636942204992,0.0,2.0,0.0,0.0,0.0,0.0,101.04450662611251,0.0,0.0,0.0,0.0
17,11,0.0,0.8809032000000001,0.0,0.0,0.0,0.0,0.0,0.0,0.0,0.0,0.0,0.0,0.0,0.0,0.0
17,12,0.0,0.92497728,0.0,0.0,0.0,0.0,0.0,0.0,0.0,0.0,0.0,0.0,0.0,0.0,0.0
17,13,0.0,0.86887248,0.0,0.0,0.0,0.0,0.0,0.0,0.0,0.0,0.0,0.0,0.0,0.0,0.0
17,14,0.0,0.83532528,0.0,0.0,0.0,0.0,0.0,0.0,0.0,0.0,0.0,0.0,0.0,0.0,0.0
17,15,0.0,0.8741937599999999,0.0,0.0,0.0,0.0,0.0,0.0,0.0,0.0,0.0,0.0,0.0,0.0,0.0
17,16,0.0,0.87951504,0.0,0.0,0.0,0.0,0.0,0.0,0.0,0.0,0.0,0.0,0.0,0.0,0.0
17,17,0.0,0.88564608,0.0,0.0,0.0,0.0,0.0,0.0,0.0,0.0,0.0,0.0,0.0,0.0,0.0
17,18,152.7765365850526,0.84978528,158.48188442432843,139.92132290490082,0.0,4.0,0.0,0.0,0.0,0.0,152.77653658505258,0.0,0.0,0.0,0.0
17,19,45.826429947358946,0.77725392,47.53779040182463,37.940527827663814,6.391000189249464,2.0,0.0,0.0,0.0,1.0,45.13419127517507,0.0,0.0,0.0,0.6922386721838745
17,20,130.44760445024443,0.69569952,135.31909175336557,98.6204891166888,0.0,5.0,0.0,0.0,0.0,0.0,130.4476044502444,0.0,0.0,0.0,0.0
17,21,146.40236973601145,0.62154864,151.8696781493895,99.42127825773555,0.0,7.0,0.0,0.0,0.0,0.0,146.40236973601145,0.0,0.0,0.0,0.0
17,22,317.6110902039318,0.54855456,329.47208527378825,191.6389407922078,0.0,10.0,0.0,0.0,0.0,0.0,317.6110902039318,0.0,0.0,0.0,0.0
17,23,260.4310571972193,0.50135712,270.1566983373644,144.38717094209656,0.0,11.0,0.0,0.0,0.0,0.0,260.4310571972193,0.0,0.0,0.0,0.0
18,0,280.87388869229136,0.4609848,291.3629550749911,143.95800738563594,0.0,10.0,0.0,0.0,0.0,0.0,280.87388869229136,0.0,0.0,0.0,0.0
18,1,344.7502680613508,0.44814432,357.62475939974155,172.10488415249222,0.0,12.0,0.0,0.0,0.0,0.0,344.7502680613503,0.0,0.0,0.0,0.0
18,2,344.8421926453211,0.44756592,357.72011685199294,171.94386906917072,0.0,11.0,0.0,0.0,0.0,0.0,344.8421926453211,0.0,0.0,0.0,0.0
18,3,444.0414433534054,0.44328576,460.62390389357415,219.43466853050725,0.0,12.0,0.0,0.0,0.0,0.0,444.0414433534054,0.0,0.0,0.0,0.0
18,4,357.63638015432616,0.4939536,370.9920955957741,195.53271955529692,0.0,13.0,0.0,0.0,0.0,0.0,357.6363801543263,0.0,0.0,0.0,0.0
18,5,300.895073454942,0.60234576,312.1318189366619,198.3428409043895,0.0,12.0,0.0,0.0,0.0,0.0,300.895073454942,0.0,0.0,0.0,0.0
18,6,59.03046828741507,0.7727423999999999,61.234925609351734,49.345699416861464,0.0,8.0,0.0,0.0,0.0,0.0,59.03046828741507,0.0,0.0,0.0,0.0
18,7,158.3007169668035,0.92509296,164.21236199875884,157.34712921218224,0.0,9.0,0.0,0.0,0.0,0.0,158.3007169668035,0.0,0.0,0.0,0.0
18,8,133.04968946494392,0.95505408,138.01835006736925,136.3833957339392,0.0,7.0,0.0,0.0,0.0,0.0,133.04968946494395,0.0,0.0,0.0,0.0
18,9,201.4325123409791,0.95447568,208.95488832051777,206.35876592245938,0.0,6.0,0.0,0.0,0.0,0.0,201.4325123409791,0.0,0.0,0.0,0.0
18,10,0.0,1.04019456,0.0,0.0,0.0,0.0,0.0,0.0,0.0,0.0,0.0,0.0,0.0,0.0,0.0
18,11,0.0,1.1446536,0.0,0.0,0.0,0.0,0.0,0.0,0.0,0.0,0.0,0.0,0.0,0.0,0.0
18,12,0.0,1.27167024,0.0,0.0,0.0,0.0,0.0,0.0,0.0,0.0,0.0,0.0,0.0,0.0,0.0
18,13,0.0,1.38283872,0.0,0.0,0.0,0.0,0.0,0.0,0.0,0.0,0.0,0.0,0.0,0.0,0.0
18,14,0.0,1.43049888,0.0,0.0,0.0,0.0,0.0,0.0,0.0,0.0,0.0,0.0,0.0,0.0,0.0
18,15,0.0,1.5362304,0.0,0.0,0.0,0.0,0.0,0.0,0.0,0.0,0.0,0.0,0.0,0.0,0.0
18,16,0.0,1.6568846399999997,0.0,0.0,0.0,0.0,0.0,0.0,0.0,0.0,0.0,0.0,0.0,0.0,0.0
18,17,0.0,1.7222438400000002,0.0,0.0,0.0,0.0,0.0,0.0,0.0,0.0,0.0,0.0,0.0,0.0,0.0
18,18,134.79797251862897,1.59036864,139.8319216998226,227.01273975059746,0.0,5.0,0.0,0.0,0.0,0.0,134.7979725186289,0.0,0.0,0.0,0.0
18,19,72.05945971688558,1.47075552,74.75047688473609,112.41391728574277,0.0,3.0,0.0,0.0,0.0,0.0,72.05945971688558,0.0,0.0,0.0,0.0
18,20,89.05263537994455,1.39938096,92.37825246882215,132.33008777966074,0.0,4.0,0.0,0.0,0.0,0.0,89.05263537994455,0.0,0.0,0.0,0.0
18,21,146.0184191834501,1.3870032,151.47138919445032,215.1050045034843,0.0,9.0,0.0,0.0,0.0,0.0,146.0184191834501,0.0,0.0,0.0,0.0
18,22,364.83559925260835,0.95193072,378.46016519980117,372.7948890180792,0.0,16.0,0.0,0.0,0.0,0.0,364.83559925260835,0.0,0.0,0.0,0.0
18,23,596.7313954019562,0.87650736,619.0159703339796,563.0614825733294,0.0,19.0,0.0,0.0,0.0,0.0,596.7313954019562,0.0,0.0,0.0,0.0
19,0,242.02827361160575,0.96662208,251.06667387096036,250.99689742095816,0.0,16.0,0.0,0.0,0.0,0.0,242.02827361160575,0.0,0.0,0.0,0.0
19,1,414.30054347568165,0.96106944,429.7723480038192,427.266534542442,0.0,15.0,0.0,0.0,0.0,0.0,414.30054347568165,0.0,0.0,0.0,0.0
19,2,412.925291010955,0.9566736,428.3457375632313,423.96530271261474,0.0,12.0,0.0,0.0,0.0,0.0,412.925291010955,0.0,0.0,0.0,0.0
19,3,244.62264330438725,0.98235456,253.75792873899096,257.6796458741634,0.0,11.0,0.0,0.0,0.0,0.0,244.62264330438725,0.0,0.0,0.0,0.0
19,4,207.95383418655686,1.07397312,215.71974500680176,238.81753115028442,0.0,11.0,0.0,0.0,0.0,0.0,207.95383418655692,0.0,0.0,0.0,0.0
19,5,369.7663933586936,1.21417728,383.5750968451179,478.42450346871516,0.0,12.0,0.0,0.0,0.0,0.0,369.7663933586937,0.0,0.0,0.0,0.0
19,6,204.08782512155454,1.3675689599999998,211.70936215928893,296.5347321179146,0.0,10.0,0.0,0.0,0.0,0.0,204.08782512155454,0.0,0.0,0.0,0.0
19,7,0.0,1.73080416,0.0,0.0,0.0,0.0,0.0,0.0,0.0,0.0,0.0,0.0,0.0,0.0,0.0
19,8,0.0,1.85007024,0.0,0.0,0.0,0.0,0.0,0.0,0.0,0.0,0.0,0.0,0.0,0.0,0.0
19,9,0.0,1.80321984,0.0,0.0,0.0,0.0,0.0,0.0,0.0,0.0,0.0,0.0,0.0,0.0,0.0
19,10,0.0,1.79084208,0.0,0.0,0.0,0.0,0.0,0.0,0.0,0.0,0.0,0.0,0.0,0.0,0.0
19,11,2.090593679447064,1.60367184,2.168665642579942,0.0,19.301124218961483,0.0,0.0,0.0,0.0,1.0,0.0,0.0,0.0,0.0,2.090593679447064
19,12,0.0,1.69436496,0.0,0.0,0.0,0.0,0.0,0.0,0.0,0.0,0.0,0.0,0.0,0.0,0.0
19,13,0.0,1.74861888,0.0,0.0,0.0,0.0,0.0,0.0,0.0,0.0,0.0,0.0,0.0,0.0,0.0
19,14,0.0,1.7970887999999998,0.0,0.0,0.0,0.0,0.0,0.0,0.0,0.0,0.0,0.0,0.0,0.0,0.0
19,15,0.0,1.97037744,0.0,0.0,0.0,0.0,0.0,0.0,0.0,0.0,0.0,0.0,0.0,0.0,0.0
19,16,8.577356780512577,2.0860574400000003,8.897673008830475,0.0,79.18928977859123,0.0,0.0,0.0,0.0,1.0,0.0,0.0,0.0,0.0,8.577356780512577
19,17,0.0,2.00994,0.0,0.0,0.0,0.0,0.0,0.0,0.0,0.0,0.0,0.0,0.0,0.0,0.0
19,18,0.0,1.81166448,0.0,0.0,0.0,0.0,0.0,0.0,0.0,0.0,0.0,0.0,0.0,0.0,0.0
19,19,0.0,1.7531304,0.0,0.0,0.0,0.0,0.0,0.0,0.0,0.0,0.0,0.0,0.0,0.0,0.0
19,20,157.22386277702864,1.6848792,163.09529333716665,280.19432157115085,0.0,5.0,0.0,0.0,0.0,0.0,157.22386277702867,0.0,0.0,0.0,0.0
19,21,313.19149432870546,1.66185888,324.8874422496946,550.6708552416069,0.0,11.0,0.0,0.0,0.0,0.0,313.1914943287054,0.0,0.0,0.0,0.0
19,22,361.37110067457866,1.376592,374.86628700682434,528.4460058632242,0.0,13.0,0.0,0.0,0.0,0.0,361.37110067457866,0.0,0.0,0.0,0.0
19,23,323.96753382456757,1.2286372799999998,336.0659064570204,424.0268827138152,0.0,13.0,0.0,0.0,0.0,0.0,323.9675338245675,0.0,0.0,0.0,0.0
20,0,499.2484986079916,1.13239152,517.8926334107798,603.5994725107324,0.0,18.0,0.0,0.0,0.0,0.0,499.2484986079916,0.0,0.0,0.0,0.0
20,1,402.30963792995203,1.04031024,417.33364930492957,447.9702126604802,0.0,15.0,0.0,0.0,0.0,0.0,402.3096379299517,0.0,0.0,0.0,0.0
20,2,298.7495684355954,0.97738032,309.9061913232317,313.15410737828034,0.0,12.0,0.0,0.0,0.0,0.0,298.7495684355954,0.0,0.0,0.0,0.0
20,3,513.9827639318636,0.95655792,533.1771410081573,527.6629803616796,0.0,13.0,0.0,0.0,0.0,0.0,513.9827639318636,0.0,0.0,0.0,0.0
20,4,465.146066719075,0.97321584,482.5166667210322,485.5641647853756,0.0,15.0,0.0,0.0,0.0,0.0,465.146066719075,0.0,0.0,0.0,0.0
20,5,313.70788903288775,1.0405416,325.4231214034105,349.3878007405519,0.0,14.0,0.0,0.0,0.0,0.0,313.70788903288775,0.0,0.0,0.0,0.0
20,6,69.78827230470858,1.72802784,72.3944733451334,127.49592247025234,0.0,7.0,0.0,0.0,0.0,0.0,69.78827230470858,0.0,0.0,0.0,0.0
20,7,0.0,1.73450592,0.0,0.0,0.0,1.0,0.0,0.0,0.0,0.0,0.0,0.0,0.0,0.0,0.0
20,8,4.908872826843556,1.7571792,5.0921917290908265,0.0,45.320506388908356,0.0,0.0,0.0,0.0,1.0,0.0,0.0,0.0,0.0,4.908872826843556
20,9,0.0,1.85076432,0.0,0.0,0.0,0.0,0.0,0.0,0.0,0.0,0.0,0.0,0.0,0.0,0.0
20,10,0.0,2.34899808,0.0,0.0,0.0,0.0,0.0,0.0,0.0,0.0,0.0,0.0,0.0,0.0,0.0
20,11,0.0,2.23308672,0.0,0.0,0.0,0.0,0.0,0.0,0.0,0.0,0.0,0.0,0.0,0.0,0.0
20,12,0.0,1.75185792,0.0,0.0,0.0,0.0,0.0,0.0,0.0,0.0,0.0,0.0,0.0,0.0,0.0
20,13,0.0,1.73196096,0.0,0.0,0.0,0.0,0.0,0.0,0.0,0.0,0.0,0.0,0.0,0.0,0.0
20,14,0.0,1.75417152,0.0,0.0,0.0,0.0,0.0,0.0,0.0,0.0,0.0,0.0,0.0,0.0,0.0
20,15,0.0,1.73126688,0.0,0.0,0.0,0.0,0.0,0.0,0.0,0.0,0.0,0.0,0.0,0.0,0.0
20,16,0.0,1.73161392,0.0,0.0,0.0,0.0,0.0,0.0,0.0,0.0,0.0,0.0,0.0,0.0,0.0
20,17,1.2383230550488076,1.75960848,1.2845674844904644,0.0,11.432650611965133,0.0,0.0,0.0,0.0,1.0,0.0,0.0,0.0,0.0,1.2383230550488076
20,18,0.0,1.78656192,0.0,0.0,0.0,0.0,0.0,0.0,0.0,0.0,0.0,0.0,0.0,0.0,0.0
20,19,0.0,1.732308,0.0,0.0,0.0,0.0,0.0,0.0,0.0,0.0,0.0,0.0,0.0,0.0,0.0
20,20,213.2791756283019,1.12464096,221.24395812064515,256.1431924687955,0.0,5.0,0.0,0.0,0.0,0.0,213.2791756283019,0.0,0.0,0.0,0.0
20,21,231.2420956883587,1.0359143999999998,239.87769262277874,256.4327076525242,0.0,8.0,0.0,0.0,0.0,0.0,231.2420956883587,0.0,0.0,0.0,0.0
20,22,202.80336518429186,0.94013136,210.376934838477,204.7454304054824,0.0,6.0,0.0,0.0,0.0,0.0,202.80336518429186,0.0,0.0,0.0,0.0
20,23,236.1136953405265,0.8671372799999999,244.9312192329113,220.49621458931978,0.0,7.0,0.0,0.0,0.0,0.0,236.1136953405265,0.0,0.0,0.0,0.0
21,0,290.0126556213261,0.7954156800000001,300.8430037565624,249.25314583061083,0.0,8.0,0.0,0.0,0.0,0.0,290.01265562132585,0.0,0.0,0.0,0.0
21,1,488.39002200536913,0.7748246400000001,506.6286535325406,409.3177725189627,0.0,12.0,0.0,0.0,0.0,0.0,488.39002200536913,0.0,0.0,0.0,0.0
21,2,298.7493948489399,0.7796832,309.90601125408716,251.88639952633298,0.0,9.0,0.0,0.0,0.0,0.0,298.7493948489398,0.0,0.0,0.0,0.0
21,3,469.09359983443846,0.7926393599999999,486.6116180855172,401.81436608649926,0.0,13.0,0.0,0.0,0.0,0.0,469.09359983443846,0.0,0.0,0.0,0.0
21,4,435.0178236507172,0.8007369599999999,451.26330254223785,376.2800203513798,0.0,11.0,0.0,0.0,0.0,0.0,435.0178236507172,0.0,0.0,0.0,0.0
21,5,377.5106725991042,0.80663664,391.60858153434054,328.84807445281314,0.0,12.0,0.0,0.0,0.0,0.0,377.5106725991042,0.0,0.0,0.0,0.0
21,6,174.06255562277173,0.8087188799999999,180.56281703607024,152.00118840694958,0.0,10.0,0.0,0.0,0.0,0.0,174.06255562277173,0.0,0.0,0.0,0.0
21,7,77.96916295291255,1.11492384,80.8808744324819,92.8531720485357,0.0,5.0,0.0,0.0,0.0,0.0,77.96916295291255,0.0,0.0,0.0,0.0
21,8,143.0549564870805,1.65237312,148.39725776668104,250.11958904745208,0.0,6.0,0.0,0.0,0.0,0.0,143.05495648708052,0.0,0.0,0.0,0.0
21,9,0.0,1.92422112,0.0,0.0,0.0,0.0,0.0,0.0,0.0,0.0,0.0,0.0,0.0,0.0,0.0
21,10,0.0,1.86580272,0.0,0.0,0.0,0.0,0.0,0.0,0.0,0.0,0.0,0.0,0.0,0.0,0.0
21,11,0.0,1.7574105599999998,0.0,0.0,0.0,0.0,0.0,0.0,0.0,0.0,0.0,0.0,0.0,0.0,0.0
21,12,0.0,1.6529515199999998,0.0,0.0,0.0,0.0,0.0,0.0,0.0,0.0,0.0,0.0,0.0,0.0,0.0
21,13,0.0,1.5161020799999998,0.0,0.0,0.0,0.0,0.0,0.0,0.0,0.0,0.0,0.0,0.0,0.0,0.0
21,14,0.0,1.51795296,0.0,0.0,0.0,0.0,0.0,0.0,0.0,0.0,0.0,0.0,0.0,0.0,0.0
21,15,0.0,1.5343795199999994,0.0,0.0,0.0,0.0,0.0,0.0,0.0,0.0,0.0,0.0,0.0,0.0,0.0
21,16,0.0,1.6283116799999997,0.0,0.0,0.0,0.0,0.0,0.0,0.0,0.0,0.0,0.0,0.0,0.0,0.0
21,17,0.0,2.01190656,0.0,0.0,0.0,0.0,0.0,0.0,0.0,0.0,0.0,0.0,0.0,0.0,0.0
21,18,0.0,2.0197728,0.0,0.0,0.0,0.0,0.0,0.0,0.0,0.0,0.0,0.0,0.0,0.0,0.0
21,19,37.87553625613548,1.62044544,39.289975369435155,64.9677596098418,0.0,4.0,0.0,0.0,0.0,0.0,37.875536256135476,0.0,0.0,0.0,0.0
21,20,72.05745249750123,1.55601168,74.7483947069515,118.78354709006678,0.0,5.0,0.0,0.0,0.0,0.0,72.05745249750123,0.0,0.0,0.0,0.0
21,21,55.05098932242276,1.4962051200000002,57.10683539670411,87.33377575917683,0.0,5.0,0.0,0.0,0.0,0.0,55.05098932242255,0.0,0.0,0.0,0.0
21,22,104.4745505154223,1.24784016,108.37608974628871,138.8232857397854,0.0,5.0,0.0,0.0,0.0,0.0,104.4745505154223,0.0,0.0,0.0,0.0
21,23,106.05089975444966,1.04019456,110.01130679922164,118.07453712609558,0.0,5.0,0.0,0.0,0.0,0.0,106.05089975444966,0.0,0.0,0.0,0.0
22,0,88.3724110061679,0.9184992,91.67262552507043,87.2355971115566,0.0,7.0,0.0,0.0,0.0,0.0,88.3724110061679,0.0,0.0,0.0,0.0
22,1,106.748375147803,0.91583856,110.7348289914969,105.08054916503731,0.0,5.0,0.0,0.0,0.0,0.0,106.748375147803,0.0,0.0,0.0,0.0
22,2,117.68991068623521,0.84515808,122.0849695915303,107.2221109903158,0.0,5.0,0.0,0.0,0.0,0.0,117.68991068623521,0.0,0.0,0.0,0.0
22,3,168.50364827728697,0.8265336,174.7963156403392,150.26078608064108,0.0,7.0,0.0,0.0,0.0,0.0,168.50364827728697,0.0,0.0,0.0,0.0
22,4,109.58459308729121,0.80987568,113.67696378349711,95.82691584572888,0.0,6.0,0.0,0.0,0.0,0.0,109.58459308729121,0.0,0.0,0.0,0.0
22,5,255.35902241542078,0.72404112,264.89525146827884,200.56308737937428,0.0,8.0,0.0,0.0,0.0,0.0,255.35902241542075,0.0,0.0,0.0,0.0
22,6,187.76199388552217,0.71050656,194.77385257834254,144.83511449372844,0.0,5.0,0.0,0.0,0.0,0.0,187.76199388552217,0.0,0.0,0.0,0.0
22,7,180.06760233024363,0.75099456,186.79211859983783,146.46268404500765,0.0,7.0,0.0,0.0,0.0,0.0,180.06760233024352,0.0,0.0,0.0,0.0
22,8,201.04452113808503,0.74463216,208.55240781959031,162.19791460673085,0.0,6.0,0.0,0.0,0.0,0.0,201.04452113808503,0.0,0.0,0.0,0.0
22,9,100.80575577780036,0.92474592,104.57028607655639,100.16222187166235,0.0,5.0,0.0,0.0,0.0,0.0,100.80575577780036,0.0,0.0,0.0,0.0
22,10,45.79344708723934,1.04088864,47.50357581663833,51.01830078644828,0.0,2.0,0.0,0.0,0.0,0.0,45.79344708723934,0.0,0.0,0.0,0.0
22,11,0.0,1.38816,0.0,0.0,0.0,0.0,0.0,0.0,0.0,0.0,0.0,0.0,0.0,0.0,0.0
22,12,0.0,1.25616912,0.0,0.0,0.0,0.0,0.0,0.0,0.0,0.0,0.0,0.0,0.0,0.0,0.0
22,13,0.0,1.3879286400000002,0.0,0.0,0.0,0.0,0.0,0.0,0.0,0.0,0.0,0.0,0.0,0.0,0.0
22,14,0.0,1.61697504,0.0,0.0,0.0,0.0,0.0,0.0,0.0,0.0,0.0,0.0,0.0,0.0,0.0
22,15,0.0,1.76157504,0.0,0.0,0.0,0.0,0.0,0.0,0.0,0.0,0.0,0.0,0.0,0.0,0.0
22,16,0.0,1.91716464,0.0,0.0,0.0,0.0,0.0,0.0,0.0,0.0,0.0,0.0,0.0,0.0,0.0
22,17,0.0,2.15211072,0.0,0.0,0.0,0.0,0.0,0.0,0.0,0.0,0.0,0.0,0.0,0.0,0.0
22,18,0.0,2.26513008,0.0,0.0,0.0,0.0,0.0,0.0,0.0,0.0,0.0,0.0,0.0,0.0,0.0
22,19,0.0,2.21249568,0.0,0.0,0.0,0.0,0.0,0.0,0.0,0.0,0.0,0.0,0.0,0.0,0.0
22,20,69.77884981425476,1.32997296,72.3846989774427,98.66562589389179,0.0,5.0,0.0,0.0,0.0,0.0,69.77884981425467,0.0,0.0,0.0,0.0
22,21,272.2577919986268,0.6417926399999999,282.42509543426013,190.60661825987978,0.0,8.0,0.0,0.0,0.0,0.0,272.2577919986266,0.0,0.0,0.0,0.0
22,22,317.257927343736,0.61796256,329.1057337590623,214.26842153185356,0.0,11.0,0.0,0.0,0.0,0.0,317.257927343736,0.0,0.0,0.0,0.0
22,23,209.62903316496335,0.58753872,217.457503283157,134.96254649205434,0.0,7.0,0.0,0.0,0.0,0.0,209.62903316496335,0.0,0.0,0.0,0.0
23,0,145.50792169479456,1.15865088,150.94182748422674,179.8850557331354,0.0,6.0,0.0,0.0,0.0,0.0,145.50792169479456,0.0,0.0,0.0,0.0
23,1,292.0478777080911,0.56902992,302.9542299876464,182.41780626612314,0.0,10.0,0.0,0.0,0.0,0.0,292.0478777080909,0.0,0.0,0.0,0.0
23,2,337.4694459841797,0.5483231999999999,350.072039402676,203.54000538002995,0.0,12.0,0.0,0.0,0.0,0.0,337.4694459841797,0.0,0.0,0.0,0.0
23,3,334.957744315549,0.5556110400000001,347.4665397464202,204.55738797931642,0.0,12.0,0.0,0.0,0.0,0.0,334.957744315549,0.0,0.0,0.0,0.0
23,4,325.6042111062539,0.5662536,337.7637044670684,202.43989222167352,0.0,10.0,0.0,0.0,0.0,0.0,325.6042111062539,0.0,0.0,0.0,0.0
23,5,280.9928949623644,0.67823184,291.48640556261876,207.34356120384382,0.0,10.0,0.0,0.0,0.0,0.0,280.99289496236423,0.0,0.0,0.0,0.0
23,6,233.11553313172897,1.61281056,241.82109246029978,398.01588971114376,0.0,12.0,0.0,0.0,0.0,0.0,233.11553313172897,0.0,0.0,0.0,0.0
23,7,0.0,2.53940736,0.0,0.0,0.0,0.0,0.0,0.0,0.0,0.0,0.0,0.0,0.0,0.0,0.0
23,8,2.839120286356504,2.89107456,2.945145525266083,0.0,26.21179517486814,0.0,0.0,0.0,0.0,1.0,0.0,0.0,0.0,0.0,2.839120286356504
23,9,1.8561351272238937,3.0290808,1.9254513767882717,0.0,17.13651725341562,0.0,0.0,0.0,0.0,1.0,0.0,0.0,0.0,0.0,1.8561351272238937
23,10,0.0,2.80165392,0.0,0.0,0.0,0.0,0.0,0.0,0.0,0.0,0.0,0.0,0.0,0.0,0.0
23,11,5.216692099360557,2.5808208,5.411506327137508,0.0,48.162406311523824,0.0,0.0,0.0,0.0,1.0,0.0,0.0,0.0,0.0,5.216692099360557
23,12,0.0,2.4767088,0.0,0.0,0.0,0.0,0.0,0.0,0.0,0.0,0.0,0.0,0.0,0.0,0.0
23,13,0.0,2.45681184,0.0,0.0,0.0,0.0,0.0,0.0,0.0,0.0,0.0,0.0,0.0,0.0,0.0
23,14,0.0,2.45981952,0.0,0.0,0.0,0.0,0.0,0.0,0.0,0.0,0.0,0.0,0.0,0.0,0.0
23,15,0.0,2.45218464,0.0,0.0,0.0,0.0,0.0,0.0,0.0,0.0,0.0,0.0,0.0,0.0,0.0
23,16,0.0,2.51742816,0.0,0.0,0.0,0.0,0.0,0.0,0.0,0.0,0.0,0.0,0.0,0.0,0.0
23,17,2.386248439096291,2.79008592,2.4753614513447006,0.0,22.030716916967837,0.0,0.0,0.0,0.0,1.0,0.0,0.0,0.0,0.0,2.386248439096291
23,18,0.0,2.7749318400000003,0.0,0.0,0.0,0.0,0.0,0.0,0.0,0.0,0.0,0.0,0.0,0.0,0.0
23,19,89.92743853664207,1.3233792,93.2857246230727,126.54014510812596,0.0,5.0,0.0,0.0,0.0,0.0,89.92743853664207,0.0,0.0,0.0,0.0
23,20,304.621920451292,0.81820464,315.99784279179676,269.0104297986471,0.0,7.0,0.0,0.0,0.0,0.0,304.62192045129194,0.0,0.0,0.0,0.0
23,21,331.31220919330076,0.5891582399999999,343.6848643084033,213.86073877918585,0.0,9.0,0.0,0.0,0.0,0.0,331.31220919330076,0.0,0.0,0.0,0.0
23,22,367.2591447046641,0.53548272,380.9742164986142,216.61535626665093,0.0,8.0,0.0,0.0,0.0,0.0,367.25914470466404,0.0,0.0,0.0,0.0
23,23,369.9470521494531,0.48319536,383.7625022297231,198.13479924319566,0.0,10.0,0.0,0.0,0.0,0.0,369.9470521494531,0.0,0.0,0.0,0.0
24,0,396.7663444024396,0.31858272,411.5833448158088,144.74675021152154,0.0,10.0,0.0,0.0,0.0,0.0,396.7663444024397,0.0,0.0,0.0,0.0
24,1,423.76085512638053,0.3163847999999999,439.5859493012247,153.62860757434862,0.0,10.0,0.0,0.0,0.0,0.0,423.76085512638053,0.0,0.0,0.0,0.0
24,2,275.71629521841226,0.31650048,286.0127543759463,99.99019621595293,0.0,7.0,0.0,0.0,0.0,0.0,275.71629521841214,0.0,0.0,0.0,0.0
24,3,351.4166062301906,0.3191611199999999,364.5400479566293,128.4132855780559,0.0,9.0,0.0,0.0,0.0,0.0,351.4166062301906,0.0,0.0,0.0,0.0
24,4,358.72029124492275,0.32633328,372.1164846939033,133.75104863559946,0.0,8.0,0.0,0.0,0.0,0.0,358.72029124492224,0.0,0.0,0.0,0.0
24,5,339.4712103350172,0.35293968,352.1485584388145,135.94331681218128,0.0,9.0,0.0,0.0,0.0,0.0,339.47121033501713,0.0,0.0,0.0,0.0
24,6,296.98834520629595,0.60223008,308.0791962720912,195.73198041388343,0.0,9.0,0.0,0.0,0.0,0.0,296.9883452062953,0.0,0.0,0.0,0.0
24,7,140.54033416702976,1.55693712,145.78872838903504,231.80948981616348,0.0,8.0,0.0,0.0,0.0,0.0,140.54033416702978,0.0,0.0,0.0,0.0
24,8,147.55288639788256,1.42621872,153.0631601637786,223.36793496936036,0.0,7.0,0.0,0.0,0.0,0.0,147.55288639788247,0.0,0.0,0.0,0.0
24,9,2.866736001983938,2.25645408,2.9737925331783592,0.0,26.4667535452874,0.0,0.0,0.0,0.0,1.0,0.0,0.0,0.0,0.0,2.866736001983938
24,10,0.0,2.67243936,0.0,0.0,0.0,0.0,0.0,0.0,0.0,0.0,0.0,0.0,0.0,0.0,0.0
24,11,0.0,2.5779288,0.0,0.0,0.0,0.0,0.0,0.0,0.0,0.0,0.0,0.0,0.0,0.0,0.0
24,12,0.0,2.44269888,0.0,0.0,0.0,0.0,0.0,0.0,0.0,0.0,0.0,0.0,0.0,0.0,0.0
24,13,0.0,2.3066592,0.0,0.0,0.0,0.0,0.0,0.0,0.0,0.0,0.0,0.0,0.0,0.0,0.0
24,14,0.0,2.41320048,0.0,0.0,0.0,0.0,0.0,0.0,0.0,0.0,0.0,0.0,0.0,0.0,0.0
24,15,0.0,2.43841872,0.0,0.0,0.0,0.0,0.0,0.0,0.0,0.0,0.0,0.0,0.0,0.0,0.0
24,16,0.0,2.51476752,0.0,0.0,0.0,0.0,0.0,0.0,0.0,0.0,0.0,0.0,0.0,0.0,0.0
24,17,0.0,2.799456,0.0,0.0,0.0,0.0,0.0,0.0,0.0,0.0,0.0,0.0,0.0,0.0,0.0
24,18,0.0,1.63131936,0.0,0.0,0.0,0.0,0.0,0.0,0.0,0.0,0.0,0.0,0.0,0.0,0.0
24,19,220.0635901647569,0.9555168,228.28173253605488,224.67031427558416,9.118083588838834,7.0,0.0,0.0,0.0,1.0,219.07596852659273,0.0,0.0,0.0,0.987621638161869
24,20,212.82600647297642,0.33107616,220.77386563586765,80.40057861562624,0.0,6.0,0.0,0.0,0.0,0.0,212.82600647297642,0.0,0.0,0.0,0.0
24,21,172.37440312823094,0.3151123199999999,178.81162150231424,62.264409566282716,0.0,5.0,0.0,0.0,0.0,0.0,172.37440312823094,0.0,0.0,0.0,0.0
24,22,247.5913502572764,0.2897784,256.8375002668842,82.92728114617115,0.0,7.0,0.0,0.0,0.0,0.0,247.591350257276,0.0,0.0,0.0,0.0
24,23,214.9828763058168,0.2394576,223.0112824749137,60.783419924284544,0.0,5.0,0.0,0.0,0.0,0.0,214.9828763058168,0.0,0.0,0.0,0.0
25,0,221.7441206585366,0.1567464,230.0250214300172,43.66942222841162,0.0,6.0,0.0,0.0,0.0,0.0,221.74412065853642,0.0,0.0,0.0,0.0
25,1,372.09543933071154,0.104112,385.9911196376677,52.96261350772365,0.0,9.0,0.0,0.0,0.0,0.0,372.09543933071154,0.0,0.0,0.0,0.0
25,2,311.3400373192748,0.05298144,322.9668436921938,27.801450977278957,0.0,8.0,0.0,0.0,0.0,0.0,311.3400373192748,0.0,0.0,0.0,0.0
25,3,431.92477814275304,0.0474288,448.0547491107397,36.081311280188935,0.0,12.0,0.0,0.0,0.0,0.0,431.92477814275304,0.0,0.0,0.0,0.0
25,4,440.28526081544817,0.07033344,456.72744897868074,47.24089119028944,0.0,13.0,0.0,0.0,0.0,0.0,440.28526081544805,0.0,0.0,0.0,0.0
25,5,305.69721890384164,0.12933024,317.113297618093,51.50878903929828,0.0,12.0,0.0,0.0,0.0,0.0,305.69721890384164,0.0,0.0,0.0,0.0
25,6,330.1810541715637,0.30065232,342.5114669829499,114.31399673216292,0.0,10.0,0.0,0.0,0.0,0.0,330.1810541715637,0.0,0.0,0.0,0.0
25,7,161.54227393191428,0.32297856,167.57497295841733,59.66985506307219,0.0,7.0,0.0,0.0,0.0,0.0,161.5422739319143,0.0,0.0,0.0,0.0
25,8,88.21003156821445,0.33743856,91.50418212470379,33.90582787846549,0.0,5.0,0.0,0.0,0.0,0.0,88.21003156821445,0.0,0.0,0.0,0.0
25,9,154.03153959481367,0.33998352,159.78375476640423,59.61268566706688,0.0,5.0,0.0,0.0,0.0,0.0,154.031539594813,0.0,0.0,0.0,0.0
25,10,0.0,0.33686016,0.0,0.0,0.0,0.0,0.0,0.0,0.0,0.0,0.0,0.0,0.0,0.0,0.0
25,11,0.0,0.33628176,0.0,0.0,0.0,0.0,0.0,0.0,0.0,0.0,0.0,0.0,0.0,0.0,0.0
25,12,0.0,0.32957232,0.0,0.0,0.0,0.0,0.0,0.0,0.0,0.0,0.0,0.0,0.0,0.0,0.0
25,13,0.0,0.3256392,0.0,0.0,0.0,0.0,0.0,0.0,0.0,0.0,0.0,0.0,0.0,0.0,0.0
25,14,0.0,0.33107616,0.0,0.0,0.0,0.0,0.0,0.0,0.0,0.0,0.0,0.0,0.0,0.0,0.0
25,15,0.0,0.33628176,0.0,0.0,0.0,0.0,0.0,0.0,0.0,0.0,0.0,0.0,0.0,0.0,0.0
25,16,0.0,0.34680864,0.0,0.0,0.0,0.0,0.0,0.0,0.0,0.0,0.0,0.0,0.0,0.0,0.0
25,17,0.0,0.35594736,0.0,0.0,0.0,0.0,0.0,0.0,0.0,0.0,0.0,0.0,0.0,0.0,0.0
25,18,87.15688483204758,0.3704073599999999,90.41170625731077,36.48178890498294,0.0,3.0,0.0,0.0,0.0,0.0,87.15688483204686,0.0,0.0,0.0,0.0
25,19,210.37414099745155,0.36855648,218.2304367193481,87.65366904155611,0.0,8.0,0.0,0.0,0.0,0.0,210.37414099745155,0.0,0.0,0.0,0.0
25,20,264.57328103899806,0.36473904,274.4536110363051,109.18836113921701,0.0,7.0,0.0,0.0,0.0,0.0,264.57328103899795,0.0,0.0,0.0,0.0
25,21,237.05802894811043,0.3823224,245.91081841090298,102.15686237022152,0.0,14.0,0.0,0.0,0.0,0.0,237.05802894811032,0.0,0.0,0.0,0.0
25,22,295.8212802905131,0.36103728,306.8685480192044,120.9483348338386,0.0,11.0,0.0,0.0,0.0,0.0,295.821280290513,0.0,0.0,0.0,0.0
25,23,342.35378464404596,0.34715568,355.1387807510851,135.04353856887477,0.0,10.0,0.0,0.0,0.0,0.0,342.35378464404596,0.0,0.0,0.0,0.0
26,0,277.074391501366,0.44906976,287.42156794747507,138.58598843605773,0.0,9.0,0.0,0.0,0.0,0.0,277.0743915013659,0.0,0.0,0.0,0.0
26,1,173.21860041895215,0.46225728,179.68734483293792,89.00943438686619,0.0,6.0,0.0,0.0,0.0,0.0,173.21860041895215,0.0,0.0,0.0,0.0
26,2,211.86261017801823,0.4626043199999999,219.77449188591106,108.94316505365103,0.0,8.0,0.0,0.0,0.0,0.0,211.86261017801814,0.0,0.0,0.0,0.0
26,3,216.17061180418244,0.4595966399999999,224.24337324085317,110.48395653803425,0.0,8.0,0.0,0.0,0.0,0.0,216.17061180418239,0.0,0.0,0.0,0.0
26,4,314.5258013636517,0.46272,326.271578178062,161.7719738922467,0.0,11.0,0.0,0.0,0.0,0.0,314.5258013636517,0.0,0.0,0.0,0.0
26,5,226.89924989208356,0.4840051199999999,235.3726658631572,121.71241062588777,0.0,8.0,0.0,0.0,0.0,0.0,226.89924989208356,0.0,0.0,0.0,0.0
26,6,100.54041769495184,1.09791888,104.29503910264714,117.95965831543216,0.0,8.0,0.0,0.0,0.0,0.0,100.54041769495186,0.0,0.0,0.0,0.0
26,7,211.17218428704726,1.46844192,219.05828245544322,328.9251940300486,0.0,9.0,0.0,0.0,0.0,0.0,211.17218428704678,0.0,0.0,0.0,0.0
26,8,37.39204206968109,1.50626928,38.78842538348661,58.19054343691683,8.783198830726674,7.0,0.0,0.0,0.0,1.0,36.440693342397886,0.0,0.0,0.0,0.9513487272832037
26,9,153.3319510585065,1.49932848,159.05804051712292,243.74507126143308,0.0,5.0,0.0,0.0,0.0,0.0,153.3319510585065,0.0,0.0,0.0,0.0
26,10,67.26417253387318,1.51795296,69.77611258700537,108.22644596536793,0.0,2.0,0.0,0.0,0.0,0.0,67.26417253387318,0.0,0.0,0.0,0.0
26,11,0.0,1.51783728,0.0,0.0,0.0,0.0,0.0,0.0,0.0,0.0,0.0,0.0,0.0,0.0,0.0
26,12,0.0,1.52327424,0.0,0.0,0.0,0.0,0.0,0.0,0.0,0.0,0.0,0.0,0.0,0.0,0.0
26,13,0.0,1.46022864,0.0,0.0,0.0,0.0,0.0,0.0,0.0,0.0,0.0,0.0,0.0,0.0,0.0
26,14,0.0,1.4373239999999998,0.0,0.0,0.0,0.0,0.0,0.0,0.0,0.0,0.0,0.0,0.0,0.0,0.0
26,15,0.0,1.5126316799999997,0.0,0.0,0.0,0.0,0.0,0.0,0.0,0.0,0.0,0.0,0.0,0.0,0.0
26,16,0.0,1.53865968,0.0,0.0,0.0,0.0,0.0,0.0,0.0,0.0,0.0,0.0,0.0,0.0,0.0
26,17,0.0,1.55404512,0.0,0.0,0.0,0.0,0.0,0.0,0.0,0.0,0.0,0.0,0.0,0.0,0.0
26,18,73.71997592530707,1.55925072,76.4730040718953,121.77184309444543,0.0,2.0,0.0,0.0,0.0,0.0,73.71997592530704,0.0,0.0,0.0,0.0
26,19,305.106381841718,1.50418704,316.5003961013672,486.55195708149836,0.0,10.0,0.0,0.0,0.0,0.0,305.10638184171785,0.0,0.0,0.0,0.0
26,20,232.6398982423035,1.27571904,241.3276952720991,315.85428245144124,0.0,6.0,0.0,0.0,0.0,0.0,232.6398982423035,0.0,0.0,0.0,0.0
26,21,257.7932993394088,1.23233904,267.42043499938666,338.4042585420063,0.0,10.0,0.0,0.0,0.0,0.0,257.7932993394086,0.0,0.0,0.0,0.0
26,22,401.9828638629038,0.79830768,416.99467205695413,346.69257286723314,0.0,13.0,0.0,0.0,0.0,0.0,401.9828638629034,0.0,0.0,0.0,0.0
26,23,351.5950306374773,0.70657344,364.72513551605533,269.7774956416268,0.0,10.0,0.0,0.0,0.0,0.0,351.59503063747707,0.0,0.0,0.0,0.0
27,0,346.82158494543353,0.90878208,359.7734283666324,338.8641450386947,0.0,10.0,0.0,0.0,0.0,0.0,346.8215849454334,0.0,0.0,0.0,0.0
27,1,386.30982381539064,0.94753488,400.73633175870395,392.9760246058368,0.0,13.0,0.0,0.0,0.0,0.0,386.3098238153906,0.0,0.0,0.0,0.0
27,2,274.4984361848949,1.05916608,284.74941512955905,311.02212744585614,0.0,10.0,0.0,0.0,0.0,0.0,274.49843618489496,0.0,0.0,0.0,0.0
27,3,297.736113198431,1.09849728,308.85488920999063,349.49935254472666,0.0,13.0,0.0,0.0,0.0,0.0,297.73611319843087,0.0,0.0,0.0,0.0
27,4,343.0570844399594,1.26577056,355.8683448547297,462.22691636773584,0.0,11.0,0.0,0.0,0.0,0.0,343.05708443995934,0.0,0.0,0.0,0.0
27,5,173.51064390333363,1.42506192,179.99029450553283,262.4549934175532,0.0,8.0,0.0,0.0,0.0,0.0,173.51064390333363,0.0,0.0,0.0,0.0
27,6,0.0,1.70500752,0.0,0.0,0.0,5.0,0.0,0.0,0.0,0.0,0.0,0.0,0.0,0.0,0.0
27,7,0.0,2.0371248,0.0,0.0,0.0,2.0,0.0,0.0,0.0,0.0,0.0,0.0,0.0,0.0,0.0
27,8,0.0,2.2557600000000004,0.0,0.0,0.0,1.0,0.0,0.0,0.0,0.0,0.0,0.0,0.0,0.0,0.0
27,9,0.0,2.30422992,0.0,0.0,0.0,0.0,0.0,0.0,0.0,0.0,0.0,0.0,0.0,0.0,0.0
27,10,0.0,2.20162176,0.0,0.0,0.0,0.0,0.0,0.0,0.0,0.0,0.0,0.0,0.0,0.0,0.0
27,11,0.0,2.12978448,0.0,0.0,0.0,0.0,0.0,0.0,0.0,0.0,0.0,0.0,0.0,0.0,0.0
27,12,0.0,2.05204752,0.0,0.0,0.0,0.0,0.0,0.0,0.0,0.0,0.0,0.0,0.0,0.0,0.0
27,13,0.0,1.7349686399999995,0.0,0.0,0.0,0.0,0.0,0.0,0.0,0.0,0.0,0.0,0.0,0.0,0.0
27,14,0.0,1.5488395199999998,0.0,0.0,0.0,0.0,0.0,0.0,0.0,0.0,0.0,0.0,0.0,0.0,0.0
27,15,0.0,1.54872384,0.0,0.0,0.0,0.0,0.0,0.0,0.0,0.0,0.0,0.0,0.0,0.0,0.0
27,16,0.0,2.10514464,0.0,0.0,0.0,0.0,0.0,0.0,0.0,0.0,0.0,0.0,0.0,0.0,0.0
27,17,0.0,2.21781696,0.0,0.0,0.0,0.0,0.0,0.0,0.0,0.0,0.0,0.0,0.0,0.0,0.0
27,18,0.0,1.50187344,0.0,0.0,0.0,0.0,0.0,0.0,0.0,0.0,0.0,0.0,0.0,0.0,0.0
27,19,0.0,1.45028016,0.0,0.0,0.0,0.0,0.0,0.0,0.0,0.0,0.0,0.0,0.0,0.0,0.0
27,20,0.0,0.98223888,0.0,0.0,0.0,0.0,0.0,0.0,0.0,0.0,0.0,0.0,0.0,0.0,0.0
27,21,0.0,0.57284736,0.0,0.0,0.0,0.0,0.0,0.0,0.0,0.0,0.0,0.0,0.0,0.0,0.0
27,22,205.58183668339876,0.36948192,213.2591666840236,85.85428478125428,0.0,7.0,0.0,0.0,0.0,0.0,205.58183668339865,0.0,0.0,0.0,0.0
27,23,333.7285171771895,0.3389424,346.1914078601551,128.79788223967097,0.0,8.0,0.0,0.0,0.0,0.0,333.7285171771894,0.0,0.0,0.0,0.0
28,0,452.7494909161612,0.31430256,469.6571482532794,163.1600956254888,0.0,11.0,0.0,0.0,0.0,0.0,452.7494909161612,0.0,0.0,0.0,0.0
28,1,334.1273706211475,0.3379012799999999,346.60515624600373,128.59095662186735,0.0,10.0,0.0,0.0,0.0,0.0,334.1273706211475,0.0,0.0,0.0,0.0
28,2,398.66213776934256,0.32980368,413.54993544537615,150.07879343688947,0.0,12.0,0.0,0.0,0.0,0.0,398.66213776934234,0.0,0.0,0.0,0.0
28,3,233.91851362318977,0.31997088,242.65405977509312,85.67408242036474,0.0,10.0,0.0,0.0,0.0,0.0,233.9185136231897,0.0,0.0,0.0,0.0
28,4,521.7252634681646,0.31950816,541.208779531291,190.83463192637421,0.0,15.0,0.0,0.0,0.0,0.0,521.7252634681639,0.0,0.0,0.0,0.0
28,5,520.3068376768376,0.30516384,539.737383482197,182.5736399282405,0.0,13.0,0.0,0.0,0.0,0.0,520.3068376768377,0.0,0.0,0.0,0.0
28,6,412.89229714088776,0.3060892799999999,428.3115115569376,145.27867322070932,0.0,15.0,0.0,0.0,0.0,0.0,412.8922971408877,0.0,0.0,0.0,0.0
28,7,200.92058350348074,0.3320016,208.42384180859,76.09587812246312,0.0,10.0,0.0,0.0,0.0,0.0,200.92058350348074,0.0,0.0,0.0,0.0
28,8,64.04724627784995,0.34912224,66.439052155446,25.394483338331398,0.0,9.0,0.0,0.0,0.0,0.0,64.04724627784995,0.0,0.0,0.0,0.0
28,9,84.07617404990972,0.36161568,87.21594818455367,34.42550229451087,0.0,4.0,0.0,0.0,0.0,0.0,84.07617404990974,0.0,0.0,0.0,0.0
28,10,0.0,0.4105483199999999,0.0,0.0,0.0,0.0,0.0,0.0,0.0,0.0,0.0,0.0,0.0,0.0,0.0
28,11,0.0,0.44259168,0.0,0.0,0.0,0.0,0.0,0.0,0.0,0.0,0.0,0.0,0.0,0.0,0.0
28,12,0.0,0.43507248,0.0,0.0,0.0,0.0,0.0,0.0,0.0,0.0,0.0,0.0,0.0,0.0,0.0
28,13,0.0,0.41448144,0.0,0.0,0.0,0.0,0.0,0.0,0.0,0.0,0.0,0.0,0.0,0.0,0.0
28,14,0.0,0.40488,0.0,0.0,0.0,0.0,0.0,0.0,0.0,0.0,0.0,0.0,0.0,0.0,0.0
28,15,0.0,0.40383888,0.0,0.0,0.0,0.0,0.0,0.0,0.0,0.0,0.0,0.0,0.0,0.0,0.0
28,16,0.0,0.43877424,0.0,0.0,0.0,0.0,0.0,0.0,0.0,0.0,0.0,0.0,0.0,0.0,0.0
28,17,0.0,0.5905463999999999,0.0,0.0,0.0,0.0,0.0,0.0,0.0,0.0,0.0,0.0,0.0,0.0,0.0
28,18,0.0,0.44120352,0.0,0.0,0.0,0.0,0.0,0.0,0.0,0.0,0.0,0.0,0.0,0.0,0.0
28,19,0.0,0.40094688,0.0,0.0,0.0,0.0,0.0,0.0,0.0,0.0,0.0,0.0,0.0,0.0,0.0
28,20,45.186901743492406,0.36578016,46.87437940196308,18.69725995575574,0.0,3.0,0.0,0.0,0.0,0.0,45.1869017434924,0.0,0.0,0.0,0.0
28,21,36.34076921800304,0.35641008,37.69789337967121,14.683709466147203,0.0,3.0,0.0,0.0,0.0,0.0,36.34076921800304,0.0,0.0,0.0,0.0
28,22,90.56627102129352,0.34842816,93.94841392250366,35.84396549877121,0.0,4.0,0.0,0.0,0.0,0.0,90.56627102129353,0.0,0.0,0.0,0.0
28,23,91.7577631164474,0.33963648,95.18440157307823,35.478698793255646,0.0,4.0,0.0,0.0,0.0,0.0,91.75776311644742,0.0,0.0,0.0,0.0
29,0,96.47277255852025,0.34426368,100.07549020593387,37.764855261915166,0.0,5.0,0.0,0.0,0.0,0.0,96.47277255852025,0.0,0.0,0.0,0.0
29,1,83.14919027680463,0.33917376,86.25434676017079,32.1102299847526,0.0,4.0,0.0,0.0,0.0,0.0,83.14919027680463,0.0,0.0,0.0,0.0
29,2,125.13635924654707,0.32818416,129.80950129309863,46.89811663469606,0.0,6.0,0.0,0.0,0.0,0.0,125.13635924654707,0.0,0.0,0.0,0.0
29,3,181.54806562963574,0.32656464,188.32786891041053,67.73487517363,0.0,6.0,0.0,0.0,0.0,0.0,181.54806562963574,0.0,0.0,0.0,0.0
29,4,59.080808438437714,0.33107616,61.28714568302668,22.319317372205234,0.0,4.0,0.0,0.0,0.0,0.0,59.080808438437714,0.0,0.0,0.0,0.0
29,5,222.47158868444342,0.31222032,230.7796563116633,79.69290476703361,0.0,7.0,0.0,0.0,0.0,0.0,222.4715886844434,0.0,0.0,0.0,0.0
29,6,108.19273277840384,0.31534368,112.23312528880068,39.10692319353077,0.0,6.0,0.0,0.0,0.0,0.0,108.19273277840384,0.0,0.0,0.0,0.0
29,7,72.96997765650585,0.33755424,75.69499756898946,28.05667179573564,0.0,5.0,0.0,0.0,0.0,0.0,72.96997765650585,0.0,0.0,0.0,0.0
29,8,56.226433521192206,0.3574511999999999,58.32617585185915,22.779357970354607,0.0,5.0,0.0,0.0,0.0,0.0,56.226433521192206,0.0,0.0,0.0,0.0
29,9,100.5435280467552,0.36219408,104.29826560866724,41.228486949373746,0.0,4.0,0.0,0.0,0.0,0.0,100.5435280467552,0.0,0.0,0.0,0.0
29,10,0.0,0.3974764799999999,0.0,0.0,0.0,0.0,0.0,0.0,0.0,0.0,0.0,0.0,0.0,0.0,0.0
29,11,0.0,0.393312,0.0,0.0,0.0,0.0,0.0,0.0,0.0,0.0,0.0,0.0,0.0,0.0,0.0
29,12,0.0,0.39203952,0.0,0.0,0.0,0.0,0.0,0.0,0.0,0.0,0.0,0.0,0.0,0.0,0.0
29,13,0.0,0.4043016,0.0,0.0,0.0,0.0,0.0,0.0,0.0,0.0,0.0,0.0,0.0,0.0,0.0
29,14,0.0,0.39770784,0.0,0.0,0.0,0.0,0.0,0.0,0.0,0.0,0.0,0.0,0.0,0.0,0.0
29,15,0.0,0.37642272,0.0,0.0,0.0,0.0,0.0,0.0,0.0,0.0,0.0,0.0,0.0,0.0,0.0
29,16,0.0,0.40129392,0.0,0.0,0.0,0.0,0.0,0.0,0.0,0.0,0.0,0.0,0.0,0.0,0.0
29,17,0.0,0.4239672,0.0,0.0,0.0,0.0,0.0,0.0,0.0,0.0,0.0,0.0,0.0,0.0,0.0
29,18,0.0,0.4031447999999999,0.0,0.0,0.0,0.0,0.0,0.0,0.0,0.0,0.0,0.0,0.0,0.0,0.0
29,19,21.821358362662025,0.36057456,22.6362638616826,8.9113212157918,0.0,4.0,0.0,0.0,0.0,0.0,21.821358362662025,0.0,0.0,0.0,0.0
29,20,214.61725877063685,0.33003504,222.6320111728598,80.84548428253692,0.0,8.0,0.0,0.0,0.0,0.0,214.61725877063685,0.0,0.0,0.0,0.0
29,21,116.71086240928318,0.3005366399999999,121.06935934572945,40.393174259061766,0.0,3.0,0.0,0.0,0.0,0.0,116.71086240928318,0.0,0.0,0.0,0.0
29,22,160.07168971106285,0.29012544,166.04947065462954,53.67141321410973,0.0,6.0,0.0,0.0,0.0,0.0,160.07168971106285,0.0,0.0,0.0,0.0
29,23,269.3982935527362,0.21215712,279.45881073935294,68.53926308055877,0.0,11.0,0.0,0.0,0.0,0.0,269.3982935527362,0.0,0.0,0.0,0.0
30,0,275.6468964680549,0.15142512,285.94076397101134,52.76325378464254,0.0,11.0,0.0,0.0,0.0,0.0,275.6468964680549,0.0,0.0,0.0,0.0
30,1,408.06734912634334,0.0666316799999999,423.306378761767,42.2170563086273,0.0,14.0,0.0,0.0,0.0,0.0,408.06734912634334,0.0,0.0,0.0,0.0
30,2,282.37824006585913,0.0572616,292.92348554549704,26.469034831467987,0.0,13.0,0.0,0.0,0.0,0.0,282.37824006585896,0.0,0.0,0.0,0.0
30,3,370.9610208335704,0.0234830399999999,384.81433696428473,21.77396502102356,0.0,11.0,0.0,0.0,0.0,0.0,370.9610208335704,0.0,0.0,0.0,0.0
30,4,290.2205638024232,0.10445904,301.0586761435926,41.413342473983505,0.0,11.0,0.0,0.0,0.0,0.0,290.2205638024232,0.0,0.0,0.0,0.0
30,5,136.34172318508524,0.30932832,141.43332280610505,48.43077512051224,0.0,9.0,0.0,0.0,0.0,0.0,136.34172318508524,0.0,0.0,0.0,0.0
30,6,264.4814440676429,0.32552352,274.3583444685092,98.3913552346693,0.0,11.0,0.0,0.0,0.0,0.0,264.4814440676429,0.0,0.0,0.0,0.0
30,7,56.17230701061744,0.34715568,58.270028019312704,22.157509128102806,0.0,4.0,0.0,0.0,0.0,0.0,56.17230701061744,0.0,0.0,0.0,0.0
30,8,63.76214363340222,0.35617872,66.14330252427617,25.748180143222996,0.0,7.0,0.0,0.0,0.0,0.0,63.76214363340222,0.0,0.0,0.0,0.0
30,9,99.67934334464368,0.35143584,103.40180844880052,39.7617012693786,0.0,7.0,0.0,0.0,0.0,0.0,99.67934334464368,0.0,0.0,0.0,0.0
30,10,116.66308887850413,0.34692432,121.01980174118688,45.99046786322936,0.0,4.0,0.0,0.0,0.0,0.0,116.66308887850413,0.0,0.0,0.0,0.0
30,11,0.0,0.33049776,0.0,0.0,0.0,0.0,0.0,0.0,0.0,0.0,0.0,0.0,0.0,0.0,0.0
30,12,0.0,0.335472,0.0,0.0,0.0,0.0,0.0,0.0,0.0,0.0,0.0,0.0,0.0,0.0,0.0
30,13,0.0,0.3262176,0.0,0.0,0.0,0.0,0.0,0.0,0.0,0.0,0.0,0.0,0.0,0.0,0.0
30,14,0.0,0.32147472,0.0,0.0,0.0,0.0,0.0,0.0,0.0,0.0,0.0,0.0,0.0,0.0,0.0
30,15,0.0,0.32320992,0.0,0.0,0.0,0.0,0.0,0.0,0.0,0.0,0.0,0.0,0.0,0.0,0.0
30,16,0.0,0.3274900799999999,0.0,0.0,0.0,0.0,0.0,0.0,0.0,0.0,0.0,0.0,0.0,0.0,0.0
30,17,0.0,0.3405619199999999,0.0,0.0,0.0,0.0,0.0,0.0,0.0,0.0,0.0,0.0,0.0,0.0,0.0
30,18,0.0,0.34264416,0.0,0.0,0.0,0.0,0.0,0.0,0.0,0.0,0.0,0.0,0.0,0.0,0.0
30,19,183.41688708455717,0.31858272,190.26648037817137,66.91343334422193,0.0,7.0,0.0,0.0,0.0,0.0,183.41688708455683,0.0,0.0,0.0,0.0
30,20,107.60694338554568,0.31025376,111.62545994351211,38.32702138333428,0.0,6.0,0.0,0.0,0.0,0.0,107.60694338554568,0.0,0.0,0.0,0.0
30,21,207.40406413468068,0.30065232,215.14944412311274,71.80662612279924,0.0,8.0,0.0,0.0,0.0,0.0,207.40406413468068,0.0,0.0,0.0,0.0
30,22,235.66567173133092,0.24570432,244.46646445158808,68.15830638422918,0.0,11.0,0.0,0.0,0.0,0.0,235.66567173133083,0.0,0.0,0.0,0.0
30,23,390.40870927285084,0.11568,404.9882876274387,60.254157433210324,0.0,11.0,0.0,0.0,0.0,0.0,390.40870927285084,0.0,0.0,0.0,0.0
31,0,345.2820999658014,0.29336448,358.176452246682,116.93188923095785,0.0,14.0,0.0,0.0,0.0,0.0,345.2820999658014,0.0,0.0,0.0,0.0
31,1,499.8502974266754,0.2915136,518.516906044269,168.31763953189196,0.0,13.0,0.0,0.0,0.0,0.0,499.8502974266754,0.0,0.0,0.0,0.0
31,2,252.12906314360936,0.29590944,261.5446713107981,86.05066584294975,0.0,13.0,0.0,0.0,0.0,0.0,252.12906314360936,0.0,0.0,0.0,0.0
31,3,207.67218009897766,0.3042384,215.42757271678184,72.67199269616285,0.0,12.0,0.0,0.0,0.0,0.0,207.67218009897766,0.0,0.0,0.0,0.0
31,4,240.64879135637207,0.33824832,249.63567568088388,92.7017887761611,0.0,10.0,0.0,0.0,0.0,0.0,240.64879135637207,0.0,0.0,0.0,0.0
31,5,287.57817191059706,0.35120448,298.31760571638705,114.64479233968115,0.0,11.0,0.0,0.0,0.0,0.0,287.57817191059706,0.0,0.0,0.0,0.0
31,6,104.5990081557564,0.46318272,108.50519518231994,53.849253399212635,0.0,11.0,0.0,0.0,0.0,0.0,104.59900815575642,0.0,0.0,0.0,0.0
31,7,193.83240035675746,1.0029456,201.07095472692686,208.31867793263177,0.0,8.0,0.0,0.0,0.0,0.0,193.83240035675746,0.0,0.0,0.0,0.0
31,8,0.0,1.33043568,0.0,0.0,0.0,0.0,0.0,0.0,0.0,0.0,0.0,0.0,0.0,0.0,0.0
31,9,95.73266882174201,1.30186272,99.30774774039628,132.57214104059324,0.0,4.0,0.0,0.0,0.0,0.0,95.73266882174201,0.0,0.0,0.0,0.0
31,10,122.9015468833606,1.2591768,127.49123120680561,164.7539602919909,0.0,4.0,0.0,0.0,0.0,0.0,122.9015468833606,0.0,0.0,0.0,0.0
31,11,0.0,1.16940912,0.0,0.0,0.0,0.0,0.0,0.0,0.0,0.0,0.0,0.0,0.0,0.0,0.0
31,12,0.0,1.1301936,0.0,0.0,0.0,0.0,0.0,0.0,0.0,0.0,0.0,0.0,0.0,0.0,0.0
31,13,0.0,1.11665904,0.0,0.0,0.0,0.0,0.0,0.0,0.0,0.0,0.0,0.0,0.0,0.0,0.0
31,14,0.0,1.1108750399999998,0.0,0.0,0.0,0.0,0.0,0.0,0.0,0.0,0.0,0.0,0.0,0.0,0.0
31,15,0.0,1.1122632,0.0,0.0,0.0,0.0,0.0,0.0,0.0,0.0,0.0,0.0,0.0,0.0,0.0
31,16,0.0,1.1160806399999998,0.0,0.0,0.0,0.0,0.0,0.0,0.0,0.0,0.0,0.0,0.0,0.0,0.0
31,17,0.0,1.15656864,0.0,0.0,0.0,0.0,0.0,0.0,0.0,0.0,0.0,0.0,0.0,0.0,0.0
31,18,143.9721723850402,1.14627312,149.34872654049815,176.1378735880941,0.0,4.0,0.0,0.0,0.0,0.0,143.9721723850402,0.0,0.0,0.0,0.0
31,19,96.10766181786498,1.1024304,99.69674462434126,110.20533550116639,23.539488090505017,3.0,0.0,0.0,0.0,1.0,93.55799142244308,0.0,0.0,0.0,2.5496703954209927
31,20,101.31575045579784,1.0416984,105.09932619896043,112.96058763972073,0.0,3.0,0.0,0.0,0.0,0.0,101.31575045579784,0.0,0.0,0.0,0.0
31,21,204.09737157940697,0.97310016,211.71926512386622,213.0319584427166,0.0,6.0,0.0,0.0,0.0,0.0,204.09737157940685,0.0,0.0,0.0,0.0
31,22,193.12175743041445,0.94834464,200.33377326806482,196.61650798491746,0.0,9.0,0.0,0.0,0.0,0.0,193.12175743041445,0.0,0.0,0.0,0.0
31,23,382.676648678979,0.79622544,396.9674778827583,329.21522826080883,0.0,10.0,0.0,0.0,0.0,0.0,382.676648678979,0.0,0.0,0.0,0.0
32,0,229.67729274823006,0.8754662400000001,238.25445305832994,216.46995257846336,0.0,9.0,0.0,0.0,0.0,0.0,229.67729274823006,0.0,0.0,0.0,0.0
32,1,400.3443929180385,0.7814184,415.29501340045493,338.26542984291706,0.0,11.0,0.0,0.0,0.0,0.0,400.3443929180385,0.0,0.0,0.0,0.0
32,2,375.83345222901005,0.7599019199999999,389.86872637864116,309.1666485662171,0.0,10.0,0.0,0.0,0.0,0.0,375.83345222901005,0.0,0.0,0.0,0.0
32,3,400.35886164588175,0.7729737599999998,415.31002245423423,334.7705113653689,0.0,15.0,0.0,0.0,0.0,0.0,400.35886164588175,0.0,0.0,0.0,0.0
32,4,326.7503020526181,0.68262768,338.9525954902678,242.59775480022785,0.0,9.0,0.0,0.0,0.0,0.0,326.75030205261817,0.0,0.0,0.0,0.0
32,5,261.94751293142673,0.8463148799999999,271.7297851985755,238.96321644283103,0.0,9.0,0.0,0.0,0.0,0.0,261.94751293142673,0.0,0.0,0.0,0.0
32,6,214.24032931646093,1.0870449599999998,222.24100551500095,248.94214223296046,0.0,10.0,0.0,0.0,0.0,0.0,214.24032931646093,0.0,0.0,0.0,0.0
32,7,170.42290097234837,1.27294272,176.78724167256058,230.89168997532835,0.0,7.0,0.0,0.0,0.0,0.0,170.42290097234837,0.0,0.0,0.0,0.0
32,8,0.0,1.353456,0.0,0.0,0.0,1.0,0.0,0.0,0.0,0.0,0.0,0.0,0.0,0.0,0.0
32,9,131.98721176588052,1.2778012799999998,136.91619477788436,176.36703685216804,21.159141289815313,7.0,0.0,0.0,0.0,1.0,129.6953676980848,0.0,0.0,0.0,2.2918440677957257
32,10,33.69617287904969,1.21498704,34.95453618158682,43.62630359744959,0.0,1.0,0.0,0.0,0.0,0.0,33.69617287904969,0.0,0.0,0.0,0.0
32,11,0.0,1.1735736,0.0,0.0,0.0,0.0,0.0,0.0,0.0,0.0,0.0,0.0,0.0,0.0,0.0
32,12,0.0,1.14916512,0.0,0.0,0.0,0.0,0.0,0.0,0.0,0.0,0.0,0.0,0.0,0.0,0.0
32,13,0.0,1.13979504,0.0,0.0,0.0,0.0,0.0,0.0,0.0,0.0,0.0,0.0,0.0,0.0,0.0
32,14,0.0,1.13736576,0.0,0.0,0.0,0.0,0.0,0.0,0.0,0.0,0.0,0.0,0.0,0.0,0.0
32,15,0.0,1.1401420800000002,0.0,0.0,0.0,0.0,0.0,0.0,0.0,0.0,0.0,0.0,0.0,0.0,0.0
32,16,0.0,1.18791792,0.0,0.0,0.0,0.0,0.0,0.0,0.0,0.0,0.0,0.0,0.0,0.0,0.0
32,17,0.0,1.26230016,0.0,0.0,0.0,0.0,0.0,0.0,0.0,0.0,0.0,0.0,0.0,0.0,0.0
32,18,128.77485249777797,1.2597552,133.5838718856618,172.70460340351167,0.0,4.0,0.0,0.0,0.0,0.0,128.774852497778,0.0,0.0,0.0,0.0
32,19,145.92094213100074,1.16697984,151.37027192012525,181.65641170666038,0.0,7.0,0.0,0.0,0.0,0.0,145.92094213100074,0.0,0.0,0.0,0.0
32,20,233.94568461677767,1.1296152,242.68224545308885,282.1703355584373,0.0,6.0,0.0,0.0,0.0,0.0,233.94568461677767,0.0,0.0,0.0,0.0
32,21,225.6173020621908,1.096068,234.0428444628535,264.2736905964314,0.0,6.0,0.0,0.0,0.0,0.0,225.6173020621908,0.0,0.0,0.0,0.0
32,22,247.50032542176564,0.99970656,256.7430761636573,265.1659332964049,0.0,8.0,0.0,0.0,0.0,0.0,247.50032542176564,0.0,0.0,0.0,0.0
32,23,371.4563408873861,0.90912912,385.32815444749605,363.0674078762883,0.0,10.0,0.0,0.0,0.0,0.0,371.45634088738615,0.0,0.0,0.0,0.0
33,0,329.52476798486134,0.8595024,341.8306721834661,305.1188783845751,0.0,9.0,0.0,0.0,0.0,0.0,329.52476798486134,0.0,0.0,0.0,0.0
33,1,349.3103219065345,0.78396336,362.3551057121728,296.0670801863431,0.0,10.0,0.0,0.0,0.0,0.0,349.3103219065345,0.0,0.0,0.0,0.0
33,2,540.4387861740079,0.8253767999999999,560.6211474834107,481.2802487038865,0.0,15.0,0.0,0.0,0.0,0.0,540.4387861740078,0.0,0.0,0.0,0.0
33,3,341.63908279972713,0.8665588799999999,354.3973887963975,318.8367578794915,0.0,10.0,0.0,0.0,0.0,0.0,341.63908279972713,0.0,0.0,0.0,0.0
33,4,354.82777179615636,0.95123664,368.07860144829493,362.31325380551385,0.0,11.0,0.0,0.0,0.0,0.0,354.82777179615636,0.0,0.0,0.0,0.0
33,5,241.25098918818637,0.98142912,250.26036222840912,253.8964250624691,0.0,13.0,0.0,0.0,0.0,0.0,241.25098918818637,0.0,0.0,0.0,0.0
33,6,294.1244916492329,1.3059115200000002,305.1083938270051,408.5436541830567,0.0,13.0,0.0,0.0,0.0,0.0,294.1244916492329,0.0,0.0,0.0,0.0
33,7,2.0549655235036823,1.60714224,2.1317069745888824,0.0,18.972192073841054,2.0,0.0,0.0,0.0,1.0,0.0,0.0,0.0,0.0,2.0549655235036823
33,8,0.6940290293077993,1.96505616,0.7199471258379662,0.0,6.407529419957899,0.0,0.0,0.0,0.0,1.0,0.0,0.0,0.0,0.0,0.6940290293077993
33,9,0.0,2.0614176000000004,0.0,0.0,0.0,0.0,0.0,0.0,0.0,0.0,0.0,0.0,0.0,0.0,0.0
33,10,0.0,1.96760112,0.0,0.0,0.0,0.0,0.0,0.0,0.0,0.0,0.0,0.0,0.0,0.0,0.0
33,11,0.0,1.93428528,0.0,0.0,0.0,0.0,0.0,0.0,0.0,0.0,0.0,0.0,0.0,0.0,0.0
33,12,0.0,1.81455648,0.0,0.0,0.0,0.0,0.0,0.0,0.0,0.0,0.0,0.0,0.0,0.0,0.0
33,13,0.0,1.76689632,0.0,0.0,0.0,0.0,0.0,0.0,0.0,0.0,0.0,0.0,0.0,0.0,0.0
33,14,0.0,1.80784704,0.0,0.0,0.0,0.0,0.0,0.0,0.0,0.0,0.0,0.0,0.0,0.0,0.0
33,15,0.0,1.84474896,0.0,0.0,0.0,0.0,0.0,0.0,0.0,0.0,0.0,0.0,0.0,0.0,0.0
33,16,0.0,1.93509504,0.0,0.0,0.0,0.0,0.0,0.0,0.0,0.0,0.0,0.0,0.0,0.0,0.0
33,17,0.0,2.06107056,0.0,0.0,0.0,0.0,0.0,0.0,0.0,0.0,0.0,0.0,0.0,0.0,0.0
33,18,0.0,2.11833216,0.0,0.0,0.0,0.0,0.0,0.0,0.0,0.0,0.0,0.0,0.0,0.0,0.0
33,19,0.0,1.99177824,0.0,0.0,0.0,0.0,0.0,0.0,0.0,0.0,0.0,0.0,0.0,0.0,0.0
33,20,0.0,1.59268224,0.0,0.0,0.0,0.0,0.0,0.0,0.0,0.0,0.0,0.0,0.0,0.0,0.0
33,21,187.93199325545186,1.5719755199999994,194.95020047246047,312.90979439743853,0.0,6.0,0.0,0.0,0.0,0.0,187.93199325545186,0.0,0.0,0.0,0.0
33,22,221.61266213341236,1.4455372799999997,229.88865366536555,339.92193355861804,0.0,7.0,0.0,0.0,0.0,0.0,221.61266213341236,0.0,0.0,0.0,0.0
33,23,281.4360406270495,1.20226224,291.94610023552855,360.65918834622704,0.0,9.0,0.0,0.0,0.0,0.0,281.4360406270495,0.0,0.0,0.0,0.0
34,0,283.1541598142872,1.2528144,293.7283815500905,377.7095555239556,0.0,10.0,0.0,0.0,0.0,0.0,283.1541598142865,0.0,0.0,0.0,0.0
34,1,329.4643790027116,1.15992336,341.7680280111116,407.73724111839056,0.0,10.0,0.0,0.0,0.0,0.0,329.4643790027116,0.0,0.0,0.0,0.0
34,2,410.6541156506447,1.08530976,425.9897465255651,476.431090174118,0.0,10.0,0.0,0.0,0.0,0.0,410.6541156506447,0.0,0.0,0.0,0.0
34,3,335.77512782657755,1.01601744,348.31444795288127,365.42276195133996,0.0,10.0,0.0,0.0,0.0,0.0,335.7751278265774,0.0,0.0,0.0,0.0
34,4,596.7313954019556,0.97205904,619.015970333979,622.2094984855706,0.0,16.0,0.0,0.0,0.0,0.0,596.7313954019556,0.0,0.0,0.0,0.0
34,5,268.5401348587267,1.02978336,278.56860462523514,296.08593447458145,0.0,13.0,0.0,0.0,0.0,0.0,268.5401348587267,0.0,0.0,0.0,0.0
34,6,326.60085177521216,1.15992336,338.7975640821703,404.19340826112614,0.0,12.0,0.0,0.0,0.0,0.0,326.60085177521216,0.0,0.0,0.0,0.0
34,7,147.7389249158707,1.24622064,153.25614617828916,196.06375101274242,0.0,8.0,0.0,0.0,0.0,0.0,147.73892491587074,0.0,0.0,0.0,0.0
34,8,334.5721187169509,1.25443392,347.0665131918577,446.85990823064435,0.0,9.0,0.0,0.0,0.0,0.0,334.5721187169509,0.0,0.0,0.0,0.0
34,9,162.9997961917595,1.2420561600000002,169.08692551012396,215.61223463969574,0.0,4.0,0.0,0.0,0.0,0.0,162.999796191759,0.0,0.0,0.0,0.0
34,10,0.0,1.15714704,0.0,0.0,0.0,1.0,0.0,0.0,0.0,0.0,0.0,0.0,0.0,0.0,0.0
34,11,0.0,1.1893060800000002,0.0,0.0,0.0,0.0,0.0,0.0,0.0,0.0,0.0,0.0,0.0,0.0,0.0
34,12,10.110100259470642,1.179936,10.487655870820168,0.0,93.3401372502995,0.0,0.0,0.0,0.0,2.0,0.0,0.0,0.0,0.0,10.110100259470642
34,13,0.0,1.15772544,0.0,0.0,0.0,0.0,0.0,0.0,0.0,0.0,0.0,0.0,0.0,0.0,0.0
34,14,0.0,1.16050176,0.0,0.0,0.0,0.0,0.0,0.0,0.0,0.0,0.0,0.0,0.0,0.0,0.0
34,15,9.436575573335514,1.179936,9.788978810514019,0.0,87.12191141357476,0.0,0.0,0.0,0.0,1.0,0.0,0.0,0.0,0.0,9.436575573335514
34,16,0.0,1.2461049599999998,0.0,0.0,0.0,0.0,0.0,0.0,0.0,0.0,0.0,0.0,0.0,0.0,0.0
34,17,0.0,1.3002432,0.0,0.0,0.0,0.0,0.0,0.0,0.0,0.0,0.0,0.0,0.0,0.0,0.0
34,18,151.16398139444712,1.3131993599999998,156.80910933033934,211.11200353360582,0.0,4.0,0.0,0.0,0.0,0.0,151.1639813944471,0.0,0.0,0.0,0.0
34,19,272.2860596993076,1.25015376,282.4544187752154,362.46069492190964,0.0,8.0,0.0,0.0,0.0,0.0,272.2860596993074,0.0,0.0,0.0,0.0
34,20,316.35938382881386,1.17079728,328.1736346771928,395.08734615558603,0.0,8.0,0.0,0.0,0.0,0.0,316.35938382881386,0.0,0.0,0.0,0.0
34,21,170.5553868326582,1.1623526400000002,176.92467513761227,211.50506997440095,0.0,6.0,0.0,0.0,0.0,0.0,170.5553868326581,0.0,0.0,0.0,0.0
34,22,310.4181896043224,1.1351678399999998,322.01057012896507,376.1945932217344,0.0,7.0,0.0,0.0,0.0,0.0,310.41818960432227,0.0,0.0,0.0,0.0
34,23,412.99117354472105,0.95655792,428.4140804405821,423.9833877475391,0.0,12.0,0.0,0.0,0.0,0.0,412.99117354472094,0.0,0.0,0.0,0.0
35,0,339.4805181028041,0.8139244800000001,352.1582137995894,298.28662792132604,0.0,9.0,0.0,0.0,0.0,0.0,339.4805181028041,0.0,0.0,0.0,0.0
35,1,252.66543582062135,0.83740752,262.10107450271926,228.16095635469736,0.0,6.0,0.0,0.0,0.0,0.0,252.66543582062133,0.0,0.0,0.0,0.0
35,2,409.55630782034467,0.84492672,424.8509417223493,373.03047884938553,0.0,11.0,0.0,0.0,0.0,0.0,409.55630782034456,0.0,0.0,0.0,0.0
35,3,285.2896097123049,0.8670216000000001,295.9435785397354,266.3852074249124,0.0,9.0,0.0,0.0,0.0,0.0,285.28960971230487,0.0,0.0,0.0,0.0
35,4,341.20782116835704,0.99415392,353.95002195887656,363.59654754134203,0.0,10.0,0.0,0.0,0.0,0.0,341.20782116835636,0.0,0.0,0.0,0.0
35,5,369.1910729044519,1.38387984,382.9782913946597,542.6725180638782,0.0,11.0,0.0,0.0,0.0,0.0,369.1910729044519,0.0,0.0,0.0,0.0
35,6,88.80322148113277,1.40528064,92.11952435802155,132.5029404025866,0.0,6.0,0.0,0.0,0.0,0.0,88.80322148113277,0.0,0.0,0.0,0.0
35,7,0.0,1.4373239999999998,0.0,0.0,0.0,1.0,0.0,0.0,0.0,0.0,0.0,0.0,0.0,0.0,0.0
35,8,0.0,1.57185984,0.0,0.0,0.0,0.0,0.0,0.0,0.0,0.0,0.0,0.0,0.0,0.0,0.0
35,9,0.0,1.91751168,0.0,0.0,0.0,0.0,0.0,0.0,0.0,0.0,0.0,0.0,0.0,0.0,0.0
35,10,0.0,1.85284656,0.0,0.0,0.0,0.0,0.0,0.0,0.0,0.0,0.0,0.0,0.0,0.0,0.0
35,11,0.0,1.76562384,0.0,0.0,0.0,0.0,0.0,0.0,0.0,0.0,0.0,0.0,0.0,0.0,0.0
35,12,0.0,1.6804833600000002,0.0,0.0,0.0,0.0,0.0,0.0,0.0,0.0,0.0,0.0,0.0,0.0,0.0
35,13,0.0,1.49261904,0.0,0.0,0.0,0.0,0.0,0.0,0.0,0.0,0.0,0.0,0.0,0.0,0.0
35,14,0.0,1.48567824,0.0,0.0,0.0,0.0,0.0,0.0,0.0,0.0,0.0,0.0,0.0,0.0,0.0
35,15,0.0,1.56098592,0.0,0.0,0.0,0.0,0.0,0.0,0.0,0.0,0.0,0.0,0.0,0.0,0.0
35,16,0.0,1.79720448,0.0,0.0,0.0,0.0,0.0,0.0,0.0,0.0,0.0,0.0,0.0,0.0,0.0
35,17,0.0,1.96991472,0.0,0.0,0.0,0.0,0.0,0.0,0.0,0.0,0.0,0.0,0.0,0.0,0.0
35,18,0.0,1.73473728,0.0,0.0,0.0,0.0,0.0,0.0,0.0,0.0,0.0,0.0,0.0,0.0,0.0
35,19,63.03937793878253,1.4336222399999998,65.39354557964994,95.91416765412623,0.0,4.0,0.0,0.0,0.0,0.0,63.039377938782515,0.0,0.0,0.0,0.0
35,20,128.1265934640603,1.36537104,132.91140400836133,185.87274939143322,0.0,5.0,0.0,0.0,0.0,0.0,128.1265934640603,0.0,0.0,0.0,0.0
35,21,144.95679269618665,1.3233792,150.37011690475794,203.97393588287252,0.0,6.0,0.0,0.0,0.0,0.0,144.9567926961861,0.0,0.0,0.0,0.0
35,22,192.3151898862859,0.77667552,199.49708494427998,161.54785569923848,0.0,10.0,0.0,0.0,0.0,0.0,192.3151898862858,0.0,0.0,0.0,0.0
35,23,238.72666438892514,0.5270380800000001,247.64176803830418,138.71358447678105,0.0,8.0,0.0,0.0,0.0,0.0,238.72666438892517,0.0,0.0,0.0,0.0
36,0,196.4510030167916,0.5784,203.78734752779212,124.6159630132449,0.0,8.0,0.0,0.0,0.0,0.0,196.45100301679147,0.0,0.0,0.0,0.0
36,1,83.3877516619657,0.42200064,86.5018170767279,39.3670323127818,0.0,5.0,0.0,0.0,0.0,0.0,83.3877516619657,0.0,0.0,0.0,0.0
36,2,150.47530407809495,0.401988,156.09471377395744,67.9149368264836,0.0,7.0,0.0,0.0,0.0,0.0,150.475304078095,0.0,0.0,0.0,0.0
36,3,198.54908908746614,0.38509872,205.96378536044207,86.13379140409161,0.0,9.0,0.0,0.0,0.0,0.0,198.54908908746563,0.0,0.0,0.0,0.0
36,4,194.81662553097073,0.37225824,202.09193519810242,81.91963117009685,0.0,9.0,0.0,0.0,0.0,0.0,194.81662553097073,0.0,0.0,0.0,0.0
36,5,273.6575450034406,0.36832512,283.8771213728637,113.9554075123564,0.0,8.0,0.0,0.0,0.0,0.0,273.65754500344013,0.0,0.0,0.0,0.0
36,6,180.55188485406683,0.37202688,187.29448636313987,75.8780309015014,0.0,8.0,0.0,0.0,0.0,0.0,180.55188485406683,0.0,0.0,0.0,0.0
36,7,192.51309140949957,0.39365904,199.7023769808087,85.22479468604803,0.0,8.0,0.0,0.0,0.0,0.0,192.51309140949957,0.0,0.0,0.0,0.0
36,8,192.4498804883601,0.8096443199999999,199.63680548585072,168.24278388614553,0.0,9.0,0.0,0.0,0.0,0.0,192.4498804883601,0.0,0.0,0.0,0.0
36,9,100.58796309621503,1.25246736,104.34436005831436,134.14170349105663,0.0,8.0,0.0,0.0,0.0,0.0,100.58796309621503,0.0,0.0,0.0,0.0
36,10,0.0,1.2555907199999998,0.0,0.0,0.0,1.0,0.0,0.0,0.0,0.0,0.0,0.0,0.0,0.0,0.0
36,11,0.0,1.23858576,0.0,0.0,0.0,0.0,0.0,0.0,0.0,0.0,0.0,0.0,0.0,0.0,0.0
36,12,0.0,1.21440864,0.0,0.0,0.0,0.0,0.0,0.0,0.0,0.0,0.0,0.0,0.0,0.0,0.0
36,13,0.0,1.1996016,0.0,0.0,0.0,0.0,0.0,0.0,0.0,0.0,0.0,0.0,0.0,0.0,0.0
36,14,0.0,1.2302568,0.0,0.0,0.0,0.0,0.0,0.0,0.0,0.0,0.0,0.0,0.0,0.0,0.0
36,15,0.0,1.30382928,0.0,0.0,0.0,0.0,0.0,0.0,0.0,0.0,0.0,0.0,0.0,0.0,0.0
36,16,0.0,1.38781296,0.0,0.0,0.0,0.0,0.0,0.0,0.0,0.0,0.0,0.0,0.0,0.0,0.0
36,17,0.0,1.5853944,0.0,0.0,0.0,0.0,0.0,0.0,0.0,0.0,0.0,0.0,0.0,0.0,0.0
36,18,0.0,1.5009480000000002,0.0,0.0,0.0,0.0,0.0,0.0,0.0,0.0,0.0,0.0,0.0,0.0,0.0
36,19,0.0,1.4731848,0.0,0.0,0.0,1.0,0.0,0.0,0.0,0.0,0.0,0.0,0.0,0.0,0.0
36,20,175.66417115840989,1.39405968,182.22424394025924,260.06309367002234,0.0,6.0,0.0,0.0,0.0,0.0,175.66417115840989,0.0,0.0,0.0,0.0
36,21,127.12713261225059,1.38723456,131.87461889237613,187.30607879967073,0.0,5.0,0.0,0.0,0.0,0.0,127.12713261225056,0.0,0.0,0.0,0.0
36,22,184.5929065825279,1.38769728,191.4864176167302,272.0633813067943,0.0,10.0,0.0,0.0,0.0,0.0,184.5929065825279,0.0,0.0,0.0,0.0
36,23,442.81995413498106,0.8577672,459.3567988952086,409.2259052327376,0.0,19.0,0.0,0.0,0.0,0.0,442.819954134981,0.0,0.0,0.0,0.0
37,0,196.6919972260087,1.2175319999999998,204.03734152075594,255.175628500786,0.0,11.0,0.0,0.0,0.0,0.0,196.69199722600874,0.0,0.0,0.0,0.0
37,1,195.57890327208085,0.98247024,202.8826797428225,206.04161175826135,0.0,11.0,0.0,0.0,0.0,0.0,195.57890327208085,0.0,0.0,0.0,0.0
37,2,403.75011683204235,0.91479744,418.8279220249402,397.0059150879605,0.0,16.0,0.0,0.0,0.0,0.0,403.75011683204235,0.0,0.0,0.0,0.0
37,3,193.99165795531985,1.04100432,201.23615970468867,216.14862847901603,0.0,13.0,0.0,0.0,0.0,0.0,193.99165795531985,0.0,0.0,0.0,0.0
37,4,167.71180517206471,1.38827568,173.97490163077254,247.2836941083724,0.0,12.0,0.0,0.0,0.0,0.0,167.71180517206471,0.0,0.0,0.0,0.0
37,5,0.0,1.4605756799999998,0.0,0.0,0.0,0.0,0.0,0.0,0.0,0.0,0.0,0.0,0.0,0.0,0.0
37,6,24.693818688390806,2.03215056,25.61599449003196,52.90344696549542,0.0,1.0,0.0,0.0,0.0,0.0,24.693818688390806,0.0,0.0,0.0,0.0
37,7,0.0,2.3211192,0.0,0.0,0.0,0.0,0.0,0.0,0.0,0.0,0.0,0.0,0.0,0.0,0.0
37,8,0.0,2.46849552,0.0,0.0,0.0,0.0,0.0,0.0,0.0,0.0,0.0,0.0,0.0,0.0,0.0
37,9,0.0,2.3211192,0.0,0.0,0.0,0.0,0.0,0.0,0.0,0.0,0.0,0.0,0.0,0.0,0.0
37,10,0.0,2.14100544,0.0,0.0,0.0,0.0,0.0,0.0,0.0,0.0,0.0,0.0,0.0,0.0,0.0
37,11,0.26659972145667155,2.08038912,0.2765557276521489,0.0,2.4613459761041256,0.0,0.0,0.0,0.0,1.0,0.0,0.0,0.0,0.0,0.26659972145667155
37,12,0.0,1.95175296,0.0,0.0,0.0,0.0,0.0,0.0,0.0,0.0,0.0,0.0,0.0,0.0,0.0
37,13,0.0,1.84255104,0.0,0.0,0.0,0.0,0.0,0.0,0.0,0.0,0.0,0.0,0.0,0.0,0.0
37,14,1.7350766770523514,1.4870664000000002,1.79987207163107,0.0,16.018861437516524,0.0,0.0,0.0,0.0,1.0,0.0,0.0,0.0,0.0,1.7350766770523514
37,15,0.0,1.67516208,0.0,0.0,0.0,0.0,0.0,0.0,0.0,0.0,0.0,0.0,0.0,0.0,0.0
37,16,0.0,2.03573664,0.0,0.0,0.0,0.0,0.0,0.0,0.0,0.0,0.0,0.0,0.0,0.0,0.0
37,17,0.0,2.22764976,0.0,0.0,0.0,0.0,0.0,0.0,0.0,0.0,0.0,0.0,0.0,0.0,0.0
37,18,0.0,1.83109872,0.0,0.0,0.0,0.0,0.0,0.0,0.0,0.0,0.0,0.0,0.0,0.0,0.0
37,19,0.0,1.45028016,0.0,0.0,0.0,0.0,0.0,0.0,0.0,0.0,0.0,0.0,0.0,0.0,0.0
37,20,207.86579793346178,1.3927872,215.6284210928027,307.4618055924374,0.0,5.0,0.0,0.0,0.0,0.0,207.86579793346166,0.0,0.0,0.0,0.0
37,21,229.15017651710224,0.98050368,237.70765198869526,240.94135081990083,0.0,6.0,0.0,0.0,0.0,0.0,229.15017651710212,0.0,0.0,0.0,0.0
37,22,279.61745300367176,0.65266656,290.05959855152673,198.9131730936615,0.0,7.0,0.0,0.0,0.0,0.0,279.61745300367113,0.0,0.0,0.0,0.0
37,23,446.94620812556,0.47694864,463.63714535846486,236.47749544356725,0.0,10.0,0.0,0.0,0.0,0.0,446.94620812555996,0.0,0.0,0.0,0.0
38,0,376.89533280928964,0.46202592,390.9702622503005,193.57951078932126,0.0,10.0,0.0,0.0,0.0,0.0,376.89533280928964,0.0,0.0,0.0,0.0
38,1,428.02068955470094,0.40094688,444.00486468329984,192.71892622060847,0.0,12.0,0.0,0.0,0.0,0.0,428.02068955470065,0.0,0.0,0.0,0.0
38,2,350.1352854936212,0.38567712,363.21087706807174,152.10440505124114,0.0,9.0,0.0,0.0,0.0,0.0,350.1352854936212,0.0,0.0,0.0,0.0
38,3,335.4916463001022,0.37561296,348.0203799793592,142.24043964168862,0.0,8.0,0.0,0.0,0.0,0.0,335.4916463001021,0.0,0.0,0.0,0.0
38,4,553.5764578053553,0.38371056,574.2494375574227,239.3532296479943,0.0,14.0,0.0,0.0,0.0,0.0,553.5764578053553,0.0,0.0,0.0,0.0
38,5,439.5528161215302,0.4233888,455.9676515783509,208.14412610781952,0.0,15.0,0.0,0.0,0.0,0.0,439.55281612153004,0.0,0.0,0.0,0.0
38,6,239.13681515994276,0.6906096,248.06723564309416,179.52863988036944,0.0,12.0,0.0,0.0,0.0,0.0,239.13681515994276,0.0,0.0,0.0,0.0
38,7,143.37608559054155,0.7944902400000001,148.73037924330038,123.08781025325399,0.0,9.0,0.0,0.0,0.0,0.0,143.37608559054155,0.0,0.0,0.0,0.0
38,8,207.8675405399547,0.7354934399999999,215.63022877588665,165.7319793028457,0.0,8.0,0.0,0.0,0.0,0.0,207.86754053995472,0.0,0.0,0.0,0.0
38,9,84.26239762857739,0.8205182400000001,87.40912617072345,74.61402444179089,0.0,6.0,0.0,0.0,0.0,0.0,84.26239762857739,0.0,0.0,0.0,0.0
38,10,42.740466592833556,0.87754848,44.33658360252444,40.37504246603181,0.0,1.0,0.0,0.0,0.0,0.0,42.740466592833556,0.0,0.0,0.0,0.0
38,11,0.0,0.79923312,0.0,0.0,0.0,0.0,0.0,0.0,0.0,0.0,0.0,0.0,0.0,0.0,0.0
38,12,8.251943310208652,0.6938486399999999,8.560107168266237,0.0,76.1849537975695,0.0,0.0,0.0,0.0,1.0,0.0,0.0,0.0,0.0,8.251943310208652
38,13,0.0,0.6930388799999999,0.0,0.0,0.0,0.0,0.0,0.0,0.0,0.0,0.0,0.0,0.0,0.0,0.0
38,14,0.0,0.65845056,0.0,0.0,0.0,0.0,0.0,0.0,0.0,0.0,0.0,0.0,0.0,0.0,0.0
38,15,0.0,0.6929232,0.0,0.0,0.0,0.0,0.0,0.0,0.0,0.0,0.0,0.0,0.0,0.0,0.0
38,16,0.0,0.68528832,0.0,0.0,0.0,0.0,0.0,0.0,0.0,0.0,0.0,0.0,0.0,0.0,0.0
38,17,0.0,0.9821232,0.0,0.0,0.0,0.0,0.0,0.0,0.0,0.0,0.0,0.0,0.0,0.0,0.0
38,18,273.2377902176946,1.0139352,283.4416910971936,296.7734277262883,0.0,6.0,0.0,0.0,0.0,0.0,273.23779021769445,0.0,0.0,0.0,0.0
38,19,280.2725538390648,1.26692736,290.73916373346975,377.96886747703036,0.0,7.0,0.0,0.0,0.0,0.0,280.2725538390648,0.0,0.0,0.0,0.0
38,20,317.72565862874325,1.30857216,329.5909321874931,442.2029779044073,0.0,9.0,0.0,0.0,0.0,0.0,317.72565862874325,0.0,0.0,0.0,0.0
38,21,61.88263738609845,1.3945223999999998,64.1936072469901,91.64423164260538,0.0,3.0,0.0,0.0,0.0,0.0,61.8826373860979,0.0,0.0,0.0,0.0
38,22,0.0,1.39463808,0.0,0.0,0.0,1.0,0.0,0.0,0.0,0.0,0.0,0.0,0.0,0.0,0.0
38,23,303.54226973050896,1.35380304,314.87787316442837,436.70507952048007,0.0,10.0,0.0,0.0,0.0,0.0,303.5422697305088,0.0,0.0,0.0,0.0
39,0,254.5323102696432,0.92463024,264.03766625481666,252.87685747126545,0.0,10.0,0.0,0.0,0.0,0.0,254.53231026964315,0.0,0.0,0.0,0.0
39,1,380.1038651883463,0.90380784,394.29861534060814,369.4214640137601,0.0,11.0,0.0,0.0,0.0,0.0,380.1038651883461,0.0,0.0,0.0,0.0
39,2,362.09501878293804,0.82838448,375.6172394013881,323.5884221647403,0.0,10.0,0.0,0.0,0.0,0.0,362.0950187829371,0.0,0.0,0.0,0.0
39,3,547.8271218364886,0.75180432,568.2853960959426,446.0496623886165,0.0,14.0,0.0,0.0,0.0,0.0,547.8271218364887,0.0,0.0,0.0,0.0
39,4,319.87022538948156,0.7519199999999999,331.81558650361166,260.48187171706513,0.0,8.0,0.0,0.0,0.0,0.0,319.8702253894815,0.0,0.0,0.0,0.0
39,5,305.84623261904915,0.76163712,317.2678761608394,252.14455816858214,0.0,8.0,0.0,0.0,0.0,0.0,305.84623261904915,0.0,0.0,0.0,0.0
39,6,98.11795362163369,1.2183417599999995,101.78210956601006,127.3743823318004,0.0,4.0,0.0,0.0,0.0,0.0,98.1179536216336,0.0,0.0,0.0,0.0
39,7,73.70059922854006,1.38133488,76.45290376404571,108.13765376114955,0.0,5.0,0.0,0.0,0.0,0.0,73.70059922854006,0.0,0.0,0.0,0.0
39,8,0.0,1.3879286400000002,0.0,0.0,0.0,8.0,0.0,0.0,0.0,0.0,0.0,0.0,0.0,0.0,0.0
39,9,135.24030763033284,1.3632888,140.29077555013782,195.90046772152624,0.0,5.0,0.0,0.0,0.0,0.0,135.24030763033267,0.0,0.0,0.0,0.0
39,10,30.487640932952537,1.0885488,31.626183540407197,35.473470816677484,0.0,1.0,0.0,0.0,0.0,0.0,30.487640932952537,0.0,0.0,0.0,0.0
39,11,0.0,0.7516886400000001,0.0,0.0,0.0,0.0,0.0,0.0,0.0,0.0,0.0,0.0,0.0,0.0,0.0
39,12,0.0,0.48226992,0.0,0.0,0.0,0.0,0.0,0.0,0.0,0.0,0.0,0.0,0.0,0.0,0.0
39,13,0.0,0.3944688,0.0,0.0,0.0,0.0,0.0,0.0,0.0,0.0,0.0,0.0,0.0,0.0,0.0
39,14,0.0,0.338364,0.0,0.0,0.0,0.0,0.0,0.0,0.0,0.0,0.0,0.0,0.0,0.0,0.0
39,15,0.0,0.33477792,0.0,0.0,0.0,0.0,0.0,0.0,0.0,0.0,0.0,0.0,0.0,0.0,0.0
39,16,0.0,0.33443088,0.0,0.0,0.0,0.0,0.0,0.0,0.0,0.0,0.0,0.0,0.0,0.0,0.0
39,17,0.0,0.3331583999999999,0.0,0.0,0.0,0.0,0.0,0.0,0.0,0.0,0.0,0.0,0.0,0.0,0.0
39,18,88.1213162794069,0.32818416,91.41215381681215,33.025763205497775,0.0,2.0,0.0,0.0,0.0,0.0,88.1213162794069,0.0,0.0,0.0,0.0
39,19,143.63243639403555,0.33246432,148.9963033133149,54.46773230324571,0.0,4.0,0.0,0.0,0.0,0.0,143.6324363940355,0.0,0.0,0.0,0.0
39,20,196.10252930282255,0.29417424,203.42586027263752,66.57604381707364,0.0,6.0,0.0,0.0,0.0,0.0,196.1025293028223,0.0,0.0,0.0,0.0
39,21,186.35460914655147,0.24894336,193.3139099030617,54.5229046837968,0.0,5.0,0.0,0.0,0.0,0.0,186.35460914655138,0.0,0.0,0.0,0.0
39,22,125.49490393053745,0.22916208,130.18143561259075,34.14165408114412,0.0,3.0,0.0,0.0,0.0,0.0,125.49490393053745,0.0,0.0,0.0,0.0
39,23,232.41211082917494,0.16114224,241.09140127507777,46.830133828409956,0.0,7.0,0.0,0.0,0.0,0.0,232.412110829175,0.0,0.0,0.0,0.0
40,0,444.3971768110434,0.13916304,460.992922003157,79.41204216274672,0.0,13.0,0.0,0.0,0.0,0.0,444.3971768110432,0.0,0.0,0.0,0.0
40,1,295.7342316820077,0.11579568,306.77824863278806,45.67795593938805,0.0,8.0,0.0,0.0,0.0,0.0,295.7342316820077,0.0,0.0,0.0,0.0
40,2,234.8692991684786,0.0886108799999999,243.64035183452143,29.65368162528919,0.0,10.0,0.0,0.0,0.0,0.0,234.86929916847848,0.0,0.0,0.0,0.0
40,3,484.30887556871545,0.08479344,502.3950991376717,59.22908647648115,0.0,14.0,0.0,0.0,0.0,0.0,484.30887556871545,0.0,0.0,0.0,0.0
40,4,464.04019711102745,0.1370807999999999,481.36949907782935,81.9198464486642,0.0,14.0,0.0,0.0,0.0,0.0,464.04019711102734,0.0,0.0,0.0,0.0
40,5,129.95771537649068,0.190872,134.81090806689906,30.193868701559516,0.0,9.0,0.0,0.0,0.0,0.0,129.95771537649068,0.0,0.0,0.0,0.0
40,6,98.06863387150932,0.23725968,101.73094799949101,27.503946547239025,0.0,8.0,0.0,0.0,0.0,0.0,98.06863387150926,0.0,0.0,0.0,0.0
40,7,118.39601291593635,0.29024112,122.81744078416637,39.711928858686036,0.0,4.0,0.0,0.0,0.0,0.0,118.39601291593635,0.0,0.0,0.0,0.0
40,8,137.51416682633993,0.32876256,142.64955064973023,51.619531580961045,0.0,6.0,0.0,0.0,0.0,0.0,137.51416682633993,0.0,0.0,0.0,0.0
40,9,123.75605391449258,0.33674448,128.3776492888927,47.47976494487291,0.0,5.0,0.0,0.0,0.0,0.0,123.75605391449258,0.0,0.0,0.0,0.0
40,10,98.14707455424252,0.3406775999999999,101.8123180023263,38.0551638733463,0.0,3.0,0.0,0.0,0.0,0.0,98.14707455424204,0.0,0.0,0.0,0.0
40,11,0.0,0.3329270399999999,0.0,0.0,0.0,0.0,0.0,0.0,0.0,0.0,0.0,0.0,0.0,0.0,0.0
40,12,0.0,0.3227472,0.0,0.0,0.0,0.0,0.0,0.0,0.0,0.0,0.0,0.0,0.0,0.0,0.0
40,13,0.0,0.2990328,0.0,0.0,0.0,0.0,0.0,0.0,0.0,0.0,0.0,0.0,0.0,0.0,0.0
40,14,0.0,0.29197632,0.0,0.0,0.0,0.0,0.0,0.0,0.0,0.0,0.0,0.0,0.0,0.0,0.0
40,15,0.0,0.29602512,0.0,0.0,0.0,0.0,0.0,0.0,0.0,0.0,0.0,0.0,0.0,0.0,0.0
40,16,0.0,0.29509968,0.0,0.0,0.0,0.0,0.0,0.0,0.0,0.0,0.0,0.0,0.0,0.0,0.0
40,17,0.0,0.312336,0.0,0.0,0.0,0.0,0.0,0.0,0.0,0.0,0.0,0.0,0.0,0.0,0.0
40,18,30.596409606352914,0.30273456,31.73901411447398,10.65905783996816,0.0,1.0,0.0,0.0,0.0,0.0,30.596409606352907,0.0,0.0,0.0,0.0
40,19,212.8809831934787,0.27959856,220.8308954289199,69.05350300413383,0.0,8.0,0.0,0.0,0.0,0.0,212.8809831934787,0.0,0.0,0.0,0.0
40,20,220.38907681421733,0.27103824,228.61937428860722,69.53189412603827,0.0,6.0,0.0,0.0,0.0,0.0,220.38907681421722,0.0,0.0,0.0,0.0
40,21,249.95243794658487,0.25889184,259.2867613553786,75.70961853579787,0.0,7.0,0.0,0.0,0.0,0.0,249.9524379465848,0.0,0.0,0.0,0.0
40,22,35.4407490442584,0.24767088,36.76426249404399,10.322334333003726,0.0,1.0,0.0,0.0,0.0,0.0,35.4407490442584,0.0,0.0,0.0,0.0
40,23,305.4830889323895,0.23216976,316.89117109169035,84.06164490161164,0.0,11.0,0.0,0.0,0.0,0.0,305.48308893238936,0.0,0.0,0.0,0.0
41,0,278.6573003083023,0.21192576,289.06358953143393,70.82802571326764,0.0,8.0,0.0,0.0,0.0,0.0,278.6573003083017,0.0,0.0,0.0,0.0
41,1,359.4033854127168,0.20672016,372.8250886024033,89.41097240064255,0.0,12.0,0.0,0.0,0.0,0.0,359.40338541271683,0.0,0.0,0.0,0.0
41,2,451.6506107798214,0.20637312,468.5172310993998,112.19728310513429,0.0,12.0,0.0,0.0,0.0,0.0,451.6506107798215,0.0,0.0,0.0,0.0
41,3,439.25929942551073,0.21840384,455.66317367791584,114.6010379265827,0.0,13.0,0.0,0.0,0.0,0.0,439.25929942551005,0.0,0.0,0.0,0.0
41,4,364.05238940536333,0.22349376,377.6477068520366,96.90204505654185,0.0,14.0,0.0,0.0,0.0,0.0,364.0523894053632,0.0,0.0,0.0,0.0
41,5,343.100458634147,0.22742688,355.91333883210274,92.72499171631057,0.0,12.0,0.0,0.0,0.0,0.0,343.1004586341463,0.0,0.0,0.0,0.0
41,6,202.59218635859594,0.29509968,210.1578696665933,68.97374557405763,0.0,9.0,0.0,0.0,0.0,0.0,202.59218635859594,0.0,0.0,0.0,0.0
41,7,58.2052823714816,1.05986016,60.378923621868886,65.99175802238558,0.0,6.0,0.0,0.0,0.0,0.0,58.2052823714816,0.0,0.0,0.0,0.0
41,8,0.0,1.34674656,0.0,0.0,0.0,0.0,0.0,0.0,0.0,0.0,0.0,0.0,0.0,0.0,0.0
41,9,0.0,1.26912528,0.0,0.0,0.0,0.0,0.0,0.0,0.0,0.0,0.0,0.0,0.0,0.0,0.0
41,10,0.0,0.9936912,0.0,0.0,0.0,2.0,0.0,0.0,0.0,0.0,0.0,0.0,0.0,0.0,0.0
41,11,0.0,0.7742462400000001,0.0,0.0,0.0,0.0,0.0,0.0,0.0,0.0,0.0,0.0,0.0,0.0,0.0
41,12,0.0,0.69315456,0.0,0.0,0.0,0.0,0.0,0.0,0.0,0.0,0.0,0.0,0.0,0.0,0.0
41,13,0.0,0.63543024,0.0,0.0,0.0,0.0,0.0,0.0,0.0,0.0,0.0,0.0,0.0,0.0,0.0
41,14,0.0,0.57828432,0.0,0.0,0.0,0.0,0.0,0.0,0.0,0.0,0.0,0.0,0.0,0.0,0.0
41,15,0.0,0.4329902399999999,0.0,0.0,0.0,0.0,0.0,0.0,0.0,0.0,0.0,0.0,0.0,0.0,0.0
41,16,0.0,0.4447896,0.0,0.0,0.0,0.0,0.0,0.0,0.0,0.0,0.0,0.0,0.0,0.0,0.0
41,17,0.0,0.47729568,0.0,0.0,0.0,0.0,0.0,0.0,0.0,0.0,0.0,0.0,0.0,0.0,0.0
41,18,83.77372156595814,0.3620783999999999,86.90220079456239,34.34187266647388,0.0,4.0,0.0,0.0,0.0,0.0,83.77372156595813,0.0,0.0,0.0,0.0
41,19,309.66747647875235,0.34680864,321.2318220733946,122.03874464862534,0.0,9.0,0.0,0.0,0.0,0.0,309.6674764787515,0.0,0.0,0.0,0.0
41,20,270.190768142957,0.34495776,280.2808798163454,105.96236159419676,0.0,8.0,0.0,0.0,0.0,0.0,270.19076814295664,0.0,0.0,0.0,0.0
41,21,235.92424269724555,0.35675712,244.73469159465304,95.41156202917965,0.0,6.0,0.0,0.0,0.0,0.0,235.92424269724557,0.0,0.0,0.0,0.0
41,22,206.80784360492112,0.3477340799999999,214.53095809639123,81.70070005815768,0.0,8.0,0.0,0.0,0.0,0.0,206.807843604921,0.0,0.0,0.0,0.0
41,23,136.52689525549698,0.34715568,141.6254100160757,53.85386659094169,0.0,4.0,0.0,0.0,0.0,0.0,136.5268952554965,0.0,0.0,0.0,0.0
42,0,154.40513585240282,0.37549728,160.17130275145524,65.44555863830112,0.0,5.0,0.0,0.0,0.0,0.0,154.40513585240274,0.0,0.0,0.0,0.0
42,1,203.29622382478823,0.37665408,210.88819898836957,86.41229995933631,0.0,6.0,0.0,0.0,0.0,0.0,203.29622382478806,0.0,0.0,0.0,0.0
42,2,142.23703679376183,0.352824,147.54879335452475,56.94262052655161,0.0,4.0,0.0,0.0,0.0,0.0,142.23703679376177,0.0,0.0,0.0,0.0
42,3,381.0974145886638,0.3372072,395.329268245502,146.39327440204073,0.0,12.0,0.0,0.0,0.0,0.0,381.09741458866375,0.0,0.0,0.0,0.0
42,4,299.11858425089736,0.32320992,310.28898781213417,110.55904442422249,0.0,9.0,0.0,0.0,0.0,0.0,299.11858425089724,0.0,0.0,0.0,0.0
42,5,243.24567645051448,0.31684752,252.32953988642586,88.30209670599581,0.0,7.0,0.0,0.0,0.0,0.0,243.24567645051448,0.0,0.0,0.0,0.0
42,6,180.0480135497033,0.3262176,186.77179828807402,67.11039430855486,0.0,7.0,0.0,0.0,0.0,0.0,180.0480135497033,0.0,0.0,0.0,0.0
42,7,197.48418068344776,0.3453048,204.85910859278815,77.5196700152323,0.0,7.0,0.0,0.0,0.0,0.0,197.4841806834466,0.0,0.0,0.0,0.0
42,8,31.722955032068157,0.37781088,32.90762970131552,13.522103079281699,0.0,4.0,0.0,0.0,0.0,0.0,31.72295503206766,0.0,0.0,0.0,0.0
42,9,80.36857763989917,0.40985424,83.3698938173228,36.92904795473292,0.0,4.0,0.0,0.0,0.0,0.0,80.36857763989917,0.0,0.0,0.0,0.0
42,10,0.0,0.42813168,0.0,0.0,0.0,0.0,0.0,0.0,0.0,0.0,0.0,0.0,0.0,0.0,0.0
42,11,0.0,0.4436328,0.0,0.0,0.0,0.0,0.0,0.0,0.0,0.0,0.0,0.0,0.0,0.0,0.0
42,12,0.0,0.5220638400000001,0.0,0.0,0.0,0.0,0.0,0.0,0.0,0.0,0.0,0.0,0.0,0.0,0.0
42,13,0.0,0.6502372799999999,0.0,0.0,0.0,0.0,0.0,0.0,0.0,0.0,0.0,0.0,0.0,0.0,0.0
42,14,0.0,0.59390112,0.0,0.0,0.0,0.0,0.0,0.0,0.0,0.0,0.0,0.0,0.0,0.0,0.0
42,15,0.0,0.6935016,0.0,0.0,0.0,0.0,0.0,0.0,0.0,0.0,0.0,0.0,0.0,0.0,0.0
42,16,0.0,1.0259659200000002,0.0,0.0,0.0,0.0,0.0,0.0,0.0,0.0,0.0,0.0,0.0,0.0,0.0
42,17,0.0,1.1564529599999998,0.0,0.0,0.0,0.0,0.0,0.0,0.0,0.0,0.0,0.0,0.0,0.0,0.0
42,18,0.0,1.25651616,0.0,0.0,0.0,0.0,0.0,0.0,0.0,0.0,0.0,0.0,0.0,0.0,0.0
42,19,0.0,1.22146512,0.0,0.0,0.0,0.0,0.0,0.0,0.0,0.0,0.0,0.0,0.0,0.0,0.0
42,20,0.0,1.1215176,0.0,0.0,0.0,0.0,0.0,0.0,0.0,0.0,0.0,0.0,0.0,0.0,0.0
42,21,0.0,1.1030087999999998,0.0,0.0,0.0,0.0,0.0,0.0,0.0,0.0,0.0,0.0,0.0,0.0,0.0
42,22,0.0,0.8716487999999999,0.0,0.0,0.0,0.0,0.0,0.0,0.0,0.0,0.0,0.0,0.0,0.0,0.0
42,23,175.07388362023315,0.6929232,181.6119124691215,131.8544618489515,0.0,6.0,0.0,0.0,0.0,0.0,175.07388362023315,0.0,0.0,0.0,0.0
43,0,0.0,0.71675328,0.0,0.0,0.0,0.0,0.0,0.0,0.0,0.0,0.0,0.0,0.0,0.0,0.0
43,1,93.20435789237808,0.59366976,96.68501856055819,60.599245878796594,0.0,4.0,0.0,0.0,0.0,0.0,93.20435789237808,0.0,0.0,0.0,0.0
43,2,147.8255124287075,0.387528,153.34596724969657,64.50160751230537,0.0,6.0,0.0,0.0,0.0,0.0,147.8255124287075,0.0,0.0,0.0,0.0
43,3,94.60504777561177,0.28468848,98.1380163647425,31.187131050766652,0.0,5.0,0.0,0.0,0.0,0.0,94.60504777561177,0.0,0.0,0.0,0.0
43,4,240.760441670332,0.268956,249.75149550864316,75.43893772735872,0.0,9.0,0.0,0.0,0.0,0.0,240.760441670332,0.0,0.0,0.0,0.0
43,5,299.15859583928534,0.26617968,310.33049360921717,92.87561082160856,0.0,10.0,0.0,0.0,0.0,0.0,299.15859583928534,0.0,0.0,0.0,0.0
43,6,213.35873975149048,0.26860896,221.32649351814368,66.77618617980588,0.0,9.0,0.0,0.0,0.0,0.0,213.35873975149048,0.0,0.0,0.0,0.0
43,7,131.65029303308995,0.27323616,136.56669401772817,41.83531662928582,0.0,6.0,0.0,0.0,0.0,0.0,131.65029303308995,0.0,0.0,0.0,0.0
43,8,217.26136628936698,0.27740064,225.37486129602385,69.97903867232662,0.0,5.0,0.0,0.0,0.0,0.0,217.2613662893665,0.0,0.0,0.0,0.0
43,9,134.08465467466678,0.2857296,139.09196543015227,44.346635701309275,0.0,7.0,0.0,0.0,0.0,0.0,134.08465467466678,0.0,0.0,0.0,0.0
43,10,73.07935946675988,0.2886216,75.80846417713681,24.389220388611136,0.0,3.0,0.0,0.0,0.0,0.0,73.07935946675988,0.0,0.0,0.0,0.0
43,11,0.0,0.28087104,0.0,0.0,0.0,0.0,0.0,0.0,0.0,0.0,0.0,0.0,0.0,0.0,0.0
43,12,0.0,0.27369888,0.0,0.0,0.0,0.0,0.0,0.0,0.0,0.0,0.0,0.0,0.0,0.0,0.0
43,13,0.0,0.25611552,0.0,0.0,0.0,0.0,0.0,0.0,0.0,0.0,0.0,0.0,0.0,0.0,0.0
43,14,0.0,0.24848064,0.0,0.0,0.0,0.0,0.0,0.0,0.0,0.0,0.0,0.0,0.0,0.0,0.0
43,15,0.0,0.25114128,0.0,0.0,0.0,0.0,0.0,0.0,0.0,0.0,0.0,0.0,0.0,0.0,0.0
43,16,0.0,0.2753184,0.0,0.0,0.0,0.0,0.0,0.0,0.0,0.0,0.0,0.0,0.0,0.0,0.0
43,17,0.0,0.29417424,0.0,0.0,0.0,0.0,0.0,0.0,0.0,0.0,0.0,0.0,0.0,0.0,0.0
43,18,72.48764541847409,0.2892,75.19465292372831,24.235236637317637,0.0,2.0,0.0,0.0,0.0,0.0,72.48764541847409,0.0,0.0,0.0,0.0
43,19,86.63564028462284,0.27485568,89.87099614587433,27.67628373038011,0.0,4.0,0.0,0.0,0.0,0.0,86.63564028462275,0.0,0.0,0.0,0.0
43,20,145.803209631647,0.25310784,151.2481427714181,43.28840424661918,0.0,5.0,0.0,0.0,0.0,0.0,145.8032096316462,0.0,0.0,0.0,0.0
43,21,172.65194588142643,0.2447788799999999,179.09952892264153,49.76797650555122,0.0,7.0,0.0,0.0,0.0,0.0,172.65194588142643,0.0,0.0,0.0,0.0
43,22,122.23726545003746,0.23216976,126.80214258302642,33.636773930485205,0.0,10.0,0.0,0.0,0.0,0.0,122.23726545003747,0.0,0.0,0.0,0.0
43,23,404.79371531553045,0.18693888,419.9104930659029,92.39663459446905,0.0,12.0,0.0,0.0,0.0,0.0,404.79371531553045,0.0,0.0,0.0,0.0
44,0,225.04832003757082,0.19769712,233.45261414685774,53.88019100156602,0.0,10.0,0.0,0.0,0.0,0.0,225.04832003757082,0.0,0.0,0.0,0.0
44,1,232.2727477888388,0.1700496,240.94683380584945,48.94825290892478,0.0,11.0,0.0,0.0,0.0,0.0,232.2727477888388,0.0,0.0,0.0,0.0
44,2,322.4454824141516,0.1581345599999999,334.4870149524395,63.965477130143164,0.0,10.0,0.0,0.0,0.0,0.0,322.4454824141516,0.0,0.0,0.0,0.0
44,3,333.50297729101965,0.14668224,345.95744532263444,62.19700446478074,0.0,9.0,0.0,0.0,0.0,0.0,333.50297729101965,0.0,0.0,0.0,0.0
44,4,234.59709954527767,0.1868232,243.35798708016358,53.52006726422823,0.0,8.0,0.0,0.0,0.0,0.0,234.59709954527767,0.0,0.0,0.0,0.0
44,5,264.03595288036934,0.22696416,273.8962166808811,71.23058951829132,0.0,10.0,0.0,0.0,0.0,0.0,264.03595288036934,0.0,0.0,0.0,0.0
44,6,246.21462732167137,0.2556528,255.40936444156785,73.75016912872316,0.0,12.0,0.0,0.0,0.0,0.0,246.21462732167137,0.0,0.0,0.0,0.0
44,7,100.67605479025022,0.40488,104.43574148366207,45.74076605501431,0.0,7.0,0.0,0.0,0.0,0.0,100.67605479025022,0.0,0.0,0.0,0.0
44,8,90.16358220021269,0.6938486399999999,93.53068692968124,67.99200566179755,0.0,7.0,0.0,0.0,0.0,0.0,90.16358220021269,0.0,0.0,0.0,0.0
44,9,65.1570092970629,0.6938486399999999,67.59025860691173,49.134646571542774,0.0,4.0,0.0,0.0,0.0,0.0,65.1570092970629,0.0,0.0,0.0,0.0
44,10,20.613463997009774,0.6930388799999999,21.38326140768649,15.52721748932469,0.0,1.0,0.0,0.0,0.0,0.0,20.613463997009774,0.0,0.0,0.0,0.0
44,11,0.0,0.6722164799999999,0.0,0.0,0.0,0.0,0.0,0.0,0.0,0.0,0.0,0.0,0.0,0.0,0.0
44,12,0.0,0.6771907199999999,0.0,0.0,0.0,0.0,0.0,0.0,0.0,0.0,0.0,0.0,0.0,0.0,0.0
44,13,0.0,0.6935016,0.0,0.0,0.0,0.0,0.0,0.0,0.0,0.0,0.0,0.0,0.0,0.0,0.0
44,14,0.0,0.7165219199999999,0.0,0.0,0.0,0.0,0.0,0.0,0.0,0.0,0.0,0.0,0.0,0.0,0.0
44,15,0.0,0.7907884799999999,0.0,0.0,0.0,0.0,0.0,0.0,0.0,0.0,0.0,0.0,0.0,0.0,0.0
44,16,0.0,1.25096352,0.0,0.0,0.0,0.0,0.0,0.0,0.0,0.0,0.0,0.0,0.0,0.0,0.0
44,17,0.0,1.27849536,0.0,0.0,0.0,0.0,0.0,0.0,0.0,0.0,0.0,0.0,0.0,0.0,0.0
44,18,0.0,1.27676016,0.0,0.0,0.0,1.0,0.0,0.0,0.0,0.0,0.0,0.0,0.0,0.0,0.0
44,19,279.80809237302685,0.7537708799999999,290.2573572334304,228.39506211274374,0.0,8.0,0.0,0.0,0.0,0.0,279.80809237302685,0.0,0.0,0.0,0.0
44,20,174.50524459571733,0.676728,181.0220379623624,128.49451116274776,0.0,8.0,0.0,0.0,0.0,0.0,174.50524459571733,0.0,0.0,0.0,0.0
44,21,596.7313954019583,0.35490624,619.0159703339816,240.18205914923973,0.0,17.0,0.0,0.0,0.0,0.0,596.7313954019583,0.0,0.0,0.0,0.0
44,22,596.7313954019577,0.35259264,619.015970333981,238.74990380027486,0.0,19.0,0.0,0.0,0.0,0.0,596.7313954019578,0.0,0.0,0.0,0.0
44,23,414.4453366263586,0.38266944,429.92254836759184,178.7486571781666,0.0,20.0,0.0,0.0,0.0,0.0,414.4453366263586,0.0,0.0,0.0,0.0
45,0,274.41356948538476,0.44201328,284.6613791342166,135.24640152978122,0.0,12.0,0.0,0.0,0.0,0.0,274.4135694853847,0.0,0.0,0.0,0.0
45,1,370.63589975007466,0.64422192,384.47707442953794,260.41475024859756,0.0,12.0,0.0,0.0,0.0,0.0,370.63589975007466,0.0,0.0,0.0,0.0
45,2,280.464352556252,0.98397408,290.9381250583527,295.905625880649,0.0,12.0,0.0,0.0,0.0,0.0,280.464352556252,0.0,0.0,0.0,0.0
45,3,243.36079134545693,1.2139459199999998,252.4489536778599,314.81543769224413,0.0,9.0,0.0,0.0,0.0,0.0,243.36079134545696,0.0,0.0,0.0,0.0
45,4,179.36042155754433,1.23002544,186.05852858666424,235.0152607867828,0.0,9.0,0.0,0.0,0.0,0.0,179.36042155754433,0.0,0.0,0.0,0.0
45,5,231.88390867720594,1.25246736,240.5434737315415,309.23483849028713,0.0,8.0,0.0,0.0,0.0,0.0,231.88390867720594,0.0,0.0,0.0,0.0
45,6,0.0,1.3955635199999998,0.0,0.0,0.0,0.0,0.0,0.0,0.0,0.0,0.0,0.0,0.0,0.0,0.0
45,7,0.0,2.24176272,0.0,0.0,0.0,0.0,0.0,0.0,0.0,0.0,0.0,0.0,0.0,0.0,0.0
45,8,0.0,2.32019376,0.0,0.0,0.0,0.0,0.0,0.0,0.0,0.0,0.0,0.0,0.0,0.0,0.0
45,9,0.0,2.01988848,0.0,0.0,0.0,0.0,0.0,0.0,0.0,0.0,0.0,0.0,0.0,0.0,0.0
45,10,0.0,1.40747856,0.0,0.0,0.0,0.0,0.0,0.0,0.0,0.0,0.0,0.0,0.0,0.0,0.0
45,11,0.0,1.40181024,0.0,0.0,0.0,0.0,0.0,0.0,0.0,0.0,0.0,0.0,0.0,0.0,0.0
45,12,0.0,1.45571712,0.0,0.0,0.0,0.0,0.0,0.0,0.0,0.0,0.0,0.0,0.0,0.0,0.0
45,13,0.0,1.37705472,0.0,0.0,0.0,0.0,0.0,0.0,0.0,0.0,0.0,0.0,0.0,0.0,0.0
45,14,0.0,1.4114116799999998,0.0,0.0,0.0,0.0,0.0,0.0,0.0,0.0,0.0,0.0,0.0,0.0,0.0
45,15,0.0,1.3598184000000002,0.0,0.0,0.0,0.0,0.0,0.0,0.0,0.0,0.0,0.0,0.0,0.0,0.0
45,16,0.0,1.6435814400000002,0.0,0.0,0.0,0.0,0.0,0.0,0.0,0.0,0.0,0.0,0.0,0.0,0.0
45,17,0.0,2.04140496,0.0,0.0,0.0,0.0,0.0,0.0,0.0,0.0,0.0,0.0,0.0,0.0,0.0
45,18,0.0,2.23944912,0.0,0.0,0.0,0.0,0.0,0.0,0.0,0.0,0.0,0.0,0.0,0.0,0.0
45,19,0.0,1.50060096,0.0,0.0,0.0,0.0,0.0,0.0,0.0,0.0,0.0,0.0,0.0,0.0,0.0
45,20,84.81849857244796,1.2650764799999998,87.98599436975931,114.22134846023394,0.0,4.0,0.0,0.0,0.0,0.0,84.8184985724479,0.0,0.0,0.0,0.0
45,21,288.08727082691667,1.26125904,298.84571662543226,386.8136548794066,0.0,9.0,0.0,0.0,0.0,0.0,288.08727082691667,0.0,0.0,0.0,0.0
45,22,185.81688289660633,1.22690208,192.75610258984062,242.87309019589253,0.0,7.0,0.0,0.0,0.0,0.0,185.81688289660633,0.0,0.0,0.0,0.0
45,23,319.3597889274464,1.20434448,331.28608809901084,409.9481410189146,0.0,9.0,0.0,0.0,0.0,0.0,319.35978892744635,0.0,0.0,0.0,0.0
46,0,320.947903294736,0.83486256,332.93350964184236,288.97382133851823,0.0,12.0,0.0,0.0,0.0,0.0,320.947903294736,0.0,0.0,0.0,0.0
46,1,473.9249262454506,0.80154672,491.62336747453384,410.33183113797446,0.0,16.0,0.0,0.0,0.0,0.0,473.9249262454506,0.0,0.0,0.0,0.0
46,2,491.2656003189508,0.7743619199999999,509.6116185881234,411.4919759994737,0.0,14.0,0.0,0.0,0.0,0.0,491.2656003189508,0.0,0.0,0.0,0.0
46,3,367.7422756832871,0.78407904,381.47538971295353,311.7336927492572,0.0,11.0,0.0,0.0,0.0,0.0,367.74227568328655,0.0,0.0,0.0,0.0
46,4,511.7323647876417,0.83486256,530.8427020618691,460.75159063893716,0.0,15.0,0.0,0.0,0.0,0.0,511.7323647876418,0.0,0.0,0.0,0.0
46,5,241.67289871907448,0.80154672,250.69802771688225,209.24428654436488,0.0,9.0,0.0,0.0,0.0,0.0,241.67289871907423,0.0,0.0,0.0,0.0
46,6,130.01849496987512,1.2614904,134.8739574376298,174.6065305087641,0.0,6.0,0.0,0.0,0.0,0.0,130.01849496987504,0.0,0.0,0.0,0.0
46,7,0.0,1.30683696,0.0,0.0,0.0,1.0,0.0,0.0,0.0,0.0,0.0,0.0,0.0,0.0,0.0
46,8,0.0,2.11370496,0.0,0.0,0.0,1.0,0.0,0.0,0.0,0.0,0.0,0.0,0.0,0.0,0.0
46,9,0.0,1.7465366399999998,0.0,0.0,0.0,0.0,0.0,0.0,0.0,0.0,0.0,0.0,0.0,0.0,0.0
46,10,0.0,1.48845456,0.0,0.0,0.0,0.0,0.0,0.0,0.0,0.0,0.0,0.0,0.0,0.0,0.0
46,11,0.0,1.32731232,0.0,0.0,0.0,0.0,0.0,0.0,0.0,0.0,0.0,0.0,0.0,0.0,0.0
46,12,0.0,1.3131993599999998,0.0,0.0,0.0,0.0,0.0,0.0,0.0,0.0,0.0,0.0,0.0,0.0,0.0
46,13,0.0,1.30568016,0.0,0.0,0.0,0.0,0.0,0.0,0.0,0.0,0.0,0.0,0.0,0.0,0.0
46,14,0.0,1.3052174399999998,0.0,0.0,0.0,0.0,0.0,0.0,0.0,0.0,0.0,0.0,0.0,0.0,0.0
46,15,0.0,1.304292,0.0,0.0,0.0,0.0,0.0,0.0,0.0,0.0,0.0,0.0,0.0,0.0,0.0
46,16,0.0,1.30579584,0.0,0.0,0.0,0.0,0.0,0.0,0.0,0.0,0.0,0.0,0.0,0.0,0.0
46,17,0.0,1.29769824,0.0,0.0,0.0,0.0,0.0,0.0,0.0,0.0,0.0,0.0,0.0,0.0,0.0
46,18,0.0,1.25998656,0.0,0.0,0.0,0.0,0.0,0.0,0.0,0.0,0.0,0.0,0.0,0.0,0.0
46,19,183.61264567695193,1.21417728,190.469549457419,237.568341570075,0.0,7.0,0.0,0.0,0.0,0.0,183.6126456769518,0.0,0.0,0.0,0.0
46,20,221.1373780349228,0.8530243199999998,229.39562036817716,203.2730381097291,0.0,7.0,0.0,0.0,0.0,0.0,221.13737803492276,0.0,0.0,0.0,0.0
46,21,168.76604608983598,0.76545456,175.06851254132366,139.8017590022912,0.0,6.0,0.0,0.0,0.0,0.0,168.76604608983592,0.0,0.0,0.0,0.0
46,22,283.2606099394498,0.67487712,293.8388069911305,208.03115231781646,0.0,9.0,0.0,0.0,0.0,0.0,283.2606099394498,0.0,0.0,0.0,0.0
46,23,255.5969277031533,0.5736571200000001,265.1420411858437,160.87682130084394,0.0,7.0,0.0,0.0,0.0,0.0,255.59692770315314,0.0,0.0,0.0,0.0
47,0,251.74341384414294,0.50887632,261.1446201702728,141.53420022768222,0.0,9.0,0.0,0.0,0.0,0.0,251.743413844142,0.0,0.0,0.0,0.0
47,1,259.45852044306343,0.43079232,269.14784278326084,124.85561721172212,0.0,9.0,0.0,0.0,0.0,0.0,259.4585204430634,0.0,0.0,0.0,0.0
47,2,341.12400404121763,0.35328672,353.8630747315535,136.7279927746399,0.0,11.0,0.0,0.0,0.0,0.0,341.12400404121695,0.0,0.0,0.0,0.0
47,3,275.1127543379928,0.30782448,285.3866746244739,97.29530364527797,0.0,8.0,0.0,0.0,0.0,0.0,275.11275433799267,0.0,0.0,0.0,0.0
47,4,342.2128678131891,0.30296592,354.9926014659638,119.30091520485249,0.0,9.0,0.0,0.0,0.0,0.0,342.212867813189,0.0,0.0,0.0,0.0
47,5,353.6264018344562,0.36311952,366.8323670481911,145.3461443922981,0.0,11.0,0.0,0.0,0.0,0.0,353.6264018344562,0.0,0.0,0.0,0.0
47,6,192.25043850323175,0.43865856,199.429915459784,94.08276973822944,0.0,8.0,0.0,0.0,0.0,0.0,192.2504385032316,0.0,0.0,0.0,0.0
47,7,166.38031713214826,0.62397792,172.59368997110818,113.40750281134062,0.0,5.0,0.0,0.0,0.0,0.0,166.38031713214826,0.0,0.0,0.0,0.0
47,8,77.77837402487297,0.6087081599999999,80.68296060671472,51.78298249034805,0.0,2.0,0.0,0.0,0.0,0.0,77.77837402487297,0.0,0.0,0.0,0.0
47,9,242.35604630218393,0.52021296,251.40668703546052,139.10657816738427,0.0,8.0,0.0,0.0,0.0,0.0,242.3560463021838,0.0,0.0,0.0,0.0
47,10,80.76784902311155,0.53467296,83.78407575011573,47.17250683956225,6.2360315019440495,2.0,0.0,0.0,0.0,1.0,80.09239572335042,0.0,0.0,0.0,0.6754532997611307
47,11,0.0,0.5380276799999999,0.0,0.0,0.0,0.0,0.0,0.0,0.0,0.0,0.0,0.0,0.0,0.0,0.0
47,12,0.0,0.5487859199999999,0.0,0.0,0.0,0.0,0.0,0.0,0.0,0.0,0.0,0.0,0.0,0.0,0.0
47,13,0.0,0.57816864,0.0,0.0,0.0,0.0,0.0,0.0,0.0,0.0,0.0,0.0,0.0,0.0,0.0
47,14,0.0,0.5681044799999999,0.0,0.0,0.0,0.0,0.0,0.0,0.0,0.0,0.0,0.0,0.0,0.0,0.0
47,15,0.0,0.5316652799999999,0.0,0.0,0.0,0.0,0.0,0.0,0.0,0.0,0.0,0.0,0.0,0.0,0.0
47,16,0.0,0.6355459199999999,0.0,0.0,0.0,0.0,0.0,0.0,0.0,0.0,0.0,0.0,0.0,0.0,0.0
47,17,0.0,0.6939643200000001,0.0,0.0,0.0,0.0,0.0,0.0,0.0,0.0,0.0,0.0,0.0,0.0,0.0
47,18,80.34453894061983,0.69685632,83.34495740728198,60.8381783995763,0.0,3.0,0.0,0.0,0.0,0.0,80.34453894061976,0.0,0.0,0.0,0.0
47,19,249.13548732594973,0.653592,258.4393022053421,177.46820130999075,0.0,8.0,0.0,0.0,0.0,0.0,249.13548732594964,0.0,0.0,0.0,0.0
47,20,175.56347408476753,0.5633616,182.11978639498707,108.62745918481224,0.0,8.0,0.0,0.0,0.0,0.0,175.56347408476742,0.0,0.0,0.0,0.0
47,21,222.12937254823393,0.46272,230.42466031974476,114.24915507973586,0.0,6.0,0.0,0.0,0.0,0.0,222.12937254823385,0.0,0.0,0.0,0.0
47,22,340.79851392981624,0.42038112,353.5254293877761,160.3171076672497,0.0,11.0,0.0,0.0,0.0,0.0,340.7985139298161,0.0,0.0,0.0,0.0
47,23,596.7313954019565,0.3918081599999999,619.0159703339798,263.02493696522583,0.0,17.0,0.0,0.0,0.0,0.0,596.7313954019563,0.0,0.0,0.0,0.0
48,0,251.36974135827703,0.40476432,260.7569931102459,114.17618347346252,0.0,7.0,0.0,0.0,0.0,0.0,251.36974135827683,0.0,0.0,0.0,0.0
48,1,387.3763537705842,0.36508608,401.8426906333861,160.00816575996075,0.0,11.0,0.0,0.0,0.0,0.0,387.3763537705842,0.0,0.0,0.0,0.0
48,2,216.6707290211091,0.37202688,224.76216703434557,91.0571954726633,0.0,10.0,0.0,0.0,0.0,0.0,216.6707290211091,0.0,0.0,0.0,0.0
48,3,315.75696028611475,0.37110144,327.5487139897456,132.39566186480334,0.0,9.0,0.0,0.0,0.0,0.0,315.75696028611475,0.0,0.0,0.0,0.0
48,4,355.14306984259184,0.40106256,368.4056741105725,159.94795059037193,0.0,10.0,0.0,0.0,0.0,0.0,355.14306984259173,0.0,0.0,0.0,0.0
48,5,145.1552217319462,0.43449408,150.57595615347117,70.4084256877027,0.0,7.0,0.0,0.0,0.0,0.0,145.15522173194614,0.0,0.0,0.0,0.0
48,6,69.20260147392067,0.7814184,71.78693098954426,58.47177617051401,0.0,3.0,0.0,0.0,0.0,0.0,69.20260147392065,0.0,0.0,0.0,0.0
48,7,35.39841906479897,1.08750768,36.72035172696989,41.14910815754372,0.0,7.0,0.0,0.0,0.0,0.0,35.39841906479897,0.0,0.0,0.0,0.0
48,8,0.0,1.08750768,0.0,0.0,0.0,7.0,0.0,0.0,0.0,0.0,0.0,0.0,0.0,0.0,0.0
48,9,121.38402348678954,1.0294363199999998,125.91703681202236,133.79142491955076,0.0,8.0,0.0,0.0,0.0,0.0,121.38402348678954,0.0,0.0,0.0,0.0
48,10,42.549572657540736,1.01173728,44.13856084807131,46.117613859613314,0.0,1.0,0.0,0.0,0.0,0.0,42.549572657540736,0.0,0.0,0.0,0.0
48,11,0.0,0.6634248,0.0,0.0,0.0,0.0,0.0,0.0,0.0,0.0,0.0,0.0,0.0,0.0,0.0
48,12,0.0,0.5320123200000001,0.0,0.0,0.0,0.0,0.0,0.0,0.0,0.0,0.0,0.0,0.0,0.0,0.0
48,13,0.0,0.48724416,0.0,0.0,0.0,0.0,0.0,0.0,0.0,0.0,0.0,0.0,0.0,0.0,0.0
48,14,0.0,0.4141344,0.0,0.0,0.0,0.0,0.0,0.0,0.0,0.0,0.0,0.0,0.0,0.0,0.0
48,15,0.0,0.3805872,0.0,0.0,0.0,0.0,0.0,0.0,0.0,0.0,0.0,0.0,0.0,0.0,0.0
48,16,0.0,0.38949456,0.0,0.0,0.0,0.0,0.0,0.0,0.0,0.0,0.0,0.0,0.0,0.0,0.0
48,17,0.0,0.43218048,0.0,0.0,0.0,0.0,0.0,0.0,0.0,0.0,0.0,0.0,0.0,0.0,0.0
48,18,109.97035319907899,0.4407408,114.07712987456327,54.05439848146696,0.0,3.0,0.0,0.0,0.0,0.0,109.97035319907809,0.0,0.0,0.0,0.0
48,19,109.94251463778599,0.42593376,114.04825169894815,49.03989561027439,64.21686604887066,3.0,0.0,0.0,0.0,1.0,102.9868900455263,0.0,0.0,0.0,6.9556245922596975
48,20,124.84551254081265,0.4003684799999999,129.50779309212933,56.137546219799795,0.0,4.0,0.0,0.0,0.0,0.0,124.8455125408119,0.0,0.0,0.0,0.0
48,21,163.00188796230066,0.38035584,169.08909539657748,69.91087397203206,0.0,6.0,0.0,0.0,0.0,0.0,163.00188796230066,0.0,0.0,0.0,0.0
48,22,217.13401456198622,0.34461072,225.24275369500646,85.07660267292356,0.0,7.0,0.0,0.0,0.0,0.0,217.13401456198622,0.0,0.0,0.0,0.0
48,23,471.16385586085335,0.25704096,488.7591865776488,141.80905960245812,0.0,14.0,0.0,0.0,0.0,0.0,471.16385586085323,0.0,0.0,0.0,0.0
49,0,231.76371412793628,0.31765728,240.41879058914554,84.3286410479383,0.0,7.0,0.0,0.0,0.0,0.0,231.76371412793628,0.0,0.0,0.0,0.0
49,1,270.8089299364692,0.28839024,280.92212649011327,90.31372186661689,0.0,10.0,0.0,0.0,0.0,0.0,270.80892993646904,0.0,0.0,0.0,0.0
49,2,203.5259296981277,0.26583264,211.12648308934413,63.112596963813,0.0,7.0,0.0,0.0,0.0,0.0,203.52592969812721,0.0,0.0,0.0,0.0
49,3,351.813723397417,0.2903568,364.95199522553634,118.04620452926731,0.0,10.0,0.0,0.0,0.0,0.0,351.8137233974169,0.0,0.0,0.0,0.0
49,4,213.8396668726603,0.28295328,221.8253805732991,70.10863911743945,0.0,6.0,0.0,0.0,0.0,0.0,213.83966687265976,0.0,0.0,0.0,0.0
49,5,187.53126445952336,0.28815888,194.5345067007504,62.49593774403557,0.0,7.0,0.0,0.0,0.0,0.0,187.5312644595233,0.0,0.0,0.0,0.0
49,6,436.6540368681166,0.30979104,452.96061915779734,155.31613778206105,0.0,12.0,0.0,0.0,0.0,0.0,436.6540368681166,0.0,0.0,0.0,0.0
49,7,171.7236088174731,0.32367264,178.13652366957788,63.5542378300178,0.0,10.0,0.0,0.0,0.0,0.0,171.7236088174731,0.0,0.0,0.0,0.0
49,8,80.76363228804325,0.3464616,83.77970154361333,31.799557565416347,0.0,8.0,0.0,0.0,0.0,0.0,80.76363228804325,0.0,0.0,0.0,0.0
49,9,74.70807085134626,0.37757952,77.49799880845049,31.82684095161502,0.0,5.0,0.0,0.0,0.0,0.0,74.70807085134626,0.0,0.0,0.0,0.0
49,10,73.74993521940658,0.36751536,76.50408217780766,30.648710423132002,0.0,2.0,0.0,0.0,0.0,0.0,73.74993521940658,0.0,0.0,0.0,0.0
49,11,0.0,0.34287552,0.0,0.0,0.0,0.0,0.0,0.0,0.0,0.0,0.0,0.0,0.0,0.0,0.0
49,12,0.0,0.32355696,0.0,0.0,0.0,0.0,0.0,0.0,0.0,0.0,0.0,0.0,0.0,0.0,0.0
49,13,0.0,0.31939248,0.0,0.0,0.0,0.0,0.0,0.0,0.0,0.0,0.0,0.0,0.0,0.0,0.0
49,14,0.0,0.31788864,0.0,0.0,0.0,0.0,0.0,0.0,0.0,0.0,0.0,0.0,0.0,0.0,0.0
49,15,0.0,0.3276057599999999,0.0,0.0,0.0,0.0,0.0,0.0,0.0,0.0,0.0,0.0,0.0,0.0,0.0
49,16,0.0,0.3719112,0.0,0.0,0.0,0.0,0.0,0.0,0.0,0.0,0.0,0.0,0.0,0.0,0.0
49,17,0.0,0.72658608,0.0,0.0,0.0,0.0,0.0,0.0,0.0,0.0,0.0,0.0,0.0,0.0,0.0
49,18,0.0,1.20526992,0.0,0.0,0.0,0.0,0.0,0.0,0.0,0.0,0.0,0.0,0.0,0.0,0.0
49,19,0.0,0.6938486399999999,0.0,0.0,0.0,1.0,0.0,0.0,0.0,0.0,0.0,0.0,0.0,0.0,0.0
49,20,69.04562277577567,0.53363184,71.62409001636482,40.59165232330005,0.0,5.0,0.0,0.0,0.0,0.0,69.04562277577567,0.0,0.0,0.0,0.0
49,21,145.1913777957839,0.34322256,150.61346244375926,56.67924375729934,0.0,8.0,0.0,0.0,0.0,0.0,145.19137779578375,0.0,0.0,0.0,0.0
49,22,102.39889923861925,0.33824832,106.22292452138927,39.44570456650471,0.0,7.0,0.0,0.0,0.0,0.0,102.39889923861907,0.0,0.0,0.0,0.0
49,23,178.89366947662114,0.33986784,185.57434593010493,69.21326296096402,0.0,8.0,0.0,0.0,0.0,0.0,178.89366947662108,0.0,0.0,0.0,0.0
50,0,171.4971111295276,0.46272,177.90156756175065,88.2071552284672,0.0,12.0,0.0,0.0,0.0,0.0,171.4971111295276,0.0,0.0,0.0,0.0
50,1,172.88435276917562,0.46283568,179.34061490578387,88.94140980491805,0.0,9.0,0.0,0.0,0.0,0.0,172.88435276917562,0.0,0.0,0.0,0.0
50,2,53.083219161847346,0.4846992,55.06558004341011,28.51291329401372,0.0,6.0,0.0,0.0,0.0,0.0,53.083219161847346,0.0,0.0,0.0,0.0
50,3,180.69095896658158,0.4514990399999999,187.43875411471117,90.83264030278508,0.0,10.0,0.0,0.0,0.0,0.0,180.6909589665815,0.0,0.0,0.0,0.0
50,4,127.5983733985685,0.44721888,132.36345788233245,63.5766678429691,0.0,6.0,0.0,0.0,0.0,0.0,127.59837339856843,0.0,0.0,0.0,0.0
50,5,116.84448774165634,0.46272,121.20797483574312,60.097338083058155,0.0,7.0,0.0,0.0,0.0,0.0,116.84448774165628,0.0,0.0,0.0,0.0
50,6,145.6515249054077,0.42304176,151.09079347033995,68.91882045335738,0.0,9.0,0.0,0.0,0.0,0.0,145.6515249054077,0.0,0.0,0.0,0.0
50,7,111.65822999263119,0.52738512,115.82803941144314,64.91989256888743,0.0,7.0,0.0,0.0,0.0,0.0,111.65822999263119,0.0,0.0,0.0,0.0
50,8,69.15257041200252,0.68563536,71.73503154772047,51.55850372406223,0.0,5.0,0.0,0.0,0.0,0.0,69.15257041200252,0.0,0.0,0.0,0.0
50,9,0.0,0.98362704,0.0,0.0,0.0,0.0,0.0,0.0,0.0,0.0,0.0,0.0,0.0,0.0,0.0
50,10,0.0,0.8456208,0.0,0.0,0.0,0.0,0.0,0.0,0.0,0.0,0.0,0.0,0.0,0.0,0.0
50,11,0.0,0.6929232,0.0,0.0,0.0,0.0,0.0,0.0,0.0,0.0,0.0,0.0,0.0,0.0,0.0
50,12,0.0,0.5169739199999999,0.0,0.0,0.0,0.0,0.0,0.0,0.0,0.0,0.0,0.0,0.0,0.0,0.0
50,13,0.0,0.47162736,0.0,0.0,0.0,0.0,0.0,0.0,0.0,0.0,0.0,0.0,0.0,0.0,0.0
50,14,0.0,0.47798976,0.0,0.0,0.0,0.0,0.0,0.0,0.0,0.0,0.0,0.0,0.0,0.0,0.0
50,15,0.0,0.69338592,0.0,0.0,0.0,0.0,0.0,0.0,0.0,0.0,0.0,0.0,0.0,0.0,0.0
50,16,0.0,1.12545072,0.0,0.0,0.0,0.0,0.0,0.0,0.0,0.0,0.0,0.0,0.0,0.0,0.0
50,17,0.0,1.2163752,0.0,0.0,0.0,0.0,0.0,0.0,0.0,0.0,0.0,0.0,0.0,0.0,0.0
50,18,0.0,1.2344212799999998,0.0,0.0,0.0,0.0,0.0,0.0,0.0,0.0,0.0,0.0,0.0,0.0,0.0
50,19,0.0,1.16755824,0.0,0.0,0.0,0.0,0.0,0.0,0.0,0.0,0.0,0.0,0.0,0.0,0.0
50,20,0.0,1.11492384,0.0,0.0,0.0,0.0,0.0,0.0,0.0,0.0,0.0,0.0,0.0,0.0,0.0
50,21,0.0,1.0939857599999998,0.0,0.0,0.0,0.0,0.0,0.0,0.0,0.0,0.0,0.0,0.0,0.0,0.0
50,22,0.0,0.80675232,0.0,0.0,0.0,2.0,0.0,0.0,0.0,0.0,0.0,0.0,0.0,0.0,0.0
50,23,69.44352654971618,0.6616896,72.03685326734045,50.05045646687417,0.0,8.0,0.0,0.0,0.0,0.0,69.44352654971618,0.0,0.0,0.0,0.0
51,0,305.9614373153144,0.62039184,317.3873831071727,207.4100649794912,0.0,13.0,0.0,0.0,0.0,0.0,305.9614373153144,0.0,0.0,0.0,0.0
51,1,267.0278610784182,0.5210227199999999,276.99985589047526,153.4919135856382,0.0,9.0,0.0,0.0,0.0,0.0,267.0278610784182,0.0,0.0,0.0,0.0
51,2,283.06997188280843,0.4945319999999999,293.6410496709632,154.9344143199896,0.0,11.0,0.0,0.0,0.0,0.0,283.06997188280843,0.0,0.0,0.0,0.0
51,3,309.3698676977109,0.38382624,320.9230992714844,133.80126110840672,0.0,12.0,0.0,0.0,0.0,0.0,309.3698676977109,0.0,0.0,0.0,0.0
51,4,384.55032064841475,0.33697584,398.9111210045796,147.6273681911115,0.0,13.0,0.0,0.0,0.0,0.0,384.55032064841475,0.0,0.0,0.0,0.0
51,5,205.30756704628985,0.39481584,212.9746546123339,91.13522822714674,0.0,12.0,0.0,0.0,0.0,0.0,205.30756704628985,0.0,0.0,0.0,0.0
51,6,223.29575506729708,0.44259168,231.6346006922169,110.18665234940983,0.0,11.0,0.0,0.0,0.0,0.0,223.29575506729708,0.0,0.0,0.0,0.0
51,7,215.5284839603761,0.5526033600000001,223.57726551906234,130.94995563412698,0.0,13.0,0.0,0.0,0.0,0.0,215.5284839603761,0.0,0.0,0.0,0.0
51,8,113.94930752264652,0.62686992,118.20467585336776,78.01153046657305,0.0,7.0,0.0,0.0,0.0,0.0,113.94930752264652,0.0,0.0,0.0,0.0
51,9,157.43672455223148,0.5635929599999999,163.31610430729407,97.2293510888434,3.284680269911723,9.0,0.0,0.0,0.0,1.0,157.08094570052418,0.0,0.0,0.0,0.3557788517072922
51,10,70.17019442836695,0.48539328,72.7906581207126,36.38367419865745,23.30667943278687,2.0,0.0,0.0,0.0,1.0,67.64574061115273,0.0,0.0,0.0,2.5244538172142175
51,11,0.0,0.3996743999999999,0.0,0.0,0.0,0.0,0.0,0.0,0.0,0.0,0.0,0.0,0.0,0.0,0.0
51,12,0.0,0.4025663999999999,0.0,0.0,0.0,0.0,0.0,0.0,0.0,0.0,0.0,0.0,0.0,0.0,0.0
51,13,0.0,0.39527856,0.0,0.0,0.0,0.0,0.0,0.0,0.0,0.0,0.0,0.0,0.0,0.0,0.0
51,14,0.0,0.48030336,0.0,0.0,0.0,0.0,0.0,0.0,0.0,0.0,0.0,0.0,0.0,0.0,0.0
51,15,0.0,0.59100912,0.0,0.0,0.0,0.0,0.0,0.0,0.0,0.0,0.0,0.0,0.0,0.0,0.0
51,16,0.0,0.5766648,0.0,0.0,0.0,0.0,0.0,0.0,0.0,0.0,0.0,0.0,0.0,0.0,0.0
51,17,0.0,0.66782064,0.0,0.0,0.0,0.0,0.0,0.0,0.0,0.0,0.0,0.0,0.0,0.0,0.0
51,18,175.84567690751976,0.69315456,182.41252791236488,132.4779301974823,0.0,4.0,0.0,0.0,0.0,0.0,175.8456769075189,0.0,0.0,0.0,0.0
51,19,49.79253112033208,0.64688256,51.65200323685901,35.122461390127675,0.0,5.0,0.0,0.0,0.0,0.0,49.79253112033195,0.0,0.0,0.0,0.0
51,20,228.9493968999067,0.6140294399999999,237.49937437749657,153.6928371412597,0.0,9.0,0.0,0.0,0.0,0.0,228.9493968999067,0.0,0.0,0.0,0.0
51,21,308.23375778886907,0.5772432,319.74456202164845,195.15391916689137,0.0,10.0,0.0,0.0,0.0,0.0,308.23375778886907,0.0,0.0,0.0,0.0
51,22,295.79388772104306,0.53594544,306.8401324907086,174.6059782028336,0.0,8.0,0.0,0.0,0.0,0.0,295.79388772104306,0.0,0.0,0.0,0.0
51,23,294.8085348766212,0.497424,305.8179822371589,162.2437792083865,0.0,8.0,0.0,0.0,0.0,0.0,294.8085348766212,0.0,0.0,0.0,0.0
52,0,249.69922994060877,0.52067568,259.02409744876434,143.44124570107573,0.0,9.0,0.0,0.0,0.0,0.0,249.69922994060877,0.0,0.0,0.0,0.0
52,1,376.39630082772703,0.49557312,390.4525942196339,206.4217911981878,0.0,10.0,0.0,0.0,0.0,0.0,376.39630082772703,0.0,0.0,0.0,0.0
52,2,386.2169371224994,0.49557312,400.63997626815296,211.80758625041037,0.0,9.0,0.0,0.0,0.0,0.0,386.2169371224994,0.0,0.0,0.0,0.0
52,3,215.11589626150322,0.5166268799999999,223.14926998081245,122.67115196082969,0.0,8.0,0.0,0.0,0.0,0.0,215.1158962615027,0.0,0.0,0.0,0.0
52,4,291.63779311036114,0.54809184,302.52883102734563,175.82728795783208,0.0,9.0,0.0,0.0,0.0,0.0,291.63779311036114,0.0,0.0,0.0,0.0
52,5,299.0108377823274,0.6061632,310.1772176165222,198.2848807006344,0.0,8.0,0.0,0.0,0.0,0.0,299.0108377823274,0.0,0.0,0.0,0.0
52,6,195.57283278267778,0.7404676800000001,202.87638255464503,156.93861257958926,0.0,7.0,0.0,0.0,0.0,0.0,195.57283278267778,0.0,0.0,0.0,0.0
52,7,183.6984135994204,1.12244304,190.55852033134894,220.19857188158878,0.0,9.0,0.0,0.0,0.0,0.0,183.6984135994204,0.0,0.0,0.0,0.0
52,8,189.69494404031954,1.1706816,196.7789875936925,236.8789245319153,0.0,10.0,0.0,0.0,0.0,0.0,189.69494404031954,0.0,0.0,0.0,0.0
52,9,87.57995861589296,1.18039872,90.85057947706741,110.24706190667956,0.0,9.0,0.0,0.0,0.0,0.0,87.57995861589296,0.0,0.0,0.0,0.0
52,10,42.74563440229137,1.17889488,44.341944400717196,53.74220958291391,0.0,1.0,0.0,0.0,0.0,0.0,42.74563440229137,0.0,0.0,0.0,0.0
52,11,0.0,1.17449904,0.0,0.0,0.0,0.0,0.0,0.0,0.0,0.0,0.0,0.0,0.0,0.0,0.0
52,12,0.3313332060734382,1.18444752,0.3437066453043965,0.0,3.058989143209129,0.0,0.0,0.0,0.0,1.0,0.0,0.0,0.0,0.0,0.3313332060734382
52,13,5.413309149768985,1.19763504,5.615465922996872,0.0,49.97764671467216,0.0,0.0,0.0,0.0,2.0,0.0,0.0,0.0,0.0,5.413309149768985
52,14,0.0,1.25200464,0.0,0.0,0.0,0.0,0.0,0.0,0.0,0.0,0.0,0.0,0.0,0.0,0.0
52,15,0.0,1.32927888,0.0,0.0,0.0,0.0,0.0,0.0,0.0,0.0,0.0,0.0,0.0,0.0,0.0
52,16,0.0,1.65167904,0.0,0.0,0.0,0.0,0.0,0.0,0.0,0.0,0.0,0.0,0.0,0.0,0.0
52,17,0.0,1.9069848,0.0,0.0,0.0,0.0,0.0,0.0,0.0,0.0,0.0,0.0,0.0,0.0,0.0
52,18,0.0,2.0606078400000003,0.0,0.0,0.0,0.0,0.0,0.0,0.0,0.0,0.0,0.0,0.0,0.0,0.0
52,19,0.0,2.03886,0.0,0.0,0.0,0.0,0.0,0.0,0.0,0.0,0.0,0.0,0.0,0.0,0.0
52,20,0.0,1.91936256,0.0,0.0,0.0,0.0,0.0,0.0,0.0,0.0,0.0,0.0,0.0,0.0,0.0
52,21,0.0,1.79292432,0.0,0.0,0.0,1.0,0.0,0.0,0.0,0.0,0.0,0.0,0.0,0.0,0.0
52,22,387.9267907780996,1.27560336,402.4136833797713,526.640139549083,0.0,12.0,0.0,0.0,0.0,0.0,387.9267907780996,0.0,0.0,0.0,0.0
52,23,370.5363576288539,1.25061648,384.3738149676908,493.42700075449534,0.0,13.0,0.0,0.0,0.0,0.0,370.5363576288539,0.0,0.0,0.0,0.0
53,0,310.45258741741003,1.21244208,322.0462525076867,401.1221592046293,0.0,9.0,0.0,0.0,0.0,0.0,310.45258741741,0.0,0.0,0.0,0.0
53,1,413.5504092817007,1.1942803199999998,428.99420049968944,526.5390390874529,0.0,14.0,0.0,0.0,0.0,0.0,413.5504092817007,0.0,0.0,0.0,0.0
53,2,497.64113854703095,1.18838064,516.2252474554265,630.5591456460126,0.0,16.0,0.0,0.0,0.0,0.0,497.6411385470309,0.0,0.0,0.0,0.0
53,3,517.347181528316,1.18537296,536.6672007555146,653.914472639486,0.0,13.0,0.0,0.0,0.0,0.0,517.347181528316,0.0,0.0,0.0,0.0
53,4,457.36155586422217,1.18826496,474.44144799193174,579.4661601490077,0.0,14.0,0.0,0.0,0.0,0.0,457.36155586422217,0.0,0.0,0.0,0.0
53,5,443.9451871607536,1.20781488,460.5240530713212,571.4711500541121,0.0,13.0,0.0,0.0,0.0,0.0,443.9451871607536,0.0,0.0,0.0,0.0
53,6,339.4995541146667,1.25431824,352.1779606998617,453.4003303310051,0.0,10.0,0.0,0.0,0.0,0.0,339.49955411466664,0.0,0.0,0.0,0.0
53,7,29.65192051283656,2.00276784,30.75925364402133,62.62177527626584,0.0,1.0,0.0,0.0,0.0,0.0,29.65192051283656,0.0,0.0,0.0,0.0
53,8,0.0,2.03990112,0.0,0.0,0.0,0.0,0.0,0.0,0.0,0.0,0.0,0.0,0.0,0.0,0.0
53,9,0.0,1.9035144,0.0,0.0,0.0,1.0,0.0,0.0,0.0,0.0,0.0,0.0,0.0,0.0,0.0
53,10,0.0,1.76446704,0.0,0.0,0.0,0.0,0.0,0.0,0.0,0.0,0.0,0.0,0.0,0.0,0.0
53,11,0.0,1.5847003199999998,0.0,0.0,0.0,0.0,0.0,0.0,0.0,0.0,0.0,0.0,0.0,0.0,0.0
53,12,0.0,1.4627736,0.0,0.0,0.0,0.0,0.0,0.0,0.0,0.0,0.0,0.0,0.0,0.0,0.0
53,13,2.2304121851294596,1.45849344,2.3137055862338793,0.0,20.59197971748153,0.0,0.0,0.0,0.0,1.0,0.0,0.0,0.0,0.0,2.2304121851294596
53,14,0.0,1.43535744,0.0,0.0,0.0,0.0,0.0,0.0,0.0,0.0,0.0,0.0,0.0,0.0,0.0
53,15,0.0,1.43697696,0.0,0.0,0.0,0.0,0.0,0.0,0.0,0.0,0.0,0.0,0.0,0.0,0.0
53,16,0.0,1.2996647999999995,0.0,0.0,0.0,0.0,0.0,0.0,0.0,0.0,0.0,0.0,0.0,0.0,0.0
53,17,0.0,1.8630264,0.0,0.0,0.0,0.0,0.0,0.0,0.0,0.0,0.0,0.0,0.0,0.0,0.0
53,18,34.87134069345805,1.2990864,36.17358993097309,48.18996454521928,0.0,1.0,0.0,0.0,0.0,0.0,34.871340693457924,0.0,0.0,0.0,0.0
53,19,225.15003558249268,1.26079632,233.55812819760652,302.20000258097133,0.0,5.0,0.0,0.0,0.0,0.0,225.1500355824926,0.0,0.0,0.0,0.0
53,20,170.69846370433876,1.05315072,177.07309512898212,192.34577707648532,0.0,5.0,0.0,0.0,0.0,0.0,170.6984637043381,0.0,0.0,0.0,0.0
53,21,272.731638286625,0.66099552,282.9166372267895,196.3711704325798,0.0,8.0,0.0,0.0,0.0,0.0,272.731638286625,0.0,0.0,0.0,0.0
53,22,276.00121858544475,0.39527856,286.30831803469374,122.64834499572414,0.0,9.0,0.0,0.0,0.0,0.0,276.0012185854446,0.0,0.0,0.0,0.0
53,23,433.47108168170496,0.33246432,449.65879842500516,164.3792128782541,0.0,11.0,0.0,0.0,0.0,0.0,433.47108168170485,0.0,0.0,0.0,0.0
54,0,518.566576775836,0.34923792,537.9321335848922,205.6718530560098,0.0,15.0,0.0,0.0,0.0,0.0,518.5665767758358,0.0,0.0,0.0,0.0
54,1,224.43246541103028,0.35536896,232.81376079982397,90.44091953159639,0.0,11.0,0.0,0.0,0.0,0.0,224.43246541103028,0.0,0.0,0.0,0.0
54,2,225.22299243450604,0.35490624,233.63380957936312,90.65137599176465,0.0,10.0,0.0,0.0,0.0,0.0,225.22299243450536,0.0,0.0,0.0,0.0
54,3,245.97893997973952,0.3807028799999999,255.16487549765512,105.58796035577112,0.0,7.0,0.0,0.0,0.0,0.0,245.97893997973947,0.0,0.0,0.0,0.0
54,4,295.31172125224674,0.43715472,306.3399598052353,144.05781202302217,0.0,12.0,0.0,0.0,0.0,0.0,295.31172125224657,0.0,0.0,0.0,0.0
54,5,278.06702780109276,0.46410816,288.4512736525859,143.4203270224587,0.0,11.0,0.0,0.0,0.0,0.0,278.06702780109265,0.0,0.0,0.0,0.0
54,6,194.6939127985784,0.6082454399999999,201.96463983255023,129.52910079784843,0.0,9.0,0.0,0.0,0.0,0.0,194.6939127985784,0.0,0.0,0.0,0.0
54,7,191.69762907744942,1.2051542400000002,198.856461698599,246.2348568496878,0.0,7.0,0.0,0.0,0.0,0.0,191.69762907744942,0.0,0.0,0.0,0.0
54,8,112.4059506874205,1.25535936,116.60368328570593,150.23910713994331,0.0,6.0,0.0,0.0,0.0,0.0,112.40595068741992,0.0,0.0,0.0,0.0
54,9,26.69002311731616,1.2961944,27.68674597231967,36.80383637522709,0.0,2.0,0.0,0.0,0.0,0.0,26.69002311731616,0.0,0.0,0.0,0.0
54,10,111.0979948749434,1.27028208,115.24688265035621,150.2107216223372,0.0,3.0,0.0,0.0,0.0,0.0,111.0979948749434,0.0,0.0,0.0,0.0
54,11,0.0,1.28069328,0.0,0.0,0.0,0.0,0.0,0.0,0.0,0.0,0.0,0.0,0.0,0.0,0.0
54,12,0.0,1.26831552,0.0,0.0,0.0,0.0,0.0,0.0,0.0,0.0,0.0,0.0,0.0,0.0,0.0
54,13,0.0,1.25293008,0.0,0.0,0.0,0.0,0.0,0.0,0.0,0.0,0.0,0.0,0.0,0.0,0.0
54,14,0.0,1.23580944,0.0,0.0,0.0,0.0,0.0,0.0,0.0,0.0,0.0,0.0,0.0,0.0,0.0
54,15,0.0,1.2389327999999995,0.0,0.0,0.0,0.0,0.0,0.0,0.0,0.0,0.0,0.0,0.0,0.0,0.0
54,16,0.0,1.27236432,0.0,0.0,0.0,0.0,0.0,0.0,0.0,0.0,0.0,0.0,0.0,0.0,0.0
54,17,0.0,1.39521648,0.0,0.0,0.0,0.0,0.0,0.0,0.0,0.0,0.0,0.0,0.0,0.0,0.0
54,18,0.0,1.405512,0.0,0.0,0.0,0.0,0.0,0.0,0.0,0.0,0.0,0.0,0.0,0.0,0.0
54,19,223.79979010341444,1.28393232,232.15745861350047,305.75887632304244,0.0,6.0,0.0,0.0,0.0,0.0,223.79979010341313,0.0,0.0,0.0,0.0
54,20,284.70306186807613,1.2053856,295.3351264191661,365.7683012443169,0.0,7.0,0.0,0.0,0.0,0.0,284.7030618680761,0.0,0.0,0.0,0.0
54,21,168.45934240996624,1.19867616,174.75035519706046,215.25332148327115,0.0,6.0,0.0,0.0,0.0,0.0,168.4593424099662,0.0,0.0,0.0,0.0
54,22,228.16384613256037,1.0411199999999998,236.684487689378,254.2512103656836,0.0,7.0,0.0,0.0,0.0,0.0,228.1638461325603,0.0,0.0,0.0,0.0
54,23,219.64636926873595,0.8480500799999999,227.84893077669705,200.76910358180106,0.0,7.0,0.0,0.0,0.0,0.0,219.64636926873595,0.0,0.0,0.0,0.0
55,0,517.6869215644966,0.69338592,537.0196281789384,390.13719863563404,0.0,13.0,0.0,0.0,0.0,0.0,517.6869215644965,0.0,0.0,0.0,0.0
55,1,235.70065051764092,0.55607376,244.50274949962755,144.0546042530337,0.0,7.0,0.0,0.0,0.0,0.0,235.7006505176408,0.0,0.0,0.0,0.0
55,2,334.5280985460257,0.5204443200000001,347.0208491141346,192.09141994870626,0.0,9.0,0.0,0.0,0.0,0.0,334.5280985460255,0.0,0.0,0.0,0.0
55,3,379.05341610100504,0.52021296,393.2089378641131,217.5676013080485,0.0,10.0,0.0,0.0,0.0,0.0,379.05341610100487,0.0,0.0,0.0,0.0
55,4,243.44191816477345,0.57793728,252.53311012943306,154.30714472342922,0.0,7.0,0.0,0.0,0.0,0.0,243.44191816477345,0.0,0.0,0.0,0.0
55,5,426.3722236653425,0.65914464,442.2948378271187,306.1762307854922,0.0,12.0,0.0,0.0,0.0,0.0,426.37222366534195,0.0,0.0,0.0,0.0
55,6,136.48574608939936,1.00202016,141.58272415912796,146.5551320848324,0.0,8.0,0.0,0.0,0.0,0.0,136.48574608939936,0.0,0.0,0.0,0.0
55,7,62.07892684572673,1.16767392,64.39722701838872,77.32651072400053,0.0,8.0,0.0,0.0,0.0,0.0,62.07892684572673,0.0,0.0,0.0,0.0
55,8,37.430981327394306,1.1913883199999995,38.828818804350945,47.545435105324074,0.0,11.0,0.0,0.0,0.0,0.0,37.430981327394306,0.0,0.0,0.0,0.0
55,9,135.51034277761698,1.16096448,140.570894997528,167.85071263835786,0.0,5.0,0.0,0.0,0.0,0.0,135.51034277761698,0.0,0.0,0.0,0.0
55,10,122.91086935179368,1.14187728,127.50090181721339,149.81066281473642,0.0,3.0,0.0,0.0,0.0,0.0,122.91086935179368,0.0,0.0,0.0,0.0
55,11,0.0,1.12290576,0.0,0.0,0.0,0.0,0.0,0.0,0.0,0.0,0.0,0.0,0.0,0.0,0.0
55,12,0.0,1.10902416,0.0,0.0,0.0,0.0,0.0,0.0,0.0,0.0,0.0,0.0,0.0,0.0,0.0
55,13,0.0,1.06795776,0.0,0.0,0.0,0.0,0.0,0.0,0.0,0.0,0.0,0.0,0.0,0.0,0.0
55,14,0.0,1.05893472,0.0,0.0,0.0,0.0,0.0,0.0,0.0,0.0,0.0,0.0,0.0,0.0,0.0
55,15,0.0,1.05558,0.0,0.0,0.0,0.0,0.0,0.0,0.0,0.0,0.0,0.0,0.0,0.0,0.0
55,16,0.0,1.10856144,0.0,0.0,0.0,0.0,0.0,0.0,0.0,0.0,0.0,0.0,0.0,0.0,0.0
55,17,0.0,1.12707024,0.0,0.0,0.0,0.0,0.0,0.0,0.0,0.0,0.0,0.0,0.0,0.0,0.0
55,18,107.290829404866,1.11677472,111.29754087641703,127.97822865195857,0.0,3.0,0.0,0.0,0.0,0.0,107.29082940486532,0.0,0.0,0.0,0.0
55,19,136.1061389111672,1.02966768,141.18894077921908,150.05104303358803,0.0,3.0,0.0,0.0,0.0,0.0,136.1061389111672,0.0,0.0,0.0,0.0
55,20,152.28748295529698,0.6087081599999999,157.9745673810135,101.38936641760426,0.0,5.0,0.0,0.0,0.0,0.0,152.287482955297,0.0,0.0,0.0,0.0
55,21,210.24411149149563,0.3918081599999999,218.09555133972577,92.6705794239484,0.0,5.0,0.0,0.0,0.0,0.0,210.24411149149512,0.0,0.0,0.0,0.0
55,22,246.21985544666046,0.34160304,255.41478780773912,95.7046974525148,0.0,8.0,0.0,0.0,0.0,0.0,246.2198554466604,0.0,0.0,0.0,0.0
55,23,366.56624716125043,0.32355696,380.2554431133304,135.62075036425335,0.0,11.0,0.0,0.0,0.0,0.0,366.5662471612502,0.0,0.0,0.0,0.0
56,0,239.71778792173546,0.29174496,248.66990448312802,80.77916517502555,0.0,6.0,0.0,0.0,0.0,0.0,239.71778792173546,0.0,0.0,0.0,0.0
56,1,234.9678025996061,0.27578112,243.74253381701882,75.28746683703865,0.0,8.0,0.0,0.0,0.0,0.0,234.9678025996061,0.0,0.0,0.0,0.0
56,2,401.3798726607392,0.26999712,416.3691625111403,126.20029401393859,0.0,12.0,0.0,0.0,0.0,0.0,401.3798726607391,0.0,0.0,0.0,0.0
56,3,428.8958633768726,0.26733648,444.91272134530357,133.66801190820388,0.0,10.0,0.0,0.0,0.0,0.0,428.8958633768723,0.0,0.0,0.0,0.0
56,4,269.50596742194216,0.26930304,279.57050562442134,84.5429707951621,0.0,10.0,0.0,0.0,0.0,0.0,269.50596742194216,0.0,0.0,0.0,0.0
56,5,308.29842563250656,0.27462432,319.8116448469986,98.41382093862413,0.0,10.0,0.0,0.0,0.0,0.0,308.29842563250645,0.0,0.0,0.0,0.0
56,6,250.54468004321657,0.28249056,259.9011203767807,82.02234012433564,0.0,10.0,0.0,0.0,0.0,0.0,250.54468004321657,0.0,0.0,0.0,0.0
56,7,194.74349897616844,0.3239039999999999,202.01607777610832,72.12054783038178,0.0,9.0,0.0,0.0,0.0,0.0,194.74349897616844,0.0,0.0,0.0,0.0
56,8,84.7246827838444,0.38047152,87.88867508697552,36.348252946506605,0.0,5.0,0.0,0.0,0.0,0.0,84.7246827838444,0.0,0.0,0.0,0.0
56,9,59.37725318160918,0.393312,61.594660976773014,26.264702576427734,0.0,6.0,0.0,0.0,0.0,0.0,59.37725318160918,0.0,0.0,0.0,0.0
56,10,0.0,0.38220672,0.0,0.0,0.0,0.0,0.0,0.0,0.0,0.0,0.0,0.0,0.0,0.0,0.0
56,11,0.0,0.38093424,0.0,0.0,0.0,0.0,0.0,0.0,0.0,0.0,0.0,0.0,0.0,0.0,0.0
56,12,0.0,0.3582609599999999,0.0,0.0,0.0,0.0,0.0,0.0,0.0,0.0,0.0,0.0,0.0,0.0,0.0
56,13,0.0,0.35132016,0.0,0.0,0.0,0.0,0.0,0.0,0.0,0.0,0.0,0.0,0.0,0.0,0.0
56,14,0.0,0.34102464,0.0,0.0,0.0,0.0,0.0,0.0,0.0,0.0,0.0,0.0,0.0,0.0,0.0
56,15,0.0,0.33917376,0.0,0.0,0.0,0.0,0.0,0.0,0.0,0.0,0.0,0.0,0.0,0.0,0.0
56,16,0.0,0.35606304,0.0,0.0,0.0,0.0,0.0,0.0,0.0,0.0,0.0,0.0,0.0,0.0,0.0
56,17,0.0,0.41691072,0.0,0.0,0.0,0.0,0.0,0.0,0.0,0.0,0.0,0.0,0.0,0.0,0.0
56,18,114.5110090469918,0.7049539199999999,118.78735378318652,87.67147210610763,0.0,4.0,0.0,0.0,0.0,0.0,114.51100904699027,0.0,0.0,0.0,0.0
56,19,84.08102205704733,0.4167950399999999,87.22097723760098,39.240285043149576,0.0,5.0,0.0,0.0,0.0,0.0,84.08102205704647,0.0,0.0,0.0,0.0
56,20,128.17860876937783,0.3632352,132.96536179396043,52.69885325968166,0.0,8.0,0.0,0.0,0.0,0.0,128.17860876937783,0.0,0.0,0.0,0.0
56,21,238.37682008988142,0.34657728,247.27885901439984,93.88616459209082,0.0,10.0,0.0,0.0,0.0,0.0,238.37682008988068,0.0,0.0,0.0,0.0
56,22,135.9217002652054,0.3405619199999999,140.99761438299316,52.685439305768824,0.0,8.0,0.0,0.0,0.0,0.0,135.9217002652053,0.0,0.0,0.0,0.0
56,23,344.4421726106999,0.3395208,357.30515830985485,133.13933393354472,0.0,12.0,0.0,0.0,0.0,0.0,344.44217261069986,0.0,0.0,0.0,0.0
57,0,156.52108596717494,0.37399344,162.3662717501815,66.0982441067562,0.0,10.0,0.0,0.0,0.0,0.0,156.52108596717488,0.0,0.0,0.0,0.0
57,1,159.3670270392784,0.38787504,165.3184927793345,69.59495911052005,0.0,9.0,0.0,0.0,0.0,0.0,159.3670270392784,0.0,0.0,0.0,0.0
57,2,139.54832475208235,0.4058054399999999,144.75967297933855,63.535807963252694,0.0,8.0,0.0,0.0,0.0,0.0,139.54832475208235,0.0,0.0,0.0,0.0
57,3,101.28517052318439,0.4105483199999999,105.06760427716225,46.613066123987835,0.0,6.0,0.0,0.0,0.0,0.0,101.28517052318439,0.0,0.0,0.0,0.0
57,4,224.54410029686127,0.4162166399999999,232.9295646233001,104.65912933320408,0.0,12.0,0.0,0.0,0.0,0.0,224.54410029686127,0.0,0.0,0.0,0.0
57,5,160.0609254314656,0.46341408,166.03830438948714,82.44035594870618,0.0,8.0,0.0,0.0,0.0,0.0,160.06092543146542,0.0,0.0,0.0,0.0
57,6,169.58873014854854,0.57701184,175.9219192412329,107.33204584460003,0.0,11.0,0.0,0.0,0.0,0.0,169.58873014854854,0.0,0.0,0.0,0.0
57,7,117.16356018319189,0.71062224,121.53896284563474,90.39122969483225,0.0,9.0,0.0,0.0,0.0,0.0,117.16356018319189,0.0,0.0,0.0,0.0
57,8,82.3357516064709,1.15610592,85.41053071210675,101.57070875317913,0.0,8.0,0.0,0.0,0.0,0.0,82.33575160647091,0.0,0.0,0.0,0.0
57,9,65.07041517147087,1.07432016,67.50043067579966,74.75133773906296,0.0,5.0,0.0,0.0,0.0,0.0,65.07041517147087,0.0,0.0,0.0,0.0
57,10,52.87575556624235,1.12602912,54.85036884464974,63.578659770574276,0.0,2.0,0.0,0.0,0.0,0.0,52.87575556624235,0.0,0.0,0.0,0.0
57,11,0.0,1.0751299200000002,0.0,0.0,0.0,0.0,0.0,0.0,0.0,0.0,0.0,0.0,0.0,0.0,0.0
57,12,0.0,0.97680192,0.0,0.0,0.0,0.0,0.0,0.0,0.0,0.0,0.0,0.0,0.0,0.0,0.0
57,13,0.0,0.63624,0.0,0.0,0.0,0.0,0.0,0.0,0.0,0.0,0.0,0.0,0.0,0.0,0.0
57,14,0.0,0.63149712,0.0,0.0,0.0,0.0,0.0,0.0,0.0,0.0,0.0,0.0,0.0,0.0,0.0
57,15,0.0,0.98374272,0.0,0.0,0.0,0.0,0.0,0.0,0.0,0.0,0.0,0.0,0.0,0.0,0.0
57,16,0.0,1.14430656,0.0,0.0,0.0,0.0,0.0,0.0,0.0,0.0,0.0,0.0,0.0,0.0,0.0
57,17,0.0,1.31921472,0.0,0.0,0.0,0.0,0.0,0.0,0.0,0.0,0.0,0.0,0.0,0.0,0.0
57,18,0.0,1.6087617600000002,0.0,0.0,0.0,0.0,0.0,0.0,0.0,0.0,0.0,0.0,0.0,0.0,0.0
57,19,0.0,1.37555088,0.0,0.0,0.0,0.0,0.0,0.0,0.0,0.0,0.0,0.0,0.0,0.0,0.0
57,20,0.0,1.3163227199999998,0.0,0.0,0.0,0.0,0.0,0.0,0.0,0.0,0.0,0.0,0.0,0.0,0.0
57,21,0.0,1.27271136,0.0,0.0,0.0,0.0,0.0,0.0,0.0,0.0,0.0,0.0,0.0,0.0,0.0
57,22,134.95061051895166,1.1136513599999998,139.99025987443122,160.5340208977574,0.0,7.0,0.0,0.0,0.0,0.0,134.95061051895166,0.0,0.0,0.0,0.0
57,23,438.34908343786856,0.73988928,454.7189662218553,351.4928863021762,0.0,21.0,0.0,0.0,0.0,0.0,438.3490834378685,0.0,0.0,0.0,0.0
58,0,254.5646748856536,0.7626782400000001,264.0712395079395,210.14214621024655,0.0,17.0,0.0,0.0,0.0,0.0,254.56467488565363,0.0,0.0,0.0,0.0
58,1,216.59369106174134,0.7671897599999998,224.6822521387359,179.81090564036836,0.0,11.0,0.0,0.0,0.0,0.0,216.59369106174134,0.0,0.0,0.0,0.0
58,2,294.0227941366612,0.7520356800000001,305.0028984820137,239.46865810164687,0.0,13.0,0.0,0.0,0.0,0.0,294.0227941366612,0.0,0.0,0.0,0.0
58,3,308.9786078851115,0.8409936,320.5172280965887,280.16205776896834,0.0,15.0,0.0,0.0,0.0,0.0,308.9786078851115,0.0,0.0,0.0,0.0
58,4,204.56375379743605,1.08415296,212.2030641052241,237.0845014926314,0.0,14.0,0.0,0.0,0.0,0.0,204.56375379743605,0.0,0.0,0.0,0.0
58,5,120.5375917434531,1.27086048,125.03899558449496,163.04590870107592,0.0,9.0,0.0,0.0,0.0,0.0,120.5375917434531,0.0,0.0,0.0,0.0
58,6,0.0,1.30406064,0.0,0.0,0.0,0.0,0.0,0.0,0.0,0.0,0.0,0.0,0.0,0.0,0.0
58,7,0.0,1.55277264,0.0,0.0,0.0,0.0,0.0,0.0,0.0,0.0,0.0,0.0,0.0,0.0,0.0
58,8,0.0,2.08224,0.0,0.0,0.0,0.0,0.0,0.0,0.0,0.0,0.0,0.0,0.0,0.0,0.0
58,9,0.0,1.36814736,0.0,0.0,0.0,0.0,0.0,0.0,0.0,0.0,0.0,0.0,0.0,0.0,0.0
58,10,0.0,1.3326336,0.0,0.0,0.0,0.0,0.0,0.0,0.0,0.0,0.0,0.0,0.0,0.0,0.0
58,11,0.0,1.29550032,0.0,0.0,0.0,0.0,0.0,0.0,0.0,0.0,0.0,0.0,0.0,0.0,0.0
58,12,4.547625233936632,1.25825136,4.71745356217493,0.0,41.98533670335688,0.0,0.0,0.0,0.0,1.0,0.0,0.0,0.0,0.0,4.547625233936632
58,13,0.0,1.2071208,0.0,0.0,0.0,0.0,0.0,0.0,0.0,0.0,0.0,0.0,0.0,0.0,0.0
58,14,1.39634571536887,0.71351424,1.4484914059843053,0.0,12.891573513260317,0.0,0.0,0.0,0.0,1.0,0.0,0.0,0.0,0.0,1.39634571536887
58,15,0.0,0.7391952,0.0,0.0,0.0,0.0,0.0,0.0,0.0,0.0,0.0,0.0,0.0,0.0,0.0
58,16,0.0,0.72808992,0.0,0.0,0.0,0.0,0.0,0.0,0.0,0.0,0.0,0.0,0.0,0.0,0.0
58,17,0.0,0.92451456,0.0,0.0,0.0,0.0,0.0,0.0,0.0,0.0,0.0,0.0,0.0,0.0,0.0
58,18,115.37066597445025,1.04100432,119.67911408137994,128.54785344858303,0.0,4.0,0.0,0.0,0.0,0.0,115.37066597445025,0.0,0.0,0.0,0.0
58,19,317.32814984672956,0.6936172799999999,329.1785786791801,239.21976133199973,0.0,8.0,0.0,0.0,0.0,0.0,317.3281498467295,0.0,0.0,0.0,0.0
58,20,230.31695057808088,0.3117576,238.91799852498016,82.39268756812821,0.0,8.0,0.0,0.0,0.0,0.0,230.31695057807968,0.0,0.0,0.0,0.0
58,21,182.68225759575895,0.30412272,189.504416593111,63.905194815542025,0.0,7.0,0.0,0.0,0.0,0.0,182.68225759575898,0.0,0.0,0.0,0.0
58,22,279.9944046960851,0.2762438399999999,290.45062727809653,89.84911237261511,0.0,10.0,0.0,0.0,0.0,0.0,279.9944046960851,0.0,0.0,0.0,0.0
58,23,313.52070810306026,0.2672208,325.22895031437787,97.67301854157421,0.0,9.0,0.0,0.0,0.0,0.0,313.52070810306026,0.0,0.0,0.0,0.0
59,0,591.7781787764787,0.25611552,613.8777788137746,177.5429810160708,0.0,15.0,0.0,0.0,0.0,0.0,591.7781787764787,0.0,0.0,0.0,0.0
59,1,379.3493046399107,0.2602799999999999,393.51587618248004,115.44968775441595,0.0,10.0,0.0,0.0,0.0,0.0,379.3493046399107,0.0,0.0,0.0,0.0
59,2,210.9517415610979,0.26687376,218.8296074285248,65.64314013965853,0.0,8.0,0.0,0.0,0.0,0.0,210.9517415610979,0.0,0.0,0.0,0.0
59,3,344.0195502766491,0.27150096,356.86675339901365,108.70195567742282,0.0,11.0,0.0,0.0,0.0,0.0,344.0195502766491,0.0,0.0,0.0,0.0
59,4,287.74368709671023,0.30574224,298.48930196754173,101.14078369471827,0.0,11.0,0.0,0.0,0.0,0.0,287.7436870967101,0.0,0.0,0.0,0.0
59,5,246.97030933935196,0.32934096,256.1932669495353,92.85493361872584,0.0,9.0,0.0,0.0,0.0,0.0,246.97030933935199,0.0,0.0,0.0,0.0
59,6,354.05005820255326,0.3377855999999999,367.27184460845785,136.2158384507146,0.0,11.0,0.0,0.0,0.0,0.0,354.05005820255326,0.0,0.0,0.0,0.0
59,7,0.0,1.34200368,0.0,0.0,0.0,0.0,0.0,0.0,0.0,0.0,0.0,0.0,0.0,0.0,0.0
59,8,0.0,1.36028112,0.0,0.0,0.0,1.0,0.0,0.0,0.0,0.0,0.0,0.0,0.0,0.0,0.0
59,9,191.6235835252173,0.7877807999999998,198.77965095976901,163.17439890357593,0.0,7.0,0.0,0.0,0.0,0.0,191.6235835252173,0.0,0.0,0.0,0.0
59,10,0.0,0.66782064,0.0,0.0,0.0,0.0,0.0,0.0,0.0,0.0,0.0,0.0,0.0,0.0,0.0
59,11,1.300218608736656,0.5807136,1.3487744903907222,0.0,12.004092964477428,0.0,0.0,0.0,0.0,1.0,0.0,0.0,0.0,0.0,1.300218608736656
59,12,0.0,0.41575392,0.0,0.0,0.0,0.0,0.0,0.0,0.0,0.0,0.0,0.0,0.0,0.0,0.0
59,13,0.0,0.34403232,0.0,0.0,0.0,0.0,0.0,0.0,0.0,0.0,0.0,0.0,0.0,0.0,0.0
59,14,0.0,0.335472,0.0,0.0,0.0,0.0,0.0,0.0,0.0,0.0,0.0,0.0,0.0,0.0,0.0
59,15,0.0,0.4595966399999999,0.0,0.0,0.0,0.0,0.0,0.0,0.0,0.0,0.0,0.0,0.0,0.0,0.0
59,16,0.0,0.57458256,0.0,0.0,0.0,0.0,0.0,0.0,0.0,0.0,0.0,0.0,0.0,0.0,0.0
59,17,0.0,0.92463024,0.0,0.0,0.0,0.0,0.0,0.0,0.0,0.0,0.0,0.0,0.0,0.0,0.0
59,18,116.24357550760973,0.92544,120.58462189586072,115.58518347205833,0.0,3.0,0.0,0.0,0.0,0.0,116.2435755076097,0.0,0.0,0.0,0.0
59,19,224.34009509896129,0.68933712,232.7179409740263,168.12407904960557,0.0,9.0,0.0,0.0,0.0,0.0,224.34009509896137,0.0,0.0,0.0,0.0
59,20,171.51407130921712,0.33581904,177.91916110914642,65.63776611399163,0.0,8.0,0.0,0.0,0.0,0.0,171.51407130921694,0.0,0.0,0.0,0.0
59,21,346.4249428134751,0.33188592,359.3619738728995,131.16206064701623,0.0,11.0,0.0,0.0,0.0,0.0,346.4249428134751,0.0,0.0,0.0,0.0
59,22,189.5674631609097,0.31939248,196.6467460175412,69.31649918765322,0.0,7.0,0.0,0.0,0.0,0.0,189.5674631609097,0.0,0.0,0.0,0.0
59,23,412.2897149483745,0.29000976,427.68642629499436,138.1896585554333,0.0,11.0,0.0,0.0,0.0,0.0,412.289714948374,0.0,0.0,0.0,0.0
60,0,237.16548678619972,0.31129488,246.02228919730263,84.72881676543034,0.0,12.0,0.0,0.0,0.0,0.0,237.16548678619904,0.0,0.0,0.0,0.0
60,1,366.12442988934913,0.29463696,379.79712644123356,124.4735556365855,0.0,13.0,0.0,0.0,0.0,0.0,366.1244298893491,0.0,0.0,0.0,0.0
60,2,380.1488284124788,0.29544672,394.3452576892934,129.56084096137215,0.0,14.0,0.0,0.0,0.0,0.0,380.14882841247845,0.0,0.0,0.0,0.0
60,3,440.62905009439936,0.30088368,457.0840768614102,152.65862205957663,0.0,14.0,0.0,0.0,0.0,0.0,440.62905009439936,0.0,0.0,0.0,0.0
60,4,185.73705758708294,0.32436672,192.67329625216072,68.8742912428482,0.0,11.0,0.0,0.0,0.0,0.0,185.73705758708283,0.0,0.0,0.0,0.0
60,5,278.41873585323657,0.41667936,288.8161160303284,129.90352782580686,0.0,9.0,0.0,0.0,0.0,0.0,278.41873585323657,0.0,0.0,0.0,0.0
60,6,143.89429824868495,1.2531614400000002,149.26794424137447,191.99760090575,0.0,6.0,0.0,0.0,0.0,0.0,143.89429824868495,0.0,0.0,0.0,0.0
60,7,36.96021096372052,1.73589408,38.34046780468934,67.82406057092604,0.0,1.0,0.0,0.0,0.0,0.0,36.96021096372052,0.0,0.0,0.0,0.0
60,8,0.0,2.08304976,0.0,0.0,0.0,0.0,0.0,0.0,0.0,0.0,0.0,0.0,0.0,0.0,0.0
60,9,0.0,1.654224,0.0,0.0,0.0,0.0,0.0,0.0,0.0,0.0,0.0,0.0,0.0,0.0,0.0
60,10,0.0,1.36363584,0.0,0.0,0.0,0.0,0.0,0.0,0.0,0.0,0.0,0.0,0.0,0.0,0.0
60,11,0.0,1.33078272,0.0,0.0,0.0,0.0,0.0,0.0,0.0,0.0,0.0,0.0,0.0,0.0,0.0
60,12,0.0,1.2979296,0.0,0.0,0.0,0.0,0.0,0.0,0.0,0.0,0.0,0.0,0.0,0.0,0.0
60,13,0.0,1.28185008,0.0,0.0,0.0,0.0,0.0,0.0,0.0,0.0,0.0,0.0,0.0,0.0,0.0
60,14,0.0,1.29341808,0.0,0.0,0.0,0.0,0.0,0.0,0.0,0.0,0.0,0.0,0.0,0.0,0.0
60,15,0.0,1.3202558399999995,0.0,0.0,0.0,0.0,0.0,0.0,0.0,0.0,0.0,0.0,0.0,0.0,0.0
60,16,0.0,1.33332768,0.0,0.0,0.0,0.0,0.0,0.0,0.0,0.0,0.0,0.0,0.0,0.0,0.0
60,17,0.0,1.3557696,0.0,0.0,0.0,0.0,0.0,0.0,0.0,0.0,0.0,0.0,0.0,0.0,0.0
60,18,0.0,1.35438144,0.0,0.0,0.0,0.0,0.0,0.0,0.0,0.0,0.0,0.0,0.0,0.0,0.0
60,19,159.62454114538963,0.8224847999999999,165.58562359480254,141.6725426462344,0.0,5.0,0.0,0.0,0.0,0.0,159.62454114538963,0.0,0.0,0.0,0.0
60,20,89.14116210412561,0.36369792,92.47008517025479,36.69193745777994,0.0,5.0,0.0,0.0,0.0,0.0,89.1411621041255,0.0,0.0,0.0,0.0
60,21,172.46844965139346,0.3136084799999999,178.90918013630028,62.02932990310285,0.0,8.0,0.0,0.0,0.0,0.0,172.4684496513926,0.0,0.0,0.0,0.0
60,22,264.4296730053309,0.26305632,274.30464004702384,81.23705275525121,0.0,9.0,0.0,0.0,0.0,0.0,264.4296730053309,0.0,0.0,0.0,0.0
60,23,223.45635446606207,0.24605136,231.8011975789026,64.70761955377937,0.0,9.0,0.0,0.0,0.0,0.0,223.45635446606207,0.0,0.0,0.0,0.0
61,0,317.7985658949867,0.19503648,329.666562131729,75.20896905843395,0.0,12.0,0.0,0.0,0.0,0.0,317.7985658949867,0.0,0.0,0.0,0.0
61,1,350.70015926736323,0.14911152,363.79684571303244,66.28797622857712,0.0,12.0,0.0,0.0,0.0,0.0,350.70015926736323,0.0,0.0,0.0,0.0
61,2,280.2918702651051,0.1210012799999999,290.7592015198186,44.80636512598196,0.0,9.0,0.0,0.0,0.0,0.0,280.2918702651046,0.0,0.0,0.0,0.0
61,3,298.0733225240566,0.1463352,309.20469141499655,55.482205644988184,0.0,8.0,0.0,0.0,0.0,0.0,298.0733225240565,0.0,0.0,0.0,0.0
61,4,344.38535653551855,0.20232432,357.2462204725296,84.10444852731536,0.0,10.0,0.0,0.0,0.0,0.0,344.38535653551855,0.0,0.0,0.0,0.0
61,5,415.19791028763433,0.2550744,430.7032264394547,124.11764385725401,0.0,13.0,0.0,0.0,0.0,0.0,415.1979102876343,0.0,0.0,0.0,0.0
61,6,95.20307871281298,0.27578112,98.75838040748235,30.504599149649202,0.0,7.0,0.0,0.0,0.0,0.0,95.20307871281298,0.0,0.0,0.0,0.0
61,7,176.96105862607996,0.4617945599999999,183.56956289012442,90.84757805590046,0.0,10.0,0.0,0.0,0.0,0.0,176.96105862607996,0.0,0.0,0.0,0.0
61,8,131.56185942360563,0.70553232,136.4749579083046,100.80481478171338,0.0,7.0,0.0,0.0,0.0,0.0,131.56185942360563,0.0,0.0,0.0,0.0
61,9,145.18596324325623,0.3816283199999999,150.60784568802515,62.461338821013904,0.0,5.0,0.0,0.0,0.0,0.0,145.18596324325623,0.0,0.0,0.0,0.0
61,10,30.985753489947854,0.29243904,32.142897811149226,10.46376809625962,0.0,1.0,0.0,0.0,0.0,0.0,30.985753489947854,0.0,0.0,0.0,0.0
61,11,40.43089401918884,0.28006128,41.940761430693826,13.134222533810712,0.0,1.0,0.0,0.0,0.0,0.0,40.43089401918884,0.0,0.0,0.0,0.0
61,12,0.0,0.27508704,0.0,0.0,0.0,0.0,0.0,0.0,0.0,0.0,0.0,0.0,0.0,0.0,0.0
61,13,0.0,0.2724264,0.0,0.0,0.0,0.0,0.0,0.0,0.0,0.0,0.0,0.0,0.0,0.0,0.0
61,14,0.0,0.26826192,0.0,0.0,0.0,0.0,0.0,0.0,0.0,0.0,0.0,0.0,0.0,0.0,0.0
61,15,0.0,0.26189952,0.0,0.0,0.0,0.0,0.0,0.0,0.0,0.0,0.0,0.0,0.0,0.0,0.0
61,16,0.0,0.26328768,0.0,0.0,0.0,0.0,0.0,0.0,0.0,0.0,0.0,0.0,0.0,0.0,0.0
61,17,0.0,0.27150096,0.0,0.0,0.0,0.0,0.0,0.0,0.0,0.0,0.0,0.0,0.0,0.0,0.0
61,18,111.33691492475018,0.27288912,115.49472502567447,35.3401292752481,0.0,5.0,0.0,0.0,0.0,0.0,111.33691492475018,0.0,0.0,0.0,0.0
61,19,190.36721236245683,0.2733518399999999,197.47636137184318,60.516994298906255,0.0,6.0,0.0,0.0,0.0,0.0,190.3672123624568,0.0,0.0,0.0,0.0
61,20,191.61001127593136,0.26340336,198.76557186299934,58.934659909700756,0.0,5.0,0.0,0.0,0.0,0.0,191.61001127593119,0.0,0.0,0.0,0.0
61,21,189.6710021272961,0.26976576,196.75415158433208,59.59009565274395,0.0,7.0,0.0,0.0,0.0,0.0,189.67100212729596,0.0,0.0,0.0,0.0
61,22,133.9599474810235,0.266064,138.96260112139367,41.57260760188063,0.0,7.0,0.0,0.0,0.0,0.0,133.959947481023,0.0,0.0,0.0,0.0
61,23,292.631033858743,0.26074272,303.5591637538828,89.19865035836634,0.0,14.0,0.0,0.0,0.0,0.0,292.631033858743,0.0,0.0,0.0,0.0
62,0,477.93735519589967,0.24905904,495.7856381700204,139.8903997118403,0.0,15.0,0.0,0.0,0.0,0.0,477.93735519589916,0.0,0.0,0.0,0.0
62,1,457.593598841854,0.24917472,474.68215647495225,133.9907728079633,0.0,18.0,0.0,0.0,0.0,0.0,457.5935988418538,0.0,0.0,0.0,0.0
62,2,336.7331641416163,0.254496,349.30826155769336,100.45965879094639,0.0,14.0,0.0,0.0,0.0,0.0,336.7331641416164,0.0,0.0,0.0,0.0
62,3,387.06687291249926,0.26051136,401.5216523988582,117.89131843027604,0.0,15.0,0.0,0.0,0.0,0.0,387.06687291249875,0.0,0.0,0.0,0.0
62,4,255.61212283772613,0.27173232,265.15780377357487,80.8286684904036,0.0,12.0,0.0,0.0,0.0,0.0,255.61212283772613,0.0,0.0,0.0,0.0
62,5,165.82297728598166,0.30273456,172.01553660371545,57.76876204847267,0.0,10.0,0.0,0.0,0.0,0.0,165.82297728598166,0.0,0.0,0.0,0.0
62,6,199.8278182540668,0.73954224,207.29026789840958,160.16121691922731,0.0,9.0,0.0,0.0,0.0,0.0,199.82781825406687,0.0,0.0,0.0,0.0
62,7,0.0,1.3392273600000002,0.0,0.0,0.0,0.0,0.0,0.0,0.0,0.0,0.0,0.0,0.0,0.0,0.0
62,8,0.0,1.35264624,0.0,0.0,0.0,0.0,0.0,0.0,0.0,0.0,0.0,0.0,0.0,0.0,0.0
62,9,0.0,1.3416566399999998,0.0,0.0,0.0,0.0,0.0,0.0,0.0,0.0,0.0,0.0,0.0,0.0,0.0
62,10,0.5236008025256425,1.32314784,0.5431543594664341,0.0,4.8340737992512635,0.0,0.0,0.0,0.0,1.0,0.0,0.0,0.0,0.0,0.5236008025256425
62,11,0.0,1.26183744,0.0,0.0,0.0,0.0,0.0,0.0,0.0,0.0,0.0,0.0,0.0,0.0,0.0
62,12,0.0,0.659376,0.0,0.0,0.0,0.0,0.0,0.0,0.0,0.0,0.0,0.0,0.0,0.0,0.0
62,13,0.0,0.31314576,0.0,0.0,0.0,0.0,0.0,0.0,0.0,0.0,0.0,0.0,0.0,0.0,0.0
62,14,0.0,0.29290176,0.0,0.0,0.0,0.0,0.0,0.0,0.0,0.0,0.0,0.0,0.0,0.0,0.0
62,15,0.0,0.28422576,0.0,0.0,0.0,0.0,0.0,0.0,0.0,0.0,0.0,0.0,0.0,0.0,0.0
62,16,0.0,0.27728496,0.0,0.0,0.0,0.0,0.0,0.0,0.0,0.0,0.0,0.0,0.0,0.0,0.0
62,17,0.0,0.286308,0.0,0.0,0.0,0.0,0.0,0.0,0.0,0.0,0.0,0.0,0.0,0.0,0.0
62,18,90.11840807582854,0.29463696,93.4838258048014,30.638104878435172,0.0,2.0,0.0,0.0,0.0,0.0,90.11840807582854,0.0,0.0,0.0,0.0
62,19,102.90019033404849,0.4619102399999999,106.74293603117064,52.83884638309442,0.0,4.0,0.0,0.0,0.0,0.0,102.90019033404849,0.0,0.0,0.0,0.0
62,20,248.84406401350913,0.28075536,258.1369958646361,81.01767976641388,0.0,10.0,0.0,0.0,0.0,0.0,248.84406401350913,0.0,0.0,0.0,0.0
62,21,259.31651646148606,0.26803056,269.00053574842957,81.00428197022461,0.0,9.0,0.0,0.0,0.0,0.0,259.316516461486,0.0,0.0,0.0,0.0
62,22,234.52719380240393,0.25877616,243.2854707493817,71.00922898612184,0.0,11.0,0.0,0.0,0.0,0.0,234.52719380240393,0.0,0.0,0.0,0.0
62,23,442.92106366440623,0.24940608,459.4616842991767,129.8007193415579,0.0,13.0,0.0,0.0,0.0,0.0,442.92106366440623,0.0,0.0,0.0,0.0
63,0,157.57126281865098,0.28700208,163.45566682432678,52.322498938254,0.0,7.0,0.0,0.0,0.0,0.0,157.57126281865098,0.0,0.0,0.0,0.0
63,1,210.66768219105472,0.28584528,218.53494003221448,69.70068763835785,0.0,8.0,0.0,0.0,0.0,0.0,210.66768219105379,0.0,0.0,0.0,0.0
63,2,334.0469788639315,0.27959856,346.52176230698296,108.35685608205586,0.0,10.0,0.0,0.0,0.0,0.0,334.04697886393143,0.0,0.0,0.0,0.0
63,3,120.28110482722039,0.28619232,124.77293031869335,39.83903839465394,0.0,5.0,0.0,0.0,0.0,0.0,120.28110482722039,0.0,0.0,0.0,0.0
63,4,271.95299266073846,0.29567808,282.10891354848394,92.75122694735654,0.0,8.0,0.0,0.0,0.0,0.0,271.9529926607385,0.0,0.0,0.0,0.0
63,5,133.3741373833256,0.31973952,138.35491429805563,48.81708155056708,0.0,6.0,0.0,0.0,0.0,0.0,133.3741373833256,0.0,0.0,0.0,0.0
63,6,167.04546466227137,0.3435696,173.28367703555122,65.27069331551026,0.0,10.0,0.0,0.0,0.0,0.0,167.04546466227137,0.0,0.0,0.0,0.0
63,7,116.0513434180221,0.4673471999999999,120.38521101454576,60.246441773638566,0.0,8.0,0.0,0.0,0.0,0.0,116.0513434180221,0.0,0.0,0.0,0.0
63,8,195.49952716297219,0.6940799999999999,202.80033938067652,147.47235079084035,0.0,10.0,0.0,0.0,0.0,0.0,195.49952716297219,0.0,0.0,0.0,0.0
63,9,82.42620771800247,0.85533792,85.50436485269967,75.9653200606536,0.0,8.0,0.0,0.0,0.0,0.0,82.42620771800247,0.0,0.0,0.0,0.0
63,10,174.03787727275358,0.85533792,180.53721708791866,160.3961096321789,0.0,6.0,0.0,0.0,0.0,0.0,174.03787727275358,0.0,0.0,0.0,0.0
63,11,0.0,0.52067568,0.0,0.0,0.0,0.0,0.0,0.0,0.0,0.0,0.0,0.0,0.0,0.0,0.0
63,12,0.0,0.47336256,0.0,0.0,0.0,0.0,0.0,0.0,0.0,0.0,0.0,0.0,0.0,0.0,0.0
63,13,0.0,0.4696608,0.0,0.0,0.0,0.0,0.0,0.0,0.0,0.0,0.0,0.0,0.0,0.0,0.0
63,14,0.0,0.5189404799999999,0.0,0.0,0.0,0.0,0.0,0.0,0.0,0.0,0.0,0.0,0.0,0.0,0.0
63,15,0.0,1.00711008,0.0,0.0,0.0,0.0,0.0,0.0,0.0,0.0,0.0,0.0,0.0,0.0,0.0
63,16,0.0,1.19832912,0.0,0.0,0.0,0.0,0.0,0.0,0.0,0.0,0.0,0.0,0.0,0.0,0.0
63,17,0.0,1.2889065599999998,0.0,0.0,0.0,0.0,0.0,0.0,0.0,0.0,0.0,0.0,0.0,0.0,0.0
63,18,0.0,1.31713248,0.0,0.0,0.0,0.0,0.0,0.0,0.0,0.0,0.0,0.0,0.0,0.0,0.0
63,19,0.0,1.31424048,0.0,0.0,0.0,0.0,0.0,0.0,0.0,0.0,0.0,0.0,0.0,0.0,0.0
63,20,0.0,1.29642576,0.0,0.0,0.0,0.0,0.0,0.0,0.0,0.0,0.0,0.0,0.0,0.0,0.0
63,21,0.0,1.2801148800000002,0.0,0.0,0.0,0.0,0.0,0.0,0.0,0.0,0.0,0.0,0.0,0.0,0.0
63,22,65.06352265229219,1.24853424,67.49328075963922,86.50169959148681,0.0,5.0,0.0,0.0,0.0,0.0,65.06352265229219,0.0,0.0,0.0,0.0
63,23,77.40299954151388,1.22401008,80.29356798912228,100.93785367829094,0.0,7.0,0.0,0.0,0.0,0.0,77.40299954151388,0.0,0.0,0.0,0.0
64,0,373.04148455346024,1.21313616,386.97249435006256,482.2591153844437,0.0,16.0,0.0,0.0,0.0,0.0,373.04148455346024,0.0,0.0,0.0,0.0
64,1,220.23735650528,1.1924294400000002,228.46198807601658,279.98689230808736,0.0,12.0,0.0,0.0,0.0,0.0,220.23735650528,0.0,0.0,0.0,0.0
64,2,191.23890590511292,1.1810927999999998,198.38060778538687,240.87230563264063,0.0,9.0,0.0,0.0,0.0,0.0,191.23890590511292,0.0,0.0,0.0,0.0
64,3,102.62487673769658,1.20295632,106.45734101420808,131.58726917100708,0.0,11.0,0.0,0.0,0.0,0.0,102.62487673769658,0.0,0.0,0.0,0.0
64,4,285.0598483141216,1.17102864,295.70523684037505,356.0671446774788,0.0,12.0,0.0,0.0,0.0,0.0,285.0598483141216,0.0,0.0,0.0,0.0
64,5,176.8059491627297,1.18132416,183.4086609571885,222.7359090196584,0.0,10.0,0.0,0.0,0.0,0.0,176.8059491627297,0.0,0.0,0.0,0.0
64,6,249.43637049576893,1.1736892799999998,258.7514216761089,312.25844186348786,0.0,12.0,0.0,0.0,0.0,0.0,249.43637049576893,0.0,0.0,0.0,0.0
64,7,171.094618285404,1.22366304,177.48404386452702,223.05538651867627,0.0,10.0,0.0,0.0,0.0,0.0,171.094618285404,0.0,0.0,0.0,0.0
64,8,179.38504413856117,1.2461049599999998,186.08407068315478,238.03966619488213,0.0,11.0,0.0,0.0,0.0,0.0,179.38504413856117,0.0,0.0,0.0,0.0
64,9,182.10532973213446,1.24622064,188.9059437055337,241.67127280116733,0.0,12.0,0.0,0.0,0.0,0.0,182.10532973213446,0.0,0.0,0.0,0.0
64,10,13.146867161339742,1.21672224,13.637829005539153,17.044861996439916,0.0,1.0,0.0,0.0,0.0,0.0,13.146867161339742,0.0,0.0,0.0,0.0
64,11,0.0,1.2354623999999998,0.0,0.0,0.0,0.0,0.0,0.0,0.0,0.0,0.0,0.0,0.0,0.0,0.0
64,12,0.0,1.23580944,0.0,0.0,0.0,0.0,0.0,0.0,0.0,0.0,0.0,0.0,0.0,0.0,0.0
64,13,0.0,1.21625952,0.0,0.0,0.0,0.0,0.0,0.0,0.0,0.0,0.0,0.0,0.0,0.0,0.0
64,14,0.0,1.2354623999999998,0.0,0.0,0.0,0.0,0.0,0.0,0.0,0.0,0.0,0.0,0.0,0.0,0.0
64,15,0.0,1.27930512,0.0,0.0,0.0,0.0,0.0,0.0,0.0,0.0,0.0,0.0,0.0,0.0,0.0
64,16,0.0,1.3344844799999998,0.0,0.0,0.0,0.0,0.0,0.0,0.0,0.0,0.0,0.0,0.0,0.0,0.0
64,17,0.0,1.6789795200000002,0.0,0.0,0.0,0.0,0.0,0.0,0.0,0.0,0.0,0.0,0.0,0.0,0.0
64,18,0.0,1.92572496,0.0,0.0,0.0,0.0,0.0,0.0,0.0,0.0,0.0,0.0,0.0,0.0,0.0
64,19,0.0,1.96817952,0.0,0.0,0.0,1.0,0.0,0.0,0.0,0.0,0.0,0.0,0.0,0.0,0.0
64,20,12.110953505554342,1.70824656,12.563229777545999,21.87693695561929,0.0,2.0,0.0,0.0,0.0,0.0,12.110953505554342,0.0,0.0,0.0,0.0
64,21,123.37483136653769,1.67724432,127.98219021425072,218.89361209410328,0.0,7.0,0.0,0.0,0.0,0.0,123.37483136653769,0.0,0.0,0.0,0.0
64,22,105.60534518072751,1.58446896,109.54911325801612,177.20324520169132,0.0,10.0,0.0,0.0,0.0,0.0,105.60534518072751,0.0,0.0,0.0,0.0
64,23,424.5483083227922,1.36178496,440.40280946347764,614.3112552623505,0.0,19.0,0.0,0.0,0.0,0.0,424.5483083227922,0.0,0.0,0.0,0.0
65,0,229.3904875605773,1.5107807999999998,237.95693730350348,367.3771467296827,0.0,12.0,0.0,0.0,0.0,0.0,229.3904875605773,0.0,0.0,0.0,0.0
65,1,276.560395701071,1.37103936,286.88837728326877,402.8312624699675,0.0,14.0,0.0,0.0,0.0,0.0,276.560395701071,0.0,0.0,0.0,0.0
65,2,307.2382428060786,1.35125808,318.71187013078696,441.2113526074656,0.0,13.0,0.0,0.0,0.0,0.0,307.2382428060786,0.0,0.0,0.0,0.0
65,3,224.09487360770814,1.3603968,232.4635618337221,323.9372295318939,0.0,12.0,0.0,0.0,0.0,0.0,224.09487360770814,0.0,0.0,0.0,0.0
65,4,207.21051058644662,1.41603888,214.94866243407324,311.49046393721096,0.0,11.0,0.0,0.0,0.0,0.0,207.21051058644662,0.0,0.0,0.0,0.0
65,5,235.0750279883398,1.58990592,243.8537634733816,395.776101731578,0.0,13.0,0.0,0.0,0.0,0.0,235.0750279883398,0.0,0.0,0.0,0.0
65,6,0.0,1.8485664,0.0,0.0,0.0,0.0,0.0,0.0,0.0,0.0,0.0,0.0,0.0,0.0,0.0
65,7,0.0,2.14008,0.0,0.0,0.0,0.0,0.0,0.0,0.0,0.0,0.0,0.0,0.0,0.0,0.0
65,8,2.000452332939126,2.51129712,2.0751580217210854,0.0,18.46890639331766,0.0,0.0,0.0,0.0,1.0,0.0,0.0,0.0,0.0,2.000452332939126
65,9,0.0,2.1978043200000004,0.0,0.0,0.0,0.0,0.0,0.0,0.0,0.0,0.0,0.0,0.0,0.0,0.0
65,10,0.0,1.96956768,0.0,0.0,0.0,0.0,0.0,0.0,0.0,0.0,0.0,0.0,0.0,0.0,0.0
65,11,0.0,1.86059712,0.0,0.0,0.0,0.0,0.0,0.0,0.0,0.0,0.0,0.0,0.0,0.0,0.0
65,12,0.0,1.7342745599999998,0.0,0.0,0.0,0.0,0.0,0.0,0.0,0.0,0.0,0.0,0.0,0.0,0.0
65,13,0.0,1.6767815999999998,0.0,0.0,0.0,0.0,0.0,0.0,0.0,0.0,0.0,0.0,0.0,0.0,0.0
65,14,0.0,1.6692624,0.0,0.0,0.0,0.0,0.0,0.0,0.0,0.0,0.0,0.0,0.0,0.0,0.0
65,15,0.0,1.68638304,0.0,0.0,0.0,0.0,0.0,0.0,0.0,0.0,0.0,0.0,0.0,0.0,0.0
65,16,16.869254235020843,1.758336,17.499226384876394,0.0,155.7431148253999,0.0,0.0,0.0,0.0,1.0,0.0,0.0,0.0,0.0,16.869254235020843
65,17,0.0,1.87436304,0.0,0.0,0.0,0.0,0.0,0.0,0.0,0.0,0.0,0.0,0.0,0.0,0.0
65,18,2.5036900596792613,2.13857616,2.5971888585884457,0.0,23.114980841437166,0.0,0.0,0.0,0.0,1.0,0.0,0.0,0.0,0.0,2.5036900596792613
65,19,0.0,2.04533808,0.0,0.0,0.0,0.0,0.0,0.0,0.0,0.0,0.0,0.0,0.0,0.0,0.0
65,20,163.8234616479537,1.73508432,169.9413502572134,300.48763084443266,0.0,5.0,0.0,0.0,0.0,0.0,163.8234616479537,0.0,0.0,0.0,0.0
65,21,250.91297376511267,1.5454848,260.2831678061335,410.8790523946117,0.0,8.0,0.0,0.0,0.0,0.0,250.91297376511267,0.0,0.0,0.0,0.0
65,22,222.05458121851672,1.3956792,230.34707595281824,329.1151109022069,0.0,11.0,0.0,0.0,0.0,0.0,222.05458121851672,0.0,0.0,0.0,0.0
65,23,303.3420899841632,1.25605344,314.6702178258955,405.65819377580243,0.0,11.0,0.0,0.0,0.0,0.0,303.3420899841632,0.0,0.0,0.0,0.0
66,0,302.04313051434826,1.1677896,313.3227494962119,376.26603131340613,0.0,10.0,0.0,0.0,0.0,0.0,302.04313051434826,0.0,0.0,0.0,0.0
66,1,317.94984814887886,1.12313712,329.82349393037225,381.35416673039106,0.0,10.0,0.0,0.0,0.0,0.0,317.94984814887886,0.0,0.0,0.0,0.0
66,2,352.78100622309967,1.07478288,365.955400646369,405.43572321965326,0.0,12.0,0.0,0.0,0.0,0.0,352.78100622309967,0.0,0.0,0.0,0.0
66,3,315.55416857258103,0.97090224,327.33834914168153,328.64843577615034,0.0,10.0,0.0,0.0,0.0,0.0,315.5541685725809,0.0,0.0,0.0,0.0
66,4,487.6405828746443,0.9306456,505.85122704838614,487.5118943224831,0.0,12.0,0.0,0.0,0.0,0.0,487.6405828746443,0.0,0.0,0.0,0.0
66,5,274.6260064133981,1.01428224,284.88174939149184,298.38008481277933,0.0,11.0,0.0,0.0,0.0,0.0,274.6260064133981,0.0,0.0,0.0,0.0
66,6,233.1659046869572,1.14187728,241.87334511095148,284.195685142967,0.0,11.0,0.0,0.0,0.0,0.0,233.1659046869572,0.0,0.0,0.0,0.0
66,7,255.95752283718264,1.1862984,265.5161025281978,323.7699105971203,0.0,8.0,0.0,0.0,0.0,0.0,255.95752283718264,0.0,0.0,0.0,0.0
66,8,237.09794475722933,1.22146512,245.95222485189768,303.6121985257349,35.12202478791366,9.0,0.0,0.0,0.0,2.0,233.29371645435867,0.0,0.0,0.0,3.804228302870648
66,9,309.24833939687267,1.1388696,320.79703256937,375.4044859014089,4.251789429446856,9.0,0.0,0.0,0.0,1.0,308.78780849687416,0.0,0.0,0.0,0.4605308999985134
66,10,103.67405969892445,1.1255664,107.54570508187186,116.54767576523528,61.925572951115235,3.0,0.0,0.0,0.0,1.0,96.96661561747783,0.0,0.0,0.0,6.7074440814466385
66,11,0.0,1.1209392,0.0,0.0,0.0,0.0,0.0,0.0,0.0,0.0,0.0,0.0,0.0,0.0,0.0
66,12,0.0,1.04007888,0.0,0.0,0.0,0.0,0.0,0.0,0.0,0.0,0.0,0.0,0.0,0.0,0.0
66,13,0.0,1.11249456,0.0,0.0,0.0,0.0,0.0,0.0,0.0,0.0,0.0,0.0,0.0,0.0,0.0
66,14,2.1467075727668994,1.0997697599999998,2.226875075484336,0.0,19.81918817181059,0.0,0.0,0.0,0.0,1.0,0.0,0.0,0.0,0.0,2.1467075727668994
66,15,0.0,1.1290368000000002,0.0,0.0,0.0,0.0,0.0,0.0,0.0,0.0,0.0,0.0,0.0,0.0,0.0
66,16,0.0,1.2331488,0.0,0.0,0.0,0.0,0.0,0.0,0.0,0.0,0.0,0.0,0.0,0.0,0.0
66,17,0.0,1.4274912,0.0,0.0,0.0,0.0,0.0,0.0,0.0,0.0,0.0,0.0,0.0,0.0,0.0
66,18,77.23072187039787,1.72930032,80.11485671203098,141.19444910603755,0.0,2.0,0.0,0.0,0.0,0.0,77.23072187039787,0.0,0.0,0.0,0.0
66,19,283.03335032846496,1.4949326399999998,293.60306050670647,448.63505965814227,0.0,7.0,0.0,0.0,0.0,0.0,283.0333503284648,0.0,0.0,0.0,0.0
66,20,182.96497091476795,1.3112328,189.79768767092108,255.15125690017481,0.0,4.0,0.0,0.0,0.0,0.0,182.96497091476795,0.0,0.0,0.0,0.0
66,21,113.6091450734377,1.30012752,117.85181024215532,157.12327669665933,0.0,4.0,0.0,0.0,0.0,0.0,113.60914507343773,0.0,0.0,0.0,0.0
66,22,399.618814318059,0.78708672,414.5423385042106,340.0021209188983,0.0,12.0,0.0,0.0,0.0,0.0,399.618814318059,0.0,0.0,0.0,0.0
66,23,370.6563313243677,0.66423456,384.4982690086802,268.1239312399297,0.0,9.0,0.0,0.0,0.0,0.0,370.6563313243677,0.0,0.0,0.0,0.0
67,0,345.5168918785744,0.85152048,358.4200123221727,317.0656833420463,0.0,11.0,0.0,0.0,0.0,0.0,345.5168918785744,0.0,0.0,0.0,0.0
67,1,361.5182910535439,0.8214436800000001,375.0189741219335,320.47009421598193,0.0,12.0,0.0,0.0,0.0,0.0,361.5182910535439,0.0,0.0,0.0,0.0
67,2,431.90900006971793,0.8105697599999998,448.0383818150601,377.9964340567001,0.0,12.0,0.0,0.0,0.0,0.0,431.9090000697179,0.0,0.0,0.0,0.0
67,3,259.5589575694419,0.96384576,269.2520306736949,268.4296703515301,0.0,9.0,0.0,0.0,0.0,0.0,259.5589575694419,0.0,0.0,0.0,0.0
67,4,260.69726988627303,1.2467990400000002,270.4328525791214,346.126748400479,0.0,11.0,0.0,0.0,0.0,0.0,260.6972698862728,0.0,0.0,0.0,0.0
67,5,250.89734667178578,1.3253457599999998,260.26695712840854,353.5585443791883,0.0,9.0,0.0,0.0,0.0,0.0,250.89734667178578,0.0,0.0,0.0,0.0
67,6,209.05028523798802,1.5882864,216.85714236305813,351.6092213703262,0.0,7.0,0.0,0.0,0.0,0.0,209.05028523798802,0.0,0.0,0.0,0.0
67,7,210.24688242990646,1.83387504,218.09842575716442,407.184317151919,0.0,8.0,0.0,0.0,0.0,0.0,210.24688242990646,0.0,0.0,0.0,0.0
67,8,0.0,2.0024208,0.0,0.0,0.0,1.0,0.0,0.0,0.0,0.0,0.0,0.0,0.0,0.0,0.0
67,9,217.2858785810142,1.885584,225.40028898445456,432.4719280698492,0.0,8.0,0.0,0.0,0.0,0.0,217.2858785810137,0.0,0.0,0.0,0.0
67,10,99.31779343379728,1.7697883200000002,103.02675667406359,185.74573625515131,0.0,3.0,0.0,0.0,0.0,0.0,99.31779343379728,0.0,0.0,0.0,0.0
67,11,0.0,1.6677585599999998,0.0,0.0,0.0,0.0,0.0,0.0,0.0,0.0,0.0,0.0,0.0,0.0,0.0
67,12,2.1145685117414246,1.58678256,2.193535800561644,0.0,19.52246862499863,0.0,0.0,0.0,0.0,1.0,0.0,0.0,0.0,0.0,2.1145685117414246
67,13,2.5549068114116906,1.5628368,2.650318269099264,0.0,23.587832594983453,0.0,0.0,0.0,0.0,1.0,0.0,0.0,0.0,0.0,2.5549068114116906
67,14,0.0,1.5896745599999995,0.0,0.0,0.0,0.0,0.0,0.0,0.0,0.0,0.0,0.0,0.0,0.0,0.0
67,15,0.0,1.63201344,0.0,0.0,0.0,0.0,0.0,0.0,0.0,0.0,0.0,0.0,0.0,0.0,0.0
67,16,0.0,1.67122896,0.0,0.0,0.0,0.0,0.0,0.0,0.0,0.0,0.0,0.0,0.0,0.0,0.0
67,17,1.0330263989318773,1.77001968,1.0716041482695824,0.0,9.537276919599284,0.0,0.0,0.0,0.0,1.0,0.0,0.0,0.0,0.0,1.0330263989318773
67,18,0.0,1.93058352,0.0,0.0,0.0,0.0,0.0,0.0,0.0,0.0,0.0,0.0,0.0,0.0,0.0
67,19,0.0,1.96679136,0.0,0.0,0.0,0.0,0.0,0.0,0.0,0.0,0.0,0.0,0.0,0.0,0.0
67,20,271.543294276996,1.77881136,281.6839152250996,510.38628592563487,0.0,6.0,0.0,0.0,0.0,0.0,271.54329427699605,0.0,0.0,0.0,0.0
67,21,333.15050672262544,1.5575155199999997,345.591811952931,549.7036996772534,0.0,11.0,0.0,0.0,0.0,0.0,333.1505067226253,0.0,0.0,0.0,0.0
67,22,292.7667473035775,1.49018976,303.69994533566137,462.62301684237264,0.0,10.0,0.0,0.0,0.0,0.0,292.7667473035774,0.0,0.0,0.0,0.0
67,23,314.4037775459039,1.33390608,326.14499745425724,445.84219448155403,0.0,9.0,0.0,0.0,0.0,0.0,314.40377754590384,0.0,0.0,0.0,0.0
68,0,276.8499292034056,1.3148188799999998,287.18872324004735,387.1071021783545,0.0,9.0,0.0,0.0,0.0,0.0,276.8499292034056,0.0,0.0,0.0,0.0
68,1,259.7734441746418,1.28855952,269.474527152118,356.1535742080952,0.0,10.0,0.0,0.0,0.0,0.0,259.7734441746418,0.0,0.0,0.0,0.0
68,2,340.40547907964316,1.28427936,353.1177168875967,465.18999187804326,0.0,12.0,0.0,0.0,0.0,0.0,340.40547907964316,0.0,0.0,0.0,0.0
68,3,454.2103028921293,1.26530784,471.1725133735782,611.7740853567587,0.0,12.0,0.0,0.0,0.0,0.0,454.21030289212916,0.0,0.0,0.0,0.0
68,4,272.7430445756315,1.28659296,282.9284694767962,373.3787093521027,0.0,9.0,0.0,0.0,0.0,0.0,272.74304457563085,0.0,0.0,0.0,0.0
68,5,200.76607137497962,1.30741536,208.26355951761371,279.1805004616354,0.0,10.0,0.0,0.0,0.0,0.0,200.76607137497962,0.0,0.0,0.0,0.0
68,6,121.54379282539938,1.59568992,126.08277264045577,205.36234916242614,0.0,8.0,0.0,0.0,0.0,0.0,121.54379282539935,0.0,0.0,0.0,0.0
68,7,231.32967152863216,1.82878512,239.96853893011635,446.79385190212435,0.0,10.0,0.0,0.0,0.0,0.0,231.3296715286316,0.0,0.0,0.0,0.0
68,8,154.8440222130073,1.89877152,160.62657905913622,310.30991343937364,0.0,5.0,0.0,0.0,0.0,0.0,154.8440222130073,0.0,0.0,0.0,0.0
68,9,249.61740822175682,1.7888755199999995,258.93922014705066,471.7809202758169,0.0,6.0,0.0,0.0,0.0,0.0,249.61740822175682,0.0,0.0,0.0,0.0
68,10,108.09515088880987,1.64682048,112.13189926225091,182.2878851685876,32.23641924047805,3.0,0.0,0.0,0.0,1.0,104.60347581602102,0.0,0.0,0.0,3.4916750727888584
68,11,0.0,1.52477808,0.0,0.0,0.0,0.0,0.0,0.0,0.0,0.0,0.0,0.0,0.0,0.0,0.0
68,12,0.0,1.411296,0.0,0.0,0.0,0.0,0.0,0.0,0.0,0.0,0.0,0.0,0.0,0.0,0.0
68,13,0.0,1.3470936,0.0,0.0,0.0,0.0,0.0,0.0,0.0,0.0,0.0,0.0,0.0,0.0,0.0
68,14,0.0,1.34408592,0.0,0.0,0.0,0.0,0.0,0.0,0.0,0.0,0.0,0.0,0.0,0.0,0.0
68,15,0.0,1.35021696,0.0,0.0,0.0,0.0,0.0,0.0,0.0,0.0,0.0,0.0,0.0,0.0,0.0
68,16,0.0,1.36918848,0.0,0.0,0.0,0.0,0.0,0.0,0.0,0.0,0.0,0.0,0.0,0.0,0.0
68,17,0.0,1.5715128,0.0,0.0,0.0,0.0,0.0,0.0,0.0,0.0,0.0,0.0,0.0,0.0,0.0
68,18,0.0,1.70304096,0.0,0.0,0.0,0.0,0.0,0.0,0.0,0.0,0.0,0.0,0.0,0.0,0.0
68,19,181.62047761409033,1.67782272,188.40298507685722,322.34294768381596,0.0,6.0,0.0,0.0,0.0,0.0,181.6204776140903,0.0,0.0,0.0,0.0
68,20,139.93451091638616,1.5628368,145.16028103359562,231.66663439985726,0.0,3.0,0.0,0.0,0.0,0.0,139.9345109163862,0.0,0.0,0.0,0.0
68,21,236.30489972984432,1.4470411200000002,245.12956403510825,362.82634745603684,0.0,7.0,0.0,0.0,0.0,0.0,236.30489972984375,0.0,0.0,0.0,0.0
68,22,332.85954495519735,1.36282608,345.2899843933582,481.99929437748176,0.0,8.0,0.0,0.0,0.0,0.0,332.85954495519735,0.0,0.0,0.0,0.0
68,23,351.5417557268882,1.26021792,364.6698710859837,471.63407915959255,0.0,10.0,0.0,0.0,0.0,0.0,351.5417557268882,0.0,0.0,0.0,0.0
69,0,253.7542672755062,1.19023152,263.23056771318073,322.01825051102827,0.0,8.0,0.0,0.0,0.0,0.0,253.75426727550604,0.0,0.0,0.0,0.0
69,1,332.4885063095265,1.16466624,344.90508953270387,413.11567224645,0.0,10.0,0.0,0.0,0.0,0.0,332.48850630952643,0.0,0.0,0.0,0.0
69,2,461.33791391691125,1.14592608,478.56630074368394,564.2421495859268,0.0,13.0,0.0,0.0,0.0,0.0,461.33791391691057,0.0,0.0,0.0,0.0
69,3,372.584278694794,1.14338112,386.4982144136867,454.70785217141423,0.0,10.0,0.0,0.0,0.0,0.0,372.5842786947939,0.0,0.0,0.0,0.0
69,4,334.190872947946,1.14627312,346.67103002898966,408.8544942989032,0.0,10.0,0.0,0.0,0.0,0.0,334.19087294794605,0.0,0.0,0.0,0.0
69,5,476.94615858851176,1.2146400000000002,494.7574259216927,617.3286306195329,0.0,13.0,0.0,0.0,0.0,0.0,476.94615858851165,0.0,0.0,0.0,0.0
69,6,165.95673722751846,1.38596208,172.15429172979097,244.29762730300394,0.0,8.0,0.0,0.0,0.0,0.0,165.95673722751846,0.0,0.0,0.0,0.0
69,7,172.41607251380435,1.58377488,178.85484700602112,289.18590929027874,0.0,10.0,0.0,0.0,0.0,0.0,172.41607251380435,0.0,0.0,0.0,0.0
69,8,0.0,1.63004688,0.0,0.0,0.0,5.0,0.0,0.0,0.0,0.0,0.0,0.0,0.0,0.0,0.0
69,9,169.37701647868792,1.58030448,175.70229925175096,283.4788767590756,0.0,7.0,0.0,0.0,0.0,0.0,169.37701647868792,0.0,0.0,0.0,0.0
69,10,30.190423782670216,1.5257035199999998,31.31786699447118,38.736028542570594,57.565380420103075,3.0,0.0,0.0,0.0,2.0,23.955252240537703,0.0,0.0,0.0,6.2351715421325125
69,11,0.0,1.4471568,0.0,0.0,0.0,0.0,0.0,0.0,0.0,0.0,0.0,0.0,0.0,0.0,0.0
69,12,0.0,1.34674656,0.0,0.0,0.0,0.0,0.0,0.0,0.0,0.0,0.0,0.0,0.0,0.0,0.0
69,13,0.0,1.30533312,0.0,0.0,0.0,0.0,0.0,0.0,0.0,0.0,0.0,0.0,0.0,0.0,0.0
69,14,0.24018632509263668,1.32927888,0.24915593889277665,0.0,2.2174878561457123,0.0,0.0,0.0,0.0,1.0,0.0,0.0,0.0,0.0,0.24018632509263668
69,15,0.0,1.30278816,0.0,0.0,0.0,0.0,0.0,0.0,0.0,0.0,0.0,0.0,0.0,0.0,0.0
69,16,6.63023784406403,1.2736368,6.877840087203352,0.0,61.212776776109834,0.0,0.0,0.0,0.0,1.0,0.0,0.0,0.0,0.0,6.63023784406403
69,17,0.0,1.4962051200000002,0.0,0.0,0.0,0.0,0.0,0.0,0.0,0.0,0.0,0.0,0.0,0.0,0.0
69,18,0.0,1.5672326399999994,0.0,0.0,0.0,0.0,0.0,0.0,0.0,0.0,0.0,0.0,0.0,0.0,0.0
69,19,0.0,1.54918656,0.0,0.0,0.0,0.0,0.0,0.0,0.0,0.0,0.0,0.0,0.0,0.0,0.0
69,20,0.0,1.33506288,0.0,0.0,0.0,0.0,0.0,0.0,0.0,0.0,0.0,0.0,0.0,0.0,0.0
69,21,167.39418828772673,1.2604492799999998,173.64542353498626,224.61891258897646,0.0,4.0,0.0,0.0,0.0,0.0,167.39418828772673,0.0,0.0,0.0,0.0
69,22,365.8338273701703,1.15668432,379.49567154581985,451.51799951308664,0.0,10.0,0.0,0.0,0.0,0.0,365.83382737016984,0.0,0.0,0.0,0.0
69,23,330.3021035210901,0.98894832,342.63703684760384,350.19160787987164,0.0,9.0,0.0,0.0,0.0,0.0,330.30210352108946,0.0,0.0,0.0,0.0
70,0,406.268617002298,0.81230496,421.44047406877394,356.28786712249286,0.0,10.0,0.0,0.0,0.0,0.0,406.268617002298,0.0,0.0,0.0,0.0
70,1,486.8567725266586,0.82260048,505.03814577454216,432.16138375758567,0.0,13.0,0.0,0.0,0.0,0.0,486.85677252665846,0.0,0.0,0.0,0.0
70,2,374.9229258283952,0.8453894399999999,388.9241969174224,341.66579995243615,0.0,10.0,0.0,0.0,0.0,0.0,374.9229258283951,0.0,0.0,0.0,0.0
70,3,446.07489554724884,0.93052992,462.7332941361503,445.903647209755,0.0,12.0,0.0,0.0,0.0,0.0,446.07489554724884,0.0,0.0,0.0,0.0
70,4,294.60083504271154,0.99207168,305.6025259779165,313.2950549690243,0.0,9.0,0.0,0.0,0.0,0.0,294.60083504271086,0.0,0.0,0.0,0.0
70,5,439.4020555502837,1.11261024,455.81126094427765,522.227629171171,0.0,12.0,0.0,0.0,0.0,0.0,439.4020555502835,0.0,0.0,0.0,0.0
70,6,203.42732786765464,1.20584832,211.02419903283675,261.44807687107874,0.0,10.0,0.0,0.0,0.0,0.0,203.42732786765458,0.0,0.0,0.0,0.0
70,7,36.807497726398594,1.27352112,38.182051583401034,49.88947500380123,0.0,5.0,0.0,0.0,0.0,0.0,36.807497726398594,0.0,0.0,0.0,0.0
70,8,0.0,1.28717136,0.0,0.0,0.0,1.0,0.0,0.0,0.0,0.0,0.0,0.0,0.0,0.0,0.0
70,9,0.0,1.2304881600000002,0.0,0.0,0.0,5.0,0.0,0.0,0.0,0.0,0.0,0.0,0.0,0.0,0.0
70,10,130.4662230338765,1.08519408,135.33840563680135,151.34813782027356,0.0,3.0,0.0,0.0,0.0,0.0,130.4662230338765,0.0,0.0,0.0,0.0
70,11,0.0,0.9479976,0.0,0.0,0.0,0.0,0.0,0.0,0.0,0.0,0.0,0.0,0.0,0.0,0.0
70,12,0.0,0.90993888,0.0,0.0,0.0,0.0,0.0,0.0,0.0,0.0,0.0,0.0,0.0,0.0,0.0
70,13,0.0,0.6940799999999999,0.0,0.0,0.0,0.0,0.0,0.0,0.0,0.0,0.0,0.0,0.0,0.0,0.0
70,14,0.0,0.70518528,0.0,0.0,0.0,0.0,0.0,0.0,0.0,0.0,0.0,0.0,0.0,0.0,0.0
70,15,0.0,0.9329592,0.0,0.0,0.0,0.0,0.0,0.0,0.0,0.0,0.0,0.0,0.0,0.0,0.0
70,16,0.0,1.13389536,0.0,0.0,0.0,0.0,0.0,0.0,0.0,0.0,0.0,0.0,0.0,0.0,0.0
70,17,0.0,1.2314136,0.0,0.0,0.0,0.0,0.0,0.0,0.0,0.0,0.0,0.0,0.0,0.0,0.0
70,18,0.0,1.32488304,0.0,0.0,0.0,0.0,0.0,0.0,0.0,0.0,0.0,0.0,0.0,0.0,0.0
70,19,0.0,1.27745424,0.0,0.0,0.0,0.0,0.0,0.0,0.0,0.0,0.0,0.0,0.0,0.0,0.0
70,20,81.01750994070485,1.22655504,84.04306010446562,105.86526423761305,0.0,4.0,0.0,0.0,0.0,0.0,81.01750994070485,0.0,0.0,0.0,0.0
70,21,98.90791132048881,1.19636256,102.60156775984316,126.14478615803023,0.0,5.0,0.0,0.0,0.0,0.0,98.90791132048881,0.0,0.0,0.0,0.0
70,22,98.5161072548206,1.17056592,102.19513200707533,123.00879758681776,0.0,3.0,0.0,0.0,0.0,0.0,98.51610725482061,0.0,0.0,0.0,0.0
70,23,47.787194965751404,1.0399632,49.57177901011556,53.19365181428744,0.0,4.0,0.0,0.0,0.0,0.0,47.78719496575114,0.0,0.0,0.0,0.0
71,0,210.81484857742188,0.74995344,218.68760225873638,171.24407923405528,0.0,7.0,0.0,0.0,0.0,0.0,210.81484857742166,0.0,0.0,0.0,0.0
71,1,138.38243467200056,0.69338592,143.55024343568525,104.28723066859774,0.0,6.0,0.0,0.0,0.0,0.0,138.38243467200056,0.0,0.0,0.0,0.0
71,2,204.48498077919254,0.6681676799999999,212.12134935600892,148.75384654135786,0.0,7.0,0.0,0.0,0.0,0.0,204.48498077919254,0.0,0.0,0.0,0.0
71,3,385.42326190989127,0.65278224,399.8166617322524,274.22714753823954,0.0,12.0,0.0,0.0,0.0,0.0,385.4232619098914,0.0,0.0,0.0,0.0
71,4,115.27006003997136,0.66007008,119.57475107880848,82.88563977127777,0.0,6.0,0.0,0.0,0.0,0.0,115.27006003997136,0.0,0.0,0.0,0.0
71,5,67.08495914703566,0.659376,69.59020658406189,48.18954789450485,0.0,4.0,0.0,0.0,0.0,0.0,67.08495914703566,0.0,0.0,0.0,0.0
71,6,245.16632573719903,0.68343744,254.32191466514428,182.23117367006094,0.0,8.0,0.0,0.0,0.0,0.0,245.16632573719892,0.0,0.0,0.0,0.0
71,7,70.12275078309378,0.7527297599999999,72.74144272105164,57.16239047553776,0.0,9.0,0.0,0.0,0.0,0.0,70.12275078309372,0.0,0.0,0.0,0.0
71,8,58.014116852640896,0.94579968,60.180619141743676,58.91078882005476,0.0,6.0,0.0,0.0,0.0,0.0,58.014116852640896,0.0,0.0,0.0,0.0
71,9,66.46211080250538,0.90843504,68.94409834284792,64.91328439099725,0.0,4.0,0.0,0.0,0.0,0.0,66.46211080250538,0.0,0.0,0.0,0.0
71,10,0.0,0.76557024,0.0,0.0,0.0,0.0,0.0,0.0,0.0,0.0,0.0,0.0,0.0,0.0,0.0
71,11,0.0,0.76476048,0.0,0.0,0.0,0.0,0.0,0.0,0.0,0.0,0.0,0.0,0.0,0.0,0.0
71,12,0.0,0.76487616,0.0,0.0,0.0,0.0,0.0,0.0,0.0,0.0,0.0,0.0,0.0,0.0,0.0
71,13,0.0,0.77864208,0.0,0.0,0.0,0.0,0.0,0.0,0.0,0.0,0.0,0.0,0.0,0.0,0.0
71,14,0.0,0.80976,0.0,0.0,0.0,0.0,0.0,0.0,0.0,0.0,0.0,0.0,0.0,0.0,0.0
71,15,0.0,0.8664432000000001,0.0,0.0,0.0,0.0,0.0,0.0,0.0,0.0,0.0,0.0,0.0,0.0,0.0
71,16,0.0,0.9838584,0.0,0.0,0.0,0.0,0.0,0.0,0.0,0.0,0.0,0.0,0.0,0.0,0.0
71,17,0.0,1.1673268799999998,0.0,0.0,0.0,0.0,0.0,0.0,0.0,0.0,0.0,0.0,0.0,0.0,0.0
71,18,101.88931503799097,1.26623328,105.69431020538482,137.33213475650012,0.0,3.0,0.0,0.0,0.0,0.0,101.88931503799014,0.0,0.0,0.0,0.0
71,19,0.0,1.28647728,0.0,0.0,0.0,0.0,0.0,0.0,0.0,0.0,0.0,0.0,0.0,0.0,0.0
71,20,192.53604148014315,1.2244728,199.72618410803236,251.17021658205374,0.0,6.0,0.0,0.0,0.0,0.0,192.53604148014247,0.0,0.0,0.0,0.0
71,21,39.7784912096576,1.17345792,41.263995030765145,49.78740001521032,0.0,5.0,0.0,0.0,0.0,0.0,39.7784912096576,0.0,0.0,0.0,0.0
71,22,126.32593303712272,1.07108112,131.04349900116466,144.69575749582486,0.0,7.0,0.0,0.0,0.0,0.0,126.32593303712221,0.0,0.0,0.0,0.0
71,23,220.3913596610843,0.7521513599999999,228.62174238701692,179.52553413497466,0.0,7.0,0.0,0.0,0.0,0.0,220.3913596610843,0.0,0.0,0.0,0.0
72,0,169.6762208622354,0.57654912,176.0126772429828,107.3059737900285,0.0,7.0,0.0,0.0,0.0,0.0,169.6762208622354,0.0,0.0,0.0,0.0
72,1,267.3736345822257,0.4528872,277.35854209774453,134.792701270165,0.0,11.0,0.0,0.0,0.0,0.0,267.3736345822257,0.0,0.0,0.0,0.0
72,2,297.6097792894986,0.39990576,308.72383743723924,133.67919985962826,0.0,11.0,0.0,0.0,0.0,0.0,297.6097792894986,0.0,0.0,0.0,0.0
72,3,292.13605665721576,0.35236128,303.04570192657246,116.8123841631151,0.0,7.0,0.0,0.0,0.0,0.0,292.1360566572158,0.0,0.0,0.0,0.0
72,4,370.3736600580382,0.3898416,384.2050415539815,162.49629500290746,0.0,11.0,0.0,0.0,0.0,0.0,370.37366005803824,0.0,0.0,0.0,0.0
72,5,256.49110615502894,0.39539424,266.0696121940135,114.00929626416853,0.0,12.0,0.0,0.0,0.0,0.0,256.49110615502894,0.0,0.0,0.0,0.0
72,6,299.8430931097562,0.44525232,311.0405530184193,148.7869701504439,0.0,10.0,0.0,0.0,0.0,0.0,299.8430931097562,0.0,0.0,0.0,0.0
72,7,165.8623433110795,0.89894928,172.05637272933564,160.3650183217889,0.0,9.0,0.0,0.0,0.0,0.0,165.86234331107954,0.0,0.0,0.0,0.0
72,8,128.2983410249293,0.92324208,133.08956537855738,126.03522161584573,11.576379097279057,11.0,0.0,0.0,0.0,1.0,127.04445007551602,0.0,0.0,0.0,1.2538909494131472
72,9,136.59446648491218,0.49117728,141.69550465239854,74.28773376738684,0.0,5.0,0.0,0.0,0.0,0.0,136.59446648491218,0.0,0.0,0.0,0.0
72,10,94.52614856701099,0.36161568,98.05617071266701,38.70430810104644,0.0,2.0,0.0,0.0,0.0,0.0,94.52614856701099,0.0,0.0,0.0,0.0
72,11,0.0,0.35698848,0.0,0.0,0.0,0.0,0.0,0.0,0.0,0.0,0.0,0.0,0.0,0.0,0.0
72,12,0.8239462903963357,0.38498304,0.854716068875867,0.0,7.606973012995217,0.0,0.0,0.0,0.0,1.0,0.0,0.0,0.0,0.0,0.8239462903963357
72,13,0.0,0.3909984,0.0,0.0,0.0,0.0,0.0,0.0,0.0,0.0,0.0,0.0,0.0,0.0,0.0
72,14,0.0,0.37700112,0.0,0.0,0.0,0.0,0.0,0.0,0.0,0.0,0.0,0.0,0.0,0.0,0.0
72,15,0.0,0.36531744,0.0,0.0,0.0,0.0,0.0,0.0,0.0,0.0,0.0,0.0,0.0,0.0,0.0
72,16,0.0,0.36624288,0.0,0.0,0.0,0.0,0.0,0.0,0.0,0.0,0.0,0.0,0.0,0.0,0.0
72,17,0.0,0.54809184,0.0,0.0,0.0,1.0,0.0,0.0,0.0,0.0,0.0,0.0,0.0,0.0,0.0
72,18,87.56236378052013,0.60708864,90.83232757315368,56.626358562505516,21.179452171812137,2.0,0.0,0.0,0.0,1.0,85.26831974752834,0.0,0.0,0.0,2.2940440329917866
72,19,227.7271855082181,0.5653281599999999,236.23152023674078,141.3675939892755,0.0,5.0,0.0,0.0,0.0,0.0,227.7271855082181,0.0,0.0,0.0,0.0
72,20,135.25499796473756,0.50714112,140.30601448624228,75.79907840878377,0.0,3.0,0.0,0.0,0.0,0.0,135.25499796473702,0.0,0.0,0.0,0.0
72,21,213.63413927738458,0.48793824,221.61217767363544,115.46841901763831,0.0,7.0,0.0,0.0,0.0,0.0,213.63413927738458,0.0,0.0,0.0,0.0
72,22,245.49365591477942,0.4002527999999999,254.66146879126498,110.35826055280728,0.0,9.0,0.0,0.0,0.0,0.0,245.49365591477942,0.0,0.0,0.0,0.0
72,23,258.68111653541223,0.26976576,268.3414071944111,81.27142422940479,0.0,9.0,0.0,0.0,0.0,0.0,258.68111653541223,0.0,0.0,0.0,0.0
73,0,298.26842637932316,0.11070576,309.40708130635187,44.49452047664171,0.0,9.0,0.0,0.0,0.0,0.0,298.2684263793231,0.0,0.0,0.0,0.0
73,1,386.62186230161336,0.05286576,401.0600231344538,34.4774296943709,0.0,11.0,0.0,0.0,0.0,0.0,386.62186230161336,0.0,0.0,0.0,0.0
73,2,262.33423771710557,0.0485856,272.1309519886987,22.229180091768047,0.0,8.0,0.0,0.0,0.0,0.0,262.33423771710557,0.0,0.0,0.0,0.0
73,3,364.07573414474194,0.0286886399999999,377.67192338666183,23.335834512245984,0.0,9.0,0.0,0.0,0.0,0.0,364.07573414474194,0.0,0.0,0.0,0.0
73,4,579.7019944211366,0.05298144,601.3506166194364,51.76512702348903,0.0,13.0,0.0,0.0,0.0,0.0,579.7019944211366,0.0,0.0,0.0,0.0
73,5,244.3314691572748,0.31210464,253.45588086854235,87.49414611110805,0.0,11.0,0.0,0.0,0.0,0.0,244.3314691572748,0.0,0.0,0.0,0.0
73,6,302.8371008576061,0.4927968,314.1463701842388,165.20857081150655,0.0,11.0,0.0,0.0,0.0,0.0,302.837100857606,0.0,0.0,0.0,0.0
73,7,193.26597512325623,0.8036289600000001,200.48337668387575,167.7502472699876,0.0,10.0,0.0,0.0,0.0,0.0,193.26597512325623,0.0,0.0,0.0,0.0
73,8,204.69256536165682,1.0708497599999998,212.33668605981,234.40903361492252,0.0,9.0,0.0,0.0,0.0,0.0,204.69256536165682,0.0,0.0,0.0,0.0
73,9,190.58679991327986,0.94117248,197.70414928763475,192.6177118327541,0.0,6.0,0.0,0.0,0.0,0.0,190.5867999132799,0.0,0.0,0.0,0.0
73,10,75.51438161220182,0.85348704,78.33442075954547,69.45028223131996,0.0,2.0,0.0,0.0,0.0,0.0,75.51438161220182,0.0,0.0,0.0,0.0
73,11,0.0,0.7049539199999999,0.0,0.0,0.0,0.0,0.0,0.0,0.0,0.0,0.0,0.0,0.0,0.0,0.0
73,12,0.0,0.6161116799999999,0.0,0.0,0.0,0.0,0.0,0.0,0.0,0.0,0.0,0.0,0.0,0.0,0.0
73,13,0.0,0.6894528,0.0,0.0,0.0,0.0,0.0,0.0,0.0,0.0,0.0,0.0,0.0,0.0,0.0
73,14,0.0,0.7571256,0.0,0.0,0.0,0.0,0.0,0.0,0.0,0.0,0.0,0.0,0.0,0.0,0.0
73,15,0.0,0.69199776,0.0,0.0,0.0,0.0,0.0,0.0,0.0,0.0,0.0,0.0,0.0,0.0,0.0
73,16,0.0,0.91190544,0.0,0.0,0.0,0.0,0.0,0.0,0.0,0.0,0.0,0.0,0.0,0.0,0.0
73,17,0.0,1.15575888,0.0,0.0,0.0,0.0,0.0,0.0,0.0,0.0,0.0,0.0,0.0,0.0,0.0
73,18,54.540401547697066,1.20376608,56.5771800287314,69.97839487959129,0.0,2.0,0.0,0.0,0.0,0.0,54.540401547697066,0.0,0.0,0.0,0.0
73,19,146.39937849879288,1.2035347200000002,151.86657520621668,187.80347970749872,0.0,6.0,0.0,0.0,0.0,0.0,146.39937849879288,0.0,0.0,0.0,0.0
73,20,206.19330923260623,1.148124,213.8934743076828,252.65610529561826,0.0,10.0,0.0,0.0,0.0,0.0,206.19330923260605,0.0,0.0,0.0,0.0
73,21,307.4052631670623,0.7379227199999999,318.8851277666621,245.86767857819933,0.0,10.0,0.0,0.0,0.0,0.0,307.4052631670623,0.0,0.0,0.0,0.0
73,22,200.39953585887883,0.62860512,207.8833359531938,137.55746776290846,0.0,9.0,0.0,0.0,0.0,0.0,200.39953585887883,0.0,0.0,0.0,0.0
73,23,398.1489221471554,0.58510944,413.0175540945595,255.33135082696737,0.0,12.0,0.0,0.0,0.0,0.0,398.1489221471554,0.0,0.0,0.0,0.0
74,0,208.9920165631005,0.69211344,216.79669767956486,157.22387890483725,0.0,8.0,0.0,0.0,0.0,0.0,208.99201656309998,0.0,0.0,0.0,0.0
74,1,302.329635116358,0.6587976,313.61995344020545,216.9928930973899,0.0,11.0,0.0,0.0,0.0,0.0,302.329635116358,0.0,0.0,0.0,0.0
74,2,319.98347417294184,0.65868192,331.93306449475295,229.625292667664,0.0,12.0,0.0,0.0,0.0,0.0,319.98347417294184,0.0,0.0,0.0,0.0
74,3,303.60223140202487,0.65902896,314.9400740684905,217.97914592734733,0.0,13.0,0.0,0.0,0.0,0.0,303.60223140202487,0.0,0.0,0.0,0.0
74,4,434.20616034452195,0.6358929600000001,450.42132815821776,301.3286975716975,0.0,13.0,0.0,0.0,0.0,0.0,434.20616034452195,0.0,0.0,0.0,0.0
74,5,337.1120484893457,0.66203664,349.7012951134292,243.09018328879756,0.0,12.0,0.0,0.0,0.0,0.0,337.1120484893456,0.0,0.0,0.0,0.0
74,6,0.0,1.30556448,0.0,0.0,0.0,1.0,0.0,0.0,0.0,0.0,0.0,0.0,0.0,0.0,0.0
74,7,0.0,1.5770654400000002,0.0,0.0,0.0,3.0,0.0,0.0,0.0,0.0,0.0,0.0,0.0,0.0,0.0
74,8,0.0,1.7199302399999998,0.0,0.0,0.0,3.0,0.0,0.0,0.0,0.0,0.0,0.0,0.0,0.0,0.0
74,9,0.0,1.29133584,0.0,0.0,0.0,3.0,0.0,0.0,0.0,0.0,0.0,0.0,0.0,0.0,0.0
74,10,62.68012895502942,1.19462736,65.02088065874422,79.82791415603509,0.0,3.0,0.0,0.0,0.0,0.0,62.68012895502942,0.0,0.0,0.0,0.0
74,11,0.0,0.6947740800000001,0.0,0.0,0.0,0.0,0.0,0.0,0.0,0.0,0.0,0.0,0.0,0.0,0.0
74,12,0.0,0.61460784,0.0,0.0,0.0,0.0,0.0,0.0,0.0,0.0,0.0,0.0,0.0,0.0,0.0
74,13,0.0,0.5873073600000001,0.0,0.0,0.0,0.0,0.0,0.0,0.0,0.0,0.0,0.0,0.0,0.0,0.0
74,14,0.0,0.69431136,0.0,0.0,0.0,0.0,0.0,0.0,0.0,0.0,0.0,0.0,0.0,0.0,0.0
74,15,3.169986302768655,1.0602072,3.2883675339923806,0.0,29.26647105253219,0.0,0.0,0.0,0.0,1.0,0.0,0.0,0.0,0.0,3.169986302768655
74,16,0.0,1.1689464,0.0,0.0,0.0,0.0,0.0,0.0,0.0,0.0,0.0,0.0,0.0,0.0,0.0
74,17,0.0,1.25015376,0.0,0.0,0.0,0.0,0.0,0.0,0.0,0.0,0.0,0.0,0.0,0.0,0.0
74,18,0.0,1.28670864,0.0,0.0,0.0,0.0,0.0,0.0,0.0,0.0,0.0,0.0,0.0,0.0,0.0
74,19,164.92246955554157,1.26704304,171.0813999538813,222.43029142349505,0.0,4.0,0.0,0.0,0.0,0.0,164.92246955554157,0.0,0.0,0.0,0.0
74,20,191.6305268066339,1.21764768,198.78685353385262,248.63219587196596,0.0,10.0,0.0,0.0,0.0,0.0,191.63052680663387,0.0,0.0,0.0,0.0
74,21,256.8535604018337,1.21533408,266.445602076591,332.63977009853494,0.0,10.0,0.0,0.0,0.0,0.0,256.8535604018336,0.0,0.0,0.0,0.0
74,22,400.24041852331845,0.94475856,415.1871561445213,405.99431463797674,0.0,10.0,0.0,0.0,0.0,0.0,400.24041852331834,0.0,0.0,0.0,0.0
74,23,423.17946914548224,0.84342288,438.9828518106663,384.77851353969845,0.0,10.0,0.0,0.0,0.0,0.0,423.17946914548145,0.0,0.0,0.0,0.0
75,0,399.7756159122149,0.3815126399999999,414.70499575955904,171.94193311305952,0.0,11.0,0.0,0.0,0.0,0.0,399.7756159122149,0.0,0.0,0.0,0.0
75,1,427.33307510306827,0.40441728,443.2915716836808,193.94772268996903,0.0,12.0,0.0,0.0,0.0,0.0,427.33307510306827,0.0,0.0,0.0,0.0
75,2,308.99073926324826,0.42026544,320.529812513743,145.3171394834106,0.0,12.0,0.0,0.0,0.0,0.0,308.9907392632475,0.0,0.0,0.0,0.0
75,3,308.33408912108655,0.4431700799999999,319.84864016710225,152.33433744027695,0.0,9.0,0.0,0.0,0.0,0.0,308.33408912108644,0.0,0.0,0.0,0.0
75,4,445.1820259871385,0.50876064,461.8070808995213,250.2350804127464,0.0,12.0,0.0,0.0,0.0,0.0,445.1820259871385,0.0,0.0,0.0,0.0
75,5,230.28844654787443,1.04019456,238.8884300289154,256.3976523969755,0.0,10.0,0.0,0.0,0.0,0.0,230.28844654787443,0.0,0.0,0.0,0.0
75,6,218.46928858585096,1.25362416,226.6278927239118,291.60758489774554,0.0,9.0,0.0,0.0,0.0,0.0,218.46928858585036,0.0,0.0,0.0,0.0
75,7,0.0,1.57683408,0.0,0.0,0.0,1.0,0.0,0.0,0.0,0.0,0.0,0.0,0.0,0.0,0.0
75,8,0.0,1.54722,0.0,0.0,0.0,1.0,0.0,0.0,0.0,0.0,0.0,0.0,0.0,0.0,0.0
75,9,0.0,1.30128432,0.0,0.0,0.0,2.0,0.0,0.0,0.0,0.0,0.0,0.0,0.0,0.0,0.0
75,10,29.546785345032006,1.16755824,30.650192266630714,36.80040590251444,0.0,2.0,0.0,0.0,0.0,0.0,29.546785345032006,0.0,0.0,0.0,0.0
75,11,0.0,1.05858768,0.0,0.0,0.0,0.0,0.0,0.0,0.0,0.0,0.0,0.0,0.0,0.0,0.0
75,12,0.0,0.9879072,0.0,0.0,0.0,0.0,0.0,0.0,0.0,0.0,0.0,0.0,0.0,0.0,0.0
75,13,0.0,0.90797232,0.0,0.0,0.0,0.0,0.0,0.0,0.0,0.0,0.0,0.0,0.0,0.0,0.0
75,14,0.0,0.93099264,0.0,0.0,0.0,0.0,0.0,0.0,0.0,0.0,0.0,0.0,0.0,0.0,0.0
75,15,0.0,0.98200752,0.0,0.0,0.0,0.0,0.0,0.0,0.0,0.0,0.0,0.0,0.0,0.0,0.0
75,16,0.0,1.07917872,0.0,0.0,0.0,0.0,0.0,0.0,0.0,0.0,0.0,0.0,0.0,0.0,0.0
75,17,0.0,1.15136304,0.0,0.0,0.0,0.0,0.0,0.0,0.0,0.0,0.0,0.0,0.0,0.0,0.0
75,18,0.0,1.16825232,0.0,0.0,0.0,0.0,0.0,0.0,0.0,0.0,0.0,0.0,0.0,0.0,0.0
75,19,181.37858864976005,1.15124736,188.15206291468888,222.83739899156564,0.0,5.0,0.0,0.0,0.0,0.0,181.37858864976005,0.0,0.0,0.0,0.0
75,20,194.41093418514134,1.110528,201.67109355305124,230.63670937788885,0.0,5.0,0.0,0.0,0.0,0.0,194.4109341851409,0.0,0.0,0.0,0.0
75,21,198.28764376893358,1.023768,205.69257652379002,217.38990196554488,0.0,6.0,0.0,0.0,0.0,0.0,198.28764376893358,0.0,0.0,0.0,0.0
75,22,253.91798169144457,0.55144656,263.400395945482,153.96979535256946,0.0,7.0,0.0,0.0,0.0,0.0,253.91798169144397,0.0,0.0,0.0,0.0
75,23,244.46980988221944,0.49557312,253.59938784462597,134.07117960190848,0.0,6.0,0.0,0.0,0.0,0.0,244.46980988221944,0.0,0.0,0.0,0.0
76,0,310.8366411569817,0.3922708799999999,322.4446485030931,137.15856388505136,0.0,8.0,0.0,0.0,0.0,0.0,310.8366411569817,0.0,0.0,0.0,0.0
76,1,202.25680870385878,0.37734816,209.8099675351232,86.11611512445106,0.0,9.0,0.0,0.0,0.0,0.0,202.25680870385867,0.0,0.0,0.0,0.0
76,2,331.08726971163253,0.36520176,343.4515245971292,136.79734672171983,0.0,9.0,0.0,0.0,0.0,0.0,331.0872697116324,0.0,0.0,0.0,0.0
76,3,240.879963387895,0.34692432,249.87548069283713,94.95875963496857,0.0,10.0,0.0,0.0,0.0,0.0,240.879963387895,0.0,0.0,0.0,0.0
76,4,362.64011186376086,0.3418344,376.18268865535373,141.04383066138186,0.0,11.0,0.0,0.0,0.0,0.0,362.64011186376086,0.0,0.0,0.0,0.0
76,5,483.17596398129575,0.3429912,501.2198796486471,188.5043860009153,0.0,17.0,0.0,0.0,0.0,0.0,483.17596398129524,0.0,0.0,0.0,0.0
76,6,319.1608541309347,0.36335088,331.0797242022145,131.25684801012522,0.0,11.0,0.0,0.0,0.0,0.0,319.1608541309346,0.0,0.0,0.0,0.0
76,7,0.0,0.38509872,0.0,0.0,0.0,5.0,0.0,0.0,0.0,0.0,0.0,0.0,0.0,0.0,0.0
76,8,114.97125365274985,0.38822208,119.26478594683596,50.2488876858757,0.0,6.0,0.0,0.0,0.0,0.0,114.9712536527498,0.0,0.0,0.0,0.0
76,9,197.10769726756163,0.37954608,204.46856563025065,84.37315209054567,0.0,8.0,0.0,0.0,0.0,0.0,197.10769726756124,0.0,0.0,0.0,0.0
76,10,76.49692218176702,0.38012448,79.35365371552595,32.79087229269828,0.0,2.0,0.0,0.0,0.0,0.0,76.49692218176702,0.0,0.0,0.0,0.0
76,11,7.055960478387227,0.37665408,7.319461077165174,0.0,65.14320358677006,0.0,0.0,0.0,0.0,1.0,0.0,0.0,0.0,0.0,7.055960478387227
76,12,0.8804076619621206,0.3760756799999999,0.9132859563922414,0.0,8.128245011890948,0.0,0.0,0.0,0.0,1.0,0.0,0.0,0.0,0.0,0.8804076619621206
76,13,0.0,0.3736464,0.0,0.0,0.0,0.0,0.0,0.0,0.0,0.0,0.0,0.0,0.0,0.0,0.0
76,14,0.0,0.37410912,0.0,0.0,0.0,0.0,0.0,0.0,0.0,0.0,0.0,0.0,0.0,0.0,0.0
76,15,0.0,0.34865952,0.0,0.0,0.0,0.0,0.0,0.0,0.0,0.0,0.0,0.0,0.0,0.0,0.0
76,16,0.0,0.34449504,0.0,0.0,0.0,0.0,0.0,0.0,0.0,0.0,0.0,0.0,0.0,0.0,0.0
76,17,0.0,0.33975216,0.0,0.0,0.0,0.0,0.0,0.0,0.0,0.0,0.0,0.0,0.0,0.0,0.0
76,18,104.16417792220838,0.33454656,108.0541264753199,39.725727892456284,0.0,3.0,0.0,0.0,0.0,0.0,104.16417792220764,0.0,0.0,0.0,0.0
76,19,170.72411099940268,0.3071304,177.09970020684923,60.254701841256406,0.0,5.0,0.0,0.0,0.0,0.0,170.72411099940268,0.0,0.0,0.0,0.0
76,20,160.55334207981102,0.27982992,166.54911004129775,52.11819968129451,0.0,7.0,0.0,0.0,0.0,0.0,160.553342079811,0.0,0.0,0.0,0.0
76,21,258.91589461253386,0.2701128,268.5849529175663,81.43839561200345,0.0,7.0,0.0,0.0,0.0,0.0,258.9158946125337,0.0,0.0,0.0,0.0
76,22,143.5586059247575,0.2585448,148.91971568958246,43.43166069834515,0.0,5.0,0.0,0.0,0.0,0.0,143.558605924757,0.0,0.0,0.0,0.0
76,23,180.57711830811687,0.21250416,187.32066214534947,46.00673387685235,0.0,7.0,0.0,0.0,0.0,0.0,180.5771183081167,0.0,0.0,0.0,0.0
77,0,400.9459189686695,0.0469660799999999,415.9190030795327,33.301004174086074,0.0,11.0,0.0,0.0,0.0,0.0,400.94591896866933,0.0,0.0,0.0,0.0
77,1,241.40370558854886,0.04719744,250.41878173085982,20.107987100906815,0.0,10.0,0.0,0.0,0.0,0.0,241.40370558854823,0.0,0.0,0.0,0.0
77,2,406.0500423197668,0.0469660799999999,421.2137368462312,33.72493275142925,0.0,9.0,0.0,0.0,0.0,0.0,406.0500423197667,0.0,0.0,0.0,0.0
77,3,299.3534470426131,0.1149859199999999,310.532621413499,45.985508932029674,0.0,10.0,0.0,0.0,0.0,0.0,299.3534470426131,0.0,0.0,0.0,0.0
77,4,343.06286046698364,0.19931664,355.874336584008,82.7111175710842,0.0,9.0,0.0,0.0,0.0,0.0,343.06286046698364,0.0,0.0,0.0,0.0
77,5,236.69233824231512,0.24327504,245.5314712057211,67.85877017574002,0.0,9.0,0.0,0.0,0.0,0.0,236.69233824231512,0.0,0.0,0.0,0.0
77,6,280.89414877338373,0.24917472,291.38397175662215,82.2503290400884,0.0,9.0,0.0,0.0,0.0,0.0,280.89414877338373,0.0,0.0,0.0,0.0
77,7,232.18828386267205,0.2657169599999999,240.8592156251785,71.97281860110031,0.0,10.0,0.0,0.0,0.0,0.0,232.18828386267205,0.0,0.0,0.0,0.0
77,8,179.90114572558588,0.3322329599999999,186.6194457734294,68.17823451796643,0.0,9.0,0.0,0.0,0.0,0.0,179.90114572558537,0.0,0.0,0.0,0.0
77,9,31.424231034555582,0.34542048,32.59775003584604,12.33891599048846,0.0,6.0,0.0,0.0,0.0,0.0,31.424231034555582,0.0,0.0,0.0,0.0
77,10,31.813296987159596,0.3781579199999999,33.00134542236473,13.572064675603238,0.0,1.0,0.0,0.0,0.0,0.0,31.813296987159596,0.0,0.0,0.0,0.0
77,11,0.0,0.37919904,0.0,0.0,0.0,0.0,0.0,0.0,0.0,0.0,0.0,0.0,0.0,0.0,0.0
77,12,0.0,0.37491888,0.0,0.0,0.0,0.0,0.0,0.0,0.0,0.0,0.0,0.0,0.0,0.0,0.0
77,13,0.0,0.36878784,0.0,0.0,0.0,0.0,0.0,0.0,0.0,0.0,0.0,0.0,0.0,0.0,0.0
77,14,0.0,0.3516671999999999,0.0,0.0,0.0,0.0,0.0,0.0,0.0,0.0,0.0,0.0,0.0,0.0,0.0
77,15,0.0,0.3620783999999999,0.0,0.0,0.0,0.0,0.0,0.0,0.0,0.0,0.0,0.0,0.0,0.0,0.0
77,16,0.0,0.38602416,0.0,0.0,0.0,0.0,0.0,0.0,0.0,0.0,0.0,0.0,0.0,0.0,0.0
77,17,0.0,0.6351988799999999,0.0,0.0,0.0,0.0,0.0,0.0,0.0,0.0,0.0,0.0,0.0,0.0,0.0
77,18,0.0,1.1197823999999998,0.0,0.0,0.0,0.0,0.0,0.0,0.0,0.0,0.0,0.0,0.0,0.0,0.0
77,19,18.782618955832206,0.6360086399999999,19.484044559991915,13.036942557235587,0.0,1.0,0.0,0.0,0.0,0.0,18.782618955832206,0.0,0.0,0.0,0.0
77,20,128.29520289454794,0.4014096,133.086310056585,57.82727934816272,0.0,7.0,0.0,0.0,0.0,0.0,128.29520289454774,0.0,0.0,0.0,0.0
77,21,102.97767690631636,0.40407024,106.82331629285929,46.699974821345215,0.0,10.0,0.0,0.0,0.0,0.0,102.97767690631636,0.0,0.0,0.0,0.0
77,22,216.01190330423972,0.39030432,224.0787378674686,94.8759056332338,0.0,12.0,0.0,0.0,0.0,0.0,216.01190330423958,0.0,0.0,0.0,0.0
77,23,172.76031613573397,0.38509872,179.21194619889417,74.94620650908641,0.0,9.0,0.0,0.0,0.0,0.0,172.76031613573397,0.0,0.0,0.0,0.0
78,0,67.75201449900402,0.4170264,70.28217271680916,31.63586138919553,0.0,7.0,0.0,0.0,0.0,0.0,67.75201449900402,0.0,0.0,0.0,0.0
78,1,76.69108969384706,0.4269748799999999,79.55507229652184,36.6012903402136,0.0,7.0,0.0,0.0,0.0,0.0,76.69108969384706,0.0,0.0,0.0,0.0
78,2,212.99120971553458,0.44906976,220.94523829412304,106.5331125214201,0.0,10.0,0.0,0.0,0.0,0.0,212.9912097155345,0.0,0.0,0.0,0.0
78,3,137.9396472154839,0.46086912,143.09092034801236,70.68249600429776,0.0,9.0,0.0,0.0,0.0,0.0,137.9396472154839,0.0,0.0,0.0,0.0
78,4,76.51492121215921,0.48597168,79.37232490887885,41.199926035957596,0.0,4.0,0.0,0.0,0.0,0.0,76.51492121215921,0.0,0.0,0.0,0.0
78,5,78.60435677489062,0.5062156800000001,81.53978918557118,43.975686851672975,0.0,7.0,0.0,0.0,0.0,0.0,78.60435677489062,0.0,0.0,0.0,0.0
78,6,45.36658986676677,0.5261126399999999,47.060777870090014,26.31698183318661,0.0,5.0,0.0,0.0,0.0,0.0,45.36658986676677,0.0,0.0,0.0,0.0
78,7,41.47161161613369,0.56902992,43.02034400013869,25.90383629117599,0.0,5.0,0.0,0.0,0.0,0.0,41.47161161613369,0.0,0.0,0.0,0.0
78,8,0.0,0.6940799999999999,0.0,0.0,0.0,0.0,0.0,0.0,0.0,0.0,0.0,0.0,0.0,0.0,0.0
78,9,0.0,0.88182864,0.0,0.0,0.0,0.0,0.0,0.0,0.0,0.0,0.0,0.0,0.0,0.0,0.0
78,10,0.0,0.8377545599999999,0.0,0.0,0.0,0.0,0.0,0.0,0.0,0.0,0.0,0.0,0.0,0.0,0.0
78,11,0.0,0.7756344,0.0,0.0,0.0,0.0,0.0,0.0,0.0,0.0,0.0,0.0,0.0,0.0,0.0
78,12,0.0,0.6358929600000001,0.0,0.0,0.0,0.0,0.0,0.0,0.0,0.0,0.0,0.0,0.0,0.0,0.0
78,13,0.0,0.52009728,0.0,0.0,0.0,0.0,0.0,0.0,0.0,0.0,0.0,0.0,0.0,0.0,0.0
78,14,0.0,0.57770592,0.0,0.0,0.0,0.0,0.0,0.0,0.0,0.0,0.0,0.0,0.0,0.0,0.0
78,15,0.0,0.6360086399999999,0.0,0.0,0.0,0.0,0.0,0.0,0.0,0.0,0.0,0.0,0.0,0.0,0.0
78,16,0.0,0.91410336,0.0,0.0,0.0,0.0,0.0,0.0,0.0,0.0,0.0,0.0,0.0,0.0,0.0
78,17,0.0,1.14280272,0.0,0.0,0.0,0.0,0.0,0.0,0.0,0.0,0.0,0.0,0.0,0.0,0.0
78,18,0.0,1.15610592,0.0,0.0,0.0,0.0,0.0,0.0,0.0,0.0,0.0,0.0,0.0,0.0,0.0
78,19,27.883310761689977,0.6184252800000001,28.924596225819478,18.845105654913983,0.0,8.0,0.0,0.0,0.0,0.0,27.883310761689977,0.0,0.0,0.0,0.0
78,20,225.91865277884864,0.38729664,234.35544894071433,98.52224330036788,0.0,13.0,0.0,0.0,0.0,0.0,225.91865277884864,0.0,0.0,0.0,0.0
78,21,109.77064660497388,0.36520176,113.86996535785673,45.35460761317337,0.0,11.0,0.0,0.0,0.0,0.0,109.77064660497388,0.0,0.0,0.0,0.0
78,22,234.96113112261838,0.3274900799999999,243.73561319773694,87.88864426182101,0.0,16.0,0.0,0.0,0.0,0.0,234.96113112261838,0.0,0.0,0.0,0.0
78,23,527.7096295043589,0.28839024,547.4166281165549,175.989103153182,0.0,18.0,0.0,0.0,0.0,0.0,527.7096295043586,0.0,0.0,0.0,0.0
79,0,326.21881969007933,0.29995824,338.4012652386715,112.7073298141651,0.0,16.0,0.0,0.0,0.0,0.0,326.2188196900791,0.0,0.0,0.0,0.0
79,1,361.3475504763761,0.29833872,374.8418573406392,124.23710539940409,0.0,13.0,0.0,0.0,0.0,0.0,361.3475504763761,0.0,0.0,0.0,0.0
79,2,270.7820689147183,0.3045854399999999,280.8942623596663,94.85390257839931,0.0,12.0,0.0,0.0,0.0,0.0,270.7820689147183,0.0,0.0,0.0,0.0
79,3,162.0183528198229,0.33246432,168.06883072595733,61.439967817529705,0.0,8.0,0.0,0.0,0.0,0.0,162.0183528198229,0.0,0.0,0.0,0.0
79,4,198.04039857086073,0.38787504,205.43609810255265,86.48346961616603,0.0,12.0,0.0,0.0,0.0,0.0,198.04039857086073,0.0,0.0,0.0,0.0
79,5,162.6664917883899,0.451152,168.74117405434635,81.71325101816534,0.0,11.0,0.0,0.0,0.0,0.0,162.6664917883899,0.0,0.0,0.0,0.0
79,6,197.69540394368846,0.47440368,205.07821985859798,104.07795126608757,0.0,12.0,0.0,0.0,0.0,0.0,197.6954039436885,0.0,0.0,0.0,0.0
79,7,0.0,1.1940489600000002,0.0,0.0,0.0,0.0,0.0,0.0,0.0,0.0,0.0,0.0,0.0,0.0,0.0
79,8,0.0,1.2071208,0.0,0.0,0.0,0.0,0.0,0.0,0.0,0.0,0.0,0.0,0.0,0.0,0.0
79,9,0.0,1.19832912,0.0,0.0,0.0,0.0,0.0,0.0,0.0,0.0,0.0,0.0,0.0,0.0,0.0
79,10,0.0,1.194396,0.0,0.0,0.0,0.0,0.0,0.0,0.0,0.0,0.0,0.0,0.0,0.0,0.0
79,11,0.0,1.17253248,0.0,0.0,0.0,0.0,0.0,0.0,0.0,0.0,0.0,0.0,0.0,0.0,0.0
79,12,0.0,1.11966672,0.0,0.0,0.0,0.0,0.0,0.0,0.0,0.0,0.0,0.0,0.0,0.0,0.0
79,13,0.0,1.1016206400000002,0.0,0.0,0.0,0.0,0.0,0.0,0.0,0.0,0.0,0.0,0.0,0.0,0.0
79,14,0.0,1.10092656,0.0,0.0,0.0,0.0,0.0,0.0,0.0,0.0,0.0,0.0,0.0,0.0,0.0
79,15,0.0,1.119204,0.0,0.0,0.0,0.0,0.0,0.0,0.0,0.0,0.0,0.0,0.0,0.0,0.0
79,16,0.0,1.15055328,0.0,0.0,0.0,0.0,0.0,0.0,0.0,0.0,0.0,0.0,0.0,0.0,0.0
79,17,0.0,1.21209504,0.0,0.0,0.0,0.0,0.0,0.0,0.0,0.0,0.0,0.0,0.0,0.0,0.0
79,18,0.0,1.25871408,0.0,0.0,0.0,0.0,0.0,0.0,0.0,0.0,0.0,0.0,0.0,0.0,0.0
79,19,0.0,1.3916304,0.0,0.0,0.0,0.0,0.0,0.0,0.0,0.0,0.0,0.0,0.0,0.0,0.0
79,20,0.0,1.24911264,0.0,0.0,0.0,0.0,0.0,0.0,0.0,0.0,0.0,0.0,0.0,0.0,0.0
79,21,0.0,1.23800736,0.0,0.0,0.0,0.0,0.0,0.0,0.0,0.0,0.0,0.0,0.0,0.0,0.0
79,22,26.74357028818693,1.1964782399999998,27.74229283006943,34.11131959156138,0.0,2.0,0.0,0.0,0.0,0.0,26.74357028818693,0.0,0.0,0.0,0.0
79,23,596.7313954019558,0.91421904,619.0159703339791,586.4056147614536,0.0,19.0,0.0,0.0,0.0,0.0,596.7313954019558,0.0,0.0,0.0,0.0
80,0,422.0118221686047,0.7524983999999999,437.77159975996346,343.9126683368676,0.0,13.0,0.0,0.0,0.0,0.0,422.01182216860457,0.0,0.0,0.0,0.0
80,1,520.9688639892505,0.6353145600000001,540.4241327689322,361.2273589181273,0.0,16.0,0.0,0.0,0.0,0.0,520.9688639892499,0.0,0.0,0.0,0.0
80,2,467.4005354893546,0.4430543999999999,484.8553272711147,230.86599744358125,0.0,13.0,0.0,0.0,0.0,0.0,467.4005354893546,0.0,0.0,0.0,0.0
80,3,594.7566303533233,0.41205216,616.9674588727419,274.6443969669122,0.0,17.0,0.0,0.0,0.0,0.0,594.7566303533233,0.0,0.0,0.0,0.0
80,4,512.3640336930689,0.42616512,531.4979602625197,244.0984744997214,0.0,15.0,0.0,0.0,0.0,0.0,512.3640336930689,0.0,0.0,0.0,0.0
80,5,350.3294477266462,0.67973568,363.4122901728696,259.05324698573475,0.0,13.0,0.0,0.0,0.0,0.0,350.32944772664626,0.0,0.0,0.0,0.0
80,6,0.0,1.1652446399999998,0.0,0.0,0.0,0.0,0.0,0.0,0.0,0.0,0.0,0.0,0.0,0.0,0.0
80,7,0.0,1.18618272,0.0,0.0,0.0,0.0,0.0,0.0,0.0,0.0,0.0,0.0,0.0,0.0,0.0
80,8,0.0,1.18710816,0.0,0.0,0.0,0.0,0.0,0.0,0.0,0.0,0.0,0.0,0.0,0.0,0.0
80,9,0.0,1.17160704,0.0,0.0,0.0,0.0,0.0,0.0,0.0,0.0,0.0,0.0,0.0,0.0,0.0
80,10,2.2116063063181883,1.153908,2.2941974131931415,0.0,20.41835697741896,0.0,0.0,0.0,0.0,2.0,0.0,0.0,0.0,0.0,2.2116063063181883
80,11,0.0,1.13956368,0.0,0.0,0.0,0.0,0.0,0.0,0.0,0.0,0.0,0.0,0.0,0.0,0.0
80,12,0.0,1.1255664,0.0,0.0,0.0,0.0,0.0,0.0,0.0,0.0,0.0,0.0,0.0,0.0,0.0
80,13,0.0,0.6721008,0.0,0.0,0.0,0.0,0.0,0.0,0.0,0.0,0.0,0.0,0.0,0.0,0.0
80,14,0.0,0.67163808,0.0,0.0,0.0,0.0,0.0,0.0,0.0,0.0,0.0,0.0,0.0,0.0,0.0
80,15,0.0,1.07096544,0.0,0.0,0.0,0.0,0.0,0.0,0.0,0.0,0.0,0.0,0.0,0.0,0.0
80,16,0.0,1.10948688,0.0,0.0,0.0,0.0,0.0,0.0,0.0,0.0,0.0,0.0,0.0,0.0,0.0
80,17,0.0,1.16038608,0.0,0.0,0.0,0.0,0.0,0.0,0.0,0.0,0.0,0.0,0.0,0.0,0.0
80,18,8.3928455615949,1.16061744,8.70627132945529,0.0,77.48581483215209,0.0,0.0,0.0,0.0,1.0,0.0,0.0,0.0,0.0,8.3928455615949
80,19,0.0,1.12637616,0.0,0.0,0.0,0.0,0.0,0.0,0.0,0.0,0.0,0.0,0.0,0.0,0.0
80,20,232.42706640904981,0.69315456,241.10691536208492,175.10499672924823,0.0,6.0,0.0,0.0,0.0,0.0,232.4270664090499,0.0,0.0,0.0,0.0
80,21,238.5193106856516,0.52356768,247.42667083573815,137.73443082425405,0.0,7.0,0.0,0.0,0.0,0.0,238.51931068565096,0.0,0.0,0.0,0.0
80,22,219.3192908936365,0.5085292800000001,227.50963785646937,123.22588134526028,0.0,6.0,0.0,0.0,0.0,0.0,219.3192908936365,0.0,0.0,0.0,0.0
80,23,276.7418127577426,0.49672992,287.0765692507704,152.10175572001012,0.0,9.0,0.0,0.0,0.0,0.0,276.741812757742,0.0,0.0,0.0,0.0
81,0,595.5174296755414,0.4095072,617.7566697879062,273.42354989614984,0.0,16.0,0.0,0.0,0.0,0.0,595.5174296755414,0.0,0.0,0.0,0.0
81,1,329.61825045134987,0.40927584,341.927645696421,151.26052948417666,0.0,12.0,0.0,0.0,0.0,0.0,329.61825045134975,0.0,0.0,0.0,0.0
81,2,550.3360231595944,0.40696224,570.8879908294549,251.22624803350936,0.0,14.0,0.0,0.0,0.0,0.0,550.3360231595943,0.0,0.0,0.0,0.0
81,3,329.3802300668535,0.40754064,341.68073658387294,150.5584184439892,0.0,12.0,0.0,0.0,0.0,0.0,329.3802300668531,0.0,0.0,0.0,0.0
81,4,194.3167677449985,0.41448144,201.5734105238574,90.22051734797924,0.0,7.0,0.0,0.0,0.0,0.0,194.31676774499795,0.0,0.0,0.0,0.0
81,5,250.23119032869926,0.50297664,259.5759235774889,139.15258893631702,0.0,7.0,0.0,0.0,0.0,0.0,250.23119032869914,0.0,0.0,0.0,0.0
81,6,162.91194611090648,0.58846416,168.99579472085736,105.04172918920216,0.0,5.0,0.0,0.0,0.0,0.0,162.9119461109065,0.0,0.0,0.0,0.0
81,7,35.01189707949974,1.0366084800000002,36.31939531068438,38.85116515231132,0.0,4.0,0.0,0.0,0.0,0.0,35.01189707949974,0.0,0.0,0.0,0.0
81,8,33.788317897516364,1.08114528,35.050122300328184,39.05443333656342,0.0,8.0,0.0,0.0,0.0,0.0,33.788317897516364,0.0,0.0,0.0,0.0
81,9,122.75742785234735,0.90380784,127.3417301372898,119.3074653247911,0.0,7.0,0.0,0.0,0.0,0.0,122.75742785234736,0.0,0.0,0.0,0.0
81,10,117.119524469569,0.62686992,121.49328264478113,80.18191202761359,0.0,5.0,0.0,0.0,0.0,0.0,117.11952446956899,0.0,0.0,0.0,0.0
81,11,0.0,0.4273219199999999,0.0,0.0,0.0,0.0,0.0,0.0,0.0,0.0,0.0,0.0,0.0,0.0,0.0
81,12,0.0,0.38961024,0.0,0.0,0.0,0.0,0.0,0.0,0.0,0.0,0.0,0.0,0.0,0.0,0.0
81,13,0.0,0.37700112,0.0,0.0,0.0,0.0,0.0,0.0,0.0,0.0,0.0,0.0,0.0,0.0,0.0
81,14,0.0,0.45612624,0.0,0.0,0.0,0.0,0.0,0.0,0.0,0.0,0.0,0.0,0.0,0.0,0.0
81,15,0.0,0.52669104,0.0,0.0,0.0,0.0,0.0,0.0,0.0,0.0,0.0,0.0,0.0,0.0,0.0
81,16,0.0,0.4833110399999999,0.0,0.0,0.0,0.0,0.0,0.0,0.0,0.0,0.0,0.0,0.0,0.0,0.0
81,17,0.0,0.4985808,0.0,0.0,0.0,0.0,0.0,0.0,0.0,0.0,0.0,0.0,0.0,0.0,0.0
81,18,86.93039780731482,0.5300457599999999,90.1767612109075,50.78266072645501,0.0,2.0,0.0,0.0,0.0,0.0,86.93039780731482,0.0,0.0,0.0,0.0
81,19,203.9965015923237,0.4513833599999999,211.61462820780474,102.523766099268,0.0,7.0,0.0,0.0,0.0,0.0,203.9965015923235,0.0,0.0,0.0,0.0
81,20,140.8014470339653,0.39932736,146.0595923588852,63.16016392642889,0.0,4.0,0.0,0.0,0.0,0.0,140.80144703396525,0.0,0.0,0.0,0.0
81,21,209.0243175266359,0.35189856,216.83020490314928,83.47931665221742,0.0,7.0,0.0,0.0,0.0,0.0,209.0243175266358,0.0,0.0,0.0,0.0
81,22,287.92688607854063,0.28017696,298.6793424051252,93.5693564034767,0.0,10.0,0.0,0.0,0.0,0.0,287.92688607854063,0.0,0.0,0.0,0.0
81,23,341.80121927831385,0.2475552,354.56558016422605,99.51067381410691,0.0,11.0,0.0,0.0,0.0,0.0,341.8012192783132,0.0,0.0,0.0,0.0
82,0,294.3482336026251,0.1145232,305.3404912890302,45.07534041365877,0.0,8.0,0.0,0.0,0.0,0.0,294.3482336026251,0.0,0.0,0.0,0.0
82,1,290.17889874564116,0.05760864,301.0154551303332,27.30470255385355,0.0,10.0,0.0,0.0,0.0,0.0,290.17889874564105,0.0,0.0,0.0,0.0
82,2,434.77870213145434,0.04719744,451.01525117370784,36.215370070205736,0.0,12.0,0.0,0.0,0.0,0.0,434.7787021314542,0.0,0.0,0.0,0.0
82,3,222.7182856566589,0.04731312,231.03556603387858,18.5782906957502,0.0,9.0,0.0,0.0,0.0,0.0,222.71828565665888,0.0,0.0,0.0,0.0
82,4,383.2558429430609,0.10168272,397.5683018081545,53.58533710348399,0.0,11.0,0.0,0.0,0.0,0.0,383.2558429430608,0.0,0.0,0.0,0.0
82,5,322.46184903756443,0.27288912,334.50399277755645,102.35458238649085,0.0,13.0,0.0,0.0,0.0,0.0,322.46184903756443,0.0,0.0,0.0,0.0
82,6,144.65563312865862,0.33859536,150.05771071437616,55.775754804755906,0.0,10.0,0.0,0.0,0.0,0.0,144.65563312865862,0.0,0.0,0.0,0.0
82,7,118.30424224438775,0.44640912,122.72224299210349,58.846434741569716,0.0,7.0,0.0,0.0,0.0,0.0,118.30424224438775,0.0,0.0,0.0,0.0
82,8,0.0,0.50771952,0.0,0.0,0.0,9.0,0.0,0.0,0.0,0.0,0.0,0.0,0.0,0.0,0.0
82,9,147.21119811403605,0.4814601599999999,152.70871173655195,78.57781914455404,0.0,7.0,0.0,0.0,0.0,0.0,147.21119811403605,0.0,0.0,0.0,0.0
82,10,46.81480489006268,0.46005936,48.563075612098224,23.94933528849397,0.0,1.0,0.0,0.0,0.0,0.0,46.81480489006216,0.0,0.0,0.0,0.0
82,11,0.0,0.41274624,0.0,0.0,0.0,0.0,0.0,0.0,0.0,0.0,0.0,0.0,0.0,0.0,0.0
82,12,0.0,0.41228352,0.0,0.0,0.0,0.0,0.0,0.0,0.0,0.0,0.0,0.0,0.0,0.0,0.0
82,13,0.0,0.41980272,0.0,0.0,0.0,0.0,0.0,0.0,0.0,0.0,0.0,0.0,0.0,0.0,0.0
82,14,0.0,0.4814601599999999,0.0,0.0,0.0,0.0,0.0,0.0,0.0,0.0,0.0,0.0,0.0,0.0,0.0
82,15,0.0,0.4962672,0.0,0.0,0.0,0.0,0.0,0.0,0.0,0.0,0.0,0.0,0.0,0.0,0.0
82,16,0.0,0.5322436799999999,0.0,0.0,0.0,0.0,0.0,0.0,0.0,0.0,0.0,0.0,0.0,0.0,0.0
82,17,0.0,0.57805296,0.0,0.0,0.0,0.0,0.0,0.0,0.0,0.0,0.0,0.0,0.0,0.0,0.0
82,18,0.0,0.7520356800000001,0.0,0.0,0.0,0.0,0.0,0.0,0.0,0.0,0.0,0.0,0.0,0.0,0.0
82,19,206.19201494967544,0.6605327999999999,213.89213169053468,148.36259820247432,0.0,6.0,0.0,0.0,0.0,0.0,206.19201494967544,0.0,0.0,0.0,0.0
82,20,266.5340689723686,0.55283472,276.4876234153202,162.0036982093211,0.0,7.0,0.0,0.0,0.0,0.0,266.53406897236863,0.0,0.0,0.0,0.0
82,21,230.06693891290337,0.5199816,238.65865032458856,131.99770817536398,0.0,7.0,0.0,0.0,0.0,0.0,230.06693891290337,0.0,0.0,0.0,0.0
82,22,211.00828870541883,0.48377376,218.8882662919283,113.13760121819023,0.0,9.0,0.0,0.0,0.0,0.0,211.00828870541883,0.0,0.0,0.0,0.0
82,23,264.50385323110453,0.4302139199999999,274.3815904886977,127.12481026515322,0.0,11.0,0.0,0.0,0.0,0.0,264.5038532311044,0.0,0.0,0.0,0.0
83,0,352.9813439942471,0.38533008,366.16321991104473,153.21370540043608,0.0,11.0,0.0,0.0,0.0,0.0,352.981343994247,0.0,0.0,0.0,0.0
83,1,277.7160318087703,0.35259264,288.0871699261104,111.11310111893013,0.0,10.0,0.0,0.0,0.0,0.0,277.71603180877037,0.0,0.0,0.0,0.0
83,2,394.1483671249818,0.35039472,408.8676007520559,156.79856606748146,0.0,11.0,0.0,0.0,0.0,0.0,394.1483671249818,0.0,0.0,0.0,0.0
83,3,386.8362537770248,0.35883936,401.2824209305237,157.27837523876008,0.0,12.0,0.0,0.0,0.0,0.0,386.8362537770248,0.0,0.0,0.0,0.0
83,4,231.6629606040247,0.39261792,240.3142744855028,102.30609308027734,0.0,9.0,0.0,0.0,0.0,0.0,231.6629606040246,0.0,0.0,0.0,0.0
83,5,273.24836347786714,0.45369696,283.45265920940574,137.98389280705473,0.0,11.0,0.0,0.0,0.0,0.0,273.24836347786703,0.0,0.0,0.0,0.0
83,6,166.6227676555508,0.51870912,172.84519466343443,95.37755476345845,0.0,9.0,0.0,0.0,0.0,0.0,166.6227676555508,0.0,0.0,0.0,0.0
83,7,0.0,0.67776912,0.0,0.0,0.0,3.0,0.0,0.0,0.0,0.0,0.0,0.0,0.0,0.0,0.0
83,8,0.0,0.8799777599999998,0.0,0.0,0.0,3.0,0.0,0.0,0.0,0.0,0.0,0.0,0.0,0.0,0.0
83,9,0.0,0.6801984,0.0,0.0,0.0,3.0,0.0,0.0,0.0,0.0,0.0,0.0,0.0,0.0,0.0
83,10,69.88305841626665,0.46225728,72.49279918699861,35.90983582485784,0.0,3.0,0.0,0.0,0.0,0.0,69.88305841626665,0.0,0.0,0.0,0.0
83,11,0.0,0.39516288,0.0,0.0,0.0,0.0,0.0,0.0,0.0,0.0,0.0,0.0,0.0,0.0,0.0
83,12,0.0,0.42211632,0.0,0.0,0.0,0.0,0.0,0.0,0.0,0.0,0.0,0.0,0.0,0.0,0.0
83,13,0.0,0.34403232,0.0,0.0,0.0,0.0,0.0,0.0,0.0,0.0,0.0,0.0,0.0,0.0,0.0
83,14,0.0,0.35536896,0.0,0.0,0.0,0.0,0.0,0.0,0.0,0.0,0.0,0.0,0.0,0.0,0.0
83,15,0.0,0.34669296,0.0,0.0,0.0,0.0,0.0,0.0,0.0,0.0,0.0,0.0,0.0,0.0,0.0
83,16,0.0,0.44351712,0.0,0.0,0.0,0.0,0.0,0.0,0.0,0.0,0.0,0.0,0.0,0.0,0.0
83,17,0.0,0.57747456,0.0,0.0,0.0,0.0,0.0,0.0,0.0,0.0,0.0,0.0,0.0,0.0,0.0
83,18,121.34267954884939,0.58487808,125.87414890959482,77.7874648647855,0.0,4.0,0.0,0.0,0.0,0.0,121.34267954884938,0.0,0.0,0.0,0.0
83,19,66.620381156955,0.5182464,69.10827920845955,38.102600951779024,0.0,4.0,0.0,0.0,0.0,0.0,66.62038115695427,0.0,0.0,0.0,0.0
83,20,138.47811331115233,0.4617945599999999,143.64949513605012,71.09135368957767,0.0,5.0,0.0,0.0,0.0,0.0,138.47811331115233,0.0,0.0,0.0,0.0
83,21,260.6414983852928,0.44062512,270.37499832499253,128.08342852650688,0.0,7.0,0.0,0.0,0.0,0.0,260.64149838529227,0.0,0.0,0.0,0.0
83,22,130.2312400789971,0.3915768,135.09464738485175,57.37156254852722,0.0,4.0,0.0,0.0,0.0,0.0,130.2312400789966,0.0,0.0,0.0,0.0
83,23,153.2323814171544,0.34275984,158.95475250742157,59.74470784467907,0.0,6.0,0.0,0.0,0.0,0.0,153.23238141715441,0.0,0.0,0.0,0.0
84,0,309.158094528556,0.27312048,320.70341756074276,98.20595446309106,0.0,9.0,0.0,0.0,0.0,0.0,309.158094528556,0.0,0.0,0.0,0.0
84,1,168.7310757388222,0.07623312,175.03223624359148,19.13682048908894,0.0,5.0,0.0,0.0,0.0,0.0,168.7310757388222,0.0,0.0,0.0,0.0
84,2,197.49735485499158,0.03493536,204.87277474584192,13.938592984032262,0.0,9.0,0.0,0.0,0.0,0.0,197.497354854991,0.0,0.0,0.0,0.0
84,3,262.1495509534489,0.02383008,271.939368208972,15.481529987286226,0.0,10.0,0.0,0.0,0.0,0.0,262.1495509534489,0.0,0.0,0.0,0.0
84,4,328.80032975063614,0.0205910399999999,341.0791802392492,18.3128959093927,0.0,10.0,0.0,0.0,0.0,0.0,328.800329750636,0.0,0.0,0.0,0.0
84,5,256.33443509351565,0.0333158399999999,265.90709034597063,17.660442767283502,0.0,9.0,0.0,0.0,0.0,0.0,256.33443509351565,0.0,0.0,0.0,0.0
84,6,183.5484525017306,0.0532128,190.4029590266915,16.43421252187902,0.0,7.0,0.0,0.0,0.0,0.0,183.5484525017306,0.0,0.0,0.0,0.0
84,7,254.03264490172492,0.26617968,263.51934118436196,78.86598410346667,0.0,9.0,0.0,0.0,0.0,0.0,254.03264490172492,0.0,0.0,0.0,0.0
84,8,205.22906740494426,0.2932488,212.8932234491123,69.47744800074966,0.0,8.0,0.0,0.0,0.0,0.0,205.22906740494426,0.0,0.0,0.0,0.0
84,9,67.48506020761954,0.329688,70.00524917802858,25.39706433879863,0.0,6.0,0.0,0.0,0.0,0.0,67.48506020761954,0.0,0.0,0.0,0.0
84,10,34.38841902908302,0.32887824,35.672633847596494,12.912717216317407,0.0,1.0,0.0,0.0,0.0,0.0,34.38841902908302,0.0,0.0,0.0,0.0
84,11,0.0,0.3256392,0.0,0.0,0.0,0.0,0.0,0.0,0.0,0.0,0.0,0.0,0.0,0.0,0.0
84,12,0.0,0.32436672,0.0,0.0,0.0,0.0,0.0,0.0,0.0,0.0,0.0,0.0,0.0,0.0,0.0
84,13,0.0,0.32610192,0.0,0.0,0.0,0.0,0.0,0.0,0.0,0.0,0.0,0.0,0.0,0.0,0.0
84,14,0.0,0.34148736,0.0,0.0,0.0,0.0,0.0,0.0,0.0,0.0,0.0,0.0,0.0,0.0,0.0
84,15,0.0,0.4181832,0.0,0.0,0.0,0.0,0.0,0.0,0.0,0.0,0.0,0.0,0.0,0.0,0.0
84,16,0.0,0.46977648,0.0,0.0,0.0,0.0,0.0,0.0,0.0,0.0,0.0,0.0,0.0,0.0,0.0
84,17,0.0,0.50413344,0.0,0.0,0.0,0.0,0.0,0.0,0.0,0.0,0.0,0.0,0.0,0.0,0.0
84,18,0.0,0.6940799999999999,0.0,0.0,0.0,0.0,0.0,0.0,0.0,0.0,0.0,0.0,0.0,0.0,0.0
84,19,0.0,0.7417401600000001,0.0,0.0,0.0,0.0,0.0,0.0,0.0,0.0,0.0,0.0,0.0,0.0,0.0
84,20,30.547463493640116,0.66388752,31.688240138630828,22.086307907388758,0.0,2.0,0.0,0.0,0.0,0.0,30.547463493640116,0.0,0.0,0.0,0.0
84,21,41.3783020518784,0.4840051199999999,42.92354984634689,22.195987394121186,0.0,6.0,0.0,0.0,0.0,0.0,41.3783020518784,0.0,0.0,0.0,0.0
84,22,259.0487626536342,0.45011088,268.7227828357202,129.84977237009724,0.0,14.0,0.0,0.0,0.0,0.0,259.0487626536342,0.0,0.0,0.0,0.0
84,23,228.45305674611797,0.38590848,236.9844986992925,99.29851458355253,0.0,9.0,0.0,0.0,0.0,0.0,228.45305674611748,0.0,0.0,0.0,0.0
85,0,293.41652181864146,0.45878688,304.3739852890472,149.71756997699532,0.0,13.0,0.0,0.0,0.0,0.0,293.41652181864146,0.0,0.0,0.0,0.0
85,1,204.80747364642758,0.4538126399999999,212.45588552533985,103.44745610468097,0.0,12.0,0.0,0.0,0.0,0.0,204.80747364642758,0.0,0.0,0.0,0.0
85,2,208.82553545950051,0.46410816,216.6239994393159,107.7072201730633,0.0,12.0,0.0,0.0,0.0,0.0,208.82553545950051,0.0,0.0,0.0,0.0
85,3,104.47396157373794,0.4728998399999999,108.37547881093147,54.8379749382547,0.0,8.0,0.0,0.0,0.0,0.0,104.47396157373744,0.0,0.0,0.0,0.0
85,4,269.98183096387936,0.46769424,280.06414000402424,140.2545081445689,0.0,11.0,0.0,0.0,0.0,0.0,269.98183096387936,0.0,0.0,0.0,0.0
85,5,132.00050908745777,0.474288,136.92998867993543,69.47663309633508,0.0,9.0,0.0,0.0,0.0,0.0,132.00050908745777,0.0,0.0,0.0,0.0
85,6,118.12515483091181,0.482964,122.53646766692097,63.2366596500619,0.0,7.0,0.0,0.0,0.0,0.0,118.12515483091181,0.0,0.0,0.0,0.0
85,7,104.41144485894463,0.50193552,108.310627447038,57.95003287765225,0.0,6.0,0.0,0.0,0.0,0.0,104.41144485894463,0.0,0.0,0.0,0.0
85,8,88.07658604500337,0.55133088,91.36575315871718,53.39696752041187,0.0,5.0,0.0,0.0,0.0,0.0,88.07658604500337,0.0,0.0,0.0,0.0
85,9,77.10882843255301,0.57400416,79.9884112370882,48.56129721382699,0.0,5.0,0.0,0.0,0.0,0.0,77.10882843255301,0.0,0.0,0.0,0.0
85,10,15.393576001979177,0.57851568,15.968439836077986,9.766548188881925,0.0,2.0,0.0,0.0,0.0,0.0,15.393576001979177,0.0,0.0,0.0,0.0
85,11,0.0,0.5364081599999999,0.0,0.0,0.0,0.0,0.0,0.0,0.0,0.0,0.0,0.0,0.0,0.0,0.0
85,12,0.0,0.5008944000000001,0.0,0.0,0.0,0.0,0.0,0.0,0.0,0.0,0.0,0.0,0.0,0.0,0.0
85,13,0.0,0.511884,0.0,0.0,0.0,0.0,0.0,0.0,0.0,0.0,0.0,0.0,0.0,0.0,0.0
85,14,0.0,0.49834944,0.0,0.0,0.0,0.0,0.0,0.0,0.0,0.0,0.0,0.0,0.0,0.0,0.0
85,15,0.0,0.5593128,0.0,0.0,0.0,0.0,0.0,0.0,0.0,0.0,0.0,0.0,0.0,0.0,0.0
85,16,0.0,0.7214961599999999,0.0,0.0,0.0,0.0,0.0,0.0,0.0,0.0,0.0,0.0,0.0,0.0,0.0
85,17,0.0,0.86852544,0.0,0.0,0.0,0.0,0.0,0.0,0.0,0.0,0.0,0.0,0.0,0.0,0.0
85,18,0.0,1.1168904,0.0,0.0,0.0,0.0,0.0,0.0,0.0,0.0,0.0,0.0,0.0,0.0,0.0
85,19,0.0,0.8684097599999999,0.0,0.0,0.0,0.0,0.0,0.0,0.0,0.0,0.0,0.0,0.0,0.0,0.0
85,20,38.98692666249381,0.51107424,40.442869981840055,22.007968035786625,0.0,1.0,0.0,0.0,0.0,0.0,38.9869266624938,0.0,0.0,0.0,0.0
85,21,77.52344391056565,0.4727841599999999,80.41851028066975,40.68245052178798,0.0,6.0,0.0,0.0,0.0,0.0,77.52344391056562,0.0,0.0,0.0,0.0
85,22,367.11128387096767,0.45242448,380.8208338910453,184.89783734811616,0.0,15.0,0.0,0.0,0.0,0.0,367.1112838709672,0.0,0.0,0.0,0.0
85,23,105.04534325014563,0.48735984,108.96819839226728,56.713571100327684,0.0,10.0,0.0,0.0,0.0,0.0,105.04534325014563,0.0,0.0,0.0,0.0
86,0,448.1552917984168,0.46630608,464.89138153362734,232.1695824774932,0.0,19.0,0.0,0.0,0.0,0.0,448.1552917984168,0.0,0.0,0.0,0.0
86,1,341.96277010606514,0.4621416,354.73316401044104,175.67861971759322,0.0,13.0,0.0,0.0,0.0,0.0,341.96277010606514,0.0,0.0,0.0,0.0
86,2,258.520605960856,0.46433952,268.17490244902075,133.40079475028773,0.0,15.0,0.0,0.0,0.0,0.0,258.520605960856,0.0,0.0,0.0,0.0
86,3,220.14257063637976,0.48088176,228.36366248587115,117.37475716453402,0.0,12.0,0.0,0.0,0.0,0.0,220.14257063637976,0.0,0.0,0.0,0.0
86,4,257.0678452558662,0.5064470400000001,266.66788926957076,143.8798703184447,0.0,13.0,0.0,0.0,0.0,0.0,257.0678452558662,0.0,0.0,0.0,0.0
86,5,167.11928237403043,0.62478768,173.3602514253428,114.05157361443547,0.0,11.0,0.0,0.0,0.0,0.0,167.1192823740305,0.0,0.0,0.0,0.0
86,6,0.0,1.37323728,0.0,0.0,0.0,0.0,0.0,0.0,0.0,0.0,0.0,0.0,0.0,0.0,0.0
86,7,0.0,1.1782008,0.0,0.0,0.0,0.0,0.0,0.0,0.0,0.0,0.0,0.0,0.0,0.0,0.0
86,8,0.0,1.1319287999999998,0.0,0.0,0.0,0.0,0.0,0.0,0.0,0.0,0.0,0.0,0.0,0.0,0.0
86,9,0.0,1.0708497599999998,0.0,0.0,0.0,0.0,0.0,0.0,0.0,0.0,0.0,0.0,0.0,0.0,0.0
86,10,0.0,0.93619824,0.0,0.0,0.0,0.0,0.0,0.0,0.0,0.0,0.0,0.0,0.0,0.0,0.0
86,11,0.0,0.7896316800000001,0.0,0.0,0.0,0.0,0.0,0.0,0.0,0.0,0.0,0.0,0.0,0.0,0.0
86,12,0.0,0.6351988799999999,0.0,0.0,0.0,0.0,0.0,0.0,0.0,0.0,0.0,0.0,0.0,0.0,0.0
86,13,4.8264350637109565,0.49603584,5.006675377293524,0.0,44.55941085791237,0.0,0.0,0.0,0.0,1.0,0.0,0.0,0.0,0.0,4.8264350637109565
86,14,0.0,0.5323593600000001,0.0,0.0,0.0,0.0,0.0,0.0,0.0,0.0,0.0,0.0,0.0,0.0,0.0
86,15,0.0,0.57400416,0.0,0.0,0.0,0.0,0.0,0.0,0.0,0.0,0.0,0.0,0.0,0.0,0.0
86,16,0.0,0.8160067200000001,0.0,0.0,0.0,0.0,0.0,0.0,0.0,0.0,0.0,0.0,0.0,0.0,0.0
86,17,9.5659651786915,0.86852544,9.923200392833506,0.0,88.31648349621821,0.0,0.0,0.0,0.0,1.0,0.0,0.0,0.0,0.0,9.5659651786915
86,18,83.8196906144526,1.11434544,86.94988652951515,99.77025080680957,0.0,3.0,0.0,0.0,0.0,0.0,83.81969061445261,0.0,0.0,0.0,0.0
86,19,202.8275580789957,0.57770592,210.40203120227773,128.51480623837594,0.0,5.0,0.0,0.0,0.0,0.0,202.82755807899574,0.0,0.0,0.0,0.0
86,20,224.23281637940164,0.55075248,232.60665599522997,135.8079729673219,0.0,6.0,0.0,0.0,0.0,0.0,224.23281637940164,0.0,0.0,0.0,0.0
86,21,220.49687482588084,0.4956888,228.73119795215854,120.95049568768437,0.0,10.0,0.0,0.0,0.0,0.0,220.4968748258808,0.0,0.0,0.0,0.0
86,22,479.6634276454615,0.4667688,497.5761697567029,248.72280288487937,0.0,12.0,0.0,0.0,0.0,0.0,479.6634276454615,0.0,0.0,0.0,0.0
86,23,533.8502137696142,0.3337368,553.7865288066539,203.14927811054073,0.0,14.0,0.0,0.0,0.0,0.0,533.8502137696141,0.0,0.0,0.0,0.0
87,0,239.41860826781493,0.33871104,248.35955214503628,92.34282337698016,0.0,13.0,0.0,0.0,0.0,0.0,239.41860826781493,0.0,0.0,0.0,0.0
87,1,401.28859818464286,0.33535632,416.2744794446503,153.37896280609147,0.0,10.0,0.0,0.0,0.0,0.0,401.2885981846428,0.0,0.0,0.0,0.0
87,2,358.64869814912913,0.34171872,372.04221799702196,139.44838793560476,0.0,10.0,0.0,0.0,0.0,0.0,358.6486981491291,0.0,0.0,0.0,0.0
87,3,314.8583573676003,0.3676310399999999,326.61655328589245,130.88539107947108,0.0,11.0,0.0,0.0,0.0,0.0,314.8583573676003,0.0,0.0,0.0,0.0
87,4,254.88423462597152,0.4646865599999999,264.4027330144933,131.61612692188302,0.0,11.0,0.0,0.0,0.0,0.0,254.88423462597152,0.0,0.0,0.0,0.0
87,5,226.0578297772286,0.43946832,234.49982342036162,110.81718759405697,0.0,10.0,0.0,0.0,0.0,0.0,226.0578297772286,0.0,0.0,0.0,0.0
87,6,0.0,1.84995456,0.0,0.0,0.0,0.0,0.0,0.0,0.0,0.0,0.0,0.0,0.0,0.0,0.0
87,7,22.605995406309084,1.6557278399999995,23.45020270364013,39.60335517955071,0.0,5.0,0.0,0.0,0.0,0.0,22.605995406309084,0.0,0.0,0.0,0.0
87,8,230.6122406313819,1.26981936,239.22431600765762,311.68999270913497,0.0,9.0,0.0,0.0,0.0,0.0,230.6122406313819,0.0,0.0,0.0,0.0
87,9,166.5665547138493,0.92150688,172.7868824832462,164.9435467922583,0.0,6.0,0.0,0.0,0.0,0.0,166.5665547138493,0.0,0.0,0.0,0.0
87,10,2.6092157515477115,0.6773064,2.7066553439291616,0.0,24.08923256096954,0.0,0.0,0.0,0.0,1.0,0.0,0.0,0.0,0.0,2.6092157515477115
87,11,27.924021933048984,0.57400416,28.966827731378615,17.58588161772332,0.0,1.0,0.0,0.0,0.0,0.0,27.924021933048984,0.0,0.0,0.0,0.0
87,12,0.0,0.50933904,0.0,0.0,0.0,0.0,0.0,0.0,0.0,0.0,0.0,0.0,0.0,0.0,0.0
87,13,0.0,0.49707696,0.0,0.0,0.0,0.0,0.0,0.0,0.0,0.0,0.0,0.0,0.0,0.0,0.0
87,14,0.0,0.50054736,0.0,0.0,0.0,0.0,0.0,0.0,0.0,0.0,0.0,0.0,0.0,0.0,0.0
87,15,0.0,0.5475134399999999,0.0,0.0,0.0,0.0,0.0,0.0,0.0,0.0,0.0,0.0,0.0,0.0,0.0
87,16,0.0,1.17311088,0.0,0.0,0.0,0.0,0.0,0.0,0.0,0.0,0.0,0.0,0.0,0.0,0.0
87,17,0.0,1.53426384,0.0,0.0,0.0,0.0,0.0,0.0,0.0,0.0,0.0,0.0,0.0,0.0,0.0
87,18,1.2496167738828277,1.80264144,1.2962829604593649,0.0,11.536918348088347,0.0,0.0,0.0,0.0,1.0,0.0,0.0,0.0,0.0,1.2496167738828277
87,19,266.7356072740043,1.52223312,276.6966880435729,430.355523108477,0.0,7.0,0.0,0.0,0.0,0.0,266.73560727400434,0.0,0.0,0.0,0.0
87,20,103.62892913587338,1.47815904,107.49888914509688,162.45866801048552,0.0,4.0,0.0,0.0,0.0,0.0,103.62892913587336,0.0,0.0,0.0,0.0
87,21,176.0384388134597,1.24020528,182.6124883957051,232.52144566819,0.0,7.0,0.0,0.0,0.0,0.0,176.0384388134597,0.0,0.0,0.0,0.0
87,22,231.97454177138928,1.1562216,240.6374914640968,286.1953663680659,0.0,11.0,0.0,0.0,0.0,0.0,231.97454177138928,0.0,0.0,0.0,0.0
87,23,403.4648252147566,0.61877232,418.53197636385545,272.8294104264917,0.0,14.0,0.0,0.0,0.0,0.0,403.4648252147565,0.0,0.0,0.0,0.0
88,0,458.57826165212344,0.6002635199999999,475.7035909254393,301.2933008251763,0.0,13.0,0.0,0.0,0.0,0.0,458.5782616521233,0.0,0.0,0.0,0.0
88,1,276.7360659561665,0.61032768,287.070607838347,184.70917519761747,0.0,12.0,0.0,0.0,0.0,0.0,276.7360659561665,0.0,0.0,0.0,0.0
88,2,596.7313954019567,0.61877232,619.0159703339799,403.5193766986627,0.0,16.0,0.0,0.0,0.0,0.0,596.7313954019567,0.0,0.0,0.0,0.0
88,3,349.1194311349268,0.66215232,362.15708623955067,251.7905544124877,0.0,14.0,0.0,0.0,0.0,0.0,349.11943113492686,0.0,0.0,0.0,0.0
88,4,335.8312062648055,0.7559687999999999,348.3726206066447,274.88996569494043,0.0,13.0,0.0,0.0,0.0,0.0,335.8312062648055,0.0,0.0,0.0,0.0
88,5,196.51070620078943,1.24945968,203.84928029127536,261.4488676986084,0.0,9.0,0.0,0.0,0.0,0.0,196.51070620078943,0.0,0.0,0.0,0.0
88,6,76.98383985935857,1.6189416,79.85875504082838,131.92998545165818,0.0,6.0,0.0,0.0,0.0,0.0,76.98383985935857,0.0,0.0,0.0,0.0
88,7,0.0,1.70732112,0.0,0.0,0.0,0.0,0.0,0.0,0.0,0.0,0.0,0.0,0.0,0.0,0.0
88,8,170.21279365952728,1.6192886399999995,176.56928802855526,291.7610857112726,0.0,9.0,0.0,0.0,0.0,0.0,170.21279365952728,0.0,0.0,0.0,0.0
88,9,216.61989774550392,1.46022864,224.709437495336,335.5650386900751,0.0,9.0,0.0,0.0,0.0,0.0,216.61989774550392,0.0,0.0,0.0,0.0
88,10,69.07274521222178,1.3344844799999998,71.65222532388151,82.60409369991754,100.13184760134423,3.0,0.0,0.0,0.0,4.0,58.22700351697506,0.0,0.0,0.0,10.845741695246723
88,11,0.0,1.24656768,0.0,0.0,0.0,0.0,0.0,0.0,0.0,0.0,0.0,0.0,0.0,0.0,0.0
88,12,9.210872671858347,1.1839848,9.554847169977538,0.0,85.0381398128001,0.0,0.0,0.0,0.0,1.0,0.0,0.0,0.0,0.0,9.210872671858347
88,13,6.660916941741618,1.16096448,6.909664877325331,0.0,61.49601740819545,0.0,0.0,0.0,0.0,1.0,0.0,0.0,0.0,0.0,6.660916941741618
88,14,0.0,1.1652446399999998,0.0,0.0,0.0,0.0,0.0,0.0,0.0,0.0,0.0,0.0,0.0,0.0,0.0
88,15,0.0,1.1858356799999998,0.0,0.0,0.0,0.0,0.0,0.0,0.0,0.0,0.0,0.0,0.0,0.0,0.0
88,16,0.0,1.37439408,0.0,0.0,0.0,0.0,0.0,0.0,0.0,0.0,0.0,0.0,0.0,0.0,0.0
88,17,0.0,1.6299312,0.0,0.0,0.0,0.0,0.0,0.0,0.0,0.0,0.0,0.0,0.0,0.0,0.0
88,18,2.375977549120339,1.6920513600000002,2.4647070011621777,0.0,21.935892310343384,0.0,0.0,0.0,0.0,1.0,0.0,0.0,0.0,0.0,2.375977549120339
88,19,195.56521176124215,1.48093536,202.86847693074915,307.15004750249847,0.0,5.0,0.0,0.0,0.0,0.0,195.56521176124204,0.0,0.0,0.0,0.0
88,20,364.32530968640435,1.28694,377.9308191767682,498.88379854610093,0.0,9.0,0.0,0.0,0.0,0.0,364.3253096864041,0.0,0.0,0.0,0.0
88,21,259.0649030451006,1.1978664,268.73952598039483,330.80932683379314,0.0,6.0,0.0,0.0,0.0,0.0,259.0649030451005,0.0,0.0,0.0,0.0
88,22,207.14498597386955,1.07027136,214.88069084426303,237.093200094574,0.0,8.0,0.0,0.0,0.0,0.0,207.14498597386893,0.0,0.0,0.0,0.0
88,23,344.342306278569,1.03776528,357.2015625296359,382.51475127473606,0.0,8.0,0.0,0.0,0.0,0.0,344.3423062785684,0.0,0.0,0.0,0.0
89,0,261.25241646665154,0.951468,271.0087307745348,266.8265240412222,0.0,7.0,0.0,0.0,0.0,0.0,261.2524164666516,0.0,0.0,0.0,0.0
89,1,456.05218754904246,0.934116,473.08318210481593,457.5736230626916,0.0,12.0,0.0,0.0,0.0,0.0,456.05218754904246,0.0,0.0,0.0,0.0
89,2,362.41873878194633,0.91121136,375.95304852899005,355.0167345525566,0.0,9.0,0.0,0.0,0.0,0.0,362.41873878194616,0.0,0.0,0.0,0.0
89,3,389.90115494223545,0.90126288,404.46177898572154,377.91407266302224,0.0,9.0,0.0,0.0,0.0,0.0,389.9011549422354,0.0,0.0,0.0,0.0
89,4,399.52423830644545,0.8884224,414.44423060834595,381.91964205635645,0.0,9.0,0.0,0.0,0.0,0.0,399.5242383064455,0.0,0.0,0.0,0.0
89,5,324.7803459423148,1.04031024,336.90907255426845,361.6416484286547,0.0,10.0,0.0,0.0,0.0,0.0,324.78034594231474,0.0,0.0,0.0,0.0
89,6,189.94888293434656,1.33529424,197.04240968293215,269.63169844584456,0.0,10.0,0.0,0.0,0.0,0.0,189.94888293434659,0.0,0.0,0.0,0.0
89,7,73.2400487678029,1.45074288,75.97515432344701,112.73519179974804,0.0,7.0,0.0,0.0,0.0,0.0,73.2400487678029,0.0,0.0,0.0,0.0
89,8,125.65667534943321,1.23176064,130.34924828779378,164.87363361281777,0.0,7.0,0.0,0.0,0.0,0.0,125.65667534943321,0.0,0.0,0.0,0.0
89,9,153.3473656748593,1.04875488,159.07403078304907,172.09501648391185,0.0,6.0,0.0,0.0,0.0,0.0,153.3473656748593,0.0,0.0,0.0,0.0
89,10,125.93525942849504,0.92544,130.63823592167537,125.22197466036272,0.0,3.0,0.0,0.0,0.0,0.0,125.93525942849448,0.0,0.0,0.0,0.0
89,11,1.5588522670982456,0.79437456,1.6170666671143628,0.0,14.391893337317828,0.0,0.0,0.0,0.0,1.0,0.0,0.0,0.0,0.0,1.5588522670982456
89,12,0.0,0.5836056,0.0,0.0,0.0,0.0,0.0,0.0,0.0,0.0,0.0,0.0,0.0,0.0,0.0
89,13,3.1243614515837947,0.5597755200000001,3.241038850190659,0.0,28.845245766696866,0.0,0.0,0.0,0.0,1.0,0.0,0.0,0.0,0.0,3.1243614515837947
89,14,0.0,0.5730787199999999,0.0,0.0,0.0,0.0,0.0,0.0,0.0,0.0,0.0,0.0,0.0,0.0,0.0
89,15,0.0,0.53837472,0.0,0.0,0.0,0.0,0.0,0.0,0.0,0.0,0.0,0.0,0.0,0.0,0.0
89,16,0.0,0.74879664,0.0,0.0,0.0,0.0,0.0,0.0,0.0,0.0,0.0,0.0,0.0,0.0,0.0
89,17,0.0,0.6533606399999999,0.0,0.0,0.0,0.0,0.0,0.0,0.0,0.0,0.0,0.0,0.0,0.0,0.0
89,18,64.56395107430967,0.57273168,66.97505298164904,39.7780789928184,11.716151705657133,2.0,0.0,0.0,0.0,1.0,63.29492070978681,0.0,0.0,0.0,1.2690303645228624
89,19,211.60886265812934,0.50887632,219.5112683175616,118.96990940128464,0.0,5.0,0.0,0.0,0.0,0.0,211.60886265812843,0.0,0.0,0.0,0.0
89,20,284.66805490425,0.4868971199999999,295.2988121413382,153.55453185291685,0.0,8.0,0.0,0.0,0.0,0.0,284.6680549042499,0.0,0.0,0.0,0.0
89,21,337.7362123210668,0.45022656,350.3487679679116,169.33286482216891,0.0,10.0,0.0,0.0,0.0,0.0,337.7362123210661,0.0,0.0,0.0,0.0
89,22,512.7807859899563,0.39770784,531.9302759231913,229.15973320107403,0.0,12.0,0.0,0.0,0.0,0.0,512.7807859899559,0.0,0.0,0.0,0.0
89,23,292.7065208634488,0.43079232,303.6374697753618,140.8550902930225,0.0,11.0,0.0,0.0,0.0,0.0,292.70652086344813,0.0,0.0,0.0,0.0
90,0,301.1158409154923,0.4384272,312.36083082519957,147.28662794868004,0.0,10.0,0.0,0.0,0.0,0.0,301.1158409154922,0.0,0.0,0.0,0.0
90,1,401.4128098970673,0.42847872,416.403329768742,192.20291595839382,0.0,10.0,0.0,0.0,0.0,0.0,401.4128098970664,0.0,0.0,0.0,0.0
90,2,475.6032416984915,0.43588224,493.36435860839384,231.37912203632774,0.0,12.0,0.0,0.0,0.0,0.0,475.6032416984909,0.0,0.0,0.0,0.0
90,3,285.55829721488834,0.45890256,296.2223000154444,145.7421299366867,0.0,10.0,0.0,0.0,0.0,0.0,285.5582972148882,0.0,0.0,0.0,0.0
90,4,75.83707621371673,0.47637024,78.66916619680158,40.07959898288439,0.0,7.0,0.0,0.0,0.0,0.0,75.83707621371673,0.0,0.0,0.0,0.0
90,5,306.92344554220125,0.50459616,318.385316952491,171.1945623257373,0.0,12.0,0.0,0.0,0.0,0.0,306.92344554220114,0.0,0.0,0.0,0.0
90,6,213.09884636112002,0.67163808,221.0568945654772,155.78721144683684,0.0,8.0,0.0,0.0,0.0,0.0,213.09884636111985,0.0,0.0,0.0,0.0
90,7,32.99506039074038,0.8687567999999999,34.22724106923276,30.868070103526833,0.0,4.0,0.0,0.0,0.0,0.0,32.99506039074038,0.0,0.0,0.0,0.0
90,8,117.11051624056648,1.1245252799999998,121.48393800888641,140.63287775303974,0.0,8.0,0.0,0.0,0.0,0.0,117.11051624056648,0.0,0.0,0.0,0.0
90,9,40.859221318532036,1.3922088,42.38508435532369,60.411833720385175,0.0,6.0,0.0,0.0,0.0,0.0,40.859221318532036,0.0,0.0,0.0,0.0
90,10,42.242469908047404,0.92613408,43.81998953116951,42.03362734354102,0.0,1.0,0.0,0.0,0.0,0.0,42.242469908047404,0.0,0.0,0.0,0.0
90,11,0.0,0.8578828799999999,0.0,0.0,0.0,0.0,0.0,0.0,0.0,0.0,0.0,0.0,0.0,0.0,0.0
90,12,0.0,0.6583348799999998,0.0,0.0,0.0,0.0,0.0,0.0,0.0,0.0,0.0,0.0,0.0,0.0,0.0
90,13,0.0,0.57816864,0.0,0.0,0.0,0.0,0.0,0.0,0.0,0.0,0.0,0.0,0.0,0.0,0.0
90,14,0.0,0.5512152,0.0,0.0,0.0,0.0,0.0,0.0,0.0,0.0,0.0,0.0,0.0,0.0,0.0
90,15,0.0,0.5364081599999999,0.0,0.0,0.0,0.0,0.0,0.0,0.0,0.0,0.0,0.0,0.0,0.0,0.0
90,16,0.0,0.7095811200000001,0.0,0.0,0.0,0.0,0.0,0.0,0.0,0.0,0.0,0.0,0.0,0.0,0.0
90,17,0.0,0.8219063999999999,0.0,0.0,0.0,0.0,0.0,0.0,0.0,0.0,0.0,0.0,0.0,0.0,0.0
90,18,89.13345809905653,0.7604803199999999,92.46209346375159,73.37609771883389,0.0,2.0,0.0,0.0,0.0,0.0,89.13345809905653,0.0,0.0,0.0,0.0
90,19,163.29700629810316,0.55618944,169.39523474906966,99.82282302394782,0.0,5.0,0.0,0.0,0.0,0.0,163.29700629810296,0.0,0.0,0.0,0.0
90,20,238.40810612760612,0.47347824,247.31131341037982,125.2825298795186,0.0,6.0,0.0,0.0,0.0,0.0,238.40810612760612,0.0,0.0,0.0,0.0
90,21,186.90814993647794,0.4147128,193.8881223407448,86.82558295215148,0.0,5.0,0.0,0.0,0.0,0.0,186.90814993647794,0.0,0.0,0.0,0.0
90,22,456.99821890835244,0.3475027199999999,474.06454243605026,180.4302543067161,0.0,12.0,0.0,0.0,0.0,0.0,456.9982189083525,0.0,0.0,0.0,0.0
90,23,283.3603294601368,0.45786144,293.94225047732044,144.3143105711859,0.0,8.0,0.0,0.0,0.0,0.0,283.36032946013626,0.0,0.0,0.0,0.0
91,0,161.70762091870702,0.42362016,167.7464947289492,76.61320591204485,0.0,8.0,0.0,0.0,0.0,0.0,161.70762091870694,0.0,0.0,0.0,0.0
91,1,379.1272102298901,0.40441728,393.2854877903425,172.06919688150384,0.0,10.0,0.0,0.0,0.0,0.0,379.1272102298901,0.0,0.0,0.0,0.0
91,2,369.2068394677704,0.41089536,382.99464675079923,170.04784606219394,0.0,14.0,0.0,0.0,0.0,0.0,369.2068394677704,0.0,0.0,0.0,0.0
91,3,317.67284509960643,0.40707792,329.5361463688863,145.05453547347196,0.0,11.0,0.0,0.0,0.0,0.0,317.6728450996063,0.0,0.0,0.0,0.0
91,4,157.81643808731684,0.4086974399999999,163.70999801588886,72.32665802582477,0.0,9.0,0.0,0.0,0.0,0.0,157.81643808731684,0.0,0.0,0.0,0.0
91,5,361.2023913021056,0.3974764799999999,374.691277284342,161.33325125979593,0.0,10.0,0.0,0.0,0.0,0.0,361.2023913021056,0.0,0.0,0.0,0.0
91,6,221.62717231713017,0.49545744,229.9037057231641,121.51731414354897,0.0,11.0,0.0,0.0,0.0,0.0,221.62717231713003,0.0,0.0,0.0,0.0
91,7,120.64518469184151,0.5784,125.15060652680654,76.52959589114221,0.0,8.0,0.0,0.0,0.0,0.0,120.64518469184151,0.0,0.0,0.0,0.0
91,8,79.86172057733256,0.68204928,82.84410848271014,59.245904533652045,0.0,5.0,0.0,0.0,0.0,0.0,79.86172057733256,0.0,0.0,0.0,0.0
91,9,115.71392223961993,0.57342576,120.03518904524891,72.80443426241327,0.0,6.0,0.0,0.0,0.0,0.0,115.71392223961945,0.0,0.0,0.0,0.0
91,10,105.3758236687184,0.53316912,109.31102040323488,61.89945533004186,0.0,3.0,0.0,0.0,0.0,0.0,105.3758236687184,0.0,0.0,0.0,0.0
91,11,0.0,0.47382528,0.0,0.0,0.0,0.0,0.0,0.0,0.0,0.0,0.0,0.0,0.0,0.0,0.0
91,12,0.0,0.44675616,0.0,0.0,0.0,0.0,0.0,0.0,0.0,0.0,0.0,0.0,0.0,0.0,0.0
91,13,0.0,0.387528,0.0,0.0,0.0,0.0,0.0,0.0,0.0,0.0,0.0,0.0,0.0,0.0,0.0
91,14,0.0,0.42072816,0.0,0.0,0.0,0.0,0.0,0.0,0.0,0.0,0.0,0.0,0.0,0.0,0.0
91,15,0.0,0.46931376,0.0,0.0,0.0,0.0,0.0,0.0,0.0,0.0,0.0,0.0,0.0,0.0,0.0
91,16,0.0,0.5639399999999999,0.0,0.0,0.0,0.0,0.0,0.0,0.0,0.0,0.0,0.0,0.0,0.0,0.0
91,17,0.0,0.61472352,0.0,0.0,0.0,0.0,0.0,0.0,0.0,0.0,0.0,0.0,0.0,0.0,0.0
91,18,85.08399327564007,0.61564896,88.26140381290465,57.25949393176193,0.0,4.0,0.0,0.0,0.0,0.0,85.08399327564007,0.0,0.0,0.0,0.0
91,19,108.2815876816725,0.5696083200000001,112.32529842497148,67.69939190721321,0.0,7.0,0.0,0.0,0.0,0.0,108.2815876816725,0.0,0.0,0.0,0.0
91,20,132.3318463074958,0.50864496,137.27369948910354,74.36733483877643,0.0,7.0,0.0,0.0,0.0,0.0,132.3318463074958,0.0,0.0,0.0,0.0
91,21,321.59891301848813,0.45820848,333.6088309320417,163.90484763979836,0.0,12.0,0.0,0.0,0.0,0.0,321.5989130184877,0.0,0.0,0.0,0.0
91,22,225.3700281435982,0.39527856,233.78633624854587,100.14905406982788,0.0,8.0,0.0,0.0,0.0,0.0,225.3700281435982,0.0,0.0,0.0,0.0
91,23,86.64534875707386,0.51570144,89.88106717538784,49.32685909458957,0.0,6.0,0.0,0.0,0.0,0.0,86.64534875707386,0.0,0.0,0.0,0.0
92,0,226.1288500765547,0.5051745599999999,234.573495930036,126.26494530940191,0.0,10.0,0.0,0.0,0.0,0.0,226.12885007655447,0.0,0.0,0.0,0.0
92,1,212.24331203833034,0.50297664,220.1694108281435,118.02767798753078,0.0,10.0,0.0,0.0,0.0,0.0,212.24331203833034,0.0,0.0,0.0,0.0
92,2,137.09355326568408,0.50818224,142.21322952871796,76.97749543693861,0.0,9.0,0.0,0.0,0.0,0.0,137.09355326568408,0.0,0.0,0.0,0.0
92,3,148.67493316339625,0.52599696,154.22710909066,86.22790784217638,0.0,9.0,0.0,0.0,0.0,0.0,148.67493316339625,0.0,0.0,0.0,0.0
92,4,76.28658015733316,0.56544384,79.13545659474394,47.36604007037136,0.0,7.0,0.0,0.0,0.0,0.0,76.28658015733316,0.0,0.0,0.0,0.0
92,5,96.18873178514173,0.57805296,99.78084210076943,60.981357001177855,0.0,7.0,0.0,0.0,0.0,0.0,96.18873178514173,0.0,0.0,0.0,0.0
92,6,159.39239889669545,0.5161641599999999,165.34481213350153,90.81797934686551,0.0,9.0,0.0,0.0,0.0,0.0,159.39239889669545,0.0,0.0,0.0,0.0
92,7,104.22756886123716,0.5789784,108.11988471082695,66.17784604198742,0.0,8.0,0.0,0.0,0.0,0.0,104.22756886123716,0.0,0.0,0.0,0.0
92,8,125.5743330590227,0.66782064,130.26383097408996,91.30460777521094,0.0,9.0,0.0,0.0,0.0,0.0,125.5743330590227,0.0,0.0,0.0,0.0
92,9,141.4027278171094,0.59760288,146.68332761110935,92.51359717231017,0.0,7.0,0.0,0.0,0.0,0.0,141.4027278171094,0.0,0.0,0.0,0.0
92,10,59.08568275466762,0.56717904,61.292202027663514,36.79242419265191,0.0,2.0,0.0,0.0,0.0,0.0,59.08568275466762,0.0,0.0,0.0,0.0
92,11,0.0,0.4997376,0.0,0.0,0.0,0.0,0.0,0.0,0.0,0.0,0.0,0.0,0.0,0.0,0.0
92,12,0.0,0.30898128,0.0,0.0,0.0,0.0,0.0,0.0,0.0,0.0,0.0,0.0,0.0,0.0,0.0
92,13,0.0,0.28491984,0.0,0.0,0.0,0.0,0.0,0.0,0.0,0.0,0.0,0.0,0.0,0.0,0.0
92,14,0.0,0.29706624,0.0,0.0,0.0,0.0,0.0,0.0,0.0,0.0,0.0,0.0,0.0,0.0,0.0
92,15,0.0,0.3684408,0.0,0.0,0.0,0.0,0.0,0.0,0.0,0.0,0.0,0.0,0.0,0.0,0.0
92,16,0.0,0.5500584,0.0,0.0,0.0,0.0,0.0,0.0,0.0,0.0,0.0,0.0,0.0,0.0,0.0
92,17,0.0,1.05477024,0.0,0.0,0.0,0.0,0.0,0.0,0.0,0.0,0.0,0.0,0.0,0.0,0.0
92,18,0.0,1.1654760000000002,0.0,0.0,0.0,0.0,0.0,0.0,0.0,0.0,0.0,0.0,0.0,0.0,0.0
92,19,35.47231856166297,0.98374272,36.79701095608193,37.41677270845214,0.0,3.0,0.0,0.0,0.0,0.0,35.472318561662775,0.0,0.0,0.0,0.0
92,20,176.04111442168136,0.8992963199999999,182.615263922906,170.2698000575463,0.0,8.0,0.0,0.0,0.0,0.0,176.04111442168136,0.0,0.0,0.0,0.0
92,21,323.60429836670806,0.7068048,335.6891061895313,248.3779809773439,0.0,18.0,0.0,0.0,0.0,0.0,323.60429836670806,0.0,0.0,0.0,0.0
92,22,486.11526471262613,0.6353145600000001,504.26894679732993,337.0607061952007,0.0,21.0,0.0,0.0,0.0,0.0,486.11526471262556,0.0,0.0,0.0,0.0
92,23,140.6775417608782,0.82433568,145.93105991792345,125.12649759384544,0.0,14.0,0.0,0.0,0.0,0.0,140.6775417608782,0.0,0.0,0.0,0.0
93,0,333.3534505469429,0.78847488,345.8023345922644,284.10251154635955,0.0,14.0,0.0,0.0,0.0,0.0,333.3534505469427,0.0,0.0,0.0,0.0
93,1,288.23987479544104,0.81126384,299.0040194973455,252.4681820782135,0.0,17.0,0.0,0.0,0.0,0.0,288.23987479544104,0.0,0.0,0.0,0.0
93,2,184.8712434994157,0.82838448,191.77514885831502,165.21131439112816,0.0,11.0,0.0,0.0,0.0,0.0,184.8712434994157,0.0,0.0,0.0,0.0
93,3,206.8083828921997,0.8958259199999999,214.53151752302875,199.28388728407558,0.0,12.0,0.0,0.0,0.0,0.0,206.8083828921997,0.0,0.0,0.0,0.0
93,4,0.0,1.2146400000000002,0.0,0.0,0.0,0.0,0.0,0.0,0.0,0.0,0.0,0.0,0.0,0.0,0.0
93,5,0.0,1.55288832,0.0,0.0,0.0,1.0,0.0,0.0,0.0,0.0,0.0,0.0,0.0,0.0,0.0
93,6,0.0,1.88569968,0.0,0.0,0.0,0.0,0.0,0.0,0.0,0.0,0.0,0.0,0.0,0.0,0.0
93,7,0.0,1.83607296,0.0,0.0,0.0,0.0,0.0,0.0,0.0,0.0,0.0,0.0,0.0,0.0,0.0
93,8,0.0,1.2938808,0.0,0.0,0.0,1.0,0.0,0.0,0.0,0.0,0.0,0.0,0.0,0.0,0.0
93,9,102.25976751051097,1.10000112,106.07859700260475,120.1977770716801,0.0,7.0,0.0,0.0,0.0,0.0,102.25976751051097,0.0,0.0,0.0,0.0
93,10,7.167470330685276,1.00213584,7.435135197806304,0.0,66.1727032604761,0.0,0.0,0.0,0.0,1.0,0.0,0.0,0.0,0.0,7.167470330685276
93,11,0.0,0.93677664,0.0,0.0,0.0,0.0,0.0,0.0,0.0,0.0,0.0,0.0,0.0,0.0,0.0
93,12,0.0,0.8664432000000001,0.0,0.0,0.0,0.0,0.0,0.0,0.0,0.0,0.0,0.0,0.0,0.0,0.0
93,13,0.0,0.82896288,0.0,0.0,0.0,0.0,0.0,0.0,0.0,0.0,0.0,0.0,0.0,0.0,0.0
93,14,11.051632421731526,0.8909673599999999,11.46434898519868,0.0,102.03270596826825,0.0,0.0,0.0,0.0,1.0,0.0,0.0,0.0,0.0,11.051632421731526
93,15,0.0,0.92578704,0.0,0.0,0.0,0.0,0.0,0.0,0.0,0.0,0.0,0.0,0.0,0.0,0.0
93,16,0.0,1.13296992,0.0,0.0,0.0,0.0,0.0,0.0,0.0,0.0,0.0,0.0,0.0,0.0,0.0
93,17,0.0,1.24564224,0.0,0.0,0.0,0.0,0.0,0.0,0.0,0.0,0.0,0.0,0.0,0.0,0.0
93,18,0.0,1.72386336,0.0,0.0,0.0,0.0,0.0,0.0,0.0,0.0,0.0,0.0,0.0,0.0,0.0
93,19,0.0,1.7513952,0.0,0.0,0.0,1.0,0.0,0.0,0.0,0.0,0.0,0.0,0.0,0.0,0.0
93,20,189.29107801329187,1.54213008,196.3600394328754,307.9578581819426,7.652217852587593,10.0,0.0,0.0,0.0,1.0,188.462231045888,0.0,0.0,0.0,0.8288469674038694
93,21,251.1467913299169,1.30394496,260.52571714721677,348.3345970620717,0.0,10.0,0.0,0.0,0.0,0.0,251.14679132991682,0.0,0.0,0.0,0.0
93,22,349.1981119976263,1.1001168,362.23870539172856,410.4949865601573,0.0,13.0,0.0,0.0,0.0,0.0,349.1981119976263,0.0,0.0,0.0,0.0
93,23,564.3976833617374,0.99334416,585.4747752715119,600.9571639047559,0.0,15.0,0.0,0.0,0.0,0.0,564.3976833617374,0.0,0.0,0.0,0.0
94,0,332.13297968101745,1.0191408,344.5362859761592,362.5351371845825,0.0,14.0,0.0,0.0,0.0,0.0,332.13297968101745,0.0,0.0,0.0,0.0
94,1,324.9165760738388,1.04158272,337.05039011809004,362.2222300291702,0.0,11.0,0.0,0.0,0.0,0.0,324.9165760738388,0.0,0.0,0.0,0.0
94,2,506.9847882184179,1.04216112,525.9178301020934,565.4989950235465,0.0,13.0,0.0,0.0,0.0,0.0,506.984788218418,0.0,0.0,0.0,0.0
94,3,408.7092097423875,1.24656768,423.97220927633566,542.5435334291228,0.0,13.0,0.0,0.0,0.0,0.0,408.7092097423875,0.0,0.0,0.0,0.0
94,4,331.31861469951303,1.2720172799999998,343.69150902439117,448.5577274170087,0.0,12.0,0.0,0.0,0.0,0.0,331.31861469951303,0.0,0.0,0.0,0.0
94,5,186.845730319444,1.36513968,193.82337170066802,271.0115292232631,0.0,9.0,0.0,0.0,0.0,0.0,186.845730319444,0.0,0.0,0.0,0.0
94,6,0.0,2.02197072,0.0,0.0,0.0,0.0,0.0,0.0,0.0,0.0,0.0,0.0,0.0,0.0,0.0
94,7,0.0,2.001264,0.0,0.0,0.0,2.0,0.0,0.0,0.0,0.0,0.0,0.0,0.0,0.0,0.0
94,8,273.3009561427365,1.56526608,283.50721591570175,453.14831735489383,0.0,9.0,0.0,0.0,0.0,0.0,273.3009561427365,0.0,0.0,0.0,0.0
94,9,227.52045427928772,1.33714512,236.01706875444788,323.4012366974867,0.0,7.0,0.0,0.0,0.0,0.0,227.52045427928772,0.0,0.0,0.0,0.0
94,10,0.0,1.26056496,0.0,0.0,0.0,0.0,0.0,0.0,0.0,0.0,0.0,0.0,0.0,0.0,0.0
94,11,2.550063057626873,1.23014112,2.6452936282436443,0.0,23.543113291368435,0.0,0.0,0.0,0.0,1.0,0.0,0.0,0.0,0.0,2.550063057626873
94,12,8.245806721646986,1.22065536,8.553741412496873,0.0,76.12829857122217,0.0,0.0,0.0,0.0,2.0,0.0,0.0,0.0,0.0,8.245806721646986
94,13,1.9246776282631117,1.21163232,1.9965535562895351,0.0,17.769326650976865,0.0,0.0,0.0,0.0,1.0,0.0,0.0,0.0,0.0,1.9246776282631117
94,14,0.0,1.2273648,0.0,0.0,0.0,0.0,0.0,0.0,0.0,0.0,0.0,0.0,0.0,0.0,0.0
94,15,0.0,1.2592924799999998,0.0,0.0,0.0,0.0,0.0,0.0,0.0,0.0,0.0,0.0,0.0,0.0,0.0
94,16,0.0,1.34292912,0.0,0.0,0.0,0.0,0.0,0.0,0.0,0.0,0.0,0.0,0.0,0.0,0.0
94,17,0.0,1.3768233600000002,0.0,0.0,0.0,0.0,0.0,0.0,0.0,0.0,0.0,0.0,0.0,0.0,0.0
94,18,35.55238197881178,1.38075648,36.880064293373216,52.14311788400234,0.0,1.0,0.0,0.0,0.0,0.0,35.55238197881178,0.0,0.0,0.0,0.0
94,19,168.8765270646823,1.46948304,175.18311936170363,263.2271840471915,0.0,5.0,0.0,0.0,0.0,0.0,168.8765270646823,0.0,0.0,0.0,0.0
94,20,188.6503095731438,1.39753008,195.69534188085458,279.96764261063436,0.0,5.0,0.0,0.0,0.0,0.0,188.65030957314264,0.0,0.0,0.0,0.0
94,21,238.86692600515372,1.32314784,247.78726764020098,336.0609465165245,0.0,9.0,0.0,0.0,0.0,0.0,238.86692600515372,0.0,0.0,0.0,0.0
94,22,381.92308603377603,1.2706291200000002,396.18577389395864,516.5189303552897,0.0,12.0,0.0,0.0,0.0,0.0,381.92308603377603,0.0,0.0,0.0,0.0
94,23,373.4878673222988,1.16108016,387.4355470148329,462.6678435238605,0.0,12.0,0.0,0.0,0.0,0.0,373.4878673222988,0.0,0.0,0.0,0.0
95,0,431.8701893428422,1.14141456,447.9981217249401,526.1803168185945,0.0,15.0,0.0,0.0,0.0,0.0,431.87018934284214,0.0,0.0,0.0,0.0
95,1,377.9530200968722,1.1267231999999998,392.06744823327,454.7289224257454,0.0,14.0,0.0,0.0,0.0,0.0,377.95302009687214,0.0,0.0,0.0,0.0
95,2,496.4367091439723,1.12660752,514.9758393609671,597.2213535252256,0.0,13.0,0.0,0.0,0.0,0.0,496.43670914397205,0.0,0.0,0.0,0.0
95,3,361.91748791233647,1.26646464,375.433078747237,487.89955382624464,0.0,13.0,0.0,0.0,0.0,0.0,361.91748791233647,0.0,0.0,0.0,0.0
95,4,379.95626408604534,1.31030736,394.1455021639476,529.497968517943,0.0,12.0,0.0,0.0,0.0,0.0,379.9562640860454,0.0,0.0,0.0,0.0
95,5,223.82817163437858,1.36722192,232.18690003566246,325.13640565678685,0.0,7.0,0.0,0.0,0.0,0.0,223.8281716343785,0.0,0.0,0.0,0.0
95,6,26.950231894798677,1.7352,27.956672090040122,49.43578325681795,0.0,2.0,0.0,0.0,0.0,0.0,26.950231894798183,0.0,0.0,0.0,0.0
95,7,0.0,1.98368064,0.0,0.0,0.0,1.0,0.0,0.0,0.0,0.0,0.0,0.0,0.0,0.0,0.0
95,8,142.15235795718468,1.5318345599999998,147.46095223774344,230.766740407354,0.0,5.0,0.0,0.0,0.0,0.0,142.15235795718468,0.0,0.0,0.0,0.0
95,9,65.78992076620764,1.34061552,68.24680577407432,93.7516962822715,0.0,6.0,0.0,0.0,0.0,0.0,65.78992076620764,0.0,0.0,0.0,0.0
95,10,35.98133522689611,1.28902224,37.32503654242335,49.348260921550605,0.0,1.0,0.0,0.0,0.0,0.0,35.98133522689611,0.0,0.0,0.0,0.0
95,11,0.0,1.27328976,0.0,0.0,0.0,0.0,0.0,0.0,0.0,0.0,0.0,0.0,0.0,0.0,0.0
95,12,0.0,1.27606608,0.0,0.0,0.0,0.0,0.0,0.0,0.0,0.0,0.0,0.0,0.0,0.0,0.0
95,13,0.0,1.27178592,0.0,0.0,0.0,0.0,0.0,0.0,0.0,0.0,0.0,0.0,0.0,0.0,0.0
95,14,0.0,1.27178592,0.0,0.0,0.0,0.0,0.0,0.0,0.0,0.0,0.0,0.0,0.0,0.0,0.0
95,15,0.0,1.27294272,0.0,0.0,0.0,0.0,0.0,0.0,0.0,0.0,0.0,0.0,0.0,0.0,0.0
95,16,0.0,1.2893692799999998,0.0,0.0,0.0,0.0,0.0,0.0,0.0,0.0,0.0,0.0,0.0,0.0,0.0
95,17,0.0,1.29064176,0.0,0.0,0.0,0.0,0.0,0.0,0.0,0.0,0.0,0.0,0.0,0.0,0.0
95,18,140.29941647509602,1.27629744,145.5388137708465,190.56815017218312,0.0,4.0,0.0,0.0,0.0,0.0,140.29941647509506,0.0,0.0,0.0,0.0
95,19,174.38930978063385,1.09710912,180.90177363136294,204.45683438234192,0.0,6.0,0.0,0.0,0.0,0.0,174.3893097806337,0.0,0.0,0.0,0.0
95,20,323.061102420026,0.93052992,335.1256249170395,322.93707912875675,0.0,9.0,0.0,0.0,0.0,0.0,323.06110242002467,0.0,0.0,0.0,0.0
95,21,292.778192375215,0.78384768,303.71181781661306,248.11666495386473,0.0,8.0,0.0,0.0,0.0,0.0,292.77819237521436,0.0,0.0,0.0,0.0
95,22,364.9121077887857,0.69512112,378.53953090122997,275.6604811571683,0.0,9.0,0.0,0.0,0.0,0.0,364.91210778878553,0.0,0.0,0.0,0.0
95,23,329.22979573952205,0.86852544,341.5246843770975,307.92734382236176,0.0,10.0,0.0,0.0,0.0,0.0,329.22979573952205,0.0,0.0,0.0,0.0
96,0,263.8637856458195,0.8928182400000001,273.71761996454313,253.44013693455867,0.0,7.0,0.0,0.0,0.0,0.0,263.86378564581946,0.0,0.0,0.0,0.0
96,1,333.1406434770538,0.96199488,345.58158037038777,343.8864612488814,0.0,9.0,0.0,0.0,0.0,0.0,333.1406434770538,0.0,0.0,0.0,0.0
96,2,241.29910667538945,0.9879072,250.31027663422145,255.56859467753185,0.0,9.0,0.0,0.0,0.0,0.0,241.29910667538886,0.0,0.0,0.0,0.0
96,3,242.77536548923794,1.03452624,251.8416654452676,268.87277035466894,0.0,8.0,0.0,0.0,0.0,0.0,242.77536548923794,0.0,0.0,0.0,0.0
96,4,233.55705735904266,1.06471872,242.2791051442351,265.9785370921896,0.0,8.0,0.0,0.0,0.0,0.0,233.55705735904195,0.0,0.0,0.0,0.0
96,5,538.8600904396607,1.3281220800000002,558.9834963067019,760.9006775282811,0.0,16.0,0.0,0.0,0.0,0.0,538.8600904396607,0.0,0.0,0.0,0.0
96,6,0.0,1.36085952,0.0,0.0,0.0,7.0,0.0,0.0,0.0,0.0,0.0,0.0,0.0,0.0,0.0
96,7,0.0,1.3656024,0.0,0.0,0.0,5.0,0.0,0.0,0.0,0.0,0.0,0.0,0.0,0.0,0.0
96,8,73.83039252957103,1.3569264,76.58754411781227,106.45870823492376,0.0,8.0,0.0,0.0,0.0,0.0,73.83039252957103,0.0,0.0,0.0,0.0
96,9,236.43360770549918,1.29422784,245.2630785326755,325.5445122605265,0.0,7.0,0.0,0.0,0.0,0.0,236.43360770549916,0.0,0.0,0.0,0.0
96,10,114.53178495751996,1.18664544,118.80890555759332,144.91662078526508,0.0,3.0,0.0,0.0,0.0,0.0,114.53178495751987,0.0,0.0,0.0,0.0
96,11,0.0,1.12082352,0.0,0.0,0.0,0.0,0.0,0.0,0.0,0.0,0.0,0.0,0.0,0.0,0.0
96,12,0.0,1.05222528,0.0,0.0,0.0,0.0,0.0,0.0,0.0,0.0,0.0,0.0,0.0,0.0,0.0
96,13,0.0,1.01925648,0.0,0.0,0.0,0.0,0.0,0.0,0.0,0.0,0.0,0.0,0.0,0.0,0.0
96,14,0.0,1.03579872,0.0,0.0,0.0,0.0,0.0,0.0,0.0,0.0,0.0,0.0,0.0,0.0,0.0
96,15,0.0,1.07096544,0.0,0.0,0.0,0.0,0.0,0.0,0.0,0.0,0.0,0.0,0.0,0.0,0.0
96,16,0.0,1.12568208,0.0,0.0,0.0,0.0,0.0,0.0,0.0,0.0,0.0,0.0,0.0,0.0,0.0
96,17,0.0,1.1195510400000002,0.0,0.0,0.0,0.0,0.0,0.0,0.0,0.0,0.0,0.0,0.0,0.0,0.0
96,18,0.0,1.03371648,0.0,0.0,0.0,0.0,0.0,0.0,0.0,0.0,0.0,0.0,0.0,0.0,0.0
96,19,103.75344891323068,1.01011776,107.62805903862106,112.27950266341799,0.0,3.0,0.0,0.0,0.0,0.0,103.75344891323068,0.0,0.0,0.0,0.0
96,20,225.24931796208907,0.9595656,233.66111821793473,231.94735411247711,0.0,7.0,0.0,0.0,0.0,0.0,225.24931796208827,0.0,0.0,0.0,0.0
96,21,173.71269239465357,0.8109167999999999,180.19988837619664,152.09173314763467,0.0,6.0,0.0,0.0,0.0,0.0,173.71269239465357,0.0,0.0,0.0,0.0
96,22,263.6514071609498,0.6525508799999999,273.4973103329355,187.5236715074103,0.0,7.0,0.0,0.0,0.0,0.0,263.65140716094965,0.0,0.0,0.0,0.0
96,23,345.50016372670757,0.68852736,358.402659467539,258.6331649685392,0.0,8.0,0.0,0.0,0.0,0.0,345.50016372670757,0.0,0.0,0.0,0.0
97,0,233.8840718238306,0.6940799999999999,242.61833176745915,176.4271984946609,0.0,7.0,0.0,0.0,0.0,0.0,233.88407182382986,0.0,0.0,0.0,0.0
97,1,308.1914837805411,0.7249665599999999,319.70070931591397,242.35441694067492,0.0,7.0,0.0,0.0,0.0,0.0,308.19148378054086,0.0,0.0,0.0,0.0
97,2,153.9190475004442,0.76105872,159.6670617224525,126.80098936366386,0.0,4.0,0.0,0.0,0.0,0.0,153.919047500444,0.0,0.0,0.0,0.0
97,3,150.39766259999294,0.8010839999999999,156.01417282156945,130.14452674098808,0.0,6.0,0.0,0.0,0.0,0.0,150.39766259999294,0.0,0.0,0.0,0.0
97,4,222.36045810675787,0.7523827200000001,230.6643756294169,181.18288117649612,0.0,6.0,0.0,0.0,0.0,0.0,222.36045810675787,0.0,0.0,0.0,0.0
97,5,422.7736156192224,0.5873073600000001,438.56184192865396,272.0869945476936,0.0,16.0,0.0,0.0,0.0,0.0,422.77361561922237,0.0,0.0,0.0,0.0
97,6,547.876709527278,0.5685671999999999,568.3368356092096,341.94963253785346,0.0,14.0,0.0,0.0,0.0,0.0,547.876709527278,0.0,0.0,0.0,0.0
97,7,372.20237090683304,0.59956944,386.1020445091629,244.27496428246724,0.0,14.0,0.0,0.0,0.0,0.0,372.20237090683304,0.0,0.0,0.0,0.0
97,8,103.89533606461282,0.6940799999999999,107.77524488030376,78.37200257205927,0.0,8.0,0.0,0.0,0.0,0.0,103.8953360646128,0.0,0.0,0.0,0.0
97,9,47.02246085900323,0.70113648,48.778486368260616,35.61052485362113,2.477855045465595,6.0,0.0,0.0,0.0,1.0,46.754072964191,0.0,0.0,0.0,0.26838789481222847
97,10,151.2777130685558,0.6553272,156.92708824538985,108.03287596492666,0.0,5.0,0.0,0.0,0.0,0.0,151.2777130685558,0.0,0.0,0.0,0.0
97,11,0.0,0.6121785599999999,0.0,0.0,0.0,0.0,0.0,0.0,0.0,0.0,0.0,0.0,0.0,0.0,0.0
97,12,0.0,0.55607376,0.0,0.0,0.0,0.0,0.0,0.0,0.0,0.0,0.0,0.0,0.0,0.0,0.0
97,13,0.0,0.54577824,0.0,0.0,0.0,0.0,0.0,0.0,0.0,0.0,0.0,0.0,0.0,0.0,0.0
97,14,0.0,0.5482075200000001,0.0,0.0,0.0,0.0,0.0,0.0,0.0,0.0,0.0,0.0,0.0,0.0,0.0
97,15,0.0,0.5648654399999999,0.0,0.0,0.0,0.0,0.0,0.0,0.0,0.0,0.0,0.0,0.0,0.0,0.0
97,16,0.0,0.6466512,0.0,0.0,0.0,0.0,0.0,0.0,0.0,0.0,0.0,0.0,0.0,0.0,0.0
97,17,0.0,0.7154808,0.0,0.0,0.0,0.0,0.0,0.0,0.0,0.0,0.0,0.0,0.0,0.0,0.0
97,18,0.0,0.71247312,0.0,0.0,0.0,0.0,0.0,0.0,0.0,0.0,0.0,0.0,0.0,0.0,0.0
97,19,0.0,0.68413152,0.0,0.0,0.0,1.0,0.0,0.0,0.0,0.0,0.0,0.0,0.0,0.0,0.0
97,20,233.0803640738004,0.6127569599999999,241.78461003506268,156.15827321203108,0.0,6.0,0.0,0.0,0.0,0.0,233.08036407380013,0.0,0.0,0.0,0.0
97,21,304.49572946033953,0.5917031999999999,315.86693927421123,197.3546744327328,0.0,7.0,0.0,0.0,0.0,0.0,304.49572946033896,0.0,0.0,0.0,0.0
97,22,0.0,0.6292992,0.0,0.0,0.0,6.0,0.0,0.0,0.0,0.0,0.0,0.0,0.0,0.0,0.0
97,23,503.0966228935673,0.49603584,521.884463582539,276.1477740206961,0.0,13.0,0.0,0.0,0.0,0.0,503.09662289356737,0.0,0.0,0.0,0.0
98,0,404.9745236244133,0.50448048,420.09805355229594,225.836513275709,0.0,13.0,0.0,0.0,0.0,0.0,404.97452362441317,0.0,0.0,0.0,0.0
98,1,412.59301876728045,0.5108428799999999,428.00105681253166,232.80812748565202,0.0,14.0,0.0,0.0,0.0,0.0,412.59301876728045,0.0,0.0,0.0,0.0
98,2,498.3210813342472,0.5251872,516.930582296937,288.5957273849266,0.0,16.0,0.0,0.0,0.0,0.0,498.3210813342471,0.0,0.0,0.0,0.0
98,3,314.54387462065745,0.5372179199999999,326.29032636997664,186.0892202514462,0.0,11.0,0.0,0.0,0.0,0.0,314.54387462065733,0.0,0.0,0.0,0.0
98,4,249.4950846162782,0.5535288,258.81232844012266,151.82676565803504,0.0,9.0,0.0,0.0,0.0,0.0,249.495084616278,0.0,0.0,0.0,0.0
98,5,414.44714876857455,0.5483231999999999,429.92442818316863,249.9680367924281,0.0,13.0,0.0,0.0,0.0,0.0,414.4471487685746,0.0,0.0,0.0,0.0
98,6,150.39585569635724,0.5550326399999999,156.01229844020463,91.75592495410541,0.0,9.0,0.0,0.0,0.0,0.0,150.3958556963571,0.0,0.0,0.0,0.0
98,7,153.679086621753,0.58962096,159.41813964912137,99.27301696371492,0.0,9.0,0.0,0.0,0.0,0.0,153.67908662175293,0.0,0.0,0.0,0.0
98,8,32.636146615994825,0.62097024,33.85492387551331,22.14349818443872,0.0,2.0,0.0,0.0,0.0,0.0,32.636146615994825,0.0,0.0,0.0,0.0
98,9,0.0,0.6509313600000001,0.0,0.0,0.0,0.0,0.0,0.0,0.0,0.0,0.0,0.0,0.0,0.0,0.0
98,10,61.20474786236971,0.61298832,63.49040234685654,41.02040738840461,0.0,2.0,0.0,0.0,0.0,0.0,61.20474786236971,0.0,0.0,0.0,0.0
98,11,0.0,0.5795568,0.0,0.0,0.0,0.0,0.0,0.0,0.0,0.0,0.0,0.0,0.0,0.0,0.0
98,12,0.0,0.5657908799999999,0.0,0.0,0.0,0.0,0.0,0.0,0.0,0.0,0.0,0.0,0.0,0.0,0.0
98,13,0.0,0.55514832,0.0,0.0,0.0,0.0,0.0,0.0,0.0,0.0,0.0,0.0,0.0,0.0,0.0
98,14,0.0,0.59887536,0.0,0.0,0.0,0.0,0.0,0.0,0.0,0.0,0.0,0.0,0.0,0.0,0.0
98,15,0.0,0.6844785600000001,0.0,0.0,0.0,0.0,0.0,0.0,0.0,0.0,0.0,0.0,0.0,0.0,0.0
98,16,0.0,0.7639507200000001,0.0,0.0,0.0,0.0,0.0,0.0,0.0,0.0,0.0,0.0,0.0,0.0,0.0
98,17,0.0,0.81565968,0.0,0.0,0.0,0.0,0.0,0.0,0.0,0.0,0.0,0.0,0.0,0.0,0.0
98,18,0.0,0.83555664,0.0,0.0,0.0,0.0,0.0,0.0,0.0,0.0,0.0,0.0,0.0,0.0,0.0
98,19,0.0,0.7844260799999999,0.0,0.0,0.0,0.0,0.0,0.0,0.0,0.0,0.0,0.0,0.0,0.0,0.0
98,20,0.0,0.7759814399999999,0.0,0.0,0.0,0.0,0.0,0.0,0.0,0.0,0.0,0.0,0.0,0.0,0.0
98,21,17.37845270349139,0.6744144,18.027440563787753,12.754673794023953,0.0,1.0,0.0,0.0,0.0,0.0,17.378452703491394,0.0,0.0,0.0,0.0
98,22,136.863162291567,0.5773588799999999,141.9742347422894,86.66943232963507,0.0,5.0,0.0,0.0,0.0,0.0,136.863162291567,0.0,0.0,0.0,0.0
98,23,113.56947696190645,0.6041966399999998,117.81066074886562,75.08033825143193,0.0,7.0,0.0,0.0,0.0,0.0,113.56947696190625,0.0,0.0,0.0,0.0
99,0,122.30802698009971,0.6119471999999999,126.87554665985448,81.84071612140849,0.0,5.0,0.0,0.0,0.0,0.0,122.30802698009971,0.0,0.0,0.0,0.0
99,1,62.65983987945377,0.6074356799999999,64.99983389984831,41.63471280692639,0.0,3.0,0.0,0.0,0.0,0.0,62.65983987945377,0.0,0.0,0.0,0.0
99,2,147.00324480968806,0.61264128,152.49299254117022,98.47102019456571,0.0,6.0,0.0,0.0,0.0,0.0,147.003244809688,0.0,0.0,0.0,0.0
99,3,0.0,0.63438912,0.0,0.0,0.0,0.0,0.0,0.0,0.0,0.0,0.0,0.0,0.0,0.0,0.0
99,4,32.66898664410999,0.61969776,33.88899029471991,22.1226569530549,0.0,4.0,0.0,0.0,0.0,0.0,32.66898664410999,0.0,0.0,0.0,0.0
99,5,95.07047173518995,0.6031555200000001,98.62082130206429,62.74804194037199,0.0,4.0,0.0,0.0,0.0,0.0,95.07047173518984,0.0,0.0,0.0,0.0
99,6,76.02266050390261,0.6127569599999999,78.86168102064588,50.933365564484035,0.0,7.0,0.0,0.0,0.0,0.0,76.02266050390261,0.0,0.0,0.0,0.0
99,7,130.99970389641396,0.61264128,135.89180902117633,87.75095069884995,0.0,5.0,0.0,0.0,0.0,0.0,130.99970389641396,0.0,0.0,0.0,0.0
99,8,45.784719476444266,0.6121785599999999,47.49452227846916,30.647196943738493,0.0,3.0,0.0,0.0,0.0,0.0,45.784719476444266,0.0,0.0,0.0,0.0
99,9,96.25124093049571,0.5784,99.84568561254744,61.055636752072765,0.0,6.0,0.0,0.0,0.0,0.0,96.25124093049561,0.0,0.0,0.0,0.0
99,10,0.0,0.5762020800000001,0.0,0.0,0.0,0.0,0.0,0.0,0.0,0.0,0.0,0.0,0.0,0.0,0.0
99,11,0.0,0.5546856,0.0,0.0,0.0,0.0,0.0,0.0,0.0,0.0,0.0,0.0,0.0,0.0,0.0
99,12,0.0,0.56879856,0.0,0.0,0.0,0.0,0.0,0.0,0.0,0.0,0.0,0.0,0.0,0.0,0.0
99,13,0.0,0.55885008,0.0,0.0,0.0,0.0,0.0,0.0,0.0,0.0,0.0,0.0,0.0,0.0,0.0
99,14,0.0,0.56463408,0.0,0.0,0.0,0.0,0.0,0.0,0.0,0.0,0.0,0.0,0.0,0.0,0.0
99,15,0.0,0.5696083200000001,0.0,0.0,0.0,0.0,0.0,0.0,0.0,0.0,0.0,0.0,0.0,0.0,0.0
99,16,0.0,0.60523776,0.0,0.0,0.0,0.0,0.0,0.0,0.0,0.0,0.0,0.0,0.0,0.0,0.0
99,17,0.0,0.6589132799999999,0.0,0.0,0.0,0.0,0.0,0.0,0.0,0.0,0.0,0.0,0.0,0.0,0.0
99,18,0.0,0.6924604799999999,0.0,0.0,0.0,0.0,0.0,0.0,0.0,0.0,0.0,0.0,0.0,0.0,0.0
99,19,0.0,0.6557899199999999,0.0,0.0,0.0,0.0,0.0,0.0,0.0,0.0,0.0,0.0,0.0,0.0,0.0
99,20,176.08930818222706,0.6081297600000001,182.66525745044302,117.1303991952858,0.0,7.0,0.0,0.0,0.0,0.0,176.08930818222706,0.0,0.0,0.0,0.0
99,21,68.59594560482921,0.57759024,71.15761992202201,43.4552639880084,0.0,4.0,0.0,0.0,0.0,0.0,68.59594560482921,0.0,0.0,0.0,0.0
99,22,187.541837473545,0.53363184,194.54547455761934,110.25511475971278,0.0,6.0,0.0,0.0,0.0,0.0,187.541837473545,0.0,0.0,0.0,0.0
99,23,356.6373795098444,0.43692336,369.95578787328265,173.88786246764755,0.0,11.0,0.0,0.0,0.0,0.0,356.6373795098437,0.0,0.0,0.0,0.0
100,0,475.04296521602873,0.4302139199999999,492.7831589377892,228.31329707745016,0.0,13.0,0.0,0.0,0.0,0.0,475.0429652160286,0.0,0.0,0.0,0.0
100,1,290.3355023602945,0.44548368,301.1779070127536,144.13883107286145,0.0,13.0,0.0,0.0,0.0,0.0,290.3355023602945,0.0,0.0,0.0,0.0
100,2,267.63646650350984,0.46237296,277.6311893189936,137.55874716020216,0.0,8.0,0.0,0.0,0.0,0.0,267.6364665035098,0.0,0.0,0.0,0.0
100,3,110.80796383000401,0.48203856,114.94602057054358,59.2131275144402,0.0,7.0,0.0,0.0,0.0,0.0,110.80796383000401,0.0,0.0,0.0,0.0
100,4,191.20640627659606,0.5280792,198.34689447779675,111.30815156553442,0.0,9.0,0.0,0.0,0.0,0.0,191.20640627659606,0.0,0.0,0.0,0.0
100,5,115.03414435998312,0.56382432,119.33002526969202,71.23099418969373,0.0,5.0,0.0,0.0,0.0,0.0,115.03414435998312,0.0,0.0,0.0,0.0
100,6,92.84782347660392,0.55954416,96.31516958153935,57.080622771908935,0.0,3.0,0.0,0.0,0.0,0.0,92.84782347660382,0.0,0.0,0.0,0.0
100,7,98.17842101522817,0.5772432,101.84483507803753,62.16030254500167,0.0,5.0,0.0,0.0,0.0,0.0,98.17842101522817,0.0,0.0,0.0,0.0
100,8,206.09240186772942,0.55676784,213.78879861797662,126.10713685698084,0.0,9.0,0.0,0.0,0.0,0.0,206.09240186772942,0.0,0.0,0.0,0.0
100,9,234.9420461008015,0.3175416,243.71581545726295,85.45690347723942,0.0,6.0,0.0,0.0,0.0,0.0,234.9420461008015,0.0,0.0,0.0,0.0
100,10,67.89927779977576,0.15639936,70.43493547694581,13.347375194522526,0.0,2.0,0.0,0.0,0.0,0.0,67.89927779977576,0.0,0.0,0.0,0.0
100,11,0.0,0.15281328,0.0,0.0,0.0,0.0,0.0,0.0,0.0,0.0,0.0,0.0,0.0,0.0,0.0
100,12,0.0,0.11556432,0.0,0.0,0.0,0.0,0.0,0.0,0.0,0.0,0.0,0.0,0.0,0.0,0.0
100,13,0.0,0.02035968,0.0,0.0,0.0,0.0,0.0,0.0,0.0,0.0,0.0,0.0,0.0,0.0,0.0
100,14,0.0,0.02556528,0.0,0.0,0.0,0.0,0.0,0.0,0.0,0.0,0.0,0.0,0.0,0.0,0.0
100,15,0.0,0.04835424,0.0,0.0,0.0,0.0,0.0,0.0,0.0,0.0,0.0,0.0,0.0,0.0,0.0
100,16,0.0,0.29544672,0.0,0.0,0.0,0.0,0.0,0.0,0.0,0.0,0.0,0.0,0.0,0.0,0.0
100,17,0.0,0.44571504,0.0,0.0,0.0,0.0,0.0,0.0,0.0,0.0,0.0,0.0,0.0,0.0,0.0
100,18,109.76708552241709,0.51755232,113.86627128881443,62.70072645493504,0.0,3.0,0.0,0.0,0.0,0.0,109.76708552241709,0.0,0.0,0.0,0.0
100,19,304.89740947137193,0.41783616,316.2836197835809,142.62372097610802,0.0,8.0,0.0,0.0,0.0,0.0,304.89740947137193,0.0,0.0,0.0,0.0
100,20,204.5872906113034,0.30285024,212.2274798872442,71.29787280271486,0.0,7.0,0.0,0.0,0.0,0.0,204.58729061130322,0.0,0.0,0.0,0.0
100,21,288.84729245604075,0.17328864,299.63412080502155,61.841078690544094,0.0,8.0,0.0,0.0,0.0,0.0,288.84729245604075,0.0,0.0,0.0,0.0
100,22,265.10424687026466,0.034704,275.00440546707955,18.646398708289862,0.0,6.0,0.0,0.0,0.0,0.0,265.10424687026466,0.0,0.0,0.0,0.0
100,23,227.35800685163917,0.01723632,235.84855482535187,11.871748327226456,0.0,10.0,0.0,0.0,0.0,0.0,227.35800685163917,0.0,0.0,0.0,0.0
101,0,345.047814157182,0.01145232,357.93341717550004,15.946764140696372,0.0,10.0,0.0,0.0,0.0,0.0,345.047814157182,0.0,0.0,0.0,0.0
101,1,500.66444148029524,0.0083289599999999,519.3614538177337,21.516604895756686,0.0,13.0,0.0,0.0,0.0,0.0,500.664441480295,0.0,0.0,0.0,0.0
101,2,316.81985302460276,0.01260912,328.65129981805273,15.02236170153935,0.0,10.0,0.0,0.0,0.0,0.0,316.8198530246028,0.0,0.0,0.0,0.0
101,3,348.7511394809265,0.07276272,361.77504095531793,38.29848986364135,0.0,10.0,0.0,0.0,0.0,0.0,348.7511394809264,0.0,0.0,0.0,0.0
101,4,149.82222362408461,0.3835948799999999,155.4172444233243,64.76157001490778,0.0,10.0,0.0,0.0,0.0,0.0,149.82222362408461,0.0,0.0,0.0,0.0
101,5,233.83337285565182,0.4523088,242.56573947681724,117.7435445205545,0.0,9.0,0.0,0.0,0.0,0.0,233.83337285565182,0.0,0.0,0.0,0.0
101,6,177.91285265534592,0.5396472,184.55690109475717,105.70444834269911,0.0,6.0,0.0,0.0,0.0,0.0,177.91285265534592,0.0,0.0,0.0,0.0
101,7,0.0,0.62675424,0.0,0.0,0.0,0.0,0.0,0.0,0.0,0.0,0.0,0.0,0.0,0.0,0.0
101,8,145.42227679347062,0.610212,150.8529842255919,97.045534988134,0.0,8.0,0.0,0.0,0.0,0.0,145.42227679347062,0.0,0.0,0.0,0.0
101,9,146.46850157401335,0.4626043199999999,151.93827964109272,75.3164615914577,0.0,7.0,0.0,0.0,0.0,0.0,146.46850157401335,0.0,0.0,0.0,0.0
101,10,67.9854904990808,0.36635856,70.52436773763569,28.17156238138641,0.0,2.0,0.0,0.0,0.0,0.0,67.9854904990808,0.0,0.0,0.0,0.0
101,11,0.0,0.35779824,0.0,0.0,0.0,0.0,0.0,0.0,0.0,0.0,0.0,0.0,0.0,0.0,0.0
101,12,0.0,0.33477792,0.0,0.0,0.0,0.0,0.0,0.0,0.0,0.0,0.0,0.0,0.0,0.0,0.0
101,13,0.0,0.29706624,0.0,0.0,0.0,0.0,0.0,0.0,0.0,0.0,0.0,0.0,0.0,0.0,0.0
101,14,0.0,0.31788864,0.0,0.0,0.0,0.0,0.0,0.0,0.0,0.0,0.0,0.0,0.0,0.0,0.0
101,15,0.0,0.4086974399999999,0.0,0.0,0.0,0.0,0.0,0.0,0.0,0.0,0.0,0.0,0.0,0.0,0.0
101,16,0.0,0.5548012800000001,0.0,0.0,0.0,0.0,0.0,0.0,0.0,0.0,0.0,0.0,0.0,0.0,0.0
101,17,0.0,0.51859344,0.0,0.0,0.0,0.0,0.0,0.0,0.0,0.0,0.0,0.0,0.0,0.0,0.0
101,18,90.99367670175933,0.46931376,94.39178081095366,47.42372951032708,0.0,3.0,0.0,0.0,0.0,0.0,90.99367670175933,0.0,0.0,0.0,0.0
101,19,222.92707619292997,0.45566352,231.2521537271058,113.02761666324136,0.0,7.0,0.0,0.0,0.0,0.0,222.92707619292997,0.0,0.0,0.0,0.0
101,20,176.7522681186917,0.43923696,183.3529752268586,86.60438692560972,0.0,6.0,0.0,0.0,0.0,0.0,176.7522681186917,0.0,0.0,0.0,0.0
101,21,297.7245099220484,0.40615248,308.8428526162328,135.65998894195474,0.0,10.0,0.0,0.0,0.0,0.0,297.7245099220479,0.0,0.0,0.0,0.0
101,22,361.59201407581116,0.36936624,375.0954502861112,150.96325551775809,0.0,10.0,0.0,0.0,0.0,0.0,361.59201407581065,0.0,0.0,0.0,0.0
101,23,409.8337309810709,0.39296496,425.13872508409855,181.13671389740742,0.0,14.0,0.0,0.0,0.0,0.0,409.83373098107097,0.0,0.0,0.0,0.0
102,0,352.96622234964286,0.40464864,366.1475335577209,160.2805848542467,0.0,11.0,0.0,0.0,0.0,0.0,352.96622234964286,0.0,0.0,0.0,0.0
102,1,198.78577615503872,0.42153792,206.20931136414808,93.75057240322865,0.0,13.0,0.0,0.0,0.0,0.0,198.78577615503872,0.0,0.0,0.0,0.0
102,2,455.27397683706624,0.44548368,472.27590958201904,226.0235427831099,0.0,16.0,0.0,0.0,0.0,0.0,455.27397683706624,0.0,0.0,0.0,0.0
102,3,352.08091910736454,0.45531648,365.22916919851104,178.3839452132612,0.0,15.0,0.0,0.0,0.0,0.0,352.0809191073646,0.0,0.0,0.0,0.0
102,4,197.6894591530294,0.5360611200000001,205.0720530633085,116.71903940221212,0.0,9.0,0.0,0.0,0.0,0.0,197.6894591530292,0.0,0.0,0.0,0.0
102,5,220.2864120032786,0.55688352,228.51287552207322,134.81883066583458,0.0,9.0,0.0,0.0,0.0,0.0,220.2864120032786,0.0,0.0,0.0,0.0
102,6,0.0,0.6675892800000001,0.0,0.0,0.0,1.0,0.0,0.0,0.0,0.0,0.0,0.0,0.0,0.0,0.0
102,7,0.0,0.6881803200000001,0.0,0.0,0.0,0.0,0.0,0.0,0.0,0.0,0.0,0.0,0.0,0.0,0.0
102,8,0.0,0.63207552,0.0,0.0,0.0,1.0,0.0,0.0,0.0,0.0,0.0,0.0,0.0,0.0,0.0
102,9,230.82120677977002,0.57851568,239.44108587113072,146.44592255501001,0.0,6.0,0.0,0.0,0.0,0.0,230.8212067797693,0.0,0.0,0.0,0.0
102,10,0.0,0.61264128,0.0,0.0,0.0,1.0,0.0,0.0,0.0,0.0,0.0,0.0,0.0,0.0,0.0
102,11,0.0,0.5810606399999999,0.0,0.0,0.0,0.0,0.0,0.0,0.0,0.0,0.0,0.0,0.0,0.0,0.0
102,12,0.0,0.5372179199999999,0.0,0.0,0.0,0.0,0.0,0.0,0.0,0.0,0.0,0.0,0.0,0.0,0.0
102,13,0.0,0.45207744,0.0,0.0,0.0,0.0,0.0,0.0,0.0,0.0,0.0,0.0,0.0,0.0,0.0
102,14,0.0,0.4037232,0.0,0.0,0.0,0.0,0.0,0.0,0.0,0.0,0.0,0.0,0.0,0.0,0.0
102,15,0.0,0.3719112,0.0,0.0,0.0,0.0,0.0,0.0,0.0,0.0,0.0,0.0,0.0,0.0,0.0
102,16,0.0,0.40696224,0.0,0.0,0.0,0.0,0.0,0.0,0.0,0.0,0.0,0.0,0.0,0.0,0.0
102,17,0.0,0.4285944,0.0,0.0,0.0,0.0,0.0,0.0,0.0,0.0,0.0,0.0,0.0,0.0,0.0
102,18,95.21425434724964,0.37642272,98.7699733892631,40.44854815669865,0.0,4.0,0.0,0.0,0.0,0.0,95.21425434724881,0.0,0.0,0.0,0.0
102,19,123.32039338000834,0.3141868799999999,127.9257192738676,44.426923918377334,0.0,5.0,0.0,0.0,0.0,0.0,123.32039338000834,0.0,0.0,0.0,0.0
102,20,218.26067664424517,0.29278608,226.4114902948602,73.78435303915003,0.0,8.0,0.0,0.0,0.0,0.0,218.26067664424505,0.0,0.0,0.0,0.0
102,21,206.8090327418396,0.22893072,214.53219164091246,56.214024638846276,0.0,9.0,0.0,0.0,0.0,0.0,206.8090327418396,0.0,0.0,0.0,0.0
102,22,166.29583798098477,0.0812073599999999,172.5060559968722,19.71871184501461,0.0,9.0,0.0,0.0,0.0,0.0,166.29583798098477,0.0,0.0,0.0,0.0
102,23,231.943210972798,0.0167736,240.60499063568264,11.99983706096778,0.0,9.0,0.0,0.0,0.0,0.0,231.943210972798,0.0,0.0,0.0,0.0
103,0,398.4924822461115,0.0113366399999999,413.3739442387048,18.368949145515355,0.0,12.0,0.0,0.0,0.0,0.0,398.4924822461115,0.0,0.0,0.0,0.0
103,1,339.1446794979117,0.0092544,351.8098335040578,14.900694412164265,0.0,10.0,0.0,0.0,0.0,0.0,339.1446794979116,0.0,0.0,0.0,0.0
103,2,194.48182469161247,0.00821328,201.74463142283454,8.334732446468362,0.0,6.0,0.0,0.0,0.0,0.0,194.48182469161202,0.0,0.0,0.0,0.0
103,3,333.34074037798797,0.00913872,345.78914976969713,14.605691076160301,0.0,11.0,0.0,0.0,0.0,0.0,333.34074037798797,0.0,0.0,0.0,0.0
103,4,326.950150846908,0.04604064,339.15990751753947,26.84133214327889,0.0,11.0,0.0,0.0,0.0,0.0,326.950150846908,0.0,0.0,0.0,0.0
103,5,197.89827601374003,0.29278608,205.2886680640457,66.90071930381305,0.0,11.0,0.0,0.0,0.0,0.0,197.89827601374003,0.0,0.0,0.0,0.0
103,6,225.66865681315667,0.3208963199999999,234.09611702609615,82.86916395352735,0.0,9.0,0.0,0.0,0.0,0.0,225.66865681315667,0.0,0.0,0.0,0.0
103,7,84.94272255826135,0.33766992,88.11485742558233,32.67033863849457,0.0,9.0,0.0,0.0,0.0,0.0,84.94272255826135,0.0,0.0,0.0,0.0
103,8,140.2874208910102,0.3244824,145.52637021889026,52.03766872615931,0.0,9.0,0.0,0.0,0.0,0.0,140.2874208910102,0.0,0.0,0.0,0.0
103,9,115.83629417202332,0.31603776,120.16213088384163,41.953137213611285,0.0,6.0,0.0,0.0,0.0,0.0,115.83629417202332,0.0,0.0,0.0,0.0
103,10,0.0,0.3004209599999999,0.0,0.0,0.0,0.0,0.0,0.0,0.0,0.0,0.0,0.0,0.0,0.0,0.0
103,11,0.0,0.28503552,0.0,0.0,0.0,0.0,0.0,0.0,0.0,0.0,0.0,0.0,0.0,0.0,0.0
103,12,0.0,0.2828376,0.0,0.0,0.0,0.0,0.0,0.0,0.0,0.0,0.0,0.0,0.0,0.0,0.0
103,13,0.0,0.24188688,0.0,0.0,0.0,0.0,0.0,0.0,0.0,0.0,0.0,0.0,0.0,0.0,0.0
103,14,0.0,0.2550744,0.0,0.0,0.0,0.0,0.0,0.0,0.0,0.0,0.0,0.0,0.0,0.0,0.0
103,15,0.0,0.27231072,0.0,0.0,0.0,0.0,0.0,0.0,0.0,0.0,0.0,0.0,0.0,0.0,0.0
103,16,0.0,0.2903568,0.0,0.0,0.0,0.0,0.0,0.0,0.0,0.0,0.0,0.0,0.0,0.0,0.0
103,17,0.0,0.28989408,0.0,0.0,0.0,0.0,0.0,0.0,0.0,0.0,0.0,0.0,0.0,0.0,0.0
103,18,80.88961468145413,0.29105088,83.91038867370762,27.19962632972436,0.0,3.0,0.0,0.0,0.0,0.0,80.88961468145413,0.0,0.0,0.0,0.0
103,19,169.9173142472116,0.27554976,176.26277411536475,54.40346292764154,0.0,5.0,0.0,0.0,0.0,0.0,169.9173142472116,0.0,0.0,0.0,0.0
103,20,75.88852375157269,0.2377224,78.72253501200487,21.319825866035192,0.0,6.0,0.0,0.0,0.0,0.0,75.88852375157215,0.0,0.0,0.0,0.0
103,21,311.6024858820818,0.1920288,323.23909323867406,72.77042917391081,0.0,12.0,0.0,0.0,0.0,0.0,311.6024858820818,0.0,0.0,0.0,0.0
103,22,391.7971078545812,0.12574416,406.4285351188602,64.55879926098585,0.0,12.0,0.0,0.0,0.0,0.0,391.7971078545812,0.0,0.0,0.0,0.0
103,23,273.25589819123354,0.18948384,283.4604753021095,63.093721080968685,0.0,13.0,0.0,0.0,0.0,0.0,273.25589819123354,0.0,0.0,0.0,0.0
104,0,222.65286360881584,0.20267136,230.96770083902058,54.45556894288902,0.0,9.0,0.0,0.0,0.0,0.0,222.65286360881584,0.0,0.0,0.0,0.0
104,1,236.3038004711188,0.23448336,245.12842372522695,65.59228725189995,0.0,10.0,0.0,0.0,0.0,0.0,236.30380047111822,0.0,0.0,0.0,0.0
104,2,314.21420784452755,0.27277344,325.94834838643936,99.69894258327865,0.0,12.0,0.0,0.0,0.0,0.0,314.21420784452755,0.0,0.0,0.0,0.0
104,3,135.4409878060946,0.30643632,140.49895000632222,47.70449644901062,0.0,8.0,0.0,0.0,0.0,0.0,135.4409878060946,0.0,0.0,0.0,0.0
104,4,257.43165138722577,0.3186984,267.04528152201846,93.94610276699564,0.0,11.0,0.0,0.0,0.0,0.0,257.43165138722577,0.0,0.0,0.0,0.0
104,5,179.60047324158427,0.39493152,186.30754485641523,79.7455016123596,0.0,11.0,0.0,0.0,0.0,0.0,179.60047324158427,0.0,0.0,0.0,0.0
104,6,167.7866938620185,0.51038016,174.05258699379513,94.5941278278017,0.0,7.0,0.0,0.0,0.0,0.0,167.7866938620185,0.0,0.0,0.0,0.0
104,7,169.66672042036095,0.56995536,176.00282201282255,106.13944518995865,0.0,9.0,0.0,0.0,0.0,0.0,169.66672042036095,0.0,0.0,0.0,0.0
104,8,239.6926947101449,0.5642870400000001,248.6438741806482,148.5366280109099,0.0,10.0,0.0,0.0,0.0,0.0,239.6926947101449,0.0,0.0,0.0,0.0
104,9,144.5418797297932,0.51257808,149.93970926327097,81.81881266653993,0.0,5.0,0.0,0.0,0.0,0.0,144.5418797297932,0.0,0.0,0.0,0.0
104,10,0.0,0.4567046399999999,0.0,0.0,0.0,0.0,0.0,0.0,0.0,0.0,0.0,0.0,0.0,0.0,0.0
104,11,0.0,0.4257024,0.0,0.0,0.0,1.0,0.0,0.0,0.0,0.0,0.0,0.0,0.0,0.0,0.0
104,12,0.0,0.40649952,0.0,0.0,0.0,0.0,0.0,0.0,0.0,0.0,0.0,0.0,0.0,0.0,0.0
104,13,0.0,0.3881064,0.0,0.0,0.0,0.0,0.0,0.0,0.0,0.0,0.0,0.0,0.0,0.0,0.0
104,14,0.0,0.3893788799999999,0.0,0.0,0.0,0.0,0.0,0.0,0.0,0.0,0.0,0.0,0.0,0.0,0.0
104,15,0.0,0.39365904,0.0,0.0,0.0,0.0,0.0,0.0,0.0,0.0,0.0,0.0,0.0,0.0,0.0
104,16,0.0,0.41320896,0.0,0.0,0.0,0.0,0.0,0.0,0.0,0.0,0.0,0.0,0.0,0.0,0.0
104,17,0.0,0.42084384,0.0,0.0,0.0,0.0,0.0,0.0,0.0,0.0,0.0,0.0,0.0,0.0,0.0
104,18,116.1706328122851,0.39284928,120.50895519946589,51.33070270076475,0.0,3.0,0.0,0.0,0.0,0.0,116.17063281228425,0.0,0.0,0.0,0.0
104,19,221.639264150814,0.36797808,229.91624911910168,92.21436775749098,0.0,5.0,0.0,0.0,0.0,0.0,221.63926415081391,0.0,0.0,0.0,0.0
104,20,218.00073318548786,0.34114032,226.14183940403308,84.63139434395396,0.0,10.0,0.0,0.0,0.0,0.0,218.00073318548772,0.0,0.0,0.0,0.0
104,21,233.64234417443197,0.32818416,242.3675769444315,87.56356644760432,0.0,11.0,0.0,0.0,0.0,0.0,233.64234417443197,0.0,0.0,0.0,0.0
104,22,316.8999509200894,0.31025376,328.7343889212546,112.87218847741512,0.0,9.0,0.0,0.0,0.0,0.0,316.8999509200894,0.0,0.0,0.0,0.0
104,23,266.2888348001115,0.32633328,276.2332311204476,99.28741630662057,0.0,11.0,0.0,0.0,0.0,0.0,266.2888348001115,0.0,0.0,0.0,0.0
105,0,348.65137348223925,0.3256392,361.6715492554349,129.74576224265533,0.0,11.0,0.0,0.0,0.0,0.0,348.65137348223925,0.0,0.0,0.0,0.0
105,1,347.0660024107383,0.33072912,360.02697345512274,130.9882969284407,0.0,12.0,0.0,0.0,0.0,0.0,347.0660024107383,0.0,0.0,0.0,0.0
105,2,231.10034177326364,0.3461145599999999,239.7306449930121,90.90935105954127,0.0,9.0,0.0,0.0,0.0,0.0,231.10034177326364,0.0,0.0,0.0,0.0
105,3,203.19440027285125,0.37387776,210.7825728971486,85.78381936471827,0.0,9.0,0.0,0.0,0.0,0.0,203.19440027285125,0.0,0.0,0.0,0.0
105,4,155.61498164281284,0.43969968,161.42632950499257,76.32231693353505,0.0,11.0,0.0,0.0,0.0,0.0,155.61498164281284,0.0,0.0,0.0,0.0
105,5,262.9531391671234,0.45242448,272.7729659409994,132.43795244656144,0.0,9.0,0.0,0.0,0.0,0.0,262.95313916712286,0.0,0.0,0.0,0.0
105,6,128.6995202298557,0.47625456,133.50572637951836,68.00175051751998,0.0,8.0,0.0,0.0,0.0,0.0,128.69952022985515,0.0,0.0,0.0,0.0
105,7,204.31986175375772,0.5789784,211.9500640599147,129.7300560896901,0.0,8.0,0.0,0.0,0.0,0.0,204.31986175375775,0.0,0.0,0.0,0.0
105,8,159.12221855244326,0.5786313599999999,165.06454206684987,100.97515680633126,0.0,9.0,0.0,0.0,0.0,0.0,159.12221855244326,0.0,0.0,0.0,0.0
105,9,164.940452075741,0.50818224,171.10005402047824,92.61342050432548,0.0,6.0,0.0,0.0,0.0,0.0,164.94045207574104,0.0,0.0,0.0,0.0
105,10,0.0,0.4789152,0.0,0.0,0.0,0.0,0.0,0.0,0.0,0.0,0.0,0.0,0.0,0.0,0.0
105,11,0.0,0.4690824,0.0,0.0,0.0,0.0,0.0,0.0,0.0,0.0,0.0,0.0,0.0,0.0,0.0
105,12,0.0,0.46283568,0.0,0.0,0.0,0.0,0.0,0.0,0.0,0.0,0.0,0.0,0.0,0.0,0.0
105,13,0.0,0.46352976,0.0,0.0,0.0,0.0,0.0,0.0,0.0,0.0,0.0,0.0,0.0,0.0,0.0
105,14,0.0,0.47058624,0.0,0.0,0.0,0.0,0.0,0.0,0.0,0.0,0.0,0.0,0.0,0.0,0.0
105,15,0.0,0.47637024,0.0,0.0,0.0,0.0,0.0,0.0,0.0,0.0,0.0,0.0,0.0,0.0,0.0
105,16,0.0,0.52969872,0.0,0.0,0.0,0.0,0.0,0.0,0.0,0.0,0.0,0.0,0.0,0.0,0.0
105,17,0.0,0.59899104,0.0,0.0,0.0,0.0,0.0,0.0,0.0,0.0,0.0,0.0,0.0,0.0,0.0
105,18,101.9356689982409,0.63080304,105.74239522639098,70.20269764768246,0.0,4.0,0.0,0.0,0.0,0.0,101.93566899824089,0.0,0.0,0.0,0.0
105,19,182.58894886884121,0.60512208,189.4076233079266,120.88412731544139,0.0,9.0,0.0,0.0,0.0,0.0,182.58894886884121,0.0,0.0,0.0,0.0
105,20,241.09997929438498,0.57851568,250.10371296098026,152.96735247315476,0.0,19.0,0.0,0.0,0.0,0.0,241.0999792943848,0.0,0.0,0.0,0.0
105,21,305.35219539093555,0.5424235199999999,316.7553894096843,182.3001766920322,0.0,20.0,0.0,0.0,0.0,0.0,305.3521953909354,0.0,0.0,0.0,0.0
105,22,399.5644422981374,0.5050588799999999,414.48593599391836,223.05928709023877,0.0,20.0,0.0,0.0,0.0,0.0,399.56444229813735,0.0,0.0,0.0,0.0
105,23,158.57003608599757,0.63866928,164.49173867842075,110.50049685795084,0.0,15.0,0.0,0.0,0.0,0.0,158.57003608599746,0.0,0.0,0.0,0.0
106,0,268.68623632358003,0.642024,278.7201621613901,188.17067075904637,0.0,16.0,0.0,0.0,0.0,0.0,268.68623632358003,0.0,0.0,0.0,0.0
106,1,173.12034727767335,0.68285904,179.585422487213,128.57580668193944,0.0,14.0,0.0,0.0,0.0,0.0,173.12034727767335,0.0,0.0,0.0,0.0
106,2,197.0817979775863,0.72323136,204.4416991468738,154.62566835646587,0.0,13.0,0.0,0.0,0.0,0.0,197.0817979775863,0.0,0.0,0.0,0.0
106,3,0.0,0.75689424,0.0,0.0,0.0,0.0,0.0,0.0,0.0,0.0,0.0,0.0,0.0,0.0,0.0
106,4,0.0,0.7622155199999999,0.0,0.0,0.0,1.0,0.0,0.0,0.0,0.0,0.0,0.0,0.0,0.0,0.0
106,5,0.0,0.77089152,0.0,0.0,0.0,0.0,0.0,0.0,0.0,0.0,0.0,0.0,0.0,0.0,0.0
106,6,0.0,0.7800302400000001,0.0,0.0,0.0,0.0,0.0,0.0,0.0,0.0,0.0,0.0,0.0,0.0,0.0
106,7,0.0,0.80976,0.0,0.0,0.0,0.0,0.0,0.0,0.0,0.0,0.0,0.0,0.0,0.0,0.0
106,8,0.0,0.8190143999999999,0.0,0.0,0.0,0.0,0.0,0.0,0.0,0.0,0.0,0.0,0.0,0.0,0.0
106,9,0.0,0.8139244800000001,0.0,0.0,0.0,0.0,0.0,0.0,0.0,0.0,0.0,0.0,0.0,0.0,0.0
106,10,0.0,0.7948372799999999,0.0,0.0,0.0,0.0,0.0,0.0,0.0,0.0,0.0,0.0,0.0,0.0,0.0
106,11,0.0,0.7578196800000001,0.0,0.0,0.0,0.0,0.0,0.0,0.0,0.0,0.0,0.0,0.0,0.0,0.0
106,12,0.0,0.7288996799999999,0.0,0.0,0.0,0.0,0.0,0.0,0.0,0.0,0.0,0.0,0.0,0.0,0.0
106,13,0.0,0.71039088,0.0,0.0,0.0,0.0,0.0,0.0,0.0,0.0,0.0,0.0,0.0,0.0,0.0
106,14,0.0,0.72542928,0.0,0.0,0.0,0.0,0.0,0.0,0.0,0.0,0.0,0.0,0.0,0.0,0.0
106,15,0.0,0.7910198399999999,0.0,0.0,0.0,0.0,0.0,0.0,0.0,0.0,0.0,0.0,0.0,0.0,0.0
106,16,0.0,0.8877283199999999,0.0,0.0,0.0,0.0,0.0,0.0,0.0,0.0,0.0,0.0,0.0,0.0,0.0
106,17,0.0,1.01231568,0.0,0.0,0.0,0.0,0.0,0.0,0.0,0.0,0.0,0.0,0.0,0.0,0.0
106,18,0.0,1.19948592,0.0,0.0,0.0,0.0,0.0,0.0,0.0,0.0,0.0,0.0,0.0,0.0,0.0
106,19,0.0,1.21336752,0.0,0.0,0.0,0.0,0.0,0.0,0.0,0.0,0.0,0.0,0.0,0.0,0.0
106,20,0.0,1.21591248,0.0,0.0,0.0,0.0,0.0,0.0,0.0,0.0,0.0,0.0,0.0,0.0,0.0
106,21,32.643984838493076,1.0699243200000002,33.86305481171481,37.351773006814454,0.0,8.0,0.0,0.0,0.0,0.0,32.64398483849288,0.0,0.0,0.0,0.0
106,22,437.41644351356615,0.77667552,453.75149742071176,367.43685477463555,0.0,20.0,0.0,0.0,0.0,0.0,437.4164435135658,0.0,0.0,0.0,0.0
106,23,224.86434611920254,0.84550512,233.26176983319766,204.94498527570903,0.0,17.0,0.0,0.0,0.0,0.0,224.86434611920237,0.0,0.0,0.0,0.0
107,0,232.14457705385573,0.8338214399999999,240.8138766118836,208.7667126843564,0.0,10.0,0.0,0.0,0.0,0.0,232.14457705385567,0.0,0.0,0.0,0.0
107,1,180.24084509564977,0.8096443199999999,186.97183101208483,157.5694485854343,0.0,13.0,0.0,0.0,0.0,0.0,180.24084509564977,0.0,0.0,0.0,0.0
107,2,414.4294336285765,0.798192,429.90605148192583,357.3774613485132,0.0,20.0,0.0,0.0,0.0,0.0,414.4294336285765,0.0,0.0,0.0,0.0
107,3,246.10847335202232,0.86771568,255.29924621579082,229.97756408336505,0.0,14.0,0.0,0.0,0.0,0.0,246.10847335202226,0.0,0.0,0.0,0.0
107,4,0.0,1.2186887999999998,0.0,0.0,0.0,1.0,0.0,0.0,0.0,0.0,0.0,0.0,0.0,0.0,0.0
107,5,0.0,1.36606512,0.0,0.0,0.0,0.0,0.0,0.0,0.0,0.0,0.0,0.0,0.0,0.0,0.0
107,6,0.0,1.99640544,0.0,0.0,0.0,0.0,0.0,0.0,0.0,0.0,0.0,0.0,0.0,0.0,0.0
107,7,0.0,2.00103264,0.0,0.0,0.0,0.0,0.0,0.0,0.0,0.0,0.0,0.0,0.0,0.0,0.0
107,8,0.0,1.60517568,0.0,0.0,0.0,0.0,0.0,0.0,0.0,0.0,0.0,0.0,0.0,0.0,0.0
107,9,0.0,1.48833888,0.0,0.0,0.0,0.0,0.0,0.0,0.0,0.0,0.0,0.0,0.0,0.0,0.0
107,10,0.0,1.22597664,0.0,0.0,0.0,0.0,0.0,0.0,0.0,0.0,0.0,0.0,0.0,0.0,0.0
107,11,0.0,1.1905785599999998,0.0,0.0,0.0,0.0,0.0,0.0,0.0,0.0,0.0,0.0,0.0,0.0,0.0
107,12,0.0,1.1544864,0.0,0.0,0.0,0.0,0.0,0.0,0.0,0.0,0.0,0.0,0.0,0.0,0.0
107,13,4.079438284025805,1.09687776,4.231782452308927,0.0,37.66286382554945,0.0,0.0,0.0,0.0,1.0,0.0,0.0,0.0,0.0,4.079438284025805
107,14,0.0,1.072932,0.0,0.0,0.0,0.0,0.0,0.0,0.0,0.0,0.0,0.0,0.0,0.0,0.0
107,15,0.0,1.0886644799999998,0.0,0.0,0.0,0.0,0.0,0.0,0.0,0.0,0.0,0.0,0.0,0.0,0.0
107,16,0.0,1.1401420800000002,0.0,0.0,0.0,0.0,0.0,0.0,0.0,0.0,0.0,0.0,0.0,0.0,0.0
107,17,0.0,1.1891904,0.0,0.0,0.0,0.0,0.0,0.0,0.0,0.0,0.0,0.0,0.0,0.0,0.0
107,18,4.515259693458312,1.1903472,4.683879350060489,0.0,41.68652621553836,0.0,0.0,0.0,0.0,1.0,0.0,0.0,0.0,0.0,4.515259693458312
107,19,0.0,1.12880544,0.0,0.0,0.0,1.0,0.0,0.0,0.0,0.0,0.0,0.0,0.0,0.0,0.0
107,20,391.79650552250035,0.94938576,406.4279102930501,399.3096343294792,0.0,11.0,0.0,0.0,0.0,0.0,391.79650552250035,0.0,0.0,0.0,0.0
107,21,510.116741875478,0.80976,529.166744684106,446.0134824244455,0.0,14.0,0.0,0.0,0.0,0.0,510.1167418754778,0.0,0.0,0.0,0.0
107,22,568.3350828160692,0.67776912,589.559214539491,419.0994400275792,0.0,15.0,0.0,0.0,0.0,0.0,568.3350828160691,0.0,0.0,0.0,0.0
107,23,574.6801957219933,0.72913104,596.1412818692876,454.3973892661602,0.0,18.0,0.0,0.0,0.0,0.0,574.6801957219932,0.0,0.0,0.0,0.0
108,0,521.254709514991,0.73537776,540.7206530238496,415.53179622150515,0.0,16.0,0.0,0.0,0.0,0.0,521.254709514991,0.0,0.0,0.0,0.0
108,1,596.7313954019563,0.75342384,619.0159703339797,486.8708180084077,0.0,16.0,0.0,0.0,0.0,0.0,596.7313954019563,0.0,0.0,0.0,0.0
108,2,342.0645685343442,0.8090659199999999,354.8387640397762,298.833114169221,0.0,14.0,0.0,0.0,0.0,0.0,342.06456853434423,0.0,0.0,0.0,0.0
108,3,282.07490431960684,0.8900419199999999,292.6088219083059,270.11946966537147,0.0,12.0,0.0,0.0,0.0,0.0,282.07490431960684,0.0,0.0,0.0,0.0
108,4,226.94209753894424,0.98374272,235.41711362961024,239.38217815768192,0.0,11.0,0.0,0.0,0.0,0.0,226.94209753894427,0.0,0.0,0.0,0.0
108,5,0.0,1.21533408,0.0,0.0,0.0,0.0,0.0,0.0,0.0,0.0,0.0,0.0,0.0,0.0,0.0
108,6,0.0,1.5707030400000002,0.0,0.0,0.0,1.0,0.0,0.0,0.0,0.0,0.0,0.0,0.0,0.0,0.0
108,7,0.0,1.73612544,0.0,0.0,0.0,1.0,0.0,0.0,0.0,0.0,0.0,0.0,0.0,0.0,0.0
108,8,0.0,1.39602624,0.0,0.0,0.0,1.0,0.0,0.0,0.0,0.0,0.0,0.0,0.0,0.0,0.0
108,9,0.0,1.1905785599999998,0.0,0.0,0.0,1.0,0.0,0.0,0.0,0.0,0.0,0.0,0.0,0.0,0.0
108,10,42.16760394278326,1.04701968,43.742327741476416,47.24694904257863,0.0,1.0,0.0,0.0,0.0,0.0,42.16760394278326,0.0,0.0,0.0,0.0
108,11,0.0,0.97217472,0.0,0.0,0.0,0.0,0.0,0.0,0.0,0.0,0.0,0.0,0.0,0.0,0.0
108,12,0.0,0.88460496,0.0,0.0,0.0,0.0,0.0,0.0,0.0,0.0,0.0,0.0,0.0,0.0,0.0
108,13,0.0,0.80883456,0.0,0.0,0.0,0.0,0.0,0.0,0.0,0.0,0.0,0.0,0.0,0.0,0.0
108,14,0.0,0.76892496,0.0,0.0,0.0,0.0,0.0,0.0,0.0,0.0,0.0,0.0,0.0,0.0,0.0
108,15,0.0,0.78974736,0.0,0.0,0.0,0.0,0.0,0.0,0.0,0.0,0.0,0.0,0.0,0.0,0.0
108,16,0.0,0.91572288,0.0,0.0,0.0,0.0,0.0,0.0,0.0,0.0,0.0,0.0,0.0,0.0,0.0
108,17,0.0,0.98223888,0.0,0.0,0.0,0.0,0.0,0.0,0.0,0.0,0.0,0.0,0.0,0.0,0.0
108,18,26.8052491608178,0.974604,27.806275063089007,28.020494606175042,0.0,1.0,0.0,0.0,0.0,0.0,26.8052491608178,0.0,0.0,0.0,0.0
108,19,166.9231608759663,1.0625208,173.15680588793185,189.71419819238056,0.0,6.0,0.0,0.0,0.0,0.0,166.92316087596632,0.0,0.0,0.0,0.0
108,20,204.16865911787102,0.9792312,211.79321485256332,214.4048793435532,0.0,8.0,0.0,0.0,0.0,0.0,204.16865911787096,0.0,0.0,0.0,0.0
108,21,201.08350902912147,0.80594256,208.59285168996007,175.01828027964444,0.0,8.0,0.0,0.0,0.0,0.0,201.08350902912142,0.0,0.0,0.0,0.0
108,22,408.3975200244588,0.6549801599999999,423.64887969342203,291.50438892327054,0.0,11.0,0.0,0.0,0.0,0.0,408.397520024458,0.0,0.0,0.0,0.0
108,23,228.94932864982175,0.70125216,237.49930357865327,174.4081265814798,0.0,11.0,0.0,0.0,0.0,0.0,228.9493286498217,0.0,0.0,0.0,0.0
109,0,299.59949709091654,0.6946583999999999,310.787860052818,226.17847577146273,0.0,9.0,0.0,0.0,0.0,0.0,299.599497090916,0.0,0.0,0.0,0.0
109,1,362.22461480205135,0.6819335999999999,375.7516751058625,268.67507295697527,0.0,12.0,0.0,0.0,0.0,0.0,362.22461480205135,0.0,0.0,0.0,0.0
109,2,283.63216279045673,0.6660854399999999,294.2242352598099,205.7173013887937,0.0,8.0,0.0,0.0,0.0,0.0,283.6321627904566,0.0,0.0,0.0,0.0
109,3,182.6237822780751,0.6776534399999999,189.44375754987047,134.6478023650964,0.0,7.0,0.0,0.0,0.0,0.0,182.6237822780751,0.0,0.0,0.0,0.0
109,4,353.6914965905351,0.705648,366.89989272877096,271.0465619535941,0.0,10.0,0.0,0.0,0.0,0.0,353.6914965905351,0.0,0.0,0.0,0.0
109,5,338.2644912460754,0.91780512,350.89677515153045,333.6695400830791,0.0,14.0,0.0,0.0,0.0,0.0,338.2644912460753,0.0,0.0,0.0,0.0
109,6,0.0,1.16038608,0.0,0.0,0.0,2.0,0.0,0.0,0.0,0.0,0.0,0.0,0.0,0.0,0.0
109,7,0.0,0.9474192,0.0,0.0,0.0,3.0,0.0,0.0,0.0,0.0,0.0,0.0,0.0,0.0,0.0
109,8,41.418450781360605,0.8663275199999999,42.965197905975735,38.64408139888094,0.0,5.0,0.0,0.0,0.0,0.0,41.418450781360605,0.0,0.0,0.0,0.0
109,9,131.57869404398497,0.7599019199999999,136.49242120745328,108.23875208295915,0.0,5.0,0.0,0.0,0.0,0.0,131.57869404398497,0.0,0.0,0.0,0.0
109,10,97.05505593790215,0.6583348799999998,100.67951860778233,69.61333086702973,0.0,3.0,0.0,0.0,0.0,0.0,97.05505593790164,0.0,0.0,0.0,0.0
109,11,0.0,0.40904448,0.0,0.0,0.0,0.0,0.0,0.0,0.0,0.0,0.0,0.0,0.0,0.0,0.0
109,12,0.0,0.393312,0.0,0.0,0.0,0.0,0.0,0.0,0.0,0.0,0.0,0.0,0.0,0.0,0.0
109,13,0.0,0.39261792,0.0,0.0,0.0,0.0,0.0,0.0,0.0,0.0,0.0,0.0,0.0,0.0,0.0
109,14,0.0,0.38324784,0.0,0.0,0.0,0.0,0.0,0.0,0.0,0.0,0.0,0.0,0.0,0.0,0.0
109,15,0.0,0.43946832,0.0,0.0,0.0,0.0,0.0,0.0,0.0,0.0,0.0,0.0,0.0,0.0,0.0
109,16,0.0,0.6504686399999999,0.0,0.0,0.0,0.0,0.0,0.0,0.0,0.0,0.0,0.0,0.0,0.0,0.0
109,17,0.0,0.705648,0.0,0.0,0.0,0.0,0.0,0.0,0.0,0.0,0.0,0.0,0.0,0.0,0.0
109,18,156.44027136312246,0.705648,162.28243917336357,119.88582737444398,0.0,4.0,0.0,0.0,0.0,0.0,156.44027136312167,0.0,0.0,0.0,0.0
109,19,162.44012377252045,0.69338592,168.50635246112083,122.41749249356161,0.0,5.0,0.0,0.0,0.0,0.0,162.44012377252037,0.0,0.0,0.0,0.0
109,20,368.7473809523964,0.5891582399999999,382.51803003360624,238.02499613697893,0.0,10.0,0.0,0.0,0.0,0.0,368.747380952396,0.0,0.0,0.0,0.0
109,21,170.9422115862518,0.48226992,177.3259456288919,91.38845841268638,0.0,7.0,0.0,0.0,0.0,0.0,170.9422115862517,0.0,0.0,0.0,0.0
109,22,343.6936521891869,0.41390304,356.52868484355497,159.36940597227098,0.0,10.0,0.0,0.0,0.0,0.0,343.69365218918676,0.0,0.0,0.0,0.0
109,23,300.162468051063,0.4567046399999999,311.37185482475417,152.51137925857097,0.0,11.0,0.0,0.0,0.0,0.0,300.16246805106266,0.0,0.0,0.0,0.0
110,0,356.5570574157626,0.4273219199999999,369.8724661989239,170.29739104244362,0.0,10.0,0.0,0.0,0.0,0.0,356.55705741576253,0.0,0.0,0.0,0.0
110,1,314.77695086123623,0.41841456,326.5321067025272,147.43400048366462,0.0,9.0,0.0,0.0,0.0,0.0,314.77695086123623,0.0,0.0,0.0,0.0
110,2,270.16751537432873,0.422232,280.2567586870629,127.60987044649775,0.0,8.0,0.0,0.0,0.0,0.0,270.16751537432856,0.0,0.0,0.0,0.0
110,3,314.97921677264105,0.46167888,326.7419261126982,161.6650042510836,0.0,9.0,0.0,0.0,0.0,0.0,314.97921677264094,0.0,0.0,0.0,0.0
110,4,215.33018102544088,0.48458352,223.37155708033288,115.63577393722764,0.0,10.0,0.0,0.0,0.0,0.0,215.33018102544074,0.0,0.0,0.0,0.0
110,5,213.0006356683692,0.6501216000000001,220.95501625349505,150.96123973273893,0.0,8.0,0.0,0.0,0.0,0.0,213.00063566836866,0.0,0.0,0.0,0.0
110,6,165.97140091994956,0.78708672,172.16950302899335,141.2111399733801,0.0,6.0,0.0,0.0,0.0,0.0,165.97140091994908,0.0,0.0,0.0,0.0
110,7,35.660720326069864,0.81068544,36.99244847102683,31.213689409802704,0.0,5.0,0.0,0.0,0.0,0.0,35.660720326069864,0.0,0.0,0.0,0.0
110,8,78.01909905434967,0.80883456,80.93267536758265,68.14001642522854,0.0,3.0,0.0,0.0,0.0,0.0,78.01909905434967,0.0,0.0,0.0,0.0
110,9,77.08973265167228,0.80143104,79.96860233575964,66.73628087460793,0.0,6.0,0.0,0.0,0.0,0.0,77.08973265167228,0.0,0.0,0.0,0.0
110,10,38.370339918380765,0.68100816,39.803257176743536,28.42383074449112,0.0,1.0,0.0,0.0,0.0,0.0,38.370339918380765,0.0,0.0,0.0,0.0
110,11,0.0,0.64572576,0.0,0.0,0.0,0.0,0.0,0.0,0.0,0.0,0.0,0.0,0.0,0.0,0.0
110,12,0.0,0.59286,0.0,0.0,0.0,0.0,0.0,0.0,0.0,0.0,0.0,0.0,0.0,0.0,0.0
110,13,0.0,0.5558424,0.0,0.0,0.0,0.0,0.0,0.0,0.0,0.0,0.0,0.0,0.0,0.0,0.0
110,14,0.0,0.55618944,0.0,0.0,0.0,0.0,0.0,0.0,0.0,0.0,0.0,0.0,0.0,0.0,0.0
110,15,0.0,0.57851568,0.0,0.0,0.0,0.0,0.0,0.0,0.0,0.0,0.0,0.0,0.0,0.0,0.0
110,16,0.0,0.68181792,0.0,0.0,0.0,0.0,0.0,0.0,0.0,0.0,0.0,0.0,0.0,0.0,0.0
110,17,0.0,0.71235744,0.0,0.0,0.0,0.0,0.0,0.0,0.0,0.0,0.0,0.0,0.0,0.0,0.0
110,18,28.61985341209526,0.6929232,29.688644618356083,21.554644769481662,0.0,1.0,0.0,0.0,0.0,0.0,28.619853412095253,0.0,0.0,0.0,0.0
110,19,323.54981625214236,0.6504686399999999,335.6325894731768,229.42791272585777,0.0,9.0,0.0,0.0,0.0,0.0,323.54981625214157,0.0,0.0,0.0,0.0
110,20,363.5952503308016,0.54473712,377.17349619377774,217.9448467809435,0.0,10.0,0.0,0.0,0.0,0.0,363.59525033080166,0.0,0.0,0.0,0.0
110,21,313.9647761979396,0.47104896,325.68960186508264,164.19607406309544,0.0,11.0,0.0,0.0,0.0,0.0,313.9647761979396,0.0,0.0,0.0,0.0
110,22,359.0360119097007,0.3771168,372.4439957569509,152.78278411863,0.0,11.0,0.0,0.0,0.0,0.0,359.0360119097007,0.0,0.0,0.0,0.0
110,23,335.5507418287784,0.40522704,348.0816823949985,152.57361352241978,0.0,10.0,0.0,0.0,0.0,0.0,335.5507418287784,0.0,0.0,0.0,0.0
111,0,282.57230225207655,0.45080496,293.12479486729933,141.8445421352687,0.0,10.0,0.0,0.0,0.0,0.0,282.5723022520765,0.0,0.0,0.0,0.0
111,1,314.6172923330099,0.47475072,326.3664858226243,165.7454548088896,0.0,10.0,0.0,0.0,0.0,0.0,314.61729233300986,0.0,0.0,0.0,0.0
111,2,317.01985631822936,0.51292512,328.85877211434587,179.56515050678834,0.0,9.0,0.0,0.0,0.0,0.0,317.01985631822924,0.0,0.0,0.0,0.0
111,3,225.87544208641032,0.5863819199999999,234.3106245709651,145.1511955856206,0.0,8.0,0.0,0.0,0.0,0.0,225.8754420864102,0.0,0.0,0.0,0.0
111,4,316.5042704768747,0.6316128,328.323932029953,218.24112016663977,0.0,9.0,0.0,0.0,0.0,0.0,316.5042704768747,0.0,0.0,0.0,0.0
111,5,54.62230117903573,1.01208432,56.662138152526694,59.22237833469467,0.0,3.0,0.0,0.0,0.0,0.0,54.62230117903573,0.0,0.0,0.0,0.0
111,6,0.0,1.30510176,0.0,0.0,0.0,0.0,0.0,0.0,0.0,0.0,0.0,0.0,0.0,0.0,0.0
111,7,0.0,1.36479264,0.0,0.0,0.0,1.0,0.0,0.0,0.0,0.0,0.0,0.0,0.0,0.0,0.0
111,8,0.0,1.1996016,0.0,0.0,0.0,0.0,0.0,0.0,0.0,0.0,0.0,0.0,0.0,0.0,0.0
111,9,0.0,1.01613312,0.0,0.0,0.0,0.0,0.0,0.0,0.0,0.0,0.0,0.0,0.0,0.0,0.0
111,10,0.0,0.80594256,0.0,0.0,0.0,0.0,0.0,0.0,0.0,0.0,0.0,0.0,0.0,0.0,0.0
111,11,0.0,0.4818072,0.0,0.0,0.0,0.0,0.0,0.0,0.0,0.0,0.0,0.0,0.0,0.0,0.0
111,12,0.0,0.38787504,0.0,0.0,0.0,0.0,0.0,0.0,0.0,0.0,0.0,0.0,0.0,0.0,0.0
111,13,0.0,0.39308064,0.0,0.0,0.0,0.0,0.0,0.0,0.0,0.0,0.0,0.0,0.0,0.0,0.0
111,14,0.0,0.43171776,0.0,0.0,0.0,0.0,0.0,0.0,0.0,0.0,0.0,0.0,0.0,0.0,0.0
111,15,0.0,0.6229368,0.0,0.0,0.0,0.0,0.0,0.0,0.0,0.0,0.0,0.0,0.0,0.0,0.0
111,16,0.0,0.77517168,0.0,0.0,0.0,0.0,0.0,0.0,0.0,0.0,0.0,0.0,0.0,0.0,0.0
111,17,0.0,0.71131632,0.0,0.0,0.0,0.0,0.0,0.0,0.0,0.0,0.0,0.0,0.0,0.0,0.0
111,18,0.0,0.69130368,0.0,0.0,0.0,0.0,0.0,0.0,0.0,0.0,0.0,0.0,0.0,0.0,0.0
111,19,0.0,0.64757664,0.0,0.0,0.0,0.0,0.0,0.0,0.0,0.0,0.0,0.0,0.0,0.0,0.0
111,20,0.0,0.59100912,0.0,0.0,0.0,0.0,0.0,0.0,0.0,0.0,0.0,0.0,0.0,0.0,0.0
111,21,167.68636528787226,0.4870128,173.9485117094111,90.4728474810146,0.0,5.0,0.0,0.0,0.0,0.0,167.68636528787175,0.0,0.0,0.0,0.0
111,22,257.2266144824646,0.4162166399999999,266.8325876374114,119.8923217197472,0.0,7.0,0.0,0.0,0.0,0.0,257.2266144824643,0.0,0.0,0.0,0.0
111,23,379.8370427756101,0.3088655999999999,394.0218286054046,134.74191103214434,0.0,14.0,0.0,0.0,0.0,0.0,379.8370427756096,0.0,0.0,0.0,0.0
112,0,289.3965558194433,0.3060892799999999,300.2038960782607,101.82594336398006,0.0,10.0,0.0,0.0,0.0,0.0,289.3965558194433,0.0,0.0,0.0,0.0
112,1,370.96336224820084,0.30446976,384.8167658176357,129.90250328103548,0.0,11.0,0.0,0.0,0.0,0.0,370.9633622482009,0.0,0.0,0.0,0.0
112,2,443.5512088088319,0.31742592,460.115361834888,161.28236051330703,0.0,12.0,0.0,0.0,0.0,0.0,443.55120880883186,0.0,0.0,0.0,0.0
112,3,461.26680749140206,0.36161568,478.49253889149605,188.86850786348327,0.0,16.0,0.0,0.0,0.0,0.0,461.26680749140206,0.0,0.0,0.0,0.0
112,4,245.95497711714324,0.4066152,255.14001775637263,112.18894393574695,0.0,15.0,0.0,0.0,0.0,0.0,245.954977117143,0.0,0.0,0.0,0.0
112,5,205.76452668539133,0.4624886399999999,213.4486791342234,105.78274060192612,0.0,12.0,0.0,0.0,0.0,0.0,205.76452668539133,0.0,0.0,0.0,0.0
112,6,101.71359269846153,0.5078351999999999,105.51202562081073,57.07516868159837,0.0,7.0,0.0,0.0,0.0,0.0,101.71359269846101,0.0,0.0,0.0,0.0
112,7,62.3417795851627,0.5833742399999999,64.66989583523102,39.8673248859032,0.0,5.0,0.0,0.0,0.0,0.0,62.3417795851627,0.0,0.0,0.0,0.0
112,8,52.874601544499555,0.5152387199999999,54.84917172665929,30.075924617656547,0.0,6.0,0.0,0.0,0.0,0.0,52.874601544499555,0.0,0.0,0.0,0.0
112,9,115.40278912125302,0.49256544,119.71243684777286,62.92869078905673,0.0,4.0,0.0,0.0,0.0,0.0,115.40278912125292,0.0,0.0,0.0,0.0
112,10,0.0,0.43403136,0.0,0.0,0.0,0.0,0.0,0.0,0.0,0.0,0.0,0.0,0.0,0.0,0.0
112,11,0.0,0.3030816,0.0,0.0,0.0,0.0,0.0,0.0,0.0,0.0,0.0,0.0,0.0,0.0,0.0
112,12,0.0,0.11591136,0.0,0.0,0.0,0.0,0.0,0.0,0.0,0.0,0.0,0.0,0.0,0.0,0.0
112,13,0.0,0.06501216,0.0,0.0,0.0,0.0,0.0,0.0,0.0,0.0,0.0,0.0,0.0,0.0,0.0
112,14,0.0,0.33813264,0.0,0.0,0.0,0.0,0.0,0.0,0.0,0.0,0.0,0.0,0.0,0.0,0.0
112,15,0.0,0.44340144,0.0,0.0,0.0,0.0,0.0,0.0,0.0,0.0,0.0,0.0,0.0,0.0,0.0
112,16,0.0,0.50297664,0.0,0.0,0.0,0.0,0.0,0.0,0.0,0.0,0.0,0.0,0.0,0.0,0.0
112,17,0.0,0.51755232,0.0,0.0,0.0,0.0,0.0,0.0,0.0,0.0,0.0,0.0,0.0,0.0,0.0
112,18,41.31665706868152,0.50529024,42.85960276834183,23.075191820752224,0.0,2.0,0.0,0.0,0.0,0.0,41.316657068681515,0.0,0.0,0.0,0.0
112,19,12.477584552913285,0.58811712,12.943552440781417,8.040756369831204,0.0,3.0,0.0,0.0,0.0,0.0,12.477584552913285,0.0,0.0,0.0,0.0
112,20,44.84143329539916,0.5418451200000001,46.51600964253026,26.744152745845717,0.0,4.0,0.0,0.0,0.0,0.0,44.841433295398986,0.0,0.0,0.0,0.0
112,21,95.6408916771386,0.4991592,99.21254323354628,52.80678889145276,0.0,5.0,0.0,0.0,0.0,0.0,95.6408916771386,0.0,0.0,0.0,0.0
112,22,121.42268683654328,0.43634496,125.95714402131046,59.129946436798335,0.0,6.0,0.0,0.0,0.0,0.0,121.42268683654328,0.0,0.0,0.0,0.0
112,23,221.85191185396766,0.4297512,230.13683802278803,106.51911164305308,0.0,12.0,0.0,0.0,0.0,0.0,221.85191185396772,0.0,0.0,0.0,0.0
113,0,187.90578174151688,0.42095952,194.923010105308,88.5066484053713,0.0,10.0,0.0,0.0,0.0,0.0,187.90578174151676,0.0,0.0,0.0,0.0
113,1,161.77364203542214,0.43391568,167.81498136454582,78.37222763615068,0.0,8.0,0.0,0.0,0.0,0.0,161.77364203542214,0.0,0.0,0.0,0.0
113,2,127.4035593188851,0.4401623999999999,132.16136858805507,62.54700648526755,0.0,6.0,0.0,0.0,0.0,0.0,127.40355931888499,0.0,0.0,0.0,0.0
113,3,89.00696982270037,0.45601056,92.33088155881781,45.160009184527055,0.0,6.0,0.0,0.0,0.0,0.0,89.00696982270037,0.0,0.0,0.0,0.0
113,4,164.62467745288728,0.4598279999999999,170.7724869843229,84.17854046420833,0.0,8.0,0.0,0.0,0.0,0.0,164.62467745288723,0.0,0.0,0.0,0.0
113,5,72.45511396014342,0.46896672,75.16090659765915,37.735789847713086,0.0,6.0,0.0,0.0,0.0,0.0,72.45511396014342,0.0,0.0,0.0,0.0
113,6,104.27463287045143,0.46896672,108.16870629714879,54.307907577252834,0.0,7.0,0.0,0.0,0.0,0.0,104.27463287045143,0.0,0.0,0.0,0.0
113,7,127.02903825387301,0.46815696,131.77286125920438,66.05206384529055,0.0,6.0,0.0,0.0,0.0,0.0,127.02903825387301,0.0,0.0,0.0,0.0
113,8,62.987861592650766,0.4806503999999999,65.34010538656719,33.568505278391044,0.0,6.0,0.0,0.0,0.0,0.0,62.987861592650766,0.0,0.0,0.0,0.0
113,9,93.7776459610673,0.47671728,97.27971572724823,49.59488007123892,0.0,6.0,0.0,0.0,0.0,0.0,93.7776459610673,0.0,0.0,0.0,0.0
113,10,33.12899484865847,0.48088176,34.366177228898835,17.663588256581345,0.0,1.0,0.0,0.0,0.0,0.0,33.12899484865847,0.0,0.0,0.0,0.0
113,11,0.0,0.41633232,0.0,0.0,0.0,0.0,0.0,0.0,0.0,0.0,0.0,0.0,0.0,0.0,0.0
113,12,0.0,0.11880336,0.0,0.0,0.0,0.0,0.0,0.0,0.0,0.0,0.0,0.0,0.0,0.0,0.0
113,13,0.0,0.05784,0.0,0.0,0.0,0.0,0.0,0.0,0.0,0.0,0.0,0.0,0.0,0.0,0.0
113,14,0.0,0.4001371199999999,0.0,0.0,0.0,0.0,0.0,0.0,0.0,0.0,0.0,0.0,0.0,0.0,0.0
113,15,0.0,0.4725528,0.0,0.0,0.0,0.0,0.0,0.0,0.0,0.0,0.0,0.0,0.0,0.0,0.0
113,16,0.0,0.47463504,0.0,0.0,0.0,0.0,0.0,0.0,0.0,0.0,0.0,0.0,0.0,0.0,0.0
113,17,0.0,0.4727841599999999,0.0,0.0,0.0,0.0,0.0,0.0,0.0,0.0,0.0,0.0,0.0,0.0,0.0
113,18,26.903057177268472,0.48504624,27.907735661066884,14.46028829969572,0.0,3.0,0.0,0.0,0.0,0.0,26.903057177268472,0.0,0.0,0.0,0.0
113,19,32.14548095801012,0.4794936,33.34593460374494,17.09291266389819,0.0,6.0,0.0,0.0,0.0,0.0,32.14548095801012,0.0,0.0,0.0,0.0
113,20,96.22729202069556,0.4731312,99.82084234511989,50.53242480538085,0.0,10.0,0.0,0.0,0.0,0.0,96.22729202069482,0.0,0.0,0.0,0.0
113,21,280.98190615107194,0.45103632,291.47500638078003,141.11363696116737,0.0,16.0,0.0,0.0,0.0,0.0,280.98190615107194,0.0,0.0,0.0,0.0
113,22,402.91208335497953,0.4049956799999999,417.95859269188753,183.1058538771955,0.0,15.0,0.0,0.0,0.0,0.0,402.91208335497913,0.0,0.0,0.0,0.0
113,23,198.66926493416992,0.4487227199999999,206.08844910183606,99.2980971068282,0.0,13.0,0.0,0.0,0.0,0.0,198.66926493416992,0.0,0.0,0.0,0.0
114,0,178.39301123687176,0.42766896,185.05499090961803,85.26759570423414,0.0,11.0,0.0,0.0,0.0,0.0,178.39301123687176,0.0,0.0,0.0,0.0
114,1,358.52827348903566,0.42362016,371.917296150452,169.86212700460186,0.0,18.0,0.0,0.0,0.0,0.0,358.52827348903566,0.0,0.0,0.0,0.0
114,2,243.10155324025595,0.43137072,252.1800344815933,117.13024218529047,0.0,14.0,0.0,0.0,0.0,0.0,243.10155324025584,0.0,0.0,0.0,0.0
114,3,165.40935808546828,0.46780992,171.58647104301693,85.94936548323993,0.0,12.0,0.0,0.0,0.0,0.0,165.40935808546828,0.0,0.0,0.0,0.0
114,4,206.11066286803913,0.57759024,213.80774156435595,130.57030100979452,0.0,12.0,0.0,0.0,0.0,0.0,206.11066286803913,0.0,0.0,0.0,0.0
114,5,0.0,0.69512112,0.0,0.0,0.0,1.0,0.0,0.0,0.0,0.0,0.0,0.0,0.0,0.0,0.0
114,6,0.0,0.81126384,0.0,0.0,0.0,0.0,0.0,0.0,0.0,0.0,0.0,0.0,0.0,0.0,0.0
114,7,0.0,0.90068448,0.0,0.0,0.0,0.0,0.0,0.0,0.0,0.0,0.0,0.0,0.0,0.0,0.0
114,8,0.0,0.9092448,0.0,0.0,0.0,0.0,0.0,0.0,0.0,0.0,0.0,0.0,0.0,0.0,0.0
114,9,0.0,0.9179208,0.0,0.0,0.0,0.0,0.0,0.0,0.0,0.0,0.0,0.0,0.0,0.0,0.0
114,10,0.0,0.96488688,0.0,0.0,0.0,0.0,0.0,0.0,0.0,0.0,0.0,0.0,0.0,0.0,0.0
114,11,0.0,0.92821632,0.0,0.0,0.0,0.0,0.0,0.0,0.0,0.0,0.0,0.0,0.0,0.0,0.0
114,12,0.0,0.91537584,0.0,0.0,0.0,0.0,0.0,0.0,0.0,0.0,0.0,0.0,0.0,0.0,0.0
114,13,0.0,0.90716256,0.0,0.0,0.0,0.0,0.0,0.0,0.0,0.0,0.0,0.0,0.0,0.0,0.0
114,14,0.0,0.8953632,0.0,0.0,0.0,0.0,0.0,0.0,0.0,0.0,0.0,0.0,0.0,0.0,0.0
114,15,0.0,0.93330624,0.0,0.0,0.0,0.0,0.0,0.0,0.0,0.0,0.0,0.0,0.0,0.0,0.0
114,16,0.0,1.0122,0.0,0.0,0.0,0.0,0.0,0.0,0.0,0.0,0.0,0.0,0.0,0.0,0.0
114,17,0.0,1.03383216,0.0,0.0,0.0,0.0,0.0,0.0,0.0,0.0,0.0,0.0,0.0,0.0,0.0
114,18,0.0,0.97622352,0.0,0.0,0.0,0.0,0.0,0.0,0.0,0.0,0.0,0.0,0.0,0.0,0.0
114,19,0.0,0.88217568,0.0,0.0,0.0,0.0,0.0,0.0,0.0,0.0,0.0,0.0,0.0,0.0,0.0
114,20,90.25390594029793,0.80895024,93.62438375549578,78.83643481116732,0.0,4.0,0.0,0.0,0.0,0.0,90.25390594029793,0.0,0.0,0.0,0.0
114,21,171.09759810787304,0.70379712,177.48713496667327,130.78975859399287,0.0,8.0,0.0,0.0,0.0,0.0,171.09759810787304,0.0,0.0,0.0,0.0
114,22,322.23400147229654,0.5308555199999999,334.2676363820503,188.5120786950101,0.0,11.0,0.0,0.0,0.0,0.0,322.23400147229654,0.0,0.0,0.0,0.0
114,23,207.61058861532734,0.67742208,215.36368113623172,153.02065067737215,0.0,11.0,0.0,0.0,0.0,0.0,207.61058861532734,0.0,0.0,0.0,0.0
115,0,235.2131600072302,0.58152336,243.99705394940892,149.966289128487,0.0,12.0,0.0,0.0,0.0,0.0,235.2131600072302,0.0,0.0,0.0,0.0
115,1,322.83342820595556,0.51396624,334.889448346427,183.20671132255404,0.0,12.0,0.0,0.0,0.0,0.0,322.8334282059556,0.0,0.0,0.0,0.0
115,2,315.15368171766386,0.48978912,326.9229063461243,170.94443080716738,0.0,10.0,0.0,0.0,0.0,0.0,315.15368171766386,0.0,0.0,0.0,0.0
115,3,366.22735808377485,0.49672992,379.9038984271522,201.28445211134618,0.0,12.0,0.0,0.0,0.0,0.0,366.22735808377485,0.0,0.0,0.0,0.0
115,4,291.1110281048851,0.5108428799999999,301.98239429967344,164.2611732646599,0.0,11.0,0.0,0.0,0.0,0.0,291.1110281048851,0.0,0.0,0.0,0.0
115,5,220.1810950942169,0.676728,228.40362561640757,162.12728876404336,0.0,8.0,0.0,0.0,0.0,0.0,220.1810950942169,0.0,0.0,0.0,0.0
115,6,137.4513689923243,0.8297726400000001,142.58440766838618,123.03218426765666,0.0,9.0,0.0,0.0,0.0,0.0,137.4513689923243,0.0,0.0,0.0,0.0
115,7,0.0,0.84226608,0.0,0.0,0.0,0.0,0.0,0.0,0.0,0.0,0.0,0.0,0.0,0.0,0.0
115,8,235.52884318684735,0.66330912,244.32452612743504,170.14982823482404,0.0,11.0,0.0,0.0,0.0,0.0,235.52884318684735,0.0,0.0,0.0,0.0
115,9,262.5392731041584,0.51627984,272.34364429891946,149.6201077299573,0.0,9.0,0.0,0.0,0.0,0.0,262.5392731041584,0.0,0.0,0.0,0.0
115,10,54.37491624693275,0.41077968,56.405514778975885,25.037261850327088,0.0,2.0,0.0,0.0,0.0,0.0,54.37491624693275,0.0,0.0,0.0,0.0
115,11,33.41880783201097,0.4037232,34.666813103745824,15.143268233780184,0.0,2.0,0.0,0.0,0.0,0.0,33.41880783201097,0.0,0.0,0.0,0.0
115,12,0.0,0.2880432,0.0,0.0,0.0,1.0,0.0,0.0,0.0,0.0,0.0,0.0,0.0,0.0,0.0
115,13,0.0,0.1605638399999999,0.0,0.0,0.0,1.0,0.0,0.0,0.0,0.0,0.0,0.0,0.0,0.0,0.0
115,14,0.0,0.1647283199999999,0.0,0.0,0.0,1.0,0.0,0.0,0.0,0.0,0.0,0.0,0.0,0.0,0.0
115,15,0.0,0.23992032,0.0,0.0,0.0,1.0,0.0,0.0,0.0,0.0,0.0,0.0,0.0,0.0,0.0
115,16,0.0,0.37642272,0.0,0.0,0.0,1.0,0.0,0.0,0.0,0.0,0.0,0.0,0.0,0.0,0.0
115,17,0.0,0.41378736,0.0,0.0,0.0,1.0,0.0,0.0,0.0,0.0,0.0,0.0,0.0,0.0,0.0
115,18,125.98483766282395,0.41286192,130.68966562533603,57.69275916397142,11.77165502809505,3.0,0.0,0.0,0.0,1.0,124.70979547775826,0.0,0.0,0.0,1.2750421850655762
115,19,189.99543685095415,0.40626816,197.09070212754582,86.5953791468879,0.0,6.0,0.0,0.0,0.0,0.0,189.99543685095415,0.0,0.0,0.0,0.0
115,20,172.89422880872672,0.38822208,179.35085976008997,75.56447728390941,0.0,6.0,0.0,0.0,0.0,0.0,172.89422880872672,0.0,0.0,0.0,0.0
115,21,389.5572521575199,0.23529312,404.1050333584232,108.45901071077128,0.0,13.0,0.0,0.0,0.0,0.0,389.5572521575198,0.0,0.0,0.0,0.0
115,22,435.72259333767965,0.1175308799999999,451.9943914291283,68.08431293603401,0.0,13.0,0.0,0.0,0.0,0.0,435.72259333767954,0.0,0.0,0.0,0.0
115,23,267.05733868844277,0.4638768,277.03043432411084,137.67769875300675,0.0,10.0,0.0,0.0,0.0,0.0,267.0573386884428,0.0,0.0,0.0,0.0
116,0,213.34707862483862,0.4567046399999999,221.31439691373305,108.40081850714809,0.0,7.0,0.0,0.0,0.0,0.0,213.34707862483862,0.0,0.0,0.0,0.0
116,1,244.14130165665873,0.45485376,253.2586116770319,123.57849182018761,0.0,9.0,0.0,0.0,0.0,0.0,244.14130165665821,0.0,0.0,0.0,0.0
116,2,358.8918497826033,0.4447896,372.29444998195356,177.91564578409583,0.0,11.0,0.0,0.0,0.0,0.0,358.8918497826033,0.0,0.0,0.0,0.0
116,3,301.2827986341592,0.44849136,312.5340234794183,150.513685413725,0.0,10.0,0.0,0.0,0.0,0.0,301.28279863415924,0.0,0.0,0.0,0.0
116,4,190.6913719309563,0.51199968,197.81262648439454,107.82759939660299,0.0,8.0,0.0,0.0,0.0,0.0,190.6913719309563,0.0,0.0,0.0,0.0
116,5,142.44681453512538,0.70287168,147.7664051194247,108.75188942330358,0.0,7.0,0.0,0.0,0.0,0.0,142.44681453512538,0.0,0.0,0.0,0.0
116,6,57.69626893294835,0.90369216,59.850901382726505,56.06785518427135,0.0,7.0,0.0,0.0,0.0,0.0,57.69626893294835,0.0,0.0,0.0,0.0
116,7,0.0,0.95123664,0.0,0.0,0.0,1.0,0.0,0.0,0.0,0.0,0.0,0.0,0.0,0.0,0.0
116,8,197.98715264039998,0.8861087999999998,205.38086373485476,188.78789729667932,0.0,10.0,0.0,0.0,0.0,0.0,197.98715264039998,0.0,0.0,0.0,0.0
116,9,175.3204802426893,0.8781268799999999,181.86771809407605,165.72275333158447,0.0,9.0,0.0,0.0,0.0,0.0,175.3204802426893,0.0,0.0,0.0,0.0
116,10,86.42866463033104,0.68089248,89.65629111030191,64.01391763744643,0.0,3.0,0.0,0.0,0.0,0.0,86.42866463033104,0.0,0.0,0.0,0.0
116,11,0.0,0.61298832,0.0,0.0,0.0,0.0,0.0,0.0,0.0,0.0,0.0,0.0,0.0,0.0,0.0
116,12,0.0,0.51547008,0.0,0.0,0.0,0.0,0.0,0.0,0.0,0.0,0.0,0.0,0.0,0.0,0.0
116,13,0.0,0.47590752,0.0,0.0,0.0,0.0,0.0,0.0,0.0,0.0,0.0,0.0,0.0,0.0,0.0
116,14,0.0,0.43044528,0.0,0.0,0.0,0.0,0.0,0.0,0.0,0.0,0.0,0.0,0.0,0.0,0.0
116,15,0.0,0.49071456,0.0,0.0,0.0,0.0,0.0,0.0,0.0,0.0,0.0,0.0,0.0,0.0,0.0
116,16,0.0,0.7850044799999999,0.0,0.0,0.0,0.0,0.0,0.0,0.0,0.0,0.0,0.0,0.0,0.0,0.0
116,17,0.0,0.82040256,0.0,0.0,0.0,0.0,0.0,0.0,0.0,0.0,0.0,0.0,0.0,0.0,0.0
116,18,157.73472338318288,0.86308848,163.62523172529345,146.63904770953852,0.0,5.0,0.0,0.0,0.0,0.0,157.73472338318214,0.0,0.0,0.0,0.0
116,19,176.20114091815373,0.8835638399999999,182.7812665126076,167.5489776415103,0.0,9.0,0.0,0.0,0.0,0.0,176.2011409181537,0.0,0.0,0.0,0.0
116,20,306.0231081076002,0.88275408,317.45135695809154,290.7391204716045,0.0,13.0,0.0,0.0,0.0,0.0,306.02310810760014,0.0,0.0,0.0,0.0
116,21,293.7148016830346,0.7785264,304.68340423551314,247.28909451941428,0.0,17.0,0.0,0.0,0.0,0.0,293.7148016830346,0.0,0.0,0.0,0.0
116,22,540.9965898693608,0.5211383999999999,561.1997820221586,311.0384692683099,0.0,16.0,0.0,0.0,0.0,0.0,540.9965898693608,0.0,0.0,0.0,0.0
116,23,121.3513057546735,1.1082143999999998,125.88309725588539,143.67219161474245,0.0,11.0,0.0,0.0,0.0,0.0,121.3513057546735,0.0,0.0,0.0,0.0
117,0,282.9955862560289,1.05106848,293.5638861577063,318.2727122384935,0.0,10.0,0.0,0.0,0.0,0.0,282.9955862560284,0.0,0.0,0.0,0.0
117,1,248.89001686983505,1.00664736,258.18466480273344,268.44682362112707,0.0,11.0,0.0,0.0,0.0,0.0,248.89001686983505,0.0,0.0,0.0,0.0
117,2,236.66301233695984,0.99612048,245.50105014207458,252.67470866773004,0.0,12.0,0.0,0.0,0.0,0.0,236.66301233695984,0.0,0.0,0.0,0.0
117,3,300.9300816762529,0.99334416,312.16813451893455,320.42315861505483,0.0,9.0,0.0,0.0,0.0,0.0,300.9300816762529,0.0,0.0,0.0,0.0
117,4,234.9595712972121,1.15587456,243.73399512158937,289.7935196067338,0.0,9.0,0.0,0.0,0.0,0.0,234.9595712972121,0.0,0.0,0.0,0.0
117,5,0.0,1.35183648,0.0,0.0,0.0,0.0,0.0,0.0,0.0,0.0,0.0,0.0,0.0,0.0,0.0
117,6,0.0,1.651332,0.0,0.0,0.0,0.0,0.0,0.0,0.0,0.0,0.0,0.0,0.0,0.0,0.0
117,7,0.0,1.5310248,0.0,0.0,0.0,1.0,0.0,0.0,0.0,0.0,0.0,0.0,0.0,0.0,0.0
117,8,219.62780658949436,1.21880448,227.8296748853676,285.22099066593523,0.0,9.0,0.0,0.0,0.0,0.0,219.62780658949436,0.0,0.0,0.0,0.0
117,9,222.28655937523536,1.11434544,230.58771719422757,264.586824614526,0.0,9.0,0.0,0.0,0.0,0.0,222.28655937523536,0.0,0.0,0.0,0.0
117,10,1.4447689307331046,1.08380592,1.4987229571920173,0.0,13.338634319008955,0.0,0.0,0.0,0.0,1.0,0.0,0.0,0.0,0.0,1.4447689307331046
117,11,0.0,1.0474824,0.0,0.0,0.0,0.0,0.0,0.0,0.0,0.0,0.0,0.0,0.0,0.0,0.0
117,12,0.0,1.04007888,0.0,0.0,0.0,0.0,0.0,0.0,0.0,0.0,0.0,0.0,0.0,0.0,0.0
117,13,0.0,1.0448217599999998,0.0,0.0,0.0,0.0,0.0,0.0,0.0,0.0,0.0,0.0,0.0,0.0,0.0
117,14,0.0,1.0283951999999998,0.0,0.0,0.0,0.0,0.0,0.0,0.0,0.0,0.0,0.0,0.0,0.0,0.0
117,15,0.0,1.02677568,0.0,0.0,0.0,0.0,0.0,0.0,0.0,0.0,0.0,0.0,0.0,0.0,0.0
117,16,0.0,1.1315817599999998,0.0,0.0,0.0,0.0,0.0,0.0,0.0,0.0,0.0,0.0,0.0,0.0,0.0
117,17,0.0,1.26403536,0.0,0.0,0.0,0.0,0.0,0.0,0.0,0.0,0.0,0.0,0.0,0.0,0.0
117,18,0.0,1.40308272,0.0,0.0,0.0,0.0,0.0,0.0,0.0,0.0,0.0,0.0,0.0,0.0,0.0
117,19,0.0,1.79327136,0.0,0.0,0.0,0.0,0.0,0.0,0.0,0.0,0.0,0.0,0.0,0.0,0.0
117,20,0.0,1.37589792,0.0,0.0,0.0,0.0,0.0,0.0,0.0,0.0,0.0,0.0,0.0,0.0,0.0
117,21,0.0,1.2567475199999998,0.0,0.0,0.0,6.0,0.0,0.0,0.0,0.0,0.0,0.0,0.0,0.0,0.0
117,22,431.18535392486956,1.1406047999999998,447.28771154032114,524.9837340158901,0.0,15.0,0.0,0.0,0.0,0.0,431.18535392486956,0.0,0.0,0.0,0.0
117,23,484.24540897116196,0.9265968,502.3292624182178,482.0837856891239,0.0,15.0,0.0,0.0,0.0,0.0,484.245408971162,0.0,0.0,0.0,0.0
118,0,483.09072898115926,0.87882096,501.131461598713,456.9922835473015,0.0,13.0,0.0,0.0,0.0,0.0,483.09072898115915,0.0,0.0,0.0,0.0
118,1,578.4364809734229,0.86956656,600.0378433334262,541.6340959116027,0.0,16.0,0.0,0.0,0.0,0.0,578.4364809734229,0.0,0.0,0.0,0.0
118,2,464.49457292651834,0.92520864,481.8408432847702,461.7522432246812,0.0,17.0,0.0,0.0,0.0,0.0,464.49457292651834,0.0,0.0,0.0,0.0
118,3,503.67865622128966,1.01069616,522.4882325946987,545.3712108275334,0.0,17.0,0.0,0.0,0.0,0.0,503.67865622128966,0.0,0.0,0.0,0.0
118,4,410.77849983349097,1.10081088,426.11877576088284,483.18071600754536,0.0,15.0,0.0,0.0,0.0,0.0,410.77849983349086,0.0,0.0,0.0,0.0
118,5,167.95141518929708,1.24899696,174.22345973993478,223.3713680932527,0.0,8.0,0.0,0.0,0.0,0.0,167.9514151892971,0.0,0.0,0.0,0.0
118,6,0.0,1.3879286400000002,0.0,0.0,0.0,0.0,0.0,0.0,0.0,0.0,0.0,0.0,0.0,0.0,0.0
118,7,0.0,1.4669380799999998,0.0,0.0,0.0,0.0,0.0,0.0,0.0,0.0,0.0,0.0,0.0,0.0,0.0
118,8,0.0,1.35565392,0.0,0.0,0.0,0.0,0.0,0.0,0.0,0.0,0.0,0.0,0.0,0.0,0.0
118,9,0.0,1.26866256,0.0,0.0,0.0,0.0,0.0,0.0,0.0,0.0,0.0,0.0,0.0,0.0,0.0
118,10,63.1934284382265,1.22817456,65.55334900230966,82.68077141941454,0.0,2.0,0.0,0.0,0.0,0.0,63.19342843822592,0.0,0.0,0.0,0.0
118,11,0.0,1.1805144,0.0,0.0,0.0,0.0,0.0,0.0,0.0,0.0,0.0,0.0,0.0,0.0,0.0
118,12,0.0,1.07686512,0.0,0.0,0.0,0.0,0.0,0.0,0.0,0.0,0.0,0.0,0.0,0.0,0.0
118,13,0.0,1.04331792,0.0,0.0,0.0,0.0,0.0,0.0,0.0,0.0,0.0,0.0,0.0,0.0,0.0
118,14,0.0,1.0295519999999998,0.0,0.0,0.0,0.0,0.0,0.0,0.0,0.0,0.0,0.0,0.0,0.0,0.0
118,15,0.0,1.0481764800000002,0.0,0.0,0.0,0.0,0.0,0.0,0.0,0.0,0.0,0.0,0.0,0.0,0.0
118,16,0.0,1.14719856,0.0,0.0,0.0,0.0,0.0,0.0,0.0,0.0,0.0,0.0,0.0,0.0,0.0
118,17,0.0,1.25882976,0.0,0.0,0.0,0.0,0.0,0.0,0.0,0.0,0.0,0.0,0.0,0.0,0.0
118,18,0.0,1.3442016,0.0,0.0,0.0,0.0,0.0,0.0,0.0,0.0,0.0,0.0,0.0,0.0,0.0
118,19,34.475815687993475,1.40574336,35.76329428215091,51.457778509598796,0.0,1.0,0.0,0.0,0.0,0.0,34.475815687993475,0.0,0.0,0.0,0.0
118,20,0.0,1.39371264,0.0,0.0,0.0,0.0,0.0,0.0,0.0,0.0,0.0,0.0,0.0,0.0,0.0
118,21,0.0,1.30579584,0.0,0.0,0.0,0.0,0.0,0.0,0.0,0.0,0.0,0.0,0.0,0.0,0.0
118,22,0.0,1.07790624,0.0,0.0,0.0,0.0,0.0,0.0,0.0,0.0,0.0,0.0,0.0,0.0,0.0
118,23,0.0,1.0550016,0.0,0.0,0.0,0.0,0.0,0.0,0.0,0.0,0.0,0.0,0.0,0.0,0.0
119,0,0.0,1.05488592,0.0,0.0,0.0,0.0,0.0,0.0,0.0,0.0,0.0,0.0,0.0,0.0,0.0
119,1,333.2108295151042,1.00144176,345.6543874638011,357.5938983585227,0.0,8.0,0.0,0.0,0.0,0.0,333.21082951510425,0.0,0.0,0.0,0.0
119,2,289.97568101270184,0.99935952,300.80464835342514,310.56862285274616,0.0,7.0,0.0,0.0,0.0,0.0,289.9756810127018,0.0,0.0,0.0,0.0
119,3,216.65620598239855,0.99033648,224.74710164149226,230.01438259417108,0.0,5.0,0.0,0.0,0.0,0.0,216.65620598239855,0.0,0.0,0.0,0.0
119,4,331.06292142790073,0.977496,343.4262670413908,347.06521176696145,0.0,8.0,0.0,0.0,0.0,0.0,331.06292142790056,0.0,0.0,0.0,0.0
119,5,419.43534690163506,0.98547792,435.0989075743102,443.1821402713132,0.0,13.0,0.0,0.0,0.0,0.0,419.43534690163506,0.0,0.0,0.0,0.0
119,6,256.0512918713083,1.02076032,265.61337331048577,279.91939459326795,0.0,13.0,0.0,0.0,0.0,0.0,256.0512918713083,0.0,0.0,0.0,0.0
119,7,127.88872433874894,1.03279104,132.6646518036815,141.40606368226392,0.0,10.0,0.0,0.0,0.0,0.0,127.88872433874894,0.0,0.0,0.0,0.0
119,8,29.487292838013836,1.03753392,30.5884780477322,32.74906215907747,0.0,8.0,0.0,0.0,0.0,0.0,29.48729283801384,0.0,0.0,0.0,0.0
119,9,233.65230453906128,0.98756016,242.37790927288512,247.38547565892844,0.0,6.0,0.0,0.0,0.0,0.0,233.65230453906128,0.0,0.0,0.0,0.0
119,10,0.0,0.88506768,0.0,0.0,0.0,0.0,0.0,0.0,0.0,0.0,0.0,0.0,0.0,0.0,0.0
119,11,0.0,0.74463216,0.0,0.0,0.0,0.0,0.0,0.0,0.0,0.0,0.0,0.0,0.0,0.0,0.0
119,12,0.0,0.5524876799999999,0.0,0.0,0.0,0.0,0.0,0.0,0.0,0.0,0.0,0.0,0.0,0.0,0.0
119,13,0.0,0.49083024,0.0,0.0,0.0,0.0,0.0,0.0,0.0,0.0,0.0,0.0,0.0,0.0,0.0
119,14,0.0,0.46885104,0.0,0.0,0.0,0.0,0.0,0.0,0.0,0.0,0.0,0.0,0.0,0.0,0.0
119,15,0.0,0.49129296,0.0,0.0,0.0,0.0,0.0,0.0,0.0,0.0,0.0,0.0,0.0,0.0,0.0
119,16,0.0,0.49464768,0.0,0.0,0.0,0.0,0.0,0.0,0.0,0.0,0.0,0.0,0.0,0.0,0.0
119,17,0.0,0.54924864,0.0,0.0,0.0,0.0,0.0,0.0,0.0,0.0,0.0,0.0,0.0,0.0,0.0
119,18,71.04288185036849,0.5244931199999999,73.6959355294279,41.092346623172546,0.0,2.0,0.0,0.0,0.0,0.0,71.04288185036839,0.0,0.0,0.0,0.0
119,19,121.77053101700656,0.50818224,126.31797823340932,68.37367821045103,0.0,6.0,0.0,0.0,0.0,0.0,121.77053101700643,0.0,0.0,0.0,0.0
119,20,272.9750481410699,0.4784524799999999,283.16913707579874,144.85587433058475,0.0,10.0,0.0,0.0,0.0,0.0,272.9750481410697,0.0,0.0,0.0,0.0
119,21,183.43351337007508,0.33362112,190.28372756231857,69.78106168942834,0.0,6.0,0.0,0.0,0.0,0.0,183.43351337007508,0.0,0.0,0.0,0.0
119,22,356.62617243202953,0.29475264,369.9441622738896,121.28717025408314,0.0,9.0,0.0,0.0,0.0,0.0,356.6261724320296,0.0,0.0,0.0,0.0
119,23,216.0716719927761,0.326796,224.14073858171798,80.66735525260597,0.0,7.0,0.0,0.0,0.0,0.0,216.07167199277615,0.0,0.0,0.0,0.0
120,0,205.75442892560585,0.32251584,213.43820427967412,75.90200630300792,0.0,7.0,0.0,0.0,0.0,0.0,205.75442892560585,0.0,0.0,0.0,0.0
120,1,240.28170648003552,0.3088655999999999,249.25488224070077,85.23659535837055,0.0,9.0,0.0,0.0,0.0,0.0,240.28170648003552,0.0,0.0,0.0,0.0
120,2,278.88084723327654,0.3048168,289.2954846818221,97.75780443813036,0.0,9.0,0.0,0.0,0.0,0.0,278.88084723327654,0.0,0.0,0.0,0.0
120,3,284.4751608165934,0.30666768,295.0987145400347,100.26500561024987,0.0,12.0,0.0,0.0,0.0,0.0,284.4751608165934,0.0,0.0,0.0,0.0
120,4,509.1650100689903,0.30180912,528.1794710259236,176.89212184335753,0.0,16.0,0.0,0.0,0.0,0.0,509.1650100689901,0.0,0.0,0.0,0.0
120,5,206.08707146722207,0.3106008,213.78326915686938,73.47748063583134,0.0,9.0,0.0,0.0,0.0,0.0,206.08707146722193,0.0,0.0,0.0,0.0
120,6,150.67755997721497,0.32367264,156.30452279794082,55.765177242561535,0.0,5.0,0.0,0.0,0.0,0.0,150.67755997721497,0.0,0.0,0.0,0.0
120,7,93.61267388308426,0.36173136,97.10858286627,38.34151384076208,0.0,6.0,0.0,0.0,0.0,0.0,93.61267388308426,0.0,0.0,0.0,0.0
120,8,72.07990405022008,0.35062608,74.77168469939842,28.691845464696137,0.0,5.0,0.0,0.0,0.0,0.0,72.07990405022008,0.0,0.0,0.0,0.0
120,9,77.34418597937378,0.3100224,80.23255806988982,27.529587883079955,0.0,5.0,0.0,0.0,0.0,0.0,77.34418597937378,0.0,0.0,0.0,0.0
120,10,48.44702197947568,0.06963936,50.25624686667602,5.1632946390843,0.0,1.0,0.0,0.0,0.0,0.0,48.44702197947568,0.0,0.0,0.0,0.0
120,11,0.0,0.01110528,0.0,0.0,0.0,0.0,0.0,0.0,0.0,0.0,0.0,0.0,0.0,0.0,0.0
120,12,0.0,-0.00092544,0.0,0.0,0.0,0.0,0.0,0.0,0.0,0.0,0.0,0.0,0.0,0.0,0.0
120,13,0.0,-0.0106425599999999,0.0,0.0,0.0,0.0,0.0,0.0,0.0,0.0,0.0,0.0,0.0,0.0,0.0
120,14,0.0,0.0141129599999999,0.0,0.0,0.0,0.0,0.0,0.0,0.0,0.0,0.0,0.0,0.0,0.0,0.0
120,15,0.0,0.1619519999999999,0.0,0.0,0.0,0.0,0.0,0.0,0.0,0.0,0.0,0.0,0.0,0.0,0.0
120,16,0.0,0.37121712,0.0,0.0,0.0,0.0,0.0,0.0,0.0,0.0,0.0,0.0,0.0,0.0,0.0
120,17,0.0,0.4499952,0.0,0.0,0.0,0.0,0.0,0.0,0.0,0.0,0.0,0.0,0.0,0.0,0.0
120,18,14.972205830335454,0.46607472,15.5313338488957,7.752849225249034,0.0,1.0,0.0,0.0,0.0,0.0,14.97220583033544,0.0,0.0,0.0,0.0
120,19,79.57024747662909,0.4471032,82.54175049442853,39.63681272102616,0.0,6.0,0.0,0.0,0.0,0.0,79.57024747662899,0.0,0.0,0.0,0.0
120,20,105.20880752387355,0.44687184,109.13776714094769,52.3830549081322,0.0,7.0,0.0,0.0,0.0,0.0,105.20880752387355,0.0,0.0,0.0,0.0
120,21,193.78724781964348,0.3938904,201.0241159954808,85.83536769855674,0.0,9.0,0.0,0.0,0.0,0.0,193.78724781964348,0.0,0.0,0.0,0.0
120,22,98.73687706916411,0.36450768,102.42414633730718,40.724627201157205,0.0,8.0,0.0,0.0,0.0,0.0,98.73687706916411,0.0,0.0,0.0,0.0
120,23,284.3112746786562,0.36427632,294.92870817287985,117.19768471609294,0.0,14.0,0.0,0.0,0.0,0.0,284.3112746786561,0.0,0.0,0.0,0.0
121,0,109.48545237473841,0.39354336,113.57412072068303,48.455644473317825,0.0,9.0,0.0,0.0,0.0,0.0,109.48545237473827,0.0,0.0,0.0,0.0
121,1,161.34478985723973,0.4244299199999999,167.37011395979232,76.57683485041466,0.0,13.0,0.0,0.0,0.0,0.0,161.34478985723973,0.0,0.0,0.0,0.0
121,2,147.32006748490275,0.46144752,152.82164676857136,75.57756641171298,0.0,9.0,0.0,0.0,0.0,0.0,147.32006748490267,0.0,0.0,0.0,0.0
121,3,164.34581904430433,0.4922184,170.4832147762493,89.55796961311565,0.0,9.0,0.0,0.0,0.0,0.0,164.34581904430433,0.0,0.0,0.0,0.0
121,4,125.23355793428144,0.51859344,129.9103298073459,71.67067674294918,0.0,8.0,0.0,0.0,0.0,0.0,125.23355793428144,0.0,0.0,0.0,0.0
121,5,112.48452154506518,0.5539915200000001,116.68518832475642,68.5048845750675,0.0,11.0,0.0,0.0,0.0,0.0,112.48452154506508,0.0,0.0,0.0,0.0
121,6,68.23653598567456,0.64908048,70.78478836688234,48.288000904818205,0.0,8.0,0.0,0.0,0.0,0.0,68.23653598567456,0.0,0.0,0.0,0.0
121,7,96.45118610442962,0.7582823999999999,100.05309761870294,79.18026052092341,0.0,12.0,0.0,0.0,0.0,0.0,96.45118610442962,0.0,0.0,0.0,0.0
121,8,116.47926303222853,0.57944112,120.82911102928271,74.0127989984812,0.0,12.0,0.0,0.0,0.0,0.0,116.47926303222853,0.0,0.0,0.0,0.0
121,9,85.68957790074518,0.57180624,88.88960363147842,53.76987590780796,0.0,7.0,0.0,0.0,0.0,0.0,85.68957790074518,0.0,0.0,0.0,0.0
121,10,14.205941819062332,0.511884,14.736454169151799,8.031131738921024,0.0,1.0,0.0,0.0,0.0,0.0,14.205941819062332,0.0,0.0,0.0,0.0
121,11,0.0,0.4846992,0.0,0.0,0.0,0.0,0.0,0.0,0.0,0.0,0.0,0.0,0.0,0.0,0.0
121,12,0.0,0.39608832,0.0,0.0,0.0,0.0,0.0,0.0,0.0,0.0,0.0,0.0,0.0,0.0,0.0
121,13,0.0,0.34599888,0.0,0.0,0.0,0.0,0.0,0.0,0.0,0.0,0.0,0.0,0.0,0.0,0.0
121,14,0.0,0.4650336,0.0,0.0,0.0,0.0,0.0,0.0,0.0,0.0,0.0,0.0,0.0,0.0,0.0
121,15,0.0,0.6010732799999999,0.0,0.0,0.0,0.0,0.0,0.0,0.0,0.0,0.0,0.0,0.0,0.0,0.0
121,16,0.0,0.7601332799999999,0.0,0.0,0.0,0.0,0.0,0.0,0.0,0.0,0.0,0.0,0.0,0.0,0.0
121,17,0.0,0.8680627200000001,0.0,0.0,0.0,0.0,0.0,0.0,0.0,0.0,0.0,0.0,0.0,0.0,0.0
121,18,165.1766023822556,0.88414224,171.34502321810746,157.16489290942891,0.0,4.0,0.0,0.0,0.0,0.0,165.17660238225557,0.0,0.0,0.0,0.0
121,19,101.56813022729497,0.8680627200000001,105.36113094117736,94.94752334122757,0.0,6.0,0.0,0.0,0.0,0.0,101.56813022729497,0.0,0.0,0.0,0.0
121,20,298.3535203587308,0.83717616,309.49535306922286,269.34642740692743,0.0,12.0,0.0,0.0,0.0,0.0,298.3535203587308,0.0,0.0,0.0,0.0
121,21,234.65490505239413,0.74521056,243.41795129916403,189.4547619897051,0.0,17.0,0.0,0.0,0.0,0.0,234.65490505239413,0.0,0.0,0.0,0.0
121,22,596.7313954019571,0.6622680000000001,619.0159703339805,430.4438972591993,0.0,20.0,0.0,0.0,0.0,0.0,596.7313954019571,0.0,0.0,0.0,0.0
121,23,185.60573981157063,0.80536416,192.53707449333055,161.43543643390782,0.0,19.0,0.0,0.0,0.0,0.0,185.60573981157063,0.0,0.0,0.0,0.0
122,0,304.78398989825155,0.75400224,316.16596462474234,248.85493896789544,0.0,15.0,0.0,0.0,0.0,0.0,304.78398989825143,0.0,0.0,0.0,0.0
122,1,364.95255554819084,0.7112006399999999,378.58148915787433,281.7784446723589,0.0,20.0,0.0,0.0,0.0,0.0,364.95255554819084,0.0,0.0,0.0,0.0
122,2,581.3658183897994,0.67244784,603.0765750931529,425.49937491157186,0.0,18.0,0.0,0.0,0.0,0.0,581.3658183897994,0.0,0.0,0.0,0.0
122,3,186.07235099466283,0.6749928,193.02111099031418,136.6768589402423,0.0,12.0,0.0,0.0,0.0,0.0,186.07235099466283,0.0,0.0,0.0,0.0
122,4,301.6128989667057,0.75920784,312.87645121027566,247.89446524527887,0.0,15.0,0.0,0.0,0.0,0.0,301.61289896670576,0.0,0.0,0.0,0.0
122,5,0.0,1.15934496,0.0,0.0,0.0,0.0,0.0,0.0,0.0,0.0,0.0,0.0,0.0,0.0,0.0
122,6,0.0,1.42679712,0.0,0.0,0.0,2.0,0.0,0.0,0.0,0.0,0.0,0.0,0.0,0.0,0.0
122,7,0.0,1.51506096,0.0,0.0,0.0,0.0,0.0,0.0,0.0,0.0,0.0,0.0,0.0,0.0,0.0
122,8,0.0,1.38145056,0.0,0.0,0.0,0.0,0.0,0.0,0.0,0.0,0.0,0.0,0.0,0.0,0.0
122,9,0.0,1.295616,0.0,0.0,0.0,0.0,0.0,0.0,0.0,0.0,0.0,0.0,0.0,0.0,0.0
122,10,0.0,1.22412576,0.0,0.0,0.0,0.0,0.0,0.0,0.0,0.0,0.0,0.0,0.0,0.0,0.0
122,11,0.0,1.11203184,0.0,0.0,0.0,0.0,0.0,0.0,0.0,0.0,0.0,0.0,0.0,0.0,0.0
122,12,0.0,1.06414032,0.0,0.0,0.0,0.0,0.0,0.0,0.0,0.0,0.0,0.0,0.0,0.0,0.0
122,13,0.0,0.99693024,0.0,0.0,0.0,0.0,0.0,0.0,0.0,0.0,0.0,0.0,0.0,0.0,0.0
122,14,0.0,0.92960448,0.0,0.0,0.0,0.0,0.0,0.0,0.0,0.0,0.0,0.0,0.0,0.0,0.0
122,15,0.0,0.98131344,0.0,0.0,0.0,0.0,0.0,0.0,0.0,0.0,0.0,0.0,0.0,0.0,0.0
122,16,0.0,1.06622256,0.0,0.0,0.0,0.0,0.0,0.0,0.0,0.0,0.0,0.0,0.0,0.0,0.0
122,17,0.0,1.2344212799999998,0.0,0.0,0.0,0.0,0.0,0.0,0.0,0.0,0.0,0.0,0.0,0.0,0.0
122,18,0.0,1.1961312,0.0,0.0,0.0,0.0,0.0,0.0,0.0,0.0,0.0,0.0,0.0,0.0,0.0
122,19,112.62462918457503,1.05708384,116.83052819976663,127.36675386204988,0.0,3.0,0.0,0.0,0.0,0.0,112.62462918457503,0.0,0.0,0.0,0.0
122,20,102.67766726797925,0.8297726400000001,106.51210297508221,91.90637948606104,0.0,3.0,0.0,0.0,0.0,0.0,102.67766726797925,0.0,0.0,0.0,0.0
122,21,158.5283224967214,0.63635568,164.44846732025042,110.09096051483604,0.0,7.0,0.0,0.0,0.0,0.0,158.52832249672142,0.0,0.0,0.0,0.0
122,22,291.7228810823016,0.56671632,302.61709655840417,181.51467322674668,0.0,11.0,0.0,0.0,0.0,0.0,291.7228810823016,0.0,0.0,0.0,0.0
122,23,330.16031982225877,0.12273648,342.48995832184517,53.372429540223074,0.0,12.0,0.0,0.0,0.0,0.0,330.16031982225854,0.0,0.0,0.0,0.0
123,0,244.73654148006116,0.0865286399999999,253.87608037350745,30.37085022361336,0.0,9.0,0.0,0.0,0.0,0.0,244.73654148006116,0.0,0.0,0.0,0.0
123,1,223.00818845217677,0.11556432,231.33629507487217,34.39145299862522,0.0,7.0,0.0,0.0,0.0,0.0,223.00818845217677,0.0,0.0,0.0,0.0
123,2,389.19573348382426,0.2007048,403.73001398736966,94.39401517431415,0.0,14.0,0.0,0.0,0.0,0.0,389.1957334838242,0.0,0.0,0.0,0.0
123,3,129.20910643856826,0.3462302399999999,134.0343427785978,50.84327941444775,0.0,9.0,0.0,0.0,0.0,0.0,129.20910643856826,0.0,0.0,0.0,0.0
123,4,258.4288271806173,0.57562368,268.07969624545365,163.18645923181472,0.0,12.0,0.0,0.0,0.0,0.0,258.4288271806173,0.0,0.0,0.0,0.0
123,5,263.50916032648905,0.61761552,273.34975137602606,177.87292560852154,0.0,11.0,0.0,0.0,0.0,0.0,263.509160326489,0.0,0.0,0.0,0.0
123,6,182.11495554940544,0.78188112,188.91592899315918,153.96291539668533,0.0,9.0,0.0,0.0,0.0,0.0,182.11495554940544,0.0,0.0,0.0,0.0
123,7,180.8069664398636,0.92544,187.5590938172859,179.78289378762128,0.0,9.0,0.0,0.0,0.0,0.0,180.80696643986363,0.0,0.0,0.0,0.0
123,8,188.0286501047114,0.8176262400000001,195.05046691360107,165.93455032765226,0.0,12.0,0.0,0.0,0.0,0.0,188.0286501047114,0.0,0.0,0.0,0.0
123,9,204.21417262051972,0.7426656,211.84042802958476,164.33851675462768,0.0,8.0,0.0,0.0,0.0,0.0,204.21417262051972,0.0,0.0,0.0,0.0
123,10,68.99269087906117,0.6935016,71.56918140981449,52.00228172306147,0.0,2.0,0.0,0.0,0.0,0.0,68.99269087906117,0.0,0.0,0.0,0.0
123,11,0.0,0.6408671999999999,0.0,0.0,0.0,0.0,0.0,0.0,0.0,0.0,0.0,0.0,0.0,0.0,0.0
123,12,0.0,0.61032768,0.0,0.0,0.0,0.0,0.0,0.0,0.0,0.0,0.0,0.0,0.0,0.0,0.0
123,13,0.0,0.5965617599999999,0.0,0.0,0.0,0.0,0.0,0.0,0.0,0.0,0.0,0.0,0.0,0.0,0.0
123,14,0.0,0.60061056,0.0,0.0,0.0,0.0,0.0,0.0,0.0,0.0,0.0,0.0,0.0,0.0,0.0
123,15,0.0,0.6113687999999999,0.0,0.0,0.0,0.0,0.0,0.0,0.0,0.0,0.0,0.0,0.0,0.0,0.0
123,16,0.0,0.63693408,0.0,0.0,0.0,0.0,0.0,0.0,0.0,0.0,0.0,0.0,0.0,0.0,0.0
123,17,0.0,0.76672704,0.0,0.0,0.0,0.0,0.0,0.0,0.0,0.0,0.0,0.0,0.0,0.0,0.0
123,18,141.09536742549292,0.92578704,146.36448903059437,140.3470116476591,0.0,4.0,0.0,0.0,0.0,0.0,141.0953674254923,0.0,0.0,0.0,0.0
123,19,160.1743768089564,0.9520464,166.1559925404112,163.68797788961294,0.0,6.0,0.0,0.0,0.0,0.0,160.1743768089563,0.0,0.0,0.0,0.0
123,20,224.2590807038228,0.92995152,232.63390114504443,224.0384321012648,0.0,8.0,0.0,0.0,0.0,0.0,224.25908070382278,0.0,0.0,0.0,0.0
123,21,237.13735262838378,0.78037728,245.99310438629027,200.10980145491547,0.0,10.0,0.0,0.0,0.0,0.0,237.13735262838378,0.0,0.0,0.0,0.0
123,22,528.421473721663,0.6180782399999999,548.1550557278662,356.9466444359737,0.0,15.0,0.0,0.0,0.0,0.0,528.421473721663,0.0,0.0,0.0,0.0
123,23,237.71039867289517,0.77146992,246.5875504905552,198.39692577118197,0.0,12.0,0.0,0.0,0.0,0.0,237.71039867289517,0.0,0.0,0.0,0.0
124,0,512.4557743306103,0.7711228799999998,531.5931268989733,427.5193555028978,0.0,15.0,0.0,0.0,0.0,0.0,512.4557743306103,0.0,0.0,0.0,0.0
124,1,310.733478052759,0.7496063999999999,322.33763283481227,252.29572818065765,0.0,10.0,0.0,0.0,0.0,0.0,310.733478052759,0.0,0.0,0.0,0.0
124,2,257.45228093298346,0.7715856,267.06668146575043,214.9047128152763,0.0,11.0,0.0,0.0,0.0,0.0,257.45228093298346,0.0,0.0,0.0,0.0
124,3,332.09508726425497,0.7773696,344.49697848989115,279.20432835791064,0.0,12.0,0.0,0.0,0.0,0.0,332.09508726425497,0.0,0.0,0.0,0.0
124,4,202.2609410232582,0.88541472,209.81425417350437,192.7174809241852,0.0,10.0,0.0,0.0,0.0,0.0,202.26094102325823,0.0,0.0,0.0,0.0
124,5,0.0,1.1736892799999998,0.0,0.0,0.0,0.0,0.0,0.0,0.0,0.0,0.0,0.0,0.0,0.0,0.0
124,6,0.0,1.4442648,0.0,0.0,0.0,0.0,0.0,0.0,0.0,0.0,0.0,0.0,0.0,0.0,0.0
124,7,0.0,1.3569264,0.0,0.0,0.0,0.0,0.0,0.0,0.0,0.0,0.0,0.0,0.0,0.0,0.0
124,8,0.0,1.20793056,0.0,0.0,0.0,1.0,0.0,0.0,0.0,0.0,0.0,0.0,0.0,0.0,0.0
124,9,198.15502323632674,1.0411199999999998,205.55500335718543,220.81129570635568,0.0,9.0,0.0,0.0,0.0,0.0,198.15502323632674,0.0,0.0,0.0,0.0
124,10,0.0,0.9208128,0.0,0.0,0.0,1.0,0.0,0.0,0.0,0.0,0.0,0.0,0.0,0.0,0.0
124,11,0.0,0.83046672,0.0,0.0,0.0,0.0,0.0,0.0,0.0,0.0,0.0,0.0,0.0,0.0,0.0
124,12,0.0,0.71883552,0.0,0.0,0.0,0.0,0.0,0.0,0.0,0.0,0.0,0.0,0.0,0.0,0.0
124,13,0.0,0.67753776,0.0,0.0,0.0,0.0,0.0,0.0,0.0,0.0,0.0,0.0,0.0,0.0,0.0
124,14,0.0,0.77378352,0.0,0.0,0.0,0.0,0.0,0.0,0.0,0.0,0.0,0.0,0.0,0.0,0.0
124,15,0.0,0.91410336,0.0,0.0,0.0,0.0,0.0,0.0,0.0,0.0,0.0,0.0,0.0,0.0,0.0
124,16,0.0,1.14511632,0.0,0.0,0.0,0.0,0.0,0.0,0.0,0.0,0.0,0.0,0.0,0.0,0.0
124,17,0.0,1.22829024,0.0,0.0,0.0,0.0,0.0,0.0,0.0,0.0,0.0,0.0,0.0,0.0,0.0
124,18,0.0,1.32731232,0.0,0.0,0.0,0.0,0.0,0.0,0.0,0.0,0.0,0.0,0.0,0.0,0.0
124,19,0.0,1.3533403199999998,0.0,0.0,0.0,0.0,0.0,0.0,0.0,0.0,0.0,0.0,0.0,0.0,0.0
124,20,0.0,1.2805776,0.0,0.0,0.0,0.0,0.0,0.0,0.0,0.0,0.0,0.0,0.0,0.0,0.0
124,21,0.0,1.17866352,0.0,0.0,0.0,0.0,0.0,0.0,0.0,0.0,0.0,0.0,0.0,0.0,0.0
124,22,245.83571672807335,1.03603008,255.01630365982714,272.64560113313524,0.0,8.0,0.0,0.0,0.0,0.0,245.83571672807335,0.0,0.0,0.0,0.0
124,23,480.2960983406683,0.94730352,498.2324671583697,488.4688645803502,0.0,16.0,0.0,0.0,0.0,0.0,480.2960983406683,0.0,0.0,0.0,0.0
125,0,328.3774977617896,0.8913144,340.64055784417997,314.89303689519295,0.0,10.0,0.0,0.0,0.0,0.0,328.37749776178873,0.0,0.0,0.0,0.0
125,1,423.6209975251231,0.8797464,439.44086880199484,401.1420150987734,0.0,12.0,0.0,0.0,0.0,0.0,423.62099752512296,0.0,0.0,0.0,0.0
125,2,427.9405433868114,0.89038896,443.921725504991,409.9568126080096,0.0,14.0,0.0,0.0,0.0,0.0,427.9405433868113,0.0,0.0,0.0,0.0
125,3,449.25777666098645,0.88286976,466.03503803006885,426.8740019359931,0.0,12.0,0.0,0.0,0.0,0.0,449.25777666098645,0.0,0.0,0.0,0.0
125,4,521.3929677116826,0.98813856,540.8640743897123,552.3512484854826,0.0,15.0,0.0,0.0,0.0,0.0,521.3929677116826,0.0,0.0,0.0,0.0
125,5,280.99652782995406,1.0876233599999998,291.4901740974628,326.67984732149336,0.0,9.0,0.0,0.0,0.0,0.0,280.99652782995406,0.0,0.0,0.0,0.0
125,6,59.85736784990452,1.17924192,62.09270523849017,75.27758948682522,0.0,1.0,0.0,0.0,0.0,0.0,59.85736784990452,0.0,0.0,0.0,0.0
125,7,0.0,1.11064368,0.0,0.0,0.0,3.0,0.0,0.0,0.0,0.0,0.0,0.0,0.0,0.0,0.0
125,8,172.83372096998846,1.0486392,179.2880922925192,193.94295752603585,0.0,9.0,0.0,0.0,0.0,0.0,172.83372096998846,0.0,0.0,0.0,0.0
125,9,93.23098584286814,1.0174056,96.71264091583834,101.59717087287729,0.0,5.0,0.0,0.0,0.0,0.0,93.23098584286802,0.0,0.0,0.0,0.0
125,10,0.0,0.94927008,0.0,0.0,0.0,1.0,0.0,0.0,0.0,0.0,0.0,0.0,0.0,0.0,0.0
125,11,0.0,0.8974454399999999,0.0,0.0,0.0,0.0,0.0,0.0,0.0,0.0,0.0,0.0,0.0,0.0,0.0
125,12,0.0,0.8877283199999999,0.0,0.0,0.0,0.0,0.0,0.0,0.0,0.0,0.0,0.0,0.0,0.0,0.0
125,13,0.0,0.89085168,0.0,0.0,0.0,0.0,0.0,0.0,0.0,0.0,0.0,0.0,0.0,0.0,0.0
125,14,0.0,0.91537584,0.0,0.0,0.0,0.0,0.0,0.0,0.0,0.0,0.0,0.0,0.0,0.0,0.0
125,15,0.0,0.9763392,0.0,0.0,0.0,0.0,0.0,0.0,0.0,0.0,0.0,0.0,0.0,0.0,0.0
125,16,0.0,0.93689232,0.0,0.0,0.0,0.0,0.0,0.0,0.0,0.0,0.0,0.0,0.0,0.0,0.0
125,17,0.0,0.937008,0.0,0.0,0.0,0.0,0.0,0.0,0.0,0.0,0.0,0.0,0.0,0.0,0.0
125,18,0.0,0.93619824,0.0,0.0,0.0,0.0,0.0,0.0,0.0,0.0,0.0,0.0,0.0,0.0,0.0
125,19,0.0,0.92740656,0.0,0.0,0.0,0.0,0.0,0.0,0.0,0.0,0.0,0.0,0.0,0.0,0.0
125,20,0.0,0.96870432,0.0,0.0,0.0,0.0,0.0,0.0,0.0,0.0,0.0,0.0,0.0,0.0,0.0
125,21,0.0,0.90369216,0.0,0.0,0.0,0.0,0.0,0.0,0.0,0.0,0.0,0.0,0.0,0.0,0.0
125,22,346.27826464797073,0.8404152,359.2098180995547,313.77523609919615,0.0,10.0,0.0,0.0,0.0,0.0,346.27826464797,0.0,0.0,0.0,0.0
125,23,256.9236548529244,0.7865083199999999,266.5183141627847,218.44062772019217,0.0,6.0,0.0,0.0,0.0,0.0,256.9236548529242,0.0,0.0,0.0,0.0
126,0,522.233741969774,0.73907952,541.7362468566121,418.31763506434015,0.0,15.0,0.0,0.0,0.0,0.0,522.2337419697736,0.0,0.0,0.0,0.0
126,1,436.7595010072294,0.7277428799999999,453.0700217917318,344.71510022168394,0.0,12.0,0.0,0.0,0.0,0.0,436.7595010072291,0.0,0.0,0.0,0.0
126,2,447.92306937290505,0.75006912,464.65048690135376,363.89991293410475,0.0,12.0,0.0,0.0,0.0,0.0,447.9230693729048,0.0,0.0,0.0,0.0
126,3,345.7650650871131,0.75897648,358.67745340986846,284.0999747522526,0.0,12.0,0.0,0.0,0.0,0.0,345.76506508711316,0.0,0.0,0.0,0.0
126,4,581.3020018404895,0.8022408,603.0103753532047,503.71916935584636,0.0,17.0,0.0,0.0,0.0,0.0,581.3020018404895,0.0,0.0,0.0,0.0
126,5,246.4617853184906,0.85707312,255.66575240507325,227.58678049557156,0.0,13.0,0.0,0.0,0.0,0.0,246.46178531849057,0.0,0.0,0.0,0.0
126,6,24.83411226654995,0.8929339199999999,25.761527247458456,23.856048062150762,0.0,7.0,0.0,0.0,0.0,0.0,24.83411226654995,0.0,0.0,0.0,0.0
126,7,0.0,0.9786528,0.0,0.0,0.0,1.0,0.0,0.0,0.0,0.0,0.0,0.0,0.0,0.0,0.0
126,8,0.0,0.91780512,0.0,0.0,0.0,1.0,0.0,0.0,0.0,0.0,0.0,0.0,0.0,0.0,0.0
126,9,38.84399721150794,0.89987472,40.294602916502015,37.593845873534654,0.0,5.0,0.0,0.0,0.0,0.0,38.84399721150794,0.0,0.0,0.0,0.0
126,10,91.40749819789619,0.8401838399999999,94.82105622188402,82.80569609030277,0.0,2.0,0.0,0.0,0.0,0.0,91.40749819789619,0.0,0.0,0.0,0.0
126,11,0.0,0.8133460800000001,0.0,0.0,0.0,0.0,0.0,0.0,0.0,0.0,0.0,0.0,0.0,0.0,0.0
126,12,0.0,0.6450316799999999,0.0,0.0,0.0,0.0,0.0,0.0,0.0,0.0,0.0,0.0,0.0,0.0,0.0
126,13,0.0,0.5784,0.0,0.0,0.0,0.0,0.0,0.0,0.0,0.0,0.0,0.0,0.0,0.0,0.0
126,14,0.0,0.73063488,0.0,0.0,0.0,0.0,0.0,0.0,0.0,0.0,0.0,0.0,0.0,0.0,0.0
126,15,0.0,0.8427287999999998,0.0,0.0,0.0,0.0,0.0,0.0,0.0,0.0,0.0,0.0,0.0,0.0,0.0
126,16,0.0,0.90184128,0.0,0.0,0.0,0.0,0.0,0.0,0.0,0.0,0.0,0.0,0.0,0.0,0.0
126,17,0.0,0.94383312,0.0,0.0,0.0,0.0,0.0,0.0,0.0,0.0,0.0,0.0,0.0,0.0,0.0
126,18,0.0,0.9840897599999998,0.0,0.0,0.0,0.0,0.0,0.0,0.0,0.0,0.0,0.0,0.0,0.0,0.0
126,19,0.0,0.957252,0.0,0.0,0.0,0.0,0.0,0.0,0.0,0.0,0.0,0.0,0.0,0.0,0.0
126,20,0.0,0.90774096,0.0,0.0,0.0,0.0,0.0,0.0,0.0,0.0,0.0,0.0,0.0,0.0,0.0
126,21,0.0,0.90669984,0.0,0.0,0.0,0.0,0.0,0.0,0.0,0.0,0.0,0.0,0.0,0.0,0.0
126,22,113.28661905921581,0.8461992,117.5172396879832,103.33281484385189,0.0,5.0,0.0,0.0,0.0,0.0,113.28661905921572,0.0,0.0,0.0,0.0
126,23,224.2117776191524,0.7096967999999999,232.58483155513736,172.763268607695,0.0,8.0,0.0,0.0,0.0,0.0,224.2117776191522,0.0,0.0,0.0,0.0
127,0,147.57185595954908,0.7146710399999999,153.08283813231233,114.47091307635085,0.0,6.0,0.0,0.0,0.0,0.0,147.5718559595489,0.0,0.0,0.0,0.0
127,1,397.0704748271788,0.71339856,411.89883280827684,307.48188555705946,0.0,14.0,0.0,0.0,0.0,0.0,397.0704748271786,0.0,0.0,0.0,0.0
127,2,214.73130880997905,0.7177943999999999,222.75032034230196,167.2619681432406,0.0,12.0,0.0,0.0,0.0,0.0,214.7313088099791,0.0,0.0,0.0,0.0
127,3,227.62691880788768,0.7366502399999999,236.1275091368129,181.75920682866393,0.0,8.0,0.0,0.0,0.0,0.0,227.62691880788768,0.0,0.0,0.0,0.0
127,4,296.47522223577334,0.7463673599999999,307.5469110329599,239.7227788190161,0.0,10.0,0.0,0.0,0.0,0.0,296.47522223577323,0.0,0.0,0.0,0.0
127,5,130.4586658628629,0.76360368,135.33056624778308,107.81836014609257,0.0,8.0,0.0,0.0,0.0,0.0,130.45866586286272,0.0,0.0,0.0,0.0
127,6,0.0,0.90704688,0.0,0.0,0.0,1.0,0.0,0.0,0.0,0.0,0.0,0.0,0.0,0.0,0.0
127,7,56.2431232946943,0.87766416,58.343488894911104,53.137158654843034,0.0,6.0,0.0,0.0,0.0,0.0,56.2431232946943,0.0,0.0,0.0,0.0
127,8,94.0147479023298,0.7819967999999999,97.52567209785249,79.49286324480886,0.0,6.0,0.0,0.0,0.0,0.0,94.0147479023298,0.0,0.0,0.0,0.0
127,9,258.7764174746849,0.43241184,268.44026708992214,124.9621226631211,0.0,7.0,0.0,0.0,0.0,0.0,258.77641747468465,0.0,0.0,0.0,0.0
127,10,29.285379802605192,0.35236128,30.379024691499165,11.709937742736873,0.0,1.0,0.0,0.0,0.0,0.0,29.285379802605192,0.0,0.0,0.0,0.0
127,11,0.0,0.4543910399999999,0.0,0.0,0.0,0.0,0.0,0.0,0.0,0.0,0.0,0.0,0.0,0.0,0.0
127,12,0.0,0.40557408,0.0,0.0,0.0,0.0,0.0,0.0,0.0,0.0,0.0,0.0,0.0,0.0,0.0
127,13,0.0,0.3546748799999999,0.0,0.0,0.0,0.0,0.0,0.0,0.0,0.0,0.0,0.0,0.0,0.0,0.0
127,14,0.0,0.34784976,0.0,0.0,0.0,0.0,0.0,0.0,0.0,0.0,0.0,0.0,0.0,0.0,0.0
127,15,0.0,0.6549801599999999,0.0,0.0,0.0,0.0,0.0,0.0,0.0,0.0,0.0,0.0,0.0,0.0,0.0
127,16,0.0,0.79691952,0.0,0.0,0.0,0.0,0.0,0.0,0.0,0.0,0.0,0.0,0.0,0.0,0.0
127,17,0.0,0.83474688,0.0,0.0,0.0,0.0,0.0,0.0,0.0,0.0,0.0,0.0,0.0,0.0,0.0
127,18,90.00311994069551,0.83613504,93.36423230362604,81.15546220101169,0.0,3.0,0.0,0.0,0.0,0.0,90.0031199406954,0.0,0.0,0.0,0.0
127,19,127.53070292188178,0.7854672,132.2932602924085,108.290923656428,0.0,5.0,0.0,0.0,0.0,0.0,127.53070292188158,0.0,0.0,0.0,0.0
127,20,117.87426823704035,0.76360368,122.27621186414976,97.41790796862779,0.0,5.0,0.0,0.0,0.0,0.0,117.87426823704027,0.0,0.0,0.0,0.0
127,21,154.79823858284084,0.772164,160.5790856668474,129.3085568404282,0.0,6.0,0.0,0.0,0.0,0.0,154.79823858284078,0.0,0.0,0.0,0.0
127,22,342.24932246187086,0.7131672,355.0304174915672,264.9475555762629,0.0,11.0,0.0,0.0,0.0,0.0,342.24932246187075,0.0,0.0,0.0,0.0
127,23,194.256629599002,0.6508156799999999,201.51102655498136,137.8165507538481,0.0,7.0,0.0,0.0,0.0,0.0,194.256629599002,0.0,0.0,0.0,0.0
128,0,189.50570901864063,0.6375124799999999,196.58268570398405,131.8308023850093,0.0,5.0,0.0,0.0,0.0,0.0,189.50570901864063,0.0,0.0,0.0,0.0
128,1,180.94612082406113,0.65567424,187.7034448382377,129.2852975638391,0.0,4.0,0.0,0.0,0.0,0.0,180.94612082406098,0.0,0.0,0.0,0.0
128,2,122.81864022183092,0.6877176,127.40522844588273,91.8359309958129,0.0,3.0,0.0,0.0,0.0,0.0,122.81864022183092,0.0,0.0,0.0,0.0
128,3,211.60297827328242,0.72751152,219.5051641839029,166.95815657776797,0.0,8.0,0.0,0.0,0.0,0.0,211.60297827328228,0.0,0.0,0.0,0.0
128,4,121.70405686084914,0.7860456,126.24902163988502,103.41633058061659,0.0,4.0,0.0,0.0,0.0,0.0,121.70405686084908,0.0,0.0,0.0,0.0
128,5,0.0,0.92463024,0.0,0.0,0.0,0.0,0.0,0.0,0.0,0.0,0.0,0.0,0.0,0.0,0.0
128,6,0.0,1.3131993599999998,0.0,0.0,0.0,0.0,0.0,0.0,0.0,0.0,0.0,0.0,0.0,0.0,0.0
128,7,0.0,1.24390704,0.0,0.0,0.0,0.0,0.0,0.0,0.0,0.0,0.0,0.0,0.0,0.0,0.0
128,8,0.0,1.12105488,0.0,0.0,0.0,1.0,0.0,0.0,0.0,0.0,0.0,0.0,0.0,0.0,0.0
128,9,0.0,1.03683984,0.0,0.0,0.0,0.0,0.0,0.0,0.0,0.0,0.0,0.0,0.0,0.0,0.0
128,10,0.0,0.92173824,0.0,0.0,0.0,0.0,0.0,0.0,0.0,0.0,0.0,0.0,0.0,0.0,0.0
128,11,0.0,0.86829408,0.0,0.0,0.0,0.0,0.0,0.0,0.0,0.0,0.0,0.0,0.0,0.0,0.0
128,12,0.0,0.80374464,0.0,0.0,0.0,0.0,0.0,0.0,0.0,0.0,0.0,0.0,0.0,0.0,0.0
128,13,0.0,0.7276272,0.0,0.0,0.0,0.0,0.0,0.0,0.0,0.0,0.0,0.0,0.0,0.0,0.0
128,14,0.0,0.69650928,0.0,0.0,0.0,0.0,0.0,0.0,0.0,0.0,0.0,0.0,0.0,0.0,0.0
128,15,0.0,0.69743472,0.0,0.0,0.0,0.0,0.0,0.0,0.0,0.0,0.0,0.0,0.0,0.0,0.0
128,16,0.0,0.71710032,0.0,0.0,0.0,0.0,0.0,0.0,0.0,0.0,0.0,0.0,0.0,0.0,0.0
128,17,0.0,0.75006912,0.0,0.0,0.0,0.0,0.0,0.0,0.0,0.0,0.0,0.0,0.0,0.0,0.0
128,18,0.0,0.72658608,0.0,0.0,0.0,0.0,0.0,0.0,0.0,0.0,0.0,0.0,0.0,0.0,0.0
128,19,0.0,0.66145824,0.0,0.0,0.0,1.0,0.0,0.0,0.0,0.0,0.0,0.0,0.0,0.0,0.0
128,20,244.3968369915995,0.6021143999999999,253.5236898253107,161.04189851817083,0.0,6.0,0.0,0.0,0.0,0.0,244.3968369915989,0.0,0.0,0.0,0.0
128,21,385.6067216333311,0.4661904,400.00697264868376,199.7196413765504,0.0,9.0,0.0,0.0,0.0,0.0,385.6067216333309,0.0,0.0,0.0,0.0
128,22,237.58621504393733,0.33928944,246.45872929869017,91.77862818665083,0.0,7.0,0.0,0.0,0.0,0.0,237.58621504393722,0.0,0.0,0.0,0.0
128,23,286.14207590555185,0.22245264,296.82787957007463,75.85514824973463,0.0,9.0,0.0,0.0,0.0,0.0,286.1420759055511,0.0,0.0,0.0,0.0
129,0,319.09759004831113,0.21944496,331.0140975604887,83.59594202784973,0.0,8.0,0.0,0.0,0.0,0.0,319.097590048311,0.0,0.0,0.0,0.0
129,1,372.43905598174376,0.15570528,386.3475684457924,72.944460837727,0.0,8.0,0.0,0.0,0.0,0.0,372.4390559817434,0.0,0.0,0.0,0.0
129,2,488.65513589019577,0.13384176,506.90366793588777,84.62339047567268,0.0,11.0,0.0,0.0,0.0,0.0,488.6551358901957,0.0,0.0,0.0,0.0
129,3,596.7313954019575,0.10769808,619.0159703339808,87.15626011236144,0.0,18.0,0.0,0.0,0.0,0.0,596.7313954019575,0.0,0.0,0.0,0.0
129,4,381.3701323439531,0.28885296,395.6121704812791,127.36850929847246,0.0,9.0,0.0,0.0,0.0,0.0,381.3701323439531,0.0,0.0,0.0,0.0
129,5,365.54597245058005,0.34495776,379.19706685744825,143.35839369469716,0.0,12.0,0.0,0.0,0.0,0.0,365.54597245058005,0.0,0.0,0.0,0.0
129,6,39.89195255743448,0.5940168,41.38169352430963,25.95115522154578,0.0,6.0,0.0,0.0,0.0,0.0,39.891952557434486,0.0,0.0,0.0,0.0
129,7,0.0,0.66839904,0.0,0.0,0.0,1.0,0.0,0.0,0.0,0.0,0.0,0.0,0.0,0.0,0.0
129,8,27.12713000027629,0.54496848,28.140176348834327,16.26694896890261,0.0,3.0,0.0,0.0,0.0,0.0,27.127130000276292,0.0,0.0,0.0,0.0
129,9,136.92932940718975,0.3864868799999999,142.04287282903502,59.59932583657157,0.0,4.0,0.0,0.0,0.0,0.0,136.92932940718964,0.0,0.0,0.0,0.0
129,10,94.25921548652107,0.33419952,97.77926917688907,35.91427863462216,0.0,2.0,0.0,0.0,0.0,0.0,94.25921548652107,0.0,0.0,0.0,0.0
129,11,0.0,0.28989408,0.0,0.0,0.0,0.0,0.0,0.0,0.0,0.0,0.0,0.0,0.0,0.0,0.0
129,12,0.0,0.1754865599999999,0.0,0.0,0.0,0.0,0.0,0.0,0.0,0.0,0.0,0.0,0.0,0.0,0.0
129,13,0.0,0.11556432,0.0,0.0,0.0,0.0,0.0,0.0,0.0,0.0,0.0,0.0,0.0,0.0,0.0
129,14,0.0,0.0803976,0.0,0.0,0.0,0.0,0.0,0.0,0.0,0.0,0.0,0.0,0.0,0.0,0.0
129,15,0.0,0.0732254399999999,0.0,0.0,0.0,0.0,0.0,0.0,0.0,0.0,0.0,0.0,0.0,0.0,0.0
129,16,0.0,0.14737632,0.0,0.0,0.0,0.0,0.0,0.0,0.0,0.0,0.0,0.0,0.0,0.0,0.0
129,17,0.0,0.25519008,0.0,0.0,0.0,0.0,0.0,0.0,0.0,0.0,0.0,0.0,0.0,0.0,0.0
129,18,90.02032284334643,0.24223392,93.3820776383262,25.711253493904692,0.0,2.0,0.0,0.0,0.0,0.0,90.02032284334533,0.0,0.0,0.0,0.0
129,19,151.14551511552978,0.11938176,156.78995343934625,23.90760805074957,0.0,5.0,0.0,0.0,0.0,0.0,151.14551511552946,0.0,0.0,0.0,0.0
129,20,233.61004956675862,0.0669787199999999,242.334076314065,24.252484169893915,0.0,10.0,0.0,0.0,0.0,0.0,233.61004956675833,0.0,0.0,0.0,0.0
129,21,313.52998984593194,0.0185088,325.23857867835267,16.785172759295364,0.0,10.0,0.0,0.0,0.0,0.0,313.5299898459318,0.0,0.0,0.0,0.0
129,22,260.83028619988283,0.00011568,270.57083630693245,8.987194316103448,0.0,8.0,0.0,0.0,0.0,0.0,260.8302861998825,0.0,0.0,0.0,0.0
129,23,173.89035964456536,0.0026606399999999,180.38419050266123,6.4506540982570675,0.0,7.0,0.0,0.0,0.0,0.0,173.8903596445653,0.0,0.0,0.0,0.0
130,0,256.09780310689865,0.00011568,265.6616214801853,8.824131407366963,0.0,9.0,0.0,0.0,0.0,0.0,256.0978031068986,0.0,0.0,0.0,0.0
130,1,297.27571269235693,0.0,308.37729532402176,10.207288475225116,0.0,9.0,0.0,0.0,0.0,0.0,297.2757126923567,0.0,0.0,0.0,0.0
130,2,445.10092430651696,0.0,461.7229505254327,15.283029662391819,0.0,14.0,0.0,0.0,0.0,0.0,445.1009243065169,0.0,0.0,0.0,0.0
130,3,387.00760272755724,0.0,401.46016880452,13.288331587429608,0.0,12.0,0.0,0.0,0.0,0.0,387.0076027275571,0.0,0.0,0.0,0.0
130,4,98.95826302882695,0.00080976,102.65379982243459,3.4809657150668,0.0,6.0,0.0,0.0,0.0,0.0,98.95826302882675,0.0,0.0,0.0,0.0
130,5,253.22069384278342,0.03863712,262.67706830164263,18.843696370003126,0.0,11.0,0.0,0.0,0.0,0.0,253.2206938427833,0.0,0.0,0.0,0.0
130,6,93.79149733565126,0.33998352,97.29408437308223,36.29881947308651,0.0,7.0,0.0,0.0,0.0,0.0,93.79149733565126,0.0,0.0,0.0,0.0
130,7,21.238615801880727,0.4112423999999999,22.03175913058167,9.78964472830457,0.0,8.0,0.0,0.0,0.0,0.0,21.238615801880727,0.0,0.0,0.0,0.0
130,8,97.9019312414826,0.349932,101.55801996004419,38.899971501335656,0.0,6.0,0.0,0.0,0.0,0.0,97.9019312414826,0.0,0.0,0.0,0.0
130,9,102.84171970194204,0.2550744,106.6822818484876,30.743102562318803,0.0,4.0,0.0,0.0,0.0,0.0,102.84171970194204,0.0,0.0,0.0,0.0
130,10,42.11303459936291,0.04615632,43.68572053875821,3.462369446450393,0.0,1.0,0.0,0.0,0.0,0.0,42.11303459936291,0.0,0.0,0.0,0.0
130,11,0.0,0.0358608,0.0,0.0,0.0,0.0,0.0,0.0,0.0,0.0,0.0,0.0,0.0,0.0,0.0
130,12,0.0,0.0278788799999999,0.0,0.0,0.0,0.0,0.0,0.0,0.0,0.0,0.0,0.0,0.0,0.0,0.0
130,13,0.0,0.01804608,0.0,0.0,0.0,0.0,0.0,0.0,0.0,0.0,0.0,0.0,0.0,0.0,0.0
130,14,0.0,0.01758336,0.0,0.0,0.0,0.0,0.0,0.0,0.0,0.0,0.0,0.0,0.0,0.0,0.0
130,15,0.0,0.02001264,0.0,0.0,0.0,0.0,0.0,0.0,0.0,0.0,0.0,0.0,0.0,0.0,0.0
130,16,0.0,0.04303296,0.0,0.0,0.0,0.0,0.0,0.0,0.0,0.0,0.0,0.0,0.0,0.0,0.0
130,17,0.0,0.11463888,0.0,0.0,0.0,0.0,0.0,0.0,0.0,0.0,0.0,0.0,0.0,0.0,0.0
130,18,0.0,0.164844,0.0,0.0,0.0,0.0,0.0,0.0,0.0,0.0,0.0,0.0,0.0,0.0,0.0
130,19,175.7782276560517,0.13893168,182.34255980918226,31.36869689947411,0.0,7.0,0.0,0.0,0.0,0.0,175.77822765605157,0.0,0.0,0.0,0.0
130,20,228.72454166272232,0.11128416,237.26612205676588,34.257469729623615,0.0,8.0,0.0,0.0,0.0,0.0,228.72454166272217,0.0,0.0,0.0,0.0
130,21,227.07304225286526,0.0393312,235.55294839508844,17.061382715794334,0.0,9.0,0.0,0.0,0.0,0.0,227.07304225286526,0.0,0.0,0.0,0.0
130,22,433.9145879779625,0.02290464,450.11886719705666,25.20874511457896,0.0,13.0,0.0,0.0,0.0,0.0,433.91458797796184,0.0,0.0,0.0,0.0
130,23,375.8489970360947,0.02510256,389.8848516971937,22.692296473997015,0.0,12.0,0.0,0.0,0.0,0.0,375.8489970360947,0.0,0.0,0.0,0.0
131,0,168.68848881627486,0.02591232,174.98805893804447,10.32645133023074,0.0,9.0,0.0,0.0,0.0,0.0,168.68848881627486,0.0,0.0,0.0,0.0
131,1,293.1963247780975,0.03620784,304.1455651225078,21.079672164220344,0.0,11.0,0.0,0.0,0.0,0.0,293.1963247780973,0.0,0.0,0.0,0.0
131,2,183.8848523535584,0.0387528,190.7519215285876,13.706059667209296,0.0,8.0,0.0,0.0,0.0,0.0,183.88485235355841,0.0,0.0,0.0,0.0
131,3,276.1616080361696,0.04766016,286.47469713295607,23.135742376409073,0.0,9.0,0.0,0.0,0.0,0.0,276.1616080361695,0.0,0.0,0.0,0.0
131,4,158.9651952234194,0.07299408,164.90165479607828,17.495089356067513,0.0,7.0,0.0,0.0,0.0,0.0,158.9651952234194,0.0,0.0,0.0,0.0
131,5,356.63825652458894,0.17594928,369.95669763961496,77.33918127273922,0.0,11.0,0.0,0.0,0.0,0.0,356.63825652458803,0.0,0.0,0.0,0.0
131,6,0.0,0.39932736,0.0,0.0,0.0,7.0,0.0,0.0,0.0,0.0,0.0,0.0,0.0,0.0,0.0
131,7,0.0,0.5535288,0.0,0.0,0.0,1.0,0.0,0.0,0.0,0.0,0.0,0.0,0.0,0.0,0.0
131,8,0.0,0.52009728,0.0,0.0,0.0,1.0,0.0,0.0,0.0,0.0,0.0,0.0,0.0,0.0,0.0
131,9,27.304740573977845,0.43912128,28.324419682549635,13.375393717750782,0.0,4.0,0.0,0.0,0.0,0.0,27.30474057397784,0.0,0.0,0.0,0.0
131,10,87.6402212615429,0.33755424,90.91309259496153,33.69732324183509,0.0,3.0,0.0,0.0,0.0,0.0,87.6402212615429,0.0,0.0,0.0,0.0
131,11,36.770262850352935,0.32725872,38.14342619331218,13.74531623943645,0.0,1.0,0.0,0.0,0.0,0.0,36.77026285035294,0.0,0.0,0.0,0.0
131,12,0.0,0.32529216,0.0,0.0,0.0,0.0,0.0,0.0,0.0,0.0,0.0,0.0,0.0,0.0,0.0
131,13,0.0,0.17421408,0.0,0.0,0.0,0.0,0.0,0.0,0.0,0.0,0.0,0.0,0.0,0.0,0.0
131,14,0.0,0.24963744,0.0,0.0,0.0,0.0,0.0,0.0,0.0,0.0,0.0,0.0,0.0,0.0,0.0
131,15,0.0,0.31198896,0.0,0.0,0.0,0.0,0.0,0.0,0.0,0.0,0.0,0.0,0.0,0.0,0.0
131,16,0.0,0.3372072,0.0,0.0,0.0,0.0,0.0,0.0,0.0,0.0,0.0,0.0,0.0,0.0,0.0
131,17,0.0,0.33709152,0.0,0.0,0.0,0.0,0.0,0.0,0.0,0.0,0.0,0.0,0.0,0.0,0.0
131,18,0.0,0.33628176,0.0,0.0,0.0,0.0,0.0,0.0,0.0,0.0,0.0,0.0,0.0,0.0,0.0
131,19,228.47836921235097,0.312336,237.01075644434752,81.87204766310963,0.0,8.0,0.0,0.0,0.0,0.0,228.47836921235097,0.0,0.0,0.0,0.0
131,20,336.136200922194,0.1602167999999999,348.6890051060104,67.40744266227755,0.0,12.0,0.0,0.0,0.0,0.0,336.1362009221938,0.0,0.0,0.0,0.0
131,21,280.53249427694936,0.0994848,291.00881149061144,38.58334506972041,0.0,9.0,0.0,0.0,0.0,0.0,280.53249427694846,0.0,0.0,0.0,0.0
131,22,339.64478278673016,0.0837523199999999,352.32861284930516,41.170415813823084,0.0,10.0,0.0,0.0,0.0,0.0,339.6447827867301,0.0,0.0,0.0,0.0
131,23,277.4788638478527,0.1603324799999999,287.8411450703867,55.67782653700463,0.0,10.0,0.0,0.0,0.0,0.0,277.4788638478526,0.0,0.0,0.0,0.0
132,0,453.81862659637864,0.16796736,470.76621016221856,94.65571905452245,0.0,13.0,0.0,0.0,0.0,0.0,453.8186265963785,0.0,0.0,0.0,0.0
132,1,278.2222113367854,0.2186352,288.6122524240513,72.65386308641902,0.0,12.0,0.0,0.0,0.0,0.0,278.2222113367854,0.0,0.0,0.0,0.0
132,2,278.61550430990974,0.28839024,289.02023268662845,92.91718397128001,0.0,13.0,0.0,0.0,0.0,0.0,278.61550430990957,0.0,0.0,0.0,0.0
132,3,352.65813954541727,0.28700208,365.82794558653245,117.10228630437587,0.0,12.0,0.0,0.0,0.0,0.0,352.6581395454171,0.0,0.0,0.0,0.0
132,4,264.3725375546365,0.31071648,274.2453709072993,94.29007808164204,0.0,11.0,0.0,0.0,0.0,0.0,264.3725375546365,0.0,0.0,0.0,0.0
132,5,0.0,0.4956888,0.0,0.0,0.0,0.0,0.0,0.0,0.0,0.0,0.0,0.0,0.0,0.0,0.0
132,6,0.0,0.9821232,0.0,0.0,0.0,0.0,0.0,0.0,0.0,0.0,0.0,0.0,0.0,0.0,0.0
132,7,0.0,1.116312,0.0,0.0,0.0,0.0,0.0,0.0,0.0,0.0,0.0,0.0,0.0,0.0,0.0
132,8,0.0,0.97541376,0.0,0.0,0.0,0.0,0.0,0.0,0.0,0.0,0.0,0.0,0.0,0.0,0.0
132,9,0.0,0.95412864,0.0,0.0,0.0,0.0,0.0,0.0,0.0,0.0,0.0,0.0,0.0,0.0,0.0
132,10,0.0,0.74706144,0.0,0.0,0.0,0.0,0.0,0.0,0.0,0.0,0.0,0.0,0.0,0.0,0.0
132,11,0.0,0.61160016,0.0,0.0,0.0,0.0,0.0,0.0,0.0,0.0,0.0,0.0,0.0,0.0,0.0
132,12,0.0,0.51095856,0.0,0.0,0.0,0.0,0.0,0.0,0.0,0.0,0.0,0.0,0.0,0.0,0.0
132,13,0.0,0.43472544,0.0,0.0,0.0,0.0,0.0,0.0,0.0,0.0,0.0,0.0,0.0,0.0,0.0
132,14,0.0,0.43067664,0.0,0.0,0.0,0.0,0.0,0.0,0.0,0.0,0.0,0.0,0.0,0.0,0.0
132,15,0.0,0.4403937599999999,0.0,0.0,0.0,0.0,0.0,0.0,0.0,0.0,0.0,0.0,0.0,0.0,0.0
132,16,0.0,0.57342576,0.0,0.0,0.0,0.0,0.0,0.0,0.0,0.0,0.0,0.0,0.0,0.0,0.0
132,17,0.0,0.6587976,0.0,0.0,0.0,0.0,0.0,0.0,0.0,0.0,0.0,0.0,0.0,0.0,0.0
132,18,0.0,0.67175376,0.0,0.0,0.0,0.0,0.0,0.0,0.0,0.0,0.0,0.0,0.0,0.0,0.0
132,19,0.0,0.57654912,0.0,0.0,0.0,0.0,0.0,0.0,0.0,0.0,0.0,0.0,0.0,0.0,0.0
132,20,0.0,0.55954416,0.0,0.0,0.0,0.0,0.0,0.0,0.0,0.0,0.0,0.0,0.0,0.0,0.0
132,21,0.0,0.5159328000000001,0.0,0.0,0.0,0.0,0.0,0.0,0.0,0.0,0.0,0.0,0.0,0.0,0.0
132,22,0.0,0.45196176,0.0,0.0,0.0,0.0,0.0,0.0,0.0,0.0,0.0,0.0,0.0,0.0,0.0
132,23,79.20901333749421,0.29857008,82.16702628370768,27.252344180879433,0.0,2.0,0.0,0.0,0.0,0.0,79.20901333749421,0.0,0.0,0.0,0.0
133,0,111.74818681586662,0.29255472,115.92135561811891,37.75033660583894,0.0,3.0,0.0,0.0,0.0,0.0,111.74818681586663,0.0,0.0,0.0,0.0
133,1,227.6113081808741,0.2932488,236.11131554032588,77.05464449300669,0.0,7.0,0.0,0.0,0.0,0.0,227.61130818087406,0.0,0.0,0.0,0.0
133,2,132.5198350813203,0.30088368,137.46870859058123,45.91230517992993,0.0,5.0,0.0,0.0,0.0,0.0,132.51983508131968,0.0,0.0,0.0,0.0
133,3,0.0,0.3052795199999999,0.0,0.0,0.0,1.0,0.0,0.0,0.0,0.0,0.0,0.0,0.0,0.0,0.0
133,4,46.740271672118965,0.30516384,48.48575899597403,16.400979023292724,0.0,5.0,0.0,0.0,0.0,0.0,46.740271672118965,0.0,0.0,0.0,0.0
133,5,373.73775330337537,0.26097408,387.69476483752635,114.01098129041192,0.0,9.0,0.0,0.0,0.0,0.0,373.73775330337526,0.0,0.0,0.0,0.0
133,6,193.6303407517177,0.2657169599999999,200.86134932750807,60.02077778754398,0.0,10.0,0.0,0.0,0.0,0.0,193.63034075171777,0.0,0.0,0.0,0.0
133,7,58.59810703850544,0.2809867199999999,60.78641808973593,19.092206678353822,0.0,4.0,0.0,0.0,0.0,0.0,58.59810703850544,0.0,0.0,0.0,0.0
133,8,64.39437985317622,0.27959856,66.79914922528653,20.887997771972216,0.0,4.0,0.0,0.0,0.0,0.0,64.39437985317622,0.0,0.0,0.0,0.0
133,9,181.40496057003938,0.2608584,188.17941967846411,55.31692112160982,0.0,5.0,0.0,0.0,0.0,0.0,181.4049605700394,0.0,0.0,0.0,0.0
133,10,60.63805461250566,0.2267327999999999,62.90254627853285,16.344144726680767,0.0,2.0,0.0,0.0,0.0,0.0,60.63805461250566,0.0,0.0,0.0,0.0
133,11,0.0,0.17849424,0.0,0.0,0.0,0.0,0.0,0.0,0.0,0.0,0.0,0.0,0.0,0.0,0.0
133,12,0.0,0.0653592,0.0,0.0,0.0,0.0,0.0,0.0,0.0,0.0,0.0,0.0,0.0,0.0,0.0
133,13,0.0,0.05853408,0.0,0.0,0.0,0.0,0.0,0.0,0.0,0.0,0.0,0.0,0.0,0.0,0.0
133,14,0.0,0.07137456,0.0,0.0,0.0,0.0,0.0,0.0,0.0,0.0,0.0,0.0,0.0,0.0,0.0
133,15,0.0,0.22025472,0.0,0.0,0.0,0.0,0.0,0.0,0.0,0.0,0.0,0.0,0.0,0.0,0.0
133,16,0.0,0.27844176,0.0,0.0,0.0,0.0,0.0,0.0,0.0,0.0,0.0,0.0,0.0,0.0,0.0
133,17,0.0,0.29162928,0.0,0.0,0.0,0.0,0.0,0.0,0.0,0.0,0.0,0.0,0.0,0.0,0.0
133,18,105.46818344129984,0.29301744,109.4068292959542,35.67947508851359,0.0,3.0,0.0,0.0,0.0,0.0,105.46818344129984,0.0,0.0,0.0,0.0
133,19,113.36151927657534,0.27716928,117.59493700889558,36.48609643739539,0.0,5.0,0.0,0.0,0.0,0.0,113.36151927657448,0.0,0.0,0.0,0.0
133,20,138.91287853969052,0.2817964799999999,144.10049641046737,45.3767390859088,0.0,11.0,0.0,0.0,0.0,0.0,138.91287853969052,0.0,0.0,0.0,0.0
133,21,126.03223557529307,0.23136,130.73883358432892,34.575191929711636,0.0,10.0,0.0,0.0,0.0,0.0,126.03223557529309,0.0,0.0,0.0,0.0
133,22,269.1807889737496,0.14483136,279.2331835827278,49.68434011200443,0.0,12.0,0.0,0.0,0.0,0.0,269.1807889737496,0.0,0.0,0.0,0.0
133,23,344.1274272823759,0.1168367999999999,356.978659006614,53.52423779974285,0.0,11.0,0.0,0.0,0.0,0.0,344.1274272823759,0.0,0.0,0.0,0.0
134,0,318.67628736634714,0.104112,330.57706158334764,45.3591397739743,0.0,9.0,0.0,0.0,0.0,0.0,318.67628736634714,0.0,0.0,0.0,0.0
134,1,234.3040694890587,0.09902208,243.05401399279947,32.11280188107777,0.0,6.0,0.0,0.0,0.0,0.0,234.3040694890587,0.0,0.0,0.0,0.0
134,2,256.89659683151217,0.0965927999999999,266.4902456758425,34.56186613438788,0.0,7.0,0.0,0.0,0.0,0.0,256.89659683151217,0.0,0.0,0.0,0.0
134,3,362.6479561365742,0.092544,376.19082586781553,47.26612012533582,0.0,8.0,0.0,0.0,0.0,0.0,362.64795613657407,0.0,0.0,0.0,0.0
134,4,237.8912738166923,0.09520464,246.7751803077721,31.662400670323787,0.0,9.0,0.0,0.0,0.0,0.0,237.8912738166923,0.0,0.0,0.0,0.0
134,5,261.3038815924121,0.08710704,271.06211783445247,32.58357484101073,0.0,7.0,0.0,0.0,0.0,0.0,261.3038815924121,0.0,0.0,0.0,0.0
134,6,148.45468591404767,0.10041024,153.99863684029842,20.560394964221082,0.0,5.0,0.0,0.0,0.0,0.0,148.45468591404767,0.0,0.0,0.0,0.0
134,7,146.95553101148815,0.15929136,152.443496899884,29.32881169172446,0.0,5.0,0.0,0.0,0.0,0.0,146.95553101148815,0.0,0.0,0.0,0.0
134,8,77.50463594421785,0.18069216,80.39899994213471,17.188675859468855,0.0,5.0,0.0,0.0,0.0,0.0,77.50463594421785,0.0,0.0,0.0,0.0
134,9,187.88613331239313,0.1402041599999999,194.90262791742026,33.77743621302105,0.0,5.0,0.0,0.0,0.0,0.0,187.88613331239313,0.0,0.0,0.0,0.0
134,10,0.0,0.1074667199999999,0.0,0.0,0.0,0.0,0.0,0.0,0.0,0.0,0.0,0.0,0.0,0.0,0.0
134,11,0.0,0.0667473599999999,0.0,0.0,0.0,0.0,0.0,0.0,0.0,0.0,0.0,0.0,0.0,0.0,0.0
134,12,0.0,0.0214008,0.0,0.0,0.0,0.0,0.0,0.0,0.0,0.0,0.0,0.0,0.0,0.0,0.0
134,13,0.0,0.00185088,0.0,0.0,0.0,0.0,0.0,0.0,0.0,0.0,0.0,0.0,0.0,0.0,0.0
134,14,0.0,0.0205910399999999,0.0,0.0,0.0,0.0,0.0,0.0,0.0,0.0,0.0,0.0,0.0,0.0,0.0
134,15,0.0,0.06003792,0.0,0.0,0.0,0.0,0.0,0.0,0.0,0.0,0.0,0.0,0.0,0.0,0.0
134,16,0.0,0.1196131199999999,0.0,0.0,0.0,0.0,0.0,0.0,0.0,0.0,0.0,0.0,0.0,0.0,0.0
134,17,0.0,0.1609108799999999,0.0,0.0,0.0,0.0,0.0,0.0,0.0,0.0,0.0,0.0,0.0,0.0,0.0
134,18,93.11205923226686,0.19006224,96.58927306251749,21.555078536603062,0.0,3.0,0.0,0.0,0.0,0.0,93.11205923226686,0.0,0.0,0.0,0.0
134,19,67.69021496020056,0.121464,70.21806531141138,10.853185046792987,0.0,6.0,0.0,0.0,0.0,0.0,67.69021496020055,0.0,0.0,0.0,0.0
134,20,146.9431213908819,0.0683668799999999,152.4306238494626,15.466659818458544,0.0,12.0,0.0,0.0,0.0,0.0,146.9431213908819,0.0,0.0,0.0,0.0
134,21,222.2891880892095,0.0577243199999999,230.59044407594342,20.943220281695574,0.0,13.0,0.0,0.0,0.0,0.0,222.28918808920943,0.0,0.0,0.0,0.0
134,22,382.6177065471583,0.0485856,396.90633459248795,32.42153208498814,0.0,19.0,0.0,0.0,0.0,0.0,382.6177065471581,0.0,0.0,0.0,0.0
134,23,130.951574762642,0.0537912,135.84188253386102,11.803464183626225,0.0,13.0,0.0,0.0,0.0,0.0,130.95157476264194,0.0,0.0,0.0,0.0
135,0,192.72426469558548,0.05355984,199.921436406209,17.325159691532242,0.0,15.0,0.0,0.0,0.0,0.0,192.72426469558542,0.0,0.0,0.0,0.0
135,1,229.18656021536233,0.0555264,237.74539441427635,21.070518423517417,0.0,14.0,0.0,0.0,0.0,0.0,229.1865602153621,0.0,0.0,0.0,0.0
135,2,183.73069867141595,0.0589967999999999,190.59201106993356,17.552914325105437,0.0,14.0,0.0,0.0,0.0,0.0,183.73069867141595,0.0,0.0,0.0,0.0
135,3,175.29630331845874,0.06107904,181.8426382971564,17.12576510589342,0.0,10.0,0.0,0.0,0.0,0.0,175.29630331845874,0.0,0.0,0.0,0.0
135,4,37.32246163070571,0.07738992,38.71624650488145,4.27775497902463,0.0,5.0,0.0,0.0,0.0,0.0,37.32246163070571,0.0,0.0,0.0,0.0
135,5,140.83963240502842,0.1678516799999999,146.09920373965608,29.35888043814615,0.0,9.0,0.0,0.0,0.0,0.0,140.83963240502842,0.0,0.0,0.0,0.0
135,6,0.0,1.06726368,0.0,0.0,0.0,0.0,0.0,0.0,0.0,0.0,0.0,0.0,0.0,0.0,0.0
135,7,0.0,1.08889584,0.0,0.0,0.0,0.0,0.0,0.0,0.0,0.0,0.0,0.0,0.0,0.0,0.0
135,8,0.0,1.01023344,0.0,0.0,0.0,0.0,0.0,0.0,0.0,0.0,0.0,0.0,0.0,0.0,0.0
135,9,0.0,0.61287264,0.0,0.0,0.0,0.0,0.0,0.0,0.0,0.0,0.0,0.0,0.0,0.0,0.0
135,10,0.0,0.3522456,0.0,0.0,0.0,0.0,0.0,0.0,0.0,0.0,0.0,0.0,0.0,0.0,0.0
135,11,0.0,0.17282592,0.0,0.0,0.0,0.0,0.0,0.0,0.0,0.0,0.0,0.0,0.0,0.0,0.0
135,12,0.0,0.1344201599999999,0.0,0.0,0.0,0.0,0.0,0.0,0.0,0.0,0.0,0.0,0.0,0.0,0.0
135,13,0.0,0.1035336,0.0,0.0,0.0,0.0,0.0,0.0,0.0,0.0,0.0,0.0,0.0,0.0,0.0
135,14,0.0,0.13789056,0.0,0.0,0.0,0.0,0.0,0.0,0.0,0.0,0.0,0.0,0.0,0.0,0.0
135,15,0.0,0.46237296,0.0,0.0,0.0,0.0,0.0,0.0,0.0,0.0,0.0,0.0,0.0,0.0,0.0
135,16,0.0,0.8508263999999999,0.0,0.0,0.0,0.0,0.0,0.0,0.0,0.0,0.0,0.0,0.0,0.0,0.0
135,17,0.0,0.9289104,0.0,0.0,0.0,0.0,0.0,0.0,0.0,0.0,0.0,0.0,0.0,0.0,0.0
135,18,0.0,0.9578304,0.0,0.0,0.0,0.0,0.0,0.0,0.0,0.0,0.0,0.0,0.0,0.0,0.0
135,19,0.0,0.96835728,0.0,0.0,0.0,0.0,0.0,0.0,0.0,0.0,0.0,0.0,0.0,0.0,0.0
135,20,0.0,0.95586384,0.0,0.0,0.0,2.0,0.0,0.0,0.0,0.0,0.0,0.0,0.0,0.0,0.0
135,21,131.68343352977467,0.20672016,136.6010721263223,32.759690973506146,0.0,5.0,0.0,0.0,0.0,0.0,131.6834335297745,0.0,0.0,0.0,0.0
135,22,199.2246831557685,0.0837523199999999,206.66460908274746,24.14923903321209,0.0,8.0,0.0,0.0,0.0,0.0,199.22468315576853,0.0,0.0,0.0,0.0
135,23,326.51935760862335,0.0662846399999999,338.713026564962,33.662872208469146,0.0,12.0,0.0,0.0,0.0,0.0,326.51935760862335,0.0,0.0,0.0,0.0
136,0,420.9654774725445,0.05888112,436.6861799507724,40.16688392039359,0.0,17.0,0.0,0.0,0.0,0.0,420.96547747254436,0.0,0.0,0.0,0.0
136,1,459.37555124155125,0.0577243199999999,476.53065481488727,43.28057268271681,0.0,15.0,0.0,0.0,0.0,0.0,459.37555124155125,0.0,0.0,0.0,0.0
136,2,343.05104508908255,0.0598065599999999,355.862079967928,33.061921684265066,0.0,13.0,0.0,0.0,0.0,0.0,343.05104508908255,0.0,0.0,0.0,0.0
136,3,298.01665614592343,0.0667473599999999,309.14590886506585,30.86740285497738,0.0,12.0,0.0,0.0,0.0,0.0,298.01665614592343,0.0,0.0,0.0,0.0
136,4,282.8219337906214,0.10029456,293.3837487454579,39.13579607505091,0.0,12.0,0.0,0.0,0.0,0.0,282.8219337906214,0.0,0.0,0.0,0.0
136,5,0.0,0.88645584,0.0,0.0,0.0,0.0,0.0,0.0,0.0,0.0,0.0,0.0,0.0,0.0,0.0
136,6,0.0,0.89177712,0.0,0.0,0.0,0.0,0.0,0.0,0.0,0.0,0.0,0.0,0.0,0.0,0.0
136,7,0.0,0.89085168,0.0,0.0,0.0,0.0,0.0,0.0,0.0,0.0,0.0,0.0,0.0,0.0,0.0
136,8,0.0,0.8503636800000001,0.0,0.0,0.0,0.0,0.0,0.0,0.0,0.0,0.0,0.0,0.0,0.0,0.0
136,9,0.0,0.82618656,0.0,0.0,0.0,0.0,0.0,0.0,0.0,0.0,0.0,0.0,0.0,0.0,0.0
136,10,0.0,0.7131672,0.0,0.0,0.0,0.0,0.0,0.0,0.0,0.0,0.0,0.0,0.0,0.0,0.0
136,11,0.0,0.59309136,0.0,0.0,0.0,0.0,0.0,0.0,0.0,0.0,0.0,0.0,0.0,0.0,0.0
136,12,0.0,0.45334992,0.0,0.0,0.0,0.0,0.0,0.0,0.0,0.0,0.0,0.0,0.0,0.0,0.0
136,13,0.0,0.2348304,0.0,0.0,0.0,0.0,0.0,0.0,0.0,0.0,0.0,0.0,0.0,0.0,0.0
136,14,0.0,0.14217072,0.0,0.0,0.0,0.0,0.0,0.0,0.0,0.0,0.0,0.0,0.0,0.0,0.0
136,15,0.0,0.47694864,0.0,0.0,0.0,0.0,0.0,0.0,0.0,0.0,0.0,0.0,0.0,0.0,0.0
136,16,0.0,0.6916507199999999,0.0,0.0,0.0,0.0,0.0,0.0,0.0,0.0,0.0,0.0,0.0,0.0,0.0
136,17,0.0,0.6916507199999999,0.0,0.0,0.0,0.0,0.0,0.0,0.0,0.0,0.0,0.0,0.0,0.0,0.0
136,18,0.0,0.68632944,0.0,0.0,0.0,0.0,0.0,0.0,0.0,0.0,0.0,0.0,0.0,0.0,0.0
136,19,0.0,0.65683104,0.0,0.0,0.0,0.0,0.0,0.0,0.0,0.0,0.0,0.0,0.0,0.0,0.0
136,20,0.0,0.56139504,0.0,0.0,0.0,0.0,0.0,0.0,0.0,0.0,0.0,0.0,0.0,0.0,0.0
136,21,89.07777995455143,0.20336544,92.40433605243925,21.850431982547907,0.0,5.0,0.0,0.0,0.0,0.0,89.07777995455143,0.0,0.0,0.0,0.0
136,22,304.1228535485189,0.0011568,315.480138535808,10.807340009793466,0.0,9.0,0.0,0.0,0.0,0.0,304.12285354851883,0.0,0.0,0.0,0.0
136,23,225.14066733487735,0.00011568,233.54841009842053,7.757469254337904,0.0,8.0,0.0,0.0,0.0,0.0,225.14066733487724,0.0,0.0,0.0,0.0
137,0,223.75541875152277,-0.00219792,232.1114302401689,7.172725986196117,0.0,7.0,0.0,0.0,0.0,0.0,223.75541875152277,0.0,0.0,0.0,0.0
137,1,247.60541148510137,-0.0127248,256.85208660280233,5.233412634949416,0.0,9.0,0.0,0.0,0.0,0.0,247.60541148510137,0.0,0.0,0.0,0.0
137,2,452.5639967069144,-0.02336736,469.46472687439257,4.569131179366787,0.0,12.0,0.0,0.0,0.0,0.0,452.5639967069143,0.0,0.0,0.0,0.0
137,3,278.7197164936054,-0.02302032,289.12833661162387,2.9143211119774524,0.0,9.0,0.0,0.0,0.0,0.0,278.7197164936054,0.0,0.0,0.0,0.0
137,4,309.7854167460952,-0.01179936,321.3541667490614,6.845049418421727,0.0,10.0,0.0,0.0,0.0,0.0,309.78541674609517,0.0,0.0,0.0,0.0
137,5,320.43310268174486,0.00011568,332.39948410969384,11.040874896352678,0.0,11.0,0.0,0.0,0.0,0.0,320.43310268174434,0.0,0.0,0.0,0.0
137,6,189.5263561376616,0.02811024,196.60410387724232,12.034184383310933,0.0,10.0,0.0,0.0,0.0,0.0,189.5263561376616,0.0,0.0,0.0,0.0
137,7,145.77816599189947,0.0399095999999999,151.2221638920119,11.040669696890216,0.0,12.0,0.0,0.0,0.0,0.0,145.77816599189947,0.0,0.0,0.0,0.0
137,8,194.22257562516685,0.03805872,201.4757008559822,14.336752984014598,0.0,10.0,0.0,0.0,0.0,0.0,194.2225756251659,0.0,0.0,0.0,0.0
137,9,200.9753544381221,0.03424128,208.4806581308321,14.03935437377264,0.0,6.0,0.0,0.0,0.0,0.0,200.9753544381221,0.0,0.0,0.0,0.0
137,10,0.0,0.01885584,0.0,0.0,0.0,0.0,0.0,0.0,0.0,0.0,0.0,0.0,0.0,0.0,0.0
137,11,0.0,0.0055526399999999,0.0,0.0,0.0,0.0,0.0,0.0,0.0,0.0,0.0,0.0,0.0,0.0,0.0
137,12,0.0,0.0005784,0.0,0.0,0.0,0.0,0.0,0.0,0.0,0.0,0.0,0.0,0.0,0.0,0.0
137,13,0.0,0.00092544,0.0,0.0,0.0,0.0,0.0,0.0,0.0,0.0,0.0,0.0,0.0,0.0,0.0
137,14,0.0,0.00080976,0.0,0.0,0.0,0.0,0.0,0.0,0.0,0.0,0.0,0.0,0.0,0.0,0.0
137,15,0.0,0.03782736,0.0,0.0,0.0,0.0,0.0,0.0,0.0,0.0,0.0,0.0,0.0,0.0,0.0
137,16,0.0,0.05587344,0.0,0.0,0.0,0.0,0.0,0.0,0.0,0.0,0.0,0.0,0.0,0.0,0.0
137,17,0.0,0.50077872,0.0,0.0,0.0,0.0,0.0,0.0,0.0,0.0,0.0,0.0,0.0,0.0,0.0
137,18,0.0,0.6990542399999999,0.0,0.0,0.0,0.0,0.0,0.0,0.0,0.0,0.0,0.0,0.0,0.0,0.0
137,19,0.0,0.66851472,0.0,0.0,0.0,0.0,0.0,0.0,0.0,0.0,0.0,0.0,0.0,0.0,0.0
137,20,177.89597571302576,0.18809568,184.53939389318026,40.81931671898985,0.0,7.0,0.0,0.0,0.0,0.0,177.89597571302576,0.0,0.0,0.0,0.0
137,21,249.83780466028958,0.0,259.1678471579768,8.57845574092903,0.0,8.0,0.0,0.0,0.0,0.0,249.83780466028958,0.0,0.0,0.0,0.0
137,22,252.1628759406363,-0.0234830399999999,261.5797468263862,2.5156019620395087,0.0,9.0,0.0,0.0,0.0,0.0,252.1628759406363,0.0,0.0,0.0,0.0
137,23,302.2873338126861,-0.02417712,313.57607241979883,2.798001665073174,0.0,10.0,0.0,0.0,0.0,0.0,302.2873338126861,0.0,0.0,0.0,0.0
138,0,367.1264513146749,-0.0306552,380.8365677538123,0.931069240844519,0.0,10.0,0.0,0.0,0.0,0.0,367.1264513146749,0.0,0.0,0.0,0.0
138,1,263.521753015759,-0.03886848,273.3628143317002,-1.5768879272161258,0.0,9.0,0.0,0.0,0.0,0.0,263.5217530157591,0.0,0.0,0.0,0.0
138,2,335.1404764584115,-0.03724896,347.65609591121535,-1.4424112356917962,0.0,12.0,0.0,0.0,0.0,0.0,335.1404764584118,0.0,0.0,0.0,0.0
138,3,159.39786821683825,-0.02996112,165.35048570211438,0.5190153325606522,0.0,8.0,0.0,0.0,0.0,0.0,159.39786821683825,0.0,0.0,0.0,0.0
138,4,341.89710193383644,-0.02325168,354.6650434998304,3.4928548412002485,0.0,10.0,0.0,0.0,0.0,0.0,341.8971019338362,0.0,0.0,0.0,0.0
138,5,264.2700029603529,-0.01284048,274.1390072202831,5.5539246995594675,0.0,13.0,0.0,0.0,0.0,0.0,264.2700029603529,0.0,0.0,0.0,0.0
138,6,192.42319300680265,0.11487024,199.60912137635137,29.53620959624784,0.0,11.0,0.0,0.0,0.0,0.0,192.42319300680265,0.0,0.0,0.0,0.0
138,7,93.94495201081747,0.38301648,97.45326972076504,40.55191156069533,0.0,9.0,0.0,0.0,0.0,0.0,93.94495201081747,0.0,0.0,0.0,0.0
138,8,0.0,0.4617945599999999,0.0,0.0,0.0,3.0,0.0,0.0,0.0,0.0,0.0,0.0,0.0,0.0,0.0
138,9,60.179436935677785,0.46167888,62.42680180049563,30.887463076831217,0.0,6.0,0.0,0.0,0.0,0.0,60.179436935677785,0.0,0.0,0.0,0.0
138,10,68.87235112190332,0.25380192,71.44434763682918,20.497520510153755,0.0,2.0,0.0,0.0,0.0,0.0,68.87235112190332,0.0,0.0,0.0,0.0
138,11,0.0,0.0323904,0.0,0.0,0.0,0.0,0.0,0.0,0.0,0.0,0.0,0.0,0.0,0.0,0.0
138,12,0.0,0.03713328,0.0,0.0,0.0,0.0,0.0,0.0,0.0,0.0,0.0,0.0,0.0,0.0,0.0
138,13,0.0,0.0478915199999999,0.0,0.0,0.0,0.0,0.0,0.0,0.0,0.0,0.0,0.0,0.0,0.0,0.0
138,14,0.0,0.05355984,0.0,0.0,0.0,0.0,0.0,0.0,0.0,0.0,0.0,0.0,0.0,0.0,0.0
138,15,0.0,0.21678432,0.0,0.0,0.0,0.0,0.0,0.0,0.0,0.0,0.0,0.0,0.0,0.0,0.0
138,16,0.0,0.46272,0.0,0.0,0.0,0.0,0.0,0.0,0.0,0.0,0.0,0.0,0.0,0.0,0.0
138,17,0.0,0.9780744,0.0,0.0,0.0,0.0,0.0,0.0,0.0,0.0,0.0,0.0,0.0,0.0,0.0
138,18,0.0,0.98594064,0.0,0.0,0.0,0.0,0.0,0.0,0.0,0.0,0.0,0.0,0.0,0.0,0.0
138,19,0.0,0.98605632,0.0,0.0,0.0,0.0,0.0,0.0,0.0,0.0,0.0,0.0,0.0,0.0,0.0
138,20,0.0,0.98594064,0.0,0.0,0.0,0.0,0.0,0.0,0.0,0.0,0.0,0.0,0.0,0.0,0.0
138,21,0.0,0.96095376,0.0,0.0,0.0,0.0,0.0,0.0,0.0,0.0,0.0,0.0,0.0,0.0,0.0
138,22,0.0,0.4626043199999999,0.0,0.0,0.0,0.0,0.0,0.0,0.0,0.0,0.0,0.0,0.0,0.0,0.0
138,23,389.9951839506429,0.06200448,404.5593194508744,38.47540370552929,0.0,12.0,0.0,0.0,0.0,0.0,389.9951839506429,0.0,0.0,0.0,0.0
139,0,478.30113530136975,0.052056,496.1630034246576,42.251256719630135,0.0,17.0,0.0,0.0,0.0,0.0,478.3011353013698,0.0,0.0,0.0,0.0
139,1,564.9197623165317,0.0474288,586.016350950759,47.1911935224435,0.0,18.0,0.0,0.0,0.0,0.0,564.9197623165317,0.0,0.0,0.0,0.0
139,2,527.1505130056685,0.04812288,546.8366317486189,44.41564612012226,0.0,14.0,0.0,0.0,0.0,0.0,527.1505130056685,0.0,0.0,0.0,0.0
139,3,596.7313954019543,0.04557792,619.0159703339776,48.70288899265906,0.0,18.0,0.0,0.0,0.0,0.0,596.7313954019543,0.0,0.0,0.0,0.0
139,4,466.4420671123946,0.0522873599999999,483.8610654692891,41.31561898720972,0.0,14.0,0.0,0.0,0.0,0.0,466.4420671123945,0.0,0.0,0.0,0.0
139,5,0.0,0.96234192,0.0,0.0,0.0,0.0,0.0,0.0,0.0,0.0,0.0,0.0,0.0,0.0,0.0
139,6,0.0,1.1891904,0.0,0.0,0.0,0.0,0.0,0.0,0.0,0.0,0.0,0.0,0.0,0.0,0.0
139,7,0.0,1.17912624,0.0,0.0,0.0,0.0,0.0,0.0,0.0,0.0,0.0,0.0,0.0,0.0,0.0
139,8,0.0,1.0185624,0.0,0.0,0.0,1.0,0.0,0.0,0.0,0.0,0.0,0.0,0.0,0.0,0.0
139,9,31.706725879894464,0.46167888,32.89079448121833,16.273670455727387,0.0,3.0,0.0,0.0,0.0,0.0,31.706725879894464,0.0,0.0,0.0,0.0
139,10,34.63491570347414,0.1839312,35.92833579198563,7.797569830937591,0.0,2.0,0.0,0.0,0.0,0.0,34.63491570347414,0.0,0.0,0.0,0.0
139,11,35.9715167720252,0.11556432,37.31485142326265,5.547387012740374,0.0,1.0,0.0,0.0,0.0,0.0,35.9715167720252,0.0,0.0,0.0,0.0
139,12,0.0,0.08421504,0.0,0.0,0.0,0.0,0.0,0.0,0.0,0.0,0.0,0.0,0.0,0.0,0.0
139,13,0.0,0.05506368,0.0,0.0,0.0,0.0,0.0,0.0,0.0,0.0,0.0,0.0,0.0,0.0,0.0
139,14,0.0,0.0536755199999999,0.0,0.0,0.0,0.0,0.0,0.0,0.0,0.0,0.0,0.0,0.0,0.0,0.0
139,15,0.0,0.06952368,0.0,0.0,0.0,0.0,0.0,0.0,0.0,0.0,0.0,0.0,0.0,0.0,0.0
139,16,0.0,0.09323808,0.0,0.0,0.0,0.0,0.0,0.0,0.0,0.0,0.0,0.0,0.0,0.0,0.0
139,17,0.0,0.11568,0.0,0.0,0.0,0.0,0.0,0.0,0.0,0.0,0.0,0.0,0.0,0.0,0.0
139,18,25.96169817010672,0.2312443199999999,26.931222168160502,7.119115610811312,0.0,1.0,0.0,0.0,0.0,0.0,25.96169817010672,0.0,0.0,0.0,0.0
139,19,118.65861327416995,0.12620688,123.08984779478212,19.609059611861618,0.0,3.0,0.0,0.0,0.0,0.0,118.65861327416842,0.0,0.0,0.0,0.0
139,20,208.16468539357618,0.03852144,215.93847032528652,15.465824196094285,0.0,5.0,0.0,0.0,0.0,0.0,208.16468539357618,0.0,0.0,0.0,0.0
139,21,173.93009598420383,0.0212851199999999,180.4254107719957,9.812457615884261,0.0,4.0,0.0,0.0,0.0,0.0,173.93009598420375,0.0,0.0,0.0,0.0
139,22,382.9304220265723,0.00508992,397.23072824333235,15.170209733154598,0.0,11.0,0.0,0.0,0.0,0.0,382.9304220265704,0.0,0.0,0.0,0.0
139,23,121.70881766980338,0.1145232,126.25396023838525,18.638013623063195,0.0,4.0,0.0,0.0,0.0,0.0,121.70881766980338,0.0,0.0,0.0,0.0
140,0,119.74999076710907,0.0718372799999999,124.22198212355714,13.035516920254697,0.0,4.0,0.0,0.0,0.0,0.0,119.74999076710907,0.0,0.0,0.0,0.0
140,1,152.97700507925856,0.05864976,158.6898392938367,14.559754669648088,0.0,4.0,0.0,0.0,0.0,0.0,152.97700507925856,0.0,0.0,0.0,0.0
140,2,180.93192036765006,0.0655905599999999,187.68871407432582,18.523104297675076,0.0,4.0,0.0,0.0,0.0,0.0,180.93192036764995,0.0,0.0,0.0,0.0
140,3,370.47589550472986,0.01422864,384.3110949219191,18.188921459565336,0.0,10.0,0.0,0.0,0.0,0.0,370.47589550472986,0.0,0.0,0.0,0.0
140,4,186.4063258160101,0.01492272,193.36755790042545,9.28603609013592,0.0,6.0,0.0,0.0,0.0,0.0,186.4063258160096,0.0,0.0,0.0,0.0
140,5,78.94434150109632,0.02730048,81.89247043682192,4.946344522769853,0.0,6.0,0.0,0.0,0.0,0.0,78.9443415010958,0.0,0.0,0.0,0.0
140,6,117.93367697254304,0.05055216,122.33783918313594,10.233824497401958,0.0,5.0,0.0,0.0,0.0,0.0,117.93367697254304,0.0,0.0,0.0,0.0
140,7,60.94990309681781,0.0570302399999999,63.22604055686496,5.698578209639965,0.0,4.0,0.0,0.0,0.0,0.0,60.94990309681781,0.0,0.0,0.0,0.0
140,8,104.56886886348681,0.0572616,108.47393035631413,9.801877905285114,0.0,4.0,0.0,0.0,0.0,0.0,104.56886886348624,0.0,0.0,0.0,0.0
140,9,110.090639846404,0.05008944,114.20190855436101,9.500392819568503,0.0,4.0,0.0,0.0,0.0,0.0,110.090639846404,0.0,0.0,0.0,0.0
140,10,37.974949218056274,0.00439584,39.393100848606096,1.4770774065231982,0.0,1.0,0.0,0.0,0.0,0.0,37.974949218056274,0.0,0.0,0.0,0.0
140,11,0.0,-0.0017352,0.0,0.0,0.0,0.0,0.0,0.0,0.0,0.0,0.0,0.0,0.0,0.0,0.0
140,12,0.0,-0.0063624,0.0,0.0,0.0,0.0,0.0,0.0,0.0,0.0,0.0,0.0,0.0,0.0,0.0
140,13,0.0,-0.0010411199999999,0.0,0.0,0.0,0.0,0.0,0.0,0.0,0.0,0.0,0.0,0.0,0.0,0.0
140,14,0.0,0.0,0.0,0.0,0.0,0.0,0.0,0.0,0.0,0.0,0.0,0.0,0.0,0.0,0.0
140,15,0.0,0.01526976,0.0,0.0,0.0,0.0,0.0,0.0,0.0,0.0,0.0,0.0,0.0,0.0,0.0
140,16,0.0,0.07623312,0.0,0.0,0.0,0.0,0.0,0.0,0.0,0.0,0.0,0.0,0.0,0.0,0.0
140,17,0.0,0.4624886399999999,0.0,0.0,0.0,0.0,0.0,0.0,0.0,0.0,0.0,0.0,0.0,0.0,0.0
140,18,0.0,0.54091968,0.0,0.0,0.0,0.0,0.0,0.0,0.0,0.0,0.0,0.0,0.0,0.0,0.0
140,19,0.0,0.43923696,0.0,0.0,0.0,0.0,0.0,0.0,0.0,0.0,0.0,0.0,0.0,0.0,0.0
140,20,16.25204850538927,0.07357248,16.858971478619576,1.798388297873617,0.0,6.0,0.0,0.0,0.0,0.0,16.25204850538927,0.0,0.0,0.0,0.0
140,21,135.5792211092745,0.02730048,140.64234554903996,8.494865179487876,0.0,7.0,0.0,0.0,0.0,0.0,135.57922110927453,0.0,0.0,0.0,0.0
140,22,210.2913421955477,0.008676,218.1445458460039,9.113206547262656,0.0,11.0,0.0,0.0,0.0,0.0,210.29134219554768,0.0,0.0,0.0,0.0
140,23,346.6756182033285,0.00508992,359.62201058436574,13.733935814456075,0.0,13.0,0.0,0.0,0.0,0.0,346.6756182033285,0.0,0.0,0.0,0.0
141,0,210.6269532767588,0.0005784,218.49269012111913,7.358484214975097,0.0,10.0,0.0,0.0,0.0,0.0,210.62695327675812,0.0,0.0,0.0,0.0
141,1,257.0613492777845,0.0,266.661150703096,8.826484088272474,0.0,12.0,0.0,0.0,0.0,0.0,257.06134927778385,0.0,0.0,0.0,0.0
141,2,309.3136976795611,-0.0003470399999999,320.864831617802,10.509272995384634,0.0,10.0,0.0,0.0,0.0,0.0,309.3136976795611,0.0,0.0,0.0,0.0
141,3,220.227856594257,0.00011568,228.45213339653216,7.588192958216524,0.0,8.0,0.0,0.0,0.0,0.0,220.22785659425648,0.0,0.0,0.0,0.0
141,4,283.53363680920137,0.00023136,294.1220298850637,9.803487262029815,0.0,10.0,0.0,0.0,0.0,0.0,283.53363680920137,0.0,0.0,0.0,0.0
141,5,279.28874501035773,0.0143443199999999,289.7186151559727,13.745502687416792,0.0,12.0,0.0,0.0,0.0,0.0,279.2887450103576,0.0,0.0,0.0,0.0
141,6,68.9906616696742,0.0297297599999999,71.56707642082387,4.496542235422015,0.0,6.0,0.0,0.0,0.0,0.0,68.9906616696742,0.0,0.0,0.0,0.0
141,7,175.51568136911249,0.03909984,182.0702088891208,13.1454399505611,0.0,9.0,0.0,0.0,0.0,0.0,175.51568136911249,0.0,0.0,0.0,0.0
141,8,186.19045531496388,0.02475552,193.14362584539825,11.174424907970954,0.0,10.0,0.0,0.0,0.0,0.0,186.19045531496388,0.0,0.0,0.0,0.0
141,9,120.03641558358623,0.0,124.51910330247536,4.121582319311933,0.0,6.0,0.0,0.0,0.0,0.0,120.03641558358623,0.0,0.0,0.0,0.0
141,10,28.154389493098364,-0.0055526399999999,29.205798229355153,0.8045426379114118,0.0,1.0,0.0,0.0,0.0,0.0,28.154389493098364,0.0,0.0,0.0,0.0
141,11,0.0,-0.0445368,0.0,0.0,0.0,0.0,0.0,0.0,0.0,0.0,0.0,0.0,0.0,0.0,0.0
141,12,0.0,-0.05784,0.0,0.0,0.0,0.0,0.0,0.0,0.0,0.0,0.0,0.0,0.0,0.0,0.0
141,13,0.0,-0.05136192,0.0,0.0,0.0,0.0,0.0,0.0,0.0,0.0,0.0,0.0,0.0,0.0,0.0
141,14,0.0,-0.0404879999999999,0.0,0.0,0.0,0.0,0.0,0.0,0.0,0.0,0.0,0.0,0.0,0.0,0.0
141,15,0.0,-0.00474288,0.0,0.0,0.0,0.0,0.0,0.0,0.0,0.0,0.0,0.0,0.0,0.0,0.0
141,16,0.0,0.02568096,0.0,0.0,0.0,0.0,0.0,0.0,0.0,0.0,0.0,0.0,0.0,0.0,0.0
141,17,0.0,0.47822112,0.0,0.0,0.0,0.0,0.0,0.0,0.0,0.0,0.0,0.0,0.0,0.0,0.0
141,18,0.0,0.80247216,0.0,0.0,0.0,0.0,0.0,0.0,0.0,0.0,0.0,0.0,0.0,0.0,0.0
141,19,0.0,0.8678313599999999,0.0,0.0,0.0,0.0,0.0,0.0,0.0,0.0,0.0,0.0,0.0,0.0,0.0
141,20,0.0,0.8109167999999999,0.0,0.0,0.0,0.0,0.0,0.0,0.0,0.0,0.0,0.0,0.0,0.0,0.0
141,21,0.0,0.4575144,0.0,0.0,0.0,1.0,0.0,0.0,0.0,0.0,0.0,0.0,0.0,0.0,0.0
141,22,281.27626735736254,0.03794304,291.7803603292143,20.72896381008279,0.0,14.0,0.0,0.0,0.0,0.0,281.2762673573623,0.0,0.0,0.0,0.0
141,23,181.50802543425982,0.04557792,188.2863334380289,14.813977079330565,0.0,14.0,0.0,0.0,0.0,0.0,181.5080254342597,0.0,0.0,0.0,0.0
142,0,253.0391865957151,0.04592496,262.4887827756381,20.743165559293487,0.0,15.0,0.0,0.0,0.0,0.0,253.03918659571494,0.0,0.0,0.0,0.0
142,1,184.69708031345309,0.0474288,191.59448165295967,15.428873694134857,0.0,13.0,0.0,0.0,0.0,0.0,184.69708031345309,0.0,0.0,0.0,0.0
142,2,172.06949849431993,0.04638768,178.49533038829873,14.188179703399364,0.0,10.0,0.0,0.0,0.0,0.0,172.06949849431993,0.0,0.0,0.0,0.0
142,3,188.76564626896715,0.05078352,195.81498575619003,16.425650273979077,0.0,9.0,0.0,0.0,0.0,0.0,188.76564626896715,0.0,0.0,0.0,0.0
142,4,220.66946917936207,0.07206864,228.91023773792753,24.07417838497452,0.0,12.0,0.0,0.0,0.0,0.0,220.66946917936207,0.0,0.0,0.0,0.0
142,5,90.76676233121152,0.1544327999999999,94.15639245976301,17.65741191587823,0.0,9.0,0.0,0.0,0.0,0.0,90.76676233121152,0.0,0.0,0.0,0.0
142,6,0.0,0.88981056,0.0,0.0,0.0,0.0,0.0,0.0,0.0,0.0,0.0,0.0,0.0,0.0,0.0
142,7,0.0,1.02006624,0.0,0.0,0.0,0.0,0.0,0.0,0.0,0.0,0.0,0.0,0.0,0.0,0.0
142,8,0.0,0.93168672,0.0,0.0,0.0,0.0,0.0,0.0,0.0,0.0,0.0,0.0,0.0,0.0,0.0
142,9,0.0,0.66296208,0.0,0.0,0.0,0.0,0.0,0.0,0.0,0.0,0.0,0.0,0.0,0.0,0.0
142,10,0.0,0.6935016,0.0,0.0,0.0,0.0,0.0,0.0,0.0,0.0,0.0,0.0,0.0,0.0,0.0
142,11,0.0,0.23216976,0.0,0.0,0.0,0.0,0.0,0.0,0.0,0.0,0.0,0.0,0.0,0.0,0.0
142,12,0.0,0.19943232,0.0,0.0,0.0,0.0,0.0,0.0,0.0,0.0,0.0,0.0,0.0,0.0,0.0
142,13,0.0,0.18601344,0.0,0.0,0.0,0.0,0.0,0.0,0.0,0.0,0.0,0.0,0.0,0.0,0.0
142,14,0.0,0.167736,0.0,0.0,0.0,0.0,0.0,0.0,0.0,0.0,0.0,0.0,0.0,0.0,0.0
142,15,0.0,0.2312443199999999,0.0,0.0,0.0,0.0,0.0,0.0,0.0,0.0,0.0,0.0,0.0,0.0,0.0
142,16,0.0,0.8160067200000001,0.0,0.0,0.0,0.0,0.0,0.0,0.0,0.0,0.0,0.0,0.0,0.0,0.0
142,17,0.0,0.82526112,0.0,0.0,0.0,0.0,0.0,0.0,0.0,0.0,0.0,0.0,0.0,0.0,0.0
142,18,0.0,0.8638982400000002,0.0,0.0,0.0,0.0,0.0,0.0,0.0,0.0,0.0,0.0,0.0,0.0,0.0
142,19,0.0,0.8510577599999999,0.0,0.0,0.0,0.0,0.0,0.0,0.0,0.0,0.0,0.0,0.0,0.0,0.0
142,20,0.0,0.5309712,0.0,0.0,0.0,0.0,0.0,0.0,0.0,0.0,0.0,0.0,0.0,0.0,0.0
142,21,196.4261815542465,0.0536755199999999,203.7615991226624,17.681518719900552,0.0,9.0,0.0,0.0,0.0,0.0,196.4261815542459,0.0,0.0,0.0,0.0
142,22,208.34591816250122,0.03632352,216.1264711229266,15.004260390531911,0.0,9.0,0.0,0.0,0.0,0.0,208.34591816250122,0.0,0.0,0.0,0.0
142,23,243.82518480452822,0.03285312,252.93068963125336,16.68156812493281,0.0,11.0,0.0,0.0,0.0,0.0,243.82518480452825,0.0,0.0,0.0,0.0
143,0,409.26456011136224,0.0266064,424.5482988707077,25.348250551694022,0.0,13.0,0.0,0.0,0.0,0.0,409.26456011136213,0.0,0.0,0.0,0.0
143,1,416.07126678686,0.0196656,431.60919791168055,22.77411829332857,0.0,14.0,0.0,0.0,0.0,0.0,416.07126678686,0.0,0.0,0.0,0.0
143,2,418.5533185721613,0.0196656,434.18394042755324,22.909976127024102,0.0,13.0,0.0,0.0,0.0,0.0,418.5533185721613,0.0,0.0,0.0,0.0
143,3,458.34815334653337,0.0277632,475.4648893636238,28.938314654316105,0.0,13.0,0.0,0.0,0.0,0.0,458.34815334653337,0.0,0.0,0.0,0.0
143,4,427.646529248479,0.04523088,443.6167315855591,34.74888896782064,0.0,19.0,0.0,0.0,0.0,0.0,427.646529248479,0.0,0.0,0.0,0.0
143,5,204.00451918174002,0.1151016,211.62294520927387,31.362859076726718,0.0,12.0,0.0,0.0,0.0,0.0,204.00451918174002,0.0,0.0,0.0,0.0
143,6,0.0,0.8266492799999998,0.0,0.0,0.0,0.0,0.0,0.0,0.0,0.0,0.0,0.0,0.0,0.0,0.0
143,7,0.0,0.8599651199999999,0.0,0.0,0.0,0.0,0.0,0.0,0.0,0.0,0.0,0.0,0.0,0.0,0.0
143,8,0.0,0.8105697599999998,0.0,0.0,0.0,1.0,0.0,0.0,0.0,0.0,0.0,0.0,0.0,0.0,0.0
143,9,0.0,0.69743472,0.0,0.0,0.0,0.0,0.0,0.0,0.0,0.0,0.0,0.0,0.0,0.0,0.0
143,10,0.0,0.5204443200000001,0.0,0.0,0.0,0.0,0.0,0.0,0.0,0.0,0.0,0.0,0.0,0.0,0.0
143,11,0.0,0.31719456,0.0,0.0,0.0,0.0,0.0,0.0,0.0,0.0,0.0,0.0,0.0,0.0,0.0
143,12,0.0,0.2325168,0.0,0.0,0.0,0.0,0.0,0.0,0.0,0.0,0.0,0.0,0.0,0.0,0.0
143,13,0.0,0.06616896,0.0,0.0,0.0,0.0,0.0,0.0,0.0,0.0,0.0,0.0,0.0,0.0,0.0
143,14,0.0,0.05008944,0.0,0.0,0.0,0.0,0.0,0.0,0.0,0.0,0.0,0.0,0.0,0.0,0.0
143,15,0.0,0.14818608,0.0,0.0,0.0,0.0,0.0,0.0,0.0,0.0,0.0,0.0,0.0,0.0,0.0
143,16,0.0,0.62397792,0.0,0.0,0.0,0.0,0.0,0.0,0.0,0.0,0.0,0.0,0.0,0.0,0.0
143,17,0.0,0.70877136,0.0,0.0,0.0,0.0,0.0,0.0,0.0,0.0,0.0,0.0,0.0,0.0,0.0
143,18,0.0,0.77366784,0.0,0.0,0.0,0.0,0.0,0.0,0.0,0.0,0.0,0.0,0.0,0.0,0.0
143,19,0.0,0.7804929599999999,0.0,0.0,0.0,0.0,0.0,0.0,0.0,0.0,0.0,0.0,0.0,0.0,0.0
143,20,0.0,0.79379616,0.0,0.0,0.0,0.0,0.0,0.0,0.0,0.0,0.0,0.0,0.0,0.0,0.0
143,21,262.46236953768425,0.23031888,272.26386881502515,71.71944338772084,0.0,10.0,0.0,0.0,0.0,0.0,262.46236953768414,0.0,0.0,0.0,0.0
143,22,303.9210114713691,0.03053952,315.2707587877274,20.063679759286753,0.0,11.0,0.0,0.0,0.0,0.0,303.9210114713686,0.0,0.0,0.0,0.0
143,23,305.2122048400772,0.02811024,316.6101709959308,19.37978455310196,0.0,10.0,0.0,0.0,0.0,0.0,305.2122048400772,0.0,0.0,0.0,0.0
144,0,326.6932983795665,0.01746768,338.89346304934287,17.137056193570995,0.0,9.0,0.0,0.0,0.0,0.0,326.69329837956656,0.0,0.0,0.0,0.0
144,1,186.87839703573277,0.01769904,193.8572583358224,9.847762620491773,0.0,11.0,0.0,0.0,0.0,0.0,186.87839703573277,0.0,0.0,0.0,0.0
144,2,306.4670670682775,0.01769904,317.91189529904307,16.1496190857719,0.0,11.0,0.0,0.0,0.0,0.0,306.4670670682775,0.0,0.0,0.0,0.0
144,3,529.1711940874952,0.01492272,548.932773949684,26.361244902208963,0.0,14.0,0.0,0.0,0.0,0.0,529.1711940874952,0.0,0.0,0.0,0.0
144,4,296.84097406895927,0.0150383999999999,307.926321648298,14.823080442034401,0.0,15.0,0.0,0.0,0.0,0.0,296.84097406895927,0.0,0.0,0.0,0.0
144,5,0.0,0.7865083199999999,0.0,0.0,0.0,1.0,0.0,0.0,0.0,0.0,0.0,0.0,0.0,0.0,0.0
144,6,0.0,0.88414224,0.0,0.0,0.0,0.0,0.0,0.0,0.0,0.0,0.0,0.0,0.0,0.0,0.0
144,7,0.0,0.99565776,0.0,0.0,0.0,0.0,0.0,0.0,0.0,0.0,0.0,0.0,0.0,0.0,0.0
144,8,0.0,0.87465648,0.0,0.0,0.0,0.0,0.0,0.0,0.0,0.0,0.0,0.0,0.0,0.0,0.0
144,9,0.0,0.7935647999999998,0.0,0.0,0.0,0.0,0.0,0.0,0.0,0.0,0.0,0.0,0.0,0.0,0.0
144,10,0.0,0.0469660799999999,0.0,0.0,0.0,0.0,0.0,0.0,0.0,0.0,0.0,0.0,0.0,0.0,0.0
144,11,0.0,-0.0223262399999999,0.0,0.0,0.0,0.0,0.0,0.0,0.0,0.0,0.0,0.0,0.0,0.0,0.0
144,12,0.0,-0.02961408,0.0,0.0,0.0,0.0,0.0,0.0,0.0,0.0,0.0,0.0,0.0,0.0,0.0
144,13,0.0,-0.02984544,0.0,0.0,0.0,0.0,0.0,0.0,0.0,0.0,0.0,0.0,0.0,0.0,0.0
144,14,0.0,-0.0293827199999999,0.0,0.0,0.0,0.0,0.0,0.0,0.0,0.0,0.0,0.0,0.0,0.0,0.0
144,15,0.0,-0.02209488,0.0,0.0,0.0,0.0,0.0,0.0,0.0,0.0,0.0,0.0,0.0,0.0,0.0
144,16,0.0,-0.0046272,0.0,0.0,0.0,0.0,0.0,0.0,0.0,0.0,0.0,0.0,0.0,0.0,0.0
144,17,0.0,-0.00046272,0.0,0.0,0.0,0.0,0.0,0.0,0.0,0.0,0.0,0.0,0.0,0.0,0.0
144,18,135.9650654160313,-0.00023136,141.04259897928557,4.635878410514504,0.0,4.0,0.0,0.0,0.0,0.0,135.9650654160306,0.0,0.0,0.0,0.0
144,19,296.0655869359489,-0.00011568,307.12197814932455,10.130209606310327,0.0,7.0,0.0,0.0,0.0,0.0,296.0655869359489,0.0,0.0,0.0,0.0
144,20,174.87995037934465,0.0,181.4107369080339,6.004695391655922,0.0,5.0,0.0,0.0,0.0,0.0,174.87995037934445,0.0,0.0,0.0,0.0
144,21,292.6195262352297,-0.0013881599999999,303.5472263850931,9.62604107556788,0.0,11.0,0.0,0.0,0.0,0.0,292.61952623522967,0.0,0.0,0.0,0.0
144,22,375.94491407431053,-0.0237144,389.98435069949227,3.6602371219251535,0.0,11.0,0.0,0.0,0.0,0.0,375.94491407431053,0.0,0.0,0.0,0.0
144,23,299.8251645474537,-0.03551376,311.02195492474453,-0.7507323539191517,0.0,13.0,0.0,0.0,0.0,0.0,299.8251645474538,0.0,0.0,0.0,0.0
145,0,357.0722462815989,-0.0381744,370.4068944829864,-1.8795927453644659,0.0,12.0,0.0,0.0,0.0,0.0,357.0722462815993,0.0,0.0,0.0,0.0
145,1,305.63290598993314,-0.03805872,317.0465829771091,-1.5721452319402505,0.0,14.0,0.0,0.0,0.0,0.0,305.63290598993336,0.0,0.0,0.0,0.0
145,2,587.7502566686762,-0.0393312,609.6994363782948,-3.79915912796043,0.0,14.0,0.0,0.0,0.0,0.0,587.7502566686766,0.0,0.0,0.0,0.0
145,3,292.9008317679791,-0.03805872,303.83903710371277,-1.5066527100669225,0.0,11.0,0.0,0.0,0.0,0.0,292.90083176797947,0.0,0.0,0.0,0.0
145,4,367.23014369577237,-0.0242928,380.9441324644942,3.355051163441293,0.0,12.0,0.0,0.0,0.0,0.0,367.23014369577237,0.0,0.0,0.0,0.0
145,5,153.55615473662488,-0.0005784,159.2906169467063,5.180385728094004,0.0,7.0,0.0,0.0,0.0,0.0,153.55615473662488,0.0,0.0,0.0,0.0
145,6,0.0,0.6472296,0.0,0.0,0.0,1.0,0.0,0.0,0.0,0.0,0.0,0.0,0.0,0.0,0.0
145,7,0.0,0.78986304,0.0,0.0,0.0,0.0,0.0,0.0,0.0,0.0,0.0,0.0,0.0,0.0,0.0
145,8,0.0,0.71270448,0.0,0.0,0.0,0.0,0.0,0.0,0.0,0.0,0.0,0.0,0.0,0.0,0.0
145,9,0.0,0.65636832,0.0,0.0,0.0,0.0,0.0,0.0,0.0,0.0,0.0,0.0,0.0,0.0,0.0
145,10,0.0,0.5205599999999999,0.0,0.0,0.0,0.0,0.0,0.0,0.0,0.0,0.0,0.0,0.0,0.0,0.0
145,11,0.0,-0.0070564799999999,0.0,0.0,0.0,0.0,0.0,0.0,0.0,0.0,0.0,0.0,0.0,0.0,0.0
145,12,0.0,-0.02209488,0.0,0.0,0.0,0.0,0.0,0.0,0.0,0.0,0.0,0.0,0.0,0.0,0.0
145,13,0.0,-0.02359872,0.0,0.0,0.0,0.0,0.0,0.0,0.0,0.0,0.0,0.0,0.0,0.0,0.0
145,14,0.0,-0.0286886399999999,0.0,0.0,0.0,0.0,0.0,0.0,0.0,0.0,0.0,0.0,0.0,0.0,0.0
145,15,0.0,-0.02383008,0.0,0.0,0.0,0.0,0.0,0.0,0.0,0.0,0.0,0.0,0.0,0.0,0.0
145,16,0.0,0.1149859199999999,0.0,0.0,0.0,0.0,0.0,0.0,0.0,0.0,0.0,0.0,0.0,0.0,0.0
145,17,0.0,0.66064848,0.0,0.0,0.0,0.0,0.0,0.0,0.0,0.0,0.0,0.0,0.0,0.0,0.0
145,18,0.0,0.6721008,0.0,0.0,0.0,0.0,0.0,0.0,0.0,0.0,0.0,0.0,0.0,0.0,0.0
145,19,0.0,0.68147088,0.0,0.0,0.0,0.0,0.0,0.0,0.0,0.0,0.0,0.0,0.0,0.0,0.0
145,20,167.41206726579787,0.1147545599999999,173.6639701927364,25.677009900700135,0.0,9.0,0.0,0.0,0.0,0.0,167.4120672657977,0.0,0.0,0.0,0.0
145,21,335.6691806178617,0.01550112,348.2045442094001,16.92313083766636,0.0,12.0,0.0,0.0,0.0,0.0,335.66918061786106,0.0,0.0,0.0,0.0
145,22,291.39592800227337,-0.0005784,302.2779336123168,9.830562045766321,0.0,11.0,0.0,0.0,0.0,0.0,291.3959280022733,0.0,0.0,0.0,0.0
145,23,179.69735520714045,0.00011568,186.40804482068512,6.191669966189535,0.0,11.0,0.0,0.0,0.0,0.0,179.69735520714036,0.0,0.0,0.0,0.0
146,0,213.34597415150577,-0.00046272,221.31325119450807,7.223062546945494,0.0,12.0,0.0,0.0,0.0,0.0,213.3459741515057,0.0,0.0,0.0,0.0
146,1,257.4290767447417,-0.00092544,267.0426107310599,8.59197850152313,0.0,13.0,0.0,0.0,0.0,0.0,257.42907674474174,0.0,0.0,0.0,0.0
146,2,404.46963745182626,-0.0010411199999999,419.57431270936337,13.451082542231996,0.0,14.0,0.0,0.0,0.0,0.0,404.46963745182603,0.0,0.0,0.0,0.0
146,3,303.7995706037471,-0.00023136,315.14478278397,10.35838041320451,0.0,15.0,0.0,0.0,0.0,0.0,303.79957060374693,0.0,0.0,0.0,0.0
146,4,160.47071507528275,0.01573248,166.46339738099874,8.128820523339671,0.0,12.0,0.0,0.0,0.0,0.0,160.47071507528275,0.0,0.0,0.0,0.0
146,5,182.60061048461654,0.0248712,189.41972041972673,10.98088849639606,0.0,11.0,0.0,0.0,0.0,0.0,182.60061048461654,0.0,0.0,0.0,0.0
146,6,0.0,0.4644552,0.0,0.0,0.0,2.0,0.0,0.0,0.0,0.0,0.0,0.0,0.0,0.0,0.0
146,7,0.0,0.6069729599999999,0.0,0.0,0.0,0.0,0.0,0.0,0.0,0.0,0.0,0.0,0.0,0.0,0.0
146,8,0.0,0.33177024,0.0,0.0,0.0,0.0,0.0,0.0,0.0,0.0,0.0,0.0,0.0,0.0,0.0
146,9,41.45163669870605,0.1700496,42.99962313143781,8.735356239302337,0.0,7.0,0.0,0.0,0.0,0.0,41.45163669870605,0.0,0.0,0.0,0.0
146,10,22.45166840430734,0.04592496,23.29011245260098,1.8405002049622945,0.0,1.0,0.0,0.0,0.0,0.0,22.45166840430734,0.0,0.0,0.0,0.0
146,11,0.0,0.02440848,0.0,0.0,0.0,0.0,0.0,0.0,0.0,0.0,0.0,0.0,0.0,0.0,0.0
146,12,0.0,0.01122096,0.0,0.0,0.0,0.0,0.0,0.0,0.0,0.0,0.0,0.0,0.0,0.0,0.0
146,13,0.0,0.0,0.0,0.0,0.0,0.0,0.0,0.0,0.0,0.0,0.0,0.0,0.0,0.0,0.0
146,14,0.0,0.00080976,0.0,0.0,0.0,0.0,0.0,0.0,0.0,0.0,0.0,0.0,0.0,0.0,0.0
146,15,0.0,0.0159638399999999,0.0,0.0,0.0,0.0,0.0,0.0,0.0,0.0,0.0,0.0,0.0,0.0,0.0
146,16,0.0,0.03516672,0.0,0.0,0.0,0.0,0.0,0.0,0.0,0.0,0.0,0.0,0.0,0.0,0.0
146,17,0.0,0.11984448,0.0,0.0,0.0,0.0,0.0,0.0,0.0,0.0,0.0,0.0,0.0,0.0,0.0
146,18,0.0,0.6807768,0.0,0.0,0.0,0.0,0.0,0.0,0.0,0.0,0.0,0.0,0.0,0.0,0.0
146,19,0.0,0.67545552,0.0,0.0,0.0,0.0,0.0,0.0,0.0,0.0,0.0,0.0,0.0,0.0,0.0
146,20,0.0,0.6553272,0.0,0.0,0.0,0.0,0.0,0.0,0.0,0.0,0.0,0.0,0.0,0.0,0.0
146,21,175.12925739006693,0.17317296,181.66935413907356,37.47347541955495,0.0,6.0,0.0,0.0,0.0,0.0,175.12925739006693,0.0,0.0,0.0,0.0
146,22,136.06162168436558,0.02556528,141.1427610833668,8.280179598928816,0.0,4.0,0.0,0.0,0.0,0.0,136.06162168436538,0.0,0.0,0.0,0.0
146,23,0.0,0.31846704,0.0,0.0,0.0,0.0,0.0,0.0,0.0,0.0,0.0,0.0,0.0,0.0,0.0
147,0,166.1983744915427,0.0685982399999999,172.40495279205672,17.533280266235238,0.0,4.0,0.0,0.0,0.0,0.0,166.1983744915427,0.0,0.0,0.0,0.0
147,1,96.08493703175475,0.0683668799999999,99.67317119476635,10.113525700838803,0.0,3.0,0.0,0.0,0.0,0.0,96.08493703175475,0.0,0.0,0.0,0.0
147,2,226.3170060411242,0.04927968,234.76867846589647,19.34016860604344,0.0,7.0,0.0,0.0,0.0,0.0,226.3170060411242,0.0,0.0,0.0,0.0
147,3,165.2310481224339,0.04731312,171.40150220169494,13.782929564725158,0.0,5.0,0.0,0.0,0.0,0.0,165.2310481224339,0.0,0.0,0.0,0.0
147,4,179.68611127924618,0.0766958399999999,186.39638099506865,20.465547224313582,0.0,5.0,0.0,0.0,0.0,0.0,179.68611127924612,0.0,0.0,0.0,0.0
147,5,102.67822651734375,0.11568,106.51268310927775,15.846956992998342,0.0,4.0,0.0,0.0,0.0,0.0,102.67822651734375,0.0,0.0,0.0,0.0
147,6,161.06623118756593,0.2041752,167.08115268419704,39.644213919373385,0.0,5.0,0.0,0.0,0.0,0.0,161.06623118756593,0.0,0.0,0.0,0.0
147,7,0.0,0.35756688,0.0,0.0,0.0,0.0,0.0,0.0,0.0,0.0,0.0,0.0,0.0,0.0,0.0
147,8,124.47513397514044,0.1516564799999999,129.12358296176396,23.856418673003468,0.0,3.0,0.0,0.0,0.0,0.0,124.47513397513995,0.0,0.0,0.0,0.0
147,9,159.32925102540554,0.08953632,165.27930604295182,20.269245865261368,0.0,5.0,0.0,0.0,0.0,0.0,159.32925102540554,0.0,0.0,0.0,0.0
147,10,29.369003440168065,0.01712064,30.465771203493844,1.530010527933031,0.0,1.0,0.0,0.0,0.0,0.0,29.369003440168065,0.0,0.0,0.0,0.0
147,11,0.0,0.0,0.0,0.0,0.0,0.0,0.0,0.0,0.0,0.0,0.0,0.0,0.0,0.0,0.0
147,12,0.0,-0.02672208,0.0,0.0,0.0,0.0,0.0,0.0,0.0,0.0,0.0,0.0,0.0,0.0,0.0
147,13,0.0,-0.0225576,0.0,0.0,0.0,0.0,0.0,0.0,0.0,0.0,0.0,0.0,0.0,0.0,0.0
147,14,0.0,0.0046272,0.0,0.0,0.0,0.0,0.0,0.0,0.0,0.0,0.0,0.0,0.0,0.0,0.0
147,15,0.0,0.01827744,0.0,0.0,0.0,0.0,0.0,0.0,0.0,0.0,0.0,0.0,0.0,0.0,0.0
147,16,0.0,0.01954992,0.0,0.0,0.0,0.0,0.0,0.0,0.0,0.0,0.0,0.0,0.0,0.0,0.0
147,17,0.0,0.0214008,0.0,0.0,0.0,0.0,0.0,0.0,0.0,0.0,0.0,0.0,0.0,0.0,0.0
147,18,190.43967023214998,0.0161952,197.55152513708506,9.738341941937636,0.0,5.0,0.0,0.0,0.0,0.0,190.43967023214998,0.0,0.0,0.0,0.0
147,19,163.8384964639048,0.0138816,169.95694653932037,7.984849279531733,0.0,5.0,0.0,0.0,0.0,0.0,163.8384964639037,0.0,0.0,0.0,0.0
147,20,128.57339890922606,-0.00080976,133.37489513405194,4.306707373853369,0.0,4.0,0.0,0.0,0.0,0.0,128.57339890922606,0.0,0.0,0.0,0.0
147,21,168.68659248127895,-0.0237144,174.98609178555913,1.642349463062543,0.0,8.0,0.0,0.0,0.0,0.0,168.68659248127895,0.0,0.0,0.0,0.0
147,22,239.1377818414806,-0.0401409599999999,248.06823842477243,-1.7466385440192616,0.0,9.0,0.0,0.0,0.0,0.0,239.1377818414809,0.0,0.0,0.0,0.0
147,23,163.08782618000765,-0.03956256,169.17824292531913,-1.0933245455994502,0.0,9.0,0.0,0.0,0.0,0.0,163.08782618000774,0.0,0.0,0.0,0.0
148,0,176.34680206090786,-0.0411820799999999,182.93236728309947,-1.4784740269713743,0.0,8.0,0.0,0.0,0.0,0.0,176.34680206090812,0.0,0.0,0.0,0.0
148,1,430.973490867511,-0.04766016,447.06793658455496,-6.509380687540975,0.0,10.0,0.0,0.0,0.0,0.0,430.973490867511,0.0,0.0,0.0,0.0
148,2,154.4560514473793,-0.0399095999999999,160.22411975869227,-1.091062165908775,0.0,6.0,0.0,0.0,0.0,0.0,154.45605144737934,0.0,0.0,0.0,0.0
148,3,218.80186900496398,-0.03551376,226.97289315867633,-0.5478580905906868,0.0,8.0,0.0,0.0,0.0,0.0,218.80186900496398,0.0,0.0,0.0,0.0
148,4,297.4725532315135,-0.02394576,308.5814867546821,2.82482898930918,0.0,12.0,0.0,0.0,0.0,0.0,297.4725532315135,0.0,0.0,0.0,0.0
148,5,181.8359633832569,-0.0053212799999999,188.62651803242417,5.2398032289976815,0.0,10.0,0.0,0.0,0.0,0.0,181.8359633832569,0.0,0.0,0.0,0.0
148,6,179.35321670678346,0.0,186.0510546750866,6.158289909745365,0.0,11.0,0.0,0.0,0.0,0.0,179.35321670678346,0.0,0.0,0.0,0.0
148,7,148.33394223387768,0.00023136,153.87338406003911,5.128809158523425,0.0,9.0,0.0,0.0,0.0,0.0,148.33394223387768,0.0,0.0,0.0,0.0
148,8,207.90790860510634,-0.0005784,215.6721043621435,7.014001909223886,0.0,8.0,0.0,0.0,0.0,0.0,207.90790860510634,0.0,0.0,0.0,0.0
148,9,222.8708433936677,-0.03562944,231.19382094778808,-0.5847908984581732,0.0,6.0,0.0,0.0,0.0,0.0,222.8708433936677,0.0,0.0,0.0,0.0
148,10,0.0,-0.11637408,0.0,0.0,0.0,0.0,0.0,0.0,0.0,0.0,0.0,0.0,0.0,0.0,0.0
148,11,0.0,-0.11602704,0.0,0.0,0.0,0.0,0.0,0.0,0.0,0.0,0.0,0.0,0.0,0.0,0.0
148,12,0.0,-0.11463888,0.0,0.0,0.0,0.0,0.0,0.0,0.0,0.0,0.0,0.0,0.0,0.0,0.0
148,13,0.0,-0.11568,0.0,0.0,0.0,0.0,0.0,0.0,0.0,0.0,0.0,0.0,0.0,0.0,0.0
148,14,0.0,-0.0567988799999999,0.0,0.0,0.0,0.0,0.0,0.0,0.0,0.0,0.0,0.0,0.0,0.0,0.0
148,15,0.0,-0.05830272,0.0,0.0,0.0,0.0,0.0,0.0,0.0,0.0,0.0,0.0,0.0,0.0,0.0
148,16,0.0,-0.0006940799999999,0.0,0.0,0.0,0.0,0.0,0.0,0.0,0.0,0.0,0.0,0.0,0.0,0.0
148,17,0.0,0.11521728,0.0,0.0,0.0,0.0,0.0,0.0,0.0,0.0,0.0,0.0,0.0,0.0,0.0
148,18,0.0,0.69662496,0.0,0.0,0.0,0.0,0.0,0.0,0.0,0.0,0.0,0.0,0.0,0.0,0.0
148,19,0.0,0.7929863999999999,0.0,0.0,0.0,0.0,0.0,0.0,0.0,0.0,0.0,0.0,0.0,0.0,0.0
148,20,0.0,0.78673968,0.0,0.0,0.0,0.0,0.0,0.0,0.0,0.0,0.0,0.0,0.0,0.0,0.0
148,21,0.0,0.7326014399999999,0.0,0.0,0.0,0.0,0.0,0.0,0.0,0.0,0.0,0.0,0.0,0.0,0.0
148,22,0.0,0.66955584,0.0,0.0,0.0,3.0,0.0,0.0,0.0,0.0,0.0,0.0,0.0,0.0,0.0
148,23,326.3738806236809,-0.00150384,338.56211682954455,10.697262813284981,0.0,20.0,0.0,0.0,0.0,0.0,326.3738806236806,0.0,0.0,0.0,0.0
149,0,224.51382760972805,-0.00092544,232.8981614208798,7.493395868525781,0.0,20.0,0.0,0.0,0.0,0.0,224.51382760972805,0.0,0.0,0.0,0.0
149,1,254.84647053321333,-0.00080976,264.36355864441214,8.536362755882143,0.0,17.0,0.0,0.0,0.0,0.0,254.84647053321333,0.0,0.0,0.0,0.0
149,2,201.59528893471352,-0.00023136,209.1237437082091,6.873613047397389,0.0,12.0,0.0,0.0,0.0,0.0,201.59528893471352,0.0,0.0,0.0,0.0
149,3,224.8335122286722,0.0133032,233.229784469577,10.822608334698677,0.0,12.0,0.0,0.0,0.0,0.0,224.8335122286722,0.0,0.0,0.0,0.0
149,4,181.96196080494963,0.02637504,188.75722075202242,11.226343254515363,0.0,13.0,0.0,0.0,0.0,0.0,181.96196080494963,0.0,0.0,0.0,0.0
149,5,0.0,0.7021776,0.0,0.0,0.0,0.0,0.0,0.0,0.0,0.0,0.0,0.0,0.0,0.0,0.0
149,6,0.0,0.67892592,0.0,0.0,0.0,0.0,0.0,0.0,0.0,0.0,0.0,0.0,0.0,0.0,0.0
149,7,0.0,0.3461145599999999,0.0,0.0,0.0,1.0,0.0,0.0,0.0,0.0,0.0,0.0,0.0,0.0,0.0
149,8,210.20863932600668,0.04661904,218.05875448755887,17.383434571343884,0.0,12.0,0.0,0.0,0.0,0.0,210.20863932600668,0.0,0.0,0.0,0.0
149,9,201.98488634424186,0.04037232,209.52789039859118,15.39450021229022,0.0,11.0,0.0,0.0,0.0,0.0,201.98488634424186,0.0,0.0,0.0,0.0
149,10,54.84009175720192,0.0266064,56.888061988798675,3.3965813843280093,0.0,3.0,0.0,0.0,0.0,0.0,54.84009175720192,0.0,0.0,0.0,0.0
149,11,0.0,0.0242928,0.0,0.0,0.0,0.0,0.0,0.0,0.0,0.0,0.0,0.0,0.0,0.0,0.0
149,12,0.0,0.0216321599999999,0.0,0.0,0.0,0.0,0.0,0.0,0.0,0.0,0.0,0.0,0.0,0.0,0.0
149,13,0.0,0.01885584,0.0,0.0,0.0,0.0,0.0,0.0,0.0,0.0,0.0,0.0,0.0,0.0,0.0
149,14,0.0,0.01943424,0.0,0.0,0.0,0.0,0.0,0.0,0.0,0.0,0.0,0.0,0.0,0.0,0.0
149,15,0.0,0.01781472,0.0,0.0,0.0,0.0,0.0,0.0,0.0,0.0,0.0,0.0,0.0,0.0,0.0
149,16,0.0,0.02579664,0.0,0.0,0.0,0.0,0.0,0.0,0.0,0.0,0.0,0.0,0.0,0.0,0.0
149,17,0.0,0.2221056,0.0,0.0,0.0,0.0,0.0,0.0,0.0,0.0,0.0,0.0,0.0,0.0,0.0
149,18,24.015789295868373,0.63612432,24.912644497788772,16.672147573434433,0.0,1.0,0.0,0.0,0.0,0.0,24.015789295868373,0.0,0.0,0.0,0.0
149,19,0.0,0.7848887999999999,0.0,0.0,0.0,0.0,0.0,0.0,0.0,0.0,0.0,0.0,0.0,0.0,0.0
149,20,0.0,0.75643152,0.0,0.0,0.0,1.0,0.0,0.0,0.0,0.0,0.0,0.0,0.0,0.0,0.0
149,21,151.7695305739593,0.12690096,157.4372723796258,25.19011472052161,0.0,8.0,0.0,0.0,0.0,0.0,151.7695305739592,0.0,0.0,0.0,0.0
149,22,499.97145719888056,0.03493536,518.6425904552704,35.28603535295688,0.0,16.0,0.0,0.0,0.0,0.0,499.9714571988804,0.0,0.0,0.0,0.0
149,23,0.0,0.6516254399999999,0.0,0.0,0.0,1.0,0.0,0.0,0.0,0.0,0.0,0.0,0.0,0.0,0.0
150,0,312.1562368197742,0.09323808,323.81352367196496,40.9099788587506,0.0,11.0,0.0,0.0,0.0,0.0,312.1562368197742,0.0,0.0,0.0,0.0
150,1,209.8907187727231,0.10457472,217.72896138249286,29.975773794225518,0.0,12.0,0.0,0.0,0.0,0.0,209.8907187727231,0.0,0.0,0.0,0.0
150,2,390.7208351228706,0.0971712,405.31206962953377,52.80048968512292,0.0,14.0,0.0,0.0,0.0,0.0,390.7208351228706,0.0,0.0,0.0,0.0
150,3,404.7171487104931,0.13511424,419.8310671270676,70.62156388516865,0.0,13.0,0.0,0.0,0.0,0.0,404.7171487104931,0.0,0.0,0.0,0.0
150,4,302.1088785591884,0.59089344,313.3909528622286,195.5538987413799,0.0,11.0,0.0,0.0,0.0,0.0,302.1088785591884,0.0,0.0,0.0,0.0
150,5,0.0,0.8315078399999999,0.0,0.0,0.0,1.0,0.0,0.0,0.0,0.0,0.0,0.0,0.0,0.0,0.0
150,6,0.0,1.36456128,0.0,0.0,0.0,0.0,0.0,0.0,0.0,0.0,0.0,0.0,0.0,0.0,0.0
150,7,0.0,1.2567475199999998,0.0,0.0,0.0,0.0,0.0,0.0,0.0,0.0,0.0,0.0,0.0,0.0,0.0
150,8,0.0,1.0418140800000002,0.0,0.0,0.0,0.0,0.0,0.0,0.0,0.0,0.0,0.0,0.0,0.0,0.0
150,9,0.0,0.95285616,0.0,0.0,0.0,0.0,0.0,0.0,0.0,0.0,0.0,0.0,0.0,0.0,0.0
150,10,0.0,0.8128833599999999,0.0,0.0,0.0,0.0,0.0,0.0,0.0,0.0,0.0,0.0,0.0,0.0,0.0
150,11,0.0,0.74602032,0.0,0.0,0.0,0.0,0.0,0.0,0.0,0.0,0.0,0.0,0.0,0.0,0.0
150,12,0.0,0.66354048,0.0,0.0,0.0,0.0,0.0,0.0,0.0,0.0,0.0,0.0,0.0,0.0,0.0
150,13,0.0,0.6533606399999999,0.0,0.0,0.0,0.0,0.0,0.0,0.0,0.0,0.0,0.0,0.0,0.0,0.0
150,14,0.0,0.6940799999999999,0.0,0.0,0.0,0.0,0.0,0.0,0.0,0.0,0.0,0.0,0.0,0.0,0.0
150,15,0.0,0.6881803200000001,0.0,0.0,0.0,0.0,0.0,0.0,0.0,0.0,0.0,0.0,0.0,0.0,0.0
150,16,0.0,0.6881803200000001,0.0,0.0,0.0,0.0,0.0,0.0,0.0,0.0,0.0,0.0,0.0,0.0,0.0
150,17,0.0,0.67962,0.0,0.0,0.0,0.0,0.0,0.0,0.0,0.0,0.0,0.0,0.0,0.0,0.0
150,18,0.0,0.67418304,0.0,0.0,0.0,0.0,0.0,0.0,0.0,0.0,0.0,0.0,0.0,0.0,0.0
150,19,54.74213219922616,0.6448003200000001,56.786444190068636,38.49554868810968,0.0,2.0,0.0,0.0,0.0,0.0,54.74213219922617,0.0,0.0,0.0,0.0
150,20,193.48352782424507,0.0434956799999999,200.70905375959035,15.373446454872356,0.0,7.0,0.0,0.0,0.0,0.0,193.48352782424493,0.0,0.0,0.0,0.0
150,21,250.0981159524892,0.00127248,259.4378796187647,8.917523328438397,0.0,8.0,0.0,0.0,0.0,0.0,250.09811595248894,0.0,0.0,0.0,0.0
150,22,286.7140598917751,-0.01492272,297.4212239541236,5.406308865756811,0.0,9.0,0.0,0.0,0.0,0.0,286.71405989177504,0.0,0.0,0.0,0.0
150,23,375.4417103765218,-0.0428016,389.4623551623671,-3.7784079848432217,0.0,10.0,0.0,0.0,0.0,0.0,375.44171037652205,0.0,0.0,0.0,0.0
151,0,496.5309258672475,-0.04442112,515.0735745510867,-5.831209746321801,0.0,14.0,0.0,0.0,0.0,0.0,496.53092586724784,0.0,0.0,0.0,0.0
151,1,462.1306024968255,-0.04384272,479.3885918016863,-5.149937412919813,0.0,15.0,0.0,0.0,0.0,0.0,462.13060249682667,0.0,0.0,0.0,0.0
151,2,496.9585122405665,-0.04777584,515.5171288802558,-7.565646900706015,0.0,14.0,0.0,0.0,0.0,0.0,496.9585122405671,0.0,0.0,0.0,0.0
151,3,286.3063303351935,-0.03863712,296.99826798256584,-1.6445150496116248,0.0,11.0,0.0,0.0,0.0,0.0,286.3063303351936,0.0,0.0,0.0,0.0
151,4,229.11843545427325,-0.02984544,237.67472557497226,0.7735266548672809,0.0,11.0,0.0,0.0,0.0,0.0,229.11843545427325,0.0,0.0,0.0,0.0
151,5,184.6150161054882,-0.0010411199999999,191.50935280652303,6.139575360502004,0.0,8.0,0.0,0.0,0.0,0.0,184.6150161054882,0.0,0.0,0.0,0.0
151,6,0.0,1.00919232,0.0,0.0,0.0,1.0,0.0,0.0,0.0,0.0,0.0,0.0,0.0,0.0,0.0
151,7,0.0,0.86794704,0.0,0.0,0.0,0.0,0.0,0.0,0.0,0.0,0.0,0.0,0.0,0.0,0.0
151,8,0.0,0.7455575999999999,0.0,0.0,0.0,0.0,0.0,0.0,0.0,0.0,0.0,0.0,0.0,0.0,0.0
151,9,109.4102278264541,0.6398260800000001,113.49608695690262,76.37447689124761,0.0,7.0,0.0,0.0,0.0,0.0,109.4102278264541,0.0,0.0,0.0,0.0
151,10,158.01469101000234,0.5240304,163.91565457469125,91.32239419945955,0.0,5.0,0.0,0.0,0.0,0.0,158.01469101000234,0.0,0.0,0.0,0.0
151,11,0.0,0.01862448,0.0,0.0,0.0,0.0,0.0,0.0,0.0,0.0,0.0,0.0,0.0,0.0,0.0
151,12,0.0,-0.00023136,0.0,0.0,0.0,0.0,0.0,0.0,0.0,0.0,0.0,0.0,0.0,0.0,0.0
151,13,0.0,-0.00937008,0.0,0.0,0.0,0.0,0.0,0.0,0.0,0.0,0.0,0.0,0.0,0.0,0.0
151,14,0.0,-0.00196656,0.0,0.0,0.0,0.0,0.0,0.0,0.0,0.0,0.0,0.0,0.0,0.0,0.0
151,15,0.0,0.22754256,0.0,0.0,0.0,0.0,0.0,0.0,0.0,0.0,0.0,0.0,0.0,0.0,0.0
151,16,0.0,0.6000321599999999,0.0,0.0,0.0,0.0,0.0,0.0,0.0,0.0,0.0,0.0,0.0,0.0,0.0
151,17,0.0,0.67013424,0.0,0.0,0.0,0.0,0.0,0.0,0.0,0.0,0.0,0.0,0.0,0.0,0.0
151,18,0.0,0.67973568,0.0,0.0,0.0,0.0,0.0,0.0,0.0,0.0,0.0,0.0,0.0,0.0,0.0
151,19,0.0,0.7874337599999999,0.0,0.0,0.0,0.0,0.0,0.0,0.0,0.0,0.0,0.0,0.0,0.0,0.0
151,20,0.0,0.68008272,0.0,0.0,0.0,0.0,0.0,0.0,0.0,0.0,0.0,0.0,0.0,0.0,0.0
151,21,0.0,0.6582192,0.0,0.0,0.0,2.0,0.0,0.0,0.0,0.0,0.0,0.0,0.0,0.0,0.0
151,22,292.8572775795085,0.03771168,303.7938564102785,21.51215334609058,0.0,8.0,0.0,0.0,0.0,0.0,292.8572775795085,0.0,0.0,0.0,0.0
151,23,341.4435947417652,0.0439583999999999,354.19460035452835,27.293669191959342,0.0,12.0,0.0,0.0,0.0,0.0,341.44359474176514,0.0,0.0,0.0,0.0
152,0,440.8573288203496,0.0006940799999999,457.320880519035,15.454738421930664,0.0,14.0,0.0,0.0,0.0,0.0,440.8573288203496,0.0,0.0,0.0,0.0
152,1,486.05362163449905,0.00011568,504.2050016955384,16.74751199071846,0.0,15.0,0.0,0.0,0.0,0.0,486.05362163449905,0.0,0.0,0.0,0.0
152,2,526.1471707847896,0.00092544,545.7958203161719,18.57094293641868,0.0,18.0,0.0,0.0,0.0,0.0,526.1471707847895,0.0,0.0,0.0,0.0
152,3,190.13171320765608,0.0156168,197.23206764279678,9.608515192940601,0.0,10.0,0.0,0.0,0.0,0.0,190.131713207656,0.0,0.0,0.0,0.0
152,4,284.1510523994103,0.02394576,294.7625024890148,16.814950973987745,0.0,12.0,0.0,0.0,0.0,0.0,284.1510523994102,0.0,0.0,0.0,0.0
152,5,175.4112084006191,0.56868288,181.96183444047622,109.50151677967298,0.0,9.0,0.0,0.0,0.0,0.0,175.411208400619,0.0,0.0,0.0,0.0
152,6,0.0,1.2082776,0.0,0.0,0.0,1.0,0.0,0.0,0.0,0.0,0.0,0.0,0.0,0.0,0.0
152,7,0.0,0.7949529599999999,0.0,0.0,0.0,1.0,0.0,0.0,0.0,0.0,0.0,0.0,0.0,0.0,0.0
152,8,0.0,0.68621376,0.0,0.0,0.0,1.0,0.0,0.0,0.0,0.0,0.0,0.0,0.0,0.0,0.0
152,9,0.0,0.68274336,0.0,0.0,0.0,1.0,0.0,0.0,0.0,0.0,0.0,0.0,0.0,0.0,0.0
152,10,36.392385735448926,0.6319598399999999,37.75143748490553,25.106964973481272,0.0,1.0,0.0,0.0,0.0,0.0,36.392385735448926,0.0,0.0,0.0,0.0
152,11,0.0,0.43877424,0.0,0.0,0.0,0.0,0.0,0.0,0.0,0.0,0.0,0.0,0.0,0.0,0.0
152,12,0.0,0.10804512,0.0,0.0,0.0,0.0,0.0,0.0,0.0,0.0,0.0,0.0,0.0,0.0,0.0
152,13,0.0,0.03481968,0.0,0.0,0.0,0.0,0.0,0.0,0.0,0.0,0.0,0.0,0.0,0.0,0.0
152,14,0.0,0.1507310399999999,0.0,0.0,0.0,0.0,0.0,0.0,0.0,0.0,0.0,0.0,0.0,0.0,0.0
152,15,0.0,0.49360656,0.0,0.0,0.0,0.0,0.0,0.0,0.0,0.0,0.0,0.0,0.0,0.0,0.0
152,16,0.0,0.6900312000000001,0.0,0.0,0.0,0.0,0.0,0.0,0.0,0.0,0.0,0.0,0.0,0.0,0.0
152,17,0.0,0.7276272,0.0,0.0,0.0,0.0,0.0,0.0,0.0,0.0,0.0,0.0,0.0,0.0,0.0
152,18,0.0,0.7260076799999999,0.0,0.0,0.0,0.0,0.0,0.0,0.0,0.0,0.0,0.0,0.0,0.0,0.0
152,19,0.0,0.7400049599999999,0.0,0.0,0.0,1.0,0.0,0.0,0.0,0.0,0.0,0.0,0.0,0.0,0.0
152,20,0.0,0.72311568,0.0,0.0,0.0,1.0,0.0,0.0,0.0,0.0,0.0,0.0,0.0,0.0,0.0
152,21,0.0,0.68956848,0.0,0.0,0.0,3.0,0.0,0.0,0.0,0.0,0.0,0.0,0.0,0.0,0.0
152,22,212.111627283686,0.0577243199999999,220.0328083855664,19.984330199309344,0.0,13.0,0.0,0.0,0.0,0.0,212.11162728368595,0.0,0.0,0.0,0.0
152,23,485.65555787198156,0.02336736,503.79207248130876,28.447808321948145,0.0,13.0,0.0,0.0,0.0,0.0,485.6555578719815,0.0,0.0,0.0,0.0
153,0,286.93178065183747,0.01931856,297.6470753649767,15.602231078843548,0.0,10.0,0.0,0.0,0.0,0.0,286.93178065183736,0.0,0.0,0.0,0.0
153,1,442.2465685561237,0.01769904,458.76200057689175,23.304669217785555,0.0,12.0,0.0,0.0,0.0,0.0,442.2465685561237,0.0,0.0,0.0,0.0
153,2,267.463573032002,0.01804608,277.4518392448154,14.190573966162466,0.0,11.0,0.0,0.0,0.0,0.0,267.463573032002,0.0,0.0,0.0,0.0
153,3,339.1712951879988,0.02463984,351.8374431410776,20.315037672974917,0.0,10.0,0.0,0.0,0.0,0.0,339.1712951879988,0.0,0.0,0.0,0.0
153,4,319.5859822980034,0.0432643199999999,331.52072852489977,25.31635499970854,0.0,12.0,0.0,0.0,0.0,0.0,319.5859822980032,0.0,0.0,0.0,0.0
153,5,295.0180137474398,0.10133568,306.03528397037326,41.142061504550234,0.0,12.0,0.0,0.0,0.0,0.0,295.0180137474391,0.0,0.0,0.0,0.0
153,6,24.291847453444994,0.23112864,25.19901188116701,6.658300638704601,0.0,8.0,0.0,0.0,0.0,0.0,24.291847453444756,0.0,0.0,0.0,0.0
153,7,471.3258663454383,0.23101296,488.9272472463054,129.13202249487355,0.0,14.0,0.0,0.0,0.0,0.0,471.32586634543827,0.0,0.0,0.0,0.0
153,8,0.0,0.27786336,0.0,0.0,0.0,10.0,0.0,0.0,0.0,0.0,0.0,0.0,0.0,0.0,0.0
153,9,179.5902577595591,0.23055024,186.29694788336002,49.11723502071537,0.0,6.0,0.0,0.0,0.0,0.0,179.5902577595591,0.0,0.0,0.0,0.0
153,10,49.71797144522299,0.20348112,51.57465917554253,12.201590631368127,0.0,2.0,0.0,0.0,0.0,0.0,49.71797144522299,0.0,0.0,0.0,0.0
153,11,0.0,0.20220864,0.0,0.0,0.0,0.0,0.0,0.0,0.0,0.0,0.0,0.0,0.0,0.0,0.0
153,12,0.0,0.20405952,0.0,0.0,0.0,0.0,0.0,0.0,0.0,0.0,0.0,0.0,0.0,0.0,0.0
153,13,0.0,0.20752992,0.0,0.0,0.0,0.0,0.0,0.0,0.0,0.0,0.0,0.0,0.0,0.0,0.0
153,14,0.0,0.22222128,0.0,0.0,0.0,0.0,0.0,0.0,0.0,0.0,0.0,0.0,0.0,0.0,0.0
153,15,0.0,0.32806848,0.0,0.0,0.0,0.0,0.0,0.0,0.0,0.0,0.0,0.0,0.0,0.0,0.0
153,16,0.0,0.46352976,0.0,0.0,0.0,0.0,0.0,0.0,0.0,0.0,0.0,0.0,0.0,0.0,0.0
153,17,0.0,0.6358929600000001,0.0,0.0,0.0,0.0,0.0,0.0,0.0,0.0,0.0,0.0,0.0,0.0,0.0
153,18,0.0,0.65856624,0.0,0.0,0.0,0.0,0.0,0.0,0.0,0.0,0.0,0.0,0.0,0.0,0.0
153,19,0.0,0.65058432,0.0,0.0,0.0,0.0,0.0,0.0,0.0,0.0,0.0,0.0,0.0,0.0,0.0
153,20,0.0,0.6408671999999999,0.0,0.0,0.0,0.0,0.0,0.0,0.0,0.0,0.0,0.0,0.0,0.0,0.0
153,21,0.0,0.6192350400000001,0.0,0.0,0.0,0.0,0.0,0.0,0.0,0.0,0.0,0.0,0.0,0.0,0.0
153,22,0.0,0.4089288,0.0,0.0,0.0,0.0,0.0,0.0,0.0,0.0,0.0,0.0,0.0,0.0,0.0
153,23,0.0,0.3713328,0.0,0.0,0.0,0.0,0.0,0.0,0.0,0.0,0.0,0.0,0.0,0.0,0.0
154,0,86.93429952793014,0.29081952,90.18080863893167,29.211324247534602,0.0,2.0,0.0,0.0,0.0,0.0,86.93429952793007,0.0,0.0,0.0,0.0
154,1,111.7374857628668,0.2481336,115.91025494073321,32.59785827390019,0.0,3.0,0.0,0.0,0.0,0.0,111.73748576286678,0.0,0.0,0.0,0.0
154,2,194.3049061874237,0.2151648,201.5611060035516,50.04052766975053,0.0,6.0,0.0,0.0,0.0,0.0,194.30490618742365,0.0,0.0,0.0,0.0
154,3,234.74865397673062,0.20845536,243.51520122067495,58.82240209633257,0.0,6.0,0.0,0.0,0.0,0.0,234.74865397673062,0.0,0.0,0.0,0.0
154,4,149.22720580946117,0.22511328,154.800006026412,39.97141730009961,0.0,6.0,0.0,0.0,0.0,0.0,149.22720580946117,0.0,0.0,0.0,0.0
154,5,100.83118961010172,0.2683776,104.59666972002253,31.533552955185066,0.0,5.0,0.0,0.0,0.0,0.0,100.83118961010172,0.0,0.0,0.0,0.0
154,6,0.0,0.3994430399999999,0.0,0.0,0.0,0.0,0.0,0.0,0.0,0.0,0.0,0.0,0.0,0.0,0.0
154,7,0.0,0.430908,0.0,0.0,0.0,0.0,0.0,0.0,0.0,0.0,0.0,0.0,0.0,0.0,0.0
154,8,0.0,0.36890352,0.0,0.0,0.0,2.0,0.0,0.0,0.0,0.0,0.0,0.0,0.0,0.0,0.0
154,9,105.32187821899568,0.25831344,109.25506039314907,31.83839298657532,0.0,3.0,0.0,0.0,0.0,0.0,105.32187821899568,0.0,0.0,0.0,0.0
154,10,24.802028536646127,0.07206864,25.728245369964863,2.7058045751455015,0.0,1.0,0.0,0.0,0.0,0.0,24.802028536645622,0.0,0.0,0.0,0.0
154,11,44.14864498984287,0.02996112,45.7973495745258,2.8880321572011205,0.0,1.0,0.0,0.0,0.0,0.0,44.14864498984287,0.0,0.0,0.0,0.0
154,12,0.0,0.02568096,0.0,0.0,0.0,0.0,0.0,0.0,0.0,0.0,0.0,0.0,0.0,0.0,0.0
154,13,0.0,0.0205910399999999,0.0,0.0,0.0,0.0,0.0,0.0,0.0,0.0,0.0,0.0,0.0,0.0,0.0
154,14,0.0,0.01862448,0.0,0.0,0.0,0.0,0.0,0.0,0.0,0.0,0.0,0.0,0.0,0.0,0.0
154,15,0.0,0.06223584,0.0,0.0,0.0,0.0,0.0,0.0,0.0,0.0,0.0,0.0,0.0,0.0,0.0
154,16,0.0,0.16148928,0.0,0.0,0.0,0.0,0.0,0.0,0.0,0.0,0.0,0.0,0.0,0.0,0.0
154,17,0.0,0.22754256,0.0,0.0,0.0,0.0,0.0,0.0,0.0,0.0,0.0,0.0,0.0,0.0,0.0
154,18,32.8902546675345,0.1868232,34.11852143935114,7.503454414210709,0.0,1.0,0.0,0.0,0.0,0.0,32.8902546675345,0.0,0.0,0.0,0.0
154,19,81.93427325658278,0.15130944,84.99405939479543,15.673706896320962,0.0,4.0,0.0,0.0,0.0,0.0,81.93427325658278,0.0,0.0,0.0,0.0
154,20,317.67600857526503,0.13314768,329.5394279826401,54.78516537064099,0.0,8.0,0.0,0.0,0.0,0.0,317.67600857526503,0.0,0.0,0.0,0.0
154,21,218.48610771091862,0.1149859199999999,226.6453399490857,33.56298368007309,0.0,5.0,0.0,0.0,0.0,0.0,218.48610771091862,0.0,0.0,0.0,0.0
154,22,235.3567254535622,0.1026081599999999,244.14598076095666,33.13260182046481,0.0,8.0,0.0,0.0,0.0,0.0,235.3567254535615,0.0,0.0,0.0,0.0
154,23,477.7708336539057,0.08317392,495.61289798123005,57.626854450837705,0.0,12.0,0.0,0.0,0.0,0.0,477.77083365390547,0.0,0.0,0.0,0.0
155,0,421.91289971942604,0.0835209599999999,437.6689831114378,51.041376972679615,0.0,10.0,0.0,0.0,0.0,0.0,421.9128997194258,0.0,0.0,0.0,0.0
155,1,249.09686970126202,0.08525616,258.39924242869506,30.583142080769417,0.0,8.0,0.0,0.0,0.0,0.0,249.09686970126202,0.0,0.0,0.0,0.0
155,2,378.8839593714009,0.08456208,393.0331528748973,46.2450982762184,0.0,10.0,0.0,0.0,0.0,0.0,378.8839593714009,0.0,0.0,0.0,0.0
155,3,113.9407513411179,0.09416352,118.19580014638788,15.042013575845836,0.0,5.0,0.0,0.0,0.0,0.0,113.9407513411179,0.0,0.0,0.0,0.0
155,4,254.1502123173346,0.10607856,263.641299084372,36.69321636309222,0.0,8.0,0.0,0.0,0.0,0.0,254.15021231733456,0.0,0.0,0.0,0.0
155,5,277.53697554483756,0.11764656,287.9014269137319,43.40014972633651,0.0,10.0,0.0,0.0,0.0,0.0,277.53697554483756,0.0,0.0,0.0,0.0
155,6,54.04162312916219,0.1393944,56.05977503025124,9.669997257978169,0.0,5.0,0.0,0.0,0.0,0.0,54.04162312916219,0.0,0.0,0.0,0.0
155,7,71.89796165654553,0.1604481599999999,74.58294777649951,14.435392309517564,0.0,5.0,0.0,0.0,0.0,0.0,71.89796165654553,0.0,0.0,0.0,0.0
155,8,39.66048052568779,0.19966368,41.14157730880476,9.576264935401893,0.0,4.0,0.0,0.0,0.0,0.0,39.66048052568779,0.0,0.0,0.0,0.0
155,9,249.6617931181258,0.09508896,258.98526257066993,33.199051464261096,0.0,6.0,0.0,0.0,0.0,0.0,249.6617931181258,0.0,0.0,0.0,0.0
155,10,117.40677338650048,0.05194032,121.79125869968931,10.357167613024362,0.0,3.0,0.0,0.0,0.0,0.0,117.40677338650048,0.0,0.0,0.0,0.0
155,11,0.0,0.0469660799999999,0.0,0.0,0.0,0.0,0.0,0.0,0.0,0.0,0.0,0.0,0.0,0.0,0.0
155,12,0.0,0.04199184,0.0,0.0,0.0,0.0,0.0,0.0,0.0,0.0,0.0,0.0,0.0,0.0,0.0
155,13,0.0,0.0352824,0.0,0.0,0.0,0.0,0.0,0.0,0.0,0.0,0.0,0.0,0.0,0.0,0.0
155,14,0.0,0.034704,0.0,0.0,0.0,0.0,0.0,0.0,0.0,0.0,0.0,0.0,0.0,0.0,0.0
155,15,0.0,0.05795568,0.0,0.0,0.0,0.0,0.0,0.0,0.0,0.0,0.0,0.0,0.0,0.0,0.0
155,16,0.0,0.1781472,0.0,0.0,0.0,0.0,0.0,0.0,0.0,0.0,0.0,0.0,0.0,0.0,0.0
155,17,0.0,0.17918832,0.0,0.0,0.0,0.0,0.0,0.0,0.0,0.0,0.0,0.0,0.0,0.0,0.0
155,18,0.0,0.26884032,0.0,0.0,0.0,0.0,0.0,0.0,0.0,0.0,0.0,0.0,0.0,0.0,0.0
155,19,0.0,0.31210464,0.0,0.0,0.0,0.0,0.0,0.0,0.0,0.0,0.0,0.0,0.0,0.0,0.0
155,20,30.09869599028385,0.25380192,31.22271368286707,8.957856503224834,0.0,4.0,0.0,0.0,0.0,0.0,30.098695990283858,0.0,0.0,0.0,0.0
155,21,114.5067511957381,0.1104744,118.78293692503954,17.054188899250395,0.0,4.0,0.0,0.0,0.0,0.0,114.5067511957381,0.0,0.0,0.0,0.0
155,22,58.1560346292962,0.0757704,60.327836752381955,6.567915718366525,0.0,2.0,0.0,0.0,0.0,0.0,58.1560346292962,0.0,0.0,0.0,0.0
155,23,167.76878192495917,0.01353456,174.03400614622322,8.115999301666417,0.0,9.0,0.0,0.0,0.0,0.0,167.76878192495917,0.0,0.0,0.0,0.0
156,0,248.99295231319454,0.00011568,258.2914443082931,8.579325960882084,0.0,16.0,0.0,0.0,0.0,0.0,248.99295231319448,0.0,0.0,0.0,0.0
156,1,208.5411877629943,0.0,216.32903294916423,7.160490990617333,0.0,12.0,0.0,0.0,0.0,0.0,208.541187762994,0.0,0.0,0.0,0.0
156,2,296.9219747516942,-0.00023136,308.0103472527949,10.123881220127103,0.0,11.0,0.0,0.0,0.0,0.0,296.92197475169405,0.0,0.0,0.0,0.0
156,3,228.7318801376891,0.0,237.27373458266507,7.853760614686213,0.0,11.0,0.0,0.0,0.0,0.0,228.7318801376891,0.0,0.0,0.0,0.0
156,4,141.34101676610766,0.00011568,146.61931199803703,4.870060149146958,0.0,8.0,0.0,0.0,0.0,0.0,141.34101676610757,0.0,0.0,0.0,0.0
156,5,182.73680513339042,0.0297297599999999,189.56100117571617,11.910072209229948,0.0,8.0,0.0,0.0,0.0,0.0,182.73680513339042,0.0,0.0,0.0,0.0
156,6,100.76940157703656,0.25345488,104.53257425003794,29.954319270310712,0.0,8.0,0.0,0.0,0.0,0.0,100.76940157703656,0.0,0.0,0.0,0.0
156,7,120.06696401616938,0.1530446399999999,124.55079254789355,23.184462440542312,0.0,8.0,0.0,0.0,0.0,0.0,120.06696401616938,0.0,0.0,0.0,0.0
156,8,140.09065208061872,0.07496064,145.3222531956626,15.703615686565344,0.0,9.0,0.0,0.0,0.0,0.0,140.09065208061872,0.0,0.0,0.0,0.0
156,9,77.99006582407225,0.05795568,80.90255790878864,7.366637424124127,0.0,6.0,0.0,0.0,0.0,0.0,77.99006582407225,0.0,0.0,0.0,0.0
156,10,0.0,0.0580713599999999,0.0,0.0,0.0,0.0,0.0,0.0,0.0,0.0,0.0,0.0,0.0,0.0,0.0
156,11,0.0,0.0577243199999999,0.0,0.0,0.0,0.0,0.0,0.0,0.0,0.0,0.0,0.0,0.0,0.0,0.0
156,12,0.0,0.05888112,0.0,0.0,0.0,0.0,0.0,0.0,0.0,0.0,0.0,0.0,0.0,0.0,0.0
156,13,0.0,0.05911248,0.0,0.0,0.0,0.0,0.0,0.0,0.0,0.0,0.0,0.0,0.0,0.0,0.0
156,14,0.0,0.06212016,0.0,0.0,0.0,0.0,0.0,0.0,0.0,0.0,0.0,0.0,0.0,0.0,0.0
156,15,0.0,0.05760864,0.0,0.0,0.0,0.0,0.0,0.0,0.0,0.0,0.0,0.0,0.0,0.0,0.0
156,16,0.0,0.06223584,0.0,0.0,0.0,0.0,0.0,0.0,0.0,0.0,0.0,0.0,0.0,0.0,0.0
156,17,0.0,0.07137456,0.0,0.0,0.0,0.0,0.0,0.0,0.0,0.0,0.0,0.0,0.0,0.0,0.0
156,18,113.92205542778618,0.0886108799999999,118.17640604542136,14.383354375025542,0.0,3.0,0.0,0.0,0.0,0.0,113.92205542778616,0.0,0.0,0.0,0.0
156,19,70.28023922431757,0.09358512,72.90481247335848,9.235954916764914,0.0,3.0,0.0,0.0,0.0,0.0,70.28023922431757,0.0,0.0,0.0,0.0
156,20,66.31861227471026,0.09265968,68.79524094886958,8.651667487252734,0.0,8.0,0.0,0.0,0.0,0.0,66.31861227471026,0.0,0.0,0.0,0.0
156,21,308.83082692962387,0.0653592,320.3639283502323,31.54277609422119,0.0,14.0,0.0,0.0,0.0,0.0,308.83082692962364,0.0,0.0,0.0,0.0
156,22,344.7633288156292,0.0615417599999999,357.6383079000303,33.84751890308073,0.0,13.0,0.0,0.0,0.0,0.0,344.763328815629,0.0,0.0,0.0,0.0
156,23,447.1418594459203,0.0608476799999999,463.84010315966844,43.57670158281147,0.0,14.0,0.0,0.0,0.0,0.0,447.1418594459202,0.0,0.0,0.0,0.0
157,0,370.0483365978864,0.0705648,383.8675690849445,39.79355477567695,0.0,16.0,0.0,0.0,0.0,0.0,370.0483365978864,0.0,0.0,0.0,0.0
157,1,261.01019072097034,0.0816700799999999,270.75745925411854,31.0748552591919,0.0,9.0,0.0,0.0,0.0,0.0,261.01019072097034,0.0,0.0,0.0,0.0
157,2,322.6364539493795,0.09150288,334.6851182047505,41.70272962145235,0.0,12.0,0.0,0.0,0.0,0.0,322.6364539493795,0.0,0.0,0.0,0.0
157,3,145.07766124253905,0.11313504,150.49549921425216,22.007715347416134,0.0,12.0,0.0,0.0,0.0,0.0,145.07766124253905,0.0,0.0,0.0,0.0
157,4,208.70587425895468,0.16576944,216.49986956323102,43.0552078201128,0.0,11.0,0.0,0.0,0.0,0.0,208.70587425895468,0.0,0.0,0.0,0.0
157,5,196.1482278297612,0.211116,203.47326538356975,49.691426978913874,0.0,12.0,0.0,0.0,0.0,0.0,196.1482278297612,0.0,0.0,0.0,0.0
157,6,181.55276379875423,0.25576848,188.332742529828,54.40339306882279,0.0,11.0,0.0,0.0,0.0,0.0,181.55276379875423,0.0,0.0,0.0,0.0
157,7,0.0,0.30921264,0.0,0.0,0.0,1.0,0.0,0.0,0.0,0.0,0.0,0.0,0.0,0.0,0.0
157,8,0.0,0.31141056,0.0,0.0,0.0,1.0,0.0,0.0,0.0,0.0,0.0,0.0,0.0,0.0,0.0
157,9,0.0,0.2868864,0.0,0.0,0.0,4.0,0.0,0.0,0.0,0.0,0.0,0.0,0.0,0.0,0.0
157,10,133.3740529156958,0.2510256,138.354826676033,39.310148142223895,0.0,3.0,0.0,0.0,0.0,0.0,133.3740529156958,0.0,0.0,0.0,0.0
157,11,0.0,0.25438032,0.0,0.0,0.0,0.0,0.0,0.0,0.0,0.0,0.0,0.0,0.0,0.0,0.0
157,12,0.0,0.2232624,0.0,0.0,0.0,0.0,0.0,0.0,0.0,0.0,0.0,0.0,0.0,0.0,0.0
157,13,0.0,0.22256832,0.0,0.0,0.0,0.0,0.0,0.0,0.0,0.0,0.0,0.0,0.0,0.0,0.0
157,14,0.0,0.21840384,0.0,0.0,0.0,0.0,0.0,0.0,0.0,0.0,0.0,0.0,0.0,0.0,0.0
157,15,0.0,0.22372512,0.0,0.0,0.0,0.0,0.0,0.0,0.0,0.0,0.0,0.0,0.0,0.0,0.0
157,16,0.0,0.25206672,0.0,0.0,0.0,0.0,0.0,0.0,0.0,0.0,0.0,0.0,0.0,0.0,0.0
157,17,0.0,0.28839024,0.0,0.0,0.0,0.0,0.0,0.0,0.0,0.0,0.0,0.0,0.0,0.0,0.0
157,18,33.39787347056591,0.29405856,34.64509696116796,11.334440032876087,0.0,1.0,0.0,0.0,0.0,0.0,33.39787347056573,0.0,0.0,0.0,0.0
157,19,154.37985132518196,0.2533392,160.145073988778,45.87182687728638,0.0,10.0,0.0,0.0,0.0,0.0,154.379851325182,0.0,0.0,0.0,0.0
157,20,521.4160739649939,0.2383008,540.8880435321514,146.79744772506072,0.0,17.0,0.0,0.0,0.0,0.0,521.4160739649935,0.0,0.0,0.0,0.0
157,21,302.6012989569223,0.22222128,313.9017624034463,80.1457997711038,0.0,13.0,0.0,0.0,0.0,0.0,302.60129895692194,0.0,0.0,0.0,0.0
157,22,379.65174168255237,0.21204144,393.8296075545149,96.54395711054867,0.0,14.0,0.0,0.0,0.0,0.0,379.6517416825523,0.0,0.0,0.0,0.0
157,23,126.2751159804147,0.26421312,130.99078421204842,38.94527874533087,0.0,9.0,0.0,0.0,0.0,0.0,126.27511598041461,0.0,0.0,0.0,0.0
158,0,151.08110598301568,0.25264512,156.72313898653078,44.782872156482924,0.0,7.0,0.0,0.0,0.0,0.0,151.08110598301568,0.0,0.0,0.0,0.0
158,1,339.8955291751884,0.2430436799999999,352.5887232107765,97.36514755392521,0.0,12.0,0.0,0.0,0.0,0.0,339.8955291751884,0.0,0.0,0.0,0.0
158,2,284.7642152513118,0.24940608,295.3985635387052,83.45189022295054,0.0,15.0,0.0,0.0,0.0,0.0,284.7642152513117,0.0,0.0,0.0,0.0
158,3,193.27929261335922,0.26051136,200.49719150763406,58.868253074736906,0.0,10.0,0.0,0.0,0.0,0.0,193.27929261335922,0.0,0.0,0.0,0.0
158,4,176.986669538397,0.30620496,183.59613022655293,62.295077622675336,0.0,11.0,0.0,0.0,0.0,0.0,176.986669538397,0.0,0.0,0.0,0.0
158,5,0.0,0.39354336,0.0,0.0,0.0,0.0,0.0,0.0,0.0,0.0,0.0,0.0,0.0,0.0,0.0
158,6,0.0,0.47336256,0.0,0.0,0.0,0.0,0.0,0.0,0.0,0.0,0.0,0.0,0.0,0.0,0.0
158,7,0.0,0.5627831999999999,0.0,0.0,0.0,2.0,0.0,0.0,0.0,0.0,0.0,0.0,0.0,0.0,0.0
158,8,0.0,0.47336256,0.0,0.0,0.0,0.0,0.0,0.0,0.0,0.0,0.0,0.0,0.0,0.0,0.0
158,9,0.0,0.42639648,0.0,0.0,0.0,0.0,0.0,0.0,0.0,0.0,0.0,0.0,0.0,0.0,0.0
158,10,0.0,0.4001371199999999,0.0,0.0,0.0,0.0,0.0,0.0,0.0,0.0,0.0,0.0,0.0,0.0,0.0
158,11,0.0,0.34657728,0.0,0.0,0.0,0.0,0.0,0.0,0.0,0.0,0.0,0.0,0.0,0.0,0.0
158,12,0.0,0.31962384,0.0,0.0,0.0,0.0,0.0,0.0,0.0,0.0,0.0,0.0,0.0,0.0,0.0
158,13,0.0,0.30585792,0.0,0.0,0.0,0.0,0.0,0.0,0.0,0.0,0.0,0.0,0.0,0.0,0.0
158,14,0.0,0.29683488,0.0,0.0,0.0,0.0,0.0,0.0,0.0,0.0,0.0,0.0,0.0,0.0,0.0
158,15,0.0,0.30099936,0.0,0.0,0.0,0.0,0.0,0.0,0.0,0.0,0.0,0.0,0.0,0.0,0.0
158,16,0.0,0.30412272,0.0,0.0,0.0,0.0,0.0,0.0,0.0,0.0,0.0,0.0,0.0,0.0,0.0
158,17,0.0,0.31256736,0.0,0.0,0.0,0.0,0.0,0.0,0.0,0.0,0.0,0.0,0.0,0.0,0.0
158,18,0.0,0.3111792,0.0,0.0,0.0,0.0,0.0,0.0,0.0,0.0,0.0,0.0,0.0,0.0,0.0
158,19,0.0,0.28781184,0.0,0.0,0.0,4.0,0.0,0.0,0.0,0.0,0.0,0.0,0.0,0.0,0.0
158,20,180.65761350512682,0.25553712,187.40416338706106,54.09179799605076,0.0,8.0,0.0,0.0,0.0,0.0,180.65761350512682,0.0,0.0,0.0,0.0
158,21,328.62191457250924,0.22407216,340.89410225364037,87.66847260782954,0.0,12.0,0.0,0.0,0.0,0.0,328.62191457250907,0.0,0.0,0.0,0.0
158,22,385.99639899349324,0.19006224,400.41120227540796,89.35666082087312,0.0,12.0,0.0,0.0,0.0,0.0,385.99639899349313,0.0,0.0,0.0,0.0
158,23,193.7293127005692,0.22465056,200.96401732424195,51.79858800517306,0.0,8.0,0.0,0.0,0.0,0.0,193.72931270056915,0.0,0.0,0.0,0.0
159,0,167.79798798850257,0.225576,174.06430289263753,45.02625761505591,0.0,10.0,0.0,0.0,0.0,0.0,167.79798798850257,0.0,0.0,0.0,0.0
159,1,308.9337787915249,0.22453488,320.47072488747403,82.56443674989738,0.0,13.0,0.0,0.0,0.0,0.0,308.93377879152484,0.0,0.0,0.0,0.0
159,2,443.9567140765831,0.2229153599999999,460.53601045288707,117.90429250905962,0.0,14.0,0.0,0.0,0.0,0.0,443.9567140765831,0.0,0.0,0.0,0.0
159,3,142.44534096965776,0.22476624,147.76487652454125,38.10357311344772,0.0,9.0,0.0,0.0,0.0,0.0,142.44534096965776,0.0,0.0,0.0,0.0
159,4,463.6573434290606,0.22939344,480.97234795545705,126.2520861597049,0.0,15.0,0.0,0.0,0.0,0.0,463.65734342906046,0.0,0.0,0.0,0.0
159,5,83.88975974919458,0.2893156799999999,87.02257235393628,28.057441840843566,0.0,8.0,0.0,0.0,0.0,0.0,83.8897597491941,0.0,0.0,0.0,0.0
159,6,52.682928687724754,0.32517648,54.65034096237008,19.579931790797765,0.0,4.0,0.0,0.0,0.0,0.0,52.682928687724754,0.0,0.0,0.0,0.0
159,7,0.0,0.34160304,0.0,0.0,0.0,2.0,0.0,0.0,0.0,0.0,0.0,0.0,0.0,0.0,0.0
159,8,173.35041288926695,0.3221688,179.8240797606504,63.88588502767055,0.0,9.0,0.0,0.0,0.0,0.0,173.35041288926695,0.0,0.0,0.0,0.0
159,9,143.4312764919328,0.31742592,148.78763121569796,52.153921316503244,0.0,6.0,0.0,0.0,0.0,0.0,143.4312764919328,0.0,0.0,0.0,0.0
159,10,37.86699847365228,0.30516384,39.281118748601955,13.287382067398093,0.0,1.0,0.0,0.0,0.0,0.0,37.86699847365228,0.0,0.0,0.0,0.0
159,11,0.0,0.30794016,0.0,0.0,0.0,0.0,0.0,0.0,0.0,0.0,0.0,0.0,0.0,0.0,0.0
159,12,0.0,0.29995824,0.0,0.0,0.0,0.0,0.0,0.0,0.0,0.0,0.0,0.0,0.0,0.0,0.0
159,13,0.0,0.2920919999999999,0.0,0.0,0.0,0.0,0.0,0.0,0.0,0.0,0.0,0.0,0.0,0.0,0.0
159,14,0.0,0.2922076799999999,0.0,0.0,0.0,0.0,0.0,0.0,0.0,0.0,0.0,0.0,0.0,0.0,0.0
159,15,0.0,0.29186064,0.0,0.0,0.0,0.0,0.0,0.0,0.0,0.0,0.0,0.0,0.0,0.0,0.0
159,16,0.0,0.2976446399999999,0.0,0.0,0.0,0.0,0.0,0.0,0.0,0.0,0.0,0.0,0.0,0.0,0.0
159,17,0.0,0.3088655999999999,0.0,0.0,0.0,0.0,0.0,0.0,0.0,0.0,0.0,0.0,0.0,0.0,0.0
159,18,146.54769438795273,0.31198896,152.02042986302152,52.46057204018304,0.0,6.0,0.0,0.0,0.0,0.0,146.54769438795273,0.0,0.0,0.0,0.0
159,19,258.0627565055555,0.30643632,267.69995488128166,90.89385754455643,0.0,8.0,0.0,0.0,0.0,0.0,258.0627565055547,0.0,0.0,0.0,0.0
159,20,285.8766220180033,0.30215616,296.5525124668084,99.42105656797433,0.0,13.0,0.0,0.0,0.0,0.0,285.8766220180032,0.0,0.0,0.0,0.0
159,21,340.75309147120515,0.27740064,353.47831065477726,109.75524168442713,0.0,18.0,0.0,0.0,0.0,0.0,340.75309147120515,0.0,0.0,0.0,0.0
159,22,596.7313954019571,0.22835232,619.0159703339804,161.84316156087036,0.0,19.0,0.0,0.0,0.0,0.0,596.7313954019569,0.0,0.0,0.0,0.0
159,23,470.23911546056524,0.24038304,487.79991230349094,133.40500292849214,0.0,20.0,0.0,0.0,0.0,0.0,470.23911546056524,0.0,0.0,0.0,0.0
160,0,140.27765797645637,0.27740064,145.51624271416637,45.182886493144,0.0,14.0,0.0,0.0,0.0,0.0,140.27765797645637,0.0,0.0,0.0,0.0
160,1,411.54779507120463,0.30689904,426.91679986639485,145.1513021144464,0.0,16.0,0.0,0.0,0.0,0.0,411.54779507120463,0.0,0.0,0.0,0.0
160,2,292.50805782489664,0.3239039999999999,303.43159525404224,108.32629323207408,0.0,12.0,0.0,0.0,0.0,0.0,292.50805782489647,0.0,0.0,0.0,0.0
160,3,32.721129181473614,0.329688,33.943080063769315,12.314142130174742,0.0,4.0,0.0,0.0,0.0,0.0,32.721129181473614,0.0,0.0,0.0,0.0
160,4,0.0,0.37237392,0.0,0.0,0.0,1.0,0.0,0.0,0.0,0.0,0.0,0.0,0.0,0.0,0.0
160,5,0.0,0.45855552,0.0,0.0,0.0,0.0,0.0,0.0,0.0,0.0,0.0,0.0,0.0,0.0,0.0
160,6,0.0,0.50054736,0.0,0.0,0.0,0.0,0.0,0.0,0.0,0.0,0.0,0.0,0.0,0.0,0.0
160,7,0.0,0.5161641599999999,0.0,0.0,0.0,0.0,0.0,0.0,0.0,0.0,0.0,0.0,0.0,0.0,0.0
160,8,0.0,0.49059888,0.0,0.0,0.0,0.0,0.0,0.0,0.0,0.0,0.0,0.0,0.0,0.0,0.0
160,9,0.0,0.47972496,0.0,0.0,0.0,0.0,0.0,0.0,0.0,0.0,0.0,0.0,0.0,0.0,0.0
160,10,0.0,0.46827264,0.0,0.0,0.0,0.0,0.0,0.0,0.0,0.0,0.0,0.0,0.0,0.0,0.0
160,11,0.0,0.44930112,0.0,0.0,0.0,0.0,0.0,0.0,0.0,0.0,0.0,0.0,0.0,0.0,0.0
160,12,0.0,0.39203952,0.0,0.0,0.0,0.0,0.0,0.0,0.0,0.0,0.0,0.0,0.0,0.0,0.0
160,13,0.0,0.36705264,0.0,0.0,0.0,0.0,0.0,0.0,0.0,0.0,0.0,0.0,0.0,0.0,0.0
160,14,0.0,0.36925056,0.0,0.0,0.0,0.0,0.0,0.0,0.0,0.0,0.0,0.0,0.0,0.0,0.0
160,15,0.0,0.39886464,0.0,0.0,0.0,0.0,0.0,0.0,0.0,0.0,0.0,0.0,0.0,0.0,0.0
160,16,0.0,0.45265584,0.0,0.0,0.0,0.0,0.0,0.0,0.0,0.0,0.0,0.0,0.0,0.0,0.0
160,17,0.0,0.47752704,0.0,0.0,0.0,0.0,0.0,0.0,0.0,0.0,0.0,0.0,0.0,0.0,0.0
160,18,0.0,0.4818072,0.0,0.0,0.0,0.0,0.0,0.0,0.0,0.0,0.0,0.0,0.0,0.0,0.0
160,19,0.0,0.4513833599999999,0.0,0.0,0.0,0.0,0.0,0.0,0.0,0.0,0.0,0.0,0.0,0.0,0.0
160,20,0.0,0.38764368,0.0,0.0,0.0,0.0,0.0,0.0,0.0,0.0,0.0,0.0,0.0,0.0,0.0
160,21,0.0,0.3434539199999999,0.0,0.0,0.0,2.0,0.0,0.0,0.0,0.0,0.0,0.0,0.0,0.0,0.0
160,22,162.68858462147938,0.28434144,168.7640919309952,53.572716362867496,0.0,9.0,0.0,0.0,0.0,0.0,162.68858462147887,0.0,0.0,0.0,0.0
160,23,229.13393544630486,0.24015168,237.69080440488057,64.94941162418502,0.0,10.0,0.0,0.0,0.0,0.0,229.1339354463042,0.0,0.0,0.0,0.0
161,0,160.69245821810802,0.23471472,166.69342138807886,44.64295197489035,0.0,9.0,0.0,0.0,0.0,0.0,160.69245821810802,0.0,0.0,0.0,0.0
161,1,304.6487715189841,0.23182272,316.0256965964566,83.72238713222802,0.0,8.0,0.0,0.0,0.0,0.0,304.6487715189841,0.0,0.0,0.0,0.0
161,2,257.386129837534,0.2322854399999999,266.9980599974419,70.8573976315675,0.0,9.0,0.0,0.0,0.0,0.0,257.386129837534,0.0,0.0,0.0,0.0
161,3,220.1788321851739,0.23633424,228.40127820038785,61.53912480695007,0.0,9.0,0.0,0.0,0.0,0.0,220.1788321851734,0.0,0.0,0.0,0.0
161,4,201.17598156363857,0.2423496,208.6887775556417,57.48324030219048,0.0,9.0,0.0,0.0,0.0,0.0,201.17598156363857,0.0,0.0,0.0,0.0
161,5,227.71636985988235,0.30874992,236.22030068452528,80.75189089138091,0.0,10.0,0.0,0.0,0.0,0.0,227.71636985988235,0.0,0.0,0.0,0.0
161,6,0.0,0.41806752,0.0,0.0,0.0,4.0,0.0,0.0,0.0,0.0,0.0,0.0,0.0,0.0,0.0
161,7,0.0,0.46167888,0.0,0.0,0.0,4.0,0.0,0.0,0.0,0.0,0.0,0.0,0.0,0.0,0.0
161,8,0.0,0.45728304,0.0,0.0,0.0,4.0,0.0,0.0,0.0,0.0,0.0,0.0,0.0,0.0,0.0
161,9,152.57962212187195,0.29625648,158.2776163089958,52.12975857032146,0.0,4.0,0.0,0.0,0.0,0.0,152.57962212187195,0.0,0.0,0.0,0.0
161,10,63.60459483687967,0.14934288,65.97987016273825,12.037557534516036,0.0,2.0,0.0,0.0,0.0,0.0,63.60459483687967,0.0,0.0,0.0,0.0
161,11,0.0,0.05275008,0.0,0.0,0.0,0.0,0.0,0.0,0.0,0.0,0.0,0.0,0.0,0.0,0.0
161,12,0.0,0.15408576,0.0,0.0,0.0,0.0,0.0,0.0,0.0,0.0,0.0,0.0,0.0,0.0,0.0
161,13,0.0,0.09913776,0.0,0.0,0.0,0.0,0.0,0.0,0.0,0.0,0.0,0.0,0.0,0.0,0.0
161,14,0.0,0.1197288,0.0,0.0,0.0,0.0,0.0,0.0,0.0,0.0,0.0,0.0,0.0,0.0,0.0
161,15,0.0,0.1579032,0.0,0.0,0.0,0.0,0.0,0.0,0.0,0.0,0.0,0.0,0.0,0.0,0.0
161,16,0.0,0.3862555199999999,0.0,0.0,0.0,0.0,0.0,0.0,0.0,0.0,0.0,0.0,0.0,0.0,0.0
161,17,0.0,0.49036752,0.0,0.0,0.0,0.0,0.0,0.0,0.0,0.0,0.0,0.0,0.0,0.0,0.0
161,18,0.0,0.4956888,0.0,0.0,0.0,0.0,0.0,0.0,0.0,0.0,0.0,0.0,0.0,0.0,0.0
161,19,0.0,0.48041904,0.0,0.0,0.0,0.0,0.0,0.0,0.0,0.0,0.0,0.0,0.0,0.0,0.0
161,20,0.0,0.40476432,0.0,0.0,0.0,0.0,0.0,0.0,0.0,0.0,0.0,0.0,0.0,0.0,0.0
161,21,198.95910633162043,0.27809472,206.38911445188842,64.22720268290338,0.0,6.0,0.0,0.0,0.0,0.0,198.95910633162043,0.0,0.0,0.0,0.0
161,22,139.39011689358605,0.20278704,144.59555694355402,34.108217924566404,0.0,7.0,0.0,0.0,0.0,0.0,139.39011689358605,0.0,0.0,0.0,0.0
161,23,393.47840825370315,0.1264382399999999,408.17262266981663,65.11914183692659,0.0,16.0,0.0,0.0,0.0,0.0,393.47840825370315,0.0,0.0,0.0,0.0
162,0,513.3931029387734,0.0522873599999999,532.5654594800554,45.47435861218886,0.0,13.0,0.0,0.0,0.0,0.0,513.3931029387734,0.0,0.0,0.0,0.0
162,1,294.63829279101606,0.05240304,305.6413825632947,26.133267358964687,0.0,13.0,0.0,0.0,0.0,0.0,294.63829279101606,0.0,0.0,0.0,0.0
162,2,216.12451990843465,0.05390688,224.19556007099033,19.50655619162945,0.0,11.0,0.0,0.0,0.0,0.0,216.12451990843417,0.0,0.0,0.0,0.0
162,3,251.17217366888048,0.08664432,260.55204737435736,31.199627737450204,0.0,12.0,0.0,0.0,0.0,0.0,251.17217366888048,0.0,0.0,0.0,0.0
162,4,288.816847622238,0.11035872,299.6025390272179,42.980596757594725,0.0,10.0,0.0,0.0,0.0,0.0,288.816847622238,0.0,0.0,0.0,0.0
162,5,170.38165502157793,0.1954992,176.74445541657462,40.40364111266463,0.0,12.0,0.0,0.0,0.0,0.0,170.38165502157793,0.0,0.0,0.0,0.0
162,6,105.04623458742539,0.23679696,108.96912301600145,29.410435035884824,0.0,5.0,0.0,0.0,0.0,0.0,105.04623458742539,0.0,0.0,0.0,0.0
162,7,120.6594764195234,0.32899392,125.16543197045998,45.32164191067717,0.0,8.0,0.0,0.0,0.0,0.0,120.6594764195234,0.0,0.0,0.0,0.0
162,8,296.6514498632515,0.1839312,307.7297197751572,66.7869503584661,0.0,14.0,0.0,0.0,0.0,0.0,296.6514498632515,0.0,0.0,0.0,0.0
162,9,173.8978716011368,0.00011568,180.39198298873117,5.991842381519138,0.0,5.0,0.0,0.0,0.0,0.0,173.8978716011368,0.0,0.0,0.0,0.0
162,10,0.0,-0.01943424,0.0,0.0,0.0,0.0,0.0,0.0,0.0,0.0,0.0,0.0,0.0,0.0,0.0
162,11,0.0,-0.04002528,0.0,0.0,0.0,0.0,0.0,0.0,0.0,0.0,0.0,0.0,0.0,0.0,0.0
162,12,0.0,-0.05853408,0.0,0.0,0.0,0.0,0.0,0.0,0.0,0.0,0.0,0.0,0.0,0.0,0.0
162,13,0.0,-0.05888112,0.0,0.0,0.0,0.0,0.0,0.0,0.0,0.0,0.0,0.0,0.0,0.0,0.0
162,14,0.0,-0.06061632,0.0,0.0,0.0,0.0,0.0,0.0,0.0,0.0,0.0,0.0,0.0,0.0,0.0
162,15,0.0,-0.0011568,0.0,0.0,0.0,0.0,0.0,0.0,0.0,0.0,0.0,0.0,0.0,0.0,0.0
162,16,0.0,0.20833968,0.0,0.0,0.0,0.0,0.0,0.0,0.0,0.0,0.0,0.0,0.0,0.0,0.0
162,17,0.0,0.2203704,0.0,0.0,0.0,0.0,0.0,0.0,0.0,0.0,0.0,0.0,0.0,0.0,0.0
162,18,75.91581279795727,0.31164192,78.75084315140798,27.148716869635237,0.0,4.0,0.0,0.0,0.0,0.0,75.91581279795645,0.0,0.0,0.0,0.0
162,19,122.88203271822843,0.23806944,127.47098829691745,34.566236512721666,0.0,9.0,0.0,0.0,0.0,0.0,122.88203271822843,0.0,0.0,0.0,0.0
162,20,125.67225056518487,0.22060176,130.36540515060673,33.07393272982199,0.0,12.0,0.0,0.0,0.0,0.0,125.67225056518487,0.0,0.0,0.0,0.0
162,21,158.20538308635582,0.21609024,164.11346793190438,40.895474461183554,0.0,12.0,0.0,0.0,0.0,0.0,158.20538308635582,0.0,0.0,0.0,0.0
162,22,295.7724329541812,0.20116752,306.81787650848673,71.87746302130944,0.0,17.0,0.0,0.0,0.0,0.0,295.77243295418106,0.0,0.0,0.0,0.0
162,23,153.21707201100418,0.21181008,158.9388713807097,38.92573170495933,0.0,12.0,0.0,0.0,0.0,0.0,153.2170720110042,0.0,0.0,0.0,0.0
163,0,204.3930740116604,0.21007488,212.02601038553982,51.5593996323824,0.0,16.0,0.0,0.0,0.0,0.0,204.3930740116604,0.0,0.0,0.0,0.0
163,1,163.11056339007774,0.21042192,169.20182924281923,41.20435432472349,0.0,14.0,0.0,0.0,0.0,0.0,163.11056339007774,0.0,0.0,0.0,0.0
163,2,132.84830283185772,0.21609024,137.80944277163664,34.340768118530406,0.0,9.0,0.0,0.0,0.0,0.0,132.84830283185772,0.0,0.0,0.0,0.0
163,3,140.05362157080128,0.29533104,145.2838398037358,47.71572260193434,0.0,11.0,0.0,0.0,0.0,0.0,140.05362157080074,0.0,0.0,0.0,0.0
163,4,0.0,0.3731836799999999,0.0,0.0,0.0,0.0,0.0,0.0,0.0,0.0,0.0,0.0,0.0,0.0,0.0
163,5,0.0,0.47648592,0.0,0.0,0.0,0.0,0.0,0.0,0.0,0.0,0.0,0.0,0.0,0.0,0.0
163,6,0.0,0.5204443200000001,0.0,0.0,0.0,0.0,0.0,0.0,0.0,0.0,0.0,0.0,0.0,0.0,0.0
163,7,0.0,0.55422288,0.0,0.0,0.0,0.0,0.0,0.0,0.0,0.0,0.0,0.0,0.0,0.0,0.0
163,8,0.0,0.51951888,0.0,0.0,0.0,0.0,0.0,0.0,0.0,0.0,0.0,0.0,0.0,0.0,0.0
163,9,0.0,0.49025184,0.0,0.0,0.0,0.0,0.0,0.0,0.0,0.0,0.0,0.0,0.0,0.0,0.0
163,10,0.0,0.46780992,0.0,0.0,0.0,0.0,0.0,0.0,0.0,0.0,0.0,0.0,0.0,0.0,0.0
163,11,0.0,0.4542753599999999,0.0,0.0,0.0,0.0,0.0,0.0,0.0,0.0,0.0,0.0,0.0,0.0,0.0
163,12,0.0,0.4257024,0.0,0.0,0.0,0.0,0.0,0.0,0.0,0.0,0.0,0.0,0.0,0.0,0.0
163,13,0.0,0.3677467199999999,0.0,0.0,0.0,0.0,0.0,0.0,0.0,0.0,0.0,0.0,0.0,0.0,0.0
163,14,0.0,0.33362112,0.0,0.0,0.0,0.0,0.0,0.0,0.0,0.0,0.0,0.0,0.0,0.0,0.0
163,15,0.0,0.33443088,0.0,0.0,0.0,0.0,0.0,0.0,0.0,0.0,0.0,0.0,0.0,0.0,0.0
163,16,0.0,0.38764368,0.0,0.0,0.0,0.0,0.0,0.0,0.0,0.0,0.0,0.0,0.0,0.0,0.0
163,17,0.0,0.42200064,0.0,0.0,0.0,0.0,0.0,0.0,0.0,0.0,0.0,0.0,0.0,0.0,0.0
163,18,21.196293484069827,0.42130656,21.987856311275756,9.991426148181105,0.0,1.0,0.0,0.0,0.0,0.0,21.196293484069827,0.0,0.0,0.0,0.0
163,19,153.2605673700852,0.3944688,158.98399104780626,67.97659427152126,0.0,7.0,0.0,0.0,0.0,0.0,153.2605673700852,0.0,0.0,0.0,0.0
163,20,126.3845466959837,0.26803056,131.1043015518503,39.479511744717556,0.0,7.0,0.0,0.0,0.0,0.0,126.3845466959837,0.0,0.0,0.0,0.0
163,21,263.60171443708356,0.20035776,273.4457618641946,63.838035046308285,0.0,10.0,0.0,0.0,0.0,0.0,263.60171443708356,0.0,0.0,0.0,0.0
163,22,213.55242403193972,0.11637408,221.52741082151425,33.11260592732789,0.0,16.0,0.0,0.0,0.0,0.0,213.55242403193967,0.0,0.0,0.0,0.0
163,23,538.2182493208612,0.05251872,558.3176860174909,47.80244563017946,0.0,16.0,0.0,0.0,0.0,0.0,538.2182493208612,0.0,0.0,0.0,0.0
164,0,342.8629295607178,0.0937008,355.66693937833804,45.09885244672476,0.0,13.0,0.0,0.0,0.0,0.0,342.86292956071753,0.0,0.0,0.0,0.0
164,1,306.002444199171,0.0937008,317.42992136843463,40.25036797345461,0.0,11.0,0.0,0.0,0.0,0.0,306.002444199171,0.0,0.0,0.0,0.0
164,2,334.7276757342069,0.13106544,347.22787939233086,57.00281760070892,0.0,14.0,0.0,0.0,0.0,0.0,334.7276757342069,0.0,0.0,0.0,0.0
164,3,278.3966434457215,0.1638028799999999,288.7931985951468,56.864212527796326,0.0,13.0,0.0,0.0,0.0,0.0,278.3966434457215,0.0,0.0,0.0,0.0
164,4,283.4278623812319,0.21319824,294.01230537472196,72.41471335213654,0.0,11.0,0.0,0.0,0.0,0.0,283.4278623812319,0.0,0.0,0.0,0.0
164,5,135.96333250687766,0.48215424,141.04080135568222,72.671870911513,0.0,9.0,0.0,0.0,0.0,0.0,135.96333250687766,0.0,0.0,0.0,0.0
164,6,198.38135235231505,0.63866928,205.78978459783724,138.2432554306442,0.0,8.0,0.0,0.0,0.0,0.0,198.38135235231505,0.0,0.0,0.0,0.0
164,7,0.0,0.6467668799999999,0.0,0.0,0.0,0.0,0.0,0.0,0.0,0.0,0.0,0.0,0.0,0.0,0.0
164,8,0.0,0.64908048,0.0,0.0,0.0,1.0,0.0,0.0,0.0,0.0,0.0,0.0,0.0,0.0,0.0
164,9,76.39732404330897,0.6417926399999999,79.25033614451138,53.4854685814567,0.0,5.0,0.0,0.0,0.0,0.0,76.39732404330897,0.0,0.0,0.0,0.0
164,10,0.0,0.62686992,0.0,0.0,0.0,0.0,0.0,0.0,0.0,0.0,0.0,0.0,0.0,0.0,0.0
164,11,0.0,0.6297619199999999,0.0,0.0,0.0,0.0,0.0,0.0,0.0,0.0,0.0,0.0,0.0,0.0,0.0
164,12,0.0,0.5807136,0.0,0.0,0.0,0.0,0.0,0.0,0.0,0.0,0.0,0.0,0.0,0.0,0.0
164,13,0.0,0.561048,0.0,0.0,0.0,0.0,0.0,0.0,0.0,0.0,0.0,0.0,0.0,0.0,0.0
164,14,0.0,0.6399417599999999,0.0,0.0,0.0,0.0,0.0,0.0,0.0,0.0,0.0,0.0,0.0,0.0,0.0
164,15,0.0,0.64746096,0.0,0.0,0.0,0.0,0.0,0.0,0.0,0.0,0.0,0.0,0.0,0.0,0.0
164,16,0.0,0.66932448,0.0,0.0,0.0,0.0,0.0,0.0,0.0,0.0,0.0,0.0,0.0,0.0,0.0
164,17,0.0,0.66261504,0.0,0.0,0.0,0.0,0.0,0.0,0.0,0.0,0.0,0.0,0.0,0.0,0.0
164,18,29.019563311033863,0.69269184,30.10328144298119,21.848716028539172,0.0,1.0,0.0,0.0,0.0,0.0,29.019563311033863,0.0,0.0,0.0,0.0
164,19,147.6827829982289,0.69315456,153.19790767451133,111.26067903107284,0.0,4.0,0.0,0.0,0.0,0.0,147.68278299822893,0.0,0.0,0.0,0.0
164,20,180.53992491321236,0.6727948799999999,187.28207978549,132.2014612363289,0.0,8.0,0.0,0.0,0.0,0.0,180.5399249132124,0.0,0.0,0.0,0.0
164,21,55.27151234137635,0.6552115199999999,57.3355937151207,39.46474966015717,0.0,5.0,0.0,0.0,0.0,0.0,55.27151234137635,0.0,0.0,0.0,0.0
164,22,481.1328331096935,0.63346368,499.10044928391443,332.68223216433944,0.0,15.0,0.0,0.0,0.0,0.0,481.1328331096933,0.0,0.0,0.0,0.0
164,23,146.9767110466542,0.6520881599999999,152.46546789072016,104.46753340758161,0.0,13.0,0.0,0.0,0.0,0.0,146.9767110466542,0.0,0.0,0.0,0.0
165,0,356.9195248111821,0.65139408,370.24846972114324,253.43288565318178,0.0,15.0,0.0,0.0,0.0,0.0,356.9195248111821,0.0,0.0,0.0,0.0
165,1,327.5661811599658,0.6507,339.79894311199774,232.35451729998405,0.0,12.0,0.0,0.0,0.0,0.0,327.5661811599658,0.0,0.0,0.0,0.0
165,2,375.0973354403785,0.64792368,389.10511975143,264.98980055995963,0.0,14.0,0.0,0.0,0.0,0.0,375.09733544037806,0.0,0.0,0.0,0.0
165,3,302.4605863105112,0.6603014399999999,313.7557949279162,217.55872001136177,0.0,12.0,0.0,0.0,0.0,0.0,302.4605863105112,0.0,0.0,0.0,0.0
165,4,0.0,0.7145553600000001,0.0,0.0,0.0,0.0,0.0,0.0,0.0,0.0,0.0,0.0,0.0,0.0,0.0
165,5,0.0,0.7571256,0.0,0.0,0.0,0.0,0.0,0.0,0.0,0.0,0.0,0.0,0.0,0.0,0.0
165,6,0.0,0.81242064,0.0,0.0,0.0,0.0,0.0,0.0,0.0,0.0,0.0,0.0,0.0,0.0,0.0
165,7,0.0,0.85406544,0.0,0.0,0.0,0.0,0.0,0.0,0.0,0.0,0.0,0.0,0.0,0.0,0.0
165,8,0.0,0.8291942400000001,0.0,0.0,0.0,0.0,0.0,0.0,0.0,0.0,0.0,0.0,0.0,0.0,0.0
165,9,0.0,0.8103384,0.0,0.0,0.0,0.0,0.0,0.0,0.0,0.0,0.0,0.0,0.0,0.0,0.0
165,10,0.0,0.78188112,0.0,0.0,0.0,0.0,0.0,0.0,0.0,0.0,0.0,0.0,0.0,0.0,0.0
165,11,0.0,0.8087188799999999,0.0,0.0,0.0,0.0,0.0,0.0,0.0,0.0,0.0,0.0,0.0,0.0,0.0
165,12,0.0,0.79055712,0.0,0.0,0.0,0.0,0.0,0.0,0.0,0.0,0.0,0.0,0.0,0.0,0.0
165,13,0.0,0.7919452799999999,0.0,0.0,0.0,0.0,0.0,0.0,0.0,0.0,0.0,0.0,0.0,0.0,0.0
165,14,0.0,0.80987568,0.0,0.0,0.0,0.0,0.0,0.0,0.0,0.0,0.0,0.0,0.0,0.0,0.0
165,15,0.0,0.8258395199999999,0.0,0.0,0.0,0.0,0.0,0.0,0.0,0.0,0.0,0.0,0.0,0.0,0.0
165,16,0.0,0.8567260800000001,0.0,0.0,0.0,0.0,0.0,0.0,0.0,0.0,0.0,0.0,0.0,0.0,0.0
165,17,0.0,0.8360193599999999,0.0,0.0,0.0,0.0,0.0,0.0,0.0,0.0,0.0,0.0,0.0,0.0,0.0
165,18,0.0,0.83266464,0.0,0.0,0.0,0.0,0.0,0.0,0.0,0.0,0.0,0.0,0.0,0.0,0.0
165,19,0.0,0.8102227200000001,0.0,0.0,0.0,0.0,0.0,0.0,0.0,0.0,0.0,0.0,0.0,0.0,0.0
165,20,0.0,0.7344523199999999,0.0,0.0,0.0,1.0,0.0,0.0,0.0,0.0,0.0,0.0,0.0,0.0,0.0
165,21,142.0416848548813,0.6673579199999999,147.34614611502215,103.20977502774448,0.0,5.0,0.0,0.0,0.0,0.0,142.04168485488134,0.0,0.0,0.0,0.0
165,22,365.2165853849046,0.58395264,378.85537902998414,233.7737118086523,0.0,13.0,0.0,0.0,0.0,0.0,365.2165853849046,0.0,0.0,0.0,0.0
165,23,234.5385525906316,0.6090552,243.2972537247216,156.23459662504936,0.0,12.0,0.0,0.0,0.0,0.0,234.53855259063164,0.0,0.0,0.0,0.0
166,0,543.378628118157,0.56070096,563.6707760561796,334.70824794610445,0.0,19.0,0.0,0.0,0.0,0.0,543.378628118157,0.0,0.0,0.0,0.0
166,1,596.731395401958,0.55919712,619.0159703339814,366.64137646282256,0.0,20.0,0.0,0.0,0.0,0.0,596.731395401958,0.0,0.0,0.0,0.0
166,2,396.3651796349085,0.5814076799999999,411.16719879139885,252.66540142140127,0.0,16.0,0.0,0.0,0.0,0.0,396.3651796349085,0.0,0.0,0.0,0.0
166,3,210.38928849574248,0.6000321599999999,218.24614989184906,138.17865629271014,0.0,12.0,0.0,0.0,0.0,0.0,210.38928849574248,0.0,0.0,0.0,0.0
166,4,259.12770794543155,0.676728,268.80467629194146,190.80508576295625,0.0,12.0,0.0,0.0,0.0,0.0,259.12770794543155,0.0,0.0,0.0,0.0
166,5,173.8332547860737,0.70206192,180.32495309758684,132.56803874313192,0.0,9.0,0.0,0.0,0.0,0.0,173.83325478607372,0.0,0.0,0.0,0.0
166,6,0.0,0.78037728,0.0,0.0,0.0,0.0,0.0,0.0,0.0,0.0,0.0,0.0,0.0,0.0,0.0
166,7,0.0,0.83590368,0.0,0.0,0.0,1.0,0.0,0.0,0.0,0.0,0.0,0.0,0.0,0.0,0.0
166,8,0.0,0.8086032,0.0,0.0,0.0,0.0,0.0,0.0,0.0,0.0,0.0,0.0,0.0,0.0,0.0
166,9,0.0,0.79287072,0.0,0.0,0.0,0.0,0.0,0.0,0.0,0.0,0.0,0.0,0.0,0.0,0.0
166,10,0.0,0.78350064,0.0,0.0,0.0,0.0,0.0,0.0,0.0,0.0,0.0,0.0,0.0,0.0,0.0
166,11,0.0,0.7874337599999999,0.0,0.0,0.0,0.0,0.0,0.0,0.0,0.0,0.0,0.0,0.0,0.0,0.0
166,12,0.0,0.8114952000000001,0.0,0.0,0.0,0.0,0.0,0.0,0.0,0.0,0.0,0.0,0.0,0.0,0.0
166,13,0.0,0.8090659199999999,0.0,0.0,0.0,0.0,0.0,0.0,0.0,0.0,0.0,0.0,0.0,0.0,0.0
166,14,0.0,0.786624,0.0,0.0,0.0,0.0,0.0,0.0,0.0,0.0,0.0,0.0,0.0,0.0,0.0
166,15,0.0,0.7752873599999999,0.0,0.0,0.0,0.0,0.0,0.0,0.0,0.0,0.0,0.0,0.0,0.0,0.0
166,16,0.0,0.78558288,0.0,0.0,0.0,0.0,0.0,0.0,0.0,0.0,0.0,0.0,0.0,0.0,0.0
166,17,0.0,0.8087188799999999,0.0,0.0,0.0,0.0,0.0,0.0,0.0,0.0,0.0,0.0,0.0,0.0,0.0
166,18,0.0,0.79460592,0.0,0.0,0.0,0.0,0.0,0.0,0.0,0.0,0.0,0.0,0.0,0.0,0.0
166,19,0.0,0.73595616,0.0,0.0,0.0,0.0,0.0,0.0,0.0,0.0,0.0,0.0,0.0,0.0,0.0
166,20,355.5896264583441,0.69951696,368.8689071144649,270.23961736872167,0.0,10.0,0.0,0.0,0.0,0.0,355.5896264583442,0.0,0.0,0.0,0.0
166,21,249.49295797142562,0.65752512,258.8101223769975,178.7407718238286,0.0,8.0,0.0,0.0,0.0,0.0,249.49295797142562,0.0,0.0,0.0,0.0
166,22,436.40309988144696,0.5955206399999999,452.70031108033913,284.5767592795219,0.0,13.0,0.0,0.0,0.0,0.0,436.40309988144685,0.0,0.0,0.0,0.0
166,23,0.0,0.7288996799999999,0.0,0.0,0.0,0.0,0.0,0.0,0.0,0.0,0.0,0.0,0.0,0.0,0.0
167,0,0.0,0.70599504,0.0,0.0,0.0,1.0,0.0,0.0,0.0,0.0,0.0,0.0,0.0,0.0,0.0
167,1,382.75151277115924,0.6939643200000001,397.0451377294184,288.67735307254594,0.0,13.0,0.0,0.0,0.0,0.0,382.75151277115924,0.0,0.0,0.0,0.0
167,2,596.7313954019553,0.6507,619.0159703339788,423.2831205143746,0.0,18.0,0.0,0.0,0.0,0.0,596.7313954019554,0.0,0.0,0.0,0.0
167,3,0.0,0.70518528,0.0,0.0,0.0,1.0,0.0,0.0,0.0,0.0,0.0,0.0,0.0,0.0,0.0
167,4,23.235897297305975,0.73491504,24.103627901769684,18.51194874712276,0.0,1.0,0.0,0.0,0.0,0.0,23.2358972973059,0.0,0.0,0.0,0.0
167,5,29.890919942689166,0.7096967999999999,31.007178363785446,23.032032865649064,0.0,1.0,0.0,0.0,0.0,0.0,29.890919942689166,0.0,0.0,0.0,0.0
167,6,0.0,0.86216304,0.0,0.0,0.0,0.0,0.0,0.0,0.0,0.0,0.0,0.0,0.0,0.0,0.0
167,7,0.0,1.00167312,0.0,0.0,0.0,0.0,0.0,0.0,0.0,0.0,0.0,0.0,0.0,0.0,0.0
167,8,0.0,1.00387104,0.0,0.0,0.0,0.0,0.0,0.0,0.0,0.0,0.0,0.0,0.0,0.0,0.0
167,9,0.0,0.90218832,0.0,0.0,0.0,0.0,0.0,0.0,0.0,0.0,0.0,0.0,0.0,0.0,0.0
167,10,0.0,0.7954156800000001,0.0,0.0,0.0,0.0,0.0,0.0,0.0,0.0,0.0,0.0,0.0,0.0,0.0
167,11,0.0,0.7743619199999999,0.0,0.0,0.0,0.0,0.0,0.0,0.0,0.0,0.0,0.0,0.0,0.0,0.0
167,12,0.0,0.7479868799999999,0.0,0.0,0.0,0.0,0.0,0.0,0.0,0.0,0.0,0.0,0.0,0.0,0.0
167,13,0.0,0.7241567999999999,0.0,0.0,0.0,0.0,0.0,0.0,0.0,0.0,0.0,0.0,0.0,0.0,0.0
167,14,0.0,0.7253136000000001,0.0,0.0,0.0,0.0,0.0,0.0,0.0,0.0,0.0,0.0,0.0,0.0,0.0
167,15,0.0,0.74127744,0.0,0.0,0.0,0.0,0.0,0.0,0.0,0.0,0.0,0.0,0.0,0.0,0.0
167,16,0.0,0.7627939199999999,0.0,0.0,0.0,0.0,0.0,0.0,0.0,0.0,0.0,0.0,0.0,0.0,0.0
167,17,0.0,0.7701974399999999,0.0,0.0,0.0,0.0,0.0,0.0,0.0,0.0,0.0,0.0,0.0,0.0,0.0
167,18,0.0,0.7422028799999999,0.0,0.0,0.0,0.0,0.0,0.0,0.0,0.0,0.0,0.0,0.0,0.0,0.0
167,19,0.0,0.69049392,0.0,0.0,0.0,0.0,0.0,0.0,0.0,0.0,0.0,0.0,0.0,0.0,0.0
167,20,0.0,0.6461884800000001,0.0,0.0,0.0,0.0,0.0,0.0,0.0,0.0,0.0,0.0,0.0,0.0,0.0
167,21,131.9143546802066,0.5922816000000001,136.8406168881811,85.57760393451775,0.0,5.0,0.0,0.0,0.0,0.0,131.9143546802066,0.0,0.0,0.0,0.0
167,22,200.7688925396024,0.4460620799999999,208.26648603693198,99.79340264374727,0.0,5.0,0.0,0.0,0.0,0.0,200.7688925396024,0.0,0.0,0.0,0.0
167,23,377.3205872641245,0.55040544,391.4113975768927,228.39067976411974,0.0,11.0,0.0,0.0,0.0,0.0,377.3205872641245,0.0,0.0,0.0,0.0
168,0,421.27808435875886,0.52495584,437.0104609530694,243.87623987595236,0.0,11.0,0.0,0.0,0.0,0.0,421.27808435875863,0.0,0.0,0.0,0.0
168,1,511.6895014256737,0.54577824,530.7982379934375,307.2675498047422,0.0,12.0,0.0,0.0,0.0,0.0,511.68950142567326,0.0,0.0,0.0,0.0
168,2,82.73508629548553,0.58152336,85.82477831481903,52.74991361910921,0.0,4.0,0.0,0.0,0.0,0.0,82.73508629548546,0.0,0.0,0.0,0.0
168,3,236.22426459605748,0.58406832,245.04591763076505,151.23457730703763,0.0,7.0,0.0,0.0,0.0,0.0,236.22426459605748,0.0,0.0,0.0,0.0
168,4,288.4822840176331,0.59968512,299.25548134609244,189.36441567424487,0.0,8.0,0.0,0.0,0.0,0.0,288.4822840176331,0.0,0.0,0.0,0.0
168,5,232.35075770071666,0.6149548799999999,241.0277569509509,156.19921410751763,0.0,8.0,0.0,0.0,0.0,0.0,232.3507577007166,0.0,0.0,0.0,0.0
168,6,76.18323644586253,0.6325382399999999,79.0282535745462,52.60422761963464,0.0,4.0,0.0,0.0,0.0,0.0,76.18323644586255,0.0,0.0,0.0,0.0
168,7,22.924140007644127,0.64352784,23.78022822369723,16.09036445770729,0.0,3.0,0.0,0.0,0.0,0.0,22.924140007644127,0.0,0.0,0.0,0.0
168,8,79.00408813695314,0.63704976,81.95444827484766,54.92175384232158,0.0,4.0,0.0,0.0,0.0,0.0,79.00408813695314,0.0,0.0,0.0,0.0
168,9,184.3458655190018,0.62999328,191.2301509533214,126.80342803053301,0.0,5.0,0.0,0.0,0.0,0.0,184.3458655190018,0.0,0.0,0.0,0.0
168,10,25.296396621782336,0.6227054399999999,26.241075333799106,17.20903995535527,0.0,1.0,0.0,0.0,0.0,0.0,25.296396621782336,0.0,0.0,0.0,0.0
168,11,0.0,0.6398260800000001,0.0,0.0,0.0,0.0,0.0,0.0,0.0,0.0,0.0,0.0,0.0,0.0,0.0
168,12,0.0,0.5598911999999999,0.0,0.0,0.0,0.0,0.0,0.0,0.0,0.0,0.0,0.0,0.0,0.0,0.0
168,13,0.0,0.46665312,0.0,0.0,0.0,0.0,0.0,0.0,0.0,0.0,0.0,0.0,0.0,0.0,0.0
168,14,0.0,0.6375124799999999,0.0,0.0,0.0,0.0,0.0,0.0,0.0,0.0,0.0,0.0,0.0,0.0,0.0
168,15,0.0,0.6437592,0.0,0.0,0.0,0.0,0.0,0.0,0.0,0.0,0.0,0.0,0.0,0.0,0.0
168,16,0.0,0.66516,0.0,0.0,0.0,0.0,0.0,0.0,0.0,0.0,0.0,0.0,0.0,0.0,0.0
168,17,0.0,0.68089248,0.0,0.0,0.0,0.0,0.0,0.0,0.0,0.0,0.0,0.0,0.0,0.0,0.0
168,18,0.0,0.668052,0.0,0.0,0.0,0.0,0.0,0.0,0.0,0.0,0.0,0.0,0.0,0.0,0.0
168,19,37.682373296876165,0.63068736,39.08959885568068,25.947181627871295,0.0,2.0,0.0,0.0,0.0,0.0,37.68237329687616,0.0,0.0,0.0,0.0
168,20,47.46936456114926,0.6132196799999999,49.242079420279325,31.82612501344952,0.0,4.0,0.0,0.0,0.0,0.0,47.46936456114926,0.0,0.0,0.0,0.0
168,21,70.77361027378393,0.58834848,73.41660816782566,45.62463955265084,0.0,5.0,0.0,0.0,0.0,0.0,70.77361027378393,0.0,0.0,0.0,0.0
168,22,187.2803729367609,0.48863232,194.27424578502166,101.3591529696696,0.0,6.0,0.0,0.0,0.0,0.0,187.28037293676084,0.0,0.0,0.0,0.0
168,23,264.3115569102116,0.4320647999999999,274.18211297739794,127.5398677467087,0.0,9.0,0.0,0.0,0.0,0.0,264.31155691021155,0.0,0.0,0.0,0.0
169,0,159.00711220182882,0.28434144,164.9451371388266,52.360421854346605,0.0,5.0,0.0,0.0,0.0,0.0,159.0071122018287,0.0,0.0,0.0,0.0
169,1,438.6560172361728,0.28260624,455.0373622781876,143.65813470436444,0.0,13.0,0.0,0.0,0.0,0.0,438.6560172361728,0.0,0.0,0.0,0.0
169,2,151.26995959529683,0.2804083199999999,156.91904522333698,49.195426243972385,0.0,8.0,0.0,0.0,0.0,0.0,151.26995959529674,0.0,0.0,0.0,0.0
169,3,418.8992723777552,0.3111792,434.54281366987055,149.60405225601215,0.0,15.0,0.0,0.0,0.0,0.0,418.8992723777551,0.0,0.0,0.0,0.0
169,4,132.4141795230511,0.4951104,137.35910738905716,72.55450905761684,0.0,10.0,0.0,0.0,0.0,0.0,132.4141795230511,0.0,0.0,0.0,0.0
169,5,84.32265203397796,0.54924864,87.47163074064103,50.9389852003945,0.0,10.0,0.0,0.0,0.0,0.0,84.32265203397796,0.0,0.0,0.0,0.0
169,6,101.12335492168128,0.58256448,104.89974576937891,64.58304743123689,0.0,6.0,0.0,0.0,0.0,0.0,101.12335492168128,0.0,0.0,0.0,0.0
169,7,96.919183766592,0.6111374399999999,100.5385723719834,64.77071248618132,0.0,8.0,0.0,0.0,0.0,0.0,96.919183766592,0.0,0.0,0.0,0.0
169,8,9.932875548710804,0.6353145600000001,10.30381280986598,6.887218505628933,0.0,5.0,0.0,0.0,0.0,0.0,9.932875548710804,0.0,0.0,0.0,0.0
169,9,0.0,0.64734528,0.0,0.0,0.0,1.0,0.0,0.0,0.0,0.0,0.0,0.0,0.0,0.0,0.0
169,10,38.988313492277854,0.60570048,40.44430860194798,25.835843748192502,0.0,2.0,0.0,0.0,0.0,0.0,38.988313492277854,0.0,0.0,0.0,0.0
169,11,0.0,0.52969872,0.0,0.0,0.0,0.0,0.0,0.0,0.0,0.0,0.0,0.0,0.0,0.0,0.0
169,12,0.0,0.3481968,0.0,0.0,0.0,0.0,0.0,0.0,0.0,0.0,0.0,0.0,0.0,0.0,0.0
169,13,0.0,0.29833872,0.0,0.0,0.0,0.0,0.0,0.0,0.0,0.0,0.0,0.0,0.0,0.0,0.0
169,14,0.0,0.56660064,0.0,0.0,0.0,0.0,0.0,0.0,0.0,0.0,0.0,0.0,0.0,0.0,0.0
169,15,0.0,0.6500059199999999,0.0,0.0,0.0,0.0,0.0,0.0,0.0,0.0,0.0,0.0,0.0,0.0,0.0
169,16,0.0,0.6501216000000001,0.0,0.0,0.0,0.0,0.0,0.0,0.0,0.0,0.0,0.0,0.0,0.0,0.0
169,17,0.0,0.659376,0.0,0.0,0.0,0.0,0.0,0.0,0.0,0.0,0.0,0.0,0.0,0.0,0.0
169,18,0.0,0.65810352,0.0,0.0,0.0,0.0,0.0,0.0,0.0,0.0,0.0,0.0,0.0,0.0,0.0
169,19,15.517724683188064,0.63762816,16.097224775091355,10.79686195450344,0.0,4.0,0.0,0.0,0.0,0.0,15.517724683188066,0.0,0.0,0.0,0.0
169,20,89.76971772065357,0.61958208,93.12211381810536,60.77913494079776,0.0,5.0,0.0,0.0,0.0,0.0,89.76971772065356,0.0,0.0,0.0,0.0
169,21,103.03178930156888,0.59309136,106.87944948295527,66.92698782778307,0.0,10.0,0.0,0.0,0.0,0.0,103.03178930156888,0.0,0.0,0.0,0.0
169,22,235.13291683206688,0.5730787199999999,243.91381414114824,147.8553636463991,0.0,13.0,0.0,0.0,0.0,0.0,235.13291683206688,0.0,0.0,0.0,0.0
169,23,263.7757525249219,0.57076512,273.62629929971155,165.23337806177622,0.0,20.0,0.0,0.0,0.0,0.0,263.7757525249219,0.0,0.0,0.0,0.0
170,0,355.20354793920944,0.5476291200000001,368.468410725321,213.98033590831426,0.0,21.0,0.0,0.0,0.0,0.0,355.20354793920933,0.0,0.0,0.0,0.0
170,1,374.2077619042433,0.55676784,388.18232562680845,228.9762699436622,0.0,20.0,0.0,0.0,0.0,0.0,374.2077619042432,0.0,0.0,0.0,0.0
170,2,136.9282607184868,0.57654912,142.04176423079545,86.59563656655192,0.0,10.0,0.0,0.0,0.0,0.0,136.92826071848654,0.0,0.0,0.0,0.0
170,3,170.14961939309705,0.61588032,176.50375455715465,114.5474631137037,0.0,11.0,0.0,0.0,0.0,0.0,170.14961939309705,0.0,0.0,0.0,0.0
170,4,0.0,0.6576408,0.0,0.0,0.0,0.0,0.0,0.0,0.0,0.0,0.0,0.0,0.0,0.0,0.0
170,5,0.0,0.8400681600000001,0.0,0.0,0.0,0.0,0.0,0.0,0.0,0.0,0.0,0.0,0.0,0.0,0.0
170,6,0.0,1.0191408,0.0,0.0,0.0,0.0,0.0,0.0,0.0,0.0,0.0,0.0,0.0,0.0,0.0
170,7,0.0,1.4852155199999997,0.0,0.0,0.0,0.0,0.0,0.0,0.0,0.0,0.0,0.0,0.0,0.0,0.0
170,8,0.0,1.3378392,0.0,0.0,0.0,1.0,0.0,0.0,0.0,0.0,0.0,0.0,0.0,0.0,0.0
170,9,0.0,1.11411408,0.0,0.0,0.0,0.0,0.0,0.0,0.0,0.0,0.0,0.0,0.0,0.0,0.0
170,10,0.0,1.0405416,0.0,0.0,0.0,0.0,0.0,0.0,0.0,0.0,0.0,0.0,0.0,0.0,0.0
170,11,0.0,1.01312544,0.0,0.0,0.0,0.0,0.0,0.0,0.0,0.0,0.0,0.0,0.0,0.0,0.0
170,12,0.0,0.99843408,0.0,0.0,0.0,0.0,0.0,0.0,0.0,0.0,0.0,0.0,0.0,0.0,0.0
170,13,0.0,0.98767584,0.0,0.0,0.0,0.0,0.0,0.0,0.0,0.0,0.0,0.0,0.0,0.0,0.0
170,14,0.0,0.98293296,0.0,0.0,0.0,0.0,0.0,0.0,0.0,0.0,0.0,0.0,0.0,0.0,0.0
170,15,0.0,0.97564512,0.0,0.0,0.0,0.0,0.0,0.0,0.0,0.0,0.0,0.0,0.0,0.0,0.0
170,16,0.0,0.9855936,0.0,0.0,0.0,0.0,0.0,0.0,0.0,0.0,0.0,0.0,0.0,0.0,0.0
170,17,0.0,0.9840897599999998,0.0,0.0,0.0,0.0,0.0,0.0,0.0,0.0,0.0,0.0,0.0,0.0,0.0
170,18,0.0,0.97784304,0.0,0.0,0.0,0.0,0.0,0.0,0.0,0.0,0.0,0.0,0.0,0.0,0.0
170,19,0.0,0.97252176,0.0,0.0,0.0,0.0,0.0,0.0,0.0,0.0,0.0,0.0,0.0,0.0,0.0
170,20,0.0,0.8676,0.0,0.0,0.0,0.0,0.0,0.0,0.0,0.0,0.0,0.0,0.0,0.0,0.0
170,21,0.0,0.723,0.0,0.0,0.0,0.0,0.0,0.0,0.0,0.0,0.0,0.0,0.0,0.0,0.0
170,22,30.178093814674845,0.66782064,31.305076571239468,21.942374305562172,0.0,1.0,0.0,0.0,0.0,0.0,30.178093814674845,0.0,0.0,0.0,0.0
170,23,0.0,0.65278224,0.0,0.0,0.0,2.0,0.0,0.0,0.0,0.0,0.0,0.0,0.0,0.0,0.0
171,0,460.551952086916,0.64746096,477.75098764202903,325.13867079060753,0.0,17.0,0.0,0.0,0.0,0.0,460.5519520869159,0.0,0.0,0.0,0.0
171,1,315.27122577830255,0.6448003200000001,327.04484001898606,221.70380170321948,0.0,13.0,0.0,0.0,0.0,0.0,315.27122577830255,0.0,0.0,0.0,0.0
171,2,443.1960757666513,0.64005744,459.74696656291644,309.4820910592584,0.0,16.0,0.0,0.0,0.0,0.0,443.19607576665135,0.0,0.0,0.0,0.0
171,3,427.92746165834785,0.6449159999999999,443.90815524724877,300.9768317881186,0.0,16.0,0.0,0.0,0.0,0.0,427.92746165834785,0.0,0.0,0.0,0.0
171,4,264.8388994513134,0.64746096,274.7291488084164,186.96993325303873,0.0,12.0,0.0,0.0,0.0,0.0,264.8388994513134,0.0,0.0,0.0,0.0
171,5,0.0,0.68147088,0.0,0.0,0.0,0.0,0.0,0.0,0.0,0.0,0.0,0.0,0.0,0.0,0.0
171,6,0.0,0.78118704,0.0,0.0,0.0,0.0,0.0,0.0,0.0,0.0,0.0,0.0,0.0,0.0,0.0
171,7,0.0,0.90820368,0.0,0.0,0.0,0.0,0.0,0.0,0.0,0.0,0.0,0.0,0.0,0.0,0.0
171,8,0.0,0.7999272000000001,0.0,0.0,0.0,0.0,0.0,0.0,0.0,0.0,0.0,0.0,0.0,0.0,0.0
171,9,0.0,0.7524983999999999,0.0,0.0,0.0,0.0,0.0,0.0,0.0,0.0,0.0,0.0,0.0,0.0,0.0
171,10,0.0,0.71802576,0.0,0.0,0.0,0.0,0.0,0.0,0.0,0.0,0.0,0.0,0.0,0.0,0.0
171,11,0.0,0.73479936,0.0,0.0,0.0,0.0,0.0,0.0,0.0,0.0,0.0,0.0,0.0,0.0,0.0
171,12,0.0,0.69037824,0.0,0.0,0.0,0.0,0.0,0.0,0.0,0.0,0.0,0.0,0.0,0.0,0.0
171,13,0.0,0.68066112,0.0,0.0,0.0,0.0,0.0,0.0,0.0,0.0,0.0,0.0,0.0,0.0,0.0
171,14,0.0,0.6874862399999999,0.0,0.0,0.0,0.0,0.0,0.0,0.0,0.0,0.0,0.0,0.0,0.0,0.0
171,15,0.0,0.7131672,0.0,0.0,0.0,0.0,0.0,0.0,0.0,0.0,0.0,0.0,0.0,0.0,0.0
171,16,0.0,0.7455575999999999,0.0,0.0,0.0,0.0,0.0,0.0,0.0,0.0,0.0,0.0,0.0,0.0,0.0
171,17,0.0,0.7935647999999998,0.0,0.0,0.0,0.0,0.0,0.0,0.0,0.0,0.0,0.0,0.0,0.0,0.0
171,18,0.0,0.8171635199999999,0.0,0.0,0.0,0.0,0.0,0.0,0.0,0.0,0.0,0.0,0.0,0.0,0.0
171,19,0.0,0.72508224,0.0,0.0,0.0,0.0,0.0,0.0,0.0,0.0,0.0,0.0,0.0,0.0,0.0
171,20,0.0,0.69650928,0.0,0.0,0.0,0.0,0.0,0.0,0.0,0.0,0.0,0.0,0.0,0.0,0.0
171,21,0.0,0.66249936,0.0,0.0,0.0,1.0,0.0,0.0,0.0,0.0,0.0,0.0,0.0,0.0,0.0
171,22,577.2908677763484,0.6461884800000001,598.8494479007766,406.7915312133577,0.0,13.0,0.0,0.0,0.0,0.0,577.2908677763485,0.0,0.0,0.0,0.0
171,23,310.3096090715714,0.64815504,321.89793472154713,219.29459039464498,0.0,11.0,0.0,0.0,0.0,0.0,310.30960907157123,0.0,0.0,0.0,0.0
172,0,533.0559261538426,0.5945952,552.9625789977621,347.0919566165161,0.0,14.0,0.0,0.0,0.0,0.0,533.0559261538426,0.0,0.0,0.0,0.0
172,1,523.1366135380547,0.5548012800000001,542.6728356203887,319.03805468245616,0.0,13.0,0.0,0.0,0.0,0.0,523.1366135380546,0.0,0.0,0.0,0.0
172,2,529.6913891371387,0.55792464,549.4723953704759,324.7517246637732,0.0,15.0,0.0,0.0,0.0,0.0,529.6913891371387,0.0,0.0,0.0,0.0
172,3,400.8331279170067,0.6192350400000001,415.80199991390737,271.24221424591883,0.0,11.0,0.0,0.0,0.0,0.0,400.8331279170067,0.0,0.0,0.0,0.0
172,4,0.0,0.65486448,0.0,0.0,0.0,1.0,0.0,0.0,0.0,0.0,0.0,0.0,0.0,0.0,0.0
172,5,0.0,0.6780004799999999,0.0,0.0,0.0,0.0,0.0,0.0,0.0,0.0,0.0,0.0,0.0,0.0,0.0
172,6,0.0,0.7742462400000001,0.0,0.0,0.0,0.0,0.0,0.0,0.0,0.0,0.0,0.0,0.0,0.0,0.0
172,7,0.0,0.8947847999999999,0.0,0.0,0.0,0.0,0.0,0.0,0.0,0.0,0.0,0.0,0.0,0.0,0.0
172,8,0.0,0.803976,0.0,0.0,0.0,0.0,0.0,0.0,0.0,0.0,0.0,0.0,0.0,0.0,0.0
172,9,0.0,0.7351464,0.0,0.0,0.0,0.0,0.0,0.0,0.0,0.0,0.0,0.0,0.0,0.0,0.0
172,10,0.0,0.6848256,0.0,0.0,0.0,0.0,0.0,0.0,0.0,0.0,0.0,0.0,0.0,0.0,0.0
172,11,0.0,0.68551968,0.0,0.0,0.0,0.0,0.0,0.0,0.0,0.0,0.0,0.0,0.0,0.0,0.0
172,12,0.0,0.67510848,0.0,0.0,0.0,0.0,0.0,0.0,0.0,0.0,0.0,0.0,0.0,0.0,0.0
172,13,0.0,0.67314192,0.0,0.0,0.0,0.0,0.0,0.0,0.0,0.0,0.0,0.0,0.0,0.0,0.0
172,14,0.0,0.6766123199999999,0.0,0.0,0.0,0.0,0.0,0.0,0.0,0.0,0.0,0.0,0.0,0.0,0.0
172,15,0.0,0.6778848000000001,0.0,0.0,0.0,0.0,0.0,0.0,0.0,0.0,0.0,0.0,0.0,0.0,0.0
172,16,0.0,0.68505696,0.0,0.0,0.0,0.0,0.0,0.0,0.0,0.0,0.0,0.0,0.0,0.0,0.0
172,17,0.0,0.6888743999999999,0.0,0.0,0.0,0.0,0.0,0.0,0.0,0.0,0.0,0.0,0.0,0.0,0.0
172,18,0.0,0.67996704,0.0,0.0,0.0,0.0,0.0,0.0,0.0,0.0,0.0,0.0,0.0,0.0,0.0
172,19,0.0,0.6583348799999998,0.0,0.0,0.0,0.0,0.0,0.0,0.0,0.0,0.0,0.0,0.0,0.0,0.0
172,20,0.0,0.6450316799999999,0.0,0.0,0.0,0.0,0.0,0.0,0.0,0.0,0.0,0.0,0.0,0.0,0.0
172,21,77.39133317835666,0.5899679999999999,80.28146595265216,50.020812428187064,0.0,2.0,0.0,0.0,0.0,0.0,77.39133317835666,0.0,0.0,0.0,0.0
172,22,374.3122291796965,0.52484016,388.2906941698097,216.6429720316147,0.0,9.0,0.0,0.0,0.0,0.0,374.3122291796965,0.0,0.0,0.0,0.0
172,23,102.05965995227254,0.55318176,105.87101654800057,62.0702459147509,0.0,5.0,0.0,0.0,0.0,0.0,102.05965995227254,0.0,0.0,0.0,0.0
173,0,166.4967487465157,0.52414608,172.71446965406193,96.24446117400497,0.0,7.0,0.0,0.0,0.0,0.0,166.49674874651566,0.0,0.0,0.0,0.0
173,1,306.5548186309079,0.4794936,318.0029238909833,163.00626356780515,0.0,8.0,0.0,0.0,0.0,0.0,306.5548186309079,0.0,0.0,0.0,0.0
173,2,249.34468198327056,0.47509776,258.6563091112766,131.4485569002183,0.0,6.0,0.0,0.0,0.0,0.0,249.34468198327053,0.0,0.0,0.0,0.0
173,3,416.3685242491306,0.5246088,431.91755627503176,240.88422200908042,0.0,12.0,0.0,0.0,0.0,0.0,416.3685242491305,0.0,0.0,0.0,0.0
173,4,268.7698306738374,0.57678048,278.8068782923625,170.0388727602476,0.0,8.0,0.0,0.0,0.0,0.0,268.7698306738373,0.0,0.0,0.0,0.0
173,5,116.19492894782651,0.5849937599999999,120.53415865957109,74.50141133433084,0.0,8.0,0.0,0.0,0.0,0.0,116.19492894782647,0.0,0.0,0.0,0.0
173,6,0.0,0.6389006399999999,0.0,0.0,0.0,2.0,0.0,0.0,0.0,0.0,0.0,0.0,0.0,0.0,0.0
173,7,0.0,0.68841168,0.0,0.0,0.0,1.0,0.0,0.0,0.0,0.0,0.0,0.0,0.0,0.0,0.0
173,8,0.0,0.6847099199999999,0.0,0.0,0.0,1.0,0.0,0.0,0.0,0.0,0.0,0.0,0.0,0.0,0.0
173,9,141.38904490315912,0.61206288,146.66913371697004,94.6254807159455,0.0,4.0,0.0,0.0,0.0,0.0,141.38904490315912,0.0,0.0,0.0,0.0
173,10,0.0,0.59482656,0.0,0.0,0.0,0.0,0.0,0.0,0.0,0.0,0.0,0.0,0.0,0.0,0.0
173,11,0.0,0.5796724799999999,0.0,0.0,0.0,0.0,0.0,0.0,0.0,0.0,0.0,0.0,0.0,0.0,0.0
173,12,0.0,0.56208912,0.0,0.0,0.0,0.0,0.0,0.0,0.0,0.0,0.0,0.0,0.0,0.0,0.0
173,13,0.0,0.55549536,0.0,0.0,0.0,0.0,0.0,0.0,0.0,0.0,0.0,0.0,0.0,0.0,0.0
173,14,0.0,0.54045696,0.0,0.0,0.0,0.0,0.0,0.0,0.0,0.0,0.0,0.0,0.0,0.0,0.0
173,15,0.0,0.48655008,0.0,0.0,0.0,0.0,0.0,0.0,0.0,0.0,0.0,0.0,0.0,0.0,0.0
173,16,0.0,0.5159328000000001,0.0,0.0,0.0,0.0,0.0,0.0,0.0,0.0,0.0,0.0,0.0,0.0,0.0
173,17,0.0,0.5580403199999999,0.0,0.0,0.0,0.0,0.0,0.0,0.0,0.0,0.0,0.0,0.0,0.0,0.0
173,18,0.0,0.5656752,0.0,0.0,0.0,0.0,0.0,0.0,0.0,0.0,0.0,0.0,0.0,0.0,0.0
173,19,43.43513565224822,0.5657908799999999,45.057194660008534,26.98434296026381,0.0,2.0,0.0,0.0,0.0,0.0,43.43513565224811,0.0,0.0,0.0,0.0
173,20,46.27518110285496,0.56660064,48.00329989922714,28.78760967167845,0.0,3.0,0.0,0.0,0.0,0.0,46.27518110285496,0.0,0.0,0.0,0.0
173,21,106.63246399626634,0.54392736,110.61458920774518,63.82764438802969,0.0,2.0,0.0,0.0,0.0,0.0,106.63246399626634,0.0,0.0,0.0,0.0
173,22,150.84386679839554,0.2576193599999999,156.47704024729833,45.490904995388796,0.0,5.0,0.0,0.0,0.0,0.0,150.84386679839548,0.0,0.0,0.0,0.0
173,23,317.6355286740833,0.1885584,329.4974363839038,73.03587455295788,0.0,8.0,0.0,0.0,0.0,0.0,317.6355286740831,0.0,0.0,0.0,0.0
174,0,316.78143370810216,0.1147545599999999,328.6114457552927,48.586700723112635,0.0,8.0,0.0,0.0,0.0,0.0,316.78143370810216,0.0,0.0,0.0,0.0
174,1,393.07728481641425,0.0429172799999999,407.7565195191019,30.99654151610899,0.0,12.0,0.0,0.0,0.0,0.0,393.07728481641425,0.0,0.0,0.0,0.0
174,2,435.7680855340649,0.02625936,452.0415825042167,26.832899030837503,0.0,11.0,0.0,0.0,0.0,0.0,435.76808553406465,0.0,0.0,0.0,0.0
174,3,357.152456636706,0.03921552,370.49010024554576,26.79218425410876,0.0,11.0,0.0,0.0,0.0,0.0,357.15245663670584,0.0,0.0,0.0,0.0
174,4,279.41569896906134,0.12065424,289.85031013388107,44.56571414839918,0.0,7.0,0.0,0.0,0.0,0.0,279.41569896906134,0.0,0.0,0.0,0.0
174,5,159.3353709208274,0.20220864,165.28565448218612,38.89314256771311,0.0,6.0,0.0,0.0,0.0,0.0,159.33537092082716,0.0,0.0,0.0,0.0
174,6,48.9518219788291,0.36508608,50.77989831828746,20.219848654157474,0.0,5.0,0.0,0.0,0.0,0.0,48.9518219788291,0.0,0.0,0.0,0.0
174,7,111.6071499695536,0.2239564799999999,115.77505183563652,29.76072729668625,0.0,4.0,0.0,0.0,0.0,0.0,111.6071499695536,0.0,0.0,0.0,0.0
174,8,84.48082172749069,0.20116752,87.63570718619367,20.53019978595577,0.0,6.0,0.0,0.0,0.0,0.0,84.4808217274907,0.0,0.0,0.0,0.0
174,9,285.3313979368622,0.18717024,295.9869273203965,65.19711151772628,0.0,7.0,0.0,0.0,0.0,0.0,285.3313979368622,0.0,0.0,0.0,0.0
174,10,185.1209422075929,0.1182249599999999,192.03417241451547,29.059563459259635,0.0,5.0,0.0,0.0,0.0,0.0,185.1209422075924,0.0,0.0,0.0,0.0
174,11,0.0,0.0624672,0.0,0.0,0.0,0.0,0.0,0.0,0.0,0.0,0.0,0.0,0.0,0.0,0.0
174,12,0.0,0.03030816,0.0,0.0,0.0,0.0,0.0,0.0,0.0,0.0,0.0,0.0,0.0,0.0,0.0
174,13,0.0,0.02614368,0.0,0.0,0.0,0.0,0.0,0.0,0.0,0.0,0.0,0.0,0.0,0.0,0.0
174,14,0.0,0.02579664,0.0,0.0,0.0,0.0,0.0,0.0,0.0,0.0,0.0,0.0,0.0,0.0,0.0
174,15,0.0,0.0393312,0.0,0.0,0.0,0.0,0.0,0.0,0.0,0.0,0.0,0.0,0.0,0.0,0.0
174,16,0.0,0.13974144,0.0,0.0,0.0,0.0,0.0,0.0,0.0,0.0,0.0,0.0,0.0,0.0,0.0
174,17,0.0,0.19711872,0.0,0.0,0.0,0.0,0.0,0.0,0.0,0.0,0.0,0.0,0.0,0.0,0.0
174,18,41.774894259293156,0.1943424,43.33495255113398,9.856205612116035,0.0,1.0,0.0,0.0,0.0,0.0,41.774894259293156,0.0,0.0,0.0,0.0
174,19,82.06527314438009,0.1879799999999999,85.12995139458515,18.820529654314875,0.0,2.0,0.0,0.0,0.0,0.0,82.06527314438007,0.0,0.0,0.0,0.0
174,20,163.60868433094612,0.18589776,169.71855221052505,37.16798276454803,0.0,7.0,0.0,0.0,0.0,0.0,163.60868433094612,0.0,0.0,0.0,0.0
174,21,223.79780654327413,0.1723632,232.15540097850018,47.69939158232578,0.0,9.0,0.0,0.0,0.0,0.0,223.7978065432742,0.0,0.0,0.0,0.0
174,22,135.5253001601826,0.11521728,140.5864109545463,20.85139407774051,0.0,10.0,0.0,0.0,0.0,0.0,135.5253001601826,0.0,0.0,0.0,0.0
174,23,206.85860565472763,0.052056,214.58361582440625,18.27308238914314,0.0,10.0,0.0,0.0,0.0,0.0,206.85860565472763,0.0,0.0,0.0,0.0
175,0,255.60259857804851,0.03458832,265.1479238361499,17.947417515956943,0.0,7.0,0.0,0.0,0.0,0.0,255.60259857804851,0.0,0.0,0.0,0.0
175,1,297.91357747305517,0.02637504,309.03898078117754,18.380105743519763,0.0,10.0,0.0,0.0,0.0,0.0,297.913577473055,0.0,0.0,0.0,0.0
175,2,324.64062622007526,0.02614368,336.76413508306564,19.95114665433791,0.0,9.0,0.0,0.0,0.0,0.0,324.64062622007515,0.0,0.0,0.0,0.0
175,3,319.9665441919942,0.0399095999999999,331.91550227385295,24.23301805481306,0.0,11.0,0.0,0.0,0.0,0.0,319.96654419199405,0.0,0.0,0.0,0.0
175,4,124.42979739993713,0.11579568,129.07655331943687,19.21894117855381,0.0,8.0,0.0,0.0,0.0,0.0,124.42979739993713,0.0,0.0,0.0,0.0
175,5,140.13736621562512,0.19191312,145.3707118419348,32.71031742817469,0.0,6.0,0.0,0.0,0.0,0.0,140.13736621562512,0.0,0.0,0.0,0.0
175,6,167.822196077454,0.21493344,174.08941501810583,43.17999647452845,0.0,9.0,0.0,0.0,0.0,0.0,167.8221960774539,0.0,0.0,0.0,0.0
175,7,111.25687682624866,0.23390496,115.4116979525401,30.815495795350056,0.0,8.0,0.0,0.0,0.0,0.0,111.25687682624866,0.0,0.0,0.0,0.0
175,8,77.81889431037484,0.24686112,80.72499409789921,22.599859759641255,0.0,7.0,0.0,0.0,0.0,0.0,77.81889431037484,0.0,0.0,0.0,0.0
175,9,131.62227277100777,0.2528764799999999,136.53762735581716,39.0465500587683,0.0,5.0,0.0,0.0,0.0,0.0,131.62227277100777,0.0,0.0,0.0,0.0
175,10,53.34829529182119,0.25368624,55.340555281972186,15.870909768828946,0.0,2.0,0.0,0.0,0.0,0.0,53.34829529182119,0.0,0.0,0.0,0.0
175,11,0.0,0.1734043199999999,0.0,0.0,0.0,0.0,0.0,0.0,0.0,0.0,0.0,0.0,0.0,0.0,0.0
175,12,0.0,0.0219791999999999,0.0,0.0,0.0,0.0,0.0,0.0,0.0,0.0,0.0,0.0,0.0,0.0,0.0
175,13,0.0,0.0035860799999999,0.0,0.0,0.0,0.0,0.0,0.0,0.0,0.0,0.0,0.0,0.0,0.0,0.0
175,14,0.0,0.11568,0.0,0.0,0.0,0.0,0.0,0.0,0.0,0.0,0.0,0.0,0.0,0.0,0.0
175,15,0.0,0.3183513599999999,0.0,0.0,0.0,0.0,0.0,0.0,0.0,0.0,0.0,0.0,0.0,0.0,0.0
175,16,0.0,0.6014203199999999,0.0,0.0,0.0,0.0,0.0,0.0,0.0,0.0,0.0,0.0,0.0,0.0,0.0
175,17,0.0,0.59008368,0.0,0.0,0.0,0.0,0.0,0.0,0.0,0.0,0.0,0.0,0.0,0.0,0.0
175,18,0.0,0.61391376,0.0,0.0,0.0,0.0,0.0,0.0,0.0,0.0,0.0,0.0,0.0,0.0,0.0
175,19,0.0,0.6016516799999999,0.0,0.0,0.0,0.0,0.0,0.0,0.0,0.0,0.0,0.0,0.0,0.0,0.0
175,20,0.0,0.58256448,0.0,0.0,0.0,0.0,0.0,0.0,0.0,0.0,0.0,0.0,0.0,0.0,0.0
175,21,89.35007177141595,0.5240304,92.68679644337756,51.63863197721752,0.0,10.0,0.0,0.0,0.0,0.0,89.35007177141593,0.0,0.0,0.0,0.0
175,22,255.79269749667347,0.4455993600000001,265.3451218845161,127.02054002523987,0.0,13.0,0.0,0.0,0.0,0.0,255.7926974966734,0.0,0.0,0.0,0.0
175,23,0.0,0.5722689599999999,0.0,0.0,0.0,0.0,0.0,0.0,0.0,0.0,0.0,0.0,0.0,0.0,0.0
176,0,151.79150348550684,0.52854192,157.4600658563349,88.43617371087839,0.0,11.0,0.0,0.0,0.0,0.0,151.79150348550684,0.0,0.0,0.0,0.0
176,1,250.18751531655977,0.4409721599999999,259.5306175482986,123.03624044725578,0.0,16.0,0.0,0.0,0.0,0.0,250.1875153165592,0.0,0.0,0.0,0.0
176,2,213.51628550582456,0.40233504,221.48992272388443,96.44447336087151,0.0,14.0,0.0,0.0,0.0,0.0,213.51628550582456,0.0,0.0,0.0,0.0
176,3,202.44952972170074,0.4933752,210.00988560342404,110.56499652503977,0.0,13.0,0.0,0.0,0.0,0.0,202.44952972170074,0.0,0.0,0.0,0.0
176,4,196.5258981726293,0.5366395199999999,203.86503959816315,116.14996980543847,0.0,12.0,0.0,0.0,0.0,0.0,196.5258981726293,0.0,0.0,0.0,0.0
176,5,0.0,0.61992912,0.0,0.0,0.0,0.0,0.0,0.0,0.0,0.0,0.0,0.0,0.0,0.0,0.0
176,6,0.0,0.6460728,0.0,0.0,0.0,0.0,0.0,0.0,0.0,0.0,0.0,0.0,0.0,0.0,0.0
176,7,0.0,0.624672,0.0,0.0,0.0,0.0,0.0,0.0,0.0,0.0,0.0,0.0,0.0,0.0,0.0
176,8,239.3649730899187,0.3765384,248.30391399369165,101.71481804211348,0.0,14.0,0.0,0.0,0.0,0.0,239.36497308991872,0.0,0.0,0.0,0.0
176,9,161.91211005543454,0.1147545599999999,167.95862038945492,24.833447915889867,0.0,6.0,0.0,0.0,0.0,0.0,161.91211005543454,0.0,0.0,0.0,0.0
176,10,0.0,0.00219792,0.0,0.0,0.0,0.0,0.0,0.0,0.0,0.0,0.0,0.0,0.0,0.0,0.0
176,11,0.0,0.0102955199999999,0.0,0.0,0.0,0.0,0.0,0.0,0.0,0.0,0.0,0.0,0.0,0.0,0.0
176,12,0.0,0.01145232,0.0,0.0,0.0,0.0,0.0,0.0,0.0,0.0,0.0,0.0,0.0,0.0,0.0
176,13,0.0,0.01110528,0.0,0.0,0.0,0.0,0.0,0.0,0.0,0.0,0.0,0.0,0.0,0.0,0.0
176,14,0.0,0.06397104,0.0,0.0,0.0,0.0,0.0,0.0,0.0,0.0,0.0,0.0,0.0,0.0,0.0
176,15,0.0,0.2504472,0.0,0.0,0.0,0.0,0.0,0.0,0.0,0.0,0.0,0.0,0.0,0.0,0.0
176,16,0.0,0.6851726399999999,0.0,0.0,0.0,0.0,0.0,0.0,0.0,0.0,0.0,0.0,0.0,0.0,0.0
176,17,0.0,0.7160591999999999,0.0,0.0,0.0,0.0,0.0,0.0,0.0,0.0,0.0,0.0,0.0,0.0,0.0
176,18,0.0,0.7114320000000001,0.0,0.0,0.0,0.0,0.0,0.0,0.0,0.0,0.0,0.0,0.0,0.0,0.0
176,19,0.0,0.7003267200000001,0.0,0.0,0.0,0.0,0.0,0.0,0.0,0.0,0.0,0.0,0.0,0.0,0.0
176,20,79.75636795547585,0.69442704,82.73482153057661,60.19181981306867,0.0,12.0,0.0,0.0,0.0,0.0,79.75636795547568,0.0,0.0,0.0,0.0
176,21,273.4144457144705,0.676728,283.62494368720996,201.32492652760493,0.0,19.0,0.0,0.0,0.0,0.0,273.41444571446993,0.0,0.0,0.0,0.0
176,22,315.22630486264495,0.6507,326.99824155876036,223.60139757788033,0.0,21.0,0.0,0.0,0.0,0.0,315.2263048626447,0.0,0.0,0.0,0.0
176,23,0.0,0.7507632000000001,0.0,0.0,0.0,2.0,0.0,0.0,0.0,0.0,0.0,0.0,0.0,0.0,0.0
177,0,48.872399372239805,0.69951696,50.69750972224047,37.14185545227825,0.0,10.0,0.0,0.0,0.0,0.0,48.872399372239805,0.0,0.0,0.0,0.0
177,1,210.02516049301988,0.6930388799999999,217.86842374794594,158.20273320769888,0.0,17.0,0.0,0.0,0.0,0.0,210.02516049301988,0.0,0.0,0.0,0.0
177,2,275.48771175132015,0.6843628799999999,285.7756345968051,205.03340983165143,0.0,17.0,0.0,0.0,0.0,0.0,275.48771175132015,0.0,0.0,0.0,0.0
177,3,215.11672446289214,0.6874862399999999,223.15012911088397,160.7989124915264,0.0,15.0,0.0,0.0,0.0,0.0,215.11672446289148,0.0,0.0,0.0,0.0
177,4,0.0,0.7514572799999999,0.0,0.0,0.0,0.0,0.0,0.0,0.0,0.0,0.0,0.0,0.0,0.0,0.0
177,5,0.0,0.85637904,0.0,0.0,0.0,0.0,0.0,0.0,0.0,0.0,0.0,0.0,0.0,0.0,0.0
177,6,0.0,1.50048528,0.0,0.0,0.0,0.0,0.0,0.0,0.0,0.0,0.0,0.0,0.0,0.0,0.0
177,7,0.0,1.39486944,0.0,0.0,0.0,1.0,0.0,0.0,0.0,0.0,0.0,0.0,0.0,0.0,0.0
177,8,0.0,1.1743833599999998,0.0,0.0,0.0,0.0,0.0,0.0,0.0,0.0,0.0,0.0,0.0,0.0,0.0
177,9,0.0,1.0168272,0.0,0.0,0.0,0.0,0.0,0.0,0.0,0.0,0.0,0.0,0.0,0.0,0.0
177,10,0.0,0.9416352,0.0,0.0,0.0,0.0,0.0,0.0,0.0,0.0,0.0,0.0,0.0,0.0,0.0
177,11,0.0,0.8666745600000001,0.0,0.0,0.0,0.0,0.0,0.0,0.0,0.0,0.0,0.0,0.0,0.0,0.0
177,12,0.0,0.6963936,0.0,0.0,0.0,0.0,0.0,0.0,0.0,0.0,0.0,0.0,0.0,0.0,0.0
177,13,0.0,0.613104,0.0,0.0,0.0,0.0,0.0,0.0,0.0,0.0,0.0,0.0,0.0,0.0,0.0
177,14,0.0,0.6449159999999999,0.0,0.0,0.0,0.0,0.0,0.0,0.0,0.0,0.0,0.0,0.0,0.0,0.0
177,15,0.0,0.7467144,0.0,0.0,0.0,0.0,0.0,0.0,0.0,0.0,0.0,0.0,0.0,0.0,0.0
177,16,0.0,0.9404784,0.0,0.0,0.0,0.0,0.0,0.0,0.0,0.0,0.0,0.0,0.0,0.0,0.0
177,17,0.0,1.02237984,0.0,0.0,0.0,0.0,0.0,0.0,0.0,0.0,0.0,0.0,0.0,0.0,0.0
177,18,0.0,1.0406572799999998,0.0,0.0,0.0,0.0,0.0,0.0,0.0,0.0,0.0,0.0,0.0,0.0,0.0
177,19,0.0,0.98223888,0.0,0.0,0.0,0.0,0.0,0.0,0.0,0.0,0.0,0.0,0.0,0.0,0.0
177,20,83.6982500107267,0.80247216,86.82391079950901,72.54764268639306,0.0,6.0,0.0,0.0,0.0,0.0,83.6982500107267,0.0,0.0,0.0,0.0
177,21,183.4406454170493,0.7339896,190.29112595129595,145.97034368952924,0.0,13.0,0.0,0.0,0.0,0.0,183.4406454170493,0.0,0.0,0.0,0.0
177,22,548.6280812630549,0.65856624,569.116266870389,393.63850842907857,0.0,17.0,0.0,0.0,0.0,0.0,548.6280812630546,0.0,0.0,0.0,0.0
177,23,130.26296330907886,0.75226704,135.12755529987436,106.12472812829864,0.0,8.0,0.0,0.0,0.0,0.0,130.26296330907886,0.0,0.0,0.0,0.0
178,0,366.65501058278085,0.72369408,380.3475213514324,287.8447525014377,0.0,16.0,0.0,0.0,0.0,0.0,366.65501058278085,0.0,0.0,0.0,0.0
178,1,291.72040380290645,0.73271712,302.6145267665005,231.74738535848434,0.0,15.0,0.0,0.0,0.0,0.0,291.72040380290645,0.0,0.0,0.0,0.0
178,2,326.14705493906183,0.7530767999999999,338.3268204762052,265.9846970761575,0.0,16.0,0.0,0.0,0.0,0.0,326.14705493906183,0.0,0.0,0.0,0.0
178,3,145.17249105374415,0.7850044799999999,150.59387038770143,123.20152002471784,0.0,11.0,0.0,0.0,0.0,0.0,145.17249105374415,0.0,0.0,0.0,0.0
178,4,260.156924414534,0.8383329599999999,269.87232823084446,235.1756418122963,0.0,11.0,0.0,0.0,0.0,0.0,260.15692441453405,0.0,0.0,0.0,0.0
178,5,0.0,1.1798203199999997,0.0,0.0,0.0,0.0,0.0,0.0,0.0,0.0,0.0,0.0,0.0,0.0,0.0
178,6,0.0,1.04088864,0.0,0.0,0.0,0.0,0.0,0.0,0.0,0.0,0.0,0.0,0.0,0.0,0.0
178,7,0.0,1.04725104,0.0,0.0,0.0,3.0,0.0,0.0,0.0,0.0,0.0,0.0,0.0,0.0,0.0
178,8,238.9744450435435,0.8999903999999999,247.89880191238956,231.31199223595235,0.0,12.0,0.0,0.0,0.0,0.0,238.9744450435435,0.0,0.0,0.0,0.0
178,9,158.26236882280094,0.92104416,164.17258176639103,156.64431012452448,0.0,9.0,0.0,0.0,0.0,0.0,158.26236882280094,0.0,0.0,0.0,0.0
178,10,25.624435358088625,0.9063528,26.581364479345048,24.97193728794125,0.0,1.0,0.0,0.0,0.0,0.0,25.624435358088625,0.0,0.0,0.0,0.0
178,11,0.0,0.8179732799999999,0.0,0.0,0.0,0.0,0.0,0.0,0.0,0.0,0.0,0.0,0.0,0.0,0.0
178,12,0.0,0.7521513599999999,0.0,0.0,0.0,0.0,0.0,0.0,0.0,0.0,0.0,0.0,0.0,0.0,0.0
178,13,0.0,0.78801216,0.0,0.0,0.0,0.0,0.0,0.0,0.0,0.0,0.0,0.0,0.0,0.0,0.0
178,14,0.0,0.88009344,0.0,0.0,0.0,0.0,0.0,0.0,0.0,0.0,0.0,0.0,0.0,0.0,0.0
178,15,0.0,0.8833324799999999,0.0,0.0,0.0,0.0,0.0,0.0,0.0,0.0,0.0,0.0,0.0,0.0,0.0
178,16,0.0,0.93446304,0.0,0.0,0.0,0.0,0.0,0.0,0.0,0.0,0.0,0.0,0.0,0.0,0.0
178,17,0.0,1.0617110399999998,0.0,0.0,0.0,0.0,0.0,0.0,0.0,0.0,0.0,0.0,0.0,0.0,0.0
178,18,0.0,1.2103598399999995,0.0,0.0,0.0,0.0,0.0,0.0,0.0,0.0,0.0,0.0,0.0,0.0,0.0
178,19,0.0,1.10809872,0.0,0.0,0.0,0.0,0.0,0.0,0.0,0.0,0.0,0.0,0.0,0.0,0.0
178,20,0.0,1.32465168,0.0,0.0,0.0,1.0,0.0,0.0,0.0,0.0,0.0,0.0,0.0,0.0,0.0
178,21,218.20354368215197,1.06032288,226.3522237366722,247.49870037255647,0.0,10.0,0.0,0.0,0.0,0.0,218.20354368215197,0.0,0.0,0.0,0.0
178,22,303.0996009708552,0.913872,314.4186732062813,297.74567980349866,0.0,11.0,0.0,0.0,0.0,0.0,303.09960097085485,0.0,0.0,0.0,0.0
178,23,125.64825469171197,0.94637808,130.34051316567633,127.66567558173138,0.0,12.0,0.0,0.0,0.0,0.0,125.64825469171197,0.0,0.0,0.0,0.0
179,0,518.1988399002333,0.8851833599999999,537.5506637969225,493.6238297216684,0.0,20.0,0.0,0.0,0.0,0.0,518.1988399002328,0.0,0.0,0.0,0.0
179,1,287.36821254905317,0.86112192,298.09980554881037,266.5673804694839,0.0,12.0,0.0,0.0,0.0,0.0,287.36821254905317,0.0,0.0,0.0,0.0
179,2,355.47223846817616,0.85765152,368.74713534043167,328.4620713001352,0.0,13.0,0.0,0.0,0.0,0.0,355.47223846817616,0.0,0.0,0.0,0.0
179,3,333.17109159763635,0.8606592000000001,345.61316555771407,308.8949463583301,0.0,12.0,0.0,0.0,0.0,0.0,333.17109159763635,0.0,0.0,0.0,0.0
179,4,183.74076360209227,1.06564416,190.60245186939034,209.42333087317368,0.0,10.0,0.0,0.0,0.0,0.0,183.74076360209227,0.0,0.0,0.0,0.0
179,5,0.0,1.34223504,0.0,0.0,0.0,0.0,0.0,0.0,0.0,0.0,0.0,0.0,0.0,0.0,0.0
179,6,0.0,1.521192,0.0,0.0,0.0,0.0,0.0,0.0,0.0,0.0,0.0,0.0,0.0,0.0,0.0
179,7,0.0,1.47977856,0.0,0.0,0.0,0.0,0.0,0.0,0.0,0.0,0.0,0.0,0.0,0.0,0.0
179,8,0.0,1.3147031999999998,0.0,0.0,0.0,0.0,0.0,0.0,0.0,0.0,0.0,0.0,0.0,0.0,0.0
179,9,0.0,1.17866352,0.0,0.0,0.0,0.0,0.0,0.0,0.0,0.0,0.0,0.0,0.0,0.0,0.0
179,10,0.0,1.1487024,0.0,0.0,0.0,0.0,0.0,0.0,0.0,0.0,0.0,0.0,0.0,0.0,0.0
179,11,0.0,1.17045024,0.0,0.0,0.0,0.0,0.0,0.0,0.0,0.0,0.0,0.0,0.0,0.0,0.0
179,12,0.0,1.12695456,0.0,0.0,0.0,0.0,0.0,0.0,0.0,0.0,0.0,0.0,0.0,0.0,0.0
179,13,0.0,1.10578512,0.0,0.0,0.0,0.0,0.0,0.0,0.0,0.0,0.0,0.0,0.0,0.0,0.0
179,14,0.0,1.10347152,0.0,0.0,0.0,0.0,0.0,0.0,0.0,0.0,0.0,0.0,0.0,0.0,0.0
179,15,0.0,1.1290368000000002,0.0,0.0,0.0,0.0,0.0,0.0,0.0,0.0,0.0,0.0,0.0,0.0,0.0
179,16,0.0,1.23870144,0.0,0.0,0.0,0.0,0.0,0.0,0.0,0.0,0.0,0.0,0.0,0.0,0.0
179,17,0.0,1.4913465599999995,0.0,0.0,0.0,0.0,0.0,0.0,0.0,0.0,0.0,0.0,0.0,0.0,0.0
179,18,0.0,1.79512224,0.0,0.0,0.0,0.0,0.0,0.0,0.0,0.0,0.0,0.0,0.0,0.0,0.0
179,19,0.0,1.92456816,0.0,0.0,0.0,0.0,0.0,0.0,0.0,0.0,0.0,0.0,0.0,0.0,0.0
179,20,0.0,1.8231168,0.0,0.0,0.0,0.0,0.0,0.0,0.0,0.0,0.0,0.0,0.0,0.0,0.0
179,21,0.0,1.61952,0.0,0.0,0.0,0.0,0.0,0.0,0.0,0.0,0.0,0.0,0.0,0.0,0.0
179,22,34.94707729978871,1.23291744,36.252154875299496,45.89586030971019,0.0,1.0,0.0,0.0,0.0,0.0,34.94707729978871,0.0,0.0,0.0,0.0
179,23,0.0,1.1568,0.0,0.0,0.0,0.0,0.0,0.0,0.0,0.0,0.0,0.0,0.0,0.0,0.0
180,0,78.70507267374353,1.07455152,81.64426625907006,90.43339562114366,0.0,7.0,0.0,0.0,0.0,0.0,78.70507267374353,0.0,0.0,0.0,0.0
180,1,568.0506508222819,1.04158272,589.2641606040268,633.2720109164524,0.0,16.0,0.0,0.0,0.0,0.0,568.0506508222819,0.0,0.0,0.0,0.0
180,2,574.3839936181027,1.04042592,595.8340182760403,639.6432626370829,0.0,17.0,0.0,0.0,0.0,0.0,574.3839936181025,0.0,0.0,0.0,0.0
180,3,502.697504038242,1.046904,521.4704398736951,563.1901609453502,0.0,15.0,0.0,0.0,0.0,0.0,502.69750403824173,0.0,0.0,0.0,0.0
180,4,0.0,1.2083932799999997,0.0,0.0,0.0,0.0,0.0,0.0,0.0,0.0,0.0,0.0,0.0,0.0,0.0
180,5,0.0,1.40909808,0.0,0.0,0.0,0.0,0.0,0.0,0.0,0.0,0.0,0.0,0.0,0.0,0.0
180,6,0.0,1.5102023999999998,0.0,0.0,0.0,0.0,0.0,0.0,0.0,0.0,0.0,0.0,0.0,0.0,0.0
180,7,0.0,1.50742608,0.0,0.0,0.0,0.0,0.0,0.0,0.0,0.0,0.0,0.0,0.0,0.0,0.0
180,8,0.0,1.3463995199999998,0.0,0.0,0.0,0.0,0.0,0.0,0.0,0.0,0.0,0.0,0.0,0.0,0.0
180,9,0.0,1.2256296,0.0,0.0,0.0,0.0,0.0,0.0,0.0,0.0,0.0,0.0,0.0,0.0,0.0
180,10,0.0,1.1406047999999998,0.0,0.0,0.0,0.0,0.0,0.0,0.0,0.0,0.0,0.0,0.0,0.0,0.0
180,11,0.0,1.15668432,0.0,0.0,0.0,0.0,0.0,0.0,0.0,0.0,0.0,0.0,0.0,0.0,0.0
180,12,0.0,1.13644032,0.0,0.0,0.0,0.0,0.0,0.0,0.0,0.0,0.0,0.0,0.0,0.0,0.0
180,13,0.0,1.1406047999999998,0.0,0.0,0.0,0.0,0.0,0.0,0.0,0.0,0.0,0.0,0.0,0.0,0.0
180,14,0.0,1.1568,0.0,0.0,0.0,0.0,0.0,0.0,0.0,0.0,0.0,0.0,0.0,0.0,0.0
180,15,0.0,1.16975616,0.0,0.0,0.0,0.0,0.0,0.0,0.0,0.0,0.0,0.0,0.0,0.0,0.0
180,16,0.0,1.2959630400000002,0.0,0.0,0.0,0.0,0.0,0.0,0.0,0.0,0.0,0.0,0.0,0.0,0.0
180,17,0.0,1.51841568,0.0,0.0,0.0,0.0,0.0,0.0,0.0,0.0,0.0,0.0,0.0,0.0,0.0
180,18,0.0,1.92318,0.0,0.0,0.0,0.0,0.0,0.0,0.0,0.0,0.0,0.0,0.0,0.0,0.0
180,19,0.0,1.5055752,0.0,0.0,0.0,1.0,0.0,0.0,0.0,0.0,0.0,0.0,0.0,0.0,0.0
180,20,0.0,1.3112328,0.0,0.0,0.0,1.0,0.0,0.0,0.0,0.0,0.0,0.0,0.0,0.0,0.0
180,21,0.0,1.1568,0.0,0.0,0.0,1.0,0.0,0.0,0.0,0.0,0.0,0.0,0.0,0.0,0.0
180,22,31.67359524373837,1.11041232,32.85642660138835,37.57172860986331,0.0,1.0,0.0,0.0,0.0,0.0,31.67359524373837,0.0,0.0,0.0,0.0
180,23,274.1652923242738,0.9844368,284.40383021190235,289.3913633015624,0.0,7.0,0.0,0.0,0.0,0.0,274.1652923242727,0.0,0.0,0.0,0.0
181,0,332.9610491166584,0.8772014399999999,345.3952791666581,314.41381999461083,0.0,8.0,0.0,0.0,0.0,0.0,332.9610491166584,0.0,0.0,0.0,0.0
181,1,378.7517506394118,0.85279296,392.8960068873567,348.0638065136208,0.0,9.0,0.0,0.0,0.0,0.0,378.75175063941174,0.0,0.0,0.0,0.0
181,2,516.7718908875387,0.83092944,536.0704262318866,463.1806301776983,0.0,12.0,0.0,0.0,0.0,0.0,516.7718908875387,0.0,0.0,0.0,0.0
181,3,309.9591563427956,0.83312736,321.53439454646855,278.52188973718586,0.0,10.0,0.0,0.0,0.0,0.0,309.9591563427949,0.0,0.0,0.0,0.0
181,4,201.88917363885307,0.8843736,209.42860335980612,192.1452146674934,0.0,9.0,0.0,0.0,0.0,0.0,201.889173638853,0.0,0.0,0.0,0.0
181,5,313.30289717823445,0.96234192,325.0030053716126,323.5216156728883,0.0,8.0,0.0,0.0,0.0,0.0,313.3028971782344,0.0,0.0,0.0,0.0
181,6,0.0,1.08114528,0.0,0.0,0.0,0.0,0.0,0.0,0.0,0.0,0.0,0.0,0.0,0.0,0.0
181,7,0.0,1.13458944,0.0,0.0,0.0,2.0,0.0,0.0,0.0,0.0,0.0,0.0,0.0,0.0,0.0
181,8,483.6677407898474,0.9821232,501.73002156623176,509.3679580305388,0.0,12.0,0.0,0.0,0.0,0.0,483.6677407898474,0.0,0.0,0.0,0.0
181,9,173.86429762018858,0.98304864,180.35715520766453,183.26967797853717,0.0,10.0,0.0,0.0,0.0,0.0,173.86429762018858,0.0,0.0,0.0,0.0
181,10,0.0,0.97552944,0.0,0.0,0.0,0.0,0.0,0.0,0.0,0.0,0.0,0.0,0.0,0.0,0.0
181,11,0.0,0.94151952,0.0,0.0,0.0,0.0,0.0,0.0,0.0,0.0,0.0,0.0,0.0,0.0,0.0
181,12,0.0,0.92555568,0.0,0.0,0.0,0.0,0.0,0.0,0.0,0.0,0.0,0.0,0.0,0.0,0.0
181,13,0.0,0.9156072,0.0,0.0,0.0,0.0,0.0,0.0,0.0,0.0,0.0,0.0,0.0,0.0,0.0
181,14,0.0,0.8825227200000001,0.0,0.0,0.0,0.0,0.0,0.0,0.0,0.0,0.0,0.0,0.0,0.0,0.0
181,15,0.0,0.80594256,0.0,0.0,0.0,0.0,0.0,0.0,0.0,0.0,0.0,0.0,0.0,0.0,0.0
181,16,0.0,0.7970352,0.0,0.0,0.0,0.0,0.0,0.0,0.0,0.0,0.0,0.0,0.0,0.0,0.0
181,17,0.0,0.79981152,0.0,0.0,0.0,0.0,0.0,0.0,0.0,0.0,0.0,0.0,0.0,0.0,0.0
181,18,0.0,0.7896316800000001,0.0,0.0,0.0,0.0,0.0,0.0,0.0,0.0,0.0,0.0,0.0,0.0,0.0
181,19,0.0,0.7472928,0.0,0.0,0.0,0.0,0.0,0.0,0.0,0.0,0.0,0.0,0.0,0.0,0.0
181,20,0.0,0.69616224,0.0,0.0,0.0,1.0,0.0,0.0,0.0,0.0,0.0,0.0,0.0,0.0,0.0
181,21,0.0,0.65451744,0.0,0.0,0.0,1.0,0.0,0.0,0.0,0.0,0.0,0.0,0.0,0.0,0.0
181,22,94.85651768514143,0.4621416,98.39887726674422,48.731217415786034,0.0,3.0,0.0,0.0,0.0,0.0,94.85651768514137,0.0,0.0,0.0,0.0
181,23,112.41270582045101,0.25877616,116.61069068511516,34.03588061211918,0.0,6.0,0.0,0.0,0.0,0.0,112.41270582045092,0.0,0.0,0.0,0.0
182,0,139.81310527679688,0.23702832,145.03434157344077,39.17788303153971,0.0,6.0,0.0,0.0,0.0,0.0,139.81310527679688,0.0,0.0,0.0,0.0
182,1,251.39520255869922,0.23332656,260.7834051438789,69.47962553756994,0.0,6.0,0.0,0.0,0.0,0.0,251.39520255869922,0.0,0.0,0.0,0.0
182,2,279.7428023650893,0.2308972799999999,290.18962900942876,76.60927274269825,0.0,8.0,0.0,0.0,0.0,0.0,279.74280236508923,0.0,0.0,0.0,0.0
182,3,282.51170015456955,0.22869936,293.0619296209228,76.72342561512264,0.0,7.0,0.0,0.0,0.0,0.0,282.5117001545696,0.0,0.0,0.0,0.0
182,4,293.1466099845053,0.2330952,304.0939937598603,80.94836148770477,0.0,10.0,0.0,0.0,0.0,0.0,293.1466099845053,0.0,0.0,0.0,0.0
182,5,308.5396086882369,0.32344128,320.06183473883505,114.11525623693272,0.0,9.0,0.0,0.0,0.0,0.0,308.5396086882369,0.0,0.0,0.0,0.0
182,6,32.275663029864276,0.45508512,33.48097824674718,16.34491538310566,0.0,3.0,0.0,0.0,0.0,0.0,32.275663029864276,0.0,0.0,0.0,0.0
182,7,50.17626364779723,0.2922076799999999,52.050066024685925,16.932286222337396,0.0,4.0,0.0,0.0,0.0,0.0,50.17626364779723,0.0,0.0,0.0,0.0
182,8,68.2667820068368,0.34033056,70.81616390750706,26.444919745032152,0.0,3.0,0.0,0.0,0.0,0.0,68.2667820068368,0.0,0.0,0.0,0.0
182,9,60.602358122476886,0.34553616,62.86551672456109,23.80315784900359,0.0,4.0,0.0,0.0,0.0,0.0,60.602358122476886,0.0,0.0,0.0,0.0
182,10,57.235292593548316,0.28468848,59.37271015928249,18.867963314998942,0.0,1.0,0.0,0.0,0.0,0.0,57.235292593548316,0.0,0.0,0.0,0.0
182,11,0.0,0.19468944,0.0,0.0,0.0,0.0,0.0,0.0,0.0,0.0,0.0,0.0,0.0,0.0,0.0
182,12,0.0,0.0512462399999999,0.0,0.0,0.0,0.0,0.0,0.0,0.0,0.0,0.0,0.0,0.0,0.0,0.0
182,13,0.0,0.00080976,0.0,0.0,0.0,0.0,0.0,0.0,0.0,0.0,0.0,0.0,0.0,0.0,0.0
182,14,0.0,0.01145232,0.0,0.0,0.0,0.0,0.0,0.0,0.0,0.0,0.0,0.0,0.0,0.0,0.0
182,15,0.0,0.1465665599999999,0.0,0.0,0.0,0.0,0.0,0.0,0.0,0.0,0.0,0.0,0.0,0.0,0.0
182,16,0.0,0.6061632,0.0,0.0,0.0,0.0,0.0,0.0,0.0,0.0,0.0,0.0,0.0,0.0,0.0
182,17,0.0,0.64595712,0.0,0.0,0.0,0.0,0.0,0.0,0.0,0.0,0.0,0.0,0.0,0.0,0.0
182,18,0.0,0.67314192,0.0,0.0,0.0,0.0,0.0,0.0,0.0,0.0,0.0,0.0,0.0,0.0,0.0
182,19,0.0,0.6463041599999999,0.0,0.0,0.0,0.0,0.0,0.0,0.0,0.0,0.0,0.0,0.0,0.0,0.0
182,20,0.0,0.64283376,0.0,0.0,0.0,0.0,0.0,0.0,0.0,0.0,0.0,0.0,0.0,0.0,0.0
182,21,0.0,0.63762816,0.0,0.0,0.0,0.0,0.0,0.0,0.0,0.0,0.0,0.0,0.0,0.0,0.0
182,22,0.0,0.5244931199999999,0.0,0.0,0.0,0.0,0.0,0.0,0.0,0.0,0.0,0.0,0.0,0.0,0.0
182,23,100.93095922465345,0.1902936,104.70016517080234,23.38934681810015,0.0,5.0,0.0,0.0,0.0,0.0,100.93095922465345,0.0,0.0,0.0,0.0
183,0,232.4341835838198,0.03667056,241.11429832346454,16.82267961803518,0.0,9.0,0.0,0.0,0.0,0.0,232.4341835838196,0.0,0.0,0.0,0.0
183,1,133.28633307190069,0.00011568,138.26383098744887,4.592527165653185,0.0,4.0,0.0,0.0,0.0,0.0,133.28633307190069,0.0,0.0,0.0,0.0
183,2,246.68454967013054,0.0,255.89683575739684,8.470185263569835,0.0,6.0,0.0,0.0,0.0,0.0,246.68454967013042,0.0,0.0,0.0,0.0
183,3,228.71772177155964,-0.0003470399999999,237.25904748087103,7.770936091779092,0.0,11.0,0.0,0.0,0.0,0.0,228.71772177155952,0.0,0.0,0.0,0.0
183,4,223.62455343912634,-0.0005784,231.9756778414174,7.54422020448744,0.0,9.0,0.0,0.0,0.0,0.0,223.62455343912634,0.0,0.0,0.0,0.0
183,5,319.24066187828464,-0.0005784,331.16251232187204,10.769934760726994,0.0,11.0,0.0,0.0,0.0,0.0,319.2406618782845,0.0,0.0,0.0,0.0
183,6,250.63121008156008,-0.005784,259.99088182734454,7.101910927995741,0.0,9.0,0.0,0.0,0.0,0.0,250.63121008156008,0.0,0.0,0.0,0.0
183,7,248.1040781103188,-0.0341256,257.3693756331108,-0.2639580316493188,0.0,10.0,0.0,0.0,0.0,0.0,248.10407811031902,0.0,0.0,0.0,0.0
183,8,348.33037797178656,-0.05818704,361.3385663607745,-9.064915067835406,0.0,9.0,0.0,0.0,0.0,0.0,348.3303779717867,0.0,0.0,0.0,0.0
183,9,182.12888226863564,-0.04904832,188.93037579733988,-3.013122090936232,0.0,8.0,0.0,0.0,0.0,0.0,182.12888226863566,0.0,0.0,0.0,0.0
183,10,104.78876336547475,-0.03551376,108.70203668617714,-0.26238062807162704,0.0,2.0,0.0,0.0,0.0,0.0,104.78876336547475,0.0,0.0,0.0,0.0
183,11,0.0,-0.02892,0.0,0.0,0.0,0.0,0.0,0.0,0.0,0.0,0.0,0.0,0.0,0.0,0.0
183,12,0.0,-0.04870128,0.0,0.0,0.0,0.0,0.0,0.0,0.0,0.0,0.0,0.0,0.0,0.0,0.0
183,13,0.0,-0.07658016,0.0,0.0,0.0,0.0,0.0,0.0,0.0,0.0,0.0,0.0,0.0,0.0,0.0
183,14,0.0,-0.0704491199999999,0.0,0.0,0.0,0.0,0.0,0.0,0.0,0.0,0.0,0.0,0.0,0.0,0.0
183,15,0.0,-0.04962672,0.0,0.0,0.0,0.0,0.0,0.0,0.0,0.0,0.0,0.0,0.0,0.0,0.0
183,16,0.0,-0.01237776,0.0,0.0,0.0,0.0,0.0,0.0,0.0,0.0,0.0,0.0,0.0,0.0,0.0
183,17,0.0,0.0,0.0,0.0,0.0,0.0,0.0,0.0,0.0,0.0,0.0,0.0,0.0,0.0,0.0
183,18,75.72772455423507,0.0574929599999999,78.5557308653891,7.116596184058951,0.0,3.0,0.0,0.0,0.0,0.0,75.72772455423507,0.0,0.0,0.0,0.0
183,19,58.346185241383566,0.32934096,60.52508842467175,21.93677115272292,0.0,3.0,0.0,0.0,0.0,0.0,58.346185241383566,0.0,0.0,0.0,0.0
183,20,45.255542062021725,0.32714304,46.94558305188976,16.911819553185246,0.0,5.0,0.0,0.0,0.0,0.0,45.255542062021725,0.0,0.0,0.0,0.0
183,21,83.04767554717704,0.24674544,86.14904102404257,24.108416290951244,0.0,8.0,0.0,0.0,0.0,0.0,83.04767554717704,0.0,0.0,0.0,0.0
183,22,320.6108185782412,0.19468944,332.58383669942043,75.7590859148124,0.0,15.0,0.0,0.0,0.0,0.0,320.6108185782411,0.0,0.0,0.0,0.0
183,23,59.89921269636376,0.248712,62.13611275556407,17.51070220787102,0.0,11.0,0.0,0.0,0.0,0.0,59.89921269636376,0.0,0.0,0.0,0.0
184,0,190.50716031067898,0.23101296,197.62153559199066,52.19440872494602,0.0,11.0,0.0,0.0,0.0,0.0,190.50716031067898,0.0,0.0,0.0,0.0
184,1,123.46631534784643,0.20521632,128.0770906097992,30.522860910433906,0.0,10.0,0.0,0.0,0.0,0.0,123.46631534784629,0.0,0.0,0.0,0.0
184,2,366.87067256207973,0.11487024,380.57123709759315,56.313217290427765,0.0,16.0,0.0,0.0,0.0,0.0,366.87067256207973,0.0,0.0,0.0,0.0
184,3,296.6540886690661,0.11463888,307.7324571255873,45.464048555382284,0.0,14.0,0.0,0.0,0.0,0.0,296.6540886690661,0.0,0.0,0.0,0.0
184,4,147.40281005785067,0.20787696,152.90747931312313,36.84717952613929,0.0,14.0,0.0,0.0,0.0,0.0,147.4028100578507,0.0,0.0,0.0,0.0
184,5,75.55343792852938,0.46202592,78.37493561050765,38.80546209909336,0.0,9.0,0.0,0.0,0.0,0.0,75.55343792852938,0.0,0.0,0.0,0.0
184,6,0.0,0.6397103999999999,0.0,0.0,0.0,0.0,0.0,0.0,0.0,0.0,0.0,0.0,0.0,0.0,0.0
184,7,0.0,0.66701088,0.0,0.0,0.0,0.0,0.0,0.0,0.0,0.0,0.0,0.0,0.0,0.0,0.0
184,8,49.10620616426538,0.48192288,50.94004788824209,26.235290170740363,0.0,5.0,0.0,0.0,0.0,0.0,49.10620616426538,0.0,0.0,0.0,0.0
184,9,121.43033288335761,0.24362208,125.96507560514276,34.85731772881236,0.0,7.0,0.0,0.0,0.0,0.0,121.43033288335761,0.0,0.0,0.0,0.0
184,10,0.0,0.2007048,0.0,0.0,0.0,0.0,0.0,0.0,0.0,0.0,0.0,0.0,0.0,0.0,0.0
184,11,0.0,0.190872,0.0,0.0,0.0,0.0,0.0,0.0,0.0,0.0,0.0,0.0,0.0,0.0,0.0
184,12,0.0,0.17051232,0.0,0.0,0.0,0.0,0.0,0.0,0.0,0.0,0.0,0.0,0.0,0.0,0.0
184,13,0.0,0.12828912,0.0,0.0,0.0,0.0,0.0,0.0,0.0,0.0,0.0,0.0,0.0,0.0,0.0
184,14,0.0,0.11556432,0.0,0.0,0.0,0.0,0.0,0.0,0.0,0.0,0.0,0.0,0.0,0.0,0.0
184,15,0.0,0.19792848,0.0,0.0,0.0,0.0,0.0,0.0,0.0,0.0,0.0,0.0,0.0,0.0,0.0
184,16,0.0,0.25403328,0.0,0.0,0.0,0.0,0.0,0.0,0.0,0.0,0.0,0.0,0.0,0.0,0.0
184,17,0.0,0.60732,0.0,0.0,0.0,0.0,0.0,0.0,0.0,0.0,0.0,0.0,0.0,0.0,0.0
184,18,0.0,0.6547487999999999,0.0,0.0,0.0,0.0,0.0,0.0,0.0,0.0,0.0,0.0,0.0,0.0,0.0
184,19,29.110976794764717,0.62328384,30.198108708262158,19.821550554666555,0.0,3.0,0.0,0.0,0.0,0.0,29.110976794764703,0.0,0.0,0.0,0.0
184,20,26.348108212455216,0.59193456,27.33206246105313,17.08348363423686,0.0,4.0,0.0,0.0,0.0,0.0,26.348108212455216,0.0,0.0,0.0,0.0
184,21,121.18801260407069,0.52484016,125.71370602082021,70.1407252514494,0.0,6.0,0.0,0.0,0.0,0.0,121.18801260407069,0.0,0.0,0.0,0.0
184,22,194.2563363885053,0.4274376,201.51072239471506,92.80326446592832,0.0,11.0,0.0,0.0,0.0,0.0,194.2563363885053,0.0,0.0,0.0,0.0
184,23,341.40958907123945,0.2625936,354.1593247626966,104.7226457126509,0.0,14.0,0.0,0.0,0.0,0.0,341.40958907123945,0.0,0.0,0.0,0.0
185,0,464.4640364271678,0.24905904,481.809166418224,135.9468118597663,0.0,15.0,0.0,0.0,0.0,0.0,464.4640364271678,0.0,0.0,0.0,0.0
185,1,316.6872527265067,0.23136,328.5137476416045,86.87874570129875,0.0,13.0,0.0,0.0,0.0,0.0,316.6872527265067,0.0,0.0,0.0,0.0
185,2,490.9906244334906,0.2290464,509.32637389366243,133.51807534127758,0.0,15.0,0.0,0.0,0.0,0.0,490.9906244334906,0.0,0.0,0.0,0.0
185,3,231.22467031256792,0.25067856,239.8596165068132,68.06701657445569,0.0,13.0,0.0,0.0,0.0,0.0,231.22467031256792,0.0,0.0,0.0,0.0
185,4,220.11840494727545,0.2886216,228.33859434364672,73.46145791398897,0.0,11.0,0.0,0.0,0.0,0.0,220.11840494727545,0.0,0.0,0.0,0.0
185,5,236.87325597147475,0.54358032,245.7191451986253,141.7013952832697,0.0,11.0,0.0,0.0,0.0,0.0,236.87325597147475,0.0,0.0,0.0,0.0
185,6,0.0,0.7339896,0.0,0.0,0.0,1.0,0.0,0.0,0.0,0.0,0.0,0.0,0.0,0.0,0.0
185,7,0.0,0.75087888,0.0,0.0,0.0,0.0,0.0,0.0,0.0,0.0,0.0,0.0,0.0,0.0,0.0
185,8,0.0,0.71710032,0.0,0.0,0.0,0.0,0.0,0.0,0.0,0.0,0.0,0.0,0.0,0.0,0.0
185,9,201.07431573351403,0.4297512,208.5833150762594,96.54303768302476,0.0,8.0,0.0,0.0,0.0,0.0,201.07431573351403,0.0,0.0,0.0,0.0
185,10,64.554918819102,0.2726577599999999,66.96568342230499,20.475277360073104,0.0,2.0,0.0,0.0,0.0,0.0,64.554918819102,0.0,0.0,0.0,0.0
185,11,0.0,0.27982992,0.0,0.0,0.0,0.0,0.0,0.0,0.0,0.0,0.0,0.0,0.0,0.0,0.0
185,12,0.0,0.27601248,0.0,0.0,0.0,0.0,0.0,0.0,0.0,0.0,0.0,0.0,0.0,0.0,0.0
185,13,0.0,0.27485568,0.0,0.0,0.0,0.0,0.0,0.0,0.0,0.0,0.0,0.0,0.0,0.0,0.0
185,14,0.0,0.45369696,0.0,0.0,0.0,0.0,0.0,0.0,0.0,0.0,0.0,0.0,0.0,0.0,0.0
185,15,0.0,0.59274432,0.0,0.0,0.0,0.0,0.0,0.0,0.0,0.0,0.0,0.0,0.0,0.0,0.0
185,16,0.0,0.62189568,0.0,0.0,0.0,0.0,0.0,0.0,0.0,0.0,0.0,0.0,0.0,0.0,0.0
185,17,0.0,0.63693408,0.0,0.0,0.0,0.0,0.0,0.0,0.0,0.0,0.0,0.0,0.0,0.0,0.0
185,18,0.0,0.728784,0.0,0.0,0.0,0.0,0.0,0.0,0.0,0.0,0.0,0.0,0.0,0.0,0.0
185,19,0.0,0.70553232,0.0,0.0,0.0,0.0,0.0,0.0,0.0,0.0,0.0,0.0,0.0,0.0,0.0
185,20,0.0,0.64746096,0.0,0.0,0.0,1.0,0.0,0.0,0.0,0.0,0.0,0.0,0.0,0.0,0.0
185,21,52.32612996937917,0.6339263999999999,54.28021781055931,36.20633827739326,0.0,4.0,0.0,0.0,0.0,0.0,52.32612996937917,0.0,0.0,0.0,0.0
185,22,131.41039357615395,0.5784,136.31783565991074,83.35835650603543,0.0,5.0,0.0,0.0,0.0,0.0,131.41039357615395,0.0,0.0,0.0,0.0
185,23,178.29414276686498,0.50471184,184.95243025608403,99.46960682849624,0.0,8.0,0.0,0.0,0.0,0.0,178.29414276686498,0.0,0.0,0.0,0.0
186,0,345.4809213433772,0.39990576,358.38269848898057,155.18177273007186,0.0,13.0,0.0,0.0,0.0,0.0,345.48092134337725,0.0,0.0,0.0,0.0
186,1,431.8022225408377,0.35548464,447.9276167436076,174.0577916983727,0.0,15.0,0.0,0.0,0.0,0.0,431.8022225408377,0.0,0.0,0.0,0.0
186,2,318.77738362735136,0.34692432,330.68193322339357,125.66717680950555,0.0,10.0,0.0,0.0,0.0,0.0,318.77738362735136,0.0,0.0,0.0,0.0
186,3,401.94409263964315,0.36913488,416.95445294568805,167.71362434607448,0.0,15.0,0.0,0.0,0.0,0.0,401.94409263964315,0.0,0.0,0.0,0.0
186,4,416.56304557932526,0.44721888,432.1193418872669,207.5550783216291,0.0,15.0,0.0,0.0,0.0,0.0,416.56304557932526,0.0,0.0,0.0,0.0
186,5,173.73274273453669,0.53837472,180.22068748395924,102.9915669181031,0.0,10.0,0.0,0.0,0.0,0.0,173.73274273453669,0.0,0.0,0.0,0.0
186,6,238.61079857697828,0.63716544,247.52157528732187,165.90515756944993,0.0,9.0,0.0,0.0,0.0,0.0,238.61079857697828,0.0,0.0,0.0,0.0
186,7,0.0,0.6732576,0.0,0.0,0.0,1.0,0.0,0.0,0.0,0.0,0.0,0.0,0.0,0.0,0.0
186,8,0.0,0.7210334399999999,0.0,0.0,0.0,1.0,0.0,0.0,0.0,0.0,0.0,0.0,0.0,0.0,0.0
186,9,0.0,0.7186041599999999,0.0,0.0,0.0,1.0,0.0,0.0,0.0,0.0,0.0,0.0,0.0,0.0,0.0
186,10,38.27428749720842,0.57284736,39.703617735693385,24.058302349392587,0.0,1.0,0.0,0.0,0.0,0.0,38.27428749720842,0.0,0.0,0.0,0.0
186,11,0.0,0.53016144,0.0,0.0,0.0,0.0,0.0,0.0,0.0,0.0,0.0,0.0,0.0,0.0,0.0
186,12,0.0,0.5205599999999999,0.0,0.0,0.0,0.0,0.0,0.0,0.0,0.0,0.0,0.0,0.0,0.0,0.0
186,13,0.0,0.49904352,0.0,0.0,0.0,0.0,0.0,0.0,0.0,0.0,0.0,0.0,0.0,0.0,0.0
186,14,0.0,0.4794936,0.0,0.0,0.0,0.0,0.0,0.0,0.0,0.0,0.0,0.0,0.0,0.0,0.0
186,15,0.0,0.45369696,0.0,0.0,0.0,0.0,0.0,0.0,0.0,0.0,0.0,0.0,0.0,0.0,0.0
186,16,0.0,0.5506368,0.0,0.0,0.0,0.0,0.0,0.0,0.0,0.0,0.0,0.0,0.0,0.0,0.0
186,17,0.0,0.68170224,0.0,0.0,0.0,0.0,0.0,0.0,0.0,0.0,0.0,0.0,0.0,0.0,0.0
186,18,0.0,0.7794518399999999,0.0,0.0,0.0,0.0,0.0,0.0,0.0,0.0,0.0,0.0,0.0,0.0,0.0
186,19,0.0,0.723,0.0,0.0,0.0,0.0,0.0,0.0,0.0,0.0,0.0,0.0,0.0,0.0,0.0
186,20,22.53807540960264,0.64734528,23.379746275521413,15.908638000776126,0.0,1.0,0.0,0.0,0.0,0.0,22.53807540960264,0.0,0.0,0.0,0.0
186,21,104.60382235259375,0.6009576,108.51018916244166,68.80171011588376,0.0,8.0,0.0,0.0,0.0,0.0,104.60382235259375,0.0,0.0,0.0,0.0
186,22,359.0682231150544,0.53247504,372.4774098703885,210.6639259865414,0.0,12.0,0.0,0.0,0.0,0.0,359.06822311505425,0.0,0.0,0.0,0.0
186,23,235.19081089327636,0.46896672,243.97387022124104,122.49116078768418,0.0,9.0,0.0,0.0,0.0,0.0,235.1908108932762,0.0,0.0,0.0,0.0
187,0,319.99798268791676,0.4314864,331.94811482149044,154.21857965170284,0.0,13.0,0.0,0.0,0.0,0.0,319.99798268791676,0.0,0.0,0.0,0.0
187,1,373.7352424281028,0.42558672,387.6921601951275,177.8292453296176,0.0,12.0,0.0,0.0,0.0,0.0,373.7352424281028,0.0,0.0,0.0,0.0
187,2,349.9748236073999,0.42790032,363.04442282925316,167.36359509850098,0.0,12.0,0.0,0.0,0.0,0.0,349.9748236073999,0.0,0.0,0.0,0.0
187,3,418.34906818107163,0.4784524799999999,433.9720624284976,221.99948478601277,0.0,14.0,0.0,0.0,0.0,0.0,418.34906818107163,0.0,0.0,0.0,0.0
187,4,175.72691998200338,0.54126672,182.2893360809164,104.7009280557736,0.0,12.0,0.0,0.0,0.0,0.0,175.72691998200338,0.0,0.0,0.0,0.0
187,5,176.95091909440126,0.63785952,183.55904470373576,123.1606885260771,0.0,9.0,0.0,0.0,0.0,0.0,176.95091909440126,0.0,0.0,0.0,0.0
187,6,0.0,0.71686896,0.0,0.0,0.0,1.0,0.0,0.0,0.0,0.0,0.0,0.0,0.0,0.0,0.0
187,7,0.0,0.74359104,0.0,0.0,0.0,0.0,0.0,0.0,0.0,0.0,0.0,0.0,0.0,0.0,0.0
187,8,0.0,0.73364256,0.0,0.0,0.0,0.0,0.0,0.0,0.0,0.0,0.0,0.0,0.0,0.0,0.0
187,9,0.0,0.7251979199999999,0.0,0.0,0.0,0.0,0.0,0.0,0.0,0.0,0.0,0.0,0.0,0.0,0.0
187,10,0.0,0.6977817599999999,0.0,0.0,0.0,0.0,0.0,0.0,0.0,0.0,0.0,0.0,0.0,0.0,0.0
187,11,0.0,0.65405472,0.0,0.0,0.0,0.0,0.0,0.0,0.0,0.0,0.0,0.0,0.0,0.0,0.0
187,12,0.0,0.65856624,0.0,0.0,0.0,0.0,0.0,0.0,0.0,0.0,0.0,0.0,0.0,0.0,0.0
187,13,0.0,0.6458414399999999,0.0,0.0,0.0,0.0,0.0,0.0,0.0,0.0,0.0,0.0,0.0,0.0,0.0
187,14,0.0,0.63624,0.0,0.0,0.0,0.0,0.0,0.0,0.0,0.0,0.0,0.0,0.0,0.0,0.0
187,15,0.0,0.6003792,0.0,0.0,0.0,0.0,0.0,0.0,0.0,0.0,0.0,0.0,0.0,0.0,0.0
187,16,0.0,0.7088870399999999,0.0,0.0,0.0,0.0,0.0,0.0,0.0,0.0,0.0,0.0,0.0,0.0,0.0
187,17,0.0,0.73954224,0.0,0.0,0.0,0.0,0.0,0.0,0.0,0.0,0.0,0.0,0.0,0.0,0.0
187,18,0.0,0.7427812799999999,0.0,0.0,0.0,0.0,0.0,0.0,0.0,0.0,0.0,0.0,0.0,0.0,0.0
187,19,0.0,0.7368816,0.0,0.0,0.0,0.0,0.0,0.0,0.0,0.0,0.0,0.0,0.0,0.0,0.0
187,20,0.0,0.7095811200000001,0.0,0.0,0.0,0.0,0.0,0.0,0.0,0.0,0.0,0.0,0.0,0.0,0.0
187,21,0.0,0.68991552,0.0,0.0,0.0,0.0,0.0,0.0,0.0,0.0,0.0,0.0,0.0,0.0,0.0
187,22,200.73295018425594,0.63624,208.22920143595016,139.3761336891389,0.0,7.0,0.0,0.0,0.0,0.0,200.73295018425594,0.0,0.0,0.0,0.0
187,23,347.46195462511866,0.6373968,360.4377122667206,241.67233267415696,0.0,10.0,0.0,0.0,0.0,0.0,347.46195462511866,0.0,0.0,0.0,0.0
188,0,365.21425285777116,0.6208545599999999,378.85295939602815,247.75262036652742,0.0,12.0,0.0,0.0,0.0,0.0,365.21425285777116,0.0,0.0,0.0,0.0
188,1,485.6893954582168,0.5888112,503.82717371184316,313.3357621957408,0.0,16.0,0.0,0.0,0.0,0.0,485.6893954582169,0.0,0.0,0.0,0.0
188,2,492.21208554854985,0.57354144,510.5934497391596,309.7471456043314,0.0,15.0,0.0,0.0,0.0,0.0,492.21208554854985,0.0,0.0,0.0,0.0
188,3,500.9792902960881,0.5830272,519.6880604731205,320.1939495727344,0.0,14.0,0.0,0.0,0.0,0.0,500.97929029608815,0.0,0.0,0.0,0.0
188,4,248.38088342939147,0.6277953599999999,257.6565180802816,170.28399727301422,0.0,8.0,0.0,0.0,0.0,0.0,248.38088342939147,0.0,0.0,0.0,0.0
188,5,0.0,0.69442704,0.0,0.0,0.0,0.0,0.0,0.0,0.0,0.0,0.0,0.0,0.0,0.0,0.0
188,6,0.0,0.7536552000000001,0.0,0.0,0.0,0.0,0.0,0.0,0.0,0.0,0.0,0.0,0.0,0.0,0.0
188,7,0.0,0.86320416,0.0,0.0,0.0,0.0,0.0,0.0,0.0,0.0,0.0,0.0,0.0,0.0,0.0
188,8,0.0,0.8651707200000001,0.0,0.0,0.0,0.0,0.0,0.0,0.0,0.0,0.0,0.0,0.0,0.0,0.0
188,9,0.0,0.86968224,0.0,0.0,0.0,0.0,0.0,0.0,0.0,0.0,0.0,0.0,0.0,0.0,0.0
188,10,0.0,0.8423817599999999,0.0,0.0,0.0,0.0,0.0,0.0,0.0,0.0,0.0,0.0,0.0,0.0,0.0
188,11,0.0,0.8456208,0.0,0.0,0.0,0.0,0.0,0.0,0.0,0.0,0.0,0.0,0.0,0.0,0.0
188,12,0.0,0.75157296,0.0,0.0,0.0,0.0,0.0,0.0,0.0,0.0,0.0,0.0,0.0,0.0,0.0
188,13,0.0,0.73364256,0.0,0.0,0.0,0.0,0.0,0.0,0.0,0.0,0.0,0.0,0.0,0.0,0.0
188,14,0.0,0.74544192,0.0,0.0,0.0,0.0,0.0,0.0,0.0,0.0,0.0,0.0,0.0,0.0,0.0
188,15,0.0,0.743244,0.0,0.0,0.0,0.0,0.0,0.0,0.0,0.0,0.0,0.0,0.0,0.0,0.0
188,16,0.0,0.7434753599999999,0.0,0.0,0.0,0.0,0.0,0.0,0.0,0.0,0.0,0.0,0.0,0.0,0.0
188,17,0.0,0.7614057599999998,0.0,0.0,0.0,0.0,0.0,0.0,0.0,0.0,0.0,0.0,0.0,0.0,0.0
188,18,0.0,0.7622155199999999,0.0,0.0,0.0,0.0,0.0,0.0,0.0,0.0,0.0,0.0,0.0,0.0,0.0
188,19,0.0,0.749028,0.0,0.0,0.0,0.0,0.0,0.0,0.0,0.0,0.0,0.0,0.0,0.0,0.0
188,20,0.0,0.7368816,0.0,0.0,0.0,0.0,0.0,0.0,0.0,0.0,0.0,0.0,0.0,0.0,0.0
188,21,0.0,0.68841168,0.0,0.0,0.0,0.0,0.0,0.0,0.0,0.0,0.0,0.0,0.0,0.0,0.0
188,22,104.16490156940188,0.6430651199999999,108.05487714668246,73.06293897247178,0.0,6.0,0.0,0.0,0.0,0.0,104.16490156940188,0.0,0.0,0.0,0.0
188,23,192.87858367975517,0.61287264,200.081518339995,129.24718661729497,0.0,6.0,0.0,0.0,0.0,0.0,192.87858367975514,0.0,0.0,0.0,0.0
189,0,240.2673932021854,0.56174208,249.24003444210098,148.25846050681102,0.0,8.0,0.0,0.0,0.0,0.0,240.2673932021853,0.0,0.0,0.0,0.0
189,1,294.2818071919557,0.50748816,305.27158422402044,165.02620401594825,0.0,7.0,0.0,0.0,0.0,0.0,294.2818071919557,0.0,0.0,0.0,0.0
189,2,321.76479480731507,0.4835423999999999,333.780907476468,172.44536911282032,0.0,9.0,0.0,0.0,0.0,0.0,321.76479480731507,0.0,0.0,0.0,0.0
189,3,433.83139294912763,0.4757918399999999,450.03256529992507,229.01790021539892,0.0,12.0,0.0,0.0,0.0,0.0,433.831392949127,0.0,0.0,0.0,0.0
189,4,423.8431064188851,0.4999689599999999,439.6712722187606,234.37510782353155,0.0,15.0,0.0,0.0,0.0,0.0,423.8431064188851,0.0,0.0,0.0,0.0
189,5,451.5860019685407,0.54971136,468.4502095109344,273.0181036973526,0.0,11.0,0.0,0.0,0.0,0.0,451.5860019685407,0.0,0.0,0.0,0.0
189,6,159.70442797500613,0.62097024,165.66849375000635,108.35883146750517,0.0,8.0,0.0,0.0,0.0,0.0,159.70442797500613,0.0,0.0,0.0,0.0
189,7,130.91016592416372,0.64121424,135.79892730722378,91.57115045998586,0.0,8.0,0.0,0.0,0.0,0.0,130.9101659241632,0.0,0.0,0.0,0.0
189,8,193.53427367761986,0.63924768,200.76169468632764,134.98165965522077,0.0,7.0,0.0,0.0,0.0,0.0,193.53427367761986,0.0,0.0,0.0,0.0
189,9,32.57436534124228,0.6399417599999999,33.79083541622643,22.742643340407366,0.0,4.0,0.0,0.0,0.0,0.0,32.57436534124228,0.0,0.0,0.0,0.0
189,10,81.49747082643344,0.5358297599999999,84.54094484069859,48.09785945839188,0.0,2.0,0.0,0.0,0.0,0.0,81.49747082643344,0.0,0.0,0.0,0.0
189,11,0.0,0.41286192,0.0,0.0,0.0,0.0,0.0,0.0,0.0,0.0,0.0,0.0,0.0,0.0,0.0
189,12,0.0,0.25981728,0.0,0.0,0.0,0.0,0.0,0.0,0.0,0.0,0.0,0.0,0.0,0.0,0.0
189,13,0.0,0.2594702399999999,0.0,0.0,0.0,0.0,0.0,0.0,0.0,0.0,0.0,0.0,0.0,0.0,0.0
189,14,0.0,0.48111312,0.0,0.0,0.0,0.0,0.0,0.0,0.0,0.0,0.0,0.0,0.0,0.0,0.0
189,15,0.0,0.6672422399999999,0.0,0.0,0.0,0.0,0.0,0.0,0.0,0.0,0.0,0.0,0.0,0.0,0.0
189,16,0.0,0.670944,0.0,0.0,0.0,0.0,0.0,0.0,0.0,0.0,0.0,0.0,0.0,0.0,0.0
189,17,0.0,0.6940799999999999,0.0,0.0,0.0,0.0,0.0,0.0,0.0,0.0,0.0,0.0,0.0,0.0,0.0
189,18,0.0,0.6996326399999999,0.0,0.0,0.0,0.0,0.0,0.0,0.0,0.0,0.0,0.0,0.0,0.0,0.0
189,19,0.0,0.67996704,0.0,0.0,0.0,0.0,0.0,0.0,0.0,0.0,0.0,0.0,0.0,0.0,0.0
189,20,0.0,0.6582192,0.0,0.0,0.0,0.0,0.0,0.0,0.0,0.0,0.0,0.0,0.0,0.0,0.0
189,21,123.66000222476939,0.64341216,128.27801060660727,86.7816340359788,0.0,5.0,0.0,0.0,0.0,0.0,123.66000222476931,0.0,0.0,0.0,0.0
189,22,125.04518389574835,0.63936336,129.71492105368088,87.22853165389299,0.0,8.0,0.0,0.0,0.0,0.0,125.0451838957482,0.0,0.0,0.0,0.0
189,23,192.27515032543795,0.60477504,199.45555013012236,127.22771701747384,0.0,10.0,0.0,0.0,0.0,0.0,192.27515032543795,0.0,0.0,0.0,0.0
190,0,252.50841041786697,0.5920502400000001,261.93818508077493,163.75071926841088,0.0,12.0,0.0,0.0,0.0,0.0,252.5084104178663,0.0,0.0,0.0,0.0
190,1,162.69385801957566,0.57932544,168.76956226097062,103.35877342628231,0.0,11.0,0.0,0.0,0.0,0.0,162.69385801957566,0.0,0.0,0.0,0.0
190,2,318.4419517687109,0.5784,330.333974863808,201.9992256292186,0.0,13.0,0.0,0.0,0.0,0.0,318.4419517687108,0.0,0.0,0.0,0.0
190,3,190.35787794149587,0.57828432,197.46667836254758,120.72803087334486,0.0,10.0,0.0,0.0,0.0,0.0,190.35787794149564,0.0,0.0,0.0,0.0
190,4,213.43593261115183,0.5847623999999999,221.4065690987052,136.7987941590918,0.0,9.0,0.0,0.0,0.0,0.0,213.43593261115157,0.0,0.0,0.0,0.0
190,5,189.17924127480222,0.63300096,196.24402621867452,130.71833425852427,0.0,12.0,0.0,0.0,0.0,0.0,189.1792412748021,0.0,0.0,0.0,0.0
190,6,0.0,0.64711392,0.0,0.0,0.0,1.0,0.0,0.0,0.0,0.0,0.0,0.0,0.0,0.0,0.0
190,7,0.0,0.66793632,0.0,0.0,0.0,0.0,0.0,0.0,0.0,0.0,0.0,0.0,0.0,0.0,0.0
190,8,0.0,0.69049392,0.0,0.0,0.0,0.0,0.0,0.0,0.0,0.0,0.0,0.0,0.0,0.0,0.0
190,9,0.0,0.67950432,0.0,0.0,0.0,0.0,0.0,0.0,0.0,0.0,0.0,0.0,0.0,0.0,0.0
190,10,0.0,0.58395264,0.0,0.0,0.0,0.0,0.0,0.0,0.0,0.0,0.0,0.0,0.0,0.0,0.0
190,11,0.0,0.52854192,0.0,0.0,0.0,0.0,0.0,0.0,0.0,0.0,0.0,0.0,0.0,0.0,0.0
190,12,0.0,0.42790032,0.0,0.0,0.0,0.0,0.0,0.0,0.0,0.0,0.0,0.0,0.0,0.0,0.0
190,13,0.0,0.5188248,0.0,0.0,0.0,0.0,0.0,0.0,0.0,0.0,0.0,0.0,0.0,0.0,0.0
190,14,0.0,0.6379752,0.0,0.0,0.0,0.0,0.0,0.0,0.0,0.0,0.0,0.0,0.0,0.0,0.0
190,15,0.0,0.7334112,0.0,0.0,0.0,0.0,0.0,0.0,0.0,0.0,0.0,0.0,0.0,0.0,0.0
190,16,0.0,0.72542928,0.0,0.0,0.0,0.0,0.0,0.0,0.0,0.0,0.0,0.0,0.0,0.0,0.0
190,17,0.0,0.75111024,0.0,0.0,0.0,0.0,0.0,0.0,0.0,0.0,0.0,0.0,0.0,0.0,0.0
190,18,0.0,0.8091816000000001,0.0,0.0,0.0,0.0,0.0,0.0,0.0,0.0,0.0,0.0,0.0,0.0,0.0
190,19,0.0,0.7617527999999999,0.0,0.0,0.0,0.0,0.0,0.0,0.0,0.0,0.0,0.0,0.0,0.0,0.0
190,20,0.0,0.71235744,0.0,0.0,0.0,0.0,0.0,0.0,0.0,0.0,0.0,0.0,0.0,0.0,0.0
190,21,0.0,0.67649664,0.0,0.0,0.0,0.0,0.0,0.0,0.0,0.0,0.0,0.0,0.0,0.0,0.0
190,22,0.0,0.6567153600000001,0.0,0.0,0.0,0.0,0.0,0.0,0.0,0.0,0.0,0.0,0.0,0.0,0.0
190,23,0.0,0.6478079999999999,0.0,0.0,0.0,1.0,0.0,0.0,0.0,0.0,0.0,0.0,0.0,0.0,0.0
191,0,173.08368765887906,0.6436435199999999,179.5473938370115,121.50753531208545,0.0,10.0,0.0,0.0,0.0,0.0,173.08368765887906,0.0,0.0,0.0,0.0
191,1,205.85978306986664,0.63866928,213.54749281106496,143.4546454914943,0.0,9.0,0.0,0.0,0.0,0.0,205.8597830698664,0.0,0.0,0.0,0.0
191,2,260.68743894538903,0.63959472,270.422654507665,181.91189185569044,0.0,11.0,0.0,0.0,0.0,0.0,260.68743894538903,0.0,0.0,0.0,0.0
191,3,98.13582559522888,0.64109856,101.80064895770631,68.6338509343511,0.0,7.0,0.0,0.0,0.0,0.0,98.13582559522887,0.0,0.0,0.0,0.0
191,4,0.0,0.659376,0.0,0.0,0.0,0.0,0.0,0.0,0.0,0.0,0.0,0.0,0.0,0.0,0.0
191,5,0.0,0.69199776,0.0,0.0,0.0,0.0,0.0,0.0,0.0,0.0,0.0,0.0,0.0,0.0,0.0
191,6,0.0,0.99727728,0.0,0.0,0.0,0.0,0.0,0.0,0.0,0.0,0.0,0.0,0.0,0.0,0.0
191,7,0.0,1.1564529599999998,0.0,0.0,0.0,0.0,0.0,0.0,0.0,0.0,0.0,0.0,0.0,0.0,0.0
191,8,0.0,1.02191712,0.0,0.0,0.0,0.0,0.0,0.0,0.0,0.0,0.0,0.0,0.0,0.0,0.0
191,9,0.0,0.87893664,0.0,0.0,0.0,0.0,0.0,0.0,0.0,0.0,0.0,0.0,0.0,0.0,0.0
191,10,0.0,0.7914825600000001,0.0,0.0,0.0,0.0,0.0,0.0,0.0,0.0,0.0,0.0,0.0,0.0,0.0
191,11,0.0,0.8281531200000001,0.0,0.0,0.0,0.0,0.0,0.0,0.0,0.0,0.0,0.0,0.0,0.0,0.0
191,12,0.0,0.7914825600000001,0.0,0.0,0.0,0.0,0.0,0.0,0.0,0.0,0.0,0.0,0.0,0.0,0.0
191,13,0.0,0.7183728,0.0,0.0,0.0,0.0,0.0,0.0,0.0,0.0,0.0,0.0,0.0,0.0,0.0
191,14,0.0,0.71501808,0.0,0.0,0.0,0.0,0.0,0.0,0.0,0.0,0.0,0.0,0.0,0.0,0.0
191,15,0.0,0.72808992,0.0,0.0,0.0,0.0,0.0,0.0,0.0,0.0,0.0,0.0,0.0,0.0,0.0
191,16,0.0,0.8980238399999999,0.0,0.0,0.0,0.0,0.0,0.0,0.0,0.0,0.0,0.0,0.0,0.0,0.0
191,17,0.0,1.23164496,0.0,0.0,0.0,0.0,0.0,0.0,0.0,0.0,0.0,0.0,0.0,0.0,0.0
191,18,0.0,1.09583664,0.0,0.0,0.0,0.0,0.0,0.0,0.0,0.0,0.0,0.0,0.0,0.0,0.0
191,19,0.0,0.6941956799999999,0.0,0.0,0.0,1.0,0.0,0.0,0.0,0.0,0.0,0.0,0.0,0.0,0.0
191,20,0.0,0.6725635200000001,0.0,0.0,0.0,3.0,0.0,0.0,0.0,0.0,0.0,0.0,0.0,0.0,0.0
191,21,342.03072668294203,0.63936336,354.8036583847947,238.59246025773123,0.0,11.0,0.0,0.0,0.0,0.0,342.030726682942,0.0,0.0,0.0,0.0
191,22,596.7313954019561,0.58152336,619.0159703339796,380.4616755803309,0.0,14.0,0.0,0.0,0.0,0.0,596.7313954019561,0.0,0.0,0.0,0.0
191,23,377.24319364708356,0.5873073600000001,391.3311137417879,242.78470316240242,0.0,11.0,0.0,0.0,0.0,0.0,377.2431936470836,0.0,0.0,0.0,0.0
192,0,335.61212225590174,0.5733100799999999,348.1453550372425,211.1188525997626,0.0,10.0,0.0,0.0,0.0,0.0,335.61212225590174,0.0,0.0,0.0,0.0
192,1,449.32857866444766,0.5645184,466.1084840917507,278.5550064893376,0.0,10.0,0.0,0.0,0.0,0.0,449.3285786644477,0.0,0.0,0.0,0.0
192,2,588.619910315462,0.57284736,610.6015667172842,369.9924073642023,0.0,13.0,0.0,0.0,0.0,0.0,588.6199103154618,0.0,0.0,0.0,0.0
192,3,404.3557363541023,0.5891582399999999,419.4561580436746,261.0100506614188,0.0,11.0,0.0,0.0,0.0,0.0,404.35573635410213,0.0,0.0,0.0,0.0
192,4,330.24125467718494,0.62767968,342.5739156402334,226.3658823531004,0.0,9.0,0.0,0.0,0.0,0.0,330.24125467718494,0.0,0.0,0.0,0.0
192,5,103.99522044752032,0.6463041599999999,107.87885938539455,73.29334584249209,0.0,4.0,0.0,0.0,0.0,0.0,103.99522044752024,0.0,0.0,0.0,0.0
192,6,0.0,0.7166376,0.0,0.0,0.0,0.0,0.0,0.0,0.0,0.0,0.0,0.0,0.0,0.0,0.0
192,7,0.0,0.8272276800000001,0.0,0.0,0.0,1.0,0.0,0.0,0.0,0.0,0.0,0.0,0.0,0.0,0.0
192,8,0.0,0.71617488,0.0,0.0,0.0,0.0,0.0,0.0,0.0,0.0,0.0,0.0,0.0,0.0,0.0
192,9,0.0,0.69130368,0.0,0.0,0.0,0.0,0.0,0.0,0.0,0.0,0.0,0.0,0.0,0.0,0.0
192,10,0.0,0.7166376,0.0,0.0,0.0,0.0,0.0,0.0,0.0,0.0,0.0,0.0,0.0,0.0,0.0
192,11,0.0,0.64746096,0.0,0.0,0.0,0.0,0.0,0.0,0.0,0.0,0.0,0.0,0.0,0.0,0.0
192,12,0.0,0.54982704,0.0,0.0,0.0,0.0,0.0,0.0,0.0,0.0,0.0,0.0,0.0,0.0,0.0
192,13,0.0,0.5482075200000001,0.0,0.0,0.0,0.0,0.0,0.0,0.0,0.0,0.0,0.0,0.0,0.0,0.0
192,14,0.0,0.66955584,0.0,0.0,0.0,0.0,0.0,0.0,0.0,0.0,0.0,0.0,0.0,0.0,0.0
192,15,0.0,0.6844785600000001,0.0,0.0,0.0,0.0,0.0,0.0,0.0,0.0,0.0,0.0,0.0,0.0,0.0
192,16,0.0,0.68343744,0.0,0.0,0.0,0.0,0.0,0.0,0.0,0.0,0.0,0.0,0.0,0.0,0.0
192,17,0.0,0.7160591999999999,0.0,0.0,0.0,0.0,0.0,0.0,0.0,0.0,0.0,0.0,0.0,0.0,0.0
192,18,0.0,0.69153504,0.0,0.0,0.0,0.0,0.0,0.0,0.0,0.0,0.0,0.0,0.0,0.0,0.0
192,19,0.0,0.67048128,0.0,0.0,0.0,0.0,0.0,0.0,0.0,0.0,0.0,0.0,0.0,0.0,0.0
192,20,130.57831431942276,0.5784,135.45468290396556,82.83053859577494,0.0,4.0,0.0,0.0,0.0,0.0,130.57831431942253,0.0,0.0,0.0,0.0
192,21,123.08194284378746,0.52831056,127.67836394583762,71.67998180271651,0.0,4.0,0.0,0.0,0.0,0.0,123.08194284378733,0.0,0.0,0.0,0.0
192,22,342.08736215023606,0.43715472,354.86240886953954,166.87572272147082,0.0,11.0,0.0,0.0,0.0,0.0,342.087362150236,0.0,0.0,0.0,0.0
192,23,269.91405465066055,0.37445616,279.99383262516653,114.1132112483956,0.0,12.0,0.0,0.0,0.0,0.0,269.9140546506605,0.0,0.0,0.0,0.0
193,0,415.11195698710907,0.30678336,430.61406326463594,146.35855468563705,0.0,12.0,0.0,0.0,0.0,0.0,415.1119569871088,0.0,0.0,0.0,0.0
193,1,392.3287353920792,0.25808208,406.98001596688715,118.50528756767139,0.0,10.0,0.0,0.0,0.0,0.0,392.32873539207907,0.0,0.0,0.0,0.0
193,2,395.1522874294555,0.2730048,409.90901185628155,125.47511609246472,0.0,11.0,0.0,0.0,0.0,0.0,395.15228742945504,0.0,0.0,0.0,0.0
193,3,356.02985526808635,0.34946928,369.32557600423894,141.292619697527,0.0,11.0,0.0,0.0,0.0,0.0,356.0298552680861,0.0,0.0,0.0,0.0
193,4,298.92748795071043,0.4517304,310.09075513559173,150.34142484869096,0.0,12.0,0.0,0.0,0.0,0.0,298.9274879507102,0.0,0.0,0.0,0.0
193,5,261.22381839591975,0.4805347199999999,270.97906472605786,139.18425603643058,0.0,12.0,0.0,0.0,0.0,0.0,261.22381839591975,0.0,0.0,0.0,0.0
193,6,0.0,0.58429968,0.0,0.0,0.0,4.0,0.0,0.0,0.0,0.0,0.0,0.0,0.0,0.0,0.0
193,7,0.0,0.6010732799999999,0.0,0.0,0.0,0.0,0.0,0.0,0.0,0.0,0.0,0.0,0.0,0.0,0.0
193,8,0.0,0.6216643199999999,0.0,0.0,0.0,0.0,0.0,0.0,0.0,0.0,0.0,0.0,0.0,0.0,0.0
193,9,0.0,0.62860512,0.0,0.0,0.0,0.0,0.0,0.0,0.0,0.0,0.0,0.0,0.0,0.0,0.0
193,10,22.14461640997815,0.5873073600000001,22.971593786284387,14.251745855941103,0.0,1.0,0.0,0.0,0.0,0.0,22.14461640997815,0.0,0.0,0.0,0.0
193,11,0.0,0.3412559999999999,0.0,0.0,0.0,0.0,0.0,0.0,0.0,0.0,0.0,0.0,0.0,0.0,0.0
193,12,0.0,0.21146304,0.0,0.0,0.0,0.0,0.0,0.0,0.0,0.0,0.0,0.0,0.0,0.0,0.0
193,13,0.0,0.2302032,0.0,0.0,0.0,0.0,0.0,0.0,0.0,0.0,0.0,0.0,0.0,0.0,0.0
193,14,0.0,0.31592208,0.0,0.0,0.0,0.0,0.0,0.0,0.0,0.0,0.0,0.0,0.0,0.0,0.0
193,15,0.0,0.4599436799999999,0.0,0.0,0.0,0.0,0.0,0.0,0.0,0.0,0.0,0.0,0.0,0.0,0.0
193,16,0.0,0.50690976,0.0,0.0,0.0,0.0,0.0,0.0,0.0,0.0,0.0,0.0,0.0,0.0,0.0
193,17,0.0,0.57909408,0.0,0.0,0.0,0.0,0.0,0.0,0.0,0.0,0.0,0.0,0.0,0.0,0.0
193,18,0.0,0.5905463999999999,0.0,0.0,0.0,0.0,0.0,0.0,0.0,0.0,0.0,0.0,0.0,0.0,0.0
193,19,125.74410702438976,0.5445057600000001,130.43994504604748,75.3428635926805,0.0,4.0,0.0,0.0,0.0,0.0,125.74410702438975,0.0,0.0,0.0,0.0
193,20,100.86604048477226,0.52160112,104.63282207963928,58.03994359633664,0.0,4.0,0.0,0.0,0.0,0.0,100.86604048477226,0.0,0.0,0.0,0.0
193,21,148.578938589785,0.4951104,154.12752965745332,81.41176409137529,0.0,6.0,0.0,0.0,0.0,0.0,148.57893858978485,0.0,0.0,0.0,0.0
193,22,376.59457468987046,0.4269748799999999,390.6582724998657,179.73205784138295,0.0,11.0,0.0,0.0,0.0,0.0,376.5945746898702,0.0,0.0,0.0,0.0
193,23,104.16833763401277,0.4757918399999999,108.05844152905891,54.990059137255194,0.0,6.0,0.0,0.0,0.0,0.0,104.16833763401277,0.0,0.0,0.0,0.0
194,0,257.2031983170628,0.46919808,266.8082970094012,134.01729531589197,0.0,8.0,0.0,0.0,0.0,0.0,257.2031983170626,0.0,0.0,0.0,0.0
194,1,233.1151592491428,0.46063776,241.82070461529335,119.3960130183766,0.0,11.0,0.0,0.0,0.0,0.0,233.1151592491424,0.0,0.0,0.0,0.0
194,2,275.63604239127244,0.45184608,285.9295045552619,138.66039239041638,0.0,10.0,0.0,0.0,0.0,0.0,275.6360423912723,0.0,0.0,0.0,0.0
194,3,259.27035804176273,0.4621416,268.9526535702934,133.19654247839782,0.0,10.0,0.0,0.0,0.0,0.0,259.27035804176273,0.0,0.0,0.0,0.0
194,4,278.95830674454265,0.47116464,289.37583687193234,145.92200220492367,0.0,10.0,0.0,0.0,0.0,0.0,278.95830674454254,0.0,0.0,0.0,0.0
194,5,463.48877364983844,0.47671728,480.7974830392516,245.11886503391736,0.0,15.0,0.0,0.0,0.0,0.0,463.4887736498383,0.0,0.0,0.0,0.0
194,6,20.662140907618976,0.51350352,21.433756128235455,11.715766546515072,0.0,8.0,0.0,0.0,0.0,0.0,20.66214090761883,0.0,0.0,0.0,0.0
194,7,0.0,0.54936432,0.0,0.0,0.0,0.0,0.0,0.0,0.0,0.0,0.0,0.0,0.0,0.0,0.0
194,8,0.0,0.56764176,0.0,0.0,0.0,0.0,0.0,0.0,0.0,0.0,0.0,0.0,0.0,0.0,0.0
194,9,0.0,0.56417136,0.0,0.0,0.0,0.0,0.0,0.0,0.0,0.0,0.0,0.0,0.0,0.0,0.0
194,10,0.0,0.55052112,0.0,0.0,0.0,0.0,0.0,0.0,0.0,0.0,0.0,0.0,0.0,0.0,0.0
194,11,0.0,0.57134352,0.0,0.0,0.0,0.0,0.0,0.0,0.0,0.0,0.0,0.0,0.0,0.0,0.0
194,12,0.0,0.5379120000000001,0.0,0.0,0.0,0.0,0.0,0.0,0.0,0.0,0.0,0.0,0.0,0.0,0.0
194,13,0.0,0.5379120000000001,0.0,0.0,0.0,0.0,0.0,0.0,0.0,0.0,0.0,0.0,0.0,0.0,0.0
194,14,0.0,0.540804,0.0,0.0,0.0,0.0,0.0,0.0,0.0,0.0,0.0,0.0,0.0,0.0,0.0
194,15,0.0,0.52136976,0.0,0.0,0.0,0.0,0.0,0.0,0.0,0.0,0.0,0.0,0.0,0.0,0.0
194,16,0.0,0.54288624,0.0,0.0,0.0,0.0,0.0,0.0,0.0,0.0,0.0,0.0,0.0,0.0,0.0
194,17,0.0,0.5784,0.0,0.0,0.0,0.0,0.0,0.0,0.0,0.0,0.0,0.0,0.0,0.0,0.0
194,18,0.0,0.5917031999999999,0.0,0.0,0.0,0.0,0.0,0.0,0.0,0.0,0.0,0.0,0.0,0.0,0.0
194,19,0.0,0.57816864,0.0,0.0,0.0,0.0,0.0,0.0,0.0,0.0,0.0,0.0,0.0,0.0,0.0
194,20,0.0,0.546588,0.0,0.0,0.0,0.0,0.0,0.0,0.0,0.0,0.0,0.0,0.0,0.0,0.0
194,21,241.06413921306557,0.51963456,250.06653445338753,138.220415891818,0.0,6.0,0.0,0.0,0.0,0.0,241.06413921306557,0.0,0.0,0.0,0.0
194,22,123.4736865205432,0.49834944,128.0847370545054,68.07056178016414,0.0,4.0,0.0,0.0,0.0,0.0,123.47368652054323,0.0,0.0,0.0,0.0
194,23,383.436198461403,0.436692,397.7553925948164,186.86230139790402,0.0,11.0,0.0,0.0,0.0,0.0,383.4361984614027,0.0,0.0,0.0,0.0
195,0,282.9289128015572,0.428016,293.49472282319215,135.3351126093391,0.0,7.0,0.0,0.0,0.0,0.0,282.92891280155703,0.0,0.0,0.0,0.0
195,1,340.6490574789726,0.42038112,353.3703915756977,160.24680094658595,0.0,9.0,0.0,0.0,0.0,0.0,340.6490574789724,0.0,0.0,0.0,0.0
195,2,341.41210798474776,0.42419856,354.1619377435143,161.95774413691876,0.0,10.0,0.0,0.0,0.0,0.0,341.41210798474765,0.0,0.0,0.0,0.0
195,3,179.91691276131044,0.43356864,186.63580161961664,87.0970757171363,0.0,7.0,0.0,0.0,0.0,0.0,179.91691276131044,0.0,0.0,0.0,0.0
195,4,267.5248281698893,0.46838832,277.51538191897237,139.17072265270383,0.0,9.0,0.0,0.0,0.0,0.0,267.5248281698892,0.0,0.0,0.0,0.0
195,5,128.46813310803458,0.51963456,133.26569824484915,73.66055708245948,0.0,4.0,0.0,0.0,0.0,0.0,128.4681331080345,0.0,0.0,0.0,0.0
195,6,58.907230994542175,0.5199816,61.10708609392343,33.79720494816492,0.0,4.0,0.0,0.0,0.0,0.0,58.907230994542175,0.0,0.0,0.0,0.0
195,7,0.0,0.53432592,0.0,0.0,0.0,1.0,0.0,0.0,0.0,0.0,0.0,0.0,0.0,0.0,0.0
195,8,0.0,0.54288624,0.0,0.0,0.0,0.0,0.0,0.0,0.0,0.0,0.0,0.0,0.0,0.0,0.0
195,9,66.57542800182387,0.5199816,69.06164730479657,38.19672638997257,0.0,5.0,0.0,0.0,0.0,0.0,66.57542800182387,0.0,0.0,0.0,0.0
195,10,54.383678086276966,0.51165264,56.41460382393876,30.73200436764474,0.0,2.0,0.0,0.0,0.0,0.0,54.38367808627696,0.0,0.0,0.0,0.0
195,11,0.0,0.5188248,0.0,0.0,0.0,1.0,0.0,0.0,0.0,0.0,0.0,0.0,0.0,0.0,0.0
195,12,0.0,0.50702544,0.0,0.0,0.0,0.0,0.0,0.0,0.0,0.0,0.0,0.0,0.0,0.0,0.0
195,13,0.0,0.49788672,0.0,0.0,0.0,0.0,0.0,0.0,0.0,0.0,0.0,0.0,0.0,0.0,0.0
195,14,0.0,0.4904832,0.0,0.0,0.0,0.0,0.0,0.0,0.0,0.0,0.0,0.0,0.0,0.0,0.0
195,15,0.0,0.49175568,0.0,0.0,0.0,0.0,0.0,0.0,0.0,0.0,0.0,0.0,0.0,0.0,0.0
195,16,0.0,0.5199816,0.0,0.0,0.0,0.0,0.0,0.0,0.0,0.0,0.0,0.0,0.0,0.0,0.0
195,17,0.0,0.5203286399999999,0.0,0.0,0.0,0.0,0.0,0.0,0.0,0.0,0.0,0.0,0.0,0.0,0.0
195,18,0.0,0.5308555199999999,0.0,0.0,0.0,0.0,0.0,0.0,0.0,0.0,0.0,0.0,0.0,0.0,0.0
195,19,0.0,0.52252656,0.0,0.0,0.0,0.0,0.0,0.0,0.0,0.0,0.0,0.0,0.0,0.0,0.0
195,20,0.0,0.50482752,0.0,0.0,0.0,0.0,0.0,0.0,0.0,0.0,0.0,0.0,0.0,0.0,0.0
195,21,0.0,0.49476336,0.0,0.0,0.0,0.0,0.0,0.0,0.0,0.0,0.0,0.0,0.0,0.0,0.0
195,22,0.0,0.46306704,0.0,0.0,0.0,0.0,0.0,0.0,0.0,0.0,0.0,0.0,0.0,0.0,0.0
195,23,0.0,0.4319491200000001,0.0,0.0,0.0,0.0,0.0,0.0,0.0,0.0,0.0,0.0,0.0,0.0,0.0
196,0,0.0,0.42304176,0.0,0.0,0.0,0.0,0.0,0.0,0.0,0.0,0.0,0.0,0.0,0.0,0.0
196,1,0.0,0.3372072,0.0,0.0,0.0,0.0,0.0,0.0,0.0,0.0,0.0,0.0,0.0,0.0,0.0
196,2,141.40910049942744,0.2307816,146.68993827741437,38.70877561654535,0.0,4.0,0.0,0.0,0.0,0.0,141.40910049942744,0.0,0.0,0.0,0.0
196,3,252.04282746964685,0.19642464,261.455215217476,60.01041414891371,0.0,9.0,0.0,0.0,0.0,0.0,252.04282746964662,0.0,0.0,0.0,0.0
196,4,517.0973769447684,0.15836592,536.4080673700917,102.70386411443657,0.0,11.0,0.0,0.0,0.0,0.0,517.0973769447684,0.0,0.0,0.0,0.0
196,5,173.28635786477923,0.2302032,179.7576326398125,47.33075989848709,0.0,5.0,0.0,0.0,0.0,0.0,173.28635786477923,0.0,0.0,0.0,0.0
196,6,92.4087482690938,0.2614368,95.85969737457864,28.234208513676798,0.0,2.0,0.0,0.0,0.0,0.0,92.4087482690938,0.0,0.0,0.0,0.0
196,7,0.0,0.34553616,0.0,0.0,0.0,0.0,0.0,0.0,0.0,0.0,0.0,0.0,0.0,0.0,0.0
196,8,47.05630509057246,0.20139888,48.81359449229509,11.446733237217366,0.0,4.0,0.0,0.0,0.0,0.0,47.05630509057237,0.0,0.0,0.0,0.0
196,9,462.97772756474683,0.05425392,480.267352245588,41.95323586667291,0.0,10.0,0.0,0.0,0.0,0.0,462.9777275647467,0.0,0.0,0.0,0.0
196,10,25.404235265997045,0.00023136,26.35294114729984,0.878379368439464,0.0,1.0,0.0,0.0,0.0,0.0,25.404235265997045,0.0,0.0,0.0,0.0
196,11,26.76020301736571,0.00011568,27.75954669851215,0.9220522200828359,0.0,1.0,0.0,0.0,0.0,0.0,26.76020301736571,0.0,0.0,0.0,0.0
196,12,0.0,-0.00150384,0.0,0.0,0.0,0.0,0.0,0.0,0.0,0.0,0.0,0.0,0.0,0.0,0.0
196,13,0.0,-0.01191504,0.0,0.0,0.0,0.0,0.0,0.0,0.0,0.0,0.0,0.0,0.0,0.0,0.0
196,14,0.0,-0.0011568,0.0,0.0,0.0,0.0,0.0,0.0,0.0,0.0,0.0,0.0,0.0,0.0,0.0
196,15,0.0,0.0204753599999999,0.0,0.0,0.0,0.0,0.0,0.0,0.0,0.0,0.0,0.0,0.0,0.0,0.0
196,16,0.0,0.2417712,0.0,0.0,0.0,0.0,0.0,0.0,0.0,0.0,0.0,0.0,0.0,0.0,0.0
196,17,0.0,0.41077968,0.0,0.0,0.0,0.0,0.0,0.0,0.0,0.0,0.0,0.0,0.0,0.0,0.0
196,18,0.0,0.4140187199999999,0.0,0.0,0.0,2.0,0.0,0.0,0.0,0.0,0.0,0.0,0.0,0.0,0.0
196,19,17.27316769874301,0.38764368,17.918223753882792,7.53897940127206,0.0,2.0,0.0,0.0,0.0,0.0,17.27316769874301,0.0,0.0,0.0,0.0
196,20,0.0,0.35479056,0.0,0.0,0.0,1.0,0.0,0.0,0.0,0.0,0.0,0.0,0.0,0.0,0.0
196,21,16.5603597960138,0.240036,17.178796468893985,4.692147752327827,0.0,3.0,0.0,0.0,0.0,0.0,16.560359796013792,0.0,0.0,0.0,0.0
196,22,111.46566056369572,0.18763296,115.62827859304535,25.522972193547538,0.0,3.0,0.0,0.0,0.0,0.0,111.46566056369572,0.0,0.0,0.0,0.0
196,23,73.58083681296735,0.15986976,76.32866889311967,14.729124917424766,0.0,2.0,0.0,0.0,0.0,0.0,73.58083681296735,0.0,0.0,0.0,0.0
197,0,133.62594061584804,0.14367456,138.61612097079671,24.50380379351936,0.0,5.0,0.0,0.0,0.0,0.0,133.62594061584804,0.0,0.0,0.0,0.0
197,1,173.14873336582343,0.0300767999999999,179.61486863674634,11.347492632889974,0.0,8.0,0.0,0.0,0.0,0.0,173.14873336582306,0.0,0.0,0.0,0.0
197,2,209.122911872287,0.00080976,216.93248119531847,7.356128373537761,0.0,7.0,0.0,0.0,0.0,0.0,209.122911872287,0.0,0.0,0.0,0.0
197,3,308.8655201792696,0.0,320.3999171984125,10.60523725926745,0.0,9.0,0.0,0.0,0.0,0.0,308.8655201792694,0.0,0.0,0.0,0.0
197,4,274.73758290697435,-0.0049742399999999,284.99749264208964,8.015771078653206,0.0,10.0,0.0,0.0,0.0,0.0,274.73758290697424,0.0,0.0,0.0,0.0
197,5,470.4337144889253,-0.02394576,488.0017785154827,4.4672854009575715,0.0,12.0,0.0,0.0,0.0,0.0,470.4337144889252,0.0,0.0,0.0,0.0
197,6,208.37267605161037,-0.0127248,216.1542282693054,4.404185631832751,0.0,12.0,0.0,0.0,0.0,0.0,208.37267605161026,0.0,0.0,0.0,0.0
197,7,233.0475513615745,-0.02417712,241.7505719518408,2.1571113434576406,0.0,10.0,0.0,0.0,0.0,0.0,233.04755136157436,0.0,0.0,0.0,0.0
197,8,326.96367402887006,-0.0613104,339.1739357145955,-9.568232396083026,0.0,10.0,0.0,0.0,0.0,0.0,326.96367402887057,0.0,0.0,0.0,0.0
197,9,291.40177426323794,-0.07819968,302.28399819837966,-13.632911587867499,0.0,8.0,0.0,0.0,0.0,0.0,291.401774263238,0.0,0.0,0.0,0.0
197,10,19.744694818664442,-0.1507310399999999,20.4820485670793,-2.409324674276046,0.0,1.0,0.0,0.0,0.0,0.0,19.744694818664442,0.0,0.0,0.0,0.0
197,11,0.0,-0.44409552,0.0,0.0,0.0,0.0,0.0,0.0,0.0,0.0,0.0,0.0,0.0,0.0,0.0
197,12,0.0,-0.57944112,0.0,0.0,0.0,0.0,0.0,0.0,0.0,0.0,0.0,0.0,0.0,0.0,0.0
197,13,0.0,-0.69454272,0.0,0.0,0.0,0.0,0.0,0.0,0.0,0.0,0.0,0.0,0.0,0.0,0.0
197,14,0.0,-0.55885008,0.0,0.0,0.0,0.0,0.0,0.0,0.0,0.0,0.0,0.0,0.0,0.0,0.0
197,15,0.0,-0.1168367999999999,0.0,0.0,0.0,0.0,0.0,0.0,0.0,0.0,0.0,0.0,0.0,0.0,0.0
197,16,0.0,-0.01295616,0.0,0.0,0.0,0.0,0.0,0.0,0.0,0.0,0.0,0.0,0.0,0.0,0.0
197,17,0.0,0.04997376,0.0,0.0,0.0,0.0,0.0,0.0,0.0,0.0,0.0,0.0,0.0,0.0,0.0
197,18,15.617881535809701,0.0300767999999999,16.2011219251138,1.0235350396385279,0.0,1.0,0.0,0.0,0.0,0.0,15.617881535809701,0.0,0.0,0.0,0.0
197,19,117.96335276746021,0.0109895999999999,122.36862320275958,5.3951836495603755,0.0,6.0,0.0,0.0,0.0,0.0,117.96335276746007,0.0,0.0,0.0,0.0
197,20,134.01433126397637,0.01017984,139.01901583400038,6.016720762253003,0.0,8.0,0.0,0.0,0.0,0.0,134.0143312639762,0.0,0.0,0.0,0.0
197,21,147.61794459294873,0.01943424,153.13064791799664,8.044602209079535,0.0,10.0,0.0,0.0,0.0,0.0,147.61794459294865,0.0,0.0,0.0,0.0
197,22,89.62765491669519,0.00092544,92.97474576420665,3.163506633515267,0.0,8.0,0.0,0.0,0.0,0.0,89.62765491669519,0.0,0.0,0.0,0.0
197,23,192.96285112324972,0.0,200.16893270046654,6.6255916723854416,0.0,10.0,0.0,0.0,0.0,0.0,192.96285112324964,0.0,0.0,0.0,0.0
198,0,214.02878398996864,0.0,222.02156015556912,7.3489136411493385,0.0,7.0,0.0,0.0,0.0,0.0,214.02878398996864,0.0,0.0,0.0,0.0
198,1,209.55457285733547,0.0,217.38026230014054,7.195286682134652,0.0,8.0,0.0,0.0,0.0,0.0,209.55457285733547,0.0,0.0,0.0,0.0
198,2,130.66908471176788,0.00011568,135.5488430619999,4.502346995517608,0.0,9.0,0.0,0.0,0.0,0.0,130.66908471176788,0.0,0.0,0.0,0.0
198,3,114.34902650200146,0.01145232,118.6193220975119,5.284765996271422,0.0,7.0,0.0,0.0,0.0,0.0,114.34902650200146,0.0,0.0,0.0,0.0
198,4,112.42935875327856,0.03690192,116.62796551169976,8.164181511512766,0.0,9.0,0.0,0.0,0.0,0.0,112.42935875327856,0.0,0.0,0.0,0.0
198,5,93.89419050985865,0.05298144,97.40061256209404,8.384384986227145,0.0,9.0,0.0,0.0,0.0,0.0,93.89419050985865,0.0,0.0,0.0,0.0
198,6,57.36028790130864,0.069408,59.50237334160648,6.099469286501396,0.0,9.0,0.0,0.0,0.0,0.0,57.36028790130864,0.0,0.0,0.0,0.0
198,7,132.64510700335723,0.0651278399999999,137.59865871717557,13.51601903268531,0.0,8.0,0.0,0.0,0.0,0.0,132.64510700335708,0.0,0.0,0.0,0.0
198,8,113.42669645022269,0.03840576,117.66254818487832,8.413549931496345,0.0,9.0,0.0,0.0,0.0,0.0,113.42669645022269,0.0,0.0,0.0,0.0
198,9,41.21780517517678,0.0412977599999999,42.75705931034936,3.1810294368771332,0.0,5.0,0.0,0.0,0.0,0.0,41.21780517517678,0.0,0.0,0.0,0.0
198,10,14.43023250158776,0.02568096,14.969120852269462,0.8798992940524171,0.0,1.0,0.0,0.0,0.0,0.0,14.43023250158776,0.0,0.0,0.0,0.0
198,11,0.0,0.0099484799999999,0.0,0.0,0.0,0.0,0.0,0.0,0.0,0.0,0.0,0.0,0.0,0.0,0.0
198,12,0.0,0.0068251199999999,0.0,0.0,0.0,0.0,0.0,0.0,0.0,0.0,0.0,0.0,0.0,0.0,0.0
198,13,0.0,0.0,0.0,0.0,0.0,0.0,0.0,0.0,0.0,0.0,0.0,0.0,0.0,0.0,0.0
198,14,0.0,0.0006940799999999,0.0,0.0,0.0,0.0,0.0,0.0,0.0,0.0,0.0,0.0,0.0,0.0,0.0
198,15,0.0,0.01492272,0.0,0.0,0.0,0.0,0.0,0.0,0.0,0.0,0.0,0.0,0.0,0.0,0.0
198,16,0.0,0.06778848,0.0,0.0,0.0,0.0,0.0,0.0,0.0,0.0,0.0,0.0,0.0,0.0,0.0
198,17,0.0,0.11174688,0.0,0.0,0.0,0.0,0.0,0.0,0.0,0.0,0.0,0.0,0.0,0.0,0.0
198,18,74.49582562460861,0.19584624,77.27782741141974,17.69246802121348,0.0,3.0,0.0,0.0,0.0,0.0,74.49582562460861,0.0,0.0,0.0,0.0
198,19,95.4059169307764,0.190872,98.96879349665602,22.16623861703304,0.0,5.0,0.0,0.0,0.0,0.0,95.4059169307764,0.0,0.0,0.0,0.0
198,20,129.877867308358,0.18844272,134.7280781207033,29.848024887233095,0.0,5.0,0.0,0.0,0.0,0.0,129.877867308358,0.0,0.0,0.0,0.0
198,21,152.92611146389208,0.1457568,158.637045087025,28.37331424572101,0.0,7.0,0.0,0.0,0.0,0.0,152.92611146389208,0.0,0.0,0.0,0.0
198,22,110.93387995644403,0.1014513599999999,115.07663895896684,15.483718276157958,0.0,7.0,0.0,0.0,0.0,0.0,110.93387995644402,0.0,0.0,0.0,0.0
198,23,192.14304975297415,0.0801662399999999,199.31851634125954,22.576058908353005,0.0,13.0,0.0,0.0,0.0,0.0,192.14304975297415,0.0,0.0,0.0,0.0
199,0,429.06733574268156,0.0697550399999999,445.09059724344564,45.779811183098445,0.0,19.0,0.0,0.0,0.0,0.0,429.06733574268156,0.0,0.0,0.0,0.0
199,1,258.5361400523045,0.0254496,268.1910166517682,15.702476748554368,0.0,15.0,0.0,0.0,0.0,0.0,258.5361400523045,0.0,0.0,0.0,0.0
199,2,423.66643970989037,0.00960144,439.48800799781156,18.766770804238067,0.0,17.0,0.0,0.0,0.0,0.0,423.66643970989037,0.0,0.0,0.0,0.0
199,3,370.94619866973966,0.01874016,384.79896127566354,19.948039720364203,0.0,16.0,0.0,0.0,0.0,0.0,370.94619866973954,0.0,0.0,0.0,0.0
199,4,198.08277003071916,0.05575776,205.48005189908628,18.258497136436553,0.0,11.0,0.0,0.0,0.0,0.0,198.08277003071916,0.0,0.0,0.0,0.0
199,5,192.24838782255398,0.20683584,199.4277881976701,47.849873880550064,0.0,10.0,0.0,0.0,0.0,0.0,192.24838782255398,0.0,0.0,0.0,0.0
199,6,61.532840391361496,0.2326324799999999,63.83074729394346,16.96190277867288,0.0,5.0,0.0,0.0,0.0,0.0,61.532840391361496,0.0,0.0,0.0,0.0
199,7,0.0,0.2388791999999999,0.0,0.0,0.0,0.0,0.0,0.0,0.0,0.0,0.0,0.0,0.0,0.0,0.0
199,8,0.0,0.2377224,0.0,0.0,0.0,0.0,0.0,0.0,0.0,0.0,0.0,0.0,0.0,0.0,0.0
199,9,0.0,0.23795376,0.0,0.0,0.0,0.0,0.0,0.0,0.0,0.0,0.0,0.0,0.0,0.0,0.0
199,10,0.0,0.2394576,0.0,0.0,0.0,0.0,0.0,0.0,0.0,0.0,0.0,0.0,0.0,0.0,0.0
199,11,0.0,0.2446632,0.0,0.0,0.0,0.0,0.0,0.0,0.0,0.0,0.0,0.0,0.0,0.0,0.0
199,12,0.0,0.2469768,0.0,0.0,0.0,0.0,0.0,0.0,0.0,0.0,0.0,0.0,0.0,0.0,0.0
199,13,0.0,0.24674544,0.0,0.0,0.0,0.0,0.0,0.0,0.0,0.0,0.0,0.0,0.0,0.0,0.0
199,14,0.0,0.242928,0.0,0.0,0.0,0.0,0.0,0.0,0.0,0.0,0.0,0.0,0.0,0.0,0.0
199,15,0.0,0.24281232,0.0,0.0,0.0,0.0,0.0,0.0,0.0,0.0,0.0,0.0,0.0,0.0,0.0
199,16,0.0,0.2492904,0.0,0.0,0.0,0.0,0.0,0.0,0.0,0.0,0.0,0.0,0.0,0.0,0.0
199,17,0.0,0.283416,0.0,0.0,0.0,0.0,0.0,0.0,0.0,0.0,0.0,0.0,0.0,0.0,0.0
199,18,121.75886742637793,0.30955968,126.30587907300617,43.279932105274995,0.0,4.0,0.0,0.0,0.0,0.0,121.75886742637795,0.0,0.0,0.0,0.0
199,19,63.21108206697343,0.2733518399999999,65.57166189520066,20.094556439642126,0.0,6.0,0.0,0.0,0.0,0.0,63.21108206697344,0.0,0.0,0.0,0.0
199,20,310.3648741413105,0.2458199999999999,321.95526363206494,89.79976213225552,0.0,12.0,0.0,0.0,0.0,0.0,310.36487414131017,0.0,0.0,0.0,0.0
199,21,0.0,0.24894336,0.0,0.0,0.0,6.0,0.0,0.0,0.0,0.0,0.0,0.0,0.0,0.0,0.0
199,22,119.42768070343794,0.23702832,123.8876355844792,33.465558869207584,0.0,8.0,0.0,0.0,0.0,0.0,119.42768070343794,0.0,0.0,0.0,0.0
199,23,348.96167278486644,0.21204144,361.99343649882417,88.7395922938703,0.0,14.0,0.0,0.0,0.0,0.0,348.9616727848663,0.0,0.0,0.0,0.0
200,0,477.4240057283704,0.20926512,495.253117975488,120.03208136850327,0.0,19.0,0.0,0.0,0.0,0.0,477.42400572837045,0.0,0.0,0.0,0.0
200,1,369.0767687300795,0.19619328,382.8597185996676,87.78716065759478,0.0,13.0,0.0,0.0,0.0,0.0,369.0767687300795,0.0,0.0,0.0,0.0
200,2,320.4609495766555,0.2059104,332.42837093014055,79.45383790736126,0.0,12.0,0.0,0.0,0.0,0.0,320.4609495766555,0.0,0.0,0.0,0.0
200,3,289.2403633345649,0.22360944,300.0418706790092,77.02358059856088,0.0,11.0,0.0,0.0,0.0,0.0,289.2403633345649,0.0,0.0,0.0,0.0
200,4,297.2395622220025,0.2435064,308.33979483610227,85.28876062635283,0.0,11.0,0.0,0.0,0.0,0.0,297.2395622220025,0.0,0.0,0.0,0.0
200,5,0.0,0.33871104,0.0,0.0,0.0,0.0,0.0,0.0,0.0,0.0,0.0,0.0,0.0,0.0,0.0
200,6,0.0,0.393312,0.0,0.0,0.0,0.0,0.0,0.0,0.0,0.0,0.0,0.0,0.0,0.0,0.0
200,7,0.0,0.40407024,0.0,0.0,0.0,0.0,0.0,0.0,0.0,0.0,0.0,0.0,0.0,0.0,0.0
200,8,0.0,0.39365904,0.0,0.0,0.0,0.0,0.0,0.0,0.0,0.0,0.0,0.0,0.0,0.0,0.0
200,9,0.0,0.3864868799999999,0.0,0.0,0.0,0.0,0.0,0.0,0.0,0.0,0.0,0.0,0.0,0.0,0.0
200,10,0.0,0.37121712,0.0,0.0,0.0,0.0,0.0,0.0,0.0,0.0,0.0,0.0,0.0,0.0,0.0
200,11,0.0,0.35212992,0.0,0.0,0.0,0.0,0.0,0.0,0.0,0.0,0.0,0.0,0.0,0.0,0.0
200,12,0.0,0.34912224,0.0,0.0,0.0,0.0,0.0,0.0,0.0,0.0,0.0,0.0,0.0,0.0,0.0
200,13,0.0,0.34854384,0.0,0.0,0.0,0.0,0.0,0.0,0.0,0.0,0.0,0.0,0.0,0.0,0.0
200,14,0.0,0.35317104,0.0,0.0,0.0,0.0,0.0,0.0,0.0,0.0,0.0,0.0,0.0,0.0,0.0
200,15,0.0,0.37503456,0.0,0.0,0.0,0.0,0.0,0.0,0.0,0.0,0.0,0.0,0.0,0.0,0.0
200,16,0.0,0.39319632,0.0,0.0,0.0,0.0,0.0,0.0,0.0,0.0,0.0,0.0,0.0,0.0,0.0
200,17,0.0,0.41020128,0.0,0.0,0.0,0.0,0.0,0.0,0.0,0.0,0.0,0.0,0.0,0.0,0.0
200,18,0.0,0.42639648,0.0,0.0,0.0,0.0,0.0,0.0,0.0,0.0,0.0,0.0,0.0,0.0,0.0
200,19,0.0,0.42535536,0.0,0.0,0.0,0.0,0.0,0.0,0.0,0.0,0.0,0.0,0.0,0.0,0.0
200,20,0.0,0.42095952,0.0,0.0,0.0,0.0,0.0,0.0,0.0,0.0,0.0,0.0,0.0,0.0,0.0
200,21,0.0,0.40811904,0.0,0.0,0.0,0.0,0.0,0.0,0.0,0.0,0.0,0.0,0.0,0.0,0.0
200,22,0.0,0.3582609599999999,0.0,0.0,0.0,1.0,0.0,0.0,0.0,0.0,0.0,0.0,0.0,0.0,0.0
200,23,386.2456628151069,0.30689904,400.6697747044678,136.22733875653535,0.0,13.0,0.0,0.0,0.0,0.0,386.2456628151068,0.0,0.0,0.0,0.0
201,0,325.91992141787625,0.25576848,338.0912047903281,97.66389242915079,0.0,14.0,0.0,0.0,0.0,0.0,325.91992141787625,0.0,0.0,0.0,0.0
201,1,596.7313954019576,0.23390496,619.0159703339808,165.28033439838578,0.0,19.0,0.0,0.0,0.0,0.0,596.7313954019576,0.0,0.0,0.0,0.0
201,2,470.69599231300555,0.2340206399999999,488.27385094710127,130.42802356025425,0.0,18.0,0.0,0.0,0.0,0.0,470.69599231300555,0.0,0.0,0.0,0.0
201,3,279.8718451227186,0.2866550399999999,290.3234907912019,92.83239941088036,0.0,10.0,0.0,0.0,0.0,0.0,279.87184512271864,0.0,0.0,0.0,0.0
201,4,0.0,0.33581904,0.0,0.0,0.0,0.0,0.0,0.0,0.0,0.0,0.0,0.0,0.0,0.0,0.0
201,5,0.0,0.35247696,0.0,0.0,0.0,0.0,0.0,0.0,0.0,0.0,0.0,0.0,0.0,0.0,0.0
201,6,0.0,0.38382624,0.0,0.0,0.0,0.0,0.0,0.0,0.0,0.0,0.0,0.0,0.0,0.0,0.0
201,7,26.901353367123498,0.36022752,27.905968223157156,10.976185274413211,0.0,1.0,0.0,0.0,0.0,0.0,26.901353367123498,0.0,0.0,0.0,0.0
201,8,0.0,0.34495776,0.0,0.0,0.0,0.0,0.0,0.0,0.0,0.0,0.0,0.0,0.0,0.0,0.0
201,9,0.0,0.33072912,0.0,0.0,0.0,0.0,0.0,0.0,0.0,0.0,0.0,0.0,0.0,0.0,0.0
201,10,21.706011378803204,0.3191611199999999,22.51660931411121,7.931726015591245,0.0,1.0,0.0,0.0,0.0,0.0,21.706011378803208,0.0,0.0,0.0,0.0
201,11,0.0,0.32691168,0.0,0.0,0.0,0.0,0.0,0.0,0.0,0.0,0.0,0.0,0.0,0.0,0.0
201,12,0.0,0.31279872,0.0,0.0,0.0,0.0,0.0,0.0,0.0,0.0,0.0,0.0,0.0,0.0,0.0
201,13,0.0,0.2920919999999999,0.0,0.0,0.0,0.0,0.0,0.0,0.0,0.0,0.0,0.0,0.0,0.0,0.0
201,14,0.0,0.3059735999999999,0.0,0.0,0.0,0.0,0.0,0.0,0.0,0.0,0.0,0.0,0.0,0.0,0.0
201,15,0.0,0.27693792,0.0,0.0,0.0,0.0,0.0,0.0,0.0,0.0,0.0,0.0,0.0,0.0,0.0
201,16,0.0,0.31731024,0.0,0.0,0.0,0.0,0.0,0.0,0.0,0.0,0.0,0.0,0.0,0.0,0.0
201,17,0.0,0.3337368,0.0,0.0,0.0,0.0,0.0,0.0,0.0,0.0,0.0,0.0,0.0,0.0,0.0
201,18,0.0,0.3840576,0.0,0.0,0.0,1.0,0.0,0.0,0.0,0.0,0.0,0.0,0.0,0.0,0.0
201,19,0.0,0.3684408,0.0,0.0,0.0,1.0,0.0,0.0,0.0,0.0,0.0,0.0,0.0,0.0,0.0
201,20,0.0,0.34738704,0.0,0.0,0.0,1.0,0.0,0.0,0.0,0.0,0.0,0.0,0.0,0.0,0.0
201,21,19.022312746296244,0.3276057599999999,19.732689570846727,7.117694788496341,0.0,1.0,0.0,0.0,0.0,0.0,19.022312746296244,0.0,0.0,0.0,0.0
201,22,285.7028624212709,0.3013464,296.3722639224802,99.12063672872338,0.0,8.0,0.0,0.0,0.0,0.0,285.7028624212709,0.0,0.0,0.0,0.0
201,23,435.52068122383093,0.28966272,451.7849390288703,145.81933577599239,0.0,12.0,0.0,0.0,0.0,0.0,435.52068122383093,0.0,0.0,0.0,0.0
202,0,456.7759226781702,0.23702832,473.8339446868986,127.99596743724484,0.0,12.0,0.0,0.0,0.0,0.0,456.7759226781701,0.0,0.0,0.0,0.0
202,1,428.04579671924125,0.23448336,444.03090945979386,118.8152826971074,0.0,12.0,0.0,0.0,0.0,0.0,428.04579671924114,0.0,0.0,0.0,0.0
202,2,462.3713852162101,0.23205408,479.638366406857,127.1780697773131,0.0,12.0,0.0,0.0,0.0,0.0,462.37138521621,0.0,0.0,0.0,0.0
202,3,521.0953003070748,0.23332656,540.555290774974,144.01828661097602,0.0,14.0,0.0,0.0,0.0,0.0,521.0953003070747,0.0,0.0,0.0,0.0
202,4,291.98179940433874,0.29313312,302.8856840293971,98.81134170424441,0.0,9.0,0.0,0.0,0.0,0.0,291.98179940433874,0.0,0.0,0.0,0.0
202,5,314.07522983464787,0.29290176,325.8041803263983,106.21273620176324,0.0,10.0,0.0,0.0,0.0,0.0,314.075229834648,0.0,0.0,0.0,0.0
202,6,0.0,0.321012,0.0,0.0,0.0,0.0,0.0,0.0,0.0,0.0,0.0,0.0,0.0,0.0,0.0
202,7,0.0,0.3488908799999999,0.0,0.0,0.0,0.0,0.0,0.0,0.0,0.0,0.0,0.0,0.0,0.0,0.0
202,8,0.0,0.34923792,0.0,0.0,0.0,0.0,0.0,0.0,0.0,0.0,0.0,0.0,0.0,0.0,0.0
202,9,0.0,0.3424128,0.0,0.0,0.0,0.0,0.0,0.0,0.0,0.0,0.0,0.0,0.0,0.0,0.0
202,10,0.0,0.34264416,0.0,0.0,0.0,0.0,0.0,0.0,0.0,0.0,0.0,0.0,0.0,0.0,0.0
202,11,0.0,0.33651312,0.0,0.0,0.0,0.0,0.0,0.0,0.0,0.0,0.0,0.0,0.0,0.0,0.0
202,12,0.0,0.31777296,0.0,0.0,0.0,0.0,0.0,0.0,0.0,0.0,0.0,0.0,0.0,0.0,0.0
202,13,0.0,0.3136084799999999,0.0,0.0,0.0,0.0,0.0,0.0,0.0,0.0,0.0,0.0,0.0,0.0,0.0
202,14,0.0,0.31245168,0.0,0.0,0.0,0.0,0.0,0.0,0.0,0.0,0.0,0.0,0.0,0.0,0.0
202,15,0.0,0.32598624,0.0,0.0,0.0,0.0,0.0,0.0,0.0,0.0,0.0,0.0,0.0,0.0,0.0
202,16,0.0,0.35606304,0.0,0.0,0.0,0.0,0.0,0.0,0.0,0.0,0.0,0.0,0.0,0.0,0.0
202,17,0.0,0.35837664,0.0,0.0,0.0,0.0,0.0,0.0,0.0,0.0,0.0,0.0,0.0,0.0,0.0
202,18,0.0,0.36948192,0.0,0.0,0.0,0.0,0.0,0.0,0.0,0.0,0.0,0.0,0.0,0.0,0.0
202,19,0.0,0.36346656,0.0,0.0,0.0,0.0,0.0,0.0,0.0,0.0,0.0,0.0,0.0,0.0,0.0
202,20,0.0,0.3537494399999999,0.0,0.0,0.0,0.0,0.0,0.0,0.0,0.0,0.0,0.0,0.0,0.0,0.0
202,21,0.0,0.34738704,0.0,0.0,0.0,1.0,0.0,0.0,0.0,0.0,0.0,0.0,0.0,0.0,0.0
202,22,169.35500433835674,0.31765728,175.67946508128296,61.62085132376578,0.0,5.0,0.0,0.0,0.0,0.0,169.35500433835676,0.0,0.0,0.0,0.0
202,23,133.33908568634848,0.24732384,138.31855361654405,38.78781994839717,0.0,6.0,0.0,0.0,0.0,0.0,133.33908568634848,0.0,0.0,0.0,0.0
203,0,260.9969636058825,0.24084576,270.743738180376,74.16909912106412,0.0,8.0,0.0,0.0,0.0,0.0,260.99696360588246,0.0,0.0,0.0,0.0
203,1,201.5563485454037,0.23691264,209.08334911348936,56.455147074174924,0.0,6.0,0.0,0.0,0.0,0.0,201.5563485454037,0.0,0.0,0.0,0.0
203,2,322.4597641707332,0.23286384,334.50183005262784,88.96539120782431,0.0,8.0,0.0,0.0,0.0,0.0,322.4597641707332,0.0,0.0,0.0,0.0
203,3,219.71433439715005,0.23216976,227.91943402193985,60.46013356233584,0.0,8.0,0.0,0.0,0.0,0.0,219.71433439714997,0.0,0.0,0.0,0.0
203,4,302.50240132831516,0.2319384,313.79917150240163,83.16883033632212,0.0,9.0,0.0,0.0,0.0,0.0,302.50240132831516,0.0,0.0,0.0,0.0
203,5,161.2653013786756,0.2407300799999999,167.28765703182117,45.808392508036135,0.0,6.0,0.0,0.0,0.0,0.0,161.2653013786756,0.0,0.0,0.0,0.0
203,6,82.40458553302061,0.28549824,85.48193520022886,27.23439410658696,0.0,4.0,0.0,0.0,0.0,0.0,82.40458553302061,0.0,0.0,0.0,0.0
203,7,89.9023687663016,0.3042384,93.25971863724234,31.46008426953751,0.0,4.0,0.0,0.0,0.0,0.0,89.9023687663016,0.0,0.0,0.0,0.0
203,8,102.60264684152946,0.30296592,106.43428095594345,35.76893454899761,0.0,3.0,0.0,0.0,0.0,0.0,102.60264684152888,0.0,0.0,0.0,0.0
203,9,69.99347770013668,0.29637216,72.60734201258991,23.92209780474675,0.0,3.0,0.0,0.0,0.0,0.0,69.99347770013668,0.0,0.0,0.0,0.0
203,10,0.0,0.2753184,0.0,0.0,0.0,0.0,0.0,0.0,0.0,0.0,0.0,0.0,0.0,0.0,0.0
203,11,0.0,0.26860896,0.0,0.0,0.0,0.0,0.0,0.0,0.0,0.0,0.0,0.0,0.0,0.0,0.0
203,12,0.0,0.2452416,0.0,0.0,0.0,0.0,0.0,0.0,0.0,0.0,0.0,0.0,0.0,0.0,0.0
203,13,0.0,0.2258073599999999,0.0,0.0,0.0,0.0,0.0,0.0,0.0,0.0,0.0,0.0,0.0,0.0,0.0
203,14,0.0,0.2402673599999999,0.0,0.0,0.0,0.0,0.0,0.0,0.0,0.0,0.0,0.0,0.0,0.0,0.0
203,15,0.0,0.26583264,0.0,0.0,0.0,0.0,0.0,0.0,0.0,0.0,0.0,0.0,0.0,0.0,0.0
203,16,0.0,0.3034286399999999,0.0,0.0,0.0,0.0,0.0,0.0,0.0,0.0,0.0,0.0,0.0,0.0,0.0
203,17,0.0,0.3030816,0.0,0.0,0.0,0.0,0.0,0.0,0.0,0.0,0.0,0.0,0.0,0.0,0.0
203,18,42.64900742324469,0.31106352,44.24170894527458,15.226382281421188,0.0,2.0,0.0,0.0,0.0,0.0,42.6490074232447,0.0,0.0,0.0,0.0
203,19,26.225317345652513,0.30666768,27.204686043208003,9.243273062029164,0.0,4.0,0.0,0.0,0.0,0.0,26.225317345652513,0.0,0.0,0.0,0.0
203,20,97.19088248283322,0.306552,100.82041751331248,34.24385644923161,0.0,7.0,0.0,0.0,0.0,0.0,97.19088248283323,0.0,0.0,0.0,0.0
203,21,108.70196659224719,0.30227184,112.7613761330365,37.81699019466854,0.0,7.0,0.0,0.0,0.0,0.0,108.70196659224696,0.0,0.0,0.0,0.0
203,22,72.80416478544427,0.26189952,75.52299251602103,22.2792465411898,0.0,3.0,0.0,0.0,0.0,0.0,72.80416478544426,0.0,0.0,0.0,0.0
203,23,119.16733012442099,0.23899488,123.61756236973132,33.63570579888456,0.0,6.0,0.0,0.0,0.0,0.0,119.16733012442099,0.0,0.0,0.0,0.0
204,0,60.45739687979465,0.2348304,62.71514199148823,16.803293079836237,0.0,8.0,0.0,0.0,0.0,0.0,60.45739687979465,0.0,0.0,0.0,0.0
204,1,210.8460119825306,0.23066592,218.71992944245918,57.69086341172533,0.0,10.0,0.0,0.0,0.0,0.0,210.8460119825306,0.0,0.0,0.0,0.0
204,2,133.08234209214572,0.2302032,138.0522220872881,36.349591842693634,0.0,5.0,0.0,0.0,0.0,0.0,133.08234209214572,0.0,0.0,0.0,0.0
204,3,173.88174951186554,0.18254304,180.37525882973603,38.896669154831116,0.0,7.0,0.0,0.0,0.0,0.0,173.88174951186548,0.0,0.0,0.0,0.0
204,4,283.85209027538383,0.12828912,294.4523758043401,47.52140981297174,0.0,10.0,0.0,0.0,0.0,0.0,283.8520902753837,0.0,0.0,0.0,0.0
204,5,279.56689791456137,0.0587654399999999,290.00715551303045,26.64163494435294,0.0,10.0,0.0,0.0,0.0,0.0,279.56689791456137,0.0,0.0,0.0,0.0
204,6,348.03904602428213,0.0333158399999999,361.0363547969731,23.978532774378962,0.0,10.0,0.0,0.0,0.0,0.0,348.03904602428196,0.0,0.0,0.0,0.0
204,7,214.1230633303523,0.03956256,222.11936030119537,16.139761345047223,0.0,9.0,0.0,0.0,0.0,0.0,214.1230633303523,0.0,0.0,0.0,0.0
204,8,263.60316370162394,0.0023136,273.4472652506472,9.68375207268032,0.0,6.0,0.0,0.0,0.0,0.0,263.60316370162394,0.0,0.0,0.0,0.0
204,9,273.02815028986464,0.04037232,283.22422229239066,20.809140692017664,0.0,8.0,0.0,0.0,0.0,0.0,273.02815028986464,0.0,0.0,0.0,0.0
204,10,53.34820625592715,0.05332848,55.340462921086264,4.782992092765846,0.0,2.0,0.0,0.0,0.0,0.0,53.34820625592715,0.0,0.0,0.0,0.0
204,11,0.0,0.04673472,0.0,0.0,0.0,0.0,0.0,0.0,0.0,0.0,0.0,0.0,0.0,0.0,0.0
204,12,0.0,0.04708176,0.0,0.0,0.0,0.0,0.0,0.0,0.0,0.0,0.0,0.0,0.0,0.0,0.0
204,13,0.0,0.09346944,0.0,0.0,0.0,0.0,0.0,0.0,0.0,0.0,0.0,0.0,0.0,0.0,0.0
204,14,0.0,0.0572616,0.0,0.0,0.0,0.0,0.0,0.0,0.0,0.0,0.0,0.0,0.0,0.0,0.0
204,15,0.0,0.14240208,0.0,0.0,0.0,0.0,0.0,0.0,0.0,0.0,0.0,0.0,0.0,0.0,0.0
204,16,0.0,0.1891368,0.0,0.0,0.0,0.0,0.0,0.0,0.0,0.0,0.0,0.0,0.0,0.0,0.0
204,17,0.0,0.25611552,0.0,0.0,0.0,0.0,0.0,0.0,0.0,0.0,0.0,0.0,0.0,0.0,0.0
204,18,0.0,0.3661272,0.0,0.0,0.0,0.0,0.0,0.0,0.0,0.0,0.0,0.0,0.0,0.0,0.0
204,19,0.0,0.3406775999999999,0.0,0.0,0.0,0.0,0.0,0.0,0.0,0.0,0.0,0.0,0.0,0.0,0.0
204,20,0.0,0.34195008,0.0,0.0,0.0,0.0,0.0,0.0,0.0,0.0,0.0,0.0,0.0,0.0,0.0
204,21,10.969173526822871,0.31777296,11.378810712471859,3.99251699596471,0.0,3.0,0.0,0.0,0.0,0.0,10.969173526822871,0.0,0.0,0.0,0.0
204,22,53.92590842081833,0.2915136,55.93973902574516,18.158800068207633,0.0,7.0,0.0,0.0,0.0,0.0,53.92590842081833,0.0,0.0,0.0,0.0
204,23,183.18551500816324,0.2499844799999999,190.02646785079176,53.79354383777809,0.0,12.0,0.0,0.0,0.0,0.0,183.18551500816324,0.0,0.0,0.0,0.0
205,0,299.71136714444424,0.2469768,310.9039078261869,87.0769716114534,0.0,19.0,0.0,0.0,0.0,0.0,299.71136714444407,0.0,0.0,0.0,0.0
205,1,347.95172393099335,0.2498688,360.9457717126487,102.13639188660218,0.0,21.0,0.0,0.0,0.0,0.0,347.95172393099335,0.0,0.0,0.0,0.0
205,2,186.2954249333747,0.25206672,193.25251549105263,55.109185974332675,0.0,14.0,0.0,0.0,0.0,0.0,186.29542493337473,0.0,0.0,0.0,0.0
205,3,209.15839480559544,0.25137264,216.96928921742267,61.72182650260376,0.0,13.0,0.0,0.0,0.0,0.0,209.15839480559544,0.0,0.0,0.0,0.0
205,4,224.8880271688471,0.26247792,233.28633523739327,68.95428973389141,0.0,12.0,0.0,0.0,0.0,0.0,224.8880271688471,0.0,0.0,0.0,0.0
205,5,175.82719311926022,0.30851856,182.3933538581538,62.308954898592944,0.0,12.0,0.0,0.0,0.0,0.0,175.82719311926022,0.0,0.0,0.0,0.0
205,6,0.0,0.36566448,0.0,0.0,0.0,1.0,0.0,0.0,0.0,0.0,0.0,0.0,0.0,0.0,0.0
205,7,0.0,0.3915768,0.0,0.0,0.0,0.0,0.0,0.0,0.0,0.0,0.0,0.0,0.0,0.0,0.0
205,8,0.0,0.3343151999999999,0.0,0.0,0.0,0.0,0.0,0.0,0.0,0.0,0.0,0.0,0.0,0.0,0.0
205,9,0.0,0.36797808,0.0,0.0,0.0,0.0,0.0,0.0,0.0,0.0,0.0,0.0,0.0,0.0,0.0
205,10,0.0,0.33165456,0.0,0.0,0.0,0.0,0.0,0.0,0.0,0.0,0.0,0.0,0.0,0.0,0.0
205,11,0.0,0.31742592,0.0,0.0,0.0,0.0,0.0,0.0,0.0,0.0,0.0,0.0,0.0,0.0,0.0
205,12,0.0,0.312336,0.0,0.0,0.0,0.0,0.0,0.0,0.0,0.0,0.0,0.0,0.0,0.0,0.0
205,13,0.0,0.30782448,0.0,0.0,0.0,0.0,0.0,0.0,0.0,0.0,0.0,0.0,0.0,0.0,0.0
205,14,0.0,0.31268304,0.0,0.0,0.0,0.0,0.0,0.0,0.0,0.0,0.0,0.0,0.0,0.0,0.0
205,15,0.0,0.32887824,0.0,0.0,0.0,0.0,0.0,0.0,0.0,0.0,0.0,0.0,0.0,0.0,0.0
205,16,0.0,0.358608,0.0,0.0,0.0,0.0,0.0,0.0,0.0,0.0,0.0,0.0,0.0,0.0,0.0
205,17,0.0,0.3811656,0.0,0.0,0.0,0.0,0.0,0.0,0.0,0.0,0.0,0.0,0.0,0.0,0.0
205,18,0.0,0.38313216,0.0,0.0,0.0,0.0,0.0,0.0,0.0,0.0,0.0,0.0,0.0,0.0,0.0
205,19,0.0,0.35212992,0.0,0.0,0.0,0.0,0.0,0.0,0.0,0.0,0.0,0.0,0.0,0.0,0.0
205,20,0.0,0.3348936,0.0,0.0,0.0,1.0,0.0,0.0,0.0,0.0,0.0,0.0,0.0,0.0,0.0
205,21,55.056943673196024,0.3111792,57.11301210912451,19.6628221185197,0.0,7.0,0.0,0.0,0.0,0.0,55.05694367319602,0.0,0.0,0.0,0.0
205,22,378.02831299408666,0.27196368,392.1455528984302,119.62936546282978,0.0,13.0,0.0,0.0,0.0,0.0,378.02831299408666,0.0,0.0,0.0,0.0
205,23,174.41763555591106,0.3060892799999999,180.9311572156754,61.369908945551735,0.0,12.0,0.0,0.0,0.0,0.0,174.41763555591098,0.0,0.0,0.0,0.0
206,0,198.18317076333688,0.28885296,205.58420203665654,66.1884423749396,0.0,11.0,0.0,0.0,0.0,0.0,198.1831707633368,0.0,0.0,0.0,0.0
206,1,312.30482084193744,0.27659088,323.9676564750389,100.32982862529249,0.0,14.0,0.0,0.0,0.0,0.0,312.30482084193744,0.0,0.0,0.0,0.0
206,2,255.32443236207172,0.254496,264.85936967019893,76.17249527967053,0.0,10.0,0.0,0.0,0.0,0.0,255.32443236207172,0.0,0.0,0.0,0.0
206,3,395.02860983712685,0.24824928,409.7807155986793,115.29150929157316,0.0,13.0,0.0,0.0,0.0,0.0,395.02860983712685,0.0,0.0,0.0,0.0
206,4,287.55310976460504,0.25831344,298.2916076396317,86.92618350539539,0.0,10.0,0.0,0.0,0.0,0.0,287.5531097646044,0.0,0.0,0.0,0.0
206,5,182.21591089614617,0.30620496,189.0206544565832,64.13564559956478,0.0,10.0,0.0,0.0,0.0,0.0,182.2159108961462,0.0,0.0,0.0,0.0
206,6,0.0,0.33847968,0.0,0.0,0.0,0.0,0.0,0.0,0.0,0.0,0.0,0.0,0.0,0.0,0.0
206,7,218.87197686917563,0.32991936,227.04561915889593,82.42195535786614,0.0,7.0,0.0,0.0,0.0,0.0,218.87197686917563,0.0,0.0,0.0,0.0
206,8,143.0369183132571,0.33281136,148.37854596810902,54.293395550013294,0.0,7.0,0.0,0.0,0.0,0.0,143.0369183132571,0.0,0.0,0.0,0.0
206,9,234.77100203845313,0.3158064,243.53838385731657,84.97210077347445,0.0,8.0,0.0,0.0,0.0,0.0,234.77100203845313,0.0,0.0,0.0,0.0
206,10,124.4789087266904,0.3100224,129.12749867913942,44.30653725278316,0.0,4.0,0.0,0.0,0.0,0.0,124.4789087266904,0.0,0.0,0.0,0.0
206,11,0.0,0.29070384,0.0,0.0,0.0,0.0,0.0,0.0,0.0,0.0,0.0,0.0,0.0,0.0,0.0
206,12,0.0,0.28815888,0.0,0.0,0.0,0.0,0.0,0.0,0.0,0.0,0.0,0.0,0.0,0.0,0.0
206,13,0.0,0.2804083199999999,0.0,0.0,0.0,0.0,0.0,0.0,0.0,0.0,0.0,0.0,0.0,0.0,0.0
206,14,0.0,0.28075536,0.0,0.0,0.0,0.0,0.0,0.0,0.0,0.0,0.0,0.0,0.0,0.0,0.0
206,15,0.0,0.28584528,0.0,0.0,0.0,0.0,0.0,0.0,0.0,0.0,0.0,0.0,0.0,0.0,0.0
206,16,0.0,0.29625648,0.0,0.0,0.0,0.0,0.0,0.0,0.0,0.0,0.0,0.0,0.0,0.0,0.0
206,17,0.0,0.3043540799999999,0.0,0.0,0.0,0.0,0.0,0.0,0.0,0.0,0.0,0.0,0.0,0.0,0.0
206,18,0.0,0.34380096,0.0,0.0,0.0,0.0,0.0,0.0,0.0,0.0,0.0,0.0,0.0,0.0,0.0
206,19,123.94120834008703,0.32864688,128.56971819511102,46.509694419560645,0.0,10.0,0.0,0.0,0.0,0.0,123.94120834008703,0.0,0.0,0.0,0.0
206,20,135.76546463486272,0.32297856,140.83554422703605,50.148517785179315,0.0,7.0,0.0,0.0,0.0,0.0,135.76546463486272,0.0,0.0,0.0,0.0
206,21,131.8789284876203,0.31372416,136.80386772574724,47.44688650873339,0.0,8.0,0.0,0.0,0.0,0.0,131.8789284876203,0.0,0.0,0.0,0.0
206,22,351.330917316497,0.28896864,364.4511590420093,117.37828913908365,0.0,13.0,0.0,0.0,0.0,0.0,351.3309173164962,0.0,0.0,0.0,0.0
206,23,350.47810852207795,0.29995824,363.5665026162635,121.08881948432813,0.0,14.0,0.0,0.0,0.0,0.0,350.4781085220773,0.0,0.0,0.0,0.0
207,0,156.4481139889009,0.2892,162.29057467728308,52.30625221848834,0.0,9.0,0.0,0.0,0.0,0.0,156.4481139889009,0.0,0.0,0.0,0.0
207,1,332.6436857787866,0.28896864,345.0660640858783,111.13495797029168,0.0,14.0,0.0,0.0,0.0,0.0,332.6436857787866,0.0,0.0,0.0,0.0
207,2,362.4654895705106,0.28839024,376.00154519762515,120.8808270059554,0.0,13.0,0.0,0.0,0.0,0.0,362.4654895705106,0.0,0.0,0.0,0.0
207,3,305.71572405745246,0.28966272,317.1324938355317,102.35854631073943,0.0,12.0,0.0,0.0,0.0,0.0,305.71572405745246,0.0,0.0,0.0,0.0
207,4,227.40790665042312,0.306552,235.9003181020987,80.12401484401403,0.0,9.0,0.0,0.0,0.0,0.0,227.40790665042314,0.0,0.0,0.0,0.0
207,5,199.15883594437966,0.33419952,206.59630284686688,75.88272286942886,0.0,11.0,0.0,0.0,0.0,0.0,199.15883594437966,0.0,0.0,0.0,0.0
207,6,0.0,0.35502192,0.0,0.0,0.0,2.0,0.0,0.0,0.0,0.0,0.0,0.0,0.0,0.0,0.0
207,7,0.0,0.36520176,0.0,0.0,0.0,0.0,0.0,0.0,0.0,0.0,0.0,0.0,0.0,0.0,0.0
207,8,0.0,0.3609216,0.0,0.0,0.0,0.0,0.0,0.0,0.0,0.0,0.0,0.0,0.0,0.0,0.0
207,9,0.0,0.3615,0.0,0.0,0.0,0.0,0.0,0.0,0.0,0.0,0.0,0.0,0.0,0.0,0.0
207,10,0.0,0.3539808,0.0,0.0,0.0,0.0,0.0,0.0,0.0,0.0,0.0,0.0,0.0,0.0,0.0
207,11,0.0,0.3447264,0.0,0.0,0.0,0.0,0.0,0.0,0.0,0.0,0.0,0.0,0.0,0.0,0.0
207,12,0.0,0.3435696,0.0,0.0,0.0,0.0,0.0,0.0,0.0,0.0,0.0,0.0,0.0,0.0,0.0
207,13,0.0,0.3418344,0.0,0.0,0.0,0.0,0.0,0.0,0.0,0.0,0.0,0.0,0.0,0.0,0.0
207,14,0.0,0.34495776,0.0,0.0,0.0,0.0,0.0,0.0,0.0,0.0,0.0,0.0,0.0,0.0,0.0
207,15,0.0,0.3580296,0.0,0.0,0.0,0.0,0.0,0.0,0.0,0.0,0.0,0.0,0.0,0.0,0.0
207,16,0.0,0.38047152,0.0,0.0,0.0,0.0,0.0,0.0,0.0,0.0,0.0,0.0,0.0,0.0,0.0
207,17,0.0,0.38452032,0.0,0.0,0.0,0.0,0.0,0.0,0.0,0.0,0.0,0.0,0.0,0.0,0.0
207,18,0.0,0.3787363199999999,0.0,0.0,0.0,0.0,0.0,0.0,0.0,0.0,0.0,0.0,0.0,0.0,0.0
207,19,18.385766326698068,0.36184704,19.072371708193018,7.532576751930576,0.0,2.0,0.0,0.0,0.0,0.0,18.385766326698068,0.0,0.0,0.0,0.0
207,20,148.3207357428667,0.35849232,153.85968438056713,60.25027076105404,0.0,6.0,0.0,0.0,0.0,0.0,148.3207357428667,0.0,0.0,0.0,0.0
207,21,0.0,0.37225824,0.0,0.0,0.0,1.0,0.0,0.0,0.0,0.0,0.0,0.0,0.0,0.0,0.0
207,22,424.3081144585045,0.3418344,440.1536457038429,165.02874305978293,0.0,16.0,0.0,0.0,0.0,0.0,424.3081144585043,0.0,0.0,0.0,0.0
207,23,159.74060053673858,0.35212992,165.70601715429316,63.83491573186697,0.0,13.0,0.0,0.0,0.0,0.0,159.7406005367384,0.0,0.0,0.0,0.0
208,0,352.2589321868809,0.34576752,365.41383006937855,138.44343157208687,0.0,14.0,0.0,0.0,0.0,0.0,352.2589321868809,0.0,0.0,0.0,0.0
208,1,311.7487881770499,0.34044624,323.39085910482356,120.8014394689766,0.0,12.0,0.0,0.0,0.0,0.0,311.7487881770499,0.0,0.0,0.0,0.0
208,2,376.8164995929294,0.338364,390.8884850549061,145.2010002124356,0.0,14.0,0.0,0.0,0.0,0.0,376.8164995929294,0.0,0.0,0.0,0.0
208,3,284.9320535975104,0.33998352,295.5726697069611,110.2732920300704,0.0,13.0,0.0,0.0,0.0,0.0,284.93205359751045,0.0,0.0,0.0,0.0
208,4,350.48958515087884,0.35247696,363.5784078328619,140.1874572138351,0.0,14.0,0.0,0.0,0.0,0.0,350.48958515087884,0.0,0.0,0.0,0.0
208,5,0.0,0.3760756799999999,0.0,0.0,0.0,0.0,0.0,0.0,0.0,0.0,0.0,0.0,0.0,0.0,0.0
208,6,0.0,0.39886464,0.0,0.0,0.0,0.0,0.0,0.0,0.0,0.0,0.0,0.0,0.0,0.0,0.0
208,7,0.0,0.3922708799999999,0.0,0.0,0.0,0.0,0.0,0.0,0.0,0.0,0.0,0.0,0.0,0.0,0.0
208,8,0.0,0.39238656,0.0,0.0,0.0,0.0,0.0,0.0,0.0,0.0,0.0,0.0,0.0,0.0,0.0
208,9,0.0,0.39643536,0.0,0.0,0.0,0.0,0.0,0.0,0.0,0.0,0.0,0.0,0.0,0.0,0.0
208,10,0.0,0.3922708799999999,0.0,0.0,0.0,0.0,0.0,0.0,0.0,0.0,0.0,0.0,0.0,0.0,0.0
208,11,0.0,0.39284928,0.0,0.0,0.0,0.0,0.0,0.0,0.0,0.0,0.0,0.0,0.0,0.0,0.0
208,12,0.0,0.38255376,0.0,0.0,0.0,0.0,0.0,0.0,0.0,0.0,0.0,0.0,0.0,0.0,0.0
208,13,0.0,0.37977744,0.0,0.0,0.0,0.0,0.0,0.0,0.0,0.0,0.0,0.0,0.0,0.0,0.0
208,14,0.0,0.39030432,0.0,0.0,0.0,0.0,0.0,0.0,0.0,0.0,0.0,0.0,0.0,0.0,0.0
208,15,0.0,0.39597264,0.0,0.0,0.0,0.0,0.0,0.0,0.0,0.0,0.0,0.0,0.0,0.0,0.0
208,16,0.0,0.41020128,0.0,0.0,0.0,0.0,0.0,0.0,0.0,0.0,0.0,0.0,0.0,0.0,0.0
208,17,0.0,0.41656368,0.0,0.0,0.0,0.0,0.0,0.0,0.0,0.0,0.0,0.0,0.0,0.0,0.0
208,18,0.0,0.42500832,0.0,0.0,0.0,0.0,0.0,0.0,0.0,0.0,0.0,0.0,0.0,0.0,0.0
208,19,0.0,0.4204968,0.0,0.0,0.0,0.0,0.0,0.0,0.0,0.0,0.0,0.0,0.0,0.0,0.0
208,20,0.0,0.40973856,0.0,0.0,0.0,0.0,0.0,0.0,0.0,0.0,0.0,0.0,0.0,0.0,0.0
208,21,0.0,0.3956256,0.0,0.0,0.0,0.0,0.0,0.0,0.0,0.0,0.0,0.0,0.0,0.0,0.0
208,22,0.0,0.3760756799999999,0.0,0.0,0.0,0.0,0.0,0.0,0.0,0.0,0.0,0.0,0.0,0.0,0.0
208,23,13.124673203530307,0.37410912,13.614806227728534,5.544073262963857,0.0,1.0,0.0,0.0,0.0,0.0,13.124673203530307,0.0,0.0,0.0,0.0
209,0,596.7313954019533,0.35548464,619.0159703339766,240.540097986479,0.0,16.0,0.0,0.0,0.0,0.0,596.7313954019533,0.0,0.0,0.0,0.0
209,1,596.7313954019536,0.34865952,619.0159703339767,236.31523970703316,0.0,21.0,0.0,0.0,0.0,0.0,596.7313954019536,0.0,0.0,0.0,0.0
209,2,460.5137488824899,0.34842816,477.7113577619191,182.2603353380067,0.0,14.0,0.0,0.0,0.0,0.0,460.5137488824899,0.0,0.0,0.0,0.0
209,3,587.1633149386679,0.35617872,609.0905756625186,237.10599965796845,0.0,19.0,0.0,0.0,0.0,0.0,587.1633149386679,0.0,0.0,0.0,0.0
209,4,0.0,0.38556144,0.0,0.0,0.0,0.0,0.0,0.0,0.0,0.0,0.0,0.0,0.0,0.0,0.0
209,5,57.67034642457084,0.3944688,59.824010813870174,25.578880514873493,0.0,2.0,0.0,0.0,0.0,0.0,57.67034642457084,0.0,0.0,0.0,0.0
209,6,25.260563277169815,0.4059211199999999,26.20390381449151,11.504067201010333,0.0,1.0,0.0,0.0,0.0,0.0,25.260563277169815,0.0,0.0,0.0,0.0
209,7,0.0,0.41841456,0.0,0.0,0.0,0.0,0.0,0.0,0.0,0.0,0.0,0.0,0.0,0.0,0.0
209,8,0.0,0.42084384,0.0,0.0,0.0,2.0,0.0,0.0,0.0,0.0,0.0,0.0,0.0,0.0,0.0
209,9,0.0,0.41205216,0.0,0.0,0.0,0.0,0.0,0.0,0.0,0.0,0.0,0.0,0.0,0.0,0.0
209,10,0.0,0.40962288,0.0,0.0,0.0,0.0,0.0,0.0,0.0,0.0,0.0,0.0,0.0,0.0,0.0
209,11,0.0,0.40904448,0.0,0.0,0.0,0.0,0.0,0.0,0.0,0.0,0.0,0.0,0.0,0.0,0.0
209,12,0.0,0.40407024,0.0,0.0,0.0,0.0,0.0,0.0,0.0,0.0,0.0,0.0,0.0,0.0,0.0
209,13,0.0,0.39655104,0.0,0.0,0.0,0.0,0.0,0.0,0.0,0.0,0.0,0.0,0.0,0.0,0.0
209,14,0.0,0.39238656,0.0,0.0,0.0,0.0,0.0,0.0,0.0,0.0,0.0,0.0,0.0,0.0,0.0
209,15,0.0,0.39377472,0.0,0.0,0.0,0.0,0.0,0.0,0.0,0.0,0.0,0.0,0.0,0.0,0.0
209,16,0.0,0.4030291199999999,0.0,0.0,0.0,0.0,0.0,0.0,0.0,0.0,0.0,0.0,0.0,0.0,0.0
209,17,0.0,0.4129776,0.0,0.0,0.0,0.0,0.0,0.0,0.0,0.0,0.0,0.0,0.0,0.0,0.0
209,18,0.0,0.40754064,0.0,0.0,0.0,0.0,0.0,0.0,0.0,0.0,0.0,0.0,0.0,0.0,0.0
209,19,0.0,0.39689808,0.0,0.0,0.0,0.0,0.0,0.0,0.0,0.0,0.0,0.0,0.0,0.0,0.0
209,20,0.0,0.39088272,0.0,0.0,0.0,0.0,0.0,0.0,0.0,0.0,0.0,0.0,0.0,0.0,0.0
209,21,0.0,0.36508608,0.0,0.0,0.0,0.0,0.0,0.0,0.0,0.0,0.0,0.0,0.0,0.0,0.0
209,22,218.88404093164513,0.32841552,227.05813374651984,82.08503929160268,0.0,5.0,0.0,0.0,0.0,0.0,218.88404093164502,0.0,0.0,0.0,0.0
209,23,253.49409950668183,0.21990768,262.96068413556213,66.53107262435138,0.0,7.0,0.0,0.0,0.0,0.0,253.49409950668178,0.0,0.0,0.0,0.0
210,0,397.187545275009,0.18589776,412.02027518154455,90.23151733934182,0.0,10.0,0.0,0.0,0.0,0.0,397.18754527500886,0.0,0.0,0.0,0.0
210,1,391.44347654901134,0.05830272,406.06169766494946,37.115143654394025,0.0,11.0,0.0,0.0,0.0,0.0,391.4434765490112,0.0,0.0,0.0,0.0
210,2,313.08200961053467,0.02649072,324.7738688905961,19.353508684376223,0.0,11.0,0.0,0.0,0.0,0.0,313.08200961053467,0.0,0.0,0.0,0.0
210,3,555.7596193406905,0.011568,576.5141279467744,25.751733067126516,0.0,15.0,0.0,0.0,0.0,0.0,555.7596193406904,0.0,0.0,0.0,0.0
210,4,453.9131490063762,0.00890736,470.8642624547471,19.779764584071042,0.0,14.0,0.0,0.0,0.0,0.0,453.91314900637565,0.0,0.0,0.0,0.0
210,5,302.95049749264047,0.06952368,314.2640015483823,32.250928330420685,0.0,11.0,0.0,0.0,0.0,0.0,302.95049749264047,0.0,0.0,0.0,0.0
210,6,133.0145535672367,0.1735199999999999,137.981902040702,28.50982059964983,0.0,10.0,0.0,0.0,0.0,0.0,133.0145535672367,0.0,0.0,0.0,0.0
210,7,226.95006119687943,0.2192136,235.42537468555963,59.401023818262416,0.0,8.0,0.0,0.0,0.0,0.0,226.95006119687943,0.0,0.0,0.0,0.0
210,8,153.56706483994418,0.23968896,159.3019344812699,43.45580903313376,0.0,8.0,0.0,0.0,0.0,0.0,153.56706483994418,0.0,0.0,0.0,0.0
210,9,96.73237305894834,0.24778656,100.34478533085928,28.185501565523527,0.0,7.0,0.0,0.0,0.0,0.0,96.73237305894834,0.0,0.0,0.0,0.0
210,10,39.0471555319745,0.2562312,40.50534806221421,11.719460961258113,0.0,1.0,0.0,0.0,0.0,0.0,39.0471555319745,0.0,0.0,0.0,0.0
210,11,0.0,0.2576193599999999,0.0,0.0,0.0,0.0,0.0,0.0,0.0,0.0,0.0,0.0,0.0,0.0,0.0
210,12,0.0,0.27485568,0.0,0.0,0.0,0.0,0.0,0.0,0.0,0.0,0.0,0.0,0.0,0.0,0.0
210,13,0.0,0.2105376,0.0,0.0,0.0,0.0,0.0,0.0,0.0,0.0,0.0,0.0,0.0,0.0,0.0
210,14,0.0,0.22754256,0.0,0.0,0.0,0.0,0.0,0.0,0.0,0.0,0.0,0.0,0.0,0.0,0.0
210,15,0.0,0.3106008,0.0,0.0,0.0,0.0,0.0,0.0,0.0,0.0,0.0,0.0,0.0,0.0,0.0
210,16,0.0,0.3322329599999999,0.0,0.0,0.0,0.0,0.0,0.0,0.0,0.0,0.0,0.0,0.0,0.0,0.0
210,17,0.0,0.3350092799999999,0.0,0.0,0.0,0.0,0.0,0.0,0.0,0.0,0.0,0.0,0.0,0.0,0.0
210,18,10.280827387134877,0.33709152,10.664758700347384,3.9480032337148225,0.0,1.0,0.0,0.0,0.0,0.0,10.280827387134877,0.0,0.0,0.0,0.0
210,19,51.094207991133466,0.3220531199999999,53.00229044723389,18.823928819481306,0.0,4.0,0.0,0.0,0.0,0.0,51.09420799113346,0.0,0.0,0.0,0.0
210,20,43.22377275100225,0.31164192,44.83793853838409,15.457517020564524,0.0,4.0,0.0,0.0,0.0,0.0,43.223772751001846,0.0,0.0,0.0,0.0
210,21,73.46731042237377,0.30088368,76.21090292777362,25.453197815940612,0.0,4.0,0.0,0.0,0.0,0.0,73.46731042237363,0.0,0.0,0.0,0.0
210,22,185.8932059282816,0.2828376,192.8352758592133,60.92391425029779,0.0,8.0,0.0,0.0,0.0,0.0,185.8932059282816,0.0,0.0,0.0,0.0
210,23,87.92741397471593,0.28896864,91.21101034721569,29.376206055553684,0.0,6.0,0.0,0.0,0.0,0.0,87.92741397471593,0.0,0.0,0.0,0.0
211,0,140.80725018440177,0.28526688,146.06561222448315,46.50245323919856,0.0,10.0,0.0,0.0,0.0,0.0,140.80725018440177,0.0,0.0,0.0,0.0
211,1,241.87142678258152,0.2828376,250.90396969147463,79.26999801479724,0.0,12.0,0.0,0.0,0.0,0.0,241.87142678258152,0.0,0.0,0.0,0.0
211,2,87.139370372636,0.28815888,90.39353773095021,29.039726690682812,0.0,7.0,0.0,0.0,0.0,0.0,87.139370372636,0.0,0.0,0.0,0.0
211,3,121.48038850360955,0.28769616,126.01700052241655,40.42576986230922,0.0,8.0,0.0,0.0,0.0,0.0,121.48038850360936,0.0,0.0,0.0,0.0
211,4,97.27050017735995,0.28318464,100.90300848273856,31.914071712879906,0.0,7.0,0.0,0.0,0.0,0.0,97.27050017735982,0.0,0.0,0.0,0.0
211,5,118.48735199508153,0.30030528,122.91219086626714,40.97957341118124,0.0,8.0,0.0,0.0,0.0,0.0,118.48735199508144,0.0,0.0,0.0,0.0
211,6,48.48061186157728,0.30874992,50.29109114271502,17.19200548384984,0.0,6.0,0.0,0.0,0.0,0.0,48.48061186157728,0.0,0.0,0.0,0.0
211,7,29.018988763746947,0.3151123199999999,30.102685439571523,10.482125935143419,0.0,6.0,0.0,0.0,0.0,0.0,29.018988763746947,0.0,0.0,0.0,0.0
211,8,100.01700207229531,0.12273648,103.75207683848063,16.16835844719835,0.0,9.0,0.0,0.0,0.0,0.0,100.01700207229517,0.0,0.0,0.0,0.0
211,9,259.70164088994005,0.0006940799999999,269.4000424169503,9.104126585441785,0.0,7.0,0.0,0.0,0.0,0.0,259.70164088994005,0.0,0.0,0.0,0.0
211,10,113.06186006543658,-0.0017352,117.28408720480975,3.678591938361417,0.0,4.0,0.0,0.0,0.0,0.0,113.06186006543658,0.0,0.0,0.0,0.0
211,11,0.0,-0.008676,0.0,0.0,0.0,0.0,0.0,0.0,0.0,0.0,0.0,0.0,0.0,0.0,0.0
211,12,0.0,0.0,0.0,0.0,0.0,0.0,0.0,0.0,0.0,0.0,0.0,0.0,0.0,0.0,0.0
211,13,0.0,0.00011568,0.0,0.0,0.0,0.0,0.0,0.0,0.0,0.0,0.0,0.0,0.0,0.0,0.0
211,14,0.0,0.0005784,0.0,0.0,0.0,0.0,0.0,0.0,0.0,0.0,0.0,0.0,0.0,0.0,0.0
211,15,0.0,0.03030816,0.0,0.0,0.0,0.0,0.0,0.0,0.0,0.0,0.0,0.0,0.0,0.0,0.0
211,16,0.0,0.18878976,0.0,0.0,0.0,0.0,0.0,0.0,0.0,0.0,0.0,0.0,0.0,0.0,0.0
211,17,0.0,0.31650048,0.0,0.0,0.0,0.0,0.0,0.0,0.0,0.0,0.0,0.0,0.0,0.0,0.0
211,18,0.0,0.39007296,0.0,0.0,0.0,0.0,0.0,0.0,0.0,0.0,0.0,0.0,0.0,0.0,0.0
211,19,0.0,0.38336352,0.0,0.0,0.0,0.0,0.0,0.0,0.0,0.0,0.0,0.0,0.0,0.0,0.0
211,20,0.0,0.37434048,0.0,0.0,0.0,0.0,0.0,0.0,0.0,0.0,0.0,0.0,0.0,0.0,0.0
211,21,0.0,0.36173136,0.0,0.0,0.0,0.0,0.0,0.0,0.0,0.0,0.0,0.0,0.0,0.0,0.0
211,22,83.63678971300777,0.335472,86.76015530394997,31.977363960687455,0.0,4.0,0.0,0.0,0.0,0.0,83.6367897130077,0.0,0.0,0.0,0.0
211,23,0.0,0.34704,0.0,0.0,0.0,0.0,0.0,0.0,0.0,0.0,0.0,0.0,0.0,0.0,0.0
212,0,0.0,0.34264416,0.0,0.0,0.0,0.0,0.0,0.0,0.0,0.0,0.0,0.0,0.0,0.0,0.0
212,1,0.0,0.3412559999999999,0.0,0.0,0.0,1.0,0.0,0.0,0.0,0.0,0.0,0.0,0.0,0.0,0.0
212,2,0.0,0.33975216,0.0,0.0,0.0,1.0,0.0,0.0,0.0,0.0,0.0,0.0,0.0,0.0,0.0
212,3,300.4214812260568,0.32633328,311.6405406909303,112.01398172151453,0.0,16.0,0.0,0.0,0.0,0.0,300.4214812260567,0.0,0.0,0.0,0.0
212,4,0.0,0.36543312,0.0,0.0,0.0,1.0,0.0,0.0,0.0,0.0,0.0,0.0,0.0,0.0,0.0
212,5,0.0,0.37549728,0.0,0.0,0.0,0.0,0.0,0.0,0.0,0.0,0.0,0.0,0.0,0.0,0.0
212,6,0.0,0.38255376,0.0,0.0,0.0,0.0,0.0,0.0,0.0,0.0,0.0,0.0,0.0,0.0,0.0
212,7,0.0,0.3956256,0.0,0.0,0.0,0.0,0.0,0.0,0.0,0.0,0.0,0.0,0.0,0.0,0.0
212,8,0.0,0.41020128,0.0,0.0,0.0,0.0,0.0,0.0,0.0,0.0,0.0,0.0,0.0,0.0,0.0
212,9,0.0,0.41077968,0.0,0.0,0.0,0.0,0.0,0.0,0.0,0.0,0.0,0.0,0.0,0.0,0.0
212,10,0.0,0.41101104,0.0,0.0,0.0,0.0,0.0,0.0,0.0,0.0,0.0,0.0,0.0,0.0,0.0
212,11,0.0,0.4071936,0.0,0.0,0.0,0.0,0.0,0.0,0.0,0.0,0.0,0.0,0.0,0.0,0.0
212,12,0.0,0.40337616,0.0,0.0,0.0,0.0,0.0,0.0,0.0,0.0,0.0,0.0,0.0,0.0,0.0
212,13,0.0,0.3787363199999999,0.0,0.0,0.0,0.0,0.0,0.0,0.0,0.0,0.0,0.0,0.0,0.0,0.0
212,14,0.0,0.399096,0.0,0.0,0.0,0.0,0.0,0.0,0.0,0.0,0.0,0.0,0.0,0.0,0.0
212,15,0.0,0.40187232,0.0,0.0,0.0,0.0,0.0,0.0,0.0,0.0,0.0,0.0,0.0,0.0,0.0
212,16,0.0,0.40395456,0.0,0.0,0.0,0.0,0.0,0.0,0.0,0.0,0.0,0.0,0.0,0.0,0.0
212,17,0.0,0.41806752,0.0,0.0,0.0,0.0,0.0,0.0,0.0,0.0,0.0,0.0,0.0,0.0,0.0
212,18,0.0,0.4348411200000001,0.0,0.0,0.0,0.0,0.0,0.0,0.0,0.0,0.0,0.0,0.0,0.0,0.0
212,19,0.0,0.40407024,0.0,0.0,0.0,0.0,0.0,0.0,0.0,0.0,0.0,0.0,0.0,0.0,0.0
212,20,0.0,0.3805872,0.0,0.0,0.0,1.0,0.0,0.0,0.0,0.0,0.0,0.0,0.0,0.0,0.0
212,21,0.0,0.35617872,0.0,0.0,0.0,3.0,0.0,0.0,0.0,0.0,0.0,0.0,0.0,0.0,0.0
212,22,516.6825072006384,0.32552352,535.9777045649776,192.21421105261237,0.0,13.0,0.0,0.0,0.0,0.0,516.6825072006384,0.0,0.0,0.0,0.0
212,23,383.31268739891675,0.30123072,397.62726908601314,132.93901116516054,0.0,12.0,0.0,0.0,0.0,0.0,383.3126873989166,0.0,0.0,0.0,0.0
213,0,549.8673133898026,0.26641104,570.4017773753139,170.84162955952874,0.0,13.0,0.0,0.0,0.0,0.0,549.8673133898026,0.0,0.0,0.0,0.0
213,1,572.3929641932532,0.2296248,593.7686350552419,155.9977458911614,0.0,14.0,0.0,0.0,0.0,0.0,572.3929641932532,0.0,0.0,0.0,0.0
213,2,596.7313954019556,0.22696416,619.0159703339789,160.98386835149114,0.0,15.0,0.0,0.0,0.0,0.0,596.7313954019553,0.0,0.0,0.0,0.0
213,3,431.61800533924963,0.23101296,447.73652006146244,118.2530176135322,0.0,11.0,0.0,0.0,0.0,0.0,431.61800533924963,0.0,0.0,0.0,0.0
213,4,505.9697036018325,0.29417424,524.8648377612371,171.77474088103216,0.0,12.0,0.0,0.0,0.0,0.0,505.9697036018325,0.0,0.0,0.0,0.0
213,5,390.0560128130125,0.33049776,404.62241993051094,147.1198055325131,0.0,14.0,0.0,0.0,0.0,0.0,390.0560128130125,0.0,0.0,0.0,0.0
213,6,0.0,0.37457184,0.0,0.0,0.0,0.0,0.0,0.0,0.0,0.0,0.0,0.0,0.0,0.0,0.0
213,7,0.0,0.39319632,0.0,0.0,0.0,0.0,0.0,0.0,0.0,0.0,0.0,0.0,0.0,0.0,0.0
213,8,0.0,0.39932736,0.0,0.0,0.0,0.0,0.0,0.0,0.0,0.0,0.0,0.0,0.0,0.0,0.0
213,9,0.0,0.39296496,0.0,0.0,0.0,0.0,0.0,0.0,0.0,0.0,0.0,0.0,0.0,0.0,0.0
213,10,0.0,0.3891475199999999,0.0,0.0,0.0,0.0,0.0,0.0,0.0,0.0,0.0,0.0,0.0,0.0,0.0
213,11,0.0,0.3862555199999999,0.0,0.0,0.0,0.0,0.0,0.0,0.0,0.0,0.0,0.0,0.0,0.0,0.0
213,12,0.0,0.37676976,0.0,0.0,0.0,0.0,0.0,0.0,0.0,0.0,0.0,0.0,0.0,0.0,0.0
213,13,0.0,0.38081856,0.0,0.0,0.0,0.0,0.0,0.0,0.0,0.0,0.0,0.0,0.0,0.0,0.0
213,14,0.0,0.37144848,0.0,0.0,0.0,0.0,0.0,0.0,0.0,0.0,0.0,0.0,0.0,0.0,0.0
213,15,0.0,0.37214256,0.0,0.0,0.0,0.0,0.0,0.0,0.0,0.0,0.0,0.0,0.0,0.0,0.0
213,16,0.0,0.3813969599999999,0.0,0.0,0.0,0.0,0.0,0.0,0.0,0.0,0.0,0.0,0.0,0.0,0.0
213,17,0.0,0.40187232,0.0,0.0,0.0,0.0,0.0,0.0,0.0,0.0,0.0,0.0,0.0,0.0,0.0
213,18,0.0,0.39608832,0.0,0.0,0.0,0.0,0.0,0.0,0.0,0.0,0.0,0.0,0.0,0.0,0.0
213,19,31.46401730143701,0.37387776,32.63902209692636,13.283356101597594,0.0,1.0,0.0,0.0,0.0,0.0,31.46401730143701,0.0,0.0,0.0,0.0
213,20,0.0,0.37723248,0.0,0.0,0.0,1.0,0.0,0.0,0.0,0.0,0.0,0.0,0.0,0.0,0.0
213,21,0.0,0.3462302399999999,0.0,0.0,0.0,0.0,0.0,0.0,0.0,0.0,0.0,0.0,0.0,0.0,0.0
213,22,176.66053867140056,0.3274900799999999,183.25782019854833,66.08095204602014,0.0,5.0,0.0,0.0,0.0,0.0,176.66053867140042,0.0,0.0,0.0,0.0
213,23,249.15662293492795,0.2601643199999999,258.46122711092113,75.79745601504983,0.0,10.0,0.0,0.0,0.0,0.0,249.1566229349279,0.0,0.0,0.0,0.0
214,0,282.50197952150086,0.25576848,293.0518459766606,84.65344130847208,0.0,9.0,0.0,0.0,0.0,0.0,282.50197952150035,0.0,0.0,0.0,0.0
214,1,284.6907191670247,0.22974048,295.32232278737007,77.62266107614728,0.0,8.0,0.0,0.0,0.0,0.0,284.69071916702467,0.0,0.0,0.0,0.0
214,2,349.98054021916,0.23205408,363.05035292443995,96.26428232335518,0.0,13.0,0.0,0.0,0.0,0.0,349.98054021915993,0.0,0.0,0.0,0.0
214,3,295.99165093055274,0.22869936,307.04528104829126,80.38425806946279,0.0,10.0,0.0,0.0,0.0,0.0,295.9916509305525,0.0,0.0,0.0,0.0
214,4,228.62504128816187,0.27774768,237.16290590058287,73.72153908125449,0.0,11.0,0.0,0.0,0.0,0.0,228.62504128816187,0.0,0.0,0.0,0.0
214,5,158.87718396588716,0.3175416,164.81035681108628,57.78936720881019,0.0,7.0,0.0,0.0,0.0,0.0,158.87718396588718,0.0,0.0,0.0,0.0
214,6,67.02313240180857,0.33281136,69.52607095623296,25.440379179051703,0.0,4.0,0.0,0.0,0.0,0.0,67.02313240180857,0.0,0.0,0.0,0.0
214,7,0.0,0.3433382399999999,0.0,0.0,0.0,0.0,0.0,0.0,0.0,0.0,0.0,0.0,0.0,0.0,0.0
214,8,0.0,0.33732288,0.0,0.0,0.0,3.0,0.0,0.0,0.0,0.0,0.0,0.0,0.0,0.0,0.0
214,9,99.00692807920638,0.32355696,102.70428223984065,36.63019708264356,0.0,5.0,0.0,0.0,0.0,0.0,99.00692807920626,0.0,0.0,0.0,0.0
214,10,40.1143129410735,0.3134928,41.612357822690356,14.422543612368155,0.0,1.0,0.0,0.0,0.0,0.0,40.1143129410735,0.0,0.0,0.0,0.0
214,11,0.0,0.2996112,0.0,0.0,0.0,0.0,0.0,0.0,0.0,0.0,0.0,0.0,0.0,0.0,0.0
214,12,0.0,0.30215616,0.0,0.0,0.0,0.0,0.0,0.0,0.0,0.0,0.0,0.0,0.0,0.0,0.0
214,13,0.0,0.2730048,0.0,0.0,0.0,0.0,0.0,0.0,0.0,0.0,0.0,0.0,0.0,0.0,0.0
214,14,0.0,0.23980464,0.0,0.0,0.0,0.0,0.0,0.0,0.0,0.0,0.0,0.0,0.0,0.0,0.0
214,15,0.0,0.31210464,0.0,0.0,0.0,0.0,0.0,0.0,0.0,0.0,0.0,0.0,0.0,0.0,0.0
214,16,0.0,0.3158064,0.0,0.0,0.0,0.0,0.0,0.0,0.0,0.0,0.0,0.0,0.0,0.0,0.0
214,17,0.0,0.32297856,0.0,0.0,0.0,0.0,0.0,0.0,0.0,0.0,0.0,0.0,0.0,0.0,0.0
214,18,0.0,0.32228448,0.0,0.0,0.0,0.0,0.0,0.0,0.0,0.0,0.0,0.0,0.0,0.0,0.0
214,19,121.20245573804578,0.31256736,125.72868852494378,43.46030383867961,0.0,6.0,0.0,0.0,0.0,0.0,121.20245573804561,0.0,0.0,0.0,0.0
214,20,0.0,0.3180043199999999,0.0,0.0,0.0,1.0,0.0,0.0,0.0,0.0,0.0,0.0,0.0,0.0,0.0
214,21,127.69515163863531,0.30678336,132.46385024754704,45.02225850067312,0.0,5.0,0.0,0.0,0.0,0.0,127.69515163863531,0.0,0.0,0.0,0.0
214,22,117.88145925892618,0.26988144,122.28367143042138,37.049682858475926,0.0,5.0,0.0,0.0,0.0,0.0,117.88145925892618,0.0,0.0,0.0,0.0
214,23,237.17624939717138,0.08467776,246.0334537315056,28.977269065560375,0.0,9.0,0.0,0.0,0.0,0.0,237.17624939717132,0.0,0.0,0.0,0.0
215,0,329.3307503369063,0.10029456,341.6294090631808,45.57150470504301,0.0,10.0,0.0,0.0,0.0,0.0,329.3307503369055,0.0,0.0,0.0,0.0
215,1,509.878124207272,0.0358608,528.9192159826473,36.47469226953614,0.0,11.0,0.0,0.0,0.0,0.0,509.878124207272,0.0,0.0,0.0,0.0
215,2,394.57906795693,0.06327696,409.3143858474377,39.448476192243064,0.0,12.0,0.0,0.0,0.0,0.0,394.5790679569296,0.0,0.0,0.0,0.0
215,3,395.8351009661198,0.08132304,410.6173246536513,46.984082563537726,0.0,11.0,0.0,0.0,0.0,0.0,395.83510096611883,0.0,0.0,0.0,0.0
215,4,294.9621503838229,0.08756976,305.97733442305287,36.92221151026953,0.0,11.0,0.0,0.0,0.0,0.0,294.96215038382286,0.0,0.0,0.0,0.0
215,5,375.8257179269248,0.1707436799999999,389.8607032436979,79.4706404365833,0.0,11.0,0.0,0.0,0.0,0.0,375.8257179269248,0.0,0.0,0.0,0.0
215,6,347.86246885007085,0.2406143999999999,360.8531834544304,98.7707125973193,0.0,12.0,0.0,0.0,0.0,0.0,347.86246885007023,0.0,0.0,0.0,0.0
215,7,36.394619864068645,0.29972688,37.753755045714364,12.56546450014937,0.0,6.0,0.0,0.0,0.0,0.0,36.394619864068645,0.0,0.0,0.0,0.0
215,8,0.0,0.3175416,0.0,0.0,0.0,0.0,0.0,0.0,0.0,0.0,0.0,0.0,0.0,0.0,0.0
215,9,0.0,0.33593472,0.0,0.0,0.0,0.0,0.0,0.0,0.0,0.0,0.0,0.0,0.0,0.0,0.0
215,10,0.0,0.3488908799999999,0.0,0.0,0.0,0.0,0.0,0.0,0.0,0.0,0.0,0.0,0.0,0.0,0.0
215,11,0.0,0.30643632,0.0,0.0,0.0,0.0,0.0,0.0,0.0,0.0,0.0,0.0,0.0,0.0,0.0
215,12,0.0,0.25183536,0.0,0.0,0.0,0.0,0.0,0.0,0.0,0.0,0.0,0.0,0.0,0.0,0.0
215,13,0.0,0.20799264,0.0,0.0,0.0,0.0,0.0,0.0,0.0,0.0,0.0,0.0,0.0,0.0,0.0
215,14,0.0,0.21123168,0.0,0.0,0.0,0.0,0.0,0.0,0.0,0.0,0.0,0.0,0.0,0.0,0.0
215,15,0.0,0.30007392,0.0,0.0,0.0,0.0,0.0,0.0,0.0,0.0,0.0,0.0,0.0,0.0,0.0
215,16,0.0,0.36855648,0.0,0.0,0.0,0.0,0.0,0.0,0.0,0.0,0.0,0.0,0.0,0.0,0.0
215,17,0.0,0.3648547199999999,0.0,0.0,0.0,0.0,0.0,0.0,0.0,0.0,0.0,0.0,0.0,0.0,0.0
215,18,0.0,0.3638136,0.0,0.0,0.0,0.0,0.0,0.0,0.0,0.0,0.0,0.0,0.0,0.0,0.0
215,19,0.0,0.34900656,0.0,0.0,0.0,0.0,0.0,0.0,0.0,0.0,0.0,0.0,0.0,0.0,0.0
215,20,0.0,0.3366288,0.0,0.0,0.0,0.0,0.0,0.0,0.0,0.0,0.0,0.0,0.0,0.0,0.0
215,21,0.0,0.31939248,0.0,0.0,0.0,0.0,0.0,0.0,0.0,0.0,0.0,0.0,0.0,0.0,0.0
215,22,0.0,0.30273456,0.0,0.0,0.0,1.0,0.0,0.0,0.0,0.0,0.0,0.0,0.0,0.0,0.0
215,23,257.030640307041,0.2041752,266.62929492431635,63.26451927902616,0.0,7.0,0.0,0.0,0.0,0.0,257.03064030704087,0.0,0.0,0.0,0.0
216,0,167.4529509480007,0.20116752,173.70638065145303,40.69376300339188,0.0,6.0,0.0,0.0,0.0,0.0,167.45295094800065,0.0,0.0,0.0,0.0
216,1,212.01075217078673,0.1989696,219.9281661522684,51.03864154769046,0.0,6.0,0.0,0.0,0.0,0.0,212.01075217078667,0.0,0.0,0.0,0.0
216,2,70.045951162884,0.1862448,72.66177506523236,15.937982519328378,0.0,2.0,0.0,0.0,0.0,0.0,70.045951162884,0.0,0.0,0.0,0.0
216,3,265.69572560966105,0.1735199999999999,275.6179726241297,56.94818550359765,0.0,7.0,0.0,0.0,0.0,0.0,265.69572560966105,0.0,0.0,0.0,0.0
216,4,351.4071440660812,0.18150192,364.5302324336942,78.22888777831704,0.0,11.0,0.0,0.0,0.0,0.0,351.4071440660811,0.0,0.0,0.0,0.0
216,5,233.72233441460435,0.2041752,242.45055437199625,57.527503778726285,0.0,11.0,0.0,0.0,0.0,0.0,233.72233441460435,0.0,0.0,0.0,0.0
216,6,80.45052824620055,0.2421182399999999,83.45490481971012,22.96831202384813,0.0,7.0,0.0,0.0,0.0,0.0,80.45052824620055,0.0,0.0,0.0,0.0
216,7,212.97388280416845,0.27231072,220.92726431967685,67.47355486350281,0.0,9.0,0.0,0.0,0.0,0.0,212.97388280416845,0.0,0.0,0.0,0.0
216,8,47.46952656799286,0.2868864,49.24224747717102,15.756849498129037,0.0,6.0,0.0,0.0,0.0,0.0,47.46952656799286,0.0,0.0,0.0,0.0
216,9,0.0,0.2915136,0.0,0.0,0.0,3.0,0.0,0.0,0.0,0.0,0.0,0.0,0.0,0.0,0.0
216,10,77.58104083486884,0.28677072,80.47825812745732,25.742638371575623,0.0,4.0,0.0,0.0,0.0,0.0,77.58104083486879,0.0,0.0,0.0,0.0
216,11,0.0,0.2816808,0.0,0.0,0.0,0.0,0.0,0.0,0.0,0.0,0.0,0.0,0.0,0.0,0.0
216,12,0.0,0.2556528,0.0,0.0,0.0,0.0,0.0,0.0,0.0,0.0,0.0,0.0,0.0,0.0,0.0
216,13,0.0,0.23749104,0.0,0.0,0.0,0.0,0.0,0.0,0.0,0.0,0.0,0.0,0.0,0.0,0.0
216,14,0.0,0.23344224,0.0,0.0,0.0,0.0,0.0,0.0,0.0,0.0,0.0,0.0,0.0,0.0,0.0
216,15,0.0,0.23448336,0.0,0.0,0.0,0.0,0.0,0.0,0.0,0.0,0.0,0.0,0.0,0.0,0.0
216,16,0.0,0.271848,0.0,0.0,0.0,0.0,0.0,0.0,0.0,0.0,0.0,0.0,0.0,0.0,0.0
216,17,0.0,0.28734912,0.0,0.0,0.0,0.0,0.0,0.0,0.0,0.0,0.0,0.0,0.0,0.0,0.0
216,18,0.0,0.2837630399999999,0.0,0.0,0.0,0.0,0.0,0.0,0.0,0.0,0.0,0.0,0.0,0.0,0.0
216,19,0.0,0.26930304,0.0,0.0,0.0,0.0,0.0,0.0,0.0,0.0,0.0,0.0,0.0,0.0,0.0
216,20,0.0,0.2420025599999999,0.0,0.0,0.0,0.0,0.0,0.0,0.0,0.0,0.0,0.0,0.0,0.0,0.0
216,21,0.0,0.2093808,0.0,0.0,0.0,0.0,0.0,0.0,0.0,0.0,0.0,0.0,0.0,0.0,0.0
216,22,0.0,0.19688736,0.0,0.0,0.0,1.0,0.0,0.0,0.0,0.0,0.0,0.0,0.0,0.0,0.0
216,23,387.93460907285606,0.1058472,402.4217936440416,55.91538144581737,0.0,10.0,0.0,0.0,0.0,0.0,387.9346090728559,0.0,0.0,0.0,0.0
217,0,465.8534326269809,0.07970352,483.2504487831753,54.51235166432188,0.0,11.0,0.0,0.0,0.0,0.0,465.8534326269808,0.0,0.0,0.0,0.0
217,1,589.3009888703987,0.05656752,611.3080797410776,54.814479466344665,0.0,17.0,0.0,0.0,0.0,0.0,589.3009888703983,0.0,0.0,0.0,0.0
217,2,564.5274272736236,0.0561047999999999,585.6093643917258,52.239166228690955,0.0,13.0,0.0,0.0,0.0,0.0,564.527427273623,0.0,0.0,0.0,0.0
217,3,596.7313954019567,0.0570302399999999,619.0159703339799,55.792057970034435,0.0,16.0,0.0,0.0,0.0,0.0,596.7313954019564,0.0,0.0,0.0,0.0
217,4,583.5300462536708,0.08664432,605.3216247444718,72.48382633632195,0.0,14.0,0.0,0.0,0.0,0.0,583.5300462536707,0.0,0.0,0.0,0.0
217,5,234.8960609744472,0.1479547199999999,243.6681130440324,44.11726198011561,0.0,9.0,0.0,0.0,0.0,0.0,234.89606097444718,0.0,0.0,0.0,0.0
217,6,0.0,0.17513952,0.0,0.0,0.0,0.0,0.0,0.0,0.0,0.0,0.0,0.0,0.0,0.0,0.0
217,7,0.0,0.1865918399999999,0.0,0.0,0.0,0.0,0.0,0.0,0.0,0.0,0.0,0.0,0.0,0.0,0.0
217,8,0.0,0.19584624,0.0,0.0,0.0,0.0,0.0,0.0,0.0,0.0,0.0,0.0,0.0,0.0,0.0
217,9,0.0,0.19943232,0.0,0.0,0.0,0.0,0.0,0.0,0.0,0.0,0.0,0.0,0.0,0.0,0.0
217,10,0.0,0.19619328,0.0,0.0,0.0,0.0,0.0,0.0,0.0,0.0,0.0,0.0,0.0,0.0,0.0
217,11,0.0,0.19133472,0.0,0.0,0.0,0.0,0.0,0.0,0.0,0.0,0.0,0.0,0.0,0.0,0.0
217,12,0.0,0.18983088,0.0,0.0,0.0,0.0,0.0,0.0,0.0,0.0,0.0,0.0,0.0,0.0,0.0
217,13,0.0,0.19098768,0.0,0.0,0.0,0.0,0.0,0.0,0.0,0.0,0.0,0.0,0.0,0.0,0.0
217,14,0.0,0.19468944,0.0,0.0,0.0,0.0,0.0,0.0,0.0,0.0,0.0,0.0,0.0,0.0,0.0
217,15,0.0,0.1983912,0.0,0.0,0.0,0.0,0.0,0.0,0.0,0.0,0.0,0.0,0.0,0.0,0.0
217,16,0.0,0.2076456,0.0,0.0,0.0,0.0,0.0,0.0,0.0,0.0,0.0,0.0,0.0,0.0,0.0
217,17,0.0,0.2134296,0.0,0.0,0.0,0.0,0.0,0.0,0.0,0.0,0.0,0.0,0.0,0.0,0.0
217,18,0.0,0.21609024,0.0,0.0,0.0,0.0,0.0,0.0,0.0,0.0,0.0,0.0,0.0,0.0,0.0
217,19,0.0,0.2099592,0.0,0.0,0.0,1.0,0.0,0.0,0.0,0.0,0.0,0.0,0.0,0.0,0.0
217,20,0.0,0.20857104,0.0,0.0,0.0,1.0,0.0,0.0,0.0,0.0,0.0,0.0,0.0,0.0,0.0
217,21,0.0,0.20510064,0.0,0.0,0.0,1.0,0.0,0.0,0.0,0.0,0.0,0.0,0.0,0.0,0.0
217,22,56.063752618746065,0.19827552,58.1574197289897,13.456203231653252,0.0,1.0,0.0,0.0,0.0,0.0,56.063752618746065,0.0,0.0,0.0,0.0
217,23,0.0,0.1754865599999999,0.0,0.0,0.0,0.0,0.0,0.0,0.0,0.0,0.0,0.0,0.0,0.0,0.0
218,0,0.0,0.1709750399999999,0.0,0.0,0.0,0.0,0.0,0.0,0.0,0.0,0.0,0.0,0.0,0.0,0.0
218,1,47.012564724178475,0.15582096,48.76822066823494,9.213339066134786,0.0,1.0,0.0,0.0,0.0,0.0,47.01256472417848,0.0,0.0,0.0,0.0
218,2,10.972717282501257,0.1498056,11.382486807573919,2.0819205790313924,0.0,1.0,0.0,0.0,0.0,0.0,10.972717282501145,0.0,0.0,0.0,0.0
218,3,0.0,0.1382376,0.0,0.0,0.0,0.0,0.0,0.0,0.0,0.0,0.0,0.0,0.0,0.0,0.0
218,4,119.48394582662777,0.1277107199999999,123.9460018948421,19.931845805830907,0.0,3.0,0.0,0.0,0.0,0.0,119.48394582662777,0.0,0.0,0.0,0.0
218,5,0.0,0.12690096,0.0,0.0,0.0,0.0,0.0,0.0,0.0,0.0,0.0,0.0,0.0,0.0,0.0
218,6,0.0,0.1457568,0.0,0.0,0.0,0.0,0.0,0.0,0.0,0.0,0.0,0.0,0.0,0.0,0.0
218,7,0.0,0.18497232,0.0,0.0,0.0,0.0,0.0,0.0,0.0,0.0,0.0,0.0,0.0,0.0,0.0
218,8,0.0,0.1885584,0.0,0.0,0.0,0.0,0.0,0.0,0.0,0.0,0.0,0.0,0.0,0.0,0.0
218,9,0.0,0.19306992,0.0,0.0,0.0,0.0,0.0,0.0,0.0,0.0,0.0,0.0,0.0,0.0,0.0
218,10,0.0,0.18959952,0.0,0.0,0.0,0.0,0.0,0.0,0.0,0.0,0.0,0.0,0.0,0.0,0.0
218,11,0.0,0.18786432,0.0,0.0,0.0,0.0,0.0,0.0,0.0,0.0,0.0,0.0,0.0,0.0,0.0
218,12,0.0,0.13546128,0.0,0.0,0.0,0.0,0.0,0.0,0.0,0.0,0.0,0.0,0.0,0.0,0.0
218,13,0.0,0.13835328,0.0,0.0,0.0,0.0,0.0,0.0,0.0,0.0,0.0,0.0,0.0,0.0,0.0
218,14,0.0,0.10515312,0.0,0.0,0.0,0.0,0.0,0.0,0.0,0.0,0.0,0.0,0.0,0.0,0.0
218,15,0.0,0.13661808,0.0,0.0,0.0,0.0,0.0,0.0,0.0,0.0,0.0,0.0,0.0,0.0,0.0
218,16,0.0,0.13580832,0.0,0.0,0.0,0.0,0.0,0.0,0.0,0.0,0.0,0.0,0.0,0.0,0.0
218,17,0.0,0.1274793599999999,0.0,0.0,0.0,0.0,0.0,0.0,0.0,0.0,0.0,0.0,0.0,0.0,0.0
218,18,0.0,0.10908624,0.0,0.0,0.0,0.0,0.0,0.0,0.0,0.0,0.0,0.0,0.0,0.0,0.0
218,19,0.0,0.05355984,0.0,0.0,0.0,0.0,0.0,0.0,0.0,0.0,0.0,0.0,0.0,0.0,0.0
218,20,75.9349997635526,0.03886848,78.77074664268943,5.669010904339461,0.0,3.0,0.0,0.0,0.0,0.0,75.93499976355231,0.0,0.0,0.0,0.0
218,21,369.83398506824136,0.01492272,383.6452127263915,18.423686630099937,0.0,10.0,0.0,0.0,0.0,0.0,369.8339850682413,0.0,0.0,0.0,0.0
218,22,160.97578856729237,-0.011568,166.98733253868505,3.595571244222965,0.0,5.0,0.0,0.0,0.0,0.0,160.97578856729237,0.0,0.0,0.0,0.0
218,23,296.6852945199741,-0.00219792,307.76482834022204,9.510573346555809,0.0,8.0,0.0,0.0,0.0,0.0,296.6852945199738,0.0,0.0,0.0,0.0
219,0,377.24419279542013,-0.0138816,391.3321502027181,7.520777795455915,0.0,11.0,0.0,0.0,0.0,0.0,377.2441927954195,0.0,0.0,0.0,0.0
219,1,280.84874055211895,-0.02394576,291.3368677926546,2.6669676086222296,0.0,10.0,0.0,0.0,0.0,0.0,280.8487405521188,0.0,0.0,0.0,0.0
219,2,418.83937630757566,-0.0293827199999999,434.48068081698733,1.6150863451874127,0.0,10.0,0.0,0.0,0.0,0.0,418.83937630757555,0.0,0.0,0.0,0.0
219,3,327.2425131725989,-0.02753184,339.46318793838066,1.8901853445509733,0.0,10.0,0.0,0.0,0.0,0.0,327.2425131725989,0.0,0.0,0.0,0.0
219,4,378.72681463394366,-0.01943424,392.8701396617673,5.368869039784194,0.0,11.0,0.0,0.0,0.0,0.0,378.72681463394366,0.0,0.0,0.0,0.0
219,5,144.23508061131938,0.00011568,149.6214529163064,4.9697783012031,0.0,9.0,0.0,0.0,0.0,0.0,144.23508061131935,0.0,0.0,0.0,0.0
219,6,47.29807102472268,0.0266064,49.06438902979532,2.929458037168571,0.0,7.0,0.0,0.0,0.0,0.0,47.29807102472241,0.0,0.0,0.0,0.0
219,7,0.0,0.0508992,0.0,0.0,0.0,2.0,0.0,0.0,0.0,0.0,0.0,0.0,0.0,0.0,0.0
219,8,0.0,0.0573772799999999,0.0,0.0,0.0,0.0,0.0,0.0,0.0,0.0,0.0,0.0,0.0,0.0,0.0
219,9,122.75710219028235,0.04708176,127.3413923135709,10.210456956552587,0.0,4.0,0.0,0.0,0.0,0.0,122.75710219028235,0.0,0.0,0.0,0.0
219,10,0.0,0.011568,0.0,0.0,0.0,0.0,0.0,0.0,0.0,0.0,0.0,0.0,0.0,0.0,0.0
219,11,0.0,-0.00011568,0.0,0.0,0.0,0.0,0.0,0.0,0.0,0.0,0.0,0.0,0.0,0.0,0.0
219,12,0.0,-0.00937008,0.0,0.0,0.0,0.0,0.0,0.0,0.0,0.0,0.0,0.0,0.0,0.0,0.0
219,13,0.0,-0.01284048,0.0,0.0,0.0,0.0,0.0,0.0,0.0,0.0,0.0,0.0,0.0,0.0,0.0
219,14,0.0,-0.01318752,0.0,0.0,0.0,0.0,0.0,0.0,0.0,0.0,0.0,0.0,0.0,0.0,0.0
219,15,0.0,-0.0104111999999999,0.0,0.0,0.0,0.0,0.0,0.0,0.0,0.0,0.0,0.0,0.0,0.0,0.0
219,16,0.0,-0.00046272,0.0,0.0,0.0,0.0,0.0,0.0,0.0,0.0,0.0,0.0,0.0,0.0,0.0
219,17,0.0,0.00902304,0.0,0.0,0.0,0.0,0.0,0.0,0.0,0.0,0.0,0.0,0.0,0.0,0.0
219,18,70.76963396605109,0.03389424,73.41248336727293,4.91821352970309,0.0,3.0,0.0,0.0,0.0,0.0,70.76963396605109,0.0,0.0,0.0,0.0
219,19,98.90399674980667,0.0163108799999999,102.59750700187413,5.069433106768752,0.0,7.0,0.0,0.0,0.0,0.0,98.90399674980647,0.0,0.0,0.0,0.0
219,20,91.69911760885783,0.00821328,95.12356598429236,3.9298665161075457,0.0,4.0,0.0,0.0,0.0,0.0,91.69911760885783,0.0,0.0,0.0,0.0
219,21,90.71352508196405,0.00011568,94.10116709747308,3.125634253936195,0.0,3.0,0.0,0.0,0.0,0.0,90.71352508196404,0.0,0.0,0.0,0.0
219,22,40.78191892651288,-0.00208224,42.30489515198432,1.312203084649413,0.0,3.0,0.0,0.0,0.0,0.0,40.78191892651289,0.0,0.0,0.0,0.0
219,23,253.97845539787545,-0.04951104,263.4631280060949,-4.323703932233144,0.0,8.0,0.0,0.0,0.0,0.0,253.9784553978755,0.0,0.0,0.0,0.0
220,0,304.59879978442143,-0.0697550399999999,315.97385869753253,-11.582034429512372,0.0,12.0,0.0,0.0,0.0,0.0,304.5987997844215,0.0,0.0,0.0,0.0
220,1,326.9321487929319,-0.0717216,339.1412331876887,-13.098177051681638,0.0,9.0,0.0,0.0,0.0,0.0,326.932148792932,0.0,0.0,0.0,0.0
220,2,200.0221711725821,-0.06848256,207.4918788097325,-7.3415938514980885,0.0,6.0,0.0,0.0,0.0,0.0,200.02217117258218,0.0,0.0,0.0,0.0
220,3,263.49861809818145,-0.0587654399999999,273.33881545454517,-7.0153609677196735,0.0,10.0,0.0,0.0,0.0,0.0,263.4986180981815,0.0,0.0,0.0,0.0
220,4,176.36749813485338,-0.0397939199999999,182.9538362394745,-1.2246783434801252,0.0,7.0,0.0,0.0,0.0,0.0,176.3674981348535,0.0,0.0,0.0,0.0
220,5,74.28387780444132,-0.01954992,77.05796452742877,1.044141583983822,0.0,6.0,0.0,0.0,0.0,0.0,74.28387780444132,0.0,0.0,0.0,0.0
220,6,25.771368211652508,-0.00150384,26.73378445192169,0.84468493094843,0.0,9.0,0.0,0.0,0.0,0.0,25.771368211652508,0.0,0.0,0.0,0.0
220,7,135.0543561548431,-0.0067094399999999,140.09787982867545,3.6972615034914624,0.0,8.0,0.0,0.0,0.0,0.0,135.0543561548431,0.0,0.0,0.0,0.0
220,8,118.18096864771954,-0.0304238399999999,122.59436581713646,0.32808213802519987,0.0,10.0,0.0,0.0,0.0,0.0,118.18096864771954,0.0,0.0,0.0,0.0
220,9,275.5172492064247,-0.06061632,285.80627511039904,-7.8643369239457765,0.0,8.0,0.0,0.0,0.0,0.0,275.5172492064247,0.0,0.0,0.0,0.0
220,10,21.794706986189247,-0.07195296,22.60861720559051,-0.8784116999441198,0.0,1.0,0.0,0.0,0.0,0.0,21.794706986189247,0.0,0.0,0.0,0.0
220,11,0.0,-0.07195296,0.0,0.0,0.0,0.0,0.0,0.0,0.0,0.0,0.0,0.0,0.0,0.0,0.0
220,12,0.0,-0.07843104,0.0,0.0,0.0,0.0,0.0,0.0,0.0,0.0,0.0,0.0,0.0,0.0,0.0
220,13,0.0,-0.11579568,0.0,0.0,0.0,0.0,0.0,0.0,0.0,0.0,0.0,0.0,0.0,0.0,0.0
220,14,0.0,-0.1341888,0.0,0.0,0.0,0.0,0.0,0.0,0.0,0.0,0.0,0.0,0.0,0.0,0.0
220,15,0.0,-0.06582192,0.0,0.0,0.0,0.0,0.0,0.0,0.0,0.0,0.0,0.0,0.0,0.0,0.0
220,16,0.0,-0.03100224,0.0,0.0,0.0,0.0,0.0,0.0,0.0,0.0,0.0,0.0,0.0,0.0,0.0
220,17,0.0,-0.02394576,0.0,0.0,0.0,0.0,0.0,0.0,0.0,0.0,0.0,0.0,0.0,0.0,0.0
220,18,106.68410090361698,-0.0242928,110.66815446433297,0.9746765699982731,0.0,3.0,0.0,0.0,0.0,0.0,106.68410090361697,0.0,0.0,0.0,0.0
220,19,110.21383738708747,-0.02880432,114.3297068330783,0.4911238350487174,0.0,4.0,0.0,0.0,0.0,0.0,110.21383738708747,0.0,0.0,0.0,0.0
220,20,172.00390262656535,-0.03493536,178.42728488232922,-0.327478301581632,0.0,4.0,0.0,0.0,0.0,0.0,172.00390262656535,0.0,0.0,0.0,0.0
220,21,122.35561736040968,-0.04904832,126.9249142742839,-2.0242391488188476,0.0,7.0,0.0,0.0,0.0,0.0,122.35561736040971,0.0,0.0,0.0,0.0
220,22,244.0260235639231,-0.0584183999999999,253.1390285932812,-6.409075181536107,0.0,9.0,0.0,0.0,0.0,0.0,244.02602356392322,0.0,0.0,0.0,0.0
220,23,247.44807946298567,-0.0618888,256.68887911098096,-7.38976480295021,0.0,9.0,0.0,0.0,0.0,0.0,247.44807946298582,0.0,0.0,0.0,0.0
221,0,212.37366503759418,-0.06235152,220.30463178173667,-6.444245342656107,0.0,8.0,0.0,0.0,0.0,0.0,212.37366503759424,0.0,0.0,0.0,0.0
221,1,232.67057508335552,-0.0704491199999999,241.35951772132321,-9.014565590515804,0.0,10.0,0.0,0.0,0.0,0.0,232.67057508335557,0.0,0.0,0.0,0.0
221,2,274.97413589652774,-0.0711432,285.24287956071345,-10.851551915704137,0.0,8.0,0.0,0.0,0.0,0.0,274.97413589652786,0.0,0.0,0.0,0.0
221,3,363.1999449149574,-0.06026928,376.7634283350181,-10.236391078194043,0.0,10.0,0.0,0.0,0.0,0.0,363.19994491495754,0.0,0.0,0.0,0.0
221,4,216.06068587310847,-0.05055216,224.12934219202126,-3.9115411406299057,0.0,12.0,0.0,0.0,0.0,0.0,216.0606858731088,0.0,0.0,0.0,0.0
221,5,241.18298690139983,-0.023136,250.18982043713677,2.49289137083563,0.0,9.0,0.0,0.0,0.0,0.0,241.18298690139983,0.0,0.0,0.0,0.0
221,6,124.26485780666229,0.0003470399999999,128.9054541562887,4.311505881383542,0.0,9.0,0.0,0.0,0.0,0.0,124.26485780666229,0.0,0.0,0.0,0.0
221,7,147.56022461621578,0.01827744,153.07077242346034,7.864384425939988,0.0,10.0,0.0,0.0,0.0,0.0,147.56022461621578,0.0,0.0,0.0,0.0
221,8,73.14700660661404,0.02510256,75.87863755872826,4.416330955230135,0.0,7.0,0.0,0.0,0.0,0.0,73.14700660661404,0.0,0.0,0.0,0.0
221,9,155.28039797406808,0.01607952,161.07925101044407,7.921800246653153,0.0,8.0,0.0,0.0,0.0,0.0,155.28039797406757,0.0,0.0,0.0,0.0
221,10,82.27261567429204,0.01712064,85.34503700652702,4.2860823792914715,0.0,3.0,0.0,0.0,0.0,0.0,82.27261567429204,0.0,0.0,0.0,0.0
221,11,0.0,0.0108739199999999,0.0,0.0,0.0,0.0,0.0,0.0,0.0,0.0,0.0,0.0,0.0,0.0,0.0
221,12,0.0,0.01550112,0.0,0.0,0.0,0.0,0.0,0.0,0.0,0.0,0.0,0.0,0.0,0.0,0.0
221,13,0.0,0.03019248,0.0,0.0,0.0,0.0,0.0,0.0,0.0,0.0,0.0,0.0,0.0,0.0,0.0
221,14,0.0,0.02556528,0.0,0.0,0.0,0.0,0.0,0.0,0.0,0.0,0.0,0.0,0.0,0.0,0.0
221,15,0.0,0.04708176,0.0,0.0,0.0,0.0,0.0,0.0,0.0,0.0,0.0,0.0,0.0,0.0,0.0
221,16,0.0,0.09208128,0.0,0.0,0.0,0.0,0.0,0.0,0.0,0.0,0.0,0.0,0.0,0.0,0.0
221,17,0.0,0.1738670399999999,0.0,0.0,0.0,0.0,0.0,0.0,0.0,0.0,0.0,0.0,0.0,0.0,0.0
221,18,53.466381248545225,0.16843008,55.463051087702524,11.177473122748776,0.0,2.0,0.0,0.0,0.0,0.0,53.46638124854521,0.0,0.0,0.0,0.0
221,19,265.78648342416756,0.11637408,275.7121197346136,41.21181544218122,0.0,11.0,0.0,0.0,0.0,0.0,265.78648342416744,0.0,0.0,0.0,0.0
221,20,79.1092248015489,0.12562848,82.06351120492626,13.025816397020911,0.0,8.0,0.0,0.0,0.0,0.0,79.1092248015489,0.0,0.0,0.0,0.0
221,21,262.3460102809728,0.1115155199999999,272.14316419188054,39.35612520405415,0.0,11.0,0.0,0.0,0.0,0.0,262.3460102809728,0.0,0.0,0.0,0.0
221,22,221.84758389949684,0.07426656,230.13234844346144,24.70851859709581,0.0,11.0,0.0,0.0,0.0,0.0,221.84758389949684,0.0,0.0,0.0,0.0
221,23,247.9549193095632,0.0705648,257.21464658668384,26.664104895479266,0.0,11.0,0.0,0.0,0.0,0.0,247.95491930956314,0.0,0.0,0.0,0.0
222,0,299.0577585971106,0.07033344,310.22589066090313,32.08773104812108,0.0,14.0,0.0,0.0,0.0,0.0,299.0577585971106,0.0,0.0,0.0,0.0
222,1,312.033422870277,0.0670944,323.6861233094159,32.43153691331295,0.0,13.0,0.0,0.0,0.0,0.0,312.033422870277,0.0,0.0,0.0,0.0
222,2,429.5480001092682,0.06281424,445.58921173160593,42.73835059543606,0.0,13.0,0.0,0.0,0.0,0.0,429.5480001092682,0.0,0.0,0.0,0.0
222,3,221.35476827380572,0.06987072,229.62112891473623,23.64425297156321,0.0,11.0,0.0,0.0,0.0,0.0,221.35476827380572,0.0,0.0,0.0,0.0
222,4,342.2180382974524,0.09208128,354.9979650388511,44.43909966095862,0.0,13.0,0.0,0.0,0.0,0.0,342.2180382974524,0.0,0.0,0.0,0.0
222,5,163.84316961244068,0.15420144,169.96179420377666,31.834088799351015,0.0,9.0,0.0,0.0,0.0,0.0,163.84316961244068,0.0,0.0,0.0,0.0
222,6,0.0,0.19931664,0.0,0.0,0.0,0.0,0.0,0.0,0.0,0.0,0.0,0.0,0.0,0.0,0.0
222,7,0.0,0.24686112,0.0,0.0,0.0,0.0,0.0,0.0,0.0,0.0,0.0,0.0,0.0,0.0,0.0
222,8,0.0,0.26965008,0.0,0.0,0.0,0.0,0.0,0.0,0.0,0.0,0.0,0.0,0.0,0.0,0.0
222,9,0.0,0.26745216,0.0,0.0,0.0,0.0,0.0,0.0,0.0,0.0,0.0,0.0,0.0,0.0,0.0
222,10,0.0,0.2651385599999999,0.0,0.0,0.0,0.0,0.0,0.0,0.0,0.0,0.0,0.0,0.0,0.0,0.0
222,11,0.0,0.211116,0.0,0.0,0.0,0.0,0.0,0.0,0.0,0.0,0.0,0.0,0.0,0.0,0.0
222,12,0.0,0.20833968,0.0,0.0,0.0,0.0,0.0,0.0,0.0,0.0,0.0,0.0,0.0,0.0,0.0
222,13,0.0,0.1945737599999999,0.0,0.0,0.0,0.0,0.0,0.0,0.0,0.0,0.0,0.0,0.0,0.0,0.0
222,14,0.0,0.1959619199999999,0.0,0.0,0.0,0.0,0.0,0.0,0.0,0.0,0.0,0.0,0.0,0.0,0.0
222,15,0.0,0.20382816,0.0,0.0,0.0,0.0,0.0,0.0,0.0,0.0,0.0,0.0,0.0,0.0,0.0
222,16,0.0,0.21435504,0.0,0.0,0.0,0.0,0.0,0.0,0.0,0.0,0.0,0.0,0.0,0.0,0.0
222,17,0.0,0.21678432,0.0,0.0,0.0,0.0,0.0,0.0,0.0,0.0,0.0,0.0,0.0,0.0,0.0
222,18,0.0,0.21192576,0.0,0.0,0.0,0.0,0.0,0.0,0.0,0.0,0.0,0.0,0.0,0.0,0.0
222,19,0.0,0.20787696,0.0,0.0,0.0,0.0,0.0,0.0,0.0,0.0,0.0,0.0,0.0,0.0,0.0
222,20,0.0,0.19619328,0.0,0.0,0.0,1.0,0.0,0.0,0.0,0.0,0.0,0.0,0.0,0.0,0.0
222,21,209.2174361828787,0.1619519999999999,217.03053545941782,42.33224000243034,0.0,10.0,0.0,0.0,0.0,0.0,209.21743618287866,0.0,0.0,0.0,0.0
222,22,539.3549147739913,0.11521728,559.4967995580822,82.98304347915996,0.0,18.0,0.0,0.0,0.0,0.0,539.3549147739913,0.0,0.0,0.0,0.0
222,23,140.70368326220975,0.15859728,145.95817765789394,27.97978565077504,0.0,7.0,0.0,0.0,0.0,0.0,140.70368326220978,0.0,0.0,0.0,0.0
223,0,275.22794510142165,0.1536230399999999,285.50616711765736,53.31057946295699,0.0,9.0,0.0,0.0,0.0,0.0,275.22794510142165,0.0,0.0,0.0,0.0
223,1,394.2076429974626,0.13280064,408.92909024633053,67.841597786484,0.0,14.0,0.0,0.0,0.0,0.0,394.2076429974626,0.0,0.0,0.0,0.0
223,2,366.38472855904604,0.1228521599999999,380.0671458081391,59.27229233381421,0.0,12.0,0.0,0.0,0.0,0.0,366.38472855904604,0.0,0.0,0.0,0.0
223,3,339.11765135504737,0.12967728,351.7817960114599,57.262083908260294,0.0,11.0,0.0,0.0,0.0,0.0,339.11765135504737,0.0,0.0,0.0,0.0
223,4,286.8221615178503,0.15477984,297.53336257038416,55.900520554385764,0.0,10.0,0.0,0.0,0.0,0.0,286.82216151785036,0.0,0.0,0.0,0.0
223,5,0.0,0.19908528,0.0,0.0,0.0,0.0,0.0,0.0,0.0,0.0,0.0,0.0,0.0,0.0,0.0
223,6,0.0,0.22627008,0.0,0.0,0.0,0.0,0.0,0.0,0.0,0.0,0.0,0.0,0.0,0.0,0.0
223,7,30.462348060252673,0.26976576,31.599946120594062,9.570541697772773,0.0,1.0,0.0,0.0,0.0,0.0,30.462348060252676,0.0,0.0,0.0,0.0
223,8,0.0,0.2734675199999999,0.0,0.0,0.0,0.0,0.0,0.0,0.0,0.0,0.0,0.0,0.0,0.0,0.0
223,9,0.0,0.27277344,0.0,0.0,0.0,0.0,0.0,0.0,0.0,0.0,0.0,0.0,0.0,0.0,0.0
223,10,0.0,0.23205408,0.0,0.0,0.0,0.0,0.0,0.0,0.0,0.0,0.0,0.0,0.0,0.0,0.0
223,11,0.0,0.22511328,0.0,0.0,0.0,0.0,0.0,0.0,0.0,0.0,0.0,0.0,0.0,0.0,0.0
223,12,0.0,0.20672016,0.0,0.0,0.0,0.0,0.0,0.0,0.0,0.0,0.0,0.0,0.0,0.0,0.0
223,13,0.0,0.21447072,0.0,0.0,0.0,0.0,0.0,0.0,0.0,0.0,0.0,0.0,0.0,0.0,0.0
223,14,0.0,0.21528048,0.0,0.0,0.0,0.0,0.0,0.0,0.0,0.0,0.0,0.0,0.0,0.0,0.0
223,15,0.0,0.21990768,0.0,0.0,0.0,0.0,0.0,0.0,0.0,0.0,0.0,0.0,0.0,0.0,0.0
223,16,0.0,0.23031888,0.0,0.0,0.0,0.0,0.0,0.0,0.0,0.0,0.0,0.0,0.0,0.0,0.0
223,17,0.0,0.2643288,0.0,0.0,0.0,0.0,0.0,0.0,0.0,0.0,0.0,0.0,0.0,0.0,0.0
223,18,0.0,0.2726577599999999,0.0,0.0,0.0,0.0,0.0,0.0,0.0,0.0,0.0,0.0,0.0,0.0,0.0
223,19,0.0,0.22627008,0.0,0.0,0.0,0.0,0.0,0.0,0.0,0.0,0.0,0.0,0.0,0.0,0.0
223,20,0.0,0.2116944,0.0,0.0,0.0,0.0,0.0,0.0,0.0,0.0,0.0,0.0,0.0,0.0,0.0
223,21,0.0,0.19364832,0.0,0.0,0.0,0.0,0.0,0.0,0.0,0.0,0.0,0.0,0.0,0.0,0.0
223,22,104.70902997441821,0.16287744,108.61932569960396,21.286937385134596,0.0,3.0,0.0,0.0,0.0,0.0,104.70902997441823,0.0,0.0,0.0,0.0
223,23,96.7468515909692,0.1536230399999999,100.35980455494732,18.7394878003056,0.0,4.0,0.0,0.0,0.0,0.0,96.7468515909692,0.0,0.0,0.0,0.0
224,0,274.28882171335573,0.13233792,284.53197273169684,47.07237774222864,0.0,8.0,0.0,0.0,0.0,0.0,274.2888217133556,0.0,0.0,0.0,0.0
224,1,269.46232227717763,0.1182249599999999,279.5252305779851,42.29914433620434,0.0,7.0,0.0,0.0,0.0,0.0,269.46232227717763,0.0,0.0,0.0,0.0
224,2,182.2091236702621,0.09983184,189.01361376583208,25.125927462941384,0.0,10.0,0.0,0.0,0.0,0.0,182.2091236702621,0.0,0.0,0.0,0.0
224,3,293.5459719895428,0.0865286399999999,304.50826969869587,36.42791017280817,0.0,10.0,0.0,0.0,0.0,0.0,293.5459719895428,0.0,0.0,0.0,0.0
224,4,372.8913778061976,0.05784,386.81678195663653,35.17711815113652,0.0,10.0,0.0,0.0,0.0,0.0,372.8913778061976,0.0,0.0,0.0,0.0
224,5,284.26429881056987,0.06177312,294.8799780192634,27.976183540218937,0.0,10.0,0.0,0.0,0.0,0.0,284.26429881056987,0.0,0.0,0.0,0.0
224,6,329.92441999314286,0.0931224,342.2452489555425,43.199016711766056,0.0,11.0,0.0,0.0,0.0,0.0,329.92441999314286,0.0,0.0,0.0,0.0
224,7,203.64055276943975,0.12192672,211.24538669029022,32.74867941372735,0.0,10.0,0.0,0.0,0.0,0.0,203.64055276943975,0.0,0.0,0.0,0.0
224,8,92.03519735153887,0.1486488,95.47219642275817,17.351957133200592,0.0,6.0,0.0,0.0,0.0,0.0,92.03519735153785,0.0,0.0,0.0,0.0
224,9,138.03768157113157,0.15593664,143.19261573768836,27.068650951863727,0.0,5.0,0.0,0.0,0.0,0.0,138.03768157113157,0.0,0.0,0.0,0.0
224,10,107.89361329273122,0.13800624,111.92283536590375,19.150695529598813,0.0,2.0,0.0,0.0,0.0,0.0,107.89361329273122,0.0,0.0,0.0,0.0
224,11,40.0626765448668,0.12597552,41.55879309633485,6.610986622371876,0.0,1.0,0.0,0.0,0.0,0.0,40.06267654486628,0.0,0.0,0.0,0.0
224,12,0.0,0.11695248,0.0,0.0,0.0,0.0,0.0,0.0,0.0,0.0,0.0,0.0,0.0,0.0,0.0
224,13,0.0,0.069408,0.0,0.0,0.0,0.0,0.0,0.0,0.0,0.0,0.0,0.0,0.0,0.0,0.0
224,14,0.0,0.0800505599999999,0.0,0.0,0.0,0.0,0.0,0.0,0.0,0.0,0.0,0.0,0.0,0.0,0.0
224,15,0.0,0.17664336,0.0,0.0,0.0,0.0,0.0,0.0,0.0,0.0,0.0,0.0,0.0,0.0,0.0
224,16,0.0,0.2015145599999999,0.0,0.0,0.0,0.0,0.0,0.0,0.0,0.0,0.0,0.0,0.0,0.0,0.0
224,17,0.0,0.20752992,0.0,0.0,0.0,0.0,0.0,0.0,0.0,0.0,0.0,0.0,0.0,0.0,0.0
224,18,0.0,0.20683584,0.0,0.0,0.0,0.0,0.0,0.0,0.0,0.0,0.0,0.0,0.0,0.0,0.0
224,19,0.0,0.19769712,0.0,0.0,0.0,0.0,0.0,0.0,0.0,0.0,0.0,0.0,0.0,0.0,0.0
224,20,0.0,0.1862448,0.0,0.0,0.0,0.0,0.0,0.0,0.0,0.0,0.0,0.0,0.0,0.0,0.0
224,21,67.82411583249657,0.16981824,70.35696663122052,14.276711840545996,0.0,2.0,0.0,0.0,0.0,0.0,67.82411583249657,0.0,0.0,0.0,0.0
224,22,66.70452659900147,0.15408576,69.19556701141232,12.952424799662142,0.0,6.0,0.0,0.0,0.0,0.0,66.7045265990014,0.0,0.0,0.0,0.0
224,23,349.70939602497003,0.1174152,362.76908301345435,54.60226108358669,0.0,18.0,0.0,0.0,0.0,0.0,349.70939602496935,0.0,0.0,0.0,0.0
225,0,254.7998256818043,0.1223894399999999,264.3151718690916,41.09821805742879,0.0,13.0,0.0,0.0,0.0,0.0,254.7998256818043,0.0,0.0,0.0,0.0
225,1,174.12719897435932,0.12389328,180.6298744547296,28.357676456636213,0.0,13.0,0.0,0.0,0.0,0.0,174.12719897435932,0.0,0.0,0.0,0.0
225,2,192.22007954428958,0.13002432,199.39842276378587,32.52673212241509,0.0,13.0,0.0,0.0,0.0,0.0,192.22007954428958,0.0,0.0,0.0,0.0
225,3,152.112979703418,0.13661808,157.7935474101847,26.780417902845517,0.0,12.0,0.0,0.0,0.0,0.0,152.11297970341803,0.0,0.0,0.0,0.0
225,4,405.68233636461616,0.1075824,420.83229913341927,59.20369783960732,0.0,15.0,0.0,0.0,0.0,0.0,405.68233636461616,0.0,0.0,0.0,0.0
225,5,250.5468096607165,0.12134832,259.9033295235648,40.141632607320986,0.0,15.0,0.0,0.0,0.0,0.0,250.5468096607165,0.0,0.0,0.0,0.0
225,6,212.97019619452948,0.15316032,220.923440035819,41.14927063657245,0.0,11.0,0.0,0.0,0.0,0.0,212.97019619452948,0.0,0.0,0.0,0.0
225,7,0.0,0.1838155199999999,0.0,0.0,0.0,4.0,0.0,0.0,0.0,0.0,0.0,0.0,0.0,0.0,0.0
225,8,0.0,0.19677168,0.0,0.0,0.0,2.0,0.0,0.0,0.0,0.0,0.0,0.0,0.0,0.0,0.0
225,9,86.16300733166474,0.1827744,89.38071299965222,19.295007790372125,0.0,6.0,0.0,0.0,0.0,0.0,86.16300733166474,0.0,0.0,0.0,0.0
225,10,61.33795297409204,0.1595227199999999,63.628581923332,12.256310519815035,0.0,3.0,0.0,0.0,0.0,0.0,61.33795297409204,0.0,0.0,0.0,0.0
225,11,0.0,0.06952368,0.0,0.0,0.0,0.0,0.0,0.0,0.0,0.0,0.0,0.0,0.0,0.0,0.0
225,12,0.0,0.0127248,0.0,0.0,0.0,0.0,0.0,0.0,0.0,0.0,0.0,0.0,0.0,0.0,0.0
225,13,0.0,0.01746768,0.0,0.0,0.0,0.0,0.0,0.0,0.0,0.0,0.0,0.0,0.0,0.0,0.0
225,14,0.0,0.0800505599999999,0.0,0.0,0.0,0.0,0.0,0.0,0.0,0.0,0.0,0.0,0.0,0.0,0.0
225,15,0.0,0.19989504,0.0,0.0,0.0,0.0,0.0,0.0,0.0,0.0,0.0,0.0,0.0,0.0,0.0
225,16,0.0,0.2232624,0.0,0.0,0.0,0.0,0.0,0.0,0.0,0.0,0.0,0.0,0.0,0.0,0.0
225,17,0.0,0.22522896,0.0,0.0,0.0,0.0,0.0,0.0,0.0,0.0,0.0,0.0,0.0,0.0,0.0
225,18,0.0,0.22546032,0.0,0.0,0.0,0.0,0.0,0.0,0.0,0.0,0.0,0.0,0.0,0.0,0.0
225,19,0.0,0.21585888,0.0,0.0,0.0,0.0,0.0,0.0,0.0,0.0,0.0,0.0,0.0,0.0,0.0
225,20,0.0,0.21030624,0.0,0.0,0.0,0.0,0.0,0.0,0.0,0.0,0.0,0.0,0.0,0.0,0.0
225,21,0.0,0.19885392,0.0,0.0,0.0,2.0,0.0,0.0,0.0,0.0,0.0,0.0,0.0,0.0,0.0
225,22,328.47822151874743,0.1638028799999999,340.7450430692401,67.09368032605738,0.0,19.0,0.0,0.0,0.0,0.0,328.4782215187465,0.0,0.0,0.0,0.0
225,23,56.86341749626071,0.17895696,58.98694761022895,12.508592789904418,0.0,12.0,0.0,0.0,0.0,0.0,56.86341749626071,0.0,0.0,0.0,0.0
226,0,216.06345121758756,0.1688927999999999,224.13221080662612,45.27309283102064,0.0,18.0,0.0,0.0,0.0,0.0,216.06345121758756,0.0,0.0,0.0,0.0
226,1,345.42098190661216,0.1647283199999999,358.3205206500126,70.88594662171728,0.0,21.0,0.0,0.0,0.0,0.0,345.42098190661216,0.0,0.0,0.0,0.0
226,2,301.67680775862647,0.16391856,312.94274663757943,61.655529304980725,0.0,17.0,0.0,0.0,0.0,0.0,301.67680775862647,0.0,0.0,0.0,0.0
226,3,228.0614727858536,0.16843008,236.57829127163242,47.67764196623537,0.0,15.0,0.0,0.0,0.0,0.0,228.0614727858536,0.0,0.0,0.0,0.0
226,4,163.53818441107705,0.18601344,169.6454195135654,37.17159144986044,0.0,13.0,0.0,0.0,0.0,0.0,163.5381844110765,0.0,0.0,0.0,0.0
226,5,0.0,0.21123168,0.0,0.0,0.0,0.0,0.0,0.0,0.0,0.0,0.0,0.0,0.0,0.0,0.0
226,6,0.0,0.28272192,0.0,0.0,0.0,0.0,0.0,0.0,0.0,0.0,0.0,0.0,0.0,0.0,0.0
226,7,0.0,1.1727638399999998,0.0,0.0,0.0,0.0,0.0,0.0,0.0,0.0,0.0,0.0,0.0,0.0,0.0
226,8,0.0,0.2990328,0.0,0.0,0.0,0.0,0.0,0.0,0.0,0.0,0.0,0.0,0.0,0.0,0.0
226,9,0.0,0.28538256,0.0,0.0,0.0,0.0,0.0,0.0,0.0,0.0,0.0,0.0,0.0,0.0,0.0
226,10,0.0,0.28214352,0.0,0.0,0.0,0.0,0.0,0.0,0.0,0.0,0.0,0.0,0.0,0.0,0.0
226,11,0.0,0.27959856,0.0,0.0,0.0,0.0,0.0,0.0,0.0,0.0,0.0,0.0,0.0,0.0,0.0
226,12,0.0,0.26710512,0.0,0.0,0.0,0.0,0.0,0.0,0.0,0.0,0.0,0.0,0.0,0.0,0.0
226,13,0.0,0.2591232,0.0,0.0,0.0,0.0,0.0,0.0,0.0,0.0,0.0,0.0,0.0,0.0,0.0
226,14,0.0,0.24963744,0.0,0.0,0.0,0.0,0.0,0.0,0.0,0.0,0.0,0.0,0.0,0.0,0.0
226,15,0.0,0.2657169599999999,0.0,0.0,0.0,0.0,0.0,0.0,0.0,0.0,0.0,0.0,0.0,0.0,0.0
226,16,0.0,0.28237488,0.0,0.0,0.0,0.0,0.0,0.0,0.0,0.0,0.0,0.0,0.0,0.0,0.0
226,17,0.0,0.32367264,0.0,0.0,0.0,0.0,0.0,0.0,0.0,0.0,0.0,0.0,0.0,0.0,0.0
226,18,0.0,0.28538256,0.0,0.0,0.0,0.0,0.0,0.0,0.0,0.0,0.0,0.0,0.0,0.0,0.0
226,19,0.0,0.28434144,0.0,0.0,0.0,0.0,0.0,0.0,0.0,0.0,0.0,0.0,0.0,0.0,0.0
226,20,0.0,0.254496,0.0,0.0,0.0,0.0,0.0,0.0,0.0,0.0,0.0,0.0,0.0,0.0,0.0
226,21,0.0,0.21215712,0.0,0.0,0.0,2.0,0.0,0.0,0.0,0.0,0.0,0.0,0.0,0.0,0.0
226,22,363.02949224799045,0.1897152,376.58661021575773,83.9092208725461,0.0,12.0,0.0,0.0,0.0,0.0,363.0294922479902,0.0,0.0,0.0,0.0
226,23,265.0911662991608,0.19711872,274.99083640991796,63.30803837002069,0.0,12.0,0.0,0.0,0.0,0.0,265.0911662991608,0.0,0.0,0.0,0.0
227,0,383.1233347012065,0.185088,397.43084512573296,86.7146412362934,0.0,15.0,0.0,0.0,0.0,0.0,383.12333470120655,0.0,0.0,0.0,0.0
227,1,388.0011125681371,0.17224752,402.49078067234154,82.65048363392926,0.0,15.0,0.0,0.0,0.0,0.0,388.0011125681371,0.0,0.0,0.0,0.0
227,2,331.20839279234724,0.17560224,343.57717094641833,71.70532518938043,0.0,17.0,0.0,0.0,0.0,0.0,331.20839279234724,0.0,0.0,0.0,0.0
227,3,280.4075954915332,0.17710608,290.8792484352004,61.1445865669096,0.0,14.0,0.0,0.0,0.0,0.0,280.4075954915332,0.0,0.0,0.0,0.0
227,4,209.05819208692859,0.2007048,216.86534448851515,50.704158495068384,0.0,10.0,0.0,0.0,0.0,0.0,209.05819208692859,0.0,0.0,0.0,0.0
227,5,0.0,0.22175856,0.0,0.0,0.0,1.0,0.0,0.0,0.0,0.0,0.0,0.0,0.0,0.0,0.0
227,6,0.0,0.26444448,0.0,0.0,0.0,0.0,0.0,0.0,0.0,0.0,0.0,0.0,0.0,0.0,0.0
227,7,0.0,0.30377568,0.0,0.0,0.0,0.0,0.0,0.0,0.0,0.0,0.0,0.0,0.0,0.0,0.0
227,8,0.0,0.32320992,0.0,0.0,0.0,0.0,0.0,0.0,0.0,0.0,0.0,0.0,0.0,0.0,0.0
227,9,0.0,0.3004209599999999,0.0,0.0,0.0,0.0,0.0,0.0,0.0,0.0,0.0,0.0,0.0,0.0,0.0
227,10,0.0,0.2844571199999999,0.0,0.0,0.0,0.0,0.0,0.0,0.0,0.0,0.0,0.0,0.0,0.0,0.0
227,11,0.0,0.2758968,0.0,0.0,0.0,0.0,0.0,0.0,0.0,0.0,0.0,0.0,0.0,0.0,0.0
227,12,0.0,0.26479152,0.0,0.0,0.0,0.0,0.0,0.0,0.0,0.0,0.0,0.0,0.0,0.0,0.0
227,13,0.0,0.26583264,0.0,0.0,0.0,0.0,0.0,0.0,0.0,0.0,0.0,0.0,0.0,0.0,0.0
227,14,0.0,0.2679148799999999,0.0,0.0,0.0,0.0,0.0,0.0,0.0,0.0,0.0,0.0,0.0,0.0,0.0
227,15,0.0,0.2816808,0.0,0.0,0.0,0.0,0.0,0.0,0.0,0.0,0.0,0.0,0.0,0.0,0.0
227,16,0.0,0.2880432,0.0,0.0,0.0,0.0,0.0,0.0,0.0,0.0,0.0,0.0,0.0,0.0,0.0
227,17,0.0,0.27740064,0.0,0.0,0.0,0.0,0.0,0.0,0.0,0.0,0.0,0.0,0.0,0.0,0.0
227,18,0.0,0.26456016,0.0,0.0,0.0,0.0,0.0,0.0,0.0,0.0,0.0,0.0,0.0,0.0,0.0
227,19,0.0,0.2816808,0.0,0.0,0.0,0.0,0.0,0.0,0.0,0.0,0.0,0.0,0.0,0.0,0.0
227,20,0.0,0.26803056,0.0,0.0,0.0,0.0,0.0,0.0,0.0,0.0,0.0,0.0,0.0,0.0,0.0
227,21,0.0,0.21967632,0.0,0.0,0.0,1.0,0.0,0.0,0.0,0.0,0.0,0.0,0.0,0.0,0.0
227,22,150.00592189133187,0.20313408,155.60780279183805,36.759866133351295,0.0,4.0,0.0,0.0,0.0,0.0,150.00592189133187,0.0,0.0,0.0,0.0
227,23,163.86872342924386,0.17629632,169.9883023124937,35.594924947283666,0.0,7.0,0.0,0.0,0.0,0.0,163.8687234292439,0.0,0.0,0.0,0.0
228,0,363.98497604236184,0.1735199999999999,377.5777759775538,78.01512007248215,0.0,14.0,0.0,0.0,0.0,0.0,363.9849760423619,0.0,0.0,0.0,0.0
228,1,406.9723505810556,0.15940704,422.1704881546221,81.27079105000136,0.0,13.0,0.0,0.0,0.0,0.0,406.9723505810557,0.0,0.0,0.0,0.0
228,2,326.72287853211844,0.15697776,338.92414785489467,64.42194283416718,0.0,12.0,0.0,0.0,0.0,0.0,326.7228785321184,0.0,0.0,0.0,0.0
228,3,257.4950491596204,0.1538544,267.11104684607926,49.93758549648064,0.0,13.0,0.0,0.0,0.0,0.0,257.4950491596204,0.0,0.0,0.0,0.0
228,4,525.8079744579695,0.14147664,545.4439569066074,95.2217733050603,0.0,13.0,0.0,0.0,0.0,0.0,525.8079744579695,0.0,0.0,0.0,0.0
228,5,151.28026500030984,0.17606496,156.92973547749983,32.82420184396183,0.0,7.0,0.0,0.0,0.0,0.0,151.28026500030984,0.0,0.0,0.0,0.0
228,6,194.18330566961396,0.1973500799999999,201.43496438756637,46.420703657911794,0.0,6.0,0.0,0.0,0.0,0.0,194.18330566961396,0.0,0.0,0.0,0.0
228,7,0.0,0.21019056,0.0,0.0,0.0,0.0,0.0,0.0,0.0,0.0,0.0,0.0,0.0,0.0,0.0
228,8,0.0,0.2230310399999999,0.0,0.0,0.0,0.0,0.0,0.0,0.0,0.0,0.0,0.0,0.0,0.0,0.0
228,9,0.0,0.22071744,0.0,0.0,0.0,0.0,0.0,0.0,0.0,0.0,0.0,0.0,0.0,0.0,0.0
228,10,0.0,0.21423936,0.0,0.0,0.0,0.0,0.0,0.0,0.0,0.0,0.0,0.0,0.0,0.0,0.0
228,11,0.0,0.20926512,0.0,0.0,0.0,0.0,0.0,0.0,0.0,0.0,0.0,0.0,0.0,0.0,0.0
228,12,0.0,0.208224,0.0,0.0,0.0,0.0,0.0,0.0,0.0,0.0,0.0,0.0,0.0,0.0,0.0
228,13,0.0,0.2081083199999999,0.0,0.0,0.0,0.0,0.0,0.0,0.0,0.0,0.0,0.0,0.0,0.0,0.0
228,14,0.0,0.20625744,0.0,0.0,0.0,0.0,0.0,0.0,0.0,0.0,0.0,0.0,0.0,0.0,0.0
228,15,0.0,0.20718288,0.0,0.0,0.0,0.0,0.0,0.0,0.0,0.0,0.0,0.0,0.0,0.0,0.0
228,16,0.0,0.20776128,0.0,0.0,0.0,0.0,0.0,0.0,0.0,0.0,0.0,0.0,0.0,0.0,0.0
228,17,0.0,0.20984352,0.0,0.0,0.0,0.0,0.0,0.0,0.0,0.0,0.0,0.0,0.0,0.0,0.0
228,18,129.49659549859823,0.20776128,134.33256794460397,32.35551426082428,0.0,4.0,0.0,0.0,0.0,0.0,129.49659549859823,0.0,0.0,0.0,0.0
228,19,0.0,0.24188688,0.0,0.0,0.0,0.0,0.0,0.0,0.0,0.0,0.0,0.0,0.0,0.0,0.0
228,20,192.28856117688585,0.19642464,199.46946180174882,45.78315641104015,0.0,7.0,0.0,0.0,0.0,0.0,192.28856117688588,0.0,0.0,0.0,0.0
228,21,188.00675024412857,0.1602167999999999,195.02774921590105,37.702140389620475,0.0,11.0,0.0,0.0,0.0,0.0,188.0067502441286,0.0,0.0,0.0,0.0
228,22,317.0672165174186,0.0834052799999999,328.90790095167904,38.31950709458759,0.0,9.0,0.0,0.0,0.0,0.0,317.0672165174186,0.0,0.0,0.0,0.0
228,23,287.91339172177857,0.026028,298.66534410972884,17.659484466520045,0.0,7.0,0.0,0.0,0.0,0.0,287.91339172177845,0.0,0.0,0.0,0.0
229,0,352.4008906741144,0.02556528,365.561089910907,21.445743696728538,0.0,11.0,0.0,0.0,0.0,0.0,352.4008906741144,0.0,0.0,0.0,0.0
229,1,486.8136800494219,0.0216321599999999,504.9934440346701,27.63938197785656,0.0,13.0,0.0,0.0,0.0,0.0,486.8136800494219,0.0,0.0,0.0,0.0
229,2,451.9246839442683,0.02637504,468.8015393612742,27.881990305573357,0.0,16.0,0.0,0.0,0.0,0.0,451.9246839442683,0.0,0.0,0.0,0.0
229,3,345.397794571005,0.04303296,358.29646739730805,27.278170620500564,0.0,13.0,0.0,0.0,0.0,0.0,345.397794571005,0.0,0.0,0.0,0.0
229,4,116.6051894737316,0.0815544,120.95974011797884,13.868566427382792,0.0,11.0,0.0,0.0,0.0,0.0,116.6051894737316,0.0,0.0,0.0,0.0
229,5,159.6588160478384,0.141708,165.62117847286146,28.95190696648396,0.0,7.0,0.0,0.0,0.0,0.0,159.6588160478384,0.0,0.0,0.0,0.0
229,6,81.98952852464674,0.1897152,85.05137813760037,18.950739830005052,0.0,7.0,0.0,0.0,0.0,0.0,81.98952852464674,0.0,0.0,0.0,0.0
229,7,0.0,0.21377664,0.0,0.0,0.0,0.0,0.0,0.0,0.0,0.0,0.0,0.0,0.0,0.0,0.0
229,8,0.0,0.21794112,0.0,0.0,0.0,0.0,0.0,0.0,0.0,0.0,0.0,0.0,0.0,0.0,0.0
229,9,0.0,0.22407216,0.0,0.0,0.0,0.0,0.0,0.0,0.0,0.0,0.0,0.0,0.0,0.0,0.0
229,10,0.0,0.21898224,0.0,0.0,0.0,0.0,0.0,0.0,0.0,0.0,0.0,0.0,0.0,0.0,0.0
229,11,0.0,0.2145864,0.0,0.0,0.0,0.0,0.0,0.0,0.0,0.0,0.0,0.0,0.0,0.0,0.0
229,12,0.0,0.21250416,0.0,0.0,0.0,0.0,0.0,0.0,0.0,0.0,0.0,0.0,0.0,0.0,0.0
229,13,0.0,0.2150491199999999,0.0,0.0,0.0,0.0,0.0,0.0,0.0,0.0,0.0,0.0,0.0,0.0,0.0
229,14,0.0,0.2151648,0.0,0.0,0.0,0.0,0.0,0.0,0.0,0.0,0.0,0.0,0.0,0.0,0.0
229,15,0.0,0.21956064,0.0,0.0,0.0,0.0,0.0,0.0,0.0,0.0,0.0,0.0,0.0,0.0,0.0
229,16,0.0,0.28237488,0.0,0.0,0.0,0.0,0.0,0.0,0.0,0.0,0.0,0.0,0.0,0.0,0.0
229,17,0.0,0.3117576,0.0,0.0,0.0,0.0,0.0,0.0,0.0,0.0,0.0,0.0,0.0,0.0,0.0
229,18,0.0,0.28885296,0.0,0.0,0.0,0.0,0.0,0.0,0.0,0.0,0.0,0.0,0.0,0.0,0.0
229,19,0.0,0.30088368,0.0,0.0,0.0,0.0,0.0,0.0,0.0,0.0,0.0,0.0,0.0,0.0,0.0
229,20,0.0,0.27485568,0.0,0.0,0.0,0.0,0.0,0.0,0.0,0.0,0.0,0.0,0.0,0.0,0.0
229,21,0.0,0.23112864,0.0,0.0,0.0,0.0,0.0,0.0,0.0,0.0,0.0,0.0,0.0,0.0,0.0
229,22,109.39034341517174,0.20440656,113.47545997424456,26.95116614290051,0.0,3.0,0.0,0.0,0.0,0.0,109.39034341517174,0.0,0.0,0.0,0.0
229,23,31.89389382292005,0.2093808,33.08495209846478,8.022465652797418,0.0,2.0,0.0,0.0,0.0,0.0,31.89389382292005,0.0,0.0,0.0,0.0
230,0,374.6206238089004,0.20324976,388.61060561089255,91.8480233695891,0.0,14.0,0.0,0.0,0.0,0.0,374.6206238089004,0.0,0.0,0.0,0.0
230,1,424.2294058852114,0.19758144,440.0719978062359,101.51644215761934,0.0,11.0,0.0,0.0,0.0,0.0,424.2294058852113,0.0,0.0,0.0,0.0
230,2,392.46117579964016,0.18705456,407.11740228178445,89.62875256768925,0.0,12.0,0.0,0.0,0.0,0.0,392.4611757996398,0.0,0.0,0.0,0.0
230,3,338.1648218263996,0.18994656,350.79338363734394,78.24325749106987,0.0,11.0,0.0,0.0,0.0,0.0,338.1648218263996,0.0,0.0,0.0,0.0
230,4,394.8778770672991,0.20891808,409.62435380425217,99.1364996289458,0.0,13.0,0.0,0.0,0.0,0.0,394.8778770672991,0.0,0.0,0.0,0.0
230,5,0.0,0.2157432,0.0,0.0,0.0,0.0,0.0,0.0,0.0,0.0,0.0,0.0,0.0,0.0,0.0
230,6,0.0,0.30551088,0.0,0.0,0.0,0.0,0.0,0.0,0.0,0.0,0.0,0.0,0.0,0.0,0.0
230,7,0.0,0.36254112,0.0,0.0,0.0,0.0,0.0,0.0,0.0,0.0,0.0,0.0,0.0,0.0,0.0
230,8,0.0,0.37966176,0.0,0.0,0.0,0.0,0.0,0.0,0.0,0.0,0.0,0.0,0.0,0.0,0.0
230,9,0.0,0.3565257599999999,0.0,0.0,0.0,0.0,0.0,0.0,0.0,0.0,0.0,0.0,0.0,0.0,0.0
230,10,0.0,0.3435696,0.0,0.0,0.0,0.0,0.0,0.0,0.0,0.0,0.0,0.0,0.0,0.0,0.0
230,11,0.0,0.3301507199999999,0.0,0.0,0.0,0.0,0.0,0.0,0.0,0.0,0.0,0.0,0.0,0.0,0.0
230,12,0.0,0.31071648,0.0,0.0,0.0,0.0,0.0,0.0,0.0,0.0,0.0,0.0,0.0,0.0,0.0
230,13,0.0,0.29128224,0.0,0.0,0.0,0.0,0.0,0.0,0.0,0.0,0.0,0.0,0.0,0.0,0.0
230,14,0.0,0.25646256,0.0,0.0,0.0,0.0,0.0,0.0,0.0,0.0,0.0,0.0,0.0,0.0,0.0
230,15,0.0,0.2308972799999999,0.0,0.0,0.0,0.0,0.0,0.0,0.0,0.0,0.0,0.0,0.0,0.0,0.0
230,16,0.0,0.22742688,0.0,0.0,0.0,0.0,0.0,0.0,0.0,0.0,0.0,0.0,0.0,0.0,0.0
230,17,0.0,0.22511328,0.0,0.0,0.0,0.0,0.0,0.0,0.0,0.0,0.0,0.0,0.0,0.0,0.0
230,18,0.0,0.21551184,0.0,0.0,0.0,0.0,0.0,0.0,0.0,0.0,0.0,0.0,0.0,0.0,0.0
230,19,123.17538304541051,0.20752992,127.77529361557109,30.746558680691383,0.0,4.0,0.0,0.0,0.0,0.0,123.17538304540977,0.0,0.0,0.0,0.0
230,20,70.5897000407667,0.19226016,73.22582991780779,16.50218474640995,0.0,2.0,0.0,0.0,0.0,0.0,70.5897000407667,0.0,0.0,0.0,0.0
230,21,57.12756453296784,0.18057648,59.26095905909527,12.66267313317159,0.0,4.0,0.0,0.0,0.0,0.0,57.12756453296781,0.0,0.0,0.0,0.0
230,22,290.77374028693646,0.1664635199999999,301.63251067109593,60.19484557596144,0.0,9.0,0.0,0.0,0.0,0.0,290.773740286936,0.0,0.0,0.0,0.0
230,23,178.90020270211733,0.17803152,185.58112313497648,39.18202461079474,0.0,6.0,0.0,0.0,0.0,0.0,178.9002027021161,0.0,0.0,0.0,0.0
231,0,312.8170348102092,0.17155344,324.4989987657772,66.40983637397206,0.0,7.0,0.0,0.0,0.0,0.0,312.8170348102087,0.0,0.0,0.0,0.0
231,1,241.96459042961646,0.1681987199999999,251.0006124788552,50.52610201120957,0.0,6.0,0.0,0.0,0.0,0.0,241.96459042961646,0.0,0.0,0.0,0.0
231,2,120.3064791719217,0.1664635199999999,124.79925225303082,24.905378072982742,0.0,3.0,0.0,0.0,0.0,0.0,120.3064791719217,0.0,0.0,0.0,0.0
231,3,423.81977336398467,0.16391856,439.64706780496346,86.61863220715625,0.0,11.0,0.0,0.0,0.0,0.0,423.81977336398467,0.0,0.0,0.0,0.0
231,4,449.54122164389094,0.11672112,466.32906809532255,69.86594327059748,0.0,11.0,0.0,0.0,0.0,0.0,449.54122164389094,0.0,0.0,0.0,0.0
231,5,357.5373294389447,0.14413728,370.8893458910215,65.73541884670382,0.0,10.0,0.0,0.0,0.0,0.0,357.5373294389447,0.0,0.0,0.0,0.0
231,6,201.45723018518476,0.16588512,208.98052923774353,41.5840156880359,0.0,7.0,0.0,0.0,0.0,0.0,201.4572301851847,0.0,0.0,0.0,0.0
231,7,223.77592063079686,0.1810391999999999,232.13269774978926,49.70871018998165,0.0,8.0,0.0,0.0,0.0,0.0,223.77592063079686,0.0,0.0,0.0,0.0
231,8,107.02543927295183,0.1949208,111.02223990970107,25.315379962001966,0.0,5.0,0.0,0.0,0.0,0.0,107.02543927295183,0.0,0.0,0.0,0.0
231,9,28.339887754692292,0.20267136,29.39822381192147,6.931259209721109,0.0,5.0,0.0,0.0,0.0,0.0,28.339887754692292,0.0,0.0,0.0,0.0
231,10,121.06585744886291,0.20544768,125.58698905483705,29.95848487721677,0.0,3.0,0.0,0.0,0.0,0.0,121.06585744886291,0.0,0.0,0.0,0.0
231,11,0.0,0.19306992,0.0,0.0,0.0,0.0,0.0,0.0,0.0,0.0,0.0,0.0,0.0,0.0,0.0
231,12,0.0,0.1664635199999999,0.0,0.0,0.0,0.0,0.0,0.0,0.0,0.0,0.0,0.0,0.0,0.0,0.0
231,13,0.0,0.14564112,0.0,0.0,0.0,0.0,0.0,0.0,0.0,0.0,0.0,0.0,0.0,0.0,0.0
231,14,0.0,0.196656,0.0,0.0,0.0,0.0,0.0,0.0,0.0,0.0,0.0,0.0,0.0,0.0,0.0
231,15,0.0,0.20845536,0.0,0.0,0.0,0.0,0.0,0.0,0.0,0.0,0.0,0.0,0.0,0.0,0.0
231,16,0.0,0.21319824,0.0,0.0,0.0,0.0,0.0,0.0,0.0,0.0,0.0,0.0,0.0,0.0,0.0
231,17,0.0,0.21100032,0.0,0.0,0.0,1.0,0.0,0.0,0.0,0.0,0.0,0.0,0.0,0.0,0.0
231,18,45.771352133924744,0.19977936,47.48065574058583,11.057264721247954,0.0,4.0,0.0,0.0,0.0,0.0,45.77135213392472,0.0,0.0,0.0,0.0
231,19,69.9567644239151,0.18878976,72.56925770115676,16.102375174687822,0.0,6.0,0.0,0.0,0.0,0.0,69.95676442391436,0.0,0.0,0.0,0.0
231,20,117.91503399221519,0.1778001599999999,122.31849999192448,25.796991219256856,0.0,7.0,0.0,0.0,0.0,0.0,117.91503399221519,0.0,0.0,0.0,0.0
231,21,73.15811085213963,0.16623216,75.89015648562203,15.127348815017045,0.0,7.0,0.0,0.0,0.0,0.0,73.15811085213961,0.0,0.0,0.0,0.0
231,22,216.37419147604655,0.16357152,224.45455547307736,44.14381859581444,0.0,7.0,0.0,0.0,0.0,0.0,216.37419147604655,0.0,0.0,0.0,0.0
231,23,121.90365204705476,0.16576944,126.4560705882311,25.148247942481987,0.0,7.0,0.0,0.0,0.0,0.0,121.90365204705476,0.0,0.0,0.0,0.0
232,0,227.45992595307308,0.16172064,235.95428003430817,45.96876384702315,0.0,12.0,0.0,0.0,0.0,0.0,227.45992595307308,0.0,0.0,0.0,0.0
232,1,228.789275939576,0.1599854399999999,237.3332737962407,45.825599597587576,0.0,10.0,0.0,0.0,0.0,0.0,228.789275939576,0.0,0.0,0.0,0.0
232,2,209.38464671396997,0.15975408,217.20399036718877,41.88867573459305,0.0,12.0,0.0,0.0,0.0,0.0,209.38464671396997,0.0,0.0,0.0,0.0
232,3,246.7459986906349,0.1607952,255.96057955460054,49.62952776485517,0.0,11.0,0.0,0.0,0.0,0.0,246.7459986906349,0.0,0.0,0.0,0.0
232,4,310.79406045819314,0.14853312,322.40047765372736,58.55860464573678,0.0,11.0,0.0,0.0,0.0,0.0,310.79406045819314,0.0,0.0,0.0,0.0
232,5,168.19989061199644,0.1570934399999999,174.48121432779715,33.185182368381,0.0,9.0,0.0,0.0,0.0,0.0,168.19989061199644,0.0,0.0,0.0,0.0
232,6,87.21029571317489,0.16912416,90.4671117356586,18.294635678369705,0.0,9.0,0.0,0.0,0.0,0.0,87.2102957131749,0.0,0.0,0.0,0.0
232,7,78.58130095350094,0.19364832,81.51587235840347,18.483587110602425,0.0,8.0,0.0,0.0,0.0,0.0,78.58130095350094,0.0,0.0,0.0,0.0
232,8,0.0,0.2134296,0.0,0.0,0.0,0.0,0.0,0.0,0.0,0.0,0.0,0.0,0.0,0.0,0.0
232,9,0.0,0.22060176,0.0,0.0,0.0,0.0,0.0,0.0,0.0,0.0,0.0,0.0,0.0,0.0,0.0
232,10,0.0,0.22337808,0.0,0.0,0.0,0.0,0.0,0.0,0.0,0.0,0.0,0.0,0.0,0.0,0.0
232,11,0.0,0.21713136,0.0,0.0,0.0,0.0,0.0,0.0,0.0,0.0,0.0,0.0,0.0,0.0,0.0
232,12,0.0,0.153276,0.0,0.0,0.0,0.0,0.0,0.0,0.0,0.0,0.0,0.0,0.0,0.0,0.0
232,13,0.0,0.1601011199999999,0.0,0.0,0.0,0.0,0.0,0.0,0.0,0.0,0.0,0.0,0.0,0.0,0.0
232,14,0.0,0.22198992,0.0,0.0,0.0,0.0,0.0,0.0,0.0,0.0,0.0,0.0,0.0,0.0,0.0
232,15,0.0,0.22696416,0.0,0.0,0.0,0.0,0.0,0.0,0.0,0.0,0.0,0.0,0.0,0.0,0.0
232,16,0.0,0.28908432,0.0,0.0,0.0,0.0,0.0,0.0,0.0,0.0,0.0,0.0,0.0,0.0,0.0
232,17,0.0,1.26449808,0.0,0.0,0.0,0.0,0.0,0.0,0.0,0.0,0.0,0.0,0.0,0.0,0.0
232,18,0.0,1.4542132799999998,0.0,0.0,0.0,0.0,0.0,0.0,0.0,0.0,0.0,0.0,0.0,0.0,0.0
232,19,0.0,1.58065152,0.0,0.0,0.0,0.0,0.0,0.0,0.0,0.0,0.0,0.0,0.0,0.0,0.0
232,20,0.0,0.23031888,0.0,0.0,0.0,0.0,0.0,0.0,0.0,0.0,0.0,0.0,0.0,0.0,0.0
232,21,0.0,0.22256832,0.0,0.0,0.0,0.0,0.0,0.0,0.0,0.0,0.0,0.0,0.0,0.0,0.0
232,22,23.835974145470317,0.21204144,24.726114258786637,6.061395255003489,0.0,4.0,0.0,0.0,0.0,0.0,23.835974145469855,0.0,0.0,0.0,0.0
232,23,202.18745028577567,0.20105184,209.73801896864697,49.11054305946358,0.0,16.0,0.0,0.0,0.0,0.0,202.18745028577567,0.0,0.0,0.0,0.0
233,0,302.0109099866522,0.1865918399999999,313.2893257122949,68.82710841809336,0.0,20.0,0.0,0.0,0.0,0.0,302.0109099866522,0.0,0.0,0.0,0.0
233,1,298.1690367044765,0.1839312,309.3039799838968,67.1286139406811,0.0,19.0,0.0,0.0,0.0,0.0,298.1690367044765,0.0,0.0,0.0,0.0
233,2,344.2568731138805,0.18173328,357.1129389148138,76.71974399750908,0.0,19.0,0.0,0.0,0.0,0.0,344.2568731138805,0.0,0.0,0.0,0.0
233,3,241.61722528918276,0.1845096,250.64027519624764,54.541730029345366,0.0,18.0,0.0,0.0,0.0,0.0,241.61722528918276,0.0,0.0,0.0,0.0
233,4,182.7236757574725,0.2088024,189.54738149115414,45.85196649642575,0.0,15.0,0.0,0.0,0.0,0.0,182.72367575747253,0.0,0.0,0.0,0.0
233,5,0.0,0.22893072,0.0,0.0,0.0,0.0,0.0,0.0,0.0,0.0,0.0,0.0,0.0,0.0,0.0
233,6,0.0,0.29070384,0.0,0.0,0.0,1.0,0.0,0.0,0.0,0.0,0.0,0.0,0.0,0.0,0.0
233,7,0.0,0.33674448,0.0,0.0,0.0,0.0,0.0,0.0,0.0,0.0,0.0,0.0,0.0,0.0,0.0
233,8,0.0,0.37781088,0.0,0.0,0.0,0.0,0.0,0.0,0.0,0.0,0.0,0.0,0.0,0.0,0.0
233,9,0.0,0.37087008,0.0,0.0,0.0,0.0,0.0,0.0,0.0,0.0,0.0,0.0,0.0,0.0,0.0
233,10,0.0,0.34495776,0.0,0.0,0.0,0.0,0.0,0.0,0.0,0.0,0.0,0.0,0.0,0.0,0.0
233,11,0.0,0.32598624,0.0,0.0,0.0,0.0,0.0,0.0,0.0,0.0,0.0,0.0,0.0,0.0,0.0
233,12,0.0,0.2920919999999999,0.0,0.0,0.0,0.0,0.0,0.0,0.0,0.0,0.0,0.0,0.0,0.0,0.0
233,13,0.0,0.2857296,0.0,0.0,0.0,0.0,0.0,0.0,0.0,0.0,0.0,0.0,0.0,0.0,0.0
233,14,0.0,0.28954704,0.0,0.0,0.0,0.0,0.0,0.0,0.0,0.0,0.0,0.0,0.0,0.0,0.0
233,15,0.0,0.28885296,0.0,0.0,0.0,0.0,0.0,0.0,0.0,0.0,0.0,0.0,0.0,0.0,0.0
233,16,0.0,0.31973952,0.0,0.0,0.0,0.0,0.0,0.0,0.0,0.0,0.0,0.0,0.0,0.0,0.0
233,17,0.0,0.34946928,0.0,0.0,0.0,0.0,0.0,0.0,0.0,0.0,0.0,0.0,0.0,0.0,0.0
233,18,0.0,0.36022752,0.0,0.0,0.0,0.0,0.0,0.0,0.0,0.0,0.0,0.0,0.0,0.0,0.0
233,19,0.0,0.3493536,0.0,0.0,0.0,0.0,0.0,0.0,0.0,0.0,0.0,0.0,0.0,0.0,0.0
233,20,0.0,0.29868576,0.0,0.0,0.0,3.0,0.0,0.0,0.0,0.0,0.0,0.0,0.0,0.0,0.0
233,21,49.17817398915682,0.23031888,51.014703308253964,13.438236008992554,0.0,9.0,0.0,0.0,0.0,0.0,49.17817398915682,0.0,0.0,0.0,0.0
233,22,429.3377792419184,0.21470208,445.37114029244646,110.36389493644003,0.0,16.0,0.0,0.0,0.0,0.0,429.33777924191844,0.0,0.0,0.0,0.0
233,23,123.32083852894056,0.2169,127.92618104661885,31.981545261654713,0.0,7.0,0.0,0.0,0.0,0.0,123.32083852894056,0.0,0.0,0.0,0.0
234,0,201.8609420891044,0.2105376,209.3993175198179,51.01754716216638,0.0,11.0,0.0,0.0,0.0,0.0,201.8609420891044,0.0,0.0,0.0,0.0
234,1,412.33223561395795,0.20163024,427.7305348692509,100.40129110518762,0.0,15.0,0.0,0.0,0.0,0.0,412.33223561395795,0.0,0.0,0.0,0.0
234,2,421.65419021029174,0.20139888,437.4006122513401,102.5699536842535,0.0,14.0,0.0,0.0,0.0,0.0,421.65419021029174,0.0,0.0,0.0,0.0
234,3,384.6324404969369,0.20857104,398.9963075694366,96.42585260646563,0.0,16.0,0.0,0.0,0.0,0.0,384.6324404969369,0.0,0.0,0.0,0.0
234,4,265.3273964019676,0.21308256,275.23588838378384,67.75827560619416,0.0,14.0,0.0,0.0,0.0,0.0,265.3273964019676,0.0,0.0,0.0,0.0
234,5,181.79109647486416,0.24281232,188.57997559633213,52.031538572327385,0.0,11.0,0.0,0.0,0.0,0.0,181.79109647486416,0.0,0.0,0.0,0.0
234,6,208.24479506726124,0.286308,216.0215716465366,68.99901815647696,0.0,8.0,0.0,0.0,0.0,0.0,208.24479506726124,0.0,0.0,0.0,0.0
234,7,0.0,0.3134928,0.0,0.0,0.0,0.0,0.0,0.0,0.0,0.0,0.0,0.0,0.0,0.0,0.0
234,8,0.0,0.31395552,0.0,0.0,0.0,0.0,0.0,0.0,0.0,0.0,0.0,0.0,0.0,0.0,0.0
234,9,0.0,0.31094784,0.0,0.0,0.0,4.0,0.0,0.0,0.0,0.0,0.0,0.0,0.0,0.0,0.0
234,10,83.20914549615998,0.30551088,86.31654097112033,29.227719896787107,0.0,4.0,0.0,0.0,0.0,0.0,83.20914549615998,0.0,0.0,0.0,0.0
234,11,0.0,0.29394288,0.0,0.0,0.0,0.0,0.0,0.0,0.0,0.0,0.0,0.0,0.0,0.0,0.0
234,12,0.0,0.28087104,0.0,0.0,0.0,0.0,0.0,0.0,0.0,0.0,0.0,0.0,0.0,0.0,0.0
234,13,0.0,0.26363472,0.0,0.0,0.0,0.0,0.0,0.0,0.0,0.0,0.0,0.0,0.0,0.0,0.0
234,14,0.0,0.2761281599999999,0.0,0.0,0.0,0.0,0.0,0.0,0.0,0.0,0.0,0.0,0.0,0.0,0.0
234,15,0.0,0.2865393599999999,0.0,0.0,0.0,0.0,0.0,0.0,0.0,0.0,0.0,0.0,0.0,0.0,0.0
234,16,0.0,0.31094784,0.0,0.0,0.0,0.0,0.0,0.0,0.0,0.0,0.0,0.0,0.0,0.0,0.0
234,17,0.0,0.3140712,0.0,0.0,0.0,0.0,0.0,0.0,0.0,0.0,0.0,0.0,0.0,0.0,0.0
234,18,0.0,0.33246432,0.0,0.0,0.0,0.0,0.0,0.0,0.0,0.0,0.0,0.0,0.0,0.0,0.0
234,19,0.0,0.3256392,0.0,0.0,0.0,0.0,0.0,0.0,0.0,0.0,0.0,0.0,0.0,0.0,0.0
234,20,0.0,0.31279872,0.0,0.0,0.0,0.0,0.0,0.0,0.0,0.0,0.0,0.0,0.0,0.0,0.0
234,21,64.13738824909395,0.27277344,66.53256042437133,20.350543129010315,0.0,3.0,0.0,0.0,0.0,0.0,64.13738824909395,0.0,0.0,0.0,0.0
234,22,90.79620181367123,0.2677991999999999,94.18693134198261,28.340772291257487,0.0,6.0,0.0,0.0,0.0,0.0,90.79620181367123,0.0,0.0,0.0,0.0
234,23,389.7613802556442,0.23853216,404.31678449755617,109.82544149732573,0.0,15.0,0.0,0.0,0.0,0.0,389.7613802556442,0.0,0.0,0.0,0.0
235,0,314.0639758459986,0.22360944,325.79250606431395,83.63401178796664,0.0,11.0,0.0,0.0,0.0,0.0,314.0639758459986,0.0,0.0,0.0,0.0
235,1,253.64612346553156,0.22279968,263.11838533768844,67.33191061003116,0.0,12.0,0.0,0.0,0.0,0.0,253.64612346553156,0.0,0.0,0.0,0.0
235,2,498.59750862407583,0.22198992,517.217332597589,131.9369279949324,0.0,15.0,0.0,0.0,0.0,0.0,498.59750862407583,0.0,0.0,0.0,0.0
235,3,243.54451774803795,0.2416555199999999,252.63954123240453,69.41410852387072,0.0,12.0,0.0,0.0,0.0,0.0,243.54451774803795,0.0,0.0,0.0,0.0
235,4,249.66582735599138,0.26039568,258.98944746472137,76.01228399648268,0.0,14.0,0.0,0.0,0.0,0.0,249.66582735599138,0.0,0.0,0.0,0.0
235,5,107.21678441689679,0.3111792,111.22073072292197,38.29098419670301,0.0,12.0,0.0,0.0,0.0,0.0,107.21678441689679,0.0,0.0,0.0,0.0
235,6,242.99715943459282,0.28885296,252.0717421520673,81.15524351821483,0.0,9.0,0.0,0.0,0.0,0.0,242.99715943459282,0.0,0.0,0.0,0.0
235,7,0.0,0.32691168,0.0,0.0,0.0,0.0,0.0,0.0,0.0,0.0,0.0,0.0,0.0,0.0,0.0
235,8,0.0,0.326796,0.0,0.0,0.0,0.0,0.0,0.0,0.0,0.0,0.0,0.0,0.0,0.0,0.0
235,9,0.0,0.32124336,0.0,0.0,0.0,0.0,0.0,0.0,0.0,0.0,0.0,0.0,0.0,0.0,0.0
235,10,0.0,0.31141056,0.0,0.0,0.0,0.0,0.0,0.0,0.0,0.0,0.0,0.0,0.0,0.0,0.0
235,11,0.0,0.2944056,0.0,0.0,0.0,0.0,0.0,0.0,0.0,0.0,0.0,0.0,0.0,0.0,0.0
235,12,0.0,0.2880432,0.0,0.0,0.0,0.0,0.0,0.0,0.0,0.0,0.0,0.0,0.0,0.0,0.0
235,13,0.0,0.28306896,0.0,0.0,0.0,0.0,0.0,0.0,0.0,0.0,0.0,0.0,0.0,0.0,0.0
235,14,0.0,0.28353168,0.0,0.0,0.0,0.0,0.0,0.0,0.0,0.0,0.0,0.0,0.0,0.0,0.0
235,15,0.0,0.2845728,0.0,0.0,0.0,0.0,0.0,0.0,0.0,0.0,0.0,0.0,0.0,0.0,0.0
235,16,0.0,0.32355696,0.0,0.0,0.0,0.0,0.0,0.0,0.0,0.0,0.0,0.0,0.0,0.0,0.0
235,17,0.0,0.32587056,0.0,0.0,0.0,0.0,0.0,0.0,0.0,0.0,0.0,0.0,0.0,0.0,0.0
235,18,0.0,0.31973952,0.0,0.0,0.0,0.0,0.0,0.0,0.0,0.0,0.0,0.0,0.0,0.0,0.0
235,19,0.0,0.31707888,0.0,0.0,0.0,0.0,0.0,0.0,0.0,0.0,0.0,0.0,0.0,0.0,0.0
235,20,96.58857880604067,0.29278608,100.195621168092,32.65235821563452,0.0,5.0,0.0,0.0,0.0,0.0,96.58857880604059,0.0,0.0,0.0,0.0
235,21,265.86225273142804,0.25010016,275.7907186010665,78.10397563433702,0.0,10.0,0.0,0.0,0.0,0.0,265.8622527314281,0.0,0.0,0.0,0.0
235,22,273.9219886769547,0.24512592,284.1514405362601,79.05829596252626,0.0,11.0,0.0,0.0,0.0,0.0,273.9219886769547,0.0,0.0,0.0,0.0
235,23,355.737722543989,0.2326324799999999,369.0225337593247,98.06127307174904,0.0,12.0,0.0,0.0,0.0,0.0,355.73772254398887,0.0,0.0,0.0,0.0
236,0,246.93327272725008,0.22407216,256.15484722743787,65.8758953559502,0.0,13.0,0.0,0.0,0.0,0.0,246.93327272725008,0.0,0.0,0.0,0.0
236,1,381.70041583164647,0.21724704,395.9547882071022,99.12610920147493,0.0,15.0,0.0,0.0,0.0,0.0,381.70041583164647,0.0,0.0,0.0,0.0
236,2,493.6743285556528,0.21423936,512.11029933159,126.66503368608392,0.0,14.0,0.0,0.0,0.0,0.0,493.6743285556528,0.0,0.0,0.0,0.0
236,3,209.72819830322882,0.21770976,217.56037168384734,54.56626460753655,0.0,12.0,0.0,0.0,0.0,0.0,209.72819830322882,0.0,0.0,0.0,0.0
236,4,334.24114134646885,0.23216976,346.7231756706109,91.97517359658079,0.0,16.0,0.0,0.0,0.0,0.0,334.2411413464684,0.0,0.0,0.0,0.0
236,5,215.3462426639247,0.25588416,223.38821853104224,64.55565668608969,0.0,11.0,0.0,0.0,0.0,0.0,215.3462426639247,0.0,0.0,0.0,0.0
236,6,162.40166930961306,0.30678336,168.46646193943263,57.25894713128649,0.0,10.0,0.0,0.0,0.0,0.0,162.40166930961306,0.0,0.0,0.0,0.0
236,7,0.0,1.8474096,0.0,0.0,0.0,0.0,0.0,0.0,0.0,0.0,0.0,0.0,0.0,0.0,0.0
236,8,0.0,1.4899584,0.0,0.0,0.0,0.0,0.0,0.0,0.0,0.0,0.0,0.0,0.0,0.0,0.0
236,9,0.0,1.28161872,0.0,0.0,0.0,0.0,0.0,0.0,0.0,0.0,0.0,0.0,0.0,0.0,0.0
236,10,0.0,1.2299097599999995,0.0,0.0,0.0,0.0,0.0,0.0,0.0,0.0,0.0,0.0,0.0,0.0,0.0
236,11,0.0,0.33362112,0.0,0.0,0.0,0.0,0.0,0.0,0.0,0.0,0.0,0.0,0.0,0.0,0.0
236,12,0.0,0.32309424,0.0,0.0,0.0,0.0,0.0,0.0,0.0,0.0,0.0,0.0,0.0,0.0,0.0
236,13,0.0,0.3175416,0.0,0.0,0.0,0.0,0.0,0.0,0.0,0.0,0.0,0.0,0.0,0.0,0.0
236,14,0.0,0.3461145599999999,0.0,0.0,0.0,0.0,0.0,0.0,0.0,0.0,0.0,0.0,0.0,0.0,0.0
236,15,0.0,0.34160304,0.0,0.0,0.0,0.0,0.0,0.0,0.0,0.0,0.0,0.0,0.0,0.0,0.0
236,16,0.0,1.7947752,0.0,0.0,0.0,0.0,0.0,0.0,0.0,0.0,0.0,0.0,0.0,0.0,0.0
236,17,0.0,2.3911056,0.0,0.0,0.0,0.0,0.0,0.0,0.0,0.0,0.0,0.0,0.0,0.0,0.0
236,18,0.0,2.9909064,0.0,0.0,0.0,0.0,0.0,0.0,0.0,0.0,0.0,0.0,0.0,0.0,0.0
236,19,0.0,2.38231392,0.0,0.0,0.0,0.0,0.0,0.0,0.0,0.0,0.0,0.0,0.0,0.0,0.0
236,20,0.0,1.7938497599999998,0.0,0.0,0.0,0.0,0.0,0.0,0.0,0.0,0.0,0.0,0.0,0.0,0.0
236,21,0.0,1.7982455999999996,0.0,0.0,0.0,0.0,0.0,0.0,0.0,0.0,0.0,0.0,0.0,0.0,0.0
236,22,0.0,0.32876256,0.0,0.0,0.0,0.0,0.0,0.0,0.0,0.0,0.0,0.0,0.0,0.0,0.0
236,23,0.0,0.32922528,0.0,0.0,0.0,1.0,0.0,0.0,0.0,0.0,0.0,0.0,0.0,0.0,0.0
237,0,0.0,0.31337712,0.0,0.0,0.0,2.0,0.0,0.0,0.0,0.0,0.0,0.0,0.0,0.0,0.0
237,1,391.1329760963315,0.29544672,405.73960175967994,133.30441533224908,0.0,12.0,0.0,0.0,0.0,0.0,391.1329760963315,0.0,0.0,0.0,0.0
237,2,514.6496824129429,0.2762438399999999,533.8689651586544,165.14907573900433,0.0,16.0,0.0,0.0,0.0,0.0,514.6496824129422,0.0,0.0,0.0,0.0
237,3,490.0104533136779,0.27474,508.30959887310985,156.47802691709813,0.0,16.0,0.0,0.0,0.0,0.0,490.0104533136778,0.0,0.0,0.0,0.0
237,4,478.28440605705805,0.2920919999999999,496.14564943678215,161.34259603164602,0.0,15.0,0.0,0.0,0.0,0.0,478.2844060570578,0.0,0.0,0.0,0.0
237,5,0.0,0.3158064,0.0,0.0,0.0,1.0,0.0,0.0,0.0,0.0,0.0,0.0,0.0,0.0,0.0
237,6,16.735398663522915,0.34669296,17.360372057596386,6.593347090455822,0.0,1.0,0.0,0.0,0.0,0.0,16.735398663522915,0.0,0.0,0.0,0.0
237,7,0.0,1.57405776,0.0,0.0,0.0,1.0,0.0,0.0,0.0,0.0,0.0,0.0,0.0,0.0,0.0
237,8,0.0,1.45675824,0.0,0.0,0.0,0.0,0.0,0.0,0.0,0.0,0.0,0.0,0.0,0.0,0.0
237,9,0.0,1.31724816,0.0,0.0,0.0,0.0,0.0,0.0,0.0,0.0,0.0,0.0,0.0,0.0,0.0
237,10,0.0,1.2487656,0.0,0.0,0.0,0.0,0.0,0.0,0.0,0.0,0.0,0.0,0.0,0.0,0.0
237,11,0.0,1.1510159999999998,0.0,0.0,0.0,0.0,0.0,0.0,0.0,0.0,0.0,0.0,0.0,0.0,0.0
237,12,0.0,0.3303820799999999,0.0,0.0,0.0,0.0,0.0,0.0,0.0,0.0,0.0,0.0,0.0,0.0,0.0
237,13,0.0,0.32054928,0.0,0.0,0.0,0.0,0.0,0.0,0.0,0.0,0.0,0.0,0.0,0.0,0.0
237,14,0.0,0.74972208,0.0,0.0,0.0,0.0,0.0,0.0,0.0,0.0,0.0,0.0,0.0,0.0,0.0
237,15,0.0,1.1382911999999998,0.0,0.0,0.0,0.0,0.0,0.0,0.0,0.0,0.0,0.0,0.0,0.0,0.0
237,16,0.0,1.37763312,0.0,0.0,0.0,0.0,0.0,0.0,0.0,0.0,0.0,0.0,0.0,0.0,0.0
237,17,0.0,1.60320912,0.0,0.0,0.0,0.0,0.0,0.0,0.0,0.0,0.0,0.0,0.0,0.0,0.0
237,18,0.0,1.82068752,0.0,0.0,0.0,0.0,0.0,0.0,0.0,0.0,0.0,0.0,0.0,0.0,0.0
237,19,0.0,1.7096347199999995,0.0,0.0,0.0,0.0,0.0,0.0,0.0,0.0,0.0,0.0,0.0,0.0,0.0
237,20,0.0,1.1997172799999998,0.0,0.0,0.0,1.0,0.0,0.0,0.0,0.0,0.0,0.0,0.0,0.0,0.0
237,21,191.7918403083308,0.27369888,198.95419119121453,61.03892302877048,0.0,5.0,0.0,0.0,0.0,0.0,191.7918403083308,0.0,0.0,0.0,0.0
237,22,203.88965740989616,0.24836496,211.50379399366827,59.53090691627607,0.0,5.0,0.0,0.0,0.0,0.0,203.88965740989616,0.0,0.0,0.0,0.0
237,23,160.01673579454322,0.24327504,165.99246451716104,45.876174020628966,0.0,4.0,0.0,0.0,0.0,0.0,160.01673579454254,0.0,0.0,0.0,0.0
238,0,315.0223826667747,0.222684,326.78670401117716,83.58681029879493,0.0,7.0,0.0,0.0,0.0,0.0,315.0223826667748,0.0,0.0,0.0,0.0
238,1,134.34826632244494,0.21076896,139.3654214963122,33.986900400267295,0.0,4.0,0.0,0.0,0.0,0.0,134.34826632244494,0.0,0.0,0.0,0.0
238,2,210.69413956353605,0.20093616,218.5623854393528,51.151501408666036,0.0,5.0,0.0,0.0,0.0,0.0,210.69413956353608,0.0,0.0,0.0,0.0
238,3,325.5673968583095,0.19584624,337.7255154131841,77.32098690591054,0.0,8.0,0.0,0.0,0.0,0.0,325.5673968583095,0.0,0.0,0.0,0.0
238,4,409.01445682887464,0.1885584,424.2888556316127,94.04718887713425,0.0,9.0,0.0,0.0,0.0,0.0,409.01445682887464,0.0,0.0,0.0,0.0
238,5,91.91045499696898,0.2012832,95.34279564000931,22.34674953905143,0.0,5.0,0.0,0.0,0.0,0.0,91.91045499696898,0.0,0.0,0.0,0.0
238,6,173.0800110176486,0.2229153599999999,179.54357989382635,45.9659142422067,0.0,5.0,0.0,0.0,0.0,0.0,173.0800110176486,0.0,0.0,0.0,0.0
238,7,170.35730973421988,0.26062704,176.71920096910776,51.90720781182115,0.0,6.0,0.0,0.0,0.0,0.0,170.35730973421732,0.0,0.0,0.0,0.0
238,8,163.69017434706936,0.30030528,169.80308542227115,56.61324524007624,0.0,7.0,0.0,0.0,0.0,0.0,163.6901743470694,0.0,0.0,0.0,0.0
238,9,0.0,0.31592208,0.0,0.0,0.0,0.0,0.0,0.0,0.0,0.0,0.0,0.0,0.0,0.0,0.0
238,10,0.0,0.3136084799999999,0.0,0.0,0.0,0.0,0.0,0.0,0.0,0.0,0.0,0.0,0.0,0.0,0.0
238,11,0.0,0.29718192,0.0,0.0,0.0,0.0,0.0,0.0,0.0,0.0,0.0,0.0,0.0,0.0,0.0
238,12,0.0,0.27277344,0.0,0.0,0.0,0.0,0.0,0.0,0.0,0.0,0.0,0.0,0.0,0.0,0.0
238,13,0.0,0.26074272,0.0,0.0,0.0,0.0,0.0,0.0,0.0,0.0,0.0,0.0,0.0,0.0,0.0
238,14,0.0,0.23471472,0.0,0.0,0.0,0.0,0.0,0.0,0.0,0.0,0.0,0.0,0.0,0.0,0.0
238,15,0.0,0.2230310399999999,0.0,0.0,0.0,0.0,0.0,0.0,0.0,0.0,0.0,0.0,0.0,0.0,0.0
238,16,0.0,0.2261544,0.0,0.0,0.0,0.0,0.0,0.0,0.0,0.0,0.0,0.0,0.0,0.0,0.0
238,17,0.0,0.22650144,0.0,0.0,0.0,0.0,0.0,0.0,0.0,0.0,0.0,0.0,0.0,0.0,0.0
238,18,102.80664085028243,0.21620592,106.6458929982183,26.587452468142374,0.0,2.0,0.0,0.0,0.0,0.0,102.80664085028243,0.0,0.0,0.0,0.0
238,19,76.98497062227831,0.20741424,79.85992803140904,19.207449896929038,0.0,3.0,0.0,0.0,0.0,0.0,76.9849706222783,0.0,0.0,0.0,0.0
238,20,102.49430950809193,0.18300576,106.32189782997091,22.97677453518821,0.0,6.0,0.0,0.0,0.0,0.0,102.49430950809192,0.0,0.0,0.0,0.0
238,21,108.61918083700478,0.167736,112.67549879357342,22.629296475706113,0.0,7.0,0.0,0.0,0.0,0.0,108.61918083700478,0.0,0.0,0.0,0.0
238,22,189.5975602118108,0.1237776,196.6779670247,30.854367439714075,0.0,7.0,0.0,0.0,0.0,0.0,189.59756021181056,0.0,0.0,0.0,0.0
238,23,112.66233113294129,0.1622990399999999,116.86963810471089,22.83621509080791,0.0,9.0,0.0,0.0,0.0,0.0,112.66233113294129,0.0,0.0,0.0,0.0
239,0,288.16453197130426,0.14737632,298.925863040772,53.94903971442255,0.0,12.0,0.0,0.0,0.0,0.0,288.16453197130426,0.0,0.0,0.0,0.0
239,1,164.3875162588123,0.13638672,170.52646914814557,28.901971929100377,0.0,7.0,0.0,0.0,0.0,0.0,164.3875162588123,0.0,0.0,0.0,0.0
239,2,227.52841621149543,0.11949744,236.02532802022347,36.01686083104637,0.0,7.0,0.0,0.0,0.0,0.0,227.52841621149489,0.0,0.0,0.0,0.0
239,3,120.86731343804837,0.1191504,125.38103053739458,19.08931205173054,0.0,10.0,0.0,0.0,0.0,0.0,120.86731343804789,0.0,0.0,0.0,0.0
239,4,237.11426624198072,0.09323808,245.96915585267712,31.075270889647985,0.0,12.0,0.0,0.0,0.0,0.0,237.11426624198072,0.0,0.0,0.0,0.0
239,5,250.88806371682819,0.07496064,260.2573275070832,28.12357337510501,0.0,10.0,0.0,0.0,0.0,0.0,250.88806371682819,0.0,0.0,0.0,0.0
239,6,292.30963247179864,0.12007584,303.2257598255173,46.446860470911865,0.0,8.0,0.0,0.0,0.0,0.0,292.30963247179864,0.0,0.0,0.0,0.0
239,7,147.54004982325125,0.15003696,153.04984421499094,28.029083198007022,0.0,6.0,0.0,0.0,0.0,0.0,147.54004982325125,0.0,0.0,0.0,0.0
239,8,235.6903280782645,0.1619519999999999,244.49204157496317,47.68866169327969,0.0,9.0,0.0,0.0,0.0,0.0,235.6903280782645,0.0,0.0,0.0,0.0
239,9,77.4531761888773,0.16762032,80.34561845319222,16.126998246522646,0.0,7.0,0.0,0.0,0.0,0.0,77.4531761888773,0.0,0.0,0.0,0.0
239,10,115.76251667466883,0.1683144,120.08559821023738,24.186968712156037,0.0,3.0,0.0,0.0,0.0,0.0,115.76251667466883,0.0,0.0,0.0,0.0
239,11,0.0,0.14274912,0.0,0.0,0.0,0.0,0.0,0.0,0.0,0.0,0.0,0.0,0.0,0.0,0.0
239,12,0.0,0.1660008,0.0,0.0,0.0,0.0,0.0,0.0,0.0,0.0,0.0,0.0,0.0,0.0,0.0
239,13,0.0,0.1688927999999999,0.0,0.0,0.0,0.0,0.0,0.0,0.0,0.0,0.0,0.0,0.0,0.0,0.0
239,14,0.0,0.17259456,0.0,0.0,0.0,0.0,0.0,0.0,0.0,0.0,0.0,0.0,0.0,0.0,0.0
239,15,0.0,0.19931664,0.0,0.0,0.0,0.0,0.0,0.0,0.0,0.0,0.0,0.0,0.0,0.0,0.0
239,16,0.0,1.1924294400000002,0.0,0.0,0.0,0.0,0.0,0.0,0.0,0.0,0.0,0.0,0.0,0.0,0.0
239,17,0.0,1.35415008,0.0,0.0,0.0,0.0,0.0,0.0,0.0,0.0,0.0,0.0,0.0,0.0,0.0
239,18,0.0,1.45791504,0.0,0.0,0.0,0.0,0.0,0.0,0.0,0.0,0.0,0.0,0.0,0.0,0.0
239,19,0.0,1.41210576,0.0,0.0,0.0,0.0,0.0,0.0,0.0,0.0,0.0,0.0,0.0,0.0,0.0
239,20,0.0,1.4354731200000002,0.0,0.0,0.0,2.0,0.0,0.0,0.0,0.0,0.0,0.0,0.0,0.0,0.0
239,21,164.04961538277183,0.27103824,170.17594956719074,51.757013791694135,0.0,19.0,0.0,0.0,0.0,0.0,164.04961538277158,0.0,0.0,0.0,0.0
239,22,307.5854605788749,0.25252944,319.07205454240125,91.13637225859556,0.0,21.0,0.0,0.0,0.0,0.0,307.58546057887423,0.0,0.0,0.0,0.0
239,23,81.67880514049301,0.28237488,84.72905097561517,26.729887189046078,0.0,18.0,0.0,0.0,0.0,0.0,81.67880514049301,0.0,0.0,0.0,0.0
240,0,294.49274275905555,0.2763595199999999,305.4903970529623,94.5369116366191,0.0,20.0,0.0,0.0,0.0,0.0,294.4927427590555,0.0,0.0,0.0,0.0
240,1,217.64173364576385,0.28503552,225.76943324249365,71.82527604470602,0.0,16.0,0.0,0.0,0.0,0.0,217.64173364576374,0.0,0.0,0.0,0.0
240,2,175.63323456001035,0.29637216,182.19215203320576,60.02724186542869,0.0,12.0,0.0,0.0,0.0,0.0,175.63323456001035,0.0,0.0,0.0,0.0
240,3,88.71781874944412,0.3405619199999999,92.0309323127014,34.388454867354035,0.0,11.0,0.0,0.0,0.0,0.0,88.71781874944412,0.0,0.0,0.0,0.0
240,4,0.0,1.05396048,0.0,0.0,0.0,0.0,0.0,0.0,0.0,0.0,0.0,0.0,0.0,0.0,0.0
240,5,0.0,1.28613024,0.0,0.0,0.0,0.0,0.0,0.0,0.0,0.0,0.0,0.0,0.0,0.0,0.0
240,6,0.0,1.6254196799999996,0.0,0.0,0.0,0.0,0.0,0.0,0.0,0.0,0.0,0.0,0.0,0.0,0.0
240,7,0.0,1.68499488,0.0,0.0,0.0,0.0,0.0,0.0,0.0,0.0,0.0,0.0,0.0,0.0,0.0
240,8,0.0,1.4407944,0.0,0.0,0.0,0.0,0.0,0.0,0.0,0.0,0.0,0.0,0.0,0.0,0.0
240,9,0.0,1.34859744,0.0,0.0,0.0,0.0,0.0,0.0,0.0,0.0,0.0,0.0,0.0,0.0,0.0
240,10,0.0,1.32870048,0.0,0.0,0.0,0.0,0.0,0.0,0.0,0.0,0.0,0.0,0.0,0.0,0.0
240,11,0.0,1.21544976,0.0,0.0,0.0,0.0,0.0,0.0,0.0,0.0,0.0,0.0,0.0,0.0,0.0
240,12,0.0,1.159692,0.0,0.0,0.0,0.0,0.0,0.0,0.0,0.0,0.0,0.0,0.0,0.0,0.0
240,13,0.0,1.13574624,0.0,0.0,0.0,0.0,0.0,0.0,0.0,0.0,0.0,0.0,0.0,0.0,0.0
240,14,0.0,1.32754368,0.0,0.0,0.0,0.0,0.0,0.0,0.0,0.0,0.0,0.0,0.0,0.0,0.0
240,15,0.0,1.34732496,0.0,0.0,0.0,0.0,0.0,0.0,0.0,0.0,0.0,0.0,0.0,0.0,0.0
240,16,0.0,1.73589408,0.0,0.0,0.0,0.0,0.0,0.0,0.0,0.0,0.0,0.0,0.0,0.0,0.0
240,17,0.0,1.8838488,0.0,0.0,0.0,0.0,0.0,0.0,0.0,0.0,0.0,0.0,0.0,0.0,0.0
240,18,0.0,2.02393728,0.0,0.0,0.0,0.0,0.0,0.0,0.0,0.0,0.0,0.0,0.0,0.0,0.0
240,19,0.0,1.92873264,0.0,0.0,0.0,0.0,0.0,0.0,0.0,0.0,0.0,0.0,0.0,0.0,0.0
240,20,0.0,1.6077206399999997,0.0,0.0,0.0,1.0,0.0,0.0,0.0,0.0,0.0,0.0,0.0,0.0,0.0
240,21,75.63306345372303,0.46202592,78.45753470303218,38.84635905077074,0.0,4.0,0.0,0.0,0.0,0.0,75.63306345372303,0.0,0.0,0.0,0.0
240,22,178.86294911901132,0.3186984,185.54247833922338,65.27354701177343,0.0,8.0,0.0,0.0,0.0,0.0,178.86294911901132,0.0,0.0,0.0,0.0
240,23,249.8245668349847,0.1868232,259.1541149740506,56.99400225826111,0.0,9.0,0.0,0.0,0.0,0.0,249.8245668349847,0.0,0.0,0.0,0.0
241,0,410.4594398780906,0.17456112,425.7878007034136,88.41957157640763,0.0,14.0,0.0,0.0,0.0,0.0,410.4594398780906,0.0,0.0,0.0,0.0
241,1,390.84421628561023,0.16727328,405.4400583875625,81.2393543425074,0.0,13.0,0.0,0.0,0.0,0.0,390.84421628561023,0.0,0.0,0.0,0.0
241,2,316.20488824084697,0.16808304,328.0133695444471,65.99072684559528,0.0,13.0,0.0,0.0,0.0,0.0,316.20488824084697,0.0,0.0,0.0,0.0
241,3,318.2169501561307,0.17618064,330.1005707013804,69.08365870075012,0.0,15.0,0.0,0.0,0.0,0.0,318.2169501561307,0.0,0.0,0.0,0.0
241,4,335.2761259165586,0.27427728,347.79681111676217,106.90483779374412,0.0,12.0,0.0,0.0,0.0,0.0,335.2761259165587,0.0,0.0,0.0,0.0
241,5,191.05469113311975,0.3285312,198.18951362356822,71.67151163910734,0.0,11.0,0.0,0.0,0.0,0.0,191.05469113311975,0.0,0.0,0.0,0.0
241,6,209.5632424414127,0.38729664,217.38925564461897,91.38971264509887,0.0,11.0,0.0,0.0,0.0,0.0,209.5632424414127,0.0,0.0,0.0,0.0
241,7,0.0,1.10393424,0.0,0.0,0.0,1.0,0.0,0.0,0.0,0.0,0.0,0.0,0.0,0.0,0.0
241,8,37.175848373965145,0.92544,38.5641580642792,36.965288070934186,0.0,9.0,0.0,0.0,0.0,0.0,37.175848373965145,0.0,0.0,0.0,0.0
241,9,168.79947800061842,0.7759814399999999,175.10319294669964,141.6727434979136,0.0,8.0,0.0,0.0,0.0,0.0,168.79947800061848,0.0,0.0,0.0,0.0
241,10,28.549905400936332,0.5253028799999999,29.616084440805327,16.537706846068883,0.0,1.0,0.0,0.0,0.0,0.0,28.549905400936332,0.0,0.0,0.0,0.0
241,11,0.0,0.56139504,0.0,0.0,0.0,0.0,0.0,0.0,0.0,0.0,0.0,0.0,0.0,0.0,0.0
241,12,0.0,0.5334004800000001,0.0,0.0,0.0,0.0,0.0,0.0,0.0,0.0,0.0,0.0,0.0,0.0,0.0
241,13,0.0,0.5633616,0.0,0.0,0.0,0.0,0.0,0.0,0.0,0.0,0.0,0.0,0.0,0.0,0.0
241,14,0.0,0.70645776,0.0,0.0,0.0,0.0,0.0,0.0,0.0,0.0,0.0,0.0,0.0,0.0,0.0
241,15,0.0,0.980388,0.0,0.0,0.0,0.0,0.0,0.0,0.0,0.0,0.0,0.0,0.0,0.0,0.0
241,16,0.0,1.5990446399999998,0.0,0.0,0.0,0.0,0.0,0.0,0.0,0.0,0.0,0.0,0.0,0.0,0.0
241,17,0.0,1.8028728,0.0,0.0,0.0,0.0,0.0,0.0,0.0,0.0,0.0,0.0,0.0,0.0,0.0
241,18,0.0,1.96656,0.0,0.0,0.0,0.0,0.0,0.0,0.0,0.0,0.0,0.0,0.0,0.0,0.0
241,19,0.0,1.8346848,0.0,0.0,0.0,0.0,0.0,0.0,0.0,0.0,0.0,0.0,0.0,0.0,0.0
241,20,0.0,1.2950376,0.0,0.0,0.0,0.0,0.0,0.0,0.0,0.0,0.0,0.0,0.0,0.0,0.0
241,21,404.5711868585,0.3366288,419.6796544175311,155.1676550122085,0.0,13.0,0.0,0.0,0.0,0.0,404.5711868584998,0.0,0.0,0.0,0.0
241,22,537.5874486934482,0.31222032,557.6633285201746,192.57247905685182,0.0,17.0,0.0,0.0,0.0,0.0,537.587448693448,0.0,0.0,0.0,0.0
241,23,272.2370202252797,0.5318966399999999,282.403547951535,159.55705571669614,0.0,14.0,0.0,0.0,0.0,0.0,272.23702022527954,0.0,0.0,0.0,0.0
242,0,396.80249994807843,0.381744,411.6208505685463,170.75844013325798,0.0,16.0,0.0,0.0,0.0,0.0,396.80249994807843,0.0,0.0,0.0,0.0
242,1,309.2939039432266,0.39493152,320.8442986962932,137.3314728543084,0.0,17.0,0.0,0.0,0.0,0.0,309.293903943226,0.0,0.0,0.0,0.0
242,2,190.58892155295914,0.43993104,197.7063501586713,93.52124043016046,0.0,13.0,0.0,0.0,0.0,0.0,190.58892155295914,0.0,0.0,0.0,0.0
242,3,223.77680122501042,0.6940799999999999,232.13361122926392,168.80291941369615,0.0,11.0,0.0,0.0,0.0,0.0,223.77680122501042,0.0,0.0,0.0,0.0
242,4,179.84652354411645,1.10289312,186.5627837594569,211.93403879879077,0.0,10.0,0.0,0.0,0.0,0.0,179.84652354411645,0.0,0.0,0.0,0.0
242,5,0.0,1.47098688,0.0,0.0,0.0,0.0,0.0,0.0,0.0,0.0,0.0,0.0,0.0,0.0,0.0
242,6,0.0,1.66729584,0.0,0.0,0.0,0.0,0.0,0.0,0.0,0.0,0.0,0.0,0.0,0.0,0.0
242,7,0.0,1.6184788799999998,0.0,0.0,0.0,0.0,0.0,0.0,0.0,0.0,0.0,0.0,0.0,0.0,0.0
242,8,0.0,1.4425296,0.0,0.0,0.0,0.0,0.0,0.0,0.0,0.0,0.0,0.0,0.0,0.0,0.0
242,9,0.0,1.27583472,0.0,0.0,0.0,0.0,0.0,0.0,0.0,0.0,0.0,0.0,0.0,0.0,0.0
242,10,0.0,1.1487024,0.0,0.0,0.0,0.0,0.0,0.0,0.0,0.0,0.0,0.0,0.0,0.0,0.0
242,11,0.0,1.1306563199999995,0.0,0.0,0.0,0.0,0.0,0.0,0.0,0.0,0.0,0.0,0.0,0.0,0.0
242,12,0.0,1.10566944,0.0,0.0,0.0,0.0,0.0,0.0,0.0,0.0,0.0,0.0,0.0,0.0,0.0
242,13,0.0,1.0885488,0.0,0.0,0.0,0.0,0.0,0.0,0.0,0.0,0.0,0.0,0.0,0.0,0.0
242,14,0.0,1.1180472,0.0,0.0,0.0,0.0,0.0,0.0,0.0,0.0,0.0,0.0,0.0,0.0,0.0
242,15,0.0,1.10752032,0.0,0.0,0.0,0.0,0.0,0.0,0.0,0.0,0.0,0.0,0.0,0.0,0.0
242,16,0.0,1.33413744,0.0,0.0,0.0,0.0,0.0,0.0,0.0,0.0,0.0,0.0,0.0,0.0,0.0
242,17,0.0,1.6185945599999998,0.0,0.0,0.0,0.0,0.0,0.0,0.0,0.0,0.0,0.0,0.0,0.0,0.0
242,18,0.0,1.95510768,0.0,0.0,0.0,0.0,0.0,0.0,0.0,0.0,0.0,0.0,0.0,0.0,0.0
242,19,0.0,1.94446512,0.0,0.0,0.0,0.0,0.0,0.0,0.0,0.0,0.0,0.0,0.0,0.0,0.0
242,20,0.0,1.5547392,0.0,0.0,0.0,1.0,0.0,0.0,0.0,0.0,0.0,0.0,0.0,0.0,0.0
242,21,0.0,1.34906016,0.0,0.0,0.0,2.0,0.0,0.0,0.0,0.0,0.0,0.0,0.0,0.0,0.0
242,22,276.0809989367897,1.0529193600000002,286.39107773525905,311.02625495175624,0.0,9.0,0.0,0.0,0.0,0.0,276.0809989367897,0.0,0.0,0.0,0.0
242,23,362.6516773120985,1.04875488,376.194686008401,406.98805688825627,0.0,13.0,0.0,0.0,0.0,0.0,362.65167731209846,0.0,0.0,0.0,0.0
243,0,328.95603668846735,0.56648496,341.24070195899105,204.6027926344536,0.0,12.0,0.0,0.0,0.0,0.0,328.95603668846735,0.0,0.0,0.0,0.0
243,1,402.205371581345,0.41540688,417.22548919226665,187.12850241409726,0.0,12.0,0.0,0.0,0.0,0.0,402.205371581345,0.0,0.0,0.0,0.0
243,2,374.41133812965813,0.39712944,388.3935042838778,167.09831984769033,0.0,12.0,0.0,0.0,0.0,0.0,374.41133812965813,0.0,0.0,0.0,0.0
243,3,199.3700699738389,0.40927584,206.8154252840653,91.49014748499563,0.0,10.0,0.0,0.0,0.0,0.0,199.37006997383824,0.0,0.0,0.0,0.0
243,4,445.1968733053426,1.0323283199999995,461.8224826818908,492.0387518619957,0.0,14.0,0.0,0.0,0.0,0.0,445.19687330534236,0.0,0.0,0.0,0.0
243,5,0.0,1.21938288,0.0,0.0,0.0,1.0,0.0,0.0,0.0,0.0,0.0,0.0,0.0,0.0,0.0
243,6,23.289972417088556,1.6369876799999994,24.159722424365725,40.348854773152915,0.0,2.0,0.0,0.0,0.0,0.0,23.28997241708856,0.0,0.0,0.0,0.0
243,7,0.0,1.47746496,0.0,0.0,0.0,1.0,0.0,0.0,0.0,0.0,0.0,0.0,0.0,0.0,0.0
243,8,0.0,1.3202558399999995,0.0,0.0,0.0,1.0,0.0,0.0,0.0,0.0,0.0,0.0,0.0,0.0,0.0
243,9,82.73172362285106,1.12059216,85.82129006519821,99.01134950930505,0.0,3.0,0.0,0.0,0.0,0.0,82.73172362285106,0.0,0.0,0.0,0.0
243,10,89.64058771313819,1.064256,92.98816152815166,102.04111698188639,0.0,2.0,0.0,0.0,0.0,0.0,89.64058771313819,0.0,0.0,0.0,0.0
243,11,0.0,1.0418140800000002,0.0,0.0,0.0,0.0,0.0,0.0,0.0,0.0,0.0,0.0,0.0,0.0,0.0
243,12,0.0,1.01844672,0.0,0.0,0.0,0.0,0.0,0.0,0.0,0.0,0.0,0.0,0.0,0.0,0.0
243,13,0.0,0.99785568,0.0,0.0,0.0,0.0,0.0,0.0,0.0,0.0,0.0,0.0,0.0,0.0,0.0
243,14,0.0,1.0065316800000002,0.0,0.0,0.0,0.0,0.0,0.0,0.0,0.0,0.0,0.0,0.0,0.0,0.0
243,15,0.0,1.02966768,0.0,0.0,0.0,0.0,0.0,0.0,0.0,0.0,0.0,0.0,0.0,0.0,0.0
243,16,0.0,1.15356096,0.0,0.0,0.0,0.0,0.0,0.0,0.0,0.0,0.0,0.0,0.0,0.0,0.0
243,17,0.0,1.3771704,0.0,0.0,0.0,0.0,0.0,0.0,0.0,0.0,0.0,0.0,0.0,0.0,0.0
243,18,0.0,1.7184264,0.0,0.0,0.0,0.0,0.0,0.0,0.0,0.0,0.0,0.0,0.0,0.0,0.0
243,19,0.0,1.6096872,0.0,0.0,0.0,0.0,0.0,0.0,0.0,0.0,0.0,0.0,0.0,0.0,0.0
243,20,0.0,1.4517840000000002,0.0,0.0,0.0,0.0,0.0,0.0,0.0,0.0,0.0,0.0,0.0,0.0,0.0
243,21,0.0,1.20295632,0.0,0.0,0.0,0.0,0.0,0.0,0.0,0.0,0.0,0.0,0.0,0.0,0.0
243,22,302.9295934452628,1.08808608,314.2423168519324,352.3241114013361,0.0,9.0,0.0,0.0,0.0,0.0,302.9295934452628,0.0,0.0,0.0,0.0
243,23,401.13845347638704,0.23355792,416.1187276726007,110.96135439422214,0.0,11.0,0.0,0.0,0.0,0.0,401.138453476386,0.0,0.0,0.0,0.0
244,0,317.88046706754983,0.22881504,329.75152185430477,86.36688303653112,0.0,10.0,0.0,0.0,0.0,0.0,317.8804670675497,0.0,0.0,0.0,0.0
244,1,414.74978781418383,0.21944496,430.2383691018505,108.65453171529205,0.0,13.0,0.0,0.0,0.0,0.0,414.7497878141837,0.0,0.0,0.0,0.0
244,2,499.6140029589256,0.21840384,518.2717873017901,130.34734467006342,0.0,12.0,0.0,0.0,0.0,0.0,499.6140029589255,0.0,0.0,0.0,0.0
244,3,526.8322867388085,0.21956064,546.5065215132869,138.08068748972082,0.0,16.0,0.0,0.0,0.0,0.0,526.8322867388085,0.0,0.0,0.0,0.0
244,4,272.8128803229836,0.23008752,283.00091319811577,74.48230850234738,0.0,10.0,0.0,0.0,0.0,0.0,272.8128803229827,0.0,0.0,0.0,0.0
244,5,267.2614157820793,0.24848064,277.2421325540242,78.06601711952696,0.0,9.0,0.0,0.0,0.0,0.0,267.2614157820793,0.0,0.0,0.0,0.0
244,6,170.9665807205009,0.8482814399999999,177.35122481379761,156.31407791214866,0.0,6.0,0.0,0.0,0.0,0.0,170.96658072050073,0.0,0.0,0.0,0.0
244,7,0.0,1.46126976,0.0,0.0,0.0,0.0,0.0,0.0,0.0,0.0,0.0,0.0,0.0,0.0,0.0
244,8,0.0,1.25663184,0.0,0.0,0.0,0.0,0.0,0.0,0.0,0.0,0.0,0.0,0.0,0.0,0.0
244,9,0.0,1.1541393599999998,0.0,0.0,0.0,0.0,0.0,0.0,0.0,0.0,0.0,0.0,0.0,0.0,0.0
244,10,40.23592139569583,1.0897056,41.738507671883646,46.86423014963392,0.0,1.0,0.0,0.0,0.0,0.0,40.23592139569583,0.0,0.0,0.0,0.0
244,11,0.0,1.03903776,0.0,0.0,0.0,0.0,0.0,0.0,0.0,0.0,0.0,0.0,0.0,0.0,0.0
244,12,0.0,0.3256392,0.0,0.0,0.0,0.0,0.0,0.0,0.0,0.0,0.0,0.0,0.0,0.0,0.0
244,13,0.0,0.3052795199999999,0.0,0.0,0.0,0.0,0.0,0.0,0.0,0.0,0.0,0.0,0.0,0.0,0.0
244,14,0.0,0.3464616,0.0,0.0,0.0,0.0,0.0,0.0,0.0,0.0,0.0,0.0,0.0,0.0,0.0
244,15,0.0,0.35039472,0.0,0.0,0.0,0.0,0.0,0.0,0.0,0.0,0.0,0.0,0.0,0.0,0.0
244,16,0.0,0.36878784,0.0,0.0,0.0,0.0,0.0,0.0,0.0,0.0,0.0,0.0,0.0,0.0,0.0
244,17,0.0,0.3695976,0.0,0.0,0.0,0.0,0.0,0.0,0.0,0.0,0.0,0.0,0.0,0.0,0.0
244,18,0.0,0.34842816,0.0,0.0,0.0,0.0,0.0,0.0,0.0,0.0,0.0,0.0,0.0,0.0,0.0
244,19,0.0,0.30898128,0.0,0.0,0.0,2.0,0.0,0.0,0.0,0.0,0.0,0.0,0.0,0.0,0.0
244,20,0.0,0.27578112,0.0,0.0,0.0,2.0,0.0,0.0,0.0,0.0,0.0,0.0,0.0,0.0,0.0
244,21,0.0,0.25414896,0.0,0.0,0.0,2.0,0.0,0.0,0.0,0.0,0.0,0.0,0.0,0.0,0.0
244,22,133.93754624913487,0.23286384,138.93936332897812,36.9528465981302,0.0,6.0,0.0,0.0,0.0,0.0,133.93754624913487,0.0,0.0,0.0,0.0
244,23,239.6419913518504,0.21851952,248.59127733594443,62.550417879457214,0.0,9.0,0.0,0.0,0.0,0.0,239.64199135185018,0.0,0.0,0.0,0.0
245,0,373.34290718930754,0.20868672,387.28517343289167,93.64041178897001,0.0,11.0,0.0,0.0,0.0,0.0,373.34290718930754,0.0,0.0,0.0,0.0
245,1,290.34550310953097,0.20047344,301.1882812339533,70.34958293550191,0.0,10.0,0.0,0.0,0.0,0.0,290.34550310953085,0.0,0.0,0.0,0.0
245,2,519.2751413184674,0.19330128,538.6671590440535,121.95493430153726,0.0,14.0,0.0,0.0,0.0,0.0,519.2751413184674,0.0,0.0,0.0,0.0
245,3,263.5987745974742,0.19758144,273.4427122380438,63.07815861657756,0.0,12.0,0.0,0.0,0.0,0.0,263.5987745974742,0.0,0.0,0.0,0.0
245,4,390.06893356522596,0.19110336,404.63582320044196,90.72071113790503,0.0,12.0,0.0,0.0,0.0,0.0,390.0689335652255,0.0,0.0,0.0,0.0
245,5,406.3106317333777,0.21296688,421.48405781470717,103.71326707620462,0.0,13.0,0.0,0.0,0.0,0.0,406.3106317333777,0.0,0.0,0.0,0.0
245,6,100.07134592409027,0.2238408,103.80845012872436,26.672626222834538,0.0,7.0,0.0,0.0,0.0,0.0,100.07134592409027,0.0,0.0,0.0,0.0
245,7,145.52454563866422,0.22684848,150.95907223927827,39.24158137081058,0.0,9.0,0.0,0.0,0.0,0.0,145.52454563866425,0.0,0.0,0.0,0.0
245,8,53.2970467297236,0.23355792,55.28739287315726,14.74282118577894,0.0,5.0,0.0,0.0,0.0,0.0,53.2970467297236,0.0,0.0,0.0,0.0
245,9,0.0,0.2359872,0.0,0.0,0.0,0.0,0.0,0.0,0.0,0.0,0.0,0.0,0.0,0.0,0.0
245,10,0.0,0.2348304,0.0,0.0,0.0,1.0,0.0,0.0,0.0,0.0,0.0,0.0,0.0,0.0,0.0
245,11,0.0,0.22823664,0.0,0.0,0.0,0.0,0.0,0.0,0.0,0.0,0.0,0.0,0.0,0.0,0.0
245,12,0.0,0.22546032,0.0,0.0,0.0,0.0,0.0,0.0,0.0,0.0,0.0,0.0,0.0,0.0,0.0
245,13,0.0,0.2253446399999999,0.0,0.0,0.0,0.0,0.0,0.0,0.0,0.0,0.0,0.0,0.0,0.0,0.0
245,14,0.0,0.23702832,0.0,0.0,0.0,0.0,0.0,0.0,0.0,0.0,0.0,0.0,0.0,0.0,0.0
245,15,0.0,0.25079424,0.0,0.0,0.0,0.0,0.0,0.0,0.0,0.0,0.0,0.0,0.0,0.0,0.0
245,16,0.0,0.27022848,0.0,0.0,0.0,0.0,0.0,0.0,0.0,0.0,0.0,0.0,0.0,0.0,0.0
245,17,0.0,0.28318464,0.0,0.0,0.0,0.0,0.0,0.0,0.0,0.0,0.0,0.0,0.0,0.0,0.0
245,18,0.0,0.28896864,0.0,0.0,0.0,0.0,0.0,0.0,0.0,0.0,0.0,0.0,0.0,0.0,0.0
245,19,0.0,0.28815888,0.0,0.0,0.0,0.0,0.0,0.0,0.0,0.0,0.0,0.0,0.0,0.0,0.0
245,20,0.0,0.27207936,0.0,0.0,0.0,0.0,0.0,0.0,0.0,0.0,0.0,0.0,0.0,0.0,0.0
245,21,0.0,0.24917472,0.0,0.0,0.0,0.0,0.0,0.0,0.0,0.0,0.0,0.0,0.0,0.0,0.0
245,22,0.0,0.24188688,0.0,0.0,0.0,0.0,0.0,0.0,0.0,0.0,0.0,0.0,0.0,0.0,0.0
245,23,55.71268071531234,0.2290464,57.79323725654807,15.150289091149954,0.0,2.0,0.0,0.0,0.0,0.0,55.71268071531225,0.0,0.0,0.0,0.0
246,0,91.97177464229887,0.22418784,95.40640523060048,24.5469079239459,0.0,4.0,0.0,0.0,0.0,0.0,91.97177464229878,0.0,0.0,0.0,0.0
246,1,107.97894077071028,0.2221056,112.01134934720983,28.585923616964294,0.0,7.0,0.0,0.0,0.0,0.0,107.97894077071015,0.0,0.0,0.0,0.0
246,2,45.276781283191404,0.222684,46.96761543899524,12.013564547447958,0.0,4.0,0.0,0.0,0.0,0.0,45.27678128319134,0.0,0.0,0.0,0.0
246,3,113.26173816996462,0.22650144,117.49142963689278,30.50094432139604,0.0,3.0,0.0,0.0,0.0,0.0,113.26173816996453,0.0,0.0,0.0,0.0
246,4,59.834350013168674,0.2281209599999999,62.068827814490334,16.21367878777586,0.0,4.0,0.0,0.0,0.0,0.0,59.834350013168574,0.0,0.0,0.0,0.0
246,5,167.2368855703483,0.22765824,173.48224644227002,45.236925253532604,0.0,7.0,0.0,0.0,0.0,0.0,167.2368855703483,0.0,0.0,0.0,0.0
246,6,0.0,0.24038304,0.0,0.0,0.0,1.0,0.0,0.0,0.0,0.0,0.0,0.0,0.0,0.0,0.0
246,7,0.0,0.25785072,0.0,0.0,0.0,0.0,0.0,0.0,0.0,0.0,0.0,0.0,0.0,0.0,0.0
246,8,0.0,0.26930304,0.0,0.0,0.0,0.0,0.0,0.0,0.0,0.0,0.0,0.0,0.0,0.0,0.0
246,9,0.0,0.27786336,0.0,0.0,0.0,0.0,0.0,0.0,0.0,0.0,0.0,0.0,0.0,0.0,0.0
246,10,0.0,0.2799456,0.0,0.0,0.0,0.0,0.0,0.0,0.0,0.0,0.0,0.0,0.0,0.0,0.0
246,11,0.0,0.24396912,0.0,0.0,0.0,0.0,0.0,0.0,0.0,0.0,0.0,0.0,0.0,0.0,0.0
246,12,0.0,0.1343044799999999,0.0,0.0,0.0,0.0,0.0,0.0,0.0,0.0,0.0,0.0,0.0,0.0,0.0
246,13,0.0,0.0571459199999999,0.0,0.0,0.0,0.0,0.0,0.0,0.0,0.0,0.0,0.0,0.0,0.0,0.0
246,14,0.0,0.18173328,0.0,0.0,0.0,0.0,0.0,0.0,0.0,0.0,0.0,0.0,0.0,0.0,0.0
246,15,0.0,0.28873728,0.0,0.0,0.0,0.0,0.0,0.0,0.0,0.0,0.0,0.0,0.0,0.0,0.0
246,16,0.0,0.2926704,0.0,0.0,0.0,0.0,0.0,0.0,0.0,0.0,0.0,0.0,0.0,0.0,0.0
246,17,0.0,0.2775163199999999,0.0,0.0,0.0,0.0,0.0,0.0,0.0,0.0,0.0,0.0,0.0,0.0,0.0
246,18,0.0,0.2643288,0.0,0.0,0.0,0.0,0.0,0.0,0.0,0.0,0.0,0.0,0.0,0.0,0.0
246,19,90.18364912579179,0.22696416,93.55150324252261,24.32939310750392,0.0,4.0,0.0,0.0,0.0,0.0,90.18364912579179,0.0,0.0,0.0,0.0
246,20,170.6646559517451,0.18462528,177.0380248462086,38.54565353028772,0.0,7.0,0.0,0.0,0.0,0.0,170.6646559517451,0.0,0.0,0.0,0.0
246,21,129.58552607704834,0.1119782399999999,134.42481958200037,19.502116237274134,0.0,5.0,0.0,0.0,0.0,0.0,129.58552607704834,0.0,0.0,0.0,0.0
246,22,298.06513035319574,0.01607952,309.1961933124437,15.206120372933196,0.0,9.0,0.0,0.0,0.0,0.0,298.0651303531957,0.0,0.0,0.0,0.0
246,23,260.94755603123417,-0.00219792,270.692485509579,8.36496084261585,0.0,8.0,0.0,0.0,0.0,0.0,260.94755603123394,0.0,0.0,0.0,0.0
247,0,306.12826186130474,-0.0139972799999999,317.5604376154614,6.066268122845657,0.0,10.0,0.0,0.0,0.0,0.0,306.12826186130474,0.0,0.0,0.0,0.0
247,1,205.77355516093886,-0.01920288,213.45804477275817,2.9664520631723925,0.0,8.0,0.0,0.0,0.0,0.0,205.77355516093877,0.0,0.0,0.0,0.0
247,2,486.98955237481937,-0.0208223999999999,505.1758842062441,6.2023474359306325,0.0,13.0,0.0,0.0,0.0,0.0,486.98955237481914,0.0,0.0,0.0,0.0
247,3,243.5661471927657,-0.01862448,252.66197841573202,3.6574135217964976,0.0,10.0,0.0,0.0,0.0,0.0,243.56614719276547,0.0,0.0,0.0,0.0
247,4,294.97807251382096,-0.00161952,305.99385115541594,9.63283331142105,0.0,9.0,0.0,0.0,0.0,0.0,294.9780725138203,0.0,0.0,0.0,0.0
247,5,355.10574567487015,0.03019248,368.3669560942636,23.314858201257056,0.0,8.0,0.0,0.0,0.0,0.0,355.1057456748698,0.0,0.0,0.0,0.0
247,6,32.096519585551476,0.14772336,33.29514479828992,6.020539954113305,0.0,6.0,0.0,0.0,0.0,0.0,32.096519585551476,0.0,0.0,0.0,0.0
247,7,0.0,0.23911056,0.0,0.0,0.0,0.0,0.0,0.0,0.0,0.0,0.0,0.0,0.0,0.0,0.0
247,8,0.0,0.30898128,0.0,0.0,0.0,0.0,0.0,0.0,0.0,0.0,0.0,0.0,0.0,0.0,0.0
247,9,0.0,1.0486392,0.0,0.0,0.0,0.0,0.0,0.0,0.0,0.0,0.0,0.0,0.0,0.0,0.0
247,10,0.0,0.552372,0.0,0.0,0.0,0.0,0.0,0.0,0.0,0.0,0.0,0.0,0.0,0.0,0.0
247,11,0.0,0.29891712,0.0,0.0,0.0,0.0,0.0,0.0,0.0,0.0,0.0,0.0,0.0,0.0,0.0
247,12,0.0,0.2244191999999999,0.0,0.0,0.0,0.0,0.0,0.0,0.0,0.0,0.0,0.0,0.0,0.0,0.0
247,13,0.0,0.20220864,0.0,0.0,0.0,0.0,0.0,0.0,0.0,0.0,0.0,0.0,0.0,0.0,0.0
247,14,0.0,0.16981824,0.0,0.0,0.0,0.0,0.0,0.0,0.0,0.0,0.0,0.0,0.0,0.0,0.0
247,15,0.0,0.14274912,0.0,0.0,0.0,0.0,0.0,0.0,0.0,0.0,0.0,0.0,0.0,0.0,0.0
247,16,0.0,0.0572616,0.0,0.0,0.0,0.0,0.0,0.0,0.0,0.0,0.0,0.0,0.0,0.0,0.0
247,17,0.0,0.02637504,0.0,0.0,0.0,0.0,0.0,0.0,0.0,0.0,0.0,0.0,0.0,0.0,0.0
247,18,83.78901929618796,0.0068251199999999,86.91806980932361,3.470214367305614,0.0,3.0,0.0,0.0,0.0,0.0,83.78901929618797,0.0,0.0,0.0,0.0
247,19,166.98975566653596,0.0,173.22588762088793,5.733776880251391,0.0,5.0,0.0,0.0,0.0,0.0,166.98975566653587,0.0,0.0,0.0,0.0
247,20,140.97920237490308,-0.00092544,146.24398586608203,4.705335897887409,0.0,6.0,0.0,0.0,0.0,0.0,140.97920237490308,0.0,0.0,0.0,0.0
247,21,141.93217805435233,-0.01781472,147.23254984891324,2.2504907495545963,0.0,9.0,0.0,0.0,0.0,0.0,141.93217805435216,0.0,0.0,0.0,0.0
247,22,372.4860937342233,-0.0242928,386.39636279483756,3.4030700464066923,0.0,14.0,0.0,0.0,0.0,0.0,372.48609373422323,0.0,0.0,0.0,0.0
247,23,349.915391435483,-0.0283415999999999,362.98277119863377,1.7272172184716144,0.0,11.0,0.0,0.0,0.0,0.0,349.915391435483,0.0,0.0,0.0,0.0
248,0,248.48624708533933,-0.02336736,257.7658164785678,2.5087418960919674,0.0,11.0,0.0,0.0,0.0,0.0,248.4862470853393,0.0,0.0,0.0,0.0
248,1,278.0001560324507,-0.0204753599999999,288.3819045979779,3.6407177280638434,0.0,10.0,0.0,0.0,0.0,0.0,278.0001560324503,0.0,0.0,0.0,0.0
248,2,273.2483930561422,-0.0075191999999999,283.4526898922638,7.250946569596048,0.0,10.0,0.0,0.0,0.0,0.0,273.2483930561421,0.0,0.0,0.0,0.0
248,3,206.74925125617187,0.00011568,214.4701776516306,7.123772790419713,0.0,8.0,0.0,0.0,0.0,0.0,206.74925125617176,0.0,0.0,0.0,0.0
248,4,204.6045417733602,0.04661904,212.2453752835687,16.919997562045822,0.0,10.0,0.0,0.0,0.0,0.0,204.6045417733602,0.0,0.0,0.0,0.0
248,5,65.4818181110445,0.1660008,67.92719721062707,13.52435930639362,0.0,5.0,0.0,0.0,0.0,0.0,65.4818181110445,0.0,0.0,0.0,0.0
248,6,133.21320894158225,0.22546032,138.18797608047953,35.72992731552114,0.0,6.0,0.0,0.0,0.0,0.0,133.21320894158225,0.0,0.0,0.0,0.0
248,7,0.0,0.24963744,0.0,0.0,0.0,0.0,0.0,0.0,0.0,0.0,0.0,0.0,0.0,0.0,0.0
248,8,0.0,0.2430436799999999,0.0,0.0,0.0,2.0,0.0,0.0,0.0,0.0,0.0,0.0,0.0,0.0,0.0
248,9,165.80089228556895,0.20891808,171.99262685224994,41.625325324937975,0.0,6.0,0.0,0.0,0.0,0.0,165.80089228556895,0.0,0.0,0.0,0.0
248,10,28.865641052455373,0.17190048,29.943611050264913,6.138454638237611,0.0,1.0,0.0,0.0,0.0,0.0,28.865641052455373,0.0,0.0,0.0,0.0
248,11,0.0,0.1619519999999999,0.0,0.0,0.0,0.0,0.0,0.0,0.0,0.0,0.0,0.0,0.0,0.0,0.0
248,12,0.0,0.10550016,0.0,0.0,0.0,0.0,0.0,0.0,0.0,0.0,0.0,0.0,0.0,0.0,0.0
248,13,0.0,0.14031984,0.0,0.0,0.0,0.0,0.0,0.0,0.0,0.0,0.0,0.0,0.0,0.0,0.0
248,14,0.0,0.14841744,0.0,0.0,0.0,0.0,0.0,0.0,0.0,0.0,0.0,0.0,0.0,0.0,0.0
248,15,0.0,0.15049968,0.0,0.0,0.0,0.0,0.0,0.0,0.0,0.0,0.0,0.0,0.0,0.0,0.0
248,16,0.0,0.27659088,0.0,0.0,0.0,0.0,0.0,0.0,0.0,0.0,0.0,0.0,0.0,0.0,0.0
248,17,0.0,0.21898224,0.0,0.0,0.0,0.0,0.0,0.0,0.0,0.0,0.0,0.0,0.0,0.0,0.0
248,18,107.45377314039936,0.0732254399999999,111.4665696477172,11.851732063084167,0.0,4.0,0.0,0.0,0.0,0.0,107.45377314039938,0.0,0.0,0.0,0.0
248,19,0.0,0.04141344,0.0,0.0,0.0,2.0,0.0,0.0,0.0,0.0,0.0,0.0,0.0,0.0,0.0
248,20,143.92043579760974,0.0202439999999999,149.29505788133793,7.963995567622074,0.0,5.0,0.0,0.0,0.0,0.0,143.92043579760974,0.0,0.0,0.0,0.0
248,21,234.97880102840287,0.0026606399999999,243.7539429755217,8.716797003328136,0.0,10.0,0.0,0.0,0.0,0.0,234.97880102840287,0.0,0.0,0.0,0.0
248,22,127.562442597645,-0.00185088,132.3261852672666,4.135076842559046,0.0,9.0,0.0,0.0,0.0,0.0,127.562442597645,0.0,0.0,0.0,0.0
248,23,443.4075548500774,-0.01295616,459.9663432054746,9.265488422916166,0.0,14.0,0.0,0.0,0.0,0.0,443.4075548500774,0.0,0.0,0.0,0.0
249,0,291.4872843452931,-0.01203072,302.37270160300125,6.370775114430081,0.0,9.0,0.0,0.0,0.0,0.0,291.4872843452931,0.0,0.0,0.0,0.0
249,1,176.74140716018684,-0.01168368,183.34170867239297,3.926504702274743,0.0,9.0,0.0,0.0,0.0,0.0,176.74140716018672,0.0,0.0,0.0,0.0
249,2,179.3896841121449,0.0,186.08888393376026,6.159542058207464,0.0,8.0,0.0,0.0,0.0,0.0,179.3896841121449,0.0,0.0,0.0,0.0
249,3,337.5731522172724,0.00856032,350.17961848264775,14.58859496346502,0.0,10.0,0.0,0.0,0.0,0.0,337.5731522172724,0.0,0.0,0.0,0.0
249,4,193.76261866409712,0.023136,200.99856707893898,11.30335541825121,0.0,7.0,0.0,0.0,0.0,0.0,193.76261866409712,0.0,0.0,0.0,0.0
249,5,170.83812623109077,0.1151016,177.21797326876637,26.263987187188402,0.0,9.0,0.0,0.0,0.0,0.0,170.83812623109077,0.0,0.0,0.0,0.0
249,6,139.45702905572426,0.17282592,144.66496790012891,29.790266606604515,0.0,6.0,0.0,0.0,0.0,0.0,139.45702905572426,0.0,0.0,0.0,0.0
249,7,160.3828240380986,0.22349376,166.3722241059114,42.69007454289846,0.0,7.0,0.0,0.0,0.0,0.0,160.3828240380986,0.0,0.0,0.0,0.0
249,8,114.21422827844063,0.22974048,118.47948991539486,31.141205999517545,0.0,6.0,0.0,0.0,0.0,0.0,114.21422827844064,0.0,0.0,0.0,0.0
249,9,157.4108493777536,0.2221056,163.28926283999337,41.67233429663821,0.0,8.0,0.0,0.0,0.0,0.0,157.41084937775292,0.0,0.0,0.0,0.0
249,10,48.50095149362739,0.21886656,50.31219034608651,12.676989527568628,0.0,2.0,0.0,0.0,0.0,0.0,48.50095149362685,0.0,0.0,0.0,0.0
249,11,0.0,0.2105376,0.0,0.0,0.0,0.0,0.0,0.0,0.0,0.0,0.0,0.0,0.0,0.0,0.0
249,12,0.0,0.21204144,0.0,0.0,0.0,0.0,0.0,0.0,0.0,0.0,0.0,0.0,0.0,0.0,0.0
249,13,0.0,0.2359872,0.0,0.0,0.0,0.0,0.0,0.0,0.0,0.0,0.0,0.0,0.0,0.0,0.0
249,14,0.0,0.401988,0.0,0.0,0.0,0.0,0.0,0.0,0.0,0.0,0.0,0.0,0.0,0.0,0.0
249,15,0.0,1.05777792,0.0,0.0,0.0,0.0,0.0,0.0,0.0,0.0,0.0,0.0,0.0,0.0,0.0
249,16,0.0,1.22470416,0.0,0.0,0.0,0.0,0.0,0.0,0.0,0.0,0.0,0.0,0.0,0.0,0.0
249,17,0.0,1.68696144,0.0,0.0,0.0,0.0,0.0,0.0,0.0,0.0,0.0,0.0,0.0,0.0,0.0
249,18,0.0,2.19248304,0.0,0.0,0.0,0.0,0.0,0.0,0.0,0.0,0.0,0.0,0.0,0.0,0.0
249,19,0.0,1.92075072,0.0,0.0,0.0,0.0,0.0,0.0,0.0,0.0,0.0,0.0,0.0,0.0,0.0
249,20,0.0,1.12811136,0.0,0.0,0.0,0.0,0.0,0.0,0.0,0.0,0.0,0.0,0.0,0.0,0.0
249,21,67.18003398916063,0.23818512,69.68883193896332,18.905543135221496,0.0,3.0,0.0,0.0,0.0,0.0,67.18003398916065,0.0,0.0,0.0,0.0
249,22,302.08254834977913,0.1989696,313.3636393669908,72.72217444244181,0.0,12.0,0.0,0.0,0.0,0.0,302.0825483497791,0.0,0.0,0.0,0.0
249,23,351.0594108938554,0.1641499199999999,364.16951337536875,71.83240737973037,0.0,14.0,0.0,0.0,0.0,0.0,351.0594108938554,0.0,0.0,0.0,0.0
250,0,340.47156830752016,0.1486488,353.1862741779255,64.19118150830894,0.0,13.0,0.0,0.0,0.0,0.0,340.47156830752016,0.0,0.0,0.0,0.0
250,1,328.96403869665073,0.14621952,341.24900279735556,61.19260738210046,0.0,15.0,0.0,0.0,0.0,0.0,328.96403869665073,0.0,0.0,0.0,0.0
250,2,421.249919976847,0.14552544,436.98124478926036,78.05596712222935,0.0,15.0,0.0,0.0,0.0,0.0,421.2499199768468,0.0,0.0,0.0,0.0
250,3,361.4218165724765,0.14714496,374.91889685941544,67.57724156766945,0.0,14.0,0.0,0.0,0.0,0.0,361.4218165724765,0.0,0.0,0.0,0.0
250,4,278.8722631192946,0.16530672,289.28657999926827,57.396401477672406,0.0,12.0,0.0,0.0,0.0,0.0,278.8722631192944,0.0,0.0,0.0,0.0
250,5,0.0,0.2649072,0.0,0.0,0.0,0.0,0.0,0.0,0.0,0.0,0.0,0.0,0.0,0.0,0.0
250,6,0.0,1.5038399999999998,0.0,0.0,0.0,0.0,0.0,0.0,0.0,0.0,0.0,0.0,0.0,0.0,0.0
250,7,0.0,1.457568,0.0,0.0,0.0,0.0,0.0,0.0,0.0,0.0,0.0,0.0,0.0,0.0,0.0
250,8,0.0,1.18780224,0.0,0.0,0.0,0.0,0.0,0.0,0.0,0.0,0.0,0.0,0.0,0.0,0.0
250,9,0.0,0.97784304,0.0,0.0,0.0,0.0,0.0,0.0,0.0,0.0,0.0,0.0,0.0,0.0,0.0
250,10,0.0,0.81681648,0.0,0.0,0.0,0.0,0.0,0.0,0.0,0.0,0.0,0.0,0.0,0.0,0.0
250,11,0.0,0.8022408,0.0,0.0,0.0,0.0,0.0,0.0,0.0,0.0,0.0,0.0,0.0,0.0,0.0
250,12,0.0,0.55387584,0.0,0.0,0.0,0.0,0.0,0.0,0.0,0.0,0.0,0.0,0.0,0.0,0.0
250,13,0.0,0.4430543999999999,0.0,0.0,0.0,0.0,0.0,0.0,0.0,0.0,0.0,0.0,0.0,0.0,0.0
250,14,0.0,0.3813969599999999,0.0,0.0,0.0,0.0,0.0,0.0,0.0,0.0,0.0,0.0,0.0,0.0,0.0
250,15,0.0,0.55572672,0.0,0.0,0.0,0.0,0.0,0.0,0.0,0.0,0.0,0.0,0.0,0.0,0.0
250,16,0.0,0.6321912,0.0,0.0,0.0,0.0,0.0,0.0,0.0,0.0,0.0,0.0,0.0,0.0,0.0
250,17,0.0,0.98582496,0.0,0.0,0.0,0.0,0.0,0.0,0.0,0.0,0.0,0.0,0.0,0.0,0.0
250,18,0.0,0.555264,0.0,0.0,0.0,0.0,0.0,0.0,0.0,0.0,0.0,0.0,0.0,0.0,0.0
250,19,0.0,0.32702736,0.0,0.0,0.0,0.0,0.0,0.0,0.0,0.0,0.0,0.0,0.0,0.0,0.0
250,20,0.0,0.2383008,0.0,0.0,0.0,2.0,0.0,0.0,0.0,0.0,0.0,0.0,0.0,0.0,0.0
250,21,433.673896675361,0.18080784,449.86918742257365,96.23054616411791,0.0,11.0,0.0,0.0,0.0,0.0,433.673896675361,0.0,0.0,0.0,0.0
250,22,542.4036929698748,0.14957424,562.6594325413638,102.7833842183249,0.0,15.0,0.0,0.0,0.0,0.0,542.4036929698748,0.0,0.0,0.0,0.0
250,23,0.0,0.25553712,0.0,0.0,0.0,1.0,0.0,0.0,0.0,0.0,0.0,0.0,0.0,0.0,0.0
251,0,509.9557161411456,0.21909792,528.9997055406075,133.4126254179537,0.0,17.0,0.0,0.0,0.0,0.0,509.9557161411456,0.0,0.0,0.0,0.0
251,1,512.1600319420529,0.20683584,531.2863401888515,127.47463431373787,0.0,16.0,0.0,0.0,0.0,0.0,512.1600319420528,0.0,0.0,0.0,0.0
251,2,546.9690950929402,0.20244,567.3953268598966,133.64429528858003,0.0,16.0,0.0,0.0,0.0,0.0,546.9690950929402,0.0,0.0,0.0,0.0
251,3,0.0,0.26328768,0.0,0.0,0.0,0.0,0.0,0.0,0.0,0.0,0.0,0.0,0.0,0.0,0.0
251,4,0.0,1.07883168,0.0,0.0,0.0,0.0,0.0,0.0,0.0,0.0,0.0,0.0,0.0,0.0,0.0
251,5,0.0,1.3059115200000002,0.0,0.0,0.0,0.0,0.0,0.0,0.0,0.0,0.0,0.0,0.0,0.0,0.0
251,6,0.0,1.54733568,0.0,0.0,0.0,1.0,0.0,0.0,0.0,0.0,0.0,0.0,0.0,0.0,0.0
251,7,0.0,1.4200876800000002,0.0,0.0,0.0,0.0,0.0,0.0,0.0,0.0,0.0,0.0,0.0,0.0,0.0
251,8,0.0,1.16038608,0.0,0.0,0.0,0.0,0.0,0.0,0.0,0.0,0.0,0.0,0.0,0.0,0.0
251,9,0.0,1.0395004799999998,0.0,0.0,0.0,0.0,0.0,0.0,0.0,0.0,0.0,0.0,0.0,0.0,0.0
251,10,0.0,0.95412864,0.0,0.0,0.0,0.0,0.0,0.0,0.0,0.0,0.0,0.0,0.0,0.0,0.0
251,11,0.0,0.8687567999999999,0.0,0.0,0.0,0.0,0.0,0.0,0.0,0.0,0.0,0.0,0.0,0.0,0.0
251,12,0.0,0.8202868799999998,0.0,0.0,0.0,0.0,0.0,0.0,0.0,0.0,0.0,0.0,0.0,0.0,0.0
251,13,0.0,0.83948976,0.0,0.0,0.0,0.0,0.0,0.0,0.0,0.0,0.0,0.0,0.0,0.0,0.0
251,14,0.0,0.92810064,0.0,0.0,0.0,0.0,0.0,0.0,0.0,0.0,0.0,0.0,0.0,0.0,0.0
251,15,0.0,1.02272688,0.0,0.0,0.0,0.0,0.0,0.0,0.0,0.0,0.0,0.0,0.0,0.0,0.0
251,16,0.0,1.2481872,0.0,0.0,0.0,0.0,0.0,0.0,0.0,0.0,0.0,0.0,0.0,0.0,0.0
251,17,0.0,1.96447776,0.0,0.0,0.0,0.0,0.0,0.0,0.0,0.0,0.0,0.0,0.0,0.0,0.0
251,18,0.0,2.58695184,0.0,0.0,0.0,0.0,0.0,0.0,0.0,0.0,0.0,0.0,0.0,0.0,0.0
251,19,0.0,2.2407216,0.0,0.0,0.0,0.0,0.0,0.0,0.0,0.0,0.0,0.0,0.0,0.0,0.0
251,20,0.0,0.2955624,0.0,0.0,0.0,0.0,0.0,0.0,0.0,0.0,0.0,0.0,0.0,0.0,0.0
251,21,99.14113648765567,0.13603968,102.8435025805557,17.39491711655436,0.0,3.0,0.0,0.0,0.0,0.0,99.14113648765569,0.0,0.0,0.0,0.0
251,22,160.27031778700254,0.11255664,166.2555163765587,24.216219896874513,0.0,4.0,0.0,0.0,0.0,0.0,160.27031778700155,0.0,0.0,0.0,0.0
251,23,336.7846288080624,0.1333790399999999,349.3616481411436,58.16139179535533,0.0,7.0,0.0,0.0,0.0,0.0,336.78462880806177,0.0,0.0,0.0,0.0
252,0,114.52240422453954,0.1289832,118.79917450678376,19.255350361417932,0.0,4.0,0.0,0.0,0.0,0.0,114.52240422453954,0.0,0.0,0.0,0.0
252,1,103.90925226080651,0.1260912,107.7896807684715,17.159168629149896,0.0,4.0,0.0,0.0,0.0,0.0,103.90925226080653,0.0,0.0,0.0,0.0
252,2,205.19467091035548,0.12528144,212.85754243812812,33.71268408621184,0.0,5.0,0.0,0.0,0.0,0.0,205.19467091035497,0.0,0.0,0.0,0.0
252,3,193.11572272868827,0.1230835199999999,200.3275132040335,31.28785616505241,0.0,4.0,0.0,0.0,0.0,0.0,193.11572272868827,0.0,0.0,0.0,0.0
252,4,202.53548335867765,0.10133568,210.099049127259,28.244808536776468,0.0,5.0,0.0,0.0,0.0,0.0,202.53548335867765,0.0,0.0,0.0,0.0
252,5,317.1383846949634,0.11579568,328.9817268619953,48.983957928691055,0.0,10.0,0.0,0.0,0.0,0.0,317.1383846949633,0.0,0.0,0.0,0.0
252,6,270.89998552796123,0.1220424,281.0165824978851,43.597587048519884,0.0,8.0,0.0,0.0,0.0,0.0,270.8999855279608,0.0,0.0,0.0,0.0
252,7,56.607854164590194,0.14483136,58.721840419699376,10.44845692758008,0.0,6.0,0.0,0.0,0.0,0.0,56.607854164590194,0.0,0.0,0.0,0.0
252,8,41.28838965838915,0.17675904,42.83027972861945,8.988321386779539,0.0,4.0,0.0,0.0,0.0,0.0,41.28838965838915,0.0,0.0,0.0,0.0
252,9,0.0,0.1926072,0.0,0.0,0.0,1.0,0.0,0.0,0.0,0.0,0.0,0.0,0.0,0.0,0.0
252,10,0.0,0.1879799999999999,0.0,0.0,0.0,0.0,0.0,0.0,0.0,0.0,0.0,0.0,0.0,0.0,0.0
252,11,0.0,0.1740984,0.0,0.0,0.0,0.0,0.0,0.0,0.0,0.0,0.0,0.0,0.0,0.0,0.0
252,12,0.0,0.12331488,0.0,0.0,0.0,0.0,0.0,0.0,0.0,0.0,0.0,0.0,0.0,0.0,0.0
252,13,0.0,0.13511424,0.0,0.0,0.0,0.0,0.0,0.0,0.0,0.0,0.0,0.0,0.0,0.0,0.0
252,14,0.0,0.15397008,0.0,0.0,0.0,0.0,0.0,0.0,0.0,0.0,0.0,0.0,0.0,0.0,0.0
252,15,0.0,0.15628368,0.0,0.0,0.0,0.0,0.0,0.0,0.0,0.0,0.0,0.0,0.0,0.0,0.0
252,16,0.0,0.15524256,0.0,0.0,0.0,0.0,0.0,0.0,0.0,0.0,0.0,0.0,0.0,0.0,0.0
252,17,0.0,0.14274912,0.0,0.0,0.0,0.0,0.0,0.0,0.0,0.0,0.0,0.0,0.0,0.0,0.0
252,18,94.54175720855885,0.11695248,98.07236224954238,14.716001175002214,0.0,4.0,0.0,0.0,0.0,0.0,94.54175720855805,0.0,0.0,0.0,0.0
252,19,141.39954465374043,0.0358608,146.68002557441955,10.11517190763243,0.0,4.0,0.0,0.0,0.0,0.0,141.3995446537404,0.0,0.0,0.0,0.0
252,20,129.61526904791683,0.0223262399999999,134.4556732862208,7.452372416923648,0.0,7.0,0.0,0.0,0.0,0.0,129.6152690479165,0.0,0.0,0.0,0.0
252,21,158.21286516040513,0.0100641599999999,164.12122941950742,7.084155006060307,0.0,6.0,0.0,0.0,0.0,0.0,158.21286516040513,0.0,0.0,0.0,0.0
252,22,147.15687223410094,-0.0041644799999999,152.65235708931635,4.417075331605069,0.0,6.0,0.0,0.0,0.0,0.0,147.1568722341008,0.0,0.0,0.0,0.0
252,23,323.5292415354226,-0.02336736,335.61124640604004,3.2663834412212807,0.0,13.0,0.0,0.0,0.0,0.0,323.5292415354225,0.0,0.0,0.0,0.0
253,0,285.35590877404167,-0.02070672,296.0123535000433,3.6685639803850143,0.0,12.0,0.0,0.0,0.0,0.0,285.35590877404155,0.0,0.0,0.0,0.0
253,1,250.44512961403424,-0.0134188799999999,259.79785229671603,5.113112706793968,0.0,10.0,0.0,0.0,0.0,0.0,250.4451296140341,0.0,0.0,0.0,0.0
253,2,232.5212146163381,-0.00451152,241.2045794775292,6.895672296301754,0.0,8.0,0.0,0.0,0.0,0.0,232.5212146163381,0.0,0.0,0.0,0.0
253,3,279.8473332752208,0.00624672,290.2980635635071,11.422276623575517,0.0,8.0,0.0,0.0,0.0,0.0,279.8473332752208,0.0,0.0,0.0,0.0
253,4,151.9765826067532,0.00485856,157.65205664600956,5.984245051320952,0.0,7.0,0.0,0.0,0.0,0.0,151.9765826067532,0.0,0.0,0.0,0.0
253,5,219.8638358876163,0.02591232,228.07451855561857,13.4592064728501,0.0,8.0,0.0,0.0,0.0,0.0,219.86383588761618,0.0,0.0,0.0,0.0
253,6,129.44548689799524,0.0571459199999999,134.27955072406147,12.118181592279578,0.0,5.0,0.0,0.0,0.0,0.0,129.44548689799524,0.0,0.0,0.0,0.0
253,7,113.0459862231248,0.1175308799999999,117.26762056340746,17.66412488097215,0.0,5.0,0.0,0.0,0.0,0.0,113.0459862231248,0.0,0.0,0.0,0.0
253,8,93.85639405306787,0.1304870399999999,97.36140461936502,15.927063991924241,0.0,8.0,0.0,0.0,0.0,0.0,93.85639405306787,0.0,0.0,0.0,0.0
253,9,31.72601548962487,0.1339574399999999,32.910804449818336,5.497994739727256,0.0,6.0,0.0,0.0,0.0,0.0,31.72601548962487,0.0,0.0,0.0,0.0
253,10,19.240509674323093,0.1329163199999999,19.95903493187043,3.3135255301405775,0.0,1.0,0.0,0.0,0.0,0.0,19.240509674323093,0.0,0.0,0.0,0.0
253,11,0.0,0.09578304,0.0,0.0,0.0,0.0,0.0,0.0,0.0,0.0,0.0,0.0,0.0,0.0,0.0
253,12,0.0,0.02221056,0.0,0.0,0.0,0.0,0.0,0.0,0.0,0.0,0.0,0.0,0.0,0.0,0.0
253,13,0.0,0.06339264,0.0,0.0,0.0,0.0,0.0,0.0,0.0,0.0,0.0,0.0,0.0,0.0,0.0
253,14,0.0,0.1636871999999999,0.0,0.0,0.0,0.0,0.0,0.0,0.0,0.0,0.0,0.0,0.0,0.0,0.0
253,15,0.0,0.19815984,0.0,0.0,0.0,0.0,0.0,0.0,0.0,0.0,0.0,0.0,0.0,0.0,0.0
253,16,0.0,0.27844176,0.0,0.0,0.0,0.0,0.0,0.0,0.0,0.0,0.0,0.0,0.0,0.0,0.0
253,17,0.0,0.30030528,0.0,0.0,0.0,0.0,0.0,0.0,0.0,0.0,0.0,0.0,0.0,0.0,0.0
253,18,0.0,0.4650336,0.0,0.0,0.0,0.0,0.0,0.0,0.0,0.0,0.0,0.0,0.0,0.0,0.0
253,19,0.0,0.31950816,0.0,0.0,0.0,0.0,0.0,0.0,0.0,0.0,0.0,0.0,0.0,0.0,0.0
253,20,0.0,0.23066592,0.0,0.0,0.0,0.0,0.0,0.0,0.0,0.0,0.0,0.0,0.0,0.0,0.0
253,21,0.0,0.18439392,0.0,0.0,0.0,0.0,0.0,0.0,0.0,0.0,0.0,0.0,0.0,0.0,0.0
253,22,91.0056522229061,0.1752552,94.40420355073246,19.66960671165357,0.0,4.0,0.0,0.0,0.0,0.0,91.00565222290602,0.0,0.0,0.0,0.0
253,23,0.0,0.1769904,0.0,0.0,0.0,0.0,0.0,0.0,0.0,0.0,0.0,0.0,0.0,0.0,0.0
254,0,0.0,0.17803152,0.0,0.0,0.0,0.0,0.0,0.0,0.0,0.0,0.0,0.0,0.0,0.0,0.0
254,1,0.0,0.1868232,0.0,0.0,0.0,0.0,0.0,0.0,0.0,0.0,0.0,0.0,0.0,0.0,0.0
254,2,0.0,0.18636048,0.0,0.0,0.0,0.0,0.0,0.0,0.0,0.0,0.0,0.0,0.0,0.0,0.0
254,3,18.702267668449828,0.1813862399999999,19.40069260212638,4.161181609625901,0.0,1.0,0.0,0.0,0.0,0.0,18.702267668449828,0.0,0.0,0.0,0.0
254,4,0.0,0.19642464,0.0,0.0,0.0,0.0,0.0,0.0,0.0,0.0,0.0,0.0,0.0,0.0,0.0
254,5,0.0,1.50684768,0.0,0.0,0.0,0.0,0.0,0.0,0.0,0.0,0.0,0.0,0.0,0.0,0.0
254,6,0.0,2.07310128,0.0,0.0,0.0,0.0,0.0,0.0,0.0,0.0,0.0,0.0,0.0,0.0,0.0
254,7,0.0,1.5783379199999998,0.0,0.0,0.0,0.0,0.0,0.0,0.0,0.0,0.0,0.0,0.0,0.0,0.0
254,8,0.0,1.307184,0.0,0.0,0.0,0.0,0.0,0.0,0.0,0.0,0.0,0.0,0.0,0.0,0.0
254,9,0.0,1.10081088,0.0,0.0,0.0,0.0,0.0,0.0,0.0,0.0,0.0,0.0,0.0,0.0,0.0
254,10,0.0,1.03151856,0.0,0.0,0.0,0.0,0.0,0.0,0.0,0.0,0.0,0.0,0.0,0.0,0.0
254,11,0.0,1.01416656,0.0,0.0,0.0,0.0,0.0,0.0,0.0,0.0,0.0,0.0,0.0,0.0,0.0
254,12,0.0,0.9798096,0.0,0.0,0.0,0.0,0.0,0.0,0.0,0.0,0.0,0.0,0.0,0.0,0.0
254,13,0.0,0.989064,0.0,0.0,0.0,0.0,0.0,0.0,0.0,0.0,0.0,0.0,0.0,0.0,0.0
254,14,0.0,1.0703870400000002,0.0,0.0,0.0,0.0,0.0,0.0,0.0,0.0,0.0,0.0,0.0,0.0,0.0
254,15,0.0,1.1417616000000002,0.0,0.0,0.0,0.0,0.0,0.0,0.0,0.0,0.0,0.0,0.0,0.0,0.0
254,16,0.0,1.53773424,0.0,0.0,0.0,0.0,0.0,0.0,0.0,0.0,0.0,0.0,0.0,0.0,0.0
254,17,0.0,0.28758048,0.0,0.0,0.0,0.0,0.0,0.0,0.0,0.0,0.0,0.0,0.0,0.0,0.0
254,18,189.52808895125293,0.05784,196.60590140171468,17.87934067347193,0.0,4.0,0.0,0.0,0.0,0.0,189.52808895125293,0.0,0.0,0.0,0.0
254,19,180.93927021846423,0.02556528,187.6963384008965,11.011258247263346,0.0,5.0,0.0,0.0,0.0,0.0,180.93927021846417,0.0,0.0,0.0,0.0
254,20,287.560135927213,0.00786624,298.29889619005496,12.220184173056879,0.0,9.0,0.0,0.0,0.0,0.0,287.560135927213,0.0,0.0,0.0,0.0
254,21,372.3746904862749,-0.00092544,386.2807992596213,12.428414752626642,0.0,10.0,0.0,0.0,0.0,0.0,372.3746904862749,0.0,0.0,0.0,0.0
254,22,249.95656936372143,-0.0138816,259.29104705780236,4.983159058775667,0.0,9.0,0.0,0.0,0.0,0.0,249.95656936372143,0.0,0.0,0.0,0.0
254,23,320.7173697523592,-0.02672208,332.6943669630283,2.1218980569408368,0.0,8.0,0.0,0.0,0.0,0.0,320.7173697523593,0.0,0.0,0.0,0.0
255,0,332.12738189711155,-0.02383008,344.53047914638125,3.1937699792486223,0.0,9.0,0.0,0.0,0.0,0.0,332.12738189711155,0.0,0.0,0.0,0.0
255,1,332.44115027972566,-0.02244192,344.85596502046224,3.6755024636652873,0.0,8.0,0.0,0.0,0.0,0.0,332.44115027972566,0.0,0.0,0.0,0.0
255,2,422.193483999127,-0.0121464,437.96004564224796,9.176839612369404,0.0,11.0,0.0,0.0,0.0,0.0,422.193483999127,0.0,0.0,0.0,0.0
255,3,279.15044322837684,0.00046272,289.57514857715444,9.718929630653431,0.0,9.0,0.0,0.0,0.0,0.0,279.15044322837673,0.0,0.0,0.0,0.0
255,4,230.99098082357233,0.01052688,239.6172000244527,10.453750831402793,0.0,10.0,0.0,0.0,0.0,0.0,230.99098082357233,0.0,0.0,0.0,0.0
255,5,225.67718136942463,0.0577243199999999,234.10495992678904,21.262423793977845,0.0,8.0,0.0,0.0,0.0,0.0,225.67718136942463,0.0,0.0,0.0,0.0
255,6,212.71186344578928,0.13870032,220.65546000600548,37.908678638778945,0.0,7.0,0.0,0.0,0.0,0.0,212.71186344578928,0.0,0.0,0.0,0.0
255,7,278.5579868638578,0.1669262399999999,288.9605672861596,57.79969578251747,0.0,8.0,0.0,0.0,0.0,0.0,278.5579868638578,0.0,0.0,0.0,0.0
255,8,147.42679549514725,0.16738896,152.93236047214447,30.66124990140535,0.0,7.0,0.0,0.0,0.0,0.0,147.42679549514725,0.0,0.0,0.0,0.0
255,9,175.31484972447646,0.1604481599999999,181.8618773075482,35.19903172702169,0.0,4.0,0.0,0.0,0.0,0.0,175.31484972447646,0.0,0.0,0.0,0.0
255,10,60.969213073359654,0.15223488,63.24607165286272,11.721703100254713,0.0,1.0,0.0,0.0,0.0,0.0,60.969213073359654,0.0,0.0,0.0,0.0
255,11,0.0,0.14540976,0.0,0.0,0.0,0.0,0.0,0.0,0.0,0.0,0.0,0.0,0.0,0.0,0.0
255,12,0.0,0.14205504,0.0,0.0,0.0,0.0,0.0,0.0,0.0,0.0,0.0,0.0,0.0,0.0,0.0
255,13,0.0,0.1428648,0.0,0.0,0.0,0.0,0.0,0.0,0.0,0.0,0.0,0.0,0.0,0.0,0.0
255,14,0.0,0.1478390399999999,0.0,0.0,0.0,0.0,0.0,0.0,0.0,0.0,0.0,0.0,0.0,0.0,0.0
255,15,0.0,0.16727328,0.0,0.0,0.0,0.0,0.0,0.0,0.0,0.0,0.0,0.0,0.0,0.0,0.0
255,16,0.0,0.2270798399999999,0.0,0.0,0.0,0.0,0.0,0.0,0.0,0.0,0.0,0.0,0.0,0.0,0.0
255,17,0.0,0.21990768,0.0,0.0,0.0,0.0,0.0,0.0,0.0,0.0,0.0,0.0,0.0,0.0,0.0
255,18,0.0,0.2232624,0.0,0.0,0.0,0.0,0.0,0.0,0.0,0.0,0.0,0.0,0.0,0.0,0.0
255,19,0.0,0.1782628799999999,0.0,0.0,0.0,1.0,0.0,0.0,0.0,0.0,0.0,0.0,0.0,0.0,0.0
255,20,45.23124804987748,0.17085936,46.920381794478715,9.569851041757529,0.0,5.0,0.0,0.0,0.0,0.0,45.23124804987748,0.0,0.0,0.0,0.0
255,21,259.9758953252039,0.14540976,269.6845387190912,48.141322282455675,0.0,9.0,0.0,0.0,0.0,0.0,259.9758953252039,0.0,0.0,0.0,0.0
255,22,166.17482366138756,0.13511424,172.38052247031905,28.996858578147638,0.0,7.0,0.0,0.0,0.0,0.0,166.17482366138756,0.0,0.0,0.0,0.0
255,23,275.00048702880105,0.11602704,285.27021476016705,42.54150272734803,0.0,12.0,0.0,0.0,0.0,0.0,275.00048702880105,0.0,0.0,0.0,0.0
256,0,369.5481703209834,0.109896,383.34872439936044,54.81733419421094,0.0,14.0,0.0,0.0,0.0,0.0,369.54817032098333,0.0,0.0,0.0,0.0
256,1,341.9335533169341,0.10341792,354.70285613789844,48.42329613800513,0.0,14.0,0.0,0.0,0.0,0.0,341.933553316934,0.0,0.0,0.0,0.0
256,2,414.49177486466135,0.1029552,429.97072081396414,58.49975241448806,0.0,14.0,0.0,0.0,0.0,0.0,414.49177486466135,0.0,0.0,0.0,0.0
256,3,226.13423137425752,0.11255664,234.57907818906386,34.16800034331632,0.0,13.0,0.0,0.0,0.0,0.0,226.13423137425758,0.0,0.0,0.0,0.0
256,4,251.877052347808,0.11880336,261.28324932345225,39.68980348395013,0.0,11.0,0.0,0.0,0.0,0.0,251.87705234780788,0.0,0.0,0.0,0.0
256,5,0.0,0.18346848,0.0,0.0,0.0,0.0,0.0,0.0,0.0,0.0,0.0,0.0,0.0,0.0,0.0
256,6,0.0,1.61616528,0.0,0.0,0.0,0.0,0.0,0.0,0.0,0.0,0.0,0.0,0.0,0.0,0.0
256,7,0.0,1.59314496,0.0,0.0,0.0,0.0,0.0,0.0,0.0,0.0,0.0,0.0,0.0,0.0,0.0
256,8,0.0,1.44495888,0.0,0.0,0.0,0.0,0.0,0.0,0.0,0.0,0.0,0.0,0.0,0.0,0.0
256,9,0.0,1.19393328,0.0,0.0,0.0,0.0,0.0,0.0,0.0,0.0,0.0,0.0,0.0,0.0,0.0
256,10,0.0,1.12047648,0.0,0.0,0.0,0.0,0.0,0.0,0.0,0.0,0.0,0.0,0.0,0.0,0.0
256,11,0.0,1.0870449599999998,0.0,0.0,0.0,0.0,0.0,0.0,0.0,0.0,0.0,0.0,0.0,0.0,0.0
256,12,0.0,1.07385744,0.0,0.0,0.0,0.0,0.0,0.0,0.0,0.0,0.0,0.0,0.0,0.0,0.0
256,13,0.0,1.06448736,0.0,0.0,0.0,0.0,0.0,0.0,0.0,0.0,0.0,0.0,0.0,0.0,0.0
256,14,0.0,0.80038992,0.0,0.0,0.0,0.0,0.0,0.0,0.0,0.0,0.0,0.0,0.0,0.0,0.0
256,15,0.0,0.84712464,0.0,0.0,0.0,0.0,0.0,0.0,0.0,0.0,0.0,0.0,0.0,0.0,0.0
256,16,0.0,1.2075835199999998,0.0,0.0,0.0,0.0,0.0,0.0,0.0,0.0,0.0,0.0,0.0,0.0,0.0
256,17,0.0,1.44576864,0.0,0.0,0.0,0.0,0.0,0.0,0.0,0.0,0.0,0.0,0.0,0.0,0.0
256,18,0.0,1.7756880000000002,0.0,0.0,0.0,0.0,0.0,0.0,0.0,0.0,0.0,0.0,0.0,0.0,0.0
256,19,0.0,0.30065232,0.0,0.0,0.0,0.0,0.0,0.0,0.0,0.0,0.0,0.0,0.0,0.0,0.0
256,20,203.90156948186612,0.1488801599999999,211.51615091479889,38.49174298605922,0.0,9.0,0.0,0.0,0.0,0.0,203.90156948186598,0.0,0.0,0.0,0.0
256,21,231.43273485237836,0.1382376,240.07545109167887,41.133951608965624,0.0,8.0,0.0,0.0,0.0,0.0,231.43273485237836,0.0,0.0,0.0,0.0
256,22,376.64832584302053,0.1175308799999999,390.7140309574902,58.853598311473945,0.0,12.0,0.0,0.0,0.0,0.0,376.64832584302053,0.0,0.0,0.0,0.0
256,23,230.39847449666328,0.12817344,239.00256690525237,38.54476613364021,0.0,9.0,0.0,0.0,0.0,0.0,230.39847449666328,0.0,0.0,0.0,0.0
257,0,309.4398809749991,0.12701664,320.9957271524887,51.396757286013255,0.0,10.0,0.0,0.0,0.0,0.0,309.4398809749991,0.0,0.0,0.0,0.0
257,1,399.3226918884187,0.124356,414.2351575606003,65.22381096886188,0.0,13.0,0.0,0.0,0.0,0.0,399.3226918884185,0.0,0.0,0.0,0.0
257,2,409.94214530190516,0.12562848,425.25118807251584,67.49947470094456,0.0,14.0,0.0,0.0,0.0,0.0,409.94214530190516,0.0,0.0,0.0,0.0
257,3,200.28454888639538,0.12990864,207.76405486140604,33.86733602384318,0.0,10.0,0.0,0.0,0.0,0.0,200.28454888639538,0.0,0.0,0.0,0.0
257,4,281.1054111875389,0.1463352,291.60312363852586,52.323864810703625,0.0,10.0,0.0,0.0,0.0,0.0,281.1054111875389,0.0,0.0,0.0,0.0
257,5,193.08364392623605,0.17594928,200.29423643800422,41.87136591551455,0.0,12.0,0.0,0.0,0.0,0.0,193.08364392623542,0.0,0.0,0.0,0.0
257,6,0.0,1.0382280000000002,0.0,0.0,0.0,0.0,0.0,0.0,0.0,0.0,0.0,0.0,0.0,0.0,0.0
257,7,0.0,1.79408112,0.0,0.0,0.0,0.0,0.0,0.0,0.0,0.0,0.0,0.0,0.0,0.0,0.0
257,8,0.0,1.36525536,0.0,0.0,0.0,0.0,0.0,0.0,0.0,0.0,0.0,0.0,0.0,0.0,0.0
257,9,0.0,1.1200137599999995,0.0,0.0,0.0,0.0,0.0,0.0,0.0,0.0,0.0,0.0,0.0,0.0,0.0
257,10,0.0,1.05951312,0.0,0.0,0.0,0.0,0.0,0.0,0.0,0.0,0.0,0.0,0.0,0.0,0.0
257,11,0.0,1.05558,0.0,0.0,0.0,0.0,0.0,0.0,0.0,0.0,0.0,0.0,0.0,0.0,0.0
257,12,0.0,1.03718688,0.0,0.0,0.0,0.0,0.0,0.0,0.0,0.0,0.0,0.0,0.0,0.0,0.0
257,13,0.0,1.01960352,0.0,0.0,0.0,0.0,0.0,0.0,0.0,0.0,0.0,0.0,0.0,0.0,0.0
257,14,0.0,1.0376496,0.0,0.0,0.0,0.0,0.0,0.0,0.0,0.0,0.0,0.0,0.0,0.0,0.0
257,15,0.0,1.08924288,0.0,0.0,0.0,0.0,0.0,0.0,0.0,0.0,0.0,0.0,0.0,0.0,0.0
257,16,0.0,1.35160512,0.0,0.0,0.0,0.0,0.0,0.0,0.0,0.0,0.0,0.0,0.0,0.0,0.0
257,17,0.0,2.00137968,0.0,0.0,0.0,0.0,0.0,0.0,0.0,0.0,0.0,0.0,0.0,0.0,0.0
257,18,0.0,2.66387904,0.0,0.0,0.0,0.0,0.0,0.0,0.0,0.0,0.0,0.0,0.0,0.0,0.0
257,19,0.0,2.1493344000000003,0.0,0.0,0.0,0.0,0.0,0.0,0.0,0.0,0.0,0.0,0.0,0.0,0.0
257,20,0.0,1.54247712,0.0,0.0,0.0,0.0,0.0,0.0,0.0,0.0,0.0,0.0,0.0,0.0,0.0
257,21,0.0,1.32037152,0.0,0.0,0.0,2.0,0.0,0.0,0.0,0.0,0.0,0.0,0.0,0.0,0.0
257,22,305.88194994654896,0.16276176,317.3049273304449,62.14790152361305,0.0,9.0,0.0,0.0,0.0,0.0,305.88194994654884,0.0,0.0,0.0,0.0
257,23,312.95451621493663,0.16762032,324.6416143308471,65.1621687138042,0.0,11.0,0.0,0.0,0.0,0.0,312.95451621493646,0.0,0.0,0.0,0.0
258,0,380.91588772616205,0.1609108799999999,395.14096237153746,76.66164583374882,0.0,13.0,0.0,0.0,0.0,0.0,380.91588772616205,0.0,0.0,0.0,0.0
258,1,386.0578910688339,0.15258192,400.4749907353049,74.36096519171362,0.0,12.0,0.0,0.0,0.0,0.0,386.0578910688339,0.0,0.0,0.0,0.0
258,2,596.7313954019568,0.14425296,619.01597033398,109.78431462600356,0.0,17.0,0.0,0.0,0.0,0.0,596.7313954019564,0.0,0.0,0.0,0.0
258,3,268.3095648296581,0.1446,278.3294240971557,49.45913866206457,0.0,8.0,0.0,0.0,0.0,0.0,268.3095648296581,0.0,0.0,0.0,0.0
258,4,461.8746609650524,0.14448432,479.1230922873989,85.08474854015498,0.0,13.0,0.0,0.0,0.0,0.0,461.87466096505244,0.0,0.0,0.0,0.0
258,5,317.6468680351651,0.16114224,329.5091992066028,64.00460495449674,0.0,12.0,0.0,0.0,0.0,0.0,317.6468680351651,0.0,0.0,0.0,0.0
258,6,0.0,0.3351249599999999,0.0,0.0,0.0,0.0,0.0,0.0,0.0,0.0,0.0,0.0,0.0,0.0,0.0
258,7,0.0,1.44680976,0.0,0.0,0.0,0.0,0.0,0.0,0.0,0.0,0.0,0.0,0.0,0.0,0.0
258,8,0.0,1.2074678399999998,0.0,0.0,0.0,0.0,0.0,0.0,0.0,0.0,0.0,0.0,0.0,0.0,0.0
258,9,0.0,0.57770592,0.0,0.0,0.0,0.0,0.0,0.0,0.0,0.0,0.0,0.0,0.0,0.0,0.0
258,10,0.0,0.3350092799999999,0.0,0.0,0.0,0.0,0.0,0.0,0.0,0.0,0.0,0.0,0.0,0.0,0.0
258,11,0.0,0.25426464,0.0,0.0,0.0,0.0,0.0,0.0,0.0,0.0,0.0,0.0,0.0,0.0,0.0
258,12,0.0,0.18358416,0.0,0.0,0.0,0.0,0.0,0.0,0.0,0.0,0.0,0.0,0.0,0.0,0.0
258,13,0.0,0.18115488,0.0,0.0,0.0,0.0,0.0,0.0,0.0,0.0,0.0,0.0,0.0,0.0,0.0
258,14,0.0,0.17837856,0.0,0.0,0.0,0.0,0.0,0.0,0.0,0.0,0.0,0.0,0.0,0.0,0.0
258,15,0.0,0.1862448,0.0,0.0,0.0,0.0,0.0,0.0,0.0,0.0,0.0,0.0,0.0,0.0,0.0
258,16,0.0,0.19422672,0.0,0.0,0.0,0.0,0.0,0.0,0.0,0.0,0.0,0.0,0.0,0.0,0.0
258,17,0.0,0.1798824,0.0,0.0,0.0,0.0,0.0,0.0,0.0,0.0,0.0,0.0,0.0,0.0,0.0
258,18,0.0,0.15420144,0.0,0.0,0.0,0.0,0.0,0.0,0.0,0.0,0.0,0.0,0.0,0.0,0.0
258,19,0.0,0.14078256,0.0,0.0,0.0,0.0,0.0,0.0,0.0,0.0,0.0,0.0,0.0,0.0,0.0
258,20,0.0,0.12909888,0.0,0.0,0.0,1.0,0.0,0.0,0.0,0.0,0.0,0.0,0.0,0.0,0.0
258,21,198.76330960323673,0.10330224,206.18600581248631,28.124233049476153,0.0,7.0,0.0,0.0,0.0,0.0,198.76330960323673,0.0,0.0,0.0,0.0
258,22,336.13396018019694,0.06963936,348.6866806848516,35.82384641408602,0.0,9.0,0.0,0.0,0.0,0.0,336.1339601801968,0.0,0.0,0.0,0.0
258,23,406.76484323361166,0.1058472,421.9552315701365,58.62949795202208,0.0,12.0,0.0,0.0,0.0,0.0,406.76484323361143,0.0,0.0,0.0,0.0
259,0,213.91225471964896,0.10133568,221.90067916976037,29.831368696648568,0.0,8.0,0.0,0.0,0.0,0.0,213.91225471964896,0.0,0.0,0.0,0.0
259,1,186.2512315846509,0.09844368,193.20667176831003,25.41511660495561,0.0,7.0,0.0,0.0,0.0,0.0,186.2512315846509,0.0,0.0,0.0,0.0
259,2,195.71371223785994,0.09231264,203.02252306831946,25.46159059745884,0.0,5.0,0.0,0.0,0.0,0.0,195.71371223785994,0.0,0.0,0.0,0.0
259,3,378.0731953677082,0.09242832,392.19211137729064,49.23121685844419,0.0,12.0,0.0,0.0,0.0,0.0,378.0731953677075,0.0,0.0,0.0,0.0
259,4,376.3307623458149,0.08872656,390.3846082425466,47.55921389913709,0.0,10.0,0.0,0.0,0.0,0.0,376.3307623458149,0.0,0.0,0.0,0.0
259,5,59.1038742828108,0.1058472,61.31107290748009,8.519001909490218,0.0,5.0,0.0,0.0,0.0,0.0,59.10387428281081,0.0,0.0,0.0,0.0
259,6,0.0,0.1175308799999999,0.0,0.0,0.0,0.0,0.0,0.0,0.0,0.0,0.0,0.0,0.0,0.0,0.0
259,7,0.0,0.12863616,0.0,0.0,0.0,0.0,0.0,0.0,0.0,0.0,0.0,0.0,0.0,0.0,0.0
259,8,0.0,0.14598816,0.0,0.0,0.0,0.0,0.0,0.0,0.0,0.0,0.0,0.0,0.0,0.0,0.0
259,9,0.0,0.1507310399999999,0.0,0.0,0.0,0.0,0.0,0.0,0.0,0.0,0.0,0.0,0.0,0.0,0.0
259,10,0.0,0.14540976,0.0,0.0,0.0,0.0,0.0,0.0,0.0,0.0,0.0,0.0,0.0,0.0,0.0
259,11,0.0,0.13974144,0.0,0.0,0.0,0.0,0.0,0.0,0.0,0.0,0.0,0.0,0.0,0.0,0.0
259,12,0.0,0.13407312,0.0,0.0,0.0,0.0,0.0,0.0,0.0,0.0,0.0,0.0,0.0,0.0,0.0
259,13,0.0,0.13627104,0.0,0.0,0.0,0.0,0.0,0.0,0.0,0.0,0.0,0.0,0.0,0.0,0.0
259,14,0.0,0.1408982399999999,0.0,0.0,0.0,0.0,0.0,0.0,0.0,0.0,0.0,0.0,0.0,0.0,0.0
259,15,0.0,0.1463352,0.0,0.0,0.0,0.0,0.0,0.0,0.0,0.0,0.0,0.0,0.0,0.0,0.0
259,16,0.0,0.15778752,0.0,0.0,0.0,0.0,0.0,0.0,0.0,0.0,0.0,0.0,0.0,0.0,0.0
259,17,0.0,0.1650753599999999,0.0,0.0,0.0,0.0,0.0,0.0,0.0,0.0,0.0,0.0,0.0,0.0,0.0
259,18,0.0,0.15628368,0.0,0.0,0.0,0.0,0.0,0.0,0.0,0.0,0.0,0.0,0.0,0.0,0.0
259,19,0.0,0.15084672,0.0,0.0,0.0,1.0,0.0,0.0,0.0,0.0,0.0,0.0,0.0,0.0,0.0
259,20,0.0,0.13684944,0.0,0.0,0.0,1.0,0.0,0.0,0.0,0.0,0.0,0.0,0.0,0.0,0.0
259,21,13.479108044452182,0.11984448,13.98247722453546,2.138542708218419,0.0,2.0,0.0,0.0,0.0,0.0,13.479108044452182,0.0,0.0,0.0,0.0
259,22,35.58143602305253,0.10607856,36.91020334341549,5.1371089506437535,0.0,3.0,0.0,0.0,0.0,0.0,35.58143602305253,0.0,0.0,0.0,0.0
259,23,0.0,0.1307184,0.0,0.0,0.0,0.0,0.0,0.0,0.0,0.0,0.0,0.0,0.0,0.0,0.0
260,0,0.0,0.1216953599999999,0.0,0.0,0.0,2.0,0.0,0.0,0.0,0.0,0.0,0.0,0.0,0.0,0.0
260,1,64.53070036335374,0.11487024,66.94056054289808,9.90521080926716,0.0,6.0,0.0,0.0,0.0,0.0,64.53070036335369,0.0,0.0,0.0,0.0
260,2,147.62110463675359,0.1046904,153.1339259717361,21.10038491321591,0.0,7.0,0.0,0.0,0.0,0.0,147.62110463675356,0.0,0.0,0.0,0.0
260,3,246.41318503269156,0.07091184,255.61533717084188,26.587021551359655,0.0,10.0,0.0,0.0,0.0,0.0,246.41318503269116,0.0,0.0,0.0,0.0
260,4,479.453512811662,0.0563361599999999,497.3584157797324,44.481826851022625,0.0,17.0,0.0,0.0,0.0,0.0,479.45351281166154,0.0,0.0,0.0,0.0
260,5,529.4227002387652,0.0285729599999999,549.1936724468518,33.870399393067736,0.0,12.0,0.0,0.0,0.0,0.0,529.4227002387647,0.0,0.0,0.0,0.0
260,6,572.9495890342225,0.05182464,594.3460467159985,50.47462405277934,0.0,16.0,0.0,0.0,0.0,0.0,572.9495890342225,0.0,0.0,0.0,0.0
260,7,76.07462956068838,0.10388064,78.91559083058961,10.809908137952295,0.0,11.0,0.0,0.0,0.0,0.0,76.07462956068836,0.0,0.0,0.0,0.0
260,8,42.92554648274418,0.10897056,44.528575189568656,6.326199613184125,0.0,6.0,0.0,0.0,0.0,0.0,42.92554648274418,0.0,0.0,0.0,0.0
260,9,45.42574424674494,0.10850784,47.12214133479766,6.672864650595413,0.0,5.0,0.0,0.0,0.0,0.0,45.42574424674494,0.0,0.0,0.0,0.0
260,10,28.95225297733809,0.1141761599999999,30.033457445371464,4.423212284077716,0.0,3.0,0.0,0.0,0.0,0.0,28.95225297733809,0.0,0.0,0.0,0.0
260,11,0.0,0.11556432,0.0,0.0,0.0,0.0,0.0,0.0,0.0,0.0,0.0,0.0,0.0,0.0,0.0
260,12,0.0,0.04719744,0.0,0.0,0.0,0.0,0.0,0.0,0.0,0.0,0.0,0.0,0.0,0.0,0.0
260,13,0.0,0.0497424,0.0,0.0,0.0,0.0,0.0,0.0,0.0,0.0,0.0,0.0,0.0,0.0,0.0
260,14,0.0,0.12886752,0.0,0.0,0.0,0.0,0.0,0.0,0.0,0.0,0.0,0.0,0.0,0.0,0.0
260,15,0.0,0.14413728,0.0,0.0,0.0,0.0,0.0,0.0,0.0,0.0,0.0,0.0,0.0,0.0,0.0
260,16,0.0,0.15859728,0.0,0.0,0.0,0.0,0.0,0.0,0.0,0.0,0.0,0.0,0.0,0.0,0.0
260,17,0.0,0.17132208,0.0,0.0,0.0,0.0,0.0,0.0,0.0,0.0,0.0,0.0,0.0,0.0,0.0
260,18,0.0,0.18427824,0.0,0.0,0.0,0.0,0.0,0.0,0.0,0.0,0.0,0.0,0.0,0.0,0.0
260,19,0.0,0.17456112,0.0,0.0,0.0,0.0,0.0,0.0,0.0,0.0,0.0,0.0,0.0,0.0,0.0
260,20,0.0,0.15281328,0.0,0.0,0.0,0.0,0.0,0.0,0.0,0.0,0.0,0.0,0.0,0.0,0.0
260,21,0.0,0.14147664,0.0,0.0,0.0,0.0,0.0,0.0,0.0,0.0,0.0,0.0,0.0,0.0,0.0
260,22,0.0,0.13742784,0.0,0.0,0.0,0.0,0.0,0.0,0.0,0.0,0.0,0.0,0.0,0.0,0.0
260,23,48.54419169658445,0.11001168,50.35704532840711,7.206681356784492,0.0,2.0,0.0,0.0,0.0,0.0,48.54419169658445,0.0,0.0,0.0,0.0
261,0,18.991977863773755,0.1023768,19.701221850387714,2.6690584923806067,0.0,1.0,0.0,0.0,0.0,0.0,18.991977863773755,0.0,0.0,0.0,0.0
261,1,132.58478547665138,0.09994752,137.5360845193479,18.29883495580963,0.0,4.0,0.0,0.0,0.0,0.0,132.58478547665138,0.0,0.0,0.0,0.0
261,2,180.9470795722052,0.0972868799999999,187.7044393902544,24.474196214244355,0.0,5.0,0.0,0.0,0.0,0.0,180.94707957220524,0.0,0.0,0.0,0.0
261,3,131.1983107287383,0.09983184,136.09783270616006,18.091735321642034,0.0,8.0,0.0,0.0,0.0,0.0,131.1983107287382,0.0,0.0,0.0,0.0
261,4,32.91813937969095,0.10781376,34.14744748930597,4.811845220120664,0.0,2.0,0.0,0.0,0.0,0.0,32.91813937969095,0.0,0.0,0.0,0.0
261,5,69.98785512672788,0.10781376,72.60150946756005,10.230551680749485,0.0,3.0,0.0,0.0,0.0,0.0,69.98785512672775,0.0,0.0,0.0,0.0
261,6,0.0,0.11568,0.0,0.0,0.0,0.0,0.0,0.0,0.0,0.0,0.0,0.0,0.0,0.0,0.0
261,7,0.0,0.12053856,0.0,0.0,0.0,0.0,0.0,0.0,0.0,0.0,0.0,0.0,0.0,0.0,0.0
261,8,0.0,0.12470304,0.0,0.0,0.0,0.0,0.0,0.0,0.0,0.0,0.0,0.0,0.0,0.0,0.0
261,9,0.0,0.12585984,0.0,0.0,0.0,0.0,0.0,0.0,0.0,0.0,0.0,0.0,0.0,0.0,0.0
261,10,0.0,0.11637408,0.0,0.0,0.0,0.0,0.0,0.0,0.0,0.0,0.0,0.0,0.0,0.0,0.0
261,11,0.0,0.11440752,0.0,0.0,0.0,0.0,0.0,0.0,0.0,0.0,0.0,0.0,0.0,0.0,0.0
261,12,0.0,0.1104744,0.0,0.0,0.0,0.0,0.0,0.0,0.0,0.0,0.0,0.0,0.0,0.0,0.0
261,13,0.0,0.1029552,0.0,0.0,0.0,0.0,0.0,0.0,0.0,0.0,0.0,0.0,0.0,0.0,0.0
261,14,0.0,0.10515312,0.0,0.0,0.0,0.0,0.0,0.0,0.0,0.0,0.0,0.0,0.0,0.0,0.0
261,15,0.0,0.11186256,0.0,0.0,0.0,0.0,0.0,0.0,0.0,0.0,0.0,0.0,0.0,0.0,0.0
261,16,0.0,0.10966464,0.0,0.0,0.0,0.0,0.0,0.0,0.0,0.0,0.0,0.0,0.0,0.0,0.0
261,17,0.0,0.0993691199999999,0.0,0.0,0.0,0.0,0.0,0.0,0.0,0.0,0.0,0.0,0.0,0.0,0.0
261,18,0.0,0.08953632,0.0,0.0,0.0,0.0,0.0,0.0,0.0,0.0,0.0,0.0,0.0,0.0,0.0
261,19,0.0,0.0573772799999999,0.0,0.0,0.0,0.0,0.0,0.0,0.0,0.0,0.0,0.0,0.0,0.0,0.0
261,20,38.92359464514658,0.0335472,40.37717286840932,2.6910255155954492,0.0,1.0,0.0,0.0,0.0,0.0,38.92359464514658,0.0,0.0,0.0,0.0
261,21,468.9795737870137,0.00485856,486.49333380395615,18.466586400797496,0.0,11.0,0.0,0.0,0.0,0.0,468.9795737870136,0.0,0.0,0.0,0.0
261,22,596.7313954019563,-0.00080976,619.0159703339797,19.98817424591708,0.0,13.0,0.0,0.0,0.0,0.0,596.7313954019561,0.0,0.0,0.0,0.0
261,23,362.0236650665876,-0.00023136,375.54322102343116,12.343594936259588,0.0,9.0,0.0,0.0,0.0,0.0,362.02366506658717,0.0,0.0,0.0,0.0
262,0,472.18636843294286,-0.0023136,489.8198842665382,15.079790884983355,0.0,12.0,0.0,0.0,0.0,0.0,472.1863684329429,0.0,0.0,0.0,0.0
262,1,489.23857714575206,-0.01295616,507.50889745409967,10.22317802889179,0.0,12.0,0.0,0.0,0.0,0.0,489.238577145752,0.0,0.0,0.0,0.0
262,2,594.1572358219075,-0.0133032,616.3456803131824,12.201672164024004,0.0,13.0,0.0,0.0,0.0,0.0,594.1572358219074,0.0,0.0,0.0,0.0
262,3,496.07204266820673,-0.01295616,514.5975546350693,10.365970804960092,0.0,12.0,0.0,0.0,0.0,0.0,496.0720426682065,0.0,0.0,0.0,0.0
262,4,528.1133380008023,-0.0003470399999999,547.835412863903,17.94323136411495,0.0,15.0,0.0,0.0,0.0,0.0,528.1133380008018,0.0,0.0,0.0,0.0
262,5,205.46402154567093,0.0209380799999999,213.136951810862,11.517511652911484,0.0,9.0,0.0,0.0,0.0,0.0,205.46402154567093,0.0,0.0,0.0,0.0
262,6,94.18922036832896,0.03019248,97.70666013312135,6.18409683234238,0.0,8.0,0.0,0.0,0.0,0.0,94.18922036832898,0.0,0.0,0.0,0.0
262,7,0.0,0.03447264,0.0,0.0,0.0,0.0,0.0,0.0,0.0,0.0,0.0,0.0,0.0,0.0,0.0
262,8,0.0,0.03377856,0.0,0.0,0.0,1.0,0.0,0.0,0.0,0.0,0.0,0.0,0.0,0.0,0.0
262,9,82.10866197779089,0.03088656,85.17496055787437,5.450052724234062,0.0,4.0,0.0,0.0,0.0,0.0,82.10866197779089,0.0,0.0,0.0,0.0
262,10,45.41638580236847,0.017352,47.11243340494654,2.3769164901463626,0.0,1.0,0.0,0.0,0.0,0.0,45.41638580236847,0.0,0.0,0.0,0.0
262,11,0.0,-0.01284048,0.0,0.0,0.0,0.0,0.0,0.0,0.0,0.0,0.0,0.0,0.0,0.0,0.0
262,12,0.0,-0.01573248,0.0,0.0,0.0,0.0,0.0,0.0,0.0,0.0,0.0,0.0,0.0,0.0,0.0
262,13,0.0,-0.02151648,0.0,0.0,0.0,0.0,0.0,0.0,0.0,0.0,0.0,0.0,0.0,0.0,0.0
262,14,0.0,-0.0219791999999999,0.0,0.0,0.0,0.0,0.0,0.0,0.0,0.0,0.0,0.0,0.0,0.0,0.0
262,15,0.0,-0.00092544,0.0,0.0,0.0,0.0,0.0,0.0,0.0,0.0,0.0,0.0,0.0,0.0,0.0
262,16,0.0,0.002892,0.0,0.0,0.0,0.0,0.0,0.0,0.0,0.0,0.0,0.0,0.0,0.0,0.0
262,17,0.0,0.002892,0.0,0.0,0.0,0.0,0.0,0.0,0.0,0.0,0.0,0.0,0.0,0.0,0.0
262,18,114.11601662442645,0.0010411199999999,118.37761060625151,4.041544209021294,0.0,4.0,0.0,0.0,0.0,0.0,114.11601662442645,0.0,0.0,0.0,0.0
262,19,252.68288129092318,0.0,262.1191714636133,8.676144575445598,0.0,10.0,0.0,0.0,0.0,0.0,252.68288129092284,0.0,0.0,0.0,0.0
262,20,170.993168524395,-0.00080976,177.37880552323134,5.727604201258465,0.0,7.0,0.0,0.0,0.0,0.0,170.993168524395,0.0,0.0,0.0,0.0
262,21,192.17189618863506,-0.0056683199999999,199.34844002970442,5.468462615394062,0.0,7.0,0.0,0.0,0.0,0.0,192.17189618863495,0.0,0.0,0.0,0.0
262,22,173.6316487405477,-0.0226732799999999,180.11581819558887,1.878017203896328,0.0,9.0,0.0,0.0,0.0,0.0,173.63164874054723,0.0,0.0,0.0,0.0
262,23,277.4342928356722,-0.03967824,287.7949095805728,-1.893183985999307,0.0,14.0,0.0,0.0,0.0,0.0,277.4342928356723,0.0,0.0,0.0,0.0
263,0,241.89364953859,-0.0428016,250.92702234293574,-2.4343935999622266,0.0,9.0,0.0,0.0,0.0,0.0,241.89364953859084,0.0,0.0,0.0,0.0
263,1,416.7801251156826,-0.0428016,432.34452812830153,-4.194433674089533,0.0,15.0,0.0,0.0,0.0,0.0,416.78012511568284,0.0,0.0,0.0,0.0
263,2,217.99475759246948,-0.0393312,226.1356406560887,-1.4090964040562197,0.0,10.0,0.0,0.0,0.0,0.0,217.9947575924696,0.0,0.0,0.0,0.0
263,3,187.18107883602855,-0.03088656,194.17124360583878,0.4297863974469072,0.0,9.0,0.0,0.0,0.0,0.0,187.1810788360283,0.0,0.0,0.0,0.0
263,4,269.2823603225258,-0.01457568,279.3385480524127,5.174556652458269,0.0,11.0,0.0,0.0,0.0,0.0,269.2823603225255,0.0,0.0,0.0,0.0
263,5,138.23800602278862,0.00011568,143.40042118546538,4.763142501961638,0.0,11.0,0.0,0.0,0.0,0.0,138.23800602278862,0.0,0.0,0.0,0.0
263,6,52.879118022719794,0.02383008,54.853856870041284,3.1228344599199995,0.0,4.0,0.0,0.0,0.0,0.0,52.879118022719794,0.0,0.0,0.0,0.0
263,7,0.0,0.0335472,0.0,0.0,0.0,0.0,0.0,0.0,0.0,0.0,0.0,0.0,0.0,0.0,0.0
263,8,0.0,0.03447264,0.0,0.0,0.0,2.0,0.0,0.0,0.0,0.0,0.0,0.0,0.0,0.0,0.0
263,9,21.777989942328993,0.02591232,22.591275873785264,1.3331636010720955,0.0,3.0,0.0,0.0,0.0,0.0,21.777989942328993,0.0,0.0,0.0,0.0
263,10,48.385886270512394,0.00624672,50.1928280814444,1.9749231525287296,0.0,2.0,0.0,0.0,0.0,0.0,48.385886270512394,0.0,0.0,0.0,0.0
263,11,0.0,0.0,0.0,0.0,0.0,0.0,0.0,0.0,0.0,0.0,0.0,0.0,0.0,0.0,0.0
263,12,0.0,-0.00011568,0.0,0.0,0.0,0.0,0.0,0.0,0.0,0.0,0.0,0.0,0.0,0.0,0.0
263,13,0.0,0.0,0.0,0.0,0.0,0.0,0.0,0.0,0.0,0.0,0.0,0.0,0.0,0.0,0.0
263,14,0.0,0.00428016,0.0,0.0,0.0,0.0,0.0,0.0,0.0,0.0,0.0,0.0,0.0,0.0,0.0
263,15,0.0,0.03343152,0.0,0.0,0.0,0.0,0.0,0.0,0.0,0.0,0.0,0.0,0.0,0.0,0.0
263,16,0.0,0.10318656,0.0,0.0,0.0,0.0,0.0,0.0,0.0,0.0,0.0,0.0,0.0,0.0,0.0
263,17,0.0,0.11533296,0.0,0.0,0.0,0.0,0.0,0.0,0.0,0.0,0.0,0.0,0.0,0.0,0.0
263,18,0.0,0.1220424,0.0,0.0,0.0,0.0,0.0,0.0,0.0,0.0,0.0,0.0,0.0,0.0,0.0
263,19,0.0,0.10619424,0.0,0.0,0.0,0.0,0.0,0.0,0.0,0.0,0.0,0.0,0.0,0.0,0.0
263,20,0.0,0.06755712,0.0,0.0,0.0,0.0,0.0,0.0,0.0,0.0,0.0,0.0,0.0,0.0,0.0
263,21,0.0,0.03100224,0.0,0.0,0.0,0.0,0.0,0.0,0.0,0.0,0.0,0.0,0.0,0.0,0.0
263,22,148.05233196788618,0.0150383999999999,153.5812572280977,7.393155992949044,0.0,5.0,0.0,0.0,0.0,0.0,148.05233196788618,0.0,0.0,0.0,0.0
263,23,119.42312633782464,0.0068251199999999,123.88291113882224,4.946040093166802,0.0,5.0,0.0,0.0,0.0,0.0,119.42312633782446,0.0,0.0,0.0,0.0
264,0,111.25826998332542,0.00127248,115.4131431362297,3.9670359541871925,0.0,5.0,0.0,0.0,0.0,0.0,111.25826998332525,0.0,0.0,0.0,0.0
264,1,263.19448179195547,0.0,273.0233213609496,9.037071937047433,0.0,10.0,0.0,0.0,0.0,0.0,263.19448179195535,0.0,0.0,0.0,0.0
264,2,419.1527663480703,-0.00011568,434.80577421999,14.341772794719901,0.0,13.0,0.0,0.0,0.0,0.0,419.15276634807026,0.0,0.0,0.0,0.0
264,3,193.14290755514105,0.00011568,200.3557132314741,6.65495125686841,0.0,8.0,0.0,0.0,0.0,0.0,193.14290755514105,0.0,0.0,0.0,0.0
264,4,167.61716514938286,0.0068251199999999,173.87672733338474,6.942049203992646,0.0,8.0,0.0,0.0,0.0,0.0,167.61716514938286,0.0,0.0,0.0,0.0
264,5,143.1399596720083,0.02151648,148.48543534440697,8.109751809779095,0.0,7.0,0.0,0.0,0.0,0.0,143.13995967200813,0.0,0.0,0.0,0.0
264,6,0.0,0.04615632,0.0,0.0,0.0,1.0,0.0,0.0,0.0,0.0,0.0,0.0,0.0,0.0,0.0
264,7,0.0,0.0572616,0.0,0.0,0.0,1.0,0.0,0.0,0.0,0.0,0.0,0.0,0.0,0.0,0.0
264,8,0.0,0.03667056,0.0,0.0,0.0,1.0,0.0,0.0,0.0,0.0,0.0,0.0,0.0,0.0,0.0
264,9,83.09361617417684,0.026028,86.19669727611706,5.09663831654225,0.0,5.0,0.0,0.0,0.0,0.0,83.09361617417684,0.0,0.0,0.0,0.0
264,10,118.87934752427365,0.02116944,123.31882523264903,6.692443586833733,0.0,4.0,0.0,0.0,0.0,0.0,118.87934752427365,0.0,0.0,0.0,0.0
264,11,0.0,0.0202439999999999,0.0,0.0,0.0,0.0,0.0,0.0,0.0,0.0,0.0,0.0,0.0,0.0,0.0
264,12,0.0,0.0163108799999999,0.0,0.0,0.0,0.0,0.0,0.0,0.0,0.0,0.0,0.0,0.0,0.0,0.0
264,13,0.0,0.01526976,0.0,0.0,0.0,0.0,0.0,0.0,0.0,0.0,0.0,0.0,0.0,0.0,0.0
264,14,0.0,0.01827744,0.0,0.0,0.0,0.0,0.0,0.0,0.0,0.0,0.0,0.0,0.0,0.0,0.0
264,15,0.0,0.0214008,0.0,0.0,0.0,0.0,0.0,0.0,0.0,0.0,0.0,0.0,0.0,0.0,0.0
264,16,0.0,0.02406144,0.0,0.0,0.0,0.0,0.0,0.0,0.0,0.0,0.0,0.0,0.0,0.0,0.0
264,17,0.0,0.02406144,0.0,0.0,0.0,0.0,0.0,0.0,0.0,0.0,0.0,0.0,0.0,0.0,0.0
264,18,50.2756366184206,0.0219791999999999,52.15315001910851,2.872553780532476,0.0,2.0,0.0,0.0,0.0,0.0,50.27563661842059,0.0,0.0,0.0,0.0
264,19,100.91716181254955,0.01654224,104.68585250264476,5.1968402145408925,0.0,3.0,0.0,0.0,0.0,0.0,100.91716181254955,0.0,0.0,0.0,0.0
264,20,206.07557967669877,0.00601536,213.77134821234313,8.361743243011158,0.0,6.0,0.0,0.0,0.0,0.0,206.0755796766987,0.0,0.0,0.0,0.0
264,21,283.25817988676675,-0.00011568,293.83628618959204,9.691990091289084,0.0,7.0,0.0,0.0,0.0,0.0,283.25817988676675,0.0,0.0,0.0,0.0
264,22,354.1280587177469,-0.0070564799999999,367.35275800596156,9.567158900183458,0.0,8.0,0.0,0.0,0.0,0.0,354.1280587177467,0.0,0.0,0.0,0.0
264,23,385.3674943267562,-0.01816176,399.75881154227824,5.971693068933321,0.0,10.0,0.0,0.0,0.0,0.0,385.3674943267562,0.0,0.0,0.0,0.0
265,0,542.9421998313189,-0.0190872,563.2180496175508,7.892261885680816,0.0,14.0,0.0,0.0,0.0,0.0,542.9421998313187,0.0,0.0,0.0,0.0
265,1,408.5432217566189,-0.01700496,423.8000225691068,6.821078315250675,0.0,11.0,0.0,0.0,0.0,0.0,408.5432217566188,0.0,0.0,0.0,0.0
265,2,238.44966625111877,-0.01353456,247.3544255717,4.839598172257562,0.0,6.0,0.0,0.0,0.0,0.0,238.44966625111877,0.0,0.0,0.0,0.0
265,3,308.67421998333356,-0.00856032,320.20147301175683,7.857641683237149,0.0,9.0,0.0,0.0,0.0,0.0,308.67421998333356,0.0,0.0,0.0,0.0
265,4,313.07717759210414,-0.00011568,324.7688564233445,10.71227988630165,0.0,9.0,0.0,0.0,0.0,0.0,313.077177592104,0.0,0.0,0.0,0.0
265,5,78.66572752065821,0.0109895999999999,81.60345178491517,3.597863547816187,0.0,6.0,0.0,0.0,0.0,0.0,78.66572752065821,0.0,0.0,0.0,0.0
265,6,60.54418776627582,0.02359872,62.80517403140646,3.560972976957985,0.0,5.0,0.0,0.0,0.0,0.0,60.54418776627572,0.0,0.0,0.0,0.0
265,7,0.0,0.03516672,0.0,0.0,0.0,0.0,0.0,0.0,0.0,0.0,0.0,0.0,0.0,0.0,0.0
265,8,0.0,0.04546224,0.0,0.0,0.0,0.0,0.0,0.0,0.0,0.0,0.0,0.0,0.0,0.0,0.0
265,9,0.0,0.0406036799999999,0.0,0.0,0.0,0.0,0.0,0.0,0.0,0.0,0.0,0.0,0.0,0.0,0.0
265,10,0.0,0.02625936,0.0,0.0,0.0,0.0,0.0,0.0,0.0,0.0,0.0,0.0,0.0,0.0,0.0
265,11,0.0,0.02533392,0.0,0.0,0.0,0.0,0.0,0.0,0.0,0.0,0.0,0.0,0.0,0.0,0.0
265,12,0.0,0.0208223999999999,0.0,0.0,0.0,0.0,0.0,0.0,0.0,0.0,0.0,0.0,0.0,0.0,0.0
265,13,0.0,0.0198969599999999,0.0,0.0,0.0,0.0,0.0,0.0,0.0,0.0,0.0,0.0,0.0,0.0,0.0
265,14,0.0,0.01700496,0.0,0.0,0.0,0.0,0.0,0.0,0.0,0.0,0.0,0.0,0.0,0.0,0.0
265,15,0.0,0.01492272,0.0,0.0,0.0,0.0,0.0,0.0,0.0,0.0,0.0,0.0,0.0,0.0,0.0
265,16,0.0,0.01203072,0.0,0.0,0.0,0.0,0.0,0.0,0.0,0.0,0.0,0.0,0.0,0.0,0.0
265,17,0.0,0.0121464,0.0,0.0,0.0,0.0,0.0,0.0,0.0,0.0,0.0,0.0,0.0,0.0,0.0
265,18,29.101289094512268,0.011568,30.18805922667248,1.3484402295370064,0.0,1.0,0.0,0.0,0.0,0.0,29.101289094512268,0.0,0.0,0.0,0.0
265,19,190.66529935635782,0.0067094399999999,197.78558024518446,7.873733189635837,0.0,6.0,0.0,0.0,0.0,0.0,190.6652993563578,0.0,0.0,0.0,0.0
265,20,186.19348128406318,0.0006940799999999,193.14676481749296,6.527217221983523,0.0,8.0,0.0,0.0,0.0,0.0,186.19348128406318,0.0,0.0,0.0,0.0
265,21,328.03953141237514,0.0,340.28997034478755,11.263598018412466,0.0,10.0,0.0,0.0,0.0,0.0,328.039531412375,0.0,0.0,0.0,0.0
265,22,355.8678569299505,-0.00254496,369.15752793563337,11.279623032374394,0.0,11.0,0.0,0.0,0.0,0.0,355.8678569299505,0.0,0.0,0.0,0.0
265,23,261.1144466612658,-0.00011568,270.86560856977786,8.934317910060294,0.0,11.0,0.0,0.0,0.0,0.0,261.11444666126573,0.0,0.0,0.0,0.0
266,0,276.30173172224465,-0.00011568,286.6200536537808,9.453967568133475,0.0,11.0,0.0,0.0,0.0,0.0,276.30173172224465,0.0,0.0,0.0,0.0
266,1,331.0914400690384,-0.00011568,343.45585069402335,11.328657685163886,0.0,9.0,0.0,0.0,0.0,0.0,331.0914400690384,0.0,0.0,0.0,0.0
266,2,293.8623649460487,0.0,304.8364781598015,10.09008742708943,0.0,11.0,0.0,0.0,0.0,0.0,293.8623649460485,0.0,0.0,0.0,0.0
266,3,316.80631214061816,0.00011568,328.6372532579027,10.915909840293454,0.0,10.0,0.0,0.0,0.0,0.0,316.806312140618,0.0,0.0,0.0,0.0
266,4,125.59951503162657,0.00323904,130.2899533523097,4.734611826467717,0.0,7.0,0.0,0.0,0.0,0.0,125.59951503162645,0.0,0.0,0.0,0.0
266,5,140.45144236071582,0.0026606399999999,145.69651697169695,5.210200692678729,0.0,6.0,0.0,0.0,0.0,0.0,140.45144236071576,0.0,0.0,0.0,0.0
266,6,109.72963883024471,0.011568,113.82742617245303,5.084443472271132,0.0,5.0,0.0,0.0,0.0,0.0,109.72963883024471,0.0,0.0,0.0,0.0
266,7,0.0,0.02614368,0.0,0.0,0.0,2.0,0.0,0.0,0.0,0.0,0.0,0.0,0.0,0.0,0.0
266,8,0.0,0.03562944,0.0,0.0,0.0,1.0,0.0,0.0,0.0,0.0,0.0,0.0,0.0,0.0,0.0
266,9,0.0,0.04338,0.0,0.0,0.0,0.0,0.0,0.0,0.0,0.0,0.0,0.0,0.0,0.0,0.0
266,10,0.0,0.0439583999999999,0.0,0.0,0.0,0.0,0.0,0.0,0.0,0.0,0.0,0.0,0.0,0.0,0.0
266,11,0.0,0.0399095999999999,0.0,0.0,0.0,0.0,0.0,0.0,0.0,0.0,0.0,0.0,0.0,0.0,0.0
266,12,0.0,0.03852144,0.0,0.0,0.0,0.0,0.0,0.0,0.0,0.0,0.0,0.0,0.0,0.0,0.0
266,13,0.0,0.0422231999999999,0.0,0.0,0.0,0.0,0.0,0.0,0.0,0.0,0.0,0.0,0.0,0.0,0.0
266,14,0.0,0.05309712,0.0,0.0,0.0,0.0,0.0,0.0,0.0,0.0,0.0,0.0,0.0,0.0,0.0
266,15,0.0,0.0577243199999999,0.0,0.0,0.0,0.0,0.0,0.0,0.0,0.0,0.0,0.0,0.0,0.0,0.0
266,16,0.0,0.06894528,0.0,0.0,0.0,0.0,0.0,0.0,0.0,0.0,0.0,0.0,0.0,0.0,0.0
266,17,0.0,0.0798191999999999,0.0,0.0,0.0,0.0,0.0,0.0,0.0,0.0,0.0,0.0,0.0,0.0,0.0
266,18,0.0,0.07091184,0.0,0.0,0.0,0.0,0.0,0.0,0.0,0.0,0.0,0.0,0.0,0.0,0.0
266,19,0.0,0.0574929599999999,0.0,0.0,0.0,0.0,0.0,0.0,0.0,0.0,0.0,0.0,0.0,0.0,0.0
266,20,0.0,0.05691456,0.0,0.0,0.0,0.0,0.0,0.0,0.0,0.0,0.0,0.0,0.0,0.0,0.0
266,21,0.0,0.04384272,0.0,0.0,0.0,0.0,0.0,0.0,0.0,0.0,0.0,0.0,0.0,0.0,0.0
266,22,0.0,0.03111792,0.0,0.0,0.0,0.0,0.0,0.0,0.0,0.0,0.0,0.0,0.0,0.0,0.0
266,23,54.98775631443584,0.0234830399999999,57.04124099007868,3.2275668205912558,0.0,4.0,0.0,0.0,0.0,0.0,54.98775631443584,0.0,0.0,0.0,0.0
267,0,62.473234446607904,0.0196656,64.8062597993858,3.419541182070471,0.0,5.0,0.0,0.0,0.0,0.0,62.473234446607904,0.0,0.0,0.0,0.0
267,1,196.11290926181158,0.01573248,203.4366278649498,9.934315061482602,0.0,8.0,0.0,0.0,0.0,0.0,196.11290926181158,0.0,0.0,0.0,0.0
267,2,178.59449794948796,0.01203072,185.2640020222904,8.361097801347421,0.0,9.0,0.0,0.0,0.0,0.0,178.59449794948796,0.0,0.0,0.0,0.0
267,3,175.6226108968703,0.0108739199999999,182.18113163575757,8.011218508060253,0.0,9.0,0.0,0.0,0.0,0.0,175.62261089687019,0.0,0.0,0.0,0.0
267,4,95.2013692055636,0.0136502399999999,98.75660705971328,4.6168950816272805,0.0,8.0,0.0,0.0,0.0,0.0,95.2013692055636,0.0,0.0,0.0,0.0
267,5,181.11611870490765,0.01284048,187.87979118766356,8.631287789461032,0.0,10.0,0.0,0.0,0.0,0.0,181.11611870490765,0.0,0.0,0.0,0.0
267,6,82.98536930182618,0.02105376,86.08440798944625,4.661794370002555,0.0,5.0,0.0,0.0,0.0,0.0,82.98536930182618,0.0,0.0,0.0,0.0
267,7,0.0,0.03053952,0.0,0.0,0.0,0.0,0.0,0.0,0.0,0.0,0.0,0.0,0.0,0.0,0.0
267,8,0.0,0.031812,0.0,0.0,0.0,0.0,0.0,0.0,0.0,0.0,0.0,0.0,0.0,0.0,0.0
267,9,103.21241050819148,0.01226208,107.06681587986671,4.856773467287784,0.0,6.0,0.0,0.0,0.0,0.0,103.21241050819148,0.0,0.0,0.0,0.0
267,10,26.58842812337226,0.0098328,27.581356974452554,1.1841448827127765,0.0,1.0,0.0,0.0,0.0,0.0,26.58842812337226,0.0,0.0,0.0,0.0
267,11,0.0,-0.0003470399999999,0.0,0.0,0.0,0.0,0.0,0.0,0.0,0.0,0.0,0.0,0.0,0.0,0.0
267,12,0.0,-0.03030816,0.0,0.0,0.0,0.0,0.0,0.0,0.0,0.0,0.0,0.0,0.0,0.0,0.0
267,13,0.0,-0.02290464,0.0,0.0,0.0,0.0,0.0,0.0,0.0,0.0,0.0,0.0,0.0,0.0,0.0
267,14,0.0,-0.0003470399999999,0.0,0.0,0.0,0.0,0.0,0.0,0.0,0.0,0.0,0.0,0.0,0.0,0.0
267,15,0.0,0.05194032,0.0,0.0,0.0,0.0,0.0,0.0,0.0,0.0,0.0,0.0,0.0,0.0,0.0
267,16,0.0,0.0879167999999999,0.0,0.0,0.0,0.0,0.0,0.0,0.0,0.0,0.0,0.0,0.0,0.0,0.0
267,17,0.0,0.095436,0.0,0.0,0.0,0.0,0.0,0.0,0.0,0.0,0.0,0.0,0.0,0.0,0.0
267,18,0.0,0.09115584,0.0,0.0,0.0,0.0,0.0,0.0,0.0,0.0,0.0,0.0,0.0,0.0,0.0
267,19,0.0,0.06408672,0.0,0.0,0.0,0.0,0.0,0.0,0.0,0.0,0.0,0.0,0.0,0.0,0.0
267,20,0.0,0.05344416,0.0,0.0,0.0,0.0,0.0,0.0,0.0,0.0,0.0,0.0,0.0,0.0,0.0
267,21,0.0,0.03204336,0.0,0.0,0.0,1.0,0.0,0.0,0.0,0.0,0.0,0.0,0.0,0.0,0.0
267,22,56.88593813009258,0.01700496,59.010309263581526,2.9567091852393816,0.0,11.0,0.0,0.0,0.0,0.0,56.88593813009259,0.0,0.0,0.0,0.0
267,23,303.63410679520223,0.00277632,314.97313982904797,11.300077155911671,0.0,15.0,0.0,0.0,0.0,0.0,303.6341067952021,0.0,0.0,0.0,0.0
268,0,197.04523119919128,-0.00011568,204.40376680414033,6.742119253473142,0.0,6.0,0.0,0.0,0.0,0.0,197.04523119919065,0.0,0.0,0.0,0.0
268,1,133.29048218321174,-0.00960144,138.26813504482547,3.2491020674389333,0.0,7.0,0.0,0.0,0.0,0.0,133.29048218321174,0.0,0.0,0.0,0.0
268,2,237.3486547913402,-0.01712064,246.21229750139025,3.934314938201815,0.0,9.0,0.0,0.0,0.0,0.0,237.3486547913402,0.0,0.0,0.0,0.0
268,3,332.95241867131597,-0.01931856,345.38632642252696,4.75992093441247,0.0,10.0,0.0,0.0,0.0,0.0,332.95241867131597,0.0,0.0,0.0,0.0
268,4,229.8064315749251,-0.0071721599999999,238.38841449681033,6.1808966689270015,0.0,12.0,0.0,0.0,0.0,0.0,229.8064315749251,0.0,0.0,0.0,0.0
268,5,186.9989688492592,0.00011568,193.9823328311817,6.4432550929740255,0.0,9.0,0.0,0.0,0.0,0.0,186.998968849259,0.0,0.0,0.0,0.0
268,6,213.92025577607637,0.0121464,221.90897902082614,10.040582428367909,0.0,9.0,0.0,0.0,0.0,0.0,213.92025577607637,0.0,0.0,0.0,0.0
268,7,59.61543614394177,0.02174784,61.841738738528825,3.39188579165263,0.0,7.0,0.0,0.0,0.0,0.0,59.61543614394177,0.0,0.0,0.0,0.0
268,8,103.91686977176559,0.023136,107.79758275079418,6.06210486357366,0.0,7.0,0.0,0.0,0.0,0.0,103.91686977176559,0.0,0.0,0.0,0.0
268,9,149.7777973920297,0.01954992,155.37115912036282,8.180279097994372,0.0,7.0,0.0,0.0,0.0,0.0,149.77779739202975,0.0,0.0,0.0,0.0
268,10,93.56949044418067,0.0109895999999999,97.0637867678223,4.279503533078567,0.0,3.0,0.0,0.0,0.0,0.0,93.56949044418067,0.0,0.0,0.0,0.0
268,11,0.0,0.00127248,0.0,0.0,0.0,0.0,0.0,0.0,0.0,0.0,0.0,0.0,0.0,0.0,0.0
268,12,0.0,0.00011568,0.0,0.0,0.0,0.0,0.0,0.0,0.0,0.0,0.0,0.0,0.0,0.0,0.0
268,13,0.0,0.00011568,0.0,0.0,0.0,0.0,0.0,0.0,0.0,0.0,0.0,0.0,0.0,0.0,0.0
268,14,0.0,0.0,0.0,0.0,0.0,0.0,0.0,0.0,0.0,0.0,0.0,0.0,0.0,0.0,0.0
268,15,0.0,0.0,0.0,0.0,0.0,0.0,0.0,0.0,0.0,0.0,0.0,0.0,0.0,0.0,0.0
268,16,0.0,0.0,0.0,0.0,0.0,0.0,0.0,0.0,0.0,0.0,0.0,0.0,0.0,0.0,0.0
268,17,0.0,0.00011568,0.0,0.0,0.0,0.0,0.0,0.0,0.0,0.0,0.0,0.0,0.0,0.0,0.0
268,18,144.47550257396202,0.00011568,149.87085329249172,4.978062304290351,0.0,4.0,0.0,0.0,0.0,0.0,144.475502573962,0.0,0.0,0.0,0.0
268,19,0.0,-0.00023136,0.0,0.0,0.0,5.0,0.0,0.0,0.0,0.0,0.0,0.0,0.0,0.0,0.0
268,20,243.23078571887712,-0.00879168,252.31409306937456,6.133331714840139,0.0,11.0,0.0,0.0,0.0,0.0,243.23078571887712,0.0,0.0,0.0,0.0
268,21,247.7331681508424,-0.01931856,256.9846142643593,3.5416180424074124,0.0,11.0,0.0,0.0,0.0,0.0,247.7331681508424,0.0,0.0,0.0,0.0
268,22,318.1399349742639,-0.02892,330.0206794338837,1.3794864400336329,0.0,17.0,0.0,0.0,0.0,0.0,318.1399349742638,0.0,0.0,0.0,0.0
268,23,354.86605783656273,-0.0439583999999999,368.1183172578453,-3.9971759361125496,0.0,15.0,0.0,0.0,0.0,0.0,354.86605783656285,0.0,0.0,0.0,0.0
269,0,516.1219920531761,-0.04661904,535.3962573165727,-7.238043418513041,0.0,15.0,0.0,0.0,0.0,0.0,516.1219920531762,0.0,0.0,0.0,0.0
269,1,274.8600189727995,-0.0432643199999999,285.12450100912815,-2.8980966680970726,0.0,10.0,0.0,0.0,0.0,0.0,274.86001897279954,0.0,0.0,0.0,0.0
269,2,279.5666140278151,-0.03956256,290.00686102470445,-1.874186739783814,0.0,12.0,0.0,0.0,0.0,0.0,279.56661402781515,0.0,0.0,0.0,0.0
269,3,294.21449442176106,-0.02845728,305.2017576989223,1.4169663045039393,0.0,10.0,0.0,0.0,0.0,0.0,294.21449442176095,0.0,0.0,0.0,0.0
269,4,169.6530804946297,-0.00728784,175.98867271227147,4.542647778236785,0.0,8.0,0.0,0.0,0.0,0.0,169.6530804946297,0.0,0.0,0.0,0.0
269,5,190.35408711847364,0.008676,197.4627459735204,8.249203675789786,0.0,10.0,0.0,0.0,0.0,0.0,190.35408711847364,0.0,0.0,0.0,0.0
269,6,174.8419361273559,0.02475552,181.37130303667624,10.493331050264484,0.0,9.0,0.0,0.0,0.0,0.0,174.8419361273559,0.0,0.0,0.0,0.0
269,7,0.0,0.03944688,0.0,0.0,0.0,0.0,0.0,0.0,0.0,0.0,0.0,0.0,0.0,0.0,0.0
269,8,0.0,0.0532128,0.0,0.0,0.0,0.0,0.0,0.0,0.0,0.0,0.0,0.0,0.0,0.0,0.0
269,9,0.0,0.0566831999999999,0.0,0.0,0.0,0.0,0.0,0.0,0.0,0.0,0.0,0.0,0.0,0.0,0.0
269,10,0.0,0.05853408,0.0,0.0,0.0,0.0,0.0,0.0,0.0,0.0,0.0,0.0,0.0,0.0,0.0
269,11,0.0,0.05784,0.0,0.0,0.0,0.0,0.0,0.0,0.0,0.0,0.0,0.0,0.0,0.0,0.0
269,12,0.0,0.05795568,0.0,0.0,0.0,0.0,0.0,0.0,0.0,0.0,0.0,0.0,0.0,0.0,0.0
269,13,0.0,0.06003792,0.0,0.0,0.0,0.0,0.0,0.0,0.0,0.0,0.0,0.0,0.0,0.0,0.0
269,14,0.0,0.0666316799999999,0.0,0.0,0.0,0.0,0.0,0.0,0.0,0.0,0.0,0.0,0.0,0.0,0.0
269,15,0.0,0.06963936,0.0,0.0,0.0,0.0,0.0,0.0,0.0,0.0,0.0,0.0,0.0,0.0,0.0
269,16,0.0,1.26068064,0.0,0.0,0.0,0.0,0.0,0.0,0.0,0.0,0.0,0.0,0.0,0.0,0.0
269,17,0.0,0.3815126399999999,0.0,0.0,0.0,0.0,0.0,0.0,0.0,0.0,0.0,0.0,0.0,0.0,0.0
269,18,0.0,0.1312968,0.0,0.0,0.0,0.0,0.0,0.0,0.0,0.0,0.0,0.0,0.0,0.0,0.0
269,19,0.0,0.05691456,0.0,0.0,0.0,0.0,0.0,0.0,0.0,0.0,0.0,0.0,0.0,0.0,0.0
269,20,161.51992896820474,0.0190872,167.5517935354821,8.74405895959491,0.0,7.0,0.0,0.0,0.0,0.0,161.5199289682047,0.0,0.0,0.0,0.0
269,21,327.44431846691754,0.0049742399999999,339.67252952999746,12.932773410732176,0.0,14.0,0.0,0.0,0.0,0.0,327.4443184669174,0.0,0.0,0.0,0.0
269,22,469.9957219461395,-0.00046272,487.547429404709,15.912221966761718,0.0,15.0,0.0,0.0,0.0,0.0,469.9957219461394,0.0,0.0,0.0,0.0
269,23,251.8702576377835,0.01746768,261.27620086907007,13.212131317162857,0.0,14.0,0.0,0.0,0.0,0.0,251.87025763778354,0.0,0.0,0.0,0.0
270,0,395.33036703256454,0.01353456,410.09374173502556,19.12454120456655,0.0,15.0,0.0,0.0,0.0,0.0,395.33036703256454,0.0,0.0,0.0,0.0
270,1,182.05445038773013,0.01550112,188.85316430262466,9.178475300651577,0.0,10.0,0.0,0.0,0.0,0.0,182.05445038773016,0.0,0.0,0.0,0.0
270,2,405.92824956494,0.01515408,421.0873958142531,20.319184884612635,0.0,14.0,0.0,0.0,0.0,0.0,405.92824956494,0.0,0.0,0.0,0.0
270,3,340.9341077319714,0.0163108799999999,353.66608685889145,17.474952577854225,0.0,16.0,0.0,0.0,0.0,0.0,340.9341077319714,0.0,0.0,0.0,0.0
270,4,219.66218799129538,0.0254496,227.86534023993295,13.341424524911977,0.0,14.0,0.0,0.0,0.0,0.0,219.66218799129538,0.0,0.0,0.0,0.0
270,5,0.0,0.0370176,0.0,0.0,0.0,0.0,0.0,0.0,0.0,0.0,0.0,0.0,0.0,0.0,0.0
270,6,0.0,0.1115155199999999,0.0,0.0,0.0,1.0,0.0,0.0,0.0,0.0,0.0,0.0,0.0,0.0,0.0
270,7,0.0,1.44530592,0.0,0.0,0.0,0.0,0.0,0.0,0.0,0.0,0.0,0.0,0.0,0.0,0.0
270,8,0.0,0.6703656,0.0,0.0,0.0,0.0,0.0,0.0,0.0,0.0,0.0,0.0,0.0,0.0,0.0
270,9,0.0,0.0798191999999999,0.0,0.0,0.0,0.0,0.0,0.0,0.0,0.0,0.0,0.0,0.0,0.0,0.0
270,10,0.0,0.06582192,0.0,0.0,0.0,0.0,0.0,0.0,0.0,0.0,0.0,0.0,0.0,0.0,0.0
270,11,0.0,0.05471664,0.0,0.0,0.0,0.0,0.0,0.0,0.0,0.0,0.0,0.0,0.0,0.0,0.0
270,12,0.0,0.03805872,0.0,0.0,0.0,0.0,0.0,0.0,0.0,0.0,0.0,0.0,0.0,0.0,0.0
270,13,0.0,0.03400992,0.0,0.0,0.0,0.0,0.0,0.0,0.0,0.0,0.0,0.0,0.0,0.0,0.0
270,14,0.0,0.03389424,0.0,0.0,0.0,0.0,0.0,0.0,0.0,0.0,0.0,0.0,0.0,0.0,0.0
270,15,0.0,0.03782736,0.0,0.0,0.0,0.0,0.0,0.0,0.0,0.0,0.0,0.0,0.0,0.0,0.0
270,16,0.0,0.04442112,0.0,0.0,0.0,0.0,0.0,0.0,0.0,0.0,0.0,0.0,0.0,0.0,0.0
270,17,0.0,0.0567988799999999,0.0,0.0,0.0,0.0,0.0,0.0,0.0,0.0,0.0,0.0,0.0,0.0,0.0
270,18,0.0,0.0573772799999999,0.0,0.0,0.0,0.0,0.0,0.0,0.0,0.0,0.0,0.0,0.0,0.0,0.0
270,19,0.0,0.03967824,0.0,0.0,0.0,0.0,0.0,0.0,0.0,0.0,0.0,0.0,0.0,0.0,0.0
270,20,0.0,0.0341256,0.0,0.0,0.0,1.0,0.0,0.0,0.0,0.0,0.0,0.0,0.0,0.0,0.0
270,21,148.94073006231434,0.02637504,154.5028320148489,9.189062114196417,0.0,7.0,0.0,0.0,0.0,0.0,148.94073006231434,0.0,0.0,0.0,0.0
270,22,401.2826498234298,0.0237144,416.2683089454666,23.650034211751315,0.0,12.0,0.0,0.0,0.0,0.0,401.2826498234291,0.0,0.0,0.0,0.0
270,23,213.6916039297099,0.02383008,221.67178830882773,12.619792642164628,0.0,11.0,0.0,0.0,0.0,0.0,213.6916039297099,0.0,0.0,0.0,0.0
271,0,373.1126965588302,0.02290464,387.0463657249276,21.676392375732906,0.0,12.0,0.0,0.0,0.0,0.0,373.11269655883007,0.0,0.0,0.0,0.0
271,1,410.396636595516,0.0214008,425.7226520700373,23.202225115938695,0.0,17.0,0.0,0.0,0.0,0.0,410.39663659551593,0.0,0.0,0.0,0.0
271,2,558.375807301772,0.01931856,579.2280158732077,30.36229850373068,0.0,17.0,0.0,0.0,0.0,0.0,558.3758073017719,0.0,0.0,0.0,0.0
271,3,398.45548986676806,0.02394576,413.3355704012117,23.579041748570628,0.0,16.0,0.0,0.0,0.0,0.0,398.45548986676806,0.0,0.0,0.0,0.0
271,4,0.0,0.04407408,0.0,0.0,0.0,0.0,0.0,0.0,0.0,0.0,0.0,0.0,0.0,0.0,0.0
271,5,0.0,0.09242832,0.0,0.0,0.0,0.0,0.0,0.0,0.0,0.0,0.0,0.0,0.0,0.0,0.0
271,6,0.0,0.3815126399999999,0.0,0.0,0.0,0.0,0.0,0.0,0.0,0.0,0.0,0.0,0.0,0.0,0.0
271,7,0.0,0.47648592,0.0,0.0,0.0,0.0,0.0,0.0,0.0,0.0,0.0,0.0,0.0,0.0,0.0
271,8,0.0,0.387528,0.0,0.0,0.0,0.0,0.0,0.0,0.0,0.0,0.0,0.0,0.0,0.0,0.0
271,9,0.0,0.36520176,0.0,0.0,0.0,0.0,0.0,0.0,0.0,0.0,0.0,0.0,0.0,0.0,0.0
271,10,0.0,0.13835328,0.0,0.0,0.0,0.0,0.0,0.0,0.0,0.0,0.0,0.0,0.0,0.0,0.0
271,11,0.0,0.10954896,0.0,0.0,0.0,0.0,0.0,0.0,0.0,0.0,0.0,0.0,0.0,0.0,0.0
271,12,0.0,0.09161856,0.0,0.0,0.0,0.0,0.0,0.0,0.0,0.0,0.0,0.0,0.0,0.0,0.0
271,13,0.0,0.07299408,0.0,0.0,0.0,0.0,0.0,0.0,0.0,0.0,0.0,0.0,0.0,0.0,0.0
271,14,0.0,0.06744144,0.0,0.0,0.0,0.0,0.0,0.0,0.0,0.0,0.0,0.0,0.0,0.0,0.0
271,15,0.0,0.0740352,0.0,0.0,0.0,0.0,0.0,0.0,0.0,0.0,0.0,0.0,0.0,0.0,0.0
271,16,0.0,0.34704,0.0,0.0,0.0,0.0,0.0,0.0,0.0,0.0,0.0,0.0,0.0,0.0,0.0
271,17,0.0,0.34715568,0.0,0.0,0.0,0.0,0.0,0.0,0.0,0.0,0.0,0.0,0.0,0.0,0.0
271,18,0.0,0.0497424,0.0,0.0,0.0,0.0,0.0,0.0,0.0,0.0,0.0,0.0,0.0,0.0,0.0
271,19,0.0,0.03169632,0.0,0.0,0.0,2.0,0.0,0.0,0.0,0.0,0.0,0.0,0.0,0.0,0.0
271,20,302.4135593717979,0.01943424,313.70701179647085,16.48035944739863,0.0,11.0,0.0,0.0,0.0,0.0,302.41355937179765,0.0,0.0,0.0,0.0
271,21,311.8913918798441,0.0006940799999999,323.5387882570998,10.933695693463457,0.0,9.0,0.0,0.0,0.0,0.0,311.89139187984404,0.0,0.0,0.0,0.0
271,22,396.4060681695792,-0.0075191999999999,411.2096142837959,10.519070901070965,0.0,11.0,0.0,0.0,0.0,0.0,396.40606816957916,0.0,0.0,0.0,0.0
271,23,321.89514562616864,-0.0069408,333.91612616822476,8.734978727659824,0.0,13.0,0.0,0.0,0.0,0.0,321.89514562616847,0.0,0.0,0.0,0.0
272,0,463.14375826857605,-0.0069408,480.4395832661577,12.567915146576071,0.0,14.0,0.0,0.0,0.0,0.0,463.1437582685759,0.0,0.0,0.0,0.0
272,1,428.58802387339693,-0.00659376,444.5933857607853,11.784498985387957,0.0,16.0,0.0,0.0,0.0,0.0,428.5880238733964,0.0,0.0,0.0,0.0
272,2,282.03051433229285,-0.0041644799999999,292.56277420362323,8.465456004224453,0.0,13.0,0.0,0.0,0.0,0.0,282.03051433229285,0.0,0.0,0.0,0.0
272,3,382.8628637901132,0.0,397.1606470851797,13.146017418519447,0.0,12.0,0.0,0.0,0.0,0.0,382.8628637901132,0.0,0.0,0.0,0.0
272,4,134.05054342532048,0.0190872,139.0565803167225,7.2569735683048595,0.0,6.0,0.0,0.0,0.0,0.0,134.05054342531974,0.0,0.0,0.0,0.0
272,5,0.0,0.0402566399999999,0.0,0.0,0.0,0.0,0.0,0.0,0.0,0.0,0.0,0.0,0.0,0.0,0.0
272,6,0.0,0.05969088,0.0,0.0,0.0,0.0,0.0,0.0,0.0,0.0,0.0,0.0,0.0,0.0,0.0
272,7,0.0,0.07658016,0.0,0.0,0.0,0.0,0.0,0.0,0.0,0.0,0.0,0.0,0.0,0.0,0.0
272,8,0.0,0.0812073599999999,0.0,0.0,0.0,1.0,0.0,0.0,0.0,0.0,0.0,0.0,0.0,0.0,0.0
272,9,0.0,0.0803976,0.0,0.0,0.0,1.0,0.0,0.0,0.0,0.0,0.0,0.0,0.0,0.0,0.0
272,10,0.0,0.07912512,0.0,0.0,0.0,0.0,0.0,0.0,0.0,0.0,0.0,0.0,0.0,0.0,0.0
272,11,0.0,0.0723,0.0,0.0,0.0,0.0,0.0,0.0,0.0,0.0,0.0,0.0,0.0,0.0,0.0
272,12,0.0,0.07218432,0.0,0.0,0.0,0.0,0.0,0.0,0.0,0.0,0.0,0.0,0.0,0.0,0.0
272,13,0.0,0.06744144,0.0,0.0,0.0,0.0,0.0,0.0,0.0,0.0,0.0,0.0,0.0,0.0,0.0
272,14,0.0,0.06744144,0.0,0.0,0.0,0.0,0.0,0.0,0.0,0.0,0.0,0.0,0.0,0.0,0.0
272,15,0.0,0.0683668799999999,0.0,0.0,0.0,0.0,0.0,0.0,0.0,0.0,0.0,0.0,0.0,0.0,0.0
272,16,0.0,0.0699863999999999,0.0,0.0,0.0,0.0,0.0,0.0,0.0,0.0,0.0,0.0,0.0,0.0,0.0
272,17,0.0,0.0611947199999999,0.0,0.0,0.0,0.0,0.0,0.0,0.0,0.0,0.0,0.0,0.0,0.0,0.0
272,18,0.0,0.0577243199999999,0.0,0.0,0.0,0.0,0.0,0.0,0.0,0.0,0.0,0.0,0.0,0.0,0.0
272,19,0.0,0.04210752,0.0,0.0,0.0,0.0,0.0,0.0,0.0,0.0,0.0,0.0,0.0,0.0,0.0
272,20,0.0,0.0304238399999999,0.0,0.0,0.0,1.0,0.0,0.0,0.0,0.0,0.0,0.0,0.0,0.0,0.0
272,21,151.29253806791579,0.01978128,156.94246687543134,8.29931853473041,0.0,4.0,0.0,0.0,0.0,0.0,151.29253806791579,0.0,0.0,0.0,0.0
272,22,138.21245609019067,0.00185088,143.37391710600693,5.011044571901995,0.0,4.0,0.0,0.0,0.0,0.0,138.21245609019016,0.0,0.0,0.0,0.0
272,23,128.40815056919482,-0.00023136,133.20347569418553,4.378217089340933,0.0,6.0,0.0,0.0,0.0,0.0,128.40815056919482,0.0,0.0,0.0,0.0
273,0,108.7333207793132,-0.00046272,112.79390122335394,3.6812861365189447,0.0,3.0,0.0,0.0,0.0,0.0,108.7333207793132,0.0,0.0,0.0,0.0
273,1,89.44111022921871,-0.00080976,92.78123467761279,2.995928335236439,0.0,3.0,0.0,0.0,0.0,0.0,89.44111022921871,0.0,0.0,0.0,0.0
273,2,294.7470746075942,-0.00023136,305.75422677136334,10.049725608226304,0.0,7.0,0.0,0.0,0.0,0.0,294.7470746075942,0.0,0.0,0.0,0.0
273,3,60.301036045023025,0.0,62.552941955418085,2.0705023787243384,0.0,3.0,0.0,0.0,0.0,0.0,60.30103604502284,0.0,0.0,0.0,0.0
273,4,137.41685375410918,0.00011568,142.54860347936636,4.734848797617519,0.0,4.0,0.0,0.0,0.0,0.0,137.41685375410918,0.0,0.0,0.0,0.0
273,5,214.94592545993765,0.00080976,222.97295172192707,7.560959279382133,0.0,7.0,0.0,0.0,0.0,0.0,214.9459254599377,0.0,0.0,0.0,0.0
273,6,60.96440177979563,0.0143443199999999,63.24108068443531,3.0004300691381616,0.0,7.0,0.0,0.0,0.0,0.0,60.96440177979563,0.0,0.0,0.0,0.0
273,7,52.48659065647605,0.02290464,54.44667080547308,3.04926619765903,0.0,4.0,0.0,0.0,0.0,0.0,52.48659065647605,0.0,0.0,0.0,0.0
273,8,86.37449088004826,0.02475552,89.600094273909,5.183860046266027,0.0,5.0,0.0,0.0,0.0,0.0,86.37449088004826,0.0,0.0,0.0,0.0
273,9,177.504388908023,0.017352,184.13318351454672,9.28988737467591,0.0,4.0,0.0,0.0,0.0,0.0,177.504388908023,0.0,0.0,0.0,0.0
273,10,27.5630597035409,0.00046272,28.592385584586,0.9596382315074962,0.0,1.0,0.0,0.0,0.0,0.0,27.5630597035409,0.0,0.0,0.0,0.0
273,11,0.0,-0.00196656,0.0,0.0,0.0,0.0,0.0,0.0,0.0,0.0,0.0,0.0,0.0,0.0,0.0
273,12,0.0,-0.0127248,0.0,0.0,0.0,0.0,0.0,0.0,0.0,0.0,0.0,0.0,0.0,0.0,0.0
273,13,0.0,-0.02001264,0.0,0.0,0.0,0.0,0.0,0.0,0.0,0.0,0.0,0.0,0.0,0.0,0.0
273,14,0.0,-0.01550112,0.0,0.0,0.0,0.0,0.0,0.0,0.0,0.0,0.0,0.0,0.0,0.0,0.0
273,15,0.0,-0.01226208,0.0,0.0,0.0,0.0,0.0,0.0,0.0,0.0,0.0,0.0,0.0,0.0,0.0
273,16,0.0,-0.0092544,0.0,0.0,0.0,0.0,0.0,0.0,0.0,0.0,0.0,0.0,0.0,0.0,0.0
273,17,0.0,-0.0049742399999999,0.0,0.0,0.0,0.0,0.0,0.0,0.0,0.0,0.0,0.0,0.0,0.0,0.0
273,18,143.10717053666812,-0.00451152,148.45142171853544,4.244000500771916,0.0,4.0,0.0,0.0,0.0,0.0,143.10717053666815,0.0,0.0,0.0,0.0
273,19,125.05788257655564,-0.00948576,129.72809395908266,3.0634303454923275,0.0,6.0,0.0,0.0,0.0,0.0,125.05788257655564,0.0,0.0,0.0,0.0
273,20,223.10223890078714,-0.01203072,231.43385778089953,4.87614475106595,0.0,7.0,0.0,0.0,0.0,0.0,223.10223890078714,0.0,0.0,0.0,0.0
273,21,151.67514171090858,-0.01295616,157.33935862127447,3.1694188657695728,0.0,8.0,0.0,0.0,0.0,0.0,151.67514171090855,0.0,0.0,0.0,0.0
273,22,171.85936597511417,-0.01943424,178.27735059659148,2.4362954866888757,0.0,8.0,0.0,0.0,0.0,0.0,171.85936597511417,0.0,0.0,0.0,0.0
273,23,143.94080261060415,-0.02302032,149.3161852807097,1.5050593664502638,0.0,7.0,0.0,0.0,0.0,0.0,143.94080261060415,0.0,0.0,0.0,0.0
274,0,172.77656651350435,-0.02336736,179.22880343724523,1.7443694214854697,0.0,7.0,0.0,0.0,0.0,0.0,172.77656651350435,0.0,0.0,0.0,0.0
274,1,329.9986120945314,-0.02406144,342.32221171631886,3.0940998499306507,0.0,13.0,0.0,0.0,0.0,0.0,329.9986120945314,0.0,0.0,0.0,0.0
274,2,294.78528435064504,-0.02417712,305.7938634342791,2.7285619481604595,0.0,10.0,0.0,0.0,0.0,0.0,294.78528435064504,0.0,0.0,0.0,0.0
274,3,165.93858688303035,-0.02394576,172.13546357160828,1.575769346045759,0.0,10.0,0.0,0.0,0.0,0.0,165.93858688303035,0.0,0.0,0.0,0.0
274,4,299.52139510118576,-0.02394576,310.70684139127155,2.844284995737633,0.0,11.0,0.0,0.0,0.0,0.0,299.52139510118576,0.0,0.0,0.0,0.0
274,5,218.2049066103171,-0.023136,226.35363756256962,2.2553876446734433,0.0,7.0,0.0,0.0,0.0,0.0,218.2049066103171,0.0,0.0,0.0,0.0
274,6,147.33142380336818,-0.02070672,152.83342718191724,1.8941074564251108,0.0,7.0,0.0,0.0,0.0,0.0,147.33142380336818,0.0,0.0,0.0,0.0
274,7,136.76636877695304,-0.01237776,141.87382653210898,2.9399434831167293,0.0,8.0,0.0,0.0,0.0,0.0,136.76636877695304,0.0,0.0,0.0,0.0
274,8,200.4144715729793,-0.00185088,207.89882943255117,6.496655468797322,0.0,7.0,0.0,0.0,0.0,0.0,200.4144715729793,0.0,0.0,0.0,0.0
274,9,163.64900661204936,0.0,169.7603803029558,5.619068588027837,0.0,6.0,0.0,0.0,0.0,0.0,163.64900661204936,0.0,0.0,0.0,0.0
274,10,44.10693668180881,0.00451152,45.75408369482243,1.7208806339694873,0.0,3.0,0.0,0.0,0.0,0.0,44.10693668180881,0.0,0.0,0.0,0.0
274,11,0.0,-0.0005784,0.0,0.0,0.0,0.0,0.0,0.0,0.0,0.0,0.0,0.0,0.0,0.0,0.0
274,12,0.0,-0.02186352,0.0,0.0,0.0,0.0,0.0,0.0,0.0,0.0,0.0,0.0,0.0,0.0,0.0
274,13,0.0,-0.00844464,0.0,0.0,0.0,0.0,0.0,0.0,0.0,0.0,0.0,0.0,0.0,0.0,0.0
274,14,0.0,0.01769904,0.0,0.0,0.0,0.0,0.0,0.0,0.0,0.0,0.0,0.0,0.0,0.0,0.0
274,15,0.0,0.03724896,0.0,0.0,0.0,0.0,0.0,0.0,0.0,0.0,0.0,0.0,0.0,0.0,0.0
274,16,0.0,0.05541072,0.0,0.0,0.0,0.0,0.0,0.0,0.0,0.0,0.0,0.0,0.0,0.0,0.0
274,17,0.0,0.06570624,0.0,0.0,0.0,0.0,0.0,0.0,0.0,0.0,0.0,0.0,0.0,0.0,0.0
274,18,0.0,0.0683668799999999,0.0,0.0,0.0,0.0,0.0,0.0,0.0,0.0,0.0,0.0,0.0,0.0,0.0
274,19,0.0,0.05760864,0.0,0.0,0.0,0.0,0.0,0.0,0.0,0.0,0.0,0.0,0.0,0.0,0.0
274,20,0.0,0.0564518399999999,0.0,0.0,0.0,0.0,0.0,0.0,0.0,0.0,0.0,0.0,0.0,0.0,0.0
274,21,68.5059973840706,0.049164,71.06431263907739,5.846034614941063,0.0,11.0,0.0,0.0,0.0,0.0,68.50599738407053,0.0,0.0,0.0,0.0
274,22,161.45628295995868,0.0415291199999999,167.48577070535134,12.499315680262134,0.0,13.0,0.0,0.0,0.0,0.0,161.45628295995868,0.0,0.0,0.0,0.0
274,23,348.66089778354353,0.03227472,361.6814292360409,23.644822165505992,0.0,19.0,0.0,0.0,0.0,0.0,348.66089778354353,0.0,0.0,0.0,0.0
275,0,368.3377578817077,0.03215904,382.09310983579644,24.93502953849863,0.0,19.0,0.0,0.0,0.0,0.0,368.3377578817077,0.0,0.0,0.0,0.0
275,1,319.86691350421245,0.03366288,331.81215093797965,22.152734815614224,0.0,17.0,0.0,0.0,0.0,0.0,319.866913504212,0.0,0.0,0.0,0.0
275,2,253.0526333922648,0.0364392,262.50273173471453,18.25422996264666,0.0,14.0,0.0,0.0,0.0,0.0,253.0526333922648,0.0,0.0,0.0,0.0
275,3,141.03054035402533,0.0446524799999999,146.2972410311466,11.374973307329391,0.0,10.0,0.0,0.0,0.0,0.0,141.03054035402533,0.0,0.0,0.0,0.0
275,4,0.0,0.05760864,0.0,0.0,0.0,0.0,0.0,0.0,0.0,0.0,0.0,0.0,0.0,0.0,0.0
275,5,0.0,0.0865286399999999,0.0,0.0,0.0,1.0,0.0,0.0,0.0,0.0,0.0,0.0,0.0,0.0,0.0
275,6,0.0,0.3805872,0.0,0.0,0.0,1.0,0.0,0.0,0.0,0.0,0.0,0.0,0.0,0.0,0.0
275,7,0.0,1.6314350400000002,0.0,0.0,0.0,0.0,0.0,0.0,0.0,0.0,0.0,0.0,0.0,0.0,0.0
275,8,0.0,1.33032,0.0,0.0,0.0,0.0,0.0,0.0,0.0,0.0,0.0,0.0,0.0,0.0,0.0
275,9,0.0,0.13210656,0.0,0.0,0.0,0.0,0.0,0.0,0.0,0.0,0.0,0.0,0.0,0.0,0.0
275,10,0.0,0.1255128,0.0,0.0,0.0,0.0,0.0,0.0,0.0,0.0,0.0,0.0,0.0,0.0,0.0
275,11,0.0,0.11209392,0.0,0.0,0.0,0.0,0.0,0.0,0.0,0.0,0.0,0.0,0.0,0.0,0.0
275,12,0.0,0.1052688,0.0,0.0,0.0,0.0,0.0,0.0,0.0,0.0,0.0,0.0,0.0,0.0,0.0
275,13,0.0,0.10249248,0.0,0.0,0.0,0.0,0.0,0.0,0.0,0.0,0.0,0.0,0.0,0.0,0.0
275,14,0.0,0.10364928,0.0,0.0,0.0,0.0,0.0,0.0,0.0,0.0,0.0,0.0,0.0,0.0,0.0
275,15,0.0,0.10792944,0.0,0.0,0.0,0.0,0.0,0.0,0.0,0.0,0.0,0.0,0.0,0.0,0.0
275,16,0.0,0.11938176,0.0,0.0,0.0,0.0,0.0,0.0,0.0,0.0,0.0,0.0,0.0,0.0,0.0
275,17,0.0,0.11880336,0.0,0.0,0.0,0.0,0.0,0.0,0.0,0.0,0.0,0.0,0.0,0.0,0.0
275,18,0.0,0.11463888,0.0,0.0,0.0,0.0,0.0,0.0,0.0,0.0,0.0,0.0,0.0,0.0,0.0
275,19,0.0,0.07970352,0.0,0.0,0.0,0.0,0.0,0.0,0.0,0.0,0.0,0.0,0.0,0.0,0.0
275,20,0.0,0.05795568,0.0,0.0,0.0,1.0,0.0,0.0,0.0,0.0,0.0,0.0,0.0,0.0,0.0
275,21,95.21213833217034,0.04835424,98.7677783528738,8.045054322221787,0.0,4.0,0.0,0.0,0.0,0.0,95.21213833217034,0.0,0.0,0.0,0.0
275,22,230.9574461232732,0.0358608,239.58241299094732,16.521794865786116,0.0,7.0,0.0,0.0,0.0,0.0,230.9574461232732,0.0,0.0,0.0,0.0
275,23,247.15490484410793,0.03458832,256.3847560623526,17.354253411470463,0.0,10.0,0.0,0.0,0.0,0.0,247.15490484410782,0.0,0.0,0.0,0.0
276,0,504.8056144083803,0.03424128,523.657276357241,35.26375127121035,0.0,15.0,0.0,0.0,0.0,0.0,504.8056144083803,0.0,0.0,0.0,0.0
276,1,408.75858625433585,0.03424128,424.0234297244147,28.554280507632136,0.0,14.0,0.0,0.0,0.0,0.0,408.75858625433574,0.0,0.0,0.0,0.0
276,2,378.94524604835914,0.03435696,393.0967282659327,26.517110274765894,0.0,14.0,0.0,0.0,0.0,0.0,378.9452460483592,0.0,0.0,0.0,0.0
276,3,332.1007194394974,0.0370176,344.50282099532933,24.155711001422105,0.0,11.0,0.0,0.0,0.0,0.0,332.1007194394974,0.0,0.0,0.0,0.0
276,4,219.85654613705773,0.05101488,228.0669565737114,19.183824684162946,0.0,9.0,0.0,0.0,0.0,0.0,219.85654613705773,0.0,0.0,0.0,0.0
276,5,0.0,0.07125888,0.0,0.0,0.0,0.0,0.0,0.0,0.0,0.0,0.0,0.0,0.0,0.0,0.0
276,6,0.0,0.13488288,0.0,0.0,0.0,0.0,0.0,0.0,0.0,0.0,0.0,0.0,0.0,0.0,0.0
276,7,0.0,0.12354624,0.0,0.0,0.0,0.0,0.0,0.0,0.0,0.0,0.0,0.0,0.0,0.0,0.0
276,8,0.0,0.0570302399999999,0.0,0.0,0.0,1.0,0.0,0.0,0.0,0.0,0.0,0.0,0.0,0.0,0.0
276,9,203.28756152509578,0.03829008,210.87921320030688,15.054683900706962,0.0,8.0,0.0,0.0,0.0,0.0,203.28756152509567,0.0,0.0,0.0,0.0
276,10,39.819642541349324,0.03458832,41.3066831341798,2.7959799861249652,0.0,1.0,0.0,0.0,0.0,0.0,39.819642541349324,0.0,0.0,0.0,0.0
276,11,55.50876793812185,0.03447264,57.58170947937952,3.890948125234699,0.0,1.0,0.0,0.0,0.0,0.0,55.50876793812185,0.0,0.0,0.0,0.0
276,12,0.0,0.03215904,0.0,0.0,0.0,0.0,0.0,0.0,0.0,0.0,0.0,0.0,0.0,0.0,0.0
276,13,0.0,0.03053952,0.0,0.0,0.0,0.0,0.0,0.0,0.0,0.0,0.0,0.0,0.0,0.0,0.0
276,14,0.0,0.02984544,0.0,0.0,0.0,0.0,0.0,0.0,0.0,0.0,0.0,0.0,0.0,0.0,0.0
276,15,0.0,0.03377856,0.0,0.0,0.0,0.0,0.0,0.0,0.0,0.0,0.0,0.0,0.0,0.0,0.0
276,16,0.0,0.05760864,0.0,0.0,0.0,0.0,0.0,0.0,0.0,0.0,0.0,0.0,0.0,0.0,0.0
276,17,0.0,0.09613008,0.0,0.0,0.0,0.0,0.0,0.0,0.0,0.0,0.0,0.0,0.0,0.0,0.0
276,18,0.0,0.08814816,0.0,0.0,0.0,0.0,0.0,0.0,0.0,0.0,0.0,0.0,0.0,0.0,0.0
276,19,0.0,0.06223584,0.0,0.0,0.0,1.0,0.0,0.0,0.0,0.0,0.0,0.0,0.0,0.0,0.0
276,20,27.084058356758156,0.04731312,28.095496220703485,2.259246509054976,0.0,4.0,0.0,0.0,0.0,0.0,27.08405835675816,0.0,0.0,0.0,0.0
276,21,189.83717111559773,0.03111792,196.92652605352464,12.64621189598316,0.0,8.0,0.0,0.0,0.0,0.0,189.83717111559773,0.0,0.0,0.0,0.0
276,22,248.02699124042005,0.00844464,257.28941000043585,10.688995914280504,0.0,8.0,0.0,0.0,0.0,0.0,248.02699124041948,0.0,0.0,0.0,0.0
276,23,207.2756115629086,0.00150384,215.0161945673326,7.440385994216847,0.0,8.0,0.0,0.0,0.0,0.0,207.2756115629086,0.0,0.0,0.0,0.0
277,0,248.72179434317474,0.00011568,258.01016010702773,8.569982914863798,0.0,8.0,0.0,0.0,0.0,0.0,248.72179434317474,0.0,0.0,0.0,0.0
277,1,291.0222816514782,-0.00023136,301.8903336633591,9.922724696660831,0.0,9.0,0.0,0.0,0.0,0.0,291.02228165147767,0.0,0.0,0.0,0.0
277,2,393.16883994490547,-0.00080976,407.8514937187816,13.169622616537954,0.0,12.0,0.0,0.0,0.0,0.0,393.16883994490547,0.0,0.0,0.0,0.0
277,3,427.0245357331278,-0.0010411199999999,442.9715100966057,14.201170485605912,0.0,13.0,0.0,0.0,0.0,0.0,427.0245357331278,0.0,0.0,0.0,0.0
277,4,360.4899812281231,-0.0006940799999999,373.952262684775,12.11826710838184,0.0,12.0,0.0,0.0,0.0,0.0,360.4899812281231,0.0,0.0,0.0,0.0
277,5,66.47269918948767,0.01816176,68.95508214677145,3.5347588717880827,0.0,8.0,0.0,0.0,0.0,0.0,66.47269918948767,0.0,0.0,0.0,0.0
277,6,117.47348609069815,0.054948,121.8604627496869,10.729570024184431,0.0,7.0,0.0,0.0,0.0,0.0,117.47348609069815,0.0,0.0,0.0,0.0
277,7,0.0,0.0573772799999999,0.0,0.0,0.0,0.0,0.0,0.0,0.0,0.0,0.0,0.0,0.0,0.0,0.0
277,8,189.5115975155582,0.04754448,196.58879410327614,15.85380107428577,0.0,8.0,0.0,0.0,0.0,0.0,189.5115975155582,0.0,0.0,0.0,0.0
277,9,239.38776758837508,0.0319276799999999,248.32755973897838,16.14816508988714,0.0,9.0,0.0,0.0,0.0,0.0,239.38776758837508,0.0,0.0,0.0,0.0
277,10,92.59356307428072,0.02221056,96.05141397746962,5.312657495885672,0.0,2.0,0.0,0.0,0.0,0.0,92.59356307428021,0.0,0.0,0.0,0.0
277,11,0.0,0.01712064,0.0,0.0,0.0,0.0,0.0,0.0,0.0,0.0,0.0,0.0,0.0,0.0,0.0
277,12,0.0,0.0143443199999999,0.0,0.0,0.0,0.0,0.0,0.0,0.0,0.0,0.0,0.0,0.0,0.0,0.0
277,13,0.0,0.0153854399999999,0.0,0.0,0.0,0.0,0.0,0.0,0.0,0.0,0.0,0.0,0.0,0.0,0.0
277,14,0.0,0.01642656,0.0,0.0,0.0,0.0,0.0,0.0,0.0,0.0,0.0,0.0,0.0,0.0,0.0
277,15,0.0,0.0282259199999999,0.0,0.0,0.0,0.0,0.0,0.0,0.0,0.0,0.0,0.0,0.0,0.0,0.0
277,16,0.0,0.03678624,0.0,0.0,0.0,0.0,0.0,0.0,0.0,0.0,0.0,0.0,0.0,0.0,0.0
277,17,0.0,0.03667056,0.0,0.0,0.0,0.0,0.0,0.0,0.0,0.0,0.0,0.0,0.0,0.0,0.0
277,18,81.42884115884925,0.02915136,84.4697522394702,5.258356955770065,0.0,2.0,0.0,0.0,0.0,0.0,81.42884115884925,0.0,0.0,0.0,0.0
277,19,105.4146540099249,0.01839312,109.35130084017106,5.630839656319029,0.0,6.0,0.0,0.0,0.0,0.0,105.4146540099249,0.0,0.0,0.0,0.0
277,20,285.1808298976025,0.00150384,295.8307364083014,10.236879469755035,0.0,12.0,0.0,0.0,0.0,0.0,285.1808298976025,0.0,0.0,0.0,0.0
277,21,271.8705352136088,0.0,282.02337677760244,9.33497377133864,0.0,13.0,0.0,0.0,0.0,0.0,271.8705352136088,0.0,0.0,0.0,0.0
277,22,573.6711369214439,-0.0035860799999999,595.0945403749417,17.56357265706286,0.0,18.0,0.0,0.0,0.0,0.0,573.6711369214437,0.0,0.0,0.0,0.0
277,23,325.7032014420246,0.0,337.8663915373699,11.183377559886944,0.0,13.0,0.0,0.0,0.0,0.0,325.7032014420246,0.0,0.0,0.0,0.0
278,0,231.1500184114821,-0.0003470399999999,239.7821767753964,7.85357604463751,0.0,9.0,0.0,0.0,0.0,0.0,231.15001841148214,0.0,0.0,0.0,0.0
278,1,372.0061515622923,-0.0006940799999999,385.89849747125766,12.505395837173813,0.0,11.0,0.0,0.0,0.0,0.0,372.00615156229236,0.0,0.0,0.0,0.0
278,2,295.6877422305005,-0.0005784,306.7300230606852,9.975351117970378,0.0,12.0,0.0,0.0,0.0,0.0,295.6877422304998,0.0,0.0,0.0,0.0
278,3,340.36390905034926,-0.00011568,353.07459445056986,11.645925407227818,0.0,12.0,0.0,0.0,0.0,0.0,340.36390905034926,0.0,0.0,0.0,0.0
278,4,245.82004617605085,0.00127248,255.0000479004677,8.764984046457869,0.0,14.0,0.0,0.0,0.0,0.0,245.8200461760509,0.0,0.0,0.0,0.0
278,5,170.10436075777176,0.03447264,176.4568057653234,11.92365221153012,0.0,7.0,0.0,0.0,0.0,0.0,170.10436075777176,0.0,0.0,0.0,0.0
278,6,0.0,0.0574929599999999,0.0,0.0,0.0,0.0,0.0,0.0,0.0,0.0,0.0,0.0,0.0,0.0,0.0
278,7,0.0,0.08074464,0.0,0.0,0.0,0.0,0.0,0.0,0.0,0.0,0.0,0.0,0.0,0.0,0.0
278,8,0.0,0.09034608,0.0,0.0,0.0,0.0,0.0,0.0,0.0,0.0,0.0,0.0,0.0,0.0,0.0
278,9,0.0,0.08467776,0.0,0.0,0.0,0.0,0.0,0.0,0.0,0.0,0.0,0.0,0.0,0.0,0.0
278,10,0.0,0.07970352,0.0,0.0,0.0,0.0,0.0,0.0,0.0,0.0,0.0,0.0,0.0,0.0,0.0
278,11,0.0,0.06570624,0.0,0.0,0.0,0.0,0.0,0.0,0.0,0.0,0.0,0.0,0.0,0.0,0.0
278,12,0.0,0.0577243199999999,0.0,0.0,0.0,0.0,0.0,0.0,0.0,0.0,0.0,0.0,0.0,0.0,0.0
278,13,0.0,0.0573772799999999,0.0,0.0,0.0,0.0,0.0,0.0,0.0,0.0,0.0,0.0,0.0,0.0,0.0
278,14,0.0,0.0601535999999999,0.0,0.0,0.0,0.0,0.0,0.0,0.0,0.0,0.0,0.0,0.0,0.0,0.0
278,15,0.0,0.083868,0.0,0.0,0.0,0.0,0.0,0.0,0.0,0.0,0.0,0.0,0.0,0.0,0.0
278,16,0.0,0.09578304,0.0,0.0,0.0,0.0,0.0,0.0,0.0,0.0,0.0,0.0,0.0,0.0,0.0
278,17,0.0,0.59158752,0.0,0.0,0.0,0.0,0.0,0.0,0.0,0.0,0.0,0.0,0.0,0.0,0.0
278,18,0.0,1.6185945599999998,0.0,0.0,0.0,0.0,0.0,0.0,0.0,0.0,0.0,0.0,0.0,0.0,0.0
278,19,0.0,0.1738670399999999,0.0,0.0,0.0,0.0,0.0,0.0,0.0,0.0,0.0,0.0,0.0,0.0,0.0
278,20,0.0,0.0567988799999999,0.0,0.0,0.0,1.0,0.0,0.0,0.0,0.0,0.0,0.0,0.0,0.0,0.0
278,21,325.2765528254778,0.04615632,337.42380998493553,26.742969459785243,0.0,11.0,0.0,0.0,0.0,0.0,325.2765528254777,0.0,0.0,0.0,0.0
278,22,296.8561351659972,0.03447264,307.94204892738304,20.808457213032437,0.0,11.0,0.0,0.0,0.0,0.0,296.8561351659971,0.0,0.0,0.0,0.0
278,23,411.9432801344509,0.0326217599999999,427.32705408138065,28.084686089843483,0.0,14.0,0.0,0.0,0.0,0.0,411.9432801344509,0.0,0.0,0.0,0.0
279,0,526.2985669819861,0.02915136,545.9528703132637,33.98630867290429,0.0,16.0,0.0,0.0,0.0,0.0,526.2985669819859,0.0,0.0,0.0,0.0
279,1,403.20018851876176,0.02625936,418.2574569696699,24.82749496094715,0.0,12.0,0.0,0.0,0.0,0.0,403.2001885187618,0.0,0.0,0.0,0.0
279,2,410.2911542460442,0.02764752,425.61323054568913,25.854948234838858,0.0,13.0,0.0,0.0,0.0,0.0,410.29115424604413,0.0,0.0,0.0,0.0
279,3,345.44650195503317,0.03273744,358.34699372928753,23.592648698832342,0.0,12.0,0.0,0.0,0.0,0.0,345.44650195503317,0.0,0.0,0.0,0.0
279,4,267.31505915547154,0.0446524799999999,277.2977792069207,21.560590031830493,0.0,12.0,0.0,0.0,0.0,0.0,267.31505915547154,0.0,0.0,0.0,0.0
279,5,0.0,0.0647808,0.0,0.0,0.0,0.0,0.0,0.0,0.0,0.0,0.0,0.0,0.0,0.0,0.0
279,6,0.0,0.1670419199999999,0.0,0.0,0.0,0.0,0.0,0.0,0.0,0.0,0.0,0.0,0.0,0.0,0.0
279,7,0.0,0.21944496,0.0,0.0,0.0,0.0,0.0,0.0,0.0,0.0,0.0,0.0,0.0,0.0,0.0
279,8,0.0,0.13927872,0.0,0.0,0.0,0.0,0.0,0.0,0.0,0.0,0.0,0.0,0.0,0.0,0.0
279,9,0.0,0.1141761599999999,0.0,0.0,0.0,0.0,0.0,0.0,0.0,0.0,0.0,0.0,0.0,0.0,0.0
279,10,0.0,0.0787780799999999,0.0,0.0,0.0,0.0,0.0,0.0,0.0,0.0,0.0,0.0,0.0,0.0,0.0
279,11,0.0,0.0573772799999999,0.0,0.0,0.0,0.0,0.0,0.0,0.0,0.0,0.0,0.0,0.0,0.0,0.0
279,12,0.0,0.0335472,0.0,0.0,0.0,0.0,0.0,0.0,0.0,0.0,0.0,0.0,0.0,0.0,0.0
279,13,0.0,0.02359872,0.0,0.0,0.0,0.0,0.0,0.0,0.0,0.0,0.0,0.0,0.0,0.0,0.0
279,14,0.0,0.03320016,0.0,0.0,0.0,0.0,0.0,0.0,0.0,0.0,0.0,0.0,0.0,0.0,0.0
279,15,0.0,0.03088656,0.0,0.0,0.0,0.0,0.0,0.0,0.0,0.0,0.0,0.0,0.0,0.0,0.0
279,16,0.0,0.03273744,0.0,0.0,0.0,0.0,0.0,0.0,0.0,0.0,0.0,0.0,0.0,0.0,0.0
279,17,0.0,0.03273744,0.0,0.0,0.0,0.0,0.0,0.0,0.0,0.0,0.0,0.0,0.0,0.0,0.0
279,18,0.0,0.02290464,0.0,0.0,0.0,0.0,0.0,0.0,0.0,0.0,0.0,0.0,0.0,0.0,0.0
279,19,67.12265101076437,0.01318752,69.62930602776389,3.2229678953462413,0.0,3.0,0.0,0.0,0.0,0.0,67.12265101076437,0.0,0.0,0.0,0.0
279,20,148.7331533811388,0.0005784,154.2875035074054,5.196156258123802,0.0,5.0,0.0,0.0,0.0,0.0,148.7331533811381,0.0,0.0,0.0,0.0
279,21,164.35680772925411,-0.0010411199999999,170.49461382702708,5.4658663653270185,0.0,4.0,0.0,0.0,0.0,0.0,164.35680772925411,0.0,0.0,0.0,0.0
279,22,327.9826232010067,-0.0138816,340.2309369305048,6.5386942383052125,0.0,8.0,0.0,0.0,0.0,0.0,327.9826232010067,0.0,0.0,0.0,0.0
279,23,121.23145991769456,-0.03944688,125.75877584823087,-0.7981758592556194,0.0,4.0,0.0,0.0,0.0,0.0,121.23145991769456,0.0,0.0,0.0,0.0
280,0,253.3904902574791,-0.03944688,262.8532056612854,-1.668297753947499,0.0,9.0,0.0,0.0,0.0,0.0,253.39049025747917,0.0,0.0,0.0,0.0
280,1,228.39099661099146,-0.04199184,236.9201209657588,-2.106655808408174,0.0,7.0,0.0,0.0,0.0,0.0,228.39099661099186,0.0,0.0,0.0,0.0
280,2,455.1390813331183,-0.04985808,472.13597648663733,-7.91209246484119,0.0,12.0,0.0,0.0,0.0,0.0,455.1390813331185,0.0,0.0,0.0,0.0
280,3,283.70745611723703,-0.0402566399999999,294.30234037057784,-2.106215901189663,0.0,9.0,0.0,0.0,0.0,0.0,283.7074561172372,0.0,0.0,0.0,0.0
280,4,263.7046740858886,-0.04384272,273.55256647913757,-2.9386986269667617,0.0,8.0,0.0,0.0,0.0,0.0,263.7046740858887,0.0,0.0,0.0,0.0
280,5,180.75163992020208,-0.03551376,187.5017011620354,-0.4525841061968747,0.0,5.0,0.0,0.0,0.0,0.0,180.75163992020214,0.0,0.0,0.0,0.0
280,6,418.5939461988935,-0.01920288,434.22608526856175,6.0344920141074345,0.0,11.0,0.0,0.0,0.0,0.0,418.5939461988934,0.0,0.0,0.0,0.0
280,7,92.76590714102676,-0.00219792,96.2301941296958,2.97371315741139,0.0,5.0,0.0,0.0,0.0,0.0,92.76590714102676,0.0,0.0,0.0,0.0
280,8,47.11832422537588,-0.00092544,48.87792969437332,1.572625881627396,0.0,5.0,0.0,0.0,0.0,0.0,47.11832422537588,0.0,0.0,0.0,0.0
280,9,135.85890084515137,-0.0010411199999999,140.93246975638112,4.518137136023465,0.0,4.0,0.0,0.0,0.0,0.0,135.8589008451509,0.0,0.0,0.0,0.0
280,10,55.04901184903734,-0.00219792,57.10478407576488,1.7646566058920123,0.0,2.0,0.0,0.0,0.0,0.0,55.04901184903734,0.0,0.0,0.0,0.0
280,11,0.0,-0.00323904,0.0,0.0,0.0,0.0,0.0,0.0,0.0,0.0,0.0,0.0,0.0,0.0,0.0
280,12,0.0,-0.00439584,0.0,0.0,0.0,0.0,0.0,0.0,0.0,0.0,0.0,0.0,0.0,0.0,0.0
280,13,0.0,-0.00381744,0.0,0.0,0.0,0.0,0.0,0.0,0.0,0.0,0.0,0.0,0.0,0.0,0.0
280,14,0.0,-0.00092544,0.0,0.0,0.0,0.0,0.0,0.0,0.0,0.0,0.0,0.0,0.0,0.0,0.0
280,15,0.0,0.0,0.0,0.0,0.0,0.0,0.0,0.0,0.0,0.0,0.0,0.0,0.0,0.0,0.0
280,16,0.0,0.00439584,0.0,0.0,0.0,0.0,0.0,0.0,0.0,0.0,0.0,0.0,0.0,0.0,0.0
280,17,0.0,0.01376592,0.0,0.0,0.0,0.0,0.0,0.0,0.0,0.0,0.0,0.0,0.0,0.0,0.0
280,18,47.14553198030331,0.0080976,48.90615350653871,2.0148161497009793,0.0,3.0,0.0,0.0,0.0,0.0,47.14553198030329,0.0,0.0,0.0,0.0
280,19,59.360974554154225,0.0,61.577774433769946,2.038224333757785,0.0,5.0,0.0,0.0,0.0,0.0,59.360974554154225,0.0,0.0,0.0,0.0
280,20,102.81855988827583,-0.0010411199999999,106.65825714551434,3.4193442668371974,0.0,6.0,0.0,0.0,0.0,0.0,102.81855988827529,0.0,0.0,0.0,0.0
280,21,103.64473758924879,-0.01191504,107.5152879556523,2.2777070747289754,0.0,5.0,0.0,0.0,0.0,0.0,103.6447375892488,0.0,0.0,0.0,0.0
280,22,248.11725668239058,-0.0226732799999999,257.3830463510276,2.683660957049212,0.0,9.0,0.0,0.0,0.0,0.0,248.11725668239052,0.0,0.0,0.0,0.0
280,23,135.35958059799785,-0.01943424,140.41450269501854,1.9188708943494763,0.0,7.0,0.0,0.0,0.0,0.0,135.3595805979977,0.0,0.0,0.0,0.0
281,0,216.38702768698073,-0.02302032,224.46787104458582,2.2625643104106903,0.0,11.0,0.0,0.0,0.0,0.0,216.38702768698073,0.0,0.0,0.0,0.0
281,1,262.9636106107364,-0.02359872,272.7838284343739,2.5917955334269474,0.0,11.0,0.0,0.0,0.0,0.0,262.9636106107364,0.0,0.0,0.0,0.0
281,2,186.14750888379612,-0.02394576,193.09907560559762,1.7676752818717856,0.0,10.0,0.0,0.0,0.0,0.0,186.14750888379598,0.0,0.0,0.0,0.0
281,3,262.1524022334107,-0.0237144,271.94232596826845,2.5523418946077796,0.0,9.0,0.0,0.0,0.0,0.0,262.1524022334107,0.0,0.0,0.0,0.0
281,4,227.1862768770566,-0.0208223999999999,235.67041169819151,2.893467046665739,0.0,11.0,0.0,0.0,0.0,0.0,227.1862768770566,0.0,0.0,0.0,0.0
281,5,145.74912473384987,-0.0127248,151.19203810565335,3.0805680148103085,0.0,12.0,0.0,0.0,0.0,0.0,145.74912473384987,0.0,0.0,0.0,0.0
281,6,156.0680792574563,-0.00046272,161.89634777744436,5.283856433389828,0.0,7.0,0.0,0.0,0.0,0.0,156.0680792574563,0.0,0.0,0.0,0.0
281,7,133.3964554024315,0.00589968,138.3780657701572,5.3967002840550835,0.0,9.0,0.0,0.0,0.0,0.0,133.3964554024315,0.0,0.0,0.0,0.0
281,8,38.35049896259193,0.01515408,39.78267527239827,1.9196763952083278,0.0,7.0,0.0,0.0,0.0,0.0,38.35049896259193,0.0,0.0,0.0,0.0
281,9,45.75663086477438,0.01573248,47.465384714496246,2.3178524497629436,0.0,6.0,0.0,0.0,0.0,0.0,45.75663086477438,0.0,0.0,0.0,0.0
281,10,11.84729512152385,0.0150383999999999,12.289725229796526,0.5916077090020359,0.0,1.0,0.0,0.0,0.0,0.0,11.84729512152385,0.0,0.0,0.0,0.0
281,11,0.0,0.01526976,0.0,0.0,0.0,0.0,0.0,0.0,0.0,0.0,0.0,0.0,0.0,0.0,0.0
281,12,0.0,0.0156168,0.0,0.0,0.0,0.0,0.0,0.0,0.0,0.0,0.0,0.0,0.0,0.0,0.0
281,13,0.0,0.01897152,0.0,0.0,0.0,0.0,0.0,0.0,0.0,0.0,0.0,0.0,0.0,0.0,0.0
281,14,0.0,0.02892,0.0,0.0,0.0,0.0,0.0,0.0,0.0,0.0,0.0,0.0,0.0,0.0,0.0
281,15,0.0,0.03852144,0.0,0.0,0.0,0.0,0.0,0.0,0.0,0.0,0.0,0.0,0.0,0.0,0.0
281,16,0.0,0.0573772799999999,0.0,0.0,0.0,0.0,0.0,0.0,0.0,0.0,0.0,0.0,0.0,0.0,0.0
281,17,0.0,0.08918928,0.0,0.0,0.0,0.0,0.0,0.0,0.0,0.0,0.0,0.0,0.0,0.0,0.0
281,18,0.0,0.13141248,0.0,0.0,0.0,0.0,0.0,0.0,0.0,0.0,0.0,0.0,0.0,0.0,0.0
281,19,0.0,0.1058472,0.0,0.0,0.0,0.0,0.0,0.0,0.0,0.0,0.0,0.0,0.0,0.0,0.0
281,20,0.0,0.08363664,0.0,0.0,0.0,3.0,0.0,0.0,0.0,0.0,0.0,0.0,0.0,0.0,0.0
281,21,216.11142457770032,0.0699863999999999,224.18197570300862,23.1101128201106,0.0,13.0,0.0,0.0,0.0,0.0,216.11142457770032,0.0,0.0,0.0,0.0
281,22,165.5381560085388,0.0577243199999999,171.720078847032,15.596359391628045,0.0,14.0,0.0,0.0,0.0,0.0,165.5381560085387,0.0,0.0,0.0,0.0
281,23,348.6729477200219,0.05471664,361.69392917014716,31.76274556812032,0.0,19.0,0.0,0.0,0.0,0.0,348.6729477200219,0.0,0.0,0.0,0.0
282,0,390.22945165508605,0.0434956799999999,404.8023357417905,31.006110171730707,0.0,20.0,0.0,0.0,0.0,0.0,390.22945165508577,0.0,0.0,0.0,0.0
282,1,364.2695202905465,0.0451152,377.872946359488,29.555408074096636,0.0,19.0,0.0,0.0,0.0,0.0,364.26952029054644,0.0,0.0,0.0,0.0
282,2,264.64692582863626,0.04846992,274.53000604630324,22.393390630796468,0.0,16.0,0.0,0.0,0.0,0.0,264.64692582863626,0.0,0.0,0.0,0.0
282,3,229.65497417059663,0.0573772799999999,238.23130100684298,21.55452012596039,0.0,14.0,0.0,0.0,0.0,0.0,229.65497417059663,0.0,0.0,0.0,0.0
282,4,0.0,0.0869913599999999,0.0,0.0,0.0,4.0,0.0,0.0,0.0,0.0,0.0,0.0,0.0,0.0,0.0
282,5,0.0,0.61634304,0.0,0.0,0.0,0.0,0.0,0.0,0.0,0.0,0.0,0.0,0.0,0.0,0.0
282,6,0.0,1.2933024,0.0,0.0,0.0,0.0,0.0,0.0,0.0,0.0,0.0,0.0,0.0,0.0,0.0
282,7,0.0,1.4680948800000002,0.0,0.0,0.0,0.0,0.0,0.0,0.0,0.0,0.0,0.0,0.0,0.0,0.0
282,8,0.0,1.40470224,0.0,0.0,0.0,0.0,0.0,0.0,0.0,0.0,0.0,0.0,0.0,0.0,0.0
282,9,0.0,1.29087312,0.0,0.0,0.0,0.0,0.0,0.0,0.0,0.0,0.0,0.0,0.0,0.0,0.0
282,10,0.0,1.21880448,0.0,0.0,0.0,0.0,0.0,0.0,0.0,0.0,0.0,0.0,0.0,0.0,0.0
282,11,0.0,1.14511632,0.0,0.0,0.0,0.0,0.0,0.0,0.0,0.0,0.0,0.0,0.0,0.0,0.0
282,12,0.0,1.1358619199999995,0.0,0.0,0.0,0.0,0.0,0.0,0.0,0.0,0.0,0.0,0.0,0.0,0.0
282,13,0.0,1.19115696,0.0,0.0,0.0,0.0,0.0,0.0,0.0,0.0,0.0,0.0,0.0,0.0,0.0
282,14,4.024165635089567,1.24101504,4.174445679553493,0.0,37.15256654802609,0.0,0.0,0.0,0.0,1.0,0.0,0.0,0.0,0.0,4.024165635089567
282,15,13.690668027452507,1.27606608,14.201937787813804,0.0,126.39724631154286,0.0,0.0,0.0,0.0,1.0,0.0,0.0,0.0,0.0,13.690668027452507
282,16,0.0,1.49597376,0.0,0.0,0.0,0.0,0.0,0.0,0.0,0.0,0.0,0.0,0.0,0.0,0.0
282,17,0.0,2.18889696,0.0,0.0,0.0,0.0,0.0,0.0,0.0,0.0,0.0,0.0,0.0,0.0,0.0
282,18,0.0,2.5646256,0.0,0.0,0.0,0.0,0.0,0.0,0.0,0.0,0.0,0.0,0.0,0.0,0.0
282,19,0.0,2.08304976,0.0,0.0,0.0,0.0,0.0,0.0,0.0,0.0,0.0,0.0,0.0,0.0,0.0
282,20,0.0,1.49886576,0.0,0.0,0.0,0.0,0.0,0.0,0.0,0.0,0.0,0.0,0.0,0.0,0.0
282,21,85.55631983078888,0.6025771200000001,88.75136911907562,56.41721471767093,0.0,3.0,0.0,0.0,0.0,0.0,85.55631983078888,0.0,0.0,0.0,0.0
282,22,596.7313954019571,0.12215808,619.0159703339805,96.10723104339075,0.0,21.0,0.0,0.0,0.0,0.0,596.7313954019571,0.0,0.0,0.0,0.0
282,23,0.0,0.3266803199999999,0.0,0.0,0.0,1.0,0.0,0.0,0.0,0.0,0.0,0.0,0.0,0.0,0.0
283,0,595.5834691878342,0.1021454399999999,617.8251755060521,83.5580377043932,0.0,18.0,0.0,0.0,0.0,0.0,595.5834691878341,0.0,0.0,0.0,0.0
283,1,596.7313954019578,0.09520464,619.015970333981,79.42262122795212,0.0,18.0,0.0,0.0,0.0,0.0,596.7313954019578,0.0,0.0,0.0,0.0
283,2,596.7313954019578,0.0994848,619.0159703339812,82.07210862353682,0.0,20.0,0.0,0.0,0.0,0.0,596.7313954019567,0.0,0.0,0.0,0.0
283,3,518.4287387925136,0.19827552,537.7891481250142,124.43124379778217,0.0,18.0,0.0,0.0,0.0,0.0,518.4287387925136,0.0,0.0,0.0,0.0
283,4,0.0,0.5800195199999999,0.0,0.0,0.0,1.0,0.0,0.0,0.0,0.0,0.0,0.0,0.0,0.0,0.0
283,5,0.0,1.46774784,0.0,0.0,0.0,0.0,0.0,0.0,0.0,0.0,0.0,0.0,0.0,0.0,0.0
283,6,0.0,2.33581056,0.0,0.0,0.0,0.0,0.0,0.0,0.0,0.0,0.0,0.0,0.0,0.0,0.0
283,7,0.0,2.29775184,0.0,0.0,0.0,0.0,0.0,0.0,0.0,0.0,0.0,0.0,0.0,0.0,0.0
283,8,40.76019145915496,1.5281328,42.28235628543046,66.0126014941002,0.0,1.0,0.0,0.0,0.0,0.0,40.76019145915496,0.0,0.0,0.0,0.0
283,9,39.250290762364045,1.3442016,40.71606925556436,56.07830733139961,0.0,1.0,0.0,0.0,0.0,0.0,39.250290762364045,0.0,0.0,0.0,0.0
283,10,12.27492581065438,1.20492288,12.733325529724462,0.0,113.32659721454772,0.0,0.0,0.0,0.0,1.0,0.0,0.0,0.0,0.0,12.27492581065438
283,11,0.0,1.09120944,0.0,0.0,0.0,0.0,0.0,0.0,0.0,0.0,0.0,0.0,0.0,0.0,0.0
283,12,0.0,0.59725584,0.0,0.0,0.0,0.0,0.0,0.0,0.0,0.0,0.0,0.0,0.0,0.0,0.0
283,13,0.0,0.54149808,0.0,0.0,0.0,0.0,0.0,0.0,0.0,0.0,0.0,0.0,0.0,0.0,0.0
283,14,0.0,0.4748664,0.0,0.0,0.0,0.0,0.0,0.0,0.0,0.0,0.0,0.0,0.0,0.0,0.0
283,15,0.0,0.5506368,0.0,0.0,0.0,0.0,0.0,0.0,0.0,0.0,0.0,0.0,0.0,0.0,0.0
283,16,0.0,0.4943006399999999,0.0,0.0,0.0,0.0,0.0,0.0,0.0,0.0,0.0,0.0,0.0,0.0,0.0
283,17,0.0,0.30516384,0.0,0.0,0.0,0.0,0.0,0.0,0.0,0.0,0.0,0.0,0.0,0.0,0.0
283,18,0.0,0.05691456,0.0,0.0,0.0,0.0,0.0,0.0,0.0,0.0,0.0,0.0,0.0,0.0,0.0
283,19,0.0,0.0237144,0.0,0.0,0.0,0.0,0.0,0.0,0.0,0.0,0.0,0.0,0.0,0.0,0.0
283,20,332.1686975738807,0.00011568,344.5733377322414,11.445237722646054,0.0,9.0,0.0,0.0,0.0,0.0,332.1686975738806,0.0,0.0,0.0,0.0
283,21,354.6441855226363,-0.0201283199999999,367.8881592558468,4.772127477655919,0.0,8.0,0.0,0.0,0.0,0.0,354.6441855226363,0.0,0.0,0.0,0.0
283,22,137.47406983141946,-0.03562944,142.6079562566592,-0.3607182688738442,0.0,4.0,0.0,0.0,0.0,0.0,137.47406983141954,0.0,0.0,0.0,0.0
283,23,222.9178850970957,-0.05251872,231.2426193953275,-4.490435678104434,0.0,8.0,0.0,0.0,0.0,0.0,222.9178850970958,0.0,0.0,0.0,0.0
284,0,378.4927407673249,-0.05760864,392.6273244474324,-9.622761749045322,0.0,13.0,0.0,0.0,0.0,0.0,378.49274076732513,0.0,0.0,0.0,0.0
284,1,370.65224715199594,-0.05888112,384.49403231534853,-9.91268678640588,0.0,10.0,0.0,0.0,0.0,0.0,370.65224715199616,0.0,0.0,0.0,0.0
284,2,342.65238727818104,-0.0595752,355.44853452093474,-9.410571041148652,0.0,9.0,0.0,0.0,0.0,0.0,342.6523872781814,0.0,0.0,0.0,0.0
284,3,505.2526597533847,-0.05622048,524.1210163416855,-12.117929475907612,0.0,15.0,0.0,0.0,0.0,0.0,505.2526597533856,0.0,0.0,0.0,0.0
284,4,253.981839897816,-0.0399095999999999,263.4666388981494,-1.7941024242408123,0.0,8.0,0.0,0.0,0.0,0.0,253.98183989781617,0.0,0.0,0.0,0.0
284,5,205.0682731183358,-0.0127248,212.72642439661388,4.334343442365887,0.0,7.0,0.0,0.0,0.0,0.0,205.0682731183358,0.0,0.0,0.0,0.0
284,6,179.7751967231452,0.00011568,186.48879328127097,6.194352081216847,0.0,7.0,0.0,0.0,0.0,0.0,179.7751967231452,0.0,0.0,0.0,0.0
284,7,0.0,0.0185088,0.0,0.0,0.0,3.0,0.0,0.0,0.0,0.0,0.0,0.0,0.0,0.0,0.0
284,8,0.0,0.02417712,0.0,0.0,0.0,0.0,0.0,0.0,0.0,0.0,0.0,0.0,0.0,0.0,0.0
284,9,0.0,0.0286886399999999,0.0,0.0,0.0,0.0,0.0,0.0,0.0,0.0,0.0,0.0,0.0,0.0,0.0
284,10,138.44102366091778,0.0121464,143.61102039514293,6.497881673206796,0.0,3.0,0.0,0.0,0.0,0.0,138.44102366091778,0.0,0.0,0.0,0.0
284,11,0.0,0.0,0.0,0.0,0.0,0.0,0.0,0.0,0.0,0.0,0.0,0.0,0.0,0.0,0.0
284,12,0.0,-0.0006940799999999,0.0,0.0,0.0,0.0,0.0,0.0,0.0,0.0,0.0,0.0,0.0,0.0,0.0
284,13,0.0,-0.00046272,0.0,0.0,0.0,0.0,0.0,0.0,0.0,0.0,0.0,0.0,0.0,0.0,0.0
284,14,0.0,0.0006940799999999,0.0,0.0,0.0,0.0,0.0,0.0,0.0,0.0,0.0,0.0,0.0,0.0,0.0
284,15,0.0,0.01353456,0.0,0.0,0.0,0.0,0.0,0.0,0.0,0.0,0.0,0.0,0.0,0.0,0.0
284,16,0.0,0.01526976,0.0,0.0,0.0,0.0,0.0,0.0,0.0,0.0,0.0,0.0,0.0,0.0,0.0
284,17,0.0,0.0100641599999999,0.0,0.0,0.0,0.0,0.0,0.0,0.0,0.0,0.0,0.0,0.0,0.0,0.0
284,18,47.42930427615117,0.0,49.20052310804064,1.628537314876145,0.0,2.0,0.0,0.0,0.0,0.0,47.42930427615117,0.0,0.0,0.0,0.0
284,19,60.65913540896667,-0.01110528,62.92441432465422,1.3840048742347584,0.0,3.0,0.0,0.0,0.0,0.0,60.659135408966655,0.0,0.0,0.0,0.0
284,20,233.7112556354806,-0.0234830399999999,242.43906186253173,2.331526760369517,0.0,8.0,0.0,0.0,0.0,0.0,233.71125563548046,0.0,0.0,0.0,0.0
284,21,221.62236055551296,-0.03713328,229.89871426920436,-0.9272458862876967,0.0,8.0,0.0,0.0,0.0,0.0,221.622360555513,0.0,0.0,0.0,0.0
284,22,224.78019221277395,-0.0587654399999999,233.17447324976555,-5.98452545272344,0.0,7.0,0.0,0.0,0.0,0.0,224.78019221277407,0.0,0.0,0.0,0.0
284,23,241.0039209172959,-0.0879167999999999,250.00406734159327,-13.704422958650628,0.0,7.0,0.0,0.0,0.0,0.0,241.003920917296,0.0,0.0,0.0,0.0
285,0,233.2348387606732,-0.11568,241.94485348617553,-19.979806000888377,0.0,9.0,0.0,0.0,0.0,0.0,233.23483876067357,0.0,0.0,0.0,0.0
285,1,297.3432105048661,-0.11660544,308.4473138017284,-25.75702865583141,0.0,10.0,0.0,0.0,0.0,0.0,297.3432105048662,0.0,0.0,0.0,0.0
285,2,305.14602998628834,-0.12019152,316.541524882042,-27.568082545094853,0.0,9.0,0.0,0.0,0.0,0.0,305.1460299862885,0.0,0.0,0.0,0.0
285,3,341.8445725761997,-0.11602704,354.6105524649374,-29.40680346868197,0.0,10.0,0.0,0.0,0.0,0.0,341.8445725761999,0.0,0.0,0.0,0.0
285,4,178.51977486807417,-0.05101488,185.1864884523591,-3.317593718245399,0.0,8.0,0.0,0.0,0.0,0.0,178.51977486807428,0.0,0.0,0.0,0.0
285,5,245.67995728176192,-0.02510256,254.85472747070742,2.0381853916633337,0.0,10.0,0.0,0.0,0.0,0.0,245.67995728176192,0.0,0.0,0.0,0.0
285,6,204.94908697958763,-0.0041644799999999,212.60278732322368,6.151772204646906,0.0,12.0,0.0,0.0,0.0,0.0,204.94908697958758,0.0,0.0,0.0,0.0
285,7,0.0,0.0,0.0,0.0,0.0,7.0,0.0,0.0,0.0,0.0,0.0,0.0,0.0,0.0,0.0
285,8,30.641691084648983,0.0,31.785986602332972,1.0521161565372212,0.0,5.0,0.0,0.0,0.0,0.0,30.641691084648983,0.0,0.0,0.0,0.0
285,9,97.69852815715421,-0.00127248,101.34702090991104,3.2256243349506115,0.0,7.0,0.0,0.0,0.0,0.0,97.69852815715419,0.0,0.0,0.0,0.0
285,10,113.927610692998,-0.0127248,118.18216876867014,2.4079853250954075,0.0,4.0,0.0,0.0,0.0,0.0,113.927610692998,0.0,0.0,0.0,0.0
285,11,0.0,-0.02244192,0.0,0.0,0.0,0.0,0.0,0.0,0.0,0.0,0.0,0.0,0.0,0.0,0.0
285,12,0.0,-0.02417712,0.0,0.0,0.0,0.0,0.0,0.0,0.0,0.0,0.0,0.0,0.0,0.0,0.0
285,13,0.0,-0.02417712,0.0,0.0,0.0,0.0,0.0,0.0,0.0,0.0,0.0,0.0,0.0,0.0,0.0
285,14,0.0,-0.02394576,0.0,0.0,0.0,0.0,0.0,0.0,0.0,0.0,0.0,0.0,0.0,0.0,0.0
285,15,0.0,-0.0234830399999999,0.0,0.0,0.0,0.0,0.0,0.0,0.0,0.0,0.0,0.0,0.0,0.0,0.0
285,16,0.0,-0.0127248,0.0,0.0,0.0,0.0,0.0,0.0,0.0,0.0,0.0,0.0,0.0,0.0,0.0
285,17,0.0,-0.00127248,0.0,0.0,0.0,0.0,0.0,0.0,0.0,0.0,0.0,0.0,0.0,0.0,0.0
285,18,90.78572336408628,-0.0011568,94.17606158100237,3.008284770294275,0.0,3.0,0.0,0.0,0.0,0.0,90.78572336408625,0.0,0.0,0.0,0.0
285,19,296.7005746395696,-0.00879168,307.78067908669044,7.481631237056578,0.0,9.0,0.0,0.0,0.0,0.0,296.7005746395693,0.0,0.0,0.0,0.0
285,20,263.40273225489176,-0.01237776,273.2393488121284,5.662131363528638,0.0,8.0,0.0,0.0,0.0,0.0,263.40273225489176,0.0,0.0,0.0,0.0
285,21,326.02705393289864,-0.01931856,338.2023381046667,4.660915230449178,0.0,13.0,0.0,0.0,0.0,0.0,326.0270539328985,0.0,0.0,0.0,0.0
285,22,324.325982783006,-0.02394576,336.4377414761473,3.079831830530606,0.0,13.0,0.0,0.0,0.0,0.0,324.325982783006,0.0,0.0,0.0,0.0
285,23,459.5195141795592,-0.02406144,476.67999396219835,4.308500726226966,0.0,13.0,0.0,0.0,0.0,0.0,459.5195141795592,0.0,0.0,0.0,0.0
286,0,253.91850585695494,-0.0234830399999999,263.400939685638,2.5331163009192186,0.0,8.0,0.0,0.0,0.0,0.0,253.91850585695434,0.0,0.0,0.0,0.0
286,1,340.193129302026,-0.01446,352.89743703529666,6.578008226337929,0.0,10.0,0.0,0.0,0.0,0.0,340.193129302026,0.0,0.0,0.0,0.0
286,2,289.08640684111134,-0.00219792,299.8821647729371,9.266982646386483,0.0,10.0,0.0,0.0,0.0,0.0,289.0864068411113,0.0,0.0,0.0,0.0
286,3,119.4819238286881,0.00613104,123.94390438660591,4.8624482707471115,0.0,8.0,0.0,0.0,0.0,0.0,119.4819238286881,0.0,0.0,0.0,0.0
286,4,0.0,0.03424128,0.0,0.0,0.0,0.0,0.0,0.0,0.0,0.0,0.0,0.0,0.0,0.0,0.0
286,5,0.0,0.07149024,0.0,0.0,0.0,0.0,0.0,0.0,0.0,0.0,0.0,0.0,0.0,0.0,0.0
286,6,0.0,0.5495956799999999,0.0,0.0,0.0,0.0,0.0,0.0,0.0,0.0,0.0,0.0,0.0,0.0,0.0
286,7,0.0,0.5917031999999999,0.0,0.0,0.0,0.0,0.0,0.0,0.0,0.0,0.0,0.0,0.0,0.0,0.0
286,8,0.0,0.56174208,0.0,0.0,0.0,0.0,0.0,0.0,0.0,0.0,0.0,0.0,0.0,0.0,0.0
286,9,0.0,0.5332848,0.0,0.0,0.0,0.0,0.0,0.0,0.0,0.0,0.0,0.0,0.0,0.0,0.0
286,10,0.0,0.39608832,0.0,0.0,0.0,0.0,0.0,0.0,0.0,0.0,0.0,0.0,0.0,0.0,0.0
286,11,0.0,0.1147545599999999,0.0,0.0,0.0,0.0,0.0,0.0,0.0,0.0,0.0,0.0,0.0,0.0,0.0
286,12,0.0,0.08247984,0.0,0.0,0.0,0.0,0.0,0.0,0.0,0.0,0.0,0.0,0.0,0.0,0.0
286,13,0.0,0.05113056,0.0,0.0,0.0,0.0,0.0,0.0,0.0,0.0,0.0,0.0,0.0,0.0,0.0
286,14,0.0,0.04904832,0.0,0.0,0.0,0.0,0.0,0.0,0.0,0.0,0.0,0.0,0.0,0.0,0.0
286,15,0.0,0.04927968,0.0,0.0,0.0,0.0,0.0,0.0,0.0,0.0,0.0,0.0,0.0,0.0,0.0
286,16,0.0,0.0416447999999999,0.0,0.0,0.0,0.0,0.0,0.0,0.0,0.0,0.0,0.0,0.0,0.0,0.0
286,17,0.0,0.04557792,0.0,0.0,0.0,0.0,0.0,0.0,0.0,0.0,0.0,0.0,0.0,0.0,0.0
286,18,0.0,0.0312336,0.0,0.0,0.0,0.0,0.0,0.0,0.0,0.0,0.0,0.0,0.0,0.0,0.0
286,19,0.0,0.01260912,0.0,0.0,0.0,1.0,0.0,0.0,0.0,0.0,0.0,0.0,0.0,0.0,0.0
286,20,0.0,-0.0011568,0.0,0.0,0.0,1.0,0.0,0.0,0.0,0.0,0.0,0.0,0.0,0.0,0.0
286,21,168.02994978575433,-0.02325168,174.30492716364557,1.7166107002842736,0.0,4.0,0.0,0.0,0.0,0.0,168.0299497857537,0.0,0.0,0.0,0.0
286,22,405.2288551214915,-0.03447264,420.36188290611153,-0.5770055349522455,0.0,10.0,0.0,0.0,0.0,0.0,405.2288551214918,0.0,0.0,0.0,0.0
286,23,34.49279489995357,-0.01446,35.78090757256595,0.6669561171526293,0.0,2.0,0.0,0.0,0.0,0.0,34.49279489995357,0.0,0.0,0.0,0.0
287,0,64.39180677769191,-0.02383008,66.79648005984639,0.619198026436371,0.0,3.0,0.0,0.0,0.0,0.0,64.39180677769191,0.0,0.0,0.0,0.0
287,1,240.46239863194725,-0.03204336,249.44232223231043,0.2635707353635479,0.0,6.0,0.0,0.0,0.0,0.0,240.46239863194725,0.0,0.0,0.0,0.0
287,2,239.69268608487317,-0.03967824,248.6438652332709,-1.6356390200321118,0.0,7.0,0.0,0.0,0.0,0.0,239.69268608487323,0.0,0.0,0.0,0.0
287,3,272.22023851260417,-0.0456936,282.38613953589646,-3.556258086859267,0.0,10.0,0.0,0.0,0.0,0.0,272.2202385126044,0.0,0.0,0.0,0.0
287,4,439.8088166317107,-0.05055216,456.2332122735589,-7.962255017912115,0.0,12.0,0.0,0.0,0.0,0.0,439.80881663171107,0.0,0.0,0.0,0.0
287,5,118.07037838946252,-0.03493536,122.47964563222254,-0.2247942424075561,0.0,4.0,0.0,0.0,0.0,0.0,118.07037838946252,0.0,0.0,0.0,0.0
287,6,119.67059774629985,-0.0300767999999999,124.13962421815339,0.3752989119363334,0.0,4.0,0.0,0.0,0.0,0.0,119.67059774629985,0.0,0.0,0.0,0.0
287,7,150.1084467021196,-0.0234830399999999,155.7141563299996,1.4974968128593682,0.0,5.0,0.0,0.0,0.0,0.0,150.1084467021196,0.0,0.0,0.0,0.0
287,8,131.76560352876413,-0.0234830399999999,136.68631071448564,1.314506782688793,0.0,5.0,0.0,0.0,0.0,0.0,131.76560352876413,0.0,0.0,0.0,0.0
287,9,97.74336307546605,-0.02533392,101.39353016127185,0.78743026671485,0.0,4.0,0.0,0.0,0.0,0.0,97.74336307546551,0.0,0.0,0.0,0.0
287,10,69.32883007540106,-0.02533392,71.91787352220027,0.558519959203289,0.0,2.0,0.0,0.0,0.0,0.0,69.32883007540106,0.0,0.0,0.0,0.0
287,11,0.0,-0.0300767999999999,0.0,0.0,0.0,0.0,0.0,0.0,0.0,0.0,0.0,0.0,0.0,0.0,0.0
287,12,0.0,-0.03030816,0.0,0.0,0.0,0.0,0.0,0.0,0.0,0.0,0.0,0.0,0.0,0.0,0.0
287,13,0.0,-0.02440848,0.0,0.0,0.0,0.0,0.0,0.0,0.0,0.0,0.0,0.0,0.0,0.0,0.0
287,14,0.0,-0.01446,0.0,0.0,0.0,0.0,0.0,0.0,0.0,0.0,0.0,0.0,0.0,0.0,0.0
287,15,0.0,-0.01179936,0.0,0.0,0.0,0.0,0.0,0.0,0.0,0.0,0.0,0.0,0.0,0.0,0.0
287,16,0.0,0.0,0.0,0.0,0.0,0.0,0.0,0.0,0.0,0.0,0.0,0.0,0.0,0.0,0.0
287,17,0.0,0.00011568,0.0,0.0,0.0,0.0,0.0,0.0,0.0,0.0,0.0,0.0,0.0,0.0,0.0
287,18,0.0,0.0,0.0,0.0,0.0,1.0,0.0,0.0,0.0,0.0,0.0,0.0,0.0,0.0,0.0
287,19,51.899141396184426,-0.01237776,53.83728360600045,1.1156291118316064,0.0,4.0,0.0,0.0,0.0,0.0,51.89914139618442,0.0,0.0,0.0,0.0
287,20,41.391071548506716,-0.0146913599999999,42.9367962121439,0.7904080242227249,0.0,6.0,0.0,0.0,0.0,0.0,41.391071548506716,0.0,0.0,0.0,0.0
287,21,64.64668856302623,-0.02591232,67.06088025210191,0.48201214777042767,0.0,6.0,0.0,0.0,0.0,0.0,64.64668856302623,0.0,0.0,0.0,0.0
287,22,125.68239754771987,-0.03562944,130.37593106609944,-0.3297780950758348,0.0,6.0,0.0,0.0,0.0,0.0,125.68239754771987,0.0,0.0,0.0,0.0
287,23,336.0513519271801,-0.05055216,348.6009874763279,-6.083840209594872,0.0,12.0,0.0,0.0,0.0,0.0,336.0513519271803,0.0,0.0,0.0,0.0
288,0,246.90657902751056,-0.0508992,256.1271566675421,-4.558858486956916,0.0,13.0,0.0,0.0,0.0,0.0,246.90657902751065,0.0,0.0,0.0,0.0
288,1,497.85078773615714,-0.0512462399999999,516.4427258673829,-9.37149364984369,0.0,15.0,0.0,0.0,0.0,0.0,497.8507877361573,0.0,0.0,0.0,0.0
288,2,230.327756713339,-0.0503207999999999,238.92920820885791,-4.114552108723077,0.0,11.0,0.0,0.0,0.0,0.0,230.3277567133391,0.0,0.0,0.0,0.0
288,3,160.02853745635036,-0.05008944,166.00470690492782,-2.8203270076788574,0.0,9.0,0.0,0.0,0.0,0.0,160.02853745635053,0.0,0.0,0.0,0.0
288,4,157.48757838969004,-0.04592496,163.36885725071582,-2.095199059486141,0.0,8.0,0.0,0.0,0.0,0.0,157.48757838969013,0.0,0.0,0.0,0.0
288,5,183.08683248028692,-0.03840576,189.9241000832852,-1.0076916932578912,0.0,8.0,0.0,0.0,0.0,0.0,183.08683248028694,0.0,0.0,0.0,0.0
288,6,136.90137306875351,-0.03481968,142.0138724779601,-0.24421841622289858,0.0,12.0,0.0,0.0,0.0,0.0,136.90137306875351,0.0,0.0,0.0,0.0
288,7,67.08488677424853,-0.03019248,69.59013150855657,0.20233469916375818,0.0,6.0,0.0,0.0,0.0,0.0,67.08488677424853,0.0,0.0,0.0,0.0
288,8,179.22077345340654,-0.0350510399999999,185.91366540809807,-0.3627249977577978,0.0,7.0,0.0,0.0,0.0,0.0,179.22077345340657,0.0,0.0,0.0,0.0
288,9,84.2496277679372,-0.03481968,87.39587942732075,-0.15029294593357506,0.0,6.0,0.0,0.0,0.0,0.0,84.2496277679372,0.0,0.0,0.0,0.0
288,10,152.91045322846645,-0.03516672,158.62080210421834,-0.3278247841248303,0.0,4.0,0.0,0.0,0.0,0.0,152.91045322846645,0.0,0.0,0.0,0.0
288,11,0.0,-0.03551376,0.0,0.0,0.0,0.0,0.0,0.0,0.0,0.0,0.0,0.0,0.0,0.0,0.0
288,12,0.0,-0.03539808,0.0,0.0,0.0,0.0,0.0,0.0,0.0,0.0,0.0,0.0,0.0,0.0,0.0
288,13,0.0,-0.03019248,0.0,0.0,0.0,0.0,0.0,0.0,0.0,0.0,0.0,0.0,0.0,0.0,0.0
288,14,0.0,-0.0242928,0.0,0.0,0.0,0.0,0.0,0.0,0.0,0.0,0.0,0.0,0.0,0.0,0.0
288,15,0.0,-0.01295616,0.0,0.0,0.0,0.0,0.0,0.0,0.0,0.0,0.0,0.0,0.0,0.0,0.0
288,16,0.0,-0.0003470399999999,0.0,0.0,0.0,0.0,0.0,0.0,0.0,0.0,0.0,0.0,0.0,0.0,0.0
288,17,0.0,0.0,0.0,0.0,0.0,0.0,0.0,0.0,0.0,0.0,0.0,0.0,0.0,0.0,0.0
288,18,0.0,-0.00011568,0.0,0.0,0.0,0.0,0.0,0.0,0.0,0.0,0.0,0.0,0.0,0.0,0.0
288,19,0.0,-0.0053212799999999,0.0,0.0,0.0,1.0,0.0,0.0,0.0,0.0,0.0,0.0,0.0,0.0,0.0
288,20,59.762279851607445,-0.0127248,61.994066236107315,1.2631414983739335,0.0,6.0,0.0,0.0,0.0,0.0,59.76227985160723,0.0,0.0,0.0,0.0
288,21,79.93559838300101,-0.01457568,82.92074521058197,1.5360504189192872,0.0,10.0,0.0,0.0,0.0,0.0,79.93559838300092,0.0,0.0,0.0,0.0
288,22,397.4844328313183,-0.02394576,412.32824982501916,3.774551757678181,0.0,19.0,0.0,0.0,0.0,0.0,397.4844328313181,0.0,0.0,0.0,0.0
288,23,111.68757935040756,-0.0237144,115.85848480332737,1.0874013949701091,0.0,19.0,0.0,0.0,0.0,0.0,111.6875793504075,0.0,0.0,0.0,0.0
289,0,298.42741433392837,-0.02394576,309.57200657046513,2.8338964454276145,0.0,18.0,0.0,0.0,0.0,0.0,298.42741433392837,0.0,0.0,0.0,0.0
289,1,293.6058497495913,-0.02417712,304.57038355766736,2.7176449840390378,0.0,14.0,0.0,0.0,0.0,0.0,293.6058497495913,0.0,0.0,0.0,0.0
289,2,292.9509663738112,-0.02406144,303.8910439562357,2.7467374342610733,0.0,17.0,0.0,0.0,0.0,0.0,292.9509663738112,0.0,0.0,0.0,0.0
289,3,216.16631874670725,-0.02336736,224.23891986172947,2.1824366810030624,0.0,14.0,0.0,0.0,0.0,0.0,216.16631874670725,0.0,0.0,0.0,0.0
289,4,127.35491045669673,-0.0127248,132.11090296337835,2.6917860700594263,0.0,12.0,0.0,0.0,0.0,0.0,127.35491045669673,0.0,0.0,0.0,0.0
289,5,0.0,0.0451152,0.0,0.0,0.0,0.0,0.0,0.0,0.0,0.0,0.0,0.0,0.0,0.0,0.0
289,6,0.0,0.66365616,0.0,0.0,0.0,0.0,0.0,0.0,0.0,0.0,0.0,0.0,0.0,0.0,0.0
289,7,0.0,0.75793536,0.0,0.0,0.0,0.0,0.0,0.0,0.0,0.0,0.0,0.0,0.0,0.0,0.0
289,8,0.0,0.73237008,0.0,0.0,0.0,0.0,0.0,0.0,0.0,0.0,0.0,0.0,0.0,0.0,0.0
289,9,0.0,0.6839001599999999,0.0,0.0,0.0,0.0,0.0,0.0,0.0,0.0,0.0,0.0,0.0,0.0,0.0
289,10,0.0,0.34669296,0.0,0.0,0.0,0.0,0.0,0.0,0.0,0.0,0.0,0.0,0.0,0.0,0.0
289,11,0.0,0.1147545599999999,0.0,0.0,0.0,0.0,0.0,0.0,0.0,0.0,0.0,0.0,0.0,0.0,0.0
289,12,0.0,0.05691456,0.0,0.0,0.0,0.0,0.0,0.0,0.0,0.0,0.0,0.0,0.0,0.0,0.0
289,13,0.0,0.03389424,0.0,0.0,0.0,0.0,0.0,0.0,0.0,0.0,0.0,0.0,0.0,0.0,0.0
289,14,0.0,0.05830272,0.0,0.0,0.0,0.0,0.0,0.0,0.0,0.0,0.0,0.0,0.0,0.0,0.0
289,15,0.0,0.23043456,0.0,0.0,0.0,0.0,0.0,0.0,0.0,0.0,0.0,0.0,0.0,0.0,0.0
289,16,0.0,0.66018576,0.0,0.0,0.0,0.0,0.0,0.0,0.0,0.0,0.0,0.0,0.0,0.0,0.0
289,17,0.0,0.66203664,0.0,0.0,0.0,0.0,0.0,0.0,0.0,0.0,0.0,0.0,0.0,0.0,0.0
289,18,0.0,0.65393904,0.0,0.0,0.0,0.0,0.0,0.0,0.0,0.0,0.0,0.0,0.0,0.0,0.0
289,19,134.07005114747489,0.23066592,139.07681654302377,36.68372446614188,0.0,7.0,0.0,0.0,0.0,0.0,134.07005114747489,0.0,0.0,0.0,0.0
289,20,399.6083477070646,0.03921552,414.53148102392595,29.977059606615327,0.0,14.0,0.0,0.0,0.0,0.0,399.6083477070645,0.0,0.0,0.0,0.0
289,21,350.03801173324916,0.03447264,363.1099706776443,24.536299329011015,0.0,14.0,0.0,0.0,0.0,0.0,350.03801173324905,0.0,0.0,0.0,0.0
289,22,451.2365273569273,0.03146496,468.087683980215,30.222062592675226,0.0,12.0,0.0,0.0,0.0,0.0,451.2365273569273,0.0,0.0,0.0,0.0
289,23,305.1669030622346,0.0406036799999999,316.5631774504509,23.331871130591214,0.0,12.0,0.0,0.0,0.0,0.0,305.1669030622346,0.0,0.0,0.0,0.0
290,0,348.4111265790833,0.0422231999999999,361.4223304762275,27.223486482926944,0.0,14.0,0.0,0.0,0.0,0.0,348.4111265790833,0.0,0.0,0.0,0.0
290,1,248.48931456785715,0.04557792,257.76899851437463,20.280728643594088,0.0,12.0,0.0,0.0,0.0,0.0,248.48931456785715,0.0,0.0,0.0,0.0
290,2,324.68746875273865,0.0574929599999999,336.8127269219281,30.512861897529113,0.0,12.0,0.0,0.0,0.0,0.0,324.687468752738,0.0,0.0,0.0,0.0
290,3,476.10607524614403,0.08294256,493.8859701723486,57.31179232688297,0.0,14.0,0.0,0.0,0.0,0.0,476.10607524614403,0.0,0.0,0.0,0.0
290,4,330.1729188257075,0.14217072,342.5030278274974,60.0307522895055,0.0,14.0,0.0,0.0,0.0,0.0,330.1729188257075,0.0,0.0,0.0,0.0
290,5,0.0,0.63207552,0.0,0.0,0.0,1.0,0.0,0.0,0.0,0.0,0.0,0.0,0.0,0.0,0.0
290,6,0.0,1.86291072,0.0,0.0,0.0,0.0,0.0,0.0,0.0,0.0,0.0,0.0,0.0,0.0,0.0
290,7,0.0,2.157432,0.0,0.0,0.0,0.0,0.0,0.0,0.0,0.0,0.0,0.0,0.0,0.0,0.0
290,8,0.0,1.2720172799999998,0.0,0.0,0.0,0.0,0.0,0.0,0.0,0.0,0.0,0.0,0.0,0.0,0.0
290,9,0.0,0.7253136000000001,0.0,0.0,0.0,0.0,0.0,0.0,0.0,0.0,0.0,0.0,0.0,0.0,0.0
290,10,0.0,0.6900312000000001,0.0,0.0,0.0,0.0,0.0,0.0,0.0,0.0,0.0,0.0,0.0,0.0,0.0
290,11,0.0,0.3360504,0.0,0.0,0.0,0.0,0.0,0.0,0.0,0.0,0.0,0.0,0.0,0.0,0.0
290,12,0.0,0.24975312,0.0,0.0,0.0,0.0,0.0,0.0,0.0,0.0,0.0,0.0,0.0,0.0,0.0
290,13,0.0,0.2312443199999999,0.0,0.0,0.0,0.0,0.0,0.0,0.0,0.0,0.0,0.0,0.0,0.0,0.0
290,14,0.0,0.28896864,0.0,0.0,0.0,0.0,0.0,0.0,0.0,0.0,0.0,0.0,0.0,0.0,0.0
290,15,0.0,0.5773588799999999,0.0,0.0,0.0,0.0,0.0,0.0,0.0,0.0,0.0,0.0,0.0,0.0,0.0
290,16,0.0,0.61819392,0.0,0.0,0.0,0.0,0.0,0.0,0.0,0.0,0.0,0.0,0.0,0.0,0.0
290,17,0.0,0.653592,0.0,0.0,0.0,0.0,0.0,0.0,0.0,0.0,0.0,0.0,0.0,0.0,0.0
290,18,0.0,0.62744832,0.0,0.0,0.0,0.0,0.0,0.0,0.0,0.0,0.0,0.0,0.0,0.0,0.0
290,19,33.42256560014334,0.60049488,34.6707112034682,21.96718510447609,0.0,1.0,0.0,0.0,0.0,0.0,33.42256560014334,0.0,0.0,0.0,0.0
290,20,191.86431930165156,0.52021296,199.02937686893316,110.12553364230493,0.0,6.0,0.0,0.0,0.0,0.0,191.8643193016515,0.0,0.0,0.0,0.0
290,21,375.5781286057481,0.18497232,389.6038678482865,84.96181934264925,0.0,14.0,0.0,0.0,0.0,0.0,375.5781286057481,0.0,0.0,0.0,0.0
290,22,388.4977028413266,0.09925344,403.00591581050475,53.33921929787069,0.0,12.0,0.0,0.0,0.0,0.0,388.4977028413266,0.0,0.0,0.0,0.0
290,23,344.08236938924904,0.0853718399999999,356.93191845357785,42.28638113392528,0.0,13.0,0.0,0.0,0.0,0.0,344.08236938924824,0.0,0.0,0.0,0.0
291,0,435.6928193252039,0.0840993599999999,451.9635055240705,52.969833590777476,0.0,13.0,0.0,0.0,0.0,0.0,435.69281932520323,0.0,0.0,0.0,0.0
291,1,496.0097694707312,0.08178576,514.5329558825011,59.112509681607634,0.0,14.0,0.0,0.0,0.0,0.0,496.0097694707312,0.0,0.0,0.0,0.0
291,2,310.46592991999864,0.0839836799999999,322.06009327800695,37.70798090213228,0.0,10.0,0.0,0.0,0.0,0.0,310.4659299199981,0.0,0.0,0.0,0.0
291,3,339.70379956064943,0.092544,352.3898335691385,44.27566824896084,0.0,12.0,0.0,0.0,0.0,0.0,339.70379956064943,0.0,0.0,0.0,0.0
291,4,268.49628398877144,0.10388064,278.5231161709247,38.152274707887614,0.0,13.0,0.0,0.0,0.0,0.0,268.49628398877144,0.0,0.0,0.0,0.0
291,5,143.3745498548026,0.54473712,148.72878615643427,85.94101345372984,0.0,9.0,0.0,0.0,0.0,0.0,143.3745498548026,0.0,0.0,0.0,0.0
291,6,0.0,0.82688064,0.0,0.0,0.0,1.0,0.0,0.0,0.0,0.0,0.0,0.0,0.0,0.0,0.0
291,7,0.0,1.7967417600000002,0.0,0.0,0.0,0.0,0.0,0.0,0.0,0.0,0.0,0.0,0.0,0.0,0.0
291,8,0.0,1.33795488,0.0,0.0,0.0,1.0,0.0,0.0,0.0,0.0,0.0,0.0,0.0,0.0,0.0
291,9,0.0,0.97842144,0.0,0.0,0.0,0.0,0.0,0.0,0.0,0.0,0.0,0.0,0.0,0.0,0.0
291,10,0.0,0.76129008,0.0,0.0,0.0,0.0,0.0,0.0,0.0,0.0,0.0,0.0,0.0,0.0,0.0
291,11,0.0,0.7196452799999999,0.0,0.0,0.0,0.0,0.0,0.0,0.0,0.0,0.0,0.0,0.0,0.0,0.0
291,12,0.0,0.7130515199999999,0.0,0.0,0.0,0.0,0.0,0.0,0.0,0.0,0.0,0.0,0.0,0.0,0.0
291,13,0.0,0.6877176,0.0,0.0,0.0,0.0,0.0,0.0,0.0,0.0,0.0,0.0,0.0,0.0,0.0
291,14,0.0,0.5805979199999999,0.0,0.0,0.0,0.0,0.0,0.0,0.0,0.0,0.0,0.0,0.0,0.0,0.0
291,15,0.0,0.62328384,0.0,0.0,0.0,0.0,0.0,0.0,0.0,0.0,0.0,0.0,0.0,0.0,0.0
291,16,0.0,0.6726791999999999,0.0,0.0,0.0,0.0,0.0,0.0,0.0,0.0,0.0,0.0,0.0,0.0,0.0
291,17,0.0,0.69512112,0.0,0.0,0.0,0.0,0.0,0.0,0.0,0.0,0.0,0.0,0.0,0.0,0.0
291,18,0.0,0.5958676799999999,0.0,0.0,0.0,0.0,0.0,0.0,0.0,0.0,0.0,0.0,0.0,0.0,0.0
291,19,0.0,0.5476291200000001,0.0,0.0,0.0,0.0,0.0,0.0,0.0,0.0,0.0,0.0,0.0,0.0,0.0
291,20,141.47351959630225,0.3811656,146.7567630667036,60.79627850588581,0.0,4.0,0.0,0.0,0.0,0.0,141.47351959630168,0.0,0.0,0.0,0.0
291,21,326.0763713190869,0.0989064,338.25349721896987,44.65162645528622,0.0,11.0,0.0,0.0,0.0,0.0,326.0763713190866,0.0,0.0,0.0,0.0
291,22,275.4202706900276,0.0787780799999999,285.7056749896552,31.96420236294662,0.0,9.0,0.0,0.0,0.0,0.0,275.4202706900276,0.0,0.0,0.0,0.0
291,23,213.2998229974884,0.04673472,221.26537655341122,17.66465938283615,0.0,9.0,0.0,0.0,0.0,0.0,213.29982299748826,0.0,0.0,0.0,0.0
292,0,289.38987501453107,0.03366288,300.1969657827086,20.042014002915074,0.0,11.0,0.0,0.0,0.0,0.0,289.38987501453096,0.0,0.0,0.0,0.0
292,1,312.55913096156166,0.02845728,324.2314636530723,19.958806992901994,0.0,10.0,0.0,0.0,0.0,0.0,312.55913096156166,0.0,0.0,0.0,0.0
292,2,474.2303264161732,0.02221056,491.94017263088506,27.209486434710925,0.0,13.0,0.0,0.0,0.0,0.0,474.2303264161733,0.0,0.0,0.0,0.0
292,3,322.90450879524826,0.0283415999999999,334.96318339756044,20.580673929039513,0.0,10.0,0.0,0.0,0.0,0.0,322.90450879524826,0.0,0.0,0.0,0.0
292,4,308.09728072272196,0.04870128,319.6029883015789,26.143933534894174,0.0,11.0,0.0,0.0,0.0,0.0,308.09728072272196,0.0,0.0,0.0,0.0
292,5,192.62178414181903,0.09474192,199.81512877782058,25.544749708003838,0.0,11.0,0.0,0.0,0.0,0.0,192.62178414181903,0.0,0.0,0.0,0.0
292,6,169.354284377724,0.13893168,175.67871823415356,30.222305038068072,0.0,7.0,0.0,0.0,0.0,0.0,169.35428437772399,0.0,0.0,0.0,0.0
292,7,0.0,0.21956064,0.0,0.0,0.0,7.0,0.0,0.0,0.0,0.0,0.0,0.0,0.0,0.0,0.0
292,8,215.96871474098867,0.21886656,224.0339364533078,56.44906029139857,0.0,10.0,0.0,0.0,0.0,0.0,215.96871474098867,0.0,0.0,0.0,0.0
292,9,193.23294406111228,0.1739827199999999,200.4491120965895,41.50954735454663,0.0,7.0,0.0,0.0,0.0,0.0,193.23294406111216,0.0,0.0,0.0,0.0
292,10,0.0,0.1220424,0.0,0.0,0.0,0.0,0.0,0.0,0.0,0.0,0.0,0.0,0.0,0.0,0.0
292,11,0.0,0.11382912,0.0,0.0,0.0,0.0,0.0,0.0,0.0,0.0,0.0,0.0,0.0,0.0,0.0
292,12,0.0,0.10978032,0.0,0.0,0.0,0.0,0.0,0.0,0.0,0.0,0.0,0.0,0.0,0.0,0.0
292,13,0.0,0.10619424,0.0,0.0,0.0,0.0,0.0,0.0,0.0,0.0,0.0,0.0,0.0,0.0,0.0
292,14,0.0,0.10341792,0.0,0.0,0.0,0.0,0.0,0.0,0.0,0.0,0.0,0.0,0.0,0.0,0.0
292,15,0.0,0.09925344,0.0,0.0,0.0,0.0,0.0,0.0,0.0,0.0,0.0,0.0,0.0,0.0,0.0
292,16,0.0,0.10515312,0.0,0.0,0.0,0.0,0.0,0.0,0.0,0.0,0.0,0.0,0.0,0.0,0.0
292,17,0.0,0.1023768,0.0,0.0,0.0,0.0,0.0,0.0,0.0,0.0,0.0,0.0,0.0,0.0,0.0
292,18,119.54789216649223,0.09913776,124.01233627229485,16.399113561015024,0.0,3.0,0.0,0.0,0.0,0.0,119.54789216649222,0.0,0.0,0.0,0.0
292,19,242.33579433863977,0.0902304,251.3856787745226,31.00349631753338,0.0,8.0,0.0,0.0,0.0,0.0,242.33579433863977,0.0,0.0,0.0,0.0
292,20,261.78965090994376,0.0868756799999999,271.5660279148794,32.58131886398661,0.0,7.0,0.0,0.0,0.0,0.0,261.78965090994365,0.0,0.0,0.0,0.0
292,21,374.82520671836096,0.0699863999999999,388.8228285460176,40.082345632626144,0.0,11.0,0.0,0.0,0.0,0.0,374.82520671836085,0.0,0.0,0.0,0.0
292,22,467.9954937302281,0.049164,485.47250386953124,39.936910058323114,0.0,13.0,0.0,0.0,0.0,0.0,467.99549373022785,0.0,0.0,0.0,0.0
292,23,255.151081536673,0.07449792,264.6795451625239,28.47896852603363,0.0,11.0,0.0,0.0,0.0,0.0,255.1510815366727,0.0,0.0,0.0,0.0
293,0,258.01049790222174,0.07206864,267.64574471184835,28.147938973132284,0.0,8.0,0.0,0.0,0.0,0.0,258.0104979022217,0.0,0.0,0.0,0.0
293,1,370.136637821677,0.06963936,383.95916786481024,39.447719172563176,0.0,10.0,0.0,0.0,0.0,0.0,370.1366378216769,0.0,0.0,0.0,0.0
293,2,240.1287095894568,0.0655905599999999,249.09617177329542,24.583440686162696,0.0,6.0,0.0,0.0,0.0,0.0,240.1287095894567,0.0,0.0,0.0,0.0
293,3,323.9703058547987,0.06258288,336.0687820070526,32.15602894052697,0.0,10.0,0.0,0.0,0.0,0.0,323.97030585479854,0.0,0.0,0.0,0.0
293,4,264.05668737205065,0.0971712,273.91772548967907,35.68359080081108,0.0,8.0,0.0,0.0,0.0,0.0,264.05668737205036,0.0,0.0,0.0,0.0
293,5,148.22487993895254,0.1154486399999999,153.76024889932842,22.840875860056716,0.0,6.0,0.0,0.0,0.0,0.0,148.22487993895248,0.0,0.0,0.0,0.0
293,6,32.79630528737714,0.21875088,34.02106357611736,8.568234800181106,0.0,5.0,0.0,0.0,0.0,0.0,32.79630528737714,0.0,0.0,0.0,0.0
293,7,38.20565030489753,0.27670656,39.63241732873188,12.278382877098814,0.0,8.0,0.0,0.0,0.0,0.0,38.20565030489732,0.0,0.0,0.0,0.0
293,8,69.43343749772936,0.21886656,72.02638744577736,18.148241073939708,0.0,9.0,0.0,0.0,0.0,0.0,69.43343749772936,0.0,0.0,0.0,0.0
293,9,169.27193859314463,0.1605638399999999,175.59329729579318,34.006072232564904,0.0,6.0,0.0,0.0,0.0,0.0,169.27193859314463,0.0,0.0,0.0,0.0
293,10,0.0,0.13210656,0.0,0.0,0.0,1.0,0.0,0.0,0.0,0.0,0.0,0.0,0.0,0.0,0.0
293,11,0.0,0.11903472,0.0,0.0,0.0,0.0,0.0,0.0,0.0,0.0,0.0,0.0,0.0,0.0,0.0
293,12,0.0,0.11487024,0.0,0.0,0.0,0.0,0.0,0.0,0.0,0.0,0.0,0.0,0.0,0.0,0.0
293,13,0.0,0.11382912,0.0,0.0,0.0,0.0,0.0,0.0,0.0,0.0,0.0,0.0,0.0,0.0,0.0
293,14,0.0,0.11313504,0.0,0.0,0.0,0.0,0.0,0.0,0.0,0.0,0.0,0.0,0.0,0.0,0.0
293,15,0.0,0.1149859199999999,0.0,0.0,0.0,0.0,0.0,0.0,0.0,0.0,0.0,0.0,0.0,0.0,0.0
293,16,0.0,0.11810928,0.0,0.0,0.0,0.0,0.0,0.0,0.0,0.0,0.0,0.0,0.0,0.0,0.0
293,17,0.0,0.11637408,0.0,0.0,0.0,0.0,0.0,0.0,0.0,0.0,0.0,0.0,0.0,0.0,0.0
293,18,161.2456668915842,0.1116312,167.26728930662262,24.20879550209466,0.0,5.0,0.0,0.0,0.0,0.0,161.24566689158348,0.0,0.0,0.0,0.0
293,19,178.23274165778002,0.1029552,184.88873615952286,25.155073975931117,0.0,6.0,0.0,0.0,0.0,0.0,178.23274165778008,0.0,0.0,0.0,0.0
293,20,256.97157133051473,0.0989064,266.5680200524012,35.188684682245295,0.0,7.0,0.0,0.0,0.0,0.0,256.9715713305148,0.0,0.0,0.0,0.0
293,21,330.0104271496378,0.08490912,342.3344679975496,40.39858931405899,0.0,7.0,0.0,0.0,0.0,0.0,330.01042714963785,0.0,0.0,0.0,0.0
293,22,252.83185280127074,0.06917664,262.2737062253846,26.824473433079422,0.0,6.0,0.0,0.0,0.0,0.0,252.83185280127017,0.0,0.0,0.0,0.0
293,23,256.0392688328777,0.0839836799999999,265.60090127891885,31.097530933052496,0.0,10.0,0.0,0.0,0.0,0.0,256.0392688328777,0.0,0.0,0.0,0.0
294,0,250.30959924266284,0.07334112,259.657260625169,27.638209637074887,0.0,8.0,0.0,0.0,0.0,0.0,250.30959924266284,0.0,0.0,0.0,0.0
294,1,394.3145612427305,0.0614260799999999,409.0400012891396,38.66494788505727,0.0,12.0,0.0,0.0,0.0,0.0,394.3145612427305,0.0,0.0,0.0,0.0
294,2,305.56910356028067,0.05830272,316.9803978841086,28.972870553289766,0.0,8.0,0.0,0.0,0.0,0.0,305.56910356028067,0.0,0.0,0.0,0.0
294,3,219.95027547813038,0.05969088,228.1641861806332,21.17155562018479,0.0,8.0,0.0,0.0,0.0,0.0,219.95027547813038,0.0,0.0,0.0,0.0
294,4,282.23212579954486,0.0683668799999999,292.7719147298183,29.70665273926068,0.0,9.0,0.0,0.0,0.0,0.0,282.2321257995448,0.0,0.0,0.0,0.0
294,5,224.3824838431516,0.0795878399999999,232.76191270036477,26.229437176472654,0.0,9.0,0.0,0.0,0.0,0.0,224.38248384315108,0.0,0.0,0.0,0.0
294,6,243.81814266823815,0.09855936,252.9233845106205,33.29973093370221,0.0,8.0,0.0,0.0,0.0,0.0,243.81814266823764,0.0,0.0,0.0,0.0
294,7,143.29975493891322,0.1075824,148.6511980694121,20.912607307280258,0.0,9.0,0.0,0.0,0.0,0.0,143.29975493891322,0.0,0.0,0.0,0.0
294,8,75.15832048460727,0.11556432,77.96506274336855,11.590623036500219,0.0,5.0,0.0,0.0,0.0,0.0,75.15832048460727,0.0,0.0,0.0,0.0
294,9,119.3507465808915,0.11521728,123.80782840341442,18.36284035150117,0.0,6.0,0.0,0.0,0.0,0.0,119.35074658089098,0.0,0.0,0.0,0.0
294,10,38.239632692312696,0.112788,39.667668767959235,5.787036861220036,0.0,2.0,0.0,0.0,0.0,0.0,38.239632692312696,0.0,0.0,0.0,0.0
294,11,0.0,0.1126723199999999,0.0,0.0,0.0,0.0,0.0,0.0,0.0,0.0,0.0,0.0,0.0,0.0,0.0
294,12,0.0,0.1109371199999999,0.0,0.0,0.0,0.0,0.0,0.0,0.0,0.0,0.0,0.0,0.0,0.0,0.0
294,13,0.0,0.10978032,0.0,0.0,0.0,0.0,0.0,0.0,0.0,0.0,0.0,0.0,0.0,0.0,0.0
294,14,0.0,0.1133663999999999,0.0,0.0,0.0,0.0,0.0,0.0,0.0,0.0,0.0,0.0,0.0,0.0,0.0
294,15,0.0,0.12424032,0.0,0.0,0.0,0.0,0.0,0.0,0.0,0.0,0.0,0.0,0.0,0.0,0.0
294,16,0.0,0.1502683199999999,0.0,0.0,0.0,0.0,0.0,0.0,0.0,0.0,0.0,0.0,0.0,0.0,0.0
294,17,0.0,0.1654224,0.0,0.0,0.0,0.0,0.0,0.0,0.0,0.0,0.0,0.0,0.0,0.0,0.0
294,18,36.607864416099886,0.15084672,37.97496308724055,6.985369902018972,0.0,2.0,0.0,0.0,0.0,0.0,36.60786441609988,0.0,0.0,0.0,0.0
294,19,127.37611698471727,0.1329163199999999,132.1329014364287,21.936218047398597,0.0,7.0,0.0,0.0,0.0,0.0,127.37611698471727,0.0,0.0,0.0,0.0
294,20,115.80676618129706,0.12123264,120.13150018806749,18.54021157118495,0.0,6.0,0.0,0.0,0.0,0.0,115.80676618129706,0.0,0.0,0.0,0.0
294,21,130.75749659119577,0.11579568,135.64055662987118,20.196292914983175,0.0,6.0,0.0,0.0,0.0,0.0,130.7574965911957,0.0,0.0,0.0,0.0
294,22,118.97077458741818,0.1074667199999999,123.4136665844587,17.34785431495095,0.0,6.0,0.0,0.0,0.0,0.0,118.97077458741819,0.0,0.0,0.0,0.0
294,23,145.8871833141933,0.12227376,151.33525240061545,23.51352718603265,0.0,10.0,0.0,0.0,0.0,0.0,145.88718331419332,0.0,0.0,0.0,0.0
295,0,226.06071348051458,0.1216953599999999,234.50281481381182,36.29994764011732,0.0,11.0,0.0,0.0,0.0,0.0,226.06071348051447,0.0,0.0,0.0,0.0
295,1,269.52929055281925,0.12331488,279.59469974358854,43.732771409029425,0.0,15.0,0.0,0.0,0.0,0.0,269.52929055281925,0.0,0.0,0.0,0.0
295,2,100.32971828345288,0.12343056,104.07647124839511,16.291148327335186,0.0,11.0,0.0,0.0,0.0,0.0,100.32971828345288,0.0,0.0,0.0,0.0
295,3,110.20218296264827,0.12597552,114.31761718117042,18.18513439825562,0.0,10.0,0.0,0.0,0.0,0.0,110.20218296264828,0.0,0.0,0.0,0.0
295,4,231.04077975035403,0.13569264,239.66885866219303,40.45433937937843,0.0,13.0,0.0,0.0,0.0,0.0,231.0407797503541,0.0,0.0,0.0,0.0
295,5,170.63220956221699,0.15801888,177.00436676578522,33.8288763313861,0.0,8.0,0.0,0.0,0.0,0.0,170.63220956221699,0.0,0.0,0.0,0.0
295,6,182.88048746683518,0.1668105599999999,189.71004923945557,37.92504218108712,0.0,12.0,0.0,0.0,0.0,0.0,182.88048746683518,0.0,0.0,0.0,0.0
295,7,45.04845868824923,0.1973500799999999,46.730766274117464,10.769108826331665,0.0,9.0,0.0,0.0,0.0,0.0,45.04845868824923,0.0,0.0,0.0,0.0
295,8,75.64287710849503,0.2081083199999999,78.46771484283717,18.92706567147981,0.0,5.0,0.0,0.0,0.0,0.0,75.64287710849503,0.0,0.0,0.0,0.0
295,9,0.0,0.3458832,0.0,0.0,0.0,4.0,0.0,0.0,0.0,0.0,0.0,0.0,0.0,0.0,0.0
295,10,0.0,0.5486702400000001,0.0,0.0,0.0,0.0,0.0,0.0,0.0,0.0,0.0,0.0,0.0,0.0,0.0
295,11,0.0,0.5079508799999999,0.0,0.0,0.0,0.0,0.0,0.0,0.0,0.0,0.0,0.0,0.0,0.0,0.0
295,12,0.0,0.32957232,0.0,0.0,0.0,0.0,0.0,0.0,0.0,0.0,0.0,0.0,0.0,0.0,0.0
295,13,0.0,0.35964912,0.0,0.0,0.0,0.0,0.0,0.0,0.0,0.0,0.0,0.0,0.0,0.0,0.0
295,14,0.0,0.5373336000000001,0.0,0.0,0.0,0.0,0.0,0.0,0.0,0.0,0.0,0.0,0.0,0.0,0.0
295,15,0.0,0.59309136,0.0,0.0,0.0,0.0,0.0,0.0,0.0,0.0,0.0,0.0,0.0,0.0,0.0
295,16,0.0,0.6413299199999999,0.0,0.0,0.0,0.0,0.0,0.0,0.0,0.0,0.0,0.0,0.0,0.0,0.0
295,17,0.0,0.67695936,0.0,0.0,0.0,0.0,0.0,0.0,0.0,0.0,0.0,0.0,0.0,0.0,0.0
295,18,0.0,0.66492864,0.0,0.0,0.0,0.0,0.0,0.0,0.0,0.0,0.0,0.0,0.0,0.0,0.0
295,19,58.66751717699668,0.62895216,60.858420308087844,40.29144861915743,0.0,5.0,0.0,0.0,0.0,0.0,58.66751717699668,0.0,0.0,0.0,0.0
295,20,19.64962607857592,0.44826,20.383429542091207,9.811767644381023,0.0,10.0,0.0,0.0,0.0,0.0,19.64962607857592,0.0,0.0,0.0,0.0
295,21,300.45081860499374,0.28850592,311.67097365663244,100.23523022013704,0.0,20.0,0.0,0.0,0.0,0.0,300.45081860499363,0.0,0.0,0.0,0.0
295,22,413.0988930343142,0.22013904,428.5258226497035,108.51946794302118,0.0,21.0,0.0,0.0,0.0,0.0,413.0988930343138,0.0,0.0,0.0,0.0
295,23,104.02332701132423,0.3433382399999999,107.9080155719131,40.62070346378354,0.0,15.0,0.0,0.0,0.0,0.0,104.02332701132423,0.0,0.0,0.0,0.0
296,0,280.1675550779484,0.28538256,290.630243856793,92.5606640769357,0.0,15.0,0.0,0.0,0.0,0.0,280.1675550779484,0.0,0.0,0.0,0.0
296,1,258.0950035354696,0.2828376,267.7334061571262,84.58704978110767,0.0,13.0,0.0,0.0,0.0,0.0,258.0950035354696,0.0,0.0,0.0,0.0
296,2,301.13450952101164,0.2809867199999999,312.38019659855973,98.11447134259679,0.0,15.0,0.0,0.0,0.0,0.0,301.13450952101164,0.0,0.0,0.0,0.0
296,3,236.0227304676368,0.32413536,244.83685733157347,87.46438287011328,0.0,12.0,0.0,0.0,0.0,0.0,236.0227304676368,0.0,0.0,0.0,0.0
296,4,0.0,0.65845056,0.0,0.0,0.0,1.0,0.0,0.0,0.0,0.0,0.0,0.0,0.0,0.0,0.0
296,5,0.0,0.6935016,0.0,0.0,0.0,0.0,0.0,0.0,0.0,0.0,0.0,0.0,0.0,0.0,0.0
296,6,0.0,1.89611088,0.0,0.0,0.0,0.0,0.0,0.0,0.0,0.0,0.0,0.0,0.0,0.0,0.0
296,7,0.0,2.22383232,0.0,0.0,0.0,0.0,0.0,0.0,0.0,0.0,0.0,0.0,0.0,0.0,0.0
296,8,0.0,1.7121796799999995,0.0,0.0,0.0,0.0,0.0,0.0,0.0,0.0,0.0,0.0,0.0,0.0,0.0
296,9,0.0,1.4355888,0.0,0.0,0.0,0.0,0.0,0.0,0.0,0.0,0.0,0.0,0.0,0.0,0.0
296,10,0.0,1.2221592,0.0,0.0,0.0,0.0,0.0,0.0,0.0,0.0,0.0,0.0,0.0,0.0,0.0
296,11,0.0,1.14500064,0.0,0.0,0.0,0.0,0.0,0.0,0.0,0.0,0.0,0.0,0.0,0.0,0.0
296,12,0.0,1.15587456,0.0,0.0,0.0,0.0,0.0,0.0,0.0,0.0,0.0,0.0,0.0,0.0,0.0
296,13,0.0,0.95424432,0.0,0.0,0.0,0.0,0.0,0.0,0.0,0.0,0.0,0.0,0.0,0.0,0.0
296,14,0.0,1.1465044800000002,0.0,0.0,0.0,0.0,0.0,0.0,0.0,0.0,0.0,0.0,0.0,0.0,0.0
296,15,0.0,1.15691568,0.0,0.0,0.0,0.0,0.0,0.0,0.0,0.0,0.0,0.0,0.0,0.0,0.0
296,16,0.0,1.54166736,0.0,0.0,0.0,0.0,0.0,0.0,0.0,0.0,0.0,0.0,0.0,0.0,0.0
296,17,0.0,1.5075417599999998,0.0,0.0,0.0,0.0,0.0,0.0,0.0,0.0,0.0,0.0,0.0,0.0,0.0
296,18,0.0,0.90392352,0.0,0.0,0.0,0.0,0.0,0.0,0.0,0.0,0.0,0.0,0.0,0.0,0.0
296,19,65.09921064202554,0.77135424,67.53030149587713,54.32503736683669,0.0,4.0,0.0,0.0,0.0,0.0,65.09921064202554,0.0,0.0,0.0,0.0
296,20,125.58664151024702,0.72924672,130.27659907701974,99.31593799912103,0.0,6.0,0.0,0.0,0.0,0.0,125.58664151024702,0.0,0.0,0.0,0.0
296,21,231.49058627058105,0.36948192,240.13546293628738,96.67419572897941,0.0,10.0,0.0,0.0,0.0,0.0,231.49058627058105,0.0,0.0,0.0,0.0
296,22,451.79221698135296,0.27786336,468.66412549932886,145.73737117673298,0.0,13.0,0.0,0.0,0.0,0.0,451.79221698135296,0.0,0.0,0.0,0.0
296,23,267.9900416811611,0.29914848,277.99796854892224,92.36440249346724,0.0,13.0,0.0,0.0,0.0,0.0,267.9900416811611,0.0,0.0,0.0,0.0
297,0,308.7962129463125,0.29186064,320.3280217285399,104.09399895084023,0.0,10.0,0.0,0.0,0.0,0.0,308.7962129463125,0.0,0.0,0.0,0.0
297,1,507.41199708852855,0.28491984,526.3609928304238,167.3932387221725,0.0,14.0,0.0,0.0,0.0,0.0,507.4119970885283,0.0,0.0,0.0,0.0
297,2,336.1167401589753,0.2894313599999999,348.66881759229807,112.4566279276358,0.0,12.0,0.0,0.0,0.0,0.0,336.11674015897535,0.0,0.0,0.0,0.0
297,3,278.59739828659406,0.32054928,289.0014505047656,102.205154889966,0.0,9.0,0.0,0.0,0.0,0.0,278.59739828659406,0.0,0.0,0.0,0.0
297,4,274.8912430416516,0.4356508799999999,285.1568911220452,133.66754365152286,0.0,9.0,0.0,0.0,0.0,0.0,274.8912430416516,0.0,0.0,0.0,0.0
297,5,202.61945205758232,0.70483824,210.18615358670365,155.1044002501418,0.0,9.0,0.0,0.0,0.0,0.0,202.61945205758232,0.0,0.0,0.0,0.0
297,6,246.11204167269892,0.75064752,255.30294779325618,200.09305218165403,0.0,10.0,0.0,0.0,0.0,0.0,246.11204167269892,0.0,0.0,0.0,0.0
297,7,0.0,0.789516,0.0,0.0,0.0,0.0,0.0,0.0,0.0,0.0,0.0,0.0,0.0,0.0,0.0
297,8,0.0,0.7725110399999999,0.0,0.0,0.0,0.0,0.0,0.0,0.0,0.0,0.0,0.0,0.0,0.0,0.0
297,9,213.70559062494596,0.7505318399999998,221.6862973287821,173.72044107854057,0.0,7.0,0.0,0.0,0.0,0.0,213.70559062494596,0.0,0.0,0.0,0.0
297,10,47.789955243738184,0.73850112,49.57464236902302,38.25184957553761,0.0,2.0,0.0,0.0,0.0,0.0,47.789955243738184,0.0,0.0,0.0,0.0
297,11,0.0,0.70877136,0.0,0.0,0.0,0.0,0.0,0.0,0.0,0.0,0.0,0.0,0.0,0.0,0.0
297,12,0.0,0.69766608,0.0,0.0,0.0,0.0,0.0,0.0,0.0,0.0,0.0,0.0,0.0,0.0,0.0
297,13,0.0,0.70379712,0.0,0.0,0.0,0.0,0.0,0.0,0.0,0.0,0.0,0.0,0.0,0.0,0.0
297,14,0.0,0.6969719999999999,0.0,0.0,0.0,0.0,0.0,0.0,0.0,0.0,0.0,0.0,0.0,0.0,0.0
297,15,0.0,0.67950432,0.0,0.0,0.0,0.0,0.0,0.0,0.0,0.0,0.0,0.0,0.0,0.0,0.0
297,16,0.0,0.69442704,0.0,0.0,0.0,0.0,0.0,0.0,0.0,0.0,0.0,0.0,0.0,0.0,0.0
297,17,0.0,0.69708768,0.0,0.0,0.0,0.0,0.0,0.0,0.0,0.0,0.0,0.0,0.0,0.0,0.0
297,18,155.1857191116026,0.615996,160.9810364228243,104.49214681790957,0.0,4.0,0.0,0.0,0.0,0.0,155.18571911160186,0.0,0.0,0.0,0.0
297,19,60.326590331584995,0.3539808,62.57945055143672,24.223303783010564,0.0,4.0,0.0,0.0,0.0,0.0,60.326590331584995,0.0,0.0,0.0,0.0
297,20,201.44887223908037,0.28480416,208.97185916917053,66.43302335281345,0.0,9.0,0.0,0.0,0.0,0.0,201.44887223908037,0.0,0.0,0.0,0.0
297,21,189.26724645115277,0.25877616,196.3353178953867,57.30559865968476,0.0,11.0,0.0,0.0,0.0,0.0,189.2672464511528,0.0,0.0,0.0,0.0
297,22,324.5873740061992,0.23841648,336.70889419730213,91.42201373714389,0.0,10.0,0.0,0.0,0.0,0.0,324.58737400619907,0.0,0.0,0.0,0.0
297,23,179.35912140334938,0.24096144,186.0571798789931,50.99109863997589,0.0,12.0,0.0,0.0,0.0,0.0,179.35912140334938,0.0,0.0,0.0,0.0
298,0,359.87800548143423,0.2330952,373.3174330720272,99.37530876009488,0.0,11.0,0.0,0.0,0.0,0.0,359.87800548143423,0.0,0.0,0.0,0.0
298,1,273.8764960144007,0.2209488,284.10424897759407,72.17634352765901,0.0,9.0,0.0,0.0,0.0,0.0,273.8764960144007,0.0,0.0,0.0,0.0
298,2,328.1196016795904,0.21932928,340.37303078795685,85.92011909322177,0.0,9.0,0.0,0.0,0.0,0.0,328.1196016795903,0.0,0.0,0.0,0.0
298,3,355.5740354896766,0.21828816,368.8527339104529,92.72521008871837,0.0,11.0,0.0,0.0,0.0,0.0,355.5740354896766,0.0,0.0,0.0,0.0
298,4,255.45700655622352,0.24246528,264.9968947678668,73.02394350583775,0.0,10.0,0.0,0.0,0.0,0.0,255.45700655622352,0.0,0.0,0.0,0.0
298,5,296.7473575234563,0.2920919999999999,307.82920904922855,100.1035961491367,0.0,10.0,0.0,0.0,0.0,0.0,296.7473575234563,0.0,0.0,0.0,0.0
298,6,144.3440789265044,0.39319632,149.73452170799214,63.831275581077165,0.0,12.0,0.0,0.0,0.0,0.0,144.3440789265044,0.0,0.0,0.0,0.0
298,7,136.43335349596344,0.5281948799999999,141.52837499581273,79.4391522598697,0.0,10.0,0.0,0.0,0.0,0.0,136.43335349596344,0.0,0.0,0.0,0.0
298,8,98.11690241185528,0.75226704,101.78101909943496,79.93545769830669,0.0,6.0,0.0,0.0,0.0,0.0,98.11690241185474,0.0,0.0,0.0,0.0
298,9,123.8701148212509,0.6860980799999999,128.49596973158808,92.41405471869625,0.0,6.0,0.0,0.0,0.0,0.0,123.8701148212509,0.0,0.0,0.0,0.0
298,10,45.35562954953746,0.52079136,47.049408246408156,26.06026072079823,0.0,1.0,0.0,0.0,0.0,0.0,45.35562954953746,0.0,0.0,0.0,0.0
298,11,0.0,0.41448144,0.0,0.0,0.0,0.0,0.0,0.0,0.0,0.0,0.0,0.0,0.0,0.0,0.0
298,12,0.0,0.4299825599999999,0.0,0.0,0.0,0.0,0.0,0.0,0.0,0.0,0.0,0.0,0.0,0.0,0.0
298,13,0.0,0.4517304,0.0,0.0,0.0,0.0,0.0,0.0,0.0,0.0,0.0,0.0,0.0,0.0,0.0
298,14,0.0,0.51385056,0.0,0.0,0.0,0.0,0.0,0.0,0.0,0.0,0.0,0.0,0.0,0.0,0.0
298,15,0.0,0.7467144,0.0,0.0,0.0,0.0,0.0,0.0,0.0,0.0,0.0,0.0,0.0,0.0,0.0
298,16,0.0,0.7523827200000001,0.0,0.0,0.0,0.0,0.0,0.0,0.0,0.0,0.0,0.0,0.0,0.0,0.0
298,17,0.0,0.7530767999999999,0.0,0.0,0.0,0.0,0.0,0.0,0.0,0.0,0.0,0.0,0.0,0.0,0.0
298,18,64.87496456701173,0.47151168,67.29768108611177,32.896300268185385,18.74663550902568,2.0,0.0,0.0,0.0,1.0,62.84443011412401,0.0,0.0,0.0,2.030534452887725
298,19,140.3683227611307,0.29833872,145.61029332067503,48.260889237029076,0.0,9.0,0.0,0.0,0.0,0.0,140.3683227611307,0.0,0.0,0.0,0.0
298,20,532.8365077800062,0.2893156799999999,552.7349665767699,178.21042010862652,0.0,14.0,0.0,0.0,0.0,0.0,532.8365077800061,0.0,0.0,0.0,0.0
298,21,46.697486968092115,0.3505104,48.44137652291714,18.582615824506853,0.0,7.0,0.0,0.0,0.0,0.0,46.697486968092115,0.0,0.0,0.0,0.0
298,22,402.31708386733044,0.2330952,417.3413733063595,111.09427033556103,0.0,11.0,0.0,0.0,0.0,0.0,402.31708386733044,0.0,0.0,0.0,0.0
298,23,313.0241790891013,0.23517744,324.71387872313426,87.11340811631291,0.0,13.0,0.0,0.0,0.0,0.0,313.0241790891012,0.0,0.0,0.0,0.0
299,0,242.73588525375166,0.22198992,251.80071084414072,64.231823185175,0.0,8.0,0.0,0.0,0.0,0.0,242.73588525375166,0.0,0.0,0.0,0.0
299,1,381.5110036285675,0.21423936,395.7583025192609,97.88660525980038,0.0,11.0,0.0,0.0,0.0,0.0,381.5110036285675,0.0,0.0,0.0,0.0
299,2,355.5066988258478,0.21528048,368.7828825994272,91.59846939582937,0.0,11.0,0.0,0.0,0.0,0.0,355.5066988258478,0.0,0.0,0.0,0.0
299,3,329.5743430844064,0.23055024,341.8820986352764,90.13729735689428,0.0,10.0,0.0,0.0,0.0,0.0,329.5743430844064,0.0,0.0,0.0,0.0
299,4,179.19771034219372,0.34403232,185.88974101887317,70.1050292946468,0.0,9.0,0.0,0.0,0.0,0.0,179.19771034219374,0.0,0.0,0.0,0.0
299,5,193.16185088972452,0.41390304,200.37536399349017,89.56839684619663,0.0,11.0,0.0,0.0,0.0,0.0,193.16185088972452,0.0,0.0,0.0,0.0
299,6,168.70158432528774,0.71559648,175.0016434909624,131.02311447589847,0.0,8.0,0.0,0.0,0.0,0.0,168.70158432528774,0.0,0.0,0.0,0.0
299,7,184.31258652961137,0.66516,191.1956291800948,133.504260031293,0.0,8.0,0.0,0.0,0.0,0.0,184.31258652961137,0.0,0.0,0.0,0.0
299,8,0.0,0.7914825600000001,0.0,0.0,0.0,2.0,0.0,0.0,0.0,0.0,0.0,0.0,0.0,0.0,0.0
299,9,0.0,0.7918296,0.0,0.0,0.0,0.0,0.0,0.0,0.0,0.0,0.0,0.0,0.0,0.0,0.0
299,10,0.0,0.8334744,0.0,0.0,0.0,0.0,0.0,0.0,0.0,0.0,0.0,0.0,0.0,0.0,0.0
299,11,0.0,0.83312736,0.0,0.0,0.0,0.0,0.0,0.0,0.0,0.0,0.0,0.0,0.0,0.0,0.0
299,12,0.0,0.80941296,0.0,0.0,0.0,0.0,0.0,0.0,0.0,0.0,0.0,0.0,0.0,0.0,0.0
299,13,0.0,0.7848887999999999,0.0,0.0,0.0,0.0,0.0,0.0,0.0,0.0,0.0,0.0,0.0,0.0,0.0
299,14,0.0,0.8188987200000001,0.0,0.0,0.0,0.0,0.0,0.0,0.0,0.0,0.0,0.0,0.0,0.0,0.0
299,15,0.0,0.82549248,0.0,0.0,0.0,0.0,0.0,0.0,0.0,0.0,0.0,0.0,0.0,0.0,0.0
299,16,0.0,0.9179208,0.0,0.0,0.0,0.0,0.0,0.0,0.0,0.0,0.0,0.0,0.0,0.0,0.0
299,17,0.0,0.87963072,0.0,0.0,0.0,0.0,0.0,0.0,0.0,0.0,0.0,0.0,0.0,0.0,0.0
299,18,0.0,0.7922923199999999,0.0,0.0,0.0,0.0,0.0,0.0,0.0,0.0,0.0,0.0,0.0,0.0,0.0
299,19,261.53207178320235,0.5413823999999999,271.29882965062484,155.85640277488213,0.0,9.0,0.0,0.0,0.0,0.0,261.5320717832021,0.0,0.0,0.0,0.0
299,20,253.63856814727126,0.45589488,263.11054787061335,128.65971078272486,0.0,11.0,0.0,0.0,0.0,0.0,253.6385681472713,0.0,0.0,0.0,0.0
299,21,442.0862640956132,0.43599792,458.5957096427524,215.12629351433907,0.0,14.0,0.0,0.0,0.0,0.0,442.0862640956131,0.0,0.0,0.0,0.0
299,22,475.29337258943497,0.39585696,493.0429176238952,211.49419109347656,0.0,12.0,0.0,0.0,0.0,0.0,475.29337258943497,0.0,0.0,0.0,0.0
299,23,161.8384175704206,0.58869552,167.88217590292592,104.38838486429131,0.0,7.0,0.0,0.0,0.0,0.0,161.8384175704206,0.0,0.0,0.0,0.0
300,0,301.81823339268334,0.5751609599999999,313.08945372684997,190.44009168976933,0.0,12.0,0.0,0.0,0.0,0.0,301.8182333926832,0.0,0.0,0.0,0.0
300,1,472.68058131160336,0.56243616,490.33255322780434,292.0107658722822,0.0,15.0,0.0,0.0,0.0,0.0,472.68058131160336,0.0,0.0,0.0,0.0
300,2,373.96484915978607,0.5467036799999999,387.9303414520602,224.92343955756107,0.0,10.0,0.0,0.0,0.0,0.0,373.96484915978607,0.0,0.0,0.0,0.0
300,3,324.0584004310243,0.57458256,336.16016642222445,204.2786705014834,0.0,12.0,0.0,0.0,0.0,0.0,324.0584004310242,0.0,0.0,0.0,0.0
300,4,300.53872358257007,0.56902992,311.7621613927075,187.7213252984181,0.0,11.0,0.0,0.0,0.0,0.0,300.53872358257007,0.0,0.0,0.0,0.0
300,5,0.0,0.82433568,0.0,0.0,0.0,0.0,0.0,0.0,0.0,0.0,0.0,0.0,0.0,0.0,0.0
300,6,0.0,1.22782752,0.0,0.0,0.0,0.0,0.0,0.0,0.0,0.0,0.0,0.0,0.0,0.0,0.0
300,7,0.0,1.7305728,0.0,0.0,0.0,0.0,0.0,0.0,0.0,0.0,0.0,0.0,0.0,0.0,0.0
300,8,0.0,1.71171696,0.0,0.0,0.0,0.0,0.0,0.0,0.0,0.0,0.0,0.0,0.0,0.0,0.0
300,9,0.0,1.25466528,0.0,0.0,0.0,0.0,0.0,0.0,0.0,0.0,0.0,0.0,0.0,0.0,0.0
300,10,0.0,1.25535936,0.0,0.0,0.0,0.0,0.0,0.0,0.0,0.0,0.0,0.0,0.0,0.0,0.0
300,11,0.0,1.3719648,0.0,0.0,0.0,0.0,0.0,0.0,0.0,0.0,0.0,0.0,0.0,0.0,0.0
300,12,0.0,1.2308352,0.0,0.0,0.0,0.0,0.0,0.0,0.0,0.0,0.0,0.0,0.0,0.0,0.0
300,13,0.0,1.1385225600000002,0.0,0.0,0.0,0.0,0.0,0.0,0.0,0.0,0.0,0.0,0.0,0.0,0.0
300,14,0.0,0.9242832,0.0,0.0,0.0,0.0,0.0,0.0,0.0,0.0,0.0,0.0,0.0,0.0,0.0
300,15,0.0,1.02573456,0.0,0.0,0.0,0.0,0.0,0.0,0.0,0.0,0.0,0.0,0.0,0.0,0.0
300,16,0.0,1.4095608,0.0,0.0,0.0,0.0,0.0,0.0,0.0,0.0,0.0,0.0,0.0,0.0,0.0
300,17,0.0,1.5665385599999997,0.0,0.0,0.0,0.0,0.0,0.0,0.0,0.0,0.0,0.0,0.0,0.0,0.0
300,18,1.1229374876113667,1.38804432,1.164872912459924,0.0,10.367368920893323,0.0,0.0,0.0,0.0,1.0,0.0,0.0,0.0,0.0,1.1229374876113667
300,19,0.0,0.85418112,0.0,0.0,0.0,0.0,0.0,0.0,0.0,0.0,0.0,0.0,0.0,0.0,0.0
300,20,0.0,0.7935647999999998,0.0,0.0,0.0,0.0,0.0,0.0,0.0,0.0,0.0,0.0,0.0,0.0,0.0
300,21,388.4386958026221,0.5330534399999999,402.94470518944195,228.12853097278833,0.0,10.0,0.0,0.0,0.0,0.0,388.4386958026219,0.0,0.0,0.0,0.0
300,22,193.96643646276544,0.50818224,201.20999633066953,108.9113975242566,0.0,6.0,0.0,0.0,0.0,0.0,193.96643646276536,0.0,0.0,0.0,0.0
300,23,235.41485307428937,0.46272,244.2062791227068,121.08235731462051,0.0,6.0,0.0,0.0,0.0,0.0,235.4148530742894,0.0,0.0,0.0,0.0
301,0,242.45563147282635,0.4199184,251.50999115438427,113.93865377677331,0.0,8.0,0.0,0.0,0.0,0.0,242.45563147282635,0.0,0.0,0.0,0.0
301,1,354.80592554742253,0.4066152,368.05593936454625,161.83979098886934,0.0,10.0,0.0,0.0,0.0,0.0,354.80592554742225,0.0,0.0,0.0,0.0
301,2,311.992727927068,0.3979392,323.64390863803743,139.5032114642127,0.0,9.0,0.0,0.0,0.0,0.0,311.9927279270681,0.0,0.0,0.0,0.0
301,3,405.86210837188037,0.40927584,421.0187846181332,186.24853850122577,0.0,10.0,0.0,0.0,0.0,0.0,405.86210837188037,0.0,0.0,0.0,0.0
301,4,322.00345063008496,0.46005936,334.02847575734955,164.72926932627,0.0,10.0,0.0,0.0,0.0,0.0,322.00345063008496,0.0,0.0,0.0,0.0
301,5,250.7363837001716,0.48307968,260.09998309146437,134.2583260401575,0.0,10.0,0.0,0.0,0.0,0.0,250.73638370017161,0.0,0.0,0.0,0.0
301,6,0.0,0.8033976,0.0,0.0,0.0,0.0,0.0,0.0,0.0,0.0,0.0,0.0,0.0,0.0,0.0
301,7,0.0,0.96801024,0.0,0.0,0.0,0.0,0.0,0.0,0.0,0.0,0.0,0.0,0.0,0.0,0.0
301,8,0.0,1.00491216,0.0,0.0,0.0,1.0,0.0,0.0,0.0,0.0,0.0,0.0,0.0,0.0,0.0
301,9,0.0,0.95077392,0.0,0.0,0.0,0.0,0.0,0.0,0.0,0.0,0.0,0.0,0.0,0.0,0.0
301,10,0.0,0.8068679999999999,0.0,0.0,0.0,0.0,0.0,0.0,0.0,0.0,0.0,0.0,0.0,0.0,0.0
301,11,0.0,0.7887062400000001,0.0,0.0,0.0,0.0,0.0,0.0,0.0,0.0,0.0,0.0,0.0,0.0,0.0
301,12,0.0,0.7666113599999999,0.0,0.0,0.0,0.0,0.0,0.0,0.0,0.0,0.0,0.0,0.0,0.0,0.0
301,13,0.0,0.8230632000000001,0.0,0.0,0.0,0.0,0.0,0.0,0.0,0.0,0.0,0.0,0.0,0.0,0.0
301,14,0.0,0.8784739199999999,0.0,0.0,0.0,0.0,0.0,0.0,0.0,0.0,0.0,0.0,0.0,0.0,0.0
301,15,0.0,1.01405088,0.0,0.0,0.0,0.0,0.0,0.0,0.0,0.0,0.0,0.0,0.0,0.0,0.0
301,16,0.0,1.42656576,0.0,0.0,0.0,0.0,0.0,0.0,0.0,0.0,0.0,0.0,0.0,0.0,0.0
301,17,0.0,1.6818715199999996,0.0,0.0,0.0,0.0,0.0,0.0,0.0,0.0,0.0,0.0,0.0,0.0,0.0
301,18,0.0,1.06865184,0.0,0.0,0.0,0.0,0.0,0.0,0.0,0.0,0.0,0.0,0.0,0.0,0.0
301,19,0.0,0.79576272,0.0,0.0,0.0,1.0,0.0,0.0,0.0,0.0,0.0,0.0,0.0,0.0,0.0
301,20,58.00255064432413,0.71617488,60.168621000336245,45.08283627979242,0.0,3.0,0.0,0.0,0.0,0.0,58.00255064432413,0.0,0.0,0.0,0.0
301,21,42.81248170173253,0.6771907199999999,44.41128807233665,31.54492578102741,0.0,5.0,0.0,0.0,0.0,0.0,42.81248170173253,0.0,0.0,0.0,0.0
301,22,111.62881533252718,0.5360611200000001,115.79752627855517,65.9074497499319,0.0,8.0,0.0,0.0,0.0,0.0,111.62881533252718,0.0,0.0,0.0,0.0
301,23,222.10350834780044,0.39712944,230.39783023630753,99.12392947978168,0.0,7.0,0.0,0.0,0.0,0.0,222.10350834780047,0.0,0.0,0.0,0.0
302,0,148.0262132589759,0.31453392,153.55416313171776,53.38063566179853,0.0,6.0,0.0,0.0,0.0,0.0,148.02621325897542,0.0,0.0,0.0,0.0
302,1,210.4232556772481,0.29313312,218.28138555731135,71.21061744828462,0.0,7.0,0.0,0.0,0.0,0.0,210.42325567724814,0.0,0.0,0.0,0.0
302,2,294.22087337831886,0.2585448,305.20837487377474,89.01243544838708,0.0,10.0,0.0,0.0,0.0,0.0,294.2208733783184,0.0,0.0,0.0,0.0
302,3,233.474967174482,0.2446632,242.19394935112243,67.27256639240568,0.0,8.0,0.0,0.0,0.0,0.0,233.474967174482,0.0,0.0,0.0,0.0
302,4,343.5149620801943,0.2539175999999999,356.34332165995266,102.27680495886761,0.0,9.0,0.0,0.0,0.0,0.0,343.5149620801943,0.0,0.0,0.0,0.0
302,5,276.73581950554154,0.2640974399999999,287.0703521841718,85.31657376903422,0.0,9.0,0.0,0.0,0.0,0.0,276.73581950554154,0.0,0.0,0.0,0.0
302,6,296.7406705610849,0.2893156799999999,307.8222723662707,99.24672726411636,0.0,7.0,0.0,0.0,0.0,0.0,296.7406705610849,0.0,0.0,0.0,0.0
302,7,54.106509006629246,0.29544672,56.12708403177308,18.44036936180342,0.0,6.0,0.0,0.0,0.0,0.0,54.106509006629246,0.0,0.0,0.0,0.0
302,8,87.55014177596018,0.28087104,90.81964914518693,28.514739694549455,0.0,7.0,0.0,0.0,0.0,0.0,87.55014177596018,0.0,0.0,0.0,0.0
302,9,204.34861429278456,0.27682224,211.97989034521223,65.69728245074255,0.0,7.0,0.0,0.0,0.0,0.0,204.34861429278456,0.0,0.0,0.0,0.0
302,10,49.2965489557102,0.26999712,51.137498916711834,15.499628645658476,0.0,2.0,0.0,0.0,0.0,0.0,49.2965489557102,0.0,0.0,0.0,0.0
302,11,0.0,0.2741616,0.0,0.0,0.0,0.0,0.0,0.0,0.0,0.0,0.0,0.0,0.0,0.0,0.0
302,12,0.0,0.26710512,0.0,0.0,0.0,0.0,0.0,0.0,0.0,0.0,0.0,0.0,0.0,0.0,0.0
302,13,0.0,0.25935456,0.0,0.0,0.0,0.0,0.0,0.0,0.0,0.0,0.0,0.0,0.0,0.0,0.0
302,14,0.0,0.2657169599999999,0.0,0.0,0.0,0.0,0.0,0.0,0.0,0.0,0.0,0.0,0.0,0.0,0.0
302,15,0.0,0.396204,0.0,0.0,0.0,0.0,0.0,0.0,0.0,0.0,0.0,0.0,0.0,0.0,0.0
302,16,0.0,0.70171488,0.0,0.0,0.0,0.0,0.0,0.0,0.0,0.0,0.0,0.0,0.0,0.0,0.0
302,17,0.0,0.76152144,0.0,0.0,0.0,0.0,0.0,0.0,0.0,0.0,0.0,0.0,0.0,0.0,0.0
302,18,66.70808047875961,0.67892592,69.1992536086718,49.271662214027856,0.0,3.0,0.0,0.0,0.0,0.0,66.70808047875948,0.0,0.0,0.0,0.0
302,19,169.21474452936422,0.51026448,175.53396735411224,95.37892289370419,0.0,4.0,0.0,0.0,0.0,0.0,169.21474452936422,0.0,0.0,0.0,0.0
302,20,62.295641106859065,0.4728998399999999,64.6220343432148,32.698739038141184,0.0,4.0,0.0,0.0,0.0,0.0,62.295641106859065,0.0,0.0,0.0,0.0
302,21,108.39562712242278,0.39655104,112.44359660002365,48.31150822054063,0.0,4.0,0.0,0.0,0.0,0.0,108.39562712242278,0.0,0.0,0.0,0.0
302,22,96.21223806007315,0.3505104,99.80522620339539,38.28632274597499,0.0,8.0,0.0,0.0,0.0,0.0,96.21223806007316,0.0,0.0,0.0,0.0
302,23,218.51041170147334,0.2844571199999999,226.67055155754505,71.98084754142549,0.0,11.0,0.0,0.0,0.0,0.0,218.51041170147334,0.0,0.0,0.0,0.0
303,0,281.6845975806016,0.21470208,292.2039393989644,72.40874396725732,0.0,11.0,0.0,0.0,0.0,0.0,281.6845975806016,0.0,0.0,0.0,0.0
303,1,199.83383344725812,0.14552544,207.29650772537155,37.02842990290789,0.0,8.0,0.0,0.0,0.0,0.0,199.83383344725817,0.0,0.0,0.0,0.0
303,2,298.1259524358103,0.1370807999999999,309.2592867591393,52.629992828099695,0.0,12.0,0.0,0.0,0.0,0.0,298.1259524358096,0.0,0.0,0.0,0.0
303,3,305.98254882627083,0.13372608,317.4092830148038,52.952146440970296,0.0,12.0,0.0,0.0,0.0,0.0,305.98254882627083,0.0,0.0,0.0,0.0
303,4,283.99235177666947,0.20024208,294.5978752870015,68.74208098304952,0.0,11.0,0.0,0.0,0.0,0.0,283.99235177666935,0.0,0.0,0.0,0.0
303,5,136.16636902519073,0.29105088,141.2514201506128,45.78677214307088,0.0,9.0,0.0,0.0,0.0,0.0,136.16636902519073,0.0,0.0,0.0,0.0
303,6,148.79897671111962,0.6860980799999999,154.3557849700411,111.01238418734641,0.0,9.0,0.0,0.0,0.0,0.0,148.79897671111962,0.0,0.0,0.0,0.0
303,7,0.0,0.89235552,0.0,0.0,0.0,0.0,0.0,0.0,0.0,0.0,0.0,0.0,0.0,0.0,0.0
303,8,0.0,0.94811328,0.0,0.0,0.0,0.0,0.0,0.0,0.0,0.0,0.0,0.0,0.0,0.0,0.0
303,9,0.0,0.893628,0.0,0.0,0.0,0.0,0.0,0.0,0.0,0.0,0.0,0.0,0.0,0.0,0.0
303,10,0.0,0.85637904,0.0,0.0,0.0,0.0,0.0,0.0,0.0,0.0,0.0,0.0,0.0,0.0,0.0
303,11,0.0,0.8365977599999999,0.0,0.0,0.0,0.0,0.0,0.0,0.0,0.0,0.0,0.0,0.0,0.0,0.0
303,12,0.0,0.8216750399999999,0.0,0.0,0.0,0.0,0.0,0.0,0.0,0.0,0.0,0.0,0.0,0.0,0.0
303,13,0.0,0.8423817599999999,0.0,0.0,0.0,0.0,0.0,0.0,0.0,0.0,0.0,0.0,0.0,0.0,0.0
303,14,0.0,0.93862752,0.0,0.0,0.0,0.0,0.0,0.0,0.0,0.0,0.0,0.0,0.0,0.0,0.0
303,15,0.0,1.02666,0.0,0.0,0.0,0.0,0.0,0.0,0.0,0.0,0.0,0.0,0.0,0.0,0.0
303,16,0.0,1.1024304,0.0,0.0,0.0,0.0,0.0,0.0,0.0,0.0,0.0,0.0,0.0,0.0,0.0
303,17,0.0,1.25015376,0.0,0.0,0.0,0.0,0.0,0.0,0.0,0.0,0.0,0.0,0.0,0.0,0.0
303,18,0.0,1.16559168,0.0,0.0,0.0,0.0,0.0,0.0,0.0,0.0,0.0,0.0,0.0,0.0,0.0
303,19,0.0,1.00097904,0.0,0.0,0.0,1.0,0.0,0.0,0.0,0.0,0.0,0.0,0.0,0.0,0.0
303,20,211.40379894284982,0.7177943999999999,219.29854662121352,164.67005058600816,0.0,8.0,0.0,0.0,0.0,0.0,211.4037989428498,0.0,0.0,0.0,0.0
303,21,257.6105194549657,0.5318966399999999,267.2308293101304,150.98452066463716,0.0,9.0,0.0,0.0,0.0,0.0,257.6105194549657,0.0,0.0,0.0,0.0
303,22,274.55100153296536,0.39631968,284.80394349892674,122.30041828004721,0.0,9.0,0.0,0.0,0.0,0.0,274.5510015329654,0.0,0.0,0.0,0.0
303,23,418.793259918158,0.32297856,434.4328422387531,154.69222088108242,0.0,12.0,0.0,0.0,0.0,0.0,418.79325991815784,0.0,0.0,0.0,0.0
304,0,383.15201719961806,0.34206576,397.4605987547905,149.11360760189604,0.0,11.0,0.0,0.0,0.0,0.0,383.15201719961806,0.0,0.0,0.0,0.0
304,1,320.30062671356205,0.34252848,332.2620609061847,124.8070928998576,0.0,9.0,0.0,0.0,0.0,0.0,320.30062671356205,0.0,0.0,0.0,0.0
304,2,341.7388702191672,0.34565184,354.5009027169785,134.2678691857166,0.0,11.0,0.0,0.0,0.0,0.0,341.7388702191672,0.0,0.0,0.0,0.0
304,3,284.11383809098913,0.35293968,294.723898434636,113.7751194400594,0.0,10.0,0.0,0.0,0.0,0.0,284.11383809098913,0.0,0.0,0.0,0.0
304,4,383.8446921772162,0.34657728,398.17914126267243,151.17957330734725,0.0,12.0,0.0,0.0,0.0,0.0,383.8446921772162,0.0,0.0,0.0,0.0
304,5,466.97572973393966,0.39805488,484.4146574003523,208.85774348169002,0.0,15.0,0.0,0.0,0.0,0.0,466.97572973393966,0.0,0.0,0.0,0.0
304,6,0.0,0.92451456,0.0,0.0,0.0,0.0,0.0,0.0,0.0,0.0,0.0,0.0,0.0,0.0,0.0
304,7,0.0,1.20376608,0.0,0.0,0.0,0.0,0.0,0.0,0.0,0.0,0.0,0.0,0.0,0.0,0.0
304,8,0.0,1.21082256,0.0,0.0,0.0,0.0,0.0,0.0,0.0,0.0,0.0,0.0,0.0,0.0,0.0
304,9,0.0,1.12649184,0.0,0.0,0.0,0.0,0.0,0.0,0.0,0.0,0.0,0.0,0.0,0.0,0.0
304,10,0.0,1.04250816,0.0,0.0,0.0,0.0,0.0,0.0,0.0,0.0,0.0,0.0,0.0,0.0,0.0
304,11,0.0,1.14280272,0.0,0.0,0.0,0.0,0.0,0.0,0.0,0.0,0.0,0.0,0.0,0.0,0.0
304,12,0.0,1.1377128,0.0,0.0,0.0,0.0,0.0,0.0,0.0,0.0,0.0,0.0,0.0,0.0,0.0
304,13,0.0,1.08889584,0.0,0.0,0.0,0.0,0.0,0.0,0.0,0.0,0.0,0.0,0.0,0.0,0.0
304,14,0.0,0.69940128,0.0,0.0,0.0,0.0,0.0,0.0,0.0,0.0,0.0,0.0,0.0,0.0,0.0
304,15,0.0,0.5656752,0.0,0.0,0.0,0.0,0.0,0.0,0.0,0.0,0.0,0.0,0.0,0.0,0.0
304,16,0.0,0.4724371200000001,0.0,0.0,0.0,0.0,0.0,0.0,0.0,0.0,0.0,0.0,0.0,0.0,0.0
304,17,0.0,0.73479936,0.0,0.0,0.0,0.0,0.0,0.0,0.0,0.0,0.0,0.0,0.0,0.0,0.0
304,18,89.37189562750748,0.3857928,92.70943529824427,38.83531493850039,0.0,3.0,0.0,0.0,0.0,0.0,89.37189562750606,0.0,0.0,0.0,0.0
304,19,36.5469241861944,0.2562312,37.91174708111453,10.969051277075364,0.0,4.0,0.0,0.0,0.0,0.0,36.5469241861944,0.0,0.0,0.0,0.0
304,20,313.26433474869447,0.22869936,324.9630028513428,85.07510617015973,0.0,9.0,0.0,0.0,0.0,0.0,313.2643347486941,0.0,0.0,0.0,0.0
304,21,231.4921533844697,0.20486928,240.13708857310135,57.14525006903715,0.0,7.0,0.0,0.0,0.0,0.0,231.49215338446888,0.0,0.0,0.0,0.0
304,22,226.79802550726404,0.15420144,235.26766131458928,44.06597174965486,0.0,8.0,0.0,0.0,0.0,0.0,226.79802550726347,0.0,0.0,0.0,0.0
304,23,229.63199776605887,0.11487024,238.20746656230176,35.247615997015764,0.0,10.0,0.0,0.0,0.0,0.0,229.63199776605884,0.0,0.0,0.0,0.0
305,0,304.4132265617914,0.03539808,315.78135535455544,21.630416541584765,0.0,10.0,0.0,0.0,0.0,0.0,304.41322656179085,0.0,0.0,0.0,0.0
305,1,348.34094019004186,0.0393312,361.3495230187157,26.1729795716732,0.0,10.0,0.0,0.0,0.0,0.0,348.3409401900418,0.0,0.0,0.0,0.0
305,2,442.6486932384161,0.04731312,459.17914236350225,36.924027476373396,0.0,14.0,0.0,0.0,0.0,0.0,442.64869323841606,0.0,0.0,0.0,0.0
305,3,239.96464315227954,0.0580713599999999,248.925978373734,22.694919987663894,0.0,10.0,0.0,0.0,0.0,0.0,239.96464315227908,0.0,0.0,0.0,0.0
305,4,133.057106930337,0.10839216,138.02604453354462,19.529603177307422,0.0,6.0,0.0,0.0,0.0,0.0,133.057106930337,0.0,0.0,0.0,0.0
305,5,437.22077471994913,0.1744454399999999,453.5485214937233,94.13192745476421,0.0,13.0,0.0,0.0,0.0,0.0,437.2207747199489,0.0,0.0,0.0,0.0
305,6,166.69912674590785,0.7513415999999999,172.9244053380787,135.64909720245097,0.0,10.0,0.0,0.0,0.0,0.0,166.69912674590785,0.0,0.0,0.0,0.0
305,7,0.0,0.89617296,0.0,0.0,0.0,2.0,0.0,0.0,0.0,0.0,0.0,0.0,0.0,0.0,0.0
305,8,0.0,0.87616032,0.0,0.0,0.0,2.0,0.0,0.0,0.0,0.0,0.0,0.0,0.0,0.0,0.0
305,9,0.0,0.8008526400000001,0.0,0.0,0.0,2.0,0.0,0.0,0.0,0.0,0.0,0.0,0.0,0.0,0.0
305,10,132.884186902864,0.67291056,137.84666691168468,97.32120250045196,0.0,4.0,0.0,0.0,0.0,0.0,132.884186902864,0.0,0.0,0.0,0.0
305,11,0.0,0.58857984,0.0,0.0,0.0,0.0,0.0,0.0,0.0,0.0,0.0,0.0,0.0,0.0,0.0
305,12,0.0,0.55109952,0.0,0.0,0.0,0.0,0.0,0.0,0.0,0.0,0.0,0.0,0.0,0.0,0.0
305,13,0.0,0.5920502400000001,0.0,0.0,0.0,0.0,0.0,0.0,0.0,0.0,0.0,0.0,0.0,0.0,0.0
305,14,0.0,0.6935016,0.0,0.0,0.0,0.0,0.0,0.0,0.0,0.0,0.0,0.0,0.0,0.0,0.0
305,15,0.0,0.7854672,0.0,0.0,0.0,0.0,0.0,0.0,0.0,0.0,0.0,0.0,0.0,0.0,0.0
305,16,0.0,0.8199398399999999,0.0,0.0,0.0,0.0,0.0,0.0,0.0,0.0,0.0,0.0,0.0,0.0,0.0
305,17,0.0,0.8537184,0.0,0.0,0.0,0.0,0.0,0.0,0.0,0.0,0.0,0.0,0.0,0.0,0.0
305,18,0.0,0.8223691200000001,0.0,0.0,0.0,0.0,0.0,0.0,0.0,0.0,0.0,0.0,0.0,0.0,0.0
305,19,194.15032351131327,0.75157296,201.400750530408,158.03372306491679,0.0,6.0,0.0,0.0,0.0,0.0,194.15032351131322,0.0,0.0,0.0,0.0
305,20,203.183571105427,0.6148392,210.77133932098238,136.5670129825659,0.0,7.0,0.0,0.0,0.0,0.0,203.18357110542703,0.0,0.0,0.0,0.0
305,21,245.404234550401,0.36647424,254.56870803983503,101.71909804279899,0.0,8.0,0.0,0.0,0.0,0.0,245.4042345504008,0.0,0.0,0.0,0.0
305,22,274.04494821109483,0.22106448,284.2789919202229,72.25362215632767,0.0,9.0,0.0,0.0,0.0,0.0,274.0449482110945,0.0,0.0,0.0,0.0
305,23,399.2532792705998,0.1960776,414.16315277033186,94.916917360338,0.0,11.0,0.0,0.0,0.0,0.0,399.25327927059845,0.0,0.0,0.0,0.0
306,0,264.00414165471193,0.23355792,273.86321748414105,73.02779593882869,0.0,10.0,0.0,0.0,0.0,0.0,264.00414165471125,0.0,0.0,0.0,0.0
306,1,175.10597053804025,0.19630896,181.64519765356874,41.67103588269965,0.0,8.0,0.0,0.0,0.0,0.0,175.10597053804025,0.0,0.0,0.0,0.0
306,2,496.3370142250449,0.17791584,514.872421395275,108.64623649355788,0.0,15.0,0.0,0.0,0.0,0.0,496.3370142250449,0.0,0.0,0.0,0.0
306,3,511.90881693102256,0.15894432,531.0257437043804,101.98047785220199,0.0,14.0,0.0,0.0,0.0,0.0,511.90881693102244,0.0,0.0,0.0,0.0
306,4,255.90794357168235,0.18080784,265.46467175485725,56.78497453139052,0.0,11.0,0.0,0.0,0.0,0.0,255.90794357168235,0.0,0.0,0.0,0.0
306,5,238.78825307574593,0.24732384,247.7056567175788,69.46257144646523,0.0,9.0,0.0,0.0,0.0,0.0,238.78825307574596,0.0,0.0,0.0,0.0
306,6,204.49774016712843,0.50401776,212.13458523561042,113.94125324028013,0.0,9.0,0.0,0.0,0.0,0.0,204.49774016712843,0.0,0.0,0.0,0.0
306,7,0.0,0.7887062400000001,0.0,0.0,0.0,2.0,0.0,0.0,0.0,0.0,0.0,0.0,0.0,0.0,0.0
306,8,0.0,0.87789552,0.0,0.0,0.0,2.0,0.0,0.0,0.0,0.0,0.0,0.0,0.0,0.0,0.0
306,9,0.0,0.80004288,0.0,0.0,0.0,0.0,0.0,0.0,0.0,0.0,0.0,0.0,0.0,0.0,0.0
306,10,33.51868174309141,0.6950054399999999,34.770416745945454,25.31652958378998,0.0,1.0,0.0,0.0,0.0,0.0,33.51868174309141,0.0,0.0,0.0,0.0
306,11,0.0,0.6936172799999999,0.0,0.0,0.0,0.0,0.0,0.0,0.0,0.0,0.0,0.0,0.0,0.0,0.0
306,12,0.0,0.6819335999999999,0.0,0.0,0.0,0.0,0.0,0.0,0.0,0.0,0.0,0.0,0.0,0.0,0.0
306,13,0.09565082952018855,0.6702499199999999,0.09922285219936573,0.0,0.8830833845743551,0.0,0.0,0.0,0.0,1.0,0.0,0.0,0.0,0.0,0.09565082952018855
306,14,0.0,0.7363031999999999,0.0,0.0,0.0,0.0,0.0,0.0,0.0,0.0,0.0,0.0,0.0,0.0,0.0
306,15,0.0,0.71224176,0.0,0.0,0.0,0.0,0.0,0.0,0.0,0.0,0.0,0.0,0.0,0.0,0.0
306,16,0.0,0.7249665599999999,0.0,0.0,0.0,0.0,0.0,0.0,0.0,0.0,0.0,0.0,0.0,0.0,0.0
306,17,0.0,0.7299408,0.0,0.0,0.0,0.0,0.0,0.0,0.0,0.0,0.0,0.0,0.0,0.0,0.0
306,18,0.0,0.67418304,0.0,0.0,0.0,0.0,0.0,0.0,0.0,0.0,0.0,0.0,0.0,0.0,0.0
306,19,0.0,0.36705264,0.0,0.0,0.0,0.0,0.0,0.0,0.0,0.0,0.0,0.0,0.0,0.0,0.0
306,20,0.0,0.30979104,0.0,0.0,0.0,1.0,0.0,0.0,0.0,0.0,0.0,0.0,0.0,0.0,0.0
306,21,179.7791144281914,0.2666424,186.49285729065497,55.899816627158415,0.0,6.0,0.0,0.0,0.0,0.0,179.77911442819124,0.0,0.0,0.0,0.0
306,22,353.5488940516279,0.2423496,366.75196478384646,101.0216819989246,0.0,11.0,0.0,0.0,0.0,0.0,353.5488940516274,0.0,0.0,0.0,0.0
306,23,402.32546433334306,0.2238408,417.350066735833,107.23426002715834,0.0,11.0,0.0,0.0,0.0,0.0,402.32546433334306,0.0,0.0,0.0,0.0
307,0,224.98387739735955,0.1754865599999999,233.3857649350203,48.68113386076448,0.0,6.0,0.0,0.0,0.0,0.0,224.98387739735955,0.0,0.0,0.0,0.0
307,1,329.4897058233952,0.13268496,341.79430064667554,56.66435446093706,0.0,10.0,0.0,0.0,0.0,0.0,329.489705823395,0.0,0.0,0.0,0.0
307,2,250.8171580717906,0.11568,260.1837739333928,38.71014188581018,0.0,8.0,0.0,0.0,0.0,0.0,250.81715807179052,0.0,0.0,0.0,0.0
307,3,457.44132118624805,0.0662846399999999,474.52419210191704,47.16041600333982,0.0,11.0,0.0,0.0,0.0,0.0,457.44132118624805,0.0,0.0,0.0,0.0
307,4,331.9400418313704,0.1162584,344.33614297860004,51.429495377454934,0.0,9.0,0.0,0.0,0.0,0.0,331.9400418313704,0.0,0.0,0.0,0.0
307,5,251.792448638278,0.19908528,261.1954861392926,60.64574708398776,0.0,9.0,0.0,0.0,0.0,0.0,251.792448638278,0.0,0.0,0.0,0.0
307,6,377.7309361280125,0.20972784,391.8370706722122,95.14894950326064,0.0,12.0,0.0,0.0,0.0,0.0,377.7309361280125,0.0,0.0,0.0,0.0
307,7,145.52085473830442,0.23043456,150.9552435044652,39.781923676642094,0.0,10.0,0.0,0.0,0.0,0.0,145.52085473830442,0.0,0.0,0.0,0.0
307,8,175.14695423144724,0.237144,181.68771185834777,49.10001400344733,0.0,7.0,0.0,0.0,0.0,0.0,175.14695423144724,0.0,0.0,0.0,0.0
307,9,1.8419607271669491,0.23957328,1.9107476422893666,0.0,17.005654016375363,5.0,0.0,0.0,0.0,1.0,0.0,0.0,0.0,0.0,1.8419607271669491
307,10,58.52313272973697,0.23795376,60.70864391051553,16.455306196446337,0.0,1.0,0.0,0.0,0.0,0.0,58.52313272973697,0.0,0.0,0.0,0.0
307,11,26.351362926490637,0.23564016,27.335438720425973,7.346130175397471,0.0,1.0,0.0,0.0,0.0,0.0,26.351362926490637,0.0,0.0,0.0,0.0
307,12,0.0,0.23321088,0.0,0.0,0.0,0.0,0.0,0.0,0.0,0.0,0.0,0.0,0.0,0.0,0.0
307,13,0.0,0.22337808,0.0,0.0,0.0,0.0,0.0,0.0,0.0,0.0,0.0,0.0,0.0,0.0,0.0
307,14,0.0,0.21261984,0.0,0.0,0.0,0.0,0.0,0.0,0.0,0.0,0.0,0.0,0.0,0.0,0.0
307,15,0.0,0.20602608,0.0,0.0,0.0,0.0,0.0,0.0,0.0,0.0,0.0,0.0,0.0,0.0,0.0
307,16,0.0,0.20174592,0.0,0.0,0.0,0.0,0.0,0.0,0.0,0.0,0.0,0.0,0.0,0.0,0.0
307,17,0.0,0.20116752,0.0,0.0,0.0,0.0,0.0,0.0,0.0,0.0,0.0,0.0,0.0,0.0,0.0
307,18,93.31046787874517,0.193764,96.79509116052405,21.959321561041126,0.0,3.0,0.0,0.0,0.0,0.0,93.31046787874433,0.0,0.0,0.0,0.0
307,19,74.92241655000981,0.1749081599999999,77.72034911826745,16.166466814648427,0.0,3.0,0.0,0.0,0.0,0.0,74.92241655000981,0.0,0.0,0.0,0.0
307,20,59.60133438554114,0.1399727999999999,61.827110358445175,10.700591105645103,0.0,4.0,0.0,0.0,0.0,0.0,59.601334385541136,0.0,0.0,0.0,0.0
307,21,157.73696693049868,0.11579568,163.62755905653393,24.36343667246278,0.0,4.0,0.0,0.0,0.0,0.0,157.73696693049868,0.0,0.0,0.0,0.0
307,22,292.36923954959263,0.0573772799999999,303.28759289376836,27.44063646277545,0.0,9.0,0.0,0.0,0.0,0.0,292.3692395495925,0.0,0.0,0.0,0.0
307,23,403.11884363192223,0.0279945599999999,418.17307430697326,25.54809997863179,0.0,11.0,0.0,0.0,0.0,0.0,403.1188436319219,0.0,0.0,0.0,0.0
308,0,74.61249318537801,0.11568,77.39885185205188,11.515401178548277,0.0,4.0,0.0,0.0,0.0,0.0,74.61249318537801,0.0,0.0,0.0,0.0
308,1,77.94135125526103,0.11579568,80.85202412371476,12.038517111276914,0.0,5.0,0.0,0.0,0.0,0.0,77.94135125526103,0.0,0.0,0.0,0.0
308,2,150.49248690496887,0.0825955199999999,156.11253828316276,18.061521295190406,0.0,5.0,0.0,0.0,0.0,0.0,150.49248690496887,0.0,0.0,0.0,0.0
308,3,302.54687219230243,0.0559891199999999,313.8453031040482,27.960201869672893,0.0,8.0,0.0,0.0,0.0,0.0,302.54687219230243,0.0,0.0,0.0,0.0
308,4,174.96334251526724,0.04372704,181.49724327309883,13.943895968832093,0.0,7.0,0.0,0.0,0.0,0.0,174.96334251526724,0.0,0.0,0.0,0.0
308,5,293.3858638153985,0.0358608,304.3421823811189,20.98768037074786,0.0,9.0,0.0,0.0,0.0,0.0,293.3858638153985,0.0,0.0,0.0,0.0
308,6,377.37575142720397,0.02579664,391.4686218124523,23.05618649018415,0.0,10.0,0.0,0.0,0.0,0.0,377.37575142720397,0.0,0.0,0.0,0.0
308,7,307.53978843305094,0.0326217599999999,319.0246767977707,20.966863242580626,0.0,12.0,0.0,0.0,0.0,0.0,307.5397884330504,0.0,0.0,0.0,0.0
308,8,167.2254752783932,0.0503207999999999,173.47041003982696,14.471040381850381,0.0,7.0,0.0,0.0,0.0,0.0,167.22547527839308,0.0,0.0,0.0,0.0
308,9,74.7748825709468,0.0667473599999999,77.56730557152159,7.744890683629713,0.0,5.0,0.0,0.0,0.0,0.0,74.7748825709468,0.0,0.0,0.0,0.0
308,10,35.995737748183274,0.1029552,37.33997691720257,5.080298027465378,0.0,1.0,0.0,0.0,0.0,0.0,35.995737748183274,0.0,0.0,0.0,0.0
308,11,0.0,0.11059008,0.0,0.0,0.0,0.0,0.0,0.0,0.0,0.0,0.0,0.0,0.0,0.0,0.0
308,12,0.0,0.1109371199999999,0.0,0.0,0.0,0.0,0.0,0.0,0.0,0.0,0.0,0.0,0.0,0.0,0.0
308,13,0.0,0.0856032,0.0,0.0,0.0,0.0,0.0,0.0,0.0,0.0,0.0,0.0,0.0,0.0,0.0
308,14,0.0,0.07149024,0.0,0.0,0.0,0.0,0.0,0.0,0.0,0.0,0.0,0.0,0.0,0.0,0.0
308,15,0.0,0.08132304,0.0,0.0,0.0,0.0,0.0,0.0,0.0,0.0,0.0,0.0,0.0,0.0,0.0
308,16,0.0,0.11984448,0.0,0.0,0.0,0.0,0.0,0.0,0.0,0.0,0.0,0.0,0.0,0.0,0.0
308,17,0.0,0.1318752,0.0,0.0,0.0,0.0,0.0,0.0,0.0,0.0,0.0,0.0,0.0,0.0,0.0
308,18,29.27111447611734,0.1304870399999999,30.364226634976497,4.967193957104962,0.0,2.0,0.0,0.0,0.0,0.0,29.27111447611734,0.0,0.0,0.0,0.0
308,19,29.937845377872677,0.13465152,31.055856201112736,5.209667082638086,0.0,5.0,0.0,0.0,0.0,0.0,29.937845377872677,0.0,0.0,0.0,0.0
308,20,92.51214908056696,0.1302556799999999,95.96695962714415,15.67674794742467,0.0,5.0,0.0,0.0,0.0,0.0,92.51214908056696,0.0,0.0,0.0,0.0
308,21,27.829849889522883,0.1174152,28.869138889546562,4.345244213787878,0.0,6.0,0.0,0.0,0.0,0.0,27.829849889522883,0.0,0.0,0.0,0.0
308,22,145.89199714072714,0.09034608,151.34024599660495,18.682360114516573,0.0,10.0,0.0,0.0,0.0,0.0,145.89199714072663,0.0,0.0,0.0,0.0
308,23,324.55884864311867,0.0699863999999999,336.67930357169985,34.70705735971364,0.0,13.0,0.0,0.0,0.0,0.0,324.55884864311867,0.0,0.0,0.0,0.0
309,0,140.9495121187652,0.098328,146.2131868451921,19.216506720689903,0.0,10.0,0.0,0.0,0.0,0.0,140.9495121187652,0.0,0.0,0.0,0.0
309,1,199.3529382942536,0.07623312,206.79765383221329,22.609832702155835,0.0,9.0,0.0,0.0,0.0,0.0,199.35293829425353,0.0,0.0,0.0,0.0
309,2,182.69017270998614,0.05992224,189.51262729251678,17.62888909903505,0.0,12.0,0.0,0.0,0.0,0.0,182.69017270998614,0.0,0.0,0.0,0.0
309,3,308.7429296989051,0.03447264,320.27274865031654,21.641675146358324,0.0,13.0,0.0,0.0,0.0,0.0,308.7429296989051,0.0,0.0,0.0,0.0
309,4,209.14679899056068,0.04904832,216.95726036365218,17.822674450676615,0.0,11.0,0.0,0.0,0.0,0.0,209.14679899056068,0.0,0.0,0.0,0.0
309,5,127.25425208621306,0.0902304,132.00648556661108,16.28041266752437,0.0,9.0,0.0,0.0,0.0,0.0,127.25425208621306,0.0,0.0,0.0,0.0
309,6,142.5540759450463,0.08224848,147.87767214216422,17.057464707536987,0.0,8.0,0.0,0.0,0.0,0.0,142.5540759450463,0.0,0.0,0.0,0.0
309,7,140.86018296002243,0.13002432,146.12052174276187,23.83581074733324,0.0,7.0,0.0,0.0,0.0,0.0,140.86018296002243,0.0,0.0,0.0,0.0
309,8,106.94881387058804,0.1738670399999999,110.94275297778844,22.961493193264044,0.0,8.0,0.0,0.0,0.0,0.0,106.94881387058804,0.0,0.0,0.0,0.0
309,9,19.510357584392672,0.22141152,20.23896014978493,5.15104851094119,0.0,6.0,0.0,0.0,0.0,0.0,19.510357584392672,0.0,0.0,0.0,0.0
309,10,0.0,0.27520272,0.0,0.0,0.0,0.0,0.0,0.0,0.0,0.0,0.0,0.0,0.0,0.0,0.0
309,11,0.0,0.31650048,0.0,0.0,0.0,0.0,0.0,0.0,0.0,0.0,0.0,0.0,0.0,0.0,0.0
309,12,0.0,0.33616608,0.0,0.0,0.0,0.0,0.0,0.0,0.0,0.0,0.0,0.0,0.0,0.0,0.0
309,13,0.0,0.33524064,0.0,0.0,0.0,0.0,0.0,0.0,0.0,0.0,0.0,0.0,0.0,0.0,0.0
309,14,0.0,0.36971328,0.0,0.0,0.0,0.0,0.0,0.0,0.0,0.0,0.0,0.0,0.0,0.0,0.0
309,15,0.0,0.3922708799999999,0.0,0.0,0.0,0.0,0.0,0.0,0.0,0.0,0.0,0.0,0.0,0.0,0.0
309,16,0.0,0.48735984,0.0,0.0,0.0,0.0,0.0,0.0,0.0,0.0,0.0,0.0,0.0,0.0,0.0
309,17,0.0,0.5616264,0.0,0.0,0.0,0.0,0.0,0.0,0.0,0.0,0.0,0.0,0.0,0.0,0.0
309,18,0.0,0.540804,0.0,0.0,0.0,0.0,0.0,0.0,0.0,0.0,0.0,0.0,0.0,0.0,0.0
309,19,0.0,0.5182464,0.0,0.0,0.0,0.0,0.0,0.0,0.0,0.0,0.0,0.0,0.0,0.0,0.0
309,20,0.0,0.425124,0.0,0.0,0.0,0.0,0.0,0.0,0.0,0.0,0.0,0.0,0.0,0.0,0.0
309,21,0.0,0.34923792,0.0,0.0,0.0,1.0,0.0,0.0,0.0,0.0,0.0,0.0,0.0,0.0,0.0
309,22,69.1143675621907,0.3106008,71.69540203546752,24.64176703591182,0.0,9.0,0.0,0.0,0.0,0.0,69.1143675621907,0.0,0.0,0.0,0.0
309,23,186.52387801384725,0.2502158399999999,193.48950001436435,54.818640227749654,0.0,14.0,0.0,0.0,0.0,0.0,186.52387801384725,0.0,0.0,0.0,0.0
310,0,322.4428038530534,0.219792,334.48423636208855,84.5883875020813,0.0,16.0,0.0,0.0,0.0,0.0,322.4428038530534,0.0,0.0,0.0,0.0
310,1,242.40686736797912,0.19642464,251.45940598338083,57.71612963294933,0.0,16.0,0.0,0.0,0.0,0.0,242.40686736797912,0.0,0.0,0.0,0.0
310,2,340.28854394213334,0.19561488,352.9964148777317,80.7355326691906,0.0,18.0,0.0,0.0,0.0,0.0,340.28854394213334,0.0,0.0,0.0,0.0
310,3,332.3077069676032,0.19295424,344.7175383481361,77.92486114595876,0.0,16.0,0.0,0.0,0.0,0.0,332.3077069676032,0.0,0.0,0.0,0.0
310,4,226.25876489203466,0.1959619199999999,234.70826233613556,53.76272521057887,0.0,15.0,0.0,0.0,0.0,0.0,226.2587648920346,0.0,0.0,0.0,0.0
310,5,206.4966447790538,0.29336448,214.20813773760776,69.93134829827649,0.0,14.0,0.0,0.0,0.0,0.0,206.49664477905387,0.0,0.0,0.0,0.0
310,6,0.0,0.69604656,0.0,0.0,0.0,0.0,0.0,0.0,0.0,0.0,0.0,0.0,0.0,0.0,0.0
310,7,0.0,0.803976,0.0,0.0,0.0,0.0,0.0,0.0,0.0,0.0,0.0,0.0,0.0,0.0,0.0
310,8,0.0,0.9613008,0.0,0.0,0.0,0.0,0.0,0.0,0.0,0.0,0.0,0.0,0.0,0.0,0.0
310,9,0.0,0.84261312,0.0,0.0,0.0,0.0,0.0,0.0,0.0,0.0,0.0,0.0,0.0,0.0,0.0
310,10,0.0,0.71629056,0.0,0.0,0.0,0.0,0.0,0.0,0.0,0.0,0.0,0.0,0.0,0.0,0.0
310,11,0.0,0.6533606399999999,0.0,0.0,0.0,0.0,0.0,0.0,0.0,0.0,0.0,0.0,0.0,0.0,0.0
310,12,0.0,0.6715224,0.0,0.0,0.0,0.0,0.0,0.0,0.0,0.0,0.0,0.0,0.0,0.0,0.0
310,13,0.0,0.7748246400000001,0.0,0.0,0.0,0.0,0.0,0.0,0.0,0.0,0.0,0.0,0.0,0.0,0.0
310,14,0.0,0.8999903999999999,0.0,0.0,0.0,0.0,0.0,0.0,0.0,0.0,0.0,0.0,0.0,0.0,0.0
310,15,0.0,1.04678832,0.0,0.0,0.0,0.0,0.0,0.0,0.0,0.0,0.0,0.0,0.0,0.0,0.0
310,16,0.0,1.25998656,0.0,0.0,0.0,0.0,0.0,0.0,0.0,0.0,0.0,0.0,0.0,0.0,0.0
310,17,0.0,1.54641024,0.0,0.0,0.0,0.0,0.0,0.0,0.0,0.0,0.0,0.0,0.0,0.0,0.0
310,18,0.0,1.6919356799999998,0.0,0.0,0.0,0.0,0.0,0.0,0.0,0.0,0.0,0.0,0.0,0.0,0.0
310,19,0.0,1.1045126399999998,0.0,0.0,0.0,0.0,0.0,0.0,0.0,0.0,0.0,0.0,0.0,0.0,0.0
310,20,0.0,0.90774096,0.0,0.0,0.0,1.0,0.0,0.0,0.0,0.0,0.0,0.0,0.0,0.0,0.0
310,21,247.07663090099152,0.78801216,256.3035590259248,210.4539689674646,0.0,9.0,0.0,0.0,0.0,0.0,247.07663090099152,0.0,0.0,0.0,0.0
310,22,274.5803124913525,0.52009728,284.8343490574197,157.56958714913512,0.0,11.0,0.0,0.0,0.0,0.0,274.5803124913525,0.0,0.0,0.0,0.0
310,23,450.2474837325281,0.4059211199999999,467.0617051167303,205.04995288945662,0.0,15.0,0.0,0.0,0.0,0.0,450.2474837325281,0.0,0.0,0.0,0.0
311,0,255.93908869646748,0.46630608,265.49697997558866,132.59080602144724,0.0,12.0,0.0,0.0,0.0,0.0,255.93908869646748,0.0,0.0,0.0,0.0
311,1,320.32721334613234,0.4348411200000001,332.28964040055223,155.4919864934317,0.0,14.0,0.0,0.0,0.0,0.0,320.32721334613234,0.0,0.0,0.0,0.0
311,2,443.5806674597997,0.40106256,460.1459206014519,199.77813086188314,0.0,14.0,0.0,0.0,0.0,0.0,443.5806674597997,0.0,0.0,0.0,0.0
311,3,318.1859788831519,0.41158944,330.0684428248464,146.77795100145298,0.0,13.0,0.0,0.0,0.0,0.0,318.1859788831519,0.0,0.0,0.0,0.0
311,4,332.8604595818471,0.46341408,345.2909331761899,171.44181001831745,0.0,11.0,0.0,0.0,0.0,0.0,332.86045958184707,0.0,0.0,0.0,0.0
311,5,243.0486857963606,0.57747456,252.12519273481394,153.94122861897424,0.0,11.0,0.0,0.0,0.0,0.0,243.0486857963606,0.0,0.0,0.0,0.0
311,6,0.0,0.99068352,0.0,0.0,0.0,0.0,0.0,0.0,0.0,0.0,0.0,0.0,0.0,0.0,0.0
311,7,0.0,1.48857024,0.0,0.0,0.0,0.0,0.0,0.0,0.0,0.0,0.0,0.0,0.0,0.0,0.0
311,8,0.0,1.5220017600000002,0.0,0.0,0.0,0.0,0.0,0.0,0.0,0.0,0.0,0.0,0.0,0.0,0.0
311,9,0.0,1.26403536,0.0,0.0,0.0,0.0,0.0,0.0,0.0,0.0,0.0,0.0,0.0,0.0,0.0
311,10,0.0,1.11469248,0.0,0.0,0.0,0.0,0.0,0.0,0.0,0.0,0.0,0.0,0.0,0.0,0.0
311,11,0.0,0.99693024,0.0,0.0,0.0,0.0,0.0,0.0,0.0,0.0,0.0,0.0,0.0,0.0,0.0
311,12,0.0,0.96639072,0.0,0.0,0.0,0.0,0.0,0.0,0.0,0.0,0.0,0.0,0.0,0.0,0.0
311,13,0.0,0.99380688,0.0,0.0,0.0,0.0,0.0,0.0,0.0,0.0,0.0,0.0,0.0,0.0,0.0
311,14,0.0,1.09282896,0.0,0.0,0.0,0.0,0.0,0.0,0.0,0.0,0.0,0.0,0.0,0.0,0.0
311,15,0.0,1.14534768,0.0,0.0,0.0,0.0,0.0,0.0,0.0,0.0,0.0,0.0,0.0,0.0,0.0
311,16,0.0,1.26808416,0.0,0.0,0.0,0.0,0.0,0.0,0.0,0.0,0.0,0.0,0.0,0.0,0.0
311,17,0.0,1.53704016,0.0,0.0,0.0,0.0,0.0,0.0,0.0,0.0,0.0,0.0,0.0,0.0,0.0
311,18,0.0,1.67435232,0.0,0.0,0.0,0.0,0.0,0.0,0.0,0.0,0.0,0.0,0.0,0.0,0.0
311,19,0.0,1.1362089599999998,0.0,0.0,0.0,0.0,0.0,0.0,0.0,0.0,0.0,0.0,0.0,0.0,0.0
311,20,0.0,0.98085072,0.0,0.0,0.0,0.0,0.0,0.0,0.0,0.0,0.0,0.0,0.0,0.0,0.0
311,21,0.0,0.93538848,0.0,0.0,0.0,1.0,0.0,0.0,0.0,0.0,0.0,0.0,0.0,0.0,0.0
311,22,281.8087616283187,0.7195296,292.33274027833886,220.01827338259008,0.0,8.0,0.0,0.0,0.0,0.0,281.8087616283187,0.0,0.0,0.0,0.0
311,23,411.89555757128824,0.5483231999999999,427.2775493478094,248.42908002996126,0.0,13.0,0.0,0.0,0.0,0.0,411.89555757128824,0.0,0.0,0.0,0.0
312,0,259.3642215990767,0.46167888,269.05002240568126,133.12026874985787,0.0,9.0,0.0,0.0,0.0,0.0,259.3642215990767,0.0,0.0,0.0,0.0
312,1,325.82196593013543,0.43241184,337.9895912138334,157.33815650679946,0.0,10.0,0.0,0.0,0.0,0.0,325.82196593013543,0.0,0.0,0.0,0.0
312,2,411.6088621658005,0.41598528,426.9801474748968,191.75049908320534,0.0,13.0,0.0,0.0,0.0,0.0,411.60886216580053,0.0,0.0,0.0,0.0
312,3,569.4359819792373,0.40811904,590.7012261195409,260.62862791528676,0.0,17.0,0.0,0.0,0.0,0.0,569.4359819792372,0.0,0.0,0.0,0.0
312,4,364.26205989251133,0.42847872,377.8652073573768,174.4145387445526,0.0,16.0,0.0,0.0,0.0,0.0,364.2620598925101,0.0,0.0,0.0,0.0
312,5,566.1321077726717,0.52669104,587.2739707185391,328.7507068334606,0.0,17.0,0.0,0.0,0.0,0.0,566.1321077726716,0.0,0.0,0.0,0.0
312,6,171.16942936215895,0.8693352,177.56164871593253,160.23788197129232,0.0,8.0,0.0,0.0,0.0,0.0,171.16942936215895,0.0,0.0,0.0,0.0
312,7,0.0,0.99403824,0.0,0.0,0.0,0.0,0.0,0.0,0.0,0.0,0.0,0.0,0.0,0.0,0.0
312,8,0.0,1.17843216,0.0,0.0,0.0,0.0,0.0,0.0,0.0,0.0,0.0,0.0,0.0,0.0,0.0
312,9,0.0,1.04956464,0.0,0.0,0.0,0.0,0.0,0.0,0.0,0.0,0.0,0.0,0.0,0.0,0.0
312,10,0.0,0.95702064,0.0,0.0,0.0,0.0,0.0,0.0,0.0,0.0,0.0,0.0,0.0,0.0,0.0
312,11,1.084648543692829,0.9121368,1.1251540909676652,0.0,10.01387140961222,0.0,0.0,0.0,0.0,1.0,0.0,0.0,0.0,0.0,1.084648543692829
312,12,0.0,0.8758132799999998,0.0,0.0,0.0,0.0,0.0,0.0,0.0,0.0,0.0,0.0,0.0,0.0,0.0
312,13,0.0,0.88009344,0.0,0.0,0.0,0.0,0.0,0.0,0.0,0.0,0.0,0.0,0.0,0.0,0.0
312,14,0.0,0.93203376,0.0,0.0,0.0,0.0,0.0,0.0,0.0,0.0,0.0,0.0,0.0,0.0,0.0
312,15,0.0,0.93099264,0.0,0.0,0.0,0.0,0.0,0.0,0.0,0.0,0.0,0.0,0.0,0.0,0.0
312,16,0.0,0.95748336,0.0,0.0,0.0,0.0,0.0,0.0,0.0,0.0,0.0,0.0,0.0,0.0,0.0
312,17,0.0,0.98316432,0.0,0.0,0.0,0.0,0.0,0.0,0.0,0.0,0.0,0.0,0.0,0.0,0.0
312,18,0.0,0.90820368,0.0,0.0,0.0,0.0,0.0,0.0,0.0,0.0,0.0,0.0,0.0,0.0,0.0
312,19,193.15780747732998,0.8401838399999999,200.3711695822925,174.98090439811557,0.0,5.0,0.0,0.0,0.0,0.0,193.15780747732998,0.0,0.0,0.0,0.0
312,20,170.3538943905339,0.685404,176.71565808146676,126.97090719416617,0.0,5.0,0.0,0.0,0.0,0.0,170.35389439053387,0.0,0.0,0.0,0.0
312,21,161.8389059868893,0.5907777599999999,167.8826825590138,104.7382719377086,0.0,6.0,0.0,0.0,0.0,0.0,161.8389059868883,0.0,0.0,0.0,0.0
312,22,164.77701588636197,0.4615632,170.9305144049398,84.55303523319363,0.0,5.0,0.0,0.0,0.0,0.0,164.77701588636194,0.0,0.0,0.0,0.0
312,23,247.38604510771913,0.35490624,256.6245281200406,99.57191824763123,0.0,8.0,0.0,0.0,0.0,0.0,247.38604510771867,0.0,0.0,0.0,0.0
313,0,268.897861285231,0.38486736,278.93969012990766,116.58768588281556,0.0,8.0,0.0,0.0,0.0,0.0,268.89786128523076,0.0,0.0,0.0,0.0
313,1,318.3353785052684,0.34033056,330.2234216859631,123.31551728530539,0.0,9.0,0.0,0.0,0.0,0.0,318.33537850526716,0.0,0.0,0.0,0.0
313,2,324.57573125654983,0.31499664,336.696816656172,117.2030305767095,0.0,9.0,0.0,0.0,0.0,0.0,324.57573125654966,0.0,0.0,0.0,0.0
313,3,262.2571225102375,0.29590944,272.05095696082725,89.5073330011459,0.0,7.0,0.0,0.0,0.0,0.0,262.2571225102375,0.0,0.0,0.0,0.0
313,4,440.8690078709748,0.29625648,457.3329957167789,150.6255856571334,0.0,12.0,0.0,0.0,0.0,0.0,440.86900787097466,0.0,0.0,0.0,0.0
313,5,269.94121271884916,0.30817152,280.0220048950718,95.56353524398858,0.0,10.0,0.0,0.0,0.0,0.0,269.94121271884904,0.0,0.0,0.0,0.0
313,6,267.7165113044539,0.3655488,277.7142233448692,110.71044187936411,0.0,8.0,0.0,0.0,0.0,0.0,267.7165113044538,0.0,0.0,0.0,0.0
313,7,170.34385833714927,0.4187616,176.70524723770671,79.84631574522575,0.0,8.0,0.0,0.0,0.0,0.0,170.34385833714902,0.0,0.0,0.0,0.0
313,8,90.19443815835183,0.4268592,93.56269518501229,43.03502242714211,0.0,7.0,0.0,0.0,0.0,0.0,90.19443815835183,0.0,0.0,0.0,0.0
313,9,118.03591544849,0.44236032,122.44389569345435,58.21721382845643,0.0,5.0,0.0,0.0,0.0,0.0,118.03591544849002,0.0,0.0,0.0,0.0
313,10,41.66663913454557,0.44224464,43.222654703885446,20.545657240062734,0.0,1.0,0.0,0.0,0.0,0.0,41.66663913454557,0.0,0.0,0.0,0.0
313,11,0.0,0.47394096,0.0,0.0,0.0,0.0,0.0,0.0,0.0,0.0,0.0,0.0,0.0,0.0,0.0
313,12,0.0,0.48388944,0.0,0.0,0.0,0.0,0.0,0.0,0.0,0.0,0.0,0.0,0.0,0.0,0.0
313,13,0.0,0.54554688,0.0,0.0,0.0,0.0,0.0,0.0,0.0,0.0,0.0,0.0,0.0,0.0,0.0
313,14,0.0,0.58904256,0.0,0.0,0.0,0.0,0.0,0.0,0.0,0.0,0.0,0.0,0.0,0.0,0.0
313,15,0.0,0.60489072,0.0,0.0,0.0,0.0,0.0,0.0,0.0,0.0,0.0,0.0,0.0,0.0,0.0
313,16,0.0,1.06437168,0.0,0.0,0.0,0.0,0.0,0.0,0.0,0.0,0.0,0.0,0.0,0.0,0.0
313,17,0.0,1.0920192,0.0,0.0,0.0,0.0,0.0,0.0,0.0,0.0,0.0,0.0,0.0,0.0,0.0
313,18,0.0,1.08068256,0.0,0.0,0.0,0.0,0.0,0.0,0.0,0.0,0.0,0.0,0.0,0.0,0.0
313,19,0.0,0.98085072,0.0,0.0,0.0,0.0,0.0,0.0,0.0,0.0,0.0,0.0,0.0,0.0,0.0
313,20,312.2127252903331,0.45034224,323.87212167047005,156.57346397392456,0.0,9.0,0.0,0.0,0.0,0.0,312.21272529033286,0.0,0.0,0.0,0.0
313,21,184.02257659126184,0.42951984,190.89478899508492,88.31171674173994,0.0,6.0,0.0,0.0,0.0,0.0,184.02257659126184,0.0,0.0,0.0,0.0
313,22,186.37816308086803,0.38382624,193.3383434448839,80.60782858030409,0.0,6.0,0.0,0.0,0.0,0.0,186.3781630808681,0.0,0.0,0.0,0.0
313,23,220.85431745962248,0.32922528,229.10198906599845,83.00944233689484,0.0,6.0,0.0,0.0,0.0,0.0,220.85431745962228,0.0,0.0,0.0,0.0
314,0,327.58629835941963,0.32135904,339.8198115761614,120.45220418426707,0.0,9.0,0.0,0.0,0.0,0.0,327.58629835941963,0.0,0.0,0.0,0.0
314,1,169.28349696447611,0.2894313599999999,175.60528730754783,56.63821213849413,0.0,7.0,0.0,0.0,0.0,0.0,169.28349696447611,0.0,0.0,0.0,0.0
314,2,357.27306259188765,0.27427728,370.6152101575598,113.91869522485912,0.0,11.0,0.0,0.0,0.0,0.0,357.27306259188754,0.0,0.0,0.0,0.0
314,3,396.1974430360821,0.26328768,410.9931981702098,121.81332050144873,0.0,13.0,0.0,0.0,0.0,0.0,396.1974430360822,0.0,0.0,0.0,0.0
314,4,515.6340575704118,0.26004864,534.89010121412,156.80230572038167,0.0,14.0,0.0,0.0,0.0,0.0,515.6340575704115,0.0,0.0,0.0,0.0
314,5,359.3029462608126,0.28885296,372.7208986108014,119.99859656160737,0.0,14.0,0.0,0.0,0.0,0.0,359.3029462608126,0.0,0.0,0.0,0.0
314,6,214.46268463138665,0.34704,222.47166455538039,84.5703785640823,0.0,9.0,0.0,0.0,0.0,0.0,214.4626846313866,0.0,0.0,0.0,0.0
314,7,36.71258065112887,0.725892,38.08358988706314,28.905140055561827,0.0,5.0,0.0,0.0,0.0,0.0,36.71258065112887,0.0,0.0,0.0,0.0
314,8,0.0,0.94441152,0.0,0.0,0.0,0.0,0.0,0.0,0.0,0.0,0.0,0.0,0.0,0.0,0.0
314,9,0.0,0.92740656,0.0,0.0,0.0,0.0,0.0,0.0,0.0,0.0,0.0,0.0,0.0,0.0,0.0
314,10,0.0,0.91456608,0.0,0.0,0.0,0.0,0.0,0.0,0.0,0.0,0.0,0.0,0.0,0.0,0.0
314,11,0.0,0.90253536,0.0,0.0,0.0,0.0,0.0,0.0,0.0,0.0,0.0,0.0,0.0,0.0,0.0
314,12,0.0,0.80976,0.0,0.0,0.0,0.0,0.0,0.0,0.0,0.0,0.0,0.0,0.0,0.0,0.0
314,13,0.0,0.6025771200000001,0.0,0.0,0.0,0.0,0.0,0.0,0.0,0.0,0.0,0.0,0.0,0.0,0.0
314,14,0.0,0.5205599999999999,0.0,0.0,0.0,0.0,0.0,0.0,0.0,0.0,0.0,0.0,0.0,0.0,0.0
314,15,0.0,1.01809968,0.0,0.0,0.0,0.0,0.0,0.0,0.0,0.0,0.0,0.0,0.0,0.0,0.0
314,16,0.0,0.49777104,0.0,0.0,0.0,0.0,0.0,0.0,0.0,0.0,0.0,0.0,0.0,0.0,0.0
314,17,0.0,0.49777104,0.0,0.0,0.0,0.0,0.0,0.0,0.0,0.0,0.0,0.0,0.0,0.0,0.0
314,18,0.0,0.38764368,0.0,0.0,0.0,1.0,0.0,0.0,0.0,0.0,0.0,0.0,0.0,0.0,0.0
314,19,83.30213308495608,0.32251584,86.41300112547313,30.72983198215607,0.0,5.0,0.0,0.0,0.0,0.0,83.30213308495608,0.0,0.0,0.0,0.0
314,20,206.49534029281216,0.28700208,214.20678453611225,68.56803728012136,0.0,7.0,0.0,0.0,0.0,0.0,206.4953402928121,0.0,0.0,0.0,0.0
314,21,204.38604655049195,0.26282496,212.01872048806223,62.741631379680996,0.0,7.0,0.0,0.0,0.0,0.0,204.38604655049195,0.0,0.0,0.0,0.0
314,22,213.82842830280325,0.25472736,221.81372230581252,63.84405810305514,0.0,6.0,0.0,0.0,0.0,0.0,213.82842830280313,0.0,0.0,0.0,0.0
314,23,379.8073063851037,0.22511328,393.99098172728606,101.73370368222261,0.0,12.0,0.0,0.0,0.0,0.0,379.80730638510346,0.0,0.0,0.0,0.0
315,0,229.07444663189912,0.23355792,237.62909401649287,63.365679941922444,0.0,9.0,0.0,0.0,0.0,0.0,229.07444663189895,0.0,0.0,0.0,0.0
315,1,196.78045645839902,0.23448336,204.12910420995752,54.62155157829058,0.0,6.0,0.0,0.0,0.0,0.0,196.78045645839845,0.0,0.0,0.0,0.0
315,2,97.17432464027517,0.23147568,100.80324132808629,26.67008612058253,0.0,6.0,0.0,0.0,0.0,0.0,97.17432464027517,0.0,0.0,0.0,0.0
315,3,328.5332611299026,0.2284679999999999,340.80213810155874,89.1429336589485,0.0,9.0,0.0,0.0,0.0,0.0,328.5332611299026,0.0,0.0,0.0,0.0
315,4,335.88467441406124,0.2336735999999999,348.42808549176476,92.95141470774581,0.0,11.0,0.0,0.0,0.0,0.0,335.88467441406124,0.0,0.0,0.0,0.0
315,5,203.43186947561065,0.23633424,211.02891024440942,56.858414049730655,0.0,9.0,0.0,0.0,0.0,0.0,203.43186947561065,0.0,0.0,0.0,0.0
315,6,195.66695340561432,0.242928,202.9740180556165,56.026512255855714,0.0,8.0,0.0,0.0,0.0,0.0,195.66695340561432,0.0,0.0,0.0,0.0
315,7,215.58437740065585,0.25981728,223.63524626624053,65.50662804843734,0.0,9.0,0.0,0.0,0.0,0.0,215.58437740065585,0.0,0.0,0.0,0.0
315,8,33.217475366115465,0.29417424,34.45796199804509,11.277203324859089,0.0,6.0,0.0,0.0,0.0,0.0,33.217475366115465,0.0,0.0,0.0,0.0
315,9,22.434396612293405,0.32887824,23.272195655906025,8.42402842446051,0.0,4.0,0.0,0.0,0.0,0.0,22.434396612293405,0.0,0.0,0.0,0.0
315,10,26.609029270542216,0.3279528,27.602727459068692,9.966042036733636,0.0,2.0,0.0,0.0,0.0,0.0,26.609029270542216,0.0,0.0,0.0,0.0
315,11,0.0,0.3350092799999999,0.0,0.0,0.0,0.0,0.0,0.0,0.0,0.0,0.0,0.0,0.0,0.0,0.0
315,12,0.0,0.33558768,0.0,0.0,0.0,0.0,0.0,0.0,0.0,0.0,0.0,0.0,0.0,0.0,0.0
315,13,0.0,0.3462302399999999,0.0,0.0,0.0,0.0,0.0,0.0,0.0,0.0,0.0,0.0,0.0,0.0,0.0
315,14,0.0,0.33477792,0.0,0.0,0.0,0.0,0.0,0.0,0.0,0.0,0.0,0.0,0.0,0.0,0.0
315,15,0.0,0.33072912,0.0,0.0,0.0,0.0,0.0,0.0,0.0,0.0,0.0,0.0,0.0,0.0,0.0
315,16,0.0,0.35710416,0.0,0.0,0.0,0.0,0.0,0.0,0.0,0.0,0.0,0.0,0.0,0.0,0.0
315,17,0.0,0.39666672,0.0,0.0,0.0,0.0,0.0,0.0,0.0,0.0,0.0,0.0,0.0,0.0,0.0
315,18,0.0,0.36925056,0.0,0.0,0.0,0.0,0.0,0.0,0.0,0.0,0.0,0.0,0.0,0.0,0.0
315,19,71.13914947579728,0.3429912,73.79579821140797,27.75395030428628,0.0,5.0,0.0,0.0,0.0,0.0,71.13914947579728,0.0,0.0,0.0,0.0
315,20,55.664377859826665,0.29509968,57.74313055998617,18.95127697198568,0.0,6.0,0.0,0.0,0.0,0.0,55.66437785982666,0.0,0.0,0.0,0.0
315,21,105.0238162965802,0.2868864,108.94586752757282,34.861195945024924,0.0,6.0,0.0,0.0,0.0,0.0,105.0238162965802,0.0,0.0,0.0,0.0
315,22,44.818068241863664,0.26594832,46.491772035128285,13.903286320928096,0.0,7.0,0.0,0.0,0.0,0.0,44.818068241863664,0.0,0.0,0.0,0.0
315,23,307.54733252213583,0.2402673599999999,319.03250261632354,87.21307299441743,0.0,13.0,0.0,0.0,0.0,0.0,307.54733252213583,0.0,0.0,0.0,0.0
316,0,150.78350879947266,0.25310784,156.4144282152206,44.76703564431334,0.0,10.0,0.0,0.0,0.0,0.0,150.78350879947266,0.0,0.0,0.0,0.0
316,1,178.42792857304957,0.2475552,185.09121221270703,51.94681118179974,0.0,11.0,0.0,0.0,0.0,0.0,178.42792857304957,0.0,0.0,0.0,0.0
316,2,231.53954291263324,0.24373776,240.18624783468175,66.49262283335815,0.0,12.0,0.0,0.0,0.0,0.0,231.53954291263324,0.0,0.0,0.0,0.0
316,3,289.5086614356252,0.24038304,300.3201882112295,82.1324780453792,0.0,10.0,0.0,0.0,0.0,0.0,289.5086614356252,0.0,0.0,0.0,0.0
316,4,175.01761853674626,0.24130848,181.55354619994426,49.81983265133649,0.0,7.0,0.0,0.0,0.0,0.0,175.01761853674628,0.0,0.0,0.0,0.0
316,5,133.8403070181219,0.2469768,138.83849275738785,38.88544076831238,0.0,7.0,0.0,0.0,0.0,0.0,133.8403070181219,0.0,0.0,0.0,0.0
316,6,212.73206132567066,0.23725968,220.67641216355878,59.66200417608785,0.0,9.0,0.0,0.0,0.0,0.0,212.73206132567066,0.0,0.0,0.0,0.0
316,7,136.8832076282261,0.2504472,141.9950286599856,40.26229279045867,0.0,8.0,0.0,0.0,0.0,0.0,136.8832076282261,0.0,0.0,0.0,0.0
316,8,138.7677226884999,0.2640974399999999,143.94991980134844,42.781547653166065,0.0,9.0,0.0,0.0,0.0,0.0,138.7677226884999,0.0,0.0,0.0,0.0
316,9,99.48761248694753,0.29081952,103.20291751758043,33.42943950489425,0.0,9.0,0.0,0.0,0.0,0.0,99.48761248694753,0.0,0.0,0.0,0.0
316,10,86.65706045505718,0.3348936,89.89321623968588,33.08012825962047,0.0,5.0,0.0,0.0,0.0,0.0,86.65706045505718,0.0,0.0,0.0,0.0
316,11,0.0,0.35270832,0.0,0.0,0.0,0.0,0.0,0.0,0.0,0.0,0.0,0.0,0.0,0.0,0.0
316,12,0.0,0.3615,0.0,0.0,0.0,0.0,0.0,0.0,0.0,0.0,0.0,0.0,0.0,0.0,0.0
316,13,0.0,0.36971328,0.0,0.0,0.0,0.0,0.0,0.0,0.0,0.0,0.0,0.0,0.0,0.0,0.0
316,14,0.0,0.37630704,0.0,0.0,0.0,0.0,0.0,0.0,0.0,0.0,0.0,0.0,0.0,0.0,0.0
316,15,0.0,0.39111408,0.0,0.0,0.0,0.0,0.0,0.0,0.0,0.0,0.0,0.0,0.0,0.0,0.0
316,16,0.0,0.43056096,0.0,0.0,0.0,0.0,0.0,0.0,0.0,0.0,0.0,0.0,0.0,0.0,0.0
316,17,0.0,0.46272,0.0,0.0,0.0,0.0,0.0,0.0,0.0,0.0,0.0,0.0,0.0,0.0,0.0
316,18,0.0,0.46283568,0.0,0.0,0.0,0.0,0.0,0.0,0.0,0.0,0.0,0.0,0.0,0.0,0.0
316,19,0.0,0.45207744,0.0,0.0,0.0,0.0,0.0,0.0,0.0,0.0,0.0,0.0,0.0,0.0,0.0
316,20,63.887815421176775,0.4269748799999999,66.2736674493535,30.490849598921216,0.0,5.0,0.0,0.0,0.0,0.0,63.887815421176775,0.0,0.0,0.0,0.0
316,21,68.4354371454885,0.42315744,70.99111737083871,32.3902254743584,0.0,10.0,0.0,0.0,0.0,0.0,68.43543714548827,0.0,0.0,0.0,0.0
316,22,275.88403136229226,0.39631968,286.18675452519955,122.89422454844973,0.0,20.0,0.0,0.0,0.0,0.0,275.88403136229215,0.0,0.0,0.0,0.0
316,23,377.6569011776871,0.3829008,391.76027093121075,162.9725861156004,0.0,21.0,0.0,0.0,0.0,0.0,377.656901177687,0.0,0.0,0.0,0.0
317,0,231.19200361577842,0.40464864,239.82572989188634,104.9833870971806,0.0,19.0,0.0,0.0,0.0,0.0,231.19200361577842,0.0,0.0,0.0,0.0
317,1,280.9439112461096,0.40383888,291.4355925789519,127.33954141358358,0.0,15.0,0.0,0.0,0.0,0.0,280.9439112461096,0.0,0.0,0.0,0.0
317,2,252.11797862636968,0.4049956799999999,261.53317284893114,114.57655320181001,0.0,14.0,0.0,0.0,0.0,0.0,252.11797862636968,0.0,0.0,0.0,0.0
317,3,175.55457440072288,0.41517552,182.11055435759636,81.63570345213978,0.0,12.0,0.0,0.0,0.0,0.0,175.55457440072288,0.0,0.0,0.0,0.0
317,4,0.0,0.4517304,0.0,0.0,0.0,0.0,0.0,0.0,0.0,0.0,0.0,0.0,0.0,0.0,0.0
317,5,0.0,0.49476336,0.0,0.0,0.0,0.0,0.0,0.0,0.0,0.0,0.0,0.0,0.0,0.0,0.0
317,6,0.0,0.96546528,0.0,0.0,0.0,0.0,0.0,0.0,0.0,0.0,0.0,0.0,0.0,0.0,0.0
317,7,0.0,1.1035872,0.0,0.0,0.0,0.0,0.0,0.0,0.0,0.0,0.0,0.0,0.0,0.0,0.0
317,8,0.0,1.37925264,0.0,0.0,0.0,0.0,0.0,0.0,0.0,0.0,0.0,0.0,0.0,0.0,0.0
317,9,0.0,1.414188,0.0,0.0,0.0,0.0,0.0,0.0,0.0,0.0,0.0,0.0,0.0,0.0,0.0
317,10,0.0,1.33506288,0.0,0.0,0.0,0.0,0.0,0.0,0.0,0.0,0.0,0.0,0.0,0.0,0.0
317,11,0.0,1.13007792,0.0,0.0,0.0,0.0,0.0,0.0,0.0,0.0,0.0,0.0,0.0,0.0,0.0
317,12,0.0,1.04192976,0.0,0.0,0.0,0.0,0.0,0.0,0.0,0.0,0.0,0.0,0.0,0.0,0.0
317,13,0.0,1.03892208,0.0,0.0,0.0,0.0,0.0,0.0,0.0,0.0,0.0,0.0,0.0,0.0,0.0
317,14,0.0,0.97078656,0.0,0.0,0.0,0.0,0.0,0.0,0.0,0.0,0.0,0.0,0.0,0.0,0.0
317,15,0.0,0.92694384,0.0,0.0,0.0,0.0,0.0,0.0,0.0,0.0,0.0,0.0,0.0,0.0,0.0
317,16,0.0,0.91005456,0.0,0.0,0.0,0.0,0.0,0.0,0.0,0.0,0.0,0.0,0.0,0.0,0.0
317,17,0.0,0.92879472,0.0,0.0,0.0,0.0,0.0,0.0,0.0,0.0,0.0,0.0,0.0,0.0,0.0
317,18,70.78759135650796,0.92544,73.43111136567217,70.3866574884514,0.0,2.0,0.0,0.0,0.0,0.0,70.78759135650796,0.0,0.0,0.0,0.0
317,19,42.5154665049685,0.84862848,44.10318102175156,38.88703076547385,0.0,5.0,0.0,0.0,0.0,0.0,42.5154665049685,0.0,0.0,0.0,0.0
317,20,211.65027893313882,0.53860608,219.55423125844283,125.5204889001778,0.0,8.0,0.0,0.0,0.0,0.0,211.65027893313882,0.0,0.0,0.0,0.0
317,21,210.46741647861992,0.49696128,218.32719551724063,115.72679271467881,0.0,11.0,0.0,0.0,0.0,0.0,210.46741647861992,0.0,0.0,0.0,0.0
317,22,273.6564084335181,0.43160208,283.8759423584213,131.91774087591847,0.0,10.0,0.0,0.0,0.0,0.0,273.6564084335181,0.0,0.0,0.0,0.0
317,23,466.952202284958,0.34715568,484.39025133294405,184.19214440597955,0.0,12.0,0.0,0.0,0.0,0.0,466.952202284958,0.0,0.0,0.0,0.0
318,0,218.51327589824717,0.42581808,226.67352271602402,104.02457783167415,0.0,8.0,0.0,0.0,0.0,0.0,218.51327589824717,0.0,0.0,0.0,0.0
318,1,290.31433454822854,0.41448144,301.1559487014819,134.79181318437543,0.0,9.0,0.0,0.0,0.0,0.0,290.3143345482285,0.0,0.0,0.0,0.0
318,2,347.9080957828205,0.40395456,360.9005142975317,157.7332154800814,0.0,12.0,0.0,0.0,0.0,0.0,347.9080957828205,0.0,0.0,0.0,0.0
318,3,277.12110848809914,0.39840192,287.4700295519701,124.04386969413183,0.0,11.0,0.0,0.0,0.0,0.0,277.12110848809914,0.0,0.0,0.0,0.0
318,4,467.0544510664555,0.39631968,484.49631853366753,208.05225406590563,0.0,13.0,0.0,0.0,0.0,0.0,467.0544510664555,0.0,0.0,0.0,0.0
318,5,215.22887463026186,0.4228104,223.26646745877787,101.7895044857184,0.0,10.0,0.0,0.0,0.0,0.0,215.22887463026186,0.0,0.0,0.0,0.0
318,6,224.21338645337642,0.5390688,232.58650047030747,133.07873887029527,0.0,11.0,0.0,0.0,0.0,0.0,224.21338645337642,0.0,0.0,0.0,0.0
318,7,181.8733953197488,0.8308137599999998,188.66534784206306,162.9905900359446,0.0,12.0,0.0,0.0,0.0,0.0,181.8733953197488,0.0,0.0,0.0,0.0
318,8,0.0,0.92763792,0.0,0.0,0.0,4.0,0.0,0.0,0.0,0.0,0.0,0.0,0.0,0.0,0.0
318,9,152.36517389710087,0.88506768,158.0551596442955,145.12113924263244,0.0,8.0,0.0,0.0,0.0,0.0,152.36517389710087,0.0,0.0,0.0,0.0
318,10,33.1579197463072,0.8400681600000001,34.396182309447305,30.033651218164657,0.0,2.0,0.0,0.0,0.0,0.0,33.1579197463072,0.0,0.0,0.0,0.0
318,11,0.0,0.83104512,0.0,0.0,0.0,0.0,0.0,0.0,0.0,0.0,0.0,0.0,0.0,0.0,0.0
318,12,0.0,0.847356,0.0,0.0,0.0,0.0,0.0,0.0,0.0,0.0,0.0,0.0,0.0,0.0,0.0
318,13,0.0,0.8478187200000001,0.0,0.0,0.0,0.0,0.0,0.0,0.0,0.0,0.0,0.0,0.0,0.0,0.0
318,14,0.0,0.91468176,0.0,0.0,0.0,0.0,0.0,0.0,0.0,0.0,0.0,0.0,0.0,0.0,0.0
318,15,0.0,0.994848,0.0,0.0,0.0,0.0,0.0,0.0,0.0,0.0,0.0,0.0,0.0,0.0,0.0
318,16,0.0,1.02515616,0.0,0.0,0.0,0.0,0.0,0.0,0.0,0.0,0.0,0.0,0.0,0.0,0.0
318,17,0.0,1.1012736,0.0,0.0,0.0,0.0,0.0,0.0,0.0,0.0,0.0,0.0,0.0,0.0,0.0
318,18,192.78773170856496,1.07917872,199.98727355660264,222.44158864782784,0.0,5.0,0.0,0.0,0.0,0.0,192.7877317085637,0.0,0.0,0.0,0.0
318,19,71.4889218768959,1.0220328,74.15863265238164,78.24720571467887,0.0,2.0,0.0,0.0,0.0,0.0,71.48892187689592,0.0,0.0,0.0,0.0
318,20,166.35500534862234,0.92474592,172.56743293425558,165.29301156095033,0.0,6.0,0.0,0.0,0.0,0.0,166.35500534862234,0.0,0.0,0.0,0.0
318,21,391.12819183151686,0.81045408,405.7346388293744,342.25910998184514,0.0,12.0,0.0,0.0,0.0,0.0,391.12819183151646,0.0,0.0,0.0,0.0
318,22,224.3380653577252,0.71733168,232.71583543332497,174.6373353468336,0.0,12.0,0.0,0.0,0.0,0.0,224.33806535772524,0.0,0.0,0.0,0.0
318,23,531.0031761329521,0.6243249599999999,550.8331702623985,362.1314749264305,0.0,16.0,0.0,0.0,0.0,0.0,531.0031761329521,0.0,0.0,0.0,0.0
319,0,80.77158169269501,0.9381648,83.78794781399898,81.38028437597417,0.0,5.0,0.0,0.0,0.0,0.0,80.77158169269502,0.0,0.0,0.0,0.0
319,1,333.0890818332367,0.88402656,345.5280931880049,316.89299148887443,0.0,11.0,0.0,0.0,0.0,0.0,333.0890818332362,0.0,0.0,0.0,0.0
319,2,290.84993971719325,0.8433072,301.71155572322954,264.4221797590396,0.0,10.0,0.0,0.0,0.0,0.0,290.84993971719325,0.0,0.0,0.0,0.0
319,3,287.0273818971619,0.8177419199999999,297.74624678128833,253.3349882841851,0.0,10.0,0.0,0.0,0.0,0.0,287.0273818971619,0.0,0.0,0.0,0.0
319,4,204.66186172490035,0.8612376,212.30483581421197,189.8721973304764,0.0,8.0,0.0,0.0,0.0,0.0,204.66186172490035,0.0,0.0,0.0,0.0
319,5,307.36691832095414,0.93330624,318.84535095534665,308.13413675823705,0.0,10.0,0.0,0.0,0.0,0.0,307.36691832095414,0.0,0.0,0.0,0.0
319,6,196.59394755077096,1.14164592,203.93563023938896,239.5725495663508,0.0,9.0,0.0,0.0,0.0,0.0,196.59394755077096,0.0,0.0,0.0,0.0
319,7,129.40594594695284,1.4134939199999998,134.23853313999257,194.18864587003173,0.0,5.0,0.0,0.0,0.0,0.0,129.40594594695284,0.0,0.0,0.0,0.0
319,8,0.0,1.4875291199999998,0.0,0.0,0.0,0.0,0.0,0.0,0.0,0.0,0.0,0.0,0.0,0.0,0.0
319,9,172.89276589256684,1.40308272,179.3493422122063,257.5784261285372,0.0,8.0,0.0,0.0,0.0,0.0,172.89276589256684,0.0,0.0,0.0,0.0
319,10,37.27218187611463,1.30463904,38.66408908310647,51.722461412509325,0.0,2.0,0.0,0.0,0.0,0.0,37.27218187611463,0.0,0.0,0.0,0.0
319,11,0.0,1.15494912,0.0,0.0,0.0,0.0,0.0,0.0,0.0,0.0,0.0,0.0,0.0,0.0,0.0
319,12,0.0,1.12626048,0.0,0.0,0.0,0.0,0.0,0.0,0.0,0.0,0.0,0.0,0.0,0.0,0.0
319,13,0.0,1.16940912,0.0,0.0,0.0,0.0,0.0,0.0,0.0,0.0,0.0,0.0,0.0,0.0,0.0
319,14,0.0,1.22933136,0.0,0.0,0.0,0.0,0.0,0.0,0.0,0.0,0.0,0.0,0.0,0.0,0.0
319,15,3.5392738626017337,1.40215728,3.6714459155619648,0.0,32.675868648501485,0.0,0.0,0.0,0.0,1.0,0.0,0.0,0.0,0.0,3.5392738626017337
319,16,0.0,1.42240128,0.0,0.0,0.0,0.0,0.0,0.0,0.0,0.0,0.0,0.0,0.0,0.0,0.0
319,17,0.0,1.47885312,0.0,0.0,0.0,0.0,0.0,0.0,0.0,0.0,0.0,0.0,0.0,0.0,0.0
319,18,0.0,1.5026832,0.0,0.0,0.0,0.0,0.0,0.0,0.0,0.0,0.0,0.0,0.0,0.0,0.0
319,19,310.7080634995702,1.40065344,322.31126919042555,462.11489095253853,0.0,9.0,0.0,0.0,0.0,0.0,310.70806349957013,0.0,0.0,0.0,0.0
319,20,175.38383021955406,1.2713232,181.93343383771168,237.31819195357616,0.0,7.0,0.0,0.0,0.0,0.0,175.38383021955406,0.0,0.0,0.0,0.0
319,21,244.09393913709602,1.1278800000000002,253.2094804326722,293.9711425927238,0.0,9.0,0.0,0.0,0.0,0.0,244.09393913709602,0.0,0.0,0.0,0.0
319,22,183.02068275498107,1.06032288,189.85548003628747,207.5923257650599,0.0,10.0,0.0,0.0,0.0,0.0,183.020682754981,0.0,0.0,0.0,0.0
319,23,464.7671266307467,0.97414128,482.1235753430982,485.61476714675865,0.0,13.0,0.0,0.0,0.0,0.0,464.7671266307467,0.0,0.0,0.0,0.0
320,0,220.3631364977666,0.98860128,228.59246524664584,233.55321434085357,0.0,10.0,0.0,0.0,0.0,0.0,220.3631364977666,0.0,0.0,0.0,0.0
320,1,389.5591173558716,0.963036,404.106968211485,402.5454988863159,0.0,12.0,0.0,0.0,0.0,0.0,389.5591173558716,0.0,0.0,0.0,0.0
320,2,433.29238323883624,0.8728056000000001,449.4734265963032,407.1804942047801,0.0,14.0,0.0,0.0,0.0,0.0,433.29238323883624,0.0,0.0,0.0,0.0
320,3,322.72681666802964,0.8638982400000002,334.778855464761,300.29604414110514,0.0,8.0,0.0,0.0,0.0,0.0,322.72681666802964,0.0,0.0,0.0,0.0
320,4,470.7626599456475,0.9381648,488.34300824237306,474.31037423192686,0.0,12.0,0.0,0.0,0.0,0.0,470.7626599456474,0.0,0.0,0.0,0.0
320,5,384.33028454519007,1.00676304,398.68286778546684,414.5755788913136,0.0,13.0,0.0,0.0,0.0,0.0,384.33028454519007,0.0,0.0,0.0,0.0
320,6,182.0159227292057,1.1550648,188.81319785187313,224.34119546303123,0.0,9.0,0.0,0.0,0.0,0.0,182.0159227292057,0.0,0.0,0.0,0.0
320,7,0.0,1.4679792,0.0,0.0,0.0,0.0,0.0,0.0,0.0,0.0,0.0,0.0,0.0,0.0,0.0
320,8,2.758782074636087,1.50372432,2.861807131365236,0.0,25.470083469150598,0.0,0.0,0.0,0.0,1.0,0.0,0.0,0.0,0.0,2.758782074636087
320,9,0.0,1.4875291199999998,0.0,0.0,0.0,0.0,0.0,0.0,0.0,0.0,0.0,0.0,0.0,0.0,0.0
320,10,42.8391535240762,1.3893167999999998,44.43895593783839,63.21071750044106,0.0,1.0,0.0,0.0,0.0,0.0,42.8391535240762,0.0,0.0,0.0,0.0
320,11,0.0,1.34906016,0.0,0.0,0.0,0.0,0.0,0.0,0.0,0.0,0.0,0.0,0.0,0.0,0.0
320,12,0.0,1.41858384,0.0,0.0,0.0,0.0,0.0,0.0,0.0,0.0,0.0,0.0,0.0,0.0,0.0
320,13,0.0,1.5228115199999994,0.0,0.0,0.0,0.0,0.0,0.0,0.0,0.0,0.0,0.0,0.0,0.0,0.0
320,14,0.0,1.6576944,0.0,0.0,0.0,0.0,0.0,0.0,0.0,0.0,0.0,0.0,0.0,0.0,0.0
320,15,0.0,1.833528,0.0,0.0,0.0,0.0,0.0,0.0,0.0,0.0,0.0,0.0,0.0,0.0,0.0
320,16,0.0,1.83052032,0.0,0.0,0.0,0.0,0.0,0.0,0.0,0.0,0.0,0.0,0.0,0.0,0.0
320,17,0.0,2.10988752,0.0,0.0,0.0,0.0,0.0,0.0,0.0,0.0,0.0,0.0,0.0,0.0,0.0
320,18,0.0,1.6456636800000002,0.0,0.0,0.0,0.0,0.0,0.0,0.0,0.0,0.0,0.0,0.0,0.0,0.0
320,19,125.4933171272667,1.41384096,130.17978955110655,188.36246966567606,0.0,7.0,0.0,0.0,0.0,0.0,125.4933171272667,0.0,0.0,0.0,0.0
320,20,243.7064559277558,1.36051248,252.80752689601226,352.3157245202183,0.0,8.0,0.0,0.0,0.0,0.0,243.70645592775523,0.0,0.0,0.0,0.0
320,21,236.38350457179308,1.28705568,245.2111043275862,323.7168321771355,0.0,6.0,0.0,0.0,0.0,0.0,236.38350457179305,0.0,0.0,0.0,0.0
320,22,275.95530500935615,1.23395856,286.26068984373046,362.7090574580037,0.0,7.0,0.0,0.0,0.0,0.0,275.95530500935604,0.0,0.0,0.0,0.0
320,23,504.9270636638485,0.97657056,523.7832610620834,528.84853851518,0.0,12.0,0.0,0.0,0.0,0.0,504.9270636638483,0.0,0.0,0.0,0.0
321,0,188.93464423814942,1.1232528,195.9902948528521,226.63392622592107,0.0,9.0,0.0,0.0,0.0,0.0,188.93464423814942,0.0,0.0,0.0,0.0
321,1,307.12119234906214,1.07327904,318.59044849487776,352.48179455893234,0.0,11.0,0.0,0.0,0.0,0.0,307.12119234906214,0.0,0.0,0.0,0.0
321,2,524.0622137788412,1.0170585600000002,543.6330018452709,570.9008503863071,0.0,13.0,0.0,0.0,0.0,0.0,524.062213778841,0.0,0.0,0.0,0.0
321,3,365.1131511186476,1.03255968,378.7480820732859,403.6165599428316,0.0,11.0,0.0,0.0,0.0,0.0,365.1131511186475,0.0,0.0,0.0,0.0
321,4,335.7044385959045,1.07270064,348.2411188754196,385.0852521267551,0.0,12.0,0.0,0.0,0.0,0.0,335.704438595904,0.0,0.0,0.0,0.0
321,5,382.0796968873266,1.1568,396.3482332856085,471.6147627865455,0.0,13.0,0.0,0.0,0.0,0.0,382.0796968873266,0.0,0.0,0.0,0.0
321,6,236.88273094883573,1.33136112,245.72897401331508,335.2876310986588,0.0,10.0,0.0,0.0,0.0,0.0,236.88273094883573,0.0,0.0,0.0,0.0
321,7,0.0,1.47943152,0.0,0.0,0.0,1.0,0.0,0.0,0.0,0.0,0.0,0.0,0.0,0.0,0.0
321,8,0.0,1.6417305599999996,0.0,0.0,0.0,0.0,0.0,0.0,0.0,0.0,0.0,0.0,0.0,0.0,0.0
321,9,0.0,1.558788,0.0,0.0,0.0,0.0,0.0,0.0,0.0,0.0,0.0,0.0,0.0,0.0,0.0
321,10,0.0,1.47966288,0.0,0.0,0.0,0.0,0.0,0.0,0.0,0.0,0.0,0.0,0.0,0.0,0.0
321,11,0.0,1.44808224,0.0,0.0,0.0,0.0,0.0,0.0,0.0,0.0,0.0,0.0,0.0,0.0,0.0
321,12,0.0,1.382376,0.0,0.0,0.0,0.0,0.0,0.0,0.0,0.0,0.0,0.0,0.0,0.0,0.0
321,13,0.0,1.295616,0.0,0.0,0.0,0.0,0.0,0.0,0.0,0.0,0.0,0.0,0.0,0.0,0.0
321,14,0.0,1.43339088,0.0,0.0,0.0,0.0,0.0,0.0,0.0,0.0,0.0,0.0,0.0,0.0,0.0
321,15,0.0,1.50372432,0.0,0.0,0.0,0.0,0.0,0.0,0.0,0.0,0.0,0.0,0.0,0.0,0.0
321,16,0.0,1.5852787199999998,0.0,0.0,0.0,0.0,0.0,0.0,0.0,0.0,0.0,0.0,0.0,0.0,0.0
321,17,0.0,1.6926297599999998,0.0,0.0,0.0,0.0,0.0,0.0,0.0,0.0,0.0,0.0,0.0,0.0,0.0
321,18,0.0,1.6803676799999998,0.0,0.0,0.0,0.0,0.0,0.0,0.0,0.0,0.0,0.0,0.0,0.0,0.0
321,19,0.0,1.58377488,0.0,0.0,0.0,0.0,0.0,0.0,0.0,0.0,0.0,0.0,0.0,0.0,0.0
321,20,0.0,1.43605152,0.0,0.0,0.0,0.0,0.0,0.0,0.0,0.0,0.0,0.0,0.0,0.0,0.0
321,21,156.23726552279163,1.27803264,162.07185220206603,212.49769544738461,0.0,5.0,0.0,0.0,0.0,0.0,156.23726552279157,0.0,0.0,0.0,0.0
321,22,115.32486853161691,1.116312,119.63160636059847,137.5060039301482,0.0,4.0,0.0,0.0,0.0,0.0,115.3248685316168,0.0,0.0,0.0,0.0
321,23,305.0750518728683,1.07212224,316.4678961336808,349.76735705295397,0.0,8.0,0.0,0.0,0.0,0.0,305.0750518728683,0.0,0.0,0.0,0.0
322,0,284.45993985333104,1.06680096,295.08292515905714,324.56199266205505,0.0,7.0,0.0,0.0,0.0,0.0,284.45993985332996,0.0,0.0,0.0,0.0
322,1,239.08363966058533,1.04597856,248.01207433670675,267.62451203786645,0.0,6.0,0.0,0.0,0.0,0.0,239.08363966058533,0.0,0.0,0.0,0.0
322,2,294.5573028538455,1.01462928,305.55736810564895,320.14140128402653,0.0,8.0,0.0,0.0,0.0,0.0,294.5573028538455,0.0,0.0,0.0,0.0
322,3,331.75182139447793,0.96106944,344.14089356273644,342.13435943436536,0.0,10.0,0.0,0.0,0.0,0.0,331.7518213944777,0.0,0.0,0.0,0.0
322,4,424.55689533702787,0.92463024,440.41171715459325,421.79561956928075,0.0,10.0,0.0,0.0,0.0,0.0,424.55689533702787,0.0,0.0,0.0,0.0
322,5,249.02995204296258,0.92497728,258.3298257707081,247.49993681727392,0.0,7.0,0.0,0.0,0.0,0.0,249.02995204296258,0.0,0.0,0.0,0.0
322,6,215.66958100869,0.96511824,223.72363175175312,223.32500993364312,0.0,7.0,0.0,0.0,0.0,0.0,215.66958100868993,0.0,0.0,0.0,0.0
322,7,345.8541616905205,1.03117152,358.76987727232427,381.82856261482993,0.0,10.0,0.0,0.0,0.0,0.0,345.8541616905205,0.0,0.0,0.0,0.0
322,8,77.49396510338855,1.12105488,80.38793060517484,92.78012240106389,0.0,8.0,0.0,0.0,0.0,0.0,77.49396510338855,0.0,0.0,0.0,0.0
322,9,104.79308729218772,1.09352304,108.70652208733165,122.47127238185672,0.0,5.0,0.0,0.0,0.0,0.0,104.79308729218772,0.0,0.0,0.0,0.0
322,10,0.0,1.11145344,0.0,0.0,0.0,0.0,0.0,0.0,0.0,0.0,0.0,0.0,0.0,0.0,0.0
322,11,0.0,1.1012736,0.0,0.0,0.0,0.0,0.0,0.0,0.0,0.0,0.0,0.0,0.0,0.0,0.0
322,12,0.0,1.0954896,0.0,0.0,0.0,0.0,0.0,0.0,0.0,0.0,0.0,0.0,0.0,0.0,0.0
322,13,0.0,1.09872864,0.0,0.0,0.0,0.0,0.0,0.0,0.0,0.0,0.0,0.0,0.0,0.0,0.0
322,14,0.0,1.12279008,0.0,0.0,0.0,0.0,0.0,0.0,0.0,0.0,0.0,0.0,0.0,0.0,0.0
322,15,0.0,1.12683888,0.0,0.0,0.0,0.0,0.0,0.0,0.0,0.0,0.0,0.0,0.0,0.0,0.0
322,16,0.0,1.11029664,0.0,0.0,0.0,0.0,0.0,0.0,0.0,0.0,0.0,0.0,0.0,0.0,0.0
322,17,0.0,1.21544976,0.0,0.0,0.0,0.0,0.0,0.0,0.0,0.0,0.0,0.0,0.0,0.0,0.0
322,18,60.35960932615415,1.24170912,62.613702620491864,79.82051913757093,0.0,4.0,0.0,0.0,0.0,0.0,60.35960932615415,0.0,0.0,0.0,0.0
322,19,57.235742155434004,1.0301304,59.37317650978632,63.127366209770706,0.0,5.0,0.0,0.0,0.0,0.0,57.235742155434004,0.0,0.0,0.0,0.0
322,20,63.47611834505297,0.9613008,65.84659579362342,65.47790753445577,0.0,5.0,0.0,0.0,0.0,0.0,63.47611834505297,0.0,0.0,0.0,0.0
322,21,178.237170164261,0.90207264,184.8933300459139,172.90718357742864,0.0,5.0,0.0,0.0,0.0,0.0,178.237170164261,0.0,0.0,0.0,0.0
322,22,93.64330807227219,0.85325568,97.14036107082178,86.10091079237377,0.0,5.0,0.0,0.0,0.0,0.0,93.64330807227219,0.0,0.0,0.0,0.0
322,23,173.9655250010224,0.6836688000000001,180.46216286413113,129.34964792152786,0.0,6.0,0.0,0.0,0.0,0.0,173.9655250010224,0.0,0.0,0.0,0.0
323,0,138.311528731655,0.5536444799999999,143.4766895556587,84.18415560545638,0.0,5.0,0.0,0.0,0.0,0.0,138.31152873165445,0.0,0.0,0.0,0.0
323,1,236.39551989006443,0.5099174399999999,245.22356835068928,133.1606743134563,0.0,9.0,0.0,0.0,0.0,0.0,236.39551989006443,0.0,0.0,0.0,0.0
323,2,369.97240526271867,0.48840096,383.7888021397497,200.14622875312952,0.0,13.0,0.0,0.0,0.0,0.0,369.972405262718,0.0,0.0,0.0,0.0
323,3,352.5280228362938,0.43356864,365.6929697471928,170.6574408494836,0.0,13.0,0.0,0.0,0.0,0.0,352.5280228362937,0.0,0.0,0.0,0.0
323,4,220.94384660468913,0.4056897599999999,229.1948616231215,100.56835832484269,0.0,8.0,0.0,0.0,0.0,0.0,220.943846604689,0.0,0.0,0.0,0.0
323,5,180.87766491918575,0.4349568,187.6324324887819,87.8226359269153,0.0,7.0,0.0,0.0,0.0,0.0,180.87766491918575,0.0,0.0,0.0,0.0
323,6,246.6515716588938,0.4833110399999999,255.862626202172,132.1302848941949,0.0,7.0,0.0,0.0,0.0,0.0,246.6515716588938,0.0,0.0,0.0,0.0
323,7,112.44243220906506,0.51118992,116.64152718782682,63.48680750174009,0.0,9.0,0.0,0.0,0.0,0.0,112.44243220906506,0.0,0.0,0.0,0.0
323,8,106.51541957391956,0.55098384,110.49317383186676,64.53727726550426,0.0,8.0,0.0,0.0,0.0,0.0,106.51541957391956,0.0,0.0,0.0,0.0
323,9,62.413919064552154,0.57678048,64.74472932007485,39.486546595197325,0.0,6.0,0.0,0.0,0.0,0.0,62.413919064552154,0.0,0.0,0.0,0.0
323,10,49.55171413444012,0.66481296,51.402193085518796,35.87425672680596,0.0,1.0,0.0,0.0,0.0,0.0,49.55171413444012,0.0,0.0,0.0,0.0
323,11,0.0,0.6939643200000001,0.0,0.0,0.0,0.0,0.0,0.0,0.0,0.0,0.0,0.0,0.0,0.0,0.0
323,12,0.0,0.71814144,0.0,0.0,0.0,0.0,0.0,0.0,0.0,0.0,0.0,0.0,0.0,0.0,0.0
323,13,0.0,0.7391952,0.0,0.0,0.0,0.0,0.0,0.0,0.0,0.0,0.0,0.0,0.0,0.0,0.0
323,14,0.0,0.76614864,0.0,0.0,0.0,0.0,0.0,0.0,0.0,0.0,0.0,0.0,0.0,0.0,0.0
323,15,0.0,0.81982416,0.0,0.0,0.0,0.0,0.0,0.0,0.0,0.0,0.0,0.0,0.0,0.0,0.0
323,16,0.0,0.93677664,0.0,0.0,0.0,0.0,0.0,0.0,0.0,0.0,0.0,0.0,0.0,0.0,0.0
323,17,0.0,1.0991913599999998,0.0,0.0,0.0,0.0,0.0,0.0,0.0,0.0,0.0,0.0,0.0,0.0,0.0
323,18,83.6787381419382,1.19370192,86.80367027172012,106.49090935239315,0.0,4.0,0.0,0.0,0.0,0.0,83.6787381419382,0.0,0.0,0.0,0.0
323,19,65.52345869696592,1.17542448,67.97039283917627,82.1438836613612,0.0,7.0,0.0,0.0,0.0,0.0,65.52345869696592,0.0,0.0,0.0,0.0
323,20,222.10788592816328,1.0255032000000002,230.40237129477518,243.90468754023718,0.0,11.0,0.0,0.0,0.0,0.0,222.10788592816328,0.0,0.0,0.0,0.0
323,21,174.53075808947895,0.97610784,181.0485042421981,182.71556990149958,0.0,8.0,0.0,0.0,0.0,0.0,174.5307580894787,0.0,0.0,0.0,0.0
323,22,120.42384135320617,1.0058376,124.92099725436327,129.78512107705475,0.0,9.0,0.0,0.0,0.0,0.0,120.42384135320617,0.0,0.0,0.0,0.0
323,23,211.10871929701972,0.9260184,218.9924474035475,210.0396857657746,0.0,10.0,0.0,0.0,0.0,0.0,211.10871929701972,0.0,0.0,0.0,0.0
324,0,285.73333994099005,0.80952864,296.40387960683614,249.7583979638321,0.0,12.0,0.0,0.0,0.0,0.0,285.73333994099005,0.0,0.0,0.0,0.0
324,1,249.0036620549934,0.72508224,258.3025539989559,195.84040898864936,0.0,11.0,0.0,0.0,0.0,0.0,249.0036620549934,0.0,0.0,0.0,0.0
324,2,337.9870493587252,0.6930388799999999,350.60897236382283,254.59080651021722,0.0,14.0,0.0,0.0,0.0,0.0,337.9870493587252,0.0,0.0,0.0,0.0
324,3,249.55786066592714,0.69442704,258.87744882357595,188.34034406536767,0.0,9.0,0.0,0.0,0.0,0.0,249.55786066592714,0.0,0.0,0.0,0.0
324,4,242.93756884823128,0.74914368,252.00992619111133,197.13317206026332,0.0,10.0,0.0,0.0,0.0,0.0,242.9375688482313,0.0,0.0,0.0,0.0
324,5,188.05529565438178,0.93041424,195.0781075252923,187.96053451287028,0.0,10.0,0.0,0.0,0.0,0.0,188.0552956543818,0.0,0.0,0.0,0.0
324,6,155.9276088993659,1.17426768,161.75063163834642,195.29248485972488,0.0,8.0,0.0,0.0,0.0,0.0,155.92760889936594,0.0,0.0,0.0,0.0
324,7,0.0,1.48174512,0.0,0.0,0.0,0.0,0.0,0.0,0.0,0.0,0.0,0.0,0.0,0.0,0.0
324,8,0.0,1.4653185599999998,0.0,0.0,0.0,1.0,0.0,0.0,0.0,0.0,0.0,0.0,0.0,0.0,0.0
324,9,52.9034342367172,1.37011392,54.87908115842034,77.00709059830515,0.0,5.0,0.0,0.0,0.0,0.0,52.90343423671672,0.0,0.0,0.0,0.0
324,10,0.0,1.29769824,0.0,0.0,0.0,0.0,0.0,0.0,0.0,0.0,0.0,0.0,0.0,0.0,0.0
324,11,0.0,1.2262080000000002,0.0,0.0,0.0,0.0,0.0,0.0,0.0,0.0,0.0,0.0,0.0,0.0,0.0
324,12,0.0,1.191504,0.0,0.0,0.0,0.0,0.0,0.0,0.0,0.0,0.0,0.0,0.0,0.0,0.0
324,13,0.0,1.3181736000000002,0.0,0.0,0.0,0.0,0.0,0.0,0.0,0.0,0.0,0.0,0.0,0.0,0.0
324,14,0.0,1.3922088,0.0,0.0,0.0,0.0,0.0,0.0,0.0,0.0,0.0,0.0,0.0,0.0,0.0
324,15,0.0,1.48938,0.0,0.0,0.0,0.0,0.0,0.0,0.0,0.0,0.0,0.0,0.0,0.0,0.0
324,16,4.082111804287294,1.6187102400000002,4.234555813576032,0.0,37.68754674082668,0.0,0.0,0.0,0.0,1.0,0.0,0.0,0.0,0.0,4.082111804287294
324,17,0.0,1.700496,0.0,0.0,0.0,0.0,0.0,0.0,0.0,0.0,0.0,0.0,0.0,0.0,0.0
324,18,0.0,1.6192886399999995,0.0,0.0,0.0,0.0,0.0,0.0,0.0,0.0,0.0,0.0,0.0,0.0,0.0
324,19,0.0,1.46844192,0.0,0.0,0.0,2.0,0.0,0.0,0.0,0.0,0.0,0.0,0.0,0.0,0.0
324,20,315.9616922527339,1.34674656,327.76109154847916,452.26001467501396,0.0,10.0,0.0,0.0,0.0,0.0,315.9616922527339,0.0,0.0,0.0,0.0
324,21,299.63447113281956,1.19832912,310.8241401792734,382.75789741571924,0.0,10.0,0.0,0.0,0.0,0.0,299.63447113281933,0.0,0.0,0.0,0.0
324,22,256.97609204876943,1.2111695999999998,266.57270959415916,331.6883187376405,0.0,12.0,0.0,0.0,0.0,0.0,256.97609204876943,0.0,0.0,0.0,0.0
324,23,538.7865974130616,1.09467984,558.9072587272423,630.3243388222479,0.0,16.0,0.0,0.0,0.0,0.0,538.7865974130616,0.0,0.0,0.0,0.0
325,0,300.1329476027192,1.1564529599999998,311.3412319530283,370.3568840397712,0.0,13.0,0.0,0.0,0.0,0.0,300.1329476027191,0.0,0.0,0.0,0.0
325,1,331.43417972174205,1.1006952,343.8113897528445,389.81170340710423,0.0,13.0,0.0,0.0,0.0,0.0,331.43417972174205,0.0,0.0,0.0,0.0
325,2,271.4047636226803,1.07744352,281.54021122684685,312.66265719740596,0.0,11.0,0.0,0.0,0.0,0.0,271.4047636226803,0.0,0.0,0.0,0.0
325,3,589.1454227169237,1.02932064,611.1467040631991,649.2948724647143,0.0,14.0,0.0,0.0,0.0,0.0,589.1454227169237,0.0,0.0,0.0,0.0
325,4,295.9858033807058,1.07663376,307.03921512521345,340.7317826683521,0.0,11.0,0.0,0.0,0.0,0.0,295.9858033807058,0.0,0.0,0.0,0.0
325,5,317.81098095381316,1.14164592,329.67944082345764,387.2895780152382,0.0,12.0,0.0,0.0,0.0,0.0,317.8109809538132,0.0,0.0,0.0,0.0
325,6,325.02331817011543,1.3893167999999998,337.16111843372977,479.5836391669268,0.0,11.0,0.0,0.0,0.0,0.0,325.0233181701155,0.0,0.0,0.0,0.0
325,7,0.0,1.57417344,0.0,0.0,0.0,0.0,0.0,0.0,0.0,0.0,0.0,0.0,0.0,0.0,0.0
325,8,0.0,1.64948112,0.0,0.0,0.0,0.0,0.0,0.0,0.0,0.0,0.0,0.0,0.0,0.0,0.0
325,9,0.0,1.5870139200000002,0.0,0.0,0.0,0.0,0.0,0.0,0.0,0.0,0.0,0.0,0.0,0.0,0.0
325,10,0.0,1.5616799999999995,0.0,0.0,0.0,0.0,0.0,0.0,0.0,0.0,0.0,0.0,0.0,0.0,0.0
325,11,0.0,1.5605232,0.0,0.0,0.0,0.0,0.0,0.0,0.0,0.0,0.0,0.0,0.0,0.0,0.0
325,12,0.0,1.61709072,0.0,0.0,0.0,0.0,0.0,0.0,0.0,0.0,0.0,0.0,0.0,0.0,0.0
325,13,2.546891158973734,1.61697504,2.642003276943708,0.0,23.513829164799002,0.0,0.0,0.0,0.0,1.0,0.0,0.0,0.0,0.0,2.546891158973734
325,14,0.0,1.60066416,0.0,0.0,0.0,0.0,0.0,0.0,0.0,0.0,0.0,0.0,0.0,0.0,0.0
325,15,0.0,1.62345312,0.0,0.0,0.0,0.0,0.0,0.0,0.0,0.0,0.0,0.0,0.0,0.0,0.0
325,16,0.0,1.6648665599999997,0.0,0.0,0.0,0.0,0.0,0.0,0.0,0.0,0.0,0.0,0.0,0.0,0.0
325,17,0.0,1.70014896,0.0,0.0,0.0,0.0,0.0,0.0,0.0,0.0,0.0,0.0,0.0,0.0,0.0
325,18,0.0,1.6435814400000002,0.0,0.0,0.0,0.0,0.0,0.0,0.0,0.0,0.0,0.0,0.0,0.0,0.0
325,19,0.0,1.5310248,0.0,0.0,0.0,0.0,0.0,0.0,0.0,0.0,0.0,0.0,0.0,0.0,0.0
325,20,78.00160964989803,1.44357072,80.91453283184443,119.48412145526333,0.0,3.0,0.0,0.0,0.0,0.0,78.00160964989794,0.0,0.0,0.0,0.0
325,21,375.84080799531273,1.24147776,389.87635684161074,496.92773358014097,0.0,10.0,0.0,0.0,0.0,0.0,375.84080799531273,0.0,0.0,0.0,0.0
325,22,119.61573795975617,1.24194048,124.08271572588816,158.21048541884,0.0,8.0,0.0,0.0,0.0,0.0,119.61573795975619,0.0,0.0,0.0,0.0
325,23,397.168565458492,1.09791888,412.0005865751993,465.98044198762494,0.0,11.0,0.0,0.0,0.0,0.0,397.168565458492,0.0,0.0,0.0,0.0
326,0,229.3402685054255,1.10081088,237.90484284795178,269.7628897099827,0.0,9.0,0.0,0.0,0.0,0.0,229.3402685054254,0.0,0.0,0.0,0.0
326,1,290.72351593903477,1.06495008,301.58041072513987,331.1503941231727,0.0,9.0,0.0,0.0,0.0,0.0,290.72351593903414,0.0,0.0,0.0,0.0
326,2,228.44161544734254,1.06495008,236.97263013209812,260.2078154743607,0.0,7.0,0.0,0.0,0.0,0.0,228.44161544734254,0.0,0.0,0.0,0.0
326,3,289.70159533125735,1.0312872,300.5203271071134,319.86998951262456,0.0,9.0,0.0,0.0,0.0,0.0,289.7015953312571,0.0,0.0,0.0,0.0
326,4,247.88938796772388,1.02642864,257.1466680163111,272.4542594438536,0.0,8.0,0.0,0.0,0.0,0.0,247.8893879677238,0.0,0.0,0.0,0.0
326,5,450.0403386421975,0.49707696,466.84682431763235,247.51143010237638,0.0,11.0,0.0,0.0,0.0,0.0,450.04033864219736,0.0,0.0,0.0,0.0
326,6,297.5952503595451,0.85637904,308.7087659331381,274.5899767617924,0.0,11.0,0.0,0.0,0.0,0.0,297.59525035954493,0.0,0.0,0.0,0.0
326,7,113.8628366467477,0.89038896,118.11497577463454,109.07787613854245,0.0,9.0,0.0,0.0,0.0,0.0,113.8628366467477,0.0,0.0,0.0,0.0
326,8,304.17219007449654,0.6345048000000001,315.5313175046645,210.65022211643804,0.0,15.0,0.0,0.0,0.0,0.0,304.1721900744965,0.0,0.0,0.0,0.0
326,9,330.8912985425357,0.45890256,343.2482350026304,168.8790103367758,0.0,9.0,0.0,0.0,0.0,0.0,330.8912985425357,0.0,0.0,0.0,0.0
326,10,22.55582678280399,0.3676310399999999,23.39816056307468,9.3763692165279,0.0,1.0,0.0,0.0,0.0,0.0,22.55582678280399,0.0,0.0,0.0,0.0
326,11,0.0,0.2977603199999999,0.0,0.0,0.0,0.0,0.0,0.0,0.0,0.0,0.0,0.0,0.0,0.0,0.0
326,12,0.0,0.28908432,0.0,0.0,0.0,0.0,0.0,0.0,0.0,0.0,0.0,0.0,0.0,0.0,0.0
326,13,4.232018230692322,0.2435064,4.390060405282492,0.0,39.07153760701418,0.0,0.0,0.0,0.0,1.0,0.0,0.0,0.0,0.0,4.232018230692322
326,14,0.0,0.2296248,0.0,0.0,0.0,0.0,0.0,0.0,0.0,0.0,0.0,0.0,0.0,0.0,0.0
326,15,0.0,0.2308972799999999,0.0,0.0,0.0,0.0,0.0,0.0,0.0,0.0,0.0,0.0,0.0,0.0,0.0
326,16,0.0,0.24223392,0.0,0.0,0.0,0.0,0.0,0.0,0.0,0.0,0.0,0.0,0.0,0.0,0.0
326,17,4.118339423558631,0.23795376,4.272136331492356,0.0,38.022013350281966,0.0,0.0,0.0,0.0,1.0,0.0,0.0,0.0,0.0,4.118339423558631
326,18,39.25217424772485,0.2221056,40.718023078552754,10.076656076494965,10.978684493288362,1.0,0.0,0.0,0.0,1.0,38.06302235429452,0.0,0.0,0.0,1.189151893430335
326,19,242.83476774082507,0.19792848,251.9032860382003,58.19683328041063,0.0,6.0,0.0,0.0,0.0,0.0,242.83476774082493,0.0,0.0,0.0,0.0
326,20,245.98291826901004,0.18080784,255.16900235374484,54.58265012844448,0.0,7.0,0.0,0.0,0.0,0.0,245.98291826900964,0.0,0.0,0.0,0.0
326,21,212.89133286322044,0.17675904,220.8416316008511,46.34561279978828,0.0,6.0,0.0,0.0,0.0,0.0,212.8913328632196,0.0,0.0,0.0,0.0
326,22,323.1096224391312,0.14737632,335.1759568870656,60.491323251456244,0.0,10.0,0.0,0.0,0.0,0.0,323.1096224391304,0.0,0.0,0.0,0.0
326,23,596.7313954019542,0.13742784,619.0159703339773,105.55945634655723,0.0,15.0,0.0,0.0,0.0,0.0,596.7313954019535,0.0,0.0,0.0,0.0
327,0,333.7067516524017,0.05830272,346.1688295149395,31.640772596881753,0.0,9.0,0.0,0.0,0.0,0.0,333.70675165240146,0.0,0.0,0.0,0.0
327,1,344.34691064200695,0.1110528,357.2063388402563,51.49229392157169,0.0,9.0,0.0,0.0,0.0,0.0,344.3469106420068,0.0,0.0,0.0,0.0
327,2,239.6082793741341,0.11591136,248.5563064047035,37.037713253941575,0.0,7.0,0.0,0.0,0.0,0.0,239.60827937413407,0.0,0.0,0.0,0.0
327,3,364.6300022170607,0.11637408,378.24689026666044,56.53810593547003,0.0,10.0,0.0,0.0,0.0,0.0,364.63000221706045,0.0,0.0,0.0,0.0
327,4,322.1492535079419,0.13638672,334.17972355595634,56.63902523600578,0.0,10.0,0.0,0.0,0.0,0.0,322.1492535079419,0.0,0.0,0.0,0.0
327,5,278.14859471664073,0.18994656,288.53588663551943,64.35693695060257,0.0,10.0,0.0,0.0,0.0,0.0,278.1485947166407,0.0,0.0,0.0,0.0
327,6,116.61068106430184,0.2734675199999999,120.96543678869487,37.08407396202694,0.0,7.0,0.0,0.0,0.0,0.0,116.61068106430184,0.0,0.0,0.0,0.0
327,7,123.44715297790768,0.35791392,128.05721263268433,50.07215269577942,0.0,10.0,0.0,0.0,0.0,0.0,123.44715297790768,0.0,0.0,0.0,0.0
327,8,0.0,0.410664,0.0,0.0,0.0,6.0,0.0,0.0,0.0,0.0,0.0,0.0,0.0,0.0,0.0
327,9,85.22377613777041,0.41575392,88.40640678191953,39.681562237179165,0.0,4.0,0.0,0.0,0.0,0.0,85.22377613777041,0.0,0.0,0.0,0.0
327,10,56.356310149147546,0.42292608,58.46090264434393,26.659696266161795,0.0,2.0,0.0,0.0,0.0,0.0,56.356310149147546,0.0,0.0,0.0,0.0
327,11,0.0,0.4361136,0.0,0.0,0.0,0.0,0.0,0.0,0.0,0.0,0.0,0.0,0.0,0.0,0.0
327,12,0.0,0.41853024,0.0,0.0,0.0,0.0,0.0,0.0,0.0,0.0,0.0,0.0,0.0,0.0,0.0
327,13,0.0,0.41795184,0.0,0.0,0.0,0.0,0.0,0.0,0.0,0.0,0.0,0.0,0.0,0.0,0.0
327,14,0.0,0.41656368,0.0,0.0,0.0,0.0,0.0,0.0,0.0,0.0,0.0,0.0,0.0,0.0,0.0
327,15,0.0,0.41448144,0.0,0.0,0.0,0.0,0.0,0.0,0.0,0.0,0.0,0.0,0.0,0.0,0.0
327,16,0.0,0.41505984,0.0,0.0,0.0,0.0,0.0,0.0,0.0,0.0,0.0,0.0,0.0,0.0,0.0
327,17,0.0,0.4025663999999999,0.0,0.0,0.0,0.0,0.0,0.0,0.0,0.0,0.0,0.0,0.0,0.0,0.0
327,18,57.63475898695295,0.38833776,59.78709438480597,25.196539134441206,0.0,2.0,0.0,0.0,0.0,0.0,57.634758986952946,0.0,0.0,0.0,0.0
327,19,162.09057056156365,0.3479654399999999,168.14374539581294,64.0737703225034,0.0,5.0,0.0,0.0,0.0,0.0,162.09057056156348,0.0,0.0,0.0,0.0
327,20,222.9859449444108,0.3418344,231.3132208966917,86.72728368896857,0.0,7.0,0.0,0.0,0.0,0.0,222.98594494441068,0.0,0.0,0.0,0.0
327,21,209.44328849204814,0.31812,217.2648220871869,76.30775081346178,0.0,6.0,0.0,0.0,0.0,0.0,209.44328849204814,0.0,0.0,0.0,0.0
327,22,254.38818487377156,0.21655296,263.8881585827506,65.88045989913309,0.0,8.0,0.0,0.0,0.0,0.0,254.38818487377142,0.0,0.0,0.0,0.0
327,23,144.39684196276858,0.1161427199999999,149.78925514810018,22.35495586507646,0.0,5.0,0.0,0.0,0.0,0.0,144.39684196276858,0.0,0.0,0.0,0.0
328,0,282.53799837976766,0.01712064,293.0892099375183,14.719127700156529,0.0,8.0,0.0,0.0,0.0,0.0,282.53799837976766,0.0,0.0,0.0,0.0
328,1,415.4158521871429,0.0011568,430.92930724807366,14.762259092535807,0.0,12.0,0.0,0.0,0.0,0.0,415.4158521871427,0.0,0.0,0.0,0.0
328,2,344.8841889199678,0.0013881599999999,357.7636814522488,12.338611088114156,0.0,12.0,0.0,0.0,0.0,0.0,344.8841889199672,0.0,0.0,0.0,0.0
328,3,204.75912716520907,0.00393312,212.40573357386836,7.866047020129095,0.0,10.0,0.0,0.0,0.0,0.0,204.75912716520912,0.0,0.0,0.0,0.0
328,4,282.03821886327466,0.0179304,292.57076645567906,14.930003240539882,0.0,11.0,0.0,0.0,0.0,0.0,282.03821886327466,0.0,0.0,0.0,0.0
328,5,326.54321558938796,0.0512462399999999,338.7377755076639,28.571257710035503,0.0,12.0,0.0,0.0,0.0,0.0,326.5432155893873,0.0,0.0,0.0,0.0
328,6,194.69628371903815,0.18612912,201.96709929360804,44.27706944709031,0.0,10.0,0.0,0.0,0.0,0.0,194.69628371903815,0.0,0.0,0.0,0.0
328,7,120.31834051286567,0.23170704,124.81155654861585,33.05097884743158,0.0,8.0,0.0,0.0,0.0,0.0,120.31834051286567,0.0,0.0,0.0,0.0
328,8,131.84103080600073,0.24015168,136.76455477800909,37.371144357543,0.0,9.0,0.0,0.0,0.0,0.0,131.84103080600073,0.0,0.0,0.0,0.0
328,9,34.07374379884751,0.24130848,35.34620726021526,9.699299008040635,0.0,6.0,0.0,0.0,0.0,0.0,34.07374379884751,0.0,0.0,0.0,0.0
328,10,0.0,0.25033152,0.0,0.0,0.0,0.0,0.0,0.0,0.0,0.0,0.0,0.0,0.0,0.0,0.0
328,11,0.0,0.2640974399999999,0.0,0.0,0.0,0.0,0.0,0.0,0.0,0.0,0.0,0.0,0.0,0.0,0.0
328,12,0.0,0.29012544,0.0,0.0,0.0,0.0,0.0,0.0,0.0,0.0,0.0,0.0,0.0,0.0,0.0
328,13,0.0,0.24038304,0.0,0.0,0.0,0.0,0.0,0.0,0.0,0.0,0.0,0.0,0.0,0.0,0.0
328,14,0.0,0.23957328,0.0,0.0,0.0,0.0,0.0,0.0,0.0,0.0,0.0,0.0,0.0,0.0,0.0
328,15,0.0,0.24038304,0.0,0.0,0.0,0.0,0.0,0.0,0.0,0.0,0.0,0.0,0.0,0.0,0.0
328,16,0.0,0.31812,0.0,0.0,0.0,0.0,0.0,0.0,0.0,0.0,0.0,0.0,0.0,0.0,0.0
328,17,0.0,0.4626043199999999,0.0,0.0,0.0,0.0,0.0,0.0,0.0,0.0,0.0,0.0,0.0,0.0,0.0
328,18,144.95675339644322,0.39666672,150.37007613738928,64.62405440771605,0.0,4.0,0.0,0.0,0.0,0.0,144.9567533964424,0.0,0.0,0.0,0.0
328,19,172.2937875948886,0.2539175999999999,178.7279954303824,51.29808030123931,0.0,5.0,0.0,0.0,0.0,0.0,172.2937875948886,0.0,0.0,0.0,0.0
328,20,329.3932708297517,0.237144,341.69426434621556,92.34082477397867,0.0,9.0,0.0,0.0,0.0,0.0,329.39327082975166,0.0,0.0,0.0,0.0
328,21,273.1704245468193,0.22893072,283.37180969587064,74.25211932231197,0.0,11.0,0.0,0.0,0.0,0.0,273.1704245468193,0.0,0.0,0.0,0.0
328,22,343.94193611498173,0.2281209599999999,356.78624078317614,93.20004433217238,0.0,11.0,0.0,0.0,0.0,0.0,343.94193611498173,0.0,0.0,0.0,0.0
328,23,252.46982244595276,0.22002336,261.8981560642664,66.29254124079148,0.0,8.0,0.0,0.0,0.0,0.0,252.46982244595225,0.0,0.0,0.0,0.0
329,0,157.75436793513452,0.32436672,163.64560989121838,58.49785941021341,0.0,7.0,0.0,0.0,0.0,0.0,157.75436793513455,0.0,0.0,0.0,0.0
329,1,128.82485737236112,0.29972688,133.63574416220035,44.477567785983354,0.0,4.0,0.0,0.0,0.0,0.0,128.82485737236112,0.0,0.0,0.0,0.0
329,2,111.54334016296747,0.2948683199999999,115.70885909021524,37.94884012493461,0.0,3.0,0.0,0.0,0.0,0.0,111.54334016296747,0.0,0.0,0.0,0.0
329,3,163.32473316410938,0.29174496,169.42399705820478,55.03653154741264,0.0,6.0,0.0,0.0,0.0,0.0,163.3247331641094,0.0,0.0,0.0,0.0
329,4,179.6816209338784,0.29521536,186.39172296045479,61.19526562478198,0.0,7.0,0.0,0.0,0.0,0.0,179.68162093387843,0.0,0.0,0.0,0.0
329,5,279.163846801144,0.2421182399999999,289.5890526982823,79.70018940688846,0.0,8.0,0.0,0.0,0.0,0.0,279.163846801143,0.0,0.0,0.0,0.0
329,6,236.843949277732,0.2695344,245.68874406403737,74.35386564657351,0.0,8.0,0.0,0.0,0.0,0.0,236.84394927773147,0.0,0.0,0.0,0.0
329,7,174.70201911469655,0.30204048,181.2261609073616,60.736222555050404,0.0,7.0,0.0,0.0,0.0,0.0,174.70201911469556,0.0,0.0,0.0,0.0
329,8,161.05284633118566,0.39655104,167.06726797840838,71.78062543688186,0.0,9.0,0.0,0.0,0.0,0.0,161.0528463311856,0.0,0.0,0.0,0.0
329,9,200.6807359880903,0.8670216000000001,208.1750373320439,187.3828476833791,0.0,7.0,0.0,0.0,0.0,0.0,200.6807359880903,0.0,0.0,0.0,0.0
329,10,143.56076220779892,1.00676304,148.92195249771675,154.8584342470113,0.0,4.0,0.0,0.0,0.0,0.0,143.56076220779892,0.0,0.0,0.0,0.0
329,11,40.49004544834711,0.98293296,42.00212183438497,42.67554017367079,0.0,1.0,0.0,0.0,0.0,0.0,40.49004544834711,0.0,0.0,0.0,0.0
329,12,0.0,0.95759904,0.0,0.0,0.0,0.0,0.0,0.0,0.0,0.0,0.0,0.0,0.0,0.0,0.0
329,13,0.0,0.93793344,0.0,0.0,0.0,0.0,0.0,0.0,0.0,0.0,0.0,0.0,0.0,0.0,0.0
329,14,0.0,1.0170585600000002,0.0,0.0,0.0,0.0,0.0,0.0,0.0,0.0,0.0,0.0,0.0,0.0,0.0
329,15,0.0,1.07721216,0.0,0.0,0.0,0.0,0.0,0.0,0.0,0.0,0.0,0.0,0.0,0.0,0.0
329,16,0.0,1.2880967999999997,0.0,0.0,0.0,0.0,0.0,0.0,0.0,0.0,0.0,0.0,0.0,0.0,0.0
329,17,0.0,1.3939439999999998,0.0,0.0,0.0,0.0,0.0,0.0,0.0,0.0,0.0,0.0,0.0,0.0,0.0
329,18,0.0,1.43061456,0.0,0.0,0.0,0.0,0.0,0.0,0.0,0.0,0.0,0.0,0.0,0.0,0.0
329,19,0.0,1.42587168,0.0,0.0,0.0,0.0,0.0,0.0,0.0,0.0,0.0,0.0,0.0,0.0,0.0
329,20,0.0,1.36062816,0.0,0.0,0.0,1.0,0.0,0.0,0.0,0.0,0.0,0.0,0.0,0.0,0.0
329,21,68.88672889916226,1.289832,71.45926234352933,94.53574485064993,0.0,5.0,0.0,0.0,0.0,0.0,68.88672889916226,0.0,0.0,0.0,0.0
329,22,192.12977049366955,1.2595238399999995,199.30474117600576,257.6260598691346,0.0,7.0,0.0,0.0,0.0,0.0,192.12977049366955,0.0,0.0,0.0,0.0
329,23,205.79378985935287,1.08530976,213.47903512381004,238.75703643785192,0.0,9.0,0.0,0.0,0.0,0.0,205.7937898593527,0.0,0.0,0.0,0.0
330,0,84.09836400036764,1.24541088,87.23896680536062,111.53596822061239,0.0,9.0,0.0,0.0,0.0,0.0,84.09836400036764,0.0,0.0,0.0,0.0
330,1,145.08320084657728,1.1822496,150.50124569147022,182.91162875063006,0.0,8.0,0.0,0.0,0.0,0.0,145.08320084657728,0.0,0.0,0.0,0.0
330,2,153.84902524551902,1.14384384,159.5944245285467,187.83367484721794,0.0,8.0,0.0,0.0,0.0,0.0,153.84902524551902,0.0,0.0,0.0,0.0
330,3,219.0545441175002,1.12117056,227.23500427126578,262.2906756317963,0.0,10.0,0.0,0.0,0.0,0.0,219.0545441175002,0.0,0.0,0.0,0.0
330,4,237.19716530880842,1.09039968,246.05515073527852,276.4428831134371,0.0,11.0,0.0,0.0,0.0,0.0,237.19716530880842,0.0,0.0,0.0,0.0
330,5,106.83223334073612,1.09849728,110.821818818191,125.40566873931773,0.0,7.0,0.0,0.0,0.0,0.0,106.83223334073612,0.0,0.0,0.0,0.0
330,6,176.4285579283598,1.11897264,183.0171762742322,210.84908143560006,0.0,8.0,0.0,0.0,0.0,0.0,176.4285579283598,0.0,0.0,0.0,0.0
330,7,181.39555275418667,1.1822496,188.16966053338874,228.69192166138973,0.0,11.0,0.0,0.0,0.0,0.0,181.39555275418667,0.0,0.0,0.0,0.0
330,8,176.45839065994042,1.26310992,183.04812309122454,237.26879298822632,0.0,10.0,0.0,0.0,0.0,0.0,176.45839065994042,0.0,0.0,0.0,0.0
330,9,67.97870374326077,1.32014016,70.51732753450287,95.42687959556307,0.0,7.0,0.0,0.0,0.0,0.0,67.97870374326077,0.0,0.0,0.0,0.0
330,10,23.491611760421378,1.30163136,24.368891867657034,32.52592418421081,0.0,1.0,0.0,0.0,0.0,0.0,23.491611760421378,0.0,0.0,0.0,0.0
330,11,0.0,1.29492192,0.0,0.0,0.0,0.0,0.0,0.0,0.0,0.0,0.0,0.0,0.0,0.0,0.0
330,12,0.0,1.2799992,0.0,0.0,0.0,0.0,0.0,0.0,0.0,0.0,0.0,0.0,0.0,0.0,0.0
330,13,0.0,1.24217184,0.0,0.0,0.0,0.0,0.0,0.0,0.0,0.0,0.0,0.0,0.0,0.0,0.0
330,14,0.0,1.3314768,0.0,0.0,0.0,0.0,0.0,0.0,0.0,0.0,0.0,0.0,0.0,0.0,0.0
330,15,0.0,1.42587168,0.0,0.0,0.0,0.0,0.0,0.0,0.0,0.0,0.0,0.0,0.0,0.0,0.0
330,16,0.0,1.5518472,0.0,0.0,0.0,0.0,0.0,0.0,0.0,0.0,0.0,0.0,0.0,0.0,0.0
330,17,0.0,1.66359408,0.0,0.0,0.0,0.0,0.0,0.0,0.0,0.0,0.0,0.0,0.0,0.0,0.0
330,18,0.0,1.7313825599999997,0.0,0.0,0.0,0.0,0.0,0.0,0.0,0.0,0.0,0.0,0.0,0.0,0.0
330,19,0.0,1.65584352,0.0,0.0,0.0,0.0,0.0,0.0,0.0,0.0,0.0,0.0,0.0,0.0,0.0
330,20,0.0,1.57220688,0.0,0.0,0.0,1.0,0.0,0.0,0.0,0.0,0.0,0.0,0.0,0.0,0.0
330,21,54.04736871703701,1.41603888,56.06573518364836,81.24703669040878,0.0,6.0,0.0,0.0,0.0,0.0,54.04736871703702,0.0,0.0,0.0,0.0
330,22,133.7456681090714,1.34339184,138.74031961521933,190.97491782934134,0.0,9.0,0.0,0.0,0.0,0.0,133.74566810907135,0.0,0.0,0.0,0.0
330,23,238.3618992661901,1.15066896,247.26338098152496,292.7027153505836,0.0,15.0,0.0,0.0,0.0,0.0,238.3618992661901,0.0,0.0,0.0,0.0
331,0,241.22799473887386,1.11261024,250.23650906522187,286.6985308578775,0.0,11.0,0.0,0.0,0.0,0.0,241.22799473887386,0.0,0.0,0.0,0.0
331,1,343.749262566712,1.05465456,356.5863719571701,387.8784521302678,0.0,13.0,0.0,0.0,0.0,0.0,343.749262566712,0.0,0.0,0.0,0.0
331,2,319.6923201915759,1.01497632,331.6310375431286,347.574637425984,0.0,13.0,0.0,0.0,0.0,0.0,319.6923201915759,0.0,0.0,0.0,0.0
331,3,326.9333931314084,1.00271424,339.14252399523707,351.2886557438082,0.0,13.0,0.0,0.0,0.0,0.0,326.9333931314084,0.0,0.0,0.0,0.0
331,4,377.90570099009443,0.9925344,392.01836202291963,402.06751752235994,0.0,15.0,0.0,0.0,0.0,0.0,377.9057009900945,0.0,0.0,0.0,0.0
331,5,261.3286632296489,1.08843312,271.0878249270217,304.0339740844164,0.0,12.0,0.0,0.0,0.0,0.0,261.3286632296489,0.0,0.0,0.0,0.0
331,6,235.1345688231931,1.4114116799999998,243.91552782488912,352.3388288764172,0.0,12.0,0.0,0.0,0.0,0.0,235.13456882319312,0.0,0.0,0.0,0.0
331,7,0.0,1.6070265599999998,0.0,0.0,0.0,0.0,0.0,0.0,0.0,0.0,0.0,0.0,0.0,0.0,0.0
331,8,0.0,1.67724432,0.0,0.0,0.0,0.0,0.0,0.0,0.0,0.0,0.0,0.0,0.0,0.0,0.0
331,9,0.0,1.61269488,0.0,0.0,0.0,0.0,0.0,0.0,0.0,0.0,0.0,0.0,0.0,0.0,0.0
331,10,3.5702668642907938,1.596384,3.7035963322518612,0.0,32.962007357041564,0.0,0.0,0.0,0.0,1.0,0.0,0.0,0.0,0.0,3.5702668642907938
331,11,0.0,1.58412192,0.0,0.0,0.0,0.0,0.0,0.0,0.0,0.0,0.0,0.0,0.0,0.0,0.0
331,12,0.0,1.50175776,0.0,0.0,0.0,0.0,0.0,0.0,0.0,0.0,0.0,0.0,0.0,0.0,0.0
331,13,0.0,1.48718208,0.0,0.0,0.0,0.0,0.0,0.0,0.0,0.0,0.0,0.0,0.0,0.0,0.0
331,14,0.0,1.45282512,0.0,0.0,0.0,0.0,0.0,0.0,0.0,0.0,0.0,0.0,0.0,0.0,0.0
331,15,0.0,1.3586615999999998,0.0,0.0,0.0,0.0,0.0,0.0,0.0,0.0,0.0,0.0,0.0,0.0,0.0
331,16,0.0,1.30810944,0.0,0.0,0.0,0.0,0.0,0.0,0.0,0.0,0.0,0.0,0.0,0.0,0.0
331,17,0.0,1.40597472,0.0,0.0,0.0,0.0,0.0,0.0,0.0,0.0,0.0,0.0,0.0,0.0,0.0
331,18,94.75472926188587,1.33008864,98.29328761606419,133.9922930664714,0.0,2.0,0.0,0.0,0.0,0.0,94.75472926188587,0.0,0.0,0.0,0.0
331,19,168.66107190797746,1.1822496,174.95961816180233,212.6371019490992,0.0,6.0,0.0,0.0,0.0,0.0,168.66107190797746,0.0,0.0,0.0,0.0
331,20,205.15727970638477,1.12776432,212.8187548821419,247.0536991695043,0.0,7.0,0.0,0.0,0.0,0.0,205.1572797063848,0.0,0.0,0.0,0.0
331,21,177.95526564185172,1.0588190400000002,184.60089796872592,201.56923529314912,0.0,10.0,0.0,0.0,0.0,0.0,177.95526564185172,0.0,0.0,0.0,0.0
331,22,223.54559888158158,0.96511824,231.8937747734249,231.4805957212846,0.0,13.0,0.0,0.0,0.0,0.0,223.54559888158158,0.0,0.0,0.0,0.0
331,23,278.9482103351045,0.93400032,289.36536341815815,279.8453355586171,0.0,13.0,0.0,0.0,0.0,0.0,278.9482103351045,0.0,0.0,0.0,0.0
332,0,378.3785544973543,0.5901993600000001,392.5088739599111,244.6505299335333,0.0,11.0,0.0,0.0,0.0,0.0,378.3785544973543,0.0,0.0,0.0,0.0
332,1,371.8175689012505,0.5253028799999999,385.70287230420183,215.3775947189385,0.0,9.0,0.0,0.0,0.0,0.0,371.8175689012505,0.0,0.0,0.0,0.0
332,2,371.6583167520559,0.46318272,385.5376729793111,191.335685008643,0.0,8.0,0.0,0.0,0.0,0.0,371.6583167520559,0.0,0.0,0.0,0.0
332,3,328.62348952134926,0.4632984,340.8957360179972,169.2200979261562,0.0,10.0,0.0,0.0,0.0,0.0,328.62348952134926,0.0,0.0,0.0,0.0
332,4,276.47923704956446,0.4638768,286.8041878107516,142.53502748478633,0.0,12.0,0.0,0.0,0.0,0.0,276.47923704956446,0.0,0.0,0.0,0.0
332,5,415.3280216893956,0.90380784,430.8381967732319,403.6556843283037,0.0,15.0,0.0,0.0,0.0,0.0,415.3280216893955,0.0,0.0,0.0,0.0
332,6,151.11452177358422,1.03348512,156.7578026696932,167.195539771391,0.0,13.0,0.0,0.0,0.0,0.0,151.11452177358422,0.0,0.0,0.0,0.0
332,7,167.08377222926566,1.30510176,173.32341517558677,231.94169923718096,0.0,10.0,0.0,0.0,0.0,0.0,167.08377222926566,0.0,0.0,0.0,0.0
332,8,171.6960248726948,1.46948304,178.107909618978,267.62192428332924,0.0,9.0,0.0,0.0,0.0,0.0,171.6960248726948,0.0,0.0,0.0,0.0
332,9,208.65074152214362,1.59730944,216.4426779275349,352.8901853119325,0.0,8.0,0.0,0.0,0.0,0.0,208.65074152214362,0.0,0.0,0.0,0.0
332,10,3.0713712469193837,1.6114224,3.1860697582151287,0.0,28.356020848114646,0.0,0.0,0.0,0.0,1.0,0.0,0.0,0.0,0.0,3.0713712469193837
332,11,5.359412816964721,1.6021679999999998,5.559556864071287,0.0,49.480056090234456,0.0,0.0,0.0,0.0,1.0,0.0,0.0,0.0,0.0,5.359412816964721
332,12,0.0,1.5686208,0.0,0.0,0.0,0.0,0.0,0.0,0.0,0.0,0.0,0.0,0.0,0.0,0.0
332,13,0.0,1.54698864,0.0,0.0,0.0,0.0,0.0,0.0,0.0,0.0,0.0,0.0,0.0,0.0,0.0
332,14,0.0,1.61790048,0.0,0.0,0.0,0.0,0.0,0.0,0.0,0.0,0.0,0.0,0.0,0.0,0.0
332,15,0.0,1.6848792,0.0,0.0,0.0,0.0,0.0,0.0,0.0,0.0,0.0,0.0,0.0,0.0,0.0
332,16,0.0,1.89726768,0.0,0.0,0.0,0.0,0.0,0.0,0.0,0.0,0.0,0.0,0.0,0.0,0.0
332,17,0.0,2.19768864,0.0,0.0,0.0,0.0,0.0,0.0,0.0,0.0,0.0,0.0,0.0,0.0,0.0
332,18,105.54193808871507,2.047536,109.48333826630196,227.79497499704547,0.0,3.0,0.0,0.0,0.0,0.0,105.54193808871507,0.0,0.0,0.0,0.0
332,19,128.07649817637048,1.7994024000000002,132.85943794229303,243.46523889190303,0.0,5.0,0.0,0.0,0.0,0.0,128.07649817637048,0.0,0.0,0.0,0.0
332,20,45.94171874156282,1.6062168,47.65738458668343,78.12555119701119,0.0,6.0,0.0,0.0,0.0,0.0,45.94171874156282,0.0,0.0,0.0,0.0
332,21,290.9247708704766,1.40620608,301.7891814009094,434.3670036685518,0.0,8.0,0.0,0.0,0.0,0.0,290.9247708704766,0.0,0.0,0.0,0.0
332,22,276.8421309474881,1.31435616,287.18063376295447,386.963313996597,0.0,8.0,0.0,0.0,0.0,0.0,276.8421309474881,0.0,0.0,0.0,0.0
332,23,322.87097667931107,1.22181216,334.9283990449286,420.3057206908133,0.0,8.0,0.0,0.0,0.0,0.0,322.87097667931107,0.0,0.0,0.0,0.0
333,0,302.357176861438,1.13863824,313.6485237151847,367.51396915662866,0.0,8.0,0.0,0.0,0.0,0.0,302.357176861438,0.0,0.0,0.0,0.0
333,1,520.3405576666484,0.8670216000000001,539.772362724739,485.86076277157247,0.0,14.0,0.0,0.0,0.0,0.0,520.3405576666484,0.0,0.0,0.0,0.0
333,2,356.4240419193533,0.4210752,369.7344833188313,167.92423290822686,0.0,11.0,0.0,0.0,0.0,0.0,356.4240419193533,0.0,0.0,0.0,0.0
333,3,407.38408193448623,0.39817056,422.59759536772435,182.25390160889194,0.0,11.0,0.0,0.0,0.0,0.0,407.38408193448623,0.0,0.0,0.0,0.0
333,4,264.39256988164345,0.6437592,274.2661513295057,185.63956777596815,0.0,7.0,0.0,0.0,0.0,0.0,264.3925698816434,0.0,0.0,0.0,0.0
333,5,158.18188965818106,1.08646656,164.0890971557895,183.708666036213,0.0,7.0,0.0,0.0,0.0,0.0,158.18188965818106,0.0,0.0,0.0,0.0
333,6,240.9560250733168,1.18965312,249.95438285613778,305.632501495017,0.0,6.0,0.0,0.0,0.0,0.0,240.9560250733168,0.0,0.0,0.0,0.0
333,7,301.9983988110499,1.53380112,313.2763473143672,490.8730594763908,0.0,10.0,0.0,0.0,0.0,0.0,301.9983988110499,0.0,0.0,0.0,0.0
333,8,134.51419242270154,1.72744944,139.5375440069518,245.66274496041433,0.0,10.0,0.0,0.0,0.0,0.0,134.51419242270154,0.0,0.0,0.0,0.0
333,9,241.3894327172539,1.6490184,250.40397584777378,421.2091352066959,0.0,7.0,0.0,0.0,0.0,0.0,241.3894327172539,0.0,0.0,0.0,0.0
333,10,0.0,1.58493168,0.0,0.0,0.0,1.0,0.0,0.0,0.0,0.0,0.0,0.0,0.0,0.0,0.0
333,11,0.0,1.50812016,0.0,0.0,0.0,0.0,0.0,0.0,0.0,0.0,0.0,0.0,0.0,0.0,0.0
333,12,0.0,1.51818432,0.0,0.0,0.0,0.0,0.0,0.0,0.0,0.0,0.0,0.0,0.0,0.0,0.0
333,13,0.0,1.5747518399999998,0.0,0.0,0.0,0.0,0.0,0.0,0.0,0.0,0.0,0.0,0.0,0.0,0.0
333,14,0.0,1.7346215999999994,0.0,0.0,0.0,0.0,0.0,0.0,0.0,0.0,0.0,0.0,0.0,0.0,0.0
333,15,0.0,1.943424,0.0,0.0,0.0,0.0,0.0,0.0,0.0,0.0,0.0,0.0,0.0,0.0,0.0
333,16,0.0,2.3136,0.0,0.0,0.0,0.0,0.0,0.0,0.0,0.0,0.0,0.0,0.0,0.0,0.0
333,17,0.0,2.892,0.0,0.0,0.0,0.0,0.0,0.0,0.0,0.0,0.0,0.0,0.0,0.0,0.0
333,18,0.0,2.892,0.0,0.0,0.0,0.0,0.0,0.0,0.0,0.0,0.0,0.0,0.0,0.0,0.0
333,19,106.75875568805282,2.3136,110.74559718677679,259.8866929182091,0.0,6.0,0.0,0.0,0.0,0.0,106.75875568805199,0.0,0.0,0.0,0.0
333,20,257.63560849130243,1.862448,267.25685528143407,506.59819751501186,0.0,9.0,0.0,0.0,0.0,0.0,257.6356084913024,0.0,0.0,0.0,0.0
333,21,290.6837209425407,1.60806768,301.5391296084447,494.87627376871046,0.0,8.0,0.0,0.0,0.0,0.0,290.68372094253954,0.0,0.0,0.0,0.0
333,22,306.09242997063336,1.4465784000000002,317.52326760439144,469.83232057163787,0.0,11.0,0.0,0.0,0.0,0.0,306.0924299706332,0.0,0.0,0.0,0.0
333,23,360.1070396192502,1.28080896,373.5550203519194,490.81728829336924,0.0,10.0,0.0,0.0,0.0,0.0,360.10703961925026,0.0,0.0,0.0,0.0
334,0,293.9159750231427,1.1794732799999998,304.89209027296965,369.7040019483508,0.0,9.0,0.0,0.0,0.0,0.0,293.9159750231427,0.0,0.0,0.0,0.0
334,1,327.8473290023384,1.17160704,340.0905902513884,409.709528313603,0.0,11.0,0.0,0.0,0.0,0.0,327.8473290023385,0.0,0.0,0.0,0.0
334,2,375.7077582232907,1.14557904,389.73833840590316,459.37641056346513,0.0,10.0,0.0,0.0,0.0,0.0,375.7077582232906,0.0,0.0,0.0,0.0
334,3,399.710682151529,1.1232528,414.63763708664834,479.4673926305297,0.0,11.0,0.0,0.0,0.0,0.0,399.710682151529,0.0,0.0,0.0,0.0
334,4,351.51368667973156,1.14153024,364.64075381714895,428.3180561700185,0.0,13.0,0.0,0.0,0.0,0.0,351.513686679731,0.0,0.0,0.0,0.0
334,5,288.64049951431366,1.1940489600000002,299.4196053053047,367.43245725401516,0.0,11.0,0.0,0.0,0.0,0.0,288.6404995143136,0.0,0.0,0.0,0.0
334,6,224.12170791045355,1.49701488,232.4913982473585,355.7385479302891,0.0,8.0,0.0,0.0,0.0,0.0,224.12170791045355,0.0,0.0,0.0,0.0
334,7,150.31983270832967,1.94446512,155.93343641942914,308.3685249048008,0.0,6.0,0.0,0.0,0.0,0.0,150.31983270832916,0.0,0.0,0.0,0.0
334,8,0.0,2.53651536,0.0,0.0,0.0,0.0,0.0,0.0,0.0,0.0,0.0,0.0,0.0,0.0,0.0
334,9,0.0,2.74311984,0.0,0.0,0.0,0.0,0.0,0.0,0.0,0.0,0.0,0.0,0.0,0.0,0.0
334,10,0.0,2.57388,0.0,0.0,0.0,0.0,0.0,0.0,0.0,0.0,0.0,0.0,0.0,0.0,0.0
334,11,0.0,2.58359712,0.0,0.0,0.0,0.0,0.0,0.0,0.0,0.0,0.0,0.0,0.0,0.0,0.0
334,12,0.0,2.25818928,0.0,0.0,0.0,0.0,0.0,0.0,0.0,0.0,0.0,0.0,0.0,0.0,0.0
334,13,0.0,2.19572208,0.0,0.0,0.0,0.0,0.0,0.0,0.0,0.0,0.0,0.0,0.0,0.0,0.0
334,14,4.268414647011782,2.2557600000000004,4.427816023871143,0.0,39.40756261245318,0.0,0.0,0.0,0.0,1.0,0.0,0.0,0.0,0.0,4.268414647011782
334,15,0.0,2.1904008,0.0,0.0,0.0,0.0,0.0,0.0,0.0,0.0,0.0,0.0,0.0,0.0,0.0
334,16,0.0,2.614368,0.0,0.0,0.0,0.0,0.0,0.0,0.0,0.0,0.0,0.0,0.0,0.0,0.0
334,17,5.33351839181387,3.00606048,5.532695427192811,0.0,49.240989302016025,0.0,0.0,0.0,0.0,1.0,0.0,0.0,0.0,0.0,5.33351839181387
334,18,0.0,2.79286224,0.0,0.0,0.0,0.0,0.0,0.0,0.0,0.0,0.0,0.0,0.0,0.0,0.0
334,19,194.64846967516814,2.1846168,201.91749966303746,447.7958312167126,0.0,6.0,0.0,0.0,0.0,0.0,194.64846967516777,0.0,0.0,0.0,0.0
334,20,235.63911186390138,1.73196096,244.4389127218894,431.44958195025436,0.0,6.0,0.0,0.0,0.0,0.0,235.63911186390123,0.0,0.0,0.0,0.0
334,21,264.23762330847893,1.48776048,274.10541836979144,416.87609815248186,0.0,8.0,0.0,0.0,0.0,0.0,264.2376233084787,0.0,0.0,0.0,0.0
334,22,322.5126203066392,1.39810848,334.5566600691278,478.82032893141314,0.0,9.0,0.0,0.0,0.0,0.0,322.5126203066392,0.0,0.0,0.0,0.0
334,23,233.43701608244453,1.27560336,242.15458099838645,316.9085137919805,0.0,8.0,0.0,0.0,0.0,0.0,233.43701608244453,0.0,0.0,0.0,0.0
335,0,458.3397709891954,0.84076224,475.4561939721945,415.4832146864164,0.0,14.0,0.0,0.0,0.0,0.0,458.3397709891953,0.0,0.0,0.0,0.0
335,1,436.09844665989624,0.81045408,452.38428076752734,381.61060576931317,0.0,13.0,0.0,0.0,0.0,0.0,436.09844665989624,0.0,0.0,0.0,0.0
335,2,269.1914714511925,0.79807632,279.2442649908636,232.10122055621082,0.0,7.0,0.0,0.0,0.0,0.0,269.1914714511925,0.0,0.0,0.0,0.0
335,3,471.2994863969284,0.7974979199999999,488.8998821544902,406.0792252057646,0.0,12.0,0.0,0.0,0.0,0.0,471.2994863969284,0.0,0.0,0.0,0.0
335,4,283.4630068705076,0.84978528,294.0487623138046,259.6113238490769,0.0,11.0,0.0,0.0,0.0,0.0,283.4630068705076,0.0,0.0,0.0,0.0
335,5,316.40566772611413,0.92532432,328.22164701879063,314.5756088532645,0.0,11.0,0.0,0.0,0.0,0.0,316.4056677261141,0.0,0.0,0.0,0.0
335,6,237.56165368813564,1.34339184,246.43325071383367,339.21335871226626,0.0,9.0,0.0,0.0,0.0,0.0,237.56165368813555,0.0,0.0,0.0,0.0
335,7,163.83172588952212,1.7051232,169.94992312191093,295.410899208722,0.0,8.0,0.0,0.0,0.0,0.0,163.83172588952212,0.0,0.0,0.0,0.0
335,8,45.688822773746686,2.2938187200000004,47.39504437110652,110.28441598235842,0.0,5.0,0.0,0.0,0.0,0.0,45.688822773746686,0.0,0.0,0.0,0.0
335,9,0.0,2.50077024,0.0,0.0,0.0,0.0,0.0,0.0,0.0,0.0,0.0,0.0,0.0,0.0,0.0
335,10,0.0,2.41910016,0.0,0.0,0.0,0.0,0.0,0.0,0.0,0.0,0.0,0.0,0.0,0.0,0.0
335,11,0.0,2.3983934400000004,0.0,0.0,0.0,0.0,0.0,0.0,0.0,0.0,0.0,0.0,0.0,0.0,0.0
335,12,0.0,2.27993712,0.0,0.0,0.0,0.0,0.0,0.0,0.0,0.0,0.0,0.0,0.0,0.0,0.0
335,13,0.0,1.96783248,0.0,0.0,0.0,0.0,0.0,0.0,0.0,0.0,0.0,0.0,0.0,0.0,0.0
335,14,0.0,2.01653376,0.0,0.0,0.0,0.0,0.0,0.0,0.0,0.0,0.0,0.0,0.0,0.0,0.0
335,15,0.0,2.1331392,0.0,0.0,0.0,0.0,0.0,0.0,0.0,0.0,0.0,0.0,0.0,0.0,0.0
335,16,0.11283425728581165,2.3141784,0.11704798473631914,0.0,1.0417270641532403,0.0,0.0,0.0,0.0,1.0,0.0,0.0,0.0,0.0,0.11283425728581165
335,17,0.0,2.6045352,0.0,0.0,0.0,0.0,0.0,0.0,0.0,0.0,0.0,0.0,0.0,0.0,0.0
335,18,0.0,2.30388288,0.0,0.0,0.0,0.0,0.0,0.0,0.0,0.0,0.0,0.0,0.0,0.0,0.0
335,19,0.0,1.88940144,0.0,0.0,0.0,0.0,0.0,0.0,0.0,0.0,0.0,0.0,0.0,0.0,0.0
335,20,130.26938336535292,1.60205232,135.13421510928725,220.96502534733014,0.0,3.0,0.0,0.0,0.0,0.0,130.2693833653529,0.0,0.0,0.0,0.0
335,21,186.94927535368367,1.40262,193.93078356191256,278.43030457550907,0.0,5.0,0.0,0.0,0.0,0.0,186.94927535368367,0.0,0.0,0.0,0.0
335,22,195.21591066323157,1.32985728,202.50613139339376,276.0072060272625,0.0,5.0,0.0,0.0,0.0,0.0,195.21591066323157,0.0,0.0,0.0,0.0
335,23,190.66714739614608,1.2146400000000002,197.78749729890674,246.78737187973792,0.0,6.0,0.0,0.0,0.0,0.0,190.66714739614548,0.0,0.0,0.0,0.0
336,0,214.48436907753955,1.18190256,222.4941587941282,270.3309725199122,0.0,7.0,0.0,0.0,0.0,0.0,214.48436907753953,0.0,0.0,0.0,0.0
336,1,394.5810991616775,1.13088768,409.31649290630446,476.4393549637457,0.0,10.0,0.0,0.0,0.0,0.0,394.5810991616775,0.0,0.0,0.0,0.0
336,2,487.9727853932827,1.0590504,506.1958354702103,552.8419841871244,0.0,13.0,0.0,0.0,0.0,0.0,487.97278539328204,0.0,0.0,0.0,0.0
336,3,345.91818111831526,1.04077296,358.836287467132,385.3445861777399,0.0,9.0,0.0,0.0,0.0,0.0,345.9181811183152,0.0,0.0,0.0,0.0
336,4,308.03520098352163,1.10034816,319.538590231869,362.1804271473058,0.0,7.0,0.0,0.0,0.0,0.0,308.0352009835217,0.0,0.0,0.0,0.0
336,5,333.51361834663646,1.10728896,345.96848376207106,394.53863939020505,0.0,11.0,0.0,0.0,0.0,0.0,333.5136183466359,0.0,0.0,0.0,0.0
336,6,206.7981432114485,1.1168904,214.52089544756072,246.69697036409846,0.0,11.0,0.0,0.0,0.0,0.0,206.79814321144852,0.0,0.0,0.0,0.0
336,7,195.09701751446042,1.17565584,202.382798251515,244.63138930206046,0.0,9.0,0.0,0.0,0.0,0.0,195.09701751446042,0.0,0.0,0.0,0.0
336,8,165.95998455620506,1.34894448,172.15766032801358,237.9295441460461,0.0,11.0,0.0,0.0,0.0,0.0,165.95998455620497,0.0,0.0,0.0,0.0
336,9,29.659829070416137,1.4404473599999998,30.767457541925456,45.337305834816334,0.0,6.0,0.0,0.0,0.0,0.0,29.659829070416137,0.0,0.0,0.0,0.0
336,10,71.54126963140118,1.51563936,74.2129353022834,114.93649392377979,0.0,2.0,0.0,0.0,0.0,0.0,71.54126963140118,0.0,0.0,0.0,0.0
336,11,0.0,1.4716809599999998,0.0,0.0,0.0,0.0,0.0,0.0,0.0,0.0,0.0,0.0,0.0,0.0,0.0
336,12,0.0,1.40643744,0.0,0.0,0.0,0.0,0.0,0.0,0.0,0.0,0.0,0.0,0.0,0.0,0.0
336,13,0.0,1.32546144,0.0,0.0,0.0,0.0,0.0,0.0,0.0,0.0,0.0,0.0,0.0,0.0,0.0
336,14,0.0,1.37103936,0.0,0.0,0.0,0.0,0.0,0.0,0.0,0.0,0.0,0.0,0.0,0.0,0.0
336,15,0.0,1.428648,0.0,0.0,0.0,0.0,0.0,0.0,0.0,0.0,0.0,0.0,0.0,0.0,0.0
336,16,0.0,1.50141072,0.0,0.0,0.0,0.0,0.0,0.0,0.0,0.0,0.0,0.0,0.0,0.0,0.0
336,17,0.0,1.66625472,0.0,0.0,0.0,0.0,0.0,0.0,0.0,0.0,0.0,0.0,0.0,0.0,0.0
336,18,20.104285754582357,1.67689728,20.855068210147675,35.66210991356699,0.0,1.0,0.0,0.0,0.0,0.0,20.104285754582357,0.0,0.0,0.0,0.0
336,19,86.12204432426944,1.49875008,89.33822025339154,136.85275984221545,0.0,4.0,0.0,0.0,0.0,0.0,86.12204432426873,0.0,0.0,0.0,0.0
336,20,80.01058719912407,1.38330144,82.99853443892539,117.55924369718352,0.0,6.0,0.0,0.0,0.0,0.0,80.01058719912407,0.0,0.0,0.0,0.0
336,21,126.47528391972219,1.29654144,131.19842730261638,174.4468658043861,0.0,5.0,0.0,0.0,0.0,0.0,126.47528391972219,0.0,0.0,0.0,0.0
336,22,75.4849409873337,1.2343056,78.30388069225489,99.2427768910957,0.0,4.0,0.0,0.0,0.0,0.0,75.48494098733319,0.0,0.0,0.0,0.0
336,23,33.84905212900189,1.19080992,35.11312461514719,42.97530153867483,0.0,2.0,0.0,0.0,0.0,0.0,33.84905212900189,0.0,0.0,0.0,0.0
337,0,94.15263229681503,1.2163752,97.66870570209028,122.0346255908604,0.0,6.0,0.0,0.0,0.0,0.0,94.15263229681453,0.0,0.0,0.0,0.0
337,1,151.88653948374542,1.1533296,157.55865091674838,186.93224718369737,0.0,10.0,0.0,0.0,0.0,0.0,151.88653948374508,0.0,0.0,0.0,0.0
337,2,264.6568096410334,1.09861296,274.5402589637277,310.7007691110068,0.0,12.0,0.0,0.0,0.0,0.0,264.6568096410334,0.0,0.0,0.0,0.0
337,3,232.98516922788983,1.0275854399999995,241.68586019490652,256.35267296261276,0.0,7.0,0.0,0.0,0.0,0.0,232.98516922788983,0.0,0.0,0.0,0.0
337,4,140.18535317394569,1.0683048,145.420490844342,160.1668266343143,0.0,7.0,0.0,0.0,0.0,0.0,140.18535317394569,0.0,0.0,0.0,0.0
337,5,207.72751599542983,1.03556736,215.48497509899357,230.2817594587072,0.0,8.0,0.0,0.0,0.0,0.0,207.72751599542983,0.0,0.0,0.0,0.0
337,6,313.2590422355288,1.02793248,324.9575126924573,344.7904755867095,0.0,8.0,0.0,0.0,0.0,0.0,313.2590422355287,0.0,0.0,0.0,0.0
337,7,134.95860564028015,1.06575984,139.99855356875534,153.8387881747939,0.0,5.0,0.0,0.0,0.0,0.0,134.95860564028015,0.0,0.0,0.0,0.0
337,8,141.02477676827195,1.12232736,146.291262207751,169.02892688376951,0.0,6.0,0.0,0.0,0.0,0.0,141.02477676827195,0.0,0.0,0.0,0.0
337,9,65.96018162368327,1.1585352,68.42342492083327,81.53576164022213,0.0,4.0,0.0,0.0,0.0,0.0,65.96018162368327,0.0,0.0,0.0,0.0
337,10,122.73801742374967,1.21417728,127.3215948379146,158.80533249469616,0.0,3.0,0.0,0.0,0.0,0.0,122.73801742374967,0.0,0.0,0.0,0.0
337,11,0.0,1.21544976,0.0,0.0,0.0,0.0,0.0,0.0,0.0,0.0,0.0,0.0,0.0,0.0,0.0
337,12,0.0,1.19937024,0.0,0.0,0.0,0.0,0.0,0.0,0.0,0.0,0.0,0.0,0.0,0.0,0.0
337,13,0.0,1.18525728,0.0,0.0,0.0,0.0,0.0,0.0,0.0,0.0,0.0,0.0,0.0,0.0,0.0
337,14,0.0,1.22250624,0.0,0.0,0.0,0.0,0.0,0.0,0.0,0.0,0.0,0.0,0.0,0.0,0.0
337,15,0.0,1.36305744,0.0,0.0,0.0,0.0,0.0,0.0,0.0,0.0,0.0,0.0,0.0,0.0,0.0
337,16,0.0,1.4483136,0.0,0.0,0.0,0.0,0.0,0.0,0.0,0.0,0.0,0.0,0.0,0.0,0.0
337,17,0.0,1.52373696,0.0,0.0,0.0,0.0,0.0,0.0,0.0,0.0,0.0,0.0,0.0,0.0,0.0
337,18,81.90746270144422,1.52952096,84.96624761560604,132.77003941669602,0.0,2.0,0.0,0.0,0.0,0.0,81.90746270144422,0.0,0.0,0.0,0.0
337,19,51.828192065701984,1.45837776,53.763684715458496,80.18734004875827,0.0,3.0,0.0,0.0,0.0,0.0,51.828192065701806,0.0,0.0,0.0,0.0
337,20,15.594476476275837,1.29943344,16.176842817713524,21.556184008227095,0.0,4.0,0.0,0.0,0.0,0.0,15.594476476275837,0.0,0.0,0.0,0.0
337,21,141.55675821288668,1.1793576,146.84311017934303,178.04104494458178,0.0,12.0,0.0,0.0,0.0,0.0,141.5567582128866,0.0,0.0,0.0,0.0
337,22,200.39497737178291,1.14627312,207.87860723213996,245.16644159262344,0.0,12.0,0.0,0.0,0.0,0.0,200.39497737178291,0.0,0.0,0.0,0.0
337,23,460.3635588352454,1.0540761600000002,477.55555895772346,519.1870187743115,0.0,17.0,0.0,0.0,0.0,0.0,460.36355883524527,0.0,0.0,0.0,0.0
338,0,141.616059383353,1.11249456,146.9046259163413,168.29314028859557,0.0,11.0,0.0,0.0,0.0,0.0,141.616059383353,0.0,0.0,0.0,0.0
338,1,256.2934868817572,1.0699243200000002,265.8646129478809,293.25513390889955,0.0,14.0,0.0,0.0,0.0,0.0,256.2934868817572,0.0,0.0,0.0,0.0
338,2,408.78564636519116,1.04644128,424.0515003788291,457.78109950488164,0.0,14.0,0.0,0.0,0.0,0.0,408.78564636519116,0.0,0.0,0.0,0.0
338,3,396.680046842935,1.01937216,411.4938245258662,433.0857943253994,0.0,13.0,0.0,0.0,0.0,0.0,396.68004684293487,0.0,0.0,0.0,0.0
338,4,292.2094966847609,1.02469344,303.1218845277603,320.64034097390237,0.0,9.0,0.0,0.0,0.0,0.0,292.2094966847609,0.0,0.0,0.0,0.0
338,5,175.0465389443978,1.09884432,181.58354662281934,205.5424642051555,0.0,8.0,0.0,0.0,0.0,0.0,175.0465389443978,0.0,0.0,0.0,0.0
338,6,203.71934393480043,1.2356937600000002,211.32712026431582,268.1305315101335,0.0,10.0,0.0,0.0,0.0,0.0,203.71934393480043,0.0,0.0,0.0,0.0
338,7,0.0,2.30237904,0.0,0.0,0.0,0.0,0.0,0.0,0.0,0.0,0.0,0.0,0.0,0.0,0.0
338,8,0.0,2.72553648,0.0,0.0,0.0,0.0,0.0,0.0,0.0,0.0,0.0,0.0,0.0,0.0,0.0
338,9,3.874401301722415,2.73571632,4.019088487263916,0.0,35.76988753664886,0.0,0.0,0.0,0.0,1.0,0.0,0.0,0.0,0.0,3.874401301722415
338,10,10.970881384262842,2.38682544,11.380582348820377,0.0,101.28718290450136,0.0,0.0,0.0,0.0,3.0,0.0,0.0,0.0,0.0,10.970881384262842
338,11,0.0,1.92132912,0.0,0.0,0.0,0.0,0.0,0.0,0.0,0.0,0.0,0.0,0.0,0.0,0.0
338,12,0.0,1.85168976,0.0,0.0,0.0,0.0,0.0,0.0,0.0,0.0,0.0,0.0,0.0,0.0,0.0
338,13,4.735245315144962,1.931856,4.912080202432533,0.0,43.71751380164955,0.0,0.0,0.0,0.0,1.0,0.0,0.0,0.0,0.0,4.735245315144962
338,14,1.1592906654432058,2.02486272,1.2025836778456493,0.0,10.70299473282628,0.0,0.0,0.0,0.0,1.0,0.0,0.0,0.0,0.0,1.1592906654432058
338,15,0.0,2.42650368,0.0,0.0,0.0,0.0,0.0,0.0,0.0,0.0,0.0,0.0,0.0,0.0,0.0
338,16,0.0,3.03926064,0.0,0.0,0.0,0.0,0.0,0.0,0.0,0.0,0.0,0.0,0.0,0.0,0.0
338,17,0.0,2.3870568,0.0,0.0,0.0,0.0,0.0,0.0,0.0,0.0,0.0,0.0,0.0,0.0,0.0
338,18,76.45313081665715,2.13186672,79.30822698823357,167.44645927536163,17.484607666251737,2.0,0.0,0.0,0.0,1.0,74.5592924132564,0.0,0.0,0.0,1.8938384034007498
338,19,134.83491493438945,1.7473464,139.87024370787287,249.03147187680494,0.0,4.0,0.0,0.0,0.0,0.0,134.83491493438945,0.0,0.0,0.0,0.0
338,20,177.96011535778962,1.4401003199999998,184.60592879438758,271.96151337378893,0.0,5.0,0.0,0.0,0.0,0.0,177.96011535778953,0.0,0.0,0.0,0.0
338,21,217.18708867510972,1.25466528,225.297809828952,290.1306971577671,0.0,6.0,0.0,0.0,0.0,0.0,217.18708867510972,0.0,0.0,0.0,0.0
338,22,435.0644943312449,1.18791792,451.3117161112499,551.0596928777887,0.0,11.0,0.0,0.0,0.0,0.0,435.0644943312449,0.0,0.0,0.0,0.0
338,23,166.64029786152884,1.09653072,172.8633795244075,195.27178387378973,0.0,7.0,0.0,0.0,0.0,0.0,166.64029786152884,0.0,0.0,0.0,0.0
339,0,314.36623685203955,1.0846156800000002,326.1060548257673,364.4938508216997,0.0,10.0,0.0,0.0,0.0,0.0,314.36623685203955,0.0,0.0,0.0,0.0
339,1,271.2307612949307,1.0506057599999998,281.3597108868576,304.91113932002213,0.0,10.0,0.0,0.0,0.0,0.0,271.2307612949307,0.0,0.0,0.0,0.0
339,2,343.5178473177492,1.02342096,356.3463146449681,376.48735044116376,0.0,11.0,0.0,0.0,0.0,0.0,343.5178473177493,0.0,0.0,0.0,0.0
339,3,397.17750204985583,1.01266272,412.0098568981908,430.86454861666266,0.0,9.0,0.0,0.0,0.0,0.0,397.17750204985583,0.0,0.0,0.0,0.0
339,4,468.43860604881155,1.02446208,485.93216395104935,513.9034300469726,0.0,14.0,0.0,0.0,0.0,0.0,468.43860604881144,0.0,0.0,0.0,0.0
339,5,283.9621995891435,1.09109376,294.5665970841738,331.1499303464623,0.0,11.0,0.0,0.0,0.0,0.0,283.9621995891435,0.0,0.0,0.0,0.0
339,6,352.0143131410427,1.28092464,365.160075872451,479.8293372406701,0.0,11.0,0.0,0.0,0.0,0.0,352.0143131410427,0.0,0.0,0.0,0.0
339,7,264.2264106945617,2.16541392,274.0937870275536,602.5990061655922,0.0,9.0,0.0,0.0,0.0,0.0,264.2264106945617,0.0,0.0,0.0,0.0
339,8,132.41481225143224,3.840576,137.35976374629902,532.0872201897087,0.0,8.0,0.0,0.0,0.0,0.0,132.41481225143224,0.0,0.0,0.0,0.0
339,9,233.73293118592647,2.89292544,242.4615468733677,709.4486543732263,0.0,6.0,0.0,0.0,0.0,0.0,233.73293118592647,0.0,0.0,0.0,0.0
339,10,46.10425324830447,2.89072752,47.825988846788874,123.65666089532506,49.24596408770065,1.0,0.0,0.0,0.0,2.0,40.77019601453554,0.0,0.0,0.0,5.334057233768924
339,11,0.0,2.3477256000000004,0.0,0.0,0.0,0.0,0.0,0.0,0.0,0.0,0.0,0.0,0.0,0.0,0.0
339,12,0.0,2.1730488,0.0,0.0,0.0,0.0,0.0,0.0,0.0,0.0,0.0,0.0,0.0,0.0,0.0
339,13,6.219101572995253,2.18322864,6.451350179455657,0.0,57.41701659715535,0.0,0.0,0.0,0.0,1.0,0.0,0.0,0.0,0.0,6.219101572995253
339,14,0.0,2.30422992,0.0,0.0,0.0,0.0,0.0,0.0,0.0,0.0,0.0,0.0,0.0,0.0,0.0
339,15,0.0,2.62524192,0.0,0.0,0.0,0.0,0.0,0.0,0.0,0.0,0.0,0.0,0.0,0.0,0.0
339,16,0.0,2.61124464,0.0,0.0,0.0,0.0,0.0,0.0,0.0,0.0,0.0,0.0,0.0,0.0,0.0
339,17,0.0,1.9966368,0.0,0.0,0.0,0.0,0.0,0.0,0.0,0.0,0.0,0.0,0.0,0.0,0.0
339,18,160.93316262353025,1.7501227199999998,166.94311475469945,290.3718956751372,36.55810844356521,4.0,0.0,0.0,0.0,1.0,156.97338548424705,0.0,0.0,0.0,3.959777139280545
339,19,151.7242086942657,1.65642192,157.39025798160344,265.9142908543739,0.0,4.0,0.0,0.0,0.0,0.0,151.72420869426557,0.0,0.0,0.0,0.0
339,20,276.6497408070931,1.4879918399999998,286.9810589285199,436.5245469707306,0.0,6.0,0.0,0.0,0.0,0.0,276.64974080709237,0.0,0.0,0.0,0.0
339,21,196.00278883243524,1.36305744,203.32239505439347,283.87007457381054,0.0,7.0,0.0,0.0,0.0,0.0,196.00278883243524,0.0,0.0,0.0,0.0
339,22,318.8341096781951,1.2904104,330.7407776744763,437.73885895625716,0.0,8.0,0.0,0.0,0.0,0.0,318.8341096781951,0.0,0.0,0.0,0.0
339,23,284.0387615509316,1.19474304,294.6460182063607,361.77906271839316,0.0,8.0,0.0,0.0,0.0,0.0,284.0387615509316,0.0,0.0,0.0,0.0
340,0,238.95925394982035,1.12568208,247.88304351641116,287.24242876267743,0.0,8.0,0.0,0.0,0.0,0.0,238.9592539498203,0.0,0.0,0.0,0.0
340,1,328.7205243980129,1.0972248,340.99639460374783,385.4366815312023,0.0,8.0,0.0,0.0,0.0,0.0,328.7205243980128,0.0,0.0,0.0,0.0
340,2,290.4945909919443,1.08345888,301.34293671363514,336.46713191288734,0.0,7.0,0.0,0.0,0.0,0.0,290.49459099194416,0.0,0.0,0.0,0.0
340,3,296.4011058447653,1.0781376,307.47002680992256,341.67225466419404,0.0,9.0,0.0,0.0,0.0,0.0,296.4011058447653,0.0,0.0,0.0,0.0
340,4,515.908580758957,1.07374176,535.174876305972,592.3539019982843,0.0,13.0,0.0,0.0,0.0,0.0,515.908580758957,0.0,0.0,0.0,0.0
340,5,311.63216429127783,1.10277744,323.2698799702052,367.194963689664,0.0,11.0,0.0,0.0,0.0,0.0,311.63216429127783,0.0,0.0,0.0,0.0
340,6,183.86884533726723,1.23708192,190.7353167399038,242.26855082849914,0.0,9.0,0.0,0.0,0.0,0.0,183.86884533726723,0.0,0.0,0.0,0.0
340,7,167.75793492626707,1.5865512000000002,174.02275407289116,271.1109516148764,59.04504410247174,6.0,0.0,0.0,0.0,1.0,161.362494194269,0.0,0.0,0.0,6.395440731998062
340,8,162.04824037821936,1.98958032,168.09983441724003,340.0122268710101,0.0,6.0,0.0,0.0,0.0,0.0,162.04824037821928,0.0,0.0,0.0,0.0
340,9,217.04746082602566,1.98414336,225.1529676618524,454.18832900016645,0.0,6.0,0.0,0.0,0.0,0.0,217.0474608260256,0.0,0.0,0.0,0.0
340,10,48.96197319362765,1.78702464,50.79042862409508,92.44491061487675,0.0,1.0,0.0,0.0,0.0,0.0,48.96197319362765,0.0,0.0,0.0,0.0
340,11,0.0,1.7338118399999998,0.0,0.0,0.0,0.0,0.0,0.0,0.0,0.0,0.0,0.0,0.0,0.0,0.0
340,12,0.012615558993644527,1.73161392,0.0130866794539881,0.0,0.1164714471404941,0.0,0.0,0.0,0.0,1.0,0.0,0.0,0.0,0.0,0.012615558993644527
340,13,11.533816894037589,1.671576,11.964540346512022,0.0,106.484409083957,0.0,0.0,0.0,0.0,1.0,0.0,0.0,0.0,0.0,11.533816894037589
340,14,0.0,1.66532928,0.0,0.0,0.0,0.0,0.0,0.0,0.0,0.0,0.0,0.0,0.0,0.0,0.0
340,15,0.0,1.70662704,0.0,0.0,0.0,0.0,0.0,0.0,0.0,0.0,0.0,0.0,0.0,0.0,0.0
340,16,0.0,1.897152,0.0,0.0,0.0,0.0,0.0,0.0,0.0,0.0,0.0,0.0,0.0,0.0,0.0
340,17,7.310037915780221,2.05991376,7.583026883589442,0.0,67.48893926394604,0.0,0.0,0.0,0.0,2.0,0.0,0.0,0.0,0.0,7.310037915780221
340,18,145.5741651093739,1.91195904,151.01054471926753,290.20398205781913,16.10847938326642,3.0,0.0,0.0,0.0,1.0,143.82938149976997,0.0,0.0,0.0,1.744783609603239
340,19,189.30122540146033,1.73439024,196.37056576914978,343.2939461054933,19.079652514141795,4.0,0.0,0.0,0.0,1.0,187.23462034262522,0.0,0.0,0.0,2.0666050588351332
340,20,246.6145406024086,1.45918752,255.82421224316252,378.80645898161663,17.634470559604207,8.0,0.0,0.0,0.0,1.0,244.7044698586486,0.0,0.0,0.0,1.910070743759377
340,21,357.7776018239328,1.29943344,371.1385911036648,494.5545835201199,0.0,8.0,0.0,0.0,0.0,0.0,357.7776018239326,0.0,0.0,0.0,0.0
340,22,232.75146084063715,1.203072,241.44342410854478,298.465600467108,0.0,8.0,0.0,0.0,0.0,0.0,232.75146084063707,0.0,0.0,0.0,0.0
340,23,372.7939085748822,1.1306563199999995,386.71567279552096,450.0428082588394,0.0,9.0,0.0,0.0,0.0,0.0,372.7939085748822,0.0,0.0,0.0,0.0
341,0,266.3070474166629,1.1108750399999998,276.2521238762064,316.02553446136807,0.0,8.0,0.0,0.0,0.0,0.0,266.30704741666295,0.0,0.0,0.0,0.0
341,1,308.1433033668826,1.09676208,319.6507296336957,361.161238257445,0.0,9.0,0.0,0.0,0.0,0.0,308.14330336688204,0.0,0.0,0.0,0.0
341,2,366.29272879492174,1.0856568,379.9717103681761,425.0959347820275,0.0,9.0,0.0,0.0,0.0,0.0,366.29272879492163,0.0,0.0,0.0,0.0
341,3,345.6006893129832,1.04100432,358.5069391213518,385.073852060221,0.0,10.0,0.0,0.0,0.0,0.0,345.60068931298315,0.0,0.0,0.0,0.0
341,4,596.7313954019555,1.03614576,619.0159703339789,661.8802016518925,0.0,14.0,0.0,0.0,0.0,0.0,596.7313954019551,0.0,0.0,0.0,0.0
341,5,269.1341903534824,1.08033552,279.1848447650233,310.854322807063,0.0,9.0,0.0,0.0,0.0,0.0,269.1341903534818,0.0,0.0,0.0,0.0
341,6,120.65397575070186,1.2647294399999998,125.15972588247084,162.43597695260058,0.0,5.0,0.0,0.0,0.0,0.0,120.65397575070186,0.0,0.0,0.0,0.0
341,7,276.85541759014666,1.47387888,287.194416587289,432.7959202509662,0.0,8.0,0.0,0.0,0.0,0.0,276.85541759014666,0.0,0.0,0.0,0.0
341,8,4.489275419262036,1.7352,4.656924708778046,0.0,41.44662990812461,9.0,0.0,0.0,0.0,1.0,0.0,0.0,0.0,0.0,4.489275419262036
341,9,169.09082820634592,1.5929136000000002,175.40542345056636,280.44001347677516,26.117343699758248,7.0,0.0,0.0,0.0,2.0,166.2619383943703,0.0,0.0,0.0,2.8288898119738146
341,10,202.56335168492453,1.5542764800000002,210.1279581793823,333.5521786043751,0.0,4.0,0.0,0.0,0.0,0.0,202.56335168492453,0.0,0.0,0.0,0.0
341,11,0.0,1.59835056,0.0,0.0,0.0,0.0,0.0,0.0,0.0,0.0,0.0,0.0,0.0,0.0,0.0
341,12,0.0,1.59626832,0.0,0.0,0.0,0.0,0.0,0.0,0.0,0.0,0.0,0.0,0.0,0.0,0.0
341,13,0.0,1.6004328,0.0,0.0,0.0,0.0,0.0,0.0,0.0,0.0,0.0,0.0,0.0,0.0,0.0
341,14,0.0,1.59730944,0.0,0.0,0.0,0.0,0.0,0.0,0.0,0.0,0.0,0.0,0.0,0.0,0.0
341,15,0.0,1.59661536,0.0,0.0,0.0,0.0,0.0,0.0,0.0,0.0,0.0,0.0,0.0,0.0,0.0
341,16,12.056870642593935,1.54860816,12.507127222607817,0.0,111.31343228120957,0.0,0.0,0.0,0.0,1.0,0.0,0.0,0.0,0.0,12.056870642593935
341,17,0.0,1.4875291199999998,0.0,0.0,0.0,0.0,0.0,0.0,0.0,0.0,0.0,0.0,0.0,0.0,0.0
341,18,119.96151497926135,1.34906016,124.44140558014665,154.28613100472717,114.04989142410504,2.0,0.0,0.0,0.0,1.0,107.60824584074028,0.0,0.0,0.0,12.353269138521037
341,19,188.52851306346543,1.1673268799999998,195.56899695380235,234.76628083798244,0.0,5.0,0.0,0.0,0.0,0.0,188.52851306346537,0.0,0.0,0.0,0.0
341,20,302.9928198562667,1.1325072,314.3079044152144,366.35955640328575,0.0,9.0,0.0,0.0,0.0,0.0,302.9928198562658,0.0,0.0,0.0,0.0
341,21,242.7782191482611,1.08958992,251.84462567247,282.74342264865527,0.0,9.0,0.0,0.0,0.0,0.0,242.77821914826103,0.0,0.0,0.0,0.0
341,22,308.42056394766763,1.08299616,319.9383443440536,357.0819575591559,0.0,8.0,0.0,0.0,0.0,0.0,308.42056394766763,0.0,0.0,0.0,0.0
341,23,338.13197454517245,1.00734144,350.7593096941623,364.94452127160014,0.0,8.0,0.0,0.0,0.0,0.0,338.13197454517234,0.0,0.0,0.0,0.0
342,0,293.71337905688097,1.00745712,304.6819284822417,317.0389500175274,0.0,10.0,0.0,0.0,0.0,0.0,293.7133790568809,0.0,0.0,0.0,0.0
342,1,223.1024455656175,0.96315168,231.43407216350363,230.56658320213177,0.0,7.0,0.0,0.0,0.0,0.0,223.10244556561668,0.0,0.0,0.0,0.0
342,2,596.7313954019552,0.94198224,619.0159703339785,603.5914789490292,0.0,15.0,0.0,0.0,0.0,0.0,596.7313954019551,0.0,0.0,0.0,0.0
342,3,367.56880663115993,0.91988736,381.295442563444,363.3697371885681,0.0,9.0,0.0,0.0,0.0,0.0,367.5688066311599,0.0,0.0,0.0,0.0
342,4,461.0619286152174,0.92544,478.2800089369475,458.4505197664217,0.0,11.0,0.0,0.0,0.0,0.0,461.0619286152174,0.0,0.0,0.0,0.0
342,5,269.9193525152327,1.00687872,279.9993283353036,291.1933430830087,0.0,10.0,0.0,0.0,0.0,0.0,269.91935251523216,0.0,0.0,0.0,0.0
342,6,183.23230174968523,1.1197823999999998,190.0750018150262,219.1341242725117,0.0,7.0,0.0,0.0,0.0,0.0,183.23230174968523,0.0,0.0,0.0,0.0
342,7,136.04079355242226,1.2051542400000002,141.1211551373675,174.7438687025431,0.0,8.0,0.0,0.0,0.0,0.0,136.0407935524222,0.0,0.0,0.0,0.0
342,8,0.0,1.3031352,0.0,0.0,0.0,6.0,0.0,0.0,0.0,0.0,0.0,0.0,0.0,0.0,0.0
342,9,163.57850566777302,1.37103936,169.68724654333306,238.26454176151785,0.0,4.0,0.0,0.0,0.0,0.0,163.57850566777296,0.0,0.0,0.0,0.0
342,10,0.0,1.3737,0.0,0.0,0.0,0.0,0.0,0.0,0.0,0.0,0.0,0.0,0.0,0.0,0.0
342,11,0.0,1.356348,0.0,0.0,0.0,0.0,0.0,0.0,0.0,0.0,0.0,0.0,0.0,0.0,0.0
342,12,0.0,1.34952288,0.0,0.0,0.0,0.0,0.0,0.0,0.0,0.0,0.0,0.0,0.0,0.0,0.0
342,13,0.0,1.29307104,0.0,0.0,0.0,0.0,0.0,0.0,0.0,0.0,0.0,0.0,0.0,0.0,0.0
342,14,0.0,1.2678527999999998,0.0,0.0,0.0,0.0,0.0,0.0,0.0,0.0,0.0,0.0,0.0,0.0,0.0
342,15,0.0,1.32650256,0.0,0.0,0.0,0.0,0.0,0.0,0.0,0.0,0.0,0.0,0.0,0.0,0.0
342,16,0.0,1.28879088,0.0,0.0,0.0,0.0,0.0,0.0,0.0,0.0,0.0,0.0,0.0,0.0,0.0
342,17,0.0,1.32268512,0.0,0.0,0.0,0.0,0.0,0.0,0.0,0.0,0.0,0.0,0.0,0.0,0.0
342,18,0.0,1.32939456,0.0,0.0,0.0,0.0,0.0,0.0,0.0,0.0,0.0,0.0,0.0,0.0,0.0
342,19,0.0,1.18386912,0.0,0.0,0.0,1.0,0.0,0.0,0.0,0.0,0.0,0.0,0.0,0.0,0.0
342,20,0.0,1.0978032,0.0,0.0,0.0,1.0,0.0,0.0,0.0,0.0,0.0,0.0,0.0,0.0,0.0
342,21,25.724278624391204,0.95366592,26.684936332356024,26.331785750138717,0.0,1.0,0.0,0.0,0.0,0.0,25.724278624391204,0.0,0.0,0.0,0.0
342,22,281.1528896160755,0.84700896,291.6523751204103,256.68586854875423,0.0,8.0,0.0,0.0,0.0,0.0,281.15288961607473,0.0,0.0,0.0,0.0
342,23,142.9778923112546,0.8096443199999999,148.31731567557534,124.99357534323806,0.0,5.0,0.0,0.0,0.0,0.0,142.9778923112546,0.0,0.0,0.0,0.0
343,0,350.93612559323867,0.6940799999999999,364.04162405937626,264.72378818349716,0.0,8.0,0.0,0.0,0.0,0.0,350.93612559323867,0.0,0.0,0.0,0.0
343,1,212.23845042208052,0.69072528,220.16436765775987,159.360535065901,0.0,7.0,0.0,0.0,0.0,0.0,212.23845042208052,0.0,0.0,0.0,0.0
343,2,284.7140742178338,0.68956848,295.3465500184998,213.43764237511323,0.0,7.0,0.0,0.0,0.0,0.0,284.7140742178338,0.0,0.0,0.0,0.0
343,3,313.8136882028987,0.6784631999999999,325.5328715797704,231.6372118064905,0.0,8.0,0.0,0.0,0.0,0.0,313.8136882028987,0.0,0.0,0.0,0.0
343,4,293.89967246181897,0.6940799999999999,304.87517890230185,221.69913259417584,0.0,8.0,0.0,0.0,0.0,0.0,293.8996724618183,0.0,0.0,0.0,0.0
343,5,425.55201179336115,0.63427344,441.4439956362668,294.6079979351204,0.0,11.0,0.0,0.0,0.0,0.0,425.55201179336103,0.0,0.0,0.0,0.0
343,6,278.46779774577556,0.68042976,288.86701010972575,206.1152083955102,0.0,10.0,0.0,0.0,0.0,0.0,278.46779774577556,0.0,0.0,0.0,0.0
343,7,72.42728514055084,0.71039088,75.13203852754236,55.85998544103637,0.0,7.0,0.0,0.0,0.0,0.0,72.42728514055084,0.0,0.0,0.0,0.0
343,8,195.66789653372524,0.6940799999999999,202.9749964042793,147.5993578852638,0.0,7.0,0.0,0.0,0.0,0.0,195.66789653372524,0.0,0.0,0.0,0.0
343,9,63.55965855019202,0.70842432,65.93325575746061,48.89111264093707,0.0,5.0,0.0,0.0,0.0,0.0,63.55965855019202,0.0,0.0,0.0,0.0
343,10,123.30640714264183,0.76371936,127.91121072888157,101.92212906981254,0.0,3.0,0.0,0.0,0.0,0.0,123.30640714264183,0.0,0.0,0.0,0.0
343,11,0.0,0.80976,0.0,0.0,0.0,0.0,0.0,0.0,0.0,0.0,0.0,0.0,0.0,0.0,0.0
343,12,0.0,0.8762759999999999,0.0,0.0,0.0,0.0,0.0,0.0,0.0,0.0,0.0,0.0,0.0,0.0,0.0
343,13,0.0,0.92544,0.0,0.0,0.0,0.0,0.0,0.0,0.0,0.0,0.0,0.0,0.0,0.0,0.0
343,14,0.0,0.99056784,0.0,0.0,0.0,0.0,0.0,0.0,0.0,0.0,0.0,0.0,0.0,0.0,0.0
343,15,0.0,0.965928,0.0,0.0,0.0,0.0,0.0,0.0,0.0,0.0,0.0,0.0,0.0,0.0,0.0
343,16,0.0,0.92636544,0.0,0.0,0.0,0.0,0.0,0.0,0.0,0.0,0.0,0.0,0.0,0.0,0.0
343,17,0.0,0.91433472,0.0,0.0,0.0,0.0,0.0,0.0,0.0,0.0,0.0,0.0,0.0,0.0,0.0
343,18,15.391318226330128,0.89571024,15.966097745155736,14.829475078541558,0.0,1.0,0.0,0.0,0.0,0.0,15.391318226330128,0.0,0.0,0.0,0.0
343,19,88.73550536627017,0.8033976,92.04927942559148,76.99900132123666,0.0,3.0,0.0,0.0,0.0,0.0,88.73550536627016,0.0,0.0,0.0,0.0
343,20,55.85969198843803,0.7456732799999999,57.94573857721788,45.126592893802496,0.0,3.0,0.0,0.0,0.0,0.0,55.85969198843728,0.0,0.0,0.0,0.0
343,21,147.61110153264275,0.6988228799999999,153.1235493077207,112.07462920512893,0.0,9.0,0.0,0.0,0.0,0.0,147.61110153264275,0.0,0.0,0.0,0.0
343,22,173.34224964541306,0.65752512,179.81561166536625,124.18517838426695,0.0,8.0,0.0,0.0,0.0,0.0,173.34224964541306,0.0,0.0,0.0,0.0
343,23,94.26470841320992,0.53421024,97.78496723362025,55.47441322969725,0.0,5.0,0.0,0.0,0.0,0.0,94.26470841320992,0.0,0.0,0.0,0.0
344,0,227.001657449339,0.48261696,235.47889776902386,121.44046130159177,0.0,8.0,0.0,0.0,0.0,0.0,227.001657449339,0.0,0.0,0.0,0.0
344,1,198.4211269730713,0.45369696,205.83104457787476,100.19792677413393,0.0,8.0,0.0,0.0,0.0,0.0,198.4211269730713,0.0,0.0,0.0,0.0
344,2,282.42573874448306,0.4430543999999999,292.97275803369615,139.50026781787975,0.0,10.0,0.0,0.0,0.0,0.0,282.425738744483,0.0,0.0,0.0,0.0
344,3,235.4886361998014,0.45126768,244.28281763464872,118.32270164155791,0.0,9.0,0.0,0.0,0.0,0.0,235.4886361998014,0.0,0.0,0.0,0.0
344,4,240.20654913005544,0.37445616,249.17691818470482,101.55358793599248,0.0,8.0,0.0,0.0,0.0,0.0,240.20654913005464,0.0,0.0,0.0,0.0
344,5,239.83095413480612,0.3974764799999999,248.78729682033836,107.12195853361645,0.0,8.0,0.0,0.0,0.0,0.0,239.83095413480615,0.0,0.0,0.0,0.0
344,6,240.1270851605892,0.38949456,249.09448668110915,105.2659749974292,0.0,9.0,0.0,0.0,0.0,0.0,240.12708516058908,0.0,0.0,0.0,0.0
344,7,199.33986281628307,0.5170896,206.78409005838495,113.77045579558681,0.0,10.0,0.0,0.0,0.0,0.0,199.33986281628307,0.0,0.0,0.0,0.0
344,8,69.08468976056241,0.70402848,71.66461593419339,52.82602941335574,0.0,6.0,0.0,0.0,0.0,0.0,69.08468976056187,0.0,0.0,0.0,0.0
344,9,94.93735778505382,0.76094304,98.48273629154961,78.19953131246038,0.0,6.0,0.0,0.0,0.0,0.0,94.9373577850538,0.0,0.0,0.0,0.0
344,10,43.26322178620045,0.7791047999999999,44.87886077406686,36.450826139228816,0.0,4.0,0.0,0.0,0.0,0.0,43.26322178620045,0.0,0.0,0.0,0.0
344,11,0.0,0.8259552,0.0,0.0,0.0,0.0,0.0,0.0,0.0,0.0,0.0,0.0,0.0,0.0,0.0
344,12,0.0,0.7964568,0.0,0.0,0.0,0.0,0.0,0.0,0.0,0.0,0.0,0.0,0.0,0.0,0.0
344,13,0.0,0.80096832,0.0,0.0,0.0,0.0,0.0,0.0,0.0,0.0,0.0,0.0,0.0,0.0,0.0
344,14,0.0,0.8258395199999999,0.0,0.0,0.0,0.0,0.0,0.0,0.0,0.0,0.0,0.0,0.0,0.0,0.0
344,15,0.0,0.88367952,0.0,0.0,0.0,0.0,0.0,0.0,0.0,0.0,0.0,0.0,0.0,0.0,0.0
344,16,0.0,0.9289104,0.0,0.0,0.0,0.0,0.0,0.0,0.0,0.0,0.0,0.0,0.0,0.0,0.0
344,17,0.0,0.93052992,0.0,0.0,0.0,0.0,0.0,0.0,0.0,0.0,0.0,0.0,0.0,0.0,0.0
344,18,0.0,0.98813856,0.0,0.0,0.0,0.0,0.0,0.0,0.0,0.0,0.0,0.0,0.0,0.0,0.0
344,19,40.2957335375998,0.93423168,41.80055346224046,40.434999605558886,0.0,4.0,0.0,0.0,0.0,0.0,40.2957335375998,0.0,0.0,0.0,0.0
344,20,51.288387916986274,0.9028824,53.20372190558743,49.797747318124294,0.0,6.0,0.0,0.0,0.0,0.0,51.288387916986274,0.0,0.0,0.0,0.0
344,21,121.22781385501455,0.89235552,125.75499362553379,116.38065301831504,0.0,10.0,0.0,0.0,0.0,0.0,121.22781385501455,0.0,0.0,0.0,0.0
344,22,181.77050068546043,0.8807875199999999,188.55861066956479,172.32136107945408,0.0,11.0,0.0,0.0,0.0,0.0,181.77050068546043,0.0,0.0,0.0,0.0
344,23,209.05886323403053,0.80004288,216.86604069920182,180.68039772233024,0.0,9.0,0.0,0.0,0.0,0.0,209.05886323403053,0.0,0.0,0.0,0.0
345,0,143.19916697289267,0.57041808,148.5468537063202,89.65071193887925,0.0,10.0,0.0,0.0,0.0,0.0,143.19916697289267,0.0,0.0,0.0,0.0
345,1,465.38019311426035,0.5350199999999999,482.7595364255813,274.26534783410125,0.0,18.0,0.0,0.0,0.0,0.0,465.38019311426024,0.0,0.0,0.0,0.0
345,2,227.83348263222126,0.5338632,236.34178696288512,133.99709583019563,0.0,13.0,0.0,0.0,0.0,0.0,227.83348263222126,0.0,0.0,0.0,0.0
345,3,328.1575716256483,0.5269223999999999,340.41241869880537,190.6385797095098,0.0,13.0,0.0,0.0,0.0,0.0,328.1575716256483,0.0,0.0,0.0,0.0
345,4,189.66283160030127,0.5396472,196.74567593392254,112.68553500326152,0.0,11.0,0.0,0.0,0.0,0.0,189.66283160030127,0.0,0.0,0.0,0.0
345,5,249.08087400122736,0.59008368,258.3826493788666,161.01985028807178,0.0,12.0,0.0,0.0,0.0,0.0,249.08087400122685,0.0,0.0,0.0,0.0
345,6,199.84176499975587,0.86285712,207.30473547692517,185.73615376026774,0.0,10.0,0.0,0.0,0.0,0.0,199.84176499975587,0.0,0.0,0.0,0.0
345,7,0.0,1.02874224,0.0,0.0,0.0,0.0,0.0,0.0,0.0,0.0,0.0,0.0,0.0,0.0,0.0
345,8,0.0,1.10624784,0.0,0.0,0.0,0.0,0.0,0.0,0.0,0.0,0.0,0.0,0.0,0.0,0.0
345,9,0.0,1.12105488,0.0,0.0,0.0,0.0,0.0,0.0,0.0,0.0,0.0,0.0,0.0,0.0,0.0
345,10,0.0,1.07998848,0.0,0.0,0.0,0.0,0.0,0.0,0.0,0.0,0.0,0.0,0.0,0.0,0.0
345,11,0.0,1.0489862399999998,0.0,0.0,0.0,0.0,0.0,0.0,0.0,0.0,0.0,0.0,0.0,0.0,0.0
345,12,0.0,1.0331380799999998,0.0,0.0,0.0,0.0,0.0,0.0,0.0,0.0,0.0,0.0,0.0,0.0,0.0
345,13,0.0,1.03429488,0.0,0.0,0.0,0.0,0.0,0.0,0.0,0.0,0.0,0.0,0.0,0.0,0.0
345,14,0.0,1.0746672000000002,0.0,0.0,0.0,0.0,0.0,0.0,0.0,0.0,0.0,0.0,0.0,0.0,0.0
345,15,0.0,1.10960256,0.0,0.0,0.0,0.0,0.0,0.0,0.0,0.0,0.0,0.0,0.0,0.0,0.0
345,16,0.0,1.22053968,0.0,0.0,0.0,0.0,0.0,0.0,0.0,0.0,0.0,0.0,0.0,0.0,0.0
345,17,0.0,1.36490832,0.0,0.0,0.0,0.0,0.0,0.0,0.0,0.0,0.0,0.0,0.0,0.0,0.0
345,18,161.34283799513602,1.41869952,167.36808920657265,242.98491157341937,0.0,4.0,0.0,0.0,0.0,0.0,161.34283799513602,0.0,0.0,0.0,0.0
345,19,33.551824371237856,1.36305744,34.80479706559944,48.59297637082682,0.0,6.0,0.0,0.0,0.0,0.0,33.551824371237856,0.0,0.0,0.0,0.0
345,20,323.2461056262749,1.28080896,335.3175369567168,440.57671625256125,0.0,11.0,0.0,0.0,0.0,0.0,323.2461056262749,0.0,0.0,0.0,0.0
345,21,279.6385232801399,1.1430340799999998,290.08145568479245,341.17468600689404,0.0,9.0,0.0,0.0,0.0,0.0,279.6385232801399,0.0,0.0,0.0,0.0
345,22,302.0436949779078,1.10809872,313.32333503932347,357.5641888930071,0.0,12.0,0.0,0.0,0.0,0.0,302.0436949779077,0.0,0.0,0.0,0.0
345,23,397.1374812345704,1.00433376,411.9683415296374,427.38986555405586,0.0,11.0,0.0,0.0,0.0,0.0,397.13748123457043,0.0,0.0,0.0,0.0
346,0,187.4862382607377,1.0185624,194.48779902566156,204.53550549404486,0.0,8.0,0.0,0.0,0.0,0.0,187.4862382607377,0.0,0.0,0.0,0.0
346,1,309.8313259707878,1.00711008,321.4017904261284,334.3253821313063,0.0,10.0,0.0,0.0,0.0,0.0,309.8313259707878,0.0,0.0,0.0,0.0
346,2,323.7006573293601,0.99045216,335.7890636196682,343.6976213722888,0.0,9.0,0.0,0.0,0.0,0.0,323.7006573293601,0.0,0.0,0.0,0.0
346,3,395.50064476188487,0.97657056,410.270378383698,414.2379226940802,0.0,11.0,0.0,0.0,0.0,0.0,395.50064476188487,0.0,0.0,0.0,0.0
346,4,361.14156576332977,0.98767584,374.62818025241677,382.4113953848322,0.0,11.0,0.0,0.0,0.0,0.0,361.1415657633295,0.0,0.0,0.0,0.0
346,5,214.64020638431717,1.02989904,222.6558157513664,236.68291839411935,0.0,8.0,0.0,0.0,0.0,0.0,214.64020638431717,0.0,0.0,0.0,0.0
346,6,162.76100472071775,1.2296784,168.83921651526737,213.20651568840293,0.0,9.0,0.0,0.0,0.0,0.0,162.76100472071775,0.0,0.0,0.0,0.0
346,7,196.18815221846097,1.43524176,203.5146807245446,298.8291044809159,0.0,8.0,0.0,0.0,0.0,0.0,196.18815221846097,0.0,0.0,0.0,0.0
346,8,0.0,1.73439024,0.0,0.0,0.0,0.0,0.0,0.0,0.0,0.0,0.0,0.0,0.0,0.0,0.0
346,9,0.0,1.69575312,0.0,0.0,0.0,0.0,0.0,0.0,0.0,0.0,0.0,0.0,0.0,0.0,0.0
346,10,0.0,1.66440384,0.0,0.0,0.0,0.0,0.0,0.0,0.0,0.0,0.0,0.0,0.0,0.0,0.0
346,11,0.0,1.66903104,0.0,0.0,0.0,0.0,0.0,0.0,0.0,0.0,0.0,0.0,0.0,0.0,0.0
346,12,0.0,1.6937865599999995,0.0,0.0,0.0,0.0,0.0,0.0,0.0,0.0,0.0,0.0,0.0,0.0,0.0
346,13,0.0,1.68707712,0.0,0.0,0.0,0.0,0.0,0.0,0.0,0.0,0.0,0.0,0.0,0.0,0.0
346,14,0.0,1.73300208,0.0,0.0,0.0,0.0,0.0,0.0,0.0,0.0,0.0,0.0,0.0,0.0,0.0
346,15,0.0,1.90548096,0.0,0.0,0.0,0.0,0.0,0.0,0.0,0.0,0.0,0.0,0.0,0.0,0.0
346,16,2.494671054705991,2.09184144,2.587833044300821,0.0,23.03171409427731,0.0,0.0,0.0,0.0,1.0,0.0,0.0,0.0,0.0,2.494671054705991
346,17,0.0,1.99039008,0.0,0.0,0.0,0.0,0.0,0.0,0.0,0.0,0.0,0.0,0.0,0.0,0.0
346,18,0.0,1.79304,0.0,0.0,0.0,0.0,0.0,0.0,0.0,0.0,0.0,0.0,0.0,0.0,0.0
346,19,241.38934765171064,1.23152928,250.40388760550894,316.6680880917557,0.0,7.0,0.0,0.0,0.0,0.0,241.38934765171064,0.0,0.0,0.0,0.0
346,20,190.68141142378215,1.09213488,197.8022940080728,222.5740405618985,0.0,8.0,0.0,0.0,0.0,0.0,190.68141142378215,0.0,0.0,0.0,0.0
346,21,262.7819333484586,1.02353664,272.5953665440443,288.03425218466737,0.0,8.0,0.0,0.0,0.0,0.0,262.7819333484585,0.0,0.0,0.0,0.0
346,22,358.0403090185922,0.98813856,371.41110894044834,379.2993460623466,0.0,11.0,0.0,0.0,0.0,0.0,358.0403090185922,0.0,0.0,0.0,0.0
346,23,291.133981357496,0.9184992,302.00620472769293,287.3888628139088,0.0,7.0,0.0,0.0,0.0,0.0,291.1339813574957,0.0,0.0,0.0,0.0
347,0,297.81872169683396,0.8945534399999999,308.9405826730643,286.58979427227246,0.0,8.0,0.0,0.0,0.0,0.0,297.8187216968334,0.0,0.0,0.0,0.0
347,1,351.8475721836158,0.8706076800000001,364.9871080742902,329.8416526677262,0.0,10.0,0.0,0.0,0.0,0.0,351.8475721836158,0.0,0.0,0.0,0.0
347,2,276.0747987219643,0.8736153599999998,286.3846459771414,259.6693573756363,0.0,9.0,0.0,0.0,0.0,0.0,276.07479872196376,0.0,0.0,0.0,0.0
347,3,422.20168538518527,0.84654624,437.9685533041342,385.2573911522212,0.0,11.0,0.0,0.0,0.0,0.0,422.20168538518527,0.0,0.0,0.0,0.0
347,4,303.83999497548393,0.8446953599999999,315.18671677954774,276.66943752272107,0.0,8.0,0.0,0.0,0.0,0.0,303.83999497548393,0.0,0.0,0.0,0.0
347,5,425.92703134194323,0.8728056000000001,441.8330200642566,400.2590071411225,0.0,11.0,0.0,0.0,0.0,0.0,425.92703134194323,0.0,0.0,0.0,0.0
347,6,235.47134548827893,0.9613008,244.2648812119076,242.8971932890259,0.0,10.0,0.0,0.0,0.0,0.0,235.47134548827893,0.0,0.0,0.0,0.0
347,7,175.4897445188602,1.23823872,182.04330344280103,231.43870038354225,0.0,9.0,0.0,0.0,0.0,0.0,175.4897445188602,0.0,0.0,0.0,0.0
347,8,36.25212198578047,1.6497124799999998,37.60593566989676,63.283737867379415,0.0,2.0,0.0,0.0,0.0,0.0,36.252121985779986,0.0,0.0,0.0,0.0
347,9,7.591245961992307,1.6497124799999998,7.874736475095755,0.0,70.08515462835223,2.0,0.0,0.0,0.0,1.0,0.0,0.0,0.0,0.0,7.591245961992307
347,10,1.394292416056519,1.6871927999999998,1.446361427444522,0.0,12.872616704256247,0.0,0.0,0.0,0.0,1.0,0.0,0.0,0.0,0.0,1.394292416056519
347,11,0.0,1.6906632,0.0,0.0,0.0,0.0,0.0,0.0,0.0,0.0,0.0,0.0,0.0,0.0,0.0
347,12,0.0,1.6948276800000002,0.0,0.0,0.0,0.0,0.0,0.0,0.0,0.0,0.0,0.0,0.0,0.0,0.0
347,13,0.0,1.25697888,0.0,0.0,0.0,0.0,0.0,0.0,0.0,0.0,0.0,0.0,0.0,0.0,0.0
347,14,0.0,1.23708192,0.0,0.0,0.0,0.0,0.0,0.0,0.0,0.0,0.0,0.0,0.0,0.0,0.0
347,15,0.0,1.2655392,0.0,0.0,0.0,0.0,0.0,0.0,0.0,0.0,0.0,0.0,0.0,0.0,0.0
347,16,0.0,1.25697888,0.0,0.0,0.0,0.0,0.0,0.0,0.0,0.0,0.0,0.0,0.0,0.0,0.0
347,17,0.0,1.31505024,0.0,0.0,0.0,0.0,0.0,0.0,0.0,0.0,0.0,0.0,0.0,0.0,0.0
347,18,109.06334311930095,1.25663184,113.13624804906738,145.9154213670201,0.0,3.0,0.0,0.0,0.0,0.0,109.06334311930019,0.0,0.0,0.0,0.0
347,19,254.86238226984545,1.18467888,264.3800645952754,321.9564589571621,0.0,8.0,0.0,0.0,0.0,0.0,254.86238226984526,0.0,0.0,0.0,0.0
347,20,139.32599470903122,1.11723744,144.52904015459671,166.25716605709596,0.0,5.0,0.0,0.0,0.0,0.0,139.32599470903043,0.0,0.0,0.0,0.0
347,21,330.7632702568438,1.05129984,343.1154255776388,372.0743125979234,0.0,8.0,0.0,0.0,0.0,0.0,330.76327025684367,0.0,0.0,0.0,0.0
347,22,270.10924119425135,1.0683048,280.19630829279185,308.60955889596073,0.0,11.0,0.0,0.0,0.0,0.0,270.10924119425135,0.0,0.0,0.0,0.0
347,23,307.05118293214673,0.974604,318.5178246184095,320.9716859392698,0.0,8.0,0.0,0.0,0.0,0.0,307.0511829321466,0.0,0.0,0.0,0.0
348,0,298.44055816662745,0.89466912,309.58564125168823,287.22399794871455,0.0,8.0,0.0,0.0,0.0,0.0,298.44055816662745,0.0,0.0,0.0,0.0
348,1,345.43082410698617,0.8826383999999999,358.3307304014379,328.1372097286441,0.0,9.0,0.0,0.0,0.0,0.0,345.43082410698617,0.0,0.0,0.0,0.0
348,2,388.7756832718491,0.8900419199999999,403.2942772529555,372.2978534283057,0.0,11.0,0.0,0.0,0.0,0.0,388.7756832718491,0.0,0.0,0.0,0.0
348,3,237.9506941857896,0.8884224,246.83681969480253,227.46565849352166,0.0,6.0,0.0,0.0,0.0,0.0,237.9506941857896,0.0,0.0,0.0,0.0
348,4,402.7626427594729,0.90855072,417.803571327254,393.4250337588801,0.0,11.0,0.0,0.0,0.0,0.0,402.7626427594729,0.0,0.0,0.0,0.0
348,5,234.40716179168123,0.95516976,243.160956215437,240.3086198404004,0.0,11.0,0.0,0.0,0.0,0.0,234.40716179168123,0.0,0.0,0.0,0.0
348,6,315.3937026631316,1.13921664,327.17189072938965,383.54905164232514,0.0,11.0,0.0,0.0,0.0,0.0,315.3937026631316,0.0,0.0,0.0,0.0
348,7,124.45005825144194,1.41835248,129.097570800251,187.3789892999999,0.0,9.0,0.0,0.0,0.0,0.0,124.45005825144196,0.0,0.0,0.0,0.0
348,8,92.04744308042291,1.54860816,95.48489946101962,151.02924463427433,0.0,5.0,0.0,0.0,0.0,0.0,92.04744308042291,0.0,0.0,0.0,0.0
348,9,0.0,1.7349686399999995,0.0,0.0,0.0,0.0,0.0,0.0,0.0,0.0,0.0,0.0,0.0,0.0,0.0
348,10,0.0,1.7349686399999995,0.0,0.0,0.0,0.0,0.0,0.0,0.0,0.0,0.0,0.0,0.0,0.0,0.0
348,11,0.0,1.50777312,0.0,0.0,0.0,0.0,0.0,0.0,0.0,0.0,0.0,0.0,0.0,0.0,0.0
348,12,0.0,1.41708,0.0,0.0,0.0,0.0,0.0,0.0,0.0,0.0,0.0,0.0,0.0,0.0,0.0
348,13,0.0,1.5709344,0.0,0.0,0.0,0.0,0.0,0.0,0.0,0.0,0.0,0.0,0.0,0.0,0.0
348,14,0.0,1.73473728,0.0,0.0,0.0,0.0,0.0,0.0,0.0,0.0,0.0,0.0,0.0,0.0,0.0
348,15,0.0,2.17906416,0.0,0.0,0.0,0.0,0.0,0.0,0.0,0.0,0.0,0.0,0.0,0.0,0.0
348,16,0.0,2.17524672,0.0,0.0,0.0,0.0,0.0,0.0,0.0,0.0,0.0,0.0,0.0,0.0,0.0
348,17,0.0,2.08952784,0.0,0.0,0.0,0.0,0.0,0.0,0.0,0.0,0.0,0.0,0.0,0.0,0.0
348,18,0.0,1.6704192,0.0,0.0,0.0,0.0,0.0,0.0,0.0,0.0,0.0,0.0,0.0,0.0,0.0
348,19,244.2497321933311,1.4225169599999998,253.37109148685803,368.81125794198215,0.0,7.0,0.0,0.0,0.0,0.0,244.24973219333103,0.0,0.0,0.0,0.0
348,20,278.1701236995775,1.26415104,288.55821960537094,374.33245048361584,0.0,8.0,0.0,0.0,0.0,0.0,278.17012369957683,0.0,0.0,0.0,0.0
348,21,221.22081088551036,1.1128416,229.48216896837175,262.9731638790863,0.0,7.0,0.0,0.0,0.0,0.0,221.22081088550976,0.0,0.0,0.0,0.0
348,22,276.08945798104554,1.09271328,286.39985267743316,322.4327575342977,0.0,8.0,0.0,0.0,0.0,0.0,276.08945798104554,0.0,0.0,0.0,0.0
348,23,280.4713454173054,0.9898737599999998,290.9453790635948,297.62948837531076,0.0,7.0,0.0,0.0,0.0,0.0,280.4713454173054,0.0,0.0,0.0,0.0
349,0,213.3712311464129,0.99635184,221.33945139669396,227.8583055049171,0.0,8.0,0.0,0.0,0.0,0.0,213.37123114641284,0.0,0.0,0.0,0.0
349,1,323.43578209982024,0.95933424,335.51429678404594,332.9758761380091,0.0,9.0,0.0,0.0,0.0,0.0,323.4357820998201,0.0,0.0,0.0,0.0
349,2,256.7383353200425,0.9265968,266.3260739834466,255.59228095847698,0.0,7.0,0.0,0.0,0.0,0.0,256.73833532004244,0.0,0.0,0.0,0.0
349,3,435.13015458722316,0.8855303999999999,451.3798284099825,414.6512323241936,0.0,12.0,0.0,0.0,0.0,0.0,435.13015458722293,0.0,0.0,0.0,0.0
349,4,391.0339530116834,0.86945088,405.6368807175141,366.1079236520474,0.0,10.0,0.0,0.0,0.0,0.0,391.0339530116834,0.0,0.0,0.0,0.0
349,5,337.1017206804466,0.93018288,349.69058161872056,336.8509505705562,0.0,13.0,0.0,0.0,0.0,0.0,337.1017206804459,0.0,0.0,0.0,0.0
349,6,251.52894939436726,1.11018096,260.92214667465487,298.30732233546024,0.0,12.0,0.0,0.0,0.0,0.0,251.52894939436726,0.0,0.0,0.0,0.0
349,7,94.19448070560782,1.2371976,97.71211691453092,124.12346760744803,0.0,7.0,0.0,0.0,0.0,0.0,94.19448070560782,0.0,0.0,0.0,0.0
349,8,157.64479173704586,1.405512,163.53194163593972,235.2590136207625,0.0,6.0,0.0,0.0,0.0,0.0,157.64479173704586,0.0,0.0,0.0,0.0
349,9,82.40842059358785,1.35854592,85.48591347882558,118.96612271028062,0.0,4.0,0.0,0.0,0.0,0.0,82.40842059358785,0.0,0.0,0.0,0.0
349,10,95.49647571217321,1.27213296,99.06273414125852,129.2999457088879,0.0,2.0,0.0,0.0,0.0,0.0,95.49647571217248,0.0,0.0,0.0,0.0
349,11,0.3490026625437247,1.188612,0.36203595699556507,0.0,3.2221200172605293,0.0,0.0,0.0,0.0,1.0,0.0,0.0,0.0,0.0,0.3490026625437247
349,12,0.0,1.08889584,0.0,0.0,0.0,0.0,0.0,0.0,0.0,0.0,0.0,0.0,0.0,0.0,0.0
349,13,0.0,1.0214544,0.0,0.0,0.0,0.0,0.0,0.0,0.0,0.0,0.0,0.0,0.0,0.0,0.0
349,14,0.0,0.99878112,0.0,0.0,0.0,0.0,0.0,0.0,0.0,0.0,0.0,0.0,0.0,0.0,0.0
349,15,0.0,1.0145136,0.0,0.0,0.0,0.0,0.0,0.0,0.0,0.0,0.0,0.0,0.0,0.0,0.0
349,16,0.0,1.10786736,0.0,0.0,0.0,0.0,0.0,0.0,0.0,0.0,0.0,0.0,0.0,0.0,0.0
349,17,5.81914334062272,1.0717752,6.036455747533942,0.0,53.72445615305209,0.0,0.0,0.0,0.0,1.0,0.0,0.0,0.0,0.0,5.81914334062272
349,18,6.07650145416325,0.98223888,6.303424744982625,0.0,56.10048023034536,0.0,0.0,0.0,0.0,1.0,0.0,0.0,0.0,0.0,6.07650145416325
349,19,6.257242736538309,0.9208128,6.4909157018032255,0.0,57.76914974604871,0.0,0.0,0.0,0.0,1.0,0.0,0.0,0.0,0.0,6.257242736538309
349,20,0.0,0.89085168,0.0,0.0,0.0,0.0,0.0,0.0,0.0,0.0,0.0,0.0,0.0,0.0,0.0
349,21,0.0,0.8756976,0.0,0.0,0.0,0.0,0.0,0.0,0.0,0.0,0.0,0.0,0.0,0.0,0.0
349,22,0.0,0.7033343999999999,0.0,0.0,0.0,0.0,0.0,0.0,0.0,0.0,0.0,0.0,0.0,0.0,0.0
349,23,0.0,0.8036289600000001,0.0,0.0,0.0,0.0,0.0,0.0,0.0,0.0,0.0,0.0,0.0,0.0,0.0
350,0,0.0,0.5049432,0.0,0.0,0.0,0.0,0.0,0.0,0.0,0.0,0.0,0.0,0.0,0.0,0.0
350,1,201.2536336627843,0.44617776,208.76932952570985,100.05849661178408,0.0,6.0,0.0,0.0,0.0,0.0,201.25363366278376,0.0,0.0,0.0,0.0
350,2,261.5510042001137,0.39874896,271.31846908725487,117.16859870412317,0.0,6.0,0.0,0.0,0.0,0.0,261.5510042001129,0.0,0.0,0.0,0.0
350,3,445.48187705942695,0.30990672,462.11812972969597,158.50962393111755,0.0,12.0,0.0,0.0,0.0,0.0,445.4818770594258,0.0,0.0,0.0,0.0
350,4,521.1820257941367,0.25322352,540.645254973171,154.7994524752158,0.0,14.0,0.0,0.0,0.0,0.0,521.1820257941366,0.0,0.0,0.0,0.0
350,5,378.52231944152834,0.2007048,392.65800771942776,91.80532696323924,0.0,8.0,0.0,0.0,0.0,0.0,378.52231944152834,0.0,0.0,0.0,0.0
350,6,387.25353268221187,0.18994656,401.715282865365,89.6012119425466,0.0,10.0,0.0,0.0,0.0,0.0,387.2535326822088,0.0,0.0,0.0,0.0
350,7,342.0822839338631,0.19133472,354.85714101023154,79.64226308263183,0.0,8.0,0.0,0.0,0.0,0.0,342.08228393386315,0.0,0.0,0.0,0.0
350,8,256.75551164302135,0.19283856,266.3438917458728,60.177355365858375,0.0,9.0,0.0,0.0,0.0,0.0,256.75551164302124,0.0,0.0,0.0,0.0
350,9,313.4056832917634,0.1868232,325.1096299707089,71.49915017397421,0.0,9.0,0.0,0.0,0.0,0.0,313.4056832917634,0.0,0.0,0.0,0.0
350,10,19.241913052807455,0.18034512,19.960490718679935,4.260469336707525,0.0,1.0,0.0,0.0,0.0,0.0,19.241913052807455,0.0,0.0,0.0,0.0
350,11,0.0,0.1602167999999999,0.0,0.0,0.0,0.0,0.0,0.0,0.0,0.0,0.0,0.0,0.0,0.0,0.0
350,12,0.0,0.15258192,0.0,0.0,0.0,0.0,0.0,0.0,0.0,0.0,0.0,0.0,0.0,0.0,0.0
350,13,0.0,0.1433275199999999,0.0,0.0,0.0,0.0,0.0,0.0,0.0,0.0,0.0,0.0,0.0,0.0,0.0
350,14,0.0,0.14702928,0.0,0.0,0.0,0.0,0.0,0.0,0.0,0.0,0.0,0.0,0.0,0.0,0.0
350,15,0.0,0.15929136,0.0,0.0,0.0,0.0,0.0,0.0,0.0,0.0,0.0,0.0,0.0,0.0,0.0
350,16,0.0,0.16391856,0.0,0.0,0.0,0.0,0.0,0.0,0.0,0.0,0.0,0.0,0.0,0.0,0.0
350,17,0.0,0.15975408,0.0,0.0,0.0,0.0,0.0,0.0,0.0,0.0,0.0,0.0,0.0,0.0,0.0
350,18,60.262150882178204,0.1330319999999999,62.512604649562455,10.385344035641104,0.0,2.0,0.0,0.0,0.0,0.0,60.26215088217745,0.0,0.0,0.0,0.0
350,19,169.50649161611324,0.12424032,175.83660956028345,27.666188415930055,0.0,5.0,0.0,0.0,0.0,0.0,169.5064916161131,0.0,0.0,0.0,0.0
350,20,163.21237648981435,0.0572616,169.30744449150868,15.298891576163909,0.0,5.0,0.0,0.0,0.0,0.0,163.21237648981435,0.0,0.0,0.0,0.0
350,21,184.6564219128043,0.02568096,191.55230488880113,11.259628371576424,0.0,4.0,0.0,0.0,0.0,0.0,184.6564219128043,0.0,0.0,0.0,0.0
350,22,171.0244050296669,0.0003470399999999,177.41120853699886,5.933879788385325,0.0,8.0,0.0,0.0,0.0,0.0,171.02440502966678,0.0,0.0,0.0,0.0
350,23,327.0359231325549,0.00011568,339.24888291758816,11.268382335348074,0.0,11.0,0.0,0.0,0.0,0.0,327.0359231325548,0.0,0.0,0.0,0.0
351,0,142.08707045599783,-0.0127248,147.39322661410563,3.0031664709077246,0.0,9.0,0.0,0.0,0.0,0.0,142.08707045599772,0.0,0.0,0.0,0.0
351,1,253.79662443039336,-0.01284048,263.2745066705325,5.333815133381787,0.0,8.0,0.0,0.0,0.0,0.0,253.79662443039302,0.0,0.0,0.0,0.0
351,2,446.1116337855072,-0.01284048,462.7714043418125,9.375526521691036,0.0,17.0,0.0,0.0,0.0,0.0,446.1116337855069,0.0,0.0,0.0,0.0
351,3,286.0461507291145,-0.0127248,296.7283721256375,6.045899927734288,0.0,13.0,0.0,0.0,0.0,0.0,286.04615072911423,0.0,0.0,0.0,0.0
351,4,337.8069646304199,-0.0083289599999999,350.4221624796888,8.680321403670904,0.0,14.0,0.0,0.0,0.0,0.0,337.80696463041966,0.0,0.0,0.0,0.0
351,5,103.46613891189104,-0.00127248,107.33001961814423,3.416048345996878,0.0,9.0,0.0,0.0,0.0,0.0,103.46613891189104,0.0,0.0,0.0,0.0
351,6,93.45234917294923,-0.00011568,96.94227092629589,3.1975748857596393,0.0,7.0,0.0,0.0,0.0,0.0,93.45234917294923,0.0,0.0,0.0,0.0
351,7,249.3577323500227,0.00011568,258.66984683612316,8.591894858157678,0.0,10.0,0.0,0.0,0.0,0.0,249.35773235002256,0.0,0.0,0.0,0.0
351,8,60.54794563984863,0.01492272,62.80907224050688,3.0162624896656345,0.0,9.0,0.0,0.0,0.0,0.0,60.54794563984863,0.0,0.0,0.0,0.0
351,9,46.521130240314626,0.02556528,48.25843385924754,2.8310945347142376,0.0,9.0,0.0,0.0,0.0,0.0,46.521130240314626,0.0,0.0,0.0,0.0
351,10,24.163892429526854,0.02915136,25.066278453866033,1.5604099238918578,0.0,2.0,0.0,0.0,0.0,0.0,24.163892429526854,0.0,0.0,0.0,0.0
351,11,0.0,0.0416447999999999,0.0,0.0,0.0,0.0,0.0,0.0,0.0,0.0,0.0,0.0,0.0,0.0,0.0
351,12,0.0,0.02614368,0.0,0.0,0.0,0.0,0.0,0.0,0.0,0.0,0.0,0.0,0.0,0.0,0.0
351,13,0.0,0.0453465599999999,0.0,0.0,0.0,0.0,0.0,0.0,0.0,0.0,0.0,0.0,0.0,0.0,0.0
351,14,0.0,0.02579664,0.0,0.0,0.0,0.0,0.0,0.0,0.0,0.0,0.0,0.0,0.0,0.0,0.0
351,15,0.0,0.04719744,0.0,0.0,0.0,0.0,0.0,0.0,0.0,0.0,0.0,0.0,0.0,0.0,0.0
351,16,0.0,0.0651278399999999,0.0,0.0,0.0,0.0,0.0,0.0,0.0,0.0,0.0,0.0,0.0,0.0,0.0
351,17,0.0,0.13083408,0.0,0.0,0.0,0.0,0.0,0.0,0.0,0.0,0.0,0.0,0.0,0.0,0.0
351,18,75.89021327702416,0.1605638399999999,78.72428763176781,15.24604784403265,0.0,4.0,0.0,0.0,0.0,0.0,75.89021327702416,0.0,0.0,0.0,0.0
351,19,68.09292190214623,0.15767184,70.63581110181144,13.475323653784995,0.0,3.0,0.0,0.0,0.0,0.0,68.09292190214546,0.0,0.0,0.0,0.0
351,20,60.12118199127597,0.1434432,62.366371360244784,11.010358772325965,0.0,5.0,0.0,0.0,0.0,0.0,60.12118199127597,0.0,0.0,0.0,0.0
351,21,102.49069741602167,0.13222224,106.31815084649551,17.57675485060053,0.0,7.0,0.0,0.0,0.0,0.0,102.49069741602167,0.0,0.0,0.0,0.0
351,22,161.07910213234712,0.07773696,167.0945042866672,18.520246887841154,0.0,9.0,0.0,0.0,0.0,0.0,161.07910213234715,0.0,0.0,0.0,0.0
351,23,157.48987176161182,0.06917664,163.37123626723218,16.70906111805865,0.0,8.0,0.0,0.0,0.0,0.0,157.48987176161174,0.0,0.0,0.0,0.0
352,0,119.11602370236898,0.11949744,123.56433994021683,18.85560195016684,0.0,7.0,0.0,0.0,0.0,0.0,119.11602370236898,0.0,0.0,0.0,0.0
352,1,127.51341296531164,0.1026081599999999,132.2753246528129,17.95084092203587,0.0,11.0,0.0,0.0,0.0,0.0,127.51341296531164,0.0,0.0,0.0,0.0
352,2,107.42027233532392,0.07206864,111.43181777523228,11.719132728149004,0.0,8.0,0.0,0.0,0.0,0.0,107.42027233532392,0.0,0.0,0.0,0.0
352,3,201.90517794432776,0.0577243199999999,209.4452053364396,19.022718351942476,0.0,10.0,0.0,0.0,0.0,0.0,201.90517794432776,0.0,0.0,0.0,0.0
352,4,311.31239248952556,0.07102752,322.9381664829104,33.62675038921258,0.0,14.0,0.0,0.0,0.0,0.0,311.31239248952556,0.0,0.0,0.0,0.0
352,5,153.5567576458542,0.11648976,159.291242371218,23.828338716412333,0.0,11.0,0.0,0.0,0.0,0.0,153.5567576458541,0.0,0.0,0.0,0.0
352,6,79.66492558486732,0.18150192,82.6399642996549,17.734695007437395,0.0,8.0,0.0,0.0,0.0,0.0,79.66492558486732,0.0,0.0,0.0,0.0
352,7,49.309101772014444,0.24535728,51.15052051038843,14.243234811906976,0.0,6.0,0.0,0.0,0.0,0.0,49.309101772014444,0.0,0.0,0.0,0.0
352,8,0.0,0.28908432,0.0,0.0,0.0,0.0,0.0,0.0,0.0,0.0,0.0,0.0,0.0,0.0,0.0
352,9,91.20580472167987,0.26988144,94.61183062414925,28.665628683540838,0.0,5.0,0.0,0.0,0.0,0.0,91.20580472167987,0.0,0.0,0.0,0.0
352,10,29.702602029157426,0.24824928,30.81182783107617,8.66888557575724,0.0,1.0,0.0,0.0,0.0,0.0,29.702602029157426,0.0,0.0,0.0,0.0
352,11,0.0,0.23112864,0.0,0.0,0.0,0.0,0.0,0.0,0.0,0.0,0.0,0.0,0.0,0.0,0.0
352,12,0.0,0.20116752,0.0,0.0,0.0,0.0,0.0,0.0,0.0,0.0,0.0,0.0,0.0,0.0,0.0
352,13,0.0,0.19711872,0.0,0.0,0.0,0.0,0.0,0.0,0.0,0.0,0.0,0.0,0.0,0.0,0.0
352,14,0.0,0.19688736,0.0,0.0,0.0,0.0,0.0,0.0,0.0,0.0,0.0,0.0,0.0,0.0,0.0
352,15,0.0,0.2105376,0.0,0.0,0.0,0.0,0.0,0.0,0.0,0.0,0.0,0.0,0.0,0.0,0.0
352,16,0.0,0.23332656,0.0,0.0,0.0,0.0,0.0,0.0,0.0,0.0,0.0,0.0,0.0,0.0,0.0
352,17,0.0,0.26999712,0.0,0.0,0.0,0.0,0.0,0.0,0.0,0.0,0.0,0.0,0.0,0.0,0.0
352,18,31.141070085163484,0.25981728,32.30401461116544,9.462404092982839,0.0,1.0,0.0,0.0,0.0,0.0,31.141070085163484,0.0,0.0,0.0,0.0
352,19,142.35765336518082,0.22222128,147.67391427923323,37.704292816384104,0.0,5.0,0.0,0.0,0.0,0.0,142.35765336518082,0.0,0.0,0.0,0.0
352,20,145.99603973485046,0.1989696,151.44817399880753,35.146517160633664,0.0,6.0,0.0,0.0,0.0,0.0,145.99603973485046,0.0,0.0,0.0,0.0
352,21,140.0640845917343,0.17594928,145.29469355989033,30.373751076515717,0.0,8.0,0.0,0.0,0.0,0.0,140.0640845917343,0.0,0.0,0.0,0.0
352,22,362.5879287782146,0.1464508799999999,376.1285568238741,67.53421337085655,0.0,11.0,0.0,0.0,0.0,0.0,362.5879287782146,0.0,0.0,0.0,0.0
352,23,292.8800137543546,0.11660544,303.81744165389483,45.483123782470656,0.0,10.0,0.0,0.0,0.0,0.0,292.8800137543546,0.0,0.0,0.0,0.0
353,0,269.21795347852355,0.09323808,279.27173597357216,35.28265492116803,0.0,10.0,0.0,0.0,0.0,0.0,269.21795347852355,0.0,0.0,0.0,0.0
353,1,327.72237629861803,0.0615417599999999,339.9609712641266,32.17450465174633,0.0,12.0,0.0,0.0,0.0,0.0,327.72237629861803,0.0,0.0,0.0,0.0
353,2,268.83113618590477,0.02637504,278.8704732218929,16.585832549691006,0.0,10.0,0.0,0.0,0.0,0.0,268.83113618590477,0.0,0.0,0.0,0.0
353,3,469.94799588890044,0.01827744,487.4979210465773,25.04639518869526,0.0,12.0,0.0,0.0,0.0,0.0,469.9479958889003,0.0,0.0,0.0,0.0
353,4,344.77206981821615,0.049164,357.6473753300998,29.421503684155333,0.0,11.0,0.0,0.0,0.0,0.0,344.77206981821615,0.0,0.0,0.0,0.0
353,5,166.0890608993047,0.10191408,172.29155694948622,23.261786053302494,0.0,8.0,0.0,0.0,0.0,0.0,166.0890608993047,0.0,0.0,0.0,0.0
353,6,186.42062773636536,0.1633401599999999,193.38239391739148,37.988068402315385,0.0,10.0,0.0,0.0,0.0,0.0,186.42062773636536,0.0,0.0,0.0,0.0
353,7,177.08321260726683,0.27369888,183.69627863824363,56.35781254638106,0.0,9.0,0.0,0.0,0.0,0.0,177.08321260726683,0.0,0.0,0.0,0.0
353,8,0.0,0.35791392,0.0,0.0,0.0,4.0,0.0,0.0,0.0,0.0,0.0,0.0,0.0,0.0,0.0
353,9,0.0,0.36520176,0.0,0.0,0.0,1.0,0.0,0.0,0.0,0.0,0.0,0.0,0.0,0.0,0.0
353,10,0.0,0.38093424,0.0,0.0,0.0,0.0,0.0,0.0,0.0,0.0,0.0,0.0,0.0,0.0,0.0
353,11,0.0,0.35872368,0.0,0.0,0.0,0.0,0.0,0.0,0.0,0.0,0.0,0.0,0.0,0.0,0.0
353,12,0.0,0.30967536,0.0,0.0,0.0,0.0,0.0,0.0,0.0,0.0,0.0,0.0,0.0,0.0,0.0
353,13,0.0,0.27219504,0.0,0.0,0.0,0.0,0.0,0.0,0.0,0.0,0.0,0.0,0.0,0.0,0.0
353,14,0.0,0.27508704,0.0,0.0,0.0,0.0,0.0,0.0,0.0,0.0,0.0,0.0,0.0,0.0,0.0
353,15,0.0,0.2701128,0.0,0.0,0.0,0.0,0.0,0.0,0.0,0.0,0.0,0.0,0.0,0.0,0.0
353,16,0.0,0.23899488,0.0,0.0,0.0,0.0,0.0,0.0,0.0,0.0,0.0,0.0,0.0,0.0,0.0
353,17,0.0,0.23297952,0.0,0.0,0.0,0.0,0.0,0.0,0.0,0.0,0.0,0.0,0.0,0.0,0.0
353,18,150.36523666240188,0.23899488,155.98053595684843,42.44150521351436,0.0,4.0,0.0,0.0,0.0,0.0,150.36523666240188,0.0,0.0,0.0,0.0
353,19,154.61875919603705,0.20232432,160.3929037303289,37.760390293538144,0.0,4.0,0.0,0.0,0.0,0.0,154.61875919603705,0.0,0.0,0.0,0.0
353,20,102.32285748928231,0.1799980799999999,106.14404303867462,22.619091774978912,0.0,6.0,0.0,0.0,0.0,0.0,102.32285748928233,0.0,0.0,0.0,0.0
353,21,232.9769071125998,0.1591756799999999,241.6772895358919,46.468665186070474,0.0,11.0,0.0,0.0,0.0,0.0,232.9769071125998,0.0,0.0,0.0,0.0
353,22,242.5556265923111,0.1405512,251.61372053144308,43.69302450674972,0.0,10.0,0.0,0.0,0.0,0.0,242.55562659231097,0.0,0.0,0.0,0.0
353,23,265.1721886145771,0.1312968,275.07488445495557,45.221430764764435,0.0,10.0,0.0,0.0,0.0,0.0,265.1721886145771,0.0,0.0,0.0,0.0
354,0,223.99257893781277,0.1333790399999999,232.35744703092615,38.6826447185594,0.0,10.0,0.0,0.0,0.0,0.0,223.99257893781282,0.0,0.0,0.0,0.0
354,1,314.58778920797084,0.1216953599999999,326.33588092113155,50.515280168103665,0.0,13.0,0.0,0.0,0.0,0.0,314.5877892079703,0.0,0.0,0.0,0.0
354,2,491.8539460013561,0.11672112,510.22193568605405,76.4420218530526,0.0,14.0,0.0,0.0,0.0,0.0,491.8539460013561,0.0,0.0,0.0,0.0
354,3,303.36075747383023,0.1168367999999999,314.6895824417327,47.183548984649555,0.0,10.0,0.0,0.0,0.0,0.0,303.3607574738303,0.0,0.0,0.0,0.0
354,4,322.868345898135,0.1579032,334.9256700188123,63.97187473573719,0.0,12.0,0.0,0.0,0.0,0.0,322.868345898135,0.0,0.0,0.0,0.0
354,5,245.90404111539544,0.19746576,255.0871795802857,58.81436942618506,0.0,10.0,0.0,0.0,0.0,0.0,245.90404111539544,0.0,0.0,0.0,0.0
354,6,128.25138425598286,0.31337712,133.04085503732665,46.095612295670435,0.0,12.0,0.0,0.0,0.0,0.0,128.25138425598286,0.0,0.0,0.0,0.0
354,7,161.37708001782,0.4409721599999999,167.40360997699173,79.36139097358999,0.0,7.0,0.0,0.0,0.0,0.0,161.37708001782,0.0,0.0,0.0,0.0
354,8,72.60382143434072,0.52322064,75.31516746300905,41.89938216472837,0.0,4.0,0.0,0.0,0.0,0.0,72.60382143434072,0.0,0.0,0.0,0.0
354,9,6.945073677251578,0.5804822399999999,7.204433275157239,0.0,64.11945614889943,0.0,0.0,0.0,0.0,1.0,0.0,0.0,0.0,0.0,6.945073677251578
354,10,0.0,0.7669583999999999,0.0,0.0,0.0,0.0,0.0,0.0,0.0,0.0,0.0,0.0,0.0,0.0,0.0
354,11,0.0,0.70402848,0.0,0.0,0.0,0.0,0.0,0.0,0.0,0.0,0.0,0.0,0.0,0.0,0.0
354,12,0.0,0.6999796799999999,0.0,0.0,0.0,0.0,0.0,0.0,0.0,0.0,0.0,0.0,0.0,0.0,0.0
354,13,0.0,0.70090512,0.0,0.0,0.0,0.0,0.0,0.0,0.0,0.0,0.0,0.0,0.0,0.0,0.0
354,14,0.0,0.7727423999999999,0.0,0.0,0.0,0.0,0.0,0.0,0.0,0.0,0.0,0.0,0.0,0.0,0.0
354,15,0.0,0.7902100799999999,0.0,0.0,0.0,0.0,0.0,0.0,0.0,0.0,0.0,0.0,0.0,0.0,0.0
354,16,0.0,0.8238729599999999,0.0,0.0,0.0,0.0,0.0,0.0,0.0,0.0,0.0,0.0,0.0,0.0,0.0
354,17,7.77915120322055,0.8994119999999999,8.069658924502646,0.0,71.81996442807355,0.0,0.0,0.0,0.0,1.0,0.0,0.0,0.0,0.0,7.77915120322055
354,18,0.0,0.8670216000000001,0.0,0.0,0.0,0.0,0.0,0.0,0.0,0.0,0.0,0.0,0.0,0.0,0.0
354,19,6.21974553113062,0.79275504,6.452018185820146,0.0,57.4229618537993,0.0,0.0,0.0,0.0,1.0,0.0,0.0,0.0,0.0,6.21974553113062
354,20,0.0,0.7907884799999999,0.0,0.0,0.0,0.0,0.0,0.0,0.0,0.0,0.0,0.0,0.0,0.0,0.0
354,21,0.0,0.73653456,0.0,0.0,0.0,0.0,0.0,0.0,0.0,0.0,0.0,0.0,0.0,0.0,0.0
354,22,0.0,0.6935016,0.0,0.0,0.0,1.0,0.0,0.0,0.0,0.0,0.0,0.0,0.0,0.0,0.0
354,23,0.0,0.56544384,0.0,0.0,0.0,2.0,0.0,0.0,0.0,0.0,0.0,0.0,0.0,0.0,0.0
355,0,372.21725852541675,0.51396624,386.1174880969054,211.23184241141882,0.0,12.0,0.0,0.0,0.0,0.0,372.21725852541675,0.0,0.0,0.0,0.0
355,1,488.4162761404802,0.488748,506.65588811253133,264.3973618997482,0.0,14.0,0.0,0.0,0.0,0.0,488.41627614047957,0.0,0.0,0.0,0.0
355,2,438.3156041023454,0.43218048,454.6842366206902,211.5556998633083,0.0,13.0,0.0,0.0,0.0,0.0,438.3156041023454,0.0,0.0,0.0,0.0
355,3,463.4598860382072,0.3857928,480.7675166371444,201.39005119318006,0.0,13.0,0.0,0.0,0.0,0.0,463.4598860382071,0.0,0.0,0.0,0.0
355,4,439.05714750866065,0.37515024,455.4534725193576,185.93898946486115,0.0,12.0,0.0,0.0,0.0,0.0,439.0571475086606,0.0,0.0,0.0,0.0
355,5,585.7304341597824,0.3834791999999999,607.6041848130524,253.1152652260735,0.0,16.0,0.0,0.0,0.0,0.0,585.7304341597825,0.0,0.0,0.0,0.0
355,6,288.58224896034244,0.4294041599999999,299.3591794194424,138.4548658156785,0.0,13.0,0.0,0.0,0.0,0.0,288.58224896034244,0.0,0.0,0.0,0.0
355,7,75.90623638649107,0.53478864,78.7409091146173,44.71606778946363,0.0,4.0,0.0,0.0,0.0,0.0,75.90623638649107,0.0,0.0,0.0,0.0
355,8,0.0,0.56636928,0.0,0.0,0.0,0.0,0.0,0.0,0.0,0.0,0.0,0.0,0.0,0.0,0.0
355,9,452.3375589601016,0.4413192,469.2298329461635,222.61164196245255,0.0,12.0,0.0,0.0,0.0,0.0,452.3375589601015,0.0,0.0,0.0,0.0
355,10,0.0,0.40638384,0.0,0.0,0.0,0.0,0.0,0.0,0.0,0.0,0.0,0.0,0.0,0.0,0.0
355,11,0.0,0.40279776,0.0,0.0,0.0,0.0,0.0,0.0,0.0,0.0,0.0,0.0,0.0,0.0,0.0
355,12,0.0,0.38787504,0.0,0.0,0.0,0.0,0.0,0.0,0.0,0.0,0.0,0.0,0.0,0.0,0.0
355,13,0.0,0.3915768,0.0,0.0,0.0,0.0,0.0,0.0,0.0,0.0,0.0,0.0,0.0,0.0,0.0
355,14,1.1946403772084686,0.39759216,1.239253503328287,0.0,11.029356179621754,0.0,0.0,0.0,0.0,1.0,0.0,0.0,0.0,0.0,1.1946403772084686
355,15,0.0,0.40476432,0.0,0.0,0.0,0.0,0.0,0.0,0.0,0.0,0.0,0.0,0.0,0.0,0.0
355,16,0.0,0.40407024,0.0,0.0,0.0,0.0,0.0,0.0,0.0,0.0,0.0,0.0,0.0,0.0,0.0
355,17,2.2054123759949675,0.41575392,2.2877721742686385,0.0,20.361172350990884,0.0,0.0,0.0,0.0,1.0,0.0,0.0,0.0,0.0,2.2054123759949675
355,18,138.55584614603168,0.44513664,143.73013085687936,68.7370148477543,0.0,4.0,0.0,0.0,0.0,0.0,138.5558461460302,0.0,0.0,0.0,0.0
355,19,0.0,0.5448528,0.0,0.0,0.0,1.0,0.0,0.0,0.0,0.0,0.0,0.0,0.0,0.0,0.0
355,20,238.44801116492104,0.47394096,247.352708677304,125.41795486634055,0.0,6.0,0.0,0.0,0.0,0.0,238.44801116492047,0.0,0.0,0.0,0.0
355,21,193.4643351286789,0.3834791999999999,200.6891443243557,83.60292319132463,0.0,7.0,0.0,0.0,0.0,0.0,193.4643351286789,0.0,0.0,0.0,0.0
355,22,535.753169270358,0.33281136,555.7605490356411,203.35909833197815,0.0,13.0,0.0,0.0,0.0,0.0,535.7531692703578,0.0,0.0,0.0,0.0
355,23,317.4989814912218,0.21065328,329.3557899286534,80.2815540821002,0.0,8.0,0.0,0.0,0.0,0.0,317.4989814912216,0.0,0.0,0.0,0.0
356,0,251.99826612704334,0.1773374399999999,261.4089897583437,55.01023859773204,0.0,8.0,0.0,0.0,0.0,0.0,251.99826612704334,0.0,0.0,0.0,0.0
356,1,323.65397629292994,0.1226208,335.7406393080186,52.2818009455561,0.0,8.0,0.0,0.0,0.0,0.0,323.6539762929298,0.0,0.0,0.0,0.0
356,2,264.3787056666419,0.05691456,274.25176936373646,24.686652348498214,0.0,8.0,0.0,0.0,0.0,0.0,264.37870566664094,0.0,0.0,0.0,0.0
356,3,461.34133084541037,0.04673472,478.569845275322,38.20648959799866,0.0,12.0,0.0,0.0,0.0,0.0,461.34133084540974,0.0,0.0,0.0,0.0
356,4,260.61849001409394,0.0659376,270.35113072001445,26.774927143796504,0.0,9.0,0.0,0.0,0.0,0.0,260.61849001409394,0.0,0.0,0.0,0.0
356,5,222.56323725982415,0.1595227199999999,230.87472744795036,44.47171798028283,0.0,8.0,0.0,0.0,0.0,0.0,222.56323725982398,0.0,0.0,0.0,0.0
356,6,291.05848467353445,0.26629536,301.92788866549216,90.39580892104496,0.0,7.0,0.0,0.0,0.0,0.0,291.05848467353445,0.0,0.0,0.0,0.0
356,7,242.96639918037084,0.38081856,252.03983317465858,104.32396481029491,0.0,9.0,0.0,0.0,0.0,0.0,242.96639918037084,0.0,0.0,0.0,0.0
356,8,28.55497277046448,0.4595966399999999,29.62134104819967,14.594335206742054,0.0,4.0,0.0,0.0,0.0,0.0,28.554972770464417,0.0,0.0,0.0,0.0
356,9,81.98799674863733,0.41228352,85.04978915833748,37.87977447059818,0.0,6.0,0.0,0.0,0.0,0.0,81.98799674863673,0.0,0.0,0.0,0.0
356,10,32.68720245123315,0.35907072,33.907886360200365,13.297680207557958,0.0,1.0,0.0,0.0,0.0,0.0,32.68720245123315,0.0,0.0,0.0,0.0
356,11,0.0,0.34368528,0.0,0.0,0.0,0.0,0.0,0.0,0.0,0.0,0.0,0.0,0.0,0.0,0.0
356,12,0.0,0.31684752,0.0,0.0,0.0,0.0,0.0,0.0,0.0,0.0,0.0,0.0,0.0,0.0,0.0
356,13,0.0,0.30088368,0.0,0.0,0.0,0.0,0.0,0.0,0.0,0.0,0.0,0.0,0.0,0.0,0.0
356,14,0.0,0.34206576,0.0,0.0,0.0,0.0,0.0,0.0,0.0,0.0,0.0,0.0,0.0,0.0,0.0
356,15,0.0,0.39932736,0.0,0.0,0.0,0.0,0.0,0.0,0.0,0.0,0.0,0.0,0.0,0.0,0.0
356,16,0.0,0.47879952,0.0,0.0,0.0,0.0,0.0,0.0,0.0,0.0,0.0,0.0,0.0,0.0,0.0
356,17,0.0,0.4823856,0.0,0.0,0.0,0.0,0.0,0.0,0.0,0.0,0.0,0.0,0.0,0.0,0.0
356,18,155.19259180999387,0.45485376,160.98816577800193,78.55478080687938,0.0,4.0,0.0,0.0,0.0,0.0,155.1925918099931,0.0,0.0,0.0,0.0
356,19,215.1045925937663,0.41841456,223.13754418440493,100.74985008190215,0.0,6.0,0.0,0.0,0.0,0.0,215.1045925937663,0.0,0.0,0.0,0.0
356,20,214.5969127756196,0.28526688,222.61090536890003,70.87193939627194,0.0,6.0,0.0,0.0,0.0,0.0,214.5969127756196,0.0,0.0,0.0,0.0
356,21,112.56361450624641,0.28827456,116.7672349649859,37.52601875928897,0.0,4.0,0.0,0.0,0.0,0.0,112.5636145062459,0.0,0.0,0.0,0.0
356,22,203.90909853988836,0.26108976,211.52396114096302,62.22818336230924,0.0,6.0,0.0,0.0,0.0,0.0,203.90909853988774,0.0,0.0,0.0,0.0
356,23,316.50317166911645,0.138816,328.3227921878801,56.443941141771596,0.0,10.0,0.0,0.0,0.0,0.0,316.503171669116,0.0,0.0,0.0,0.0
357,0,332.6726767553648,0.11556432,345.0961377130341,51.30348264773456,0.0,9.0,0.0,0.0,0.0,0.0,332.67267675536414,0.0,0.0,0.0,0.0
357,1,262.6889088703731,0.05008944,272.49886812279374,22.669028239769062,0.0,10.0,0.0,0.0,0.0,0.0,262.6889088703731,0.0,0.0,0.0,0.0
357,2,299.186169775224,0.0040488,310.35909727720343,11.529468032931371,0.0,8.0,0.0,0.0,0.0,0.0,299.186169775224,0.0,0.0,0.0,0.0
357,3,404.9766060414797,0.0153854399999999,420.1002137359748,20.368743707082743,0.0,12.0,0.0,0.0,0.0,0.0,404.9766060414797,0.0,0.0,0.0,0.0
357,4,281.94865128781674,0.0652435199999999,292.477854033005,28.76330168765188,0.0,11.0,0.0,0.0,0.0,0.0,281.9486512878163,0.0,0.0,0.0,0.0
357,5,246.9650622912472,0.09034608,256.1878239535759,31.62538261079905,0.0,12.0,0.0,0.0,0.0,0.0,246.96506229124716,0.0,0.0,0.0,0.0
357,6,197.5249404360198,0.1570934399999999,204.9013904937965,38.97090031879843,0.0,11.0,0.0,0.0,0.0,0.0,197.5249404360198,0.0,0.0,0.0,0.0
357,7,147.65564978524358,0.23182272,153.16976118801205,40.57814975567858,0.0,9.0,0.0,0.0,0.0,0.0,147.65564978524358,0.0,0.0,0.0,0.0
357,8,158.49402408470831,0.25981728,164.41288805467667,48.15937596592039,0.0,10.0,0.0,0.0,0.0,0.0,158.4940240847082,0.0,0.0,0.0,0.0
357,9,63.666390815765375,0.4867814399999999,66.0439738752753,34.33503624160049,0.0,8.0,0.0,0.0,0.0,0.0,63.666390815765375,0.0,0.0,0.0,0.0
357,10,60.08594441035115,0.4860873600000001,62.32981785306137,32.360853580411806,0.0,2.0,0.0,0.0,0.0,0.0,60.08594441035115,0.0,0.0,0.0,0.0
357,11,0.0,0.5309712,0.0,0.0,0.0,0.0,0.0,0.0,0.0,0.0,0.0,0.0,0.0,0.0,0.0
357,12,0.0,0.54786048,0.0,0.0,0.0,0.0,0.0,0.0,0.0,0.0,0.0,0.0,0.0,0.0,0.0
357,13,0.0,0.5697239999999999,0.0,0.0,0.0,0.0,0.0,0.0,0.0,0.0,0.0,0.0,0.0,0.0,0.0
357,14,0.0,0.59702448,0.0,0.0,0.0,0.0,0.0,0.0,0.0,0.0,0.0,0.0,0.0,0.0,0.0
357,15,0.0,0.62201136,0.0,0.0,0.0,0.0,0.0,0.0,0.0,0.0,0.0,0.0,0.0,0.0,0.0
357,16,0.0,0.6715224,0.0,0.0,0.0,0.0,0.0,0.0,0.0,0.0,0.0,0.0,0.0,0.0,0.0
357,17,0.0,0.7691563199999999,0.0,0.0,0.0,0.0,0.0,0.0,0.0,0.0,0.0,0.0,0.0,0.0,0.0
357,18,0.0,0.76476048,0.0,0.0,0.0,0.0,0.0,0.0,0.0,0.0,0.0,0.0,0.0,0.0,0.0
357,19,0.0,0.7120103999999999,0.0,0.0,0.0,0.0,0.0,0.0,0.0,0.0,0.0,0.0,0.0,0.0,0.0
357,20,0.0,0.60627888,0.0,0.0,0.0,0.0,0.0,0.0,0.0,0.0,0.0,0.0,0.0,0.0,0.0
357,21,0.0,0.49268112,0.0,0.0,0.0,1.0,0.0,0.0,0.0,0.0,0.0,0.0,0.0,0.0,0.0
357,22,26.100397228200265,0.41205216,27.07510085912891,12.05253962965909,0.0,1.0,0.0,0.0,0.0,0.0,26.100397228200265,0.0,0.0,0.0,0.0
357,23,50.03649522745676,0.41748912,51.90507803678088,23.387863436124423,0.0,4.0,0.0,0.0,0.0,0.0,50.03649522745676,0.0,0.0,0.0,0.0
358,0,290.9615643531967,0.33859536,301.8273489141045,112.18782511247369,0.0,12.0,0.0,0.0,0.0,0.0,290.96156435319614,0.0,0.0,0.0,0.0
358,1,79.54698786774814,0.33813264,82.51762226944828,30.633234761610083,0.0,5.0,0.0,0.0,0.0,0.0,79.54698786774814,0.0,0.0,0.0,0.0
358,2,187.98339989453336,0.33709152,195.00352686154918,72.18865201423772,0.0,9.0,0.0,0.0,0.0,0.0,187.98339989453336,0.0,0.0,0.0,0.0
358,3,138.7598317902146,0.33119184,143.9417342222143,52.436799212601436,0.0,7.0,0.0,0.0,0.0,0.0,138.7598317902146,0.0,0.0,0.0,0.0
358,4,170.3696311327758,0.33258,176.73198250287948,64.62735136165296,0.0,8.0,0.0,0.0,0.0,0.0,170.3696311327758,0.0,0.0,0.0,0.0
358,5,110.83285159718488,0.34958496,114.97183775641585,43.9979931329405,0.0,9.0,0.0,0.0,0.0,0.0,110.83285159718488,0.0,0.0,0.0,0.0
358,6,132.08087514540335,0.37006032,137.013355959962,55.238348433092185,0.0,8.0,0.0,0.0,0.0,0.0,132.08087514540335,0.0,0.0,0.0,0.0
358,7,0.0,0.49696128,0.0,0.0,0.0,0.0,0.0,0.0,0.0,0.0,0.0,0.0,0.0,0.0,0.0
358,8,0.0,0.5998008,0.0,0.0,0.0,0.0,0.0,0.0,0.0,0.0,0.0,0.0,0.0,0.0,0.0
358,9,0.0,0.6236308799999999,0.0,0.0,0.0,0.0,0.0,0.0,0.0,0.0,0.0,0.0,0.0,0.0,0.0
358,10,0.0,0.63612432,0.0,0.0,0.0,0.0,0.0,0.0,0.0,0.0,0.0,0.0,0.0,0.0,0.0
358,11,0.0,0.6237465600000001,0.0,0.0,0.0,0.0,0.0,0.0,0.0,0.0,0.0,0.0,0.0,0.0,0.0
358,12,0.0,0.60986496,0.0,0.0,0.0,0.0,0.0,0.0,0.0,0.0,0.0,0.0,0.0,0.0,0.0
358,13,0.0,0.58927392,0.0,0.0,0.0,0.0,0.0,0.0,0.0,0.0,0.0,0.0,0.0,0.0,0.0
358,14,0.0,0.57793728,0.0,0.0,0.0,0.0,0.0,0.0,0.0,0.0,0.0,0.0,0.0,0.0,0.0
358,15,0.0,0.57342576,0.0,0.0,0.0,0.0,0.0,0.0,0.0,0.0,0.0,0.0,0.0,0.0,0.0
358,16,0.0,0.5373336000000001,0.0,0.0,0.0,0.0,0.0,0.0,0.0,0.0,0.0,0.0,0.0,0.0,0.0
358,17,0.0,0.4575144,0.0,0.0,0.0,0.0,0.0,0.0,0.0,0.0,0.0,0.0,0.0,0.0,0.0
358,18,97.15599236237227,0.41344032,100.7842244422949,45.00421983341418,0.0,3.0,0.0,0.0,0.0,0.0,97.15599236237227,0.0,0.0,0.0,0.0
358,19,44.65812974036344,0.37549728,46.3258607265181,18.92862068651412,0.0,4.0,0.0,0.0,0.0,0.0,44.65812974036345,0.0,0.0,0.0,0.0
358,20,218.7282196531273,0.34692432,226.89649341610715,86.2261856208406,0.0,6.0,0.0,0.0,0.0,0.0,218.72821965312727,0.0,0.0,0.0,0.0
358,21,140.67915527739152,0.34692432,145.93273369024016,55.45798788637462,0.0,6.0,0.0,0.0,0.0,0.0,140.67915527739152,0.0,0.0,0.0,0.0
358,22,288.2666008509119,0.33524064,299.03174362127794,110.14554382577744,0.0,8.0,0.0,0.0,0.0,0.0,288.2666008509118,0.0,0.0,0.0,0.0
358,23,317.95832708280534,0.2730048,329.8322895049849,100.96324701246552,0.0,8.0,0.0,0.0,0.0,0.0,317.95832708280545,0.0,0.0,0.0,0.0
359,0,93.73354198458568,0.3886848,97.23396471430051,41.0118083602283,0.0,8.0,0.0,0.0,0.0,0.0,93.73354198458568,0.0,0.0,0.0,0.0
359,1,113.98225834748823,0.38995728,118.23885720693801,50.021809320275594,0.0,8.0,0.0,0.0,0.0,0.0,113.98225834748823,0.0,0.0,0.0,0.0
359,2,249.70551371065025,0.36578016,259.0306158824173,103.32217350807716,0.0,10.0,0.0,0.0,0.0,0.0,249.70551371065025,0.0,0.0,0.0,0.0
359,3,222.11668697583366,0.34704,230.4115010122756,87.58862799480646,0.0,9.0,0.0,0.0,0.0,0.0,222.11668697583366,0.0,0.0,0.0,0.0
359,4,335.01725670568317,0.3100224,347.5282745909577,119.24473564550843,0.0,10.0,0.0,0.0,0.0,0.0,335.01725670568317,0.0,0.0,0.0,0.0
359,5,262.3522708699142,0.25599984,272.14965857874915,78.67842275117101,0.0,10.0,0.0,0.0,0.0,0.0,262.3522708699142,0.0,0.0,0.0,0.0
359,6,432.3848624308858,0.23957328,448.53201496979864,122.30269570682408,0.0,11.0,0.0,0.0,0.0,0.0,432.3848624308858,0.0,0.0,0.0,0.0
359,7,157.28200062367915,0.32228448,163.1556023067211,57.98296888486088,0.0,8.0,0.0,0.0,0.0,0.0,157.28200062367915,0.0,0.0,0.0,0.0
359,8,190.57600402931277,0.3534024,197.69295023787635,76.40879973001978,0.0,9.0,0.0,0.0,0.0,0.0,190.57600402931277,0.0,0.0,0.0,0.0
359,9,200.00499150451955,0.36057456,207.47405757730246,81.60649473340057,1.5997883971774776,6.0,0.0,0.0,0.0,1.0,199.83171105340955,0.0,0.0,0.0,0.1732804511100099
359,10,59.413728346793675,0.3781579199999999,61.63249828505569,24.82614611395387,11.268577448767664,2.0,0.0,0.0,0.0,1.0,58.19317681189345,0.0,0.0,0.0,1.2205515349002276
359,11,0.0,0.3823224,0.0,0.0,0.0,0.0,0.0,0.0,0.0,0.0,0.0,0.0,0.0,0.0,0.0
359,12,0.0,0.37757952,0.0,0.0,0.0,0.0,0.0,0.0,0.0,0.0,0.0,0.0,0.0,0.0,0.0
359,13,0.0,0.37156416,0.0,0.0,0.0,0.0,0.0,0.0,0.0,0.0,0.0,0.0,0.0,0.0,0.0
359,14,5.224668420918775,0.3815126399999999,5.419780519625285,0.0,48.23604662466504,0.0,0.0,0.0,0.0,1.0,0.0,0.0,0.0,0.0,5.224668420918775
359,15,0.0,0.39076704,0.0,0.0,0.0,0.0,0.0,0.0,0.0,0.0,0.0,0.0,0.0,0.0,0.0
359,16,3.074256452025205,0.40476432,3.189062709569715,0.0,28.382658115170464,0.0,0.0,0.0,0.0,1.0,0.0,0.0,0.0,0.0,3.074256452025205
359,17,0.0,0.4486070399999999,0.0,0.0,0.0,0.0,0.0,0.0,0.0,0.0,0.0,0.0,0.0,0.0,0.0
359,18,112.79065974337558,0.43981536,117.00275906989171,55.332401926531105,0.0,3.0,0.0,0.0,0.0,0.0,112.79065974337558,0.0,0.0,0.0,0.0
359,19,102.60524357015282,0.4058054399999999,106.43697465783488,46.71576719446586,0.0,4.0,0.0,0.0,0.0,0.0,102.60524357015271,0.0,0.0,0.0,0.0
359,20,381.9800942636907,0.3870652799999999,396.2449110619198,166.48835400490663,0.0,10.0,0.0,0.0,0.0,0.0,381.9800942636907,0.0,0.0,0.0,0.0
359,21,184.2382621806781,0.3947001599999999,191.11852923306856,81.7605373848714,0.0,9.0,0.0,0.0,0.0,0.0,184.238262180678,0.0,0.0,0.0,0.0
359,22,90.12777581375221,0.40152528,93.49354337526165,40.634657467665235,0.0,8.0,0.0,0.0,0.0,0.0,90.12777581375221,0.0,0.0,0.0,0.0
359,23,249.3877378524607,0.38822208,258.7009728759966,108.99643199013848,0.0,10.0,0.0,0.0,0.0,0.0,249.3877378524607,0.0,0.0,0.0,0.0
360,0,310.53585183429806,0.35432784,322.1326263841267,124.8031476335292,0.0,11.0,0.0,0.0,0.0,0.0,310.53585183429806,0.0,0.0,0.0,0.0
360,1,433.36451661311065,0.3247137599999999,449.5482537480402,160.85455097502035,0.0,13.0,0.0,0.0,0.0,0.0,433.36451661311065,0.0,0.0,0.0,0.0
360,2,372.02058605069976,0.31569072,385.91347100695003,134.60303741021323,0.0,9.0,0.0,0.0,0.0,0.0,372.02058605069976,0.0,0.0,0.0,0.0
360,3,295.1582672922813,0.32934096,306.180775199462,110.97245409683723,0.0,10.0,0.0,0.0,0.0,0.0,295.1582672922814,0.0,0.0,0.0,0.0
360,4,295.8748497800659,0.358608,306.9241180291141,120.22463242494821,0.0,10.0,0.0,0.0,0.0,0.0,295.87484978006546,0.0,0.0,0.0,0.0
360,5,301.71405935292904,0.38775936,312.98138937025834,131.72114722227775,0.0,9.0,0.0,0.0,0.0,0.0,301.71405935292904,0.0,0.0,0.0,0.0
360,6,126.62467545264863,0.3915768,131.35339777245707,55.7827406351342,0.0,8.0,0.0,0.0,0.0,0.0,126.62467545264863,0.0,0.0,0.0,0.0
360,7,229.1256190106231,0.4239672,237.68217739691192,108.63672731270982,0.0,7.0,0.0,0.0,0.0,0.0,229.1256190106231,0.0,0.0,0.0,0.0
360,8,232.43095073323684,0.4516147199999999,241.1109447440217,116.87002407053393,0.0,12.0,0.0,0.0,0.0,0.0,232.43095073323684,0.0,0.0,0.0,0.0
360,9,158.14371473692398,0.5733100799999999,164.0494966150664,99.48126836630215,0.0,8.0,0.0,0.0,0.0,0.0,158.143714736924,0.0,0.0,0.0,0.0
360,10,87.86785043231058,0.5805979199999999,91.14922244015621,55.938088221141186,0.0,2.0,0.0,0.0,0.0,0.0,87.86785043231058,0.0,0.0,0.0,0.0
360,11,0.9480911871600526,0.57793728,0.9834970821162372,0.0,8.753124030834512,0.0,0.0,0.0,0.0,1.0,0.0,0.0,0.0,0.0,0.9480911871600526
360,12,0.0,0.56926128,0.0,0.0,0.0,0.0,0.0,0.0,0.0,0.0,0.0,0.0,0.0,0.0,0.0
360,13,0.0,0.52657536,0.0,0.0,0.0,0.0,0.0,0.0,0.0,0.0,0.0,0.0,0.0,0.0,0.0
360,14,2.6742561070122868,0.51003312,2.7741245923363973,0.0,24.689708871793936,0.0,0.0,0.0,0.0,1.0,0.0,0.0,0.0,0.0,2.6742561070122868
360,15,0.0,0.4956888,0.0,0.0,0.0,0.0,0.0,0.0,0.0,0.0,0.0,0.0,0.0,0.0,0.0
360,16,0.0,0.54901728,0.0,0.0,0.0,0.0,0.0,0.0,0.0,0.0,0.0,0.0,0.0,0.0,0.0
360,17,1.1325522876440601,0.61171584,1.1748467714150002,0.0,10.456136265593502,0.0,0.0,0.0,0.0,1.0,0.0,0.0,0.0,0.0,1.1325522876440601
360,18,134.69126468570872,0.6125256,139.72122892708373,90.2076022587858,0.0,4.0,0.0,0.0,0.0,0.0,134.69126468570724,0.0,0.0,0.0,0.0
360,19,166.07493478696765,0.57169056,172.27690330598304,104.19144482549135,0.0,5.0,0.0,0.0,0.0,0.0,166.07493478696765,0.0,0.0,0.0,0.0
360,20,176.1663726831872,0.48620304,182.74519987882493,94.9001378424814,0.0,7.0,0.0,0.0,0.0,0.0,176.16637268318698,0.0,0.0,0.0,0.0
360,21,249.79045022829774,0.47151168,259.1187243032134,130.75433479010138,0.0,9.0,0.0,0.0,0.0,0.0,249.79045022829774,0.0,0.0,0.0,0.0
360,22,359.12521893591884,0.43854288,372.5365341658908,175.7042038792192,0.0,9.0,0.0,0.0,0.0,0.0,359.12521893591884,0.0,0.0,0.0,0.0
360,23,260.95722652693996,0.393312,270.7025171441286,115.43080174046217,0.0,9.0,0.0,0.0,0.0,0.0,260.95722652693996,0.0,0.0,0.0,0.0
361,0,386.1433867703847,0.40615248,400.56367922239076,175.94858949635963,0.0,14.0,0.0,0.0,0.0,0.0,386.1433867703847,0.0,0.0,0.0,0.0
361,1,394.6386962890682,0.3597648,409.37624096376373,160.82951503098084,0.0,10.0,0.0,0.0,0.0,0.0,394.63869628906764,0.0,0.0,0.0,0.0
361,2,453.39373765858335,0.35490624,470.32545400267986,182.4892109838728,0.0,11.0,0.0,0.0,0.0,0.0,453.39373765858335,0.0,0.0,0.0,0.0
361,3,317.51492813188247,0.35837664,329.37233208701497,128.94157387438884,0.0,11.0,0.0,0.0,0.0,0.0,317.5149281318824,0.0,0.0,0.0,0.0
361,4,431.44827124980935,0.3765384,447.56044735457397,183.33794555761196,0.0,13.0,0.0,0.0,0.0,0.0,431.44827124980924,0.0,0.0,0.0,0.0
361,5,268.97886937605983,0.39134544,279.0237234191493,118.4303470570791,0.0,11.0,0.0,0.0,0.0,0.0,268.9788693760599,0.0,0.0,0.0,0.0
361,6,275.57307870288014,0.42246336,285.86418952580925,130.22925068405448,0.0,11.0,0.0,0.0,0.0,0.0,275.57307870288014,0.0,0.0,0.0,0.0
361,7,0.0,0.6351988799999999,0.0,0.0,0.0,0.0,0.0,0.0,0.0,0.0,0.0,0.0,0.0,0.0,0.0
361,8,0.0,0.8990649599999999,0.0,0.0,0.0,0.0,0.0,0.0,0.0,0.0,0.0,0.0,0.0,0.0,0.0
361,9,4.595506894788102,0.9005688,4.76712333484243,0.0,42.42739768009763,1.0,0.0,0.0,0.0,1.0,0.0,0.0,0.0,0.0,4.595506894788102
361,10,0.0,0.84897552,0.0,0.0,0.0,0.0,0.0,0.0,0.0,0.0,0.0,0.0,0.0,0.0,0.0
361,11,1.591321655958879,0.83914272,1.6507486057664722,0.0,14.691662591321602,0.0,0.0,0.0,0.0,1.0,0.0,0.0,0.0,0.0,1.591321655958879
361,12,0.0,0.83312736,0.0,0.0,0.0,0.0,0.0,0.0,0.0,0.0,0.0,0.0,0.0,0.0,0.0
361,13,2.4511635313580236,0.8184359999999999,2.5427007586701493,0.0,22.63003675216433,0.0,0.0,0.0,0.0,1.0,0.0,0.0,0.0,0.0,2.4511635313580236
361,14,0.0,0.8475873599999999,0.0,0.0,0.0,0.0,0.0,0.0,0.0,0.0,0.0,0.0,0.0,0.0,0.0
361,15,4.138703234961298,0.8980238399999999,4.2932606171797705,0.0,38.21001949289996,0.0,0.0,0.0,0.0,1.0,0.0,0.0,0.0,0.0,4.138703234961298
361,16,0.3500593798954891,0.92277936,0.3631321368210468,0.0,3.2318760177073167,0.0,0.0,0.0,0.0,1.0,0.0,0.0,0.0,0.0,0.3500593798954891
361,17,0.4167623804489615,0.92914176,0.43232612079767796,0.0,3.847702475099334,0.0,0.0,0.0,0.0,1.0,0.0,0.0,0.0,0.0,0.4167623804489615
361,18,0.0,0.8600808,0.0,0.0,0.0,0.0,0.0,0.0,0.0,0.0,0.0,0.0,0.0,0.0,0.0
361,19,0.0,0.7501847999999999,0.0,0.0,0.0,0.0,0.0,0.0,0.0,0.0,0.0,0.0,0.0,0.0,0.0
361,20,250.4058280253592,0.63311664,259.7570830138581,173.05449106169362,0.0,7.0,0.0,0.0,0.0,0.0,250.40582802535886,0.0,0.0,0.0,0.0
361,21,389.21941311409535,0.4269748799999999,403.7545779191861,185.75733898562015,0.0,9.0,0.0,0.0,0.0,0.0,389.2194131140953,0.0,0.0,0.0,0.0
361,22,192.73441031229748,0.38544576,199.931960904873,83.68067452522035,0.0,7.0,0.0,0.0,0.0,0.0,192.73441031229748,0.0,0.0,0.0,0.0
361,23,353.91436242012696,0.3638136,367.1310813486794,145.71931916999722,0.0,11.0,0.0,0.0,0.0,0.0,353.91436242012685,0.0,0.0,0.0,0.0
362,0,306.05466466103064,0.3481968,317.4840919720235,121.05566831983828,0.0,8.0,0.0,0.0,0.0,0.0,306.0546646610301,0.0,0.0,0.0,0.0
362,1,382.9130072196639,0.3450734399999999,397.21266309093767,150.2152792126609,0.0,12.0,0.0,0.0,0.0,0.0,382.91300721966314,0.0,0.0,0.0,0.0
362,2,501.6092800636094,0.3208963199999999,520.3415768294703,184.1990033406298,0.0,13.0,0.0,0.0,0.0,0.0,501.60928006360894,0.0,0.0,0.0,0.0
362,3,371.66570239277064,0.2932488,385.5453344323347,125.82225723759112,0.0,9.0,0.0,0.0,0.0,0.0,371.66570239277064,0.0,0.0,0.0,0.0
362,4,495.76388019644816,0.34704,514.2778840212119,195.4975948318235,0.0,14.0,0.0,0.0,0.0,0.0,495.7638801964478,0.0,0.0,0.0,0.0
362,5,121.09465220904127,0.3857928,125.61685913800962,52.619997851526435,0.0,8.0,0.0,0.0,0.0,0.0,121.09465220904127,0.0,0.0,0.0,0.0
362,6,204.96884341906625,0.42234768,212.62328155504798,96.8387802982334,0.0,9.0,0.0,0.0,0.0,0.0,204.96884341906556,0.0,0.0,0.0,0.0
362,7,249.03364516806025,0.44987952,258.33365681334055,124.76986556755193,0.0,9.0,0.0,0.0,0.0,0.0,249.03364516806025,0.0,0.0,0.0,0.0
362,8,103.73911230761293,0.48735984,107.61318704109225,56.00834210929695,0.0,8.0,0.0,0.0,0.0,0.0,103.73911230761293,0.0,0.0,0.0,0.0
362,9,138.57168762943974,0.4621416,143.7465639309541,71.18927831566799,0.0,5.0,0.0,0.0,0.0,0.0,138.57168762943974,0.0,0.0,0.0,0.0
362,10,28.846536934554898,0.44964816,29.923793500575623,13.536050498955953,16.769595160415133,1.0,0.0,0.0,0.0,1.0,27.030144829539147,0.0,0.0,0.0,1.8163921050157512
362,11,3.6207262849487662,0.4349568,3.755940129614903,0.0,33.42786715357264,0.0,0.0,0.0,0.0,1.0,0.0,0.0,0.0,0.0,3.6207262849487662
362,12,0.3014391766145508,0.4332216,0.3126962413014012,0.0,2.782996547582471,0.0,0.0,0.0,0.0,1.0,0.0,0.0,0.0,0.0,0.3014391766145508
362,13,0.0,0.45358128,0.0,0.0,0.0,0.0,0.0,0.0,0.0,0.0,0.0,0.0,0.0,0.0,0.0
362,14,0.0,0.4580928,0.0,0.0,0.0,0.0,0.0,0.0,0.0,0.0,0.0,0.0,0.0,0.0,0.0
362,15,0.0,0.4719744,0.0,0.0,0.0,0.0,0.0,0.0,0.0,0.0,0.0,0.0,0.0,0.0,0.0
362,16,0.0,0.47810544,0.0,0.0,0.0,0.0,0.0,0.0,0.0,0.0,0.0,0.0,0.0,0.0,0.0
362,17,0.0,0.54172944,0.0,0.0,0.0,0.0,0.0,0.0,0.0,0.0,0.0,0.0,0.0,0.0,0.0
362,18,0.0,0.5309712,0.0,0.0,0.0,0.0,0.0,0.0,0.0,0.0,0.0,0.0,0.0,0.0,0.0
362,19,140.0414127605452,0.4569359999999999,145.27117506280624,71.18810554307731,0.0,4.0,0.0,0.0,0.0,0.0,140.0414127605451,0.0,0.0,0.0,0.0
362,20,241.24018907971575,0.4244299199999999,250.24915879638567,114.49647760417761,0.0,8.0,0.0,0.0,0.0,0.0,241.24018907971575,0.0,0.0,0.0,0.0
362,21,218.75014457603493,0.3889161599999999,226.91923711206945,95.76358507616501,0.0,5.0,0.0,0.0,0.0,0.0,218.75014457603493,0.0,0.0,0.0,0.0
362,22,279.19319123871446,0.3582609599999999,289.61949298621835,113.34576280979965,0.0,8.0,0.0,0.0,0.0,0.0,279.19319123871446,0.0,0.0,0.0,0.0
362,23,295.23643145970675,0.29810736,306.2618583606917,101.43618157633861,0.0,9.0,0.0,0.0,0.0,0.0,295.2364314597066,0.0,0.0,0.0,0.0
363,0,269.0701575237537,0.27219504,279.11842066779434,85.2134694025111,0.0,9.0,0.0,0.0,0.0,0.0,269.0701575237536,0.0,0.0,0.0,0.0
363,1,328.4339356768623,0.24096144,340.6991033992348,93.37248688430317,0.0,10.0,0.0,0.0,0.0,0.0,328.4339356768623,0.0,0.0,0.0,0.0
363,2,331.4391289807077,0.23147568,343.81652383890844,90.9654905899154,0.0,8.0,0.0,0.0,0.0,0.0,331.43912898070766,0.0,0.0,0.0,0.0
363,3,481.1423778797507,0.2180568,499.1103504976668,125.3549584778724,0.0,13.0,0.0,0.0,0.0,0.0,481.1423778797504,0.0,0.0,0.0,0.0
363,4,557.1458904990276,0.2330952,577.9521685674562,153.84809310224767,0.0,14.0,0.0,0.0,0.0,0.0,557.1458904990276,0.0,0.0,0.0,0.0
363,5,339.17370466338105,0.24269664,351.83994259686824,97.03627398600915,0.0,11.0,0.0,0.0,0.0,0.0,339.17370466338105,0.0,0.0,0.0,0.0
363,6,149.03281783745382,0.2857296,154.5983587525455,49.29053288173057,0.0,10.0,0.0,0.0,0.0,0.0,149.03281783745385,0.0,0.0,0.0,0.0
363,7,207.60897068892908,0.36057456,215.36200278934552,84.78254168881438,0.0,9.0,0.0,0.0,0.0,0.0,207.60897068892908,0.0,0.0,0.0,0.0
363,8,33.19656577305286,0.37260528,34.436271548810026,13.970977190866005,0.0,7.0,0.0,0.0,0.0,0.0,33.19656577305287,0.0,0.0,0.0,0.0
363,9,87.16213754852885,0.37167984,90.41715513332869,36.59904158812397,0.0,2.0,0.0,0.0,0.0,0.0,87.16213754852885,0.0,0.0,0.0,0.0
363,10,60.86374754190538,0.36982896,63.13666757459065,25.439591803695535,0.0,1.0,0.0,0.0,0.0,0.0,60.86374754190538,0.0,0.0,0.0,0.0
363,11,0.0,0.3781579199999999,0.0,0.0,0.0,0.0,0.0,0.0,0.0,0.0,0.0,0.0,0.0,0.0,0.0
363,12,0.0,0.37260528,0.0,0.0,0.0,0.0,0.0,0.0,0.0,0.0,0.0,0.0,0.0,0.0,0.0
363,13,0.0,0.35583168,0.0,0.0,0.0,0.0,0.0,0.0,0.0,0.0,0.0,0.0,0.0,0.0,0.0
363,14,0.0,0.3574511999999999,0.0,0.0,0.0,0.0,0.0,0.0,0.0,0.0,0.0,0.0,0.0,0.0,0.0
363,15,0.0,0.3545591999999999,0.0,0.0,0.0,0.0,0.0,0.0,0.0,0.0,0.0,0.0,0.0,0.0,0.0
363,16,0.0,0.38197536,0.0,0.0,0.0,0.0,0.0,0.0,0.0,0.0,0.0,0.0,0.0,0.0,0.0
363,17,0.0,0.41494416,0.0,0.0,0.0,0.0,0.0,0.0,0.0,0.0,0.0,0.0,0.0,0.0,0.0
363,18,100.94760152940535,0.3947001599999999,104.7174289724122,44.79813286918656,0.0,3.0,0.0,0.0,0.0,0.0,100.94760152940535,0.0,0.0,0.0,0.0
363,19,230.25770588064952,0.35583168,238.85654136996843,92.89887591401131,0.0,6.0,0.0,0.0,0.0,0.0,230.25770588064927,0.0,0.0,0.0,0.0
363,20,173.11800911109836,0.34727136,179.58299700321407,68.30822880298847,0.0,6.0,0.0,0.0,0.0,0.0,173.11800911109836,0.0,0.0,0.0,0.0
363,21,263.58426569728124,0.32540784,273.4276615117025,98.02596032481162,0.0,7.0,0.0,0.0,0.0,0.0,263.5842656972812,0.0,0.0,0.0,0.0
363,22,192.79067298553295,0.29313312,199.9903246737894,65.2434675881433,0.0,5.0,0.0,0.0,0.0,0.0,192.79067298553292,0.0,0.0,0.0,0.0
363,23,380.37201594860863,0.2238408,394.57678002967714,101.38287352224926,0.0,10.0,0.0,0.0,0.0,0.0,380.37201594860863,0.0,0.0,0.0,0.0
364,0,199.89652003579056,0.24107712,207.36153530683674,56.853788549206804,0.0,9.0,0.0,0.0,0.0,0.0,199.89652003579056,0.0,0.0,0.0,0.0
364,1,234.63784398694156,0.23101296,243.40025309848707,64.28516131059061,0.0,8.0,0.0,0.0,0.0,0.0,234.63784398694145,0.0,0.0,0.0,0.0
364,2,274.58692687493055,0.20903376,284.84121045117286,68.96967328949377,0.0,8.0,0.0,0.0,0.0,0.0,274.5869268749303,0.0,0.0,0.0,0.0
364,3,374.93039147184084,0.20961216,388.9319413608308,94.39851158068059,0.0,11.0,0.0,0.0,0.0,0.0,374.9303914718407,0.0,0.0,0.0,0.0
364,4,427.0532288236051,0.20903376,443.0012747132833,107.2655643311202,0.0,11.0,0.0,0.0,0.0,0.0,427.05322882360485,0.0,0.0,0.0,0.0
364,5,171.98714377958743,0.2330952,178.409900186294,47.491859062070574,0.0,9.0,0.0,0.0,0.0,0.0,171.9871437795874,0.0,0.0,0.0,0.0
364,6,293.6329984640096,0.25472736,304.59854612449135,87.67179539085059,0.0,11.0,0.0,0.0,0.0,0.0,293.6329984640096,0.0,0.0,0.0,0.0
364,7,69.13177587457086,0.29255472,71.71346045079966,23.35382688333624,0.0,8.0,0.0,0.0,0.0,0.0,69.13177587457086,0.0,0.0,0.0,0.0
364,8,155.26814239682614,0.33327408,161.06653775604372,59.01060458915578,0.0,7.0,0.0,0.0,0.0,0.0,155.2681423968261,0.0,0.0,0.0,0.0
364,9,84.62884500872258,0.4133246399999999,87.78925830780352,39.19128803592818,0.0,7.0,0.0,0.0,0.0,0.0,84.62884500872258,0.0,0.0,0.0,0.0
364,10,28.35194415382402,0.45358128,29.41073045002492,14.313651941153104,0.0,1.0,0.0,0.0,0.0,0.0,28.35194415382402,0.0,0.0,0.0,0.0
364,11,0.0,0.45855552,0.0,0.0,0.0,0.0,0.0,0.0,0.0,0.0,0.0,0.0,0.0,0.0,0.0
364,12,0.0,0.42084384,0.0,0.0,0.0,0.0,0.0,0.0,0.0,0.0,0.0,0.0,0.0,0.0,0.0
364,13,0.0,0.384636,0.0,0.0,0.0,0.0,0.0,0.0,0.0,0.0,0.0,0.0,0.0,0.0,0.0
364,14,0.0,0.48631872,0.0,0.0,0.0,0.0,0.0,0.0,0.0,0.0,0.0,0.0,0.0,0.0,0.0
364,15,0.0,0.6507,0.0,0.0,0.0,0.0,0.0,0.0,0.0,0.0,0.0,0.0,0.0,0.0,0.0
364,16,0.0,0.8096443199999999,0.0,0.0,0.0,0.0,0.0,0.0,0.0,0.0,0.0,0.0,0.0,0.0,0.0
364,17,0.0,0.92451456,0.0,0.0,0.0,0.0,0.0,0.0,0.0,0.0,0.0,0.0,0.0,0.0,0.0
364,18,0.0,0.92532432,0.0,0.0,0.0,0.0,0.0,0.0,0.0,0.0,0.0,0.0,0.0,0.0,0.0
364,19,0.0,0.8223691200000001,0.0,0.0,0.0,0.0,0.0,0.0,0.0,0.0,0.0,0.0,0.0,0.0,0.0
364,20,0.0,0.71733168,0.0,0.0,0.0,0.0,0.0,0.0,0.0,0.0,0.0,0.0,0.0,0.0,0.0
364,21,0.0,0.63785952,0.0,0.0,0.0,0.0,0.0,0.0,0.0,0.0,0.0,0.0,0.0,0.0,0.0
364,22,0.0,0.5795568,0.0,0.0,0.0,0.0,0.0,0.0,0.0,0.0,0.0,0.0,0.0,0.0,0.0
364,23,0.0,0.50008464,0.0,0.0,0.0,0.0,0.0,0.0,0.0,0.0,0.0,0.0,0.0,0.0,0.0
365,0,0.0,0.51905616,0.0,0.0,0.0,0.0,0.0,0.0,0.0,0.0,0.0,0.0,0.0,0.0,0.0
365,1,0.0,0.47070192,0.0,0.0,0.0,0.0,0.0,0.0,0.0,0.0,0.0,0.0,0.0,0.0,0.0
365,2,0.0,0.4724371200000001,0.0,0.0,0.0,0.0,0.0,0.0,0.0,0.0,0.0,0.0,0.0,0.0,0.0
365,3,72.174490523917,0.46225728,74.86980344804668,37.08730219015902,0.0,3.0,0.0,0.0,0.0,0.0,72.174490523917,0.0,0.0,0.0,0.0
365,4,56.49218471541542,0.44120352,58.601851364538824,27.79506438071757,0.0,1.0,0.0,0.0,0.0,0.0,56.492184715415426,0.0,0.0,0.0,0.0
365,5,232.41329452450452,0.4542753599999999,241.09262917479725,117.50260693741328,0.0,7.0,0.0,0.0,0.0,0.0,232.41329452450418,0.0,0.0,0.0,0.0
365,6,0.0,0.46283568,0.0,0.0,0.0,0.0,0.0,0.0,0.0,0.0,0.0,0.0,0.0,0.0,0.0
365,7,0.0,0.50980176,0.0,0.0,0.0,0.0,0.0,0.0,0.0,0.0,0.0,0.0,0.0,0.0,0.0
365,8,0.0,0.5580403199999999,0.0,0.0,0.0,0.0,0.0,0.0,0.0,0.0,0.0,0.0,0.0,0.0,0.0
365,9,0.0,0.5160484799999999,0.0,0.0,0.0,0.0,0.0,0.0,0.0,0.0,0.0,0.0,0.0,0.0,0.0
365,10,0.0,0.488748,0.0,0.0,0.0,0.0,0.0,0.0,0.0,0.0,0.0,0.0,0.0,0.0,0.0
365,11,0.0,0.50228256,0.0,0.0,0.0,0.0,0.0,0.0,0.0,0.0,0.0,0.0,0.0,0.0,0.0
365,12,0.0,0.49476336,0.0,0.0,0.0,0.0,0.0,0.0,0.0,0.0,0.0,0.0,0.0,0.0,0.0
365,13,0.0,0.50390208,0.0,0.0,0.0,0.0,0.0,0.0,0.0,0.0,0.0,0.0,0.0,0.0,0.0
365,14,0.0,0.47903088,0.0,0.0,0.0,0.0,0.0,0.0,0.0,0.0,0.0,0.0,0.0,0.0,0.0
365,15,0.0,0.52715376,0.0,0.0,0.0,0.0,0.0,0.0,0.0,0.0,0.0,0.0,0.0,0.0,0.0
365,16,0.0,0.58615056,0.0,0.0,0.0,0.0,0.0,0.0,0.0,0.0,0.0,0.0,0.0,0.0,0.0
365,17,0.0,0.5784,0.0,0.0,0.0,0.0,0.0,0.0,0.0,0.0,0.0,0.0,0.0,0.0,0.0
365,18,0.0,0.5246088,0.0,0.0,0.0,0.0,0.0,0.0,0.0,0.0,0.0,0.0,0.0,0.0,0.0
365,19,0.0,0.45855552,0.0,0.0,0.0,0.0,0.0,0.0,0.0,0.0,0.0,0.0,0.0,0.0,0.0
365,20,0.0,0.40360752,0.0,0.0,0.0,0.0,0.0,0.0,0.0,0.0,0.0,0.0,0.0,0.0,0.0
365,21,0.0,0.3424128,0.0,0.0,0.0,0.0,0.0,0.0,0.0,0.0,0.0,0.0,0.0,0.0,0.0
365,22,0.0,0.33165456,0.0,0.0,0.0,0.0,0.0,0.0,0.0,0.0,0.0,0.0,0.0,0.0,0.0
365,23,0.0,0.3108321599999999,0.0,0.0,0.0,0.0,0.0,0.0,0.0,0.0,0.0,0.0,0.0,0.0,0.0
